GRID_TYPE,GAME_ID,GAME_EVENT_ID,PLAYER_ID,PLAYER_NAME,TEAM_ID,TEAM_NAME,PERIOD,MINUTES_REMAINING,SECONDS_REMAINING,EVENT_TYPE,ACTION_TYPE,SHOT_TYPE,SHOT_ZONE_BASIC,SHOT_ZONE_AREA,SHOT_ZONE_RANGE,SHOT_DISTANCE,LOC_X,LOC_Y,SHOT_ATTEMPTED_FLAG,SHOT_MADE_FLAG,GAME_DATE,HTM,VTM
Shot Chart Detail,0021000006,72,101150,Lou Williams,1610612755,Philadelphia 76ers,1,4,28,Missed Shot,Jump Shot,2PT Field Goal,Mid-Range,Left Side(L),16-24 ft.,21.0,-179.0,116.0,1,0,20101027,PHI,MIA
Shot Chart Detail,0021000006,120,101150,Lou Williams,1610612755,Philadelphia 76ers,1,0,4,Missed Shot,Jump Shot,3PT Field Goal,Right Corner 3,Right Side(R),24+ ft.,23.0,234.0,-27.0,1,0,20101027,PHI,MIA
Shot Chart Detail,0021000006,154,101150,Lou Williams,1610612755,Philadelphia 76ers,2,9,55,Missed Shot,Jump Shot,3PT Field Goal,Above the Break 3,Left Side Center(LC),24+ ft.,26.0,-161.0,205.0,1,0,20101027,PHI,MIA
Shot Chart Detail,0021000006,224,101150,Lou Williams,1610612755,Philadelphia 76ers,2,4,40,Made Shot,Pullup Jump shot,2PT Field Goal,In The Paint (Non-RA),Center(C),Less Than 8 ft.,5.0,9.0,53.0,1,1,20101027,PHI,MIA
Shot Chart Detail,0021000006,258,101150,Lou Williams,1610612755,Philadelphia 76ers,2,2,13,Made Shot,Jump Shot,3PT Field Goal,Above the Break 3,Left Side Center(LC),24+ ft.,26.0,-142.0,224.0,1,1,20101027,PHI,MIA
Shot Chart Detail,0021000006,263,101150,Lou Williams,1610612755,Philadelphia 76ers,2,1,27,Missed Shot,Jump Shot,2PT Field Goal,Mid-Range,Center(C),16-24 ft.,20.0,-37.0,197.0,1,0,20101027,PHI,MIA
Shot Chart Detail,0021000006,277,101150,Lou Williams,1610612755,Philadelphia 76ers,2,0,30,Made Shot,Floating Jump shot,2PT Field Goal,In The Paint (Non-RA),Center(C),Less Than 8 ft.,7.0,32.0,66.0,1,1,20101027,PHI,MIA
Shot Chart Detail,0021000006,338,101150,Lou Williams,1610612755,Philadelphia 76ers,3,6,43,Missed Shot,Layup Shot,2PT Field Goal,Restricted Area,Center(C),Less Than 8 ft.,1.0,9.0,14.0,1,0,20101027,PHI,MIA
Shot Chart Detail,0021000006,363,101150,Lou Williams,1610612755,Philadelphia 76ers,3,4,19,Missed Shot,Jump Shot,3PT Field Goal,Above the Break 3,Center(C),24+ ft.,26.0,29.0,268.0,1,0,20101027,PHI,MIA
Shot Chart Detail,0021000006,373,101150,Lou Williams,1610612755,Philadelphia 76ers,3,3,10,Missed Shot,Layup Shot,2PT Field Goal,Restricted Area,Center(C),Less Than 8 ft.,2.0,4.0,20.0,1,0,20101027,PHI,MIA
Shot Chart Detail,0021000006,380,101150,Lou Williams,1610612755,Philadelphia 76ers,3,2,31,Missed Shot,Jump Shot,3PT Field Goal,Above the Break 3,Right Side Center(RC),24+ ft.,26.0,214.0,148.0,1,0,20101027,PHI,MIA
Shot Chart Detail,0021000006,402,101150,Lou Williams,1610612755,Philadelphia 76ers,3,0,3,Missed Shot,Jump Shot,2PT Field Goal,Mid-Range,Center(C),16-24 ft.,19.0,-51.0,187.0,1,0,20101027,PHI,MIA
Shot Chart Detail,0021000006,415,101150,Lou Williams,1610612755,Philadelphia 76ers,4,10,25,Made Shot,Jump Shot,3PT Field Goal,Above the Break 3,Left Side Center(LC),24+ ft.,25.0,-146.0,214.0,1,1,20101027,PHI,MIA
Shot Chart Detail,0021000006,465,101150,Lou Williams,1610612755,Philadelphia 76ers,4,4,38,Made Shot,Jump Shot,3PT Field Goal,Above the Break 3,Left Side Center(LC),24+ ft.,25.0,-92.0,242.0,1,1,20101027,PHI,MIA
Shot Chart Detail,0021000021,104,101150,Lou Williams,1610612755,Philadelphia 76ers,1,0,47,Made Shot,Driving Finger Roll Layup Shot,2PT Field Goal,Restricted Area,Center(C),Less Than 8 ft.,1.0,-5.0,12.0,1,1,20101029,PHI,ATL
Shot Chart Detail,0021000021,216,101150,Lou Williams,1610612755,Philadelphia 76ers,2,3,39,Made Shot,Fadeaway Jump Shot,2PT Field Goal,Mid-Range,Left Side(L),8-16 ft.,14.0,-122.0,78.0,1,1,20101029,PHI,ATL
Shot Chart Detail,0021000021,358,101150,Lou Williams,1610612755,Philadelphia 76ers,3,2,16,Missed Shot,Jump Shot,2PT Field Goal,In The Paint (Non-RA),Center(C),8-16 ft.,14.0,-51.0,134.0,1,0,20101029,PHI,ATL
Shot Chart Detail,0021000021,403,101150,Lou Williams,1610612755,Philadelphia 76ers,4,10,54,Missed Shot,Jump Shot,2PT Field Goal,Mid-Range,Right Side Center(RC),16-24 ft.,21.0,127.0,176.0,1,0,20101029,PHI,ATL
Shot Chart Detail,0021000021,410,101150,Lou Williams,1610612755,Philadelphia 76ers,4,10,30,Missed Shot,Jump Shot,2PT Field Goal,Mid-Range,Right Side(R),16-24 ft.,19.0,195.0,14.0,1,0,20101029,PHI,ATL
Shot Chart Detail,0021000021,505,101150,Lou Williams,1610612755,Philadelphia 76ers,4,1,7,Missed Shot,Layup Shot,2PT Field Goal,Restricted Area,Center(C),Less Than 8 ft.,2.0,-10.0,28.0,1,0,20101029,PHI,ATL
Shot Chart Detail,0021000034,106,101150,Lou Williams,1610612755,Philadelphia 76ers,1,2,45,Made Shot,Pullup Jump shot,2PT Field Goal,Mid-Range,Left Side Center(LC),16-24 ft.,17.0,-65.0,165.0,1,1,20101030,IND,PHI
Shot Chart Detail,0021000034,125,101150,Lou Williams,1610612755,Philadelphia 76ers,1,1,15,Made Shot,Driving Finger Roll Layup Shot,2PT Field Goal,Restricted Area,Center(C),Less Than 8 ft.,1.0,12.0,1.0,1,1,20101030,IND,PHI
Shot Chart Detail,0021000034,130,101150,Lou Williams,1610612755,Philadelphia 76ers,1,0,36,Made Shot,Jump Shot,3PT Field Goal,Above the Break 3,Left Side Center(LC),24+ ft.,25.0,-105.0,233.0,1,1,20101030,IND,PHI
Shot Chart Detail,0021000034,162,101150,Lou Williams,1610612755,Philadelphia 76ers,2,9,52,Made Shot,Pullup Jump shot,2PT Field Goal,Mid-Range,Center(C),16-24 ft.,18.0,-27.0,183.0,1,1,20101030,IND,PHI
Shot Chart Detail,0021000034,170,101150,Lou Williams,1610612755,Philadelphia 76ers,2,8,45,Made Shot,Jump Shot,3PT Field Goal,Right Corner 3,Right Side(R),24+ ft.,24.0,247.0,20.0,1,1,20101030,IND,PHI
Shot Chart Detail,0021000034,200,101150,Lou Williams,1610612755,Philadelphia 76ers,2,5,44,Made Shot,Jump Shot,2PT Field Goal,In The Paint (Non-RA),Center(C),Less Than 8 ft.,7.0,70.0,30.0,1,1,20101030,IND,PHI
Shot Chart Detail,0021000034,205,101150,Lou Williams,1610612755,Philadelphia 76ers,2,4,23,Made Shot,Finger Roll Layup Shot,2PT Field Goal,Restricted Area,Center(C),Less Than 8 ft.,1.0,-10.0,0.0,1,1,20101030,IND,PHI
Shot Chart Detail,0021000034,351,101150,Lou Williams,1610612755,Philadelphia 76ers,3,4,40,Missed Shot,Jump Shot,2PT Field Goal,Mid-Range,Left Side Center(LC),16-24 ft.,18.0,-147.0,107.0,1,0,20101030,IND,PHI
Shot Chart Detail,0021000048,96,101150,Lou Williams,1610612755,Philadelphia 76ers,1,3,38,Missed Shot,Jump Shot,2PT Field Goal,Mid-Range,Left Side(L),16-24 ft.,16.0,-169.0,14.0,1,0,20101102,WAS,PHI
Shot Chart Detail,0021000048,145,101150,Lou Williams,1610612755,Philadelphia 76ers,1,0,27,Missed Shot,Jump Shot,2PT Field Goal,In The Paint (Non-RA),Center(C),Less Than 8 ft.,5.0,40.0,41.0,1,0,20101102,WAS,PHI
Shot Chart Detail,0021000048,148,101150,Lou Williams,1610612755,Philadelphia 76ers,1,0,1,Missed Shot,Jump Shot,2PT Field Goal,Mid-Range,Center(C),16-24 ft.,21.0,23.0,214.0,1,0,20101102,WAS,PHI
Shot Chart Detail,0021000048,157,101150,Lou Williams,1610612755,Philadelphia 76ers,2,11,2,Missed Shot,Jump Shot,3PT Field Goal,Above the Break 3,Left Side Center(LC),24+ ft.,26.0,-149.0,217.0,1,0,20101102,WAS,PHI
Shot Chart Detail,0021000048,263,101150,Lou Williams,1610612755,Philadelphia 76ers,2,1,43,Missed Shot,Jump Shot,3PT Field Goal,Above the Break 3,Right Side Center(RC),24+ ft.,25.0,203.0,149.0,1,0,20101102,WAS,PHI
Shot Chart Detail,0021000048,265,101150,Lou Williams,1610612755,Philadelphia 76ers,2,1,25,Missed Shot,Layup Shot,2PT Field Goal,Restricted Area,Center(C),Less Than 8 ft.,1.0,-16.0,6.0,1,0,20101102,WAS,PHI
Shot Chart Detail,0021000048,275,101150,Lou Williams,1610612755,Philadelphia 76ers,2,0,26,Missed Shot,Jump Shot,2PT Field Goal,Mid-Range,Right Side(R),16-24 ft.,20.0,196.0,52.0,1,0,20101102,WAS,PHI
Shot Chart Detail,0021000048,383,101150,Lou Williams,1610612755,Philadelphia 76ers,3,1,33,Made Shot,Fadeaway Jump Shot,3PT Field Goal,Above the Break 3,Center(C),24+ ft.,25.0,6.0,255.0,1,1,20101102,WAS,PHI
Shot Chart Detail,0021000048,386,101150,Lou Williams,1610612755,Philadelphia 76ers,3,1,0,Missed Shot,Jump Shot,3PT Field Goal,Above the Break 3,Right Side Center(RC),24+ ft.,27.0,230.0,143.0,1,0,20101102,WAS,PHI
Shot Chart Detail,0021000048,392,101150,Lou Williams,1610612755,Philadelphia 76ers,3,0,29,Made Shot,Layup Shot,2PT Field Goal,Restricted Area,Center(C),Less Than 8 ft.,1.0,-2.0,12.0,1,1,20101102,WAS,PHI
Shot Chart Detail,0021000048,396,101150,Lou Williams,1610612755,Philadelphia 76ers,3,0,0,Missed Shot,Jump Shot,3PT Field Goal,Above the Break 3,Center(C),24+ ft.,25.0,39.0,250.0,1,0,20101102,WAS,PHI
Shot Chart Detail,0021000048,429,101150,Lou Williams,1610612755,Philadelphia 76ers,4,8,48,Made Shot,Driving Layup Shot,2PT Field Goal,Restricted Area,Center(C),Less Than 8 ft.,0.0,-2.0,6.0,1,1,20101102,WAS,PHI
Shot Chart Detail,0021000048,441,101150,Lou Williams,1610612755,Philadelphia 76ers,4,7,37,Made Shot,Driving Layup Shot,2PT Field Goal,Restricted Area,Center(C),Less Than 8 ft.,1.0,12.0,4.0,1,1,20101102,WAS,PHI
Shot Chart Detail,0021000048,460,101150,Lou Williams,1610612755,Philadelphia 76ers,4,6,47,Made Shot,Jump Shot,3PT Field Goal,Above the Break 3,Left Side Center(LC),24+ ft.,26.0,-218.0,143.0,1,1,20101102,WAS,PHI
Shot Chart Detail,0021000048,486,101150,Lou Williams,1610612755,Philadelphia 76ers,4,3,39,Missed Shot,Layup Shot,2PT Field Goal,Restricted Area,Center(C),Less Than 8 ft.,0.0,-4.0,6.0,1,0,20101102,WAS,PHI
Shot Chart Detail,0021000048,504,101150,Lou Williams,1610612755,Philadelphia 76ers,4,2,12,Made Shot,Jump Shot,3PT Field Goal,Above the Break 3,Left Side Center(LC),24+ ft.,25.0,-205.0,153.0,1,1,20101102,WAS,PHI
Shot Chart Detail,0021000057,131,101150,Lou Williams,1610612755,Philadelphia 76ers,1,0,0,Made Shot,Step Back Jump shot,2PT Field Goal,Mid-Range,Center(C),16-24 ft.,19.0,-8.0,197.0,1,1,20101103,PHI,IND
Shot Chart Detail,0021000057,143,101150,Lou Williams,1610612755,Philadelphia 76ers,2,11,7,Missed Shot,Jump Shot,2PT Field Goal,Mid-Range,Center(C),16-24 ft.,17.0,-5.0,176.0,1,0,20101103,PHI,IND
Shot Chart Detail,0021000057,186,101150,Lou Williams,1610612755,Philadelphia 76ers,2,7,23,Made Shot,Pullup Jump shot,2PT Field Goal,Mid-Range,Center(C),16-24 ft.,21.0,-38.0,213.0,1,1,20101103,PHI,IND
Shot Chart Detail,0021000057,194,101150,Lou Williams,1610612755,Philadelphia 76ers,2,5,36,Missed Shot,Jump Shot,3PT Field Goal,Above the Break 3,Center(C),24+ ft.,25.0,7.0,257.0,1,0,20101103,PHI,IND
Shot Chart Detail,0021000057,206,101150,Lou Williams,1610612755,Philadelphia 76ers,2,4,52,Made Shot,Fadeaway Jump Shot,2PT Field Goal,Mid-Range,Left Side(L),8-16 ft.,15.0,-150.0,23.0,1,1,20101103,PHI,IND
Shot Chart Detail,0021000057,388,101150,Lou Williams,1610612755,Philadelphia 76ers,3,0,2,Made Shot,Pullup Jump shot,3PT Field Goal,Above the Break 3,Center(C),24+ ft.,26.0,-46.0,260.0,1,1,20101103,PHI,IND
Shot Chart Detail,0021000057,400,101150,Lou Williams,1610612755,Philadelphia 76ers,4,11,13,Missed Shot,Jump Shot,2PT Field Goal,Mid-Range,Center(C),16-24 ft.,20.0,12.0,200.0,1,0,20101103,PHI,IND
Shot Chart Detail,0021000057,483,101150,Lou Williams,1610612755,Philadelphia 76ers,4,4,51,Missed Shot,Jump Shot,3PT Field Goal,Above the Break 3,Center(C),24+ ft.,27.0,-2.0,271.0,1,0,20101103,PHI,IND
Shot Chart Detail,0021000070,43,101150,Lou Williams,1610612755,Philadelphia 76ers,1,6,31,Missed Shot,Jump Shot,3PT Field Goal,Above the Break 3,Center(C),24+ ft.,26.0,-13.0,260.0,1,0,20101105,PHI,CLE
Shot Chart Detail,0021000070,65,101150,Lou Williams,1610612755,Philadelphia 76ers,1,4,15,Made Shot,Driving Layup Shot,2PT Field Goal,Restricted Area,Center(C),Less Than 8 ft.,0.0,7.0,7.0,1,1,20101105,PHI,CLE
Shot Chart Detail,0021000070,80,101150,Lou Williams,1610612755,Philadelphia 76ers,1,3,41,Missed Shot,Layup Shot,2PT Field Goal,Restricted Area,Center(C),Less Than 8 ft.,2.0,11.0,17.0,1,0,20101105,PHI,CLE
Shot Chart Detail,0021000070,81,101150,Lou Williams,1610612755,Philadelphia 76ers,1,3,39,Made Shot,Putback Layup Shot,2PT Field Goal,Restricted Area,Center(C),Less Than 8 ft.,0.0,-7.0,-6.0,1,1,20101105,PHI,CLE
Shot Chart Detail,0021000070,95,101150,Lou Williams,1610612755,Philadelphia 76ers,1,1,30,Made Shot,Slam Dunk Shot,2PT Field Goal,Restricted Area,Center(C),Less Than 8 ft.,0.0,1.0,0.0,1,1,20101105,PHI,CLE
Shot Chart Detail,0021000070,391,101150,Lou Williams,1610612755,Philadelphia 76ers,3,0,34,Made Shot,Pullup Jump shot,2PT Field Goal,Mid-Range,Right Side Center(RC),16-24 ft.,17.0,88.0,156.0,1,1,20101105,PHI,CLE
Shot Chart Detail,0021000070,394,101150,Lou Williams,1610612755,Philadelphia 76ers,3,0,0,Missed Shot,Jump Shot,2PT Field Goal,Mid-Range,Center(C),8-16 ft.,15.0,4.0,157.0,1,0,20101105,PHI,CLE
Shot Chart Detail,0021000070,423,101150,Lou Williams,1610612755,Philadelphia 76ers,4,9,35,Missed Shot,Layup Shot,2PT Field Goal,Restricted Area,Center(C),Less Than 8 ft.,1.0,6.0,15.0,1,0,20101105,PHI,CLE
Shot Chart Detail,0021000070,450,101150,Lou Williams,1610612755,Philadelphia 76ers,4,7,29,Made Shot,Fadeaway Jump Shot,2PT Field Goal,Mid-Range,Center(C),8-16 ft.,15.0,-11.0,157.0,1,1,20101105,PHI,CLE
Shot Chart Detail,0021000070,475,101150,Lou Williams,1610612755,Philadelphia 76ers,4,4,25,Missed Shot,Jump Shot,3PT Field Goal,Above the Break 3,Left Side Center(LC),24+ ft.,25.0,-147.0,211.0,1,0,20101105,PHI,CLE
Shot Chart Detail,0021000070,530,101150,Lou Williams,1610612755,Philadelphia 76ers,4,1,21,Missed Shot,Jump Shot,2PT Field Goal,In The Paint (Non-RA),Center(C),Less Than 8 ft.,4.0,17.0,47.0,1,0,20101105,PHI,CLE
Shot Chart Detail,0021000070,548,101150,Lou Williams,1610612755,Philadelphia 76ers,4,0,26,Made Shot,Driving Layup Shot,2PT Field Goal,Restricted Area,Center(C),Less Than 8 ft.,2.0,10.0,25.0,1,1,20101105,PHI,CLE
Shot Chart Detail,0021000070,562,101150,Lou Williams,1610612755,Philadelphia 76ers,4,0,18,Made Shot,Driving Layup Shot,2PT Field Goal,Restricted Area,Center(C),Less Than 8 ft.,1.0,-4.0,14.0,1,1,20101105,PHI,CLE
Shot Chart Detail,0021000070,577,101150,Lou Williams,1610612755,Philadelphia 76ers,4,0,5,Missed Shot,Jump Shot,3PT Field Goal,Above the Break 3,Center(C),24+ ft.,27.0,42.0,268.0,1,0,20101105,PHI,CLE
Shot Chart Detail,0021000089,92,101150,Lou Williams,1610612755,Philadelphia 76ers,1,1,4,Missed Shot,Jump Shot,3PT Field Goal,Right Corner 3,Right Side(R),24+ ft.,23.0,233.0,37.0,1,0,20101107,NYK,PHI
Shot Chart Detail,0021000089,104,101150,Lou Williams,1610612755,Philadelphia 76ers,1,0,0,Missed Shot,Jump Shot,3PT Field Goal,Above the Break 3,Left Side Center(LC),24+ ft.,25.0,-146.0,211.0,1,0,20101107,NYK,PHI
Shot Chart Detail,0021000089,133,101150,Lou Williams,1610612755,Philadelphia 76ers,2,9,48,Missed Shot,Jump Shot,2PT Field Goal,Restricted Area,Center(C),Less Than 8 ft.,3.0,24.0,22.0,1,0,20101107,NYK,PHI
Shot Chart Detail,0021000089,135,101150,Lou Williams,1610612755,Philadelphia 76ers,2,9,44,Missed Shot,Tip Shot,2PT Field Goal,Restricted Area,Center(C),Less Than 8 ft.,0.0,9.0,4.0,1,0,20101107,NYK,PHI
Shot Chart Detail,0021000089,139,101150,Lou Williams,1610612755,Philadelphia 76ers,2,9,32,Missed Shot,Jump Shot,2PT Field Goal,In The Paint (Non-RA),Center(C),Less Than 8 ft.,5.0,-49.0,19.0,1,0,20101107,NYK,PHI
Shot Chart Detail,0021000089,159,101150,Lou Williams,1610612755,Philadelphia 76ers,2,8,44,Made Shot,Jump Shot,3PT Field Goal,Left Corner 3,Left Side(L),24+ ft.,23.0,-229.0,39.0,1,1,20101107,NYK,PHI
Shot Chart Detail,0021000089,183,101150,Lou Williams,1610612755,Philadelphia 76ers,2,6,42,Made Shot,Driving Layup Shot,2PT Field Goal,Restricted Area,Center(C),Less Than 8 ft.,2.0,21.0,3.0,1,1,20101107,NYK,PHI
Shot Chart Detail,0021000089,199,101150,Lou Williams,1610612755,Philadelphia 76ers,2,5,59,Made Shot,Jump Shot,2PT Field Goal,Mid-Range,Right Side(R),16-24 ft.,19.0,192.0,-17.0,1,1,20101107,NYK,PHI
Shot Chart Detail,0021000089,201,101150,Lou Williams,1610612755,Philadelphia 76ers,2,5,24,Missed Shot,Jump Shot,2PT Field Goal,In The Paint (Non-RA),Center(C),Less Than 8 ft.,5.0,-59.0,3.0,1,0,20101107,NYK,PHI
Shot Chart Detail,0021000089,245,101150,Lou Williams,1610612755,Philadelphia 76ers,2,1,20,Missed Shot,Jump Shot,3PT Field Goal,Right Corner 3,Right Side(R),24+ ft.,23.0,239.0,-13.0,1,0,20101107,NYK,PHI
Shot Chart Detail,0021000089,257,101150,Lou Williams,1610612755,Philadelphia 76ers,2,0,25,Missed Shot,Jump Shot,2PT Field Goal,In The Paint (Non-RA),Left Side(L),8-16 ft.,10.0,-79.0,66.0,1,0,20101107,NYK,PHI
Shot Chart Detail,0021000089,446,101150,Lou Williams,1610612755,Philadelphia 76ers,3,0,8,Missed Shot,Dunk Shot,2PT Field Goal,Restricted Area,Center(C),Less Than 8 ft.,0.0,1.0,1.0,1,0,20101107,NYK,PHI
Shot Chart Detail,0021000115,111,101150,Lou Williams,1610612755,Philadelphia 76ers,1,1,53,Missed Shot,Jump Shot,3PT Field Goal,Above the Break 3,Right Side Center(RC),24+ ft.,24.0,220.0,104.0,1,0,20101110,OKC,PHI
Shot Chart Detail,0021000115,121,101150,Lou Williams,1610612755,Philadelphia 76ers,1,0,44,Missed Shot,Running Jump Shot,2PT Field Goal,Restricted Area,Center(C),Less Than 8 ft.,3.0,-29.0,25.0,1,0,20101110,OKC,PHI
Shot Chart Detail,0021000115,141,101150,Lou Williams,1610612755,Philadelphia 76ers,1,0,4,Missed Shot,Jump Shot,2PT Field Goal,Mid-Range,Center(C),16-24 ft.,16.0,8.0,166.0,1,0,20101110,OKC,PHI
Shot Chart Detail,0021000115,176,101150,Lou Williams,1610612755,Philadelphia 76ers,2,9,1,Missed Shot,Running Jump Shot,2PT Field Goal,Restricted Area,Center(C),Less Than 8 ft.,3.0,-11.0,30.0,1,0,20101110,OKC,PHI
Shot Chart Detail,0021000115,187,101150,Lou Williams,1610612755,Philadelphia 76ers,2,8,16,Made Shot,Jump Shot,3PT Field Goal,Above the Break 3,Center(C),24+ ft.,24.0,43.0,244.0,1,1,20101110,OKC,PHI
Shot Chart Detail,0021000115,190,101150,Lou Williams,1610612755,Philadelphia 76ers,2,7,49,Missed Shot,Jump Shot,3PT Field Goal,Left Corner 3,Left Side(L),24+ ft.,23.0,-221.0,77.0,1,0,20101110,OKC,PHI
Shot Chart Detail,0021000115,303,101150,Lou Williams,1610612755,Philadelphia 76ers,2,0,0,Missed Shot,Running Jump Shot,3PT Field Goal,Above the Break 3,Back Court(BC),Back Court Shot,43.0,-179.0,399.0,1,0,20101110,OKC,PHI
Shot Chart Detail,0021000115,327,101150,Lou Williams,1610612755,Philadelphia 76ers,3,8,37,Made Shot,Running Bank shot,2PT Field Goal,In The Paint (Non-RA),Center(C),Less Than 8 ft.,4.0,40.0,25.0,1,1,20101110,OKC,PHI
Shot Chart Detail,0021000115,356,101150,Lou Williams,1610612755,Philadelphia 76ers,3,5,20,Missed Shot,Step Back Jump shot,2PT Field Goal,Mid-Range,Center(C),16-24 ft.,23.0,-38.0,230.0,1,0,20101110,OKC,PHI
Shot Chart Detail,0021000115,367,101150,Lou Williams,1610612755,Philadelphia 76ers,3,4,25,Missed Shot,Jump Shot,3PT Field Goal,Above the Break 3,Right Side Center(RC),24+ ft.,24.0,187.0,162.0,1,0,20101110,OKC,PHI
Shot Chart Detail,0021000115,387,101150,Lou Williams,1610612755,Philadelphia 76ers,3,3,20,Missed Shot,Running Jump Shot,2PT Field Goal,In The Paint (Non-RA),Center(C),Less Than 8 ft.,4.0,-16.0,39.0,1,0,20101110,OKC,PHI
Shot Chart Detail,0021000126,124,101150,Lou Williams,1610612755,Philadelphia 76ers,2,10,24,Made Shot,Running Layup Shot,2PT Field Goal,Restricted Area,Center(C),Less Than 8 ft.,2.0,18.0,14.0,1,1,20101112,DAL,PHI
Shot Chart Detail,0021000126,425,101150,Lou Williams,1610612755,Philadelphia 76ers,4,8,46,Missed Shot,Floating Jump shot,2PT Field Goal,In The Paint (Non-RA),Right Side(R),8-16 ft.,10.0,59.0,91.0,1,0,20101112,DAL,PHI
Shot Chart Detail,0021000126,432,101150,Lou Williams,1610612755,Philadelphia 76ers,4,8,20,Missed Shot,Jump Shot,3PT Field Goal,Above the Break 3,Center(C),24+ ft.,26.0,-67.0,255.0,1,0,20101112,DAL,PHI
Shot Chart Detail,0021000138,110,101150,Lou Williams,1610612755,Philadelphia 76ers,1,1,39,Made Shot,Layup Shot,2PT Field Goal,Restricted Area,Center(C),Less Than 8 ft.,2.0,17.0,19.0,1,1,20101113,SAS,PHI
Shot Chart Detail,0021000138,116,101150,Lou Williams,1610612755,Philadelphia 76ers,1,1,27,Missed Shot,Jump Shot,3PT Field Goal,Left Corner 3,Left Side(L),24+ ft.,23.0,-234.0,3.0,1,0,20101113,SAS,PHI
Shot Chart Detail,0021000138,177,101150,Lou Williams,1610612755,Philadelphia 76ers,2,8,6,Made Shot,Jump Shot,3PT Field Goal,Above the Break 3,Left Side Center(LC),24+ ft.,24.0,-220.0,110.0,1,1,20101113,SAS,PHI
Shot Chart Detail,0021000138,193,101150,Lou Williams,1610612755,Philadelphia 76ers,2,6,39,Missed Shot,Jump Shot,3PT Field Goal,Left Corner 3,Left Side(L),24+ ft.,24.0,-240.0,9.0,1,0,20101113,SAS,PHI
Shot Chart Detail,0021000138,207,101150,Lou Williams,1610612755,Philadelphia 76ers,2,5,28,Made Shot,Jump Shot,2PT Field Goal,Mid-Range,Left Side(L),16-24 ft.,16.0,-169.0,3.0,1,1,20101113,SAS,PHI
Shot Chart Detail,0021000138,318,101150,Lou Williams,1610612755,Philadelphia 76ers,3,7,51,Missed Shot,Floating Jump shot,2PT Field Goal,In The Paint (Non-RA),Left Side(L),8-16 ft.,9.0,-54.0,72.0,1,0,20101113,SAS,PHI
Shot Chart Detail,0021000138,327,101150,Lou Williams,1610612755,Philadelphia 76ers,3,7,4,Missed Shot,Pullup Jump shot,2PT Field Goal,Mid-Range,Right Side Center(RC),16-24 ft.,19.0,133.0,143.0,1,0,20101113,SAS,PHI
Shot Chart Detail,0021000138,370,101150,Lou Williams,1610612755,Philadelphia 76ers,3,4,20,Missed Shot,Jump Shot,2PT Field Goal,Mid-Range,Center(C),16-24 ft.,20.0,59.0,192.0,1,0,20101113,SAS,PHI
Shot Chart Detail,0021000138,381,101150,Lou Williams,1610612755,Philadelphia 76ers,3,3,2,Missed Shot,Jump Shot,2PT Field Goal,Restricted Area,Center(C),Less Than 8 ft.,3.0,29.0,11.0,1,0,20101113,SAS,PHI
Shot Chart Detail,0021000151,124,101150,Lou Williams,1610612755,Philadelphia 76ers,1,0,0,Missed Shot,Jump Shot,2PT Field Goal,Mid-Range,Right Side(R),16-24 ft.,19.0,185.0,72.0,1,0,20101116,CLE,PHI
Shot Chart Detail,0021000151,130,101150,Lou Williams,1610612755,Philadelphia 76ers,2,11,28,Made Shot,Jump Shot,2PT Field Goal,Mid-Range,Right Side(R),16-24 ft.,17.0,177.0,1.0,1,1,20101116,CLE,PHI
Shot Chart Detail,0021000151,146,101150,Lou Williams,1610612755,Philadelphia 76ers,2,8,36,Made Shot,Jump Shot,3PT Field Goal,Right Corner 3,Right Side(R),24+ ft.,22.0,228.0,0.0,1,1,20101116,CLE,PHI
Shot Chart Detail,0021000151,157,101150,Lou Williams,1610612755,Philadelphia 76ers,2,7,44,Missed Shot,Jump Shot,2PT Field Goal,Mid-Range,Right Side Center(RC),16-24 ft.,21.0,105.0,184.0,1,0,20101116,CLE,PHI
Shot Chart Detail,0021000151,174,101150,Lou Williams,1610612755,Philadelphia 76ers,2,6,3,Missed Shot,Layup Shot,2PT Field Goal,Restricted Area,Center(C),Less Than 8 ft.,2.0,7.0,19.0,1,0,20101116,CLE,PHI
Shot Chart Detail,0021000151,175,101150,Lou Williams,1610612755,Philadelphia 76ers,2,6,2,Missed Shot,Tip Shot,2PT Field Goal,Restricted Area,Center(C),Less Than 8 ft.,1.0,-5.0,9.0,1,0,20101116,CLE,PHI
Shot Chart Detail,0021000151,187,101150,Lou Williams,1610612755,Philadelphia 76ers,2,5,8,Made Shot,Jump Shot,3PT Field Goal,Above the Break 3,Left Side Center(LC),24+ ft.,24.0,-116.0,217.0,1,1,20101116,CLE,PHI
Shot Chart Detail,0021000151,200,101150,Lou Williams,1610612755,Philadelphia 76ers,2,3,58,Missed Shot,Jump Shot,2PT Field Goal,Mid-Range,Left Side Center(LC),16-24 ft.,20.0,-78.0,190.0,1,0,20101116,CLE,PHI
Shot Chart Detail,0021000151,336,101150,Lou Williams,1610612755,Philadelphia 76ers,3,1,51,Missed Shot,Running Jump Shot,2PT Field Goal,In The Paint (Non-RA),Left Side(L),8-16 ft.,8.0,-78.0,42.0,1,0,20101116,CLE,PHI
Shot Chart Detail,0021000151,454,101150,Lou Williams,1610612755,Philadelphia 76ers,4,3,47,Missed Shot,Floating Jump shot,2PT Field Goal,In The Paint (Non-RA),Center(C),Less Than 8 ft.,5.0,37.0,39.0,1,0,20101116,CLE,PHI
Shot Chart Detail,0021000159,138,101150,Lou Williams,1610612755,Philadelphia 76ers,1,0,54,Missed Shot,Jump Shot,2PT Field Goal,Restricted Area,Center(C),Less Than 8 ft.,3.0,26.0,25.0,1,0,20101117,PHI,TOR
Shot Chart Detail,0021000159,145,101150,Lou Williams,1610612755,Philadelphia 76ers,1,0,0,Missed Shot,Jump Shot,2PT Field Goal,Mid-Range,Center(C),16-24 ft.,19.0,4.0,192.0,1,0,20101117,PHI,TOR
Shot Chart Detail,0021000159,177,101150,Lou Williams,1610612755,Philadelphia 76ers,2,9,36,Missed Shot,Jump Shot,2PT Field Goal,In The Paint (Non-RA),Right Side(R),8-16 ft.,8.0,78.0,41.0,1,0,20101117,PHI,TOR
Shot Chart Detail,0021000159,192,101150,Lou Williams,1610612755,Philadelphia 76ers,2,8,45,Missed Shot,Jump Shot,2PT Field Goal,Mid-Range,Right Side Center(RC),16-24 ft.,19.0,122.0,157.0,1,0,20101117,PHI,TOR
Shot Chart Detail,0021000159,211,101150,Lou Williams,1610612755,Philadelphia 76ers,2,6,57,Missed Shot,Jump Shot,2PT Field Goal,Mid-Range,Center(C),8-16 ft.,15.0,-56.0,140.0,1,0,20101117,PHI,TOR
Shot Chart Detail,0021000159,401,101150,Lou Williams,1610612755,Philadelphia 76ers,3,0,46,Missed Shot,Jump Shot,2PT Field Goal,Mid-Range,Right Side Center(RC),16-24 ft.,18.0,130.0,135.0,1,0,20101117,PHI,TOR
Shot Chart Detail,0021000159,414,101150,Lou Williams,1610612755,Philadelphia 76ers,3,0,19,Missed Shot,Layup Shot,2PT Field Goal,Restricted Area,Center(C),Less Than 8 ft.,2.0,-10.0,28.0,1,0,20101117,PHI,TOR
Shot Chart Detail,0021000172,90,101150,Lou Williams,1610612755,Philadelphia 76ers,1,2,28,Made Shot,Jump Shot,2PT Field Goal,Mid-Range,Left Side(L),8-16 ft.,14.0,-142.0,-22.0,1,1,20101119,PHI,MIL
Shot Chart Detail,0021000172,98,101150,Lou Williams,1610612755,Philadelphia 76ers,1,1,51,Missed Shot,Jump Shot,2PT Field Goal,Mid-Range,Left Side(L),8-16 ft.,12.0,-128.0,20.0,1,0,20101119,PHI,MIL
Shot Chart Detail,0021000172,117,101150,Lou Williams,1610612755,Philadelphia 76ers,1,0,1,Missed Shot,Jump Shot,3PT Field Goal,Above the Break 3,Left Side Center(LC),24+ ft.,26.0,-133.0,231.0,1,0,20101119,PHI,MIL
Shot Chart Detail,0021000172,125,101150,Lou Williams,1610612755,Philadelphia 76ers,2,11,27,Made Shot,Pullup Jump shot,2PT Field Goal,Mid-Range,Right Side(R),16-24 ft.,17.0,159.0,80.0,1,1,20101119,PHI,MIL
Shot Chart Detail,0021000172,207,101150,Lou Williams,1610612755,Philadelphia 76ers,2,5,22,Made Shot,Jump Shot,3PT Field Goal,Above the Break 3,Center(C),24+ ft.,25.0,9.0,257.0,1,1,20101119,PHI,MIL
Shot Chart Detail,0021000172,209,101150,Lou Williams,1610612755,Philadelphia 76ers,2,4,39,Missed Shot,Jump Shot,2PT Field Goal,Mid-Range,Left Side(L),8-16 ft.,13.0,-130.0,-28.0,1,0,20101119,PHI,MIL
Shot Chart Detail,0021000172,217,101150,Lou Williams,1610612755,Philadelphia 76ers,2,3,31,Missed Shot,Jump Shot,3PT Field Goal,Above the Break 3,Center(C),24+ ft.,25.0,-4.0,250.0,1,0,20101119,PHI,MIL
Shot Chart Detail,0021000172,258,101150,Lou Williams,1610612755,Philadelphia 76ers,2,0,0,Missed Shot,Jump Shot,3PT Field Goal,Left Corner 3,Left Side(L),24+ ft.,24.0,-243.0,31.0,1,0,20101119,PHI,MIL
Shot Chart Detail,0021000172,454,101150,Lou Williams,1610612755,Philadelphia 76ers,4,7,25,Made Shot,Jump Shot,3PT Field Goal,Above the Break 3,Left Side Center(LC),24+ ft.,24.0,-90.0,228.0,1,1,20101119,PHI,MIL
Shot Chart Detail,0021000172,470,101150,Lou Williams,1610612755,Philadelphia 76ers,4,6,20,Missed Shot,Jump Shot,2PT Field Goal,Mid-Range,Left Side(L),16-24 ft.,17.0,-146.0,88.0,1,0,20101119,PHI,MIL
Shot Chart Detail,0021000172,519,101150,Lou Williams,1610612755,Philadelphia 76ers,4,2,17,Missed Shot,Jump Shot,3PT Field Goal,Above the Break 3,Left Side Center(LC),24+ ft.,25.0,-188.0,165.0,1,0,20101119,PHI,MIL
Shot Chart Detail,0021000172,523,101150,Lou Williams,1610612755,Philadelphia 76ers,4,1,38,Made Shot,Jump Shot,3PT Field Goal,Above the Break 3,Right Side Center(RC),24+ ft.,25.0,130.0,216.0,1,1,20101119,PHI,MIL
Shot Chart Detail,0021000172,531,101150,Lou Williams,1610612755,Philadelphia 76ers,4,0,24,Missed Shot,Jump Shot,3PT Field Goal,Above the Break 3,Center(C),24+ ft.,26.0,-7.0,263.0,1,0,20101119,PHI,MIL
Shot Chart Detail,0021000205,152,101150,Lou Williams,1610612755,Philadelphia 76ers,2,9,45,Missed Shot,Jump Shot,2PT Field Goal,In The Paint (Non-RA),Center(C),8-16 ft.,10.0,6.0,101.0,1,0,20101123,WAS,PHI
Shot Chart Detail,0021000205,159,101150,Lou Williams,1610612755,Philadelphia 76ers,2,9,25,Made Shot,Jump Shot,2PT Field Goal,Mid-Range,Left Side Center(LC),16-24 ft.,17.0,-127.0,115.0,1,1,20101123,WAS,PHI
Shot Chart Detail,0021000205,170,101150,Lou Williams,1610612755,Philadelphia 76ers,2,7,49,Missed Shot,Jump Shot,3PT Field Goal,Above the Break 3,Left Side Center(LC),24+ ft.,25.0,-147.0,203.0,1,0,20101123,WAS,PHI
Shot Chart Detail,0021000205,189,101150,Lou Williams,1610612755,Philadelphia 76ers,2,5,39,Made Shot,Layup Shot,2PT Field Goal,Restricted Area,Center(C),Less Than 8 ft.,2.0,13.0,-16.0,1,1,20101123,WAS,PHI
Shot Chart Detail,0021000205,222,101150,Lou Williams,1610612755,Philadelphia 76ers,2,2,26,Missed Shot,Jump Shot,2PT Field Goal,In The Paint (Non-RA),Center(C),Less Than 8 ft.,4.0,-38.0,22.0,1,0,20101123,WAS,PHI
Shot Chart Detail,0021000205,436,101150,Lou Williams,1610612755,Philadelphia 76ers,4,11,43,Missed Shot,Jump Shot,2PT Field Goal,Mid-Range,Left Side(L),16-24 ft.,16.0,-160.0,-46.0,1,0,20101123,WAS,PHI
Shot Chart Detail,0021000205,475,101150,Lou Williams,1610612755,Philadelphia 76ers,4,7,57,Missed Shot,Jump Shot,2PT Field Goal,Mid-Range,Left Side(L),16-24 ft.,16.0,-150.0,60.0,1,0,20101123,WAS,PHI
Shot Chart Detail,0021000205,524,101150,Lou Williams,1610612755,Philadelphia 76ers,4,2,48,Missed Shot,Jump Shot,2PT Field Goal,Mid-Range,Right Side Center(RC),16-24 ft.,19.0,88.0,179.0,1,0,20101123,WAS,PHI
Shot Chart Detail,0021000211,93,101150,Lou Williams,1610612755,Philadelphia 76ers,1,1,39,Missed Shot,Driving Layup Shot,2PT Field Goal,Restricted Area,Center(C),Less Than 8 ft.,2.0,20.0,6.0,1,0,20101124,TOR,PHI
Shot Chart Detail,0021000211,100,101150,Lou Williams,1610612755,Philadelphia 76ers,1,0,44,Missed Shot,Jump Shot,2PT Field Goal,Mid-Range,Left Side Center(LC),16-24 ft.,19.0,-106.0,165.0,1,0,20101124,TOR,PHI
Shot Chart Detail,0021000211,116,101150,Lou Williams,1610612755,Philadelphia 76ers,2,10,45,Missed Shot,Driving Layup Shot,2PT Field Goal,Restricted Area,Center(C),Less Than 8 ft.,1.0,10.0,11.0,1,0,20101124,TOR,PHI
Shot Chart Detail,0021000211,131,101150,Lou Williams,1610612755,Philadelphia 76ers,2,9,5,Made Shot,Jump Shot,3PT Field Goal,Right Corner 3,Right Side(R),24+ ft.,22.0,225.0,4.0,1,1,20101124,TOR,PHI
Shot Chart Detail,0021000211,171,101150,Lou Williams,1610612755,Philadelphia 76ers,2,5,52,Missed Shot,Step Back Jump shot,2PT Field Goal,Mid-Range,Center(C),16-24 ft.,20.0,-48.0,197.0,1,0,20101124,TOR,PHI
Shot Chart Detail,0021000211,185,101150,Lou Williams,1610612755,Philadelphia 76ers,2,4,41,Missed Shot,Jump Shot,3PT Field Goal,Right Corner 3,Right Side(R),24+ ft.,22.0,228.0,7.0,1,0,20101124,TOR,PHI
Shot Chart Detail,0021000211,213,101150,Lou Williams,1610612755,Philadelphia 76ers,2,2,37,Missed Shot,Driving Layup Shot,2PT Field Goal,Restricted Area,Center(C),Less Than 8 ft.,2.0,-11.0,19.0,1,0,20101124,TOR,PHI
Shot Chart Detail,0021000211,431,101150,Lou Williams,1610612755,Philadelphia 76ers,4,7,10,Missed Shot,Jump Shot,3PT Field Goal,Above the Break 3,Left Side Center(LC),24+ ft.,25.0,-179.0,178.0,1,0,20101124,TOR,PHI
Shot Chart Detail,0021000211,464,101150,Lou Williams,1610612755,Philadelphia 76ers,4,3,59,Missed Shot,Jump Shot,3PT Field Goal,Above the Break 3,Center(C),24+ ft.,25.0,59.0,247.0,1,0,20101124,TOR,PHI
Shot Chart Detail,0021000211,488,101150,Lou Williams,1610612755,Philadelphia 76ers,4,2,31,Missed Shot,Driving Layup Shot,2PT Field Goal,Restricted Area,Center(C),Less Than 8 ft.,2.0,17.0,11.0,1,0,20101124,TOR,PHI
Shot Chart Detail,0021000211,502,101150,Lou Williams,1610612755,Philadelphia 76ers,4,0,47,Missed Shot,Driving Layup Shot,2PT Field Goal,Restricted Area,Center(C),Less Than 8 ft.,2.0,20.0,12.0,1,0,20101124,TOR,PHI
Shot Chart Detail,0021000226,124,101150,Lou Williams,1610612755,Philadelphia 76ers,2,11,49,Made Shot,Jump Shot,2PT Field Goal,Mid-Range,Center(C),16-24 ft.,16.0,-41.0,164.0,1,1,20101126,MIA,PHI
Shot Chart Detail,0021000226,134,101150,Lou Williams,1610612755,Philadelphia 76ers,2,10,44,Missed Shot,Jump Shot,3PT Field Goal,Above the Break 3,Right Side Center(RC),24+ ft.,26.0,144.0,217.0,1,0,20101126,MIA,PHI
Shot Chart Detail,0021000226,169,101150,Lou Williams,1610612755,Philadelphia 76ers,2,6,4,Made Shot,Jump Shot,2PT Field Goal,Mid-Range,Left Side(L),16-24 ft.,21.0,-187.0,108.0,1,1,20101126,MIA,PHI
Shot Chart Detail,0021000226,369,101150,Lou Williams,1610612755,Philadelphia 76ers,3,1,24,Missed Shot,Jump Shot,3PT Field Goal,Left Corner 3,Left Side(L),24+ ft.,24.0,-242.0,28.0,1,0,20101126,MIA,PHI
Shot Chart Detail,0021000226,397,101150,Lou Williams,1610612755,Philadelphia 76ers,4,9,39,Missed Shot,Jump Shot,2PT Field Goal,Mid-Range,Right Side(R),8-16 ft.,8.0,84.0,31.0,1,0,20101126,MIA,PHI
Shot Chart Detail,0021000237,108,101150,Lou Williams,1610612755,Philadelphia 76ers,1,1,14,Missed Shot,Jump Shot,2PT Field Goal,Mid-Range,Right Side(R),16-24 ft.,20.0,204.0,-6.0,1,0,20101127,PHI,NJN
Shot Chart Detail,0021000237,164,101150,Lou Williams,1610612755,Philadelphia 76ers,2,7,30,Made Shot,Floating Jump shot,2PT Field Goal,In The Paint (Non-RA),Center(C),Less Than 8 ft.,5.0,59.0,-2.0,1,1,20101127,PHI,NJN
Shot Chart Detail,0021000237,379,101150,Lou Williams,1610612755,Philadelphia 76ers,3,0,0,Missed Shot,Jump Shot,3PT Field Goal,Above the Break 3,Left Side Center(LC),24+ ft.,32.0,-215.0,238.0,1,0,20101127,PHI,NJN
Shot Chart Detail,0021000237,421,101150,Lou Williams,1610612755,Philadelphia 76ers,4,6,49,Made Shot,Jump Shot,3PT Field Goal,Left Corner 3,Left Side(L),24+ ft.,22.0,-226.0,-17.0,1,1,20101127,PHI,NJN
Shot Chart Detail,0021000237,433,101150,Lou Williams,1610612755,Philadelphia 76ers,4,5,47,Made Shot,Jump Shot,2PT Field Goal,Mid-Range,Left Side(L),16-24 ft.,16.0,-163.0,-10.0,1,1,20101127,PHI,NJN
Shot Chart Detail,0021000237,442,101150,Lou Williams,1610612755,Philadelphia 76ers,4,3,47,Missed Shot,Layup Shot,2PT Field Goal,Restricted Area,Center(C),Less Than 8 ft.,1.0,9.0,17.0,1,0,20101127,PHI,NJN
Shot Chart Detail,0021000237,453,101150,Lou Williams,1610612755,Philadelphia 76ers,4,2,26,Made Shot,Running Jump Shot,2PT Field Goal,In The Paint (Non-RA),Center(C),Less Than 8 ft.,5.0,47.0,26.0,1,1,20101127,PHI,NJN
Shot Chart Detail,0021000237,468,101150,Lou Williams,1610612755,Philadelphia 76ers,4,1,18,Made Shot,Jump Shot,3PT Field Goal,Above the Break 3,Left Side Center(LC),24+ ft.,24.0,-87.0,231.0,1,1,20101127,PHI,NJN
Shot Chart Detail,0021000237,472,101150,Lou Williams,1610612755,Philadelphia 76ers,4,0,38,Missed Shot,Jump Shot,3PT Field Goal,Above the Break 3,Center(C),24+ ft.,27.0,15.0,279.0,1,0,20101127,PHI,NJN
Shot Chart Detail,0021000256,136,101150,Lou Williams,1610612755,Philadelphia 76ers,2,8,48,Missed Shot,Jump Shot,2PT Field Goal,Mid-Range,Right Side(R),8-16 ft.,15.0,125.0,86.0,1,0,20101130,PHI,POR
Shot Chart Detail,0021000256,302,101150,Lou Williams,1610612755,Philadelphia 76ers,3,6,11,Missed Shot,Jump Shot,3PT Field Goal,Left Corner 3,Left Side(L),24+ ft.,23.0,-239.0,-14.0,1,0,20101130,PHI,POR
Shot Chart Detail,0021000256,337,101150,Lou Williams,1610612755,Philadelphia 76ers,3,1,58,Made Shot,Pullup Jump shot,3PT Field Goal,Above the Break 3,Left Side Center(LC),24+ ft.,25.0,-84.0,244.0,1,1,20101130,PHI,POR
Shot Chart Detail,0021000256,400,101150,Lou Williams,1610612755,Philadelphia 76ers,4,9,57,Missed Shot,Layup Shot,2PT Field Goal,Restricted Area,Center(C),Less Than 8 ft.,3.0,30.0,16.0,1,0,20101130,PHI,POR
Shot Chart Detail,0021000278,106,101150,Lou Williams,1610612755,Philadelphia 76ers,1,0,40,Missed Shot,Jump Shot,2PT Field Goal,Mid-Range,Right Side Center(RC),16-24 ft.,21.0,78.0,203.0,1,0,20101203,ATL,PHI
Shot Chart Detail,0021000278,136,101150,Lou Williams,1610612755,Philadelphia 76ers,2,9,29,Made Shot,Driving Layup Shot,2PT Field Goal,Restricted Area,Center(C),Less Than 8 ft.,1.0,-8.0,7.0,1,1,20101203,ATL,PHI
Shot Chart Detail,0021000278,145,101150,Lou Williams,1610612755,Philadelphia 76ers,2,8,18,Made Shot,Jump Shot,2PT Field Goal,In The Paint (Non-RA),Center(C),Less Than 8 ft.,5.0,12.0,50.0,1,1,20101203,ATL,PHI
Shot Chart Detail,0021000278,154,101150,Lou Williams,1610612755,Philadelphia 76ers,2,6,25,Made Shot,Running Slam Dunk Shot,2PT Field Goal,Restricted Area,Center(C),Less Than 8 ft.,0.0,6.0,4.0,1,1,20101203,ATL,PHI
Shot Chart Detail,0021000278,188,101150,Lou Williams,1610612755,Philadelphia 76ers,2,4,14,Missed Shot,Layup Shot,2PT Field Goal,Restricted Area,Center(C),Less Than 8 ft.,2.0,28.0,3.0,1,0,20101203,ATL,PHI
Shot Chart Detail,0021000278,340,101150,Lou Williams,1610612755,Philadelphia 76ers,3,3,10,Made Shot,Jump Shot,3PT Field Goal,Above the Break 3,Right Side Center(RC),24+ ft.,25.0,130.0,225.0,1,1,20101203,ATL,PHI
Shot Chart Detail,0021000278,356,101150,Lou Williams,1610612755,Philadelphia 76ers,3,1,25,Missed Shot,Jump Shot,2PT Field Goal,Mid-Range,Right Side(R),16-24 ft.,19.0,171.0,89.0,1,0,20101203,ATL,PHI
Shot Chart Detail,0021000278,362,101150,Lou Williams,1610612755,Philadelphia 76ers,3,0,24,Made Shot,Driving Jump shot,2PT Field Goal,In The Paint (Non-RA),Center(C),Less Than 8 ft.,4.0,45.0,15.0,1,1,20101203,ATL,PHI
Shot Chart Detail,0021000278,386,101150,Lou Williams,1610612755,Philadelphia 76ers,4,10,46,Missed Shot,Jump Shot,3PT Field Goal,Above the Break 3,Left Side Center(LC),24+ ft.,25.0,-147.0,208.0,1,0,20101203,ATL,PHI
Shot Chart Detail,0021000278,422,101150,Lou Williams,1610612755,Philadelphia 76ers,4,8,1,Missed Shot,Jump Shot,3PT Field Goal,Above the Break 3,Left Side Center(LC),24+ ft.,25.0,-100.0,235.0,1,0,20101203,ATL,PHI
Shot Chart Detail,0021000278,440,101150,Lou Williams,1610612755,Philadelphia 76ers,4,4,53,Missed Shot,Running Dunk Shot,2PT Field Goal,Restricted Area,Center(C),Less Than 8 ft.,0.0,4.0,3.0,1,0,20101203,ATL,PHI
Shot Chart Detail,0021000278,486,101150,Lou Williams,1610612755,Philadelphia 76ers,4,1,3,Missed Shot,Driving Jump shot,2PT Field Goal,In The Paint (Non-RA),Right Side(R),8-16 ft.,9.0,62.0,74.0,1,0,20101203,ATL,PHI
Shot Chart Detail,0021000289,113,101150,Lou Williams,1610612755,Philadelphia 76ers,2,11,28,Missed Shot,Layup Shot,2PT Field Goal,Restricted Area,Center(C),Less Than 8 ft.,2.0,-2.0,28.0,1,0,20101204,PHI,CHA
Shot Chart Detail,0021000289,146,101150,Lou Williams,1610612755,Philadelphia 76ers,2,9,3,Missed Shot,Jump Shot,3PT Field Goal,Above the Break 3,Right Side Center(RC),24+ ft.,27.0,118.0,250.0,1,0,20101204,PHI,CHA
Shot Chart Detail,0021000289,324,101150,Lou Williams,1610612755,Philadelphia 76ers,3,3,54,Made Shot,Floating Jump shot,2PT Field Goal,Mid-Range,Right Side(R),8-16 ft.,15.0,114.0,112.0,1,1,20101204,PHI,CHA
Shot Chart Detail,0021000289,410,101150,Lou Williams,1610612755,Philadelphia 76ers,4,11,38,Missed Shot,Jump Shot,2PT Field Goal,Mid-Range,Left Side Center(LC),16-24 ft.,18.0,-62.0,178.0,1,0,20101204,PHI,CHA
Shot Chart Detail,0021000289,513,101150,Lou Williams,1610612755,Philadelphia 76ers,4,0,9,Missed Shot,Jump Shot,3PT Field Goal,Above the Break 3,Center(C),24+ ft.,25.0,-16.0,255.0,1,0,20101204,PHI,CHA
Shot Chart Detail,0021000311,133,101150,Lou Williams,1610612755,Philadelphia 76ers,2,9,53,Missed Shot,Jump Shot,2PT Field Goal,Restricted Area,Center(C),Less Than 8 ft.,3.0,-5.0,33.0,1,0,20101207,PHI,CLE
Shot Chart Detail,0021000311,164,101150,Lou Williams,1610612755,Philadelphia 76ers,2,7,20,Made Shot,Floating Jump shot,2PT Field Goal,In The Paint (Non-RA),Center(C),Less Than 8 ft.,6.0,56.0,26.0,1,1,20101207,PHI,CLE
Shot Chart Detail,0021000311,171,101150,Lou Williams,1610612755,Philadelphia 76ers,2,5,51,Made Shot,Driving Reverse Layup Shot,2PT Field Goal,Restricted Area,Center(C),Less Than 8 ft.,1.0,-15.0,0.0,1,1,20101207,PHI,CLE
Shot Chart Detail,0021000311,180,101150,Lou Williams,1610612755,Philadelphia 76ers,2,5,35,Made Shot,Jump Shot,2PT Field Goal,Mid-Range,Left Side Center(LC),16-24 ft.,16.0,-86.0,138.0,1,1,20101207,PHI,CLE
Shot Chart Detail,0021000311,183,101150,Lou Williams,1610612755,Philadelphia 76ers,2,5,0,Missed Shot,Jump Shot,2PT Field Goal,In The Paint (Non-RA),Center(C),Less Than 8 ft.,7.0,-16.0,69.0,1,0,20101207,PHI,CLE
Shot Chart Detail,0021000311,365,101150,Lou Williams,1610612755,Philadelphia 76ers,4,11,14,Missed Shot,Jump Shot,2PT Field Goal,Mid-Range,Right Side(R),16-24 ft.,16.0,138.0,93.0,1,0,20101207,PHI,CLE
Shot Chart Detail,0021000311,409,101150,Lou Williams,1610612755,Philadelphia 76ers,4,7,32,Made Shot,Fadeaway Jump Shot,2PT Field Goal,Mid-Range,Left Side(L),8-16 ft.,12.0,-108.0,63.0,1,1,20101207,PHI,CLE
Shot Chart Detail,0021000311,428,101150,Lou Williams,1610612755,Philadelphia 76ers,4,4,53,Missed Shot,Jump Shot,3PT Field Goal,Above the Break 3,Center(C),24+ ft.,29.0,17.0,293.0,1,0,20101207,PHI,CLE
Shot Chart Detail,0021000311,442,101150,Lou Williams,1610612755,Philadelphia 76ers,4,3,13,Made Shot,Pullup Jump shot,3PT Field Goal,Above the Break 3,Right Side Center(RC),24+ ft.,26.0,114.0,238.0,1,1,20101207,PHI,CLE
Shot Chart Detail,0021000311,452,101150,Lou Williams,1610612755,Philadelphia 76ers,4,2,36,Missed Shot,Jump Shot,3PT Field Goal,Above the Break 3,Left Side Center(LC),24+ ft.,26.0,-146.0,216.0,1,0,20101207,PHI,CLE
Shot Chart Detail,0021000327,146,101150,Lou Williams,1610612755,Philadelphia 76ers,2,10,19,Missed Shot,Jump Shot,2PT Field Goal,In The Paint (Non-RA),Center(C),Less Than 8 ft.,7.0,-71.0,6.0,1,0,20101209,PHI,BOS
Shot Chart Detail,0021000327,173,101150,Lou Williams,1610612755,Philadelphia 76ers,2,8,23,Made Shot,Jump Shot,3PT Field Goal,Left Corner 3,Left Side(L),24+ ft.,23.0,-237.0,6.0,1,1,20101209,PHI,BOS
Shot Chart Detail,0021000327,199,101150,Lou Williams,1610612755,Philadelphia 76ers,2,5,44,Made Shot,Jump Shot,3PT Field Goal,Above the Break 3,Center(C),24+ ft.,25.0,-78.0,242.0,1,1,20101209,PHI,BOS
Shot Chart Detail,0021000327,206,101150,Lou Williams,1610612755,Philadelphia 76ers,2,5,7,Made Shot,Jump Shot,3PT Field Goal,Above the Break 3,Right Side Center(RC),24+ ft.,25.0,173.0,183.0,1,1,20101209,PHI,BOS
Shot Chart Detail,0021000327,226,101150,Lou Williams,1610612755,Philadelphia 76ers,2,2,33,Missed Shot,Jump Shot,3PT Field Goal,Above the Break 3,Left Side Center(LC),24+ ft.,25.0,-158.0,206.0,1,0,20101209,PHI,BOS
Shot Chart Detail,0021000327,296,101150,Lou Williams,1610612755,Philadelphia 76ers,3,7,19,Missed Shot,Jump Shot,2PT Field Goal,In The Paint (Non-RA),Center(C),Less Than 8 ft.,5.0,6.0,58.0,1,0,20101209,PHI,BOS
Shot Chart Detail,0021000327,319,101150,Lou Williams,1610612755,Philadelphia 76ers,3,4,53,Missed Shot,Jump Shot,2PT Field Goal,In The Paint (Non-RA),Center(C),Less Than 8 ft.,6.0,4.0,61.0,1,0,20101209,PHI,BOS
Shot Chart Detail,0021000327,335,101150,Lou Williams,1610612755,Philadelphia 76ers,3,3,45,Made Shot,Floating Jump shot,2PT Field Goal,In The Paint (Non-RA),Center(C),Less Than 8 ft.,6.0,59.0,34.0,1,1,20101209,PHI,BOS
Shot Chart Detail,0021000327,338,101150,Lou Williams,1610612755,Philadelphia 76ers,3,3,16,Made Shot,Jump Shot,3PT Field Goal,Above the Break 3,Right Side Center(RC),24+ ft.,24.0,140.0,198.0,1,1,20101209,PHI,BOS
Shot Chart Detail,0021000327,367,101150,Lou Williams,1610612755,Philadelphia 76ers,3,1,10,Missed Shot,Jump Shot,2PT Field Goal,Mid-Range,Right Side Center(RC),16-24 ft.,17.0,124.0,123.0,1,0,20101209,PHI,BOS
Shot Chart Detail,0021000350,97,101150,Lou Williams,1610612755,Philadelphia 76ers,1,1,11,Missed Shot,Jump Shot,3PT Field Goal,Above the Break 3,Left Side Center(LC),24+ ft.,25.0,-139.0,213.0,1,0,20101212,PHI,NOH
Shot Chart Detail,0021000350,157,101150,Lou Williams,1610612755,Philadelphia 76ers,2,7,49,Made Shot,Jump Shot,2PT Field Goal,Mid-Range,Left Side(L),16-24 ft.,21.0,-212.0,-19.0,1,1,20101212,PHI,NOH
Shot Chart Detail,0021000350,166,101150,Lou Williams,1610612755,Philadelphia 76ers,2,6,45,Made Shot,Driving Layup Shot,2PT Field Goal,Restricted Area,Center(C),Less Than 8 ft.,0.0,-4.0,9.0,1,1,20101212,PHI,NOH
Shot Chart Detail,0021000350,194,101150,Lou Williams,1610612755,Philadelphia 76ers,2,5,18,Made Shot,Jump Shot,2PT Field Goal,Mid-Range,Left Side(L),16-24 ft.,19.0,-196.0,-16.0,1,1,20101212,PHI,NOH
Shot Chart Detail,0021000350,211,101150,Lou Williams,1610612755,Philadelphia 76ers,2,3,57,Missed Shot,Layup Shot,2PT Field Goal,Restricted Area,Center(C),Less Than 8 ft.,0.0,-4.0,1.0,1,0,20101212,PHI,NOH
Shot Chart Detail,0021000350,212,101150,Lou Williams,1610612755,Philadelphia 76ers,2,3,56,Made Shot,Tip Shot,2PT Field Goal,Restricted Area,Center(C),Less Than 8 ft.,1.0,-11.0,3.0,1,1,20101212,PHI,NOH
Shot Chart Detail,0021000350,227,101150,Lou Williams,1610612755,Philadelphia 76ers,2,2,17,Missed Shot,Jump Shot,3PT Field Goal,Above the Break 3,Left Side Center(LC),24+ ft.,27.0,-122.0,241.0,1,0,20101212,PHI,NOH
Shot Chart Detail,0021000350,245,101150,Lou Williams,1610612755,Philadelphia 76ers,2,1,7,Missed Shot,Jump Shot,2PT Field Goal,Mid-Range,Left Side(L),8-16 ft.,15.0,-141.0,69.0,1,0,20101212,PHI,NOH
Shot Chart Detail,0021000350,248,101150,Lou Williams,1610612755,Philadelphia 76ers,2,1,1,Missed Shot,Jump Shot,2PT Field Goal,Mid-Range,Left Side(L),8-16 ft.,13.0,-130.0,-6.0,1,0,20101212,PHI,NOH
Shot Chart Detail,0021000350,395,101150,Lou Williams,1610612755,Philadelphia 76ers,3,1,26,Made Shot,Floating Jump shot,2PT Field Goal,In The Paint (Non-RA),Center(C),8-16 ft.,8.0,9.0,86.0,1,1,20101212,PHI,NOH
Shot Chart Detail,0021000350,409,101150,Lou Williams,1610612755,Philadelphia 76ers,3,0,26,Missed Shot,Jump Shot,3PT Field Goal,Above the Break 3,Left Side Center(LC),24+ ft.,28.0,-198.0,200.0,1,0,20101212,PHI,NOH
Shot Chart Detail,0021000350,412,101150,Lou Williams,1610612755,Philadelphia 76ers,3,0,1,Missed Shot,Jump Shot,2PT Field Goal,Mid-Range,Left Side Center(LC),16-24 ft.,16.0,-93.0,140.0,1,0,20101212,PHI,NOH
Shot Chart Detail,0021000350,458,101150,Lou Williams,1610612755,Philadelphia 76ers,4,6,24,Made Shot,Jump Shot,3PT Field Goal,Right Corner 3,Right Side(R),24+ ft.,23.0,233.0,-3.0,1,1,20101212,PHI,NOH
Shot Chart Detail,0021000350,480,101150,Lou Williams,1610612755,Philadelphia 76ers,4,4,18,Missed Shot,Jump Shot,3PT Field Goal,Right Corner 3,Right Side(R),24+ ft.,23.0,233.0,4.0,1,0,20101212,PHI,NOH
Shot Chart Detail,0021000350,490,101150,Lou Williams,1610612755,Philadelphia 76ers,4,2,34,Made Shot,Jump Shot,3PT Field Goal,Right Corner 3,Right Side(R),24+ ft.,22.0,226.0,33.0,1,1,20101212,PHI,NOH
Shot Chart Detail,0021000361,163,101150,Lou Williams,1610612755,Philadelphia 76ers,2,6,50,Missed Shot,Driving Layup Shot,2PT Field Goal,In The Paint (Non-RA),Center(C),Less Than 8 ft.,4.0,45.0,3.0,1,0,20101214,NJN,PHI
Shot Chart Detail,0021000361,225,101150,Lou Williams,1610612755,Philadelphia 76ers,2,0,29,Missed Shot,Jump Shot,2PT Field Goal,Mid-Range,Left Side(L),16-24 ft.,16.0,-166.0,-5.0,1,0,20101214,NJN,PHI
Shot Chart Detail,0021000361,309,101150,Lou Williams,1610612755,Philadelphia 76ers,3,4,32,Missed Shot,Jump Shot,3PT Field Goal,Left Corner 3,Left Side(L),24+ ft.,22.0,-229.0,6.0,1,0,20101214,NJN,PHI
Shot Chart Detail,0021000361,331,101150,Lou Williams,1610612755,Philadelphia 76ers,3,3,12,Missed Shot,Jump Shot,2PT Field Goal,Mid-Range,Right Side Center(RC),16-24 ft.,22.0,113.0,189.0,1,0,20101214,NJN,PHI
Shot Chart Detail,0021000361,334,101150,Lou Williams,1610612755,Philadelphia 76ers,3,2,34,Missed Shot,Jump Shot,2PT Field Goal,Mid-Range,Left Side(L),16-24 ft.,20.0,-182.0,97.0,1,0,20101214,NJN,PHI
Shot Chart Detail,0021000369,83,101150,Lou Williams,1610612755,Philadelphia 76ers,1,3,28,Missed Shot,Jump Shot,3PT Field Goal,Above the Break 3,Right Side Center(RC),24+ ft.,25.0,163.0,197.0,1,0,20101215,PHI,LAC
Shot Chart Detail,0021000369,119,101150,Lou Williams,1610612755,Philadelphia 76ers,1,0,34,Missed Shot,Jump Shot,2PT Field Goal,Restricted Area,Center(C),Less Than 8 ft.,3.0,29.0,-10.0,1,0,20101215,PHI,LAC
Shot Chart Detail,0021000369,151,101150,Lou Williams,1610612755,Philadelphia 76ers,2,10,11,Missed Shot,Jump Shot,3PT Field Goal,Above the Break 3,Left Side Center(LC),24+ ft.,25.0,-112.0,227.0,1,0,20101215,PHI,LAC
Shot Chart Detail,0021000369,153,101150,Lou Williams,1610612755,Philadelphia 76ers,2,10,8,Made Shot,Driving Layup Shot,2PT Field Goal,Restricted Area,Center(C),Less Than 8 ft.,2.0,7.0,19.0,1,1,20101215,PHI,LAC
Shot Chart Detail,0021000369,162,101150,Lou Williams,1610612755,Philadelphia 76ers,2,9,2,Missed Shot,Jump Shot,3PT Field Goal,Above the Break 3,Right Side Center(RC),24+ ft.,24.0,118.0,216.0,1,0,20101215,PHI,LAC
Shot Chart Detail,0021000369,170,101150,Lou Williams,1610612755,Philadelphia 76ers,2,8,18,Missed Shot,Jump Shot,2PT Field Goal,In The Paint (Non-RA),Center(C),Less Than 8 ft.,7.0,1.0,74.0,1,0,20101215,PHI,LAC
Shot Chart Detail,0021000369,394,101150,Lou Williams,1610612755,Philadelphia 76ers,3,0,27,Missed Shot,Jump Shot,3PT Field Goal,Above the Break 3,Center(C),24+ ft.,26.0,-37.0,266.0,1,0,20101215,PHI,LAC
Shot Chart Detail,0021000369,421,101150,Lou Williams,1610612755,Philadelphia 76ers,4,10,17,Missed Shot,Jump Shot,2PT Field Goal,In The Paint (Non-RA),Center(C),Less Than 8 ft.,5.0,45.0,25.0,1,0,20101215,PHI,LAC
Shot Chart Detail,0021000369,450,101150,Lou Williams,1610612755,Philadelphia 76ers,4,8,0,Missed Shot,Jump Shot,2PT Field Goal,In The Paint (Non-RA),Center(C),8-16 ft.,10.0,-52.0,94.0,1,0,20101215,PHI,LAC
Shot Chart Detail,0021000383,96,101150,Lou Williams,1610612755,Philadelphia 76ers,1,1,25,Made Shot,Driving Layup Shot,2PT Field Goal,Restricted Area,Center(C),Less Than 8 ft.,0.0,9.0,-2.0,1,1,20101217,PHI,LAL
Shot Chart Detail,0021000383,102,101150,Lou Williams,1610612755,Philadelphia 76ers,1,0,42,Made Shot,Driving Dunk Shot,2PT Field Goal,Restricted Area,Center(C),Less Than 8 ft.,0.0,-9.0,3.0,1,1,20101217,PHI,LAL
Shot Chart Detail,0021000383,118,101150,Lou Williams,1610612755,Philadelphia 76ers,2,10,28,Missed Shot,Jump Shot,3PT Field Goal,Above the Break 3,Right Side Center(RC),24+ ft.,25.0,89.0,236.0,1,0,20101217,PHI,LAL
Shot Chart Detail,0021000383,153,101150,Lou Williams,1610612755,Philadelphia 76ers,2,7,21,Missed Shot,Jump Shot,2PT Field Goal,Restricted Area,Center(C),Less Than 8 ft.,3.0,-29.0,9.0,1,0,20101217,PHI,LAL
Shot Chart Detail,0021000383,177,101150,Lou Williams,1610612755,Philadelphia 76ers,2,5,41,Missed Shot,Jump Shot,2PT Field Goal,In The Paint (Non-RA),Center(C),Less Than 8 ft.,6.0,9.0,64.0,1,0,20101217,PHI,LAL
Shot Chart Detail,0021000383,350,101150,Lou Williams,1610612755,Philadelphia 76ers,3,1,59,Missed Shot,Jump Shot,2PT Field Goal,Mid-Range,Left Side(L),8-16 ft.,13.0,-134.0,14.0,1,0,20101217,PHI,LAL
Shot Chart Detail,0021000383,376,101150,Lou Williams,1610612755,Philadelphia 76ers,3,0,0,Missed Shot,Jump Shot,2PT Field Goal,Mid-Range,Center(C),8-16 ft.,15.0,-75.0,140.0,1,0,20101217,PHI,LAL
Shot Chart Detail,0021000383,388,101150,Lou Williams,1610612755,Philadelphia 76ers,4,11,0,Missed Shot,Jump Shot,2PT Field Goal,In The Paint (Non-RA),Center(C),8-16 ft.,10.0,18.0,107.0,1,0,20101217,PHI,LAL
Shot Chart Detail,0021000383,402,101150,Lou Williams,1610612755,Philadelphia 76ers,4,10,9,Missed Shot,Jump Shot,3PT Field Goal,Right Corner 3,Right Side(R),24+ ft.,23.0,233.0,0.0,1,0,20101217,PHI,LAL
Shot Chart Detail,0021000383,516,101150,Lou Williams,1610612755,Philadelphia 76ers,4,0,49,Made Shot,Driving Layup Shot,2PT Field Goal,Restricted Area,Center(C),Less Than 8 ft.,1.0,-4.0,11.0,1,1,20101217,PHI,LAL
Shot Chart Detail,0021000392,136,101150,Lou Williams,1610612755,Philadelphia 76ers,2,11,12,Made Shot,Floating Jump shot,2PT Field Goal,In The Paint (Non-RA),Center(C),8-16 ft.,10.0,42.0,99.0,1,1,20101218,ORL,PHI
Shot Chart Detail,0021000392,190,101150,Lou Williams,1610612755,Philadelphia 76ers,2,6,24,Made Shot,Layup Shot,2PT Field Goal,Restricted Area,Center(C),Less Than 8 ft.,2.0,15.0,20.0,1,1,20101218,ORL,PHI
Shot Chart Detail,0021000392,211,101150,Lou Williams,1610612755,Philadelphia 76ers,2,4,58,Made Shot,Driving Layup Shot,2PT Field Goal,Restricted Area,Center(C),Less Than 8 ft.,2.0,15.0,20.0,1,1,20101218,ORL,PHI
Shot Chart Detail,0021000392,214,101150,Lou Williams,1610612755,Philadelphia 76ers,2,4,37,Missed Shot,Jump Shot,3PT Field Goal,Above the Break 3,Center(C),24+ ft.,24.0,-11.0,246.0,1,0,20101218,ORL,PHI
Shot Chart Detail,0021000392,223,101150,Lou Williams,1610612755,Philadelphia 76ers,2,4,8,Made Shot,Floating Jump shot,2PT Field Goal,In The Paint (Non-RA),Center(C),8-16 ft.,9.0,-21.0,94.0,1,1,20101218,ORL,PHI
Shot Chart Detail,0021000392,233,101150,Lou Williams,1610612755,Philadelphia 76ers,2,3,2,Missed Shot,Jump Shot,2PT Field Goal,Mid-Range,Right Side(R),16-24 ft.,18.0,179.0,28.0,1,0,20101218,ORL,PHI
Shot Chart Detail,0021000392,377,101150,Lou Williams,1610612755,Philadelphia 76ers,3,0,30,Missed Shot,Fadeaway Jump Shot,2PT Field Goal,Mid-Range,Left Side(L),8-16 ft.,13.0,-131.0,47.0,1,0,20101218,ORL,PHI
Shot Chart Detail,0021000392,471,101150,Lou Williams,1610612755,Philadelphia 76ers,4,4,35,Missed Shot,Driving Layup Shot,2PT Field Goal,Restricted Area,Center(C),Less Than 8 ft.,1.0,13.0,9.0,1,0,20101218,ORL,PHI
Shot Chart Detail,0021000392,480,101150,Lou Williams,1610612755,Philadelphia 76ers,4,3,33,Made Shot,Jump Shot,3PT Field Goal,Above the Break 3,Center(C),24+ ft.,26.0,-4.0,268.0,1,1,20101218,ORL,PHI
Shot Chart Detail,0021000417,73,101150,Lou Williams,1610612755,Philadelphia 76ers,1,3,55,Missed Shot,Jump Shot,3PT Field Goal,Above the Break 3,Left Side Center(LC),24+ ft.,24.0,-190.0,162.0,1,0,20101221,CHI,PHI
Shot Chart Detail,0021000417,89,101150,Lou Williams,1610612755,Philadelphia 76ers,1,2,9,Made Shot,Driving Layup Shot,2PT Field Goal,Restricted Area,Center(C),Less Than 8 ft.,1.0,6.0,12.0,1,1,20101221,CHI,PHI
Shot Chart Detail,0021000417,106,101150,Lou Williams,1610612755,Philadelphia 76ers,1,0,29,Missed Shot,Jump Shot,3PT Field Goal,Left Corner 3,Left Side(L),24+ ft.,24.0,-246.0,16.0,1,0,20101221,CHI,PHI
Shot Chart Detail,0021000417,139,101150,Lou Williams,1610612755,Philadelphia 76ers,2,7,52,Missed Shot,Jump Shot,2PT Field Goal,In The Paint (Non-RA),Center(C),8-16 ft.,8.0,-11.0,86.0,1,0,20101221,CHI,PHI
Shot Chart Detail,0021000417,149,101150,Lou Williams,1610612755,Philadelphia 76ers,2,6,1,Made Shot,Fadeaway Jump Shot,2PT Field Goal,In The Paint (Non-RA),Center(C),8-16 ft.,12.0,-45.0,112.0,1,1,20101221,CHI,PHI
Shot Chart Detail,0021000424,153,101150,Lou Williams,1610612755,Philadelphia 76ers,2,7,2,Made Shot,Running Jump Shot,2PT Field Goal,In The Paint (Non-RA),Center(C),Less Than 8 ft.,6.0,0.0,63.0,1,1,20101222,BOS,PHI
Shot Chart Detail,0021000424,158,101150,Lou Williams,1610612755,Philadelphia 76ers,2,6,40,Made Shot,Pullup Jump shot,2PT Field Goal,Mid-Range,Right Side Center(RC),16-24 ft.,20.0,138.0,151.0,1,1,20101222,BOS,PHI
Shot Chart Detail,0021000424,367,101150,Lou Williams,1610612755,Philadelphia 76ers,3,0,0,Made Shot,Step Back Jump shot,2PT Field Goal,Mid-Range,Center(C),16-24 ft.,21.0,0.0,217.0,1,1,20101222,BOS,PHI
Shot Chart Detail,0021000424,388,101150,Lou Williams,1610612755,Philadelphia 76ers,4,9,46,Missed Shot,Running Jump Shot,2PT Field Goal,In The Paint (Non-RA),Left Side(L),8-16 ft.,12.0,-65.0,112.0,1,0,20101222,BOS,PHI
Shot Chart Detail,0021000424,395,101150,Lou Williams,1610612755,Philadelphia 76ers,4,8,40,Missed Shot,Jump Shot,3PT Field Goal,Above the Break 3,Left Side Center(LC),24+ ft.,25.0,-212.0,140.0,1,0,20101222,BOS,PHI
Shot Chart Detail,0021000424,405,101150,Lou Williams,1610612755,Philadelphia 76ers,4,8,6,Made Shot,Jump Shot,2PT Field Goal,Mid-Range,Left Side(L),16-24 ft.,18.0,-180.0,6.0,1,1,20101222,BOS,PHI
Shot Chart Detail,0021000424,456,101150,Lou Williams,1610612755,Philadelphia 76ers,4,3,2,Missed Shot,Jump Shot,3PT Field Goal,Above the Break 3,Left Side Center(LC),24+ ft.,24.0,-166.0,175.0,1,0,20101222,BOS,PHI
Shot Chart Detail,0021000424,465,101150,Lou Williams,1610612755,Philadelphia 76ers,4,2,35,Made Shot,Running Jump Shot,2PT Field Goal,Mid-Range,Left Side(L),8-16 ft.,9.0,-90.0,11.0,1,1,20101222,BOS,PHI
Shot Chart Detail,0021000470,91,101150,Lou Williams,1610612755,Philadelphia 76ers,1,2,18,Made Shot,Jump Shot,3PT Field Goal,Above the Break 3,Center(C),24+ ft.,25.0,-46.0,250.0,1,1,20101229,PHX,PHI
Shot Chart Detail,0021000470,115,101150,Lou Williams,1610612755,Philadelphia 76ers,2,11,37,Made Shot,Running Jump Shot,2PT Field Goal,In The Paint (Non-RA),Right Side(R),8-16 ft.,11.0,72.0,88.0,1,1,20101229,PHX,PHI
Shot Chart Detail,0021000470,122,101150,Lou Williams,1610612755,Philadelphia 76ers,2,11,11,Made Shot,Jump Shot,2PT Field Goal,Mid-Range,Left Side(L),16-24 ft.,17.0,-169.0,34.0,1,1,20101229,PHX,PHI
Shot Chart Detail,0021000470,233,101150,Lou Williams,1610612755,Philadelphia 76ers,2,0,33,Missed Shot,Jump Shot,3PT Field Goal,Above the Break 3,Left Side Center(LC),24+ ft.,24.0,-182.0,170.0,1,0,20101229,PHX,PHI
Shot Chart Detail,0021000470,331,101150,Lou Williams,1610612755,Philadelphia 76ers,3,3,29,Missed Shot,Jump Shot,2PT Field Goal,Mid-Range,Right Side Center(RC),16-24 ft.,19.0,103.0,162.0,1,0,20101229,PHX,PHI
Shot Chart Detail,0021000470,337,101150,Lou Williams,1610612755,Philadelphia 76ers,3,2,33,Missed Shot,Jump Shot,2PT Field Goal,Mid-Range,Center(C),16-24 ft.,17.0,47.0,168.0,1,0,20101229,PHX,PHI
Shot Chart Detail,0021000470,397,101150,Lou Williams,1610612755,Philadelphia 76ers,4,9,33,Missed Shot,Jump Shot,3PT Field Goal,Above the Break 3,Left Side Center(LC),24+ ft.,24.0,-218.0,101.0,1,0,20101229,PHX,PHI
Shot Chart Detail,0021000470,411,101150,Lou Williams,1610612755,Philadelphia 76ers,4,8,30,Missed Shot,Jump Shot,2PT Field Goal,In The Paint (Non-RA),Center(C),Less Than 8 ft.,5.0,-54.0,-11.0,1,0,20101229,PHX,PHI
Shot Chart Detail,0021000483,139,101150,Lou Williams,1610612755,Philadelphia 76ers,2,9,51,Made Shot,Pullup Jump shot,2PT Field Goal,Mid-Range,Center(C),16-24 ft.,20.0,-11.0,205.0,1,1,20101231,LAL,PHI
Shot Chart Detail,0021000483,157,101150,Lou Williams,1610612755,Philadelphia 76ers,2,8,3,Made Shot,Layup Shot,2PT Field Goal,Restricted Area,Center(C),Less Than 8 ft.,1.0,-5.0,15.0,1,1,20101231,LAL,PHI
Shot Chart Detail,0021000483,166,101150,Lou Williams,1610612755,Philadelphia 76ers,2,6,16,Made Shot,Driving Layup Shot,2PT Field Goal,Restricted Area,Center(C),Less Than 8 ft.,1.0,-4.0,17.0,1,1,20101231,LAL,PHI
Shot Chart Detail,0021000483,177,101150,Lou Williams,1610612755,Philadelphia 76ers,2,5,38,Made Shot,Jump Shot,3PT Field Goal,Left Corner 3,Left Side(L),24+ ft.,23.0,-234.0,17.0,1,1,20101231,LAL,PHI
Shot Chart Detail,0021000483,190,101150,Lou Williams,1610612755,Philadelphia 76ers,2,3,52,Missed Shot,Jump Shot,3PT Field Goal,Left Corner 3,Left Side(L),24+ ft.,23.0,-228.0,56.0,1,0,20101231,LAL,PHI
Shot Chart Detail,0021000483,258,101150,Lou Williams,1610612755,Philadelphia 76ers,2,0,1,Missed Shot,Jump Shot,2PT Field Goal,Mid-Range,Right Side(R),16-24 ft.,17.0,166.0,39.0,1,0,20101231,LAL,PHI
Shot Chart Detail,0021000483,378,101150,Lou Williams,1610612755,Philadelphia 76ers,4,11,36,Made Shot,Driving Layup Shot,2PT Field Goal,Restricted Area,Center(C),Less Than 8 ft.,2.0,-15.0,23.0,1,1,20101231,LAL,PHI
Shot Chart Detail,0021000483,398,101150,Lou Williams,1610612755,Philadelphia 76ers,4,9,30,Made Shot,Jump Shot,3PT Field Goal,Above the Break 3,Left Side Center(LC),24+ ft.,24.0,-223.0,105.0,1,1,20101231,LAL,PHI
Shot Chart Detail,0021000483,431,101150,Lou Williams,1610612755,Philadelphia 76ers,4,6,16,Missed Shot,Jump Shot,3PT Field Goal,Above the Break 3,Right Side Center(RC),24+ ft.,25.0,78.0,239.0,1,0,20101231,LAL,PHI
Shot Chart Detail,0021000483,445,101150,Lou Williams,1610612755,Philadelphia 76ers,4,5,14,Made Shot,Fadeaway Jump Shot,2PT Field Goal,Mid-Range,Left Side(L),16-24 ft.,19.0,-198.0,12.0,1,1,20101231,LAL,PHI
Shot Chart Detail,0021000483,447,101150,Lou Williams,1610612755,Philadelphia 76ers,4,4,38,Made Shot,Jump Shot,2PT Field Goal,Mid-Range,Left Side(L),16-24 ft.,18.0,-175.0,50.0,1,1,20101231,LAL,PHI
Shot Chart Detail,0021000483,456,101150,Lou Williams,1610612755,Philadelphia 76ers,4,3,41,Missed Shot,Jump Shot,2PT Field Goal,Mid-Range,Center(C),16-24 ft.,16.0,-29.0,167.0,1,0,20101231,LAL,PHI
Shot Chart Detail,0021000483,465,101150,Lou Williams,1610612755,Philadelphia 76ers,4,2,5,Missed Shot,Jump Shot,3PT Field Goal,Above the Break 3,Center(C),24+ ft.,25.0,-54.0,247.0,1,0,20101231,LAL,PHI
Shot Chart Detail,0021000483,495,101150,Lou Williams,1610612755,Philadelphia 76ers,4,0,4,Missed Shot,Jump Shot,3PT Field Goal,Above the Break 3,Left Side Center(LC),24+ ft.,26.0,-89.0,247.0,1,0,20101231,LAL,PHI
Shot Chart Detail,0021000483,514,101150,Lou Williams,1610612755,Philadelphia 76ers,4,0,1,Missed Shot,Jump Shot,3PT Field Goal,Above the Break 3,Right Side Center(RC),24+ ft.,30.0,119.0,277.0,1,0,20101231,LAL,PHI
Shot Chart Detail,0021000502,39,101150,Lou Williams,1610612755,Philadelphia 76ers,1,7,16,Made Shot,Jump Shot,3PT Field Goal,Above the Break 3,Left Side Center(LC),24+ ft.,24.0,-180.0,165.0,1,1,20110103,NOH,PHI
Shot Chart Detail,0021000502,63,101150,Lou Williams,1610612755,Philadelphia 76ers,1,4,2,Missed Shot,Layup Shot,2PT Field Goal,Restricted Area,Center(C),Less Than 8 ft.,1.0,-7.0,9.0,1,0,20110103,NOH,PHI
Shot Chart Detail,0021000502,64,101150,Lou Williams,1610612755,Philadelphia 76ers,1,4,1,Missed Shot,Tip Shot,2PT Field Goal,Restricted Area,Center(C),Less Than 8 ft.,1.0,-14.0,11.0,1,0,20110103,NOH,PHI
Shot Chart Detail,0021000502,103,101150,Lou Williams,1610612755,Philadelphia 76ers,1,1,5,Missed Shot,Jump Shot,2PT Field Goal,Mid-Range,Left Side(L),16-24 ft.,16.0,-164.0,1.0,1,0,20110103,NOH,PHI
Shot Chart Detail,0021000502,126,101150,Lou Williams,1610612755,Philadelphia 76ers,2,10,23,Missed Shot,Jump Shot,3PT Field Goal,Above the Break 3,Left Side Center(LC),24+ ft.,24.0,-103.0,227.0,1,0,20110103,NOH,PHI
Shot Chart Detail,0021000502,129,101150,Lou Williams,1610612755,Philadelphia 76ers,2,9,50,Missed Shot,Layup Shot,2PT Field Goal,Restricted Area,Center(C),Less Than 8 ft.,3.0,-29.0,12.0,1,0,20110103,NOH,PHI
Shot Chart Detail,0021000502,278,101150,Lou Williams,1610612755,Philadelphia 76ers,3,8,31,Missed Shot,Layup Shot,2PT Field Goal,Restricted Area,Center(C),Less Than 8 ft.,2.0,29.0,7.0,1,0,20110103,NOH,PHI
Shot Chart Detail,0021000502,285,101150,Lou Williams,1610612755,Philadelphia 76ers,3,7,39,Missed Shot,Jump Shot,2PT Field Goal,Mid-Range,Right Side Center(RC),16-24 ft.,19.0,144.0,138.0,1,0,20110103,NOH,PHI
Shot Chart Detail,0021000502,290,101150,Lou Williams,1610612755,Philadelphia 76ers,3,6,51,Missed Shot,Jump Shot,3PT Field Goal,Above the Break 3,Left Side Center(LC),24+ ft.,27.0,-138.0,233.0,1,0,20110103,NOH,PHI
Shot Chart Detail,0021000502,308,101150,Lou Williams,1610612755,Philadelphia 76ers,3,5,2,Missed Shot,Jump Shot,2PT Field Goal,Mid-Range,Center(C),8-16 ft.,14.0,-21.0,143.0,1,0,20110103,NOH,PHI
Shot Chart Detail,0021000502,396,101150,Lou Williams,1610612755,Philadelphia 76ers,4,7,48,Missed Shot,Jump Shot,3PT Field Goal,Above the Break 3,Right Side Center(RC),24+ ft.,24.0,78.0,231.0,1,0,20110103,NOH,PHI
Shot Chart Detail,0021000515,96,101150,Lou Williams,1610612755,Philadelphia 76ers,1,1,9,Made Shot,Step Back Jump shot,2PT Field Goal,Mid-Range,Right Side Center(RC),16-24 ft.,16.0,119.0,116.0,1,1,20110105,PHI,WAS
Shot Chart Detail,0021000515,123,101150,Lou Williams,1610612755,Philadelphia 76ers,2,11,19,Missed Shot,Jump Shot,2PT Field Goal,Mid-Range,Left Side(L),8-16 ft.,13.0,-86.0,104.0,1,0,20110105,PHI,WAS
Shot Chart Detail,0021000515,186,101150,Lou Williams,1610612755,Philadelphia 76ers,2,5,22,Made Shot,Driving Layup Shot,2PT Field Goal,Restricted Area,Center(C),Less Than 8 ft.,0.0,-4.0,4.0,1,1,20110105,PHI,WAS
Shot Chart Detail,0021000515,333,101150,Lou Williams,1610612755,Philadelphia 76ers,3,3,8,Missed Shot,Jump Shot,2PT Field Goal,Mid-Range,Right Side(R),8-16 ft.,14.0,111.0,97.0,1,0,20110105,PHI,WAS
Shot Chart Detail,0021000515,342,101150,Lou Williams,1610612755,Philadelphia 76ers,3,2,21,Made Shot,Driving Reverse Layup Shot,2PT Field Goal,Restricted Area,Center(C),Less Than 8 ft.,2.0,17.0,15.0,1,1,20110105,PHI,WAS
Shot Chart Detail,0021000515,368,101150,Lou Williams,1610612755,Philadelphia 76ers,3,0,0,Made Shot,Fadeaway Jump Shot,2PT Field Goal,Mid-Range,Center(C),16-24 ft.,21.0,-65.0,205.0,1,1,20110105,PHI,WAS
Shot Chart Detail,0021000515,393,101150,Lou Williams,1610612755,Philadelphia 76ers,4,9,7,Missed Shot,Jump Shot,2PT Field Goal,Restricted Area,Center(C),Less Than 8 ft.,3.0,24.0,20.0,1,0,20110105,PHI,WAS
Shot Chart Detail,0021000515,404,101150,Lou Williams,1610612755,Philadelphia 76ers,4,7,41,Made Shot,Jump Shot,3PT Field Goal,Above the Break 3,Center(C),24+ ft.,26.0,-45.0,257.0,1,1,20110105,PHI,WAS
Shot Chart Detail,0021000515,448,101150,Lou Williams,1610612755,Philadelphia 76ers,4,2,38,Made Shot,Jump Shot,3PT Field Goal,Above the Break 3,Left Side Center(LC),24+ ft.,25.0,-152.0,201.0,1,1,20110105,PHI,WAS
Shot Chart Detail,0021000515,451,101150,Lou Williams,1610612755,Philadelphia 76ers,4,2,4,Made Shot,Driving Layup Shot,2PT Field Goal,Restricted Area,Center(C),Less Than 8 ft.,1.0,18.0,6.0,1,1,20110105,PHI,WAS
Shot Chart Detail,0021000526,97,101150,Lou Williams,1610612755,Philadelphia 76ers,1,1,25,Missed Shot,Jump Shot,2PT Field Goal,In The Paint (Non-RA),Center(C),Less Than 8 ft.,4.0,39.0,-21.0,1,0,20110107,PHI,CHI
Shot Chart Detail,0021000526,121,101150,Lou Williams,1610612755,Philadelphia 76ers,2,10,56,Made Shot,Jump Shot,3PT Field Goal,Above the Break 3,Left Side Center(LC),24+ ft.,25.0,-207.0,146.0,1,1,20110107,PHI,CHI
Shot Chart Detail,0021000526,127,101150,Lou Williams,1610612755,Philadelphia 76ers,2,10,20,Missed Shot,Jump Shot,3PT Field Goal,Above the Break 3,Center(C),24+ ft.,27.0,-65.0,266.0,1,0,20110107,PHI,CHI
Shot Chart Detail,0021000526,163,101150,Lou Williams,1610612755,Philadelphia 76ers,2,7,2,Made Shot,Floating Jump shot,2PT Field Goal,Mid-Range,Right Side(R),8-16 ft.,8.0,83.0,25.0,1,1,20110107,PHI,CHI
Shot Chart Detail,0021000526,215,101150,Lou Williams,1610612755,Philadelphia 76ers,2,2,2,Made Shot,Pullup Jump shot,2PT Field Goal,Mid-Range,Left Side(L),8-16 ft.,13.0,-119.0,63.0,1,1,20110107,PHI,CHI
Shot Chart Detail,0021000526,230,101150,Lou Williams,1610612755,Philadelphia 76ers,2,0,1,Made Shot,Jump Shot,3PT Field Goal,Above the Break 3,Center(C),24+ ft.,26.0,-73.0,252.0,1,1,20110107,PHI,CHI
Shot Chart Detail,0021000526,374,101150,Lou Williams,1610612755,Philadelphia 76ers,4,8,34,Made Shot,Driving Finger Roll Layup Shot,2PT Field Goal,Restricted Area,Center(C),Less Than 8 ft.,2.0,-5.0,20.0,1,1,20110107,PHI,CHI
Shot Chart Detail,0021000526,376,101150,Lou Williams,1610612755,Philadelphia 76ers,4,7,52,Missed Shot,Jump Shot,2PT Field Goal,Mid-Range,Left Side Center(LC),16-24 ft.,18.0,-106.0,156.0,1,0,20110107,PHI,CHI
Shot Chart Detail,0021000526,398,101150,Lou Williams,1610612755,Philadelphia 76ers,4,6,58,Missed Shot,Driving Layup Shot,2PT Field Goal,Restricted Area,Center(C),Less Than 8 ft.,1.0,14.0,1.0,1,0,20110107,PHI,CHI
Shot Chart Detail,0021000526,426,101150,Lou Williams,1610612755,Philadelphia 76ers,4,3,51,Missed Shot,Jump Shot,3PT Field Goal,Above the Break 3,Center(C),24+ ft.,28.0,-38.0,280.0,1,0,20110107,PHI,CHI
Shot Chart Detail,0021000526,451,101150,Lou Williams,1610612755,Philadelphia 76ers,4,2,26,Missed Shot,Jump Shot,2PT Field Goal,In The Paint (Non-RA),Center(C),Less Than 8 ft.,6.0,62.0,22.0,1,0,20110107,PHI,CHI
Shot Chart Detail,0021000526,460,101150,Lou Williams,1610612755,Philadelphia 76ers,4,1,37,Made Shot,Floating Jump shot,2PT Field Goal,Mid-Range,Left Side(L),8-16 ft.,14.0,-84.0,113.0,1,1,20110107,PHI,CHI
Shot Chart Detail,0021000526,463,101150,Lou Williams,1610612755,Philadelphia 76ers,4,1,7,Made Shot,Driving Layup Shot,2PT Field Goal,Restricted Area,Center(C),Less Than 8 ft.,2.0,-2.0,23.0,1,1,20110107,PHI,CHI
Shot Chart Detail,0021000526,474,101150,Lou Williams,1610612755,Philadelphia 76ers,4,0,17,Missed Shot,Jump Shot,2PT Field Goal,In The Paint (Non-RA),Center(C),Less Than 8 ft.,7.0,-13.0,77.0,1,0,20110107,PHI,CHI
Shot Chart Detail,0021000539,93,101150,Lou Williams,1610612755,Philadelphia 76ers,1,0,39,Missed Shot,Running Jump Shot,2PT Field Goal,In The Paint (Non-RA),Center(C),Less Than 8 ft.,6.0,18.0,58.0,1,0,20110108,DET,PHI
Shot Chart Detail,0021000539,119,101150,Lou Williams,1610612755,Philadelphia 76ers,2,9,22,Made Shot,Jump Shot,2PT Field Goal,Mid-Range,Left Side(L),16-24 ft.,20.0,-204.0,25.0,1,1,20110108,DET,PHI
Shot Chart Detail,0021000539,129,101150,Lou Williams,1610612755,Philadelphia 76ers,2,8,9,Missed Shot,Jump Shot,2PT Field Goal,Mid-Range,Left Side Center(LC),16-24 ft.,20.0,-142.0,142.0,1,0,20110108,DET,PHI
Shot Chart Detail,0021000539,195,101150,Lou Williams,1610612755,Philadelphia 76ers,2,2,1,Made Shot,Reverse Layup Shot,2PT Field Goal,Restricted Area,Center(C),Less Than 8 ft.,0.0,-2.0,3.0,1,1,20110108,DET,PHI
Shot Chart Detail,0021000539,202,101150,Lou Williams,1610612755,Philadelphia 76ers,2,1,27,Missed Shot,Running Jump Shot,2PT Field Goal,Mid-Range,Left Side(L),8-16 ft.,15.0,-155.0,11.0,1,0,20110108,DET,PHI
Shot Chart Detail,0021000539,363,101150,Lou Williams,1610612755,Philadelphia 76ers,3,0,47,Missed Shot,Pullup Jump shot,2PT Field Goal,Mid-Range,Right Side(R),16-24 ft.,16.0,149.0,60.0,1,0,20110108,DET,PHI
Shot Chart Detail,0021000539,369,101150,Lou Williams,1610612755,Philadelphia 76ers,3,0,0,Missed Shot,Jump Shot,3PT Field Goal,Backcourt,Back Court(BC),Back Court Shot,57.0,182.0,548.0,1,0,20110108,DET,PHI
Shot Chart Detail,0021000539,375,101150,Lou Williams,1610612755,Philadelphia 76ers,4,11,27,Made Shot,Jump Shot,2PT Field Goal,Mid-Range,Left Side(L),16-24 ft.,17.0,-171.0,23.0,1,1,20110108,DET,PHI
Shot Chart Detail,0021000539,391,101150,Lou Williams,1610612755,Philadelphia 76ers,4,9,5,Missed Shot,Running Jump Shot,2PT Field Goal,Mid-Range,Right Side(R),8-16 ft.,8.0,81.0,15.0,1,0,20110108,DET,PHI
Shot Chart Detail,0021000539,412,101150,Lou Williams,1610612755,Philadelphia 76ers,4,7,41,Made Shot,Jump Shot,2PT Field Goal,Mid-Range,Right Side(R),16-24 ft.,18.0,185.0,7.0,1,1,20110108,DET,PHI
Shot Chart Detail,0021000539,434,101150,Lou Williams,1610612755,Philadelphia 76ers,4,4,44,Missed Shot,Jump Shot,3PT Field Goal,Right Corner 3,Right Side(R),24+ ft.,23.0,237.0,17.0,1,0,20110108,DET,PHI
Shot Chart Detail,0021000539,448,101150,Lou Williams,1610612755,Philadelphia 76ers,4,2,29,Missed Shot,Driving Layup Shot,2PT Field Goal,Restricted Area,Center(C),Less Than 8 ft.,0.0,-2.0,0.0,1,0,20110108,DET,PHI
Shot Chart Detail,0021000539,457,101150,Lou Williams,1610612755,Philadelphia 76ers,4,1,49,Missed Shot,Finger Roll Layup Shot,2PT Field Goal,Restricted Area,Center(C),Less Than 8 ft.,1.0,-10.0,3.0,1,0,20110108,DET,PHI
Shot Chart Detail,0021000539,493,101150,Lou Williams,1610612755,Philadelphia 76ers,4,0,1,Missed Shot,Jump Shot,2PT Field Goal,Mid-Range,Left Side Center(LC),16-24 ft.,21.0,-122.0,172.0,1,0,20110108,DET,PHI
Shot Chart Detail,0021000539,518,101150,Lou Williams,1610612755,Philadelphia 76ers,5,2,20,Missed Shot,Jump Shot,3PT Field Goal,Above the Break 3,Right Side Center(RC),24+ ft.,25.0,209.0,153.0,1,0,20110108,DET,PHI
Shot Chart Detail,0021000539,545,101150,Lou Williams,1610612755,Philadelphia 76ers,5,1,8,Made Shot,Running Jump Shot,2PT Field Goal,Mid-Range,Right Side(R),8-16 ft.,8.0,86.0,12.0,1,1,20110108,DET,PHI
Shot Chart Detail,0021000539,559,101150,Lou Williams,1610612755,Philadelphia 76ers,5,0,23,Missed Shot,Jump Shot,3PT Field Goal,Above the Break 3,Left Side Center(LC),24+ ft.,25.0,-122.0,228.0,1,0,20110108,DET,PHI
Shot Chart Detail,0021000555,232,101150,Lou Williams,1610612755,Philadelphia 76ers,2,0,59,Made Shot,Jump Shot,2PT Field Goal,Mid-Range,Right Side(R),16-24 ft.,17.0,162.0,52.0,1,1,20110111,PHI,IND
Shot Chart Detail,0021000555,351,101150,Lou Williams,1610612755,Philadelphia 76ers,3,1,44,Missed Shot,Jump Shot,2PT Field Goal,In The Paint (Non-RA),Center(C),8-16 ft.,13.0,13.0,131.0,1,0,20110111,PHI,IND
Shot Chart Detail,0021000555,354,101150,Lou Williams,1610612755,Philadelphia 76ers,3,1,8,Made Shot,Pullup Jump shot,2PT Field Goal,Mid-Range,Left Side(L),8-16 ft.,15.0,-155.0,-2.0,1,1,20110111,PHI,IND
Shot Chart Detail,0021000555,376,101150,Lou Williams,1610612755,Philadelphia 76ers,4,10,52,Made Shot,Jump Shot,2PT Field Goal,Mid-Range,Left Side(L),16-24 ft.,18.0,-185.0,-22.0,1,1,20110111,PHI,IND
Shot Chart Detail,0021000555,391,101150,Lou Williams,1610612755,Philadelphia 76ers,4,9,33,Made Shot,Driving Finger Roll Layup Shot,2PT Field Goal,Restricted Area,Center(C),Less Than 8 ft.,1.0,4.0,11.0,1,1,20110111,PHI,IND
Shot Chart Detail,0021000555,395,101150,Lou Williams,1610612755,Philadelphia 76ers,4,9,4,Missed Shot,Jump Shot,2PT Field Goal,Mid-Range,Left Side Center(LC),16-24 ft.,18.0,-133.0,123.0,1,0,20110111,PHI,IND
Shot Chart Detail,0021000555,403,101150,Lou Williams,1610612755,Philadelphia 76ers,4,8,51,Made Shot,Step Back Jump shot,2PT Field Goal,Mid-Range,Left Side(L),16-24 ft.,17.0,-175.0,-24.0,1,1,20110111,PHI,IND
Shot Chart Detail,0021000555,412,101150,Lou Williams,1610612755,Philadelphia 76ers,4,7,39,Missed Shot,Jump Shot,3PT Field Goal,Above the Break 3,Center(C),24+ ft.,28.0,-71.0,272.0,1,0,20110111,PHI,IND
Shot Chart Detail,0021000555,422,101150,Lou Williams,1610612755,Philadelphia 76ers,4,6,38,Missed Shot,Jump Shot,2PT Field Goal,In The Paint (Non-RA),Center(C),8-16 ft.,11.0,0.0,119.0,1,0,20110111,PHI,IND
Shot Chart Detail,0021000555,454,101150,Lou Williams,1610612755,Philadelphia 76ers,4,1,49,Missed Shot,Jump Shot,3PT Field Goal,Above the Break 3,Left Side Center(LC),24+ ft.,26.0,-185.0,190.0,1,0,20110111,PHI,IND
Shot Chart Detail,0021000555,468,101150,Lou Williams,1610612755,Philadelphia 76ers,4,0,42,Missed Shot,Jump Shot,2PT Field Goal,Mid-Range,Right Side Center(RC),16-24 ft.,17.0,135.0,105.0,1,0,20110111,PHI,IND
Shot Chart Detail,0021000555,484,101150,Lou Williams,1610612755,Philadelphia 76ers,4,0,8,Made Shot,Driving Layup Shot,2PT Field Goal,Restricted Area,Center(C),Less Than 8 ft.,1.0,-7.0,9.0,1,1,20110111,PHI,IND
Shot Chart Detail,0021000555,490,101150,Lou Williams,1610612755,Philadelphia 76ers,4,0,0,Missed Shot,Jump Shot,3PT Field Goal,Above the Break 3,Right Side Center(RC),24+ ft.,26.0,141.0,219.0,1,0,20110111,PHI,IND
Shot Chart Detail,0021000577,96,101150,Lou Williams,1610612755,Philadelphia 76ers,1,1,51,Missed Shot,Layup Shot,2PT Field Goal,Restricted Area,Center(C),Less Than 8 ft.,0.0,-5.0,-3.0,1,0,20110114,PHI,MIL
Shot Chart Detail,0021000577,97,101150,Lou Williams,1610612755,Philadelphia 76ers,1,1,49,Missed Shot,Layup Shot,2PT Field Goal,Restricted Area,Center(C),Less Than 8 ft.,0.0,-5.0,0.0,1,0,20110114,PHI,MIL
Shot Chart Detail,0021000577,109,101150,Lou Williams,1610612755,Philadelphia 76ers,1,0,54,Made Shot,Driving Layup Shot,2PT Field Goal,Restricted Area,Center(C),Less Than 8 ft.,1.0,6.0,12.0,1,1,20110114,PHI,MIL
Shot Chart Detail,0021000577,115,101150,Lou Williams,1610612755,Philadelphia 76ers,1,0,33,Made Shot,Driving Layup Shot,2PT Field Goal,Restricted Area,Center(C),Less Than 8 ft.,1.0,7.0,11.0,1,1,20110114,PHI,MIL
Shot Chart Detail,0021000577,127,101150,Lou Williams,1610612755,Philadelphia 76ers,2,11,34,Made Shot,Pullup Jump shot,3PT Field Goal,Above the Break 3,Left Side Center(LC),24+ ft.,24.0,-190.0,156.0,1,1,20110114,PHI,MIL
Shot Chart Detail,0021000577,155,101150,Lou Williams,1610612755,Philadelphia 76ers,2,8,44,Made Shot,Pullup Jump shot,2PT Field Goal,Mid-Range,Center(C),16-24 ft.,18.0,0.0,181.0,1,1,20110114,PHI,MIL
Shot Chart Detail,0021000577,228,101150,Lou Williams,1610612755,Philadelphia 76ers,2,1,52,Missed Shot,Jump Shot,2PT Field Goal,Mid-Range,Center(C),16-24 ft.,18.0,-29.0,187.0,1,0,20110114,PHI,MIL
Shot Chart Detail,0021000577,252,101150,Lou Williams,1610612755,Philadelphia 76ers,2,0,5,Missed Shot,Jump Shot,2PT Field Goal,Mid-Range,Center(C),16-24 ft.,20.0,-27.0,205.0,1,0,20110114,PHI,MIL
Shot Chart Detail,0021000577,322,101150,Lou Williams,1610612755,Philadelphia 76ers,3,3,32,Made Shot,Jump Shot,2PT Field Goal,Mid-Range,Left Side(L),16-24 ft.,17.0,-179.0,-17.0,1,1,20110114,PHI,MIL
Shot Chart Detail,0021000577,328,101150,Lou Williams,1610612755,Philadelphia 76ers,3,2,45,Missed Shot,Jump Shot,3PT Field Goal,Above the Break 3,Left Side Center(LC),24+ ft.,28.0,-193.0,206.0,1,0,20110114,PHI,MIL
Shot Chart Detail,0021000577,357,101150,Lou Williams,1610612755,Philadelphia 76ers,3,0,1,Missed Shot,Jump Shot,3PT Field Goal,Above the Break 3,Left Side Center(LC),24+ ft.,28.0,-92.0,271.0,1,0,20110114,PHI,MIL
Shot Chart Detail,0021000577,365,101150,Lou Williams,1610612755,Philadelphia 76ers,4,10,41,Made Shot,Layup Shot,2PT Field Goal,Restricted Area,Center(C),Less Than 8 ft.,2.0,15.0,17.0,1,1,20110114,PHI,MIL
Shot Chart Detail,0021000577,434,101150,Lou Williams,1610612755,Philadelphia 76ers,4,3,21,Missed Shot,Jump Shot,3PT Field Goal,Above the Break 3,Left Side Center(LC),24+ ft.,26.0,-228.0,137.0,1,0,20110114,PHI,MIL
Shot Chart Detail,0021000577,453,101150,Lou Williams,1610612755,Philadelphia 76ers,4,0,43,Made Shot,Jump Shot,3PT Field Goal,Above the Break 3,Center(C),24+ ft.,26.0,13.0,260.0,1,1,20110114,PHI,MIL
Shot Chart Detail,0021000601,111,101150,Lou Williams,1610612755,Philadelphia 76ers,1,0,0,Missed Shot,Jump Shot,2PT Field Goal,Mid-Range,Left Side Center(LC),16-24 ft.,18.0,-82.0,164.0,1,0,20110117,PHI,CHA
Shot Chart Detail,0021000601,156,101150,Lou Williams,1610612755,Philadelphia 76ers,2,7,54,Missed Shot,Jump Shot,2PT Field Goal,Mid-Range,Left Side(L),16-24 ft.,18.0,-180.0,-8.0,1,0,20110117,PHI,CHA
Shot Chart Detail,0021000601,277,101150,Lou Williams,1610612755,Philadelphia 76ers,3,8,58,Made Shot,Floating Jump shot,2PT Field Goal,In The Paint (Non-RA),Center(C),Less Than 8 ft.,7.0,-68.0,30.0,1,1,20110117,PHI,CHA
Shot Chart Detail,0021000601,299,101150,Lou Williams,1610612755,Philadelphia 76ers,3,6,55,Made Shot,Running Layup Shot,2PT Field Goal,Restricted Area,Center(C),Less Than 8 ft.,2.0,24.0,14.0,1,1,20110117,PHI,CHA
Shot Chart Detail,0021000601,314,101150,Lou Williams,1610612755,Philadelphia 76ers,3,6,8,Missed Shot,Jump Shot,3PT Field Goal,Left Corner 3,Left Side(L),24+ ft.,22.0,-229.0,-17.0,1,0,20110117,PHI,CHA
Shot Chart Detail,0021000601,329,101150,Lou Williams,1610612755,Philadelphia 76ers,3,4,39,Made Shot,Layup Shot,2PT Field Goal,Restricted Area,Center(C),Less Than 8 ft.,1.0,15.0,4.0,1,1,20110117,PHI,CHA
Shot Chart Detail,0021000601,337,101150,Lou Williams,1610612755,Philadelphia 76ers,3,4,8,Made Shot,Driving Layup Shot,2PT Field Goal,Restricted Area,Center(C),Less Than 8 ft.,1.0,-13.0,7.0,1,1,20110117,PHI,CHA
Shot Chart Detail,0021000601,366,101150,Lou Williams,1610612755,Philadelphia 76ers,3,1,58,Missed Shot,Layup Shot,2PT Field Goal,Restricted Area,Center(C),Less Than 8 ft.,2.0,24.0,6.0,1,0,20110117,PHI,CHA
Shot Chart Detail,0021000601,386,101150,Lou Williams,1610612755,Philadelphia 76ers,3,0,31,Missed Shot,Jump Shot,3PT Field Goal,Above the Break 3,Right Side Center(RC),24+ ft.,25.0,152.0,203.0,1,0,20110117,PHI,CHA
Shot Chart Detail,0021000601,424,101150,Lou Williams,1610612755,Philadelphia 76ers,4,9,21,Made Shot,Driving Layup Shot,2PT Field Goal,Restricted Area,Center(C),Less Than 8 ft.,1.0,2.0,12.0,1,1,20110117,PHI,CHA
Shot Chart Detail,0021000601,431,101150,Lou Williams,1610612755,Philadelphia 76ers,4,8,2,Made Shot,Floating Jump shot,2PT Field Goal,In The Paint (Non-RA),Center(C),Less Than 8 ft.,5.0,-52.0,3.0,1,1,20110117,PHI,CHA
Shot Chart Detail,0021000601,472,101150,Lou Williams,1610612755,Philadelphia 76ers,4,2,54,Made Shot,Floating Jump shot,2PT Field Goal,In The Paint (Non-RA),Center(C),Less Than 8 ft.,4.0,47.0,15.0,1,1,20110117,PHI,CHA
Shot Chart Detail,0021000601,478,101150,Lou Williams,1610612755,Philadelphia 76ers,4,2,21,Missed Shot,Driving Layup Shot,2PT Field Goal,Restricted Area,Center(C),Less Than 8 ft.,2.0,21.0,4.0,1,0,20110117,PHI,CHA
Shot Chart Detail,0021000601,524,101150,Lou Williams,1610612755,Philadelphia 76ers,4,0,4,Made Shot,Jump Shot,3PT Field Goal,Left Corner 3,Left Side(L),24+ ft.,23.0,-237.0,-16.0,1,1,20110117,PHI,CHA
Shot Chart Detail,0021000601,550,101150,Lou Williams,1610612755,Philadelphia 76ers,5,3,16,Missed Shot,Jump Shot,2PT Field Goal,In The Paint (Non-RA),Center(C),8-16 ft.,11.0,58.0,104.0,1,0,20110117,PHI,CHA
Shot Chart Detail,0021000615,73,101150,Lou Williams,1610612755,Philadelphia 76ers,1,4,32,Missed Shot,Jump Shot,2PT Field Goal,Mid-Range,Left Side(L),16-24 ft.,18.0,-183.0,-10.0,1,0,20110119,ORL,PHI
Shot Chart Detail,0021000615,137,101150,Lou Williams,1610612755,Philadelphia 76ers,2,11,49,Missed Shot,Jump Shot,2PT Field Goal,In The Paint (Non-RA),Center(C),8-16 ft.,11.0,6.0,110.0,1,0,20110119,ORL,PHI
Shot Chart Detail,0021000615,139,101150,Lou Williams,1610612755,Philadelphia 76ers,2,11,46,Missed Shot,Jump Shot,2PT Field Goal,In The Paint (Non-RA),Center(C),Less Than 8 ft.,5.0,36.0,36.0,1,0,20110119,ORL,PHI
Shot Chart Detail,0021000615,159,101150,Lou Williams,1610612755,Philadelphia 76ers,2,9,51,Made Shot,Floating Jump shot,2PT Field Goal,Mid-Range,Left Side(L),8-16 ft.,11.0,-119.0,4.0,1,1,20110119,ORL,PHI
Shot Chart Detail,0021000615,169,101150,Lou Williams,1610612755,Philadelphia 76ers,2,8,55,Missed Shot,Floating Jump shot,2PT Field Goal,Mid-Range,Right Side(R),8-16 ft.,11.0,81.0,75.0,1,0,20110119,ORL,PHI
Shot Chart Detail,0021000615,197,101150,Lou Williams,1610612755,Philadelphia 76ers,2,6,17,Made Shot,Jump Shot,2PT Field Goal,Mid-Range,Right Side(R),16-24 ft.,18.0,152.0,102.0,1,1,20110119,ORL,PHI
Shot Chart Detail,0021000615,255,101150,Lou Williams,1610612755,Philadelphia 76ers,2,1,6,Made Shot,Fadeaway Jump Shot,2PT Field Goal,Mid-Range,Left Side(L),8-16 ft.,13.0,-130.0,4.0,1,1,20110119,ORL,PHI
Shot Chart Detail,0021000615,373,101150,Lou Williams,1610612755,Philadelphia 76ers,3,4,39,Missed Shot,Jump Shot,3PT Field Goal,Above the Break 3,Right Side Center(RC),24+ ft.,27.0,222.0,165.0,1,0,20110119,ORL,PHI
Shot Chart Detail,0021000615,384,101150,Lou Williams,1610612755,Philadelphia 76ers,3,3,8,Made Shot,Driving Layup Shot,2PT Field Goal,Restricted Area,Center(C),Less Than 8 ft.,3.0,-16.0,28.0,1,1,20110119,ORL,PHI
Shot Chart Detail,0021000615,397,101150,Lou Williams,1610612755,Philadelphia 76ers,3,1,48,Made Shot,Jump Shot,2PT Field Goal,Restricted Area,Center(C),Less Than 8 ft.,3.0,0.0,31.0,1,1,20110119,ORL,PHI
Shot Chart Detail,0021000615,407,101150,Lou Williams,1610612755,Philadelphia 76ers,3,0,0,Missed Shot,Jump Shot,3PT Field Goal,Above the Break 3,Center(C),24+ ft.,27.0,-19.0,277.0,1,0,20110119,ORL,PHI
Shot Chart Detail,0021000615,498,101150,Lou Williams,1610612755,Philadelphia 76ers,4,3,59,Missed Shot,Layup Shot,2PT Field Goal,Restricted Area,Center(C),Less Than 8 ft.,2.0,8.0,19.0,1,0,20110119,ORL,PHI
Shot Chart Detail,0021000615,503,101150,Lou Williams,1610612755,Philadelphia 76ers,4,3,34,Made Shot,Layup Shot,2PT Field Goal,Restricted Area,Center(C),Less Than 8 ft.,2.0,11.0,22.0,1,1,20110119,ORL,PHI
Shot Chart Detail,0021000615,518,101150,Lou Williams,1610612755,Philadelphia 76ers,4,2,48,Missed Shot,Jump Shot,2PT Field Goal,Mid-Range,Left Side Center(LC),16-24 ft.,18.0,-112.0,151.0,1,0,20110119,ORL,PHI
Shot Chart Detail,0021000615,584,101150,Lou Williams,1610612755,Philadelphia 76ers,4,0,1,Missed Shot,Fadeaway Jump Shot,3PT Field Goal,Above the Break 3,Right Side Center(RC),24+ ft.,26.0,166.0,211.0,1,0,20110119,ORL,PHI
Shot Chart Detail,0021000615,630,101150,Lou Williams,1610612755,Philadelphia 76ers,5,1,22,Missed Shot,Jump Shot,3PT Field Goal,Above the Break 3,Right Side Center(RC),24+ ft.,27.0,166.0,214.0,1,0,20110119,ORL,PHI
Shot Chart Detail,0021000615,640,101150,Lou Williams,1610612755,Philadelphia 76ers,5,0,45,Missed Shot,Jump Shot,2PT Field Goal,In The Paint (Non-RA),Center(C),Less Than 8 ft.,6.0,61.0,30.0,1,0,20110119,ORL,PHI
Shot Chart Detail,0021000626,59,101150,Lou Williams,1610612755,Philadelphia 76ers,1,3,49,Made Shot,Driving Jump shot,2PT Field Goal,Mid-Range,Left Side(L),8-16 ft.,15.0,-141.0,72.0,1,1,20110120,CHA,PHI
Shot Chart Detail,0021000626,62,101150,Lou Williams,1610612755,Philadelphia 76ers,1,3,4,Missed Shot,Jump Shot,3PT Field Goal,Above the Break 3,Center(C),24+ ft.,25.0,-62.0,252.0,1,0,20110120,CHA,PHI
Shot Chart Detail,0021000626,71,101150,Lou Williams,1610612755,Philadelphia 76ers,1,2,28,Made Shot,Jump Shot,2PT Field Goal,In The Paint (Non-RA),Left Side(L),8-16 ft.,8.0,-75.0,31.0,1,1,20110120,CHA,PHI
Shot Chart Detail,0021000626,117,101150,Lou Williams,1610612755,Philadelphia 76ers,2,9,49,Missed Shot,Jump Shot,2PT Field Goal,In The Paint (Non-RA),Center(C),Less Than 8 ft.,4.0,47.0,7.0,1,0,20110120,CHA,PHI
Shot Chart Detail,0021000626,236,101150,Lou Williams,1610612755,Philadelphia 76ers,2,0,0,Missed Shot,Jump Shot,3PT Field Goal,Above the Break 3,Left Side Center(LC),24+ ft.,28.0,-147.0,244.0,1,0,20110120,CHA,PHI
Shot Chart Detail,0021000626,352,101150,Lou Williams,1610612755,Philadelphia 76ers,3,1,10,Made Shot,Jump Bank Shot,2PT Field Goal,Mid-Range,Center(C),8-16 ft.,15.0,-48.0,151.0,1,1,20110120,CHA,PHI
Shot Chart Detail,0021000626,357,101150,Lou Williams,1610612755,Philadelphia 76ers,3,0,8,Missed Shot,Jump Shot,3PT Field Goal,Above the Break 3,Center(C),24+ ft.,26.0,-23.0,260.0,1,0,20110120,CHA,PHI
Shot Chart Detail,0021000626,367,101150,Lou Williams,1610612755,Philadelphia 76ers,4,11,22,Made Shot,Driving Layup Shot,2PT Field Goal,Restricted Area,Center(C),Less Than 8 ft.,2.0,0.0,22.0,1,1,20110120,CHA,PHI
Shot Chart Detail,0021000626,410,101150,Lou Williams,1610612755,Philadelphia 76ers,4,7,34,Missed Shot,Jump Shot,3PT Field Goal,Above the Break 3,Center(C),24+ ft.,25.0,75.0,246.0,1,0,20110120,CHA,PHI
Shot Chart Detail,0021000644,114,101150,Lou Williams,1610612755,Philadelphia 76ers,1,0,23,Missed Shot,Jump Shot,2PT Field Goal,Mid-Range,Left Side Center(LC),16-24 ft.,16.0,-125.0,105.0,1,0,20110122,PHI,UTA
Shot Chart Detail,0021000644,134,101150,Lou Williams,1610612755,Philadelphia 76ers,2,8,55,Missed Shot,Jump Shot,2PT Field Goal,Mid-Range,Left Side(L),8-16 ft.,14.0,-149.0,4.0,1,0,20110122,PHI,UTA
Shot Chart Detail,0021000644,136,101150,Lou Williams,1610612755,Philadelphia 76ers,2,8,37,Made Shot,Driving Dunk Shot,2PT Field Goal,Restricted Area,Center(C),Less Than 8 ft.,0.0,-8.0,1.0,1,1,20110122,PHI,UTA
Shot Chart Detail,0021000644,147,101150,Lou Williams,1610612755,Philadelphia 76ers,2,7,16,Made Shot,Jump Shot,3PT Field Goal,Above the Break 3,Left Side Center(LC),24+ ft.,25.0,-174.0,181.0,1,1,20110122,PHI,UTA
Shot Chart Detail,0021000644,199,101150,Lou Williams,1610612755,Philadelphia 76ers,2,3,33,Made Shot,Jump Shot,3PT Field Goal,Left Corner 3,Left Side(L),24+ ft.,23.0,-237.0,-16.0,1,1,20110122,PHI,UTA
Shot Chart Detail,0021000644,221,101150,Lou Williams,1610612755,Philadelphia 76ers,2,1,12,Missed Shot,Jump Shot,3PT Field Goal,Above the Break 3,Right Side Center(RC),24+ ft.,25.0,91.0,235.0,1,0,20110122,PHI,UTA
Shot Chart Detail,0021000644,236,101150,Lou Williams,1610612755,Philadelphia 76ers,2,0,3,Made Shot,Fadeaway Jump Shot,2PT Field Goal,Mid-Range,Left Side(L),8-16 ft.,9.0,-92.0,30.0,1,1,20110122,PHI,UTA
Shot Chart Detail,0021000644,341,101150,Lou Williams,1610612755,Philadelphia 76ers,3,2,10,Missed Shot,Jump Shot,2PT Field Goal,In The Paint (Non-RA),Center(C),Less Than 8 ft.,5.0,-41.0,33.0,1,0,20110122,PHI,UTA
Shot Chart Detail,0021000644,343,101150,Lou Williams,1610612755,Philadelphia 76ers,3,2,5,Missed Shot,Jump Shot,2PT Field Goal,Mid-Range,Left Side(L),8-16 ft.,10.0,-103.0,-5.0,1,0,20110122,PHI,UTA
Shot Chart Detail,0021000644,347,101150,Lou Williams,1610612755,Philadelphia 76ers,3,1,53,Made Shot,Dunk Shot,2PT Field Goal,Restricted Area,Center(C),Less Than 8 ft.,0.0,-7.0,4.0,1,1,20110122,PHI,UTA
Shot Chart Detail,0021000644,376,101150,Lou Williams,1610612755,Philadelphia 76ers,4,11,51,Missed Shot,Jump Shot,2PT Field Goal,In The Paint (Non-RA),Center(C),Less Than 8 ft.,4.0,-16.0,41.0,1,0,20110122,PHI,UTA
Shot Chart Detail,0021000644,397,101150,Lou Williams,1610612755,Philadelphia 76ers,4,9,43,Missed Shot,Jump Shot,2PT Field Goal,Mid-Range,Center(C),16-24 ft.,18.0,6.0,186.0,1,0,20110122,PHI,UTA
Shot Chart Detail,0021000644,420,101150,Lou Williams,1610612755,Philadelphia 76ers,4,7,57,Missed Shot,Jump Shot,2PT Field Goal,Restricted Area,Center(C),Less Than 8 ft.,3.0,-21.0,33.0,1,0,20110122,PHI,UTA
Shot Chart Detail,0021000644,426,101150,Lou Williams,1610612755,Philadelphia 76ers,4,7,27,Missed Shot,Jump Shot,3PT Field Goal,Above the Break 3,Center(C),24+ ft.,25.0,61.0,246.0,1,0,20110122,PHI,UTA
Shot Chart Detail,0021000644,484,101150,Lou Williams,1610612755,Philadelphia 76ers,4,2,1,Missed Shot,Jump Shot,2PT Field Goal,Mid-Range,Right Side(R),8-16 ft.,14.0,143.0,23.0,1,0,20110122,PHI,UTA
Shot Chart Detail,0021000655,96,101150,Lou Williams,1610612755,Philadelphia 76ers,1,0,31,Made Shot,Pullup Jump shot,2PT Field Goal,Mid-Range,Left Side Center(LC),16-24 ft.,18.0,-144.0,119.0,1,1,20110124,PHI,PHX
Shot Chart Detail,0021000655,123,101150,Lou Williams,1610612755,Philadelphia 76ers,2,9,38,Made Shot,Jump Shot,2PT Field Goal,Mid-Range,Left Side Center(LC),16-24 ft.,16.0,-108.0,119.0,1,1,20110124,PHI,PHX
Shot Chart Detail,0021000655,139,101150,Lou Williams,1610612755,Philadelphia 76ers,2,8,2,Made Shot,Jump Shot,3PT Field Goal,Above the Break 3,Center(C),24+ ft.,26.0,4.0,265.0,1,1,20110124,PHI,PHX
Shot Chart Detail,0021000655,284,101150,Lou Williams,1610612755,Philadelphia 76ers,3,4,35,Made Shot,Jump Shot,3PT Field Goal,Above the Break 3,Left Side Center(LC),24+ ft.,25.0,-215.0,138.0,1,1,20110124,PHI,PHX
Shot Chart Detail,0021000655,296,101150,Lou Williams,1610612755,Philadelphia 76ers,3,2,32,Missed Shot,Jump Shot,3PT Field Goal,Above the Break 3,Left Side Center(LC),24+ ft.,25.0,-169.0,186.0,1,0,20110124,PHI,PHX
Shot Chart Detail,0021000655,328,101150,Lou Williams,1610612755,Philadelphia 76ers,4,11,35,Missed Shot,Jump Shot,2PT Field Goal,Mid-Range,Center(C),16-24 ft.,18.0,-37.0,181.0,1,0,20110124,PHI,PHX
Shot Chart Detail,0021000655,369,101150,Lou Williams,1610612755,Philadelphia 76ers,4,6,7,Missed Shot,Jump Shot,3PT Field Goal,Above the Break 3,Left Side Center(LC),24+ ft.,26.0,-158.0,209.0,1,0,20110124,PHI,PHX
Shot Chart Detail,0021000655,410,101150,Lou Williams,1610612755,Philadelphia 76ers,4,1,31,Missed Shot,Jump Shot,2PT Field Goal,Mid-Range,Left Side(L),8-16 ft.,13.0,-109.0,85.0,1,0,20110124,PHI,PHX
Shot Chart Detail,0021000655,418,101150,Lou Williams,1610612755,Philadelphia 76ers,4,0,32,Made Shot,Pullup Jump shot,2PT Field Goal,Mid-Range,Center(C),16-24 ft.,18.0,-27.0,181.0,1,1,20110124,PHI,PHX
Shot Chart Detail,0021000670,52,101150,Lou Williams,1610612755,Philadelphia 76ers,1,6,33,Made Shot,Driving Finger Roll Layup Shot,2PT Field Goal,Restricted Area,Center(C),Less Than 8 ft.,1.0,13.0,15.0,1,1,20110126,TOR,PHI
Shot Chart Detail,0021000670,83,101150,Lou Williams,1610612755,Philadelphia 76ers,1,2,56,Missed Shot,Pullup Jump shot,2PT Field Goal,Mid-Range,Left Side Center(LC),16-24 ft.,21.0,-100.0,186.0,1,0,20110126,TOR,PHI
Shot Chart Detail,0021000670,118,101150,Lou Williams,1610612755,Philadelphia 76ers,1,0,7,Missed Shot,Jump Shot,2PT Field Goal,Mid-Range,Left Side Center(LC),16-24 ft.,20.0,-131.0,157.0,1,0,20110126,TOR,PHI
Shot Chart Detail,0021000670,233,101150,Lou Williams,1610612755,Philadelphia 76ers,2,1,32,Missed Shot,Jump Shot,3PT Field Goal,Above the Break 3,Center(C),24+ ft.,25.0,23.0,252.0,1,0,20110126,TOR,PHI
Shot Chart Detail,0021000670,326,101150,Lou Williams,1610612755,Philadelphia 76ers,3,5,30,Made Shot,Jump Shot,3PT Field Goal,Left Corner 3,Left Side(L),24+ ft.,22.0,-226.0,4.0,1,1,20110126,TOR,PHI
Shot Chart Detail,0021000670,343,101150,Lou Williams,1610612755,Philadelphia 76ers,3,4,14,Made Shot,Jump Shot,3PT Field Goal,Left Corner 3,Left Side(L),24+ ft.,23.0,-231.0,3.0,1,1,20110126,TOR,PHI
Shot Chart Detail,0021000670,356,101150,Lou Williams,1610612755,Philadelphia 76ers,3,2,26,Made Shot,Jump Shot,3PT Field Goal,Above the Break 3,Left Side Center(LC),24+ ft.,23.0,-164.0,175.0,1,1,20110126,TOR,PHI
Shot Chart Detail,0021000670,380,101150,Lou Williams,1610612755,Philadelphia 76ers,3,0,6,Made Shot,Step Back Jump shot,2PT Field Goal,Mid-Range,Left Side Center(LC),16-24 ft.,20.0,-152.0,131.0,1,1,20110126,TOR,PHI
Shot Chart Detail,0021000670,429,101150,Lou Williams,1610612755,Philadelphia 76ers,4,7,22,Made Shot,Driving Layup Shot,2PT Field Goal,Restricted Area,Center(C),Less Than 8 ft.,1.0,-4.0,19.0,1,1,20110126,TOR,PHI
Shot Chart Detail,0021000670,434,101150,Lou Williams,1610612755,Philadelphia 76ers,4,6,26,Missed Shot,Jump Shot,3PT Field Goal,Above the Break 3,Right Side Center(RC),24+ ft.,25.0,131.0,217.0,1,0,20110126,TOR,PHI
Shot Chart Detail,0021000682,50,101150,Lou Williams,1610612755,Philadelphia 76ers,1,6,14,Missed Shot,Jump Shot,2PT Field Goal,In The Paint (Non-RA),Center(C),Less Than 8 ft.,7.0,45.0,61.0,1,0,20110128,PHI,MEM
Shot Chart Detail,0021000682,109,101150,Lou Williams,1610612755,Philadelphia 76ers,1,0,48,Missed Shot,Jump Shot,2PT Field Goal,Mid-Range,Left Side Center(LC),16-24 ft.,20.0,-90.0,186.0,1,0,20110128,PHI,MEM
Shot Chart Detail,0021000682,155,101150,Lou Williams,1610612755,Philadelphia 76ers,2,8,44,Made Shot,Jump Shot,3PT Field Goal,Above the Break 3,Center(C),24+ ft.,25.0,2.0,258.0,1,1,20110128,PHI,MEM
Shot Chart Detail,0021000682,221,101150,Lou Williams,1610612755,Philadelphia 76ers,2,0,55,Missed Shot,Jump Shot,2PT Field Goal,Mid-Range,Left Side Center(LC),16-24 ft.,18.0,-68.0,175.0,1,0,20110128,PHI,MEM
Shot Chart Detail,0021000682,235,101150,Lou Williams,1610612755,Philadelphia 76ers,2,0,2,Missed Shot,Jump Shot,2PT Field Goal,Mid-Range,Left Side(L),16-24 ft.,16.0,-161.0,-25.0,1,0,20110128,PHI,MEM
Shot Chart Detail,0021000682,333,101150,Lou Williams,1610612755,Philadelphia 76ers,3,1,41,Made Shot,Jump Shot,3PT Field Goal,Left Corner 3,Left Side(L),24+ ft.,24.0,-248.0,-2.0,1,1,20110128,PHI,MEM
Shot Chart Detail,0021000682,376,101150,Lou Williams,1610612755,Philadelphia 76ers,4,9,57,Missed Shot,Jump Shot,2PT Field Goal,Mid-Range,Right Side(R),16-24 ft.,18.0,182.0,48.0,1,0,20110128,PHI,MEM
Shot Chart Detail,0021000682,450,101150,Lou Williams,1610612755,Philadelphia 76ers,4,2,2,Missed Shot,Jump Shot,2PT Field Goal,Mid-Range,Left Side Center(LC),16-24 ft.,18.0,-100.0,156.0,1,0,20110128,PHI,MEM
Shot Chart Detail,0021000682,534,101150,Lou Williams,1610612755,Philadelphia 76ers,4,0,2,Missed Shot,Jump Shot,3PT Field Goal,Above the Break 3,Right Side Center(RC),24+ ft.,28.0,177.0,219.0,1,0,20110128,PHI,MEM
Shot Chart Detail,0021000704,122,101150,Lou Williams,1610612755,Philadelphia 76ers,2,10,52,Made Shot,Driving Layup Shot,2PT Field Goal,Restricted Area,Center(C),Less Than 8 ft.,2.0,-18.0,14.0,1,1,20110130,PHI,DEN
Shot Chart Detail,0021000704,134,101150,Lou Williams,1610612755,Philadelphia 76ers,2,9,12,Missed Shot,Jump Shot,2PT Field Goal,Mid-Range,Right Side(R),8-16 ft.,14.0,144.0,9.0,1,0,20110130,PHI,DEN
Shot Chart Detail,0021000704,175,101150,Lou Williams,1610612755,Philadelphia 76ers,2,5,1,Missed Shot,Jump Shot,2PT Field Goal,Mid-Range,Left Side(L),8-16 ft.,14.0,-144.0,14.0,1,0,20110130,PHI,DEN
Shot Chart Detail,0021000704,394,101150,Lou Williams,1610612755,Philadelphia 76ers,4,8,37,Missed Shot,Jump Shot,2PT Field Goal,Mid-Range,Left Side Center(LC),16-24 ft.,16.0,-131.0,101.0,1,0,20110130,PHI,DEN
Shot Chart Detail,0021000704,397,101150,Lou Williams,1610612755,Philadelphia 76ers,4,8,22,Made Shot,Dunk Shot,2PT Field Goal,Restricted Area,Center(C),Less Than 8 ft.,0.0,-7.0,7.0,1,1,20110130,PHI,DEN
Shot Chart Detail,0021000704,406,101150,Lou Williams,1610612755,Philadelphia 76ers,4,7,24,Missed Shot,Jump Shot,3PT Field Goal,Above the Break 3,Left Side Center(LC),24+ ft.,24.0,-187.0,160.0,1,0,20110130,PHI,DEN
Shot Chart Detail,0021000704,409,101150,Lou Williams,1610612755,Philadelphia 76ers,4,7,6,Made Shot,Reverse Layup Shot,2PT Field Goal,Restricted Area,Center(C),Less Than 8 ft.,1.0,-8.0,6.0,1,1,20110130,PHI,DEN
Shot Chart Detail,0021000704,445,101150,Lou Williams,1610612755,Philadelphia 76ers,4,4,16,Made Shot,Jump Shot,3PT Field Goal,Right Corner 3,Right Side(R),24+ ft.,22.0,226.0,7.0,1,1,20110130,PHI,DEN
Shot Chart Detail,0021000704,470,101150,Lou Williams,1610612755,Philadelphia 76ers,4,0,59,Missed Shot,Jump Shot,2PT Field Goal,Mid-Range,Left Side Center(LC),16-24 ft.,17.0,-86.0,154.0,1,0,20110130,PHI,DEN
Shot Chart Detail,0021000704,473,101150,Lou Williams,1610612755,Philadelphia 76ers,4,0,26,Missed Shot,Jump Shot,3PT Field Goal,Above the Break 3,Center(C),24+ ft.,27.0,31.0,271.0,1,0,20110130,PHI,DEN
Shot Chart Detail,0021000721,81,101150,Lou Williams,1610612755,Philadelphia 76ers,1,1,22,Made Shot,Jump Shot,3PT Field Goal,Above the Break 3,Center(C),24+ ft.,25.0,6.0,257.0,1,1,20110202,NJN,PHI
Shot Chart Detail,0021000721,90,101150,Lou Williams,1610612755,Philadelphia 76ers,1,0,28,Missed Shot,Jump Shot,3PT Field Goal,Above the Break 3,Left Side Center(LC),24+ ft.,25.0,-101.0,239.0,1,0,20110202,NJN,PHI
Shot Chart Detail,0021000721,166,101150,Lou Williams,1610612755,Philadelphia 76ers,2,7,2,Made Shot,Jump Shot,2PT Field Goal,Mid-Range,Right Side(R),16-24 ft.,18.0,189.0,-3.0,1,1,20110202,NJN,PHI
Shot Chart Detail,0021000721,243,101150,Lou Williams,1610612755,Philadelphia 76ers,2,0,11,Missed Shot,Driving Layup Shot,2PT Field Goal,Restricted Area,Center(C),Less Than 8 ft.,3.0,-30.0,11.0,1,0,20110202,NJN,PHI
Shot Chart Detail,0021000721,342,101150,Lou Williams,1610612755,Philadelphia 76ers,3,3,4,Made Shot,Jump Shot,3PT Field Goal,Above the Break 3,Right Side Center(RC),24+ ft.,24.0,204.0,140.0,1,1,20110202,NJN,PHI
Shot Chart Detail,0021000721,353,101150,Lou Williams,1610612755,Philadelphia 76ers,3,2,23,Missed Shot,Jump Shot,3PT Field Goal,Left Corner 3,Left Side(L),24+ ft.,23.0,-239.0,-13.0,1,0,20110202,NJN,PHI
Shot Chart Detail,0021000721,379,101150,Lou Williams,1610612755,Philadelphia 76ers,3,0,20,Made Shot,Driving Finger Roll Layup Shot,2PT Field Goal,Restricted Area,Center(C),Less Than 8 ft.,2.0,23.0,11.0,1,1,20110202,NJN,PHI
Shot Chart Detail,0021000721,396,101150,Lou Williams,1610612755,Philadelphia 76ers,4,11,1,Made Shot,Driving Layup Shot,2PT Field Goal,Restricted Area,Center(C),Less Than 8 ft.,2.0,24.0,4.0,1,1,20110202,NJN,PHI
Shot Chart Detail,0021000721,438,101150,Lou Williams,1610612755,Philadelphia 76ers,4,6,46,Made Shot,Driving Layup Shot,2PT Field Goal,Restricted Area,Center(C),Less Than 8 ft.,1.0,18.0,1.0,1,1,20110202,NJN,PHI
Shot Chart Detail,0021000721,446,101150,Lou Williams,1610612755,Philadelphia 76ers,4,5,21,Missed Shot,Driving Layup Shot,2PT Field Goal,Restricted Area,Center(C),Less Than 8 ft.,2.0,18.0,22.0,1,0,20110202,NJN,PHI
Shot Chart Detail,0021000721,459,101150,Lou Williams,1610612755,Philadelphia 76ers,4,3,56,Missed Shot,Jump Shot,3PT Field Goal,Above the Break 3,Center(C),24+ ft.,25.0,77.0,247.0,1,0,20110202,NJN,PHI
Shot Chart Detail,0021000721,496,101150,Lou Williams,1610612755,Philadelphia 76ers,4,0,29,Made Shot,Jump Shot,3PT Field Goal,Above the Break 3,Left Side Center(LC),24+ ft.,26.0,-171.0,201.0,1,1,20110202,NJN,PHI
Shot Chart Detail,0021000735,125,101150,Lou Williams,1610612755,Philadelphia 76ers,2,11,10,Missed Shot,Layup Shot,2PT Field Goal,Restricted Area,Center(C),Less Than 8 ft.,2.0,-21.0,-10.0,1,0,20110204,PHI,NYK
Shot Chart Detail,0021000735,153,101150,Lou Williams,1610612755,Philadelphia 76ers,2,8,51,Missed Shot,Floating Jump shot,2PT Field Goal,In The Paint (Non-RA),Center(C),Less Than 8 ft.,7.0,-70.0,-24.0,1,0,20110204,PHI,NYK
Shot Chart Detail,0021000735,161,101150,Lou Williams,1610612755,Philadelphia 76ers,2,8,23,Missed Shot,Jump Shot,2PT Field Goal,Mid-Range,Left Side(L),16-24 ft.,17.0,-179.0,15.0,1,0,20110204,PHI,NYK
Shot Chart Detail,0021000735,351,101150,Lou Williams,1610612755,Philadelphia 76ers,3,4,24,Made Shot,Jump Shot,2PT Field Goal,In The Paint (Non-RA),Center(C),8-16 ft.,13.0,54.0,124.0,1,1,20110204,PHI,NYK
Shot Chart Detail,0021000735,372,101150,Lou Williams,1610612755,Philadelphia 76ers,3,2,58,Missed Shot,Jump Shot,2PT Field Goal,Mid-Range,Center(C),8-16 ft.,15.0,20.0,154.0,1,0,20110204,PHI,NYK
Shot Chart Detail,0021000735,379,101150,Lou Williams,1610612755,Philadelphia 76ers,3,2,19,Made Shot,Jump Shot,2PT Field Goal,Mid-Range,Right Side Center(RC),16-24 ft.,17.0,132.0,121.0,1,1,20110204,PHI,NYK
Shot Chart Detail,0021000735,382,101150,Lou Williams,1610612755,Philadelphia 76ers,3,1,58,Missed Shot,Jump Shot,2PT Field Goal,In The Paint (Non-RA),Center(C),Less Than 8 ft.,5.0,17.0,48.0,1,0,20110204,PHI,NYK
Shot Chart Detail,0021000735,403,101150,Lou Williams,1610612755,Philadelphia 76ers,4,11,46,Missed Shot,Jump Shot,2PT Field Goal,Mid-Range,Center(C),16-24 ft.,18.0,-13.0,183.0,1,0,20110204,PHI,NYK
Shot Chart Detail,0021000735,423,101150,Lou Williams,1610612755,Philadelphia 76ers,4,9,41,Missed Shot,Jump Shot,2PT Field Goal,In The Paint (Non-RA),Center(C),Less Than 8 ft.,5.0,-4.0,55.0,1,0,20110204,PHI,NYK
Shot Chart Detail,0021000735,443,101150,Lou Williams,1610612755,Philadelphia 76ers,4,7,14,Missed Shot,Jump Shot,2PT Field Goal,In The Paint (Non-RA),Center(C),Less Than 8 ft.,4.0,-41.0,-25.0,1,0,20110204,PHI,NYK
Shot Chart Detail,0021000735,449,101150,Lou Williams,1610612755,Philadelphia 76ers,4,6,43,Made Shot,Dunk Shot,2PT Field Goal,Restricted Area,Center(C),Less Than 8 ft.,1.0,9.0,-8.0,1,1,20110204,PHI,NYK
Shot Chart Detail,0021000735,451,101150,Lou Williams,1610612755,Philadelphia 76ers,4,6,12,Missed Shot,Jump Shot,3PT Field Goal,Above the Break 3,Center(C),24+ ft.,25.0,50.0,255.0,1,0,20110204,PHI,NYK
Shot Chart Detail,0021000735,504,101150,Lou Williams,1610612755,Philadelphia 76ers,4,0,55,Missed Shot,Jump Shot,3PT Field Goal,Above the Break 3,Left Side Center(LC),24+ ft.,25.0,-138.0,219.0,1,0,20110204,PHI,NYK
Shot Chart Detail,0021000735,511,101150,Lou Williams,1610612755,Philadelphia 76ers,4,0,14,Missed Shot,Jump Shot,2PT Field Goal,In The Paint (Non-RA),Center(C),Less Than 8 ft.,6.0,-41.0,52.0,1,0,20110204,PHI,NYK
Shot Chart Detail,0021000756,100,101150,Lou Williams,1610612755,Philadelphia 76ers,1,2,24,Made Shot,Running Jump Shot,2PT Field Goal,Mid-Range,Left Side(L),8-16 ft.,13.0,-97.0,97.0,1,1,20110206,NYK,PHI
Shot Chart Detail,0021000756,113,101150,Lou Williams,1610612755,Philadelphia 76ers,1,0,36,Made Shot,Turnaround Jump Shot,2PT Field Goal,In The Paint (Non-RA),Center(C),Less Than 8 ft.,6.0,-30.0,52.0,1,1,20110206,NYK,PHI
Shot Chart Detail,0021000756,115,101150,Lou Williams,1610612755,Philadelphia 76ers,1,0,3,Missed Shot,Jump Shot,2PT Field Goal,Mid-Range,Center(C),16-24 ft.,22.0,39.0,222.0,1,0,20110206,NYK,PHI
Shot Chart Detail,0021000756,241,101150,Lou Williams,1610612755,Philadelphia 76ers,2,0,14,Made Shot,Jump Shot,2PT Field Goal,Mid-Range,Left Side(L),16-24 ft.,19.0,-155.0,110.0,1,1,20110206,NYK,PHI
Shot Chart Detail,0021000756,306,101150,Lou Williams,1610612755,Philadelphia 76ers,3,5,54,Missed Shot,Jump Shot,2PT Field Goal,Mid-Range,Left Side(L),8-16 ft.,15.0,-106.0,116.0,1,0,20110206,NYK,PHI
Shot Chart Detail,0021000756,330,101150,Lou Williams,1610612755,Philadelphia 76ers,3,4,11,Made Shot,Fadeaway Jump Shot,2PT Field Goal,Mid-Range,Left Side(L),8-16 ft.,13.0,-138.0,-22.0,1,1,20110206,NYK,PHI
Shot Chart Detail,0021000756,361,101150,Lou Williams,1610612755,Philadelphia 76ers,3,0,55,Made Shot,Jump Shot,3PT Field Goal,Above the Break 3,Center(C),24+ ft.,28.0,-21.0,280.0,1,1,20110206,NYK,PHI
Shot Chart Detail,0021000756,369,101150,Lou Williams,1610612755,Philadelphia 76ers,3,0,6,Missed Shot,Jump Shot,2PT Field Goal,Mid-Range,Left Side Center(LC),16-24 ft.,18.0,-114.0,148.0,1,0,20110206,NYK,PHI
Shot Chart Detail,0021000756,379,101150,Lou Williams,1610612755,Philadelphia 76ers,4,10,52,Missed Shot,Running Jump Shot,2PT Field Goal,Mid-Range,Right Side(R),8-16 ft.,9.0,97.0,22.0,1,0,20110206,NYK,PHI
Shot Chart Detail,0021000756,432,101150,Lou Williams,1610612755,Philadelphia 76ers,4,4,39,Missed Shot,Jump Shot,2PT Field Goal,Mid-Range,Left Side(L),16-24 ft.,19.0,-160.0,108.0,1,0,20110206,NYK,PHI
Shot Chart Detail,0021000756,478,101150,Lou Williams,1610612755,Philadelphia 76ers,4,0,54,Made Shot,Jump Shot,3PT Field Goal,Left Corner 3,Left Side(L),24+ ft.,22.0,-229.0,-13.0,1,1,20110206,NYK,PHI
Shot Chart Detail,0021000756,480,101150,Lou Williams,1610612755,Philadelphia 76ers,4,0,29,Missed Shot,Jump Shot,3PT Field Goal,Above the Break 3,Right Side Center(RC),24+ ft.,25.0,193.0,160.0,1,0,20110206,NYK,PHI
Shot Chart Detail,0021000766,95,101150,Lou Williams,1610612755,Philadelphia 76ers,1,0,54,Made Shot,Jump Shot,2PT Field Goal,Mid-Range,Left Side(L),16-24 ft.,17.0,-158.0,69.0,1,1,20110208,ATL,PHI
Shot Chart Detail,0021000766,104,101150,Lou Williams,1610612755,Philadelphia 76ers,1,0,4,Made Shot,Fadeaway Jump Shot,2PT Field Goal,Mid-Range,Center(C),16-24 ft.,19.0,-52.0,189.0,1,1,20110208,ATL,PHI
Shot Chart Detail,0021000766,144,101150,Lou Williams,1610612755,Philadelphia 76ers,2,8,47,Missed Shot,Jump Shot,2PT Field Goal,Mid-Range,Left Side Center(LC),16-24 ft.,19.0,-127.0,142.0,1,0,20110208,ATL,PHI
Shot Chart Detail,0021000766,157,101150,Lou Williams,1610612755,Philadelphia 76ers,2,7,17,Made Shot,Driving Layup Shot,2PT Field Goal,Restricted Area,Center(C),Less Than 8 ft.,0.0,1.0,6.0,1,1,20110208,ATL,PHI
Shot Chart Detail,0021000766,168,101150,Lou Williams,1610612755,Philadelphia 76ers,2,5,54,Made Shot,Turnaround Jump Shot,2PT Field Goal,In The Paint (Non-RA),Center(C),8-16 ft.,12.0,-2.0,127.0,1,1,20110208,ATL,PHI
Shot Chart Detail,0021000766,175,101150,Lou Williams,1610612755,Philadelphia 76ers,2,5,17,Made Shot,Jump Shot,2PT Field Goal,Mid-Range,Left Side(L),8-16 ft.,14.0,-138.0,26.0,1,1,20110208,ATL,PHI
Shot Chart Detail,0021000766,212,101150,Lou Williams,1610612755,Philadelphia 76ers,2,1,15,Made Shot,Jump Shot,2PT Field Goal,Mid-Range,Left Side(L),16-24 ft.,20.0,-182.0,89.0,1,1,20110208,ATL,PHI
Shot Chart Detail,0021000766,229,101150,Lou Williams,1610612755,Philadelphia 76ers,2,0,2,Missed Shot,Jump Shot,3PT Field Goal,Above the Break 3,Center(C),24+ ft.,25.0,-18.0,254.0,1,0,20110208,ATL,PHI
Shot Chart Detail,0021000766,334,101150,Lou Williams,1610612755,Philadelphia 76ers,3,3,16,Made Shot,Jump Shot,3PT Field Goal,Above the Break 3,Right Side Center(RC),24+ ft.,25.0,177.0,183.0,1,1,20110208,ATL,PHI
Shot Chart Detail,0021000766,365,101150,Lou Williams,1610612755,Philadelphia 76ers,3,1,19,Missed Shot,Driving Layup Shot,2PT Field Goal,Restricted Area,Center(C),Less Than 8 ft.,1.0,13.0,12.0,1,0,20110208,ATL,PHI
Shot Chart Detail,0021000766,377,101150,Lou Williams,1610612755,Philadelphia 76ers,3,0,31,Missed Shot,Jump Shot,3PT Field Goal,Above the Break 3,Center(C),24+ ft.,25.0,-19.0,252.0,1,0,20110208,ATL,PHI
Shot Chart Detail,0021000766,386,101150,Lou Williams,1610612755,Philadelphia 76ers,3,0,0,Missed Shot,Jump Shot,3PT Field Goal,Above the Break 3,Center(C),24+ ft.,39.0,18.0,391.0,1,0,20110208,ATL,PHI
Shot Chart Detail,0021000766,445,101150,Lou Williams,1610612755,Philadelphia 76ers,4,6,41,Made Shot,Driving Layup Shot,2PT Field Goal,Restricted Area,Center(C),Less Than 8 ft.,2.0,21.0,11.0,1,1,20110208,ATL,PHI
Shot Chart Detail,0021000776,144,101150,Lou Williams,1610612755,Philadelphia 76ers,2,10,51,Missed Shot,Jump Shot,2PT Field Goal,Mid-Range,Left Side(L),16-24 ft.,17.0,-179.0,-14.0,1,0,20110209,PHI,ORL
Shot Chart Detail,0021000776,166,101150,Lou Williams,1610612755,Philadelphia 76ers,2,8,51,Made Shot,Pullup Jump shot,3PT Field Goal,Above the Break 3,Right Side Center(RC),24+ ft.,26.0,125.0,231.0,1,1,20110209,PHI,ORL
Shot Chart Detail,0021000776,171,101150,Lou Williams,1610612755,Philadelphia 76ers,2,8,14,Missed Shot,Jump Shot,3PT Field Goal,Right Corner 3,Right Side(R),24+ ft.,23.0,231.0,-5.0,1,0,20110209,PHI,ORL
Shot Chart Detail,0021000776,192,101150,Lou Williams,1610612755,Philadelphia 76ers,2,5,22,Made Shot,Driving Layup Shot,2PT Field Goal,Restricted Area,Center(C),Less Than 8 ft.,2.0,-24.0,1.0,1,1,20110209,PHI,ORL
Shot Chart Detail,0021000776,353,101150,Lou Williams,1610612755,Philadelphia 76ers,3,2,2,Missed Shot,Jump Shot,2PT Field Goal,In The Paint (Non-RA),Left Side(L),8-16 ft.,9.0,-68.0,60.0,1,0,20110209,PHI,ORL
Shot Chart Detail,0021000776,362,101150,Lou Williams,1610612755,Philadelphia 76ers,3,1,0,Missed Shot,Jump Shot,2PT Field Goal,Mid-Range,Left Side(L),16-24 ft.,17.0,-149.0,94.0,1,0,20110209,PHI,ORL
Shot Chart Detail,0021000776,387,101150,Lou Williams,1610612755,Philadelphia 76ers,4,11,15,Missed Shot,Jump Shot,2PT Field Goal,Mid-Range,Right Side(R),8-16 ft.,11.0,110.0,26.0,1,0,20110209,PHI,ORL
Shot Chart Detail,0021000776,399,101150,Lou Williams,1610612755,Philadelphia 76ers,4,9,38,Made Shot,Driving Bank shot,2PT Field Goal,In The Paint (Non-RA),Center(C),Less Than 8 ft.,4.0,-40.0,-3.0,1,1,20110209,PHI,ORL
Shot Chart Detail,0021000776,410,101150,Lou Williams,1610612755,Philadelphia 76ers,4,8,46,Made Shot,Pullup Jump shot,2PT Field Goal,Mid-Range,Center(C),16-24 ft.,22.0,-46.0,222.0,1,1,20110209,PHI,ORL
Shot Chart Detail,0021000776,433,101150,Lou Williams,1610612755,Philadelphia 76ers,4,6,3,Missed Shot,Jump Shot,3PT Field Goal,Above the Break 3,Center(C),24+ ft.,26.0,29.0,261.0,1,0,20110209,PHI,ORL
Shot Chart Detail,0021000776,448,101150,Lou Williams,1610612755,Philadelphia 76ers,4,5,1,Made Shot,Fadeaway Jump Shot,2PT Field Goal,Mid-Range,Left Side(L),16-24 ft.,16.0,-166.0,-8.0,1,1,20110209,PHI,ORL
Shot Chart Detail,0021000776,461,101150,Lou Williams,1610612755,Philadelphia 76ers,4,3,19,Made Shot,Driving Layup Shot,2PT Field Goal,Restricted Area,Center(C),Less Than 8 ft.,2.0,23.0,4.0,1,1,20110209,PHI,ORL
Shot Chart Detail,0021000776,478,101150,Lou Williams,1610612755,Philadelphia 76ers,4,1,44,Made Shot,Pullup Jump shot,2PT Field Goal,In The Paint (Non-RA),Center(C),Less Than 8 ft.,7.0,32.0,64.0,1,1,20110209,PHI,ORL
Shot Chart Detail,0021000776,512,101150,Lou Williams,1610612755,Philadelphia 76ers,4,0,26,Made Shot,Jump Shot,3PT Field Goal,Above the Break 3,Right Side Center(RC),24+ ft.,25.0,127.0,222.0,1,1,20110209,PHI,ORL
Shot Chart Detail,0021000776,518,101150,Lou Williams,1610612755,Philadelphia 76ers,4,0,14,Made Shot,Jump Shot,3PT Field Goal,Above the Break 3,Center(C),24+ ft.,27.0,-34.0,268.0,1,1,20110209,PHI,ORL
Shot Chart Detail,0021000789,142,101150,Lou Williams,1610612755,Philadelphia 76ers,2,9,2,Missed Shot,Jump Shot,2PT Field Goal,Mid-Range,Center(C),16-24 ft.,18.0,-35.0,184.0,1,0,20110211,PHI,SAS
Shot Chart Detail,0021000789,186,101150,Lou Williams,1610612755,Philadelphia 76ers,2,6,4,Missed Shot,Jump Shot,2PT Field Goal,Mid-Range,Left Side(L),8-16 ft.,8.0,-84.0,-2.0,1,0,20110211,PHI,SAS
Shot Chart Detail,0021000789,249,101150,Lou Williams,1610612755,Philadelphia 76ers,2,0,39,Made Shot,Pullup Jump shot,2PT Field Goal,Mid-Range,Left Side Center(LC),16-24 ft.,17.0,-75.0,159.0,1,1,20110211,PHI,SAS
Shot Chart Detail,0021000789,258,101150,Lou Williams,1610612755,Philadelphia 76ers,2,0,6,Made Shot,Running Bank shot,2PT Field Goal,In The Paint (Non-RA),Center(C),Less Than 8 ft.,6.0,64.0,4.0,1,1,20110211,PHI,SAS
Shot Chart Detail,0021000789,306,101150,Lou Williams,1610612755,Philadelphia 76ers,3,6,40,Missed Shot,Layup Shot,2PT Field Goal,Restricted Area,Center(C),Less Than 8 ft.,2.0,17.0,15.0,1,0,20110211,PHI,SAS
Shot Chart Detail,0021000789,309,101150,Lou Williams,1610612755,Philadelphia 76ers,3,6,28,Missed Shot,Jump Shot,2PT Field Goal,In The Paint (Non-RA),Center(C),Less Than 8 ft.,4.0,15.0,42.0,1,0,20110211,PHI,SAS
Shot Chart Detail,0021000789,360,101150,Lou Williams,1610612755,Philadelphia 76ers,3,2,46,Missed Shot,Jump Shot,2PT Field Goal,In The Paint (Non-RA),Left Side(L),8-16 ft.,10.0,-79.0,72.0,1,0,20110211,PHI,SAS
Shot Chart Detail,0021000789,372,101150,Lou Williams,1610612755,Philadelphia 76ers,3,1,43,Made Shot,Driving Jump shot,2PT Field Goal,In The Paint (Non-RA),Center(C),Less Than 8 ft.,7.0,2.0,71.0,1,1,20110211,PHI,SAS
Shot Chart Detail,0021000789,380,101150,Lou Williams,1610612755,Philadelphia 76ers,3,0,54,Missed Shot,Layup Shot,2PT Field Goal,Restricted Area,Center(C),Less Than 8 ft.,1.0,0.0,15.0,1,0,20110211,PHI,SAS
Shot Chart Detail,0021000789,384,101150,Lou Williams,1610612755,Philadelphia 76ers,3,0,18,Missed Shot,Jump Shot,2PT Field Goal,Mid-Range,Left Side Center(LC),16-24 ft.,17.0,-92.0,153.0,1,0,20110211,PHI,SAS
Shot Chart Detail,0021000789,396,101150,Lou Williams,1610612755,Philadelphia 76ers,4,11,1,Missed Shot,Jump Shot,2PT Field Goal,In The Paint (Non-RA),Center(C),Less Than 8 ft.,4.0,36.0,26.0,1,0,20110211,PHI,SAS
Shot Chart Detail,0021000789,468,101150,Lou Williams,1610612755,Philadelphia 76ers,4,2,43,Missed Shot,Jump Shot,3PT Field Goal,Above the Break 3,Right Side Center(RC),24+ ft.,25.0,181.0,181.0,1,0,20110211,PHI,SAS
Shot Chart Detail,0021000789,481,101150,Lou Williams,1610612755,Philadelphia 76ers,4,0,49,Missed Shot,Jump Shot,2PT Field Goal,In The Paint (Non-RA),Center(C),8-16 ft.,9.0,0.0,99.0,1,0,20110211,PHI,SAS
Shot Chart Detail,0021000799,58,101150,Lou Williams,1610612755,Philadelphia 76ers,1,6,40,Made Shot,Jump Shot,2PT Field Goal,Mid-Range,Right Side Center(RC),16-24 ft.,19.0,129.0,148.0,1,1,20110212,MIN,PHI
Shot Chart Detail,0021000799,102,101150,Lou Williams,1610612755,Philadelphia 76ers,1,2,8,Missed Shot,Jump Shot,2PT Field Goal,In The Paint (Non-RA),Center(C),Less Than 8 ft.,5.0,-32.0,41.0,1,0,20110212,MIN,PHI
Shot Chart Detail,0021000799,119,101150,Lou Williams,1610612755,Philadelphia 76ers,1,0,27,Missed Shot,Jump Shot,3PT Field Goal,Above the Break 3,Center(C),24+ ft.,26.0,-8.0,265.0,1,0,20110212,MIN,PHI
Shot Chart Detail,0021000799,170,101150,Lou Williams,1610612755,Philadelphia 76ers,2,8,56,Missed Shot,Jump Shot,2PT Field Goal,Mid-Range,Right Side(R),16-24 ft.,23.0,207.0,115.0,1,0,20110212,MIN,PHI
Shot Chart Detail,0021000799,270,101150,Lou Williams,1610612755,Philadelphia 76ers,2,0,1,Missed Shot,Jump Shot,3PT Field Goal,Above the Break 3,Left Side Center(LC),24+ ft.,25.0,-169.0,187.0,1,0,20110212,MIN,PHI
Shot Chart Detail,0021000799,386,101150,Lou Williams,1610612755,Philadelphia 76ers,3,0,10,Made Shot,Jump Shot,3PT Field Goal,Above the Break 3,Center(C),24+ ft.,31.0,2.0,317.0,1,1,20110212,MIN,PHI
Shot Chart Detail,0021000799,420,101150,Lou Williams,1610612755,Philadelphia 76ers,4,9,17,Missed Shot,Jump Shot,2PT Field Goal,Mid-Range,Center(C),16-24 ft.,21.0,-29.0,217.0,1,0,20110212,MIN,PHI
Shot Chart Detail,0021000799,439,101150,Lou Williams,1610612755,Philadelphia 76ers,4,8,2,Missed Shot,Jump Shot,2PT Field Goal,Mid-Range,Left Side Center(LC),16-24 ft.,18.0,-95.0,160.0,1,0,20110212,MIN,PHI
Shot Chart Detail,0021000799,443,101150,Lou Williams,1610612755,Philadelphia 76ers,4,7,35,Made Shot,Driving Layup Shot,2PT Field Goal,Restricted Area,Center(C),Less Than 8 ft.,1.0,-9.0,12.0,1,1,20110212,MIN,PHI
Shot Chart Detail,0021000820,87,101150,Lou Williams,1610612755,Philadelphia 76ers,1,2,10,Missed Shot,Jump Shot,2PT Field Goal,In The Paint (Non-RA),Center(C),Less Than 8 ft.,5.0,-43.0,26.0,1,0,20110215,MEM,PHI
Shot Chart Detail,0021000820,101,101150,Lou Williams,1610612755,Philadelphia 76ers,1,0,35,Missed Shot,Step Back Jump shot,2PT Field Goal,Mid-Range,Left Side(L),16-24 ft.,16.0,-164.0,6.0,1,0,20110215,MEM,PHI
Shot Chart Detail,0021000820,153,101150,Lou Williams,1610612755,Philadelphia 76ers,2,6,42,Missed Shot,Jump Shot,3PT Field Goal,Above the Break 3,Left Side Center(LC),24+ ft.,24.0,-220.0,105.0,1,0,20110215,MEM,PHI
Shot Chart Detail,0021000820,155,101150,Lou Williams,1610612755,Philadelphia 76ers,2,6,37,Made Shot,Driving Slam Dunk Shot,2PT Field Goal,Restricted Area,Center(C),Less Than 8 ft.,1.0,-13.0,7.0,1,1,20110215,MEM,PHI
Shot Chart Detail,0021000820,219,101150,Lou Williams,1610612755,Philadelphia 76ers,2,1,44,Missed Shot,Jump Shot,3PT Field Goal,Above the Break 3,Left Side Center(LC),24+ ft.,25.0,-201.0,153.0,1,0,20110215,MEM,PHI
Shot Chart Detail,0021000820,240,101150,Lou Williams,1610612755,Philadelphia 76ers,2,0,36,Made Shot,Jump Shot,3PT Field Goal,Above the Break 3,Center(C),24+ ft.,24.0,-37.0,244.0,1,1,20110215,MEM,PHI
Shot Chart Detail,0021000820,242,101150,Lou Williams,1610612755,Philadelphia 76ers,2,0,2,Made Shot,Turnaround Jump Shot,2PT Field Goal,In The Paint (Non-RA),Center(C),Less Than 8 ft.,7.0,42.0,61.0,1,1,20110215,MEM,PHI
Shot Chart Detail,0021000820,355,101150,Lou Williams,1610612755,Philadelphia 76ers,3,2,5,Made Shot,Layup Shot,2PT Field Goal,Restricted Area,Center(C),Less Than 8 ft.,2.0,20.0,1.0,1,1,20110215,MEM,PHI
Shot Chart Detail,0021000820,367,101150,Lou Williams,1610612755,Philadelphia 76ers,3,0,49,Missed Shot,Jump Shot,2PT Field Goal,Mid-Range,Left Side(L),8-16 ft.,15.0,-89.0,129.0,1,0,20110215,MEM,PHI
Shot Chart Detail,0021000820,370,101150,Lou Williams,1610612755,Philadelphia 76ers,3,0,32,Missed Shot,Layup Shot,2PT Field Goal,Restricted Area,Center(C),Less Than 8 ft.,2.0,-19.0,7.0,1,0,20110215,MEM,PHI
Shot Chart Detail,0021000820,378,101150,Lou Williams,1610612755,Philadelphia 76ers,3,0,1,Missed Shot,Jump Shot,3PT Field Goal,Above the Break 3,Right Side Center(RC),24+ ft.,26.0,127.0,228.0,1,0,20110215,MEM,PHI
Shot Chart Detail,0021000820,489,101150,Lou Williams,1610612755,Philadelphia 76ers,4,2,51,Missed Shot,Jump Shot,3PT Field Goal,Above the Break 3,Center(C),24+ ft.,25.0,-65.0,249.0,1,0,20110215,MEM,PHI
Shot Chart Detail,0021000820,506,101150,Lou Williams,1610612755,Philadelphia 76ers,4,0,37,Made Shot,Driving Layup Shot,2PT Field Goal,Restricted Area,Center(C),Less Than 8 ft.,2.0,28.0,-5.0,1,1,20110215,MEM,PHI
Shot Chart Detail,0021000832,65,101150,Lou Williams,1610612755,Philadelphia 76ers,1,2,43,Missed Shot,Jump Shot,3PT Field Goal,Above the Break 3,Center(C),24+ ft.,24.0,48.0,244.0,1,0,20110216,HOU,PHI
Shot Chart Detail,0021000832,75,101150,Lou Williams,1610612755,Philadelphia 76ers,1,1,14,Made Shot,Jump Shot,3PT Field Goal,Left Corner 3,Left Side(L),24+ ft.,24.0,-237.0,74.0,1,1,20110216,HOU,PHI
Shot Chart Detail,0021000832,81,101150,Lou Williams,1610612755,Philadelphia 76ers,1,0,9,Missed Shot,Jump Shot,2PT Field Goal,Mid-Range,Left Side(L),8-16 ft.,12.0,-95.0,78.0,1,0,20110216,HOU,PHI
Shot Chart Detail,0021000832,115,101150,Lou Williams,1610612755,Philadelphia 76ers,2,8,6,Missed Shot,Jump Shot,2PT Field Goal,In The Paint (Non-RA),Center(C),Less Than 8 ft.,4.0,23.0,42.0,1,0,20110216,HOU,PHI
Shot Chart Detail,0021000832,122,101150,Lou Williams,1610612755,Philadelphia 76ers,2,6,59,Made Shot,Running Jump Shot,2PT Field Goal,Mid-Range,Left Side(L),8-16 ft.,9.0,-89.0,25.0,1,1,20110216,HOU,PHI
Shot Chart Detail,0021000832,344,101150,Lou Williams,1610612755,Philadelphia 76ers,4,9,58,Made Shot,Jump Shot,2PT Field Goal,Mid-Range,Left Side(L),16-24 ft.,18.0,-163.0,77.0,1,1,20110216,HOU,PHI
Shot Chart Detail,0021000832,347,101150,Lou Williams,1610612755,Philadelphia 76ers,4,9,31,Missed Shot,Jump Shot,3PT Field Goal,Above the Break 3,Left Side Center(LC),24+ ft.,25.0,-201.0,162.0,1,0,20110216,HOU,PHI
Shot Chart Detail,0021000832,354,101150,Lou Williams,1610612755,Philadelphia 76ers,4,8,30,Made Shot,Jump Shot,2PT Field Goal,Mid-Range,Right Side Center(RC),16-24 ft.,20.0,138.0,153.0,1,1,20110216,HOU,PHI
Shot Chart Detail,0021000832,374,101150,Lou Williams,1610612755,Philadelphia 76ers,4,7,11,Missed Shot,Layup Shot,2PT Field Goal,Restricted Area,Center(C),Less Than 8 ft.,1.0,18.0,6.0,1,0,20110216,HOU,PHI
Shot Chart Detail,0021000832,386,101150,Lou Williams,1610612755,Philadelphia 76ers,4,6,32,Missed Shot,Jump Shot,2PT Field Goal,In The Paint (Non-RA),Center(C),8-16 ft.,14.0,70.0,129.0,1,0,20110216,HOU,PHI
Shot Chart Detail,0021000832,390,101150,Lou Williams,1610612755,Philadelphia 76ers,4,5,55,Made Shot,Step Back Jump shot,2PT Field Goal,Mid-Range,Center(C),16-24 ft.,22.0,43.0,222.0,1,1,20110216,HOU,PHI
Shot Chart Detail,0021000832,397,101150,Lou Williams,1610612755,Philadelphia 76ers,4,5,25,Made Shot,Jump Shot,2PT Field Goal,Mid-Range,Left Side(L),8-16 ft.,10.0,-90.0,44.0,1,1,20110216,HOU,PHI
Shot Chart Detail,0021000832,415,101150,Lou Williams,1610612755,Philadelphia 76ers,4,3,18,Made Shot,Driving Layup Shot,2PT Field Goal,Restricted Area,Center(C),Less Than 8 ft.,1.0,0.0,17.0,1,1,20110216,HOU,PHI
Shot Chart Detail,0021000832,448,101150,Lou Williams,1610612755,Philadelphia 76ers,4,0,55,Made Shot,Dunk Shot,2PT Field Goal,Restricted Area,Center(C),Less Than 8 ft.,0.0,1.0,1.0,1,1,20110216,HOU,PHI
Shot Chart Detail,0021000850,100,101150,Lou Williams,1610612755,Philadelphia 76ers,1,0,16,Missed Shot,Jump Shot,3PT Field Goal,Above the Break 3,Center(C),24+ ft.,25.0,18.0,255.0,1,0,20110223,PHI,WAS
Shot Chart Detail,0021000850,110,101150,Lou Williams,1610612755,Philadelphia 76ers,2,11,4,Missed Shot,Jump Shot,2PT Field Goal,Mid-Range,Right Side(R),16-24 ft.,18.0,163.0,77.0,1,0,20110223,PHI,WAS
Shot Chart Detail,0021000850,115,101150,Lou Williams,1610612755,Philadelphia 76ers,2,10,30,Missed Shot,Jump Shot,2PT Field Goal,Mid-Range,Left Side(L),8-16 ft.,14.0,-144.0,-5.0,1,0,20110223,PHI,WAS
Shot Chart Detail,0021000850,119,101150,Lou Williams,1610612755,Philadelphia 76ers,2,10,12,Missed Shot,Layup Shot,2PT Field Goal,Restricted Area,Center(C),Less Than 8 ft.,2.0,-27.0,11.0,1,0,20110223,PHI,WAS
Shot Chart Detail,0021000850,142,101150,Lou Williams,1610612755,Philadelphia 76ers,2,8,41,Made Shot,Pullup Jump shot,2PT Field Goal,Mid-Range,Center(C),16-24 ft.,19.0,48.0,192.0,1,1,20110223,PHI,WAS
Shot Chart Detail,0021000850,221,101150,Lou Williams,1610612755,Philadelphia 76ers,2,2,37,Made Shot,Driving Layup Shot,2PT Field Goal,Restricted Area,Center(C),Less Than 8 ft.,0.0,-5.0,3.0,1,1,20110223,PHI,WAS
Shot Chart Detail,0021000850,450,101150,Lou Williams,1610612755,Philadelphia 76ers,4,8,19,Missed Shot,Jump Shot,2PT Field Goal,Restricted Area,Center(C),Less Than 8 ft.,3.0,7.0,33.0,1,0,20110223,PHI,WAS
Shot Chart Detail,0021000863,93,101150,Lou Williams,1610612755,Philadelphia 76ers,1,2,53,Missed Shot,Jump Shot,2PT Field Goal,Mid-Range,Right Side Center(RC),16-24 ft.,20.0,118.0,167.0,1,0,20110225,PHI,DET
Shot Chart Detail,0021000863,143,101150,Lou Williams,1610612755,Philadelphia 76ers,2,9,34,Missed Shot,Jump Shot,2PT Field Goal,Mid-Range,Left Side(L),16-24 ft.,16.0,-158.0,-27.0,1,0,20110225,PHI,DET
Shot Chart Detail,0021000863,147,101150,Lou Williams,1610612755,Philadelphia 76ers,2,9,19,Made Shot,Driving Layup Shot,2PT Field Goal,Restricted Area,Center(C),Less Than 8 ft.,0.0,-7.0,6.0,1,1,20110225,PHI,DET
Shot Chart Detail,0021000863,307,101150,Lou Williams,1610612755,Philadelphia 76ers,3,3,10,Missed Shot,Jump Shot,3PT Field Goal,Right Corner 3,Right Side(R),24+ ft.,23.0,236.0,3.0,1,0,20110225,PHI,DET
Shot Chart Detail,0021000863,334,101150,Lou Williams,1610612755,Philadelphia 76ers,3,1,12,Made Shot,Jump Shot,3PT Field Goal,Above the Break 3,Left Side Center(LC),24+ ft.,24.0,-155.0,192.0,1,1,20110225,PHI,DET
Shot Chart Detail,0021000863,340,101150,Lou Williams,1610612755,Philadelphia 76ers,3,0,1,Missed Shot,Jump Shot,3PT Field Goal,Above the Break 3,Center(C),24+ ft.,28.0,-13.0,283.0,1,0,20110225,PHI,DET
Shot Chart Detail,0021000863,353,101150,Lou Williams,1610612755,Philadelphia 76ers,4,10,51,Missed Shot,Jump Shot,3PT Field Goal,Right Corner 3,Right Side(R),24+ ft.,22.0,225.0,-13.0,1,0,20110225,PHI,DET
Shot Chart Detail,0021000863,394,101150,Lou Williams,1610612755,Philadelphia 76ers,4,6,57,Missed Shot,Jump Shot,2PT Field Goal,In The Paint (Non-RA),Center(C),Less Than 8 ft.,4.0,36.0,31.0,1,0,20110225,PHI,DET
Shot Chart Detail,0021000881,103,101150,Lou Williams,1610612755,Philadelphia 76ers,1,1,39,Made Shot,Jump Shot,3PT Field Goal,Above the Break 3,Left Side Center(LC),24+ ft.,26.0,-92.0,247.0,1,1,20110227,CLE,PHI
Shot Chart Detail,0021000881,109,101150,Lou Williams,1610612755,Philadelphia 76ers,1,0,37,Made Shot,Jump Shot,3PT Field Goal,Above the Break 3,Center(C),24+ ft.,25.0,-24.0,255.0,1,1,20110227,CLE,PHI
Shot Chart Detail,0021000881,112,101150,Lou Williams,1610612755,Philadelphia 76ers,1,0,5,Made Shot,Driving Layup Shot,2PT Field Goal,Restricted Area,Center(C),Less Than 8 ft.,1.0,-7.0,11.0,1,1,20110227,CLE,PHI
Shot Chart Detail,0021000881,122,101150,Lou Williams,1610612755,Philadelphia 76ers,2,11,45,Missed Shot,Jump Shot,2PT Field Goal,Restricted Area,Center(C),Less Than 8 ft.,3.0,-27.0,25.0,1,0,20110227,CLE,PHI
Shot Chart Detail,0021000881,165,101150,Lou Williams,1610612755,Philadelphia 76ers,2,7,10,Missed Shot,Jump Shot,3PT Field Goal,Right Corner 3,Right Side(R),24+ ft.,22.0,223.0,-5.0,1,0,20110227,CLE,PHI
Shot Chart Detail,0021000881,393,101150,Lou Williams,1610612755,Philadelphia 76ers,4,11,16,Missed Shot,Driving Layup Shot,2PT Field Goal,Restricted Area,Center(C),Less Than 8 ft.,1.0,-16.0,7.0,1,0,20110227,CLE,PHI
Shot Chart Detail,0021000881,402,101150,Lou Williams,1610612755,Philadelphia 76ers,4,10,38,Made Shot,Jump Shot,2PT Field Goal,Mid-Range,Left Side Center(LC),16-24 ft.,20.0,-142.0,153.0,1,1,20110227,CLE,PHI
Shot Chart Detail,0021000881,455,101150,Lou Williams,1610612755,Philadelphia 76ers,4,6,23,Missed Shot,Running Jump Shot,2PT Field Goal,Mid-Range,Left Side(L),8-16 ft.,10.0,-98.0,34.0,1,0,20110227,CLE,PHI
Shot Chart Detail,0021000896,81,101150,Lou Williams,1610612755,Philadelphia 76ers,1,2,44,Made Shot,Jump Shot,3PT Field Goal,Above the Break 3,Left Side Center(LC),24+ ft.,26.0,-93.0,244.0,1,1,20110301,PHI,DAL
Shot Chart Detail,0021000896,85,101150,Lou Williams,1610612755,Philadelphia 76ers,1,2,25,Missed Shot,Jump Shot,2PT Field Goal,Mid-Range,Right Side Center(RC),16-24 ft.,16.0,127.0,113.0,1,0,20110301,PHI,DAL
Shot Chart Detail,0021000896,117,101150,Lou Williams,1610612755,Philadelphia 76ers,2,9,42,Missed Shot,Jump Shot,2PT Field Goal,In The Paint (Non-RA),Center(C),8-16 ft.,9.0,17.0,91.0,1,0,20110301,PHI,DAL
Shot Chart Detail,0021000896,141,101150,Lou Williams,1610612755,Philadelphia 76ers,2,7,35,Missed Shot,Jump Shot,3PT Field Goal,Above the Break 3,Right Side Center(RC),24+ ft.,26.0,162.0,213.0,1,0,20110301,PHI,DAL
Shot Chart Detail,0021000896,216,101150,Lou Williams,1610612755,Philadelphia 76ers,2,1,36,Missed Shot,Jump Shot,2PT Field Goal,Mid-Range,Left Side(L),16-24 ft.,19.0,-196.0,4.0,1,0,20110301,PHI,DAL
Shot Chart Detail,0021000896,370,101150,Lou Williams,1610612755,Philadelphia 76ers,3,0,3,Missed Shot,Layup Shot,2PT Field Goal,Restricted Area,Center(C),Less Than 8 ft.,1.0,-11.0,12.0,1,0,20110301,PHI,DAL
Shot Chart Detail,0021000896,380,101150,Lou Williams,1610612755,Philadelphia 76ers,4,11,1,Missed Shot,Jump Shot,2PT Field Goal,In The Paint (Non-RA),Center(C),8-16 ft.,9.0,32.0,85.0,1,0,20110301,PHI,DAL
Shot Chart Detail,0021000896,417,101150,Lou Williams,1610612755,Philadelphia 76ers,4,8,32,Missed Shot,Jump Shot,3PT Field Goal,Right Corner 3,Right Side(R),24+ ft.,23.0,237.0,0.0,1,0,20110301,PHI,DAL
Shot Chart Detail,0021000916,62,101150,Lou Williams,1610612755,Philadelphia 76ers,1,4,28,Missed Shot,Jump Shot,2PT Field Goal,In The Paint (Non-RA),Center(C),8-16 ft.,8.0,-30.0,80.0,1,0,20110304,PHI,MIN
Shot Chart Detail,0021000916,64,101150,Lou Williams,1610612755,Philadelphia 76ers,1,4,24,Missed Shot,Jump Shot,2PT Field Goal,In The Paint (Non-RA),Left Side(L),8-16 ft.,10.0,-62.0,85.0,1,0,20110304,PHI,MIN
Shot Chart Detail,0021000916,87,101150,Lou Williams,1610612755,Philadelphia 76ers,1,2,38,Missed Shot,Jump Shot,2PT Field Goal,In The Paint (Non-RA),Center(C),Less Than 8 ft.,7.0,75.0,-6.0,1,0,20110304,PHI,MIN
Shot Chart Detail,0021000916,132,101150,Lou Williams,1610612755,Philadelphia 76ers,2,10,57,Made Shot,Pullup Jump shot,2PT Field Goal,Mid-Range,Left Side Center(LC),16-24 ft.,17.0,-125.0,118.0,1,1,20110304,PHI,MIN
Shot Chart Detail,0021000916,143,101150,Lou Williams,1610612755,Philadelphia 76ers,2,9,25,Made Shot,Floating Jump shot,2PT Field Goal,In The Paint (Non-RA),Center(C),8-16 ft.,8.0,0.0,82.0,1,1,20110304,PHI,MIN
Shot Chart Detail,0021000916,178,101150,Lou Williams,1610612755,Philadelphia 76ers,2,5,7,Missed Shot,Jump Shot,2PT Field Goal,Mid-Range,Left Side(L),8-16 ft.,14.0,-149.0,-8.0,1,0,20110304,PHI,MIN
Shot Chart Detail,0021000916,351,101150,Lou Williams,1610612755,Philadelphia 76ers,3,1,18,Made Shot,Pullup Jump shot,2PT Field Goal,Mid-Range,Left Side(L),8-16 ft.,13.0,-134.0,-3.0,1,1,20110304,PHI,MIN
Shot Chart Detail,0021000916,359,101150,Lou Williams,1610612755,Philadelphia 76ers,3,0,21,Made Shot,Running Jump Shot,2PT Field Goal,In The Paint (Non-RA),Center(C),8-16 ft.,12.0,-4.0,127.0,1,1,20110304,PHI,MIN
Shot Chart Detail,0021000916,386,101150,Lou Williams,1610612755,Philadelphia 76ers,4,8,48,Missed Shot,Jump Shot,2PT Field Goal,Mid-Range,Left Side Center(LC),16-24 ft.,18.0,-81.0,170.0,1,0,20110304,PHI,MIN
Shot Chart Detail,0021000935,81,101150,Lou Williams,1610612755,Philadelphia 76ers,1,3,31,Missed Shot,Layup Shot,2PT Field Goal,Restricted Area,Center(C),Less Than 8 ft.,1.0,-8.0,12.0,1,0,20110306,PHI,GSW
Shot Chart Detail,0021000935,109,101150,Lou Williams,1610612755,Philadelphia 76ers,1,1,8,Missed Shot,Jump Shot,2PT Field Goal,In The Paint (Non-RA),Center(C),Less Than 8 ft.,7.0,0.0,71.0,1,0,20110306,PHI,GSW
Shot Chart Detail,0021000935,126,101150,Lou Williams,1610612755,Philadelphia 76ers,1,0,32,Made Shot,Jump Shot,2PT Field Goal,In The Paint (Non-RA),Center(C),8-16 ft.,12.0,-5.0,123.0,1,1,20110306,PHI,GSW
Shot Chart Detail,0021000935,136,101150,Lou Williams,1610612755,Philadelphia 76ers,2,11,55,Made Shot,Dunk Shot,2PT Field Goal,Restricted Area,Center(C),Less Than 8 ft.,1.0,0.0,12.0,1,1,20110306,PHI,GSW
Shot Chart Detail,0021000935,161,101150,Lou Williams,1610612755,Philadelphia 76ers,2,9,47,Made Shot,Layup Shot,2PT Field Goal,Restricted Area,Center(C),Less Than 8 ft.,1.0,-11.0,0.0,1,1,20110306,PHI,GSW
Shot Chart Detail,0021000935,213,101150,Lou Williams,1610612755,Philadelphia 76ers,2,5,3,Missed Shot,Jump Shot,2PT Field Goal,Mid-Range,Center(C),16-24 ft.,17.0,-37.0,173.0,1,0,20110306,PHI,GSW
Shot Chart Detail,0021000935,218,101150,Lou Williams,1610612755,Philadelphia 76ers,2,4,29,Made Shot,Jump Shot,3PT Field Goal,Above the Break 3,Right Side Center(RC),24+ ft.,26.0,170.0,197.0,1,1,20110306,PHI,GSW
Shot Chart Detail,0021000935,231,101150,Lou Williams,1610612755,Philadelphia 76ers,2,2,49,Made Shot,Layup Shot,2PT Field Goal,Restricted Area,Center(C),Less Than 8 ft.,0.0,0.0,-5.0,1,1,20110306,PHI,GSW
Shot Chart Detail,0021000935,239,101150,Lou Williams,1610612755,Philadelphia 76ers,2,1,57,Missed Shot,Jump Shot,3PT Field Goal,Above the Break 3,Center(C),24+ ft.,25.0,4.0,257.0,1,0,20110306,PHI,GSW
Shot Chart Detail,0021000935,333,101150,Lou Williams,1610612755,Philadelphia 76ers,3,5,8,Missed Shot,Jump Shot,2PT Field Goal,Mid-Range,Right Side(R),16-24 ft.,20.0,198.0,58.0,1,0,20110306,PHI,GSW
Shot Chart Detail,0021000935,352,101150,Lou Williams,1610612755,Philadelphia 76ers,3,4,25,Missed Shot,Jump Shot,2PT Field Goal,In The Paint (Non-RA),Center(C),Less Than 8 ft.,6.0,-64.0,-2.0,1,0,20110306,PHI,GSW
Shot Chart Detail,0021000935,367,101150,Lou Williams,1610612755,Philadelphia 76ers,3,2,30,Made Shot,Jump Shot,2PT Field Goal,Mid-Range,Left Side Center(LC),16-24 ft.,17.0,-111.0,135.0,1,1,20110306,PHI,GSW
Shot Chart Detail,0021000935,375,101150,Lou Williams,1610612755,Philadelphia 76ers,3,1,40,Missed Shot,Jump Shot,3PT Field Goal,Right Corner 3,Right Side(R),24+ ft.,23.0,237.0,-3.0,1,0,20110306,PHI,GSW
Shot Chart Detail,0021000935,399,101150,Lou Williams,1610612755,Philadelphia 76ers,3,0,0,Missed Shot,Jump Shot,3PT Field Goal,Right Corner 3,Right Side(R),24+ ft.,24.0,245.0,-22.0,1,0,20110306,PHI,GSW
Shot Chart Detail,0021000949,130,101150,Lou Williams,1610612755,Philadelphia 76ers,2,9,55,Made Shot,Jump Shot,2PT Field Goal,Mid-Range,Center(C),16-24 ft.,17.0,-43.0,168.0,1,1,20110308,IND,PHI
Shot Chart Detail,0021000949,135,101150,Lou Williams,1610612755,Philadelphia 76ers,2,9,22,Missed Shot,Jump Shot,3PT Field Goal,Above the Break 3,Left Side Center(LC),24+ ft.,26.0,-177.0,192.0,1,0,20110308,IND,PHI
Shot Chart Detail,0021000949,161,101150,Lou Williams,1610612755,Philadelphia 76ers,2,6,42,Missed Shot,Jump Shot,2PT Field Goal,Mid-Range,Right Side Center(RC),16-24 ft.,19.0,92.0,176.0,1,0,20110308,IND,PHI
Shot Chart Detail,0021000949,230,101150,Lou Williams,1610612755,Philadelphia 76ers,2,0,35,Made Shot,Jump Shot,3PT Field Goal,Above the Break 3,Left Side Center(LC),24+ ft.,25.0,-90.0,235.0,1,1,20110308,IND,PHI
Shot Chart Detail,0021000949,233,101150,Lou Williams,1610612755,Philadelphia 76ers,2,0,8,Missed Shot,Jump Shot,3PT Field Goal,Above the Break 3,Center(C),24+ ft.,27.0,17.0,271.0,1,0,20110308,IND,PHI
Shot Chart Detail,0021000949,235,101150,Lou Williams,1610612755,Philadelphia 76ers,2,0,5,Missed Shot,Layup Shot,2PT Field Goal,Restricted Area,Center(C),Less Than 8 ft.,0.0,-2.0,-3.0,1,0,20110308,IND,PHI
Shot Chart Detail,0021000949,343,101150,Lou Williams,1610612755,Philadelphia 76ers,3,2,5,Made Shot,Jump Shot,2PT Field Goal,Mid-Range,Right Side Center(RC),16-24 ft.,22.0,166.0,159.0,1,1,20110308,IND,PHI
Shot Chart Detail,0021000949,345,101150,Lou Williams,1610612755,Philadelphia 76ers,3,1,25,Missed Shot,Jump Shot,3PT Field Goal,Above the Break 3,Center(C),24+ ft.,23.0,34.0,236.0,1,0,20110308,IND,PHI
Shot Chart Detail,0021000949,360,101150,Lou Williams,1610612755,Philadelphia 76ers,3,0,30,Missed Shot,Layup Shot,2PT Field Goal,Restricted Area,Center(C),Less Than 8 ft.,0.0,-2.0,0.0,1,0,20110308,IND,PHI
Shot Chart Detail,0021000955,94,101150,Lou Williams,1610612755,Philadelphia 76ers,1,0,36,Missed Shot,Layup Shot,2PT Field Goal,Restricted Area,Center(C),Less Than 8 ft.,1.0,10.0,1.0,1,0,20110309,PHI,OKC
Shot Chart Detail,0021000955,99,101150,Lou Williams,1610612755,Philadelphia 76ers,1,0,30,Made Shot,Jump Bank Shot,3PT Field Goal,Above the Break 3,Center(C),24+ ft.,27.0,-24.0,274.0,1,1,20110309,PHI,OKC
Shot Chart Detail,0021000955,139,101150,Lou Williams,1610612755,Philadelphia 76ers,2,9,8,Made Shot,Fadeaway Jump Shot,2PT Field Goal,Mid-Range,Right Side Center(RC),16-24 ft.,22.0,141.0,176.0,1,1,20110309,PHI,OKC
Shot Chart Detail,0021000955,141,101150,Lou Williams,1610612755,Philadelphia 76ers,2,8,26,Missed Shot,Jump Shot,2PT Field Goal,Mid-Range,Left Side(L),8-16 ft.,15.0,-106.0,110.0,1,0,20110309,PHI,OKC
Shot Chart Detail,0021000955,251,101150,Lou Williams,1610612755,Philadelphia 76ers,2,0,1,Made Shot,Floating Jump shot,2PT Field Goal,In The Paint (Non-RA),Center(C),Less Than 8 ft.,4.0,-15.0,47.0,1,1,20110309,PHI,OKC
Shot Chart Detail,0021000955,342,101150,Lou Williams,1610612755,Philadelphia 76ers,3,0,2,Missed Shot,Jump Shot,2PT Field Goal,Mid-Range,Center(C),16-24 ft.,20.0,-37.0,198.0,1,0,20110309,PHI,OKC
Shot Chart Detail,0021000955,355,101150,Lou Williams,1610612755,Philadelphia 76ers,4,11,12,Missed Shot,Jump Shot,3PT Field Goal,Above the Break 3,Left Side Center(LC),24+ ft.,25.0,-164.0,201.0,1,0,20110309,PHI,OKC
Shot Chart Detail,0021000955,378,101150,Lou Williams,1610612755,Philadelphia 76ers,4,9,7,Made Shot,Pullup Jump shot,2PT Field Goal,Mid-Range,Center(C),16-24 ft.,20.0,13.0,201.0,1,1,20110309,PHI,OKC
Shot Chart Detail,0021000955,422,101150,Lou Williams,1610612755,Philadelphia 76ers,4,5,10,Missed Shot,Jump Shot,3PT Field Goal,Above the Break 3,Right Side Center(RC),24+ ft.,25.0,182.0,175.0,1,0,20110309,PHI,OKC
Shot Chart Detail,0021000955,432,101150,Lou Williams,1610612755,Philadelphia 76ers,4,4,1,Made Shot,Driving Layup Shot,2PT Field Goal,Restricted Area,Center(C),Less Than 8 ft.,1.0,9.0,7.0,1,1,20110309,PHI,OKC
Shot Chart Detail,0021000955,457,101150,Lou Williams,1610612755,Philadelphia 76ers,4,2,19,Made Shot,Jump Shot,3PT Field Goal,Above the Break 3,Left Side Center(LC),24+ ft.,25.0,-215.0,138.0,1,1,20110309,PHI,OKC
Shot Chart Detail,0021000955,471,101150,Lou Williams,1610612755,Philadelphia 76ers,4,0,45,Missed Shot,Jump Shot,2PT Field Goal,Mid-Range,Right Side(R),16-24 ft.,16.0,166.0,-2.0,1,0,20110309,PHI,OKC
Shot Chart Detail,0021000955,551,101150,Lou Williams,1610612755,Philadelphia 76ers,5,0,10,Missed Shot,Jump Shot,3PT Field Goal,Above the Break 3,Left Side Center(LC),24+ ft.,24.0,-131.0,206.0,1,0,20110309,PHI,OKC
Shot Chart Detail,0021000969,109,101150,Lou Williams,1610612755,Philadelphia 76ers,1,0,10,Missed Shot,Driving Jump shot,2PT Field Goal,In The Paint (Non-RA),Center(C),Less Than 8 ft.,6.0,-29.0,55.0,1,0,20110311,PHI,BOS
Shot Chart Detail,0021000969,152,101150,Lou Williams,1610612755,Philadelphia 76ers,2,9,19,Made Shot,Jump Shot,2PT Field Goal,Mid-Range,Left Side(L),16-24 ft.,16.0,-130.0,94.0,1,1,20110311,PHI,BOS
Shot Chart Detail,0021000969,154,101150,Lou Williams,1610612755,Philadelphia 76ers,2,8,44,Missed Shot,Jump Shot,2PT Field Goal,Mid-Range,Left Side(L),8-16 ft.,13.0,-98.0,97.0,1,0,20110311,PHI,BOS
Shot Chart Detail,0021000969,320,101150,Lou Williams,1610612755,Philadelphia 76ers,3,2,54,Missed Shot,Jump Shot,3PT Field Goal,Above the Break 3,Left Side Center(LC),24+ ft.,27.0,-141.0,235.0,1,0,20110311,PHI,BOS
Shot Chart Detail,0021000969,358,101150,Lou Williams,1610612755,Philadelphia 76ers,4,11,51,Missed Shot,Jump Shot,2PT Field Goal,Mid-Range,Left Side Center(LC),16-24 ft.,17.0,-125.0,121.0,1,0,20110311,PHI,BOS
Shot Chart Detail,0021000969,391,101150,Lou Williams,1610612755,Philadelphia 76ers,4,7,46,Missed Shot,Jump Shot,2PT Field Goal,Mid-Range,Left Side(L),16-24 ft.,17.0,-169.0,26.0,1,0,20110311,PHI,BOS
Shot Chart Detail,0021000969,414,101150,Lou Williams,1610612755,Philadelphia 76ers,4,6,38,Made Shot,Driving Layup Shot,2PT Field Goal,Restricted Area,Center(C),Less Than 8 ft.,1.0,12.0,7.0,1,1,20110311,PHI,BOS
Shot Chart Detail,0021000969,423,101150,Lou Williams,1610612755,Philadelphia 76ers,4,5,6,Made Shot,Jump Shot,2PT Field Goal,Mid-Range,Right Side Center(RC),16-24 ft.,20.0,83.0,183.0,1,1,20110311,PHI,BOS
Shot Chart Detail,0021000980,91,101150,Lou Williams,1610612755,Philadelphia 76ers,1,0,42,Made Shot,Jump Shot,2PT Field Goal,Mid-Range,Right Side Center(RC),16-24 ft.,16.0,106.0,121.0,1,1,20110312,MIL,PHI
Shot Chart Detail,0021000980,94,101150,Lou Williams,1610612755,Philadelphia 76ers,1,0,1,Missed Shot,Jump Shot,2PT Field Goal,Mid-Range,Left Side(L),16-24 ft.,17.0,-177.0,6.0,1,0,20110312,MIL,PHI
Shot Chart Detail,0021000980,124,101150,Lou Williams,1610612755,Philadelphia 76ers,2,8,52,Missed Shot,Jump Shot,2PT Field Goal,Mid-Range,Left Side Center(LC),16-24 ft.,17.0,-134.0,112.0,1,0,20110312,MIL,PHI
Shot Chart Detail,0021000980,129,101150,Lou Williams,1610612755,Philadelphia 76ers,2,7,36,Made Shot,Jump Shot,3PT Field Goal,Right Corner 3,Right Side(R),24+ ft.,24.0,241.0,-11.0,1,1,20110312,MIL,PHI
Shot Chart Detail,0021000980,199,101150,Lou Williams,1610612755,Philadelphia 76ers,2,0,53,Made Shot,Jump Shot,2PT Field Goal,In The Paint (Non-RA),Center(C),8-16 ft.,12.0,29.0,119.0,1,1,20110312,MIL,PHI
Shot Chart Detail,0021000980,202,101150,Lou Williams,1610612755,Philadelphia 76ers,2,0,33,Made Shot,Jump Shot,2PT Field Goal,Mid-Range,Right Side(R),8-16 ft.,10.0,106.0,25.0,1,1,20110312,MIL,PHI
Shot Chart Detail,0021000980,208,101150,Lou Williams,1610612755,Philadelphia 76ers,2,0,2,Missed Shot,Jump Shot,3PT Field Goal,Above the Break 3,Left Side Center(LC),24+ ft.,25.0,-120.0,230.0,1,0,20110312,MIL,PHI
Shot Chart Detail,0021000980,296,101150,Lou Williams,1610612755,Philadelphia 76ers,3,1,54,Missed Shot,Layup Shot,2PT Field Goal,Restricted Area,Center(C),Less Than 8 ft.,1.0,-4.0,12.0,1,0,20110312,MIL,PHI
Shot Chart Detail,0021000980,311,101150,Lou Williams,1610612755,Philadelphia 76ers,3,0,50,Made Shot,Jump Shot,2PT Field Goal,Mid-Range,Left Side(L),16-24 ft.,20.0,-191.0,63.0,1,1,20110312,MIL,PHI
Shot Chart Detail,0021000980,319,101150,Lou Williams,1610612755,Philadelphia 76ers,3,0,0,Missed Shot,Jump Shot,3PT Field Goal,Above the Break 3,Right Side Center(RC),24+ ft.,26.0,113.0,241.0,1,0,20110312,MIL,PHI
Shot Chart Detail,0021000980,393,101150,Lou Williams,1610612755,Philadelphia 76ers,4,4,33,Missed Shot,Jump Shot,2PT Field Goal,Mid-Range,Left Side(L),8-16 ft.,15.0,-100.0,115.0,1,0,20110312,MIL,PHI
Shot Chart Detail,0021000980,404,101150,Lou Williams,1610612755,Philadelphia 76ers,4,2,34,Made Shot,Jump Shot,2PT Field Goal,Restricted Area,Center(C),Less Than 8 ft.,3.0,-13.0,31.0,1,1,20110312,MIL,PHI
Shot Chart Detail,0021000997,63,101150,Lou Williams,1610612755,Philadelphia 76ers,1,4,37,Made Shot,Driving Layup Shot,2PT Field Goal,Restricted Area,Center(C),Less Than 8 ft.,0.0,2.0,9.0,1,1,20110314,UTA,PHI
Shot Chart Detail,0021000997,115,101150,Lou Williams,1610612755,Philadelphia 76ers,1,0,2,Missed Shot,Jump Shot,2PT Field Goal,Mid-Range,Center(C),16-24 ft.,19.0,-37.0,190.0,1,0,20110314,UTA,PHI
Shot Chart Detail,0021000997,134,101150,Lou Williams,1610612755,Philadelphia 76ers,2,10,35,Missed Shot,Jump Shot,2PT Field Goal,Mid-Range,Left Side Center(LC),16-24 ft.,21.0,-123.0,181.0,1,0,20110314,UTA,PHI
Shot Chart Detail,0021000997,336,101150,Lou Williams,1610612755,Philadelphia 76ers,3,3,28,Missed Shot,Jump Shot,3PT Field Goal,Above the Break 3,Right Side Center(RC),24+ ft.,24.0,88.0,225.0,1,0,20110314,UTA,PHI
Shot Chart Detail,0021000997,354,101150,Lou Williams,1610612755,Philadelphia 76ers,3,2,44,Missed Shot,Jump Shot,3PT Field Goal,Above the Break 3,Center(C),24+ ft.,24.0,0.0,244.0,1,0,20110314,UTA,PHI
Shot Chart Detail,0021000997,365,101150,Lou Williams,1610612755,Philadelphia 76ers,3,2,3,Made Shot,Driving Layup Shot,2PT Field Goal,Restricted Area,Center(C),Less Than 8 ft.,1.0,2.0,11.0,1,1,20110314,UTA,PHI
Shot Chart Detail,0021000997,377,101150,Lou Williams,1610612755,Philadelphia 76ers,3,0,43,Made Shot,Driving Layup Shot,2PT Field Goal,Restricted Area,Center(C),Less Than 8 ft.,2.0,28.0,4.0,1,1,20110314,UTA,PHI
Shot Chart Detail,0021000997,382,101150,Lou Williams,1610612755,Philadelphia 76ers,3,0,3,Missed Shot,Jump Shot,2PT Field Goal,Mid-Range,Right Side Center(RC),16-24 ft.,19.0,61.0,181.0,1,0,20110314,UTA,PHI
Shot Chart Detail,0021000997,396,101150,Lou Williams,1610612755,Philadelphia 76ers,4,9,59,Made Shot,Jump Shot,2PT Field Goal,Mid-Range,Center(C),8-16 ft.,14.0,-27.0,146.0,1,1,20110314,UTA,PHI
Shot Chart Detail,0021000997,401,101150,Lou Williams,1610612755,Philadelphia 76ers,4,9,29,Made Shot,Jump Bank Shot,3PT Field Goal,Above the Break 3,Left Side Center(LC),24+ ft.,25.0,-116.0,224.0,1,1,20110314,UTA,PHI
Shot Chart Detail,0021000997,424,101150,Lou Williams,1610612755,Philadelphia 76ers,4,6,25,Missed Shot,Driving Layup Shot,2PT Field Goal,Restricted Area,Center(C),Less Than 8 ft.,1.0,13.0,6.0,1,0,20110314,UTA,PHI
Shot Chart Detail,0021000997,473,101150,Lou Williams,1610612755,Philadelphia 76ers,4,2,11,Made Shot,Running Jump Shot,2PT Field Goal,In The Paint (Non-RA),Center(C),8-16 ft.,8.0,-2.0,80.0,1,1,20110314,UTA,PHI
Shot Chart Detail,0021000997,534,101150,Lou Williams,1610612755,Philadelphia 76ers,5,4,2,Missed Shot,Jump Shot,3PT Field Goal,Above the Break 3,Center(C),24+ ft.,24.0,69.0,233.0,1,0,20110314,UTA,PHI
Shot Chart Detail,0021000997,547,101150,Lou Williams,1610612755,Philadelphia 76ers,5,2,27,Made Shot,Jump Shot,2PT Field Goal,Mid-Range,Left Side(L),16-24 ft.,16.0,-166.0,-6.0,1,1,20110314,UTA,PHI
Shot Chart Detail,0021000997,555,101150,Lou Williams,1610612755,Philadelphia 76ers,5,1,4,Made Shot,Driving Layup Shot,2PT Field Goal,Restricted Area,Center(C),Less Than 8 ft.,2.0,7.0,19.0,1,1,20110314,UTA,PHI
Shot Chart Detail,0021001013,92,101150,Lou Williams,1610612755,Philadelphia 76ers,1,2,20,Missed Shot,Dunk Shot,2PT Field Goal,Restricted Area,Center(C),Less Than 8 ft.,1.0,-10.0,6.0,1,0,20110316,LAC,PHI
Shot Chart Detail,0021001013,99,101150,Lou Williams,1610612755,Philadelphia 76ers,1,1,28,Missed Shot,Jump Shot,2PT Field Goal,Mid-Range,Right Side(R),16-24 ft.,16.0,160.0,11.0,1,0,20110316,LAC,PHI
Shot Chart Detail,0021001013,143,101150,Lou Williams,1610612755,Philadelphia 76ers,2,10,8,Missed Shot,Jump Shot,3PT Field Goal,Above the Break 3,Left Side Center(LC),24+ ft.,26.0,-149.0,214.0,1,0,20110316,LAC,PHI
Shot Chart Detail,0021001013,162,101150,Lou Williams,1610612755,Philadelphia 76ers,2,8,35,Missed Shot,Jump Shot,2PT Field Goal,Mid-Range,Left Side Center(LC),16-24 ft.,18.0,-122.0,137.0,1,0,20110316,LAC,PHI
Shot Chart Detail,0021001013,199,101150,Lou Williams,1610612755,Philadelphia 76ers,2,5,39,Missed Shot,Jump Shot,2PT Field Goal,In The Paint (Non-RA),Center(C),8-16 ft.,9.0,34.0,88.0,1,0,20110316,LAC,PHI
Shot Chart Detail,0021001013,203,101150,Lou Williams,1610612755,Philadelphia 76ers,2,5,28,Missed Shot,Jump Shot,3PT Field Goal,Left Corner 3,Left Side(L),24+ ft.,22.0,-226.0,-19.0,1,0,20110316,LAC,PHI
Shot Chart Detail,0021001013,238,101150,Lou Williams,1610612755,Philadelphia 76ers,2,3,18,Made Shot,Fadeaway Jump Shot,2PT Field Goal,Mid-Range,Left Side(L),8-16 ft.,15.0,-157.0,23.0,1,1,20110316,LAC,PHI
Shot Chart Detail,0021001013,256,101150,Lou Williams,1610612755,Philadelphia 76ers,2,2,28,Missed Shot,Layup Shot,2PT Field Goal,Restricted Area,Center(C),Less Than 8 ft.,2.0,29.0,3.0,1,0,20110316,LAC,PHI
Shot Chart Detail,0021001013,273,101150,Lou Williams,1610612755,Philadelphia 76ers,2,1,6,Made Shot,Step Back Jump shot,2PT Field Goal,Mid-Range,Left Side(L),8-16 ft.,12.0,-125.0,30.0,1,1,20110316,LAC,PHI
Shot Chart Detail,0021001013,317,101150,Lou Williams,1610612755,Philadelphia 76ers,2,0,1,Missed Shot,Jump Shot,3PT Field Goal,Right Corner 3,Right Side(R),24+ ft.,23.0,237.0,0.0,1,0,20110316,LAC,PHI
Shot Chart Detail,0021001013,407,101150,Lou Williams,1610612755,Philadelphia 76ers,3,1,44,Made Shot,Driving Layup Shot,2PT Field Goal,Restricted Area,Center(C),Less Than 8 ft.,1.0,-15.0,3.0,1,1,20110316,LAC,PHI
Shot Chart Detail,0021001013,443,101150,Lou Williams,1610612755,Philadelphia 76ers,4,11,23,Missed Shot,Jump Shot,2PT Field Goal,Mid-Range,Right Side Center(RC),16-24 ft.,19.0,129.0,149.0,1,0,20110316,LAC,PHI
Shot Chart Detail,0021001013,463,101150,Lou Williams,1610612755,Philadelphia 76ers,4,9,35,Made Shot,Jump Shot,3PT Field Goal,Above the Break 3,Left Side Center(LC),24+ ft.,26.0,-160.0,209.0,1,1,20110316,LAC,PHI
Shot Chart Detail,0021001027,106,101150,Lou Williams,1610612755,Philadelphia 76ers,1,0,30,Made Shot,Jump Shot,3PT Field Goal,Above the Break 3,Left Side Center(LC),24+ ft.,25.0,-193.0,160.0,1,1,20110318,SAC,PHI
Shot Chart Detail,0021001027,108,101150,Lou Williams,1610612755,Philadelphia 76ers,1,0,1,Missed Shot,Jump Shot,3PT Field Goal,Above the Break 3,Center(C),24+ ft.,26.0,12.0,265.0,1,0,20110318,SAC,PHI
Shot Chart Detail,0021001027,171,101150,Lou Williams,1610612755,Philadelphia 76ers,2,7,28,Missed Shot,Jump Shot,2PT Field Goal,Mid-Range,Left Side Center(LC),16-24 ft.,17.0,-136.0,116.0,1,0,20110318,SAC,PHI
Shot Chart Detail,0021001027,375,101150,Lou Williams,1610612755,Philadelphia 76ers,3,3,4,Missed Shot,Jump Shot,2PT Field Goal,Mid-Range,Right Side(R),16-24 ft.,17.0,174.0,6.0,1,0,20110318,SAC,PHI
Shot Chart Detail,0021001027,386,101150,Lou Williams,1610612755,Philadelphia 76ers,3,2,31,Made Shot,Jump Shot,2PT Field Goal,Mid-Range,Center(C),16-24 ft.,18.0,54.0,178.0,1,1,20110318,SAC,PHI
Shot Chart Detail,0021001027,395,101150,Lou Williams,1610612755,Philadelphia 76ers,3,1,15,Made Shot,Jump Shot,3PT Field Goal,Above the Break 3,Right Side Center(RC),24+ ft.,25.0,149.0,206.0,1,1,20110318,SAC,PHI
Shot Chart Detail,0021001027,413,101150,Lou Williams,1610612755,Philadelphia 76ers,3,0,4,Made Shot,Jump Shot,3PT Field Goal,Above the Break 3,Center(C),24+ ft.,25.0,-79.0,244.0,1,1,20110318,SAC,PHI
Shot Chart Detail,0021001027,441,101150,Lou Williams,1610612755,Philadelphia 76ers,4,9,50,Missed Shot,Jump Shot,2PT Field Goal,In The Paint (Non-RA),Center(C),Less Than 8 ft.,7.0,67.0,39.0,1,0,20110318,SAC,PHI
Shot Chart Detail,0021001027,448,101150,Lou Williams,1610612755,Philadelphia 76ers,4,9,24,Missed Shot,Jump Shot,2PT Field Goal,Mid-Range,Left Side Center(LC),16-24 ft.,21.0,-120.0,173.0,1,0,20110318,SAC,PHI
Shot Chart Detail,0021001027,489,101150,Lou Williams,1610612755,Philadelphia 76ers,4,6,5,Missed Shot,Jump Shot,2PT Field Goal,Mid-Range,Left Side(L),8-16 ft.,11.0,-111.0,19.0,1,0,20110318,SAC,PHI
Shot Chart Detail,0021001034,78,101150,Lou Williams,1610612755,Philadelphia 76ers,1,1,6,Missed Shot,Jump Shot,3PT Field Goal,Above the Break 3,Right Side Center(RC),24+ ft.,24.0,220.0,113.0,1,0,20110319,POR,PHI
Shot Chart Detail,0021001034,110,101150,Lou Williams,1610612755,Philadelphia 76ers,2,11,5,Missed Shot,Layup Shot,2PT Field Goal,Restricted Area,Center(C),Less Than 8 ft.,0.0,2.0,6.0,1,0,20110319,POR,PHI
Shot Chart Detail,0021001034,122,101150,Lou Williams,1610612755,Philadelphia 76ers,2,9,40,Missed Shot,Jump Shot,3PT Field Goal,Above the Break 3,Left Side Center(LC),24+ ft.,24.0,-169.0,172.0,1,0,20110319,POR,PHI
Shot Chart Detail,0021001034,126,101150,Lou Williams,1610612755,Philadelphia 76ers,2,9,27,Made Shot,Pullup Jump shot,2PT Field Goal,Mid-Range,Center(C),8-16 ft.,15.0,-52.0,148.0,1,1,20110319,POR,PHI
Shot Chart Detail,0021001034,146,101150,Lou Williams,1610612755,Philadelphia 76ers,2,7,10,Made Shot,Driving Reverse Layup Shot,2PT Field Goal,Restricted Area,Center(C),Less Than 8 ft.,1.0,10.0,3.0,1,1,20110319,POR,PHI
Shot Chart Detail,0021001034,214,101150,Lou Williams,1610612755,Philadelphia 76ers,2,0,5,Made Shot,Pullup Jump shot,2PT Field Goal,Mid-Range,Left Side Center(LC),16-24 ft.,16.0,-76.0,145.0,1,1,20110319,POR,PHI
Shot Chart Detail,0021001034,269,101150,Lou Williams,1610612755,Philadelphia 76ers,3,6,9,Made Shot,Jump Shot,3PT Field Goal,Left Corner 3,Left Side(L),24+ ft.,22.0,-226.0,0.0,1,1,20110319,POR,PHI
Shot Chart Detail,0021001034,287,101150,Lou Williams,1610612755,Philadelphia 76ers,3,4,2,Missed Shot,Pullup Jump shot,2PT Field Goal,Mid-Range,Right Side Center(RC),16-24 ft.,17.0,56.0,164.0,1,0,20110319,POR,PHI
Shot Chart Detail,0021001034,318,101150,Lou Williams,1610612755,Philadelphia 76ers,3,1,29,Missed Shot,Jump Shot,3PT Field Goal,Above the Break 3,Center(C),24+ ft.,24.0,50.0,239.0,1,0,20110319,POR,PHI
Shot Chart Detail,0021001034,333,101150,Lou Williams,1610612755,Philadelphia 76ers,3,0,35,Made Shot,Pullup Jump shot,3PT Field Goal,Above the Break 3,Left Side Center(LC),24+ ft.,24.0,-202.0,142.0,1,1,20110319,POR,PHI
Shot Chart Detail,0021001034,336,101150,Lou Williams,1610612755,Philadelphia 76ers,3,0,1,Missed Shot,Layup Shot,2PT Field Goal,Restricted Area,Center(C),Less Than 8 ft.,1.0,10.0,7.0,1,0,20110319,POR,PHI
Shot Chart Detail,0021001034,356,101150,Lou Williams,1610612755,Philadelphia 76ers,4,10,50,Missed Shot,Pullup Jump shot,3PT Field Goal,Above the Break 3,Center(C),24+ ft.,24.0,0.0,244.0,1,0,20110319,POR,PHI
Shot Chart Detail,0021001034,386,101150,Lou Williams,1610612755,Philadelphia 76ers,4,7,34,Missed Shot,Running Jump Shot,2PT Field Goal,Mid-Range,Left Side Center(LC),16-24 ft.,18.0,-101.0,156.0,1,0,20110319,POR,PHI
Shot Chart Detail,0021001034,419,101150,Lou Williams,1610612755,Philadelphia 76ers,4,4,29,Missed Shot,Jump Shot,2PT Field Goal,In The Paint (Non-RA),Center(C),8-16 ft.,9.0,34.0,86.0,1,0,20110319,POR,PHI
Shot Chart Detail,0021001034,430,101150,Lou Williams,1610612755,Philadelphia 76ers,4,2,53,Missed Shot,Jump Shot,3PT Field Goal,Above the Break 3,Left Side Center(LC),24+ ft.,24.0,-205.0,129.0,1,0,20110319,POR,PHI
Shot Chart Detail,0021001034,453,101150,Lou Williams,1610612755,Philadelphia 76ers,4,1,16,Made Shot,Running Jump Shot,2PT Field Goal,In The Paint (Non-RA),Center(C),Less Than 8 ft.,7.0,-67.0,42.0,1,1,20110319,POR,PHI
Shot Chart Detail,0021001034,463,101150,Lou Williams,1610612755,Philadelphia 76ers,4,0,32,Made Shot,Driving Layup Shot,2PT Field Goal,Restricted Area,Center(C),Less Than 8 ft.,1.0,10.0,0.0,1,1,20110319,POR,PHI
Shot Chart Detail,0021001056,107,101150,Lou Williams,1610612755,Philadelphia 76ers,2,8,50,Made Shot,Jump Shot,2PT Field Goal,Mid-Range,Left Side Center(LC),16-24 ft.,22.0,-84.0,205.0,1,1,20110323,PHI,ATL
Shot Chart Detail,0021001056,131,101150,Lou Williams,1610612755,Philadelphia 76ers,2,6,38,Made Shot,Layup Shot,2PT Field Goal,Restricted Area,Center(C),Less Than 8 ft.,2.0,4.0,23.0,1,1,20110323,PHI,ATL
Shot Chart Detail,0021001056,143,101150,Lou Williams,1610612755,Philadelphia 76ers,2,5,5,Missed Shot,Jump Shot,2PT Field Goal,Mid-Range,Left Side(L),16-24 ft.,20.0,-209.0,-3.0,1,0,20110323,PHI,ATL
Shot Chart Detail,0021001056,198,101150,Lou Williams,1610612755,Philadelphia 76ers,2,0,41,Made Shot,Jump Shot,3PT Field Goal,Above the Break 3,Left Side Center(LC),24+ ft.,27.0,-130.0,238.0,1,1,20110323,PHI,ATL
Shot Chart Detail,0021001056,203,101150,Lou Williams,1610612755,Philadelphia 76ers,2,0,0,Missed Shot,Jump Shot,3PT Field Goal,Backcourt,Back Court(BC),Back Court Shot,55.0,176.0,531.0,1,0,20110323,PHI,ATL
Shot Chart Detail,0021001056,300,101150,Lou Williams,1610612755,Philadelphia 76ers,3,0,37,Made Shot,Jump Shot,3PT Field Goal,Above the Break 3,Center(C),24+ ft.,28.0,9.0,285.0,1,1,20110323,PHI,ATL
Shot Chart Detail,0021001056,303,101150,Lou Williams,1610612755,Philadelphia 76ers,3,0,4,Missed Shot,Jump Shot,3PT Field Goal,Above the Break 3,Left Side Center(LC),24+ ft.,25.0,-114.0,228.0,1,0,20110323,PHI,ATL
Shot Chart Detail,0021001056,359,101150,Lou Williams,1610612755,Philadelphia 76ers,4,6,58,Made Shot,Driving Layup Shot,2PT Field Goal,Restricted Area,Center(C),Less Than 8 ft.,0.0,0.0,6.0,1,1,20110323,PHI,ATL
Shot Chart Detail,0021001072,83,101150,Lou Williams,1610612755,Philadelphia 76ers,1,2,12,Made Shot,Driving Dunk Shot,2PT Field Goal,Restricted Area,Center(C),Less Than 8 ft.,1.0,4.0,11.0,1,1,20110325,MIA,PHI
Shot Chart Detail,0021001072,105,101150,Lou Williams,1610612755,Philadelphia 76ers,1,0,1,Made Shot,Fadeaway Jump Shot,3PT Field Goal,Above the Break 3,Left Side Center(LC),24+ ft.,25.0,-215.0,142.0,1,1,20110325,MIA,PHI
Shot Chart Detail,0021001072,125,101150,Lou Williams,1610612755,Philadelphia 76ers,2,10,3,Made Shot,Layup Shot,2PT Field Goal,Restricted Area,Center(C),Less Than 8 ft.,2.0,17.0,15.0,1,1,20110325,MIA,PHI
Shot Chart Detail,0021001072,214,101150,Lou Williams,1610612755,Philadelphia 76ers,2,2,50,Made Shot,Jump Shot,2PT Field Goal,Mid-Range,Right Side(R),16-24 ft.,20.0,204.0,25.0,1,1,20110325,MIA,PHI
Shot Chart Detail,0021001072,234,101150,Lou Williams,1610612755,Philadelphia 76ers,2,1,20,Missed Shot,Jump Shot,3PT Field Goal,Above the Break 3,Right Side Center(RC),24+ ft.,25.0,162.0,194.0,1,0,20110325,MIA,PHI
Shot Chart Detail,0021001072,241,101150,Lou Williams,1610612755,Philadelphia 76ers,2,0,32,Made Shot,Jump Shot,3PT Field Goal,Above the Break 3,Left Side Center(LC),24+ ft.,28.0,-193.0,213.0,1,1,20110325,MIA,PHI
Shot Chart Detail,0021001072,352,101150,Lou Williams,1610612755,Philadelphia 76ers,3,1,39,Made Shot,Jump Shot,3PT Field Goal,Right Corner 3,Right Side(R),24+ ft.,24.0,233.0,58.0,1,1,20110325,MIA,PHI
Shot Chart Detail,0021001072,354,101150,Lou Williams,1610612755,Philadelphia 76ers,3,1,0,Made Shot,Jump Shot,2PT Field Goal,Mid-Range,Left Side Center(LC),16-24 ft.,21.0,-73.0,203.0,1,1,20110325,MIA,PHI
Shot Chart Detail,0021001072,366,101150,Lou Williams,1610612755,Philadelphia 76ers,3,0,32,Made Shot,Jump Shot,3PT Field Goal,Above the Break 3,Left Side Center(LC),24+ ft.,27.0,-122.0,246.0,1,1,20110325,MIA,PHI
Shot Chart Detail,0021001072,456,101150,Lou Williams,1610612755,Philadelphia 76ers,4,5,2,Missed Shot,Jump Shot,3PT Field Goal,Above the Break 3,Left Side Center(LC),24+ ft.,24.0,-128.0,211.0,1,0,20110325,MIA,PHI
Shot Chart Detail,0021001072,497,101150,Lou Williams,1610612755,Philadelphia 76ers,4,1,37,Made Shot,Jump Shot,2PT Field Goal,Mid-Range,Center(C),16-24 ft.,18.0,36.0,186.0,1,1,20110325,MIA,PHI
Shot Chart Detail,0021001072,506,101150,Lou Williams,1610612755,Philadelphia 76ers,4,0,42,Missed Shot,Jump Shot,3PT Field Goal,Above the Break 3,Left Side Center(LC),24+ ft.,24.0,-146.0,200.0,1,0,20110325,MIA,PHI
Shot Chart Detail,0021001087,116,101150,Lou Williams,1610612755,Philadelphia 76ers,1,1,4,Missed Shot,Jump Shot,2PT Field Goal,Mid-Range,Left Side(L),8-16 ft.,16.0,-160.0,0.0,1,0,20110327,PHI,SAC
Shot Chart Detail,0021001087,128,101150,Lou Williams,1610612755,Philadelphia 76ers,1,0,13,Missed Shot,Jump Shot,2PT Field Goal,In The Paint (Non-RA),Center(C),Less Than 8 ft.,5.0,6.0,50.0,1,0,20110327,PHI,SAC
Shot Chart Detail,0021001087,145,101150,Lou Williams,1610612755,Philadelphia 76ers,2,10,59,Missed Shot,Jump Shot,3PT Field Goal,,,,,,,1,0,20110327,PHI,SAC
Shot Chart Detail,0021001087,172,101150,Lou Williams,1610612755,Philadelphia 76ers,2,8,48,Missed Shot,Jump Shot,2PT Field Goal,In The Paint (Non-RA),Center(C),8-16 ft.,11.0,9.0,110.0,1,0,20110327,PHI,SAC
Shot Chart Detail,0021001087,276,101150,Lou Williams,1610612755,Philadelphia 76ers,2,0,40,Missed Shot,Jump Shot,3PT Field Goal,Above the Break 3,Left Side Center(LC),24+ ft.,26.0,-127.0,233.0,1,0,20110327,PHI,SAC
Shot Chart Detail,0021001087,300,101150,Lou Williams,1610612755,Philadelphia 76ers,3,11,10,Missed Shot,Jump Shot,2PT Field Goal,In The Paint (Non-RA),Center(C),Less Than 8 ft.,7.0,7.0,77.0,1,0,20110327,PHI,SAC
Shot Chart Detail,0021001087,345,101150,Lou Williams,1610612755,Philadelphia 76ers,3,7,24,Missed Shot,Jump Shot,2PT Field Goal,Mid-Range,Left Side Center(LC),16-24 ft.,16.0,-125.0,107.0,1,0,20110327,PHI,SAC
Shot Chart Detail,0021001087,359,101150,Lou Williams,1610612755,Philadelphia 76ers,3,6,12,Missed Shot,Jump Shot,2PT Field Goal,Mid-Range,Left Side(L),8-16 ft.,14.0,-146.0,25.0,1,0,20110327,PHI,SAC
Shot Chart Detail,0021001087,597,101150,Lou Williams,1610612755,Philadelphia 76ers,4,0,0,Made Shot,Jump Shot,3PT Field Goal,Above the Break 3,Right Side Center(RC),24+ ft.,32.0,163.0,279.0,1,1,20110327,PHI,SAC
Shot Chart Detail,0021001087,649,101150,Lou Williams,1610612755,Philadelphia 76ers,5,0,48,Missed Shot,Jump Shot,2PT Field Goal,In The Paint (Non-RA),Center(C),Less Than 8 ft.,5.0,-49.0,22.0,1,0,20110327,PHI,SAC
Shot Chart Detail,0021001087,663,101150,Lou Williams,1610612755,Philadelphia 76ers,5,0,14,Missed Shot,Jump Shot,2PT Field Goal,Mid-Range,Right Side(R),8-16 ft.,12.0,100.0,77.0,1,0,20110327,PHI,SAC
Shot Chart Detail,0021001087,678,101150,Lou Williams,1610612755,Philadelphia 76ers,5,0,10,Missed Shot,Jump Shot,3PT Field Goal,Left Corner 3,Left Side(L),24+ ft.,23.0,-237.0,3.0,1,0,20110327,PHI,SAC
Shot Chart Detail,0021001098,86,101150,Lou Williams,1610612755,Philadelphia 76ers,1,1,17,Missed Shot,Jump Shot,2PT Field Goal,Mid-Range,Left Side(L),8-16 ft.,14.0,-116.0,82.0,1,0,20110328,CHI,PHI
Shot Chart Detail,0021001098,155,101150,Lou Williams,1610612755,Philadelphia 76ers,2,7,10,Missed Shot,Jump Shot,2PT Field Goal,Mid-Range,Left Side(L),8-16 ft.,15.0,-108.0,115.0,1,0,20110328,CHI,PHI
Shot Chart Detail,0021001098,180,101150,Lou Williams,1610612755,Philadelphia 76ers,2,5,52,Missed Shot,Jump Shot,2PT Field Goal,In The Paint (Non-RA),Center(C),Less Than 8 ft.,4.0,-32.0,33.0,1,0,20110328,CHI,PHI
Shot Chart Detail,0021001098,274,101150,Lou Williams,1610612755,Philadelphia 76ers,2,0,1,Missed Shot,Jump Shot,3PT Field Goal,Above the Break 3,Right Side Center(RC),24+ ft.,27.0,97.0,254.0,1,0,20110328,CHI,PHI
Shot Chart Detail,0021001098,357,101150,Lou Williams,1610612755,Philadelphia 76ers,3,2,28,Missed Shot,Jump Shot,2PT Field Goal,Mid-Range,Left Side Center(LC),16-24 ft.,21.0,-138.0,159.0,1,0,20110328,CHI,PHI
Shot Chart Detail,0021001098,389,101150,Lou Williams,1610612755,Philadelphia 76ers,3,0,51,Missed Shot,Jump Shot,2PT Field Goal,Mid-Range,Left Side Center(LC),16-24 ft.,21.0,-146.0,159.0,1,0,20110328,CHI,PHI
Shot Chart Detail,0021001098,412,101150,Lou Williams,1610612755,Philadelphia 76ers,4,11,44,Missed Shot,Jump Shot,2PT Field Goal,In The Paint (Non-RA),Center(C),Less Than 8 ft.,4.0,-38.0,23.0,1,0,20110328,CHI,PHI
Shot Chart Detail,0021001098,449,101150,Lou Williams,1610612755,Philadelphia 76ers,4,8,54,Made Shot,Fadeaway Jump Shot,2PT Field Goal,Mid-Range,Left Side(L),16-24 ft.,18.0,-183.0,30.0,1,1,20110328,CHI,PHI
Shot Chart Detail,0021001098,481,101150,Lou Williams,1610612755,Philadelphia 76ers,4,4,59,Missed Shot,Layup Shot,2PT Field Goal,Restricted Area,Center(C),Less Than 8 ft.,2.0,23.0,17.0,1,0,20110328,CHI,PHI
Shot Chart Detail,0021001098,532,101150,Lou Williams,1610612755,Philadelphia 76ers,4,1,18,Missed Shot,Jump Shot,2PT Field Goal,Mid-Range,Left Side Center(LC),16-24 ft.,22.0,-164.0,151.0,1,0,20110328,CHI,PHI
Shot Chart Detail,0021001098,536,101150,Lou Williams,1610612755,Philadelphia 76ers,4,1,6,Made Shot,Dunk Shot,2PT Field Goal,Restricted Area,Center(C),Less Than 8 ft.,1.0,10.0,11.0,1,1,20110328,CHI,PHI
Shot Chart Detail,0021001108,77,101150,Lou Williams,1610612755,Philadelphia 76ers,1,2,4,Made Shot,Finger Roll Layup Shot,2PT Field Goal,Restricted Area,Center(C),Less Than 8 ft.,1.0,6.0,11.0,1,1,20110330,PHI,HOU
Shot Chart Detail,0021001108,89,101150,Lou Williams,1610612755,Philadelphia 76ers,1,0,30,Missed Shot,Jump Shot,3PT Field Goal,Above the Break 3,Right Side Center(RC),24+ ft.,25.0,113.0,233.0,1,0,20110330,PHI,HOU
Shot Chart Detail,0021001108,93,101150,Lou Williams,1610612755,Philadelphia 76ers,1,0,1,Missed Shot,Jump Shot,2PT Field Goal,Restricted Area,Center(C),Less Than 8 ft.,3.0,23.0,22.0,1,0,20110330,PHI,HOU
Shot Chart Detail,0021001108,176,101150,Lou Williams,1610612755,Philadelphia 76ers,2,5,18,Missed Shot,Jump Shot,2PT Field Goal,Mid-Range,Right Side Center(RC),16-24 ft.,18.0,151.0,110.0,1,0,20110330,PHI,HOU
Shot Chart Detail,0021001108,182,101150,Lou Williams,1610612755,Philadelphia 76ers,2,4,29,Made Shot,Layup Shot,2PT Field Goal,Restricted Area,Center(C),Less Than 8 ft.,0.0,1.0,1.0,1,1,20110330,PHI,HOU
Shot Chart Detail,0021001108,198,101150,Lou Williams,1610612755,Philadelphia 76ers,2,2,44,Made Shot,Pullup Jump shot,2PT Field Goal,Mid-Range,Left Side Center(LC),16-24 ft.,18.0,-68.0,167.0,1,1,20110330,PHI,HOU
Shot Chart Detail,0021001108,219,101150,Lou Williams,1610612755,Philadelphia 76ers,2,0,4,Missed Shot,Jump Shot,2PT Field Goal,Mid-Range,Right Side Center(RC),16-24 ft.,18.0,121.0,145.0,1,0,20110330,PHI,HOU
Shot Chart Detail,0021001108,330,101150,Lou Williams,1610612755,Philadelphia 76ers,3,0,44,Made Shot,Floating Jump shot,2PT Field Goal,In The Paint (Non-RA),Center(C),Less Than 8 ft.,5.0,-5.0,58.0,1,1,20110330,PHI,HOU
Shot Chart Detail,0021001108,334,101150,Lou Williams,1610612755,Philadelphia 76ers,3,0,7,Made Shot,Jump Shot,3PT Field Goal,Above the Break 3,Left Side Center(LC),24+ ft.,25.0,-144.0,214.0,1,1,20110330,PHI,HOU
Shot Chart Detail,0021001108,351,101150,Lou Williams,1610612755,Philadelphia 76ers,4,10,48,Made Shot,Jump Shot,2PT Field Goal,Mid-Range,Right Side Center(RC),16-24 ft.,18.0,105.0,148.0,1,1,20110330,PHI,HOU
Shot Chart Detail,0021001108,364,101150,Lou Williams,1610612755,Philadelphia 76ers,4,8,51,Missed Shot,Jump Shot,2PT Field Goal,In The Paint (Non-RA),Center(C),Less Than 8 ft.,4.0,-7.0,41.0,1,0,20110330,PHI,HOU
Shot Chart Detail,0021001108,383,101150,Lou Williams,1610612755,Philadelphia 76ers,4,7,21,Missed Shot,Jump Shot,3PT Field Goal,Above the Break 3,Center(C),24+ ft.,26.0,9.0,261.0,1,0,20110330,PHI,HOU
Shot Chart Detail,0021001122,71,101150,Lou Williams,1610612755,Philadelphia 76ers,1,3,54,Made Shot,Layup Shot,2PT Field Goal,Restricted Area,Center(C),Less Than 8 ft.,0.0,-7.0,4.0,1,1,20110401,PHI,NJN
Shot Chart Detail,0021001122,118,101150,Lou Williams,1610612755,Philadelphia 76ers,1,0,55,Missed Shot,Jump Shot,2PT Field Goal,Mid-Range,Right Side(R),8-16 ft.,9.0,81.0,53.0,1,0,20110401,PHI,NJN
Shot Chart Detail,0021001122,138,101150,Lou Williams,1610612755,Philadelphia 76ers,2,11,10,Missed Shot,Jump Shot,2PT Field Goal,Mid-Range,Right Side(R),8-16 ft.,8.0,84.0,0.0,1,0,20110401,PHI,NJN
Shot Chart Detail,0021001122,142,101150,Lou Williams,1610612755,Philadelphia 76ers,2,10,22,Made Shot,Pullup Jump shot,2PT Field Goal,Mid-Range,Right Side(R),16-24 ft.,16.0,165.0,-17.0,1,1,20110401,PHI,NJN
Shot Chart Detail,0021001122,324,101150,Lou Williams,1610612755,Philadelphia 76ers,3,3,29,Made Shot,Jump Shot,3PT Field Goal,Above the Break 3,Left Side Center(LC),24+ ft.,25.0,-87.0,236.0,1,1,20110401,PHI,NJN
Shot Chart Detail,0021001122,365,101150,Lou Williams,1610612755,Philadelphia 76ers,3,0,7,Made Shot,Driving Finger Roll Layup Shot,2PT Field Goal,Restricted Area,Center(C),Less Than 8 ft.,1.0,18.0,3.0,1,1,20110401,PHI,NJN
Shot Chart Detail,0021001122,381,101150,Lou Williams,1610612755,Philadelphia 76ers,4,10,13,Made Shot,Driving Finger Roll Layup Shot,2PT Field Goal,Restricted Area,Center(C),Less Than 8 ft.,1.0,17.0,7.0,1,1,20110401,PHI,NJN
Shot Chart Detail,0021001135,88,101150,Lou Williams,1610612755,Philadelphia 76ers,1,0,3,Made Shot,Jump Shot,2PT Field Goal,In The Paint (Non-RA),Center(C),Less Than 8 ft.,5.0,-23.0,48.0,1,1,20110402,MIL,PHI
Shot Chart Detail,0021001135,101,101150,Lou Williams,1610612755,Philadelphia 76ers,2,11,14,Missed Shot,Jump Shot,3PT Field Goal,Above the Break 3,Left Side Center(LC),24+ ft.,25.0,-215.0,140.0,1,0,20110402,MIL,PHI
Shot Chart Detail,0021001135,117,101150,Lou Williams,1610612755,Philadelphia 76ers,2,9,49,Missed Shot,Jump Shot,2PT Field Goal,Mid-Range,Center(C),16-24 ft.,17.0,13.0,176.0,1,0,20110402,MIL,PHI
Shot Chart Detail,0021001135,150,101150,Lou Williams,1610612755,Philadelphia 76ers,2,5,33,Missed Shot,Jump Shot,2PT Field Goal,Mid-Range,Right Side Center(RC),16-24 ft.,16.0,121.0,108.0,1,0,20110402,MIL,PHI
Shot Chart Detail,0021001135,301,101150,Lou Williams,1610612755,Philadelphia 76ers,3,2,10,Missed Shot,Jump Shot,3PT Field Goal,Above the Break 3,Right Side Center(RC),24+ ft.,25.0,116.0,230.0,1,0,20110402,MIL,PHI
