GRID_TYPE,GAME_ID,GAME_EVENT_ID,PLAYER_ID,PLAYER_NAME,TEAM_ID,TEAM_NAME,PERIOD,MINUTES_REMAINING,SECONDS_REMAINING,EVENT_TYPE,ACTION_TYPE,SHOT_TYPE,SHOT_ZONE_BASIC,SHOT_ZONE_AREA,SHOT_ZONE_RANGE,SHOT_DISTANCE,LOC_X,LOC_Y,SHOT_ATTEMPTED_FLAG,SHOT_MADE_FLAG,GAME_DATE,HTM,VTM
Shot Chart Detail,0021000007,99,201962,Toney Douglas,1610612752,New York Knicks,1,2,37,Missed Shot,Jump Shot,3PT Field Goal,Left Corner 3,Left Side(L),24+ ft.,22.0,-226.0,-3.0,1,0,20101027,TOR,NYK
Shot Chart Detail,0021000007,116,201962,Toney Douglas,1610612752,New York Knicks,1,1,21,Made Shot,Pullup Jump shot,2PT Field Goal,Mid-Range,Right Side(R),16-24 ft.,18.0,184.0,-6.0,1,1,20101027,TOR,NYK
Shot Chart Detail,0021000007,148,201962,Toney Douglas,1610612752,New York Knicks,2,10,54,Made Shot,Driving Layup Shot,2PT Field Goal,Restricted Area,Center(C),Less Than 8 ft.,2.0,18.0,9.0,1,1,20101027,TOR,NYK
Shot Chart Detail,0021000007,176,201962,Toney Douglas,1610612752,New York Knicks,2,8,48,Made Shot,Pullup Jump shot,2PT Field Goal,Mid-Range,Right Side Center(RC),16-24 ft.,19.0,138.0,132.0,1,1,20101027,TOR,NYK
Shot Chart Detail,0021000007,242,201962,Toney Douglas,1610612752,New York Knicks,2,3,40,Made Shot,Driving Layup Shot,2PT Field Goal,Restricted Area,Center(C),Less Than 8 ft.,1.0,-5.0,19.0,1,1,20101027,TOR,NYK
Shot Chart Detail,0021000007,353,201962,Toney Douglas,1610612752,New York Knicks,3,4,55,Missed Shot,Jump Shot,3PT Field Goal,Left Corner 3,Left Side(L),24+ ft.,23.0,-228.0,60.0,1,0,20101027,TOR,NYK
Shot Chart Detail,0021000007,406,201962,Toney Douglas,1610612752,New York Knicks,3,1,13,Missed Shot,Jump Shot,3PT Field Goal,Left Corner 3,Left Side(L),24+ ft.,23.0,-231.0,4.0,1,0,20101027,TOR,NYK
Shot Chart Detail,0021000007,426,201962,Toney Douglas,1610612752,New York Knicks,4,11,43,Made Shot,Driving Layup Shot,2PT Field Goal,Restricted Area,Center(C),Less Than 8 ft.,2.0,23.0,6.0,1,1,20101027,TOR,NYK
Shot Chart Detail,0021000007,448,201962,Toney Douglas,1610612752,New York Knicks,4,8,43,Missed Shot,Pullup Jump shot,2PT Field Goal,Mid-Range,Right Side Center(RC),16-24 ft.,20.0,147.0,137.0,1,0,20101027,TOR,NYK
Shot Chart Detail,0021000023,125,201962,Toney Douglas,1610612752,New York Knicks,1,0,30,Missed Shot,Jump Shot,2PT Field Goal,Mid-Range,Right Side Center(RC),16-24 ft.,16.0,51.0,156.0,1,0,20101029,BOS,NYK
Shot Chart Detail,0021000023,137,201962,Toney Douglas,1610612752,New York Knicks,2,11,40,Made Shot,Jump Bank Shot,3PT Field Goal,Above the Break 3,Center(C),24+ ft.,24.0,-4.0,246.0,1,1,20101029,BOS,NYK
Shot Chart Detail,0021000023,186,201962,Toney Douglas,1610612752,New York Knicks,2,6,32,Made Shot,Pullup Jump shot,3PT Field Goal,Above the Break 3,Center(C),24+ ft.,25.0,-54.0,246.0,1,1,20101029,BOS,NYK
Shot Chart Detail,0021000023,379,201962,Toney Douglas,1610612752,New York Knicks,3,0,39,Made Shot,Pullup Jump shot,3PT Field Goal,Above the Break 3,Right Side Center(RC),24+ ft.,24.0,166.0,184.0,1,1,20101029,BOS,NYK
Shot Chart Detail,0021000023,394,201962,Toney Douglas,1610612752,New York Knicks,4,11,12,Missed Shot,Jump Shot,2PT Field Goal,Mid-Range,Right Side Center(RC),16-24 ft.,22.0,151.0,165.0,1,0,20101029,BOS,NYK
Shot Chart Detail,0021000023,400,201962,Toney Douglas,1610612752,New York Knicks,4,10,37,Made Shot,Jump Shot,2PT Field Goal,Mid-Range,Left Side Center(LC),16-24 ft.,21.0,-150.0,149.0,1,1,20101029,BOS,NYK
Shot Chart Detail,0021000023,450,201962,Toney Douglas,1610612752,New York Knicks,4,5,32,Missed Shot,Jump Shot,3PT Field Goal,Above the Break 3,Left Side Center(LC),24+ ft.,24.0,-122.0,208.0,1,0,20101029,BOS,NYK
Shot Chart Detail,0021000023,493,201962,Toney Douglas,1610612752,New York Knicks,4,1,53,Missed Shot,Jump Shot,3PT Field Goal,Left Corner 3,Left Side(L),24+ ft.,23.0,-232.0,7.0,1,0,20101029,BOS,NYK
Shot Chart Detail,0021000033,64,201962,Toney Douglas,1610612752,New York Knicks,1,3,52,Missed Shot,Jump Shot,3PT Field Goal,Left Corner 3,Left Side(L),24+ ft.,23.0,-231.0,-24.0,1,0,20101030,NYK,POR
Shot Chart Detail,0021000033,97,201962,Toney Douglas,1610612752,New York Knicks,1,1,26,Made Shot,Driving Layup Shot,2PT Field Goal,Restricted Area,Center(C),Less Than 8 ft.,1.0,-5.0,11.0,1,1,20101030,NYK,POR
Shot Chart Detail,0021000033,111,201962,Toney Douglas,1610612752,New York Knicks,1,0,2,Missed Shot,Jump Shot,3PT Field Goal,Above the Break 3,Right Side Center(RC),24+ ft.,24.0,212.0,132.0,1,0,20101030,NYK,POR
Shot Chart Detail,0021000033,131,201962,Toney Douglas,1610612752,New York Knicks,2,10,6,Made Shot,Driving Layup Shot,2PT Field Goal,Restricted Area,Center(C),Less Than 8 ft.,1.0,10.0,6.0,1,1,20101030,NYK,POR
Shot Chart Detail,0021000033,151,201962,Toney Douglas,1610612752,New York Knicks,2,8,41,Missed Shot,Layup Shot,2PT Field Goal,Restricted Area,Center(C),Less Than 8 ft.,0.0,-8.0,4.0,1,0,20101030,NYK,POR
Shot Chart Detail,0021000033,229,201962,Toney Douglas,1610612752,New York Knicks,2,2,57,Missed Shot,Jump Shot,3PT Field Goal,Above the Break 3,Left Side Center(LC),24+ ft.,25.0,-101.0,239.0,1,0,20101030,NYK,POR
Shot Chart Detail,0021000033,365,201962,Toney Douglas,1610612752,New York Knicks,3,3,17,Made Shot,Jump Shot,2PT Field Goal,In The Paint (Non-RA),Center(C),Less Than 8 ft.,6.0,61.0,15.0,1,1,20101030,NYK,POR
Shot Chart Detail,0021000033,377,201962,Toney Douglas,1610612752,New York Knicks,3,2,48,Made Shot,Jump Shot,2PT Field Goal,Mid-Range,Left Side(L),16-24 ft.,18.0,-158.0,93.0,1,1,20101030,NYK,POR
Shot Chart Detail,0021000033,391,201962,Toney Douglas,1610612752,New York Knicks,3,1,43,Missed Shot,Jump Shot,3PT Field Goal,Above the Break 3,Right Side Center(RC),24+ ft.,24.0,193.0,149.0,1,0,20101030,NYK,POR
Shot Chart Detail,0021000033,445,201962,Toney Douglas,1610612752,New York Knicks,4,8,56,Made Shot,Layup Shot,2PT Field Goal,Restricted Area,Center(C),Less Than 8 ft.,3.0,26.0,19.0,1,1,20101030,NYK,POR
Shot Chart Detail,0021000033,451,201962,Toney Douglas,1610612752,New York Knicks,4,8,32,Missed Shot,Jump Shot,2PT Field Goal,In The Paint (Non-RA),Center(C),Less Than 8 ft.,5.0,53.0,28.0,1,0,20101030,NYK,POR
Shot Chart Detail,0021000051,52,201962,Toney Douglas,1610612752,New York Knicks,1,6,6,Missed Shot,Jump Shot,2PT Field Goal,Mid-Range,Right Side(R),8-16 ft.,13.0,135.0,-17.0,1,0,20110328,NYK,ORL
Shot Chart Detail,0021000051,58,201962,Toney Douglas,1610612752,New York Knicks,1,5,23,Made Shot,Jump Shot,2PT Field Goal,Mid-Range,Left Side(L),8-16 ft.,15.0,-150.0,-25.0,1,1,20110328,NYK,ORL
Shot Chart Detail,0021000051,97,201962,Toney Douglas,1610612752,New York Knicks,1,2,1,Missed Shot,Jump Shot,3PT Field Goal,Right Corner 3,Right Side(R),24+ ft.,23.0,234.0,39.0,1,0,20110328,NYK,ORL
Shot Chart Detail,0021000051,108,201962,Toney Douglas,1610612752,New York Knicks,1,1,18,Missed Shot,Jump Shot,2PT Field Goal,Mid-Range,Left Side(L),8-16 ft.,15.0,-133.0,88.0,1,0,20110328,NYK,ORL
Shot Chart Detail,0021000051,110,201962,Toney Douglas,1610612752,New York Knicks,1,1,13,Made Shot,Jump Shot,3PT Field Goal,Left Corner 3,Left Side(L),24+ ft.,23.0,-232.0,-11.0,1,1,20110328,NYK,ORL
Shot Chart Detail,0021000051,120,201962,Toney Douglas,1610612752,New York Knicks,1,0,22,Missed Shot,Jump Shot,3PT Field Goal,Above the Break 3,Left Side Center(LC),24+ ft.,27.0,-158.0,220.0,1,0,20110328,NYK,ORL
Shot Chart Detail,0021000051,148,201962,Toney Douglas,1610612752,New York Knicks,2,9,42,Missed Shot,Layup Shot,2PT Field Goal,Restricted Area,Center(C),Less Than 8 ft.,2.0,-21.0,19.0,1,0,20110328,NYK,ORL
Shot Chart Detail,0021000051,400,201962,Toney Douglas,1610612752,New York Knicks,3,1,50,Missed Shot,Jump Shot,3PT Field Goal,Left Corner 3,Left Side(L),24+ ft.,23.0,-237.0,30.0,1,0,20110328,NYK,ORL
Shot Chart Detail,0021000051,438,201962,Toney Douglas,1610612752,New York Knicks,4,10,22,Made Shot,Jump Shot,3PT Field Goal,Above the Break 3,Left Side Center(LC),24+ ft.,25.0,-204.0,151.0,1,1,20110328,NYK,ORL
Shot Chart Detail,0021000051,463,201962,Toney Douglas,1610612752,New York Knicks,4,7,20,Missed Shot,Jump Shot,3PT Field Goal,Above the Break 3,Left Side Center(LC),24+ ft.,24.0,-172.0,173.0,1,0,20110328,NYK,ORL
Shot Chart Detail,0021000051,512,201962,Toney Douglas,1610612752,New York Knicks,4,3,3,Made Shot,Floating Jump shot,2PT Field Goal,Mid-Range,Left Side(L),8-16 ft.,12.0,-125.0,-25.0,1,1,20110328,NYK,ORL
Shot Chart Detail,0021000051,525,201962,Toney Douglas,1610612752,New York Knicks,4,1,25,Missed Shot,Jump Shot,3PT Field Goal,Above the Break 3,Right Side Center(RC),24+ ft.,24.0,184.0,168.0,1,0,20110328,NYK,ORL
Shot Chart Detail,0021000051,546,201962,Toney Douglas,1610612752,New York Knicks,4,0,10,Made Shot,Jump Shot,2PT Field Goal,In The Paint (Non-RA),Center(C),Less Than 8 ft.,6.0,-60.0,19.0,1,1,20110328,NYK,ORL
Shot Chart Detail,0021000051,567,201962,Toney Douglas,1610612752,New York Knicks,5,4,27,Made Shot,Jump Shot,3PT Field Goal,Above the Break 3,Right Side Center(RC),24+ ft.,24.0,189.0,151.0,1,1,20110328,NYK,ORL
Shot Chart Detail,0021000051,569,201962,Toney Douglas,1610612752,New York Knicks,5,3,47,Missed Shot,Jump Shot,3PT Field Goal,Left Corner 3,Left Side(L),24+ ft.,23.0,-226.0,44.0,1,0,20110328,NYK,ORL
Shot Chart Detail,0021000051,580,201962,Toney Douglas,1610612752,New York Knicks,5,2,6,Missed Shot,Jump Shot,3PT Field Goal,Left Corner 3,Left Side(L),24+ ft.,24.0,-239.0,-27.0,1,0,20110328,NYK,ORL
Shot Chart Detail,0021000051,587,201962,Toney Douglas,1610612752,New York Knicks,5,1,26,Missed Shot,Jump Shot,2PT Field Goal,In The Paint (Non-RA),Center(C),8-16 ft.,9.0,15.0,91.0,1,0,20110328,NYK,ORL
Shot Chart Detail,0021000066,96,201962,Toney Douglas,1610612752,New York Knicks,1,3,19,Made Shot,Jump Shot,3PT Field Goal,Left Corner 3,Left Side(L),24+ ft.,23.0,-235.0,-2.0,1,1,20101104,CHI,NYK
Shot Chart Detail,0021000066,140,201962,Toney Douglas,1610612752,New York Knicks,2,10,46,Missed Shot,Jump Shot,3PT Field Goal,Above the Break 3,Center(C),24+ ft.,24.0,-21.0,244.0,1,0,20101104,CHI,NYK
Shot Chart Detail,0021000066,193,201962,Toney Douglas,1610612752,New York Knicks,2,7,14,Made Shot,Running Layup Shot,2PT Field Goal,Restricted Area,Center(C),Less Than 8 ft.,3.0,1.0,37.0,1,1,20101104,CHI,NYK
Shot Chart Detail,0021000066,215,201962,Toney Douglas,1610612752,New York Knicks,2,5,53,Made Shot,Driving Layup Shot,2PT Field Goal,Restricted Area,Center(C),Less Than 8 ft.,3.0,15.0,31.0,1,1,20101104,CHI,NYK
Shot Chart Detail,0021000066,345,201962,Toney Douglas,1610612752,New York Knicks,3,7,6,Made Shot,Jump Shot,3PT Field Goal,Above the Break 3,Right Side Center(RC),24+ ft.,25.0,130.0,217.0,1,1,20101104,CHI,NYK
Shot Chart Detail,0021000066,356,201962,Toney Douglas,1610612752,New York Knicks,3,6,5,Made Shot,Jump Shot,3PT Field Goal,Above the Break 3,Left Side Center(LC),24+ ft.,24.0,-193.0,156.0,1,1,20101104,CHI,NYK
Shot Chart Detail,0021000066,372,201962,Toney Douglas,1610612752,New York Knicks,3,3,11,Made Shot,Jump Shot,3PT Field Goal,Above the Break 3,Left Side Center(LC),24+ ft.,24.0,-127.0,211.0,1,1,20101104,CHI,NYK
Shot Chart Detail,0021000066,415,201962,Toney Douglas,1610612752,New York Knicks,4,11,34,Made Shot,Floating Jump shot,2PT Field Goal,In The Paint (Non-RA),Center(C),8-16 ft.,10.0,24.0,99.0,1,1,20101104,CHI,NYK
Shot Chart Detail,0021000066,417,201962,Toney Douglas,1610612752,New York Knicks,4,11,5,Made Shot,Jump Shot,3PT Field Goal,Above the Break 3,Right Side Center(RC),24+ ft.,24.0,165.0,175.0,1,1,20101104,CHI,NYK
Shot Chart Detail,0021000066,449,201962,Toney Douglas,1610612752,New York Knicks,4,8,13,Missed Shot,Jump Shot,3PT Field Goal,Above the Break 3,Left Side Center(LC),24+ ft.,25.0,-194.0,164.0,1,0,20101104,CHI,NYK
Shot Chart Detail,0021000066,465,201962,Toney Douglas,1610612752,New York Knicks,4,6,3,Missed Shot,Jump Shot,3PT Field Goal,Above the Break 3,Right Side Center(RC),24+ ft.,28.0,124.0,257.0,1,0,20101104,CHI,NYK
Shot Chart Detail,0021000066,522,201962,Toney Douglas,1610612752,New York Knicks,4,1,9,Made Shot,Layup Shot,2PT Field Goal,Restricted Area,Center(C),Less Than 8 ft.,1.0,9.0,14.0,1,1,20101104,CHI,NYK
Shot Chart Detail,0021000066,526,201962,Toney Douglas,1610612752,New York Knicks,4,0,45,Missed Shot,Floating Jump shot,2PT Field Goal,In The Paint (Non-RA),Center(C),Less Than 8 ft.,5.0,-13.0,53.0,1,0,20101104,CHI,NYK
Shot Chart Detail,0021000066,534,201962,Toney Douglas,1610612752,New York Knicks,4,0,16,Missed Shot,Jump Shot,3PT Field Goal,Above the Break 3,Center(C),24+ ft.,35.0,4.0,353.0,1,0,20101104,CHI,NYK
Shot Chart Detail,0021000072,71,201962,Toney Douglas,1610612752,New York Knicks,1,2,39,Missed Shot,Jump Shot,3PT Field Goal,Right Corner 3,Right Side(R),24+ ft.,23.0,236.0,22.0,1,0,20101105,NYK,WAS
Shot Chart Detail,0021000072,124,201962,Toney Douglas,1610612752,New York Knicks,2,11,25,Missed Shot,Jump Shot,3PT Field Goal,Above the Break 3,Left Side Center(LC),24+ ft.,26.0,-128.0,235.0,1,0,20101105,NYK,WAS
Shot Chart Detail,0021000072,136,201962,Toney Douglas,1610612752,New York Knicks,2,10,12,Made Shot,Jump Shot,3PT Field Goal,Above the Break 3,Right Side Center(RC),24+ ft.,26.0,138.0,224.0,1,1,20101105,NYK,WAS
Shot Chart Detail,0021000072,156,201962,Toney Douglas,1610612752,New York Knicks,2,8,48,Made Shot,Jump Shot,3PT Field Goal,Above the Break 3,Center(C),24+ ft.,26.0,39.0,261.0,1,1,20101105,NYK,WAS
Shot Chart Detail,0021000072,198,201962,Toney Douglas,1610612752,New York Knicks,2,5,34,Missed Shot,Driving Layup Shot,2PT Field Goal,Restricted Area,Center(C),Less Than 8 ft.,2.0,-23.0,14.0,1,0,20101105,NYK,WAS
Shot Chart Detail,0021000072,202,201962,Toney Douglas,1610612752,New York Knicks,2,5,7,Made Shot,Jump Shot,3PT Field Goal,Above the Break 3,Left Side Center(LC),24+ ft.,24.0,-125.0,214.0,1,1,20101105,NYK,WAS
Shot Chart Detail,0021000072,348,201962,Toney Douglas,1610612752,New York Knicks,3,4,31,Missed Shot,Jump Shot,3PT Field Goal,Left Corner 3,Left Side(L),24+ ft.,23.0,-234.0,14.0,1,0,20101105,NYK,WAS
Shot Chart Detail,0021000072,350,201962,Toney Douglas,1610612752,New York Knicks,3,4,21,Missed Shot,Jump Shot,2PT Field Goal,In The Paint (Non-RA),Center(C),8-16 ft.,11.0,56.0,99.0,1,0,20101105,NYK,WAS
Shot Chart Detail,0021000072,359,201962,Toney Douglas,1610612752,New York Knicks,3,3,31,Made Shot,Driving Layup Shot,2PT Field Goal,Restricted Area,Center(C),Less Than 8 ft.,2.0,15.0,25.0,1,1,20101105,NYK,WAS
Shot Chart Detail,0021000072,388,201962,Toney Douglas,1610612752,New York Knicks,3,1,41,Missed Shot,Jump Shot,3PT Field Goal,Above the Break 3,Center(C),24+ ft.,27.0,77.0,263.0,1,0,20101105,NYK,WAS
Shot Chart Detail,0021000072,400,201962,Toney Douglas,1610612752,New York Knicks,3,0,56,Made Shot,Driving Layup Shot,2PT Field Goal,Restricted Area,Center(C),Less Than 8 ft.,2.0,4.0,25.0,1,1,20101105,NYK,WAS
Shot Chart Detail,0021000072,409,201962,Toney Douglas,1610612752,New York Knicks,4,11,24,Made Shot,Driving Layup Shot,2PT Field Goal,In The Paint (Non-RA),Center(C),Less Than 8 ft.,4.0,42.0,22.0,1,1,20101105,NYK,WAS
Shot Chart Detail,0021000072,437,201962,Toney Douglas,1610612752,New York Knicks,4,8,25,Missed Shot,Jump Shot,2PT Field Goal,Mid-Range,Right Side(R),8-16 ft.,14.0,138.0,25.0,1,0,20101105,NYK,WAS
Shot Chart Detail,0021000072,457,201962,Toney Douglas,1610612752,New York Knicks,4,6,27,Missed Shot,Jump Shot,3PT Field Goal,Above the Break 3,Right Side Center(RC),24+ ft.,30.0,204.0,225.0,1,0,20101105,NYK,WAS
Shot Chart Detail,0021000072,483,201962,Toney Douglas,1610612752,New York Knicks,4,4,23,Made Shot,Jump Shot,2PT Field Goal,Mid-Range,Right Side(R),16-24 ft.,16.0,159.0,47.0,1,1,20101105,NYK,WAS
Shot Chart Detail,0021000072,486,201962,Toney Douglas,1610612752,New York Knicks,4,3,49,Missed Shot,Jump Shot,2PT Field Goal,Restricted Area,Center(C),Less Than 8 ft.,3.0,1.0,36.0,1,0,20101105,NYK,WAS
Shot Chart Detail,0021000072,508,201962,Toney Douglas,1610612752,New York Knicks,4,2,12,Made Shot,Layup Shot,2PT Field Goal,Restricted Area,Center(C),Less Than 8 ft.,2.0,9.0,20.0,1,1,20101105,NYK,WAS
Shot Chart Detail,0021000072,521,201962,Toney Douglas,1610612752,New York Knicks,4,1,6,Missed Shot,Jump Shot,2PT Field Goal,Mid-Range,Right Side(R),8-16 ft.,13.0,135.0,31.0,1,0,20101105,NYK,WAS
Shot Chart Detail,0021000072,523,201962,Toney Douglas,1610612752,New York Knicks,4,1,4,Missed Shot,Jump Shot,2PT Field Goal,Restricted Area,Center(C),Less Than 8 ft.,3.0,-11.0,37.0,1,0,20101105,NYK,WAS
Shot Chart Detail,0021000089,90,201962,Toney Douglas,1610612752,New York Knicks,1,1,21,Missed Shot,Jump Shot,3PT Field Goal,Left Corner 3,Left Side(L),24+ ft.,23.0,-231.0,33.0,1,0,20101107,NYK,PHI
Shot Chart Detail,0021000089,102,201962,Toney Douglas,1610612752,New York Knicks,1,0,4,Made Shot,Jump Shot,2PT Field Goal,Mid-Range,Right Side(R),8-16 ft.,13.0,132.0,31.0,1,1,20101107,NYK,PHI
Shot Chart Detail,0021000089,110,201962,Toney Douglas,1610612752,New York Knicks,2,11,41,Made Shot,Driving Layup Shot,2PT Field Goal,Restricted Area,Center(C),Less Than 8 ft.,0.0,7.0,0.0,1,1,20101107,NYK,PHI
Shot Chart Detail,0021000089,117,201962,Toney Douglas,1610612752,New York Knicks,2,10,54,Missed Shot,Jump Shot,3PT Field Goal,Above the Break 3,Right Side Center(RC),24+ ft.,27.0,89.0,258.0,1,0,20101107,NYK,PHI
Shot Chart Detail,0021000089,182,201962,Toney Douglas,1610612752,New York Knicks,2,6,54,Made Shot,Driving Layup Shot,2PT Field Goal,Restricted Area,Center(C),Less Than 8 ft.,1.0,-7.0,12.0,1,1,20101107,NYK,PHI
Shot Chart Detail,0021000089,200,201962,Toney Douglas,1610612752,New York Knicks,2,5,45,Made Shot,Jump Shot,2PT Field Goal,Mid-Range,Left Side Center(LC),16-24 ft.,20.0,-127.0,157.0,1,1,20101107,NYK,PHI
Shot Chart Detail,0021000089,261,201962,Toney Douglas,1610612752,New York Knicks,2,0,1,Missed Shot,Layup Shot,2PT Field Goal,Restricted Area,Center(C),Less Than 8 ft.,3.0,-27.0,19.0,1,0,20101107,NYK,PHI
Shot Chart Detail,0021000089,341,201962,Toney Douglas,1610612752,New York Knicks,3,6,56,Made Shot,Floating Jump shot,2PT Field Goal,In The Paint (Non-RA),Center(C),Less Than 8 ft.,5.0,34.0,37.0,1,1,20101107,NYK,PHI
Shot Chart Detail,0021000089,375,201962,Toney Douglas,1610612752,New York Knicks,3,4,37,Missed Shot,Jump Shot,2PT Field Goal,In The Paint (Non-RA),Center(C),Less Than 8 ft.,5.0,53.0,11.0,1,0,20101107,NYK,PHI
Shot Chart Detail,0021000089,407,201962,Toney Douglas,1610612752,New York Knicks,3,3,5,Missed Shot,Jump Shot,3PT Field Goal,Above the Break 3,Center(C),24+ ft.,24.0,64.0,241.0,1,0,20101107,NYK,PHI
Shot Chart Detail,0021000089,542,201962,Toney Douglas,1610612752,New York Knicks,4,4,51,Missed Shot,Jump Shot,2PT Field Goal,Mid-Range,Left Side(L),16-24 ft.,16.0,-166.0,12.0,1,0,20101107,NYK,PHI
Shot Chart Detail,0021000089,548,201962,Toney Douglas,1610612752,New York Knicks,4,3,42,Missed Shot,Jump Shot,2PT Field Goal,In The Paint (Non-RA),Center(C),Less Than 8 ft.,7.0,65.0,45.0,1,0,20101107,NYK,PHI
Shot Chart Detail,0021000089,599,201962,Toney Douglas,1610612752,New York Knicks,4,0,34,Missed Shot,Jump Shot,3PT Field Goal,Above the Break 3,Right Side Center(RC),24+ ft.,25.0,83.0,246.0,1,0,20101107,NYK,PHI
Shot Chart Detail,0021000104,109,201962,Toney Douglas,1610612752,New York Knicks,1,1,44,Missed Shot,Jump Shot,3PT Field Goal,Above the Break 3,Left Side Center(LC),24+ ft.,26.0,-226.0,129.0,1,0,20101109,MIL,NYK
Shot Chart Detail,0021000104,160,201962,Toney Douglas,1610612752,New York Knicks,2,10,41,Missed Shot,Jump Shot,2PT Field Goal,In The Paint (Non-RA),Center(C),8-16 ft.,14.0,69.0,129.0,1,0,20101109,MIL,NYK
Shot Chart Detail,0021000104,193,201962,Toney Douglas,1610612752,New York Knicks,2,6,45,Missed Shot,Jump Shot,2PT Field Goal,Mid-Range,Right Side(R),8-16 ft.,12.0,127.0,3.0,1,0,20101109,MIL,NYK
Shot Chart Detail,0021000104,399,201962,Toney Douglas,1610612752,New York Knicks,3,0,20,Made Shot,Jump Shot,3PT Field Goal,Right Corner 3,Right Side(R),24+ ft.,24.0,239.0,52.0,1,1,20101109,MIL,NYK
Shot Chart Detail,0021000104,414,201962,Toney Douglas,1610612752,New York Knicks,4,10,17,Made Shot,Jump Shot,3PT Field Goal,Above the Break 3,Left Side Center(LC),24+ ft.,25.0,-188.0,179.0,1,1,20101109,MIL,NYK
Shot Chart Detail,0021000104,430,201962,Toney Douglas,1610612752,New York Knicks,4,8,22,Missed Shot,Layup Shot,2PT Field Goal,Restricted Area,Center(C),Less Than 8 ft.,1.0,2.0,12.0,1,0,20101109,MIL,NYK
Shot Chart Detail,0021000113,119,201962,Toney Douglas,1610612752,New York Knicks,1,2,21,Missed Shot,Jump Shot,3PT Field Goal,Above the Break 3,Right Side Center(RC),24+ ft.,24.0,162.0,186.0,1,0,20101110,NYK,GSW
Shot Chart Detail,0021000113,172,201962,Toney Douglas,1610612752,New York Knicks,2,10,58,Missed Shot,Jump Shot,3PT Field Goal,Above the Break 3,Right Side Center(RC),24+ ft.,25.0,171.0,189.0,1,0,20101110,NYK,GSW
Shot Chart Detail,0021000113,281,201962,Toney Douglas,1610612752,New York Knicks,2,2,15,Missed Shot,Jump Shot,3PT Field Goal,Left Corner 3,Left Side(L),24+ ft.,23.0,-231.0,-21.0,1,0,20101110,NYK,GSW
Shot Chart Detail,0021000113,395,201962,Toney Douglas,1610612752,New York Knicks,3,4,15,Missed Shot,Jump Shot,3PT Field Goal,Left Corner 3,Left Side(L),24+ ft.,23.0,-234.0,-24.0,1,0,20101110,NYK,GSW
Shot Chart Detail,0021000113,400,201962,Toney Douglas,1610612752,New York Knicks,3,3,42,Made Shot,Floating Jump shot,2PT Field Goal,Mid-Range,Right Side(R),8-16 ft.,14.0,143.0,-28.0,1,1,20101110,NYK,GSW
Shot Chart Detail,0021000113,463,201962,Toney Douglas,1610612752,New York Knicks,3,0,1,Missed Shot,Jump Shot,3PT Field Goal,Above the Break 3,Right Side Center(RC),24+ ft.,25.0,187.0,173.0,1,0,20101110,NYK,GSW
Shot Chart Detail,0021000113,477,201962,Toney Douglas,1610612752,New York Knicks,4,11,12,Missed Shot,Running Jump Shot,2PT Field Goal,In The Paint (Non-RA),Center(C),Less Than 8 ft.,4.0,-15.0,42.0,1,0,20101110,NYK,GSW
Shot Chart Detail,0021000113,479,201962,Toney Douglas,1610612752,New York Knicks,4,11,9,Made Shot,Jump Shot,2PT Field Goal,In The Paint (Non-RA),Center(C),Less Than 8 ft.,4.0,-15.0,45.0,1,1,20101110,NYK,GSW
Shot Chart Detail,0021000113,481,201962,Toney Douglas,1610612752,New York Knicks,4,10,38,Missed Shot,Jump Shot,3PT Field Goal,Above the Break 3,Left Side Center(LC),24+ ft.,24.0,-210.0,126.0,1,0,20101110,NYK,GSW
Shot Chart Detail,0021000113,547,201962,Toney Douglas,1610612752,New York Knicks,4,4,40,Made Shot,Driving Layup Shot,2PT Field Goal,Restricted Area,Center(C),Less Than 8 ft.,1.0,13.0,9.0,1,1,20101110,NYK,GSW
Shot Chart Detail,0021000113,562,201962,Toney Douglas,1610612752,New York Knicks,4,3,17,Made Shot,Driving Layup Shot,2PT Field Goal,Restricted Area,Center(C),Less Than 8 ft.,3.0,-30.0,11.0,1,1,20101110,NYK,GSW
Shot Chart Detail,0021000113,592,201962,Toney Douglas,1610612752,New York Knicks,4,1,36,Missed Shot,Jump Shot,3PT Field Goal,Above the Break 3,Left Side Center(LC),24+ ft.,24.0,-155.0,187.0,1,0,20101110,NYK,GSW
Shot Chart Detail,0021000125,95,201962,Toney Douglas,1610612752,New York Knicks,1,2,55,Made Shot,Running Jump Shot,2PT Field Goal,In The Paint (Non-RA),Center(C),8-16 ft.,12.0,34.0,123.0,1,1,20101112,MIN,NYK
Shot Chart Detail,0021000125,97,201962,Toney Douglas,1610612752,New York Knicks,1,2,16,Missed Shot,Jump Shot,3PT Field Goal,Left Corner 3,Left Side(L),24+ ft.,22.0,-226.0,12.0,1,0,20101112,MIN,NYK
Shot Chart Detail,0021000125,133,201962,Toney Douglas,1610612752,New York Knicks,2,11,7,Made Shot,Jump Shot,3PT Field Goal,Above the Break 3,Center(C),24+ ft.,25.0,34.0,257.0,1,1,20101112,MIN,NYK
Shot Chart Detail,0021000125,135,201962,Toney Douglas,1610612752,New York Knicks,2,10,41,Made Shot,Running Jump Shot,2PT Field Goal,Mid-Range,Left Side(L),8-16 ft.,10.0,-98.0,45.0,1,1,20101112,MIN,NYK
Shot Chart Detail,0021000125,138,201962,Toney Douglas,1610612752,New York Knicks,2,10,16,Missed Shot,Jump Shot,3PT Field Goal,Above the Break 3,Center(C),24+ ft.,27.0,78.0,260.0,1,0,20101112,MIN,NYK
Shot Chart Detail,0021000125,154,201962,Toney Douglas,1610612752,New York Knicks,2,8,54,Made Shot,Jump Shot,2PT Field Goal,Mid-Range,Right Side(R),8-16 ft.,15.0,130.0,82.0,1,1,20101112,MIN,NYK
Shot Chart Detail,0021000125,171,201962,Toney Douglas,1610612752,New York Knicks,2,6,55,Missed Shot,Jump Shot,2PT Field Goal,Restricted Area,Center(C),Less Than 8 ft.,3.0,-29.0,15.0,1,0,20101112,MIN,NYK
Shot Chart Detail,0021000125,205,201962,Toney Douglas,1610612752,New York Knicks,2,5,23,Missed Shot,Jump Shot,2PT Field Goal,In The Paint (Non-RA),Right Side(R),8-16 ft.,8.0,65.0,53.0,1,0,20101112,MIN,NYK
Shot Chart Detail,0021000125,425,201962,Toney Douglas,1610612752,New York Knicks,3,0,35,Missed Shot,Jump Shot,2PT Field Goal,Mid-Range,Left Side(L),8-16 ft.,15.0,-157.0,14.0,1,0,20101112,MIN,NYK
Shot Chart Detail,0021000125,462,201962,Toney Douglas,1610612752,New York Knicks,4,10,11,Missed Shot,Running Jump Shot,2PT Field Goal,Mid-Range,Right Side(R),8-16 ft.,11.0,113.0,22.0,1,0,20101112,MIN,NYK
Shot Chart Detail,0021000142,82,201962,Toney Douglas,1610612752,New York Knicks,1,3,54,Missed Shot,Jump Shot,3PT Field Goal,Right Corner 3,Right Side(R),24+ ft.,22.0,226.0,42.0,1,0,20101114,NYK,HOU
Shot Chart Detail,0021000142,94,201962,Toney Douglas,1610612752,New York Knicks,1,3,2,Missed Shot,Jump Shot,2PT Field Goal,In The Paint (Non-RA),Center(C),Less Than 8 ft.,6.0,-10.0,61.0,1,0,20101114,NYK,HOU
Shot Chart Detail,0021000142,128,201962,Toney Douglas,1610612752,New York Knicks,1,0,0,Missed Shot,Jump Shot,3PT Field Goal,Above the Break 3,Right Side Center(RC),24+ ft.,37.0,157.0,339.0,1,0,20101114,NYK,HOU
Shot Chart Detail,0021000142,138,201962,Toney Douglas,1610612752,New York Knicks,2,10,54,Made Shot,Jump Shot,3PT Field Goal,Above the Break 3,Left Side Center(LC),24+ ft.,25.0,-158.0,206.0,1,1,20101114,NYK,HOU
Shot Chart Detail,0021000142,141,201962,Toney Douglas,1610612752,New York Knicks,2,10,23,Missed Shot,Jump Shot,3PT Field Goal,Above the Break 3,Left Side Center(LC),24+ ft.,26.0,-174.0,198.0,1,0,20101114,NYK,HOU
Shot Chart Detail,0021000142,169,201962,Toney Douglas,1610612752,New York Knicks,2,8,41,Missed Shot,Jump Shot,2PT Field Goal,Mid-Range,Right Side(R),8-16 ft.,12.0,127.0,23.0,1,0,20101114,NYK,HOU
Shot Chart Detail,0021000142,197,201962,Toney Douglas,1610612752,New York Knicks,2,6,24,Missed Shot,Jump Shot,3PT Field Goal,Left Corner 3,Left Side(L),24+ ft.,24.0,-240.0,1.0,1,0,20101114,NYK,HOU
Shot Chart Detail,0021000142,394,201962,Toney Douglas,1610612752,New York Knicks,3,2,37,Missed Shot,Layup Shot,2PT Field Goal,Restricted Area,Center(C),Less Than 8 ft.,0.0,4.0,1.0,1,0,20101114,NYK,HOU
Shot Chart Detail,0021000142,430,201962,Toney Douglas,1610612752,New York Knicks,3,0,22,Missed Shot,Jump Shot,2PT Field Goal,In The Paint (Non-RA),Center(C),Less Than 8 ft.,7.0,-24.0,66.0,1,0,20101114,NYK,HOU
Shot Chart Detail,0021000142,437,201962,Toney Douglas,1610612752,New York Knicks,4,11,45,Missed Shot,Jump Shot,2PT Field Goal,Mid-Range,Left Side Center(LC),16-24 ft.,20.0,-144.0,148.0,1,0,20101114,NYK,HOU
Shot Chart Detail,0021000142,446,201962,Toney Douglas,1610612752,New York Knicks,4,10,46,Missed Shot,Jump Shot,3PT Field Goal,Above the Break 3,Center(C),24+ ft.,27.0,84.0,265.0,1,0,20101114,NYK,HOU
Shot Chart Detail,0021000157,161,201962,Toney Douglas,1610612752,New York Knicks,1,0,33,Missed Shot,Jump Shot,3PT Field Goal,Right Corner 3,Right Side(R),24+ ft.,24.0,236.0,45.0,1,0,20101116,DEN,NYK
Shot Chart Detail,0021000157,190,201962,Toney Douglas,1610612752,New York Knicks,2,9,15,Missed Shot,Jump Shot,3PT Field Goal,Above the Break 3,Center(C),24+ ft.,25.0,-49.0,247.0,1,0,20101116,DEN,NYK
Shot Chart Detail,0021000157,320,201962,Toney Douglas,1610612752,New York Knicks,2,0,2,Missed Shot,Jump Shot,3PT Field Goal,Above the Break 3,Right Side Center(RC),24+ ft.,25.0,192.0,167.0,1,0,20101116,DEN,NYK
Shot Chart Detail,0021000157,439,201962,Toney Douglas,1610612752,New York Knicks,3,2,12,Missed Shot,Jump Shot,2PT Field Goal,Mid-Range,Right Side(R),16-24 ft.,19.0,198.0,22.0,1,0,20101116,DEN,NYK
Shot Chart Detail,0021000167,138,201962,Toney Douglas,1610612752,New York Knicks,1,0,22,Made Shot,Running Jump Shot,2PT Field Goal,Mid-Range,Left Side(L),8-16 ft.,10.0,-93.0,42.0,1,1,20101117,SAC,NYK
Shot Chart Detail,0021000167,198,201962,Toney Douglas,1610612752,New York Knicks,2,7,24,Missed Shot,Jump Shot,2PT Field Goal,Mid-Range,Right Side Center(RC),16-24 ft.,18.0,116.0,149.0,1,0,20101117,SAC,NYK
Shot Chart Detail,0021000167,204,201962,Toney Douglas,1610612752,New York Knicks,2,6,30,Made Shot,Jump Shot,3PT Field Goal,Above the Break 3,Center(C),24+ ft.,25.0,73.0,244.0,1,1,20101117,SAC,NYK
Shot Chart Detail,0021000167,207,201962,Toney Douglas,1610612752,New York Knicks,2,5,46,Missed Shot,Jump Shot,2PT Field Goal,Mid-Range,Left Side(L),16-24 ft.,19.0,-169.0,97.0,1,0,20101117,SAC,NYK
Shot Chart Detail,0021000167,381,201962,Toney Douglas,1610612752,New York Knicks,3,4,3,Missed Shot,Jump Shot,3PT Field Goal,Above the Break 3,Right Side Center(RC),24+ ft.,24.0,211.0,129.0,1,0,20101117,SAC,NYK
Shot Chart Detail,0021000167,411,201962,Toney Douglas,1610612752,New York Knicks,3,0,35,Made Shot,Running Jump Shot,2PT Field Goal,In The Paint (Non-RA),Center(C),Less Than 8 ft.,5.0,15.0,50.0,1,1,20101117,SAC,NYK
Shot Chart Detail,0021000167,421,201962,Toney Douglas,1610612752,New York Knicks,3,0,0,Missed Shot,Jump Shot,3PT Field Goal,Above the Break 3,Left Side Center(LC),24+ ft.,25.0,-127.0,224.0,1,0,20101117,SAC,NYK
Shot Chart Detail,0021000167,427,201962,Toney Douglas,1610612752,New York Knicks,4,11,16,Made Shot,Running Jump Shot,2PT Field Goal,In The Paint (Non-RA),Center(C),Less Than 8 ft.,7.0,-26.0,71.0,1,1,20101117,SAC,NYK
Shot Chart Detail,0021000167,463,201962,Toney Douglas,1610612752,New York Knicks,4,8,55,Made Shot,Jump Shot,3PT Field Goal,Above the Break 3,Right Side Center(RC),24+ ft.,25.0,176.0,178.0,1,1,20101117,SAC,NYK
Shot Chart Detail,0021000181,90,201962,Toney Douglas,1610612752,New York Knicks,1,1,21,Missed Shot,Jump Shot,3PT Field Goal,Above the Break 3,Left Side Center(LC),24+ ft.,25.0,-139.0,213.0,1,0,20101119,GSW,NYK
Shot Chart Detail,0021000181,115,201962,Toney Douglas,1610612752,New York Knicks,1,0,0,Missed Shot,Jump Shot,3PT Field Goal,Above the Break 3,Right Side Center(RC),24+ ft.,35.0,127.0,336.0,1,0,20101119,GSW,NYK
Shot Chart Detail,0021000181,146,201962,Toney Douglas,1610612752,New York Knicks,2,9,41,Missed Shot,Floating Jump shot,2PT Field Goal,In The Paint (Non-RA),Center(C),Less Than 8 ft.,7.0,4.0,75.0,1,0,20101119,GSW,NYK
Shot Chart Detail,0021000181,168,201962,Toney Douglas,1610612752,New York Knicks,2,7,32,Missed Shot,Jump Shot,3PT Field Goal,Above the Break 3,Left Side Center(LC),24+ ft.,26.0,-112.0,238.0,1,0,20101119,GSW,NYK
Shot Chart Detail,0021000181,187,201962,Toney Douglas,1610612752,New York Knicks,2,6,0,Made Shot,Floating Jump shot,2PT Field Goal,Restricted Area,Center(C),Less Than 8 ft.,3.0,15.0,34.0,1,1,20101119,GSW,NYK
Shot Chart Detail,0021000181,385,201962,Toney Douglas,1610612752,New York Knicks,4,10,42,Missed Shot,Jump Shot,3PT Field Goal,Above the Break 3,Right Side Center(RC),24+ ft.,26.0,166.0,205.0,1,0,20101119,GSW,NYK
Shot Chart Detail,0021000190,93,201962,Toney Douglas,1610612752,New York Knicks,1,2,36,Missed Shot,Jump Shot,2PT Field Goal,Mid-Range,Right Side(R),16-24 ft.,16.0,162.0,25.0,1,0,20101120,LAC,NYK
Shot Chart Detail,0021000190,106,201962,Toney Douglas,1610612752,New York Knicks,1,1,32,Made Shot,Jump Shot,3PT Field Goal,Right Corner 3,Right Side(R),24+ ft.,24.0,237.0,44.0,1,1,20101120,LAC,NYK
Shot Chart Detail,0021000190,132,201962,Toney Douglas,1610612752,New York Knicks,2,11,30,Made Shot,Jump Shot,3PT Field Goal,Above the Break 3,Left Side Center(LC),24+ ft.,25.0,-142.0,211.0,1,1,20101120,LAC,NYK
Shot Chart Detail,0021000190,139,201962,Toney Douglas,1610612752,New York Knicks,2,10,18,Made Shot,Jump Shot,3PT Field Goal,Above the Break 3,Left Side Center(LC),24+ ft.,24.0,-226.0,91.0,1,1,20101120,LAC,NYK
Shot Chart Detail,0021000190,368,201962,Toney Douglas,1610612752,New York Knicks,3,4,22,Made Shot,Jump Shot,3PT Field Goal,Above the Break 3,Left Side Center(LC),24+ ft.,26.0,-177.0,198.0,1,1,20101120,LAC,NYK
Shot Chart Detail,0021000190,415,201962,Toney Douglas,1610612752,New York Knicks,3,1,32,Missed Shot,Jump Shot,3PT Field Goal,Above the Break 3,Right Side Center(RC),24+ ft.,27.0,185.0,200.0,1,0,20101120,LAC,NYK
Shot Chart Detail,0021000190,450,201962,Toney Douglas,1610612752,New York Knicks,4,9,34,Missed Shot,Jump Shot,3PT Field Goal,,,,,,,1,0,20101120,LAC,NYK
Shot Chart Detail,0021000190,461,201962,Toney Douglas,1610612752,New York Knicks,4,8,52,Missed Shot,Driving Layup Shot,2PT Field Goal,Restricted Area,Center(C),Less Than 8 ft.,2.0,-8.0,22.0,1,0,20101120,LAC,NYK
Shot Chart Detail,0021000206,98,201962,Toney Douglas,1610612752,New York Knicks,1,2,34,Made Shot,Jump Shot,3PT Field Goal,Above the Break 3,Right Side Center(RC),24+ ft.,24.0,198.0,138.0,1,1,20101123,NYK,CHA
Shot Chart Detail,0021000206,109,201962,Toney Douglas,1610612752,New York Knicks,1,1,59,Made Shot,Layup Shot,2PT Field Goal,Restricted Area,Center(C),Less Than 8 ft.,2.0,17.0,14.0,1,1,20101123,NYK,CHA
Shot Chart Detail,0021000206,119,201962,Toney Douglas,1610612752,New York Knicks,1,0,23,Missed Shot,Jump Shot,3PT Field Goal,Right Corner 3,Right Side(R),24+ ft.,24.0,241.0,-32.0,1,0,20101123,NYK,CHA
Shot Chart Detail,0021000206,158,201962,Toney Douglas,1610612752,New York Knicks,2,8,46,Made Shot,Driving Layup Shot,2PT Field Goal,Restricted Area,Center(C),Less Than 8 ft.,1.0,18.0,3.0,1,1,20101123,NYK,CHA
Shot Chart Detail,0021000206,165,201962,Toney Douglas,1610612752,New York Knicks,2,8,8,Missed Shot,Jump Shot,3PT Field Goal,Above the Break 3,Left Side Center(LC),24+ ft.,25.0,-123.0,227.0,1,0,20101123,NYK,CHA
Shot Chart Detail,0021000206,200,201962,Toney Douglas,1610612752,New York Knicks,2,4,49,Made Shot,Driving Finger Roll Layup Shot,2PT Field Goal,Restricted Area,Center(C),Less Than 8 ft.,3.0,23.0,25.0,1,1,20101123,NYK,CHA
Shot Chart Detail,0021000206,202,201962,Toney Douglas,1610612752,New York Knicks,2,4,15,Made Shot,Jump Shot,3PT Field Goal,Above the Break 3,Right Side Center(RC),24+ ft.,24.0,173.0,175.0,1,1,20101123,NYK,CHA
Shot Chart Detail,0021000206,204,201962,Toney Douglas,1610612752,New York Knicks,2,3,49,Missed Shot,Jump Shot,2PT Field Goal,Mid-Range,Right Side Center(RC),16-24 ft.,23.0,162.0,168.0,1,0,20101123,NYK,CHA
Shot Chart Detail,0021000206,333,201962,Toney Douglas,1610612752,New York Knicks,3,5,49,Made Shot,Jump Shot,3PT Field Goal,Left Corner 3,Left Side(L),24+ ft.,22.0,-226.0,0.0,1,1,20101123,NYK,CHA
Shot Chart Detail,0021000206,350,201962,Toney Douglas,1610612752,New York Knicks,3,3,40,Made Shot,Jump Shot,3PT Field Goal,Left Corner 3,Left Side(L),24+ ft.,22.0,-226.0,-22.0,1,1,20101123,NYK,CHA
Shot Chart Detail,0021000206,386,201962,Toney Douglas,1610612752,New York Knicks,3,0,27,Made Shot,Jump Shot,3PT Field Goal,Above the Break 3,Left Side Center(LC),24+ ft.,25.0,-153.0,206.0,1,1,20101123,NYK,CHA
Shot Chart Detail,0021000206,404,201962,Toney Douglas,1610612752,New York Knicks,4,10,36,Missed Shot,Jump Shot,2PT Field Goal,Mid-Range,Right Side Center(RC),16-24 ft.,21.0,147.0,160.0,1,0,20101123,NYK,CHA
Shot Chart Detail,0021000209,96,201962,Toney Douglas,1610612752,New York Knicks,1,2,48,Missed Shot,Layup Shot,2PT Field Goal,Restricted Area,Center(C),Less Than 8 ft.,1.0,13.0,3.0,1,0,20101124,CHA,NYK
Shot Chart Detail,0021000209,126,201962,Toney Douglas,1610612752,New York Knicks,1,0,40,Missed Shot,Jump Shot,2PT Field Goal,Mid-Range,Left Side(L),16-24 ft.,18.0,-180.0,-16.0,1,0,20101124,CHA,NYK
Shot Chart Detail,0021000209,130,201962,Toney Douglas,1610612752,New York Knicks,1,0,22,Made Shot,Jump Shot,3PT Field Goal,Above the Break 3,Left Side Center(LC),24+ ft.,25.0,-133.0,214.0,1,1,20101124,CHA,NYK
Shot Chart Detail,0021000209,150,201962,Toney Douglas,1610612752,New York Knicks,2,9,48,Missed Shot,Jump Shot,3PT Field Goal,Above the Break 3,Left Side Center(LC),24+ ft.,26.0,-194.0,186.0,1,0,20101124,CHA,NYK
Shot Chart Detail,0021000209,397,201962,Toney Douglas,1610612752,New York Knicks,4,8,42,Made Shot,Jump Shot,3PT Field Goal,Above the Break 3,Right Side Center(RC),24+ ft.,24.0,138.0,200.0,1,1,20101124,CHA,NYK
Shot Chart Detail,0021000209,417,201962,Toney Douglas,1610612752,New York Knicks,4,6,43,Missed Shot,Jump Shot,3PT Field Goal,Above the Break 3,Left Side Center(LC),24+ ft.,25.0,-190.0,168.0,1,0,20101124,CHA,NYK
Shot Chart Detail,0021000209,420,201962,Toney Douglas,1610612752,New York Knicks,4,6,13,Missed Shot,Layup Shot,2PT Field Goal,Restricted Area,Center(C),Less Than 8 ft.,2.0,15.0,23.0,1,0,20101124,CHA,NYK
Shot Chart Detail,0021000234,110,201962,Toney Douglas,1610612752,New York Knicks,2,11,2,Missed Shot,Jump Shot,3PT Field Goal,Right Corner 3,Right Side(R),24+ ft.,23.0,234.0,12.0,1,0,20101127,NYK,ATL
Shot Chart Detail,0021000234,136,201962,Toney Douglas,1610612752,New York Knicks,2,8,59,Missed Shot,Jump Shot,3PT Field Goal,Above the Break 3,Left Side Center(LC),24+ ft.,25.0,-175.0,184.0,1,0,20101127,NYK,ATL
Shot Chart Detail,0021000234,325,201962,Toney Douglas,1610612752,New York Knicks,3,3,27,Missed Shot,Jump Shot,3PT Field Goal,Above the Break 3,Right Side Center(RC),24+ ft.,25.0,92.0,239.0,1,0,20101127,NYK,ATL
Shot Chart Detail,0021000234,406,201962,Toney Douglas,1610612752,New York Knicks,4,6,17,Missed Shot,Jump Shot,3PT Field Goal,Above the Break 3,Left Side Center(LC),24+ ft.,24.0,-209.0,119.0,1,0,20101127,NYK,ATL
Shot Chart Detail,0021000234,437,201962,Toney Douglas,1610612752,New York Knicks,4,2,24,Missed Shot,Driving Layup Shot,2PT Field Goal,Restricted Area,Center(C),Less Than 8 ft.,2.0,21.0,-8.0,1,0,20101127,NYK,ATL
Shot Chart Detail,0021000257,141,201962,Toney Douglas,1610612752,New York Knicks,2,10,48,Missed Shot,Jump Shot,2PT Field Goal,Mid-Range,Right Side(R),16-24 ft.,21.0,185.0,102.0,1,0,20101130,NYK,NJN
Shot Chart Detail,0021000257,179,201962,Toney Douglas,1610612752,New York Knicks,2,8,9,Made Shot,Jump Shot,3PT Field Goal,Above the Break 3,Left Side Center(LC),24+ ft.,24.0,-117.0,220.0,1,1,20101130,NYK,NJN
Shot Chart Detail,0021000282,97,201962,Toney Douglas,1610612752,New York Knicks,1,2,43,Made Shot,Jump Shot,3PT Field Goal,Above the Break 3,Left Side Center(LC),24+ ft.,24.0,-130.0,213.0,1,1,20101203,NOH,NYK
Shot Chart Detail,0021000282,135,201962,Toney Douglas,1610612752,New York Knicks,2,11,2,Missed Shot,Jump Shot,3PT Field Goal,Above the Break 3,Right Side Center(RC),24+ ft.,25.0,173.0,190.0,1,0,20101203,NOH,NYK
Shot Chart Detail,0021000282,161,201962,Toney Douglas,1610612752,New York Knicks,2,7,25,Missed Shot,Layup Shot,2PT Field Goal,Restricted Area,Center(C),Less Than 8 ft.,2.0,-21.0,15.0,1,0,20101203,NOH,NYK
Shot Chart Detail,0021000282,343,201962,Toney Douglas,1610612752,New York Knicks,3,3,40,Missed Shot,Jump Shot,3PT Field Goal,Above the Break 3,Center(C),24+ ft.,24.0,69.0,233.0,1,0,20101203,NOH,NYK
Shot Chart Detail,0021000282,414,201962,Toney Douglas,1610612752,New York Knicks,4,9,48,Missed Shot,Jump Shot,3PT Field Goal,Above the Break 3,Center(C),24+ ft.,24.0,65.0,238.0,1,0,20101203,NOH,NYK
Shot Chart Detail,0021000295,161,201962,Toney Douglas,1610612752,New York Knicks,2,9,55,Missed Shot,Jump Shot,3PT Field Goal,Above the Break 3,Right Side Center(RC),24+ ft.,25.0,127.0,219.0,1,0,20101205,TOR,NYK
Shot Chart Detail,0021000295,178,201962,Toney Douglas,1610612752,New York Knicks,2,8,37,Missed Shot,Driving Layup Shot,2PT Field Goal,Restricted Area,Center(C),Less Than 8 ft.,2.0,20.0,14.0,1,0,20101205,TOR,NYK
Shot Chart Detail,0021000295,204,201962,Toney Douglas,1610612752,New York Knicks,2,6,9,Made Shot,Driving Finger Roll Layup Shot,2PT Field Goal,Restricted Area,Center(C),Less Than 8 ft.,2.0,-10.0,22.0,1,1,20101205,TOR,NYK
Shot Chart Detail,0021000295,212,201962,Toney Douglas,1610612752,New York Knicks,2,5,42,Missed Shot,Running Jump Shot,2PT Field Goal,In The Paint (Non-RA),Right Side(R),8-16 ft.,8.0,70.0,39.0,1,0,20101205,TOR,NYK
Shot Chart Detail,0021000295,420,201962,Toney Douglas,1610612752,New York Knicks,4,9,44,Missed Shot,Driving Layup Shot,2PT Field Goal,Restricted Area,Center(C),Less Than 8 ft.,2.0,18.0,14.0,1,0,20101205,TOR,NYK
Shot Chart Detail,0021000295,433,201962,Toney Douglas,1610612752,New York Knicks,4,9,1,Made Shot,Driving Layup Shot,2PT Field Goal,Restricted Area,Center(C),Less Than 8 ft.,2.0,29.0,6.0,1,1,20101205,TOR,NYK
Shot Chart Detail,0021000295,514,201962,Toney Douglas,1610612752,New York Knicks,4,0,21,Missed Shot,Jump Shot,3PT Field Goal,Above the Break 3,Center(C),24+ ft.,29.0,81.0,282.0,1,0,20101205,TOR,NYK
Shot Chart Detail,0021000304,89,201962,Toney Douglas,1610612752,New York Knicks,1,1,1,Missed Shot,Jump Shot,3PT Field Goal,Above the Break 3,Left Side Center(LC),24+ ft.,25.0,-105.0,228.0,1,0,20101206,NYK,MIN
Shot Chart Detail,0021000304,102,201962,Toney Douglas,1610612752,New York Knicks,2,11,44,Made Shot,Finger Roll Layup Shot,2PT Field Goal,Restricted Area,Center(C),Less Than 8 ft.,2.0,-21.0,0.0,1,1,20101206,NYK,MIN
Shot Chart Detail,0021000304,127,201962,Toney Douglas,1610612752,New York Knicks,2,9,10,Made Shot,Layup Shot,2PT Field Goal,Restricted Area,Center(C),Less Than 8 ft.,1.0,8.0,6.0,1,1,20101206,NYK,MIN
Shot Chart Detail,0021000304,166,201962,Toney Douglas,1610612752,New York Knicks,2,5,49,Made Shot,Jump Shot,3PT Field Goal,Above the Break 3,Right Side Center(RC),24+ ft.,26.0,86.0,246.0,1,1,20101206,NYK,MIN
Shot Chart Detail,0021000304,171,201962,Toney Douglas,1610612752,New York Knicks,2,5,3,Missed Shot,Driving Layup Shot,2PT Field Goal,Restricted Area,Center(C),Less Than 8 ft.,1.0,12.0,6.0,1,0,20101206,NYK,MIN
Shot Chart Detail,0021000304,345,201962,Toney Douglas,1610612752,New York Knicks,3,2,12,Missed Shot,Jump Shot,3PT Field Goal,Above the Break 3,Center(C),24+ ft.,24.0,62.0,239.0,1,0,20101206,NYK,MIN
Shot Chart Detail,0021000304,395,201962,Toney Douglas,1610612752,New York Knicks,4,9,57,Made Shot,Putback Layup Shot,2PT Field Goal,Restricted Area,Center(C),Less Than 8 ft.,2.0,20.0,6.0,1,1,20101206,NYK,MIN
Shot Chart Detail,0021000318,49,201962,Toney Douglas,1610612752,New York Knicks,1,6,12,Missed Shot,Jump Shot,3PT Field Goal,Left Corner 3,Left Side(L),24+ ft.,23.0,-232.0,-25.0,1,0,20101208,NYK,TOR
Shot Chart Detail,0021000318,166,201962,Toney Douglas,1610612752,New York Knicks,2,9,41,Made Shot,Driving Layup Shot,2PT Field Goal,Restricted Area,Center(C),Less Than 8 ft.,2.0,20.0,4.0,1,1,20101208,NYK,TOR
Shot Chart Detail,0021000318,170,201962,Toney Douglas,1610612752,New York Knicks,2,9,10,Made Shot,Jump Shot,2PT Field Goal,Mid-Range,Left Side(L),16-24 ft.,16.0,-161.0,37.0,1,1,20101208,NYK,TOR
Shot Chart Detail,0021000318,172,201962,Toney Douglas,1610612752,New York Knicks,2,8,42,Missed Shot,Jump Shot,3PT Field Goal,Above the Break 3,Right Side Center(RC),24+ ft.,24.0,162.0,190.0,1,0,20101208,NYK,TOR
Shot Chart Detail,0021000318,188,201962,Toney Douglas,1610612752,New York Knicks,2,7,12,Made Shot,Jump Shot,3PT Field Goal,Above the Break 3,Left Side Center(LC),24+ ft.,24.0,-183.0,165.0,1,1,20101208,NYK,TOR
Shot Chart Detail,0021000318,446,201962,Toney Douglas,1610612752,New York Knicks,4,9,31,Missed Shot,Driving Layup Shot,2PT Field Goal,Restricted Area,Center(C),Less Than 8 ft.,1.0,-18.0,7.0,1,0,20101208,NYK,TOR
Shot Chart Detail,0021000332,98,201962,Toney Douglas,1610612752,New York Knicks,1,1,48,Missed Shot,Jump Shot,2PT Field Goal,Mid-Range,Right Side(R),16-24 ft.,18.0,182.0,-14.0,1,0,20101210,WAS,NYK
Shot Chart Detail,0021000332,111,201962,Toney Douglas,1610612752,New York Knicks,1,0,55,Missed Shot,Jump Shot,3PT Field Goal,Above the Break 3,Right Side Center(RC),24+ ft.,26.0,190.0,178.0,1,0,20101210,WAS,NYK
Shot Chart Detail,0021000332,130,201962,Toney Douglas,1610612752,New York Knicks,2,11,4,Made Shot,Jump Shot,3PT Field Goal,Above the Break 3,Center(C),24+ ft.,25.0,53.0,247.0,1,1,20101210,WAS,NYK
Shot Chart Detail,0021000332,154,201962,Toney Douglas,1610612752,New York Knicks,2,8,51,Made Shot,Jump Shot,2PT Field Goal,Mid-Range,Right Side(R),16-24 ft.,19.0,196.0,23.0,1,1,20101210,WAS,NYK
Shot Chart Detail,0021000332,183,201962,Toney Douglas,1610612752,New York Knicks,2,6,32,Missed Shot,Jump Shot,3PT Field Goal,Above the Break 3,Right Side Center(RC),24+ ft.,25.0,212.0,140.0,1,0,20101210,WAS,NYK
Shot Chart Detail,0021000332,225,201962,Toney Douglas,1610612752,New York Knicks,2,2,18,Made Shot,Layup Shot,2PT Field Goal,Restricted Area,Center(C),Less Than 8 ft.,1.0,-8.0,-8.0,1,1,20101210,WAS,NYK
Shot Chart Detail,0021000332,240,201962,Toney Douglas,1610612752,New York Knicks,2,0,35,Missed Shot,Jump Shot,2PT Field Goal,Restricted Area,Center(C),Less Than 8 ft.,3.0,32.0,-5.0,1,0,20101210,WAS,NYK
Shot Chart Detail,0021000332,337,201962,Toney Douglas,1610612752,New York Knicks,3,4,19,Missed Shot,Jump Shot,3PT Field Goal,Left Corner 3,Left Side(L),24+ ft.,24.0,-228.0,82.0,1,0,20101210,WAS,NYK
Shot Chart Detail,0021000332,378,201962,Toney Douglas,1610612752,New York Knicks,3,1,39,Missed Shot,Jump Shot,2PT Field Goal,Mid-Range,Left Side(L),8-16 ft.,15.0,-155.0,-32.0,1,0,20101210,WAS,NYK
Shot Chart Detail,0021000332,416,201962,Toney Douglas,1610612752,New York Knicks,4,10,31,Missed Shot,Jump Shot,3PT Field Goal,Above the Break 3,Right Side Center(RC),24+ ft.,25.0,160.0,195.0,1,0,20101210,WAS,NYK
Shot Chart Detail,0021000349,96,201962,Toney Douglas,1610612752,New York Knicks,1,2,38,Missed Shot,Jump Shot,2PT Field Goal,In The Paint (Non-RA),Center(C),Less Than 8 ft.,5.0,47.0,26.0,1,0,20101212,NYK,DEN
Shot Chart Detail,0021000349,160,201962,Toney Douglas,1610612752,New York Knicks,2,9,27,Made Shot,Jump Shot,3PT Field Goal,Above the Break 3,Left Side Center(LC),24+ ft.,26.0,-103.0,241.0,1,1,20101212,NYK,DEN
Shot Chart Detail,0021000349,182,201962,Toney Douglas,1610612752,New York Knicks,2,8,13,Missed Shot,Jump Shot,3PT Field Goal,Above the Break 3,Right Side Center(RC),24+ ft.,25.0,97.0,233.0,1,0,20101212,NYK,DEN
Shot Chart Detail,0021000349,341,201962,Toney Douglas,1610612752,New York Knicks,3,4,22,Missed Shot,Jump Shot,3PT Field Goal,Right Corner 3,Right Side(R),24+ ft.,24.0,247.0,-8.0,1,0,20101212,NYK,DEN
Shot Chart Detail,0021000349,366,201962,Toney Douglas,1610612752,New York Knicks,3,3,12,Made Shot,Jump Shot,3PT Field Goal,Right Corner 3,Right Side(R),24+ ft.,24.0,241.0,17.0,1,1,20101212,NYK,DEN
Shot Chart Detail,0021000349,422,201962,Toney Douglas,1610612752,New York Knicks,4,9,45,Missed Shot,Jump Shot,3PT Field Goal,Above the Break 3,Left Side Center(LC),24+ ft.,24.0,-84.0,230.0,1,0,20101212,NYK,DEN
Shot Chart Detail,0021000368,116,201962,Toney Douglas,1610612752,New York Knicks,1,0,6,Missed Shot,Jump Shot,3PT Field Goal,Above the Break 3,Right Side Center(RC),24+ ft.,25.0,193.0,160.0,1,0,20101215,NYK,BOS
Shot Chart Detail,0021000368,166,201962,Toney Douglas,1610612752,New York Knicks,2,7,9,Made Shot,Jump Shot,3PT Field Goal,Above the Break 3,Left Side Center(LC),24+ ft.,24.0,-120.0,214.0,1,1,20101215,NYK,BOS
Shot Chart Detail,0021000368,170,201962,Toney Douglas,1610612752,New York Knicks,2,6,47,Missed Shot,Jump Shot,2PT Field Goal,In The Paint (Non-RA),Left Side(L),8-16 ft.,8.0,-70.0,53.0,1,0,20101215,NYK,BOS
Shot Chart Detail,0021000368,176,201962,Toney Douglas,1610612752,New York Knicks,2,6,21,Missed Shot,Jump Shot,3PT Field Goal,Above the Break 3,Right Side Center(RC),24+ ft.,24.0,223.0,108.0,1,0,20101215,NYK,BOS
Shot Chart Detail,0021000368,386,201962,Toney Douglas,1610612752,New York Knicks,4,11,38,Missed Shot,Jump Shot,3PT Field Goal,Left Corner 3,Left Side(L),24+ ft.,23.0,-239.0,-21.0,1,0,20101215,NYK,BOS
Shot Chart Detail,0021000382,98,201962,Toney Douglas,1610612752,New York Knicks,1,0,4,Missed Shot,Jump Shot,3PT Field Goal,Above the Break 3,Right Side Center(RC),24+ ft.,26.0,231.0,124.0,1,0,20101217,NYK,MIA
Shot Chart Detail,0021000382,128,201962,Toney Douglas,1610612752,New York Knicks,2,9,48,Made Shot,Jump Shot,3PT Field Goal,Above the Break 3,Left Side Center(LC),24+ ft.,24.0,-157.0,183.0,1,1,20101217,NYK,MIA
Shot Chart Detail,0021000382,156,201962,Toney Douglas,1610612752,New York Knicks,2,7,30,Missed Shot,Jump Shot,2PT Field Goal,Mid-Range,Left Side Center(LC),16-24 ft.,19.0,-122.0,154.0,1,0,20101217,NYK,MIA
Shot Chart Detail,0021000382,173,201962,Toney Douglas,1610612752,New York Knicks,2,6,19,Made Shot,Jump Shot,3PT Field Goal,Above the Break 3,Right Side Center(RC),24+ ft.,25.0,203.0,157.0,1,1,20101217,NYK,MIA
Shot Chart Detail,0021000382,343,201962,Toney Douglas,1610612752,New York Knicks,3,3,2,Missed Shot,Jump Shot,3PT Field Goal,Above the Break 3,Right Side Center(RC),24+ ft.,26.0,166.0,201.0,1,0,20101217,NYK,MIA
Shot Chart Detail,0021000382,373,201962,Toney Douglas,1610612752,New York Knicks,3,0,34,Made Shot,Running Jump Shot,2PT Field Goal,Mid-Range,Left Side(L),8-16 ft.,11.0,-109.0,-17.0,1,1,20101217,NYK,MIA
Shot Chart Detail,0021000394,78,201962,Toney Douglas,1610612752,New York Knicks,1,3,19,Missed Shot,Jump Shot,3PT Field Goal,Left Corner 3,Left Side(L),24+ ft.,23.0,-231.0,1.0,1,0,20101218,CLE,NYK
Shot Chart Detail,0021000394,99,201962,Toney Douglas,1610612752,New York Knicks,1,1,30,Made Shot,Jump Shot,3PT Field Goal,Above the Break 3,Right Side Center(RC),24+ ft.,25.0,110.0,230.0,1,1,20101218,CLE,NYK
Shot Chart Detail,0021000394,122,201962,Toney Douglas,1610612752,New York Knicks,2,11,9,Missed Shot,Jump Shot,3PT Field Goal,Above the Break 3,Right Side Center(RC),24+ ft.,29.0,165.0,242.0,1,0,20101218,CLE,NYK
Shot Chart Detail,0021000394,141,201962,Toney Douglas,1610612752,New York Knicks,2,9,30,Made Shot,Jump Shot,2PT Field Goal,Mid-Range,Right Side Center(RC),16-24 ft.,21.0,149.0,151.0,1,1,20101218,CLE,NYK
Shot Chart Detail,0021000394,144,201962,Toney Douglas,1610612752,New York Knicks,2,9,19,Made Shot,Layup Shot,2PT Field Goal,Restricted Area,Center(C),Less Than 8 ft.,0.0,1.0,1.0,1,1,20101218,CLE,NYK
Shot Chart Detail,0021000394,157,201962,Toney Douglas,1610612752,New York Knicks,2,8,34,Missed Shot,Jump Shot,3PT Field Goal,Above the Break 3,Right Side Center(RC),24+ ft.,25.0,144.0,209.0,1,0,20101218,CLE,NYK
Shot Chart Detail,0021000394,395,201962,Toney Douglas,1610612752,New York Knicks,3,0,1,Missed Shot,Layup Shot,2PT Field Goal,Restricted Area,Center(C),Less Than 8 ft.,0.0,1.0,0.0,1,0,20101218,CLE,NYK
Shot Chart Detail,0021000394,405,201962,Toney Douglas,1610612752,New York Knicks,4,11,1,Missed Shot,Jump Shot,3PT Field Goal,Above the Break 3,Left Side Center(LC),24+ ft.,24.0,-163.0,186.0,1,0,20101218,CLE,NYK
Shot Chart Detail,0021000394,411,201962,Toney Douglas,1610612752,New York Knicks,4,9,56,Missed Shot,Jump Shot,2PT Field Goal,Mid-Range,Right Side Center(RC),16-24 ft.,20.0,136.0,148.0,1,0,20101218,CLE,NYK
Shot Chart Detail,0021000394,413,201962,Toney Douglas,1610612752,New York Knicks,4,9,50,Missed Shot,Layup Shot,2PT Field Goal,Restricted Area,Center(C),Less Than 8 ft.,0.0,2.0,9.0,1,0,20101218,CLE,NYK
Shot Chart Detail,0021000394,457,201962,Toney Douglas,1610612752,New York Knicks,4,5,1,Missed Shot,Jump Shot,2PT Field Goal,In The Paint (Non-RA),Center(C),Less Than 8 ft.,5.0,-49.0,28.0,1,0,20101218,CLE,NYK
Shot Chart Detail,0021000425,134,201962,Toney Douglas,1610612752,New York Knicks,2,10,24,Missed Shot,Jump Shot,2PT Field Goal,Mid-Range,Right Side Center(RC),16-24 ft.,20.0,130.0,159.0,1,0,20101222,NYK,OKC
Shot Chart Detail,0021000425,163,201962,Toney Douglas,1610612752,New York Knicks,2,8,14,Made Shot,Jump Shot,3PT Field Goal,Above the Break 3,Left Side Center(LC),24+ ft.,25.0,-105.0,231.0,1,1,20101222,NYK,OKC
Shot Chart Detail,0021000425,183,201962,Toney Douglas,1610612752,New York Knicks,2,6,32,Missed Shot,Jump Shot,3PT Field Goal,Above the Break 3,Right Side Center(RC),24+ ft.,25.0,236.0,88.0,1,0,20101222,NYK,OKC
Shot Chart Detail,0021000425,404,201962,Toney Douglas,1610612752,New York Knicks,3,0,0,Missed Shot,Jump Shot,3PT Field Goal,Backcourt,Back Court(BC),Back Court Shot,54.0,114.0,533.0,1,0,20101222,NYK,OKC
Shot Chart Detail,0021000425,411,201962,Toney Douglas,1610612752,New York Knicks,4,11,25,Made Shot,Jump Shot,2PT Field Goal,In The Paint (Non-RA),Center(C),Less Than 8 ft.,4.0,42.0,14.0,1,1,20101222,NYK,OKC
Shot Chart Detail,0021000425,424,201962,Toney Douglas,1610612752,New York Knicks,4,9,50,Made Shot,Layup Shot,2PT Field Goal,Restricted Area,Center(C),Less Than 8 ft.,1.0,11.0,8.0,1,1,20101222,NYK,OKC
Shot Chart Detail,0021000425,431,201962,Toney Douglas,1610612752,New York Knicks,4,9,16,Made Shot,Jump Shot,2PT Field Goal,Mid-Range,Left Side(L),8-16 ft.,12.0,-98.0,85.0,1,1,20101222,NYK,OKC
Shot Chart Detail,0021000425,472,201962,Toney Douglas,1610612752,New York Knicks,4,6,26,Missed Shot,Jump Shot,3PT Field Goal,Above the Break 3,Right Side Center(RC),24+ ft.,25.0,121.0,219.0,1,0,20101222,NYK,OKC
Shot Chart Detail,0021000433,102,201962,Toney Douglas,1610612752,New York Knicks,1,2,1,Made Shot,Jump Shot,3PT Field Goal,Left Corner 3,Left Side(L),24+ ft.,23.0,-237.0,19.0,1,1,20101225,NYK,CHI
Shot Chart Detail,0021000433,112,201962,Toney Douglas,1610612752,New York Knicks,1,1,8,Missed Shot,Layup Shot,2PT Field Goal,Restricted Area,Center(C),Less Than 8 ft.,3.0,20.0,23.0,1,0,20101225,NYK,CHI
Shot Chart Detail,0021000433,124,201962,Toney Douglas,1610612752,New York Knicks,1,0,21,Missed Shot,Jump Shot,2PT Field Goal,Mid-Range,Right Side(R),8-16 ft.,15.0,152.0,34.0,1,0,20101225,NYK,CHI
Shot Chart Detail,0021000433,143,201962,Toney Douglas,1610612752,New York Knicks,2,10,46,Made Shot,Jump Shot,3PT Field Goal,Above the Break 3,Left Side Center(LC),24+ ft.,26.0,-182.0,194.0,1,1,20101225,NYK,CHI
Shot Chart Detail,0021000433,185,201962,Toney Douglas,1610612752,New York Knicks,2,7,19,Missed Shot,Jump Shot,3PT Field Goal,Left Corner 3,Left Side(L),24+ ft.,24.0,-232.0,63.0,1,0,20101225,NYK,CHI
Shot Chart Detail,0021000433,201,201962,Toney Douglas,1610612752,New York Knicks,2,5,13,Made Shot,Driving Layup Shot,2PT Field Goal,Restricted Area,Center(C),Less Than 8 ft.,2.0,7.0,23.0,1,1,20101225,NYK,CHI
Shot Chart Detail,0021000433,398,201962,Toney Douglas,1610612752,New York Knicks,3,0,0,Missed Shot,Jump Shot,2PT Field Goal,Mid-Range,Left Side(L),8-16 ft.,14.0,-139.0,23.0,1,0,20101225,NYK,CHI
Shot Chart Detail,0021000433,407,201962,Toney Douglas,1610612752,New York Knicks,4,10,29,Missed Shot,Jump Shot,2PT Field Goal,In The Paint (Non-RA),Center(C),Less Than 8 ft.,7.0,-67.0,42.0,1,0,20101225,NYK,CHI
Shot Chart Detail,0021000457,114,201962,Toney Douglas,1610612752,New York Knicks,1,0,8,Missed Shot,Jump Shot,2PT Field Goal,Mid-Range,Right Side(R),8-16 ft.,11.0,108.0,31.0,1,0,20101228,MIA,NYK
Shot Chart Detail,0021000457,142,201962,Toney Douglas,1610612752,New York Knicks,2,10,27,Made Shot,Jump Shot,3PT Field Goal,Right Corner 3,Right Side(R),24+ ft.,24.0,244.0,3.0,1,1,20101228,MIA,NYK
Shot Chart Detail,0021000457,148,201962,Toney Douglas,1610612752,New York Knicks,2,9,28,Missed Shot,Jump Shot,3PT Field Goal,Above the Break 3,Left Side Center(LC),24+ ft.,24.0,-95.0,225.0,1,0,20101228,MIA,NYK
Shot Chart Detail,0021000457,164,201962,Toney Douglas,1610612752,New York Knicks,2,8,10,Missed Shot,Finger Roll Layup Shot,2PT Field Goal,Restricted Area,Center(C),Less Than 8 ft.,3.0,-26.0,30.0,1,0,20101228,MIA,NYK
Shot Chart Detail,0021000457,170,201962,Toney Douglas,1610612752,New York Knicks,2,7,29,Made Shot,Jump Shot,3PT Field Goal,Above the Break 3,Left Side Center(LC),24+ ft.,25.0,-205.0,156.0,1,1,20101228,MIA,NYK
Shot Chart Detail,0021000457,405,201962,Toney Douglas,1610612752,New York Knicks,3,0,9,Missed Shot,Jump Shot,2PT Field Goal,In The Paint (Non-RA),Center(C),Less Than 8 ft.,7.0,-68.0,23.0,1,0,20101228,MIA,NYK
Shot Chart Detail,0021000457,423,201962,Toney Douglas,1610612752,New York Knicks,4,11,1,Missed Shot,Jump Shot,3PT Field Goal,Above the Break 3,Right Side Center(RC),24+ ft.,26.0,170.0,201.0,1,0,20101228,MIA,NYK
Shot Chart Detail,0021000457,441,201962,Toney Douglas,1610612752,New York Knicks,4,9,46,Missed Shot,Driving Jump shot,2PT Field Goal,Restricted Area,Center(C),Less Than 8 ft.,3.0,-30.0,15.0,1,0,20101228,MIA,NYK
Shot Chart Detail,0021000457,451,201962,Toney Douglas,1610612752,New York Knicks,4,8,56,Made Shot,Jump Shot,3PT Field Goal,Left Corner 3,Left Side(L),24+ ft.,23.0,-235.0,11.0,1,1,20101228,MIA,NYK
Shot Chart Detail,0021000473,126,201962,Toney Douglas,1610612752,New York Knicks,1,1,10,Missed Shot,Jump Shot,3PT Field Goal,Above the Break 3,Left Side Center(LC),24+ ft.,26.0,-130.0,230.0,1,0,20101230,ORL,NYK
Shot Chart Detail,0021000473,161,201962,Toney Douglas,1610612752,New York Knicks,2,10,15,Missed Shot,Jump Shot,2PT Field Goal,Restricted Area,Center(C),Less Than 8 ft.,3.0,20.0,26.0,1,0,20101230,ORL,NYK
Shot Chart Detail,0021000473,468,201962,Toney Douglas,1610612752,New York Knicks,4,7,30,Made Shot,Jump Shot,3PT Field Goal,Above the Break 3,Left Side Center(LC),24+ ft.,25.0,-103.0,231.0,1,1,20101230,ORL,NYK
Shot Chart Detail,0021000473,470,201962,Toney Douglas,1610612752,New York Knicks,4,6,57,Made Shot,Step Back Jump shot,2PT Field Goal,Mid-Range,Center(C),16-24 ft.,21.0,-65.0,209.0,1,1,20101230,ORL,NYK
Shot Chart Detail,0021000492,117,201962,Toney Douglas,1610612752,New York Knicks,1,1,46,Missed Shot,Jump Shot,2PT Field Goal,Mid-Range,Right Side Center(RC),16-24 ft.,19.0,80.0,173.0,1,0,20110102,NYK,IND
Shot Chart Detail,0021000492,128,201962,Toney Douglas,1610612752,New York Knicks,1,0,43,Made Shot,Driving Layup Shot,2PT Field Goal,Restricted Area,Center(C),Less Than 8 ft.,2.0,17.0,20.0,1,1,20110102,NYK,IND
Shot Chart Detail,0021000492,143,201962,Toney Douglas,1610612752,New York Knicks,2,11,44,Made Shot,Jump Shot,3PT Field Goal,Right Corner 3,Right Side(R),24+ ft.,23.0,233.0,0.0,1,1,20110102,NYK,IND
Shot Chart Detail,0021000492,145,201962,Toney Douglas,1610612752,New York Knicks,2,11,11,Missed Shot,Jump Shot,3PT Field Goal,Above the Break 3,Right Side Center(RC),24+ ft.,25.0,86.0,241.0,1,0,20110102,NYK,IND
Shot Chart Detail,0021000492,207,201962,Toney Douglas,1610612752,New York Knicks,2,6,8,Made Shot,Driving Layup Shot,2PT Field Goal,Restricted Area,Center(C),Less Than 8 ft.,2.0,23.0,4.0,1,1,20110102,NYK,IND
Shot Chart Detail,0021000492,417,201962,Toney Douglas,1610612752,New York Knicks,3,2,55,Missed Shot,Jump Shot,2PT Field Goal,In The Paint (Non-RA),Center(C),8-16 ft.,13.0,-30.0,135.0,1,0,20110102,NYK,IND
Shot Chart Detail,0021000492,450,201962,Toney Douglas,1610612752,New York Knicks,3,0,27,Missed Shot,Jump Shot,3PT Field Goal,Above the Break 3,Center(C),24+ ft.,26.0,-5.0,265.0,1,0,20110102,NYK,IND
Shot Chart Detail,0021000492,493,201962,Toney Douglas,1610612752,New York Knicks,4,8,1,Missed Shot,Running Jump Shot,2PT Field Goal,In The Paint (Non-RA),Center(C),8-16 ft.,8.0,21.0,82.0,1,0,20110102,NYK,IND
Shot Chart Detail,0021000492,504,201962,Toney Douglas,1610612752,New York Knicks,4,7,19,Missed Shot,Jump Shot,3PT Field Goal,Right Corner 3,Right Side(R),24+ ft.,23.0,225.0,60.0,1,0,20110102,NYK,IND
Shot Chart Detail,0021000492,532,201962,Toney Douglas,1610612752,New York Knicks,4,4,44,Made Shot,Jump Shot,3PT Field Goal,Left Corner 3,Left Side(L),24+ ft.,22.0,-228.0,12.0,1,1,20110102,NYK,IND
Shot Chart Detail,0021000506,103,201962,Toney Douglas,1610612752,New York Knicks,1,2,3,Missed Shot,Jump Shot,3PT Field Goal,Right Corner 3,Right Side(R),24+ ft.,24.0,244.0,37.0,1,0,20110104,NYK,SAS
Shot Chart Detail,0021000506,135,201962,Toney Douglas,1610612752,New York Knicks,2,11,0,Made Shot,Floating Jump shot,2PT Field Goal,In The Paint (Non-RA),Center(C),Less Than 8 ft.,6.0,-65.0,11.0,1,1,20110104,NYK,SAS
Shot Chart Detail,0021000506,142,201962,Toney Douglas,1610612752,New York Knicks,2,10,31,Missed Shot,Jump Shot,3PT Field Goal,Above the Break 3,Right Side Center(RC),24+ ft.,24.0,97.0,230.0,1,0,20110104,NYK,SAS
Shot Chart Detail,0021000506,145,201962,Toney Douglas,1610612752,New York Knicks,2,10,19,Missed Shot,Layup Shot,2PT Field Goal,Restricted Area,Center(C),Less Than 8 ft.,3.0,-32.0,0.0,1,0,20110104,NYK,SAS
Shot Chart Detail,0021000506,344,201962,Toney Douglas,1610612752,New York Knicks,3,3,48,Missed Shot,Jump Shot,2PT Field Goal,Mid-Range,Right Side(R),8-16 ft.,10.0,95.0,47.0,1,0,20110104,NYK,SAS
Shot Chart Detail,0021000506,406,201962,Toney Douglas,1610612752,New York Knicks,4,10,32,Made Shot,Jump Shot,2PT Field Goal,Mid-Range,Right Side(R),16-24 ft.,17.0,171.0,34.0,1,1,20110104,NYK,SAS
Shot Chart Detail,0021000506,412,201962,Toney Douglas,1610612752,New York Knicks,4,9,20,Missed Shot,Layup Shot,2PT Field Goal,Restricted Area,Center(C),Less Than 8 ft.,1.0,18.0,4.0,1,0,20110104,NYK,SAS
Shot Chart Detail,0021000506,465,201962,Toney Douglas,1610612752,New York Knicks,4,5,50,Made Shot,Jump Shot,3PT Field Goal,Left Corner 3,Left Side(L),24+ ft.,23.0,-232.0,55.0,1,1,20110104,NYK,SAS
Shot Chart Detail,0021000506,467,201962,Toney Douglas,1610612752,New York Knicks,4,5,3,Missed Shot,Jump Shot,2PT Field Goal,Mid-Range,Left Side(L),8-16 ft.,12.0,-120.0,4.0,1,0,20110104,NYK,SAS
Shot Chart Detail,0021000506,514,201962,Toney Douglas,1610612752,New York Knicks,4,0,25,Missed Shot,Jump Shot,3PT Field Goal,Above the Break 3,Center(C),24+ ft.,25.0,23.0,254.0,1,0,20110104,NYK,SAS
Shot Chart Detail,0021000533,16,201962,Toney Douglas,1610612752,New York Knicks,1,9,48,Missed Shot,Jump Shot,3PT Field Goal,Above the Break 3,Left Side Center(LC),24+ ft.,24.0,-223.0,94.0,1,0,20110107,PHX,NYK
Shot Chart Detail,0021000533,20,201962,Toney Douglas,1610612752,New York Knicks,1,9,28,Missed Shot,Jump Shot,2PT Field Goal,In The Paint (Non-RA),Center(C),Less Than 8 ft.,6.0,-57.0,19.0,1,0,20110107,PHX,NYK
Shot Chart Detail,0021000533,122,201962,Toney Douglas,1610612752,New York Knicks,1,0,12,Made Shot,Jump Shot,3PT Field Goal,Left Corner 3,Left Side(L),24+ ft.,23.0,-229.0,28.0,1,1,20110107,PHX,NYK
Shot Chart Detail,0021000533,390,201962,Toney Douglas,1610612752,New York Knicks,3,1,56,Made Shot,Jump Shot,3PT Field Goal,Left Corner 3,Left Side(L),24+ ft.,22.0,-226.0,-14.0,1,1,20110107,PHX,NYK
Shot Chart Detail,0021000533,392,201962,Toney Douglas,1610612752,New York Knicks,3,1,25,Missed Shot,Jump Shot,3PT Field Goal,Right Corner 3,Right Side(R),24+ ft.,23.0,231.0,-3.0,1,0,20110107,PHX,NYK
Shot Chart Detail,0021000533,448,201962,Toney Douglas,1610612752,New York Knicks,4,8,25,Made Shot,Jump Shot,3PT Field Goal,Above the Break 3,Left Side Center(LC),24+ ft.,24.0,-221.0,101.0,1,1,20110107,PHX,NYK
Shot Chart Detail,0021000533,465,201962,Toney Douglas,1610612752,New York Knicks,4,7,20,Missed Shot,Jump Shot,2PT Field Goal,Mid-Range,Left Side(L),8-16 ft.,15.0,-150.0,20.0,1,0,20110107,PHX,NYK
Shot Chart Detail,0021000533,518,201962,Toney Douglas,1610612752,New York Knicks,4,3,16,Made Shot,Layup Shot,2PT Field Goal,Restricted Area,Center(C),Less Than 8 ft.,0.0,1.0,1.0,1,1,20110107,PHX,NYK
Shot Chart Detail,0021000550,97,201962,Toney Douglas,1610612752,New York Knicks,1,2,37,Missed Shot,Jump Shot,2PT Field Goal,Mid-Range,Left Side(L),16-24 ft.,19.0,-196.0,3.0,1,0,20110109,LAL,NYK
Shot Chart Detail,0021000550,475,201962,Toney Douglas,1610612752,New York Knicks,4,7,54,Missed Shot,Turnaround Jump Shot,2PT Field Goal,In The Paint (Non-RA),Center(C),8-16 ft.,8.0,7.0,85.0,1,0,20110109,LAL,NYK
Shot Chart Detail,0021000550,553,201962,Toney Douglas,1610612752,New York Knicks,4,3,3,Made Shot,Running Jump Shot,2PT Field Goal,Mid-Range,Right Side Center(RC),16-24 ft.,17.0,125.0,121.0,1,1,20110109,LAL,NYK
Shot Chart Detail,0021000550,559,201962,Toney Douglas,1610612752,New York Knicks,4,2,10,Missed Shot,Jump Shot,2PT Field Goal,Mid-Range,Right Side Center(RC),16-24 ft.,19.0,77.0,176.0,1,0,20110109,LAL,NYK
Shot Chart Detail,0021000559,144,201962,Toney Douglas,1610612752,New York Knicks,1,0,0,Missed Shot,Jump Shot,2PT Field Goal,Mid-Range,Left Side(L),16-24 ft.,21.0,-212.0,11.0,1,0,20110111,POR,NYK
Shot Chart Detail,0021000559,157,201962,Toney Douglas,1610612752,New York Knicks,2,10,28,Made Shot,Pullup Jump shot,2PT Field Goal,Mid-Range,Right Side Center(RC),16-24 ft.,16.0,125.0,112.0,1,1,20110111,POR,NYK
Shot Chart Detail,0021000559,191,201962,Toney Douglas,1610612752,New York Knicks,2,7,34,Missed Shot,Jump Shot,2PT Field Goal,In The Paint (Non-RA),Left Side(L),8-16 ft.,10.0,-78.0,67.0,1,0,20110111,POR,NYK
Shot Chart Detail,0021000559,418,201962,Toney Douglas,1610612752,New York Knicks,4,9,30,Missed Shot,Running Jump Shot,2PT Field Goal,Mid-Range,Center(C),8-16 ft.,14.0,2.0,142.0,1,0,20110111,POR,NYK
Shot Chart Detail,0021000570,428,201962,Toney Douglas,1610612752,New York Knicks,4,11,29,Missed Shot,Jump Shot,3PT Field Goal,Above the Break 3,Center(C),24+ ft.,23.0,-67.0,230.0,1,0,20110112,UTA,NYK
Shot Chart Detail,0021000580,73,201962,Toney Douglas,1610612752,New York Knicks,1,5,1,Missed Shot,Jump Shot,3PT Field Goal,Above the Break 3,Left Side Center(LC),24+ ft.,23.0,-112.0,211.0,1,0,20110114,NYK,SAC
Shot Chart Detail,0021000580,78,201962,Toney Douglas,1610612752,New York Knicks,1,4,32,Made Shot,Hook Shot,2PT Field Goal,Restricted Area,Center(C),Less Than 8 ft.,2.0,-3.0,27.0,1,1,20110114,NYK,SAC
Shot Chart Detail,0021000580,148,201962,Toney Douglas,1610612752,New York Knicks,2,10,49,Made Shot,Jump Shot,3PT Field Goal,Above the Break 3,Left Side Center(LC),24+ ft.,25.0,-191.0,170.0,1,1,20110114,NYK,SAC
Shot Chart Detail,0021000580,154,201962,Toney Douglas,1610612752,New York Knicks,2,10,15,Made Shot,Driving Finger Roll Layup Shot,2PT Field Goal,Restricted Area,Center(C),Less Than 8 ft.,1.0,-19.0,3.0,1,1,20110114,NYK,SAC
Shot Chart Detail,0021000580,207,201962,Toney Douglas,1610612752,New York Knicks,2,5,16,Made Shot,Driving Layup Shot,2PT Field Goal,Restricted Area,Center(C),Less Than 8 ft.,2.0,23.0,9.0,1,1,20110114,NYK,SAC
Shot Chart Detail,0021000580,209,201962,Toney Douglas,1610612752,New York Knicks,2,4,50,Missed Shot,Jump Shot,3PT Field Goal,Above the Break 3,Center(C),24+ ft.,25.0,-16.0,254.0,1,0,20110114,NYK,SAC
Shot Chart Detail,0021000580,323,201962,Toney Douglas,1610612752,New York Knicks,3,7,56,Missed Shot,Jump Shot,3PT Field Goal,Above the Break 3,Right Side Center(RC),24+ ft.,25.0,163.0,190.0,1,0,20110114,NYK,SAC
Shot Chart Detail,0021000580,327,201962,Toney Douglas,1610612752,New York Knicks,3,7,37,Missed Shot,Jump Shot,2PT Field Goal,Restricted Area,Center(C),Less Than 8 ft.,3.0,34.0,17.0,1,0,20110114,NYK,SAC
Shot Chart Detail,0021000580,421,201962,Toney Douglas,1610612752,New York Knicks,4,10,12,Missed Shot,Jump Shot,3PT Field Goal,Above the Break 3,Left Side Center(LC),24+ ft.,24.0,-226.0,105.0,1,0,20110114,NYK,SAC
Shot Chart Detail,0021000580,427,201962,Toney Douglas,1610612752,New York Knicks,4,9,36,Missed Shot,Layup Shot,2PT Field Goal,Restricted Area,Center(C),Less Than 8 ft.,2.0,29.0,4.0,1,0,20110114,NYK,SAC
Shot Chart Detail,0021000580,444,201962,Toney Douglas,1610612752,New York Knicks,4,8,53,Made Shot,Driving Layup Shot,2PT Field Goal,Restricted Area,Center(C),Less Than 8 ft.,1.0,13.0,8.0,1,1,20110114,NYK,SAC
Shot Chart Detail,0021000580,456,201962,Toney Douglas,1610612752,New York Knicks,4,7,51,Missed Shot,Jump Shot,2PT Field Goal,In The Paint (Non-RA),Center(C),Less Than 8 ft.,5.0,50.0,22.0,1,0,20110114,NYK,SAC
Shot Chart Detail,0021000580,488,201962,Toney Douglas,1610612752,New York Knicks,4,5,41,Made Shot,Jump Shot,3PT Field Goal,Above the Break 3,Right Side Center(RC),24+ ft.,25.0,166.0,194.0,1,1,20110114,NYK,SAC
Shot Chart Detail,0021000580,517,201962,Toney Douglas,1610612752,New York Knicks,4,3,30,Missed Shot,Jump Shot,3PT Field Goal,Above the Break 3,Right Side Center(RC),24+ ft.,24.0,160.0,192.0,1,0,20110114,NYK,SAC
Shot Chart Detail,0021000580,535,201962,Toney Douglas,1610612752,New York Knicks,4,0,47,Made Shot,Driving Jump shot,2PT Field Goal,Restricted Area,Center(C),Less Than 8 ft.,3.0,-5.0,33.0,1,1,20110114,NYK,SAC
Shot Chart Detail,0021000580,543,201962,Toney Douglas,1610612752,New York Knicks,4,0,28,Made Shot,Jump Shot,3PT Field Goal,Above the Break 3,Right Side Center(RC),24+ ft.,25.0,103.0,231.0,1,1,20110114,NYK,SAC
Shot Chart Detail,0021000580,545,201962,Toney Douglas,1610612752,New York Knicks,4,0,0,Made Shot,Driving Layup Shot,2PT Field Goal,Restricted Area,Center(C),Less Than 8 ft.,2.0,21.0,6.0,1,1,20110114,NYK,SAC
Shot Chart Detail,0021000598,72,201962,Toney Douglas,1610612752,New York Knicks,1,4,53,Made Shot,Jump Shot,2PT Field Goal,Mid-Range,Right Side(R),16-24 ft.,16.0,160.0,47.0,1,1,20110117,NYK,PHX
Shot Chart Detail,0021000598,100,201962,Toney Douglas,1610612752,New York Knicks,1,2,24,Missed Shot,Jump Shot,3PT Field Goal,Right Corner 3,Right Side(R),24+ ft.,23.0,233.0,-17.0,1,0,20110117,NYK,PHX
Shot Chart Detail,0021000598,114,201962,Toney Douglas,1610612752,New York Knicks,1,0,7,Made Shot,Driving Layup Shot,2PT Field Goal,Restricted Area,Center(C),Less Than 8 ft.,1.0,-16.0,6.0,1,1,20110117,NYK,PHX
Shot Chart Detail,0021000598,146,201962,Toney Douglas,1610612752,New York Knicks,2,9,16,Missed Shot,Jump Shot,3PT Field Goal,Above the Break 3,Right Side Center(RC),24+ ft.,25.0,114.0,227.0,1,0,20110117,NYK,PHX
Shot Chart Detail,0021000598,172,201962,Toney Douglas,1610612752,New York Knicks,2,7,18,Missed Shot,Jump Shot,2PT Field Goal,Mid-Range,Left Side(L),8-16 ft.,9.0,-86.0,42.0,1,0,20110117,NYK,PHX
Shot Chart Detail,0021000598,179,201962,Toney Douglas,1610612752,New York Knicks,2,6,17,Missed Shot,Jump Bank Shot,2PT Field Goal,In The Paint (Non-RA),Right Side(R),8-16 ft.,8.0,75.0,31.0,1,0,20110117,NYK,PHX
Shot Chart Detail,0021000598,345,201962,Toney Douglas,1610612752,New York Knicks,3,4,30,Made Shot,Jump Shot,3PT Field Goal,Left Corner 3,Left Side(L),24+ ft.,24.0,-239.0,-27.0,1,1,20110117,NYK,PHX
Shot Chart Detail,0021000598,399,201962,Toney Douglas,1610612752,New York Knicks,3,0,58,Missed Shot,Driving Hook Shot,2PT Field Goal,In The Paint (Non-RA),Center(C),Less Than 8 ft.,5.0,50.0,1.0,1,0,20110117,NYK,PHX
Shot Chart Detail,0021000619,120,201962,Toney Douglas,1610612752,New York Knicks,1,1,36,Missed Shot,Pullup Jump shot,2PT Field Goal,Mid-Range,Left Side Center(LC),16-24 ft.,21.0,-171.0,134.0,1,0,20110119,HOU,NYK
Shot Chart Detail,0021000619,128,201962,Toney Douglas,1610612752,New York Knicks,1,1,4,Made Shot,Jump Shot,3PT Field Goal,Left Corner 3,Left Side(L),24+ ft.,22.0,-224.0,30.0,1,1,20110119,HOU,NYK
Shot Chart Detail,0021000619,143,201962,Toney Douglas,1610612752,New York Knicks,2,11,2,Missed Shot,Jump Shot,3PT Field Goal,Above the Break 3,Left Side Center(LC),24+ ft.,24.0,-117.0,220.0,1,0,20110119,HOU,NYK
Shot Chart Detail,0021000619,163,201962,Toney Douglas,1610612752,New York Knicks,2,9,4,Made Shot,Driving Layup Shot,2PT Field Goal,Restricted Area,Center(C),Less Than 8 ft.,1.0,15.0,-2.0,1,1,20110119,HOU,NYK
Shot Chart Detail,0021000619,178,201962,Toney Douglas,1610612752,New York Knicks,2,6,51,Made Shot,Pullup Jump shot,3PT Field Goal,Above the Break 3,Left Side Center(LC),24+ ft.,26.0,-166.0,208.0,1,1,20110119,HOU,NYK
Shot Chart Detail,0021000619,352,201962,Toney Douglas,1610612752,New York Knicks,3,3,25,Missed Shot,Jump Shot,3PT Field Goal,Above the Break 3,Right Side Center(RC),24+ ft.,25.0,233.0,93.0,1,0,20110119,HOU,NYK
Shot Chart Detail,0021000619,379,201962,Toney Douglas,1610612752,New York Knicks,3,0,1,Missed Shot,Pullup Jump shot,2PT Field Goal,Mid-Range,Right Side(R),8-16 ft.,13.0,122.0,53.0,1,0,20110119,HOU,NYK
Shot Chart Detail,0021000619,384,201962,Toney Douglas,1610612752,New York Knicks,4,11,52,Made Shot,Driving Layup Shot,2PT Field Goal,Restricted Area,Center(C),Less Than 8 ft.,0.0,1.0,1.0,1,1,20110119,HOU,NYK
Shot Chart Detail,0021000619,389,201962,Toney Douglas,1610612752,New York Knicks,4,10,46,Made Shot,Jump Shot,3PT Field Goal,Above the Break 3,Right Side Center(RC),24+ ft.,26.0,223.0,135.0,1,1,20110119,HOU,NYK
Shot Chart Detail,0021000619,396,201962,Toney Douglas,1610612752,New York Knicks,4,9,57,Missed Shot,Pullup Jump shot,3PT Field Goal,Above the Break 3,Left Side Center(LC),24+ ft.,24.0,-207.0,123.0,1,0,20110119,HOU,NYK
Shot Chart Detail,0021000636,109,201962,Toney Douglas,1610612752,New York Knicks,1,1,48,Made Shot,Jump Shot,3PT Field Goal,Above the Break 3,Left Side Center(LC),24+ ft.,23.0,-79.0,225.0,1,1,20110121,SAS,NYK
Shot Chart Detail,0021000636,112,201962,Toney Douglas,1610612752,New York Knicks,1,1,18,Missed Shot,Driving Layup Shot,2PT Field Goal,Restricted Area,Center(C),Less Than 8 ft.,2.0,-24.0,15.0,1,0,20110121,SAS,NYK
Shot Chart Detail,0021000636,121,201962,Toney Douglas,1610612752,New York Knicks,1,0,42,Missed Shot,Jump Shot,3PT Field Goal,Above the Break 3,Center(C),24+ ft.,24.0,39.0,239.0,1,0,20110121,SAS,NYK
Shot Chart Detail,0021000636,137,201962,Toney Douglas,1610612752,New York Knicks,2,11,37,Made Shot,Step Back Jump shot,2PT Field Goal,Mid-Range,Left Side(L),8-16 ft.,14.0,-134.0,53.0,1,1,20110121,SAS,NYK
Shot Chart Detail,0021000636,164,201962,Toney Douglas,1610612752,New York Knicks,2,8,38,Missed Shot,Jump Shot,2PT Field Goal,Mid-Range,Left Side Center(LC),16-24 ft.,23.0,-93.0,217.0,1,0,20110121,SAS,NYK
Shot Chart Detail,0021000636,166,201962,Toney Douglas,1610612752,New York Knicks,2,8,33,Missed Shot,Jump Shot,3PT Field Goal,Above the Break 3,Left Side Center(LC),24+ ft.,24.0,-212.0,132.0,1,0,20110121,SAS,NYK
Shot Chart Detail,0021000636,248,201962,Toney Douglas,1610612752,New York Knicks,2,1,35,Made Shot,Jump Shot,2PT Field Goal,Mid-Range,Right Side(R),16-24 ft.,17.0,171.0,26.0,1,1,20110121,SAS,NYK
Shot Chart Detail,0021000636,254,201962,Toney Douglas,1610612752,New York Knicks,2,1,6,Missed Shot,Jump Shot,2PT Field Goal,Restricted Area,Center(C),Less Than 8 ft.,3.0,4.0,39.0,1,0,20110121,SAS,NYK
Shot Chart Detail,0021000636,281,201962,Toney Douglas,1610612752,New York Knicks,2,0,6,Missed Shot,Jump Shot,2PT Field Goal,In The Paint (Non-RA),Center(C),8-16 ft.,11.0,-2.0,112.0,1,0,20110121,SAS,NYK
Shot Chart Detail,0021000636,350,201962,Toney Douglas,1610612752,New York Knicks,3,3,58,Missed Shot,Jump Shot,3PT Field Goal,Above the Break 3,Right Side Center(RC),24+ ft.,24.0,143.0,205.0,1,0,20110121,SAS,NYK
Shot Chart Detail,0021000636,374,201962,Toney Douglas,1610612752,New York Knicks,3,1,10,Made Shot,Layup Shot,2PT Field Goal,Restricted Area,Center(C),Less Than 8 ft.,2.0,23.0,1.0,1,1,20110121,SAS,NYK
Shot Chart Detail,0021000636,430,201962,Toney Douglas,1610612752,New York Knicks,4,8,2,Made Shot,Layup Shot,2PT Field Goal,Restricted Area,Center(C),Less Than 8 ft.,3.0,32.0,-2.0,1,1,20110121,SAS,NYK
Shot Chart Detail,0021000636,472,201962,Toney Douglas,1610612752,New York Knicks,4,3,43,Missed Shot,Jump Shot,2PT Field Goal,Restricted Area,Center(C),Less Than 8 ft.,3.0,37.0,-6.0,1,0,20110121,SAS,NYK
Shot Chart Detail,0021000636,506,201962,Toney Douglas,1610612752,New York Knicks,4,0,30,Missed Shot,Layup Shot,2PT Field Goal,Restricted Area,Center(C),Less Than 8 ft.,2.0,21.0,0.0,1,0,20110121,SAS,NYK
Shot Chart Detail,0021000647,86,201962,Toney Douglas,1610612752,New York Knicks,1,3,26,Made Shot,Layup Shot,2PT Field Goal,Restricted Area,Center(C),Less Than 8 ft.,2.0,21.0,-3.0,1,1,20110122,OKC,NYK
Shot Chart Detail,0021000647,113,201962,Toney Douglas,1610612752,New York Knicks,1,1,13,Missed Shot,Jump Shot,2PT Field Goal,Mid-Range,Center(C),16-24 ft.,22.0,69.0,215.0,1,0,20110122,OKC,NYK
Shot Chart Detail,0021000647,133,201962,Toney Douglas,1610612752,New York Knicks,1,0,0,Missed Shot,Jump Shot,3PT Field Goal,Backcourt,Back Court(BC),Back Court Shot,44.0,-87.0,432.0,1,0,20110122,OKC,NYK
Shot Chart Detail,0021000647,271,201962,Toney Douglas,1610612752,New York Knicks,2,2,3,Made Shot,Jump Shot,3PT Field Goal,Above the Break 3,Left Side Center(LC),24+ ft.,25.0,-160.0,203.0,1,1,20110122,OKC,NYK
Shot Chart Detail,0021000647,276,201962,Toney Douglas,1610612752,New York Knicks,2,0,59,Made Shot,Driving Layup Shot,2PT Field Goal,Restricted Area,Center(C),Less Than 8 ft.,1.0,-11.0,-3.0,1,1,20110122,OKC,NYK
Shot Chart Detail,0021000647,402,201962,Toney Douglas,1610612752,New York Knicks,3,2,8,Missed Shot,Jump Shot,3PT Field Goal,Above the Break 3,Center(C),24+ ft.,24.0,-73.0,231.0,1,0,20110122,OKC,NYK
Shot Chart Detail,0021000647,422,201962,Toney Douglas,1610612752,New York Knicks,3,0,18,Missed Shot,Jump Shot,2PT Field Goal,Mid-Range,Left Side(L),16-24 ft.,21.0,-210.0,22.0,1,0,20110122,OKC,NYK
Shot Chart Detail,0021000647,437,201962,Toney Douglas,1610612752,New York Knicks,4,11,22,Missed Shot,Layup Shot,2PT Field Goal,Restricted Area,Center(C),Less Than 8 ft.,2.0,23.0,1.0,1,0,20110122,OKC,NYK
Shot Chart Detail,0021000647,448,201962,Toney Douglas,1610612752,New York Knicks,4,10,1,Made Shot,Jump Shot,2PT Field Goal,Mid-Range,Center(C),16-24 ft.,16.0,-11.0,165.0,1,1,20110122,OKC,NYK
Shot Chart Detail,0021000647,461,201962,Toney Douglas,1610612752,New York Knicks,4,8,21,Missed Shot,Jump Shot,2PT Field Goal,Mid-Range,Left Side Center(LC),16-24 ft.,18.0,-59.0,179.0,1,0,20110122,OKC,NYK
Shot Chart Detail,0021000657,147,201962,Toney Douglas,1610612752,New York Knicks,1,0,20,Missed Shot,Jump Shot,3PT Field Goal,Above the Break 3,Center(C),24+ ft.,24.0,-62.0,238.0,1,0,20110124,NYK,WAS
Shot Chart Detail,0021000657,155,201962,Toney Douglas,1610612752,New York Knicks,1,0,3,Missed Shot,Jump Bank Shot,2PT Field Goal,In The Paint (Non-RA),Center(C),Less Than 8 ft.,5.0,43.0,26.0,1,0,20110124,NYK,WAS
Shot Chart Detail,0021000657,403,201962,Toney Douglas,1610612752,New York Knicks,3,1,50,Made Shot,Jump Shot,3PT Field Goal,Above the Break 3,Right Side Center(RC),24+ ft.,25.0,146.0,205.0,1,1,20110124,NYK,WAS
Shot Chart Detail,0021000657,405,201962,Toney Douglas,1610612752,New York Knicks,3,1,12,Missed Shot,Jump Shot,3PT Field Goal,Right Corner 3,Right Side(R),24+ ft.,22.0,226.0,-8.0,1,0,20110124,NYK,WAS
Shot Chart Detail,0021000657,466,201962,Toney Douglas,1610612752,New York Knicks,4,7,44,Missed Shot,Jump Shot,3PT Field Goal,Above the Break 3,Left Side Center(LC),24+ ft.,25.0,-97.0,235.0,1,0,20110124,NYK,WAS
Shot Chart Detail,0021000657,488,201962,Toney Douglas,1610612752,New York Knicks,4,6,21,Missed Shot,Reverse Layup Shot,2PT Field Goal,Restricted Area,Center(C),Less Than 8 ft.,2.0,23.0,9.0,1,0,20110124,NYK,WAS
Shot Chart Detail,0021000678,93,201962,Toney Douglas,1610612752,New York Knicks,1,2,48,Made Shot,Jump Shot,3PT Field Goal,Above the Break 3,Right Side Center(RC),24+ ft.,24.0,152.0,197.0,1,1,20110127,NYK,MIA
Shot Chart Detail,0021000678,121,201962,Toney Douglas,1610612752,New York Knicks,1,0,53,Missed Shot,Jump Shot,3PT Field Goal,Above the Break 3,Right Side Center(RC),24+ ft.,25.0,226.0,118.0,1,0,20110127,NYK,MIA
Shot Chart Detail,0021000678,193,201962,Toney Douglas,1610612752,New York Knicks,2,7,41,Missed Shot,Jump Shot,2PT Field Goal,Mid-Range,Right Side(R),16-24 ft.,20.0,206.0,0.0,1,0,20110127,NYK,MIA
Shot Chart Detail,0021000678,346,201962,Toney Douglas,1610612752,New York Knicks,3,3,0,Missed Shot,Jump Shot,3PT Field Goal,Right Corner 3,Right Side(R),24+ ft.,24.0,242.0,-32.0,1,0,20110127,NYK,MIA
Shot Chart Detail,0021000678,372,201962,Toney Douglas,1610612752,New York Knicks,3,1,41,Missed Shot,Jump Shot,3PT Field Goal,Left Corner 3,Left Side(L),24+ ft.,22.0,-229.0,1.0,1,0,20110127,NYK,MIA
Shot Chart Detail,0021000678,450,201962,Toney Douglas,1610612752,New York Knicks,4,8,15,Missed Shot,Jump Shot,3PT Field Goal,Above the Break 3,Left Side Center(LC),24+ ft.,25.0,-215.0,132.0,1,0,20110127,NYK,MIA
Shot Chart Detail,0021000684,100,201962,Toney Douglas,1610612752,New York Knicks,1,2,19,Missed Shot,Driving Layup Shot,2PT Field Goal,Restricted Area,Center(C),Less Than 8 ft.,0.0,-7.0,-3.0,1,0,20110128,ATL,NYK
Shot Chart Detail,0021000684,115,201962,Toney Douglas,1610612752,New York Knicks,1,1,2,Made Shot,Driving Jump shot,2PT Field Goal,In The Paint (Non-RA),Center(C),8-16 ft.,11.0,50.0,99.0,1,1,20110128,ATL,NYK
Shot Chart Detail,0021000684,117,201962,Toney Douglas,1610612752,New York Knicks,1,0,37,Missed Shot,Jump Shot,3PT Field Goal,Above the Break 3,Right Side Center(RC),24+ ft.,25.0,157.0,195.0,1,0,20110128,ATL,NYK
Shot Chart Detail,0021000684,146,201962,Toney Douglas,1610612752,New York Knicks,2,9,39,Missed Shot,Jump Shot,2PT Field Goal,Mid-Range,Right Side(R),8-16 ft.,15.0,83.0,127.0,1,0,20110128,ATL,NYK
Shot Chart Detail,0021000684,149,201962,Toney Douglas,1610612752,New York Knicks,2,9,30,Missed Shot,Jump Shot,3PT Field Goal,Right Corner 3,Right Side(R),24+ ft.,24.0,236.0,44.0,1,0,20110128,ATL,NYK
Shot Chart Detail,0021000684,394,201962,Toney Douglas,1610612752,New York Knicks,4,10,1,Made Shot,Running Layup Shot,2PT Field Goal,Restricted Area,Center(C),Less Than 8 ft.,0.0,-8.0,3.0,1,1,20110128,ATL,NYK
Shot Chart Detail,0021000684,406,201962,Toney Douglas,1610612752,New York Knicks,4,8,32,Missed Shot,Jump Shot,2PT Field Goal,Mid-Range,Left Side Center(LC),16-24 ft.,17.0,-120.0,129.0,1,0,20110128,ATL,NYK
Shot Chart Detail,0021000684,410,201962,Toney Douglas,1610612752,New York Knicks,4,8,6,Missed Shot,Jump Shot,3PT Field Goal,Above the Break 3,Center(C),24+ ft.,25.0,-68.0,244.0,1,0,20110128,ATL,NYK
Shot Chart Detail,0021000705,105,201962,Toney Douglas,1610612752,New York Knicks,1,2,2,Made Shot,Driving Layup Shot,2PT Field Goal,Restricted Area,Center(C),Less Than 8 ft.,0.0,7.0,7.0,1,1,20110130,NYK,DET
Shot Chart Detail,0021000705,163,201962,Toney Douglas,1610612752,New York Knicks,2,8,53,Missed Shot,Jump Shot,2PT Field Goal,In The Paint (Non-RA),Center(C),8-16 ft.,14.0,-46.0,138.0,1,0,20110130,NYK,DET
Shot Chart Detail,0021000705,165,201962,Toney Douglas,1610612752,New York Knicks,2,8,51,Made Shot,Jump Bank Shot,2PT Field Goal,In The Paint (Non-RA),Center(C),Less Than 8 ft.,7.0,74.0,24.0,1,1,20110130,NYK,DET
Shot Chart Detail,0021000705,180,201962,Toney Douglas,1610612752,New York Knicks,2,7,45,Made Shot,Jump Shot,2PT Field Goal,Mid-Range,Right Side(R),8-16 ft.,12.0,126.0,19.0,1,1,20110130,NYK,DET
Shot Chart Detail,0021000705,189,201962,Toney Douglas,1610612752,New York Knicks,2,6,38,Made Shot,Driving Finger Roll Layup Shot,2PT Field Goal,Restricted Area,Center(C),Less Than 8 ft.,1.0,0.0,15.0,1,1,20110130,NYK,DET
Shot Chart Detail,0021000705,406,201962,Toney Douglas,1610612752,New York Knicks,4,11,11,Missed Shot,Driving Layup Shot,2PT Field Goal,Restricted Area,Center(C),Less Than 8 ft.,2.0,-10.0,19.0,1,0,20110130,NYK,DET
Shot Chart Detail,0021000705,421,201962,Toney Douglas,1610612752,New York Knicks,4,10,0,Missed Shot,Jump Shot,3PT Field Goal,Above the Break 3,Right Side Center(RC),24+ ft.,25.0,138.0,217.0,1,0,20110130,NYK,DET
Shot Chart Detail,0021000705,521,201962,Toney Douglas,1610612752,New York Knicks,4,0,2,Missed Shot,Jump Shot,3PT Field Goal,Above the Break 3,Right Side Center(RC),24+ ft.,25.0,154.0,206.0,1,0,20110130,NYK,DET
Shot Chart Detail,0021000723,114,201962,Toney Douglas,1610612752,New York Knicks,1,0,41,Made Shot,Driving Layup Shot,2PT Field Goal,Restricted Area,Center(C),Less Than 8 ft.,1.0,8.0,12.0,1,1,20110202,NYK,DAL
Shot Chart Detail,0021000723,127,201962,Toney Douglas,1610612752,New York Knicks,2,11,13,Missed Shot,Jump Shot,2PT Field Goal,In The Paint (Non-RA),Center(C),Less Than 8 ft.,4.0,40.0,25.0,1,0,20110202,NYK,DAL
Shot Chart Detail,0021000723,163,201962,Toney Douglas,1610612752,New York Knicks,2,8,16,Made Shot,Jump Shot,3PT Field Goal,Above the Break 3,Left Side Center(LC),24+ ft.,23.0,-169.0,168.0,1,1,20110202,NYK,DAL
Shot Chart Detail,0021000723,171,201962,Toney Douglas,1610612752,New York Knicks,2,7,32,Missed Shot,Jump Shot,3PT Field Goal,Right Corner 3,Right Side(R),24+ ft.,23.0,236.0,22.0,1,0,20110202,NYK,DAL
Shot Chart Detail,0021000723,351,201962,Toney Douglas,1610612752,New York Knicks,3,2,25,Made Shot,Driving Layup Shot,2PT Field Goal,Restricted Area,Center(C),Less Than 8 ft.,1.0,17.0,-5.0,1,1,20110202,NYK,DAL
Shot Chart Detail,0021000723,371,201962,Toney Douglas,1610612752,New York Knicks,3,1,14,Made Shot,Driving Reverse Layup Shot,2PT Field Goal,Restricted Area,Center(C),Less Than 8 ft.,2.0,26.0,3.0,1,1,20110202,NYK,DAL
Shot Chart Detail,0021000723,395,201962,Toney Douglas,1610612752,New York Knicks,4,10,46,Missed Shot,Jump Shot,3PT Field Goal,Right Corner 3,Right Side(R),24+ ft.,23.0,231.0,-6.0,1,0,20110202,NYK,DAL
Shot Chart Detail,0021000723,400,201962,Toney Douglas,1610612752,New York Knicks,4,10,25,Made Shot,Driving Layup Shot,2PT Field Goal,Restricted Area,Center(C),Less Than 8 ft.,2.0,20.0,6.0,1,1,20110202,NYK,DAL
Shot Chart Detail,0021000723,412,201962,Toney Douglas,1610612752,New York Knicks,4,8,17,Made Shot,Driving Layup Shot,2PT Field Goal,Restricted Area,Center(C),Less Than 8 ft.,2.0,29.0,-5.0,1,1,20110202,NYK,DAL
Shot Chart Detail,0021000723,420,201962,Toney Douglas,1610612752,New York Knicks,4,7,42,Made Shot,Jump Shot,2PT Field Goal,Mid-Range,Right Side(R),16-24 ft.,19.0,184.0,61.0,1,1,20110202,NYK,DAL
Shot Chart Detail,0021000723,430,201962,Toney Douglas,1610612752,New York Knicks,4,6,25,Missed Shot,Jump Shot,3PT Field Goal,Above the Break 3,Left Side Center(LC),24+ ft.,25.0,-105.0,228.0,1,0,20110202,NYK,DAL
Shot Chart Detail,0021000723,460,201962,Toney Douglas,1610612752,New York Knicks,4,4,3,Made Shot,Jump Shot,3PT Field Goal,Above the Break 3,Right Side Center(RC),24+ ft.,24.0,187.0,157.0,1,1,20110202,NYK,DAL
Shot Chart Detail,0021000723,503,201962,Toney Douglas,1610612752,New York Knicks,4,1,21,Made Shot,Jump Shot,3PT Field Goal,Above the Break 3,Right Side Center(RC),24+ ft.,24.0,151.0,190.0,1,1,20110202,NYK,DAL
Shot Chart Detail,0021000735,77,201962,Toney Douglas,1610612752,New York Knicks,1,3,2,Made Shot,Pullup Jump shot,2PT Field Goal,Mid-Range,Right Side(R),8-16 ft.,13.0,83.0,107.0,1,1,20110204,PHI,NYK
Shot Chart Detail,0021000735,94,201962,Toney Douglas,1610612752,New York Knicks,1,1,43,Missed Shot,Jump Shot,3PT Field Goal,Above the Break 3,Center(C),24+ ft.,25.0,-57.0,246.0,1,0,20110204,PHI,NYK
Shot Chart Detail,0021000735,109,201962,Toney Douglas,1610612752,New York Knicks,1,0,31,Missed Shot,Jump Shot,2PT Field Goal,In The Paint (Non-RA),Center(C),8-16 ft.,10.0,-24.0,101.0,1,0,20110204,PHI,NYK
Shot Chart Detail,0021000735,163,201962,Toney Douglas,1610612752,New York Knicks,2,8,10,Missed Shot,Jump Shot,2PT Field Goal,Mid-Range,Right Side Center(RC),16-24 ft.,20.0,108.0,170.0,1,0,20110204,PHI,NYK
Shot Chart Detail,0021000735,409,201962,Toney Douglas,1610612752,New York Knicks,4,10,41,Missed Shot,Jump Shot,3PT Field Goal,Above the Break 3,Left Side Center(LC),24+ ft.,25.0,-142.0,213.0,1,0,20110204,PHI,NYK
Shot Chart Detail,0021000735,426,201962,Toney Douglas,1610612752,New York Knicks,4,9,18,Missed Shot,Jump Shot,3PT Field Goal,Above the Break 3,Center(C),24+ ft.,25.0,-16.0,258.0,1,0,20110204,PHI,NYK
Shot Chart Detail,0021000756,85,201962,Toney Douglas,1610612752,New York Knicks,1,3,50,Missed Shot,Jump Shot,2PT Field Goal,In The Paint (Non-RA),Center(C),Less Than 8 ft.,4.0,34.0,33.0,1,0,20110206,NYK,PHI
Shot Chart Detail,0021000756,105,201962,Toney Douglas,1610612752,New York Knicks,1,2,8,Made Shot,Jump Shot,2PT Field Goal,Mid-Range,Right Side Center(RC),16-24 ft.,18.0,147.0,115.0,1,1,20110206,NYK,PHI
Shot Chart Detail,0021000756,129,201962,Toney Douglas,1610612752,New York Knicks,2,11,5,Made Shot,Floating Jump shot,2PT Field Goal,In The Paint (Non-RA),Center(C),Less Than 8 ft.,7.0,-43.0,67.0,1,1,20110206,NYK,PHI
Shot Chart Detail,0021000756,148,201962,Toney Douglas,1610612752,New York Knicks,2,7,52,Missed Shot,Jump Shot,3PT Field Goal,Above the Break 3,Left Side Center(LC),24+ ft.,25.0,-117.0,222.0,1,0,20110206,NYK,PHI
Shot Chart Detail,0021000756,151,201962,Toney Douglas,1610612752,New York Knicks,2,7,15,Made Shot,Jump Shot,3PT Field Goal,Above the Break 3,Right Side Center(RC),24+ ft.,24.0,207.0,134.0,1,1,20110206,NYK,PHI
Shot Chart Detail,0021000756,154,201962,Toney Douglas,1610612752,New York Knicks,2,6,35,Missed Shot,Driving Layup Shot,2PT Field Goal,Restricted Area,Center(C),Less Than 8 ft.,2.0,-21.0,11.0,1,0,20110206,NYK,PHI
Shot Chart Detail,0021000756,381,201962,Toney Douglas,1610612752,New York Knicks,4,10,40,Made Shot,Jump Shot,3PT Field Goal,Above the Break 3,Right Side Center(RC),24+ ft.,25.0,203.0,146.0,1,1,20110206,NYK,PHI
Shot Chart Detail,0021000756,414,201962,Toney Douglas,1610612752,New York Knicks,4,6,43,Missed Shot,Jump Shot,2PT Field Goal,In The Paint (Non-RA),Right Side(R),8-16 ft.,8.0,61.0,61.0,1,0,20110206,NYK,PHI
Shot Chart Detail,0021000779,93,201962,Toney Douglas,1610612752,New York Knicks,1,2,9,Missed Shot,Jump Shot,3PT Field Goal,Left Corner 3,Left Side(L),24+ ft.,24.0,-242.0,-30.0,1,0,20110209,NYK,LAC
Shot Chart Detail,0021000779,143,201962,Toney Douglas,1610612752,New York Knicks,2,9,6,Missed Shot,Jump Shot,3PT Field Goal,Above the Break 3,Right Side Center(RC),24+ ft.,26.0,138.0,227.0,1,0,20110209,NYK,LAC
Shot Chart Detail,0021000779,383,201962,Toney Douglas,1610612752,New York Knicks,4,9,50,Made Shot,Jump Shot,3PT Field Goal,Left Corner 3,Left Side(L),24+ ft.,22.0,-223.0,19.0,1,1,20110209,NYK,LAC
Shot Chart Detail,0021000779,408,201962,Toney Douglas,1610612752,New York Knicks,4,7,33,Made Shot,Tip Shot,2PT Field Goal,Restricted Area,Center(C),Less Than 8 ft.,0.0,-2.0,7.0,1,1,20110209,NYK,LAC
Shot Chart Detail,0021000779,415,201962,Toney Douglas,1610612752,New York Knicks,4,6,29,Made Shot,Driving Layup Shot,2PT Field Goal,Restricted Area,Center(C),Less Than 8 ft.,2.0,-16.0,14.0,1,1,20110209,NYK,LAC
Shot Chart Detail,0021000779,418,201962,Toney Douglas,1610612752,New York Knicks,4,6,4,Made Shot,Jump Shot,3PT Field Goal,Above the Break 3,Right Side Center(RC),24+ ft.,24.0,179.0,170.0,1,1,20110209,NYK,LAC
Shot Chart Detail,0021000793,139,201962,Toney Douglas,1610612752,New York Knicks,2,9,50,Missed Shot,Jump Shot,3PT Field Goal,Above the Break 3,Right Side Center(RC),24+ ft.,26.0,230.0,131.0,1,0,20110211,NYK,LAL
Shot Chart Detail,0021000793,363,201962,Toney Douglas,1610612752,New York Knicks,3,2,16,Missed Shot,Jump Shot,2PT Field Goal,In The Paint (Non-RA),Center(C),Less Than 8 ft.,5.0,36.0,37.0,1,0,20110211,NYK,LAL
Shot Chart Detail,0021000793,365,201962,Toney Douglas,1610612752,New York Knicks,3,2,13,Missed Shot,Jump Shot,2PT Field Goal,Mid-Range,Right Side(R),8-16 ft.,14.0,147.0,19.0,1,0,20110211,NYK,LAL
Shot Chart Detail,0021000793,423,201962,Toney Douglas,1610612752,New York Knicks,4,10,14,Made Shot,Jump Shot,3PT Field Goal,Above the Break 3,Right Side Center(RC),24+ ft.,25.0,201.0,151.0,1,1,20110211,NYK,LAL
Shot Chart Detail,0021000793,428,201962,Toney Douglas,1610612752,New York Knicks,4,9,15,Missed Shot,Jump Shot,3PT Field Goal,Above the Break 3,Right Side Center(RC),24+ ft.,25.0,215.0,142.0,1,0,20110211,NYK,LAL
Shot Chart Detail,0021000793,501,201962,Toney Douglas,1610612752,New York Knicks,4,1,30,Missed Shot,Jump Shot,3PT Field Goal,Above the Break 3,Left Side Center(LC),24+ ft.,24.0,-123.0,216.0,1,0,20110211,NYK,LAL
Shot Chart Detail,0021000797,77,201962,Toney Douglas,1610612752,New York Knicks,1,4,25,Made Shot,Jump Shot,2PT Field Goal,Mid-Range,Right Side Center(RC),16-24 ft.,20.0,166.0,126.0,1,1,20110212,NJN,NYK
Shot Chart Detail,0021000797,98,201962,Toney Douglas,1610612752,New York Knicks,1,2,47,Missed Shot,Jump Shot,3PT Field Goal,Above the Break 3,Center(C),24+ ft.,25.0,-64.0,246.0,1,0,20110212,NJN,NYK
Shot Chart Detail,0021000797,132,201962,Toney Douglas,1610612752,New York Knicks,1,0,13,Made Shot,Jump Shot,3PT Field Goal,Above the Break 3,Right Side Center(RC),24+ ft.,25.0,154.0,198.0,1,1,20110212,NJN,NYK
Shot Chart Detail,0021000797,148,201962,Toney Douglas,1610612752,New York Knicks,2,10,33,Missed Shot,Jump Shot,2PT Field Goal,Mid-Range,Center(C),16-24 ft.,22.0,-46.0,220.0,1,0,20110212,NJN,NYK
Shot Chart Detail,0021000797,151,201962,Toney Douglas,1610612752,New York Knicks,2,10,16,Made Shot,Driving Layup Shot,2PT Field Goal,Restricted Area,Center(C),Less Than 8 ft.,1.0,10.0,3.0,1,1,20110212,NJN,NYK
Shot Chart Detail,0021000797,155,201962,Toney Douglas,1610612752,New York Knicks,2,9,12,Made Shot,Jump Shot,2PT Field Goal,Mid-Range,Left Side Center(LC),16-24 ft.,21.0,-172.0,131.0,1,1,20110212,NJN,NYK
Shot Chart Detail,0021000797,187,201962,Toney Douglas,1610612752,New York Knicks,2,6,37,Made Shot,Driving Layup Shot,2PT Field Goal,Restricted Area,Center(C),Less Than 8 ft.,1.0,10.0,-5.0,1,1,20110212,NJN,NYK
Shot Chart Detail,0021000797,366,201962,Toney Douglas,1610612752,New York Knicks,3,3,23,Missed Shot,Jump Shot,3PT Field Goal,Right Corner 3,Right Side(R),24+ ft.,24.0,239.0,-25.0,1,0,20110212,NJN,NYK
Shot Chart Detail,0021000797,383,201962,Toney Douglas,1610612752,New York Knicks,3,2,24,Missed Shot,Layup Shot,2PT Field Goal,Restricted Area,Center(C),Less Than 8 ft.,2.0,17.0,11.0,1,0,20110212,NJN,NYK
Shot Chart Detail,0021000797,390,201962,Toney Douglas,1610612752,New York Knicks,3,1,37,Missed Shot,Jump Shot,3PT Field Goal,Right Corner 3,Right Side(R),24+ ft.,23.0,233.0,-33.0,1,0,20110212,NJN,NYK
Shot Chart Detail,0021000797,406,201962,Toney Douglas,1610612752,New York Knicks,3,0,21,Made Shot,Jump Shot,3PT Field Goal,Above the Break 3,Left Side Center(LC),24+ ft.,24.0,-144.0,203.0,1,1,20110212,NJN,NYK
Shot Chart Detail,0021000797,427,201962,Toney Douglas,1610612752,New York Knicks,4,10,24,Made Shot,Layup Shot,2PT Field Goal,Restricted Area,Center(C),Less Than 8 ft.,1.0,11.0,8.0,1,1,20110212,NJN,NYK
Shot Chart Detail,0021000797,432,201962,Toney Douglas,1610612752,New York Knicks,4,8,58,Made Shot,Jump Shot,3PT Field Goal,Above the Break 3,Left Side Center(LC),24+ ft.,24.0,-213.0,127.0,1,1,20110212,NJN,NYK
Shot Chart Detail,0021000829,115,201962,Toney Douglas,1610612752,New York Knicks,2,11,3,Missed Shot,Driving Jump shot,2PT Field Goal,Mid-Range,Left Side Center(LC),16-24 ft.,17.0,-67.0,164.0,1,0,20110216,NYK,ATL
Shot Chart Detail,0021000829,148,201962,Toney Douglas,1610612752,New York Knicks,2,7,40,Missed Shot,Jump Shot,3PT Field Goal,Above the Break 3,Right Side Center(RC),24+ ft.,25.0,110.0,225.0,1,0,20110216,NYK,ATL
Shot Chart Detail,0021000829,162,201962,Toney Douglas,1610612752,New York Knicks,2,6,41,Missed Shot,Jump Shot,2PT Field Goal,In The Paint (Non-RA),Center(C),8-16 ft.,14.0,70.0,129.0,1,0,20110216,NYK,ATL
Shot Chart Detail,0021000829,362,201962,Toney Douglas,1610612752,New York Knicks,4,9,52,Made Shot,Running Jump Shot,3PT Field Goal,Above the Break 3,Right Side Center(RC),24+ ft.,24.0,182.0,168.0,1,1,20110216,NYK,ATL
Shot Chart Detail,0021000829,378,201962,Toney Douglas,1610612752,New York Knicks,4,8,0,Missed Shot,Jump Shot,2PT Field Goal,Mid-Range,Center(C),16-24 ft.,20.0,-41.0,200.0,1,0,20110216,NYK,ATL
Shot Chart Detail,0021000852,91,201962,Toney Douglas,1610612752,New York Knicks,1,3,23,Made Shot,Driving Layup Shot,2PT Field Goal,Restricted Area,Center(C),Less Than 8 ft.,1.0,-8.0,6.0,1,1,20110223,NYK,MIL
Shot Chart Detail,0021000852,115,201962,Toney Douglas,1610612752,New York Knicks,1,1,15,Made Shot,Pullup Jump shot,2PT Field Goal,Mid-Range,Right Side(R),8-16 ft.,15.0,138.0,63.0,1,1,20110223,NYK,MIL
Shot Chart Detail,0021000852,128,201962,Toney Douglas,1610612752,New York Knicks,1,0,27,Made Shot,Jump Shot,3PT Field Goal,Above the Break 3,Center(C),24+ ft.,24.0,-46.0,242.0,1,1,20110223,NYK,MIL
Shot Chart Detail,0021000852,138,201962,Toney Douglas,1610612752,New York Knicks,2,11,37,Made Shot,Driving Layup Shot,2PT Field Goal,Restricted Area,Center(C),Less Than 8 ft.,1.0,13.0,3.0,1,1,20110223,NYK,MIL
Shot Chart Detail,0021000852,150,201962,Toney Douglas,1610612752,New York Knicks,2,10,4,Made Shot,Layup Shot,2PT Field Goal,Restricted Area,Center(C),Less Than 8 ft.,0.0,1.0,3.0,1,1,20110223,NYK,MIL
Shot Chart Detail,0021000852,154,201962,Toney Douglas,1610612752,New York Knicks,2,9,25,Missed Shot,Jump Shot,3PT Field Goal,Right Corner 3,Right Side(R),24+ ft.,22.0,226.0,4.0,1,0,20110223,NYK,MIL
Shot Chart Detail,0021000852,348,201962,Toney Douglas,1610612752,New York Knicks,3,4,29,Made Shot,Driving Layup Shot,2PT Field Goal,Restricted Area,Center(C),Less Than 8 ft.,1.0,-10.0,3.0,1,1,20110223,NYK,MIL
Shot Chart Detail,0021000852,376,201962,Toney Douglas,1610612752,New York Knicks,3,2,24,Made Shot,Driving Layup Shot,2PT Field Goal,Restricted Area,Center(C),Less Than 8 ft.,1.0,-13.0,12.0,1,1,20110223,NYK,MIL
Shot Chart Detail,0021000852,394,201962,Toney Douglas,1610612752,New York Knicks,3,0,36,Made Shot,Jump Shot,2PT Field Goal,Mid-Range,Left Side(L),8-16 ft.,13.0,-81.0,110.0,1,1,20110223,NYK,MIL
Shot Chart Detail,0021000852,398,201962,Toney Douglas,1610612752,New York Knicks,3,0,2,Made Shot,Jump Shot,3PT Field Goal,Above the Break 3,Center(C),24+ ft.,26.0,28.0,263.0,1,1,20110223,NYK,MIL
Shot Chart Detail,0021000852,408,201962,Toney Douglas,1610612752,New York Knicks,4,11,17,Missed Shot,Jump Shot,3PT Field Goal,Above the Break 3,Left Side Center(LC),24+ ft.,24.0,-221.0,102.0,1,0,20110223,NYK,MIL
Shot Chart Detail,0021000852,500,201962,Toney Douglas,1610612752,New York Knicks,4,3,7,Made Shot,Jump Shot,3PT Field Goal,Above the Break 3,Right Side Center(RC),24+ ft.,24.0,206.0,138.0,1,1,20110223,NYK,MIL
Shot Chart Detail,0021000865,56,201962,Toney Douglas,1610612752,New York Knicks,1,7,15,Missed Shot,Jump Shot,3PT Field Goal,Above the Break 3,Center(C),24+ ft.,25.0,20.0,257.0,1,0,20110225,CLE,NYK
Shot Chart Detail,0021000865,96,201962,Toney Douglas,1610612752,New York Knicks,1,3,0,Missed Shot,Layup Shot,2PT Field Goal,Restricted Area,Center(C),Less Than 8 ft.,1.0,-2.0,19.0,1,0,20110225,CLE,NYK
Shot Chart Detail,0021000865,119,201962,Toney Douglas,1610612752,New York Knicks,1,1,13,Missed Shot,Jump Shot,2PT Field Goal,Mid-Range,Right Side(R),16-24 ft.,16.0,160.0,22.0,1,0,20110225,CLE,NYK
Shot Chart Detail,0021000865,123,201962,Toney Douglas,1610612752,New York Knicks,1,0,57,Made Shot,Layup Shot,2PT Field Goal,Restricted Area,Center(C),Less Than 8 ft.,2.0,-7.0,20.0,1,1,20110225,CLE,NYK
Shot Chart Detail,0021000865,231,201962,Toney Douglas,1610612752,New York Knicks,2,3,45,Missed Shot,Jump Shot,3PT Field Goal,Above the Break 3,Right Side Center(RC),24+ ft.,25.0,173.0,186.0,1,0,20110225,CLE,NYK
Shot Chart Detail,0021000865,279,201962,Toney Douglas,1610612752,New York Knicks,2,0,10,Missed Shot,Jump Shot,3PT Field Goal,Above the Break 3,Right Side Center(RC),24+ ft.,24.0,103.0,225.0,1,0,20110225,CLE,NYK
Shot Chart Detail,0021000865,448,201962,Toney Douglas,1610612752,New York Knicks,4,10,47,Missed Shot,Floating Jump shot,2PT Field Goal,In The Paint (Non-RA),Center(C),Less Than 8 ft.,7.0,24.0,72.0,1,0,20110225,CLE,NYK
Shot Chart Detail,0021000865,591,201962,Toney Douglas,1610612752,New York Knicks,4,2,42,Missed Shot,Jump Shot,3PT Field Goal,Above the Break 3,Center(C),24+ ft.,25.0,-21.0,255.0,1,0,20110225,CLE,NYK
Shot Chart Detail,0021000887,135,201962,Toney Douglas,1610612752,New York Knicks,1,0,27,Missed Shot,Jump Shot,3PT Field Goal,Above the Break 3,Right Side Center(RC),24+ ft.,25.0,149.0,201.0,1,0,20110227,MIA,NYK
Shot Chart Detail,0021000887,144,201962,Toney Douglas,1610612752,New York Knicks,1,0,3,Missed Shot,Jump Shot,2PT Field Goal,In The Paint (Non-RA),Left Side(L),8-16 ft.,10.0,-54.0,91.0,1,0,20110227,MIA,NYK
Shot Chart Detail,0021000887,158,201962,Toney Douglas,1610612752,New York Knicks,2,10,44,Made Shot,Jump Shot,3PT Field Goal,Left Corner 3,Left Side(L),24+ ft.,22.0,-223.0,31.0,1,1,20110227,MIA,NYK
Shot Chart Detail,0021000887,174,201962,Toney Douglas,1610612752,New York Knicks,2,8,25,Missed Shot,Jump Shot,3PT Field Goal,Above the Break 3,Left Side Center(LC),24+ ft.,24.0,-220.0,110.0,1,0,20110227,MIA,NYK
Shot Chart Detail,0021000887,363,201962,Toney Douglas,1610612752,New York Knicks,3,1,52,Missed Shot,Jump Shot,3PT Field Goal,Above the Break 3,Right Side Center(RC),24+ ft.,25.0,203.0,151.0,1,0,20110227,MIA,NYK
Shot Chart Detail,0021000887,365,201962,Toney Douglas,1610612752,New York Knicks,3,1,49,Missed Shot,Finger Roll Layup Shot,2PT Field Goal,Restricted Area,Center(C),Less Than 8 ft.,2.0,10.0,19.0,1,0,20110227,MIA,NYK
Shot Chart Detail,0021000887,394,201962,Toney Douglas,1610612752,New York Knicks,4,9,34,Missed Shot,Jump Shot,3PT Field Goal,Above the Break 3,Left Side Center(LC),24+ ft.,25.0,-220.0,123.0,1,0,20110227,MIA,NYK
Shot Chart Detail,0021000895,130,201962,Toney Douglas,1610612752,New York Knicks,1,1,18,Missed Shot,Jump Shot,2PT Field Goal,Mid-Range,Right Side Center(RC),16-24 ft.,20.0,162.0,121.0,1,0,20110301,ORL,NYK
Shot Chart Detail,0021000895,162,201962,Toney Douglas,1610612752,New York Knicks,2,10,16,Missed Shot,Floating Jump shot,2PT Field Goal,Restricted Area,Center(C),Less Than 8 ft.,3.0,-5.0,30.0,1,0,20110301,ORL,NYK
Shot Chart Detail,0021000895,174,201962,Toney Douglas,1610612752,New York Knicks,2,9,7,Missed Shot,Jump Shot,3PT Field Goal,Right Corner 3,Right Side(R),24+ ft.,23.0,233.0,-19.0,1,0,20110301,ORL,NYK
Shot Chart Detail,0021000895,425,201962,Toney Douglas,1610612752,New York Knicks,3,3,39,Missed Shot,Jump Shot,3PT Field Goal,Right Corner 3,Right Side(R),24+ ft.,23.0,233.0,-13.0,1,0,20110301,ORL,NYK
Shot Chart Detail,0021000895,497,201962,Toney Douglas,1610612752,New York Knicks,4,9,49,Made Shot,Running Bank shot,2PT Field Goal,In The Paint (Non-RA),Center(C),Less Than 8 ft.,6.0,59.0,22.0,1,1,20110301,ORL,NYK
Shot Chart Detail,0021000895,608,201962,Toney Douglas,1610612752,New York Knicks,4,2,5,Missed Shot,Jump Shot,3PT Field Goal,Above the Break 3,Left Side Center(LC),24+ ft.,25.0,-183.0,179.0,1,0,20110301,ORL,NYK
Shot Chart Detail,0021000907,7,201962,Toney Douglas,1610612752,New York Knicks,1,11,7,Made Shot,Jump Shot,3PT Field Goal,Above the Break 3,Center(C),24+ ft.,25.0,-56.0,252.0,1,1,20110302,NYK,NOH
Shot Chart Detail,0021000907,9,201962,Toney Douglas,1610612752,New York Knicks,1,10,34,Made Shot,Driving Layup Shot,2PT Field Goal,Restricted Area,Center(C),Less Than 8 ft.,1.0,10.0,6.0,1,1,20110302,NYK,NOH
Shot Chart Detail,0021000907,34,201962,Toney Douglas,1610612752,New York Knicks,1,7,29,Made Shot,Jump Shot,2PT Field Goal,Mid-Range,Right Side(R),16-24 ft.,17.0,174.0,-11.0,1,1,20110302,NYK,NOH
Shot Chart Detail,0021000907,68,201962,Toney Douglas,1610612752,New York Knicks,1,3,31,Made Shot,Jump Shot,3PT Field Goal,Above the Break 3,Right Side Center(RC),24+ ft.,25.0,209.0,145.0,1,1,20110302,NYK,NOH
Shot Chart Detail,0021000907,148,201962,Toney Douglas,1610612752,New York Knicks,2,6,46,Missed Shot,Jump Shot,3PT Field Goal,Above the Break 3,Left Side Center(LC),24+ ft.,25.0,-92.0,239.0,1,0,20110302,NYK,NOH
Shot Chart Detail,0021000907,186,201962,Toney Douglas,1610612752,New York Knicks,2,3,14,Made Shot,Driving Layup Shot,2PT Field Goal,Restricted Area,Center(C),Less Than 8 ft.,2.0,29.0,-2.0,1,1,20110302,NYK,NOH
Shot Chart Detail,0021000907,232,201962,Toney Douglas,1610612752,New York Knicks,3,10,58,Made Shot,Driving Layup Shot,2PT Field Goal,Restricted Area,Center(C),Less Than 8 ft.,2.0,23.0,11.0,1,1,20110302,NYK,NOH
Shot Chart Detail,0021000907,239,201962,Toney Douglas,1610612752,New York Knicks,3,10,7,Missed Shot,Jump Shot,2PT Field Goal,Mid-Range,Right Side(R),16-24 ft.,20.0,187.0,74.0,1,0,20110302,NYK,NOH
Shot Chart Detail,0021000907,246,201962,Toney Douglas,1610612752,New York Knicks,3,9,25,Made Shot,Driving Layup Shot,2PT Field Goal,Restricted Area,Center(C),Less Than 8 ft.,1.0,12.0,3.0,1,1,20110302,NYK,NOH
Shot Chart Detail,0021000907,420,201962,Toney Douglas,1610612752,New York Knicks,4,5,32,Made Shot,Jump Shot,3PT Field Goal,Above the Break 3,Left Side Center(LC),24+ ft.,24.0,-224.0,105.0,1,1,20110302,NYK,NOH
Shot Chart Detail,0021000907,435,201962,Toney Douglas,1610612752,New York Knicks,4,4,7,Missed Shot,Jump Shot,3PT Field Goal,Left Corner 3,Left Side(L),24+ ft.,23.0,-232.0,52.0,1,0,20110302,NYK,NOH
Shot Chart Detail,0021000907,456,201962,Toney Douglas,1610612752,New York Knicks,4,3,22,Made Shot,Driving Layup Shot,2PT Field Goal,Restricted Area,Center(C),Less Than 8 ft.,1.0,17.0,7.0,1,1,20110302,NYK,NOH
Shot Chart Detail,0021000907,474,201962,Toney Douglas,1610612752,New York Knicks,4,2,16,Made Shot,Jump Shot,3PT Field Goal,Above the Break 3,Left Side Center(LC),24+ ft.,24.0,-196.0,153.0,1,1,20110302,NYK,NOH
Shot Chart Detail,0021000919,7,201962,Toney Douglas,1610612752,New York Knicks,1,11,16,Made Shot,Driving Layup Shot,2PT Field Goal,Restricted Area,Center(C),Less Than 8 ft.,1.0,15.0,0.0,1,1,20110304,NYK,CLE
Shot Chart Detail,0021000919,23,201962,Toney Douglas,1610612752,New York Knicks,1,9,27,Made Shot,Driving Jump shot,2PT Field Goal,Restricted Area,Center(C),Less Than 8 ft.,3.0,-13.0,37.0,1,1,20110304,NYK,CLE
Shot Chart Detail,0021000919,42,201962,Toney Douglas,1610612752,New York Knicks,1,7,10,Made Shot,Jump Shot,3PT Field Goal,Above the Break 3,Right Side Center(RC),24+ ft.,24.0,196.0,148.0,1,1,20110304,NYK,CLE
Shot Chart Detail,0021000919,77,201962,Toney Douglas,1610612752,New York Knicks,1,4,0,Missed Shot,Jump Shot,3PT Field Goal,Above the Break 3,Right Side Center(RC),24+ ft.,26.0,116.0,235.0,1,0,20110304,NYK,CLE
Shot Chart Detail,0021000919,225,201962,Toney Douglas,1610612752,New York Knicks,2,1,59,Made Shot,Driving Layup Shot,2PT Field Goal,Restricted Area,Center(C),Less Than 8 ft.,1.0,17.0,7.0,1,1,20110304,NYK,CLE
Shot Chart Detail,0021000919,246,201962,Toney Douglas,1610612752,New York Knicks,2,0,41,Made Shot,Step Back Jump shot,2PT Field Goal,Mid-Range,Right Side Center(RC),16-24 ft.,17.0,132.0,121.0,1,1,20110304,NYK,CLE
Shot Chart Detail,0021000919,283,201962,Toney Douglas,1610612752,New York Knicks,3,9,26,Missed Shot,Jump Shot,2PT Field Goal,Mid-Range,Right Side Center(RC),16-24 ft.,17.0,130.0,112.0,1,0,20110304,NYK,CLE
Shot Chart Detail,0021000919,348,201962,Toney Douglas,1610612752,New York Knicks,3,4,5,Missed Shot,Jump Shot,3PT Field Goal,Left Corner 3,Left Side(L),24+ ft.,22.0,-226.0,-35.0,1,0,20110304,NYK,CLE
Shot Chart Detail,0021000919,489,201962,Toney Douglas,1610612752,New York Knicks,4,4,3,Missed Shot,Jump Shot,3PT Field Goal,Above the Break 3,Center(C),24+ ft.,23.0,62.0,231.0,1,0,20110304,NYK,CLE
Shot Chart Detail,0021000933,10,201962,Toney Douglas,1610612752,New York Knicks,1,10,31,Made Shot,Jump Shot,3PT Field Goal,Above the Break 3,Left Side Center(LC),24+ ft.,24.0,-160.0,181.0,1,1,20110306,ATL,NYK
Shot Chart Detail,0021000933,21,201962,Toney Douglas,1610612752,New York Knicks,1,8,24,Made Shot,Running Layup Shot,2PT Field Goal,Restricted Area,Center(C),Less Than 8 ft.,3.0,26.0,28.0,1,1,20110306,ATL,NYK
Shot Chart Detail,0021000933,48,201962,Toney Douglas,1610612752,New York Knicks,1,6,6,Missed Shot,Jump Shot,3PT Field Goal,Above the Break 3,Left Side Center(LC),24+ ft.,24.0,-134.0,208.0,1,0,20110306,ATL,NYK
Shot Chart Detail,0021000933,159,201962,Toney Douglas,1610612752,New York Knicks,2,8,23,Missed Shot,Jump Shot,2PT Field Goal,Mid-Range,Right Side Center(RC),16-24 ft.,20.0,135.0,154.0,1,0,20110306,ATL,NYK
Shot Chart Detail,0021000933,167,201962,Toney Douglas,1610612752,New York Knicks,2,7,2,Missed Shot,Layup Shot,2PT Field Goal,Restricted Area,Center(C),Less Than 8 ft.,1.0,6.0,15.0,1,0,20110306,ATL,NYK
Shot Chart Detail,0021000933,196,201962,Toney Douglas,1610612752,New York Knicks,2,3,35,Made Shot,Running Layup Shot,2PT Field Goal,Restricted Area,Center(C),Less Than 8 ft.,2.0,21.0,7.0,1,1,20110306,ATL,NYK
Shot Chart Detail,0021000933,259,201962,Toney Douglas,1610612752,New York Knicks,3,10,23,Missed Shot,Jump Shot,3PT Field Goal,Above the Break 3,Center(C),24+ ft.,25.0,-48.0,246.0,1,0,20110306,ATL,NYK
Shot Chart Detail,0021000933,407,201962,Toney Douglas,1610612752,New York Knicks,4,6,31,Missed Shot,Jump Shot,3PT Field Goal,Left Corner 3,Left Side(L),24+ ft.,24.0,-234.0,80.0,1,0,20110306,ATL,NYK
Shot Chart Detail,0021000933,412,201962,Toney Douglas,1610612752,New York Knicks,4,5,43,Made Shot,Driving Layup Shot,2PT Field Goal,Restricted Area,Center(C),Less Than 8 ft.,0.0,6.0,3.0,1,1,20110306,ATL,NYK
Shot Chart Detail,0021000942,10,201962,Toney Douglas,1610612752,New York Knicks,1,10,38,Made Shot,Jump Shot,3PT Field Goal,Above the Break 3,Right Side Center(RC),24+ ft.,24.0,196.0,148.0,1,1,20110307,NYK,UTA
Shot Chart Detail,0021000942,12,201962,Toney Douglas,1610612752,New York Knicks,1,10,6,Missed Shot,Jump Shot,3PT Field Goal,Above the Break 3,Left Side Center(LC),24+ ft.,24.0,-217.0,116.0,1,0,20110307,NYK,UTA
Shot Chart Detail,0021000942,32,201962,Toney Douglas,1610612752,New York Knicks,1,7,41,Made Shot,Jump Shot,3PT Field Goal,Above the Break 3,Left Side Center(LC),24+ ft.,23.0,-171.0,165.0,1,1,20110307,NYK,UTA
Shot Chart Detail,0021000942,51,201962,Toney Douglas,1610612752,New York Knicks,1,4,47,Made Shot,Driving Layup Shot,2PT Field Goal,Restricted Area,Center(C),Less Than 8 ft.,1.0,15.0,9.0,1,1,20110307,NYK,UTA
Shot Chart Detail,0021000942,70,201962,Toney Douglas,1610612752,New York Knicks,1,3,17,Made Shot,Jump Shot,3PT Field Goal,Above the Break 3,Left Side Center(LC),24+ ft.,27.0,-150.0,225.0,1,1,20110307,NYK,UTA
Shot Chart Detail,0021000942,185,201962,Toney Douglas,1610612752,New York Knicks,2,4,33,Made Shot,Jump Shot,3PT Field Goal,Left Corner 3,Left Side(L),24+ ft.,23.0,-229.0,-32.0,1,1,20110307,NYK,UTA
Shot Chart Detail,0021000942,264,201962,Toney Douglas,1610612752,New York Knicks,3,11,5,Missed Shot,Jump Shot,3PT Field Goal,Above the Break 3,Right Side Center(RC),24+ ft.,24.0,212.0,118.0,1,0,20110307,NYK,UTA
Shot Chart Detail,0021000942,282,201962,Toney Douglas,1610612752,New York Knicks,3,9,1,Missed Shot,Driving Layup Shot,2PT Field Goal,Restricted Area,Center(C),Less Than 8 ft.,2.0,20.0,0.0,1,0,20110307,NYK,UTA
Shot Chart Detail,0021000942,287,201962,Toney Douglas,1610612752,New York Knicks,3,8,45,Made Shot,Jump Shot,3PT Field Goal,Right Corner 3,Right Side(R),24+ ft.,25.0,239.0,82.0,1,1,20110307,NYK,UTA
Shot Chart Detail,0021000958,10,201962,Toney Douglas,1610612752,New York Knicks,1,10,32,Made Shot,Jump Shot,3PT Field Goal,Right Corner 3,Right Side(R),24+ ft.,22.0,226.0,36.0,1,1,20110309,MEM,NYK
Shot Chart Detail,0021000958,33,201962,Toney Douglas,1610612752,New York Knicks,1,6,59,Made Shot,Jump Shot,3PT Field Goal,Above the Break 3,Left Side Center(LC),24+ ft.,25.0,-153.0,209.0,1,1,20110309,MEM,NYK
Shot Chart Detail,0021000958,36,201962,Toney Douglas,1610612752,New York Knicks,1,6,13,Made Shot,Jump Shot,2PT Field Goal,Mid-Range,Left Side Center(LC),16-24 ft.,18.0,-112.0,143.0,1,1,20110309,MEM,NYK
Shot Chart Detail,0021000958,59,201962,Toney Douglas,1610612752,New York Knicks,1,4,9,Missed Shot,Jump Shot,3PT Field Goal,Above the Break 3,Right Side Center(RC),24+ ft.,26.0,119.0,239.0,1,0,20110309,MEM,NYK
Shot Chart Detail,0021000958,161,201962,Toney Douglas,1610612752,New York Knicks,2,6,58,Missed Shot,Jump Shot,3PT Field Goal,Above the Break 3,Center(C),24+ ft.,25.0,67.0,241.0,1,0,20110309,MEM,NYK
Shot Chart Detail,0021000958,173,201962,Toney Douglas,1610612752,New York Knicks,2,5,36,Made Shot,Jump Shot,3PT Field Goal,Left Corner 3,Left Side(L),24+ ft.,23.0,-235.0,11.0,1,1,20110309,MEM,NYK
Shot Chart Detail,0021000958,234,201962,Toney Douglas,1610612752,New York Knicks,3,11,31,Made Shot,Jump Shot,3PT Field Goal,Right Corner 3,Right Side(R),24+ ft.,23.0,231.0,26.0,1,1,20110309,MEM,NYK
Shot Chart Detail,0021000958,242,201962,Toney Douglas,1610612752,New York Knicks,3,9,49,Made Shot,Pullup Jump shot,2PT Field Goal,Mid-Range,Right Side(R),8-16 ft.,13.0,138.0,3.0,1,1,20110309,MEM,NYK
Shot Chart Detail,0021000958,257,201962,Toney Douglas,1610612752,New York Knicks,3,8,23,Missed Shot,Layup Shot,2PT Field Goal,Restricted Area,Center(C),Less Than 8 ft.,1.0,9.0,7.0,1,0,20110309,MEM,NYK
Shot Chart Detail,0021000958,273,201962,Toney Douglas,1610612752,New York Knicks,3,7,16,Made Shot,Jump Shot,2PT Field Goal,Mid-Range,Left Side(L),16-24 ft.,17.0,-175.0,23.0,1,1,20110309,MEM,NYK
Shot Chart Detail,0021000958,382,201962,Toney Douglas,1610612752,New York Knicks,4,9,18,Missed Shot,Step Back Jump shot,2PT Field Goal,Mid-Range,Right Side(R),8-16 ft.,14.0,141.0,15.0,1,0,20110309,MEM,NYK
Shot Chart Detail,0021000958,391,201962,Toney Douglas,1610612752,New York Knicks,4,8,29,Missed Shot,Jump Shot,3PT Field Goal,Above the Break 3,Center(C),24+ ft.,25.0,13.0,255.0,1,0,20110309,MEM,NYK
Shot Chart Detail,0021000958,465,201962,Toney Douglas,1610612752,New York Knicks,4,1,30,Missed Shot,Jump Shot,3PT Field Goal,Left Corner 3,Left Side(L),24+ ft.,23.0,-232.0,41.0,1,0,20110309,MEM,NYK
Shot Chart Detail,0021000958,482,201962,Toney Douglas,1610612752,New York Knicks,4,0,44,Missed Shot,Pullup Bank shot,2PT Field Goal,Mid-Range,Left Side(L),8-16 ft.,15.0,-127.0,85.0,1,0,20110309,MEM,NYK
Shot Chart Detail,0021000965,36,201962,Toney Douglas,1610612752,New York Knicks,1,9,2,Made Shot,Jump Shot,2PT Field Goal,Mid-Range,Right Side(R),16-24 ft.,22.0,204.0,93.0,1,1,20110310,DAL,NYK
Shot Chart Detail,0021000965,93,201962,Toney Douglas,1610612752,New York Knicks,1,4,3,Missed Shot,Pullup Jump shot,2PT Field Goal,In The Paint (Non-RA),Center(C),8-16 ft.,12.0,64.0,112.0,1,0,20110310,DAL,NYK
Shot Chart Detail,0021000965,194,201962,Toney Douglas,1610612752,New York Knicks,2,8,7,Missed Shot,Jump Shot,3PT Field Goal,Above the Break 3,Right Side Center(RC),24+ ft.,25.0,130.0,217.0,1,0,20110310,DAL,NYK
Shot Chart Detail,0021000965,212,201962,Toney Douglas,1610612752,New York Knicks,2,6,22,Missed Shot,Running Jump Shot,2PT Field Goal,In The Paint (Non-RA),Center(C),8-16 ft.,14.0,-56.0,132.0,1,0,20110310,DAL,NYK
Shot Chart Detail,0021000965,224,201962,Toney Douglas,1610612752,New York Knicks,2,5,18,Made Shot,Pullup Jump shot,2PT Field Goal,Mid-Range,Left Side(L),8-16 ft.,14.0,-138.0,42.0,1,1,20110310,DAL,NYK
Shot Chart Detail,0021000965,312,201962,Toney Douglas,1610612752,New York Knicks,3,8,55,Missed Shot,Jump Shot,3PT Field Goal,Above the Break 3,Center(C),24+ ft.,25.0,64.0,246.0,1,0,20110310,DAL,NYK
Shot Chart Detail,0021000965,337,201962,Toney Douglas,1610612752,New York Knicks,3,5,53,Made Shot,Jump Shot,3PT Field Goal,Above the Break 3,Center(C),24+ ft.,24.0,65.0,239.0,1,1,20110310,DAL,NYK
Shot Chart Detail,0021000965,368,201962,Toney Douglas,1610612752,New York Knicks,3,3,11,Made Shot,Pullup Jump shot,2PT Field Goal,Mid-Range,Center(C),16-24 ft.,18.0,48.0,181.0,1,1,20110310,DAL,NYK
Shot Chart Detail,0021000965,481,201962,Toney Douglas,1610612752,New York Knicks,4,6,55,Made Shot,Jump Shot,3PT Field Goal,Above the Break 3,Center(C),24+ ft.,25.0,6.0,254.0,1,1,20110310,DAL,NYK
Shot Chart Detail,0021000965,485,201962,Toney Douglas,1610612752,New York Knicks,4,6,13,Made Shot,Driving Jump shot,2PT Field Goal,In The Paint (Non-RA),Center(C),Less Than 8 ft.,7.0,-40.0,64.0,1,1,20110310,DAL,NYK
Shot Chart Detail,0021000965,529,201962,Toney Douglas,1610612752,New York Knicks,4,2,54,Missed Shot,Jump Shot,3PT Field Goal,Above the Break 3,Left Side Center(LC),24+ ft.,26.0,-163.0,206.0,1,0,20110310,DAL,NYK
Shot Chart Detail,0021000965,572,201962,Toney Douglas,1610612752,New York Knicks,4,0,11,Missed Shot,Jump Shot,3PT Field Goal,Above the Break 3,Left Side Center(LC),24+ ft.,24.0,-220.0,101.0,1,0,20110310,DAL,NYK
Shot Chart Detail,0021000989,69,201962,Toney Douglas,1610612752,New York Knicks,1,5,2,Missed Shot,Jump Shot,3PT Field Goal,Above the Break 3,Left Side Center(LC),24+ ft.,24.0,-117.0,214.0,1,0,20110313,NYK,IND
Shot Chart Detail,0021000989,84,201962,Toney Douglas,1610612752,New York Knicks,1,2,56,Missed Shot,Jump Shot,3PT Field Goal,Right Corner 3,Right Side(R),24+ ft.,23.0,233.0,-13.0,1,0,20110313,NYK,IND
Shot Chart Detail,0021000989,87,201962,Toney Douglas,1610612752,New York Knicks,1,2,28,Missed Shot,Jump Shot,3PT Field Goal,Above the Break 3,Left Side Center(LC),24+ ft.,24.0,-92.0,228.0,1,0,20110313,NYK,IND
Shot Chart Detail,0021000989,131,201962,Toney Douglas,1610612752,New York Knicks,2,10,14,Missed Shot,Jump Shot,3PT Field Goal,Above the Break 3,Center(C),24+ ft.,24.0,40.0,246.0,1,0,20110313,NYK,IND
Shot Chart Detail,0021000989,151,201962,Toney Douglas,1610612752,New York Knicks,2,7,38,Missed Shot,Jump Shot,3PT Field Goal,Above the Break 3,Right Side Center(RC),24+ ft.,24.0,140.0,201.0,1,0,20110313,NYK,IND
Shot Chart Detail,0021000989,167,201962,Toney Douglas,1610612752,New York Knicks,2,6,45,Missed Shot,Tip Shot,2PT Field Goal,Restricted Area,Center(C),Less Than 8 ft.,1.0,-11.0,11.0,1,0,20110313,NYK,IND
Shot Chart Detail,0021000989,372,201962,Toney Douglas,1610612752,New York Knicks,3,2,36,Missed Shot,Driving Layup Shot,2PT Field Goal,Restricted Area,Center(C),Less Than 8 ft.,2.0,23.0,0.0,1,0,20110313,NYK,IND
Shot Chart Detail,0021000989,380,201962,Toney Douglas,1610612752,New York Knicks,3,1,56,Missed Shot,Driving Layup Shot,2PT Field Goal,Restricted Area,Center(C),Less Than 8 ft.,1.0,17.0,-8.0,1,0,20110313,NYK,IND
Shot Chart Detail,0021000989,382,201962,Toney Douglas,1610612752,New York Knicks,3,1,53,Missed Shot,Jump Shot,2PT Field Goal,In The Paint (Non-RA),Center(C),8-16 ft.,12.0,9.0,126.0,1,0,20110313,NYK,IND
Shot Chart Detail,0021000989,402,201962,Toney Douglas,1610612752,New York Knicks,3,0,47,Made Shot,Jump Shot,3PT Field Goal,Above the Break 3,Right Side Center(RC),24+ ft.,24.0,144.0,197.0,1,1,20110313,NYK,IND
Shot Chart Detail,0021000989,414,201962,Toney Douglas,1610612752,New York Knicks,3,0,13,Missed Shot,Jump Shot,3PT Field Goal,Above the Break 3,Left Side Center(LC),24+ ft.,25.0,-101.0,230.0,1,0,20110313,NYK,IND
Shot Chart Detail,0021000989,439,201962,Toney Douglas,1610612752,New York Knicks,4,9,48,Missed Shot,Jump Shot,3PT Field Goal,Above the Break 3,Left Side Center(LC),24+ ft.,24.0,-217.0,107.0,1,0,20110313,NYK,IND
Shot Chart Detail,0021001000,91,201962,Toney Douglas,1610612752,New York Knicks,1,3,51,Missed Shot,Jump Shot,3PT Field Goal,Above the Break 3,Left Side Center(LC),24+ ft.,25.0,-146.0,211.0,1,0,20110315,IND,NYK
Shot Chart Detail,0021001000,113,201962,Toney Douglas,1610612752,New York Knicks,1,1,58,Missed Shot,Jump Shot,2PT Field Goal,Mid-Range,Right Side Center(RC),16-24 ft.,21.0,122.0,183.0,1,0,20110315,IND,NYK
Shot Chart Detail,0021001000,126,201962,Toney Douglas,1610612752,New York Knicks,1,0,0,Missed Shot,Jump Shot,2PT Field Goal,Mid-Range,Left Side Center(LC),16-24 ft.,16.0,-105.0,132.0,1,0,20110315,IND,NYK
Shot Chart Detail,0021001000,170,201962,Toney Douglas,1610612752,New York Knicks,2,9,14,Made Shot,Jump Shot,3PT Field Goal,Above the Break 3,Right Side Center(RC),24+ ft.,25.0,160.0,197.0,1,1,20110315,IND,NYK
Shot Chart Detail,0021001000,185,201962,Toney Douglas,1610612752,New York Knicks,2,7,43,Missed Shot,Jump Shot,3PT Field Goal,Above the Break 3,Center(C),24+ ft.,26.0,-73.0,254.0,1,0,20110315,IND,NYK
Shot Chart Detail,0021001000,406,201962,Toney Douglas,1610612752,New York Knicks,3,1,33,Made Shot,Layup Shot,2PT Field Goal,Restricted Area,Center(C),Less Than 8 ft.,0.0,1.0,6.0,1,1,20110315,IND,NYK
Shot Chart Detail,0021001000,409,201962,Toney Douglas,1610612752,New York Knicks,3,1,10,Made Shot,Jump Shot,3PT Field Goal,Above the Break 3,Center(C),24+ ft.,25.0,-27.0,258.0,1,1,20110315,IND,NYK
Shot Chart Detail,0021001000,434,201962,Toney Douglas,1610612752,New York Knicks,4,10,36,Missed Shot,Jump Shot,2PT Field Goal,Mid-Range,Left Side(L),16-24 ft.,18.0,-182.0,53.0,1,0,20110315,IND,NYK
Shot Chart Detail,0021001000,457,201962,Toney Douglas,1610612752,New York Knicks,4,8,27,Made Shot,Jump Shot,3PT Field Goal,Above the Break 3,Center(C),24+ ft.,25.0,6.0,252.0,1,1,20110315,IND,NYK
Shot Chart Detail,0021001000,481,201962,Toney Douglas,1610612752,New York Knicks,4,7,3,Missed Shot,Jump Shot,2PT Field Goal,Mid-Range,Right Side(R),8-16 ft.,11.0,110.0,7.0,1,0,20110315,IND,NYK
Shot Chart Detail,0021001000,555,201962,Toney Douglas,1610612752,New York Knicks,4,0,41,Made Shot,Jump Shot,3PT Field Goal,Left Corner 3,Left Side(L),24+ ft.,22.0,-224.0,3.0,1,1,20110315,IND,NYK
Shot Chart Detail,0021001015,89,201962,Toney Douglas,1610612752,New York Knicks,1,4,40,Made Shot,Running Jump Shot,2PT Field Goal,Mid-Range,Left Side(L),8-16 ft.,8.0,-84.0,14.0,1,1,20110317,NYK,MEM
Shot Chart Detail,0021001015,147,201962,Toney Douglas,1610612752,New York Knicks,2,10,59,Made Shot,Jump Shot,3PT Field Goal,Above the Break 3,Left Side Center(LC),24+ ft.,25.0,-141.0,208.0,1,1,20110317,NYK,MEM
Shot Chart Detail,0021001015,150,201962,Toney Douglas,1610612752,New York Knicks,2,10,17,Made Shot,Jump Shot,3PT Field Goal,Above the Break 3,Right Side Center(RC),24+ ft.,25.0,206.0,149.0,1,1,20110317,NYK,MEM
Shot Chart Detail,0021001015,186,201962,Toney Douglas,1610612752,New York Knicks,2,6,14,Missed Shot,Jump Shot,3PT Field Goal,Above the Break 3,Right Side Center(RC),24+ ft.,25.0,215.0,129.0,1,0,20110317,NYK,MEM
Shot Chart Detail,0021001015,188,201962,Toney Douglas,1610612752,New York Knicks,2,6,2,Made Shot,Jump Shot,3PT Field Goal,Left Corner 3,Left Side(L),24+ ft.,22.0,-226.0,14.0,1,1,20110317,NYK,MEM
Shot Chart Detail,0021001015,219,201962,Toney Douglas,1610612752,New York Knicks,2,2,56,Made Shot,Jump Shot,3PT Field Goal,Above the Break 3,Right Side Center(RC),24+ ft.,25.0,204.0,154.0,1,1,20110317,NYK,MEM
Shot Chart Detail,0021001015,237,201962,Toney Douglas,1610612752,New York Knicks,2,0,56,Made Shot,Jump Shot,3PT Field Goal,Above the Break 3,Right Side Center(RC),24+ ft.,24.0,88.0,233.0,1,1,20110317,NYK,MEM
Shot Chart Detail,0021001015,349,201962,Toney Douglas,1610612752,New York Knicks,3,3,0,Made Shot,Jump Shot,3PT Field Goal,Above the Break 3,Right Side Center(RC),24+ ft.,24.0,212.0,131.0,1,1,20110317,NYK,MEM
Shot Chart Detail,0021001015,372,201962,Toney Douglas,1610612752,New York Knicks,3,1,54,Missed Shot,Jump Shot,3PT Field Goal,Above the Break 3,Right Side Center(RC),24+ ft.,25.0,193.0,160.0,1,0,20110317,NYK,MEM
Shot Chart Detail,0021001015,382,201962,Toney Douglas,1610612752,New York Knicks,3,0,34,Made Shot,Jump Shot,3PT Field Goal,Above the Break 3,Left Side Center(LC),24+ ft.,24.0,-147.0,195.0,1,1,20110317,NYK,MEM
Shot Chart Detail,0021001015,384,201962,Toney Douglas,1610612752,New York Knicks,3,0,3,Made Shot,Jump Shot,3PT Field Goal,Above the Break 3,Right Side Center(RC),24+ ft.,25.0,146.0,213.0,1,1,20110317,NYK,MEM
Shot Chart Detail,0021001015,397,201962,Toney Douglas,1610612752,New York Knicks,4,10,32,Missed Shot,Jump Shot,3PT Field Goal,Above the Break 3,Right Side Center(RC),24+ ft.,25.0,184.0,178.0,1,0,20110317,NYK,MEM
Shot Chart Detail,0021001015,413,201962,Toney Douglas,1610612752,New York Knicks,4,9,15,Missed Shot,Jump Bank Shot,2PT Field Goal,Mid-Range,Right Side(R),8-16 ft.,8.0,86.0,17.0,1,0,20110317,NYK,MEM
Shot Chart Detail,0021001015,503,201962,Toney Douglas,1610612752,New York Knicks,4,0,17,Made Shot,Jump Shot,3PT Field Goal,Above the Break 3,Left Side Center(LC),24+ ft.,24.0,-174.0,170.0,1,1,20110317,NYK,MEM
Shot Chart Detail,0021001021,59,201962,Toney Douglas,1610612752,New York Knicks,1,4,16,Made Shot,Running Bank shot,2PT Field Goal,In The Paint (Non-RA),Center(C),Less Than 8 ft.,6.0,59.0,28.0,1,1,20110318,DET,NYK
Shot Chart Detail,0021001021,61,201962,Toney Douglas,1610612752,New York Knicks,1,3,29,Made Shot,Jump Shot,2PT Field Goal,Mid-Range,Right Side(R),8-16 ft.,13.0,138.0,12.0,1,1,20110318,DET,NYK
Shot Chart Detail,0021001021,64,201962,Toney Douglas,1610612752,New York Knicks,1,3,17,Missed Shot,Jump Shot,3PT Field Goal,Above the Break 3,Right Side Center(RC),24+ ft.,25.0,136.0,220.0,1,0,20110318,DET,NYK
Shot Chart Detail,0021001021,94,201962,Toney Douglas,1610612752,New York Knicks,1,1,1,Missed Shot,Jump Shot,2PT Field Goal,Mid-Range,Left Side(L),16-24 ft.,18.0,-149.0,104.0,1,0,20110318,DET,NYK
Shot Chart Detail,0021001021,144,201962,Toney Douglas,1610612752,New York Knicks,2,7,42,Missed Shot,Layup Shot,2PT Field Goal,Restricted Area,Center(C),Less Than 8 ft.,0.0,-7.0,1.0,1,0,20110318,DET,NYK
Shot Chart Detail,0021001021,157,201962,Toney Douglas,1610612752,New York Knicks,2,6,6,Made Shot,Jump Shot,3PT Field Goal,Above the Break 3,Right Side Center(RC),24+ ft.,27.0,92.0,263.0,1,1,20110318,DET,NYK
Shot Chart Detail,0021001021,166,201962,Toney Douglas,1610612752,New York Knicks,2,4,39,Made Shot,Jump Shot,3PT Field Goal,Above the Break 3,Center(C),24+ ft.,25.0,31.0,258.0,1,1,20110318,DET,NYK
Shot Chart Detail,0021001021,288,201962,Toney Douglas,1610612752,New York Knicks,3,3,20,Made Shot,Jump Shot,3PT Field Goal,Right Corner 3,Right Side(R),24+ ft.,24.0,244.0,11.0,1,1,20110318,DET,NYK
Shot Chart Detail,0021001021,306,201962,Toney Douglas,1610612752,New York Knicks,3,1,45,Made Shot,Jump Shot,2PT Field Goal,Mid-Range,Center(C),16-24 ft.,16.0,-19.0,160.0,1,1,20110318,DET,NYK
Shot Chart Detail,0021001021,320,201962,Toney Douglas,1610612752,New York Knicks,3,0,40,Made Shot,Jump Shot,3PT Field Goal,Above the Break 3,Left Side Center(LC),24+ ft.,26.0,-139.0,222.0,1,1,20110318,DET,NYK
Shot Chart Detail,0021001021,322,201962,Toney Douglas,1610612752,New York Knicks,3,0,9,Missed Shot,Jump Shot,3PT Field Goal,Above the Break 3,Center(C),24+ ft.,27.0,-73.0,261.0,1,0,20110318,DET,NYK
Shot Chart Detail,0021001021,349,201962,Toney Douglas,1610612752,New York Knicks,4,11,1,Missed Shot,Jump Shot,3PT Field Goal,Above the Break 3,Center(C),24+ ft.,26.0,42.0,265.0,1,0,20110318,DET,NYK
Shot Chart Detail,0021001021,383,201962,Toney Douglas,1610612752,New York Knicks,4,7,8,Missed Shot,Jump Shot,3PT Field Goal,Above the Break 3,Left Side Center(LC),24+ ft.,26.0,-92.0,247.0,1,0,20110318,DET,NYK
Shot Chart Detail,0021001021,419,201962,Toney Douglas,1610612752,New York Knicks,4,3,13,Made Shot,Driving Layup Shot,2PT Field Goal,Restricted Area,Center(C),Less Than 8 ft.,0.0,0.0,7.0,1,1,20110318,DET,NYK
Shot Chart Detail,0021001037,64,201962,Toney Douglas,1610612752,New York Knicks,1,4,26,Missed Shot,Jump Shot,2PT Field Goal,Mid-Range,Right Side(R),8-16 ft.,13.0,111.0,75.0,1,0,20110320,MIL,NYK
Shot Chart Detail,0021001037,83,201962,Toney Douglas,1610612752,New York Knicks,1,2,47,Missed Shot,Layup Shot,2PT Field Goal,Restricted Area,Center(C),Less Than 8 ft.,1.0,15.0,11.0,1,0,20110320,MIL,NYK
Shot Chart Detail,0021001037,105,201962,Toney Douglas,1610612752,New York Knicks,1,1,25,Missed Shot,Jump Shot,3PT Field Goal,Above the Break 3,Right Side Center(RC),24+ ft.,26.0,196.0,175.0,1,0,20110320,MIL,NYK
Shot Chart Detail,0021001037,119,201962,Toney Douglas,1610612752,New York Knicks,1,0,1,Missed Shot,Jump Shot,3PT Field Goal,Above the Break 3,Center(C),24+ ft.,28.0,50.0,283.0,1,0,20110320,MIL,NYK
Shot Chart Detail,0021001037,127,201962,Toney Douglas,1610612752,New York Knicks,2,11,12,Missed Shot,Jump Shot,2PT Field Goal,Mid-Range,Left Side(L),16-24 ft.,17.0,-160.0,64.0,1,0,20110320,MIL,NYK
Shot Chart Detail,0021001037,136,201962,Toney Douglas,1610612752,New York Knicks,2,10,14,Missed Shot,Layup Shot,2PT Field Goal,Restricted Area,Center(C),Less Than 8 ft.,1.0,6.0,9.0,1,0,20110320,MIL,NYK
Shot Chart Detail,0021001037,156,201962,Toney Douglas,1610612752,New York Knicks,2,8,59,Made Shot,Layup Shot,2PT Field Goal,Restricted Area,Center(C),Less Than 8 ft.,0.0,1.0,1.0,1,1,20110320,MIL,NYK
Shot Chart Detail,0021001037,170,201962,Toney Douglas,1610612752,New York Knicks,2,7,38,Missed Shot,Jump Shot,2PT Field Goal,Mid-Range,Center(C),16-24 ft.,18.0,-34.0,178.0,1,0,20110320,MIL,NYK
Shot Chart Detail,0021001037,360,201962,Toney Douglas,1610612752,New York Knicks,3,1,51,Made Shot,Jump Shot,2PT Field Goal,Mid-Range,Right Side(R),8-16 ft.,14.0,149.0,0.0,1,1,20110320,MIL,NYK
Shot Chart Detail,0021001037,362,201962,Toney Douglas,1610612752,New York Knicks,3,1,19,Made Shot,Jump Shot,3PT Field Goal,Above the Break 3,Left Side Center(LC),24+ ft.,25.0,-138.0,217.0,1,1,20110320,MIL,NYK
Shot Chart Detail,0021001037,394,201962,Toney Douglas,1610612752,New York Knicks,4,9,36,Missed Shot,Jump Shot,2PT Field Goal,Mid-Range,Center(C),16-24 ft.,18.0,-24.0,183.0,1,0,20110320,MIL,NYK
Shot Chart Detail,0021001037,487,201962,Toney Douglas,1610612752,New York Knicks,4,1,34,Missed Shot,Reverse Layup Shot,2PT Field Goal,Restricted Area,Center(C),Less Than 8 ft.,0.0,4.0,7.0,1,0,20110320,MIL,NYK
Shot Chart Detail,0021001037,534,201962,Toney Douglas,1610612752,New York Knicks,4,0,0,Missed Shot,Layup Shot,2PT Field Goal,Restricted Area,Center(C),Less Than 8 ft.,0.0,-3.0,9.0,1,0,20110320,MIL,NYK
Shot Chart Detail,0021001046,86,201962,Toney Douglas,1610612752,New York Knicks,1,2,32,Missed Shot,Jump Shot,3PT Field Goal,Above the Break 3,Left Side Center(LC),24+ ft.,25.0,-119.0,227.0,1,0,20110321,NYK,BOS
Shot Chart Detail,0021001046,329,201962,Toney Douglas,1610612752,New York Knicks,3,5,22,Missed Shot,Running Jump Shot,2PT Field Goal,In The Paint (Non-RA),Center(C),Less Than 8 ft.,5.0,-18.0,48.0,1,0,20110321,NYK,BOS
Shot Chart Detail,0021001046,367,201962,Toney Douglas,1610612752,New York Knicks,3,1,35,Made Shot,Jump Shot,2PT Field Goal,Mid-Range,Right Side(R),16-24 ft.,21.0,214.0,17.0,1,1,20110321,NYK,BOS
Shot Chart Detail,0021001046,401,201962,Toney Douglas,1610612752,New York Knicks,4,11,15,Missed Shot,Jump Shot,3PT Field Goal,Above the Break 3,Left Side Center(LC),24+ ft.,25.0,-171.0,187.0,1,0,20110321,NYK,BOS
Shot Chart Detail,0021001046,432,201962,Toney Douglas,1610612752,New York Knicks,4,8,30,Made Shot,Running Jump Shot,2PT Field Goal,In The Paint (Non-RA),Center(C),Less Than 8 ft.,7.0,70.0,33.0,1,1,20110321,NYK,BOS
Shot Chart Detail,0021001046,508,201962,Toney Douglas,1610612752,New York Knicks,4,0,44,Missed Shot,Jump Shot,3PT Field Goal,Above the Break 3,Right Side Center(RC),24+ ft.,25.0,113.0,227.0,1,0,20110321,NYK,BOS
Shot Chart Detail,0021001046,519,201962,Toney Douglas,1610612752,New York Knicks,4,0,3,Missed Shot,Jump Shot,3PT Field Goal,Above the Break 3,Right Side Center(RC),24+ ft.,25.0,215.0,129.0,1,0,20110321,NYK,BOS
Shot Chart Detail,0021001059,62,201962,Toney Douglas,1610612752,New York Knicks,1,5,16,Made Shot,Driving Jump shot,2PT Field Goal,Mid-Range,Right Side(R),8-16 ft.,12.0,118.0,-28.0,1,1,20110323,NYK,ORL
Shot Chart Detail,0021001059,69,201962,Toney Douglas,1610612752,New York Knicks,1,4,41,Made Shot,Jump Shot,3PT Field Goal,Above the Break 3,Right Side Center(RC),24+ ft.,25.0,218.0,129.0,1,1,20110323,NYK,ORL
Shot Chart Detail,0021001059,83,201962,Toney Douglas,1610612752,New York Knicks,1,1,46,Made Shot,Jump Shot,3PT Field Goal,Above the Break 3,Left Side Center(LC),24+ ft.,24.0,-212.0,121.0,1,1,20110323,NYK,ORL
Shot Chart Detail,0021001059,113,201962,Toney Douglas,1610612752,New York Knicks,2,11,45,Missed Shot,Jump Shot,3PT Field Goal,Right Corner 3,Right Side(R),24+ ft.,24.0,234.0,82.0,1,0,20110323,NYK,ORL
Shot Chart Detail,0021001059,162,201962,Toney Douglas,1610612752,New York Knicks,2,7,17,Missed Shot,Jump Shot,2PT Field Goal,In The Paint (Non-RA),Center(C),Less Than 8 ft.,4.0,-46.0,17.0,1,0,20110323,NYK,ORL
Shot Chart Detail,0021001059,166,201962,Toney Douglas,1610612752,New York Knicks,2,6,46,Missed Shot,Jump Shot,3PT Field Goal,Above the Break 3,Right Side Center(RC),24+ ft.,24.0,187.0,165.0,1,0,20110323,NYK,ORL
Shot Chart Detail,0021001059,170,201962,Toney Douglas,1610612752,New York Knicks,2,6,23,Made Shot,Floating Jump shot,2PT Field Goal,In The Paint (Non-RA),Center(C),Less Than 8 ft.,6.0,-23.0,63.0,1,1,20110323,NYK,ORL
Shot Chart Detail,0021001059,331,201962,Toney Douglas,1610612752,New York Knicks,3,2,45,Missed Shot,Jump Shot,3PT Field Goal,Above the Break 3,Center(C),24+ ft.,25.0,-37.0,252.0,1,0,20110323,NYK,ORL
Shot Chart Detail,0021001059,341,201962,Toney Douglas,1610612752,New York Knicks,3,1,55,Missed Shot,Layup Shot,2PT Field Goal,Restricted Area,Center(C),Less Than 8 ft.,2.0,-27.0,6.0,1,0,20110323,NYK,ORL
Shot Chart Detail,0021001059,344,201962,Toney Douglas,1610612752,New York Knicks,3,1,30,Missed Shot,Jump Shot,2PT Field Goal,Mid-Range,Right Side(R),8-16 ft.,9.0,97.0,-8.0,1,0,20110323,NYK,ORL
Shot Chart Detail,0021001059,349,201962,Toney Douglas,1610612752,New York Knicks,3,0,55,Made Shot,Layup Shot,2PT Field Goal,Restricted Area,Center(C),Less Than 8 ft.,1.0,-16.0,3.0,1,1,20110323,NYK,ORL
Shot Chart Detail,0021001059,377,201962,Toney Douglas,1610612752,New York Knicks,4,10,56,Made Shot,Jump Shot,3PT Field Goal,Above the Break 3,Left Side Center(LC),24+ ft.,24.0,-193.0,148.0,1,1,20110323,NYK,ORL
Shot Chart Detail,0021001059,462,201962,Toney Douglas,1610612752,New York Knicks,4,4,40,Made Shot,Driving Layup Shot,2PT Field Goal,Restricted Area,Center(C),Less Than 8 ft.,1.0,10.0,11.0,1,1,20110323,NYK,ORL
Shot Chart Detail,0021001059,484,201962,Toney Douglas,1610612752,New York Knicks,4,2,44,Missed Shot,Driving Layup Shot,2PT Field Goal,Restricted Area,Center(C),Less Than 8 ft.,3.0,-26.0,23.0,1,0,20110323,NYK,ORL
Shot Chart Detail,0021001073,79,201962,Toney Douglas,1610612752,New York Knicks,1,3,6,Missed Shot,Driving Jump shot,2PT Field Goal,In The Paint (Non-RA),Center(C),Less Than 8 ft.,5.0,34.0,41.0,1,0,20110325,NYK,MIL
Shot Chart Detail,0021001073,81,201962,Toney Douglas,1610612752,New York Knicks,1,3,2,Missed Shot,Jump Shot,3PT Field Goal,Right Corner 3,Right Side(R),24+ ft.,23.0,230.0,15.0,1,0,20110325,NYK,MIL
Shot Chart Detail,0021001073,95,201962,Toney Douglas,1610612752,New York Knicks,1,1,52,Missed Shot,Jump Shot,2PT Field Goal,Mid-Range,Center(C),16-24 ft.,20.0,-16.0,200.0,1,0,20110325,NYK,MIL
Shot Chart Detail,0021001073,98,201962,Toney Douglas,1610612752,New York Knicks,1,1,34,Made Shot,Jump Shot,3PT Field Goal,Above the Break 3,Right Side Center(RC),24+ ft.,24.0,204.0,138.0,1,1,20110325,NYK,MIL
Shot Chart Detail,0021001073,209,201962,Toney Douglas,1610612752,New York Knicks,2,3,27,Missed Shot,Jump Shot,2PT Field Goal,Mid-Range,Right Side Center(RC),16-24 ft.,17.0,81.0,157.0,1,0,20110325,NYK,MIL
Shot Chart Detail,0021001073,221,201962,Toney Douglas,1610612752,New York Knicks,2,2,29,Missed Shot,Reverse Layup Shot,2PT Field Goal,Restricted Area,Center(C),Less Than 8 ft.,2.0,-24.0,14.0,1,0,20110325,NYK,MIL
Shot Chart Detail,0021001073,278,201962,Toney Douglas,1610612752,New York Knicks,3,9,9,Made Shot,Jump Shot,2PT Field Goal,In The Paint (Non-RA),Center(C),8-16 ft.,14.0,34.0,138.0,1,1,20110325,NYK,MIL
Shot Chart Detail,0021001073,284,201962,Toney Douglas,1610612752,New York Knicks,3,8,0,Made Shot,Jump Shot,2PT Field Goal,Mid-Range,Right Side(R),8-16 ft.,13.0,91.0,104.0,1,1,20110325,NYK,MIL
Shot Chart Detail,0021001073,298,201962,Toney Douglas,1610612752,New York Knicks,3,6,21,Made Shot,Driving Jump shot,2PT Field Goal,Mid-Range,Right Side(R),16-24 ft.,16.0,141.0,86.0,1,1,20110325,NYK,MIL
Shot Chart Detail,0021001073,315,201962,Toney Douglas,1610612752,New York Knicks,3,4,31,Made Shot,Pullup Jump shot,2PT Field Goal,Mid-Range,Left Side(L),16-24 ft.,16.0,-161.0,53.0,1,1,20110325,NYK,MIL
Shot Chart Detail,0021001073,322,201962,Toney Douglas,1610612752,New York Knicks,3,3,25,Missed Shot,Jump Shot,2PT Field Goal,Mid-Range,Left Side(L),16-24 ft.,18.0,-185.0,-24.0,1,0,20110325,NYK,MIL
Shot Chart Detail,0021001073,329,201962,Toney Douglas,1610612752,New York Knicks,3,2,43,Missed Shot,Driving Layup Shot,2PT Field Goal,Restricted Area,Center(C),Less Than 8 ft.,2.0,24.0,15.0,1,0,20110325,NYK,MIL
Shot Chart Detail,0021001073,369,201962,Toney Douglas,1610612752,New York Knicks,4,10,52,Missed Shot,Jump Shot,3PT Field Goal,Left Corner 3,Left Side(L),24+ ft.,22.0,-224.0,-24.0,1,0,20110325,NYK,MIL
Shot Chart Detail,0021001073,371,201962,Toney Douglas,1610612752,New York Knicks,4,10,46,Made Shot,Jump Shot,3PT Field Goal,Left Corner 3,Left Side(L),24+ ft.,23.0,-235.0,0.0,1,1,20110325,NYK,MIL
Shot Chart Detail,0021001073,374,201962,Toney Douglas,1610612752,New York Knicks,4,10,10,Missed Shot,Jump Shot,3PT Field Goal,Above the Break 3,Left Side Center(LC),24+ ft.,24.0,-168.0,184.0,1,0,20110325,NYK,MIL
Shot Chart Detail,0021001073,399,201962,Toney Douglas,1610612752,New York Knicks,4,8,23,Missed Shot,Jump Shot,3PT Field Goal,Above the Break 3,Left Side Center(LC),24+ ft.,24.0,-146.0,201.0,1,0,20110325,NYK,MIL
Shot Chart Detail,0021001073,474,201962,Toney Douglas,1610612752,New York Knicks,4,1,58,Missed Shot,Jump Shot,2PT Field Goal,In The Paint (Non-RA),Center(C),Less Than 8 ft.,6.0,39.0,48.0,1,0,20110325,NYK,MIL
Shot Chart Detail,0021001082,2,201962,Toney Douglas,1610612752,New York Knicks,1,11,41,Missed Shot,Jump Shot,2PT Field Goal,Mid-Range,Center(C),8-16 ft.,14.0,2.0,146.0,1,0,20110326,CHA,NYK
Shot Chart Detail,0021001082,3,201962,Toney Douglas,1610612752,New York Knicks,1,11,37,Missed Shot,Layup Shot,2PT Field Goal,Restricted Area,Center(C),Less Than 8 ft.,1.0,11.0,0.0,1,0,20110326,CHA,NYK
Shot Chart Detail,0021001082,9,201962,Toney Douglas,1610612752,New York Knicks,1,10,57,Made Shot,Jump Shot,3PT Field Goal,Above the Break 3,Left Side Center(LC),24+ ft.,26.0,-112.0,235.0,1,1,20110326,CHA,NYK
Shot Chart Detail,0021001082,35,201962,Toney Douglas,1610612752,New York Knicks,1,8,27,Missed Shot,Jump Shot,3PT Field Goal,Left Corner 3,Left Side(L),24+ ft.,23.0,-232.0,20.0,1,0,20110326,CHA,NYK
Shot Chart Detail,0021001082,37,201962,Toney Douglas,1610612752,New York Knicks,1,8,23,Missed Shot,Jump Shot,2PT Field Goal,Mid-Range,Left Side(L),8-16 ft.,9.0,-98.0,0.0,1,0,20110326,CHA,NYK
Shot Chart Detail,0021001082,53,201962,Toney Douglas,1610612752,New York Knicks,1,7,38,Missed Shot,Jump Shot,3PT Field Goal,Above the Break 3,Right Side Center(RC),24+ ft.,25.0,166.0,198.0,1,0,20110326,CHA,NYK
Shot Chart Detail,0021001082,58,201962,Toney Douglas,1610612752,New York Knicks,1,6,56,Made Shot,Layup Shot,2PT Field Goal,Restricted Area,Center(C),Less Than 8 ft.,1.0,9.0,6.0,1,1,20110326,CHA,NYK
Shot Chart Detail,0021001082,392,201962,Toney Douglas,1610612752,New York Knicks,3,2,33,Missed Shot,Jump Shot,2PT Field Goal,Restricted Area,Center(C),Less Than 8 ft.,3.0,37.0,6.0,1,0,20110326,CHA,NYK
Shot Chart Detail,0021001111,70,201962,Toney Douglas,1610612752,New York Knicks,1,4,37,Missed Shot,Jump Shot,2PT Field Goal,Mid-Range,Right Side(R),8-16 ft.,14.0,149.0,-5.0,1,0,20110330,NYK,NJN
Shot Chart Detail,0021001111,110,201962,Toney Douglas,1610612752,New York Knicks,1,0,46,Missed Shot,Jump Shot,3PT Field Goal,Right Corner 3,Right Side(R),24+ ft.,24.0,234.0,72.0,1,0,20110330,NYK,NJN
Shot Chart Detail,0021001111,113,201962,Toney Douglas,1610612752,New York Knicks,1,0,32,Missed Shot,Jump Shot,3PT Field Goal,Above the Break 3,Right Side Center(RC),24+ ft.,24.0,185.0,160.0,1,0,20110330,NYK,NJN
Shot Chart Detail,0021001111,220,201962,Toney Douglas,1610612752,New York Knicks,2,8,11,Missed Shot,Driving Layup Shot,2PT Field Goal,Restricted Area,Center(C),Less Than 8 ft.,1.0,11.0,11.0,1,0,20110330,NYK,NJN
Shot Chart Detail,0021001111,398,201962,Toney Douglas,1610612752,New York Knicks,3,0,45,Made Shot,Driving Layup Shot,2PT Field Goal,Restricted Area,Center(C),Less Than 8 ft.,1.0,18.0,4.0,1,1,20110330,NYK,NJN
Shot Chart Detail,0021001111,403,201962,Toney Douglas,1610612752,New York Knicks,3,0,4,Missed Shot,Layup Shot,2PT Field Goal,Restricted Area,Center(C),Less Than 8 ft.,1.0,-11.0,6.0,1,0,20110330,NYK,NJN
Shot Chart Detail,0021001111,442,201962,Toney Douglas,1610612752,New York Knicks,4,9,20,Made Shot,Jump Shot,3PT Field Goal,Above the Break 3,Right Side Center(RC),24+ ft.,24.0,189.0,160.0,1,1,20110330,NYK,NJN
Shot Chart Detail,0021001111,452,201962,Toney Douglas,1610612752,New York Knicks,4,8,37,Missed Shot,Jump Shot,3PT Field Goal,Above the Break 3,Left Side Center(LC),24+ ft.,24.0,-158.0,186.0,1,0,20110330,NYK,NJN
Shot Chart Detail,0021001143,105,201962,Toney Douglas,1610612752,New York Knicks,1,0,52,Missed Shot,Jump Shot,2PT Field Goal,Mid-Range,Right Side(R),8-16 ft.,9.0,94.0,1.0,1,0,20110403,NYK,CLE
Shot Chart Detail,0021001143,141,201962,Toney Douglas,1610612752,New York Knicks,2,9,48,Made Shot,Jump Shot,3PT Field Goal,Above the Break 3,Center(C),24+ ft.,24.0,7.0,249.0,1,1,20110403,NYK,CLE
Shot Chart Detail,0021001143,151,201962,Toney Douglas,1610612752,New York Knicks,2,8,53,Missed Shot,Jump Shot,3PT Field Goal,Above the Break 3,Right Side Center(RC),24+ ft.,25.0,133.0,216.0,1,0,20110403,NYK,CLE
Shot Chart Detail,0021001143,343,201962,Toney Douglas,1610612752,New York Knicks,3,4,16,Missed Shot,Jump Shot,2PT Field Goal,Mid-Range,Left Side Center(LC),16-24 ft.,20.0,-146.0,146.0,1,0,20110403,NYK,CLE
Shot Chart Detail,0021001143,352,201962,Toney Douglas,1610612752,New York Knicks,3,3,52,Made Shot,Driving Layup Shot,2PT Field Goal,Restricted Area,Center(C),Less Than 8 ft.,0.0,0.0,7.0,1,1,20110403,NYK,CLE
Shot Chart Detail,0021001143,380,201962,Toney Douglas,1610612752,New York Knicks,3,1,22,Made Shot,Jump Shot,3PT Field Goal,Above the Break 3,Center(C),24+ ft.,25.0,62.0,246.0,1,1,20110403,NYK,CLE
Shot Chart Detail,0021001143,400,201962,Toney Douglas,1610612752,New York Knicks,3,0,2,Missed Shot,Jump Shot,3PT Field Goal,Above the Break 3,Left Side Center(LC),24+ ft.,24.0,-131.0,205.0,1,0,20110403,NYK,CLE
Shot Chart Detail,0021001143,415,201962,Toney Douglas,1610612752,New York Knicks,4,10,37,Made Shot,Jump Shot,3PT Field Goal,Above the Break 3,Center(C),24+ ft.,24.0,-35.0,242.0,1,1,20110403,NYK,CLE
Shot Chart Detail,0021001143,418,201962,Toney Douglas,1610612752,New York Knicks,4,10,13,Missed Shot,Jump Shot,3PT Field Goal,Above the Break 3,Right Side Center(RC),24+ ft.,25.0,228.0,107.0,1,0,20110403,NYK,CLE
Shot Chart Detail,0021001143,429,201962,Toney Douglas,1610612752,New York Knicks,4,9,32,Missed Shot,Driving Layup Shot,2PT Field Goal,Restricted Area,Center(C),Less Than 8 ft.,1.0,15.0,7.0,1,0,20110403,NYK,CLE
Shot Chart Detail,0021001155,105,201962,Toney Douglas,1610612752,New York Knicks,1,2,54,Made Shot,Driving Layup Shot,2PT Field Goal,Restricted Area,Center(C),Less Than 8 ft.,2.0,24.0,4.0,1,1,20110405,NYK,TOR
Shot Chart Detail,0021001155,133,201962,Toney Douglas,1610612752,New York Knicks,1,1,31,Made Shot,Jump Shot,3PT Field Goal,Above the Break 3,Right Side Center(RC),24+ ft.,25.0,103.0,230.0,1,1,20110405,NYK,TOR
Shot Chart Detail,0021001155,143,201962,Toney Douglas,1610612752,New York Knicks,1,0,48,Made Shot,Jump Shot,3PT Field Goal,Above the Break 3,Right Side Center(RC),24+ ft.,24.0,211.0,129.0,1,1,20110405,NYK,TOR
Shot Chart Detail,0021001155,152,201962,Toney Douglas,1610612752,New York Knicks,1,0,1,Missed Shot,Jump Shot,3PT Field Goal,Above the Break 3,Right Side Center(RC),24+ ft.,25.0,138.0,214.0,1,0,20110405,NYK,TOR
Shot Chart Detail,0021001155,157,201962,Toney Douglas,1610612752,New York Knicks,2,11,40,Made Shot,Jump Shot,3PT Field Goal,Above the Break 3,Right Side Center(RC),24+ ft.,25.0,133.0,220.0,1,1,20110405,NYK,TOR
Shot Chart Detail,0021001155,192,201962,Toney Douglas,1610612752,New York Knicks,2,8,40,Made Shot,Jump Shot,3PT Field Goal,Above the Break 3,Right Side Center(RC),24+ ft.,24.0,201.0,146.0,1,1,20110405,NYK,TOR
Shot Chart Detail,0021001155,392,201962,Toney Douglas,1610612752,New York Knicks,3,1,21,Missed Shot,Jump Shot,3PT Field Goal,Above the Break 3,Left Side Center(LC),24+ ft.,25.0,-193.0,159.0,1,0,20110405,NYK,TOR
Shot Chart Detail,0021001155,398,201962,Toney Douglas,1610612752,New York Knicks,3,0,22,Missed Shot,Layup Shot,2PT Field Goal,Restricted Area,Center(C),Less Than 8 ft.,0.0,-5.0,3.0,1,0,20110405,NYK,TOR
Shot Chart Detail,0021001155,423,201962,Toney Douglas,1610612752,New York Knicks,4,10,37,Made Shot,Layup Shot,2PT Field Goal,Restricted Area,Center(C),Less Than 8 ft.,1.0,15.0,7.0,1,1,20110405,NYK,TOR
Shot Chart Detail,0021001155,446,201962,Toney Douglas,1610612752,New York Knicks,4,9,9,Missed Shot,Jump Shot,3PT Field Goal,Right Corner 3,Right Side(R),24+ ft.,23.0,233.0,53.0,1,0,20110405,NYK,TOR
Shot Chart Detail,0021001155,449,201962,Toney Douglas,1610612752,New York Knicks,4,8,52,Made Shot,Layup Shot,2PT Field Goal,Restricted Area,Center(C),Less Than 8 ft.,1.0,12.0,6.0,1,1,20110405,NYK,TOR
Shot Chart Detail,0021001155,469,201962,Toney Douglas,1610612752,New York Knicks,4,7,26,Missed Shot,Jump Shot,2PT Field Goal,Mid-Range,Right Side Center(RC),16-24 ft.,19.0,138.0,135.0,1,0,20110405,NYK,TOR
Shot Chart Detail,0021001155,482,201962,Toney Douglas,1610612752,New York Knicks,4,6,16,Made Shot,Driving Layup Shot,2PT Field Goal,Restricted Area,Center(C),Less Than 8 ft.,0.0,8.0,3.0,1,1,20110405,NYK,TOR
Shot Chart Detail,0021001155,512,201962,Toney Douglas,1610612752,New York Knicks,4,3,34,Made Shot,Jump Shot,3PT Field Goal,Above the Break 3,Left Side Center(LC),24+ ft.,25.0,-153.0,201.0,1,1,20110405,NYK,TOR
Shot Chart Detail,0021001155,548,201962,Toney Douglas,1610612752,New York Knicks,4,0,43,Made Shot,Jump Shot,3PT Field Goal,Above the Break 3,Center(C),24+ ft.,25.0,-10.0,255.0,1,1,20110405,NYK,TOR
Shot Chart Detail,0021001165,79,201962,Toney Douglas,1610612752,New York Knicks,1,3,8,Made Shot,Driving Layup Shot,2PT Field Goal,Restricted Area,Center(C),Less Than 8 ft.,0.0,-4.0,1.0,1,1,20110406,PHI,NYK
Shot Chart Detail,0021001165,96,201962,Toney Douglas,1610612752,New York Knicks,1,1,10,Missed Shot,Jump Shot,3PT Field Goal,Above the Break 3,Left Side Center(LC),24+ ft.,25.0,-105.0,231.0,1,0,20110406,PHI,NYK
Shot Chart Detail,0021001165,134,201962,Toney Douglas,1610612752,New York Knicks,2,10,14,Missed Shot,Jump Shot,2PT Field Goal,Mid-Range,Left Side(L),8-16 ft.,11.0,-112.0,-32.0,1,0,20110406,PHI,NYK
Shot Chart Detail,0021001165,147,201962,Toney Douglas,1610612752,New York Knicks,2,8,48,Missed Shot,Jump Shot,3PT Field Goal,Above the Break 3,Right Side Center(RC),24+ ft.,24.0,223.0,107.0,1,0,20110406,PHI,NYK
Shot Chart Detail,0021001165,154,201962,Toney Douglas,1610612752,New York Knicks,2,7,49,Made Shot,Pullup Jump shot,2PT Field Goal,Mid-Range,Left Side(L),8-16 ft.,9.0,-95.0,23.0,1,1,20110406,PHI,NYK
Shot Chart Detail,0021001165,202,201962,Toney Douglas,1610612752,New York Knicks,2,3,37,Missed Shot,Jump Shot,3PT Field Goal,Above the Break 3,Center(C),24+ ft.,25.0,67.0,249.0,1,0,20110406,PHI,NYK
Shot Chart Detail,0021001165,336,201962,Toney Douglas,1610612752,New York Knicks,3,3,21,Made Shot,Pullup Jump shot,3PT Field Goal,Above the Break 3,Left Side Center(LC),24+ ft.,27.0,-128.0,241.0,1,1,20110406,PHI,NYK
Shot Chart Detail,0021001165,346,201962,Toney Douglas,1610612752,New York Knicks,3,2,5,Missed Shot,Jump Shot,3PT Field Goal,Above the Break 3,Left Side Center(LC),24+ ft.,26.0,-166.0,211.0,1,0,20110406,PHI,NYK
Shot Chart Detail,0021001165,370,201962,Toney Douglas,1610612752,New York Knicks,3,0,23,Missed Shot,Jump Shot,3PT Field Goal,Above the Break 3,Left Side Center(LC),24+ ft.,25.0,-87.0,238.0,1,0,20110406,PHI,NYK
Shot Chart Detail,0021001165,406,201962,Toney Douglas,1610612752,New York Knicks,4,10,2,Missed Shot,Jump Shot,2PT Field Goal,In The Paint (Non-RA),Center(C),8-16 ft.,8.0,13.0,80.0,1,0,20110406,PHI,NYK
Shot Chart Detail,0021001165,448,201962,Toney Douglas,1610612752,New York Knicks,4,6,24,Missed Shot,Jump Shot,2PT Field Goal,In The Paint (Non-RA),Right Side(R),8-16 ft.,8.0,75.0,30.0,1,0,20110406,PHI,NYK
Shot Chart Detail,0021001165,454,201962,Toney Douglas,1610612752,New York Knicks,4,5,41,Made Shot,Pullup Jump shot,3PT Field Goal,Above the Break 3,Right Side Center(RC),24+ ft.,25.0,125.0,217.0,1,1,20110406,PHI,NYK
Shot Chart Detail,0021001165,459,201962,Toney Douglas,1610612752,New York Knicks,4,4,56,Missed Shot,Jump Shot,2PT Field Goal,Mid-Range,Right Side(R),16-24 ft.,17.0,177.0,-13.0,1,0,20110406,PHI,NYK
Shot Chart Detail,0021001165,487,201962,Toney Douglas,1610612752,New York Knicks,4,1,47,Made Shot,Jump Shot,3PT Field Goal,Above the Break 3,Left Side Center(LC),24+ ft.,24.0,-179.0,160.0,1,1,20110406,PHI,NYK
Shot Chart Detail,0021001177,91,201962,Toney Douglas,1610612752,New York Knicks,1,2,41,Missed Shot,Jump Shot,2PT Field Goal,Mid-Range,Center(C),16-24 ft.,19.0,1.0,198.0,1,0,20110408,NJN,NYK
Shot Chart Detail,0021001177,98,201962,Toney Douglas,1610612752,New York Knicks,1,2,35,Made Shot,Jump Shot,3PT Field Goal,Left Corner 3,Left Side(L),24+ ft.,23.0,-232.0,12.0,1,1,20110408,NJN,NYK
Shot Chart Detail,0021001177,115,201962,Toney Douglas,1610612752,New York Knicks,1,0,17,Missed Shot,Jump Shot,3PT Field Goal,Left Corner 3,Left Side(L),24+ ft.,23.0,-229.0,37.0,1,0,20110408,NJN,NYK
Shot Chart Detail,0021001177,125,201962,Toney Douglas,1610612752,New York Knicks,2,11,50,Missed Shot,Jump Shot,2PT Field Goal,Mid-Range,Right Side(R),8-16 ft.,11.0,110.0,6.0,1,0,20110408,NJN,NYK
Shot Chart Detail,0021001177,177,201962,Toney Douglas,1610612752,New York Knicks,2,6,33,Made Shot,Jump Shot,3PT Field Goal,Right Corner 3,Right Side(R),24+ ft.,22.0,226.0,0.0,1,1,20110408,NJN,NYK
Shot Chart Detail,0021001177,356,201962,Toney Douglas,1610612752,New York Knicks,3,1,44,Missed Shot,Jump Shot,3PT Field Goal,Above the Break 3,Right Side Center(RC),24+ ft.,25.0,133.0,216.0,1,0,20110408,NJN,NYK
Shot Chart Detail,0021001177,375,201962,Toney Douglas,1610612752,New York Knicks,3,0,48,Made Shot,Layup Shot,2PT Field Goal,Restricted Area,Center(C),Less Than 8 ft.,1.0,15.0,12.0,1,1,20110408,NJN,NYK
Shot Chart Detail,0021001177,393,201962,Toney Douglas,1610612752,New York Knicks,4,10,46,Missed Shot,Jump Shot,3PT Field Goal,Above the Break 3,Center(C),24+ ft.,25.0,2.0,258.0,1,0,20110408,NJN,NYK
Shot Chart Detail,0021001177,435,201962,Toney Douglas,1610612752,New York Knicks,4,6,16,Missed Shot,Jump Shot,3PT Field Goal,Above the Break 3,Right Side Center(RC),24+ ft.,25.0,152.0,201.0,1,0,20110408,NJN,NYK
Shot Chart Detail,0021001177,465,201962,Toney Douglas,1610612752,New York Knicks,4,4,1,Missed Shot,Layup Shot,2PT Field Goal,Restricted Area,Center(C),Less Than 8 ft.,2.0,29.0,0.0,1,0,20110408,NJN,NYK
Shot Chart Detail,0021001198,73,201962,Toney Douglas,1610612752,New York Knicks,1,5,28,Made Shot,Pullup Jump shot,2PT Field Goal,Mid-Range,Right Side Center(RC),16-24 ft.,18.0,146.0,108.0,1,1,20110410,IND,NYK
Shot Chart Detail,0021001198,150,201962,Toney Douglas,1610612752,New York Knicks,2,11,27,Missed Shot,Jump Shot,3PT Field Goal,Above the Break 3,Center(C),24+ ft.,25.0,48.0,255.0,1,0,20110410,IND,NYK
Shot Chart Detail,0021001198,193,201962,Toney Douglas,1610612752,New York Knicks,2,8,38,Missed Shot,Jump Shot,3PT Field Goal,Right Corner 3,Right Side(R),24+ ft.,23.0,234.0,7.0,1,0,20110410,IND,NYK
Shot Chart Detail,0021001198,250,201962,Toney Douglas,1610612752,New York Knicks,2,4,32,Made Shot,Jump Shot,2PT Field Goal,Mid-Range,Right Side(R),8-16 ft.,12.0,121.0,9.0,1,1,20110410,IND,NYK
Shot Chart Detail,0021001198,290,201962,Toney Douglas,1610612752,New York Knicks,2,2,29,Missed Shot,Jump Shot,3PT Field Goal,Above the Break 3,Right Side Center(RC),24+ ft.,26.0,233.0,127.0,1,0,20110410,IND,NYK
Shot Chart Detail,0021001198,298,201962,Toney Douglas,1610612752,New York Knicks,2,1,54,Made Shot,Jump Shot,3PT Field Goal,Above the Break 3,Center(C),24+ ft.,25.0,39.0,254.0,1,1,20110410,IND,NYK
Shot Chart Detail,0021001198,406,201962,Toney Douglas,1610612752,New York Knicks,3,4,21,Missed Shot,Tip Shot,2PT Field Goal,Restricted Area,Center(C),Less Than 8 ft.,1.0,-18.0,4.0,1,0,20110410,IND,NYK
Shot Chart Detail,0021001198,470,201962,Toney Douglas,1610612752,New York Knicks,3,0,12,Made Shot,Pullup Jump shot,3PT Field Goal,Above the Break 3,Right Side Center(RC),24+ ft.,26.0,125.0,228.0,1,1,20110410,IND,NYK
Shot Chart Detail,0021001198,494,201962,Toney Douglas,1610612752,New York Knicks,4,9,56,Made Shot,Step Back Jump shot,2PT Field Goal,Mid-Range,Left Side(L),16-24 ft.,19.0,-188.0,44.0,1,1,20110410,IND,NYK
Shot Chart Detail,0021001198,513,201962,Toney Douglas,1610612752,New York Knicks,4,8,7,Missed Shot,Jump Shot,3PT Field Goal,Above the Break 3,Center(C),24+ ft.,25.0,-29.0,257.0,1,0,20110410,IND,NYK
Shot Chart Detail,0021001213,118,201962,Toney Douglas,1610612752,New York Knicks,2,10,57,Made Shot,Jump Shot,3PT Field Goal,Above the Break 3,Right Side Center(RC),24+ ft.,25.0,154.0,197.0,1,1,20110412,NYK,CHI
Shot Chart Detail,0021001213,141,201962,Toney Douglas,1610612752,New York Knicks,2,7,55,Made Shot,Floating Jump shot,2PT Field Goal,In The Paint (Non-RA),Center(C),Less Than 8 ft.,6.0,65.0,25.0,1,1,20110412,NYK,CHI
Shot Chart Detail,0021001213,149,201962,Toney Douglas,1610612752,New York Knicks,2,7,25,Missed Shot,Jump Shot,2PT Field Goal,Mid-Range,Right Side(R),16-24 ft.,17.0,174.0,-2.0,1,0,20110412,NYK,CHI
Shot Chart Detail,0021001213,165,201962,Toney Douglas,1610612752,New York Knicks,2,6,5,Missed Shot,Jump Shot,3PT Field Goal,Above the Break 3,Right Side Center(RC),24+ ft.,25.0,127.0,217.0,1,0,20110412,NYK,CHI
Shot Chart Detail,0021001213,321,201962,Toney Douglas,1610612752,New York Knicks,3,5,22,Missed Shot,Jump Shot,2PT Field Goal,In The Paint (Non-RA),Center(C),8-16 ft.,15.0,-75.0,137.0,1,0,20110412,NYK,CHI
Shot Chart Detail,0021001213,334,201962,Toney Douglas,1610612752,New York Knicks,3,4,0,Missed Shot,Jump Shot,3PT Field Goal,Above the Break 3,Left Side Center(LC),24+ ft.,25.0,-147.0,205.0,1,0,20110412,NYK,CHI
Shot Chart Detail,0021001213,343,201962,Toney Douglas,1610612752,New York Knicks,3,3,20,Missed Shot,Jump Shot,3PT Field Goal,Above the Break 3,Right Side Center(RC),24+ ft.,25.0,187.0,178.0,1,0,20110412,NYK,CHI
Shot Chart Detail,0021001213,391,201962,Toney Douglas,1610612752,New York Knicks,3,0,0,Missed Shot,Jump Shot,3PT Field Goal,Backcourt,Back Court(BC),Back Court Shot,46.0,69.0,455.0,1,0,20110412,NYK,CHI
Shot Chart Detail,0021001213,400,201962,Toney Douglas,1610612752,New York Knicks,4,11,13,Made Shot,Jump Bank Shot,2PT Field Goal,In The Paint (Non-RA),Center(C),Less Than 8 ft.,5.0,56.0,1.0,1,1,20110412,NYK,CHI
Shot Chart Detail,0021001213,415,201962,Toney Douglas,1610612752,New York Knicks,4,9,30,Made Shot,Driving Layup Shot,2PT Field Goal,Restricted Area,Center(C),Less Than 8 ft.,2.0,10.0,20.0,1,1,20110412,NYK,CHI
Shot Chart Detail,0021001213,422,201962,Toney Douglas,1610612752,New York Knicks,4,8,58,Missed Shot,Layup Shot,2PT Field Goal,Restricted Area,Center(C),Less Than 8 ft.,2.0,15.0,14.0,1,0,20110412,NYK,CHI
Shot Chart Detail,0021001213,439,201962,Toney Douglas,1610612752,New York Knicks,4,7,35,Missed Shot,Jump Shot,3PT Field Goal,Above the Break 3,Center(C),24+ ft.,25.0,-40.0,250.0,1,0,20110412,NYK,CHI
Shot Chart Detail,0021001213,442,201962,Toney Douglas,1610612752,New York Knicks,4,6,52,Missed Shot,Jump Shot,2PT Field Goal,Mid-Range,Right Side Center(RC),16-24 ft.,19.0,118.0,153.0,1,0,20110412,NYK,CHI
Shot Chart Detail,0021001213,496,201962,Toney Douglas,1610612752,New York Knicks,4,2,56,Missed Shot,Jump Shot,3PT Field Goal,Above the Break 3,Center(C),24+ ft.,26.0,0.0,263.0,1,0,20110412,NYK,CHI
Shot Chart Detail,0021001213,522,201962,Toney Douglas,1610612752,New York Knicks,4,0,14,Missed Shot,Layup Shot,2PT Field Goal,Restricted Area,Center(C),Less Than 8 ft.,1.0,13.0,12.0,1,0,20110412,NYK,CHI
Shot Chart Detail,0021001216,32,201962,Toney Douglas,1610612752,New York Knicks,1,7,40,Missed Shot,Jump Shot,3PT Field Goal,Above the Break 3,Right Side Center(RC),24+ ft.,25.0,187.0,170.0,1,0,20110413,BOS,NYK
Shot Chart Detail,0021001216,58,201962,Toney Douglas,1610612752,New York Knicks,1,5,12,Missed Shot,Jump Shot,3PT Field Goal,Right Corner 3,Right Side(R),24+ ft.,23.0,223.0,69.0,1,0,20110413,BOS,NYK
Shot Chart Detail,0021001216,61,201962,Toney Douglas,1610612752,New York Knicks,1,5,0,Made Shot,Layup Shot,2PT Field Goal,Restricted Area,Center(C),Less Than 8 ft.,1.0,2.0,15.0,1,1,20110413,BOS,NYK
Shot Chart Detail,0021001216,203,201962,Toney Douglas,1610612752,New York Knicks,2,3,12,Made Shot,Jump Shot,3PT Field Goal,Left Corner 3,Left Side(L),24+ ft.,23.0,-232.0,3.0,1,1,20110413,BOS,NYK
Shot Chart Detail,0021001216,287,201962,Toney Douglas,1610612752,New York Knicks,3,6,30,Missed Shot,Jump Shot,3PT Field Goal,Above the Break 3,Center(C),24+ ft.,25.0,-29.0,250.0,1,0,20110413,BOS,NYK
Shot Chart Detail,0021001216,436,201962,Toney Douglas,1610612752,New York Knicks,4,5,37,Made Shot,Finger Roll Layup Shot,2PT Field Goal,Restricted Area,Center(C),Less Than 8 ft.,0.0,-4.0,3.0,1,1,20110413,BOS,NYK
Shot Chart Detail,0021001216,447,201962,Toney Douglas,1610612752,New York Knicks,4,4,16,Missed Shot,Jump Shot,2PT Field Goal,Mid-Range,Left Side Center(LC),16-24 ft.,22.0,-164.0,151.0,1,0,20110413,BOS,NYK
Shot Chart Detail,0021001216,478,201962,Toney Douglas,1610612752,New York Knicks,4,0,41,Missed Shot,Layup Shot,2PT Field Goal,Restricted Area,Center(C),Less Than 8 ft.,0.0,6.0,1.0,1,0,20110413,BOS,NYK
