GRID_TYPE,GAME_ID,GAME_EVENT_ID,PLAYER_ID,PLAYER_NAME,TEAM_ID,TEAM_NAME,PERIOD,MINUTES_REMAINING,SECONDS_REMAINING,EVENT_TYPE,ACTION_TYPE,SHOT_TYPE,SHOT_ZONE_BASIC,SHOT_ZONE_AREA,SHOT_ZONE_RANGE,SHOT_DISTANCE,LOC_X,LOC_Y,SHOT_ATTEMPTED_FLAG,SHOT_MADE_FLAG,GAME_DATE,HTM,VTM
Shot Chart Detail,0021300001,6,201167,Arron Afflalo,1610612753,Orlando Magic,1,11,15,Missed Shot,Jump Shot,3PT Field Goal,Above the Break 3,Center(C),24+ ft.,27.0,51.0,266.0,1,0,20131029,IND,ORL
Shot Chart Detail,0021300001,34,201167,Arron Afflalo,1610612753,Orlando Magic,1,8,56,Missed Shot,Jump Shot,2PT Field Goal,Mid-Range,Right Side Center(RC),16-24 ft.,17.0,129.0,123.0,1,0,20131029,IND,ORL
Shot Chart Detail,0021300001,125,201167,Arron Afflalo,1610612753,Orlando Magic,1,0,0,Missed Shot,Jump Shot,3PT Field Goal,Backcourt,Back Court(BC),Back Court Shot,54.0,192.0,509.0,1,0,20131029,IND,ORL
Shot Chart Detail,0021300001,173,201167,Arron Afflalo,1610612753,Orlando Magic,2,6,25,Missed Shot,Layup Shot,2PT Field Goal,Restricted Area,Center(C),Less Than 8 ft.,0.0,-5.0,1.0,1,0,20131029,IND,ORL
Shot Chart Detail,0021300001,214,201167,Arron Afflalo,1610612753,Orlando Magic,2,1,52,Missed Shot,Jump Shot,3PT Field Goal,Above the Break 3,Center(C),24+ ft.,25.0,28.0,258.0,1,0,20131029,IND,ORL
Shot Chart Detail,0021300001,217,201167,Arron Afflalo,1610612753,Orlando Magic,2,1,24,Missed Shot,Jump Shot,2PT Field Goal,In The Paint (Non-RA),Center(C),Less Than 8 ft.,4.0,-10.0,39.0,1,0,20131029,IND,ORL
Shot Chart Detail,0021300001,267,201167,Arron Afflalo,1610612753,Orlando Magic,3,9,12,Made Shot,Fadeaway Jump Shot,2PT Field Goal,Mid-Range,Right Side(R),16-24 ft.,16.0,163.0,1.0,1,1,20131029,IND,ORL
Shot Chart Detail,0021300001,270,201167,Arron Afflalo,1610612753,Orlando Magic,3,8,43,Missed Shot,Jump Shot,2PT Field Goal,Mid-Range,Right Side(R),8-16 ft.,15.0,151.0,0.0,1,0,20131029,IND,ORL
Shot Chart Detail,0021300001,282,201167,Arron Afflalo,1610612753,Orlando Magic,3,8,10,Made Shot,Jump Shot,3PT Field Goal,Above the Break 3,Left Side Center(LC),24+ ft.,26.0,-155.0,214.0,1,1,20131029,IND,ORL
Shot Chart Detail,0021300001,288,201167,Arron Afflalo,1610612753,Orlando Magic,3,7,32,Missed Shot,Jump Shot,2PT Field Goal,Mid-Range,Right Side(R),8-16 ft.,13.0,116.0,66.0,1,0,20131029,IND,ORL
Shot Chart Detail,0021300001,301,201167,Arron Afflalo,1610612753,Orlando Magic,3,5,56,Made Shot,Layup Shot,2PT Field Goal,Restricted Area,Center(C),Less Than 8 ft.,0.0,6.0,1.0,1,1,20131029,IND,ORL
Shot Chart Detail,0021300001,417,201167,Arron Afflalo,1610612753,Orlando Magic,4,8,55,Missed Shot,Jump Shot,2PT Field Goal,Mid-Range,Left Side(L),16-24 ft.,21.0,-190.0,104.0,1,0,20131029,IND,ORL
Shot Chart Detail,0021300001,421,201167,Arron Afflalo,1610612753,Orlando Magic,4,8,20,Missed Shot,Jump Shot,2PT Field Goal,Mid-Range,Left Side Center(LC),16-24 ft.,16.0,-86.0,146.0,1,0,20131029,IND,ORL
Shot Chart Detail,0021300001,457,201167,Arron Afflalo,1610612753,Orlando Magic,4,6,2,Missed Shot,Jump Shot,3PT Field Goal,Above the Break 3,Left Side Center(LC),24+ ft.,26.0,-150.0,217.0,1,0,20131029,IND,ORL
Shot Chart Detail,0021300010,4,201167,Arron Afflalo,1610612753,Orlando Magic,1,11,31,Made Shot,Pullup Jump shot,2PT Field Goal,Mid-Range,Left Side Center(LC),16-24 ft.,19.0,-123.0,157.0,1,1,20131030,MIN,ORL
Shot Chart Detail,0021300010,7,201167,Arron Afflalo,1610612753,Orlando Magic,1,10,48,Missed Shot,Jump Shot,2PT Field Goal,Mid-Range,Left Side(L),16-24 ft.,16.0,-146.0,82.0,1,0,20131030,MIN,ORL
Shot Chart Detail,0021300010,100,201167,Arron Afflalo,1610612753,Orlando Magic,1,1,39,Missed Shot,Jump Shot,2PT Field Goal,Mid-Range,Left Side Center(LC),16-24 ft.,18.0,-62.0,178.0,1,0,20131030,MIN,ORL
Shot Chart Detail,0021300010,213,201167,Arron Afflalo,1610612753,Orlando Magic,2,4,20,Made Shot,Jump Shot,3PT Field Goal,Above the Break 3,Right Side Center(RC),24+ ft.,24.0,225.0,104.0,1,1,20131030,MIN,ORL
Shot Chart Detail,0021300010,224,201167,Arron Afflalo,1610612753,Orlando Magic,2,3,1,Missed Shot,Jump Shot,2PT Field Goal,Mid-Range,Left Side Center(LC),16-24 ft.,16.0,-103.0,131.0,1,0,20131030,MIN,ORL
Shot Chart Detail,0021300010,263,201167,Arron Afflalo,1610612753,Orlando Magic,2,0,10,Made Shot,Driving Layup Shot,2PT Field Goal,Restricted Area,Center(C),Less Than 8 ft.,1.0,18.0,-8.0,1,1,20131030,MIN,ORL
Shot Chart Detail,0021300010,277,201167,Arron Afflalo,1610612753,Orlando Magic,3,10,30,Missed Shot,Jump Shot,3PT Field Goal,Above the Break 3,Right Side Center(RC),24+ ft.,24.0,92.0,230.0,1,0,20131030,MIN,ORL
Shot Chart Detail,0021300010,284,201167,Arron Afflalo,1610612753,Orlando Magic,3,10,20,Made Shot,Jump Shot,2PT Field Goal,Mid-Range,Left Side(L),8-16 ft.,11.0,-89.0,77.0,1,1,20131030,MIN,ORL
Shot Chart Detail,0021300010,294,201167,Arron Afflalo,1610612753,Orlando Magic,3,9,1,Made Shot,Jump Shot,2PT Field Goal,Mid-Range,Left Side Center(LC),16-24 ft.,18.0,-130.0,138.0,1,1,20131030,MIN,ORL
Shot Chart Detail,0021300010,302,201167,Arron Afflalo,1610612753,Orlando Magic,3,8,34,Missed Shot,Jump Shot,2PT Field Goal,Mid-Range,Right Side Center(RC),16-24 ft.,20.0,138.0,149.0,1,0,20131030,MIN,ORL
Shot Chart Detail,0021300010,312,201167,Arron Afflalo,1610612753,Orlando Magic,3,7,13,Made Shot,Step Back Jump shot,2PT Field Goal,Mid-Range,Left Side Center(LC),16-24 ft.,16.0,-92.0,140.0,1,1,20131030,MIN,ORL
Shot Chart Detail,0021300010,315,201167,Arron Afflalo,1610612753,Orlando Magic,3,6,38,Made Shot,Jump Shot,3PT Field Goal,Above the Break 3,Center(C),24+ ft.,24.0,-27.0,247.0,1,1,20131030,MIN,ORL
Shot Chart Detail,0021300010,438,201167,Arron Afflalo,1610612753,Orlando Magic,4,7,50,Missed Shot,Jump Shot,2PT Field Goal,Mid-Range,Left Side(L),16-24 ft.,21.0,-205.0,48.0,1,0,20131030,MIN,ORL
Shot Chart Detail,0021300010,453,201167,Arron Afflalo,1610612753,Orlando Magic,4,6,55,Made Shot,Driving Layup Shot,2PT Field Goal,Restricted Area,Center(C),Less Than 8 ft.,1.0,0.0,11.0,1,1,20131030,MIN,ORL
Shot Chart Detail,0021300010,477,201167,Arron Afflalo,1610612753,Orlando Magic,4,4,17,Made Shot,Jump Shot,3PT Field Goal,Above the Break 3,Center(C),24+ ft.,25.0,37.0,254.0,1,1,20131030,MIN,ORL
Shot Chart Detail,0021300010,487,201167,Arron Afflalo,1610612753,Orlando Magic,4,3,12,Missed Shot,Jump Shot,2PT Field Goal,Mid-Range,Left Side(L),16-24 ft.,20.0,-191.0,86.0,1,0,20131030,MIN,ORL
Shot Chart Detail,0021300010,494,201167,Arron Afflalo,1610612753,Orlando Magic,4,2,33,Missed Shot,Jump Shot,2PT Field Goal,Mid-Range,Right Side Center(RC),16-24 ft.,20.0,147.0,148.0,1,0,20131030,MIN,ORL
Shot Chart Detail,0021300010,504,201167,Arron Afflalo,1610612753,Orlando Magic,4,1,49,Missed Shot,Step Back Jump shot,2PT Field Goal,Mid-Range,Right Side(R),16-24 ft.,20.0,201.0,53.0,1,0,20131030,MIN,ORL
Shot Chart Detail,0021300010,517,201167,Arron Afflalo,1610612753,Orlando Magic,4,0,24,Made Shot,Driving Layup Shot,2PT Field Goal,Restricted Area,Center(C),Less Than 8 ft.,1.0,2.0,17.0,1,1,20131030,MIN,ORL
Shot Chart Detail,0021300010,533,201167,Arron Afflalo,1610612753,Orlando Magic,4,0,1,Missed Shot,Turnaround Fadeaway shot,2PT Field Goal,Mid-Range,Right Side(R),16-24 ft.,16.0,163.0,22.0,1,0,20131030,MIN,ORL
Shot Chart Detail,0021300010,598,201167,Arron Afflalo,1610612753,Orlando Magic,5,0,25,Made Shot,Driving Layup Shot,2PT Field Goal,Restricted Area,Center(C),Less Than 8 ft.,0.0,0.0,4.0,1,1,20131030,MIN,ORL
Shot Chart Detail,0021300010,613,201167,Arron Afflalo,1610612753,Orlando Magic,5,0,5,Missed Shot,Jump Shot,3PT Field Goal,Above the Break 3,Left Side Center(LC),24+ ft.,25.0,-103.0,228.0,1,0,20131030,MIN,ORL
Shot Chart Detail,0021300021,34,201167,Arron Afflalo,1610612753,Orlando Magic,1,7,17,Missed Shot,Turnaround Jump Shot,2PT Field Goal,Mid-Range,Center(C),8-16 ft.,15.0,64.0,142.0,1,0,20131101,ORL,NOP
Shot Chart Detail,0021300021,55,201167,Arron Afflalo,1610612753,Orlando Magic,1,5,57,Missed Shot,Jump Shot,2PT Field Goal,Mid-Range,Right Side Center(RC),16-24 ft.,22.0,171.0,145.0,1,0,20131101,ORL,NOP
Shot Chart Detail,0021300021,156,201167,Arron Afflalo,1610612753,Orlando Magic,2,9,18,Made Shot,Turnaround Jump Shot,2PT Field Goal,Mid-Range,Left Side(L),16-24 ft.,16.0,-161.0,42.0,1,1,20131101,ORL,NOP
Shot Chart Detail,0021300021,169,201167,Arron Afflalo,1610612753,Orlando Magic,2,8,10,Made Shot,Fadeaway Jump Shot,2PT Field Goal,Mid-Range,Left Side(L),16-24 ft.,17.0,-169.0,42.0,1,1,20131101,ORL,NOP
Shot Chart Detail,0021300021,182,201167,Arron Afflalo,1610612753,Orlando Magic,2,6,32,Made Shot,Running Bank shot,2PT Field Goal,In The Paint (Non-RA),Center(C),Less Than 8 ft.,4.0,-34.0,23.0,1,1,20131101,ORL,NOP
Shot Chart Detail,0021300021,267,201167,Arron Afflalo,1610612753,Orlando Magic,3,11,43,Made Shot,Jump Shot,3PT Field Goal,Above the Break 3,Left Side Center(LC),24+ ft.,24.0,-87.0,233.0,1,1,20131101,ORL,NOP
Shot Chart Detail,0021300021,298,201167,Arron Afflalo,1610612753,Orlando Magic,3,8,39,Made Shot,Jump Shot,2PT Field Goal,In The Paint (Non-RA),Right Side(R),8-16 ft.,10.0,73.0,69.0,1,1,20131101,ORL,NOP
Shot Chart Detail,0021300021,337,201167,Arron Afflalo,1610612753,Orlando Magic,3,6,18,Made Shot,Fadeaway Jump Shot,2PT Field Goal,In The Paint (Non-RA),Center(C),Less Than 8 ft.,4.0,13.0,42.0,1,1,20131101,ORL,NOP
Shot Chart Detail,0021300021,346,201167,Arron Afflalo,1610612753,Orlando Magic,3,5,47,Made Shot,Jump Shot,3PT Field Goal,Above the Break 3,Center(C),24+ ft.,25.0,4.0,252.0,1,1,20131101,ORL,NOP
Shot Chart Detail,0021300021,363,201167,Arron Afflalo,1610612753,Orlando Magic,3,4,24,Made Shot,Jump Shot,3PT Field Goal,Left Corner 3,Left Side(L),24+ ft.,23.0,-232.0,19.0,1,1,20131101,ORL,NOP
Shot Chart Detail,0021300021,420,201167,Arron Afflalo,1610612753,Orlando Magic,4,11,22,Missed Shot,Jump Shot,2PT Field Goal,Mid-Range,Left Side(L),16-24 ft.,17.0,-171.0,20.0,1,0,20131101,ORL,NOP
Shot Chart Detail,0021300021,430,201167,Arron Afflalo,1610612753,Orlando Magic,4,10,57,Made Shot,Jump Shot,3PT Field Goal,Left Corner 3,Left Side(L),24+ ft.,22.0,-223.0,-11.0,1,1,20131101,ORL,NOP
Shot Chart Detail,0021300021,456,201167,Arron Afflalo,1610612753,Orlando Magic,4,8,26,Missed Shot,Jump Shot,3PT Field Goal,Left Corner 3,Left Side(L),24+ ft.,24.0,-243.0,3.0,1,0,20131101,ORL,NOP
Shot Chart Detail,0021300021,522,201167,Arron Afflalo,1610612753,Orlando Magic,4,4,22,Made Shot,Pullup Jump shot,2PT Field Goal,Mid-Range,Right Side Center(RC),16-24 ft.,16.0,92.0,132.0,1,1,20131101,ORL,NOP
Shot Chart Detail,0021300043,17,201167,Arron Afflalo,1610612753,Orlando Magic,1,9,43,Made Shot,Jump Shot,3PT Field Goal,Above the Break 3,Left Side Center(LC),24+ ft.,24.0,-93.0,227.0,1,1,20131103,ORL,BKN
Shot Chart Detail,0021300043,29,201167,Arron Afflalo,1610612753,Orlando Magic,1,8,47,Made Shot,Jump Shot,3PT Field Goal,Above the Break 3,Left Side Center(LC),24+ ft.,25.0,-142.0,209.0,1,1,20131103,ORL,BKN
Shot Chart Detail,0021300043,32,201167,Arron Afflalo,1610612753,Orlando Magic,1,8,23,Missed Shot,Fadeaway Jump Shot,2PT Field Goal,Mid-Range,Right Side(R),8-16 ft.,15.0,143.0,47.0,1,0,20131103,ORL,BKN
Shot Chart Detail,0021300043,59,201167,Arron Afflalo,1610612753,Orlando Magic,1,5,34,Missed Shot,Driving Layup Shot,2PT Field Goal,Restricted Area,Center(C),Less Than 8 ft.,2.0,13.0,22.0,1,0,20131103,ORL,BKN
Shot Chart Detail,0021300043,215,201167,Arron Afflalo,1610612753,Orlando Magic,2,3,46,Missed Shot,Driving Layup Shot,2PT Field Goal,Restricted Area,Center(C),Less Than 8 ft.,2.0,4.0,23.0,1,0,20131103,ORL,BKN
Shot Chart Detail,0021300043,226,201167,Arron Afflalo,1610612753,Orlando Magic,2,2,34,Missed Shot,Pullup Jump shot,2PT Field Goal,Mid-Range,Right Side Center(RC),16-24 ft.,17.0,95.0,145.0,1,0,20131103,ORL,BKN
Shot Chart Detail,0021300043,238,201167,Arron Afflalo,1610612753,Orlando Magic,2,1,22,Missed Shot,Jump Shot,3PT Field Goal,Above the Break 3,Right Side Center(RC),24+ ft.,25.0,95.0,241.0,1,0,20131103,ORL,BKN
Shot Chart Detail,0021300043,264,201167,Arron Afflalo,1610612753,Orlando Magic,3,9,43,Made Shot,Driving Layup Shot,2PT Field Goal,Restricted Area,Center(C),Less Than 8 ft.,1.0,7.0,9.0,1,1,20131103,ORL,BKN
Shot Chart Detail,0021300043,291,201167,Arron Afflalo,1610612753,Orlando Magic,3,7,11,Made Shot,Jump Shot,2PT Field Goal,Mid-Range,Right Side(R),8-16 ft.,15.0,108.0,113.0,1,1,20131103,ORL,BKN
Shot Chart Detail,0021300043,360,201167,Arron Afflalo,1610612753,Orlando Magic,3,2,7,Missed Shot,Pullup Jump shot,2PT Field Goal,Mid-Range,Left Side Center(LC),16-24 ft.,20.0,-100.0,183.0,1,0,20131103,ORL,BKN
Shot Chart Detail,0021300043,437,201167,Arron Afflalo,1610612753,Orlando Magic,4,7,51,Made Shot,Jump Shot,3PT Field Goal,Above the Break 3,Left Side Center(LC),24+ ft.,25.0,-160.0,198.0,1,1,20131103,ORL,BKN
Shot Chart Detail,0021300043,448,201167,Arron Afflalo,1610612753,Orlando Magic,4,6,59,Missed Shot,Jump Shot,2PT Field Goal,Mid-Range,Right Side Center(RC),16-24 ft.,20.0,124.0,167.0,1,0,20131103,ORL,BKN
Shot Chart Detail,0021300043,457,201167,Arron Afflalo,1610612753,Orlando Magic,4,6,35,Missed Shot,Jump Shot,3PT Field Goal,Left Corner 3,Left Side(L),24+ ft.,23.0,-234.0,20.0,1,0,20131103,ORL,BKN
Shot Chart Detail,0021300043,459,201167,Arron Afflalo,1610612753,Orlando Magic,4,6,17,Missed Shot,Driving Layup Shot,2PT Field Goal,Restricted Area,Center(C),Less Than 8 ft.,2.0,20.0,15.0,1,0,20131103,ORL,BKN
Shot Chart Detail,0021300062,5,201167,Arron Afflalo,1610612753,Orlando Magic,1,11,24,Made Shot,Jump Shot,2PT Field Goal,In The Paint (Non-RA),Center(C),8-16 ft.,9.0,26.0,91.0,1,1,20131106,ORL,LAC
Shot Chart Detail,0021300062,12,201167,Arron Afflalo,1610612753,Orlando Magic,1,10,28,Made Shot,Turnaround Jump Shot,2PT Field Goal,Mid-Range,Left Side(L),8-16 ft.,15.0,-157.0,23.0,1,1,20131106,ORL,LAC
Shot Chart Detail,0021300062,26,201167,Arron Afflalo,1610612753,Orlando Magic,1,8,42,Missed Shot,Layup Shot,2PT Field Goal,Restricted Area,Center(C),Less Than 8 ft.,2.0,-18.0,11.0,1,0,20131106,ORL,LAC
Shot Chart Detail,0021300062,38,201167,Arron Afflalo,1610612753,Orlando Magic,1,7,3,Made Shot,Fadeaway Jump Shot,2PT Field Goal,In The Paint (Non-RA),Left Side(L),8-16 ft.,10.0,-75.0,74.0,1,1,20131106,ORL,LAC
Shot Chart Detail,0021300062,46,201167,Arron Afflalo,1610612753,Orlando Magic,1,5,57,Missed Shot,Jump Shot,3PT Field Goal,Above the Break 3,Center(C),24+ ft.,25.0,-67.0,241.0,1,0,20131106,ORL,LAC
Shot Chart Detail,0021300062,54,201167,Arron Afflalo,1610612753,Orlando Magic,1,5,5,Missed Shot,Jump Shot,3PT Field Goal,Left Corner 3,Left Side(L),24+ ft.,23.0,-232.0,9.0,1,0,20131106,ORL,LAC
Shot Chart Detail,0021300062,70,201167,Arron Afflalo,1610612753,Orlando Magic,1,3,18,Made Shot,Driving Layup Shot,2PT Field Goal,Restricted Area,Center(C),Less Than 8 ft.,2.0,24.0,4.0,1,1,20131106,ORL,LAC
Shot Chart Detail,0021300062,222,201167,Arron Afflalo,1610612753,Orlando Magic,2,4,2,Missed Shot,Fadeaway Jump Shot,2PT Field Goal,Mid-Range,Right Side(R),8-16 ft.,13.0,135.0,0.0,1,0,20131106,ORL,LAC
Shot Chart Detail,0021300062,287,201167,Arron Afflalo,1610612753,Orlando Magic,3,10,8,Missed Shot,Jump Shot,2PT Field Goal,Mid-Range,Left Side Center(LC),16-24 ft.,19.0,-131.0,140.0,1,0,20131106,ORL,LAC
Shot Chart Detail,0021300062,290,201167,Arron Afflalo,1610612753,Orlando Magic,3,9,32,Missed Shot,Driving Layup Shot,2PT Field Goal,Restricted Area,Center(C),Less Than 8 ft.,2.0,7.0,19.0,1,0,20131106,ORL,LAC
Shot Chart Detail,0021300062,300,201167,Arron Afflalo,1610612753,Orlando Magic,3,8,33,Missed Shot,Jump Shot,2PT Field Goal,Restricted Area,Center(C),Less Than 8 ft.,3.0,0.0,36.0,1,0,20131106,ORL,LAC
Shot Chart Detail,0021300062,321,201167,Arron Afflalo,1610612753,Orlando Magic,3,6,10,Missed Shot,Jump Shot,2PT Field Goal,Mid-Range,Left Side Center(LC),16-24 ft.,20.0,-149.0,142.0,1,0,20131106,ORL,LAC
Shot Chart Detail,0021300062,348,201167,Arron Afflalo,1610612753,Orlando Magic,3,3,15,Missed Shot,Jump Shot,3PT Field Goal,Above the Break 3,Left Side Center(LC),24+ ft.,25.0,-109.0,230.0,1,0,20131106,ORL,LAC
Shot Chart Detail,0021300062,493,201167,Arron Afflalo,1610612753,Orlando Magic,4,2,21,Missed Shot,Jump Shot,2PT Field Goal,Mid-Range,Left Side Center(LC),16-24 ft.,23.0,-149.0,179.0,1,0,20131106,ORL,LAC
Shot Chart Detail,0021300062,496,201167,Arron Afflalo,1610612753,Orlando Magic,4,1,47,Made Shot,Turnaround Jump Shot,2PT Field Goal,Mid-Range,Right Side(R),8-16 ft.,12.0,129.0,14.0,1,1,20131106,ORL,LAC
Shot Chart Detail,0021300062,517,201167,Arron Afflalo,1610612753,Orlando Magic,4,0,32,Missed Shot,Jump Shot,2PT Field Goal,Mid-Range,Center(C),16-24 ft.,20.0,-11.0,206.0,1,0,20131106,ORL,LAC
Shot Chart Detail,0021300075,5,201167,Arron Afflalo,1610612753,Orlando Magic,1,11,21,Missed Shot,Turnaround Jump Shot,2PT Field Goal,Mid-Range,Left Side(L),8-16 ft.,12.0,-125.0,-3.0,1,0,20131108,ORL,BOS
Shot Chart Detail,0021300075,20,201167,Arron Afflalo,1610612753,Orlando Magic,1,8,58,Made Shot,Jump Shot,3PT Field Goal,Above the Break 3,Center(C),24+ ft.,25.0,26.0,250.0,1,1,20131108,ORL,BOS
Shot Chart Detail,0021300075,40,201167,Arron Afflalo,1610612753,Orlando Magic,1,6,52,Missed Shot,Layup Shot,2PT Field Goal,Restricted Area,Center(C),Less Than 8 ft.,2.0,-23.0,11.0,1,0,20131108,ORL,BOS
Shot Chart Detail,0021300075,50,201167,Arron Afflalo,1610612753,Orlando Magic,1,5,34,Made Shot,Layup Shot,2PT Field Goal,Restricted Area,Center(C),Less Than 8 ft.,0.0,0.0,9.0,1,1,20131108,ORL,BOS
Shot Chart Detail,0021300075,79,201167,Arron Afflalo,1610612753,Orlando Magic,1,3,20,Missed Shot,Layup Shot,2PT Field Goal,Restricted Area,Center(C),Less Than 8 ft.,2.0,1.0,22.0,1,0,20131108,ORL,BOS
Shot Chart Detail,0021300075,194,201167,Arron Afflalo,1610612753,Orlando Magic,2,7,54,Missed Shot,Jump Shot,3PT Field Goal,Above the Break 3,Right Side Center(RC),24+ ft.,25.0,125.0,224.0,1,0,20131108,ORL,BOS
Shot Chart Detail,0021300075,244,201167,Arron Afflalo,1610612753,Orlando Magic,2,4,0,Made Shot,Jump Shot,2PT Field Goal,Mid-Range,Left Side(L),8-16 ft.,14.0,-139.0,37.0,1,1,20131108,ORL,BOS
Shot Chart Detail,0021300075,288,201167,Arron Afflalo,1610612753,Orlando Magic,2,1,38,Made Shot,Driving Layup Shot,2PT Field Goal,Restricted Area,Center(C),Less Than 8 ft.,1.0,0.0,14.0,1,1,20131108,ORL,BOS
Shot Chart Detail,0021300075,330,201167,Arron Afflalo,1610612753,Orlando Magic,2,0,0,Missed Shot,Jump Shot,3PT Field Goal,Backcourt,Back Court(BC),Back Court Shot,48.0,-134.0,466.0,1,0,20131108,ORL,BOS
Shot Chart Detail,0021300075,337,201167,Arron Afflalo,1610612753,Orlando Magic,3,11,27,Missed Shot,Jump Shot,2PT Field Goal,In The Paint (Non-RA),Center(C),Less Than 8 ft.,4.0,-38.0,26.0,1,0,20131108,ORL,BOS
Shot Chart Detail,0021300075,350,201167,Arron Afflalo,1610612753,Orlando Magic,3,10,36,Made Shot,Layup Shot,2PT Field Goal,Restricted Area,Center(C),Less Than 8 ft.,1.0,0.0,12.0,1,1,20131108,ORL,BOS
Shot Chart Detail,0021300075,371,201167,Arron Afflalo,1610612753,Orlando Magic,3,7,51,Missed Shot,Jump Shot,3PT Field Goal,Above the Break 3,Center(C),24+ ft.,25.0,70.0,242.0,1,0,20131108,ORL,BOS
Shot Chart Detail,0021300075,599,201167,Arron Afflalo,1610612753,Orlando Magic,4,1,38,Made Shot,Jump Shot,3PT Field Goal,Above the Break 3,Center(C),24+ ft.,25.0,2.0,252.0,1,1,20131108,ORL,BOS
Shot Chart Detail,0021300075,618,201167,Arron Afflalo,1610612753,Orlando Magic,4,0,26,Made Shot,Driving Layup Shot,2PT Field Goal,Restricted Area,Center(C),Less Than 8 ft.,2.0,-4.0,20.0,1,1,20131108,ORL,BOS
Shot Chart Detail,0021300075,645,201167,Arron Afflalo,1610612753,Orlando Magic,4,0,4,Made Shot,Jump Bank Shot,2PT Field Goal,Mid-Range,Left Side(L),16-24 ft.,21.0,-213.0,26.0,1,1,20131108,ORL,BOS
Shot Chart Detail,0021300086,3,201167,Arron Afflalo,1610612753,Orlando Magic,1,11,25,Missed Shot,Jump Shot,3PT Field Goal,Above the Break 3,Right Side Center(RC),24+ ft.,24.0,118.0,214.0,1,0,20131109,ATL,ORL
Shot Chart Detail,0021300086,45,201167,Arron Afflalo,1610612753,Orlando Magic,1,5,48,Missed Shot,Fadeaway Jump Shot,2PT Field Goal,In The Paint (Non-RA),Center(C),8-16 ft.,11.0,-34.0,110.0,1,0,20131109,ATL,ORL
Shot Chart Detail,0021300086,49,201167,Arron Afflalo,1610612753,Orlando Magic,1,5,15,Made Shot,Jump Shot,2PT Field Goal,Mid-Range,Right Side(R),16-24 ft.,21.0,176.0,124.0,1,1,20131109,ATL,ORL
Shot Chart Detail,0021300086,60,201167,Arron Afflalo,1610612753,Orlando Magic,1,4,1,Made Shot,Jump Shot,2PT Field Goal,Mid-Range,Center(C),16-24 ft.,18.0,-40.0,181.0,1,1,20131109,ATL,ORL
Shot Chart Detail,0021300086,139,201167,Arron Afflalo,1610612753,Orlando Magic,2,9,19,Made Shot,Layup Shot,2PT Field Goal,Restricted Area,Center(C),Less Than 8 ft.,2.0,24.0,0.0,1,1,20131109,ATL,ORL
Shot Chart Detail,0021300086,197,201167,Arron Afflalo,1610612753,Orlando Magic,2,3,37,Made Shot,Turnaround Fadeaway shot,2PT Field Goal,Mid-Range,Left Side(L),8-16 ft.,15.0,-116.0,99.0,1,1,20131109,ATL,ORL
Shot Chart Detail,0021300086,219,201167,Arron Afflalo,1610612753,Orlando Magic,2,1,51,Made Shot,Jump Shot,2PT Field Goal,Mid-Range,Left Side Center(LC),16-24 ft.,17.0,-97.0,149.0,1,1,20131109,ATL,ORL
Shot Chart Detail,0021300086,250,201167,Arron Afflalo,1610612753,Orlando Magic,3,11,39,Missed Shot,Jump Shot,2PT Field Goal,Mid-Range,Left Side Center(LC),16-24 ft.,18.0,-70.0,167.0,1,0,20131109,ATL,ORL
Shot Chart Detail,0021300086,271,201167,Arron Afflalo,1610612753,Orlando Magic,3,8,32,Missed Shot,Fadeaway Jump Shot,2PT Field Goal,Mid-Range,Right Side(R),16-24 ft.,18.0,151.0,102.0,1,0,20131109,ATL,ORL
Shot Chart Detail,0021300086,282,201167,Arron Afflalo,1610612753,Orlando Magic,3,7,36,Missed Shot,Jump Shot,3PT Field Goal,Right Corner 3,Right Side(R),24+ ft.,24.0,241.0,17.0,1,0,20131109,ATL,ORL
Shot Chart Detail,0021300086,293,201167,Arron Afflalo,1610612753,Orlando Magic,3,5,46,Made Shot,Jump Shot,3PT Field Goal,Left Corner 3,Left Side(L),24+ ft.,23.0,-228.0,31.0,1,1,20131109,ATL,ORL
Shot Chart Detail,0021300086,413,201167,Arron Afflalo,1610612753,Orlando Magic,4,8,59,Missed Shot,Jump Shot,3PT Field Goal,Above the Break 3,Left Side Center(LC),24+ ft.,25.0,-101.0,231.0,1,0,20131109,ATL,ORL
Shot Chart Detail,0021300086,426,201167,Arron Afflalo,1610612753,Orlando Magic,4,7,51,Made Shot,Jump Shot,3PT Field Goal,Left Corner 3,Left Side(L),24+ ft.,23.0,-229.0,30.0,1,1,20131109,ATL,ORL
Shot Chart Detail,0021300086,469,201167,Arron Afflalo,1610612753,Orlando Magic,4,3,50,Made Shot,Jump Shot,3PT Field Goal,Above the Break 3,Left Side Center(LC),24+ ft.,24.0,-191.0,159.0,1,1,20131109,ATL,ORL
Shot Chart Detail,0021300086,486,201167,Arron Afflalo,1610612753,Orlando Magic,4,2,41,Missed Shot,Jump Shot,2PT Field Goal,Mid-Range,Right Side(R),16-24 ft.,20.0,207.0,22.0,1,0,20131109,ATL,ORL
Shot Chart Detail,0021300086,493,201167,Arron Afflalo,1610612753,Orlando Magic,4,2,17,Missed Shot,Driving Jump shot,2PT Field Goal,Restricted Area,Center(C),Less Than 8 ft.,3.0,24.0,22.0,1,0,20131109,ATL,ORL
Shot Chart Detail,0021300101,2,201167,Arron Afflalo,1610612753,Orlando Magic,1,11,41,Made Shot,Jump Shot,2PT Field Goal,Mid-Range,Center(C),8-16 ft.,15.0,-15.0,157.0,1,1,20131111,BOS,ORL
Shot Chart Detail,0021300101,24,201167,Arron Afflalo,1610612753,Orlando Magic,1,8,23,Missed Shot,Step Back Jump shot,2PT Field Goal,In The Paint (Non-RA),Right Side(R),8-16 ft.,8.0,72.0,36.0,1,0,20131111,BOS,ORL
Shot Chart Detail,0021300101,56,201167,Arron Afflalo,1610612753,Orlando Magic,1,5,13,Made Shot,Driving Finger Roll Layup Shot,2PT Field Goal,Restricted Area,Center(C),Less Than 8 ft.,1.0,-11.0,3.0,1,1,20131111,BOS,ORL
Shot Chart Detail,0021300101,141,201167,Arron Afflalo,1610612753,Orlando Magic,2,9,1,Missed Shot,Jump Shot,3PT Field Goal,Above the Break 3,Right Side Center(RC),24+ ft.,25.0,100.0,230.0,1,0,20131111,BOS,ORL
Shot Chart Detail,0021300101,177,201167,Arron Afflalo,1610612753,Orlando Magic,2,5,51,Made Shot,Fadeaway Jump Shot,2PT Field Goal,Mid-Range,Left Side(L),8-16 ft.,13.0,-138.0,12.0,1,1,20131111,BOS,ORL
Shot Chart Detail,0021300101,212,201167,Arron Afflalo,1610612753,Orlando Magic,2,2,6,Missed Shot,Jump Shot,3PT Field Goal,Above the Break 3,Left Side Center(LC),24+ ft.,25.0,-106.0,228.0,1,0,20131111,BOS,ORL
Shot Chart Detail,0021300101,263,201167,Arron Afflalo,1610612753,Orlando Magic,3,10,9,Missed Shot,Layup Shot,2PT Field Goal,Restricted Area,Center(C),Less Than 8 ft.,0.0,-7.0,3.0,1,0,20131111,BOS,ORL
Shot Chart Detail,0021300101,274,201167,Arron Afflalo,1610612753,Orlando Magic,3,9,7,Made Shot,Jump Shot,3PT Field Goal,Above the Break 3,Center(C),24+ ft.,25.0,47.0,246.0,1,1,20131111,BOS,ORL
Shot Chart Detail,0021300101,402,201167,Arron Afflalo,1610612753,Orlando Magic,4,10,10,Missed Shot,Layup Shot,2PT Field Goal,Restricted Area,Center(C),Less Than 8 ft.,0.0,-2.0,7.0,1,0,20131111,BOS,ORL
Shot Chart Detail,0021300101,430,201167,Arron Afflalo,1610612753,Orlando Magic,4,6,24,Made Shot,Jump Shot,2PT Field Goal,Mid-Range,Right Side(R),8-16 ft.,14.0,146.0,12.0,1,1,20131111,BOS,ORL
Shot Chart Detail,0021300101,450,201167,Arron Afflalo,1610612753,Orlando Magic,4,5,29,Made Shot,Jump Shot,3PT Field Goal,Left Corner 3,Left Side(L),24+ ft.,23.0,-231.0,-5.0,1,1,20131111,BOS,ORL
Shot Chart Detail,0021300101,485,201167,Arron Afflalo,1610612753,Orlando Magic,4,3,3,Missed Shot,Jump Shot,3PT Field Goal,Left Corner 3,Left Side(L),24+ ft.,24.0,-235.0,55.0,1,0,20131111,BOS,ORL
Shot Chart Detail,0021300111,32,201167,Arron Afflalo,1610612753,Orlando Magic,1,7,41,Made Shot,Jump Shot,3PT Field Goal,Above the Break 3,Left Side Center(LC),24+ ft.,24.0,-164.0,184.0,1,1,20131113,ORL,MIL
Shot Chart Detail,0021300111,63,201167,Arron Afflalo,1610612753,Orlando Magic,1,4,51,Missed Shot,Jump Shot,3PT Field Goal,Above the Break 3,Left Side Center(LC),24+ ft.,25.0,-217.0,129.0,1,0,20131113,ORL,MIL
Shot Chart Detail,0021300111,194,201167,Arron Afflalo,1610612753,Orlando Magic,2,6,47,Made Shot,Pullup Jump shot,2PT Field Goal,Mid-Range,Left Side Center(LC),16-24 ft.,17.0,-59.0,168.0,1,1,20131113,ORL,MIL
Shot Chart Detail,0021300111,264,201167,Arron Afflalo,1610612753,Orlando Magic,2,1,18,Missed Shot,Driving Layup Shot,2PT Field Goal,Restricted Area,Center(C),Less Than 8 ft.,2.0,-8.0,20.0,1,0,20131113,ORL,MIL
Shot Chart Detail,0021300111,301,201167,Arron Afflalo,1610612753,Orlando Magic,3,10,27,Made Shot,Jump Shot,3PT Field Goal,Above the Break 3,Left Side Center(LC),24+ ft.,25.0,-100.0,236.0,1,1,20131113,ORL,MIL
Shot Chart Detail,0021300111,308,201167,Arron Afflalo,1610612753,Orlando Magic,3,9,44,Made Shot,Jump Shot,3PT Field Goal,Above the Break 3,Left Side Center(LC),24+ ft.,24.0,-169.0,183.0,1,1,20131113,ORL,MIL
Shot Chart Detail,0021300111,311,201167,Arron Afflalo,1610612753,Orlando Magic,3,9,5,Made Shot,Jump Shot,3PT Field Goal,Left Corner 3,Left Side(L),24+ ft.,23.0,-231.0,23.0,1,1,20131113,ORL,MIL
Shot Chart Detail,0021300111,327,201167,Arron Afflalo,1610612753,Orlando Magic,3,8,21,Missed Shot,Jump Shot,3PT Field Goal,Above the Break 3,Left Side Center(LC),24+ ft.,25.0,-172.0,189.0,1,0,20131113,ORL,MIL
Shot Chart Detail,0021300111,372,201167,Arron Afflalo,1610612753,Orlando Magic,3,3,38,Made Shot,Jump Shot,3PT Field Goal,Left Corner 3,Left Side(L),24+ ft.,23.0,-232.0,23.0,1,1,20131113,ORL,MIL
Shot Chart Detail,0021300111,379,201167,Arron Afflalo,1610612753,Orlando Magic,3,2,52,Made Shot,Jump Shot,3PT Field Goal,Left Corner 3,Left Side(L),24+ ft.,24.0,-240.0,14.0,1,1,20131113,ORL,MIL
Shot Chart Detail,0021300111,454,201167,Arron Afflalo,1610612753,Orlando Magic,4,7,49,Made Shot,Jump Shot,3PT Field Goal,Above the Break 3,Left Side Center(LC),24+ ft.,25.0,-182.0,184.0,1,1,20131113,ORL,MIL
Shot Chart Detail,0021300111,468,201167,Arron Afflalo,1610612753,Orlando Magic,4,6,48,Made Shot,Jump Shot,3PT Field Goal,Left Corner 3,Left Side(L),24+ ft.,24.0,-245.0,6.0,1,1,20131113,ORL,MIL
Shot Chart Detail,0021300111,476,201167,Arron Afflalo,1610612753,Orlando Magic,4,6,8,Missed Shot,Jump Shot,3PT Field Goal,Above the Break 3,Left Side Center(LC),24+ ft.,24.0,-161.0,190.0,1,0,20131113,ORL,MIL
Shot Chart Detail,0021300111,479,201167,Arron Afflalo,1610612753,Orlando Magic,4,5,41,Made Shot,Driving Layup Shot,2PT Field Goal,Restricted Area,Center(C),Less Than 8 ft.,2.0,18.0,9.0,1,1,20131113,ORL,MIL
Shot Chart Detail,0021300111,494,201167,Arron Afflalo,1610612753,Orlando Magic,4,4,8,Made Shot,Jump Shot,2PT Field Goal,Mid-Range,Center(C),16-24 ft.,17.0,53.0,164.0,1,1,20131113,ORL,MIL
Shot Chart Detail,0021300137,25,201167,Arron Afflalo,1610612753,Orlando Magic,1,8,57,Missed Shot,Jump Shot,2PT Field Goal,Mid-Range,Right Side Center(RC),16-24 ft.,23.0,124.0,200.0,1,0,20131116,ORL,DAL
Shot Chart Detail,0021300137,54,201167,Arron Afflalo,1610612753,Orlando Magic,1,6,0,Missed Shot,Pullup Jump shot,2PT Field Goal,Mid-Range,Right Side(R),8-16 ft.,14.0,110.0,91.0,1,0,20131116,ORL,DAL
Shot Chart Detail,0021300137,57,201167,Arron Afflalo,1610612753,Orlando Magic,1,5,33,Missed Shot,Turnaround Jump Shot,2PT Field Goal,In The Paint (Non-RA),Right Side(R),8-16 ft.,11.0,64.0,93.0,1,0,20131116,ORL,DAL
Shot Chart Detail,0021300137,155,201167,Arron Afflalo,1610612753,Orlando Magic,2,7,44,Made Shot,Turnaround Jump Shot,2PT Field Goal,Mid-Range,Left Side(L),8-16 ft.,12.0,-119.0,22.0,1,1,20131116,ORL,DAL
Shot Chart Detail,0021300137,163,201167,Arron Afflalo,1610612753,Orlando Magic,2,7,21,Missed Shot,Jump Shot,3PT Field Goal,Left Corner 3,Left Side(L),24+ ft.,23.0,-232.0,-6.0,1,0,20131116,ORL,DAL
Shot Chart Detail,0021300137,182,201167,Arron Afflalo,1610612753,Orlando Magic,2,5,18,Missed Shot,Jump Shot,3PT Field Goal,Above the Break 3,Right Side Center(RC),24+ ft.,24.0,140.0,206.0,1,0,20131116,ORL,DAL
Shot Chart Detail,0021300137,234,201167,Arron Afflalo,1610612753,Orlando Magic,2,0,25,Made Shot,Driving Layup Shot,2PT Field Goal,Restricted Area,Center(C),Less Than 8 ft.,1.0,7.0,14.0,1,1,20131116,ORL,DAL
Shot Chart Detail,0021300137,259,201167,Arron Afflalo,1610612753,Orlando Magic,3,8,37,Made Shot,Step Back Jump shot,2PT Field Goal,Mid-Range,Center(C),8-16 ft.,14.0,1.0,149.0,1,1,20131116,ORL,DAL
Shot Chart Detail,0021300137,306,201167,Arron Afflalo,1610612753,Orlando Magic,3,4,42,Made Shot,Jump Shot,2PT Field Goal,Mid-Range,Left Side(L),8-16 ft.,13.0,-136.0,1.0,1,1,20131116,ORL,DAL
Shot Chart Detail,0021300137,448,201167,Arron Afflalo,1610612753,Orlando Magic,4,5,4,Missed Shot,Jump Shot,2PT Field Goal,Mid-Range,Center(C),16-24 ft.,19.0,-10.0,195.0,1,0,20131116,ORL,DAL
Shot Chart Detail,0021300137,507,201167,Arron Afflalo,1610612753,Orlando Magic,4,1,0,Made Shot,Layup Shot,2PT Field Goal,Restricted Area,Center(C),Less Than 8 ft.,0.0,-4.0,6.0,1,1,20131116,ORL,DAL
Shot Chart Detail,0021300137,515,201167,Arron Afflalo,1610612753,Orlando Magic,4,0,0,Made Shot,Layup Shot,2PT Field Goal,Restricted Area,Center(C),Less Than 8 ft.,0.0,-4.0,-2.0,1,1,20131116,ORL,DAL
Shot Chart Detail,0021300164,16,201167,Arron Afflalo,1610612753,Orlando Magic,1,9,21,Missed Shot,Jump Shot,2PT Field Goal,Mid-Range,Left Side Center(LC),16-24 ft.,19.0,-108.0,167.0,1,0,20131120,ORL,MIA
Shot Chart Detail,0021300164,25,201167,Arron Afflalo,1610612753,Orlando Magic,1,8,39,Missed Shot,Driving Layup Shot,2PT Field Goal,Restricted Area,Center(C),Less Than 8 ft.,2.0,17.0,20.0,1,0,20131120,ORL,MIA
Shot Chart Detail,0021300164,34,201167,Arron Afflalo,1610612753,Orlando Magic,1,7,38,Missed Shot,Driving Layup Shot,2PT Field Goal,Restricted Area,Center(C),Less Than 8 ft.,1.0,-5.0,12.0,1,0,20131120,ORL,MIA
Shot Chart Detail,0021300164,47,201167,Arron Afflalo,1610612753,Orlando Magic,1,6,41,Made Shot,Jump Shot,3PT Field Goal,Left Corner 3,Left Side(L),24+ ft.,23.0,-228.0,31.0,1,1,20131120,ORL,MIA
Shot Chart Detail,0021300164,50,201167,Arron Afflalo,1610612753,Orlando Magic,1,6,5,Made Shot,Jump Shot,3PT Field Goal,Left Corner 3,Left Side(L),24+ ft.,23.0,-234.0,36.0,1,1,20131120,ORL,MIA
Shot Chart Detail,0021300164,89,201167,Arron Afflalo,1610612753,Orlando Magic,1,2,48,Made Shot,Jump Shot,3PT Field Goal,Above the Break 3,Right Side Center(RC),24+ ft.,25.0,177.0,184.0,1,1,20131120,ORL,MIA
Shot Chart Detail,0021300164,113,201167,Arron Afflalo,1610612753,Orlando Magic,1,1,3,Made Shot,Jump Shot,3PT Field Goal,Above the Break 3,Left Side Center(LC),24+ ft.,25.0,-161.0,194.0,1,1,20131120,ORL,MIA
Shot Chart Detail,0021300164,116,201167,Arron Afflalo,1610612753,Orlando Magic,1,0,27,Missed Shot,Jump Shot,3PT Field Goal,Left Corner 3,Left Side(L),24+ ft.,24.0,-237.0,42.0,1,0,20131120,ORL,MIA
Shot Chart Detail,0021300164,182,201167,Arron Afflalo,1610612753,Orlando Magic,2,6,52,Missed Shot,Jump Shot,2PT Field Goal,Mid-Range,Right Side Center(RC),16-24 ft.,21.0,168.0,140.0,1,0,20131120,ORL,MIA
Shot Chart Detail,0021300164,217,201167,Arron Afflalo,1610612753,Orlando Magic,2,3,46,Made Shot,Jump Shot,3PT Field Goal,Above the Break 3,Left Side Center(LC),24+ ft.,25.0,-160.0,200.0,1,1,20131120,ORL,MIA
Shot Chart Detail,0021300164,231,201167,Arron Afflalo,1610612753,Orlando Magic,2,2,54,Made Shot,Jump Shot,3PT Field Goal,Right Corner 3,Right Side(R),24+ ft.,23.0,228.0,36.0,1,1,20131120,ORL,MIA
Shot Chart Detail,0021300164,291,201167,Arron Afflalo,1610612753,Orlando Magic,3,11,12,Made Shot,Jump Shot,2PT Field Goal,Mid-Range,Right Side(R),16-24 ft.,16.0,159.0,39.0,1,1,20131120,ORL,MIA
Shot Chart Detail,0021300164,382,201167,Arron Afflalo,1610612753,Orlando Magic,3,0,47,Made Shot,Jump Shot,3PT Field Goal,Above the Break 3,Center(C),24+ ft.,26.0,56.0,254.0,1,1,20131120,ORL,MIA
Shot Chart Detail,0021300164,396,201167,Arron Afflalo,1610612753,Orlando Magic,3,0,0,Missed Shot,Pullup Jump shot,3PT Field Goal,Above the Break 3,Right Side Center(RC),24+ ft.,25.0,207.0,148.0,1,0,20131120,ORL,MIA
Shot Chart Detail,0021300164,444,201167,Arron Afflalo,1610612753,Orlando Magic,4,8,7,Made Shot,Pullup Jump shot,2PT Field Goal,Mid-Range,Left Side(L),16-24 ft.,20.0,-190.0,66.0,1,1,20131120,ORL,MIA
Shot Chart Detail,0021300164,456,201167,Arron Afflalo,1610612753,Orlando Magic,4,6,53,Missed Shot,Step Back Jump shot,2PT Field Goal,Mid-Range,Right Side Center(RC),16-24 ft.,18.0,138.0,119.0,1,0,20131120,ORL,MIA
Shot Chart Detail,0021300191,72,201167,Arron Afflalo,1610612753,Orlando Magic,1,4,15,Missed Shot,Jump Shot,2PT Field Goal,Mid-Range,Left Side(L),8-16 ft.,10.0,-87.0,67.0,1,0,20131123,MIA,ORL
Shot Chart Detail,0021300191,74,201167,Arron Afflalo,1610612753,Orlando Magic,1,4,13,Missed Shot,Layup Shot,2PT Field Goal,Restricted Area,Center(C),Less Than 8 ft.,1.0,10.0,4.0,1,0,20131123,MIA,ORL
Shot Chart Detail,0021300191,194,201167,Arron Afflalo,1610612753,Orlando Magic,2,5,7,Made Shot,Jump Shot,2PT Field Goal,Mid-Range,Right Side Center(RC),16-24 ft.,20.0,154.0,129.0,1,1,20131123,MIA,ORL
Shot Chart Detail,0021300191,230,201167,Arron Afflalo,1610612753,Orlando Magic,2,0,37,Made Shot,Jump Shot,2PT Field Goal,Mid-Range,Right Side(R),16-24 ft.,20.0,203.0,7.0,1,1,20131123,MIA,ORL
Shot Chart Detail,0021300191,232,201167,Arron Afflalo,1610612753,Orlando Magic,2,0,7,Made Shot,Jump Shot,3PT Field Goal,Left Corner 3,Left Side(L),24+ ft.,22.0,-228.0,9.0,1,1,20131123,MIA,ORL
Shot Chart Detail,0021300191,303,201167,Arron Afflalo,1610612753,Orlando Magic,3,9,46,Missed Shot,Jump Shot,3PT Field Goal,Above the Break 3,Left Side Center(LC),24+ ft.,24.0,-199.0,147.0,1,0,20131123,MIA,ORL
Shot Chart Detail,0021300191,270,201167,Arron Afflalo,1610612753,Orlando Magic,3,9,5,Missed Shot,Jump Shot,3PT Field Goal,Left Corner 3,Left Side(L),24+ ft.,23.0,-234.0,-2.0,1,0,20131123,MIA,ORL
Shot Chart Detail,0021300191,273,201167,Arron Afflalo,1610612753,Orlando Magic,3,8,34,Made Shot,Jump Shot,3PT Field Goal,Left Corner 3,Left Side(L),24+ ft.,23.0,-231.0,9.0,1,1,20131123,MIA,ORL
Shot Chart Detail,0021300191,299,201167,Arron Afflalo,1610612753,Orlando Magic,3,6,0,Missed Shot,Jump Shot,2PT Field Goal,In The Paint (Non-RA),Center(C),8-16 ft.,11.0,26.0,116.0,1,0,20131123,MIA,ORL
Shot Chart Detail,0021300191,382,201167,Arron Afflalo,1610612753,Orlando Magic,3,0,1,Missed Shot,Running Jump Shot,3PT Field Goal,Above the Break 3,Right Side Center(RC),24+ ft.,27.0,157.0,224.0,1,0,20131123,MIA,ORL
Shot Chart Detail,0021300191,425,201167,Arron Afflalo,1610612753,Orlando Magic,4,8,25,Made Shot,Jump Shot,2PT Field Goal,In The Paint (Non-RA),Center(C),Less Than 8 ft.,6.0,-67.0,9.0,1,1,20131123,MIA,ORL
Shot Chart Detail,0021300191,446,201167,Arron Afflalo,1610612753,Orlando Magic,4,7,12,Missed Shot,Driving Layup Shot,2PT Field Goal,Restricted Area,Center(C),Less Than 8 ft.,1.0,7.0,14.0,1,0,20131123,MIA,ORL
Shot Chart Detail,0021300191,450,201167,Arron Afflalo,1610612753,Orlando Magic,4,6,57,Made Shot,Jump Shot,2PT Field Goal,Mid-Range,Left Side Center(LC),16-24 ft.,16.0,-90.0,143.0,1,1,20131123,MIA,ORL
Shot Chart Detail,0021300191,469,201167,Arron Afflalo,1610612753,Orlando Magic,4,5,21,Missed Shot,Jump Shot,2PT Field Goal,Mid-Range,Right Side Center(RC),16-24 ft.,22.0,110.0,192.0,1,0,20131123,MIA,ORL
Shot Chart Detail,0021300191,508,201167,Arron Afflalo,1610612753,Orlando Magic,4,1,48,Made Shot,Driving Layup Shot,2PT Field Goal,Restricted Area,Center(C),Less Than 8 ft.,1.0,2.0,12.0,1,1,20131123,MIA,ORL
Shot Chart Detail,0021300191,523,201167,Arron Afflalo,1610612753,Orlando Magic,4,0,41,Missed Shot,Jump Shot,3PT Field Goal,Above the Break 3,Left Side Center(LC),24+ ft.,25.0,-172.0,183.0,1,0,20131123,MIA,ORL
Shot Chart Detail,0021300191,539,201167,Arron Afflalo,1610612753,Orlando Magic,4,0,4,Missed Shot,Driving Layup Shot,2PT Field Goal,Restricted Area,Center(C),Less Than 8 ft.,0.0,4.0,9.0,1,0,20131123,MIA,ORL
Shot Chart Detail,0021300199,9,201167,Arron Afflalo,1610612753,Orlando Magic,1,10,32,Missed Shot,Jump Shot,3PT Field Goal,Above the Break 3,Center(C),24+ ft.,25.0,-59.0,249.0,1,0,20131124,ORL,PHX
Shot Chart Detail,0021300199,12,201167,Arron Afflalo,1610612753,Orlando Magic,1,10,11,Made Shot,Turnaround Jump Shot,2PT Field Goal,In The Paint (Non-RA),Left Side(L),8-16 ft.,10.0,-79.0,66.0,1,1,20131124,ORL,PHX
Shot Chart Detail,0021300199,26,201167,Arron Afflalo,1610612753,Orlando Magic,1,7,44,Made Shot,Pullup Jump shot,2PT Field Goal,Mid-Range,Left Side(L),16-24 ft.,16.0,-139.0,91.0,1,1,20131124,ORL,PHX
Shot Chart Detail,0021300199,36,201167,Arron Afflalo,1610612753,Orlando Magic,1,6,35,Missed Shot,Pullup Jump shot,2PT Field Goal,Mid-Range,Right Side(R),8-16 ft.,14.0,146.0,-5.0,1,0,20131124,ORL,PHX
Shot Chart Detail,0021300199,189,201167,Arron Afflalo,1610612753,Orlando Magic,2,4,23,Missed Shot,Turnaround Jump Shot,2PT Field Goal,In The Paint (Non-RA),Center(C),8-16 ft.,8.0,6.0,80.0,1,0,20131124,ORL,PHX
Shot Chart Detail,0021300199,221,201167,Arron Afflalo,1610612753,Orlando Magic,2,1,56,Missed Shot,Jump Shot,2PT Field Goal,Mid-Range,Right Side Center(RC),16-24 ft.,20.0,159.0,127.0,1,0,20131124,ORL,PHX
Shot Chart Detail,0021300199,227,201167,Arron Afflalo,1610612753,Orlando Magic,2,1,19,Missed Shot,Layup Shot,2PT Field Goal,Restricted Area,Center(C),Less Than 8 ft.,1.0,-5.0,11.0,1,0,20131124,ORL,PHX
Shot Chart Detail,0021300199,229,201167,Arron Afflalo,1610612753,Orlando Magic,2,1,12,Made Shot,Driving Reverse Layup Shot,2PT Field Goal,Restricted Area,Center(C),Less Than 8 ft.,2.0,4.0,23.0,1,1,20131124,ORL,PHX
Shot Chart Detail,0021300199,245,201167,Arron Afflalo,1610612753,Orlando Magic,3,11,26,Made Shot,Fadeaway Jump Shot,2PT Field Goal,Mid-Range,Left Side(L),8-16 ft.,13.0,-125.0,53.0,1,1,20131124,ORL,PHX
Shot Chart Detail,0021300199,261,201167,Arron Afflalo,1610612753,Orlando Magic,3,8,51,Missed Shot,Jump Shot,2PT Field Goal,Mid-Range,Right Side(R),8-16 ft.,10.0,102.0,11.0,1,0,20131124,ORL,PHX
Shot Chart Detail,0021300199,290,201167,Arron Afflalo,1610612753,Orlando Magic,3,6,21,Made Shot,Running Jump Shot,2PT Field Goal,Restricted Area,Center(C),Less Than 8 ft.,3.0,-8.0,31.0,1,1,20131124,ORL,PHX
Shot Chart Detail,0021300199,423,201167,Arron Afflalo,1610612753,Orlando Magic,4,5,12,Missed Shot,Step Back Jump shot,2PT Field Goal,Mid-Range,Right Side Center(RC),16-24 ft.,17.0,132.0,110.0,1,0,20131124,ORL,PHX
Shot Chart Detail,0021300199,461,201167,Arron Afflalo,1610612753,Orlando Magic,4,1,12,Missed Shot,Jump Shot,3PT Field Goal,Above the Break 3,Left Side Center(LC),24+ ft.,26.0,-147.0,216.0,1,0,20131124,ORL,PHX
Shot Chart Detail,0021300199,468,201167,Arron Afflalo,1610612753,Orlando Magic,4,0,10,Made Shot,Driving Dunk Shot,2PT Field Goal,Restricted Area,Center(C),Less Than 8 ft.,1.0,-5.0,17.0,1,1,20131124,ORL,PHX
Shot Chart Detail,0021300213,28,201167,Arron Afflalo,1610612753,Orlando Magic,1,7,39,Made Shot,Fadeaway Jump Shot,2PT Field Goal,Mid-Range,Left Side(L),16-24 ft.,17.0,-144.0,99.0,1,1,20131126,ATL,ORL
Shot Chart Detail,0021300213,35,201167,Arron Afflalo,1610612753,Orlando Magic,1,7,15,Made Shot,Jump Shot,3PT Field Goal,Above the Break 3,Right Side Center(RC),24+ ft.,25.0,141.0,216.0,1,1,20131126,ATL,ORL
Shot Chart Detail,0021300213,38,201167,Arron Afflalo,1610612753,Orlando Magic,1,6,41,Missed Shot,Turnaround Fadeaway shot,2PT Field Goal,Mid-Range,Right Side(R),16-24 ft.,16.0,166.0,7.0,1,0,20131126,ATL,ORL
Shot Chart Detail,0021300213,123,201167,Arron Afflalo,1610612753,Orlando Magic,2,10,35,Missed Shot,Driving Layup Shot,2PT Field Goal,Restricted Area,Center(C),Less Than 8 ft.,1.0,-8.0,12.0,1,0,20131126,ATL,ORL
Shot Chart Detail,0021300213,151,201167,Arron Afflalo,1610612753,Orlando Magic,2,7,24,Missed Shot,Driving Layup Shot,2PT Field Goal,Restricted Area,Center(C),Less Than 8 ft.,1.0,-10.0,0.0,1,0,20131126,ATL,ORL
Shot Chart Detail,0021300213,178,201167,Arron Afflalo,1610612753,Orlando Magic,2,5,6,Made Shot,Jump Shot,2PT Field Goal,Mid-Range,Left Side Center(LC),16-24 ft.,18.0,-79.0,167.0,1,1,20131126,ATL,ORL
Shot Chart Detail,0021300213,185,201167,Arron Afflalo,1610612753,Orlando Magic,2,4,35,Missed Shot,Turnaround Jump Shot,2PT Field Goal,Mid-Range,Left Side(L),8-16 ft.,13.0,-128.0,33.0,1,0,20131126,ATL,ORL
Shot Chart Detail,0021300213,187,201167,Arron Afflalo,1610612753,Orlando Magic,2,4,29,Made Shot,Jump Shot,3PT Field Goal,Left Corner 3,Left Side(L),24+ ft.,23.0,-229.0,67.0,1,1,20131126,ATL,ORL
Shot Chart Detail,0021300213,228,201167,Arron Afflalo,1610612753,Orlando Magic,2,1,41,Missed Shot,Fadeaway Jump Shot,2PT Field Goal,Mid-Range,Right Side(R),16-24 ft.,18.0,182.0,47.0,1,0,20131126,ATL,ORL
Shot Chart Detail,0021300213,238,201167,Arron Afflalo,1610612753,Orlando Magic,2,0,50,Made Shot,Jump Shot,3PT Field Goal,Above the Break 3,Center(C),24+ ft.,25.0,61.0,244.0,1,1,20131126,ATL,ORL
Shot Chart Detail,0021300213,273,201167,Arron Afflalo,1610612753,Orlando Magic,3,10,48,Missed Shot,Jump Shot,3PT Field Goal,Left Corner 3,Left Side(L),24+ ft.,23.0,-229.0,60.0,1,0,20131126,ATL,ORL
Shot Chart Detail,0021300213,299,201167,Arron Afflalo,1610612753,Orlando Magic,3,8,14,Missed Shot,Jump Shot,3PT Field Goal,Above the Break 3,Left Side Center(LC),24+ ft.,24.0,-125.0,216.0,1,0,20131126,ATL,ORL
Shot Chart Detail,0021300213,304,201167,Arron Afflalo,1610612753,Orlando Magic,3,7,17,Made Shot,Running Layup Shot,2PT Field Goal,Restricted Area,Center(C),Less Than 8 ft.,1.0,13.0,1.0,1,1,20131126,ATL,ORL
Shot Chart Detail,0021300213,307,201167,Arron Afflalo,1610612753,Orlando Magic,3,7,0,Made Shot,Running Layup Shot,2PT Field Goal,Restricted Area,Center(C),Less Than 8 ft.,0.0,9.0,4.0,1,1,20131126,ATL,ORL
Shot Chart Detail,0021300213,321,201167,Arron Afflalo,1610612753,Orlando Magic,3,5,9,Made Shot,Jump Shot,3PT Field Goal,Above the Break 3,Left Side Center(LC),24+ ft.,25.0,-210.0,138.0,1,1,20131126,ATL,ORL
Shot Chart Detail,0021300213,357,201167,Arron Afflalo,1610612753,Orlando Magic,3,2,24,Made Shot,Jump Shot,2PT Field Goal,Mid-Range,Right Side(R),16-24 ft.,19.0,195.0,36.0,1,1,20131126,ATL,ORL
Shot Chart Detail,0021300213,410,201167,Arron Afflalo,1610612753,Orlando Magic,4,9,12,Missed Shot,Jump Shot,3PT Field Goal,Above the Break 3,Center(C),24+ ft.,24.0,-57.0,239.0,1,0,20131126,ATL,ORL
Shot Chart Detail,0021300213,420,201167,Arron Afflalo,1610612753,Orlando Magic,4,8,11,Missed Shot,Layup Shot,2PT Field Goal,Restricted Area,Center(C),Less Than 8 ft.,0.0,-5.0,1.0,1,0,20131126,ATL,ORL
Shot Chart Detail,0021300216,9,201167,Arron Afflalo,1610612753,Orlando Magic,1,10,27,Made Shot,Jump Shot,2PT Field Goal,Mid-Range,Left Side(L),8-16 ft.,13.0,-92.0,102.0,1,1,20131127,ORL,PHI
Shot Chart Detail,0021300216,24,201167,Arron Afflalo,1610612753,Orlando Magic,1,8,14,Missed Shot,Pullup Jump shot,2PT Field Goal,Mid-Range,Left Side Center(LC),16-24 ft.,16.0,-95.0,132.0,1,0,20131127,ORL,PHI
Shot Chart Detail,0021300216,57,201167,Arron Afflalo,1610612753,Orlando Magic,1,5,57,Missed Shot,Driving Layup Shot,2PT Field Goal,Restricted Area,Center(C),Less Than 8 ft.,2.0,13.0,23.0,1,0,20131127,ORL,PHI
Shot Chart Detail,0021300216,227,201167,Arron Afflalo,1610612753,Orlando Magic,2,2,58,Missed Shot,Jump Shot,2PT Field Goal,Mid-Range,Right Side(R),16-24 ft.,19.0,176.0,88.0,1,0,20131127,ORL,PHI
Shot Chart Detail,0021300216,248,201167,Arron Afflalo,1610612753,Orlando Magic,2,0,59,Missed Shot,Fadeaway Jump Shot,2PT Field Goal,In The Paint (Non-RA),Right Side(R),8-16 ft.,12.0,64.0,102.0,1,0,20131127,ORL,PHI
Shot Chart Detail,0021300216,261,201167,Arron Afflalo,1610612753,Orlando Magic,3,11,40,Missed Shot,Jump Shot,2PT Field Goal,Mid-Range,Right Side Center(RC),16-24 ft.,21.0,122.0,176.0,1,0,20131127,ORL,PHI
Shot Chart Detail,0021300216,278,201167,Arron Afflalo,1610612753,Orlando Magic,3,9,45,Missed Shot,Turnaround Jump Shot,2PT Field Goal,Mid-Range,Left Side(L),8-16 ft.,13.0,-122.0,58.0,1,0,20131127,ORL,PHI
Shot Chart Detail,0021300216,298,201167,Arron Afflalo,1610612753,Orlando Magic,3,6,48,Missed Shot,Jump Shot,3PT Field Goal,Above the Break 3,Left Side Center(LC),24+ ft.,26.0,-120.0,235.0,1,0,20131127,ORL,PHI
Shot Chart Detail,0021300216,320,201167,Arron Afflalo,1610612753,Orlando Magic,3,4,32,Missed Shot,Pullup Jump shot,2PT Field Goal,Mid-Range,Right Side Center(RC),16-24 ft.,18.0,61.0,179.0,1,0,20131127,ORL,PHI
Shot Chart Detail,0021300216,322,201167,Arron Afflalo,1610612753,Orlando Magic,3,4,23,Made Shot,Jump Shot,2PT Field Goal,Mid-Range,Right Side(R),16-24 ft.,17.0,173.0,30.0,1,1,20131127,ORL,PHI
Shot Chart Detail,0021300216,324,201167,Arron Afflalo,1610612753,Orlando Magic,3,3,40,Made Shot,Jump Shot,2PT Field Goal,Mid-Range,Left Side(L),16-24 ft.,20.0,-175.0,107.0,1,1,20131127,ORL,PHI
Shot Chart Detail,0021300216,399,201167,Arron Afflalo,1610612753,Orlando Magic,4,8,8,Missed Shot,Jump Shot,3PT Field Goal,Above the Break 3,Left Side Center(LC),24+ ft.,25.0,-123.0,222.0,1,0,20131127,ORL,PHI
Shot Chart Detail,0021300216,413,201167,Arron Afflalo,1610612753,Orlando Magic,4,6,49,Made Shot,Driving Reverse Layup Shot,2PT Field Goal,Restricted Area,Center(C),Less Than 8 ft.,2.0,-4.0,20.0,1,1,20131127,ORL,PHI
Shot Chart Detail,0021300216,446,201167,Arron Afflalo,1610612753,Orlando Magic,4,4,4,Made Shot,Driving Layup Shot,2PT Field Goal,Restricted Area,Center(C),Less Than 8 ft.,1.0,12.0,14.0,1,1,20131127,ORL,PHI
Shot Chart Detail,0021300216,478,201167,Arron Afflalo,1610612753,Orlando Magic,4,2,32,Made Shot,Turnaround Jump Shot,2PT Field Goal,In The Paint (Non-RA),Center(C),8-16 ft.,9.0,17.0,96.0,1,1,20131127,ORL,PHI
Shot Chart Detail,0021300229,25,201167,Arron Afflalo,1610612753,Orlando Magic,1,8,46,Made Shot,Jump Shot,2PT Field Goal,Mid-Range,Right Side Center(RC),16-24 ft.,17.0,119.0,134.0,1,1,20131129,ORL,SAS
Shot Chart Detail,0021300229,32,201167,Arron Afflalo,1610612753,Orlando Magic,1,7,11,Missed Shot,Jump Shot,2PT Field Goal,Mid-Range,Left Side(L),8-16 ft.,13.0,-114.0,74.0,1,0,20131129,ORL,SAS
Shot Chart Detail,0021300229,53,201167,Arron Afflalo,1610612753,Orlando Magic,1,5,13,Made Shot,Driving Layup Shot,2PT Field Goal,Restricted Area,Center(C),Less Than 8 ft.,0.0,-7.0,7.0,1,1,20131129,ORL,SAS
Shot Chart Detail,0021300229,67,201167,Arron Afflalo,1610612753,Orlando Magic,1,4,3,Missed Shot,Jump Shot,3PT Field Goal,Left Corner 3,Left Side(L),24+ ft.,23.0,-232.0,14.0,1,0,20131129,ORL,SAS
Shot Chart Detail,0021300229,96,201167,Arron Afflalo,1610612753,Orlando Magic,1,0,55,Made Shot,Jump Shot,2PT Field Goal,Mid-Range,Right Side(R),8-16 ft.,11.0,91.0,78.0,1,1,20131129,ORL,SAS
Shot Chart Detail,0021300229,189,201167,Arron Afflalo,1610612753,Orlando Magic,2,2,55,Missed Shot,Layup Shot,2PT Field Goal,Restricted Area,Center(C),Less Than 8 ft.,1.0,-10.0,-17.0,1,0,20131129,ORL,SAS
Shot Chart Detail,0021300229,216,201167,Arron Afflalo,1610612753,Orlando Magic,2,1,32,Missed Shot,Driving Layup Shot,2PT Field Goal,Restricted Area,Center(C),Less Than 8 ft.,1.0,-5.0,15.0,1,0,20131129,ORL,SAS
Shot Chart Detail,0021300229,251,201167,Arron Afflalo,1610612753,Orlando Magic,3,10,37,Made Shot,Jump Shot,2PT Field Goal,Mid-Range,Left Side(L),8-16 ft.,15.0,-95.0,123.0,1,1,20131129,ORL,SAS
Shot Chart Detail,0021300229,287,201167,Arron Afflalo,1610612753,Orlando Magic,3,7,21,Missed Shot,Running Jump Shot,2PT Field Goal,In The Paint (Non-RA),Center(C),8-16 ft.,8.0,0.0,86.0,1,0,20131129,ORL,SAS
Shot Chart Detail,0021300229,314,201167,Arron Afflalo,1610612753,Orlando Magic,3,4,54,Missed Shot,Jump Shot,3PT Field Goal,Above the Break 3,Left Side Center(LC),24+ ft.,27.0,-191.0,195.0,1,0,20131129,ORL,SAS
Shot Chart Detail,0021300229,394,201167,Arron Afflalo,1610612753,Orlando Magic,4,8,39,Missed Shot,Jump Shot,3PT Field Goal,Above the Break 3,Left Side Center(LC),24+ ft.,24.0,-116.0,219.0,1,0,20131129,ORL,SAS
Shot Chart Detail,0021300229,400,201167,Arron Afflalo,1610612753,Orlando Magic,4,7,44,Missed Shot,Jump Shot,2PT Field Goal,Mid-Range,Left Side(L),8-16 ft.,11.0,-103.0,56.0,1,0,20131129,ORL,SAS
Shot Chart Detail,0021300229,403,201167,Arron Afflalo,1610612753,Orlando Magic,4,7,11,Made Shot,Jump Shot,2PT Field Goal,Mid-Range,Left Side Center(LC),16-24 ft.,17.0,-139.0,107.0,1,1,20131129,ORL,SAS
Shot Chart Detail,0021300229,410,201167,Arron Afflalo,1610612753,Orlando Magic,4,5,54,Made Shot,Driving Layup Shot,2PT Field Goal,Restricted Area,Center(C),Less Than 8 ft.,2.0,2.0,20.0,1,1,20131129,ORL,SAS
Shot Chart Detail,0021300256,2,201167,Arron Afflalo,1610612753,Orlando Magic,1,11,45,Made Shot,Jump Shot,2PT Field Goal,Mid-Range,Left Side Center(LC),16-24 ft.,19.0,-116.0,154.0,1,1,20131202,WAS,ORL
Shot Chart Detail,0021300256,31,201167,Arron Afflalo,1610612753,Orlando Magic,1,8,43,Missed Shot,Jump Shot,2PT Field Goal,Mid-Range,Left Side(L),8-16 ft.,14.0,-136.0,47.0,1,0,20131202,WAS,ORL
Shot Chart Detail,0021300256,60,201167,Arron Afflalo,1610612753,Orlando Magic,1,5,15,Made Shot,Running Layup Shot,2PT Field Goal,Restricted Area,Center(C),Less Than 8 ft.,1.0,-16.0,7.0,1,1,20131202,WAS,ORL
Shot Chart Detail,0021300256,129,201167,Arron Afflalo,1610612753,Orlando Magic,1,0,55,Made Shot,Driving Jump shot,2PT Field Goal,In The Paint (Non-RA),Center(C),Less Than 8 ft.,4.0,-19.0,41.0,1,1,20131202,WAS,ORL
Shot Chart Detail,0021300256,140,201167,Arron Afflalo,1610612753,Orlando Magic,1,0,1,Made Shot,Step Back Jump shot,2PT Field Goal,Mid-Range,Left Side Center(LC),16-24 ft.,19.0,-144.0,132.0,1,1,20131202,WAS,ORL
Shot Chart Detail,0021300256,146,201167,Arron Afflalo,1610612753,Orlando Magic,2,11,29,Made Shot,Step Back Jump shot,2PT Field Goal,Mid-Range,Left Side Center(LC),16-24 ft.,19.0,-76.0,181.0,1,1,20131202,WAS,ORL
Shot Chart Detail,0021300256,162,201167,Arron Afflalo,1610612753,Orlando Magic,2,9,32,Made Shot,Layup Shot,2PT Field Goal,Restricted Area,Center(C),Less Than 8 ft.,0.0,4.0,-5.0,1,1,20131202,WAS,ORL
Shot Chart Detail,0021300256,168,201167,Arron Afflalo,1610612753,Orlando Magic,2,8,49,Missed Shot,Jump Shot,2PT Field Goal,Mid-Range,Right Side(R),16-24 ft.,19.0,190.0,0.0,1,0,20131202,WAS,ORL
Shot Chart Detail,0021300256,193,201167,Arron Afflalo,1610612753,Orlando Magic,2,6,22,Missed Shot,Jump Shot,2PT Field Goal,Mid-Range,Right Side(R),16-24 ft.,17.0,177.0,30.0,1,0,20131202,WAS,ORL
Shot Chart Detail,0021300256,220,201167,Arron Afflalo,1610612753,Orlando Magic,2,4,30,Made Shot,Jump Shot,2PT Field Goal,Mid-Range,Left Side(L),8-16 ft.,15.0,-130.0,93.0,1,1,20131202,WAS,ORL
Shot Chart Detail,0021300256,268,201167,Arron Afflalo,1610612753,Orlando Magic,2,0,30,Made Shot,Jump Shot,2PT Field Goal,Mid-Range,Left Side(L),16-24 ft.,18.0,-182.0,45.0,1,1,20131202,WAS,ORL
Shot Chart Detail,0021300256,300,201167,Arron Afflalo,1610612753,Orlando Magic,3,8,49,Missed Shot,Jump Shot,2PT Field Goal,In The Paint (Non-RA),Center(C),Less Than 8 ft.,7.0,67.0,30.0,1,0,20131202,WAS,ORL
Shot Chart Detail,0021300256,361,201167,Arron Afflalo,1610612753,Orlando Magic,3,4,13,Missed Shot,Jump Shot,3PT Field Goal,Above the Break 3,Center(C),24+ ft.,26.0,-48.0,261.0,1,0,20131202,WAS,ORL
Shot Chart Detail,0021300256,366,201167,Arron Afflalo,1610612753,Orlando Magic,3,3,46,Missed Shot,Jump Shot,2PT Field Goal,Mid-Range,Left Side Center(LC),16-24 ft.,20.0,-64.0,192.0,1,0,20131202,WAS,ORL
Shot Chart Detail,0021300256,374,201167,Arron Afflalo,1610612753,Orlando Magic,3,2,26,Made Shot,Layup Shot,2PT Field Goal,Restricted Area,Center(C),Less Than 8 ft.,1.0,17.0,6.0,1,1,20131202,WAS,ORL
Shot Chart Detail,0021300256,381,201167,Arron Afflalo,1610612753,Orlando Magic,3,1,18,Made Shot,Step Back Jump shot,2PT Field Goal,Mid-Range,Right Side(R),8-16 ft.,11.0,92.0,63.0,1,1,20131202,WAS,ORL
Shot Chart Detail,0021300261,14,201167,Arron Afflalo,1610612753,Orlando Magic,1,10,1,Made Shot,Jump Shot,3PT Field Goal,Above the Break 3,Left Side Center(LC),24+ ft.,25.0,-97.0,233.0,1,1,20131203,PHI,ORL
Shot Chart Detail,0021300261,17,201167,Arron Afflalo,1610612753,Orlando Magic,1,9,31,Missed Shot,Step Back Jump shot,2PT Field Goal,Mid-Range,Left Side Center(LC),16-24 ft.,16.0,-119.0,116.0,1,0,20131203,PHI,ORL
Shot Chart Detail,0021300261,51,201167,Arron Afflalo,1610612753,Orlando Magic,1,5,36,Made Shot,Jump Shot,2PT Field Goal,Mid-Range,Left Side(L),16-24 ft.,20.0,-193.0,63.0,1,1,20131203,PHI,ORL
Shot Chart Detail,0021300261,62,201167,Arron Afflalo,1610612753,Orlando Magic,1,4,47,Missed Shot,Jump Shot,3PT Field Goal,Above the Break 3,Right Side Center(RC),24+ ft.,25.0,111.0,235.0,1,0,20131203,PHI,ORL
Shot Chart Detail,0021300261,68,201167,Arron Afflalo,1610612753,Orlando Magic,1,3,54,Made Shot,Pullup Jump shot,2PT Field Goal,In The Paint (Non-RA),Right Side(R),8-16 ft.,8.0,72.0,37.0,1,1,20131203,PHI,ORL
Shot Chart Detail,0021300261,115,201167,Arron Afflalo,1610612753,Orlando Magic,1,1,7,Made Shot,Layup Shot,2PT Field Goal,Restricted Area,Center(C),Less Than 8 ft.,2.0,24.0,0.0,1,1,20131203,PHI,ORL
Shot Chart Detail,0021300261,148,201167,Arron Afflalo,1610612753,Orlando Magic,2,10,41,Made Shot,Pullup Jump shot,2PT Field Goal,Mid-Range,Left Side(L),16-24 ft.,17.0,-169.0,-21.0,1,1,20131203,PHI,ORL
Shot Chart Detail,0021300261,245,201167,Arron Afflalo,1610612753,Orlando Magic,2,1,45,Missed Shot,Jump Shot,2PT Field Goal,Mid-Range,Left Side(L),16-24 ft.,18.0,-179.0,39.0,1,0,20131203,PHI,ORL
Shot Chart Detail,0021300261,250,201167,Arron Afflalo,1610612753,Orlando Magic,2,1,24,Made Shot,Layup Shot,2PT Field Goal,Restricted Area,Center(C),Less Than 8 ft.,0.0,4.0,1.0,1,1,20131203,PHI,ORL
Shot Chart Detail,0021300261,286,201167,Arron Afflalo,1610612753,Orlando Magic,3,10,54,Made Shot,Jump Shot,2PT Field Goal,Mid-Range,Left Side Center(LC),16-24 ft.,22.0,-171.0,140.0,1,1,20131203,PHI,ORL
Shot Chart Detail,0021300261,304,201167,Arron Afflalo,1610612753,Orlando Magic,3,7,57,Made Shot,Jump Shot,3PT Field Goal,Above the Break 3,Center(C),24+ ft.,24.0,-27.0,247.0,1,1,20131203,PHI,ORL
Shot Chart Detail,0021300261,311,201167,Arron Afflalo,1610612753,Orlando Magic,3,7,22,Missed Shot,Jump Shot,2PT Field Goal,Mid-Range,Right Side Center(RC),16-24 ft.,17.0,114.0,132.0,1,0,20131203,PHI,ORL
Shot Chart Detail,0021300261,321,201167,Arron Afflalo,1610612753,Orlando Magic,3,6,24,Missed Shot,Jump Shot,3PT Field Goal,Left Corner 3,Left Side(L),24+ ft.,23.0,-234.0,-13.0,1,0,20131203,PHI,ORL
Shot Chart Detail,0021300261,414,201167,Arron Afflalo,1610612753,Orlando Magic,4,8,28,Made Shot,Jump Shot,2PT Field Goal,Mid-Range,Left Side(L),16-24 ft.,19.0,-193.0,-14.0,1,1,20131203,PHI,ORL
Shot Chart Detail,0021300261,420,201167,Arron Afflalo,1610612753,Orlando Magic,4,7,33,Missed Shot,Jump Shot,2PT Field Goal,Mid-Range,Left Side Center(LC),16-24 ft.,21.0,-138.0,162.0,1,0,20131203,PHI,ORL
Shot Chart Detail,0021300261,459,201167,Arron Afflalo,1610612753,Orlando Magic,4,4,47,Missed Shot,Jump Shot,3PT Field Goal,Above the Break 3,Left Side Center(LC),24+ ft.,24.0,-201.0,143.0,1,0,20131203,PHI,ORL
Shot Chart Detail,0021300261,464,201167,Arron Afflalo,1610612753,Orlando Magic,4,4,16,Made Shot,Jump Shot,3PT Field Goal,Left Corner 3,Left Side(L),24+ ft.,22.0,-226.0,0.0,1,1,20131203,PHI,ORL
Shot Chart Detail,0021300261,472,201167,Arron Afflalo,1610612753,Orlando Magic,4,2,46,Made Shot,Jump Shot,2PT Field Goal,Mid-Range,Left Side Center(LC),16-24 ft.,21.0,-171.0,129.0,1,1,20131203,PHI,ORL
Shot Chart Detail,0021300261,508,201167,Arron Afflalo,1610612753,Orlando Magic,4,0,48,Made Shot,Jump Shot,3PT Field Goal,Above the Break 3,Center(C),24+ ft.,25.0,-21.0,257.0,1,1,20131203,PHI,ORL
Shot Chart Detail,0021300261,529,201167,Arron Afflalo,1610612753,Orlando Magic,5,3,6,Missed Shot,Jump Shot,3PT Field Goal,Right Corner 3,Right Side(R),24+ ft.,22.0,228.0,23.0,1,0,20131203,PHI,ORL
Shot Chart Detail,0021300261,547,201167,Arron Afflalo,1610612753,Orlando Magic,5,1,19,Made Shot,Driving Layup Shot,2PT Field Goal,Restricted Area,Center(C),Less Than 8 ft.,2.0,26.0,12.0,1,1,20131203,PHI,ORL
Shot Chart Detail,0021300261,601,201167,Arron Afflalo,1610612753,Orlando Magic,6,4,7,Missed Shot,Jump Shot,3PT Field Goal,Left Corner 3,Left Side(L),24+ ft.,23.0,-232.0,-19.0,1,0,20131203,PHI,ORL
Shot Chart Detail,0021300261,629,201167,Arron Afflalo,1610612753,Orlando Magic,6,1,19,Missed Shot,Jump Shot,3PT Field Goal,Above the Break 3,Center(C),24+ ft.,25.0,-37.0,252.0,1,0,20131203,PHI,ORL
Shot Chart Detail,0021300261,637,201167,Arron Afflalo,1610612753,Orlando Magic,6,0,52,Missed Shot,Jump Shot,2PT Field Goal,In The Paint (Non-RA),Center(C),8-16 ft.,8.0,0.0,88.0,1,0,20131203,PHI,ORL
Shot Chart Detail,0021300261,640,201167,Arron Afflalo,1610612753,Orlando Magic,6,0,26,Missed Shot,Jump Shot,3PT Field Goal,Above the Break 3,Center(C),24+ ft.,25.0,69.0,250.0,1,0,20131203,PHI,ORL
Shot Chart Detail,0021300261,660,201167,Arron Afflalo,1610612753,Orlando Magic,6,0,6,Missed Shot,Jump Shot,3PT Field Goal,Above the Break 3,Left Side Center(LC),24+ ft.,26.0,-183.0,189.0,1,0,20131203,PHI,ORL
Shot Chart Detail,0021300261,681,201167,Arron Afflalo,1610612753,Orlando Magic,6,0,0,Made Shot,Jump Shot,3PT Field Goal,Above the Break 3,Left Side Center(LC),24+ ft.,24.0,-158.0,192.0,1,1,20131203,PHI,ORL
Shot Chart Detail,0021300284,4,201167,Arron Afflalo,1610612753,Orlando Magic,1,11,24,Made Shot,Layup Shot,2PT Field Goal,Restricted Area,Center(C),Less Than 8 ft.,2.0,23.0,3.0,1,1,20131206,NYK,ORL
Shot Chart Detail,0021300284,7,201167,Arron Afflalo,1610612753,Orlando Magic,1,10,45,Made Shot,Jump Shot,2PT Field Goal,Mid-Range,Right Side(R),16-24 ft.,18.0,176.0,39.0,1,1,20131206,NYK,ORL
Shot Chart Detail,0021300284,44,201167,Arron Afflalo,1610612753,Orlando Magic,1,7,18,Missed Shot,Jump Shot,2PT Field Goal,Mid-Range,Left Side Center(LC),16-24 ft.,22.0,-86.0,205.0,1,0,20131206,NYK,ORL
Shot Chart Detail,0021300284,73,201167,Arron Afflalo,1610612753,Orlando Magic,1,4,15,Made Shot,Jump Shot,3PT Field Goal,Left Corner 3,Left Side(L),24+ ft.,22.0,-221.0,14.0,1,1,20131206,NYK,ORL
Shot Chart Detail,0021300284,95,201167,Arron Afflalo,1610612753,Orlando Magic,1,1,36,Missed Shot,Layup Shot,2PT Field Goal,Restricted Area,Center(C),Less Than 8 ft.,2.0,18.0,11.0,1,0,20131206,NYK,ORL
Shot Chart Detail,0021300284,102,201167,Arron Afflalo,1610612753,Orlando Magic,1,0,41,Made Shot,Jump Shot,3PT Field Goal,Above the Break 3,Right Side Center(RC),24+ ft.,25.0,217.0,129.0,1,1,20131206,NYK,ORL
Shot Chart Detail,0021300284,150,201167,Arron Afflalo,1610612753,Orlando Magic,2,7,43,Made Shot,Jump Shot,2PT Field Goal,Mid-Range,Left Side Center(LC),16-24 ft.,18.0,-130.0,138.0,1,1,20131206,NYK,ORL
Shot Chart Detail,0021300284,153,201167,Arron Afflalo,1610612753,Orlando Magic,2,6,59,Made Shot,Jump Shot,2PT Field Goal,In The Paint (Non-RA),Center(C),Less Than 8 ft.,7.0,-35.0,61.0,1,1,20131206,NYK,ORL
Shot Chart Detail,0021300284,187,201167,Arron Afflalo,1610612753,Orlando Magic,2,4,20,Missed Shot,Jump Shot,3PT Field Goal,Above the Break 3,Right Side Center(RC),24+ ft.,25.0,195.0,167.0,1,0,20131206,NYK,ORL
Shot Chart Detail,0021300284,237,201167,Arron Afflalo,1610612753,Orlando Magic,2,1,9,Missed Shot,Jump Shot,3PT Field Goal,Right Corner 3,Right Side(R),24+ ft.,23.0,237.0,-27.0,1,0,20131206,NYK,ORL
Shot Chart Detail,0021300284,254,201167,Arron Afflalo,1610612753,Orlando Magic,3,11,46,Made Shot,Jump Shot,2PT Field Goal,Mid-Range,Left Side Center(LC),16-24 ft.,21.0,-172.0,129.0,1,1,20131206,NYK,ORL
Shot Chart Detail,0021300284,257,201167,Arron Afflalo,1610612753,Orlando Magic,3,10,56,Missed Shot,Jump Shot,3PT Field Goal,Above the Break 3,Right Side Center(RC),24+ ft.,24.0,160.0,190.0,1,0,20131206,NYK,ORL
Shot Chart Detail,0021300284,294,201167,Arron Afflalo,1610612753,Orlando Magic,3,6,42,Missed Shot,Driving Layup Shot,2PT Field Goal,Restricted Area,Center(C),Less Than 8 ft.,2.0,-23.0,3.0,1,0,20131206,NYK,ORL
Shot Chart Detail,0021300284,314,201167,Arron Afflalo,1610612753,Orlando Magic,3,4,48,Made Shot,Driving Layup Shot,2PT Field Goal,Restricted Area,Center(C),Less Than 8 ft.,0.0,-7.0,6.0,1,1,20131206,NYK,ORL
Shot Chart Detail,0021300284,334,201167,Arron Afflalo,1610612753,Orlando Magic,3,3,3,Missed Shot,Layup Shot,2PT Field Goal,Restricted Area,Center(C),Less Than 8 ft.,1.0,17.0,9.0,1,0,20131206,NYK,ORL
Shot Chart Detail,0021300301,24,201167,Arron Afflalo,1610612753,Orlando Magic,1,9,17,Made Shot,Fadeaway Jump Shot,2PT Field Goal,In The Paint (Non-RA),Center(C),8-16 ft.,14.0,67.0,124.0,1,1,20131208,HOU,ORL
Shot Chart Detail,0021300301,50,201167,Arron Afflalo,1610612753,Orlando Magic,1,6,6,Missed Shot,Turnaround Fadeaway shot,2PT Field Goal,In The Paint (Non-RA),Center(C),8-16 ft.,10.0,51.0,91.0,1,0,20131208,HOU,ORL
Shot Chart Detail,0021300301,93,201167,Arron Afflalo,1610612753,Orlando Magic,1,2,1,Made Shot,Pullup Jump shot,2PT Field Goal,Mid-Range,Right Side Center(RC),16-24 ft.,22.0,173.0,145.0,1,1,20131208,HOU,ORL
Shot Chart Detail,0021300301,190,201167,Arron Afflalo,1610612753,Orlando Magic,2,6,58,Missed Shot,Jump Shot,2PT Field Goal,Mid-Range,Left Side Center(LC),16-24 ft.,19.0,-111.0,164.0,1,0,20131208,HOU,ORL
Shot Chart Detail,0021300301,204,201167,Arron Afflalo,1610612753,Orlando Magic,2,6,11,Missed Shot,Jump Shot,3PT Field Goal,Right Corner 3,Right Side(R),24+ ft.,23.0,237.0,0.0,1,0,20131208,HOU,ORL
Shot Chart Detail,0021300301,222,201167,Arron Afflalo,1610612753,Orlando Magic,2,5,12,Missed Shot,Jump Shot,3PT Field Goal,Above the Break 3,Left Side Center(LC),24+ ft.,24.0,-212.0,121.0,1,0,20131208,HOU,ORL
Shot Chart Detail,0021300301,255,201167,Arron Afflalo,1610612753,Orlando Magic,2,2,40,Made Shot,Fadeaway Jump Shot,2PT Field Goal,In The Paint (Non-RA),Center(C),8-16 ft.,8.0,4.0,83.0,1,1,20131208,HOU,ORL
Shot Chart Detail,0021300301,393,201167,Arron Afflalo,1610612753,Orlando Magic,3,4,43,Missed Shot,Driving Layup Shot,2PT Field Goal,Restricted Area,Center(C),Less Than 8 ft.,3.0,31.0,9.0,1,0,20131208,HOU,ORL
Shot Chart Detail,0021300301,404,201167,Arron Afflalo,1610612753,Orlando Magic,3,3,45,Missed Shot,Jump Shot,3PT Field Goal,Above the Break 3,Right Side Center(RC),24+ ft.,25.0,129.0,222.0,1,0,20131208,HOU,ORL
Shot Chart Detail,0021300301,455,201167,Arron Afflalo,1610612753,Orlando Magic,4,11,37,Made Shot,Jump Shot,3PT Field Goal,Left Corner 3,Left Side(L),24+ ft.,23.0,-232.0,6.0,1,1,20131208,HOU,ORL
Shot Chart Detail,0021300301,463,201167,Arron Afflalo,1610612753,Orlando Magic,4,10,41,Made Shot,Floating Jump shot,2PT Field Goal,In The Paint (Non-RA),Center(C),Less Than 8 ft.,5.0,-11.0,50.0,1,1,20131208,HOU,ORL
Shot Chart Detail,0021300301,513,201167,Arron Afflalo,1610612753,Orlando Magic,4,7,6,Missed Shot,Driving Layup Shot,2PT Field Goal,Restricted Area,Center(C),Less Than 8 ft.,1.0,-10.0,17.0,1,0,20131208,HOU,ORL
Shot Chart Detail,0021300301,517,201167,Arron Afflalo,1610612753,Orlando Magic,4,6,52,Made Shot,Turnaround Fadeaway shot,2PT Field Goal,In The Paint (Non-RA),Center(C),Less Than 8 ft.,6.0,-64.0,25.0,1,1,20131208,HOU,ORL
Shot Chart Detail,0021300301,520,201167,Arron Afflalo,1610612753,Orlando Magic,4,6,28,Missed Shot,Pullup Jump shot,3PT Field Goal,Above the Break 3,Right Side Center(RC),24+ ft.,25.0,122.0,220.0,1,0,20131208,HOU,ORL
Shot Chart Detail,0021300301,533,201167,Arron Afflalo,1610612753,Orlando Magic,4,5,31,Missed Shot,Tip Shot,2PT Field Goal,Restricted Area,Center(C),Less Than 8 ft.,1.0,-16.0,0.0,1,0,20131208,HOU,ORL
Shot Chart Detail,0021300301,587,201167,Arron Afflalo,1610612753,Orlando Magic,4,2,28,Missed Shot,Jump Shot,3PT Field Goal,Above the Break 3,Center(C),24+ ft.,25.0,23.0,257.0,1,0,20131208,HOU,ORL
Shot Chart Detail,0021300301,593,201167,Arron Afflalo,1610612753,Orlando Magic,4,1,45,Missed Shot,Driving Layup Shot,2PT Field Goal,Restricted Area,Center(C),Less Than 8 ft.,1.0,-16.0,7.0,1,0,20131208,HOU,ORL
Shot Chart Detail,0021300307,16,201167,Arron Afflalo,1610612753,Orlando Magic,1,9,6,Missed Shot,Turnaround Fadeaway shot,2PT Field Goal,Mid-Range,Right Side(R),8-16 ft.,13.0,135.0,12.0,1,0,20131209,MEM,ORL
Shot Chart Detail,0021300307,34,201167,Arron Afflalo,1610612753,Orlando Magic,1,6,54,Missed Shot,Driving Layup Shot,2PT Field Goal,Restricted Area,Center(C),Less Than 8 ft.,2.0,-10.0,23.0,1,0,20131209,MEM,ORL
Shot Chart Detail,0021300307,146,201167,Arron Afflalo,1610612753,Orlando Magic,2,8,25,Missed Shot,Turnaround Jump Shot,2PT Field Goal,Mid-Range,Right Side(R),8-16 ft.,10.0,84.0,60.0,1,0,20131209,MEM,ORL
Shot Chart Detail,0021300307,161,201167,Arron Afflalo,1610612753,Orlando Magic,2,7,26,Missed Shot,Jump Shot,2PT Field Goal,Mid-Range,Left Side(L),8-16 ft.,8.0,-82.0,7.0,1,0,20131209,MEM,ORL
Shot Chart Detail,0021300307,187,201167,Arron Afflalo,1610612753,Orlando Magic,2,5,12,Made Shot,Turnaround Fadeaway shot,2PT Field Goal,Mid-Range,Left Side(L),8-16 ft.,10.0,-106.0,19.0,1,1,20131209,MEM,ORL
Shot Chart Detail,0021300307,196,201167,Arron Afflalo,1610612753,Orlando Magic,2,4,27,Made Shot,Jump Shot,2PT Field Goal,Mid-Range,Left Side Center(LC),16-24 ft.,22.0,-164.0,149.0,1,1,20131209,MEM,ORL
Shot Chart Detail,0021300307,199,201167,Arron Afflalo,1610612753,Orlando Magic,2,4,0,Made Shot,Jump Shot,2PT Field Goal,Mid-Range,Center(C),16-24 ft.,19.0,-38.0,187.0,1,1,20131209,MEM,ORL
Shot Chart Detail,0021300307,203,201167,Arron Afflalo,1610612753,Orlando Magic,2,2,58,Missed Shot,Jump Shot,3PT Field Goal,Above the Break 3,Left Side Center(LC),24+ ft.,24.0,-191.0,153.0,1,0,20131209,MEM,ORL
Shot Chart Detail,0021300307,298,201167,Arron Afflalo,1610612753,Orlando Magic,3,5,2,Missed Shot,Step Back Jump shot,2PT Field Goal,Mid-Range,Left Side(L),16-24 ft.,18.0,-179.0,48.0,1,0,20131209,MEM,ORL
Shot Chart Detail,0021300307,347,201167,Arron Afflalo,1610612753,Orlando Magic,4,11,34,Made Shot,Jump Shot,2PT Field Goal,Mid-Range,Right Side(R),8-16 ft.,13.0,135.0,4.0,1,1,20131209,MEM,ORL
Shot Chart Detail,0021300307,401,201167,Arron Afflalo,1610612753,Orlando Magic,4,6,59,Missed Shot,Turnaround Jump Shot,2PT Field Goal,In The Paint (Non-RA),Center(C),Less Than 8 ft.,6.0,48.0,41.0,1,0,20131209,MEM,ORL
Shot Chart Detail,0021300307,405,201167,Arron Afflalo,1610612753,Orlando Magic,4,6,35,Made Shot,Jump Shot,3PT Field Goal,Above the Break 3,Right Side Center(RC),24+ ft.,25.0,220.0,124.0,1,1,20131209,MEM,ORL
Shot Chart Detail,0021300307,408,201167,Arron Afflalo,1610612753,Orlando Magic,4,6,12,Missed Shot,Jump Shot,2PT Field Goal,Mid-Range,Right Side(R),8-16 ft.,14.0,143.0,31.0,1,0,20131209,MEM,ORL
Shot Chart Detail,0021300307,453,201167,Arron Afflalo,1610612753,Orlando Magic,4,2,10,Missed Shot,Jump Shot,3PT Field Goal,Left Corner 3,Left Side(L),24+ ft.,22.0,-224.0,14.0,1,0,20131209,MEM,ORL
Shot Chart Detail,0021300307,468,201167,Arron Afflalo,1610612753,Orlando Magic,4,1,7,Missed Shot,Jump Shot,3PT Field Goal,Above the Break 3,Left Side Center(LC),24+ ft.,24.0,-134.0,201.0,1,0,20131209,MEM,ORL
Shot Chart Detail,0021300307,487,201167,Arron Afflalo,1610612753,Orlando Magic,4,0,13,Missed Shot,Driving Layup Shot,2PT Field Goal,Restricted Area,Center(C),Less Than 8 ft.,1.0,0.0,15.0,1,0,20131209,MEM,ORL
Shot Chart Detail,0021300318,25,201167,Arron Afflalo,1610612753,Orlando Magic,1,8,57,Missed Shot,Fadeaway Jump Shot,2PT Field Goal,Mid-Range,Left Side(L),8-16 ft.,11.0,-98.0,61.0,1,0,20131211,CHA,ORL
Shot Chart Detail,0021300318,48,201167,Arron Afflalo,1610612753,Orlando Magic,1,6,6,Made Shot,Turnaround Jump Shot,2PT Field Goal,Mid-Range,Right Side(R),8-16 ft.,11.0,111.0,26.0,1,1,20131211,CHA,ORL
Shot Chart Detail,0021300318,71,201167,Arron Afflalo,1610612753,Orlando Magic,1,4,33,Missed Shot,Jump Shot,2PT Field Goal,Mid-Range,Left Side(L),16-24 ft.,16.0,-169.0,4.0,1,0,20131211,CHA,ORL
Shot Chart Detail,0021300318,89,201167,Arron Afflalo,1610612753,Orlando Magic,1,1,55,Missed Shot,Jump Shot,2PT Field Goal,Mid-Range,Right Side(R),16-24 ft.,16.0,157.0,58.0,1,0,20131211,CHA,ORL
Shot Chart Detail,0021300318,91,201167,Arron Afflalo,1610612753,Orlando Magic,1,1,50,Missed Shot,Jump Shot,2PT Field Goal,Mid-Range,Right Side(R),16-24 ft.,18.0,181.0,19.0,1,0,20131211,CHA,ORL
Shot Chart Detail,0021300318,96,201167,Arron Afflalo,1610612753,Orlando Magic,1,1,45,Missed Shot,Jump Shot,3PT Field Goal,Left Corner 3,Left Side(L),24+ ft.,23.0,-237.0,22.0,1,0,20131211,CHA,ORL
Shot Chart Detail,0021300318,185,201167,Arron Afflalo,1610612753,Orlando Magic,2,6,20,Made Shot,Jump Shot,2PT Field Goal,Mid-Range,Right Side(R),8-16 ft.,15.0,151.0,19.0,1,1,20131211,CHA,ORL
Shot Chart Detail,0021300318,198,201167,Arron Afflalo,1610612753,Orlando Magic,2,4,29,Made Shot,Jump Shot,2PT Field Goal,Mid-Range,Left Side(L),16-24 ft.,18.0,-183.0,20.0,1,1,20131211,CHA,ORL
Shot Chart Detail,0021300318,208,201167,Arron Afflalo,1610612753,Orlando Magic,2,3,40,Missed Shot,Jump Shot,3PT Field Goal,Above the Break 3,Right Side Center(RC),24+ ft.,25.0,193.0,168.0,1,0,20131211,CHA,ORL
Shot Chart Detail,0021300318,216,201167,Arron Afflalo,1610612753,Orlando Magic,2,3,5,Missed Shot,Jump Shot,2PT Field Goal,Mid-Range,Left Side(L),16-24 ft.,17.0,-168.0,30.0,1,0,20131211,CHA,ORL
Shot Chart Detail,0021300318,222,201167,Arron Afflalo,1610612753,Orlando Magic,2,2,28,Missed Shot,Turnaround Fadeaway shot,2PT Field Goal,In The Paint (Non-RA),Center(C),8-16 ft.,8.0,-13.0,86.0,1,0,20131211,CHA,ORL
Shot Chart Detail,0021300318,261,201167,Arron Afflalo,1610612753,Orlando Magic,3,11,24,Missed Shot,Jump Shot,2PT Field Goal,Mid-Range,Right Side(R),8-16 ft.,15.0,133.0,83.0,1,0,20131211,CHA,ORL
Shot Chart Detail,0021300318,318,201167,Arron Afflalo,1610612753,Orlando Magic,3,3,49,Made Shot,Jump Shot,3PT Field Goal,Right Corner 3,Right Side(R),24+ ft.,23.0,234.0,52.0,1,1,20131211,CHA,ORL
Shot Chart Detail,0021300318,352,201167,Arron Afflalo,1610612753,Orlando Magic,3,0,36,Missed Shot,Jump Shot,2PT Field Goal,Mid-Range,Left Side(L),16-24 ft.,16.0,-166.0,23.0,1,0,20131211,CHA,ORL
Shot Chart Detail,0021300318,416,201167,Arron Afflalo,1610612753,Orlando Magic,4,5,44,Missed Shot,Jump Shot,2PT Field Goal,In The Paint (Non-RA),Right Side(R),8-16 ft.,8.0,70.0,55.0,1,0,20131211,CHA,ORL
Shot Chart Detail,0021300318,425,201167,Arron Afflalo,1610612753,Orlando Magic,4,5,12,Made Shot,Jump Shot,2PT Field Goal,Mid-Range,Left Side(L),8-16 ft.,13.0,-127.0,56.0,1,1,20131211,CHA,ORL
Shot Chart Detail,0021300318,429,201167,Arron Afflalo,1610612753,Orlando Magic,4,4,28,Made Shot,Jump Shot,2PT Field Goal,Mid-Range,Left Side Center(LC),16-24 ft.,18.0,-116.0,140.0,1,1,20131211,CHA,ORL
Shot Chart Detail,0021300318,435,201167,Arron Afflalo,1610612753,Orlando Magic,4,3,48,Missed Shot,Jump Shot,3PT Field Goal,Above the Break 3,Left Side Center(LC),24+ ft.,25.0,-147.0,203.0,1,0,20131211,CHA,ORL
Shot Chart Detail,0021300330,17,201167,Arron Afflalo,1610612753,Orlando Magic,1,9,29,Made Shot,Jump Shot,3PT Field Goal,Above the Break 3,Left Side Center(LC),24+ ft.,24.0,-188.0,162.0,1,1,20131213,ORL,CLE
Shot Chart Detail,0021300330,19,201167,Arron Afflalo,1610612753,Orlando Magic,1,9,5,Missed Shot,Jump Shot,3PT Field Goal,Left Corner 3,Left Side(L),24+ ft.,23.0,-231.0,-3.0,1,0,20131213,ORL,CLE
Shot Chart Detail,0021300330,56,201167,Arron Afflalo,1610612753,Orlando Magic,1,5,30,Made Shot,Turnaround Fadeaway shot,2PT Field Goal,Mid-Range,Right Side(R),8-16 ft.,11.0,100.0,56.0,1,1,20131213,ORL,CLE
Shot Chart Detail,0021300330,73,201167,Arron Afflalo,1610612753,Orlando Magic,1,3,42,Missed Shot,Jump Shot,2PT Field Goal,Mid-Range,Left Side(L),8-16 ft.,12.0,-125.0,12.0,1,0,20131213,ORL,CLE
Shot Chart Detail,0021300330,88,201167,Arron Afflalo,1610612753,Orlando Magic,1,2,33,Missed Shot,Jump Shot,3PT Field Goal,Left Corner 3,Left Side(L),24+ ft.,22.0,-229.0,-5.0,1,0,20131213,ORL,CLE
Shot Chart Detail,0021300330,95,201167,Arron Afflalo,1610612753,Orlando Magic,1,1,54,Missed Shot,Jump Shot,2PT Field Goal,Mid-Range,Center(C),16-24 ft.,19.0,-19.0,192.0,1,0,20131213,ORL,CLE
Shot Chart Detail,0021300330,157,201167,Arron Afflalo,1610612753,Orlando Magic,2,7,21,Missed Shot,Jump Shot,3PT Field Goal,Above the Break 3,Left Side Center(LC),24+ ft.,24.0,-155.0,195.0,1,0,20131213,ORL,CLE
Shot Chart Detail,0021300330,209,201167,Arron Afflalo,1610612753,Orlando Magic,2,2,37,Made Shot,Jump Shot,2PT Field Goal,Mid-Range,Right Side(R),16-24 ft.,18.0,181.0,37.0,1,1,20131213,ORL,CLE
Shot Chart Detail,0021300330,268,201167,Arron Afflalo,1610612753,Orlando Magic,3,8,15,Made Shot,Driving Layup Shot,2PT Field Goal,Restricted Area,Center(C),Less Than 8 ft.,0.0,4.0,-2.0,1,1,20131213,ORL,CLE
Shot Chart Detail,0021300330,306,201167,Arron Afflalo,1610612753,Orlando Magic,3,4,34,Missed Shot,Jump Shot,3PT Field Goal,Above the Break 3,Center(C),24+ ft.,25.0,65.0,244.0,1,0,20131213,ORL,CLE
Shot Chart Detail,0021300330,319,201167,Arron Afflalo,1610612753,Orlando Magic,3,3,43,Missed Shot,Step Back Jump shot,2PT Field Goal,Mid-Range,Right Side Center(RC),16-24 ft.,16.0,125.0,102.0,1,0,20131213,ORL,CLE
Shot Chart Detail,0021300330,410,201167,Arron Afflalo,1610612753,Orlando Magic,4,7,17,Missed Shot,Jump Shot,3PT Field Goal,Above the Break 3,Left Side Center(LC),24+ ft.,25.0,-232.0,107.0,1,0,20131213,ORL,CLE
Shot Chart Detail,0021300330,431,201167,Arron Afflalo,1610612753,Orlando Magic,4,4,57,Made Shot,Turnaround Jump Shot,2PT Field Goal,Mid-Range,Right Side(R),8-16 ft.,12.0,121.0,3.0,1,1,20131213,ORL,CLE
Shot Chart Detail,0021300330,457,201167,Arron Afflalo,1610612753,Orlando Magic,4,2,30,Missed Shot,Jump Shot,3PT Field Goal,Above the Break 3,Right Side Center(RC),24+ ft.,25.0,136.0,214.0,1,0,20131213,ORL,CLE
Shot Chart Detail,0021300330,491,201167,Arron Afflalo,1610612753,Orlando Magic,4,0,21,Made Shot,Driving Layup Shot,2PT Field Goal,Restricted Area,Center(C),Less Than 8 ft.,0.0,9.0,3.0,1,1,20131213,ORL,CLE
Shot Chart Detail,0021300353,4,201167,Arron Afflalo,1610612753,Orlando Magic,1,11,25,Missed Shot,Jump Shot,2PT Field Goal,Mid-Range,Left Side Center(LC),16-24 ft.,20.0,-141.0,143.0,1,0,20131215,OKC,ORL
Shot Chart Detail,0021300353,17,201167,Arron Afflalo,1610612753,Orlando Magic,1,9,25,Made Shot,Driving Reverse Layup Shot,2PT Field Goal,Restricted Area,Center(C),Less Than 8 ft.,1.0,18.0,0.0,1,1,20131215,OKC,ORL
Shot Chart Detail,0021300353,30,201167,Arron Afflalo,1610612753,Orlando Magic,1,8,43,Made Shot,Step Back Jump shot,2PT Field Goal,Mid-Range,Right Side(R),8-16 ft.,15.0,154.0,28.0,1,1,20131215,OKC,ORL
Shot Chart Detail,0021300353,36,201167,Arron Afflalo,1610612753,Orlando Magic,1,8,11,Missed Shot,Jump Shot,2PT Field Goal,Mid-Range,Left Side Center(LC),16-24 ft.,20.0,-103.0,176.0,1,0,20131215,OKC,ORL
Shot Chart Detail,0021300353,66,201167,Arron Afflalo,1610612753,Orlando Magic,1,5,1,Missed Shot,Jump Shot,3PT Field Goal,Above the Break 3,Center(C),24+ ft.,26.0,26.0,268.0,1,0,20131215,OKC,ORL
Shot Chart Detail,0021300353,82,201167,Arron Afflalo,1610612753,Orlando Magic,1,4,15,Made Shot,Jump Shot,2PT Field Goal,Mid-Range,Right Side(R),8-16 ft.,15.0,149.0,41.0,1,1,20131215,OKC,ORL
Shot Chart Detail,0021300353,95,201167,Arron Afflalo,1610612753,Orlando Magic,1,2,54,Missed Shot,Turnaround Jump Shot,2PT Field Goal,Mid-Range,Left Side(L),8-16 ft.,9.0,-98.0,3.0,1,0,20131215,OKC,ORL
Shot Chart Detail,0021300353,104,201167,Arron Afflalo,1610612753,Orlando Magic,1,1,40,Missed Shot,Turnaround Jump Shot,2PT Field Goal,In The Paint (Non-RA),Center(C),Less Than 8 ft.,6.0,58.0,30.0,1,0,20131215,OKC,ORL
Shot Chart Detail,0021300353,200,201167,Arron Afflalo,1610612753,Orlando Magic,2,4,40,Made Shot,Turnaround Fadeaway shot,2PT Field Goal,Mid-Range,Right Side(R),8-16 ft.,13.0,127.0,31.0,1,1,20131215,OKC,ORL
Shot Chart Detail,0021300353,220,201167,Arron Afflalo,1610612753,Orlando Magic,2,2,58,Missed Shot,Jump Shot,3PT Field Goal,Above the Break 3,Center(C),24+ ft.,24.0,-18.0,249.0,1,0,20131215,OKC,ORL
Shot Chart Detail,0021300353,230,201167,Arron Afflalo,1610612753,Orlando Magic,2,1,18,Missed Shot,Driving Layup Shot,2PT Field Goal,Restricted Area,Center(C),Less Than 8 ft.,2.0,-23.0,12.0,1,0,20131215,OKC,ORL
Shot Chart Detail,0021300353,246,201167,Arron Afflalo,1610612753,Orlando Magic,2,0,29,Missed Shot,Jump Shot,3PT Field Goal,Above the Break 3,Left Side Center(LC),24+ ft.,24.0,-166.0,183.0,1,0,20131215,OKC,ORL
Shot Chart Detail,0021300353,286,201167,Arron Afflalo,1610612753,Orlando Magic,3,7,44,Missed Shot,Jump Shot,3PT Field Goal,Above the Break 3,Left Side Center(LC),24+ ft.,24.0,-109.0,214.0,1,0,20131215,OKC,ORL
Shot Chart Detail,0021300353,345,201167,Arron Afflalo,1610612753,Orlando Magic,3,3,27,Made Shot,Jump Shot,3PT Field Goal,Above the Break 3,Right Side Center(RC),24+ ft.,25.0,110.0,230.0,1,1,20131215,OKC,ORL
Shot Chart Detail,0021300353,367,201167,Arron Afflalo,1610612753,Orlando Magic,3,0,48,Missed Shot,Turnaround Jump Shot,2PT Field Goal,In The Paint (Non-RA),Center(C),8-16 ft.,11.0,53.0,105.0,1,0,20131215,OKC,ORL
Shot Chart Detail,0021300353,371,201167,Arron Afflalo,1610612753,Orlando Magic,3,0,29,Made Shot,Pullup Jump shot,2PT Field Goal,Mid-Range,Left Side(L),8-16 ft.,12.0,-125.0,4.0,1,1,20131215,OKC,ORL
Shot Chart Detail,0021300353,441,201167,Arron Afflalo,1610612753,Orlando Magic,4,5,53,Made Shot,Turnaround Bank shot,2PT Field Goal,Mid-Range,Right Side(R),8-16 ft.,12.0,119.0,28.0,1,1,20131215,OKC,ORL
Shot Chart Detail,0021300353,451,201167,Arron Afflalo,1610612753,Orlando Magic,4,5,10,Made Shot,Jump Shot,2PT Field Goal,Mid-Range,Left Side(L),16-24 ft.,21.0,-217.0,30.0,1,1,20131215,OKC,ORL
Shot Chart Detail,0021300353,476,201167,Arron Afflalo,1610612753,Orlando Magic,4,2,52,Missed Shot,Jump Shot,3PT Field Goal,Above the Break 3,Right Side Center(RC),24+ ft.,25.0,173.0,181.0,1,0,20131215,OKC,ORL
Shot Chart Detail,0021300353,509,201167,Arron Afflalo,1610612753,Orlando Magic,4,0,31,Made Shot,Jump Shot,3PT Field Goal,Above the Break 3,Center(C),24+ ft.,24.0,0.0,247.0,1,1,20131215,OKC,ORL
Shot Chart Detail,0021300362,49,201167,Arron Afflalo,1610612753,Orlando Magic,1,5,58,Made Shot,Jump Shot,3PT Field Goal,Right Corner 3,Right Side(R),24+ ft.,22.0,225.0,-14.0,1,1,20131216,CHI,ORL
Shot Chart Detail,0021300362,216,201167,Arron Afflalo,1610612753,Orlando Magic,2,3,18,Made Shot,Jump Shot,2PT Field Goal,Mid-Range,Center(C),8-16 ft.,15.0,65.0,146.0,1,1,20131216,CHI,ORL
Shot Chart Detail,0021300362,227,201167,Arron Afflalo,1610612753,Orlando Magic,2,2,28,Made Shot,Jump Shot,2PT Field Goal,Mid-Range,Left Side Center(LC),16-24 ft.,20.0,-152.0,135.0,1,1,20131216,CHI,ORL
Shot Chart Detail,0021300362,245,201167,Arron Afflalo,1610612753,Orlando Magic,2,0,37,Missed Shot,Jump Shot,2PT Field Goal,Mid-Range,Right Side Center(RC),16-24 ft.,21.0,110.0,189.0,1,0,20131216,CHI,ORL
Shot Chart Detail,0021300362,281,201167,Arron Afflalo,1610612753,Orlando Magic,3,10,6,Made Shot,Jump Shot,2PT Field Goal,Mid-Range,Right Side Center(RC),16-24 ft.,22.0,158.0,158.0,1,1,20131216,CHI,ORL
Shot Chart Detail,0021300362,283,201167,Arron Afflalo,1610612753,Orlando Magic,3,9,37,Made Shot,Jump Shot,2PT Field Goal,Mid-Range,Right Side(R),16-24 ft.,19.0,196.0,-10.0,1,1,20131216,CHI,ORL
Shot Chart Detail,0021300362,302,201167,Arron Afflalo,1610612753,Orlando Magic,3,7,13,Made Shot,Jump Shot,3PT Field Goal,Left Corner 3,Left Side(L),24+ ft.,23.0,-232.0,-5.0,1,1,20131216,CHI,ORL
Shot Chart Detail,0021300362,304,201167,Arron Afflalo,1610612753,Orlando Magic,3,6,33,Made Shot,Jump Shot,2PT Field Goal,Mid-Range,Left Side(L),16-24 ft.,17.0,-174.0,-8.0,1,1,20131216,CHI,ORL
Shot Chart Detail,0021300362,318,201167,Arron Afflalo,1610612753,Orlando Magic,3,5,17,Made Shot,Jump Shot,2PT Field Goal,Mid-Range,Left Side(L),8-16 ft.,15.0,-157.0,-21.0,1,1,20131216,CHI,ORL
Shot Chart Detail,0021300362,344,201167,Arron Afflalo,1610612753,Orlando Magic,3,1,54,Missed Shot,Jump Shot,2PT Field Goal,Mid-Range,Left Side(L),16-24 ft.,19.0,-163.0,105.0,1,0,20131216,CHI,ORL
Shot Chart Detail,0021300362,350,201167,Arron Afflalo,1610612753,Orlando Magic,3,1,7,Missed Shot,Jump Shot,2PT Field Goal,Mid-Range,Right Side(R),8-16 ft.,11.0,81.0,83.0,1,0,20131216,CHI,ORL
Shot Chart Detail,0021300362,451,201167,Arron Afflalo,1610612753,Orlando Magic,4,5,16,Missed Shot,Jump Shot,2PT Field Goal,Mid-Range,Right Side(R),16-24 ft.,18.0,182.0,-16.0,1,0,20131216,CHI,ORL
Shot Chart Detail,0021300362,470,201167,Arron Afflalo,1610612753,Orlando Magic,4,4,17,Missed Shot,Jump Shot,2PT Field Goal,Mid-Range,Left Side Center(LC),16-24 ft.,22.0,-106.0,198.0,1,0,20131216,CHI,ORL
Shot Chart Detail,0021300362,496,201167,Arron Afflalo,1610612753,Orlando Magic,4,0,58,Missed Shot,Jump Shot,2PT Field Goal,Mid-Range,Left Side(L),16-24 ft.,20.0,-209.0,-16.0,1,0,20131216,CHI,ORL
Shot Chart Detail,0021300395,47,201167,Arron Afflalo,1610612753,Orlando Magic,1,6,17,Made Shot,Finger Roll Layup Shot,2PT Field Goal,Restricted Area,Center(C),Less Than 8 ft.,2.0,24.0,6.0,1,1,20131221,ORL,SAC
Shot Chart Detail,0021300395,69,201167,Arron Afflalo,1610612753,Orlando Magic,1,4,24,Missed Shot,Jump Shot,2PT Field Goal,Mid-Range,Right Side(R),16-24 ft.,16.0,165.0,25.0,1,0,20131221,ORL,SAC
Shot Chart Detail,0021300395,105,201167,Arron Afflalo,1610612753,Orlando Magic,1,0,38,Made Shot,Jump Shot,3PT Field Goal,Above the Break 3,Center(C),24+ ft.,25.0,0.0,255.0,1,1,20131221,ORL,SAC
Shot Chart Detail,0021300395,196,201167,Arron Afflalo,1610612753,Orlando Magic,2,5,28,Made Shot,Turnaround Jump Shot,2PT Field Goal,Mid-Range,Right Side(R),8-16 ft.,13.0,132.0,22.0,1,1,20131221,ORL,SAC
Shot Chart Detail,0021300395,198,201167,Arron Afflalo,1610612753,Orlando Magic,2,5,2,Made Shot,Jump Shot,2PT Field Goal,Mid-Range,Right Side(R),16-24 ft.,16.0,159.0,22.0,1,1,20131221,ORL,SAC
Shot Chart Detail,0021300395,236,201167,Arron Afflalo,1610612753,Orlando Magic,2,2,48,Missed Shot,Jump Shot,3PT Field Goal,Right Corner 3,Right Side(R),24+ ft.,24.0,239.0,55.0,1,0,20131221,ORL,SAC
Shot Chart Detail,0021300395,266,201167,Arron Afflalo,1610612753,Orlando Magic,2,0,0,Missed Shot,Fadeaway Jump Shot,2PT Field Goal,Mid-Range,Left Side(L),8-16 ft.,14.0,-111.0,93.0,1,0,20131221,ORL,SAC
Shot Chart Detail,0021300395,315,201167,Arron Afflalo,1610612753,Orlando Magic,3,5,37,Made Shot,Jump Shot,2PT Field Goal,Mid-Range,Left Side(L),16-24 ft.,16.0,-161.0,42.0,1,1,20131221,ORL,SAC
Shot Chart Detail,0021300395,333,201167,Arron Afflalo,1610612753,Orlando Magic,3,4,10,Missed Shot,Jump Shot,2PT Field Goal,Mid-Range,Right Side Center(RC),16-24 ft.,21.0,122.0,173.0,1,0,20131221,ORL,SAC
Shot Chart Detail,0021300395,426,201167,Arron Afflalo,1610612753,Orlando Magic,4,7,48,Missed Shot,Jump Shot,3PT Field Goal,Right Corner 3,Right Side(R),24+ ft.,24.0,234.0,66.0,1,0,20131221,ORL,SAC
Shot Chart Detail,0021300395,432,201167,Arron Afflalo,1610612753,Orlando Magic,4,7,27,Made Shot,Driving Reverse Layup Shot,2PT Field Goal,Restricted Area,Center(C),Less Than 8 ft.,2.0,20.0,22.0,1,1,20131221,ORL,SAC
Shot Chart Detail,0021300395,441,201167,Arron Afflalo,1610612753,Orlando Magic,4,6,23,Made Shot,Jump Shot,3PT Field Goal,Above the Break 3,Center(C),24+ ft.,25.0,20.0,254.0,1,1,20131221,ORL,SAC
Shot Chart Detail,0021300395,457,201167,Arron Afflalo,1610612753,Orlando Magic,4,5,11,Missed Shot,Jump Shot,2PT Field Goal,Mid-Range,Right Side Center(RC),16-24 ft.,16.0,106.0,131.0,1,0,20131221,ORL,SAC
Shot Chart Detail,0021300395,466,201167,Arron Afflalo,1610612753,Orlando Magic,4,4,28,Made Shot,Jump Shot,2PT Field Goal,Mid-Range,Right Side Center(RC),16-24 ft.,21.0,125.0,173.0,1,1,20131221,ORL,SAC
Shot Chart Detail,0021300395,483,201167,Arron Afflalo,1610612753,Orlando Magic,4,3,2,Missed Shot,Driving Layup Shot,2PT Field Goal,Restricted Area,Center(C),Less Than 8 ft.,1.0,-11.0,12.0,1,0,20131221,ORL,SAC
Shot Chart Detail,0021300395,525,201167,Arron Afflalo,1610612753,Orlando Magic,4,0,55,Missed Shot,Tip Shot,2PT Field Goal,Restricted Area,Center(C),Less Than 8 ft.,1.0,-8.0,17.0,1,0,20131221,ORL,SAC
Shot Chart Detail,0021300395,546,201167,Arron Afflalo,1610612753,Orlando Magic,4,0,0,Made Shot,Jump Shot,3PT Field Goal,Right Corner 3,Right Side(R),24+ ft.,24.0,236.0,61.0,1,1,20131221,ORL,SAC
Shot Chart Detail,0021300409,21,201167,Arron Afflalo,1610612753,Orlando Magic,1,8,12,Made Shot,Jump Shot,3PT Field Goal,Above the Break 3,Center(C),24+ ft.,24.0,-51.0,239.0,1,1,20131223,ORL,NYK
Shot Chart Detail,0021300409,32,201167,Arron Afflalo,1610612753,Orlando Magic,1,6,34,Missed Shot,Jump Shot,3PT Field Goal,Left Corner 3,Left Side(L),24+ ft.,22.0,-226.0,1.0,1,0,20131223,ORL,NYK
Shot Chart Detail,0021300409,39,201167,Arron Afflalo,1610612753,Orlando Magic,1,5,51,Missed Shot,Turnaround Jump Shot,2PT Field Goal,Mid-Range,Left Side Center(LC),16-24 ft.,17.0,-67.0,162.0,1,0,20131223,ORL,NYK
Shot Chart Detail,0021300409,98,201167,Arron Afflalo,1610612753,Orlando Magic,1,0,23,Made Shot,Driving Layup Shot,2PT Field Goal,Restricted Area,Center(C),Less Than 8 ft.,1.0,6.0,19.0,1,1,20131223,ORL,NYK
Shot Chart Detail,0021300409,185,201167,Arron Afflalo,1610612753,Orlando Magic,2,5,36,Made Shot,Layup Shot,2PT Field Goal,Restricted Area,Center(C),Less Than 8 ft.,2.0,18.0,15.0,1,1,20131223,ORL,NYK
Shot Chart Detail,0021300409,241,201167,Arron Afflalo,1610612753,Orlando Magic,2,2,5,Missed Shot,Jump Shot,2PT Field Goal,Mid-Range,Right Side Center(RC),16-24 ft.,22.0,122.0,186.0,1,0,20131223,ORL,NYK
Shot Chart Detail,0021300409,261,201167,Arron Afflalo,1610612753,Orlando Magic,2,0,53,Made Shot,Pullup Jump shot,2PT Field Goal,Mid-Range,Center(C),16-24 ft.,17.0,31.0,172.0,1,1,20131223,ORL,NYK
Shot Chart Detail,0021300409,280,201167,Arron Afflalo,1610612753,Orlando Magic,3,10,55,Missed Shot,Driving Layup Shot,2PT Field Goal,Restricted Area,Center(C),Less Than 8 ft.,1.0,2.0,11.0,1,0,20131223,ORL,NYK
Shot Chart Detail,0021300409,282,201167,Arron Afflalo,1610612753,Orlando Magic,3,10,48,Missed Shot,Jump Shot,2PT Field Goal,Mid-Range,Right Side Center(RC),16-24 ft.,17.0,118.0,126.0,1,0,20131223,ORL,NYK
Shot Chart Detail,0021300409,289,201167,Arron Afflalo,1610612753,Orlando Magic,3,9,49,Made Shot,Pullup Jump shot,3PT Field Goal,Above the Break 3,Center(C),24+ ft.,25.0,64.0,242.0,1,1,20131223,ORL,NYK
Shot Chart Detail,0021300409,339,201167,Arron Afflalo,1610612753,Orlando Magic,3,5,27,Made Shot,Jump Shot,3PT Field Goal,Above the Break 3,Right Side Center(RC),24+ ft.,25.0,165.0,195.0,1,1,20131223,ORL,NYK
Shot Chart Detail,0021300409,397,201167,Arron Afflalo,1610612753,Orlando Magic,3,0,50,Made Shot,Jump Bank Shot,2PT Field Goal,In The Paint (Non-RA),Center(C),Less Than 8 ft.,5.0,51.0,25.0,1,1,20131223,ORL,NYK
Shot Chart Detail,0021300409,421,201167,Arron Afflalo,1610612753,Orlando Magic,4,11,13,Missed Shot,Turnaround Fadeaway shot,2PT Field Goal,Mid-Range,Right Side(R),8-16 ft.,12.0,121.0,22.0,1,0,20131223,ORL,NYK
Shot Chart Detail,0021300409,456,201167,Arron Afflalo,1610612753,Orlando Magic,4,10,9,Missed Shot,Jump Shot,2PT Field Goal,Mid-Range,Left Side(L),16-24 ft.,21.0,-179.0,114.0,1,0,20131223,ORL,NYK
Shot Chart Detail,0021300409,448,201167,Arron Afflalo,1610612753,Orlando Magic,4,9,7,Made Shot,Jump Shot,3PT Field Goal,Left Corner 3,Left Side(L),24+ ft.,22.0,-228.0,1.0,1,1,20131223,ORL,NYK
Shot Chart Detail,0021300409,469,201167,Arron Afflalo,1610612753,Orlando Magic,4,7,49,Missed Shot,Turnaround Jump Shot,3PT Field Goal,Above the Break 3,Right Side Center(RC),24+ ft.,25.0,207.0,155.0,1,0,20131223,ORL,NYK
Shot Chart Detail,0021300409,552,201167,Arron Afflalo,1610612753,Orlando Magic,4,0,21,Made Shot,Jump Shot,3PT Field Goal,Left Corner 3,Left Side(L),24+ ft.,23.0,-224.0,69.0,1,1,20131223,ORL,NYK
Shot Chart Detail,0021300428,2,201167,Arron Afflalo,1610612753,Orlando Magic,1,11,40,Made Shot,Turnaround Fadeaway shot,2PT Field Goal,In The Paint (Non-RA),Right Side(R),8-16 ft.,8.0,64.0,56.0,1,1,20131227,ORL,DET
Shot Chart Detail,0021300428,33,201167,Arron Afflalo,1610612753,Orlando Magic,1,8,39,Made Shot,Pullup Jump shot,2PT Field Goal,In The Paint (Non-RA),Right Side(R),8-16 ft.,10.0,61.0,89.0,1,1,20131227,ORL,DET
Shot Chart Detail,0021300428,35,201167,Arron Afflalo,1610612753,Orlando Magic,1,8,0,Made Shot,Turnaround Jump Shot,2PT Field Goal,Mid-Range,Right Side(R),8-16 ft.,10.0,84.0,69.0,1,1,20131227,ORL,DET
Shot Chart Detail,0021300428,77,201167,Arron Afflalo,1610612753,Orlando Magic,1,3,32,Missed Shot,Turnaround Jump Shot,2PT Field Goal,In The Paint (Non-RA),Center(C),Less Than 8 ft.,7.0,72.0,34.0,1,0,20131227,ORL,DET
Shot Chart Detail,0021300428,200,201167,Arron Afflalo,1610612753,Orlando Magic,2,5,22,Made Shot,Jump Shot,3PT Field Goal,Above the Break 3,Right Side Center(RC),24+ ft.,25.0,174.0,183.0,1,1,20131227,ORL,DET
Shot Chart Detail,0021300428,236,201167,Arron Afflalo,1610612753,Orlando Magic,2,2,29,Made Shot,Jump Shot,2PT Field Goal,Mid-Range,Left Side(L),16-24 ft.,16.0,-166.0,25.0,1,1,20131227,ORL,DET
Shot Chart Detail,0021300428,311,201167,Arron Afflalo,1610612753,Orlando Magic,3,9,24,Made Shot,Jump Shot,3PT Field Goal,Above the Break 3,Right Side Center(RC),24+ ft.,25.0,214.0,137.0,1,1,20131227,ORL,DET
Shot Chart Detail,0021300428,330,201167,Arron Afflalo,1610612753,Orlando Magic,3,7,53,Missed Shot,Jump Shot,2PT Field Goal,Mid-Range,Right Side Center(RC),16-24 ft.,16.0,99.0,132.0,1,0,20131227,ORL,DET
Shot Chart Detail,0021300428,354,201167,Arron Afflalo,1610612753,Orlando Magic,3,5,23,Made Shot,Pullup Jump shot,2PT Field Goal,Mid-Range,Left Side(L),8-16 ft.,13.0,-130.0,36.0,1,1,20131227,ORL,DET
Shot Chart Detail,0021300428,378,201167,Arron Afflalo,1610612753,Orlando Magic,3,2,27,Made Shot,Layup Shot,2PT Field Goal,Restricted Area,Center(C),Less Than 8 ft.,1.0,0.0,14.0,1,1,20131227,ORL,DET
Shot Chart Detail,0021300428,393,201167,Arron Afflalo,1610612753,Orlando Magic,3,1,26,Made Shot,Layup Shot,2PT Field Goal,Restricted Area,Center(C),Less Than 8 ft.,2.0,-16.0,12.0,1,1,20131227,ORL,DET
Shot Chart Detail,0021300449,2,201167,Arron Afflalo,1610612753,Orlando Magic,1,11,36,Missed Shot,Pullup Jump shot,2PT Field Goal,Mid-Range,Left Side Center(LC),16-24 ft.,20.0,-147.0,146.0,1,0,20131229,ORL,ATL
Shot Chart Detail,0021300449,36,201167,Arron Afflalo,1610612753,Orlando Magic,1,6,18,Made Shot,Pullup Jump shot,2PT Field Goal,Mid-Range,Left Side(L),8-16 ft.,13.0,-136.0,15.0,1,1,20131229,ORL,ATL
Shot Chart Detail,0021300449,54,201167,Arron Afflalo,1610612753,Orlando Magic,1,4,38,Made Shot,Jump Shot,2PT Field Goal,In The Paint (Non-RA),Center(C),Less Than 8 ft.,5.0,-13.0,56.0,1,1,20131229,ORL,ATL
Shot Chart Detail,0021300449,161,201167,Arron Afflalo,1610612753,Orlando Magic,2,6,27,Made Shot,Jump Shot,2PT Field Goal,Mid-Range,Right Side(R),16-24 ft.,21.0,196.0,82.0,1,1,20131229,ORL,ATL
Shot Chart Detail,0021300449,299,201167,Arron Afflalo,1610612753,Orlando Magic,3,6,15,Made Shot,Jump Shot,2PT Field Goal,Mid-Range,Left Side Center(LC),16-24 ft.,19.0,-141.0,129.0,1,1,20131229,ORL,ATL
Shot Chart Detail,0021300449,333,201167,Arron Afflalo,1610612753,Orlando Magic,3,2,49,Missed Shot,Fadeaway Jump Shot,2PT Field Goal,Mid-Range,Right Side(R),16-24 ft.,19.0,192.0,-3.0,1,0,20131229,ORL,ATL
Shot Chart Detail,0021300449,399,201167,Arron Afflalo,1610612753,Orlando Magic,4,9,58,Made Shot,Jump Shot,2PT Field Goal,Mid-Range,Left Side(L),16-24 ft.,20.0,-202.0,33.0,1,1,20131229,ORL,ATL
Shot Chart Detail,0021300449,427,201167,Arron Afflalo,1610612753,Orlando Magic,4,8,1,Missed Shot,Pullup Jump shot,2PT Field Goal,Mid-Range,Center(C),16-24 ft.,16.0,48.0,156.0,1,0,20131229,ORL,ATL
Shot Chart Detail,0021300449,457,201167,Arron Afflalo,1610612753,Orlando Magic,4,4,24,Made Shot,Layup Shot,2PT Field Goal,Restricted Area,Center(C),Less Than 8 ft.,1.0,10.0,17.0,1,1,20131229,ORL,ATL
Shot Chart Detail,0021300449,474,201167,Arron Afflalo,1610612753,Orlando Magic,4,2,51,Made Shot,Jump Shot,3PT Field Goal,Above the Break 3,Center(C),24+ ft.,25.0,15.0,252.0,1,1,20131229,ORL,ATL
Shot Chart Detail,0021300462,8,201167,Arron Afflalo,1610612753,Orlando Magic,1,10,28,Made Shot,Fadeaway Jump Shot,2PT Field Goal,Mid-Range,Center(C),16-24 ft.,16.0,15.0,164.0,1,1,20131231,ORL,GSW
Shot Chart Detail,0021300462,14,201167,Arron Afflalo,1610612753,Orlando Magic,1,9,29,Missed Shot,Jump Shot,3PT Field Goal,Above the Break 3,Center(C),24+ ft.,24.0,37.0,244.0,1,0,20131231,ORL,GSW
Shot Chart Detail,0021300462,23,201167,Arron Afflalo,1610612753,Orlando Magic,1,8,21,Missed Shot,Jump Shot,2PT Field Goal,Mid-Range,Left Side Center(LC),16-24 ft.,16.0,-119.0,115.0,1,0,20131231,ORL,GSW
Shot Chart Detail,0021300462,31,201167,Arron Afflalo,1610612753,Orlando Magic,1,7,38,Missed Shot,Pullup Jump shot,2PT Field Goal,Mid-Range,Left Side(L),16-24 ft.,17.0,-177.0,4.0,1,0,20131231,ORL,GSW
Shot Chart Detail,0021300462,60,201167,Arron Afflalo,1610612753,Orlando Magic,1,4,0,Made Shot,Fadeaway Jump Shot,2PT Field Goal,In The Paint (Non-RA),Center(C),8-16 ft.,10.0,48.0,97.0,1,1,20131231,ORL,GSW
Shot Chart Detail,0021300462,68,201167,Arron Afflalo,1610612753,Orlando Magic,1,3,14,Missed Shot,Turnaround Jump Shot,2PT Field Goal,Mid-Range,Right Side Center(RC),16-24 ft.,18.0,81.0,170.0,1,0,20131231,ORL,GSW
Shot Chart Detail,0021300462,172,201167,Arron Afflalo,1610612753,Orlando Magic,2,7,15,Missed Shot,Pullup Jump shot,3PT Field Goal,Above the Break 3,Right Side Center(RC),24+ ft.,28.0,181.0,214.0,1,0,20131231,ORL,GSW
Shot Chart Detail,0021300462,184,201167,Arron Afflalo,1610612753,Orlando Magic,2,6,9,Made Shot,Jump Shot,2PT Field Goal,Mid-Range,Right Side(R),16-24 ft.,18.0,182.0,-3.0,1,1,20131231,ORL,GSW
Shot Chart Detail,0021300462,205,201167,Arron Afflalo,1610612753,Orlando Magic,2,3,7,Missed Shot,Layup Shot,2PT Field Goal,Restricted Area,Center(C),Less Than 8 ft.,0.0,-2.0,6.0,1,0,20131231,ORL,GSW
Shot Chart Detail,0021300462,208,201167,Arron Afflalo,1610612753,Orlando Magic,2,2,55,Made Shot,Layup Shot,2PT Field Goal,Restricted Area,Center(C),Less Than 8 ft.,1.0,10.0,6.0,1,1,20131231,ORL,GSW
Shot Chart Detail,0021300462,255,201167,Arron Afflalo,1610612753,Orlando Magic,3,10,2,Made Shot,Layup Shot,2PT Field Goal,Restricted Area,Center(C),Less Than 8 ft.,0.0,0.0,-3.0,1,1,20131231,ORL,GSW
Shot Chart Detail,0021300462,283,201167,Arron Afflalo,1610612753,Orlando Magic,3,7,9,Missed Shot,Layup Shot,2PT Field Goal,Restricted Area,Center(C),Less Than 8 ft.,0.0,2.0,-2.0,1,0,20131231,ORL,GSW
Shot Chart Detail,0021300462,291,201167,Arron Afflalo,1610612753,Orlando Magic,3,5,56,Missed Shot,Jump Shot,2PT Field Goal,In The Paint (Non-RA),Center(C),Less Than 8 ft.,7.0,-70.0,-2.0,1,0,20131231,ORL,GSW
Shot Chart Detail,0021300462,293,201167,Arron Afflalo,1610612753,Orlando Magic,3,5,50,Missed Shot,Jump Shot,2PT Field Goal,Mid-Range,Left Side(L),16-24 ft.,16.0,-169.0,4.0,1,0,20131231,ORL,GSW
Shot Chart Detail,0021300462,331,201167,Arron Afflalo,1610612753,Orlando Magic,3,1,33,Missed Shot,Jump Shot,3PT Field Goal,Above the Break 3,Left Side Center(LC),24+ ft.,28.0,-155.0,244.0,1,0,20131231,ORL,GSW
Shot Chart Detail,0021300462,340,201167,Arron Afflalo,1610612753,Orlando Magic,3,0,16,Made Shot,Jump Shot,2PT Field Goal,Mid-Range,Left Side Center(LC),16-24 ft.,19.0,-105.0,162.0,1,1,20131231,ORL,GSW
Shot Chart Detail,0021300462,411,201167,Arron Afflalo,1610612753,Orlando Magic,4,7,37,Missed Shot,Jump Shot,3PT Field Goal,Above the Break 3,Right Side Center(RC),24+ ft.,24.0,130.0,213.0,1,0,20131231,ORL,GSW
Shot Chart Detail,0021300462,422,201167,Arron Afflalo,1610612753,Orlando Magic,4,6,44,Made Shot,Jump Shot,2PT Field Goal,Mid-Range,Right Side(R),16-24 ft.,18.0,187.0,0.0,1,1,20131231,ORL,GSW
Shot Chart Detail,0021300473,97,201167,Arron Afflalo,1610612753,Orlando Magic,1,2,14,Missed Shot,Jump Shot,2PT Field Goal,In The Paint (Non-RA),Left Side(L),8-16 ft.,12.0,-71.0,105.0,1,0,20140102,CLE,ORL
Shot Chart Detail,0021300473,181,201167,Arron Afflalo,1610612753,Orlando Magic,2,7,42,Made Shot,Reverse Layup Shot,2PT Field Goal,Restricted Area,Center(C),Less Than 8 ft.,1.0,0.0,11.0,1,1,20140102,CLE,ORL
Shot Chart Detail,0021300473,184,201167,Arron Afflalo,1610612753,Orlando Magic,2,7,15,Made Shot,Jump Shot,2PT Field Goal,Mid-Range,Left Side(L),16-24 ft.,16.0,-161.0,-3.0,1,1,20140102,CLE,ORL
Shot Chart Detail,0021300473,198,201167,Arron Afflalo,1610612753,Orlando Magic,2,5,33,Missed Shot,Jump Shot,3PT Field Goal,Left Corner 3,Left Side(L),24+ ft.,23.0,-229.0,56.0,1,0,20140102,CLE,ORL
Shot Chart Detail,0021300473,225,201167,Arron Afflalo,1610612753,Orlando Magic,2,2,21,Made Shot,Jump Shot,3PT Field Goal,Above the Break 3,Right Side Center(RC),24+ ft.,24.0,198.0,143.0,1,1,20140102,CLE,ORL
Shot Chart Detail,0021300473,273,201167,Arron Afflalo,1610612753,Orlando Magic,3,8,28,Missed Shot,Jump Shot,2PT Field Goal,Mid-Range,Left Side(L),16-24 ft.,21.0,-209.0,28.0,1,0,20140102,CLE,ORL
Shot Chart Detail,0021300473,277,201167,Arron Afflalo,1610612753,Orlando Magic,3,7,51,Missed Shot,Jump Shot,2PT Field Goal,Mid-Range,Center(C),16-24 ft.,16.0,-38.0,160.0,1,0,20140102,CLE,ORL
Shot Chart Detail,0021300473,293,201167,Arron Afflalo,1610612753,Orlando Magic,3,6,9,Made Shot,Jump Shot,3PT Field Goal,Above the Break 3,Center(C),24+ ft.,25.0,-40.0,255.0,1,1,20140102,CLE,ORL
Shot Chart Detail,0021300473,300,201167,Arron Afflalo,1610612753,Orlando Magic,3,5,3,Missed Shot,Turnaround Jump Shot,2PT Field Goal,Mid-Range,Right Side(R),8-16 ft.,8.0,84.0,28.0,1,0,20140102,CLE,ORL
Shot Chart Detail,0021300473,306,201167,Arron Afflalo,1610612753,Orlando Magic,3,4,2,Missed Shot,Jump Shot,2PT Field Goal,Mid-Range,Left Side Center(LC),16-24 ft.,22.0,-114.0,190.0,1,0,20140102,CLE,ORL
Shot Chart Detail,0021300473,486,201167,Arron Afflalo,1610612753,Orlando Magic,4,1,58,Missed Shot,Jump Shot,2PT Field Goal,In The Paint (Non-RA),Left Side(L),8-16 ft.,8.0,-48.0,67.0,1,0,20140102,CLE,ORL
Shot Chart Detail,0021300473,517,201167,Arron Afflalo,1610612753,Orlando Magic,4,0,28,Missed Shot,Jump Shot,3PT Field Goal,Above the Break 3,Center(C),24+ ft.,26.0,26.0,260.0,1,0,20140102,CLE,ORL
Shot Chart Detail,0021300473,575,201167,Arron Afflalo,1610612753,Orlando Magic,5,3,20,Made Shot,Layup Shot,2PT Field Goal,Restricted Area,Center(C),Less Than 8 ft.,0.0,-4.0,0.0,1,1,20140102,CLE,ORL
Shot Chart Detail,0021300473,591,201167,Arron Afflalo,1610612753,Orlando Magic,5,1,19,Missed Shot,Jump Shot,2PT Field Goal,Mid-Range,Left Side(L),16-24 ft.,16.0,-161.0,50.0,1,0,20140102,CLE,ORL
Shot Chart Detail,0021300473,626,201167,Arron Afflalo,1610612753,Orlando Magic,5,0,19,Missed Shot,Jump Shot,3PT Field Goal,Above the Break 3,Left Side Center(LC),24+ ft.,25.0,-163.0,200.0,1,0,20140102,CLE,ORL
Shot Chart Detail,0021300490,54,201167,Arron Afflalo,1610612753,Orlando Magic,1,4,39,Made Shot,Jump Shot,2PT Field Goal,Mid-Range,Left Side(L),16-24 ft.,21.0,-207.0,39.0,1,1,20140104,ORL,MIA
Shot Chart Detail,0021300490,57,201167,Arron Afflalo,1610612753,Orlando Magic,1,4,17,Missed Shot,Jump Shot,3PT Field Goal,Left Corner 3,Left Side(L),24+ ft.,23.0,-229.0,55.0,1,0,20140104,ORL,MIA
Shot Chart Detail,0021300490,67,201167,Arron Afflalo,1610612753,Orlando Magic,1,3,1,Missed Shot,Jump Shot,2PT Field Goal,Mid-Range,Right Side(R),16-24 ft.,16.0,163.0,19.0,1,0,20140104,ORL,MIA
Shot Chart Detail,0021300490,85,201167,Arron Afflalo,1610612753,Orlando Magic,1,1,22,Missed Shot,Jump Bank Shot,2PT Field Goal,In The Paint (Non-RA),Right Side(R),8-16 ft.,9.0,69.0,64.0,1,0,20140104,ORL,MIA
Shot Chart Detail,0021300490,87,201167,Arron Afflalo,1610612753,Orlando Magic,1,1,18,Made Shot,Jump Shot,2PT Field Goal,In The Paint (Non-RA),Center(C),8-16 ft.,9.0,6.0,97.0,1,1,20140104,ORL,MIA
Shot Chart Detail,0021300490,101,201167,Arron Afflalo,1610612753,Orlando Magic,1,0,0,Missed Shot,Jump Shot,3PT Field Goal,Above the Break 3,Right Side Center(RC),24+ ft.,25.0,105.0,236.0,1,0,20140104,ORL,MIA
Shot Chart Detail,0021300490,218,201167,Arron Afflalo,1610612753,Orlando Magic,2,2,9,Missed Shot,Step Back Jump shot,2PT Field Goal,Mid-Range,Left Side(L),8-16 ft.,11.0,-112.0,36.0,1,0,20140104,ORL,MIA
Shot Chart Detail,0021300490,287,201167,Arron Afflalo,1610612753,Orlando Magic,3,7,39,Made Shot,Jump Shot,2PT Field Goal,Mid-Range,Right Side(R),8-16 ft.,14.0,94.0,107.0,1,1,20140104,ORL,MIA
Shot Chart Detail,0021300490,306,201167,Arron Afflalo,1610612753,Orlando Magic,3,5,24,Missed Shot,Jump Shot,2PT Field Goal,Mid-Range,Right Side(R),16-24 ft.,20.0,201.0,47.0,1,0,20140104,ORL,MIA
Shot Chart Detail,0021300490,356,201167,Arron Afflalo,1610612753,Orlando Magic,3,2,8,Missed Shot,Fadeaway Jump Shot,2PT Field Goal,Mid-Range,Left Side(L),8-16 ft.,13.0,-131.0,22.0,1,0,20140104,ORL,MIA
Shot Chart Detail,0021300490,376,201167,Arron Afflalo,1610612753,Orlando Magic,3,1,0,Made Shot,Jump Shot,2PT Field Goal,In The Paint (Non-RA),Center(C),Less Than 8 ft.,6.0,18.0,66.0,1,1,20140104,ORL,MIA
Shot Chart Detail,0021300490,388,201167,Arron Afflalo,1610612753,Orlando Magic,3,0,0,Missed Shot,Jump Shot,3PT Field Goal,Right Corner 3,Right Side(R),24+ ft.,23.0,230.0,52.0,1,0,20140104,ORL,MIA
Shot Chart Detail,0021300490,394,201167,Arron Afflalo,1610612753,Orlando Magic,4,11,27,Made Shot,Jump Shot,2PT Field Goal,Mid-Range,Left Side Center(LC),16-24 ft.,18.0,-64.0,176.0,1,1,20140104,ORL,MIA
Shot Chart Detail,0021300490,400,201167,Arron Afflalo,1610612753,Orlando Magic,4,10,58,Missed Shot,Jump Shot,3PT Field Goal,Right Corner 3,Right Side(R),24+ ft.,23.0,231.0,47.0,1,0,20140104,ORL,MIA
Shot Chart Detail,0021300490,458,201167,Arron Afflalo,1610612753,Orlando Magic,4,6,5,Missed Shot,Jump Shot,3PT Field Goal,Above the Break 3,Left Side Center(LC),24+ ft.,24.0,-144.0,201.0,1,0,20140104,ORL,MIA
Shot Chart Detail,0021300490,499,201167,Arron Afflalo,1610612753,Orlando Magic,4,2,32,Missed Shot,Jump Shot,2PT Field Goal,Mid-Range,Left Side(L),8-16 ft.,10.0,-106.0,23.0,1,0,20140104,ORL,MIA
Shot Chart Detail,0021300507,20,201167,Arron Afflalo,1610612753,Orlando Magic,1,9,21,Missed Shot,Jump Shot,2PT Field Goal,Mid-Range,Left Side(L),8-16 ft.,11.0,-117.0,25.0,1,0,20140106,LAC,ORL
Shot Chart Detail,0021300507,26,201167,Arron Afflalo,1610612753,Orlando Magic,1,8,38,Missed Shot,Fadeaway Jump Shot,2PT Field Goal,In The Paint (Non-RA),Center(C),Less Than 8 ft.,7.0,31.0,72.0,1,0,20140106,LAC,ORL
Shot Chart Detail,0021300507,50,201167,Arron Afflalo,1610612753,Orlando Magic,1,6,23,Missed Shot,Jump Shot,2PT Field Goal,Mid-Range,Left Side Center(LC),16-24 ft.,20.0,-133.0,162.0,1,0,20140106,LAC,ORL
Shot Chart Detail,0021300507,76,201167,Arron Afflalo,1610612753,Orlando Magic,1,4,31,Made Shot,Driving Layup Shot,2PT Field Goal,Restricted Area,Center(C),Less Than 8 ft.,0.0,-5.0,3.0,1,1,20140106,LAC,ORL
Shot Chart Detail,0021300507,104,201167,Arron Afflalo,1610612753,Orlando Magic,1,1,46,Made Shot,Jump Shot,2PT Field Goal,Mid-Range,Right Side Center(RC),16-24 ft.,17.0,92.0,151.0,1,1,20140106,LAC,ORL
Shot Chart Detail,0021300507,242,201167,Arron Afflalo,1610612753,Orlando Magic,2,2,20,Made Shot,Reverse Layup Shot,2PT Field Goal,Restricted Area,Center(C),Less Than 8 ft.,1.0,17.0,0.0,1,1,20140106,LAC,ORL
Shot Chart Detail,0021300507,264,201167,Arron Afflalo,1610612753,Orlando Magic,2,0,47,Missed Shot,Jump Shot,2PT Field Goal,Mid-Range,Center(C),16-24 ft.,20.0,18.0,206.0,1,0,20140106,LAC,ORL
Shot Chart Detail,0021300507,281,201167,Arron Afflalo,1610612753,Orlando Magic,3,10,57,Made Shot,Turnaround Jump Shot,2PT Field Goal,Mid-Range,Left Side(L),8-16 ft.,12.0,-120.0,42.0,1,1,20140106,LAC,ORL
Shot Chart Detail,0021300507,301,201167,Arron Afflalo,1610612753,Orlando Magic,3,9,24,Made Shot,Turnaround Jump Shot,2PT Field Goal,In The Paint (Non-RA),Center(C),8-16 ft.,13.0,61.0,115.0,1,1,20140106,LAC,ORL
Shot Chart Detail,0021300507,305,201167,Arron Afflalo,1610612753,Orlando Magic,3,8,51,Missed Shot,Jump Shot,3PT Field Goal,Above the Break 3,Right Side Center(RC),24+ ft.,25.0,218.0,132.0,1,0,20140106,LAC,ORL
Shot Chart Detail,0021300507,344,201167,Arron Afflalo,1610612753,Orlando Magic,3,5,50,Missed Shot,Jump Shot,2PT Field Goal,Mid-Range,Right Side(R),16-24 ft.,20.0,189.0,75.0,1,0,20140106,LAC,ORL
Shot Chart Detail,0021300507,404,201167,Arron Afflalo,1610612753,Orlando Magic,3,0,1,Missed Shot,Jump Shot,2PT Field Goal,In The Paint (Non-RA),Center(C),8-16 ft.,8.0,-26.0,80.0,1,0,20140106,LAC,ORL
Shot Chart Detail,0021300527,51,201167,Arron Afflalo,1610612753,Orlando Magic,1,7,0,Made Shot,Jump Shot,2PT Field Goal,Mid-Range,Left Side Center(LC),16-24 ft.,18.0,-95.0,164.0,1,1,20140108,POR,ORL
Shot Chart Detail,0021300527,110,201167,Arron Afflalo,1610612753,Orlando Magic,1,0,29,Missed Shot,Jump Shot,2PT Field Goal,Mid-Range,Right Side Center(RC),16-24 ft.,19.0,132.0,146.0,1,0,20140108,POR,ORL
Shot Chart Detail,0021300527,162,201167,Arron Afflalo,1610612753,Orlando Magic,2,7,14,Made Shot,Jump Shot,2PT Field Goal,Mid-Range,Right Side Center(RC),16-24 ft.,18.0,108.0,149.0,1,1,20140108,POR,ORL
Shot Chart Detail,0021300527,172,201167,Arron Afflalo,1610612753,Orlando Magic,2,6,23,Made Shot,Turnaround Fadeaway shot,2PT Field Goal,Mid-Range,Left Side(L),8-16 ft.,10.0,-98.0,25.0,1,1,20140108,POR,ORL
Shot Chart Detail,0021300527,188,201167,Arron Afflalo,1610612753,Orlando Magic,2,5,28,Made Shot,Jump Shot,3PT Field Goal,Right Corner 3,Right Side(R),24+ ft.,23.0,231.0,52.0,1,1,20140108,POR,ORL
Shot Chart Detail,0021300527,194,201167,Arron Afflalo,1610612753,Orlando Magic,2,4,37,Made Shot,Jump Shot,3PT Field Goal,Above the Break 3,Right Side Center(RC),24+ ft.,24.0,124.0,209.0,1,1,20140108,POR,ORL
Shot Chart Detail,0021300527,233,201167,Arron Afflalo,1610612753,Orlando Magic,2,1,12,Made Shot,Pullup Jump shot,2PT Field Goal,Mid-Range,Right Side Center(RC),16-24 ft.,17.0,105.0,143.0,1,1,20140108,POR,ORL
Shot Chart Detail,0021300527,288,201167,Arron Afflalo,1610612753,Orlando Magic,3,7,20,Missed Shot,Jump Shot,3PT Field Goal,Above the Break 3,Center(C),24+ ft.,24.0,62.0,235.0,1,0,20140108,POR,ORL
Shot Chart Detail,0021300527,294,201167,Arron Afflalo,1610612753,Orlando Magic,3,6,36,Missed Shot,Layup Shot,2PT Field Goal,Restricted Area,Center(C),Less Than 8 ft.,3.0,-30.0,15.0,1,0,20140108,POR,ORL
Shot Chart Detail,0021300527,335,201167,Arron Afflalo,1610612753,Orlando Magic,3,3,27,Missed Shot,Jump Shot,2PT Field Goal,Mid-Range,Left Side Center(LC),16-24 ft.,22.0,-172.0,145.0,1,0,20140108,POR,ORL
Shot Chart Detail,0021300527,372,201167,Arron Afflalo,1610612753,Orlando Magic,4,11,13,Missed Shot,Jump Shot,2PT Field Goal,Mid-Range,Left Side(L),16-24 ft.,22.0,-209.0,93.0,1,0,20140108,POR,ORL
Shot Chart Detail,0021300527,379,201167,Arron Afflalo,1610612753,Orlando Magic,4,10,26,Missed Shot,Jump Shot,2PT Field Goal,Mid-Range,Left Side(L),8-16 ft.,12.0,-120.0,-2.0,1,0,20140108,POR,ORL
Shot Chart Detail,0021300527,428,201167,Arron Afflalo,1610612753,Orlando Magic,4,7,8,Made Shot,Jump Shot,2PT Field Goal,Mid-Range,Left Side(L),8-16 ft.,13.0,-125.0,53.0,1,1,20140108,POR,ORL
Shot Chart Detail,0021300527,439,201167,Arron Afflalo,1610612753,Orlando Magic,4,5,50,Missed Shot,Layup Shot,2PT Field Goal,Restricted Area,Center(C),Less Than 8 ft.,3.0,-29.0,15.0,1,0,20140108,POR,ORL
Shot Chart Detail,0021300540,3,201167,Arron Afflalo,1610612753,Orlando Magic,1,11,22,Missed Shot,Jump Shot,3PT Field Goal,Above the Break 3,Right Side Center(RC),24+ ft.,25.0,124.0,224.0,1,0,20140110,SAC,ORL
Shot Chart Detail,0021300540,8,201167,Arron Afflalo,1610612753,Orlando Magic,1,10,22,Made Shot,Jump Shot,3PT Field Goal,Above the Break 3,Center(C),24+ ft.,25.0,42.0,247.0,1,1,20140110,SAC,ORL
Shot Chart Detail,0021300540,32,201167,Arron Afflalo,1610612753,Orlando Magic,1,6,50,Missed Shot,Layup Shot,2PT Field Goal,In The Paint (Non-RA),Center(C),Less Than 8 ft.,4.0,47.0,17.0,1,0,20140110,SAC,ORL
Shot Chart Detail,0021300540,51,201167,Arron Afflalo,1610612753,Orlando Magic,1,5,10,Made Shot,Jump Shot,2PT Field Goal,Mid-Range,Right Side(R),16-24 ft.,20.0,170.0,118.0,1,1,20140110,SAC,ORL
Shot Chart Detail,0021300540,86,201167,Arron Afflalo,1610612753,Orlando Magic,1,2,13,Missed Shot,Jump Shot,3PT Field Goal,Above the Break 3,Right Side Center(RC),24+ ft.,25.0,231.0,112.0,1,0,20140110,SAC,ORL
Shot Chart Detail,0021300540,97,201167,Arron Afflalo,1610612753,Orlando Magic,1,0,31,Made Shot,Running Jump Shot,2PT Field Goal,In The Paint (Non-RA),Center(C),Less Than 8 ft.,6.0,0.0,64.0,1,1,20140110,SAC,ORL
Shot Chart Detail,0021300540,171,201167,Arron Afflalo,1610612753,Orlando Magic,2,5,38,Missed Shot,Jump Shot,3PT Field Goal,Above the Break 3,Left Side Center(LC),24+ ft.,24.0,-149.0,194.0,1,0,20140110,SAC,ORL
Shot Chart Detail,0021300540,214,201167,Arron Afflalo,1610612753,Orlando Magic,2,1,16,Missed Shot,Jump Shot,2PT Field Goal,Mid-Range,Right Side(R),16-24 ft.,22.0,204.0,101.0,1,0,20140110,SAC,ORL
Shot Chart Detail,0021300540,256,201167,Arron Afflalo,1610612753,Orlando Magic,3,9,9,Missed Shot,Jump Shot,2PT Field Goal,Mid-Range,Center(C),16-24 ft.,17.0,-27.0,172.0,1,0,20140110,SAC,ORL
Shot Chart Detail,0021300540,309,201167,Arron Afflalo,1610612753,Orlando Magic,3,4,45,Missed Shot,Layup Shot,2PT Field Goal,Restricted Area,Center(C),Less Than 8 ft.,2.0,28.0,0.0,1,0,20140110,SAC,ORL
Shot Chart Detail,0021300540,317,201167,Arron Afflalo,1610612753,Orlando Magic,3,4,30,Missed Shot,Jump Shot,3PT Field Goal,Above the Break 3,Right Side Center(RC),24+ ft.,24.0,91.0,227.0,1,0,20140110,SAC,ORL
Shot Chart Detail,0021300540,394,201167,Arron Afflalo,1610612753,Orlando Magic,3,0,6,Missed Shot,Jump Shot,3PT Field Goal,Above the Break 3,Right Side Center(RC),24+ ft.,24.0,209.0,137.0,1,0,20140110,SAC,ORL
Shot Chart Detail,0021300582,9,201167,Arron Afflalo,1610612753,Orlando Magic,1,10,3,Missed Shot,Jump Shot,3PT Field Goal,Left Corner 3,Left Side(L),24+ ft.,24.0,-243.0,-16.0,1,0,20140117,ORL,CHA
Shot Chart Detail,0021300582,71,201167,Arron Afflalo,1610612753,Orlando Magic,1,4,4,Made Shot,Fadeaway Jump Shot,2PT Field Goal,Mid-Range,Right Side(R),8-16 ft.,12.0,103.0,66.0,1,1,20140117,ORL,CHA
Shot Chart Detail,0021300582,78,201167,Arron Afflalo,1610612753,Orlando Magic,1,3,10,Made Shot,Pullup Jump shot,2PT Field Goal,Mid-Range,Center(C),8-16 ft.,15.0,0.0,151.0,1,1,20140117,ORL,CHA
Shot Chart Detail,0021300582,206,201167,Arron Afflalo,1610612753,Orlando Magic,2,4,59,Made Shot,Jump Shot,3PT Field Goal,Above the Break 3,Left Side Center(LC),24+ ft.,25.0,-213.0,148.0,1,1,20140117,ORL,CHA
Shot Chart Detail,0021300582,218,201167,Arron Afflalo,1610612753,Orlando Magic,2,3,21,Made Shot,Jump Shot,3PT Field Goal,Above the Break 3,Left Side Center(LC),24+ ft.,25.0,-157.0,206.0,1,1,20140117,ORL,CHA
Shot Chart Detail,0021300582,296,201167,Arron Afflalo,1610612753,Orlando Magic,3,5,34,Missed Shot,Fadeaway Jump Shot,2PT Field Goal,Mid-Range,Right Side(R),16-24 ft.,16.0,160.0,22.0,1,0,20140117,ORL,CHA
Shot Chart Detail,0021300582,335,201167,Arron Afflalo,1610612753,Orlando Magic,3,1,40,Made Shot,Jump Shot,2PT Field Goal,Mid-Range,Right Side Center(RC),16-24 ft.,16.0,61.0,149.0,1,1,20140117,ORL,CHA
Shot Chart Detail,0021300582,429,201167,Arron Afflalo,1610612753,Orlando Magic,4,6,38,Missed Shot,Jump Shot,2PT Field Goal,In The Paint (Non-RA),Center(C),8-16 ft.,13.0,15.0,138.0,1,0,20140117,ORL,CHA
Shot Chart Detail,0021300582,458,201167,Arron Afflalo,1610612753,Orlando Magic,4,5,11,Made Shot,Jump Shot,3PT Field Goal,Above the Break 3,Right Side Center(RC),24+ ft.,25.0,157.0,205.0,1,1,20140117,ORL,CHA
Shot Chart Detail,0021300582,482,201167,Arron Afflalo,1610612753,Orlando Magic,4,3,10,Missed Shot,Running Jump Shot,2PT Field Goal,Restricted Area,Center(C),Less Than 8 ft.,3.0,-30.0,15.0,1,0,20140117,ORL,CHA
Shot Chart Detail,0021300582,490,201167,Arron Afflalo,1610612753,Orlando Magic,4,2,55,Made Shot,Jump Shot,3PT Field Goal,Above the Break 3,Right Side Center(RC),24+ ft.,25.0,97.0,241.0,1,1,20140117,ORL,CHA
Shot Chart Detail,0021300582,508,201167,Arron Afflalo,1610612753,Orlando Magic,4,2,22,Missed Shot,Jump Shot,3PT Field Goal,Above the Break 3,Center(C),24+ ft.,25.0,-4.0,257.0,1,0,20140117,ORL,CHA
Shot Chart Detail,0021300582,524,201167,Arron Afflalo,1610612753,Orlando Magic,4,1,27,Missed Shot,Jump Shot,3PT Field Goal,Above the Break 3,Left Side Center(LC),24+ ft.,26.0,-152.0,211.0,1,0,20140117,ORL,CHA
Shot Chart Detail,0021300582,527,201167,Arron Afflalo,1610612753,Orlando Magic,4,1,1,Missed Shot,Driving Layup Shot,2PT Field Goal,Restricted Area,Center(C),Less Than 8 ft.,2.0,-24.0,4.0,1,0,20140117,ORL,CHA
Shot Chart Detail,0021300602,16,201167,Arron Afflalo,1610612753,Orlando Magic,1,9,10,Missed Shot,Step Back Jump shot,2PT Field Goal,Mid-Range,Center(C),8-16 ft.,14.0,34.0,142.0,1,0,20140119,ORL,BOS
Shot Chart Detail,0021300602,32,201167,Arron Afflalo,1610612753,Orlando Magic,1,7,31,Missed Shot,Jump Shot,2PT Field Goal,In The Paint (Non-RA),Center(C),8-16 ft.,12.0,9.0,123.0,1,0,20140119,ORL,BOS
Shot Chart Detail,0021300602,57,201167,Arron Afflalo,1610612753,Orlando Magic,1,5,30,Made Shot,Jump Shot,3PT Field Goal,Above the Break 3,Left Side Center(LC),24+ ft.,24.0,-138.0,206.0,1,1,20140119,ORL,BOS
Shot Chart Detail,0021300602,63,201167,Arron Afflalo,1610612753,Orlando Magic,1,4,46,Missed Shot,Layup Shot,2PT Field Goal,Restricted Area,Center(C),Less Than 8 ft.,2.0,20.0,12.0,1,0,20140119,ORL,BOS
Shot Chart Detail,0021300602,67,201167,Arron Afflalo,1610612753,Orlando Magic,1,4,15,Made Shot,Pullup Jump shot,2PT Field Goal,Mid-Range,Right Side(R),16-24 ft.,20.0,201.0,-3.0,1,1,20140119,ORL,BOS
Shot Chart Detail,0021300602,84,201167,Arron Afflalo,1610612753,Orlando Magic,1,2,56,Missed Shot,Layup Shot,2PT Field Goal,Restricted Area,Center(C),Less Than 8 ft.,1.0,-2.0,11.0,1,0,20140119,ORL,BOS
Shot Chart Detail,0021300602,162,201167,Arron Afflalo,1610612753,Orlando Magic,2,7,34,Missed Shot,Step Back Jump shot,2PT Field Goal,Mid-Range,Left Side(L),16-24 ft.,16.0,-168.0,0.0,1,0,20140119,ORL,BOS
Shot Chart Detail,0021300602,247,201167,Arron Afflalo,1610612753,Orlando Magic,2,1,47,Missed Shot,Jump Shot,2PT Field Goal,Mid-Range,Left Side Center(LC),16-24 ft.,21.0,-144.0,160.0,1,0,20140119,ORL,BOS
Shot Chart Detail,0021300602,249,201167,Arron Afflalo,1610612753,Orlando Magic,2,1,37,Made Shot,Jump Shot,2PT Field Goal,Mid-Range,Left Side(L),8-16 ft.,13.0,-127.0,52.0,1,1,20140119,ORL,BOS
Shot Chart Detail,0021300602,269,201167,Arron Afflalo,1610612753,Orlando Magic,2,0,4,Made Shot,Layup Shot,2PT Field Goal,Restricted Area,Center(C),Less Than 8 ft.,1.0,-15.0,12.0,1,1,20140119,ORL,BOS
Shot Chart Detail,0021300602,299,201167,Arron Afflalo,1610612753,Orlando Magic,3,9,31,Made Shot,Pullup Jump shot,2PT Field Goal,Mid-Range,Right Side Center(RC),16-24 ft.,19.0,116.0,156.0,1,1,20140119,ORL,BOS
Shot Chart Detail,0021300602,320,201167,Arron Afflalo,1610612753,Orlando Magic,3,7,20,Missed Shot,Pullup Jump shot,2PT Field Goal,Mid-Range,Left Side Center(LC),16-24 ft.,20.0,-161.0,129.0,1,0,20140119,ORL,BOS
Shot Chart Detail,0021300602,368,201167,Arron Afflalo,1610612753,Orlando Magic,3,3,28,Missed Shot,Step Back Jump shot,2PT Field Goal,Mid-Range,Center(C),16-24 ft.,20.0,1.0,209.0,1,0,20140119,ORL,BOS
Shot Chart Detail,0021300602,470,201167,Arron Afflalo,1610612753,Orlando Magic,4,8,45,Missed Shot,Jump Shot,3PT Field Goal,Above the Break 3,Left Side Center(LC),24+ ft.,25.0,-199.0,167.0,1,0,20140119,ORL,BOS
Shot Chart Detail,0021300602,478,201167,Arron Afflalo,1610612753,Orlando Magic,4,7,42,Made Shot,Jump Shot,3PT Field Goal,Left Corner 3,Left Side(L),24+ ft.,22.0,-229.0,-21.0,1,1,20140119,ORL,BOS
Shot Chart Detail,0021300602,575,201167,Arron Afflalo,1610612753,Orlando Magic,4,1,8,Made Shot,Driving Layup Shot,2PT Field Goal,Restricted Area,Center(C),Less Than 8 ft.,1.0,9.0,14.0,1,1,20140119,ORL,BOS
Shot Chart Detail,0021300616,32,201167,Arron Afflalo,1610612753,Orlando Magic,1,6,52,Made Shot,Jump Shot,2PT Field Goal,Mid-Range,Right Side(R),8-16 ft.,15.0,154.0,28.0,1,1,20140121,BKN,ORL
Shot Chart Detail,0021300616,71,201167,Arron Afflalo,1610612753,Orlando Magic,1,1,49,Missed Shot,Jump Shot,2PT Field Goal,Mid-Range,Right Side(R),16-24 ft.,20.0,204.0,36.0,1,0,20140121,BKN,ORL
Shot Chart Detail,0021300616,99,201167,Arron Afflalo,1610612753,Orlando Magic,1,0,0,Made Shot,Layup Shot,2PT Field Goal,Restricted Area,Center(C),Less Than 8 ft.,1.0,12.0,1.0,1,1,20140121,BKN,ORL
Shot Chart Detail,0021300616,179,201167,Arron Afflalo,1610612753,Orlando Magic,2,3,22,Missed Shot,Jump Shot,3PT Field Goal,Above the Break 3,Left Side Center(LC),24+ ft.,24.0,-109.0,217.0,1,0,20140121,BKN,ORL
Shot Chart Detail,0021300616,233,201167,Arron Afflalo,1610612753,Orlando Magic,3,8,58,Missed Shot,Jump Shot,2PT Field Goal,Mid-Range,Left Side Center(LC),16-24 ft.,19.0,-150.0,131.0,1,0,20140121,BKN,ORL
Shot Chart Detail,0021300616,275,201167,Arron Afflalo,1610612753,Orlando Magic,3,4,50,Made Shot,Driving Layup Shot,2PT Field Goal,Restricted Area,Center(C),Less Than 8 ft.,2.0,21.0,6.0,1,1,20140121,BKN,ORL
Shot Chart Detail,0021300616,290,201167,Arron Afflalo,1610612753,Orlando Magic,3,3,16,Missed Shot,Layup Shot,2PT Field Goal,Restricted Area,Center(C),Less Than 8 ft.,2.0,28.0,3.0,1,0,20140121,BKN,ORL
Shot Chart Detail,0021300616,311,201167,Arron Afflalo,1610612753,Orlando Magic,3,1,44,Made Shot,Jump Shot,3PT Field Goal,Above the Break 3,Right Side Center(RC),24+ ft.,26.0,146.0,220.0,1,1,20140121,BKN,ORL
Shot Chart Detail,0021300616,321,201167,Arron Afflalo,1610612753,Orlando Magic,3,1,1,Missed Shot,Jump Shot,2PT Field Goal,In The Paint (Non-RA),Center(C),Less Than 8 ft.,4.0,-38.0,23.0,1,0,20140121,BKN,ORL
Shot Chart Detail,0021300623,21,201167,Arron Afflalo,1610612753,Orlando Magic,1,9,47,Made Shot,Turnaround Fadeaway shot,2PT Field Goal,Mid-Range,Right Side(R),8-16 ft.,13.0,95.0,94.0,1,1,20140122,ORL,ATL
Shot Chart Detail,0021300623,37,201167,Arron Afflalo,1610612753,Orlando Magic,1,8,11,Missed Shot,Jump Shot,2PT Field Goal,Mid-Range,Left Side(L),16-24 ft.,19.0,-198.0,19.0,1,0,20140122,ORL,ATL
Shot Chart Detail,0021300623,55,201167,Arron Afflalo,1610612753,Orlando Magic,1,6,21,Missed Shot,Jump Shot,3PT Field Goal,Above the Break 3,Left Side Center(LC),24+ ft.,25.0,-79.0,238.0,1,0,20140122,ORL,ATL
Shot Chart Detail,0021300623,128,201167,Arron Afflalo,1610612753,Orlando Magic,2,11,9,Made Shot,Layup Shot,2PT Field Goal,Restricted Area,Center(C),Less Than 8 ft.,2.0,7.0,20.0,1,1,20140122,ORL,ATL
Shot Chart Detail,0021300623,145,201167,Arron Afflalo,1610612753,Orlando Magic,2,9,22,Missed Shot,Turnaround Fadeaway shot,2PT Field Goal,Mid-Range,Right Side(R),8-16 ft.,13.0,114.0,67.0,1,0,20140122,ORL,ATL
Shot Chart Detail,0021300623,178,201167,Arron Afflalo,1610612753,Orlando Magic,2,5,34,Missed Shot,Driving Reverse Layup Shot,2PT Field Goal,Restricted Area,Center(C),Less Than 8 ft.,2.0,18.0,17.0,1,0,20140122,ORL,ATL
Shot Chart Detail,0021300623,180,201167,Arron Afflalo,1610612753,Orlando Magic,2,5,29,Missed Shot,Jump Shot,2PT Field Goal,Mid-Range,Right Side(R),16-24 ft.,22.0,217.0,72.0,1,0,20140122,ORL,ATL
Shot Chart Detail,0021300623,201,201167,Arron Afflalo,1610612753,Orlando Magic,2,3,46,Made Shot,Turnaround Jump Shot,2PT Field Goal,Mid-Range,Left Side(L),8-16 ft.,12.0,-114.0,41.0,1,1,20140122,ORL,ATL
Shot Chart Detail,0021300623,280,201167,Arron Afflalo,1610612753,Orlando Magic,3,8,43,Missed Shot,Pullup Jump shot,2PT Field Goal,Mid-Range,Right Side Center(RC),16-24 ft.,18.0,97.0,160.0,1,0,20140122,ORL,ATL
Shot Chart Detail,0021300633,24,201167,Arron Afflalo,1610612753,Orlando Magic,1,9,2,Made Shot,Layup Shot,2PT Field Goal,Restricted Area,Center(C),Less Than 8 ft.,1.0,2.0,15.0,1,1,20140124,ORL,LAL
Shot Chart Detail,0021300633,77,201167,Arron Afflalo,1610612753,Orlando Magic,1,3,54,Made Shot,Jump Shot,3PT Field Goal,Left Corner 3,Left Side(L),24+ ft.,23.0,-235.0,0.0,1,1,20140124,ORL,LAL
Shot Chart Detail,0021300633,117,201167,Arron Afflalo,1610612753,Orlando Magic,1,0,0,Made Shot,Layup Shot,2PT Field Goal,Restricted Area,Center(C),Less Than 8 ft.,1.0,0.0,12.0,1,1,20140124,ORL,LAL
Shot Chart Detail,0021300633,242,201167,Arron Afflalo,1610612753,Orlando Magic,2,1,0,Made Shot,Pullup Jump shot,2PT Field Goal,In The Paint (Non-RA),Center(C),8-16 ft.,8.0,37.0,77.0,1,1,20140124,ORL,LAL
Shot Chart Detail,0021300633,271,201167,Arron Afflalo,1610612753,Orlando Magic,3,11,2,Missed Shot,Turnaround Jump Shot,2PT Field Goal,In The Paint (Non-RA),Right Side(R),8-16 ft.,11.0,70.0,86.0,1,0,20140124,ORL,LAL
Shot Chart Detail,0021300633,341,201167,Arron Afflalo,1610612753,Orlando Magic,3,4,22,Made Shot,Jump Shot,2PT Field Goal,Mid-Range,Left Side(L),16-24 ft.,20.0,-207.0,-3.0,1,1,20140124,ORL,LAL
Shot Chart Detail,0021300633,372,201167,Arron Afflalo,1610612753,Orlando Magic,3,1,22,Missed Shot,Jump Shot,3PT Field Goal,Above the Break 3,Left Side Center(LC),24+ ft.,24.0,-228.0,91.0,1,0,20140124,ORL,LAL
Shot Chart Detail,0021300633,374,201167,Arron Afflalo,1610612753,Orlando Magic,3,1,15,Made Shot,Jump Shot,3PT Field Goal,Left Corner 3,Left Side(L),24+ ft.,23.0,-235.0,42.0,1,1,20140124,ORL,LAL
Shot Chart Detail,0021300633,382,201167,Arron Afflalo,1610612753,Orlando Magic,3,0,34,Made Shot,Jump Bank Shot,2PT Field Goal,In The Paint (Non-RA),Center(C),Less Than 8 ft.,5.0,-45.0,31.0,1,1,20140124,ORL,LAL
Shot Chart Detail,0021300633,388,201167,Arron Afflalo,1610612753,Orlando Magic,3,0,11,Missed Shot,Jump Shot,2PT Field Goal,Mid-Range,Left Side Center(LC),16-24 ft.,18.0,-109.0,146.0,1,0,20140124,ORL,LAL
Shot Chart Detail,0021300633,486,201167,Arron Afflalo,1610612753,Orlando Magic,4,2,57,Missed Shot,Layup Shot,2PT Field Goal,Restricted Area,Center(C),Less Than 8 ft.,1.0,6.0,17.0,1,0,20140124,ORL,LAL
Shot Chart Detail,0021300633,509,201167,Arron Afflalo,1610612753,Orlando Magic,4,1,27,Missed Shot,Jump Shot,2PT Field Goal,Mid-Range,Right Side(R),16-24 ft.,16.0,168.0,-2.0,1,0,20140124,ORL,LAL
Shot Chart Detail,0021300656,2,201167,Arron Afflalo,1610612753,Orlando Magic,1,11,40,Made Shot,Jump Shot,2PT Field Goal,Mid-Range,Left Side(L),16-24 ft.,17.0,-171.0,4.0,1,1,20140126,NOP,ORL
Shot Chart Detail,0021300656,9,201167,Arron Afflalo,1610612753,Orlando Magic,1,11,0,Missed Shot,Jump Shot,3PT Field Goal,Above the Break 3,Right Side Center(RC),24+ ft.,24.0,136.0,208.0,1,0,20140126,NOP,ORL
Shot Chart Detail,0021300656,17,201167,Arron Afflalo,1610612753,Orlando Magic,1,10,10,Missed Shot,Reverse Layup Shot,2PT Field Goal,Restricted Area,Center(C),Less Than 8 ft.,2.0,23.0,0.0,1,0,20140126,NOP,ORL
Shot Chart Detail,0021300656,49,201167,Arron Afflalo,1610612753,Orlando Magic,1,5,59,Made Shot,Jump Shot,2PT Field Goal,Mid-Range,Left Side(L),16-24 ft.,18.0,-188.0,6.0,1,1,20140126,NOP,ORL
Shot Chart Detail,0021300656,89,201167,Arron Afflalo,1610612753,Orlando Magic,1,2,14,Made Shot,Jump Shot,2PT Field Goal,Mid-Range,Center(C),16-24 ft.,22.0,7.0,222.0,1,1,20140126,NOP,ORL
Shot Chart Detail,0021300656,225,201167,Arron Afflalo,1610612753,Orlando Magic,2,4,26,Missed Shot,Jump Shot,3PT Field Goal,Left Corner 3,Left Side(L),24+ ft.,22.0,-226.0,26.0,1,0,20140126,NOP,ORL
Shot Chart Detail,0021300656,233,201167,Arron Afflalo,1610612753,Orlando Magic,2,3,2,Made Shot,Layup Shot,2PT Field Goal,Restricted Area,Center(C),Less Than 8 ft.,2.0,17.0,11.0,1,1,20140126,NOP,ORL
Shot Chart Detail,0021300656,314,201167,Arron Afflalo,1610612753,Orlando Magic,3,7,25,Missed Shot,Layup Shot,2PT Field Goal,Restricted Area,Center(C),Less Than 8 ft.,1.0,17.0,9.0,1,0,20140126,NOP,ORL
Shot Chart Detail,0021300656,331,201167,Arron Afflalo,1610612753,Orlando Magic,3,6,15,Made Shot,Layup Shot,2PT Field Goal,Restricted Area,Center(C),Less Than 8 ft.,1.0,13.0,4.0,1,1,20140126,NOP,ORL
Shot Chart Detail,0021300656,359,201167,Arron Afflalo,1610612753,Orlando Magic,3,3,1,Made Shot,Jump Shot,2PT Field Goal,In The Paint (Non-RA),Center(C),Less Than 8 ft.,7.0,26.0,74.0,1,1,20140126,NOP,ORL
Shot Chart Detail,0021300656,381,201167,Arron Afflalo,1610612753,Orlando Magic,3,1,12,Made Shot,Jump Shot,3PT Field Goal,Above the Break 3,Left Side Center(LC),24+ ft.,24.0,-209.0,123.0,1,1,20140126,NOP,ORL
Shot Chart Detail,0021300656,433,201167,Arron Afflalo,1610612753,Orlando Magic,4,7,18,Made Shot,Layup Shot,2PT Field Goal,Restricted Area,Center(C),Less Than 8 ft.,1.0,10.0,7.0,1,1,20140126,NOP,ORL
Shot Chart Detail,0021300656,440,201167,Arron Afflalo,1610612753,Orlando Magic,4,6,42,Made Shot,Turnaround Fadeaway shot,2PT Field Goal,In The Paint (Non-RA),Center(C),8-16 ft.,11.0,54.0,107.0,1,1,20140126,NOP,ORL
Shot Chart Detail,0021300656,521,201167,Arron Afflalo,1610612753,Orlando Magic,4,0,26,Missed Shot,Jump Shot,3PT Field Goal,Above the Break 3,Center(C),24+ ft.,26.0,13.0,260.0,1,0,20140126,NOP,ORL
Shot Chart Detail,0021300669,11,201167,Arron Afflalo,1610612753,Orlando Magic,1,10,51,Missed Shot,Jump Shot,2PT Field Goal,Mid-Range,Right Side Center(RC),16-24 ft.,18.0,129.0,131.0,1,0,20140128,DET,ORL
Shot Chart Detail,0021300669,42,201167,Arron Afflalo,1610612753,Orlando Magic,1,6,59,Missed Shot,Jump Shot,3PT Field Goal,Above the Break 3,Left Side Center(LC),24+ ft.,25.0,-237.0,89.0,1,0,20140128,DET,ORL
Shot Chart Detail,0021300669,53,201167,Arron Afflalo,1610612753,Orlando Magic,1,5,58,Made Shot,Layup Shot,2PT Field Goal,Restricted Area,Center(C),Less Than 8 ft.,0.0,-2.0,0.0,1,1,20140128,DET,ORL
Shot Chart Detail,0021300669,214,201167,Arron Afflalo,1610612753,Orlando Magic,2,5,21,Missed Shot,Jump Shot,3PT Field Goal,Above the Break 3,Center(C),24+ ft.,25.0,78.0,247.0,1,0,20140128,DET,ORL
Shot Chart Detail,0021300669,233,201167,Arron Afflalo,1610612753,Orlando Magic,2,3,17,Missed Shot,Jump Shot,2PT Field Goal,In The Paint (Non-RA),Center(C),Less Than 8 ft.,7.0,-7.0,71.0,1,0,20140128,DET,ORL
Shot Chart Detail,0021300669,243,201167,Arron Afflalo,1610612753,Orlando Magic,2,2,49,Made Shot,Jump Shot,2PT Field Goal,Mid-Range,Right Side(R),16-24 ft.,17.0,160.0,80.0,1,1,20140128,DET,ORL
Shot Chart Detail,0021300669,265,201167,Arron Afflalo,1610612753,Orlando Magic,3,11,45,Missed Shot,Jump Shot,2PT Field Goal,Mid-Range,Right Side(R),16-24 ft.,18.0,181.0,55.0,1,0,20140128,DET,ORL
Shot Chart Detail,0021300669,270,201167,Arron Afflalo,1610612753,Orlando Magic,3,11,7,Made Shot,Jump Shot,2PT Field Goal,Mid-Range,Right Side(R),16-24 ft.,17.0,173.0,30.0,1,1,20140128,DET,ORL
Shot Chart Detail,0021300669,287,201167,Arron Afflalo,1610612753,Orlando Magic,3,9,18,Made Shot,Jump Shot,2PT Field Goal,Mid-Range,Right Side Center(RC),16-24 ft.,19.0,81.0,176.0,1,1,20140128,DET,ORL
Shot Chart Detail,0021300669,293,201167,Arron Afflalo,1610612753,Orlando Magic,3,8,47,Made Shot,Fadeaway Jump Shot,2PT Field Goal,Mid-Range,Right Side(R),8-16 ft.,14.0,138.0,48.0,1,1,20140128,DET,ORL
Shot Chart Detail,0021300669,331,201167,Arron Afflalo,1610612753,Orlando Magic,3,5,32,Missed Shot,Jump Shot,2PT Field Goal,Mid-Range,Left Side Center(LC),16-24 ft.,16.0,-130.0,108.0,1,0,20140128,DET,ORL
Shot Chart Detail,0021300669,353,201167,Arron Afflalo,1610612753,Orlando Magic,3,2,58,Made Shot,Jump Shot,3PT Field Goal,Left Corner 3,Left Side(L),24+ ft.,23.0,-232.0,39.0,1,1,20140128,DET,ORL
Shot Chart Detail,0021300676,8,201167,Arron Afflalo,1610612753,Orlando Magic,1,10,39,Made Shot,Jump Shot,2PT Field Goal,Mid-Range,Right Side(R),16-24 ft.,20.0,203.0,6.0,1,1,20140129,TOR,ORL
Shot Chart Detail,0021300676,23,201167,Arron Afflalo,1610612753,Orlando Magic,1,8,24,Missed Shot,Jump Shot,2PT Field Goal,Mid-Range,Left Side(L),16-24 ft.,22.0,-218.0,61.0,1,0,20140129,TOR,ORL
Shot Chart Detail,0021300676,27,201167,Arron Afflalo,1610612753,Orlando Magic,1,7,49,Missed Shot,Jump Shot,2PT Field Goal,Mid-Range,Left Side(L),8-16 ft.,10.0,-84.0,71.0,1,0,20140129,TOR,ORL
Shot Chart Detail,0021300676,64,201167,Arron Afflalo,1610612753,Orlando Magic,1,4,17,Made Shot,Pullup Jump shot,2PT Field Goal,Mid-Range,Right Side Center(RC),16-24 ft.,17.0,92.0,148.0,1,1,20140129,TOR,ORL
Shot Chart Detail,0021300676,77,201167,Arron Afflalo,1610612753,Orlando Magic,1,2,54,Missed Shot,Pullup Jump shot,2PT Field Goal,Mid-Range,Right Side Center(RC),16-24 ft.,18.0,118.0,145.0,1,0,20140129,TOR,ORL
Shot Chart Detail,0021300676,83,201167,Arron Afflalo,1610612753,Orlando Magic,1,2,17,Missed Shot,Jump Shot,3PT Field Goal,Above the Break 3,Center(C),24+ ft.,25.0,51.0,249.0,1,0,20140129,TOR,ORL
Shot Chart Detail,0021300676,160,201167,Arron Afflalo,1610612753,Orlando Magic,2,6,17,Missed Shot,Turnaround Fadeaway shot,2PT Field Goal,In The Paint (Non-RA),Right Side(R),8-16 ft.,9.0,78.0,58.0,1,0,20140129,TOR,ORL
Shot Chart Detail,0021300676,328,201167,Arron Afflalo,1610612753,Orlando Magic,3,4,1,Made Shot,Jump Shot,2PT Field Goal,Mid-Range,Left Side Center(LC),16-24 ft.,22.0,-166.0,149.0,1,1,20140129,TOR,ORL
Shot Chart Detail,0021300676,342,201167,Arron Afflalo,1610612753,Orlando Magic,3,3,3,Missed Shot,Driving Layup Shot,2PT Field Goal,Restricted Area,Center(C),Less Than 8 ft.,3.0,-4.0,34.0,1,0,20140129,TOR,ORL
Shot Chart Detail,0021300676,378,201167,Arron Afflalo,1610612753,Orlando Magic,3,0,6,Made Shot,Running Reverse Layup Shot,2PT Field Goal,Restricted Area,Center(C),Less Than 8 ft.,1.0,12.0,1.0,1,1,20140129,TOR,ORL
Shot Chart Detail,0021300676,425,201167,Arron Afflalo,1610612753,Orlando Magic,4,8,38,Missed Shot,Turnaround Jump Shot,2PT Field Goal,Mid-Range,Left Side(L),16-24 ft.,17.0,-171.0,20.0,1,0,20140129,TOR,ORL
Shot Chart Detail,0021300689,34,201167,Arron Afflalo,1610612753,Orlando Magic,1,9,2,Made Shot,Turnaround Fadeaway shot,2PT Field Goal,Mid-Range,Left Side(L),16-24 ft.,16.0,-169.0,-2.0,1,1,20140131,ORL,MIL
Shot Chart Detail,0021300689,81,201167,Arron Afflalo,1610612753,Orlando Magic,1,5,41,Made Shot,Layup Shot,2PT Field Goal,Restricted Area,Center(C),Less Than 8 ft.,2.0,10.0,20.0,1,1,20140131,ORL,MIL
Shot Chart Detail,0021300689,95,201167,Arron Afflalo,1610612753,Orlando Magic,1,4,18,Missed Shot,Jump Shot,2PT Field Goal,Mid-Range,Left Side(L),16-24 ft.,20.0,-205.0,0.0,1,0,20140131,ORL,MIL
Shot Chart Detail,0021300689,118,201167,Arron Afflalo,1610612753,Orlando Magic,1,2,43,Made Shot,Jump Shot,2PT Field Goal,Mid-Range,Left Side(L),16-24 ft.,22.0,-187.0,121.0,1,1,20140131,ORL,MIL
Shot Chart Detail,0021300689,134,201167,Arron Afflalo,1610612753,Orlando Magic,1,1,4,Made Shot,Turnaround Fadeaway shot,2PT Field Goal,In The Paint (Non-RA),Center(C),8-16 ft.,13.0,-15.0,134.0,1,1,20140131,ORL,MIL
Shot Chart Detail,0021300689,225,201167,Arron Afflalo,1610612753,Orlando Magic,2,5,52,Missed Shot,Pullup Jump shot,2PT Field Goal,In The Paint (Non-RA),Right Side(R),8-16 ft.,12.0,75.0,101.0,1,0,20140131,ORL,MIL
Shot Chart Detail,0021300689,259,201167,Arron Afflalo,1610612753,Orlando Magic,2,2,36,Missed Shot,Jump Shot,3PT Field Goal,Above the Break 3,Center(C),24+ ft.,24.0,29.0,244.0,1,0,20140131,ORL,MIL
Shot Chart Detail,0021300689,285,201167,Arron Afflalo,1610612753,Orlando Magic,2,0,0,Made Shot,Jump Shot,3PT Field Goal,Left Corner 3,Left Side(L),24+ ft.,23.0,-239.0,4.0,1,1,20140131,ORL,MIL
Shot Chart Detail,0021300689,300,201167,Arron Afflalo,1610612753,Orlando Magic,3,10,13,Missed Shot,Jump Shot,2PT Field Goal,Mid-Range,Center(C),8-16 ft.,15.0,-7.0,157.0,1,0,20140131,ORL,MIL
Shot Chart Detail,0021300689,335,201167,Arron Afflalo,1610612753,Orlando Magic,3,6,38,Missed Shot,Pullup Jump shot,2PT Field Goal,Mid-Range,Left Side Center(LC),16-24 ft.,17.0,-142.0,107.0,1,0,20140131,ORL,MIL
Shot Chart Detail,0021300689,358,201167,Arron Afflalo,1610612753,Orlando Magic,3,4,31,Missed Shot,Driving Reverse Layup Shot,2PT Field Goal,Restricted Area,Center(C),Less Than 8 ft.,0.0,0.0,9.0,1,0,20140131,ORL,MIL
Shot Chart Detail,0021300689,367,201167,Arron Afflalo,1610612753,Orlando Magic,3,3,41,Made Shot,Driving Reverse Layup Shot,2PT Field Goal,Restricted Area,Center(C),Less Than 8 ft.,0.0,-4.0,3.0,1,1,20140131,ORL,MIL
Shot Chart Detail,0021300689,370,201167,Arron Afflalo,1610612753,Orlando Magic,3,3,16,Made Shot,Layup Shot,2PT Field Goal,Restricted Area,Center(C),Less Than 8 ft.,1.0,13.0,0.0,1,1,20140131,ORL,MIL
Shot Chart Detail,0021300709,10,201167,Arron Afflalo,1610612753,Orlando Magic,1,10,17,Missed Shot,Jump Shot,2PT Field Goal,Mid-Range,Left Side(L),8-16 ft.,9.0,-92.0,37.0,1,0,20140202,BOS,ORL
Shot Chart Detail,0021300709,85,201167,Arron Afflalo,1610612753,Orlando Magic,1,2,47,Made Shot,Fadeaway Jump Shot,2PT Field Goal,Mid-Range,Right Side(R),8-16 ft.,10.0,92.0,58.0,1,1,20140202,BOS,ORL
Shot Chart Detail,0021300709,95,201167,Arron Afflalo,1610612753,Orlando Magic,1,2,20,Missed Shot,Jump Shot,3PT Field Goal,Above the Break 3,Left Side Center(LC),24+ ft.,24.0,-76.0,230.0,1,0,20140202,BOS,ORL
Shot Chart Detail,0021300709,113,201167,Arron Afflalo,1610612753,Orlando Magic,1,1,9,Made Shot,Running Layup Shot,2PT Field Goal,Restricted Area,Center(C),Less Than 8 ft.,0.0,9.0,4.0,1,1,20140202,BOS,ORL
Shot Chart Detail,0021300709,199,201167,Arron Afflalo,1610612753,Orlando Magic,2,4,48,Made Shot,Jump Shot,3PT Field Goal,Above the Break 3,Right Side Center(RC),24+ ft.,28.0,124.0,261.0,1,1,20140202,BOS,ORL
Shot Chart Detail,0021300709,278,201167,Arron Afflalo,1610612753,Orlando Magic,3,9,52,Made Shot,Layup Shot,2PT Field Goal,Restricted Area,Center(C),Less Than 8 ft.,2.0,1.0,25.0,1,1,20140202,BOS,ORL
Shot Chart Detail,0021300709,290,201167,Arron Afflalo,1610612753,Orlando Magic,3,9,5,Missed Shot,Jump Shot,3PT Field Goal,Above the Break 3,Right Side Center(RC),24+ ft.,24.0,83.0,233.0,1,0,20140202,BOS,ORL
Shot Chart Detail,0021300709,293,201167,Arron Afflalo,1610612753,Orlando Magic,3,8,44,Missed Shot,Layup Shot,2PT Field Goal,Restricted Area,Center(C),Less Than 8 ft.,0.0,-7.0,0.0,1,0,20140202,BOS,ORL
Shot Chart Detail,0021300709,440,201167,Arron Afflalo,1610612753,Orlando Magic,4,5,7,Made Shot,Jump Shot,2PT Field Goal,Mid-Range,Right Side Center(RC),16-24 ft.,17.0,59.0,162.0,1,1,20140202,BOS,ORL
Shot Chart Detail,0021300709,446,201167,Arron Afflalo,1610612753,Orlando Magic,4,4,38,Missed Shot,Jump Shot,2PT Field Goal,Mid-Range,Center(C),16-24 ft.,22.0,56.0,220.0,1,0,20140202,BOS,ORL
Shot Chart Detail,0021300709,479,201167,Arron Afflalo,1610612753,Orlando Magic,4,1,12,Made Shot,Driving Layup Shot,2PT Field Goal,Restricted Area,Center(C),Less Than 8 ft.,2.0,20.0,1.0,1,1,20140202,BOS,ORL
Shot Chart Detail,0021300709,493,201167,Arron Afflalo,1610612753,Orlando Magic,4,0,7,Missed Shot,Jump Shot,2PT Field Goal,In The Paint (Non-RA),Center(C),Less Than 8 ft.,5.0,-43.0,28.0,1,0,20140202,BOS,ORL
Shot Chart Detail,0021300710,6,201167,Arron Afflalo,1610612753,Orlando Magic,1,11,1,Made Shot,Pullup Jump shot,2PT Field Goal,Mid-Range,Center(C),16-24 ft.,17.0,2.0,170.0,1,1,20140203,IND,ORL
Shot Chart Detail,0021300710,10,201167,Arron Afflalo,1610612753,Orlando Magic,1,10,24,Made Shot,Jump Shot,3PT Field Goal,Above the Break 3,Right Side Center(RC),24+ ft.,27.0,236.0,143.0,1,1,20140203,IND,ORL
Shot Chart Detail,0021300710,12,201167,Arron Afflalo,1610612753,Orlando Magic,1,9,51,Missed Shot,Jump Shot,3PT Field Goal,Above the Break 3,Right Side Center(RC),24+ ft.,26.0,201.0,178.0,1,0,20140203,IND,ORL
Shot Chart Detail,0021300710,23,201167,Arron Afflalo,1610612753,Orlando Magic,1,9,4,Missed Shot,Jump Shot,2PT Field Goal,Mid-Range,Left Side(L),8-16 ft.,8.0,-87.0,15.0,1,0,20140203,IND,ORL
Shot Chart Detail,0021300710,60,201167,Arron Afflalo,1610612753,Orlando Magic,1,4,23,Made Shot,Jump Shot,3PT Field Goal,Left Corner 3,Left Side(L),24+ ft.,23.0,-237.0,33.0,1,1,20140203,IND,ORL
Shot Chart Detail,0021300710,67,201167,Arron Afflalo,1610612753,Orlando Magic,1,3,36,Made Shot,Jump Shot,3PT Field Goal,Above the Break 3,Right Side Center(RC),24+ ft.,26.0,140.0,220.0,1,1,20140203,IND,ORL
Shot Chart Detail,0021300710,72,201167,Arron Afflalo,1610612753,Orlando Magic,1,2,39,Missed Shot,Jump Shot,2PT Field Goal,In The Paint (Non-RA),Center(C),8-16 ft.,15.0,78.0,138.0,1,0,20140203,IND,ORL
Shot Chart Detail,0021300710,178,201167,Arron Afflalo,1610612753,Orlando Magic,2,3,56,Missed Shot,Jump Shot,3PT Field Goal,Right Corner 3,Right Side(R),24+ ft.,23.0,236.0,-5.0,1,0,20140203,IND,ORL
Shot Chart Detail,0021300710,182,201167,Arron Afflalo,1610612753,Orlando Magic,2,3,33,Made Shot,Layup Shot,2PT Field Goal,Restricted Area,Center(C),Less Than 8 ft.,1.0,18.0,0.0,1,1,20140203,IND,ORL
Shot Chart Detail,0021300710,195,201167,Arron Afflalo,1610612753,Orlando Magic,2,2,41,Made Shot,Pullup Jump shot,2PT Field Goal,Mid-Range,Left Side Center(LC),16-24 ft.,18.0,-87.0,159.0,1,1,20140203,IND,ORL
Shot Chart Detail,0021300710,217,201167,Arron Afflalo,1610612753,Orlando Magic,2,0,0,Made Shot,Jump Shot,3PT Field Goal,Above the Break 3,Right Side Center(RC),24+ ft.,29.0,157.0,250.0,1,1,20140203,IND,ORL
Shot Chart Detail,0021300710,221,201167,Arron Afflalo,1610612753,Orlando Magic,3,11,47,Made Shot,Jump Shot,2PT Field Goal,Mid-Range,Left Side(L),16-24 ft.,20.0,-177.0,102.0,1,1,20140203,IND,ORL
Shot Chart Detail,0021300710,241,201167,Arron Afflalo,1610612753,Orlando Magic,3,9,43,Missed Shot,Jump Shot,2PT Field Goal,Mid-Range,Left Side(L),16-24 ft.,18.0,-149.0,104.0,1,0,20140203,IND,ORL
Shot Chart Detail,0021300710,273,201167,Arron Afflalo,1610612753,Orlando Magic,3,6,22,Missed Shot,Layup Shot,2PT Field Goal,Restricted Area,Center(C),Less Than 8 ft.,1.0,-5.0,11.0,1,0,20140203,IND,ORL
Shot Chart Detail,0021300710,283,201167,Arron Afflalo,1610612753,Orlando Magic,3,5,17,Missed Shot,Jump Shot,3PT Field Goal,Above the Break 3,Right Side Center(RC),24+ ft.,26.0,111.0,246.0,1,0,20140203,IND,ORL
Shot Chart Detail,0021300710,291,201167,Arron Afflalo,1610612753,Orlando Magic,3,4,10,Missed Shot,Jump Shot,2PT Field Goal,Mid-Range,Left Side(L),8-16 ft.,14.0,-146.0,-16.0,1,0,20140203,IND,ORL
Shot Chart Detail,0021300710,336,201167,Arron Afflalo,1610612753,Orlando Magic,3,1,4,Missed Shot,Jump Shot,2PT Field Goal,Mid-Range,Left Side Center(LC),16-24 ft.,18.0,-81.0,165.0,1,0,20140203,IND,ORL
Shot Chart Detail,0021300710,422,201167,Arron Afflalo,1610612753,Orlando Magic,4,4,37,Missed Shot,Jump Shot,2PT Field Goal,Mid-Range,Center(C),16-24 ft.,18.0,-23.0,179.0,1,0,20140203,IND,ORL
Shot Chart Detail,0021300733,5,201167,Arron Afflalo,1610612753,Orlando Magic,1,11,15,Made Shot,Running Layup Shot,2PT Field Goal,Restricted Area,Center(C),Less Than 8 ft.,2.0,15.0,17.0,1,1,20140205,ORL,DET
Shot Chart Detail,0021300733,11,201167,Arron Afflalo,1610612753,Orlando Magic,1,10,42,Made Shot,Jump Shot,3PT Field Goal,Above the Break 3,Left Side Center(LC),24+ ft.,25.0,-201.0,159.0,1,1,20140205,ORL,DET
Shot Chart Detail,0021300733,19,201167,Arron Afflalo,1610612753,Orlando Magic,1,9,58,Missed Shot,Jump Shot,2PT Field Goal,Mid-Range,Right Side Center(RC),16-24 ft.,18.0,100.0,157.0,1,0,20140205,ORL,DET
Shot Chart Detail,0021300733,27,201167,Arron Afflalo,1610612753,Orlando Magic,1,8,56,Missed Shot,Jump Shot,2PT Field Goal,Mid-Range,Right Side Center(RC),16-24 ft.,20.0,118.0,162.0,1,0,20140205,ORL,DET
Shot Chart Detail,0021300733,28,201167,Arron Afflalo,1610612753,Orlando Magic,1,8,54,Missed Shot,Layup Shot,2PT Field Goal,Restricted Area,Center(C),Less Than 8 ft.,1.0,2.0,19.0,1,0,20140205,ORL,DET
Shot Chart Detail,0021300733,56,201167,Arron Afflalo,1610612753,Orlando Magic,1,6,41,Missed Shot,Jump Shot,2PT Field Goal,Mid-Range,Right Side Center(RC),16-24 ft.,17.0,136.0,112.0,1,0,20140205,ORL,DET
Shot Chart Detail,0021300733,62,201167,Arron Afflalo,1610612753,Orlando Magic,1,5,35,Missed Shot,Jump Shot,3PT Field Goal,Above the Break 3,Right Side Center(RC),24+ ft.,25.0,110.0,233.0,1,0,20140205,ORL,DET
Shot Chart Detail,0021300733,211,201167,Arron Afflalo,1610612753,Orlando Magic,2,5,2,Made Shot,Jump Shot,3PT Field Goal,Right Corner 3,Right Side(R),24+ ft.,23.0,231.0,47.0,1,1,20140205,ORL,DET
Shot Chart Detail,0021300733,217,201167,Arron Afflalo,1610612753,Orlando Magic,2,3,57,Missed Shot,Jump Shot,3PT Field Goal,Above the Break 3,Left Side Center(LC),24+ ft.,24.0,-183.0,167.0,1,0,20140205,ORL,DET
Shot Chart Detail,0021300733,255,201167,Arron Afflalo,1610612753,Orlando Magic,2,1,16,Made Shot,Driving Layup Shot,2PT Field Goal,Restricted Area,Center(C),Less Than 8 ft.,2.0,-2.0,20.0,1,1,20140205,ORL,DET
Shot Chart Detail,0021300733,285,201167,Arron Afflalo,1610612753,Orlando Magic,3,10,21,Missed Shot,Jump Shot,2PT Field Goal,Mid-Range,Right Side Center(RC),16-24 ft.,19.0,94.0,173.0,1,0,20140205,ORL,DET
Shot Chart Detail,0021300733,293,201167,Arron Afflalo,1610612753,Orlando Magic,3,9,38,Missed Shot,Driving Layup Shot,2PT Field Goal,Restricted Area,Center(C),Less Than 8 ft.,1.0,4.0,14.0,1,0,20140205,ORL,DET
Shot Chart Detail,0021300733,325,201167,Arron Afflalo,1610612753,Orlando Magic,3,6,6,Made Shot,Jump Shot,3PT Field Goal,Above the Break 3,Left Side Center(LC),24+ ft.,25.0,-204.0,154.0,1,1,20140205,ORL,DET
Shot Chart Detail,0021300733,489,201167,Arron Afflalo,1610612753,Orlando Magic,4,3,39,Missed Shot,Jump Shot,3PT Field Goal,Left Corner 3,Left Side(L),24+ ft.,23.0,-224.0,55.0,1,0,20140205,ORL,DET
Shot Chart Detail,0021300740,94,201167,Arron Afflalo,1610612753,Orlando Magic,1,0,42,Missed Shot,Pullup Jump shot,2PT Field Goal,Mid-Range,Right Side(R),16-24 ft.,17.0,152.0,91.0,1,0,20140207,ORL,OKC
Shot Chart Detail,0021300740,190,201167,Arron Afflalo,1610612753,Orlando Magic,2,3,18,Made Shot,Fadeaway Jump Shot,2PT Field Goal,Mid-Range,Right Side(R),16-24 ft.,16.0,165.0,17.0,1,1,20140207,ORL,OKC
Shot Chart Detail,0021300740,216,201167,Arron Afflalo,1610612753,Orlando Magic,2,1,43,Made Shot,Step Back Jump shot,3PT Field Goal,Above the Break 3,Left Side Center(LC),24+ ft.,26.0,-180.0,192.0,1,1,20140207,ORL,OKC
Shot Chart Detail,0021300740,220,201167,Arron Afflalo,1610612753,Orlando Magic,2,0,54,Missed Shot,Floating Jump shot,2PT Field Goal,In The Paint (Non-RA),Left Side(L),8-16 ft.,10.0,-59.0,89.0,1,0,20140207,ORL,OKC
Shot Chart Detail,0021300740,254,201167,Arron Afflalo,1610612753,Orlando Magic,3,10,48,Missed Shot,Jump Shot,3PT Field Goal,Above the Break 3,Right Side Center(RC),24+ ft.,25.0,214.0,142.0,1,0,20140207,ORL,OKC
Shot Chart Detail,0021300740,292,201167,Arron Afflalo,1610612753,Orlando Magic,3,5,58,Made Shot,Layup Shot,2PT Field Goal,Restricted Area,Center(C),Less Than 8 ft.,0.0,-7.0,-5.0,1,1,20140207,ORL,OKC
Shot Chart Detail,0021300740,331,201167,Arron Afflalo,1610612753,Orlando Magic,3,2,28,Missed Shot,Jump Shot,2PT Field Goal,Mid-Range,Right Side Center(RC),16-24 ft.,21.0,122.0,179.0,1,0,20140207,ORL,OKC
Shot Chart Detail,0021300740,334,201167,Arron Afflalo,1610612753,Orlando Magic,3,1,56,Missed Shot,Jump Shot,2PT Field Goal,In The Paint (Non-RA),Center(C),8-16 ft.,8.0,31.0,80.0,1,0,20140207,ORL,OKC
Shot Chart Detail,0021300740,459,201167,Arron Afflalo,1610612753,Orlando Magic,4,3,44,Missed Shot,Step Back Jump shot,2PT Field Goal,Mid-Range,Right Side(R),16-24 ft.,19.0,195.0,26.0,1,0,20140207,ORL,OKC
Shot Chart Detail,0021300740,473,201167,Arron Afflalo,1610612753,Orlando Magic,4,2,33,Missed Shot,Jump Shot,2PT Field Goal,Mid-Range,Left Side Center(LC),16-24 ft.,21.0,-142.0,159.0,1,0,20140207,ORL,OKC
Shot Chart Detail,0021300740,517,201167,Arron Afflalo,1610612753,Orlando Magic,4,0,29,Missed Shot,Floating Jump shot,2PT Field Goal,Mid-Range,Right Side(R),8-16 ft.,12.0,114.0,53.0,1,0,20140207,ORL,OKC
Shot Chart Detail,0021300761,26,201167,Arron Afflalo,1610612753,Orlando Magic,1,8,3,Missed Shot,Driving Layup Shot,2PT Field Goal,Restricted Area,Center(C),Less Than 8 ft.,2.0,-23.0,0.0,1,0,20140209,ORL,IND
Shot Chart Detail,0021300761,28,201167,Arron Afflalo,1610612753,Orlando Magic,1,8,0,Made Shot,Jump Shot,3PT Field Goal,Left Corner 3,Left Side(L),24+ ft.,23.0,-231.0,-22.0,1,1,20140209,ORL,IND
Shot Chart Detail,0021300761,42,201167,Arron Afflalo,1610612753,Orlando Magic,1,6,15,Missed Shot,Driving Reverse Layup Shot,2PT Field Goal,Restricted Area,Center(C),Less Than 8 ft.,2.0,-21.0,6.0,1,0,20140209,ORL,IND
Shot Chart Detail,0021300761,77,201167,Arron Afflalo,1610612753,Orlando Magic,1,1,52,Missed Shot,Turnaround Fadeaway shot,2PT Field Goal,Mid-Range,Right Side(R),8-16 ft.,12.0,121.0,42.0,1,0,20140209,ORL,IND
Shot Chart Detail,0021300761,83,201167,Arron Afflalo,1610612753,Orlando Magic,1,0,57,Missed Shot,Jump Shot,2PT Field Goal,Mid-Range,Left Side(L),16-24 ft.,20.0,-209.0,6.0,1,0,20140209,ORL,IND
Shot Chart Detail,0021300761,86,201167,Arron Afflalo,1610612753,Orlando Magic,1,0,30,Missed Shot,Jump Shot,2PT Field Goal,Mid-Range,Right Side Center(RC),16-24 ft.,19.0,77.0,178.0,1,0,20140209,ORL,IND
Shot Chart Detail,0021300761,273,201167,Arron Afflalo,1610612753,Orlando Magic,3,7,47,Made Shot,Turnaround Jump Shot,2PT Field Goal,In The Paint (Non-RA),Center(C),8-16 ft.,11.0,6.0,113.0,1,1,20140209,ORL,IND
Shot Chart Detail,0021300761,287,201167,Arron Afflalo,1610612753,Orlando Magic,3,6,41,Missed Shot,Jump Shot,3PT Field Goal,Left Corner 3,Left Side(L),24+ ft.,23.0,-234.0,19.0,1,0,20140209,ORL,IND
Shot Chart Detail,0021300761,483,201167,Arron Afflalo,1610612753,Orlando Magic,4,2,48,Missed Shot,Jump Shot,3PT Field Goal,Above the Break 3,Right Side Center(RC),24+ ft.,24.0,140.0,198.0,1,0,20140209,ORL,IND
Shot Chart Detail,0021300761,490,201167,Arron Afflalo,1610612753,Orlando Magic,4,1,50,Made Shot,Driving Layup Shot,2PT Field Goal,Restricted Area,Center(C),Less Than 8 ft.,2.0,-24.0,1.0,1,1,20140209,ORL,IND
Shot Chart Detail,0021300778,4,201167,Arron Afflalo,1610612753,Orlando Magic,1,11,17,Missed Shot,Jump Shot,2PT Field Goal,In The Paint (Non-RA),Center(C),8-16 ft.,11.0,17.0,112.0,1,0,20140212,ORL,MEM
Shot Chart Detail,0021300778,19,201167,Arron Afflalo,1610612753,Orlando Magic,1,9,4,Missed Shot,Jump Shot,3PT Field Goal,Above the Break 3,Center(C),24+ ft.,25.0,-67.0,242.0,1,0,20140212,ORL,MEM
Shot Chart Detail,0021300778,224,201167,Arron Afflalo,1610612753,Orlando Magic,3,9,53,Made Shot,Turnaround Fadeaway shot,2PT Field Goal,Mid-Range,Right Side(R),8-16 ft.,15.0,130.0,75.0,1,1,20140212,ORL,MEM
Shot Chart Detail,0021300778,244,201167,Arron Afflalo,1610612753,Orlando Magic,3,7,19,Made Shot,Jump Shot,2PT Field Goal,Mid-Range,Right Side Center(RC),16-24 ft.,16.0,78.0,146.0,1,1,20140212,ORL,MEM
Shot Chart Detail,0021300778,248,201167,Arron Afflalo,1610612753,Orlando Magic,3,6,40,Missed Shot,Jump Bank Shot,2PT Field Goal,Mid-Range,Right Side(R),8-16 ft.,15.0,143.0,69.0,1,0,20140212,ORL,MEM
Shot Chart Detail,0021300778,266,201167,Arron Afflalo,1610612753,Orlando Magic,3,5,20,Made Shot,Jump Shot,3PT Field Goal,Above the Break 3,Left Side Center(LC),24+ ft.,24.0,-205.0,142.0,1,1,20140212,ORL,MEM
Shot Chart Detail,0021300778,269,201167,Arron Afflalo,1610612753,Orlando Magic,3,4,36,Missed Shot,Jump Shot,3PT Field Goal,Above the Break 3,Left Side Center(LC),24+ ft.,26.0,-213.0,162.0,1,0,20140212,ORL,MEM
Shot Chart Detail,0021300778,423,201167,Arron Afflalo,1610612753,Orlando Magic,4,2,30,Missed Shot,Jump Shot,2PT Field Goal,Mid-Range,Right Side(R),8-16 ft.,15.0,124.0,97.0,1,0,20140212,ORL,MEM
Shot Chart Detail,0021300778,476,201167,Arron Afflalo,1610612753,Orlando Magic,4,0,5,Made Shot,Layup Shot,2PT Field Goal,Restricted Area,Center(C),Less Than 8 ft.,1.0,0.0,15.0,1,1,20140212,ORL,MEM
Shot Chart Detail,0021300797,6,201167,Arron Afflalo,1610612753,Orlando Magic,1,11,19,Made Shot,Jump Shot,2PT Field Goal,Mid-Range,Right Side(R),8-16 ft.,14.0,144.0,28.0,1,1,20140218,MIL,ORL
Shot Chart Detail,0021300797,31,201167,Arron Afflalo,1610612753,Orlando Magic,1,8,1,Missed Shot,Jump Shot,2PT Field Goal,Mid-Range,Right Side(R),8-16 ft.,14.0,143.0,-3.0,1,0,20140218,MIL,ORL
Shot Chart Detail,0021300797,38,201167,Arron Afflalo,1610612753,Orlando Magic,1,6,59,Made Shot,Jump Shot,3PT Field Goal,Left Corner 3,Left Side(L),24+ ft.,24.0,-242.0,-5.0,1,1,20140218,MIL,ORL
Shot Chart Detail,0021300797,47,201167,Arron Afflalo,1610612753,Orlando Magic,1,5,28,Made Shot,Turnaround Jump Shot,2PT Field Goal,Mid-Range,Right Side(R),8-16 ft.,13.0,129.0,37.0,1,1,20140218,MIL,ORL
Shot Chart Detail,0021300797,181,201167,Arron Afflalo,1610612753,Orlando Magic,2,4,23,Missed Shot,Jump Shot,2PT Field Goal,Mid-Range,Left Side(L),16-24 ft.,20.0,-201.0,0.0,1,0,20140218,MIL,ORL
Shot Chart Detail,0021300797,198,201167,Arron Afflalo,1610612753,Orlando Magic,2,2,51,Made Shot,Running Layup Shot,2PT Field Goal,Restricted Area,Center(C),Less Than 8 ft.,0.0,-5.0,0.0,1,1,20140218,MIL,ORL
Shot Chart Detail,0021300797,206,201167,Arron Afflalo,1610612753,Orlando Magic,2,1,46,Made Shot,Jump Shot,2PT Field Goal,Mid-Range,Right Side(R),8-16 ft.,13.0,136.0,14.0,1,1,20140218,MIL,ORL
Shot Chart Detail,0021300797,246,201167,Arron Afflalo,1610612753,Orlando Magic,3,10,7,Missed Shot,Jump Shot,3PT Field Goal,Above the Break 3,Right Side Center(RC),24+ ft.,25.0,179.0,175.0,1,0,20140218,MIL,ORL
Shot Chart Detail,0021300797,275,201167,Arron Afflalo,1610612753,Orlando Magic,3,7,1,Made Shot,Jump Shot,3PT Field Goal,Left Corner 3,Left Side(L),24+ ft.,25.0,-240.0,74.0,1,1,20140218,MIL,ORL
Shot Chart Detail,0021300797,283,201167,Arron Afflalo,1610612753,Orlando Magic,3,6,26,Made Shot,Jump Shot,2PT Field Goal,Mid-Range,Right Side(R),16-24 ft.,16.0,135.0,94.0,1,1,20140218,MIL,ORL
Shot Chart Detail,0021300797,304,201167,Arron Afflalo,1610612753,Orlando Magic,3,4,56,Made Shot,Jump Shot,2PT Field Goal,Mid-Range,Right Side(R),8-16 ft.,12.0,125.0,-21.0,1,1,20140218,MIL,ORL
Shot Chart Detail,0021300797,324,201167,Arron Afflalo,1610612753,Orlando Magic,3,2,56,Missed Shot,Jump Shot,3PT Field Goal,Above the Break 3,Left Side Center(LC),24+ ft.,26.0,-240.0,104.0,1,0,20140218,MIL,ORL
Shot Chart Detail,0021300797,435,201167,Arron Afflalo,1610612753,Orlando Magic,4,4,19,Made Shot,Jump Shot,3PT Field Goal,Above the Break 3,Left Side Center(LC),24+ ft.,25.0,-235.0,94.0,1,1,20140218,MIL,ORL
Shot Chart Detail,0021300797,456,201167,Arron Afflalo,1610612753,Orlando Magic,4,2,28,Missed Shot,Jump Shot,2PT Field Goal,Mid-Range,Right Side(R),16-24 ft.,17.0,147.0,88.0,1,0,20140218,MIL,ORL
Shot Chart Detail,0021300797,484,201167,Arron Afflalo,1610612753,Orlando Magic,4,0,9,Missed Shot,Jump Shot,3PT Field Goal,Above the Break 3,Right Side Center(RC),24+ ft.,24.0,100.0,226.0,1,0,20140218,MIL,ORL
Shot Chart Detail,0021300802,20,201167,Arron Afflalo,1610612753,Orlando Magic,1,9,40,Missed Shot,Turnaround Jump Shot,2PT Field Goal,Mid-Range,Left Side(L),16-24 ft.,16.0,-164.0,25.0,1,0,20140219,CLE,ORL
Shot Chart Detail,0021300802,29,201167,Arron Afflalo,1610612753,Orlando Magic,1,8,41,Missed Shot,Turnaround Jump Shot,2PT Field Goal,Mid-Range,Left Side(L),8-16 ft.,13.0,-127.0,37.0,1,0,20140219,CLE,ORL
Shot Chart Detail,0021300802,48,201167,Arron Afflalo,1610612753,Orlando Magic,1,6,26,Missed Shot,Jump Shot,3PT Field Goal,Above the Break 3,Left Side Center(LC),24+ ft.,25.0,-226.0,110.0,1,0,20140219,CLE,ORL
Shot Chart Detail,0021300802,123,201167,Arron Afflalo,1610612753,Orlando Magic,1,1,5,Made Shot,Jump Shot,3PT Field Goal,Right Corner 3,Right Side(R),24+ ft.,23.0,230.0,61.0,1,1,20140219,CLE,ORL
Shot Chart Detail,0021300802,247,201167,Arron Afflalo,1610612753,Orlando Magic,2,2,43,Made Shot,Jump Shot,2PT Field Goal,Mid-Range,Center(C),8-16 ft.,15.0,24.0,157.0,1,1,20140219,CLE,ORL
Shot Chart Detail,0021300802,264,201167,Arron Afflalo,1610612753,Orlando Magic,2,1,10,Made Shot,Jump Shot,2PT Field Goal,Mid-Range,Right Side(R),8-16 ft.,15.0,132.0,75.0,1,1,20140219,CLE,ORL
Shot Chart Detail,0021300802,273,201167,Arron Afflalo,1610612753,Orlando Magic,2,0,1,Missed Shot,Step Back Jump shot,2PT Field Goal,Mid-Range,Left Side(L),16-24 ft.,20.0,-202.0,20.0,1,0,20140219,CLE,ORL
Shot Chart Detail,0021300802,280,201167,Arron Afflalo,1610612753,Orlando Magic,3,11,22,Missed Shot,Jump Shot,2PT Field Goal,Mid-Range,Right Side(R),8-16 ft.,15.0,151.0,42.0,1,0,20140219,CLE,ORL
Shot Chart Detail,0021300802,314,201167,Arron Afflalo,1610612753,Orlando Magic,3,8,13,Made Shot,Jump Shot,3PT Field Goal,Left Corner 3,Left Side(L),24+ ft.,25.0,-240.0,75.0,1,1,20140219,CLE,ORL
Shot Chart Detail,0021300802,320,201167,Arron Afflalo,1610612753,Orlando Magic,3,7,29,Made Shot,Jump Shot,2PT Field Goal,Mid-Range,Left Side(L),16-24 ft.,18.0,-150.0,104.0,1,1,20140219,CLE,ORL
Shot Chart Detail,0021300802,367,201167,Arron Afflalo,1610612753,Orlando Magic,3,2,36,Missed Shot,Jump Shot,2PT Field Goal,Mid-Range,Left Side Center(LC),16-24 ft.,17.0,-117.0,126.0,1,0,20140219,CLE,ORL
Shot Chart Detail,0021300802,511,201167,Arron Afflalo,1610612753,Orlando Magic,4,3,42,Missed Shot,Jump Shot,3PT Field Goal,Above the Break 3,Right Side Center(RC),24+ ft.,24.0,133.0,208.0,1,0,20140219,CLE,ORL
Shot Chart Detail,0021300802,537,201167,Arron Afflalo,1610612753,Orlando Magic,4,2,7,Made Shot,Running Jump Shot,2PT Field Goal,In The Paint (Non-RA),Center(C),Less Than 8 ft.,6.0,-2.0,63.0,1,1,20140219,CLE,ORL
Shot Chart Detail,0021300802,584,201167,Arron Afflalo,1610612753,Orlando Magic,4,0,6,Made Shot,Running Jump Shot,2PT Field Goal,Restricted Area,Center(C),Less Than 8 ft.,3.0,32.0,12.0,1,1,20140219,CLE,ORL
Shot Chart Detail,0021300816,28,201167,Arron Afflalo,1610612753,Orlando Magic,1,7,57,Made Shot,Jump Shot,3PT Field Goal,Above the Break 3,Center(C),24+ ft.,24.0,-48.0,239.0,1,1,20140221,ORL,NYK
Shot Chart Detail,0021300816,39,201167,Arron Afflalo,1610612753,Orlando Magic,1,5,38,Made Shot,Driving Layup Shot,2PT Field Goal,Restricted Area,Center(C),Less Than 8 ft.,0.0,2.0,0.0,1,1,20140221,ORL,NYK
Shot Chart Detail,0021300816,64,201167,Arron Afflalo,1610612753,Orlando Magic,1,3,46,Made Shot,Jump Shot,3PT Field Goal,Left Corner 3,Left Side(L),24+ ft.,23.0,-239.0,-3.0,1,1,20140221,ORL,NYK
Shot Chart Detail,0021300816,85,201167,Arron Afflalo,1610612753,Orlando Magic,1,1,53,Made Shot,Jump Shot,3PT Field Goal,Above the Break 3,Right Side Center(RC),24+ ft.,24.0,119.0,211.0,1,1,20140221,ORL,NYK
Shot Chart Detail,0021300816,90,201167,Arron Afflalo,1610612753,Orlando Magic,1,0,48,Made Shot,Running Jump Shot,2PT Field Goal,In The Paint (Non-RA),Center(C),Less Than 8 ft.,6.0,-32.0,52.0,1,1,20140221,ORL,NYK
Shot Chart Detail,0021300816,185,201167,Arron Afflalo,1610612753,Orlando Magic,2,5,13,Missed Shot,Jump Shot,2PT Field Goal,Mid-Range,Right Side(R),16-24 ft.,21.0,206.0,63.0,1,0,20140221,ORL,NYK
Shot Chart Detail,0021300816,199,201167,Arron Afflalo,1610612753,Orlando Magic,2,3,47,Made Shot,Pullup Jump shot,2PT Field Goal,Mid-Range,Right Side Center(RC),16-24 ft.,17.0,75.0,153.0,1,1,20140221,ORL,NYK
Shot Chart Detail,0021300816,210,201167,Arron Afflalo,1610612753,Orlando Magic,2,2,43,Missed Shot,Jump Shot,2PT Field Goal,Mid-Range,Right Side Center(RC),16-24 ft.,21.0,152.0,149.0,1,0,20140221,ORL,NYK
Shot Chart Detail,0021300816,229,201167,Arron Afflalo,1610612753,Orlando Magic,2,0,19,Missed Shot,Jump Bank Shot,2PT Field Goal,In The Paint (Non-RA),Center(C),Less Than 8 ft.,7.0,72.0,28.0,1,0,20140221,ORL,NYK
Shot Chart Detail,0021300816,239,201167,Arron Afflalo,1610612753,Orlando Magic,3,11,34,Missed Shot,Jump Shot,2PT Field Goal,Mid-Range,Left Side(L),16-24 ft.,19.0,-198.0,20.0,1,0,20140221,ORL,NYK
Shot Chart Detail,0021300816,267,201167,Arron Afflalo,1610612753,Orlando Magic,3,6,59,Made Shot,Jump Shot,2PT Field Goal,Mid-Range,Left Side(L),8-16 ft.,9.0,-82.0,55.0,1,1,20140221,ORL,NYK
Shot Chart Detail,0021300816,289,201167,Arron Afflalo,1610612753,Orlando Magic,3,5,29,Missed Shot,Jump Shot,2PT Field Goal,Mid-Range,Right Side(R),8-16 ft.,11.0,110.0,9.0,1,0,20140221,ORL,NYK
Shot Chart Detail,0021300816,444,201167,Arron Afflalo,1610612753,Orlando Magic,4,3,54,Missed Shot,Layup Shot,2PT Field Goal,Restricted Area,Center(C),Less Than 8 ft.,1.0,13.0,7.0,1,0,20140221,ORL,NYK
Shot Chart Detail,0021300816,447,201167,Arron Afflalo,1610612753,Orlando Magic,4,3,14,Made Shot,Pullup Jump shot,2PT Field Goal,Mid-Range,Left Side(L),8-16 ft.,15.0,-112.0,102.0,1,1,20140221,ORL,NYK
Shot Chart Detail,0021300816,467,201167,Arron Afflalo,1610612753,Orlando Magic,4,0,42,Made Shot,Step Back Jump shot,2PT Field Goal,Mid-Range,Left Side(L),8-16 ft.,14.0,-111.0,94.0,1,1,20140221,ORL,NYK
Shot Chart Detail,0021300816,491,201167,Arron Afflalo,1610612753,Orlando Magic,5,3,53,Made Shot,Jump Shot,3PT Field Goal,Above the Break 3,Right Side Center(RC),24+ ft.,25.0,170.0,187.0,1,1,20140221,ORL,NYK
Shot Chart Detail,0021300816,501,201167,Arron Afflalo,1610612753,Orlando Magic,5,2,4,Missed Shot,Turnaround Jump Shot,2PT Field Goal,Mid-Range,Left Side(L),16-24 ft.,20.0,-199.0,33.0,1,0,20140221,ORL,NYK
Shot Chart Detail,0021300816,536,201167,Arron Afflalo,1610612753,Orlando Magic,6,4,41,Made Shot,Jump Shot,2PT Field Goal,Mid-Range,Right Side Center(RC),16-24 ft.,18.0,132.0,132.0,1,1,20140221,ORL,NYK
Shot Chart Detail,0021300905,21,201167,Arron Afflalo,1610612753,Orlando Magic,1,9,9,Made Shot,Pullup Jump shot,2PT Field Goal,Mid-Range,Left Side Center(LC),16-24 ft.,19.0,-71.0,183.0,1,1,20140305,ORL,HOU
Shot Chart Detail,0021300905,26,201167,Arron Afflalo,1610612753,Orlando Magic,1,8,22,Missed Shot,Jump Shot,3PT Field Goal,Above the Break 3,Left Side Center(LC),24+ ft.,25.0,-168.0,186.0,1,0,20140305,ORL,HOU
Shot Chart Detail,0021300905,50,201167,Arron Afflalo,1610612753,Orlando Magic,1,5,46,Made Shot,Dunk Shot,2PT Field Goal,Restricted Area,Center(C),Less Than 8 ft.,0.0,-2.0,-2.0,1,1,20140305,ORL,HOU
Shot Chart Detail,0021300905,94,201167,Arron Afflalo,1610612753,Orlando Magic,1,1,58,Missed Shot,Turnaround Fadeaway shot,2PT Field Goal,Mid-Range,Right Side(R),16-24 ft.,17.0,177.0,22.0,1,0,20140305,ORL,HOU
Shot Chart Detail,0021300905,196,201167,Arron Afflalo,1610612753,Orlando Magic,2,5,20,Made Shot,Pullup Jump shot,2PT Field Goal,Mid-Range,Left Side Center(LC),16-24 ft.,21.0,-116.0,181.0,1,1,20140305,ORL,HOU
Shot Chart Detail,0021300905,203,201167,Arron Afflalo,1610612753,Orlando Magic,2,4,38,Missed Shot,Driving Layup Shot,2PT Field Goal,Restricted Area,Center(C),Less Than 8 ft.,2.0,0.0,26.0,1,0,20140305,ORL,HOU
Shot Chart Detail,0021300905,207,201167,Arron Afflalo,1610612753,Orlando Magic,2,4,29,Made Shot,Jump Shot,2PT Field Goal,Mid-Range,Right Side(R),8-16 ft.,14.0,143.0,36.0,1,1,20140305,ORL,HOU
Shot Chart Detail,0021300905,253,201167,Arron Afflalo,1610612753,Orlando Magic,2,0,27,Missed Shot,Jump Bank Shot,2PT Field Goal,In The Paint (Non-RA),Center(C),8-16 ft.,10.0,31.0,96.0,1,0,20140305,ORL,HOU
Shot Chart Detail,0021300905,281,201167,Arron Afflalo,1610612753,Orlando Magic,3,10,21,Missed Shot,Jump Shot,3PT Field Goal,Above the Break 3,Center(C),24+ ft.,26.0,36.0,260.0,1,0,20140305,ORL,HOU
Shot Chart Detail,0021300905,286,201167,Arron Afflalo,1610612753,Orlando Magic,3,9,47,Made Shot,Jump Shot,2PT Field Goal,Mid-Range,Left Side(L),16-24 ft.,17.0,-171.0,17.0,1,1,20140305,ORL,HOU
Shot Chart Detail,0021300905,316,201167,Arron Afflalo,1610612753,Orlando Magic,3,5,27,Missed Shot,Jump Shot,3PT Field Goal,Left Corner 3,Left Side(L),24+ ft.,23.0,-239.0,17.0,1,0,20140305,ORL,HOU
Shot Chart Detail,0021300905,318,201167,Arron Afflalo,1610612753,Orlando Magic,3,5,22,Missed Shot,Jump Shot,3PT Field Goal,Left Corner 3,Left Side(L),24+ ft.,22.0,-224.0,-17.0,1,0,20140305,ORL,HOU
Shot Chart Detail,0021300905,453,201167,Arron Afflalo,1610612753,Orlando Magic,4,5,15,Made Shot,Fadeaway Jump Shot,2PT Field Goal,Mid-Range,Center(C),8-16 ft.,14.0,24.0,148.0,1,1,20140305,ORL,HOU
Shot Chart Detail,0021300905,479,201167,Arron Afflalo,1610612753,Orlando Magic,4,3,33,Made Shot,Jump Shot,2PT Field Goal,Mid-Range,Left Side Center(LC),16-24 ft.,21.0,-95.0,194.0,1,1,20140305,ORL,HOU
Shot Chart Detail,0021300905,502,201167,Arron Afflalo,1610612753,Orlando Magic,4,2,17,Made Shot,Driving Layup Shot,2PT Field Goal,Restricted Area,Center(C),Less Than 8 ft.,0.0,-2.0,-2.0,1,1,20140305,ORL,HOU
Shot Chart Detail,0021300905,508,201167,Arron Afflalo,1610612753,Orlando Magic,4,1,55,Missed Shot,Driving Layup Shot,2PT Field Goal,Restricted Area,Center(C),Less Than 8 ft.,0.0,-7.0,1.0,1,0,20140305,ORL,HOU
Shot Chart Detail,0021300932,71,201167,Arron Afflalo,1610612753,Orlando Magic,1,5,19,Made Shot,Jump Shot,2PT Field Goal,Mid-Range,Left Side Center(LC),16-24 ft.,18.0,-117.0,138.0,1,1,20140308,SAS,ORL
Shot Chart Detail,0021300932,76,201167,Arron Afflalo,1610612753,Orlando Magic,1,4,45,Missed Shot,Jump Shot,3PT Field Goal,Above the Break 3,Left Side Center(LC),24+ ft.,24.0,-217.0,110.0,1,0,20140308,SAS,ORL
Shot Chart Detail,0021300932,106,201167,Arron Afflalo,1610612753,Orlando Magic,1,2,15,Missed Shot,Turnaround Jump Shot,2PT Field Goal,Mid-Range,Left Side(L),8-16 ft.,12.0,-127.0,6.0,1,0,20140308,SAS,ORL
Shot Chart Detail,0021300932,116,201167,Arron Afflalo,1610612753,Orlando Magic,1,0,54,Made Shot,Jump Shot,2PT Field Goal,Mid-Range,Right Side(R),16-24 ft.,19.0,177.0,80.0,1,1,20140308,SAS,ORL
Shot Chart Detail,0021300932,122,201167,Arron Afflalo,1610612753,Orlando Magic,1,0,1,Missed Shot,Jump Shot,2PT Field Goal,Mid-Range,Center(C),16-24 ft.,16.0,12.0,168.0,1,0,20140308,SAS,ORL
Shot Chart Detail,0021300932,194,201167,Arron Afflalo,1610612753,Orlando Magic,2,3,56,Missed Shot,Driving Reverse Layup Shot,2PT Field Goal,Restricted Area,Center(C),Less Than 8 ft.,2.0,20.0,-2.0,1,0,20140308,SAS,ORL
Shot Chart Detail,0021300932,210,201167,Arron Afflalo,1610612753,Orlando Magic,2,2,45,Made Shot,Layup Shot,2PT Field Goal,Restricted Area,Center(C),Less Than 8 ft.,2.0,-21.0,0.0,1,1,20140308,SAS,ORL
Shot Chart Detail,0021300932,216,201167,Arron Afflalo,1610612753,Orlando Magic,2,2,10,Missed Shot,Jump Shot,2PT Field Goal,Mid-Range,Right Side Center(RC),16-24 ft.,20.0,133.0,153.0,1,0,20140308,SAS,ORL
Shot Chart Detail,0021300932,244,201167,Arron Afflalo,1610612753,Orlando Magic,2,0,1,Made Shot,Jump Shot,3PT Field Goal,Above the Break 3,Center(C),24+ ft.,27.0,-56.0,266.0,1,1,20140308,SAS,ORL
Shot Chart Detail,0021300932,259,201167,Arron Afflalo,1610612753,Orlando Magic,3,10,23,Missed Shot,Jump Shot,2PT Field Goal,Mid-Range,Right Side Center(RC),16-24 ft.,20.0,141.0,149.0,1,0,20140308,SAS,ORL
Shot Chart Detail,0021300932,274,201167,Arron Afflalo,1610612753,Orlando Magic,3,8,23,Missed Shot,Driving Layup Shot,2PT Field Goal,Restricted Area,Center(C),Less Than 8 ft.,1.0,-16.0,-6.0,1,0,20140308,SAS,ORL
Shot Chart Detail,0021300932,277,201167,Arron Afflalo,1610612753,Orlando Magic,3,7,54,Missed Shot,Jump Shot,2PT Field Goal,Mid-Range,Right Side(R),8-16 ft.,13.0,136.0,-8.0,1,0,20140308,SAS,ORL
Shot Chart Detail,0021300932,280,201167,Arron Afflalo,1610612753,Orlando Magic,3,7,35,Missed Shot,Jump Shot,2PT Field Goal,Mid-Range,Left Side Center(LC),16-24 ft.,18.0,-116.0,143.0,1,0,20140308,SAS,ORL
Shot Chart Detail,0021300932,287,201167,Arron Afflalo,1610612753,Orlando Magic,3,7,3,Missed Shot,Jump Shot,2PT Field Goal,Mid-Range,Left Side(L),16-24 ft.,16.0,-164.0,1.0,1,0,20140308,SAS,ORL
Shot Chart Detail,0021300932,492,201167,Arron Afflalo,1610612753,Orlando Magic,4,3,58,Made Shot,Pullup Jump shot,2PT Field Goal,Mid-Range,Center(C),16-24 ft.,17.0,34.0,173.0,1,1,20140308,SAS,ORL
Shot Chart Detail,0021300932,500,201167,Arron Afflalo,1610612753,Orlando Magic,4,2,53,Made Shot,Jump Shot,3PT Field Goal,Above the Break 3,Left Side Center(LC),24+ ft.,24.0,-213.0,118.0,1,1,20140308,SAS,ORL
Shot Chart Detail,0021300932,509,201167,Arron Afflalo,1610612753,Orlando Magic,4,2,4,Missed Shot,Jump Shot,2PT Field Goal,Mid-Range,Left Side(L),16-24 ft.,20.0,-207.0,-10.0,1,0,20140308,SAS,ORL
Shot Chart Detail,0021300932,517,201167,Arron Afflalo,1610612753,Orlando Magic,4,1,29,Made Shot,Jump Shot,2PT Field Goal,In The Paint (Non-RA),Center(C),Less Than 8 ft.,7.0,1.0,72.0,1,1,20140308,SAS,ORL
Shot Chart Detail,0021300947,24,201167,Arron Afflalo,1610612753,Orlando Magic,1,8,20,Missed Shot,Turnaround Jump Shot,2PT Field Goal,Mid-Range,Right Side(R),8-16 ft.,13.0,136.0,-14.0,1,0,20140310,MIL,ORL
Shot Chart Detail,0021300947,49,201167,Arron Afflalo,1610612753,Orlando Magic,1,4,50,Made Shot,Jump Shot,2PT Field Goal,Mid-Range,Right Side(R),8-16 ft.,14.0,133.0,63.0,1,1,20140310,MIL,ORL
Shot Chart Detail,0021300947,64,201167,Arron Afflalo,1610612753,Orlando Magic,1,3,14,Made Shot,Jump Shot,3PT Field Goal,Above the Break 3,Left Side Center(LC),24+ ft.,25.0,-163.0,194.0,1,1,20140310,MIL,ORL
Shot Chart Detail,0021300947,74,201167,Arron Afflalo,1610612753,Orlando Magic,1,2,37,Missed Shot,Jump Shot,3PT Field Goal,,,,,,,1,0,20140310,MIL,ORL
Shot Chart Detail,0021300947,160,201167,Arron Afflalo,1610612753,Orlando Magic,2,6,5,Made Shot,Jump Shot,2PT Field Goal,Mid-Range,Left Side(L),8-16 ft.,11.0,-93.0,69.0,1,1,20140310,MIL,ORL
Shot Chart Detail,0021300947,172,201167,Arron Afflalo,1610612753,Orlando Magic,2,4,38,Made Shot,Layup Shot,2PT Field Goal,Restricted Area,Center(C),Less Than 8 ft.,1.0,-11.0,0.0,1,1,20140310,MIL,ORL
Shot Chart Detail,0021300947,209,201167,Arron Afflalo,1610612753,Orlando Magic,2,1,22,Missed Shot,Jump Shot,2PT Field Goal,Mid-Range,Right Side(R),16-24 ft.,16.0,151.0,67.0,1,0,20140310,MIL,ORL
Shot Chart Detail,0021300947,229,201167,Arron Afflalo,1610612753,Orlando Magic,3,11,17,Missed Shot,Jump Shot,2PT Field Goal,Mid-Range,Right Side(R),8-16 ft.,15.0,152.0,4.0,1,0,20140310,MIL,ORL
Shot Chart Detail,0021300947,258,201167,Arron Afflalo,1610612753,Orlando Magic,3,7,5,Missed Shot,Jump Shot,2PT Field Goal,Mid-Range,Right Side(R),16-24 ft.,18.0,181.0,-21.0,1,0,20140310,MIL,ORL
Shot Chart Detail,0021300947,314,201167,Arron Afflalo,1610612753,Orlando Magic,3,1,4,Missed Shot,Jump Shot,3PT Field Goal,Above the Break 3,Left Side Center(LC),24+ ft.,26.0,-228.0,134.0,1,0,20140310,MIL,ORL
Shot Chart Detail,0021300947,323,201167,Arron Afflalo,1610612753,Orlando Magic,3,0,0,Missed Shot,Jump Shot,2PT Field Goal,Mid-Range,Left Side(L),8-16 ft.,13.0,-130.0,-11.0,1,0,20140310,MIL,ORL
Shot Chart Detail,0021300947,386,201167,Arron Afflalo,1610612753,Orlando Magic,4,5,13,Missed Shot,Jump Shot,2PT Field Goal,Mid-Range,Center(C),8-16 ft.,15.0,31.0,151.0,1,0,20140310,MIL,ORL
Shot Chart Detail,0021300947,418,201167,Arron Afflalo,1610612753,Orlando Magic,4,1,44,Missed Shot,Jump Shot,3PT Field Goal,Above the Break 3,Right Side Center(RC),24+ ft.,24.0,201.0,146.0,1,0,20140310,MIL,ORL
Shot Chart Detail,0021300947,443,201167,Arron Afflalo,1610612753,Orlando Magic,4,0,40,Missed Shot,Jump Shot,3PT Field Goal,Above the Break 3,Left Side Center(LC),24+ ft.,27.0,-185.0,197.0,1,0,20140310,MIL,ORL
Shot Chart Detail,0021300958,24,201167,Arron Afflalo,1610612753,Orlando Magic,1,9,8,Made Shot,Jump Shot,2PT Field Goal,Mid-Range,Right Side Center(RC),16-24 ft.,18.0,92.0,164.0,1,1,20140312,ORL,DEN
Shot Chart Detail,0021300958,34,201167,Arron Afflalo,1610612753,Orlando Magic,1,7,10,Missed Shot,Turnaround Jump Shot,2PT Field Goal,Mid-Range,Right Side(R),8-16 ft.,14.0,129.0,63.0,1,0,20140312,ORL,DEN
Shot Chart Detail,0021300958,36,201167,Arron Afflalo,1610612753,Orlando Magic,1,7,5,Made Shot,Driving Layup Shot,2PT Field Goal,Restricted Area,Center(C),Less Than 8 ft.,2.0,-4.0,25.0,1,1,20140312,ORL,DEN
Shot Chart Detail,0021300958,52,201167,Arron Afflalo,1610612753,Orlando Magic,1,5,1,Missed Shot,Jump Shot,2PT Field Goal,In The Paint (Non-RA),Right Side(R),8-16 ft.,8.0,61.0,60.0,1,0,20140312,ORL,DEN
Shot Chart Detail,0021300958,63,201167,Arron Afflalo,1610612753,Orlando Magic,1,3,46,Missed Shot,Turnaround Jump Shot,2PT Field Goal,Mid-Range,Center(C),8-16 ft.,15.0,7.0,159.0,1,0,20140312,ORL,DEN
Shot Chart Detail,0021300958,224,201167,Arron Afflalo,1610612753,Orlando Magic,2,2,14,Missed Shot,Jump Shot,3PT Field Goal,Above the Break 3,Center(C),24+ ft.,25.0,62.0,250.0,1,0,20140312,ORL,DEN
Shot Chart Detail,0021300958,234,201167,Arron Afflalo,1610612753,Orlando Magic,2,0,49,Made Shot,Jump Shot,2PT Field Goal,Mid-Range,Right Side(R),16-24 ft.,16.0,151.0,75.0,1,1,20140312,ORL,DEN
Shot Chart Detail,0021300958,271,201167,Arron Afflalo,1610612753,Orlando Magic,3,8,50,Made Shot,Jump Shot,2PT Field Goal,Mid-Range,Left Side(L),8-16 ft.,13.0,-117.0,75.0,1,1,20140312,ORL,DEN
Shot Chart Detail,0021300958,277,201167,Arron Afflalo,1610612753,Orlando Magic,3,7,43,Made Shot,Turnaround Jump Shot,2PT Field Goal,Mid-Range,Left Side(L),8-16 ft.,12.0,-123.0,37.0,1,1,20140312,ORL,DEN
Shot Chart Detail,0021300958,296,201167,Arron Afflalo,1610612753,Orlando Magic,3,5,34,Made Shot,Running Jump Shot,2PT Field Goal,Mid-Range,Right Side Center(RC),16-24 ft.,17.0,97.0,146.0,1,1,20140312,ORL,DEN
Shot Chart Detail,0021300958,311,201167,Arron Afflalo,1610612753,Orlando Magic,3,4,33,Made Shot,Turnaround Jump Shot,2PT Field Goal,Mid-Range,Right Side(R),8-16 ft.,14.0,119.0,88.0,1,1,20140312,ORL,DEN
Shot Chart Detail,0021300958,341,201167,Arron Afflalo,1610612753,Orlando Magic,3,2,28,Made Shot,Fadeaway Jump Shot,2PT Field Goal,Mid-Range,Right Side Center(RC),16-24 ft.,19.0,116.0,160.0,1,1,20140312,ORL,DEN
Shot Chart Detail,0021300958,346,201167,Arron Afflalo,1610612753,Orlando Magic,3,1,53,Missed Shot,Jump Shot,2PT Field Goal,Mid-Range,Center(C),16-24 ft.,16.0,18.0,160.0,1,0,20140312,ORL,DEN
Shot Chart Detail,0021300958,421,201167,Arron Afflalo,1610612753,Orlando Magic,4,7,30,Made Shot,Jump Shot,3PT Field Goal,Left Corner 3,Left Side(L),24+ ft.,24.0,-237.0,56.0,1,1,20140312,ORL,DEN
Shot Chart Detail,0021300958,440,201167,Arron Afflalo,1610612753,Orlando Magic,4,6,12,Missed Shot,Pullup Jump shot,2PT Field Goal,In The Paint (Non-RA),Center(C),8-16 ft.,12.0,-8.0,124.0,1,0,20140312,ORL,DEN
Shot Chart Detail,0021300958,449,201167,Arron Afflalo,1610612753,Orlando Magic,4,5,26,Missed Shot,Jump Shot,3PT Field Goal,Left Corner 3,Left Side(L),24+ ft.,23.0,-229.0,33.0,1,0,20140312,ORL,DEN
Shot Chart Detail,0021300958,502,201167,Arron Afflalo,1610612753,Orlando Magic,4,1,45,Made Shot,Jump Shot,3PT Field Goal,Above the Break 3,Left Side Center(LC),24+ ft.,26.0,-185.0,184.0,1,1,20140312,ORL,DEN
Shot Chart Detail,0021300958,520,201167,Arron Afflalo,1610612753,Orlando Magic,4,0,34,Missed Shot,Jump Shot,3PT Field Goal,Above the Break 3,Right Side Center(RC),24+ ft.,25.0,149.0,209.0,1,0,20140312,ORL,DEN
Shot Chart Detail,0021300972,6,201167,Arron Afflalo,1610612753,Orlando Magic,1,10,51,Made Shot,Jump Shot,2PT Field Goal,Mid-Range,Left Side Center(LC),16-24 ft.,16.0,-78.0,149.0,1,1,20140314,ORL,WAS
Shot Chart Detail,0021300972,16,201167,Arron Afflalo,1610612753,Orlando Magic,1,9,3,Missed Shot,Jump Shot,3PT Field Goal,Above the Break 3,Center(C),24+ ft.,25.0,-16.0,252.0,1,0,20140314,ORL,WAS
Shot Chart Detail,0021300972,36,201167,Arron Afflalo,1610612753,Orlando Magic,1,6,35,Missed Shot,Jump Shot,3PT Field Goal,Left Corner 3,Left Side(L),24+ ft.,23.0,-229.0,23.0,1,0,20140314,ORL,WAS
Shot Chart Detail,0021300972,47,201167,Arron Afflalo,1610612753,Orlando Magic,1,5,33,Missed Shot,Jump Shot,2PT Field Goal,Mid-Range,Left Side Center(LC),16-24 ft.,18.0,-123.0,132.0,1,0,20140314,ORL,WAS
Shot Chart Detail,0021300972,64,201167,Arron Afflalo,1610612753,Orlando Magic,1,3,32,Made Shot,Pullup Jump shot,2PT Field Goal,Mid-Range,Center(C),16-24 ft.,17.0,53.0,172.0,1,1,20140314,ORL,WAS
Shot Chart Detail,0021300972,199,201167,Arron Afflalo,1610612753,Orlando Magic,2,2,43,Missed Shot,Jump Shot,2PT Field Goal,Mid-Range,Right Side(R),16-24 ft.,19.0,187.0,39.0,1,0,20140314,ORL,WAS
Shot Chart Detail,0021300972,216,201167,Arron Afflalo,1610612753,Orlando Magic,2,1,38,Missed Shot,Jump Shot,2PT Field Goal,Mid-Range,Right Side(R),8-16 ft.,15.0,129.0,86.0,1,0,20140314,ORL,WAS
Shot Chart Detail,0021300972,227,201167,Arron Afflalo,1610612753,Orlando Magic,2,0,0,Missed Shot,Jump Shot,2PT Field Goal,Mid-Range,Left Side(L),8-16 ft.,14.0,-95.0,115.0,1,0,20140314,ORL,WAS
Shot Chart Detail,0021300972,239,201167,Arron Afflalo,1610612753,Orlando Magic,3,10,54,Missed Shot,Layup Shot,2PT Field Goal,Restricted Area,Center(C),Less Than 8 ft.,2.0,-21.0,12.0,1,0,20140314,ORL,WAS
Shot Chart Detail,0021300972,240,201167,Arron Afflalo,1610612753,Orlando Magic,3,10,54,Made Shot,Driving Layup Shot,2PT Field Goal,Restricted Area,Center(C),Less Than 8 ft.,3.0,-30.0,-5.0,1,1,20140314,ORL,WAS
Shot Chart Detail,0021300972,251,201167,Arron Afflalo,1610612753,Orlando Magic,3,9,54,Made Shot,Pullup Jump shot,2PT Field Goal,Mid-Range,Center(C),8-16 ft.,15.0,-73.0,142.0,1,1,20140314,ORL,WAS
Shot Chart Detail,0021300972,256,201167,Arron Afflalo,1610612753,Orlando Magic,3,8,58,Made Shot,Layup Shot,2PT Field Goal,Restricted Area,Center(C),Less Than 8 ft.,1.0,-13.0,4.0,1,1,20140314,ORL,WAS
Shot Chart Detail,0021300972,261,201167,Arron Afflalo,1610612753,Orlando Magic,3,8,19,Made Shot,Jump Shot,3PT Field Goal,Above the Break 3,Center(C),24+ ft.,26.0,70.0,257.0,1,1,20140314,ORL,WAS
Shot Chart Detail,0021300972,264,201167,Arron Afflalo,1610612753,Orlando Magic,3,7,46,Missed Shot,Jump Shot,2PT Field Goal,Mid-Range,Right Side Center(RC),16-24 ft.,18.0,138.0,124.0,1,0,20140314,ORL,WAS
Shot Chart Detail,0021300972,290,201167,Arron Afflalo,1610612753,Orlando Magic,3,6,23,Made Shot,Jump Shot,3PT Field Goal,Left Corner 3,Left Side(L),24+ ft.,23.0,-237.0,-3.0,1,1,20140314,ORL,WAS
Shot Chart Detail,0021300972,311,201167,Arron Afflalo,1610612753,Orlando Magic,3,3,40,Missed Shot,Jump Shot,3PT Field Goal,Above the Break 3,Left Side Center(LC),24+ ft.,25.0,-152.0,200.0,1,0,20140314,ORL,WAS
Shot Chart Detail,0021300972,380,201167,Arron Afflalo,1610612753,Orlando Magic,4,9,44,Missed Shot,Jump Shot,2PT Field Goal,Mid-Range,Left Side Center(LC),16-24 ft.,22.0,-163.0,149.0,1,0,20140314,ORL,WAS
Shot Chart Detail,0021300972,395,201167,Arron Afflalo,1610612753,Orlando Magic,4,8,14,Missed Shot,Turnaround Fadeaway shot,2PT Field Goal,Mid-Range,Left Side(L),16-24 ft.,17.0,-168.0,36.0,1,0,20140314,ORL,WAS
Shot Chart Detail,0021300972,474,201167,Arron Afflalo,1610612753,Orlando Magic,4,0,49,Missed Shot,Jump Shot,2PT Field Goal,In The Paint (Non-RA),Center(C),8-16 ft.,12.0,58.0,110.0,1,0,20140314,ORL,WAS
Shot Chart Detail,0021300972,511,201167,Arron Afflalo,1610612753,Orlando Magic,5,2,25,Missed Shot,Driving Layup Shot,2PT Field Goal,Restricted Area,Center(C),Less Than 8 ft.,1.0,-15.0,9.0,1,0,20140314,ORL,WAS
Shot Chart Detail,0021300972,516,201167,Arron Afflalo,1610612753,Orlando Magic,5,1,35,Missed Shot,Driving Layup Shot,2PT Field Goal,Restricted Area,Center(C),Less Than 8 ft.,1.0,-5.0,12.0,1,0,20140314,ORL,WAS
Shot Chart Detail,0021301007,14,201167,Arron Afflalo,1610612753,Orlando Magic,1,9,35,Missed Shot,Step Back Jump shot,2PT Field Goal,Mid-Range,Center(C),16-24 ft.,18.0,-4.0,181.0,1,0,20140318,GSW,ORL
Shot Chart Detail,0021301007,70,201167,Arron Afflalo,1610612753,Orlando Magic,1,3,50,Made Shot,Step Back Jump shot,2PT Field Goal,Mid-Range,Left Side(L),16-24 ft.,18.0,-188.0,22.0,1,1,20140318,GSW,ORL
Shot Chart Detail,0021301007,74,201167,Arron Afflalo,1610612753,Orlando Magic,1,3,14,Made Shot,Pullup Jump shot,2PT Field Goal,Mid-Range,Left Side(L),16-24 ft.,16.0,-141.0,78.0,1,1,20140318,GSW,ORL
Shot Chart Detail,0021301007,174,201167,Arron Afflalo,1610612753,Orlando Magic,2,5,38,Missed Shot,Fadeaway Jump Shot,2PT Field Goal,In The Paint (Non-RA),Center(C),8-16 ft.,9.0,18.0,93.0,1,0,20140318,GSW,ORL
Shot Chart Detail,0021301007,232,201167,Arron Afflalo,1610612753,Orlando Magic,3,9,36,Missed Shot,Pullup Jump shot,2PT Field Goal,Mid-Range,Right Side(R),16-24 ft.,16.0,162.0,37.0,1,0,20140318,GSW,ORL
Shot Chart Detail,0021301007,237,201167,Arron Afflalo,1610612753,Orlando Magic,3,9,5,Missed Shot,Turnaround Fadeaway shot,2PT Field Goal,Mid-Range,Right Side(R),16-24 ft.,17.0,170.0,44.0,1,0,20140318,GSW,ORL
Shot Chart Detail,0021301007,243,201167,Arron Afflalo,1610612753,Orlando Magic,3,8,25,Missed Shot,Turnaround Fadeaway shot,2PT Field Goal,Mid-Range,Right Side(R),8-16 ft.,13.0,124.0,50.0,1,0,20140318,GSW,ORL
Shot Chart Detail,0021301016,41,201167,Arron Afflalo,1610612753,Orlando Magic,1,7,7,Missed Shot,Jump Shot,2PT Field Goal,In The Paint (Non-RA),Center(C),Less Than 8 ft.,4.0,48.0,9.0,1,0,20140319,PHX,ORL
Shot Chart Detail,0021301016,52,201167,Arron Afflalo,1610612753,Orlando Magic,1,6,10,Made Shot,Jump Shot,2PT Field Goal,Mid-Range,Left Side(L),16-24 ft.,16.0,-155.0,58.0,1,1,20140319,PHX,ORL
Shot Chart Detail,0021301016,142,201167,Arron Afflalo,1610612753,Orlando Magic,2,9,41,Missed Shot,Jump Shot,2PT Field Goal,Mid-Range,Right Side(R),16-24 ft.,18.0,174.0,63.0,1,0,20140319,PHX,ORL
Shot Chart Detail,0021301016,177,201167,Arron Afflalo,1610612753,Orlando Magic,2,7,7,Made Shot,Jump Shot,3PT Field Goal,Above the Break 3,Left Side Center(LC),24+ ft.,24.0,-190.0,154.0,1,1,20140319,PHX,ORL
Shot Chart Detail,0021301016,216,201167,Arron Afflalo,1610612753,Orlando Magic,2,5,21,Made Shot,Pullup Jump shot,2PT Field Goal,Mid-Range,Right Side(R),16-24 ft.,19.0,165.0,108.0,1,1,20140319,PHX,ORL
Shot Chart Detail,0021301016,220,201167,Arron Afflalo,1610612753,Orlando Magic,2,4,33,Made Shot,Jump Shot,3PT Field Goal,Left Corner 3,Left Side(L),24+ ft.,23.0,-237.0,-3.0,1,1,20140319,PHX,ORL
Shot Chart Detail,0021301016,230,201167,Arron Afflalo,1610612753,Orlando Magic,2,3,29,Missed Shot,Step Back Jump shot,3PT Field Goal,Left Corner 3,Left Side(L),24+ ft.,24.0,-239.0,37.0,1,0,20140319,PHX,ORL
Shot Chart Detail,0021301016,251,201167,Arron Afflalo,1610612753,Orlando Magic,2,0,40,Missed Shot,Jump Shot,2PT Field Goal,Mid-Range,Left Side(L),16-24 ft.,17.0,-171.0,3.0,1,0,20140319,PHX,ORL
Shot Chart Detail,0021301016,289,201167,Arron Afflalo,1610612753,Orlando Magic,3,9,46,Made Shot,Jump Shot,2PT Field Goal,Mid-Range,Left Side(L),16-24 ft.,19.0,-164.0,110.0,1,1,20140319,PHX,ORL
Shot Chart Detail,0021301016,343,201167,Arron Afflalo,1610612753,Orlando Magic,3,3,34,Made Shot,Jump Shot,3PT Field Goal,Above the Break 3,Center(C),24+ ft.,25.0,6.0,255.0,1,1,20140319,PHX,ORL
Shot Chart Detail,0021301037,41,201167,Arron Afflalo,1610612753,Orlando Magic,1,7,8,Made Shot,Jump Shot,3PT Field Goal,Left Corner 3,Left Side(L),24+ ft.,23.0,-231.0,61.0,1,1,20140322,UTA,ORL
Shot Chart Detail,0021301037,70,201167,Arron Afflalo,1610612753,Orlando Magic,1,3,14,Made Shot,Jump Shot,2PT Field Goal,In The Paint (Non-RA),Center(C),8-16 ft.,13.0,-13.0,138.0,1,1,20140322,UTA,ORL
Shot Chart Detail,0021301037,74,201167,Arron Afflalo,1610612753,Orlando Magic,1,2,6,Missed Shot,Jump Shot,2PT Field Goal,Mid-Range,Center(C),16-24 ft.,19.0,-54.0,187.0,1,0,20140322,UTA,ORL
Shot Chart Detail,0021301037,153,201167,Arron Afflalo,1610612753,Orlando Magic,2,7,39,Made Shot,Jump Shot,3PT Field Goal,Left Corner 3,Left Side(L),24+ ft.,23.0,-229.0,53.0,1,1,20140322,UTA,ORL
Shot Chart Detail,0021301037,281,201167,Arron Afflalo,1610612753,Orlando Magic,3,9,5,Missed Shot,Running Jump Shot,2PT Field Goal,In The Paint (Non-RA),Center(C),Less Than 8 ft.,5.0,6.0,58.0,1,0,20140322,UTA,ORL
Shot Chart Detail,0021301037,319,201167,Arron Afflalo,1610612753,Orlando Magic,3,5,32,Missed Shot,Jump Shot,2PT Field Goal,In The Paint (Non-RA),Center(C),Less Than 8 ft.,4.0,26.0,41.0,1,0,20140322,UTA,ORL
Shot Chart Detail,0021301037,441,201167,Arron Afflalo,1610612753,Orlando Magic,4,4,7,Made Shot,Jump Shot,3PT Field Goal,Above the Break 3,Left Side Center(LC),24+ ft.,24.0,-196.0,145.0,1,1,20140322,UTA,ORL
Shot Chart Detail,0021301037,461,201167,Arron Afflalo,1610612753,Orlando Magic,4,1,42,Missed Shot,Layup Shot,2PT Field Goal,Restricted Area,Center(C),Less Than 8 ft.,3.0,-19.0,26.0,1,0,20140322,UTA,ORL
Shot Chart Detail,0021301037,511,201167,Arron Afflalo,1610612753,Orlando Magic,4,0,0,Missed Shot,Jump Shot,3PT Field Goal,Above the Break 3,Left Side Center(LC),24+ ft.,25.0,-97.0,238.0,1,0,20140322,UTA,ORL
Shot Chart Detail,0021301046,26,201167,Arron Afflalo,1610612753,Orlando Magic,1,7,49,Missed Shot,Jump Shot,2PT Field Goal,Mid-Range,Right Side(R),8-16 ft.,9.0,91.0,36.0,1,0,20140323,LAL,ORL
Shot Chart Detail,0021301046,183,201167,Arron Afflalo,1610612753,Orlando Magic,2,4,38,Missed Shot,Jump Shot,2PT Field Goal,Mid-Range,Right Side(R),8-16 ft.,8.0,86.0,-3.0,1,0,20140323,LAL,ORL
Shot Chart Detail,0021301046,228,201167,Arron Afflalo,1610612753,Orlando Magic,2,1,17,Made Shot,Driving Layup Shot,2PT Field Goal,Restricted Area,Center(C),Less Than 8 ft.,3.0,-5.0,30.0,1,1,20140323,LAL,ORL
Shot Chart Detail,0021301046,252,201167,Arron Afflalo,1610612753,Orlando Magic,3,11,43,Missed Shot,Layup Shot,2PT Field Goal,Restricted Area,Center(C),Less Than 8 ft.,0.0,1.0,8.0,1,0,20140323,LAL,ORL
Shot Chart Detail,0021301046,276,201167,Arron Afflalo,1610612753,Orlando Magic,3,8,51,Missed Shot,Jump Shot,3PT Field Goal,Right Corner 3,Right Side(R),24+ ft.,22.0,228.0,28.0,1,0,20140323,LAL,ORL
Shot Chart Detail,0021301046,298,201167,Arron Afflalo,1610612753,Orlando Magic,3,7,11,Missed Shot,Jump Shot,2PT Field Goal,Mid-Range,Left Side Center(LC),16-24 ft.,16.0,-73.0,151.0,1,0,20140323,LAL,ORL
Shot Chart Detail,0021301046,302,201167,Arron Afflalo,1610612753,Orlando Magic,3,6,41,Made Shot,Driving Reverse Layup Shot,2PT Field Goal,Restricted Area,Center(C),Less Than 8 ft.,2.0,13.0,19.0,1,1,20140323,LAL,ORL
Shot Chart Detail,0021301046,400,201167,Arron Afflalo,1610612753,Orlando Magic,4,9,33,Made Shot,Jump Shot,3PT Field Goal,Above the Break 3,Left Side Center(LC),24+ ft.,25.0,-234.0,88.0,1,1,20140323,LAL,ORL
Shot Chart Detail,0021301046,408,201167,Arron Afflalo,1610612753,Orlando Magic,4,8,56,Made Shot,Jump Shot,2PT Field Goal,Mid-Range,Left Side(L),8-16 ft.,14.0,-98.0,113.0,1,1,20140323,LAL,ORL
Shot Chart Detail,0021301046,414,201167,Arron Afflalo,1610612753,Orlando Magic,4,7,43,Missed Shot,Jump Shot,3PT Field Goal,Left Corner 3,Left Side(L),24+ ft.,22.0,-221.0,7.0,1,0,20140323,LAL,ORL
Shot Chart Detail,0021301046,451,201167,Arron Afflalo,1610612753,Orlando Magic,4,4,56,Missed Shot,Jump Shot,2PT Field Goal,Mid-Range,Right Side Center(RC),16-24 ft.,21.0,92.0,192.0,1,0,20140323,LAL,ORL
Shot Chart Detail,0021301046,458,201167,Arron Afflalo,1610612753,Orlando Magic,4,4,23,Missed Shot,Jump Shot,3PT Field Goal,Left Corner 3,Left Side(L),24+ ft.,23.0,-235.0,9.0,1,0,20140323,LAL,ORL
Shot Chart Detail,0021301046,489,201167,Arron Afflalo,1610612753,Orlando Magic,4,2,17,Made Shot,Turnaround Jump Shot,2PT Field Goal,In The Paint (Non-RA),Center(C),8-16 ft.,11.0,15.0,119.0,1,1,20140323,LAL,ORL
Shot Chart Detail,0021301046,506,201167,Arron Afflalo,1610612753,Orlando Magic,4,1,30,Made Shot,Jump Shot,3PT Field Goal,Above the Break 3,Right Side Center(RC),24+ ft.,26.0,130.0,236.0,1,1,20140323,LAL,ORL
Shot Chart Detail,0021301046,535,201167,Arron Afflalo,1610612753,Orlando Magic,4,0,2,Missed Shot,Jump Shot,2PT Field Goal,Restricted Area,Center(C),Less Than 8 ft.,3.0,-5.0,34.0,1,0,20140323,LAL,ORL
Shot Chart Detail,0021301058,234,201167,Arron Afflalo,1610612753,Orlando Magic,2,3,3,Made Shot,Layup Shot,2PT Field Goal,Restricted Area,Center(C),Less Than 8 ft.,0.0,0.0,4.0,1,1,20140325,ORL,POR
Shot Chart Detail,0021301058,241,201167,Arron Afflalo,1610612753,Orlando Magic,2,2,29,Made Shot,Pullup Jump shot,2PT Field Goal,Mid-Range,Left Side Center(LC),16-24 ft.,21.0,-82.0,203.0,1,1,20140325,ORL,POR
Shot Chart Detail,0021301058,246,201167,Arron Afflalo,1610612753,Orlando Magic,2,1,13,Missed Shot,Jump Shot,2PT Field Goal,Mid-Range,Right Side Center(RC),16-24 ft.,22.0,165.0,149.0,1,0,20140325,ORL,POR
Shot Chart Detail,0021301058,250,201167,Arron Afflalo,1610612753,Orlando Magic,2,0,46,Made Shot,Jump Shot,2PT Field Goal,Mid-Range,Right Side Center(RC),16-24 ft.,20.0,154.0,129.0,1,1,20140325,ORL,POR
Shot Chart Detail,0021301058,257,201167,Arron Afflalo,1610612753,Orlando Magic,2,0,18,Missed Shot,Turnaround Jump Shot,2PT Field Goal,Mid-Range,Left Side(L),8-16 ft.,14.0,-98.0,105.0,1,0,20140325,ORL,POR
Shot Chart Detail,0021301058,278,201167,Arron Afflalo,1610612753,Orlando Magic,3,9,36,Missed Shot,Turnaround Fadeaway shot,2PT Field Goal,Mid-Range,Left Side(L),8-16 ft.,13.0,-127.0,45.0,1,0,20140325,ORL,POR
Shot Chart Detail,0021301058,316,201167,Arron Afflalo,1610612753,Orlando Magic,3,5,39,Missed Shot,Jump Shot,2PT Field Goal,Mid-Range,Left Side(L),16-24 ft.,20.0,-183.0,86.0,1,0,20140325,ORL,POR
Shot Chart Detail,0021301058,460,201167,Arron Afflalo,1610612753,Orlando Magic,4,5,19,Missed Shot,Jump Shot,2PT Field Goal,Mid-Range,Right Side Center(RC),16-24 ft.,19.0,152.0,129.0,1,0,20140325,ORL,POR
Shot Chart Detail,0021301058,484,201167,Arron Afflalo,1610612753,Orlando Magic,4,2,47,Missed Shot,Fadeaway Jump Shot,2PT Field Goal,Mid-Range,Right Side Center(RC),16-24 ft.,18.0,86.0,162.0,1,0,20140325,ORL,POR
Shot Chart Detail,0021301075,20,201167,Arron Afflalo,1610612753,Orlando Magic,1,8,42,Made Shot,Jump Shot,3PT Field Goal,Above the Break 3,Left Side Center(LC),24+ ft.,26.0,-183.0,192.0,1,1,20140328,ORL,CHA
Shot Chart Detail,0021301075,36,201167,Arron Afflalo,1610612753,Orlando Magic,1,6,31,Missed Shot,Jump Shot,3PT Field Goal,Above the Break 3,Right Side Center(RC),24+ ft.,25.0,176.0,189.0,1,0,20140328,ORL,CHA
Shot Chart Detail,0021301075,70,201167,Arron Afflalo,1610612753,Orlando Magic,1,3,18,Missed Shot,Driving Layup Shot,2PT Field Goal,Restricted Area,Center(C),Less Than 8 ft.,0.0,9.0,1.0,1,0,20140328,ORL,CHA
Shot Chart Detail,0021301075,200,201167,Arron Afflalo,1610612753,Orlando Magic,2,3,0,Missed Shot,Jump Shot,2PT Field Goal,Mid-Range,Right Side(R),8-16 ft.,14.0,138.0,56.0,1,0,20140328,ORL,CHA
Shot Chart Detail,0021301075,303,201167,Arron Afflalo,1610612753,Orlando Magic,3,5,17,Made Shot,Jump Shot,2PT Field Goal,Mid-Range,Left Side(L),8-16 ft.,14.0,-134.0,67.0,1,1,20140328,ORL,CHA
Shot Chart Detail,0021301075,468,201167,Arron Afflalo,1610612753,Orlando Magic,4,1,49,Missed Shot,Jump Shot,3PT Field Goal,Left Corner 3,Left Side(L),24+ ft.,22.0,-228.0,30.0,1,0,20140328,ORL,CHA
Shot Chart Detail,0021301075,493,201167,Arron Afflalo,1610612753,Orlando Magic,4,0,7,Made Shot,Jump Shot,3PT Field Goal,Above the Break 3,Center(C),24+ ft.,26.0,77.0,257.0,1,1,20140328,ORL,CHA
Shot Chart Detail,0021301075,521,201167,Arron Afflalo,1610612753,Orlando Magic,5,2,58,Missed Shot,Jump Shot,2PT Field Goal,Mid-Range,Right Side(R),16-24 ft.,17.0,144.0,99.0,1,0,20140328,ORL,CHA
Shot Chart Detail,0021301075,536,201167,Arron Afflalo,1610612753,Orlando Magic,5,1,12,Missed Shot,Jump Shot,2PT Field Goal,Mid-Range,Left Side(L),16-24 ft.,16.0,-163.0,44.0,1,0,20140328,ORL,CHA
Shot Chart Detail,0021301096,2,201167,Arron Afflalo,1610612753,Orlando Magic,1,11,36,Missed Shot,Jump Shot,3PT Field Goal,Above the Break 3,Left Side Center(LC),24+ ft.,25.0,-123.0,220.0,1,0,20140330,ORL,TOR
Shot Chart Detail,0021301096,185,201167,Arron Afflalo,1610612753,Orlando Magic,2,4,48,Missed Shot,Jump Shot,3PT Field Goal,Above the Break 3,Left Side Center(LC),24+ ft.,25.0,-138.0,213.0,1,0,20140330,ORL,TOR
Shot Chart Detail,0021301096,187,201167,Arron Afflalo,1610612753,Orlando Magic,2,4,37,Missed Shot,Jump Shot,2PT Field Goal,Mid-Range,Left Side(L),16-24 ft.,17.0,-172.0,-14.0,1,0,20140330,ORL,TOR
Shot Chart Detail,0021301096,292,201167,Arron Afflalo,1610612753,Orlando Magic,3,6,56,Missed Shot,Jump Shot,2PT Field Goal,Mid-Range,Right Side(R),8-16 ft.,15.0,154.0,-2.0,1,0,20140330,ORL,TOR
Shot Chart Detail,0021301096,299,201167,Arron Afflalo,1610612753,Orlando Magic,3,5,49,Made Shot,Pullup Jump shot,2PT Field Goal,Mid-Range,Left Side(L),8-16 ft.,15.0,-146.0,39.0,1,1,20140330,ORL,TOR
Shot Chart Detail,0021301096,304,201167,Arron Afflalo,1610612753,Orlando Magic,3,5,20,Missed Shot,Pullup Jump shot,2PT Field Goal,Mid-Range,Left Side(L),16-24 ft.,16.0,-160.0,28.0,1,0,20140330,ORL,TOR
Shot Chart Detail,0021301096,346,201167,Arron Afflalo,1610612753,Orlando Magic,3,0,46,Made Shot,Pullup Jump shot,2PT Field Goal,Mid-Range,Right Side Center(RC),16-24 ft.,16.0,86.0,145.0,1,1,20140330,ORL,TOR
Shot Chart Detail,0021301096,445,201167,Arron Afflalo,1610612753,Orlando Magic,4,2,47,Missed Shot,Jump Shot,3PT Field Goal,Above the Break 3,Center(C),24+ ft.,25.0,58.0,250.0,1,0,20140330,ORL,TOR
Shot Chart Detail,0021301096,466,201167,Arron Afflalo,1610612753,Orlando Magic,4,0,33,Made Shot,Jump Shot,3PT Field Goal,Above the Break 3,Left Side Center(LC),24+ ft.,26.0,-120.0,236.0,1,1,20140330,ORL,TOR
Shot Chart Detail,0021301116,8,201167,Arron Afflalo,1610612753,Orlando Magic,1,11,7,Missed Shot,Jump Shot,2PT Field Goal,Mid-Range,Right Side(R),16-24 ft.,19.0,168.0,94.0,1,0,20140402,ORL,CLE
Shot Chart Detail,0021301116,24,201167,Arron Afflalo,1610612753,Orlando Magic,1,9,33,Missed Shot,Jump Shot,3PT Field Goal,Above the Break 3,Left Side Center(LC),24+ ft.,24.0,-220.0,113.0,1,0,20140402,ORL,CLE
Shot Chart Detail,0021301116,82,201167,Arron Afflalo,1610612753,Orlando Magic,1,4,39,Missed Shot,Jump Shot,2PT Field Goal,Mid-Range,Left Side(L),16-24 ft.,18.0,-174.0,67.0,1,0,20140402,ORL,CLE
Shot Chart Detail,0021301116,206,201167,Arron Afflalo,1610612753,Orlando Magic,2,3,40,Made Shot,Driving Layup Shot,2PT Field Goal,Restricted Area,Center(C),Less Than 8 ft.,1.0,6.0,11.0,1,1,20140402,ORL,CLE
Shot Chart Detail,0021301116,243,201167,Arron Afflalo,1610612753,Orlando Magic,2,1,11,Missed Shot,Jump Shot,3PT Field Goal,Left Corner 3,Left Side(L),24+ ft.,23.0,-232.0,26.0,1,0,20140402,ORL,CLE
Shot Chart Detail,0021301116,259,201167,Arron Afflalo,1610612753,Orlando Magic,2,0,10,Missed Shot,Jump Shot,3PT Field Goal,Left Corner 3,Left Side(L),24+ ft.,23.0,-234.0,6.0,1,0,20140402,ORL,CLE
Shot Chart Detail,0021301116,265,201167,Arron Afflalo,1610612753,Orlando Magic,2,0,0,Missed Shot,Pullup Jump shot,3PT Field Goal,Above the Break 3,Right Side Center(RC),24+ ft.,25.0,184.0,170.0,1,0,20140402,ORL,CLE
Shot Chart Detail,0021301116,290,201167,Arron Afflalo,1610612753,Orlando Magic,3,9,31,Missed Shot,Jump Shot,2PT Field Goal,Mid-Range,Right Side(R),16-24 ft.,18.0,182.0,48.0,1,0,20140402,ORL,CLE
Shot Chart Detail,0021301116,332,201167,Arron Afflalo,1610612753,Orlando Magic,3,4,40,Made Shot,Layup Shot,2PT Field Goal,Restricted Area,Center(C),Less Than 8 ft.,1.0,9.0,9.0,1,1,20140402,ORL,CLE
Shot Chart Detail,0021301116,336,201167,Arron Afflalo,1610612753,Orlando Magic,3,4,11,Made Shot,Jump Shot,3PT Field Goal,Above the Break 3,Right Side Center(RC),24+ ft.,26.0,223.0,134.0,1,1,20140402,ORL,CLE
Shot Chart Detail,0021301130,10,201167,Arron Afflalo,1610612753,Orlando Magic,1,10,38,Missed Shot,Jump Shot,2PT Field Goal,Mid-Range,Left Side(L),8-16 ft.,13.0,-130.0,34.0,1,0,20140404,CHA,ORL
Shot Chart Detail,0021301130,14,201167,Arron Afflalo,1610612753,Orlando Magic,1,10,5,Missed Shot,Jump Shot,2PT Field Goal,In The Paint (Non-RA),Center(C),8-16 ft.,12.0,51.0,119.0,1,0,20140404,CHA,ORL
Shot Chart Detail,0021301130,18,201167,Arron Afflalo,1610612753,Orlando Magic,1,9,26,Missed Shot,Jump Shot,3PT Field Goal,Above the Break 3,Left Side Center(LC),24+ ft.,24.0,-86.0,231.0,1,0,20140404,CHA,ORL
Shot Chart Detail,0021301130,82,201167,Arron Afflalo,1610612753,Orlando Magic,1,3,35,Missed Shot,Jump Shot,3PT Field Goal,Above the Break 3,Right Side Center(RC),24+ ft.,27.0,193.0,195.0,1,0,20140404,CHA,ORL
Shot Chart Detail,0021301130,91,201167,Arron Afflalo,1610612753,Orlando Magic,1,2,41,Missed Shot,Jump Shot,2PT Field Goal,In The Paint (Non-RA),Center(C),Less Than 8 ft.,7.0,-51.0,61.0,1,0,20140404,CHA,ORL
Shot Chart Detail,0021301130,185,201167,Arron Afflalo,1610612753,Orlando Magic,2,5,42,Made Shot,Jump Shot,2PT Field Goal,Mid-Range,Right Side Center(RC),16-24 ft.,18.0,143.0,110.0,1,1,20140404,CHA,ORL
Shot Chart Detail,0021301130,199,201167,Arron Afflalo,1610612753,Orlando Magic,2,3,54,Missed Shot,Jump Shot,2PT Field Goal,In The Paint (Non-RA),Center(C),8-16 ft.,8.0,9.0,83.0,1,0,20140404,CHA,ORL
Shot Chart Detail,0021301130,201,201167,Arron Afflalo,1610612753,Orlando Magic,2,3,50,Missed Shot,Jump Shot,2PT Field Goal,In The Paint (Non-RA),Center(C),Less Than 8 ft.,5.0,34.0,44.0,1,0,20140404,CHA,ORL
Shot Chart Detail,0021301130,210,201167,Arron Afflalo,1610612753,Orlando Magic,2,3,25,Missed Shot,Jump Shot,2PT Field Goal,Mid-Range,Right Side Center(RC),16-24 ft.,16.0,132.0,97.0,1,0,20140404,CHA,ORL
Shot Chart Detail,0021301130,295,201167,Arron Afflalo,1610612753,Orlando Magic,3,8,9,Made Shot,Jump Shot,2PT Field Goal,Mid-Range,Left Side Center(LC),16-24 ft.,16.0,-122.0,108.0,1,1,20140404,CHA,ORL
Shot Chart Detail,0021301143,33,201167,Arron Afflalo,1610612753,Orlando Magic,1,9,51,Made Shot,Jump Shot,2PT Field Goal,Mid-Range,Right Side(R),16-24 ft.,17.0,170.0,55.0,1,1,20140405,ORL,MIN
Shot Chart Detail,0021301143,50,201167,Arron Afflalo,1610612753,Orlando Magic,1,7,52,Missed Shot,Jump Shot,3PT Field Goal,Above the Break 3,Left Side Center(LC),24+ ft.,24.0,-207.0,137.0,1,0,20140405,ORL,MIN
Shot Chart Detail,0021301143,52,201167,Arron Afflalo,1610612753,Orlando Magic,1,7,43,Made Shot,Layup Shot,2PT Field Goal,Restricted Area,Center(C),Less Than 8 ft.,1.0,9.0,-6.0,1,1,20140405,ORL,MIN
Shot Chart Detail,0021301143,59,201167,Arron Afflalo,1610612753,Orlando Magic,1,5,57,Made Shot,Jump Shot,3PT Field Goal,Left Corner 3,Left Side(L),24+ ft.,25.0,-239.0,77.0,1,1,20140405,ORL,MIN
Shot Chart Detail,0021301143,72,201167,Arron Afflalo,1610612753,Orlando Magic,1,4,49,Made Shot,Jump Shot,2PT Field Goal,Mid-Range,Left Side(L),16-24 ft.,16.0,-169.0,9.0,1,1,20140405,ORL,MIN
Shot Chart Detail,0021301143,165,201167,Arron Afflalo,1610612753,Orlando Magic,2,7,18,Made Shot,Step Back Jump shot,2PT Field Goal,Mid-Range,Left Side(L),16-24 ft.,21.0,-217.0,-16.0,1,1,20140405,ORL,MIN
Shot Chart Detail,0021301143,186,201167,Arron Afflalo,1610612753,Orlando Magic,2,5,44,Missed Shot,Jump Shot,2PT Field Goal,Mid-Range,Left Side Center(LC),16-24 ft.,19.0,-81.0,172.0,1,0,20140405,ORL,MIN
Shot Chart Detail,0021301143,196,201167,Arron Afflalo,1610612753,Orlando Magic,2,4,43,Missed Shot,Jump Shot,3PT Field Goal,Above the Break 3,Left Side Center(LC),24+ ft.,26.0,-210.0,156.0,1,0,20140405,ORL,MIN
Shot Chart Detail,0021301143,259,201167,Arron Afflalo,1610612753,Orlando Magic,3,10,14,Missed Shot,Jump Shot,3PT Field Goal,Left Corner 3,Left Side(L),24+ ft.,23.0,-231.0,39.0,1,0,20140405,ORL,MIN
Shot Chart Detail,0021301143,274,201167,Arron Afflalo,1610612753,Orlando Magic,3,7,54,Made Shot,Jump Shot,2PT Field Goal,Mid-Range,Left Side Center(LC),16-24 ft.,21.0,-155.0,146.0,1,1,20140405,ORL,MIN
Shot Chart Detail,0021301143,284,201167,Arron Afflalo,1610612753,Orlando Magic,3,6,38,Missed Shot,Driving Jump shot,2PT Field Goal,In The Paint (Non-RA),Center(C),Less Than 8 ft.,6.0,-59.0,37.0,1,0,20140405,ORL,MIN
Shot Chart Detail,0021301143,323,201167,Arron Afflalo,1610612753,Orlando Magic,3,4,22,Missed Shot,Jump Shot,2PT Field Goal,In The Paint (Non-RA),Center(C),Less Than 8 ft.,4.0,42.0,3.0,1,0,20140405,ORL,MIN
Shot Chart Detail,0021301143,330,201167,Arron Afflalo,1610612753,Orlando Magic,3,3,6,Made Shot,Layup Shot,2PT Field Goal,Restricted Area,Center(C),Less Than 8 ft.,0.0,2.0,9.0,1,1,20140405,ORL,MIN
Shot Chart Detail,0021301143,461,201167,Arron Afflalo,1610612753,Orlando Magic,4,2,45,Missed Shot,Driving Jump shot,2PT Field Goal,In The Paint (Non-RA),Center(C),Less Than 8 ft.,6.0,15.0,67.0,1,0,20140405,ORL,MIN
Shot Chart Detail,0021301143,492,201167,Arron Afflalo,1610612753,Orlando Magic,4,0,42,Made Shot,Floating Jump shot,2PT Field Goal,In The Paint (Non-RA),Center(C),8-16 ft.,8.0,-23.0,80.0,1,1,20140405,ORL,MIN
Shot Chart Detail,0021301163,2,201167,Arron Afflalo,1610612753,Orlando Magic,1,11,41,Missed Shot,Jump Shot,3PT Field Goal,Above the Break 3,Left Side Center(LC),24+ ft.,25.0,-169.0,192.0,1,0,20140409,ORL,BKN
Shot Chart Detail,0021301163,39,201167,Arron Afflalo,1610612753,Orlando Magic,1,7,13,Made Shot,Jump Shot,3PT Field Goal,Above the Break 3,Right Side Center(RC),24+ ft.,25.0,170.0,186.0,1,1,20140409,ORL,BKN
Shot Chart Detail,0021301163,57,201167,Arron Afflalo,1610612753,Orlando Magic,1,5,53,Made Shot,Pullup Jump shot,2PT Field Goal,Mid-Range,Left Side Center(LC),16-24 ft.,16.0,-112.0,115.0,1,1,20140409,ORL,BKN
Shot Chart Detail,0021301163,65,201167,Arron Afflalo,1610612753,Orlando Magic,1,5,19,Missed Shot,Jump Shot,3PT Field Goal,Left Corner 3,Left Side(L),24+ ft.,23.0,-234.0,33.0,1,0,20140409,ORL,BKN
Shot Chart Detail,0021301163,84,201167,Arron Afflalo,1610612753,Orlando Magic,1,3,32,Made Shot,Turnaround Jump Shot,2PT Field Goal,In The Paint (Non-RA),Right Side(R),8-16 ft.,12.0,80.0,99.0,1,1,20140409,ORL,BKN
Shot Chart Detail,0021301163,106,201167,Arron Afflalo,1610612753,Orlando Magic,1,1,34,Made Shot,Jump Shot,2PT Field Goal,Mid-Range,Left Side Center(LC),16-24 ft.,16.0,-103.0,127.0,1,1,20140409,ORL,BKN
Shot Chart Detail,0021301163,212,201167,Arron Afflalo,1610612753,Orlando Magic,2,3,57,Made Shot,Jump Shot,2PT Field Goal,Mid-Range,Right Side(R),8-16 ft.,9.0,86.0,34.0,1,1,20140409,ORL,BKN
Shot Chart Detail,0021301163,234,201167,Arron Afflalo,1610612753,Orlando Magic,2,3,1,Missed Shot,Jump Shot,2PT Field Goal,Mid-Range,Right Side(R),16-24 ft.,19.0,187.0,34.0,1,0,20140409,ORL,BKN
Shot Chart Detail,0021301163,258,201167,Arron Afflalo,1610612753,Orlando Magic,2,0,30,Made Shot,Driving Reverse Layup Shot,2PT Field Goal,Restricted Area,Center(C),Less Than 8 ft.,2.0,17.0,15.0,1,1,20140409,ORL,BKN
Shot Chart Detail,0021301163,300,201167,Arron Afflalo,1610612753,Orlando Magic,3,8,12,Made Shot,Driving Layup Shot,2PT Field Goal,Restricted Area,Center(C),Less Than 8 ft.,2.0,-10.0,23.0,1,1,20140409,ORL,BKN
Shot Chart Detail,0021301163,306,201167,Arron Afflalo,1610612753,Orlando Magic,3,7,45,Missed Shot,Jump Shot,2PT Field Goal,Mid-Range,Left Side(L),16-24 ft.,19.0,-190.0,31.0,1,0,20140409,ORL,BKN
Shot Chart Detail,0021301163,325,201167,Arron Afflalo,1610612753,Orlando Magic,3,5,30,Missed Shot,Jump Shot,2PT Field Goal,Mid-Range,Left Side(L),8-16 ft.,14.0,-108.0,102.0,1,0,20140409,ORL,BKN
Shot Chart Detail,0021301163,468,201167,Arron Afflalo,1610612753,Orlando Magic,4,4,32,Missed Shot,Jump Shot,2PT Field Goal,Mid-Range,Right Side(R),8-16 ft.,12.0,116.0,53.0,1,0,20140409,ORL,BKN
Shot Chart Detail,0021301163,481,201167,Arron Afflalo,1610612753,Orlando Magic,4,3,38,Made Shot,Driving Layup Shot,2PT Field Goal,Restricted Area,Center(C),Less Than 8 ft.,2.0,17.0,17.0,1,1,20140409,ORL,BKN
Shot Chart Detail,0021301163,507,201167,Arron Afflalo,1610612753,Orlando Magic,4,1,58,Made Shot,Jump Shot,3PT Field Goal,Above the Break 3,Center(C),24+ ft.,25.0,70.0,249.0,1,1,20140409,ORL,BKN
Shot Chart Detail,0021301163,509,201167,Arron Afflalo,1610612753,Orlando Magic,4,1,16,Missed Shot,Jump Shot,3PT Field Goal,Above the Break 3,Left Side Center(LC),24+ ft.,25.0,-182.0,176.0,1,0,20140409,ORL,BKN
Shot Chart Detail,0021301176,14,201167,Arron Afflalo,1610612753,Orlando Magic,1,9,55,Missed Shot,Jump Shot,2PT Field Goal,Mid-Range,Left Side(L),16-24 ft.,16.0,-152.0,60.0,1,0,20140411,ORL,WAS
Shot Chart Detail,0021301176,18,201167,Arron Afflalo,1610612753,Orlando Magic,1,9,34,Made Shot,Turnaround Jump Shot,2PT Field Goal,Mid-Range,Left Side(L),8-16 ft.,12.0,-127.0,25.0,1,1,20140411,ORL,WAS
Shot Chart Detail,0021301176,33,201167,Arron Afflalo,1610612753,Orlando Magic,1,8,12,Missed Shot,Layup Shot,2PT Field Goal,Restricted Area,Center(C),Less Than 8 ft.,1.0,0.0,19.0,1,0,20140411,ORL,WAS
Shot Chart Detail,0021301176,43,201167,Arron Afflalo,1610612753,Orlando Magic,1,7,38,Missed Shot,Jump Shot,3PT Field Goal,Left Corner 3,Left Side(L),24+ ft.,23.0,-232.0,20.0,1,0,20140411,ORL,WAS
Shot Chart Detail,0021301176,55,201167,Arron Afflalo,1610612753,Orlando Magic,1,6,56,Made Shot,Driving Layup Shot,2PT Field Goal,Restricted Area,Center(C),Less Than 8 ft.,2.0,2.0,20.0,1,1,20140411,ORL,WAS
Shot Chart Detail,0021301176,63,201167,Arron Afflalo,1610612753,Orlando Magic,1,6,7,Missed Shot,Pullup Jump shot,2PT Field Goal,Mid-Range,Right Side(R),16-24 ft.,17.0,177.0,9.0,1,0,20140411,ORL,WAS
Shot Chart Detail,0021301176,185,201167,Arron Afflalo,1610612753,Orlando Magic,2,7,49,Missed Shot,Turnaround Jump Shot,2PT Field Goal,Mid-Range,Left Side(L),16-24 ft.,16.0,-146.0,77.0,1,0,20140411,ORL,WAS
Shot Chart Detail,0021301176,214,201167,Arron Afflalo,1610612753,Orlando Magic,2,5,49,Made Shot,Turnaround Jump Shot,2PT Field Goal,Mid-Range,Left Side(L),8-16 ft.,12.0,-122.0,41.0,1,1,20140411,ORL,WAS
Shot Chart Detail,0021301176,225,201167,Arron Afflalo,1610612753,Orlando Magic,2,5,2,Missed Shot,Jump Shot,2PT Field Goal,In The Paint (Non-RA),Center(C),8-16 ft.,11.0,0.0,119.0,1,0,20140411,ORL,WAS
Shot Chart Detail,0021301176,238,201167,Arron Afflalo,1610612753,Orlando Magic,2,4,8,Made Shot,Jump Shot,2PT Field Goal,Mid-Range,Right Side(R),16-24 ft.,17.0,160.0,66.0,1,1,20140411,ORL,WAS
Shot Chart Detail,0021301176,251,201167,Arron Afflalo,1610612753,Orlando Magic,2,2,44,Made Shot,Layup Shot,2PT Field Goal,Restricted Area,Center(C),Less Than 8 ft.,0.0,7.0,4.0,1,1,20140411,ORL,WAS
Shot Chart Detail,0021301176,354,201167,Arron Afflalo,1610612753,Orlando Magic,3,5,48,Missed Shot,Jump Shot,3PT Field Goal,Left Corner 3,Left Side(L),24+ ft.,23.0,-228.0,41.0,1,0,20140411,ORL,WAS
Shot Chart Detail,0021301176,491,201167,Arron Afflalo,1610612753,Orlando Magic,4,4,57,Missed Shot,Jump Shot,3PT Field Goal,Above the Break 3,Right Side Center(RC),24+ ft.,26.0,193.0,179.0,1,0,20140411,ORL,WAS
Shot Chart Detail,0021301176,537,201167,Arron Afflalo,1610612753,Orlando Magic,4,1,15,Made Shot,Jump Shot,3PT Field Goal,Above the Break 3,Center(C),24+ ft.,25.0,7.0,257.0,1,1,20140411,ORL,WAS
Shot Chart Detail,0021301199,8,201167,Arron Afflalo,1610612753,Orlando Magic,1,10,38,Missed Shot,Jump Shot,2PT Field Goal,Mid-Range,Left Side Center(LC),16-24 ft.,20.0,-160.0,127.0,1,0,20140413,BKN,ORL
Shot Chart Detail,0021301199,38,201167,Arron Afflalo,1610612753,Orlando Magic,1,6,39,Missed Shot,Finger Roll Layup Shot,2PT Field Goal,Restricted Area,Center(C),Less Than 8 ft.,2.0,10.0,20.0,1,0,20140413,BKN,ORL
Shot Chart Detail,0021301199,51,201167,Arron Afflalo,1610612753,Orlando Magic,1,4,58,Missed Shot,Jump Shot,2PT Field Goal,In The Paint (Non-RA),Center(C),8-16 ft.,12.0,6.0,126.0,1,0,20140413,BKN,ORL
Shot Chart Detail,0021301199,170,201167,Arron Afflalo,1610612753,Orlando Magic,2,5,31,Made Shot,Jump Shot,2PT Field Goal,Mid-Range,Right Side(R),16-24 ft.,16.0,163.0,15.0,1,1,20140413,BKN,ORL
Shot Chart Detail,0021301199,186,201167,Arron Afflalo,1610612753,Orlando Magic,2,4,3,Missed Shot,Jump Shot,3PT Field Goal,Above the Break 3,Right Side Center(RC),24+ ft.,26.0,94.0,250.0,1,0,20140413,BKN,ORL
Shot Chart Detail,0021301199,260,201167,Arron Afflalo,1610612753,Orlando Magic,3,8,45,Made Shot,Jump Shot,3PT Field Goal,Above the Break 3,Right Side Center(RC),24+ ft.,25.0,135.0,213.0,1,1,20140413,BKN,ORL
Shot Chart Detail,0021301199,279,201167,Arron Afflalo,1610612753,Orlando Magic,3,6,20,Missed Shot,Jump Shot,2PT Field Goal,Mid-Range,Center(C),16-24 ft.,20.0,2.0,209.0,1,0,20140413,BKN,ORL
Shot Chart Detail,0021301208,21,201167,Arron Afflalo,1610612753,Orlando Magic,1,9,15,Missed Shot,Jump Shot,2PT Field Goal,In The Paint (Non-RA),Center(C),Less Than 8 ft.,5.0,-29.0,47.0,1,0,20140414,CHI,ORL
Shot Chart Detail,0021301208,44,201167,Arron Afflalo,1610612753,Orlando Magic,1,5,41,Made Shot,Turnaround Jump Shot,2PT Field Goal,In The Paint (Non-RA),Center(C),8-16 ft.,9.0,31.0,86.0,1,1,20140414,CHI,ORL
Shot Chart Detail,0021301208,185,201167,Arron Afflalo,1610612753,Orlando Magic,2,4,43,Made Shot,Jump Shot,2PT Field Goal,Mid-Range,Right Side Center(RC),16-24 ft.,22.0,108.0,192.0,1,1,20140414,CHI,ORL
Shot Chart Detail,0021301208,266,201167,Arron Afflalo,1610612753,Orlando Magic,3,9,5,Made Shot,Turnaround Jump Shot,2PT Field Goal,Mid-Range,Right Side(R),16-24 ft.,17.0,171.0,31.0,1,1,20140414,CHI,ORL
Shot Chart Detail,0021301208,276,201167,Arron Afflalo,1610612753,Orlando Magic,3,8,0,Missed Shot,Jump Shot,2PT Field Goal,Mid-Range,Left Side(L),16-24 ft.,16.0,-163.0,15.0,1,0,20140414,CHI,ORL
Shot Chart Detail,0021301208,297,201167,Arron Afflalo,1610612753,Orlando Magic,3,5,49,Made Shot,Jump Shot,3PT Field Goal,Above the Break 3,Right Side Center(RC),24+ ft.,25.0,166.0,192.0,1,1,20140414,CHI,ORL
Shot Chart Detail,0021301208,302,201167,Arron Afflalo,1610612753,Orlando Magic,3,5,16,Made Shot,Jump Shot,2PT Field Goal,Mid-Range,Left Side(L),16-24 ft.,19.0,-175.0,93.0,1,1,20140414,CHI,ORL
Shot Chart Detail,0021301227,18,201167,Arron Afflalo,1610612753,Orlando Magic,1,9,13,Made Shot,Jump Shot,2PT Field Goal,Mid-Range,Right Side Center(RC),16-24 ft.,22.0,132.0,178.0,1,1,20140416,ORL,IND
Shot Chart Detail,0021301227,43,201167,Arron Afflalo,1610612753,Orlando Magic,1,6,9,Made Shot,Jump Shot,3PT Field Goal,Above the Break 3,Left Side Center(LC),24+ ft.,24.0,-130.0,211.0,1,1,20140416,ORL,IND
