GRID_TYPE,GAME_ID,GAME_EVENT_ID,PLAYER_ID,PLAYER_NAME,TEAM_ID,TEAM_NAME,PERIOD,MINUTES_REMAINING,SECONDS_REMAINING,EVENT_TYPE,ACTION_TYPE,SHOT_TYPE,SHOT_ZONE_BASIC,SHOT_ZONE_AREA,SHOT_ZONE_RANGE,SHOT_DISTANCE,LOC_X,LOC_Y,SHOT_ATTEMPTED_FLAG,SHOT_MADE_FLAG,GAME_DATE,HTM,VTM
Shot Chart Detail,0021300005,11,202323,Evan Turner,1610612755,Philadelphia 76ers,1,10,33,Made Shot,Dunk Shot,2PT Field Goal,Restricted Area,Center(C),Less Than 8 ft.,1.0,-10.0,-5.0,1,1,20131030,PHI,MIA
Shot Chart Detail,0021300005,20,202323,Evan Turner,1610612755,Philadelphia 76ers,1,9,27,Made Shot,Driving Layup Shot,2PT Field Goal,Restricted Area,Center(C),Less Than 8 ft.,1.0,2.0,14.0,1,1,20131030,PHI,MIA
Shot Chart Detail,0021300005,22,202323,Evan Turner,1610612755,Philadelphia 76ers,1,9,5,Made Shot,Turnaround Jump Shot,2PT Field Goal,Mid-Range,Left Side(L),8-16 ft.,14.0,-141.0,-8.0,1,1,20131030,PHI,MIA
Shot Chart Detail,0021300005,58,202323,Evan Turner,1610612755,Philadelphia 76ers,1,4,51,Missed Shot,Jump Shot,3PT Field Goal,Above the Break 3,Left Side Center(LC),24+ ft.,26.0,-153.0,217.0,1,0,20131030,PHI,MIA
Shot Chart Detail,0021300005,70,202323,Evan Turner,1610612755,Philadelphia 76ers,1,3,35,Made Shot,Dunk Shot,2PT Field Goal,Restricted Area,Center(C),Less Than 8 ft.,1.0,-13.0,0.0,1,1,20131030,PHI,MIA
Shot Chart Detail,0021300005,93,202323,Evan Turner,1610612755,Philadelphia 76ers,1,0,43,Missed Shot,Jump Shot,2PT Field Goal,Mid-Range,Right Side(R),8-16 ft.,13.0,133.0,23.0,1,0,20131030,PHI,MIA
Shot Chart Detail,0021300005,114,202323,Evan Turner,1610612755,Philadelphia 76ers,2,11,3,Missed Shot,Jump Shot,2PT Field Goal,Mid-Range,Right Side(R),16-24 ft.,18.0,182.0,-2.0,1,0,20131030,PHI,MIA
Shot Chart Detail,0021300005,134,202323,Evan Turner,1610612755,Philadelphia 76ers,2,8,55,Missed Shot,Jump Shot,2PT Field Goal,In The Paint (Non-RA),Center(C),Less Than 8 ft.,7.0,-71.0,26.0,1,0,20131030,PHI,MIA
Shot Chart Detail,0021300005,139,202323,Evan Turner,1610612755,Philadelphia 76ers,2,8,19,Missed Shot,Jump Shot,3PT Field Goal,Left Corner 3,Left Side(L),24+ ft.,23.0,-237.0,-6.0,1,0,20131030,PHI,MIA
Shot Chart Detail,0021300005,206,202323,Evan Turner,1610612755,Philadelphia 76ers,2,0,58,Made Shot,Jump Shot,2PT Field Goal,Mid-Range,Right Side(R),8-16 ft.,15.0,159.0,6.0,1,1,20131030,PHI,MIA
Shot Chart Detail,0021300005,241,202323,Evan Turner,1610612755,Philadelphia 76ers,3,9,25,Made Shot,Jump Shot,2PT Field Goal,In The Paint (Non-RA),Center(C),8-16 ft.,12.0,-30.0,119.0,1,1,20131030,PHI,MIA
Shot Chart Detail,0021300005,355,202323,Evan Turner,1610612755,Philadelphia 76ers,4,11,7,Made Shot,Driving Layup Shot,2PT Field Goal,Restricted Area,Center(C),Less Than 8 ft.,1.0,7.0,14.0,1,1,20131030,PHI,MIA
Shot Chart Detail,0021300005,365,202323,Evan Turner,1610612755,Philadelphia 76ers,4,10,10,Made Shot,Fadeaway Jump Shot,2PT Field Goal,Mid-Range,Right Side(R),8-16 ft.,14.0,143.0,0.0,1,1,20131030,PHI,MIA
Shot Chart Detail,0021300005,392,202323,Evan Turner,1610612755,Philadelphia 76ers,4,7,52,Missed Shot,Layup Shot,2PT Field Goal,Restricted Area,Center(C),Less Than 8 ft.,0.0,-7.0,1.0,1,0,20131030,PHI,MIA
Shot Chart Detail,0021300005,400,202323,Evan Turner,1610612755,Philadelphia 76ers,4,6,40,Made Shot,Driving Layup Shot,2PT Field Goal,Restricted Area,Center(C),Less Than 8 ft.,0.0,-7.0,7.0,1,1,20131030,PHI,MIA
Shot Chart Detail,0021300005,419,202323,Evan Turner,1610612755,Philadelphia 76ers,4,4,31,Made Shot,Reverse Layup Shot,2PT Field Goal,Restricted Area,Center(C),Less Than 8 ft.,1.0,-10.0,7.0,1,1,20131030,PHI,MIA
Shot Chart Detail,0021300005,446,202323,Evan Turner,1610612755,Philadelphia 76ers,4,1,39,Missed Shot,Jump Shot,3PT Field Goal,Right Corner 3,Right Side(R),24+ ft.,23.0,231.0,6.0,1,0,20131030,PHI,MIA
Shot Chart Detail,0021300005,450,202323,Evan Turner,1610612755,Philadelphia 76ers,4,1,16,Missed Shot,Jump Shot,3PT Field Goal,Right Corner 3,Right Side(R),24+ ft.,23.0,239.0,-5.0,1,0,20131030,PHI,MIA
Shot Chart Detail,0021300005,453,202323,Evan Turner,1610612755,Philadelphia 76ers,4,0,51,Missed Shot,Layup Shot,2PT Field Goal,Restricted Area,Center(C),Less Than 8 ft.,1.0,0.0,12.0,1,0,20131030,PHI,MIA
Shot Chart Detail,0021300022,7,202323,Evan Turner,1610612755,Philadelphia 76ers,1,10,59,Missed Shot,Jump Shot,3PT Field Goal,Above the Break 3,Right Side Center(RC),24+ ft.,27.0,165.0,217.0,1,0,20131101,WAS,PHI
Shot Chart Detail,0021300022,63,202323,Evan Turner,1610612755,Philadelphia 76ers,1,5,17,Missed Shot,Jump Shot,3PT Field Goal,Right Corner 3,Right Side(R),24+ ft.,23.0,233.0,25.0,1,0,20131101,WAS,PHI
Shot Chart Detail,0021300022,73,202323,Evan Turner,1610612755,Philadelphia 76ers,1,4,39,Made Shot,Running Layup Shot,2PT Field Goal,Restricted Area,Center(C),Less Than 8 ft.,0.0,7.0,-6.0,1,1,20131101,WAS,PHI
Shot Chart Detail,0021300022,176,202323,Evan Turner,1610612755,Philadelphia 76ers,2,8,7,Missed Shot,Jump Shot,2PT Field Goal,Mid-Range,Left Side(L),8-16 ft.,11.0,-112.0,41.0,1,0,20131101,WAS,PHI
Shot Chart Detail,0021300022,231,202323,Evan Turner,1610612755,Philadelphia 76ers,2,4,11,Missed Shot,Jump Shot,2PT Field Goal,In The Paint (Non-RA),Center(C),Less Than 8 ft.,4.0,42.0,23.0,1,0,20131101,WAS,PHI
Shot Chart Detail,0021300022,246,202323,Evan Turner,1610612755,Philadelphia 76ers,2,3,9,Made Shot,Driving Layup Shot,2PT Field Goal,Restricted Area,Center(C),Less Than 8 ft.,1.0,-13.0,0.0,1,1,20131101,WAS,PHI
Shot Chart Detail,0021300022,261,202323,Evan Turner,1610612755,Philadelphia 76ers,2,2,0,Made Shot,Jump Shot,2PT Field Goal,Mid-Range,Left Side(L),8-16 ft.,12.0,-122.0,20.0,1,1,20131101,WAS,PHI
Shot Chart Detail,0021300022,271,202323,Evan Turner,1610612755,Philadelphia 76ers,2,1,27,Made Shot,Fadeaway Jump Shot,2PT Field Goal,Mid-Range,Left Side(L),8-16 ft.,12.0,-123.0,41.0,1,1,20131101,WAS,PHI
Shot Chart Detail,0021300022,295,202323,Evan Turner,1610612755,Philadelphia 76ers,2,0,3,Missed Shot,Jump Shot,2PT Field Goal,In The Paint (Non-RA),Center(C),8-16 ft.,13.0,-68.0,121.0,1,0,20131101,WAS,PHI
Shot Chart Detail,0021300022,310,202323,Evan Turner,1610612755,Philadelphia 76ers,3,10,47,Made Shot,Layup Shot,2PT Field Goal,Restricted Area,Center(C),Less Than 8 ft.,1.0,18.0,-2.0,1,1,20131101,WAS,PHI
Shot Chart Detail,0021300022,313,202323,Evan Turner,1610612755,Philadelphia 76ers,3,10,17,Missed Shot,Jump Shot,2PT Field Goal,Mid-Range,Left Side(L),8-16 ft.,12.0,-81.0,97.0,1,0,20131101,WAS,PHI
Shot Chart Detail,0021300022,325,202323,Evan Turner,1610612755,Philadelphia 76ers,3,9,9,Made Shot,Driving Reverse Layup Shot,2PT Field Goal,Restricted Area,Center(C),Less Than 8 ft.,1.0,-7.0,17.0,1,1,20131101,WAS,PHI
Shot Chart Detail,0021300022,356,202323,Evan Turner,1610612755,Philadelphia 76ers,3,6,26,Made Shot,Pullup Jump shot,2PT Field Goal,In The Paint (Non-RA),Center(C),8-16 ft.,11.0,-51.0,105.0,1,1,20131101,WAS,PHI
Shot Chart Detail,0021300022,382,202323,Evan Turner,1610612755,Philadelphia 76ers,3,3,20,Made Shot,Layup Shot,2PT Field Goal,Restricted Area,Center(C),Less Than 8 ft.,0.0,4.0,3.0,1,1,20131101,WAS,PHI
Shot Chart Detail,0021300022,413,202323,Evan Turner,1610612755,Philadelphia 76ers,3,0,46,Made Shot,Jump Shot,2PT Field Goal,Restricted Area,Center(C),Less Than 8 ft.,3.0,6.0,33.0,1,1,20131101,WAS,PHI
Shot Chart Detail,0021300022,494,202323,Evan Turner,1610612755,Philadelphia 76ers,4,4,45,Made Shot,Layup Shot,2PT Field Goal,Restricted Area,Center(C),Less Than 8 ft.,1.0,10.0,0.0,1,1,20131101,WAS,PHI
Shot Chart Detail,0021300022,520,202323,Evan Turner,1610612755,Philadelphia 76ers,4,2,24,Missed Shot,Jump Shot,2PT Field Goal,Mid-Range,Left Side Center(LC),16-24 ft.,16.0,-112.0,118.0,1,0,20131101,WAS,PHI
Shot Chart Detail,0021300022,532,202323,Evan Turner,1610612755,Philadelphia 76ers,4,1,44,Missed Shot,Jump Shot,2PT Field Goal,Mid-Range,Left Side(L),8-16 ft.,8.0,-84.0,28.0,1,0,20131101,WAS,PHI
Shot Chart Detail,0021300034,11,202323,Evan Turner,1610612755,Philadelphia 76ers,1,10,23,Missed Shot,Jump Shot,2PT Field Goal,Mid-Range,Left Side Center(LC),16-24 ft.,17.0,-68.0,162.0,1,0,20131102,PHI,CHI
Shot Chart Detail,0021300034,33,202323,Evan Turner,1610612755,Philadelphia 76ers,1,7,1,Made Shot,Pullup Jump shot,2PT Field Goal,Mid-Range,Right Side(R),8-16 ft.,9.0,97.0,-21.0,1,1,20131102,PHI,CHI
Shot Chart Detail,0021300034,35,202323,Evan Turner,1610612755,Philadelphia 76ers,1,6,26,Missed Shot,Jump Shot,2PT Field Goal,Mid-Range,Left Side(L),16-24 ft.,16.0,-139.0,93.0,1,0,20131102,PHI,CHI
Shot Chart Detail,0021300034,45,202323,Evan Turner,1610612755,Philadelphia 76ers,1,5,42,Missed Shot,Jump Shot,2PT Field Goal,In The Paint (Non-RA),Left Side(L),8-16 ft.,10.0,-54.0,88.0,1,0,20131102,PHI,CHI
Shot Chart Detail,0021300034,64,202323,Evan Turner,1610612755,Philadelphia 76ers,1,3,15,Made Shot,Driving Reverse Layup Shot,2PT Field Goal,Restricted Area,Center(C),Less Than 8 ft.,1.0,10.0,6.0,1,1,20131102,PHI,CHI
Shot Chart Detail,0021300034,123,202323,Evan Turner,1610612755,Philadelphia 76ers,2,9,33,Missed Shot,Jump Shot,2PT Field Goal,Mid-Range,Left Side(L),8-16 ft.,14.0,-139.0,33.0,1,0,20131102,PHI,CHI
Shot Chart Detail,0021300034,129,202323,Evan Turner,1610612755,Philadelphia 76ers,2,8,53,Made Shot,Putback Layup Shot,2PT Field Goal,Restricted Area,Center(C),Less Than 8 ft.,1.0,-11.0,3.0,1,1,20131102,PHI,CHI
Shot Chart Detail,0021300034,155,202323,Evan Turner,1610612755,Philadelphia 76ers,2,6,59,Missed Shot,Layup Shot,2PT Field Goal,Restricted Area,Center(C),Less Than 8 ft.,2.0,-29.0,7.0,1,0,20131102,PHI,CHI
Shot Chart Detail,0021300034,244,202323,Evan Turner,1610612755,Philadelphia 76ers,3,11,48,Missed Shot,Layup Shot,2PT Field Goal,Restricted Area,Center(C),Less Than 8 ft.,1.0,9.0,9.0,1,0,20131102,PHI,CHI
Shot Chart Detail,0021300034,245,202323,Evan Turner,1610612755,Philadelphia 76ers,3,11,47,Made Shot,Layup Shot,2PT Field Goal,Restricted Area,Center(C),Less Than 8 ft.,1.0,-19.0,0.0,1,1,20131102,PHI,CHI
Shot Chart Detail,0021300034,248,202323,Evan Turner,1610612755,Philadelphia 76ers,3,11,8,Missed Shot,Jump Shot,2PT Field Goal,Mid-Range,Left Side Center(LC),16-24 ft.,16.0,-134.0,104.0,1,0,20131102,PHI,CHI
Shot Chart Detail,0021300034,292,202323,Evan Turner,1610612755,Philadelphia 76ers,3,7,41,Made Shot,Layup Shot,2PT Field Goal,Restricted Area,Center(C),Less Than 8 ft.,1.0,2.0,12.0,1,1,20131102,PHI,CHI
Shot Chart Detail,0021300034,299,202323,Evan Turner,1610612755,Philadelphia 76ers,3,6,48,Made Shot,Driving Layup Shot,2PT Field Goal,Restricted Area,Center(C),Less Than 8 ft.,2.0,17.0,12.0,1,1,20131102,PHI,CHI
Shot Chart Detail,0021300034,401,202323,Evan Turner,1610612755,Philadelphia 76ers,4,9,22,Missed Shot,Layup Shot,2PT Field Goal,Restricted Area,Center(C),Less Than 8 ft.,0.0,1.0,1.0,1,0,20131102,PHI,CHI
Shot Chart Detail,0021300034,408,202323,Evan Turner,1610612755,Philadelphia 76ers,4,8,46,Missed Shot,Layup Shot,2PT Field Goal,Restricted Area,Center(C),Less Than 8 ft.,0.0,9.0,1.0,1,0,20131102,PHI,CHI
Shot Chart Detail,0021300034,484,202323,Evan Turner,1610612755,Philadelphia 76ers,4,1,59,Made Shot,Reverse Layup Shot,2PT Field Goal,Restricted Area,Center(C),Less Than 8 ft.,1.0,-5.0,12.0,1,1,20131102,PHI,CHI
Shot Chart Detail,0021300048,6,202323,Evan Turner,1610612755,Philadelphia 76ers,1,11,4,Missed Shot,Layup Shot,2PT Field Goal,Restricted Area,Center(C),Less Than 8 ft.,1.0,12.0,7.0,1,0,20131104,PHI,GSW
Shot Chart Detail,0021300048,51,202323,Evan Turner,1610612755,Philadelphia 76ers,1,7,12,Missed Shot,Jump Shot,2PT Field Goal,Mid-Range,Center(C),16-24 ft.,20.0,-34.0,198.0,1,0,20131104,PHI,GSW
Shot Chart Detail,0021300048,62,202323,Evan Turner,1610612755,Philadelphia 76ers,1,6,37,Missed Shot,Jump Shot,2PT Field Goal,Mid-Range,Right Side(R),8-16 ft.,11.0,84.0,72.0,1,0,20131104,PHI,GSW
Shot Chart Detail,0021300048,132,202323,Evan Turner,1610612755,Philadelphia 76ers,1,1,8,Missed Shot,Jump Shot,2PT Field Goal,In The Paint (Non-RA),Center(C),Less Than 8 ft.,6.0,-62.0,6.0,1,0,20131104,PHI,GSW
Shot Chart Detail,0021300048,147,202323,Evan Turner,1610612755,Philadelphia 76ers,2,11,43,Missed Shot,Jump Shot,3PT Field Goal,Right Corner 3,Right Side(R),24+ ft.,22.0,228.0,-13.0,1,0,20131104,PHI,GSW
Shot Chart Detail,0021300048,159,202323,Evan Turner,1610612755,Philadelphia 76ers,2,11,7,Made Shot,Pullup Jump shot,2PT Field Goal,In The Paint (Non-RA),Center(C),Less Than 8 ft.,7.0,77.0,7.0,1,1,20131104,PHI,GSW
Shot Chart Detail,0021300048,161,202323,Evan Turner,1610612755,Philadelphia 76ers,2,10,22,Made Shot,Fadeaway Jump Shot,2PT Field Goal,Mid-Range,Right Side(R),16-24 ft.,16.0,168.0,-10.0,1,1,20131104,PHI,GSW
Shot Chart Detail,0021300048,207,202323,Evan Turner,1610612755,Philadelphia 76ers,2,7,27,Made Shot,Driving Reverse Layup Shot,2PT Field Goal,Restricted Area,Center(C),Less Than 8 ft.,1.0,-11.0,3.0,1,1,20131104,PHI,GSW
Shot Chart Detail,0021300048,213,202323,Evan Turner,1610612755,Philadelphia 76ers,2,6,38,Made Shot,Pullup Jump shot,2PT Field Goal,Mid-Range,Left Side(L),8-16 ft.,14.0,-142.0,-24.0,1,1,20131104,PHI,GSW
Shot Chart Detail,0021300048,310,202323,Evan Turner,1610612755,Philadelphia 76ers,3,11,26,Made Shot,Driving Layup Shot,2PT Field Goal,Restricted Area,Center(C),Less Than 8 ft.,1.0,-7.0,15.0,1,1,20131104,PHI,GSW
Shot Chart Detail,0021300048,334,202323,Evan Turner,1610612755,Philadelphia 76ers,3,8,32,Made Shot,Layup Shot,2PT Field Goal,Restricted Area,Center(C),Less Than 8 ft.,1.0,1.0,14.0,1,1,20131104,PHI,GSW
Shot Chart Detail,0021300048,362,202323,Evan Turner,1610612755,Philadelphia 76ers,3,6,0,Made Shot,Jump Bank Shot,2PT Field Goal,In The Paint (Non-RA),Center(C),Less Than 8 ft.,4.0,37.0,30.0,1,1,20131104,PHI,GSW
Shot Chart Detail,0021300063,3,202323,Evan Turner,1610612755,Philadelphia 76ers,1,11,33,Made Shot,Dunk Shot,2PT Field Goal,Restricted Area,Center(C),Less Than 8 ft.,0.0,-4.0,0.0,1,1,20131106,PHI,WAS
Shot Chart Detail,0021300063,20,202323,Evan Turner,1610612755,Philadelphia 76ers,1,8,55,Made Shot,Driving Finger Roll Layup Shot,2PT Field Goal,Restricted Area,Center(C),Less Than 8 ft.,1.0,13.0,0.0,1,1,20131106,PHI,WAS
Shot Chart Detail,0021300063,61,202323,Evan Turner,1610612755,Philadelphia 76ers,1,4,59,Missed Shot,Jump Shot,3PT Field Goal,Above the Break 3,Right Side Center(RC),24+ ft.,25.0,157.0,205.0,1,0,20131106,PHI,WAS
Shot Chart Detail,0021300063,235,202323,Evan Turner,1610612755,Philadelphia 76ers,2,1,35,Made Shot,Driving Layup Shot,2PT Field Goal,Restricted Area,Center(C),Less Than 8 ft.,1.0,-18.0,-3.0,1,1,20131106,PHI,WAS
Shot Chart Detail,0021300063,261,202323,Evan Turner,1610612755,Philadelphia 76ers,2,0,1,Missed Shot,Jump Shot,2PT Field Goal,In The Paint (Non-RA),Center(C),Less Than 8 ft.,4.0,-35.0,22.0,1,0,20131106,PHI,WAS
Shot Chart Detail,0021300063,286,202323,Evan Turner,1610612755,Philadelphia 76ers,3,9,21,Made Shot,Pullup Jump shot,2PT Field Goal,Mid-Range,Right Side(R),16-24 ft.,17.0,162.0,53.0,1,1,20131106,PHI,WAS
Shot Chart Detail,0021300063,301,202323,Evan Turner,1610612755,Philadelphia 76ers,3,7,31,Made Shot,Fadeaway Jump Shot,2PT Field Goal,Mid-Range,Right Side(R),8-16 ft.,11.0,86.0,69.0,1,1,20131106,PHI,WAS
Shot Chart Detail,0021300063,307,202323,Evan Turner,1610612755,Philadelphia 76ers,3,7,1,Made Shot,Jump Shot,3PT Field Goal,Left Corner 3,Left Side(L),24+ ft.,23.0,-234.0,-22.0,1,1,20131106,PHI,WAS
Shot Chart Detail,0021300063,315,202323,Evan Turner,1610612755,Philadelphia 76ers,3,5,47,Missed Shot,Jump Shot,2PT Field Goal,Mid-Range,Right Side(R),8-16 ft.,11.0,83.0,75.0,1,0,20131106,PHI,WAS
Shot Chart Detail,0021300063,336,202323,Evan Turner,1610612755,Philadelphia 76ers,3,4,26,Missed Shot,Layup Shot,2PT Field Goal,Restricted Area,Center(C),Less Than 8 ft.,2.0,20.0,0.0,1,0,20131106,PHI,WAS
Shot Chart Detail,0021300063,347,202323,Evan Turner,1610612755,Philadelphia 76ers,3,3,14,Made Shot,Floating Jump shot,2PT Field Goal,Mid-Range,Right Side(R),8-16 ft.,12.0,81.0,101.0,1,1,20131106,PHI,WAS
Shot Chart Detail,0021300063,351,202323,Evan Turner,1610612755,Philadelphia 76ers,3,2,49,Made Shot,Step Back Jump shot,2PT Field Goal,Mid-Range,Right Side(R),8-16 ft.,13.0,136.0,0.0,1,1,20131106,PHI,WAS
Shot Chart Detail,0021300063,452,202323,Evan Turner,1610612755,Philadelphia 76ers,4,6,38,Made Shot,Layup Shot,2PT Field Goal,Restricted Area,Center(C),Less Than 8 ft.,1.0,-11.0,12.0,1,1,20131106,PHI,WAS
Shot Chart Detail,0021300076,17,202323,Evan Turner,1610612755,Philadelphia 76ers,1,9,51,Made Shot,Driving Bank shot,2PT Field Goal,In The Paint (Non-RA),Center(C),Less Than 8 ft.,5.0,-38.0,34.0,1,1,20131108,PHI,CLE
Shot Chart Detail,0021300076,20,202323,Evan Turner,1610612755,Philadelphia 76ers,1,9,20,Missed Shot,Jump Shot,2PT Field Goal,Mid-Range,Left Side(L),8-16 ft.,15.0,-150.0,0.0,1,0,20131108,PHI,CLE
Shot Chart Detail,0021300076,28,202323,Evan Turner,1610612755,Philadelphia 76ers,1,8,23,Made Shot,Jump Shot,2PT Field Goal,Mid-Range,Center(C),16-24 ft.,17.0,-8.0,172.0,1,1,20131108,PHI,CLE
Shot Chart Detail,0021300076,52,202323,Evan Turner,1610612755,Philadelphia 76ers,1,5,29,Made Shot,Turnaround Fadeaway shot,2PT Field Goal,Mid-Range,Right Side(R),8-16 ft.,14.0,141.0,-30.0,1,1,20131108,PHI,CLE
Shot Chart Detail,0021300076,61,202323,Evan Turner,1610612755,Philadelphia 76ers,1,4,7,Missed Shot,Jump Shot,2PT Field Goal,Mid-Range,Right Side Center(RC),16-24 ft.,16.0,122.0,108.0,1,0,20131108,PHI,CLE
Shot Chart Detail,0021300076,84,202323,Evan Turner,1610612755,Philadelphia 76ers,1,2,41,Missed Shot,Jump Shot,2PT Field Goal,Mid-Range,Left Side(L),8-16 ft.,11.0,-112.0,-10.0,1,0,20131108,PHI,CLE
Shot Chart Detail,0021300076,176,202323,Evan Turner,1610612755,Philadelphia 76ers,2,5,35,Missed Shot,Layup Shot,2PT Field Goal,Restricted Area,Center(C),Less Than 8 ft.,0.0,-2.0,3.0,1,0,20131108,PHI,CLE
Shot Chart Detail,0021300076,202,202323,Evan Turner,1610612755,Philadelphia 76ers,2,2,40,Made Shot,Turnaround Jump Shot,2PT Field Goal,In The Paint (Non-RA),Center(C),8-16 ft.,8.0,10.0,88.0,1,1,20131108,PHI,CLE
Shot Chart Detail,0021300076,217,202323,Evan Turner,1610612755,Philadelphia 76ers,2,0,48,Made Shot,Step Back Jump shot,2PT Field Goal,Mid-Range,Right Side(R),8-16 ft.,14.0,140.0,-36.0,1,1,20131108,PHI,CLE
Shot Chart Detail,0021300076,224,202323,Evan Turner,1610612755,Philadelphia 76ers,2,0,22,Missed Shot,Jump Shot,2PT Field Goal,Mid-Range,Right Side(R),16-24 ft.,16.0,168.0,-21.0,1,0,20131108,PHI,CLE
Shot Chart Detail,0021300076,249,202323,Evan Turner,1610612755,Philadelphia 76ers,3,10,37,Made Shot,Jump Shot,2PT Field Goal,Mid-Range,Left Side(L),8-16 ft.,15.0,-155.0,26.0,1,1,20131108,PHI,CLE
Shot Chart Detail,0021300076,268,202323,Evan Turner,1610612755,Philadelphia 76ers,3,8,21,Made Shot,Jump Shot,2PT Field Goal,Restricted Area,Center(C),Less Than 8 ft.,3.0,34.0,4.0,1,1,20131108,PHI,CLE
Shot Chart Detail,0021300076,299,202323,Evan Turner,1610612755,Philadelphia 76ers,3,6,5,Missed Shot,Layup Shot,2PT Field Goal,Restricted Area,Center(C),Less Than 8 ft.,2.0,26.0,9.0,1,0,20131108,PHI,CLE
Shot Chart Detail,0021300076,334,202323,Evan Turner,1610612755,Philadelphia 76ers,3,4,13,Made Shot,Fadeaway Jump Shot,2PT Field Goal,Mid-Range,Right Side(R),8-16 ft.,13.0,136.0,0.0,1,1,20131108,PHI,CLE
Shot Chart Detail,0021300076,349,202323,Evan Turner,1610612755,Philadelphia 76ers,3,2,37,Missed Shot,Jump Shot,2PT Field Goal,Mid-Range,Right Side(R),8-16 ft.,14.0,103.0,104.0,1,0,20131108,PHI,CLE
Shot Chart Detail,0021300076,356,202323,Evan Turner,1610612755,Philadelphia 76ers,3,2,13,Made Shot,Pullup Jump shot,2PT Field Goal,Mid-Range,Right Side(R),8-16 ft.,12.0,127.0,23.0,1,1,20131108,PHI,CLE
Shot Chart Detail,0021300076,368,202323,Evan Turner,1610612755,Philadelphia 76ers,3,0,43,Made Shot,Pullup Jump shot,2PT Field Goal,In The Paint (Non-RA),Center(C),Less Than 8 ft.,7.0,0.0,74.0,1,1,20131108,PHI,CLE
Shot Chart Detail,0021300076,427,202323,Evan Turner,1610612755,Philadelphia 76ers,4,5,50,Missed Shot,Jump Shot,2PT Field Goal,Mid-Range,Right Side(R),16-24 ft.,17.0,173.0,15.0,1,0,20131108,PHI,CLE
Shot Chart Detail,0021300088,9,202323,Evan Turner,1610612755,Philadelphia 76ers,1,10,32,Missed Shot,Jump Shot,2PT Field Goal,In The Paint (Non-RA),Center(C),8-16 ft.,12.0,53.0,115.0,1,0,20131109,CLE,PHI
Shot Chart Detail,0021300088,44,202323,Evan Turner,1610612755,Philadelphia 76ers,1,6,52,Made Shot,Jump Shot,3PT Field Goal,Left Corner 3,Left Side(L),24+ ft.,22.0,-229.0,-8.0,1,1,20131109,CLE,PHI
Shot Chart Detail,0021300088,98,202323,Evan Turner,1610612755,Philadelphia 76ers,1,2,1,Made Shot,Running Jump Shot,2PT Field Goal,Mid-Range,Right Side(R),8-16 ft.,10.0,100.0,45.0,1,1,20131109,CLE,PHI
Shot Chart Detail,0021300088,174,202323,Evan Turner,1610612755,Philadelphia 76ers,2,5,57,Missed Shot,Jump Shot,3PT Field Goal,Above the Break 3,Left Side Center(LC),24+ ft.,25.0,-130.0,216.0,1,0,20131109,CLE,PHI
Shot Chart Detail,0021300088,203,202323,Evan Turner,1610612755,Philadelphia 76ers,2,3,58,Missed Shot,Jump Shot,3PT Field Goal,Left Corner 3,Left Side(L),24+ ft.,23.0,-239.0,-2.0,1,0,20131109,CLE,PHI
Shot Chart Detail,0021300088,261,202323,Evan Turner,1610612755,Philadelphia 76ers,3,11,22,Made Shot,Floating Jump shot,2PT Field Goal,Mid-Range,Left Side(L),8-16 ft.,12.0,-105.0,75.0,1,1,20131109,CLE,PHI
Shot Chart Detail,0021300088,274,202323,Evan Turner,1610612755,Philadelphia 76ers,3,9,38,Made Shot,Jump Shot,3PT Field Goal,Left Corner 3,Left Side(L),24+ ft.,24.0,-229.0,72.0,1,1,20131109,CLE,PHI
Shot Chart Detail,0021300088,281,202323,Evan Turner,1610612755,Philadelphia 76ers,3,8,45,Made Shot,Jump Shot,2PT Field Goal,Mid-Range,Center(C),16-24 ft.,17.0,-49.0,168.0,1,1,20131109,CLE,PHI
Shot Chart Detail,0021300088,341,202323,Evan Turner,1610612755,Philadelphia 76ers,3,4,35,Made Shot,Jump Shot,2PT Field Goal,Mid-Range,Left Side Center(LC),16-24 ft.,16.0,-125.0,101.0,1,1,20131109,CLE,PHI
Shot Chart Detail,0021300088,385,202323,Evan Turner,1610612755,Philadelphia 76ers,3,1,9,Missed Shot,Jump Shot,2PT Field Goal,Mid-Range,Left Side(L),16-24 ft.,18.0,-182.0,44.0,1,0,20131109,CLE,PHI
Shot Chart Detail,0021300088,391,202323,Evan Turner,1610612755,Philadelphia 76ers,3,0,41,Missed Shot,Jump Shot,2PT Field Goal,Mid-Range,Right Side(R),16-24 ft.,18.0,166.0,83.0,1,0,20131109,CLE,PHI
Shot Chart Detail,0021300088,401,202323,Evan Turner,1610612755,Philadelphia 76ers,3,0,0,Made Shot,Pullup Jump shot,2PT Field Goal,In The Paint (Non-RA),Center(C),Less Than 8 ft.,6.0,26.0,63.0,1,1,20131109,CLE,PHI
Shot Chart Detail,0021300088,482,202323,Evan Turner,1610612755,Philadelphia 76ers,4,5,33,Missed Shot,Jump Shot,3PT Field Goal,Above the Break 3,Center(C),24+ ft.,28.0,-15.0,282.0,1,0,20131109,CLE,PHI
Shot Chart Detail,0021300088,484,202323,Evan Turner,1610612755,Philadelphia 76ers,4,5,25,Missed Shot,Jump Shot,2PT Field Goal,Mid-Range,Right Side(R),16-24 ft.,19.0,171.0,89.0,1,0,20131109,CLE,PHI
Shot Chart Detail,0021300088,588,202323,Evan Turner,1610612755,Philadelphia 76ers,5,3,33,Missed Shot,Jump Shot,2PT Field Goal,In The Paint (Non-RA),Center(C),8-16 ft.,8.0,18.0,83.0,1,0,20131109,CLE,PHI
Shot Chart Detail,0021300088,596,202323,Evan Turner,1610612755,Philadelphia 76ers,5,2,46,Missed Shot,Jump Shot,2PT Field Goal,In The Paint (Non-RA),Center(C),Less Than 8 ft.,5.0,-18.0,48.0,1,0,20131109,CLE,PHI
Shot Chart Detail,0021300088,608,202323,Evan Turner,1610612755,Philadelphia 76ers,5,1,22,Missed Shot,Jump Shot,3PT Field Goal,Right Corner 3,Right Side(R),24+ ft.,22.0,226.0,41.0,1,0,20131109,CLE,PHI
Shot Chart Detail,0021300088,613,202323,Evan Turner,1610612755,Philadelphia 76ers,5,1,19,Missed Shot,Jump Shot,3PT Field Goal,Right Corner 3,Right Side(R),24+ ft.,23.0,234.0,14.0,1,0,20131109,CLE,PHI
Shot Chart Detail,0021300088,622,202323,Evan Turner,1610612755,Philadelphia 76ers,5,0,35,Missed Shot,Jump Shot,2PT Field Goal,In The Paint (Non-RA),Center(C),Less Than 8 ft.,4.0,12.0,48.0,1,0,20131109,CLE,PHI
Shot Chart Detail,0021300088,623,202323,Evan Turner,1610612755,Philadelphia 76ers,5,0,35,Made Shot,Layup Shot,2PT Field Goal,Restricted Area,Center(C),Less Than 8 ft.,1.0,-5.0,11.0,1,1,20131109,CLE,PHI
Shot Chart Detail,0021300088,634,202323,Evan Turner,1610612755,Philadelphia 76ers,5,0,8,Made Shot,Layup Shot,2PT Field Goal,Restricted Area,Center(C),Less Than 8 ft.,0.0,-5.0,0.0,1,1,20131109,CLE,PHI
Shot Chart Detail,0021300088,667,202323,Evan Turner,1610612755,Philadelphia 76ers,6,2,39,Missed Shot,Jump Shot,2PT Field Goal,In The Paint (Non-RA),Center(C),8-16 ft.,14.0,-29.0,138.0,1,0,20131109,CLE,PHI
Shot Chart Detail,0021300088,675,202323,Evan Turner,1610612755,Philadelphia 76ers,6,1,44,Missed Shot,Jump Shot,3PT Field Goal,Left Corner 3,Left Side(L),24+ ft.,22.0,-229.0,-5.0,1,0,20131109,CLE,PHI
Shot Chart Detail,0021300100,4,202323,Evan Turner,1610612755,Philadelphia 76ers,1,11,35,Missed Shot,Jump Shot,2PT Field Goal,In The Paint (Non-RA),Center(C),Less Than 8 ft.,4.0,-5.0,44.0,1,0,20131111,PHI,SAS
Shot Chart Detail,0021300100,15,202323,Evan Turner,1610612755,Philadelphia 76ers,1,10,18,Missed Shot,Jump Shot,3PT Field Goal,Left Corner 3,Left Side(L),24+ ft.,24.0,-246.0,6.0,1,0,20131111,PHI,SAS
Shot Chart Detail,0021300100,31,202323,Evan Turner,1610612755,Philadelphia 76ers,1,8,3,Made Shot,Pullup Jump shot,2PT Field Goal,Mid-Range,Right Side(R),8-16 ft.,12.0,127.0,-14.0,1,1,20131111,PHI,SAS
Shot Chart Detail,0021300100,34,202323,Evan Turner,1610612755,Philadelphia 76ers,1,7,39,Made Shot,Floating Jump shot,2PT Field Goal,In The Paint (Non-RA),Center(C),Less Than 8 ft.,5.0,4.0,58.0,1,1,20131111,PHI,SAS
Shot Chart Detail,0021300100,75,202323,Evan Turner,1610612755,Philadelphia 76ers,1,3,28,Made Shot,Driving Layup Shot,2PT Field Goal,Restricted Area,Center(C),Less Than 8 ft.,2.0,-13.0,19.0,1,1,20131111,PHI,SAS
Shot Chart Detail,0021300100,91,202323,Evan Turner,1610612755,Philadelphia 76ers,1,2,26,Missed Shot,Jump Shot,2PT Field Goal,Mid-Range,Right Side(R),16-24 ft.,16.0,160.0,-36.0,1,0,20131111,PHI,SAS
Shot Chart Detail,0021300100,147,202323,Evan Turner,1610612755,Philadelphia 76ers,2,9,6,Made Shot,Jump Shot,3PT Field Goal,Above the Break 3,Right Side Center(RC),24+ ft.,25.0,206.0,142.0,1,1,20131111,PHI,SAS
Shot Chart Detail,0021300100,155,202323,Evan Turner,1610612755,Philadelphia 76ers,2,8,27,Missed Shot,Jump Shot,2PT Field Goal,In The Paint (Non-RA),Center(C),8-16 ft.,8.0,-35.0,72.0,1,0,20131111,PHI,SAS
Shot Chart Detail,0021300100,172,202323,Evan Turner,1610612755,Philadelphia 76ers,2,5,59,Made Shot,Driving Slam Dunk Shot,2PT Field Goal,Restricted Area,Center(C),Less Than 8 ft.,0.0,1.0,3.0,1,1,20131111,PHI,SAS
Shot Chart Detail,0021300100,178,202323,Evan Turner,1610612755,Philadelphia 76ers,2,4,35,Missed Shot,Jump Shot,2PT Field Goal,Mid-Range,Center(C),8-16 ft.,14.0,-13.0,149.0,1,0,20131111,PHI,SAS
Shot Chart Detail,0021300100,185,202323,Evan Turner,1610612755,Philadelphia 76ers,2,4,6,Made Shot,Floating Jump shot,2PT Field Goal,In The Paint (Non-RA),Center(C),Less Than 8 ft.,5.0,-52.0,15.0,1,1,20131111,PHI,SAS
Shot Chart Detail,0021300100,188,202323,Evan Turner,1610612755,Philadelphia 76ers,2,3,35,Made Shot,Running Layup Shot,2PT Field Goal,In The Paint (Non-RA),Center(C),Less Than 8 ft.,4.0,37.0,19.0,1,1,20131111,PHI,SAS
Shot Chart Detail,0021300100,193,202323,Evan Turner,1610612755,Philadelphia 76ers,2,2,38,Missed Shot,Jump Shot,3PT Field Goal,Above the Break 3,Center(C),24+ ft.,25.0,6.0,252.0,1,0,20131111,PHI,SAS
Shot Chart Detail,0021300100,230,202323,Evan Turner,1610612755,Philadelphia 76ers,3,11,14,Missed Shot,Layup Shot,2PT Field Goal,Restricted Area,Center(C),Less Than 8 ft.,2.0,-24.0,4.0,1,0,20131111,PHI,SAS
Shot Chart Detail,0021300100,239,202323,Evan Turner,1610612755,Philadelphia 76ers,3,9,53,Missed Shot,Jump Shot,2PT Field Goal,Mid-Range,Center(C),16-24 ft.,18.0,9.0,183.0,1,0,20131111,PHI,SAS
Shot Chart Detail,0021300100,268,202323,Evan Turner,1610612755,Philadelphia 76ers,3,5,57,Missed Shot,Jump Shot,2PT Field Goal,Mid-Range,Center(C),16-24 ft.,20.0,-4.0,208.0,1,0,20131111,PHI,SAS
Shot Chart Detail,0021300100,285,202323,Evan Turner,1610612755,Philadelphia 76ers,3,4,42,Missed Shot,Layup Shot,2PT Field Goal,Restricted Area,Center(C),Less Than 8 ft.,3.0,9.0,30.0,1,0,20131111,PHI,SAS
Shot Chart Detail,0021300100,286,202323,Evan Turner,1610612755,Philadelphia 76ers,3,4,39,Missed Shot,Tip Shot,2PT Field Goal,Restricted Area,Center(C),Less Than 8 ft.,2.0,-9.0,20.0,1,0,20131111,PHI,SAS
Shot Chart Detail,0021300100,292,202323,Evan Turner,1610612755,Philadelphia 76ers,3,4,29,Made Shot,Dunk Shot,2PT Field Goal,Restricted Area,Center(C),Less Than 8 ft.,1.0,-10.0,9.0,1,1,20131111,PHI,SAS
Shot Chart Detail,0021300100,297,202323,Evan Turner,1610612755,Philadelphia 76ers,3,3,48,Made Shot,Layup Shot,2PT Field Goal,Restricted Area,Center(C),Less Than 8 ft.,2.0,-16.0,12.0,1,1,20131111,PHI,SAS
Shot Chart Detail,0021300100,404,202323,Evan Turner,1610612755,Philadelphia 76ers,4,5,6,Missed Shot,Jump Shot,3PT Field Goal,Above the Break 3,Center(C),24+ ft.,27.0,83.0,257.0,1,0,20131111,PHI,SAS
Shot Chart Detail,0021300112,25,202323,Evan Turner,1610612755,Philadelphia 76ers,1,10,34,Made Shot,Pullup Jump shot,2PT Field Goal,Mid-Range,Center(C),8-16 ft.,14.0,-15.0,146.0,1,1,20131113,PHI,HOU
Shot Chart Detail,0021300112,27,202323,Evan Turner,1610612755,Philadelphia 76ers,1,9,52,Made Shot,Running Reverse Layup Shot,2PT Field Goal,Restricted Area,Center(C),Less Than 8 ft.,1.0,-13.0,0.0,1,1,20131113,PHI,HOU
Shot Chart Detail,0021300112,42,202323,Evan Turner,1610612755,Philadelphia 76ers,1,7,55,Missed Shot,Jump Shot,3PT Field Goal,Above the Break 3,Center(C),24+ ft.,26.0,-5.0,263.0,1,0,20131113,PHI,HOU
Shot Chart Detail,0021300112,45,202323,Evan Turner,1610612755,Philadelphia 76ers,1,7,23,Missed Shot,Jump Shot,3PT Field Goal,Right Corner 3,Right Side(R),24+ ft.,22.0,226.0,6.0,1,0,20131113,PHI,HOU
Shot Chart Detail,0021300112,78,202323,Evan Turner,1610612755,Philadelphia 76ers,1,3,40,Made Shot,Jump Shot,2PT Field Goal,Mid-Range,Left Side(L),16-24 ft.,16.0,-168.0,-5.0,1,1,20131113,PHI,HOU
Shot Chart Detail,0021300112,81,202323,Evan Turner,1610612755,Philadelphia 76ers,1,3,17,Made Shot,Layup Shot,2PT Field Goal,Restricted Area,Center(C),Less Than 8 ft.,1.0,1.0,12.0,1,1,20131113,PHI,HOU
Shot Chart Detail,0021300112,191,202323,Evan Turner,1610612755,Philadelphia 76ers,2,5,24,Made Shot,Pullup Jump shot,2PT Field Goal,Mid-Range,Left Side Center(LC),16-24 ft.,17.0,-65.0,162.0,1,1,20131113,PHI,HOU
Shot Chart Detail,0021300112,220,202323,Evan Turner,1610612755,Philadelphia 76ers,2,3,10,Missed Shot,Turnaround Jump Shot,2PT Field Goal,Mid-Range,Right Side(R),8-16 ft.,14.0,143.0,-6.0,1,0,20131113,PHI,HOU
Shot Chart Detail,0021300112,233,202323,Evan Turner,1610612755,Philadelphia 76ers,2,1,38,Made Shot,Pullup Jump shot,2PT Field Goal,Restricted Area,Center(C),Less Than 8 ft.,2.0,29.0,7.0,1,1,20131113,PHI,HOU
Shot Chart Detail,0021300112,270,202323,Evan Turner,1610612755,Philadelphia 76ers,2,0,4,Missed Shot,Jump Shot,2PT Field Goal,In The Paint (Non-RA),Center(C),8-16 ft.,9.0,-30.0,86.0,1,0,20131113,PHI,HOU
Shot Chart Detail,0021300112,301,202323,Evan Turner,1610612755,Philadelphia 76ers,3,11,2,Missed Shot,Jump Shot,2PT Field Goal,Mid-Range,Right Side Center(RC),16-24 ft.,18.0,144.0,108.0,1,0,20131113,PHI,HOU
Shot Chart Detail,0021300112,312,202323,Evan Turner,1610612755,Philadelphia 76ers,3,9,36,Made Shot,Jump Shot,2PT Field Goal,Mid-Range,Right Side(R),16-24 ft.,16.0,163.0,-3.0,1,1,20131113,PHI,HOU
Shot Chart Detail,0021300112,314,202323,Evan Turner,1610612755,Philadelphia 76ers,3,9,5,Missed Shot,Jump Shot,3PT Field Goal,Right Corner 3,Right Side(R),24+ ft.,23.0,230.0,-2.0,1,0,20131113,PHI,HOU
Shot Chart Detail,0021300112,381,202323,Evan Turner,1610612755,Philadelphia 76ers,3,2,40,Missed Shot,Jump Shot,2PT Field Goal,Mid-Range,Left Side Center(LC),16-24 ft.,16.0,-114.0,118.0,1,0,20131113,PHI,HOU
Shot Chart Detail,0021300112,385,202323,Evan Turner,1610612755,Philadelphia 76ers,3,2,19,Missed Shot,Layup Shot,2PT Field Goal,Restricted Area,Center(C),Less Than 8 ft.,2.0,-16.0,14.0,1,0,20131113,PHI,HOU
Shot Chart Detail,0021300112,429,202323,Evan Turner,1610612755,Philadelphia 76ers,4,11,1,Missed Shot,Jump Shot,2PT Field Goal,Mid-Range,Center(C),8-16 ft.,15.0,7.0,154.0,1,0,20131113,PHI,HOU
Shot Chart Detail,0021300112,431,202323,Evan Turner,1610612755,Philadelphia 76ers,4,10,52,Missed Shot,Layup Shot,2PT Field Goal,Restricted Area,Center(C),Less Than 8 ft.,2.0,-2.0,20.0,1,0,20131113,PHI,HOU
Shot Chart Detail,0021300112,446,202323,Evan Turner,1610612755,Philadelphia 76ers,4,9,0,Missed Shot,Jump Shot,2PT Field Goal,In The Paint (Non-RA),Center(C),Less Than 8 ft.,5.0,-56.0,1.0,1,0,20131113,PHI,HOU
Shot Chart Detail,0021300112,568,202323,Evan Turner,1610612755,Philadelphia 76ers,5,4,12,Made Shot,Driving Reverse Layup Shot,2PT Field Goal,Restricted Area,Center(C),Less Than 8 ft.,1.0,-10.0,9.0,1,1,20131113,PHI,HOU
Shot Chart Detail,0021300112,575,202323,Evan Turner,1610612755,Philadelphia 76ers,5,2,58,Missed Shot,Jump Shot,2PT Field Goal,Mid-Range,Right Side Center(RC),16-24 ft.,21.0,141.0,157.0,1,0,20131113,PHI,HOU
Shot Chart Detail,0021300112,593,202323,Evan Turner,1610612755,Philadelphia 76ers,5,2,10,Made Shot,Driving Layup Shot,2PT Field Goal,Restricted Area,Center(C),Less Than 8 ft.,2.0,-13.0,17.0,1,1,20131113,PHI,HOU
Shot Chart Detail,0021300112,595,202323,Evan Turner,1610612755,Philadelphia 76ers,5,1,34,Missed Shot,Jump Shot,3PT Field Goal,Above the Break 3,Left Side Center(LC),24+ ft.,25.0,-87.0,235.0,1,0,20131113,PHI,HOU
Shot Chart Detail,0021300112,606,202323,Evan Turner,1610612755,Philadelphia 76ers,5,0,34,Missed Shot,Layup Shot,2PT Field Goal,Restricted Area,Center(C),Less Than 8 ft.,2.0,-4.0,22.0,1,0,20131113,PHI,HOU
Shot Chart Detail,0021300127,22,202323,Evan Turner,1610612755,Philadelphia 76ers,1,8,43,Made Shot,Jump Shot,2PT Field Goal,Mid-Range,Left Side(L),16-24 ft.,20.0,-199.0,33.0,1,1,20131115,ATL,PHI
Shot Chart Detail,0021300127,47,202323,Evan Turner,1610612755,Philadelphia 76ers,1,6,35,Made Shot,Turnaround Jump Shot,2PT Field Goal,In The Paint (Non-RA),Center(C),8-16 ft.,10.0,-27.0,101.0,1,1,20131115,ATL,PHI
Shot Chart Detail,0021300127,67,202323,Evan Turner,1610612755,Philadelphia 76ers,1,4,47,Missed Shot,Jump Shot,2PT Field Goal,Mid-Range,Right Side Center(RC),16-24 ft.,18.0,108.0,151.0,1,0,20131115,ATL,PHI
Shot Chart Detail,0021300127,77,202323,Evan Turner,1610612755,Philadelphia 76ers,1,3,46,Missed Shot,Layup Shot,2PT Field Goal,Restricted Area,Center(C),Less Than 8 ft.,0.0,-7.0,0.0,1,0,20131115,ATL,PHI
Shot Chart Detail,0021300127,110,202323,Evan Turner,1610612755,Philadelphia 76ers,1,0,56,Missed Shot,Fadeaway Jump Shot,2PT Field Goal,Mid-Range,Right Side(R),16-24 ft.,17.0,173.0,25.0,1,0,20131115,ATL,PHI
Shot Chart Detail,0021300127,179,202323,Evan Turner,1610612755,Philadelphia 76ers,2,7,36,Made Shot,Turnaround Jump Shot,2PT Field Goal,In The Paint (Non-RA),Center(C),8-16 ft.,9.0,-18.0,96.0,1,1,20131115,ATL,PHI
Shot Chart Detail,0021300127,184,202323,Evan Turner,1610612755,Philadelphia 76ers,2,7,3,Made Shot,Fadeaway Jump Shot,2PT Field Goal,In The Paint (Non-RA),Center(C),8-16 ft.,11.0,-15.0,112.0,1,1,20131115,ATL,PHI
Shot Chart Detail,0021300127,216,202323,Evan Turner,1610612755,Philadelphia 76ers,2,4,25,Made Shot,Layup Shot,2PT Field Goal,Restricted Area,Center(C),Less Than 8 ft.,1.0,18.0,3.0,1,1,20131115,ATL,PHI
Shot Chart Detail,0021300127,222,202323,Evan Turner,1610612755,Philadelphia 76ers,2,3,55,Missed Shot,Turnaround Jump Shot,2PT Field Goal,Mid-Range,Right Side(R),8-16 ft.,14.0,140.0,-5.0,1,0,20131115,ATL,PHI
Shot Chart Detail,0021300127,278,202323,Evan Turner,1610612755,Philadelphia 76ers,3,11,26,Missed Shot,Jump Shot,2PT Field Goal,Mid-Range,Right Side(R),8-16 ft.,15.0,129.0,77.0,1,0,20131115,ATL,PHI
Shot Chart Detail,0021300127,308,202323,Evan Turner,1610612755,Philadelphia 76ers,3,8,50,Missed Shot,Driving Layup Shot,2PT Field Goal,Restricted Area,Center(C),Less Than 8 ft.,1.0,18.0,7.0,1,0,20131115,ATL,PHI
Shot Chart Detail,0021300127,365,202323,Evan Turner,1610612755,Philadelphia 76ers,3,4,40,Made Shot,Jump Shot,2PT Field Goal,Mid-Range,Right Side(R),16-24 ft.,18.0,182.0,-5.0,1,1,20131115,ATL,PHI
Shot Chart Detail,0021300127,393,202323,Evan Turner,1610612755,Philadelphia 76ers,3,3,14,Made Shot,Jump Shot,2PT Field Goal,Mid-Range,Left Side(L),8-16 ft.,14.0,-141.0,7.0,1,1,20131115,ATL,PHI
Shot Chart Detail,0021300127,395,202323,Evan Turner,1610612755,Philadelphia 76ers,3,2,33,Missed Shot,Jump Shot,3PT Field Goal,Above the Break 3,Left Side Center(LC),24+ ft.,25.0,-138.0,214.0,1,0,20131115,ATL,PHI
Shot Chart Detail,0021300127,497,202323,Evan Turner,1610612755,Philadelphia 76ers,4,5,21,Made Shot,Driving Jump shot,2PT Field Goal,Restricted Area,Center(C),Less Than 8 ft.,3.0,29.0,15.0,1,1,20131115,ATL,PHI
Shot Chart Detail,0021300127,505,202323,Evan Turner,1610612755,Philadelphia 76ers,4,4,49,Made Shot,Driving Reverse Layup Shot,2PT Field Goal,Restricted Area,Center(C),Less Than 8 ft.,0.0,-8.0,3.0,1,1,20131115,ATL,PHI
Shot Chart Detail,0021300127,524,202323,Evan Turner,1610612755,Philadelphia 76ers,4,3,53,Made Shot,Jump Shot,2PT Field Goal,Mid-Range,Center(C),16-24 ft.,17.0,-48.0,170.0,1,1,20131115,ATL,PHI
Shot Chart Detail,0021300127,526,202323,Evan Turner,1610612755,Philadelphia 76ers,4,3,16,Missed Shot,Driving Layup Shot,2PT Field Goal,Restricted Area,Center(C),Less Than 8 ft.,1.0,-16.0,1.0,1,0,20131115,ATL,PHI
Shot Chart Detail,0021300127,543,202323,Evan Turner,1610612755,Philadelphia 76ers,4,2,0,Missed Shot,Driving Layup Shot,2PT Field Goal,Restricted Area,Center(C),Less Than 8 ft.,1.0,-16.0,6.0,1,0,20131115,ATL,PHI
Shot Chart Detail,0021300143,65,202323,Evan Turner,1610612755,Philadelphia 76ers,1,6,43,Missed Shot,Jump Shot,2PT Field Goal,Mid-Range,Left Side(L),8-16 ft.,14.0,-125.0,75.0,1,0,20131116,NOP,PHI
Shot Chart Detail,0021300143,101,202323,Evan Turner,1610612755,Philadelphia 76ers,1,4,19,Missed Shot,Jump Shot,3PT Field Goal,Above the Break 3,Center(C),24+ ft.,26.0,21.0,260.0,1,0,20131116,NOP,PHI
Shot Chart Detail,0021300143,106,202323,Evan Turner,1610612755,Philadelphia 76ers,1,3,50,Missed Shot,Layup Shot,2PT Field Goal,Restricted Area,Center(C),Less Than 8 ft.,2.0,21.0,20.0,1,0,20131116,NOP,PHI
Shot Chart Detail,0021300143,113,202323,Evan Turner,1610612755,Philadelphia 76ers,1,3,11,Missed Shot,Jump Shot,3PT Field Goal,Above the Break 3,Left Side Center(LC),24+ ft.,36.0,-141.0,339.0,1,0,20131116,NOP,PHI
Shot Chart Detail,0021300143,123,202323,Evan Turner,1610612755,Philadelphia 76ers,1,2,4,Missed Shot,Layup Shot,2PT Field Goal,Restricted Area,Center(C),Less Than 8 ft.,1.0,-10.0,14.0,1,0,20131116,NOP,PHI
Shot Chart Detail,0021300143,243,202323,Evan Turner,1610612755,Philadelphia 76ers,2,5,3,Missed Shot,Jump Shot,2PT Field Goal,Mid-Range,Left Side(L),8-16 ft.,8.0,-85.0,25.0,1,0,20131116,NOP,PHI
Shot Chart Detail,0021300143,253,202323,Evan Turner,1610612755,Philadelphia 76ers,2,4,16,Made Shot,Fadeaway Jump Shot,2PT Field Goal,Mid-Range,Left Side(L),8-16 ft.,14.0,-123.0,67.0,1,1,20131116,NOP,PHI
Shot Chart Detail,0021300143,345,202323,Evan Turner,1610612755,Philadelphia 76ers,3,9,55,Made Shot,Layup Shot,2PT Field Goal,Restricted Area,Center(C),Less Than 8 ft.,2.0,-11.0,19.0,1,1,20131116,NOP,PHI
Shot Chart Detail,0021300143,379,202323,Evan Turner,1610612755,Philadelphia 76ers,3,6,30,Missed Shot,Jump Shot,2PT Field Goal,In The Paint (Non-RA),Center(C),8-16 ft.,8.0,-10.0,82.0,1,0,20131116,NOP,PHI
Shot Chart Detail,0021300143,400,202323,Evan Turner,1610612755,Philadelphia 76ers,3,5,18,Missed Shot,Jump Shot,2PT Field Goal,In The Paint (Non-RA),Center(C),Less Than 8 ft.,5.0,-45.0,33.0,1,0,20131116,NOP,PHI
Shot Chart Detail,0021300143,406,202323,Evan Turner,1610612755,Philadelphia 76ers,3,4,25,Missed Shot,Jump Shot,2PT Field Goal,Restricted Area,Center(C),Less Than 8 ft.,3.0,18.0,30.0,1,0,20131116,NOP,PHI
Shot Chart Detail,0021300153,10,202323,Evan Turner,1610612755,Philadelphia 76ers,1,10,41,Missed Shot,Pullup Jump shot,2PT Field Goal,Mid-Range,Left Side(L),8-16 ft.,13.0,-127.0,36.0,1,0,20131118,DAL,PHI
Shot Chart Detail,0021300153,29,202323,Evan Turner,1610612755,Philadelphia 76ers,1,9,10,Made Shot,Jump Shot,2PT Field Goal,Mid-Range,Center(C),16-24 ft.,18.0,29.0,181.0,1,1,20131118,DAL,PHI
Shot Chart Detail,0021300153,91,202323,Evan Turner,1610612755,Philadelphia 76ers,1,3,29,Missed Shot,Jump Shot,3PT Field Goal,Left Corner 3,Left Side(L),24+ ft.,22.0,-224.0,28.0,1,0,20131118,DAL,PHI
Shot Chart Detail,0021300153,93,202323,Evan Turner,1610612755,Philadelphia 76ers,1,3,25,Made Shot,Jump Shot,3PT Field Goal,Left Corner 3,Left Side(L),24+ ft.,22.0,-228.0,30.0,1,1,20131118,DAL,PHI
Shot Chart Detail,0021300153,110,202323,Evan Turner,1610612755,Philadelphia 76ers,1,2,3,Made Shot,Driving Layup Shot,2PT Field Goal,Restricted Area,Center(C),Less Than 8 ft.,1.0,13.0,14.0,1,1,20131118,DAL,PHI
Shot Chart Detail,0021300153,124,202323,Evan Turner,1610612755,Philadelphia 76ers,1,0,53,Missed Shot,Fadeaway Jump Shot,2PT Field Goal,In The Paint (Non-RA),Center(C),8-16 ft.,14.0,64.0,129.0,1,0,20131118,DAL,PHI
Shot Chart Detail,0021300153,175,202323,Evan Turner,1610612755,Philadelphia 76ers,2,8,27,Made Shot,Jump Shot,3PT Field Goal,Left Corner 3,Left Side(L),24+ ft.,22.0,-223.0,39.0,1,1,20131118,DAL,PHI
Shot Chart Detail,0021300153,183,202323,Evan Turner,1610612755,Philadelphia 76ers,2,7,49,Made Shot,Driving Reverse Layup Shot,2PT Field Goal,Restricted Area,Center(C),Less Than 8 ft.,1.0,-5.0,15.0,1,1,20131118,DAL,PHI
Shot Chart Detail,0021300153,186,202323,Evan Turner,1610612755,Philadelphia 76ers,2,7,14,Missed Shot,Jump Shot,2PT Field Goal,Mid-Range,Right Side Center(RC),16-24 ft.,20.0,92.0,183.0,1,0,20131118,DAL,PHI
Shot Chart Detail,0021300153,285,202323,Evan Turner,1610612755,Philadelphia 76ers,3,11,32,Made Shot,Running Jump Shot,2PT Field Goal,In The Paint (Non-RA),Left Side(L),8-16 ft.,10.0,-73.0,80.0,1,1,20131118,DAL,PHI
Shot Chart Detail,0021300153,287,202323,Evan Turner,1610612755,Philadelphia 76ers,3,10,59,Missed Shot,Jump Shot,2PT Field Goal,In The Paint (Non-RA),Center(C),Less Than 8 ft.,6.0,42.0,52.0,1,0,20131118,DAL,PHI
Shot Chart Detail,0021300153,315,202323,Evan Turner,1610612755,Philadelphia 76ers,3,8,56,Made Shot,Running Slam Dunk Shot,2PT Field Goal,Restricted Area,Center(C),Less Than 8 ft.,1.0,-10.0,12.0,1,1,20131118,DAL,PHI
Shot Chart Detail,0021300153,347,202323,Evan Turner,1610612755,Philadelphia 76ers,3,5,0,Made Shot,Jump Shot,2PT Field Goal,Mid-Range,Left Side Center(LC),16-24 ft.,18.0,-108.0,151.0,1,1,20131118,DAL,PHI
Shot Chart Detail,0021300153,369,202323,Evan Turner,1610612755,Philadelphia 76ers,3,3,53,Made Shot,Running Layup Shot,2PT Field Goal,Restricted Area,Center(C),Less Than 8 ft.,1.0,-4.0,19.0,1,1,20131118,DAL,PHI
Shot Chart Detail,0021300153,404,202323,Evan Turner,1610612755,Philadelphia 76ers,3,1,56,Missed Shot,Jump Shot,3PT Field Goal,Above the Break 3,Left Side Center(LC),24+ ft.,25.0,-215.0,131.0,1,0,20131118,DAL,PHI
Shot Chart Detail,0021300153,445,202323,Evan Turner,1610612755,Philadelphia 76ers,4,10,25,Missed Shot,Jump Shot,2PT Field Goal,Mid-Range,Right Side(R),8-16 ft.,13.0,133.0,31.0,1,0,20131118,DAL,PHI
Shot Chart Detail,0021300153,451,202323,Evan Turner,1610612755,Philadelphia 76ers,4,9,24,Missed Shot,Jump Shot,2PT Field Goal,In The Paint (Non-RA),Right Side(R),8-16 ft.,10.0,56.0,85.0,1,0,20131118,DAL,PHI
Shot Chart Detail,0021300153,472,202323,Evan Turner,1610612755,Philadelphia 76ers,4,7,53,Missed Shot,Driving Layup Shot,2PT Field Goal,Restricted Area,Center(C),Less Than 8 ft.,2.0,21.0,20.0,1,0,20131118,DAL,PHI
Shot Chart Detail,0021300153,500,202323,Evan Turner,1610612755,Philadelphia 76ers,4,5,55,Missed Shot,Jump Shot,2PT Field Goal,Mid-Range,Center(C),16-24 ft.,18.0,-27.0,183.0,1,0,20131118,DAL,PHI
Shot Chart Detail,0021300153,533,202323,Evan Turner,1610612755,Philadelphia 76ers,4,3,15,Missed Shot,Jump Shot,2PT Field Goal,In The Paint (Non-RA),Center(C),8-16 ft.,8.0,-11.0,80.0,1,0,20131118,DAL,PHI
Shot Chart Detail,0021300153,539,202323,Evan Turner,1610612755,Philadelphia 76ers,4,2,48,Missed Shot,Jump Shot,2PT Field Goal,In The Paint (Non-RA),Center(C),Less Than 8 ft.,4.0,39.0,12.0,1,0,20131118,DAL,PHI
Shot Chart Detail,0021300153,568,202323,Evan Turner,1610612755,Philadelphia 76ers,4,0,32,Made Shot,Layup Shot,2PT Field Goal,Restricted Area,Center(C),Less Than 8 ft.,2.0,15.0,22.0,1,1,20131118,DAL,PHI
Shot Chart Detail,0021300165,9,202323,Evan Turner,1610612755,Philadelphia 76ers,1,10,37,Missed Shot,Jump Shot,3PT Field Goal,Left Corner 3,Left Side(L),24+ ft.,22.0,-229.0,-17.0,1,0,20131120,PHI,TOR
Shot Chart Detail,0021300165,29,202323,Evan Turner,1610612755,Philadelphia 76ers,1,8,57,Missed Shot,Jump Shot,2PT Field Goal,Mid-Range,Left Side(L),8-16 ft.,15.0,-152.0,41.0,1,0,20131120,PHI,TOR
Shot Chart Detail,0021300165,62,202323,Evan Turner,1610612755,Philadelphia 76ers,1,5,36,Missed Shot,Jump Shot,2PT Field Goal,Mid-Range,Center(C),8-16 ft.,15.0,-4.0,153.0,1,0,20131120,PHI,TOR
Shot Chart Detail,0021300165,75,202323,Evan Turner,1610612755,Philadelphia 76ers,1,4,7,Made Shot,Jump Shot,2PT Field Goal,In The Paint (Non-RA),Right Side(R),8-16 ft.,13.0,70.0,115.0,1,1,20131120,PHI,TOR
Shot Chart Detail,0021300165,106,202323,Evan Turner,1610612755,Philadelphia 76ers,1,0,26,Made Shot,Layup Shot,2PT Field Goal,Restricted Area,Center(C),Less Than 8 ft.,1.0,0.0,17.0,1,1,20131120,PHI,TOR
Shot Chart Detail,0021300165,233,202323,Evan Turner,1610612755,Philadelphia 76ers,2,2,50,Missed Shot,Jump Shot,3PT Field Goal,Left Corner 3,Left Side(L),24+ ft.,23.0,-235.0,-16.0,1,0,20131120,PHI,TOR
Shot Chart Detail,0021300165,241,202323,Evan Turner,1610612755,Philadelphia 76ers,2,2,39,Missed Shot,Jump Shot,2PT Field Goal,In The Paint (Non-RA),Center(C),Less Than 8 ft.,4.0,-4.0,46.0,1,0,20131120,PHI,TOR
Shot Chart Detail,0021300165,236,202323,Evan Turner,1610612755,Philadelphia 76ers,2,2,22,Missed Shot,Layup Shot,2PT Field Goal,Restricted Area,Center(C),Less Than 8 ft.,1.0,-11.0,7.0,1,0,20131120,PHI,TOR
Shot Chart Detail,0021300165,264,202323,Evan Turner,1610612755,Philadelphia 76ers,2,1,48,Missed Shot,Jump Shot,2PT Field Goal,Mid-Range,Right Side Center(RC),16-24 ft.,17.0,111.0,138.0,1,0,20131120,PHI,TOR
Shot Chart Detail,0021300165,284,202323,Evan Turner,1610612755,Philadelphia 76ers,2,0,49,Made Shot,Floating Jump shot,2PT Field Goal,Mid-Range,Left Side(L),8-16 ft.,9.0,-81.0,56.0,1,1,20131120,PHI,TOR
Shot Chart Detail,0021300165,287,202323,Evan Turner,1610612755,Philadelphia 76ers,2,0,25,Missed Shot,Jump Shot,2PT Field Goal,In The Paint (Non-RA),Center(C),8-16 ft.,9.0,40.0,86.0,1,0,20131120,PHI,TOR
Shot Chart Detail,0021300165,310,202323,Evan Turner,1610612755,Philadelphia 76ers,3,9,49,Missed Shot,Jump Shot,2PT Field Goal,Restricted Area,Center(C),Less Than 8 ft.,3.0,29.0,23.0,1,0,20131120,PHI,TOR
Shot Chart Detail,0021300165,342,202323,Evan Turner,1610612755,Philadelphia 76ers,3,6,33,Made Shot,Reverse Layup Shot,2PT Field Goal,Restricted Area,Center(C),Less Than 8 ft.,1.0,-13.0,-5.0,1,1,20131120,PHI,TOR
Shot Chart Detail,0021300177,26,202323,Evan Turner,1610612755,Philadelphia 76ers,1,8,48,Missed Shot,Jump Shot,2PT Field Goal,Mid-Range,Left Side(L),16-24 ft.,17.0,-157.0,78.0,1,0,20131122,PHI,MIL
Shot Chart Detail,0021300177,56,202323,Evan Turner,1610612755,Philadelphia 76ers,1,6,9,Made Shot,Dunk Shot,2PT Field Goal,Restricted Area,Center(C),Less Than 8 ft.,1.0,-7.0,11.0,1,1,20131122,PHI,MIL
Shot Chart Detail,0021300177,70,202323,Evan Turner,1610612755,Philadelphia 76ers,1,4,24,Missed Shot,Layup Shot,2PT Field Goal,Restricted Area,Center(C),Less Than 8 ft.,2.0,23.0,9.0,1,0,20131122,PHI,MIL
Shot Chart Detail,0021300177,77,202323,Evan Turner,1610612755,Philadelphia 76ers,1,4,8,Missed Shot,Layup Shot,2PT Field Goal,Restricted Area,Center(C),Less Than 8 ft.,2.0,-15.0,22.0,1,0,20131122,PHI,MIL
Shot Chart Detail,0021300177,88,202323,Evan Turner,1610612755,Philadelphia 76ers,1,3,1,Missed Shot,Jump Shot,3PT Field Goal,Above the Break 3,Left Side Center(LC),24+ ft.,24.0,-155.0,194.0,1,0,20131122,PHI,MIL
Shot Chart Detail,0021300177,249,202323,Evan Turner,1610612755,Philadelphia 76ers,2,1,0,Made Shot,Dunk Shot,2PT Field Goal,Restricted Area,Center(C),Less Than 8 ft.,0.0,1.0,9.0,1,1,20131122,PHI,MIL
Shot Chart Detail,0021300177,271,202323,Evan Turner,1610612755,Philadelphia 76ers,3,11,48,Made Shot,Jump Shot,2PT Field Goal,Mid-Range,Right Side(R),8-16 ft.,15.0,159.0,4.0,1,1,20131122,PHI,MIL
Shot Chart Detail,0021300177,300,202323,Evan Turner,1610612755,Philadelphia 76ers,3,8,5,Made Shot,Jump Shot,2PT Field Goal,Mid-Range,Left Side(L),8-16 ft.,15.0,-153.0,37.0,1,1,20131122,PHI,MIL
Shot Chart Detail,0021300177,314,202323,Evan Turner,1610612755,Philadelphia 76ers,3,7,8,Missed Shot,Layup Shot,2PT Field Goal,Restricted Area,Center(C),Less Than 8 ft.,2.0,10.0,28.0,1,0,20131122,PHI,MIL
Shot Chart Detail,0021300177,323,202323,Evan Turner,1610612755,Philadelphia 76ers,3,6,16,Missed Shot,Jump Shot,2PT Field Goal,In The Paint (Non-RA),Left Side(L),8-16 ft.,11.0,-60.0,99.0,1,0,20131122,PHI,MIL
Shot Chart Detail,0021300177,471,202323,Evan Turner,1610612755,Philadelphia 76ers,4,6,11,Missed Shot,Jump Shot,2PT Field Goal,Mid-Range,Left Side Center(LC),16-24 ft.,20.0,-152.0,132.0,1,0,20131122,PHI,MIL
Shot Chart Detail,0021300177,514,202323,Evan Turner,1610612755,Philadelphia 76ers,4,2,59,Made Shot,Layup Shot,2PT Field Goal,Restricted Area,Center(C),Less Than 8 ft.,2.0,18.0,11.0,1,1,20131122,PHI,MIL
Shot Chart Detail,0021300177,541,202323,Evan Turner,1610612755,Philadelphia 76ers,4,0,4,Made Shot,Driving Layup Shot,2PT Field Goal,Restricted Area,Center(C),Less Than 8 ft.,1.0,-10.0,-2.0,1,1,20131122,PHI,MIL
Shot Chart Detail,0021300177,565,202323,Evan Turner,1610612755,Philadelphia 76ers,5,4,44,Made Shot,Layup Shot,2PT Field Goal,Restricted Area,Center(C),Less Than 8 ft.,1.0,-15.0,7.0,1,1,20131122,PHI,MIL
Shot Chart Detail,0021300177,568,202323,Evan Turner,1610612755,Philadelphia 76ers,5,3,58,Made Shot,Pullup Jump shot,2PT Field Goal,Mid-Range,Right Side(R),16-24 ft.,17.0,143.0,93.0,1,1,20131122,PHI,MIL
Shot Chart Detail,0021300177,571,202323,Evan Turner,1610612755,Philadelphia 76ers,5,3,22,Missed Shot,Jump Shot,2PT Field Goal,Mid-Range,Left Side(L),8-16 ft.,14.0,-142.0,39.0,1,0,20131122,PHI,MIL
Shot Chart Detail,0021300177,582,202323,Evan Turner,1610612755,Philadelphia 76ers,5,2,27,Made Shot,Pullup Jump shot,2PT Field Goal,In The Paint (Non-RA),Center(C),Less Than 8 ft.,7.0,67.0,26.0,1,1,20131122,PHI,MIL
Shot Chart Detail,0021300177,592,202323,Evan Turner,1610612755,Philadelphia 76ers,5,1,18,Made Shot,Pullup Jump shot,2PT Field Goal,Mid-Range,Right Side Center(RC),16-24 ft.,18.0,125.0,140.0,1,1,20131122,PHI,MIL
Shot Chart Detail,0021300188,18,202323,Evan Turner,1610612755,Philadelphia 76ers,1,9,29,Missed Shot,Jump Shot,2PT Field Goal,In The Paint (Non-RA),Center(C),8-16 ft.,11.0,6.0,113.0,1,0,20131123,IND,PHI
Shot Chart Detail,0021300188,43,202323,Evan Turner,1610612755,Philadelphia 76ers,1,8,3,Missed Shot,Jump Shot,2PT Field Goal,Mid-Range,Center(C),16-24 ft.,19.0,31.0,197.0,1,0,20131123,IND,PHI
Shot Chart Detail,0021300188,49,202323,Evan Turner,1610612755,Philadelphia 76ers,1,7,8,Made Shot,Jump Shot,2PT Field Goal,Mid-Range,Right Side Center(RC),16-24 ft.,16.0,110.0,121.0,1,1,20131123,IND,PHI
Shot Chart Detail,0021300188,61,202323,Evan Turner,1610612755,Philadelphia 76ers,1,6,20,Missed Shot,Jump Shot,3PT Field Goal,Right Corner 3,Right Side(R),24+ ft.,23.0,231.0,-3.0,1,0,20131123,IND,PHI
Shot Chart Detail,0021300188,77,202323,Evan Turner,1610612755,Philadelphia 76ers,1,5,9,Missed Shot,Jump Shot,2PT Field Goal,Mid-Range,Center(C),16-24 ft.,16.0,36.0,162.0,1,0,20131123,IND,PHI
Shot Chart Detail,0021300188,93,202323,Evan Turner,1610612755,Philadelphia 76ers,1,4,22,Made Shot,Jump Shot,2PT Field Goal,Mid-Range,Right Side(R),8-16 ft.,11.0,105.0,34.0,1,1,20131123,IND,PHI
Shot Chart Detail,0021300188,102,202323,Evan Turner,1610612755,Philadelphia 76ers,1,3,23,Made Shot,Layup Shot,2PT Field Goal,Restricted Area,Center(C),Less Than 8 ft.,1.0,15.0,3.0,1,1,20131123,IND,PHI
Shot Chart Detail,0021300188,205,202323,Evan Turner,1610612755,Philadelphia 76ers,2,7,23,Made Shot,Pullup Jump shot,2PT Field Goal,Mid-Range,Center(C),16-24 ft.,20.0,2.0,205.0,1,1,20131123,IND,PHI
Shot Chart Detail,0021300188,235,202323,Evan Turner,1610612755,Philadelphia 76ers,2,5,27,Missed Shot,Jump Shot,2PT Field Goal,Mid-Range,Left Side(L),8-16 ft.,8.0,-86.0,20.0,1,0,20131123,IND,PHI
Shot Chart Detail,0021300188,289,202323,Evan Turner,1610612755,Philadelphia 76ers,2,2,37,Made Shot,Layup Shot,2PT Field Goal,Restricted Area,Center(C),Less Than 8 ft.,1.0,-19.0,3.0,1,1,20131123,IND,PHI
Shot Chart Detail,0021300188,295,202323,Evan Turner,1610612755,Philadelphia 76ers,2,1,20,Missed Shot,Layup Shot,2PT Field Goal,Restricted Area,Center(C),Less Than 8 ft.,0.0,0.0,3.0,1,0,20131123,IND,PHI
Shot Chart Detail,0021300188,301,202323,Evan Turner,1610612755,Philadelphia 76ers,2,0,45,Missed Shot,Jump Shot,2PT Field Goal,Mid-Range,Left Side Center(LC),16-24 ft.,17.0,-112.0,135.0,1,0,20131123,IND,PHI
Shot Chart Detail,0021300188,329,202323,Evan Turner,1610612755,Philadelphia 76ers,3,10,17,Missed Shot,Jump Shot,2PT Field Goal,Mid-Range,Right Side(R),8-16 ft.,9.0,99.0,9.0,1,0,20131123,IND,PHI
Shot Chart Detail,0021300188,333,202323,Evan Turner,1610612755,Philadelphia 76ers,3,9,43,Made Shot,Jump Shot,2PT Field Goal,Mid-Range,Right Side(R),8-16 ft.,15.0,155.0,-2.0,1,1,20131123,IND,PHI
Shot Chart Detail,0021300188,351,202323,Evan Turner,1610612755,Philadelphia 76ers,3,8,8,Missed Shot,Jump Shot,3PT Field Goal,Above the Break 3,Center(C),24+ ft.,25.0,-56.0,246.0,1,0,20131123,IND,PHI
Shot Chart Detail,0021300188,362,202323,Evan Turner,1610612755,Philadelphia 76ers,3,7,14,Missed Shot,Jump Shot,2PT Field Goal,Mid-Range,Left Side Center(LC),16-24 ft.,19.0,-67.0,187.0,1,0,20131123,IND,PHI
Shot Chart Detail,0021300188,367,202323,Evan Turner,1610612755,Philadelphia 76ers,3,6,54,Made Shot,Putback Dunk Shot,2PT Field Goal,Restricted Area,Center(C),Less Than 8 ft.,0.0,1.0,0.0,1,1,20131123,IND,PHI
Shot Chart Detail,0021300188,410,202323,Evan Turner,1610612755,Philadelphia 76ers,3,3,22,Made Shot,Dunk Shot,2PT Field Goal,Restricted Area,Center(C),Less Than 8 ft.,1.0,12.0,7.0,1,1,20131123,IND,PHI
Shot Chart Detail,0021300188,489,202323,Evan Turner,1610612755,Philadelphia 76ers,4,7,58,Missed Shot,Jump Shot,3PT Field Goal,Above the Break 3,Right Side Center(RC),24+ ft.,25.0,179.0,186.0,1,0,20131123,IND,PHI
Shot Chart Detail,0021300188,499,202323,Evan Turner,1610612755,Philadelphia 76ers,4,7,10,Missed Shot,Jump Shot,2PT Field Goal,Mid-Range,Right Side(R),8-16 ft.,13.0,122.0,50.0,1,0,20131123,IND,PHI
Shot Chart Detail,0021300188,518,202323,Evan Turner,1610612755,Philadelphia 76ers,4,5,58,Missed Shot,Jump Shot,2PT Field Goal,Mid-Range,Right Side Center(RC),16-24 ft.,17.0,69.0,156.0,1,0,20131123,IND,PHI
Shot Chart Detail,0021300188,543,202323,Evan Turner,1610612755,Philadelphia 76ers,4,4,38,Missed Shot,Jump Shot,3PT Field Goal,Above the Break 3,Right Side Center(RC),24+ ft.,26.0,127.0,227.0,1,0,20131123,IND,PHI
Shot Chart Detail,0021300188,548,202323,Evan Turner,1610612755,Philadelphia 76ers,4,4,6,Missed Shot,Jump Shot,2PT Field Goal,Mid-Range,Right Side(R),8-16 ft.,11.0,119.0,3.0,1,0,20131123,IND,PHI
Shot Chart Detail,0021300188,557,202323,Evan Turner,1610612755,Philadelphia 76ers,4,3,29,Missed Shot,Layup Shot,2PT Field Goal,Restricted Area,Center(C),Less Than 8 ft.,1.0,15.0,6.0,1,0,20131123,IND,PHI
Shot Chart Detail,0021300188,591,202323,Evan Turner,1610612755,Philadelphia 76ers,4,1,22,Missed Shot,Jump Shot,2PT Field Goal,Restricted Area,Center(C),Less Than 8 ft.,3.0,23.0,22.0,1,0,20131123,IND,PHI
Shot Chart Detail,0021300188,615,202323,Evan Turner,1610612755,Philadelphia 76ers,4,0,17,Missed Shot,Layup Shot,2PT Field Goal,Restricted Area,Center(C),Less Than 8 ft.,2.0,20.0,-2.0,1,0,20131123,IND,PHI
Shot Chart Detail,0021300216,7,202323,Evan Turner,1610612755,Philadelphia 76ers,1,10,40,Missed Shot,Jump Shot,2PT Field Goal,Mid-Range,Center(C),16-24 ft.,16.0,2.0,165.0,1,0,20131127,ORL,PHI
Shot Chart Detail,0021300216,17,202323,Evan Turner,1610612755,Philadelphia 76ers,1,9,16,Missed Shot,Jump Shot,3PT Field Goal,Above the Break 3,Left Side Center(LC),24+ ft.,25.0,-187.0,176.0,1,0,20131127,ORL,PHI
Shot Chart Detail,0021300216,60,202323,Evan Turner,1610612755,Philadelphia 76ers,1,5,44,Made Shot,Jump Shot,3PT Field Goal,Left Corner 3,Left Side(L),24+ ft.,23.0,-232.0,12.0,1,1,20131127,ORL,PHI
Shot Chart Detail,0021300216,65,202323,Evan Turner,1610612755,Philadelphia 76ers,1,5,24,Made Shot,Driving Layup Shot,2PT Field Goal,Restricted Area,Center(C),Less Than 8 ft.,1.0,13.0,7.0,1,1,20131127,ORL,PHI
Shot Chart Detail,0021300216,121,202323,Evan Turner,1610612755,Philadelphia 76ers,1,0,40,Missed Shot,Jump Shot,3PT Field Goal,Above the Break 3,Center(C),24+ ft.,25.0,-37.0,252.0,1,0,20131127,ORL,PHI
Shot Chart Detail,0021300216,124,202323,Evan Turner,1610612755,Philadelphia 76ers,1,0,2,Made Shot,Pullup Jump shot,2PT Field Goal,Mid-Range,Left Side Center(LC),16-24 ft.,18.0,-78.0,173.0,1,1,20131127,ORL,PHI
Shot Chart Detail,0021300216,131,202323,Evan Turner,1610612755,Philadelphia 76ers,2,11,37,Made Shot,Jump Shot,2PT Field Goal,Mid-Range,Right Side Center(RC),16-24 ft.,19.0,88.0,178.0,1,1,20131127,ORL,PHI
Shot Chart Detail,0021300216,142,202323,Evan Turner,1610612755,Philadelphia 76ers,2,10,11,Missed Shot,Jump Shot,2PT Field Goal,Mid-Range,Center(C),16-24 ft.,18.0,-45.0,179.0,1,0,20131127,ORL,PHI
Shot Chart Detail,0021300216,213,202323,Evan Turner,1610612755,Philadelphia 76ers,2,4,22,Missed Shot,Jump Shot,2PT Field Goal,Mid-Range,Right Side(R),16-24 ft.,17.0,168.0,61.0,1,0,20131127,ORL,PHI
Shot Chart Detail,0021300216,297,202323,Evan Turner,1610612755,Philadelphia 76ers,3,7,12,Made Shot,Jump Shot,2PT Field Goal,Mid-Range,Left Side(L),8-16 ft.,13.0,-134.0,30.0,1,1,20131127,ORL,PHI
Shot Chart Detail,0021300216,358,202323,Evan Turner,1610612755,Philadelphia 76ers,3,0,2,Missed Shot,Pullup Jump shot,2PT Field Goal,Mid-Range,Left Side Center(LC),16-24 ft.,17.0,-123.0,118.0,1,0,20131127,ORL,PHI
Shot Chart Detail,0021300216,366,202323,Evan Turner,1610612755,Philadelphia 76ers,4,11,38,Made Shot,Jump Shot,2PT Field Goal,In The Paint (Non-RA),Right Side(R),8-16 ft.,8.0,62.0,61.0,1,1,20131127,ORL,PHI
Shot Chart Detail,0021300216,423,202323,Evan Turner,1610612755,Philadelphia 76ers,4,6,36,Made Shot,Step Back Jump shot,2PT Field Goal,In The Paint (Non-RA),Right Side(R),8-16 ft.,12.0,73.0,102.0,1,1,20131127,ORL,PHI
Shot Chart Detail,0021300216,518,202323,Evan Turner,1610612755,Philadelphia 76ers,4,0,7,Missed Shot,Jump Shot,3PT Field Goal,Left Corner 3,Left Side(L),24+ ft.,23.0,-229.0,30.0,1,0,20131127,ORL,PHI
Shot Chart Detail,0021300237,27,202323,Evan Turner,1610612755,Philadelphia 76ers,1,9,9,Made Shot,Jump Shot,3PT Field Goal,Above the Break 3,Right Side Center(RC),24+ ft.,25.0,140.0,213.0,1,1,20131129,PHI,NOP
Shot Chart Detail,0021300237,49,202323,Evan Turner,1610612755,Philadelphia 76ers,1,7,6,Missed Shot,Jump Shot,2PT Field Goal,Mid-Range,Right Side Center(RC),16-24 ft.,19.0,113.0,162.0,1,0,20131129,PHI,NOP
Shot Chart Detail,0021300237,94,202323,Evan Turner,1610612755,Philadelphia 76ers,1,2,56,Made Shot,Jump Shot,3PT Field Goal,Above the Break 3,Right Side Center(RC),24+ ft.,25.0,196.0,168.0,1,1,20131129,PHI,NOP
Shot Chart Detail,0021300237,98,202323,Evan Turner,1610612755,Philadelphia 76ers,1,2,22,Missed Shot,Jump Shot,2PT Field Goal,Mid-Range,Right Side(R),8-16 ft.,15.0,141.0,52.0,1,0,20131129,PHI,NOP
Shot Chart Detail,0021300237,171,202323,Evan Turner,1610612755,Philadelphia 76ers,2,9,4,Made Shot,Jump Shot,3PT Field Goal,Above the Break 3,Left Side Center(LC),24+ ft.,25.0,-180.0,186.0,1,1,20131129,PHI,NOP
Shot Chart Detail,0021300237,178,202323,Evan Turner,1610612755,Philadelphia 76ers,2,8,19,Missed Shot,Jump Shot,2PT Field Goal,Mid-Range,Left Side(L),8-16 ft.,11.0,-114.0,-14.0,1,0,20131129,PHI,NOP
Shot Chart Detail,0021300237,206,202323,Evan Turner,1610612755,Philadelphia 76ers,2,5,12,Made Shot,Turnaround Jump Shot,2PT Field Goal,Mid-Range,Left Side(L),8-16 ft.,14.0,-149.0,-16.0,1,1,20131129,PHI,NOP
Shot Chart Detail,0021300237,209,202323,Evan Turner,1610612755,Philadelphia 76ers,2,4,51,Missed Shot,Layup Shot,2PT Field Goal,Restricted Area,Center(C),Less Than 8 ft.,1.0,17.0,0.0,1,0,20131129,PHI,NOP
Shot Chart Detail,0021300237,265,202323,Evan Turner,1610612755,Philadelphia 76ers,3,11,37,Made Shot,Driving Layup Shot,2PT Field Goal,Restricted Area,Center(C),Less Than 8 ft.,0.0,4.0,3.0,1,1,20131129,PHI,NOP
Shot Chart Detail,0021300237,282,202323,Evan Turner,1610612755,Philadelphia 76ers,3,10,9,Made Shot,Pullup Jump shot,2PT Field Goal,Mid-Range,Right Side(R),8-16 ft.,14.0,124.0,74.0,1,1,20131129,PHI,NOP
Shot Chart Detail,0021300237,351,202323,Evan Turner,1610612755,Philadelphia 76ers,3,4,17,Missed Shot,Jump Shot,2PT Field Goal,Restricted Area,Center(C),Less Than 8 ft.,3.0,0.0,30.0,1,0,20131129,PHI,NOP
Shot Chart Detail,0021300237,366,202323,Evan Turner,1610612755,Philadelphia 76ers,3,3,36,Missed Shot,Jump Shot,2PT Field Goal,In The Paint (Non-RA),Center(C),8-16 ft.,12.0,-56.0,116.0,1,0,20131129,PHI,NOP
Shot Chart Detail,0021300237,379,202323,Evan Turner,1610612755,Philadelphia 76ers,3,1,55,Made Shot,Running Jump Shot,2PT Field Goal,Mid-Range,Right Side(R),8-16 ft.,10.0,106.0,-17.0,1,1,20131129,PHI,NOP
Shot Chart Detail,0021300237,517,202323,Evan Turner,1610612755,Philadelphia 76ers,4,2,44,Made Shot,Jump Shot,2PT Field Goal,Mid-Range,Right Side Center(RC),16-24 ft.,18.0,62.0,178.0,1,1,20131129,PHI,NOP
Shot Chart Detail,0021300237,534,202323,Evan Turner,1610612755,Philadelphia 76ers,4,1,4,Made Shot,Floating Jump shot,2PT Field Goal,In The Paint (Non-RA),Right Side(R),8-16 ft.,9.0,72.0,63.0,1,1,20131129,PHI,NOP
Shot Chart Detail,0021300250,19,202323,Evan Turner,1610612755,Philadelphia 76ers,1,9,54,Made Shot,Reverse Layup Shot,2PT Field Goal,Restricted Area,Center(C),Less Than 8 ft.,0.0,1.0,3.0,1,1,20131201,DET,PHI
Shot Chart Detail,0021300250,31,202323,Evan Turner,1610612755,Philadelphia 76ers,1,7,59,Missed Shot,Jump Shot,2PT Field Goal,In The Paint (Non-RA),Center(C),Less Than 8 ft.,7.0,-76.0,11.0,1,0,20131201,DET,PHI
Shot Chart Detail,0021300250,62,202323,Evan Turner,1610612755,Philadelphia 76ers,1,4,37,Missed Shot,Jump Shot,3PT Field Goal,Right Corner 3,Right Side(R),24+ ft.,24.0,241.0,26.0,1,0,20131201,DET,PHI
Shot Chart Detail,0021300250,154,202323,Evan Turner,1610612755,Philadelphia 76ers,2,8,53,Made Shot,Reverse Layup Shot,2PT Field Goal,Restricted Area,Center(C),Less Than 8 ft.,0.0,0.0,1.0,1,1,20131201,DET,PHI
Shot Chart Detail,0021300250,167,202323,Evan Turner,1610612755,Philadelphia 76ers,2,7,50,Made Shot,Pullup Jump shot,2PT Field Goal,Mid-Range,Left Side(L),16-24 ft.,18.0,-155.0,94.0,1,1,20131201,DET,PHI
Shot Chart Detail,0021300250,188,202323,Evan Turner,1610612755,Philadelphia 76ers,2,5,37,Missed Shot,Driving Layup Shot,2PT Field Goal,Restricted Area,Center(C),Less Than 8 ft.,1.0,6.0,9.0,1,0,20131201,DET,PHI
Shot Chart Detail,0021300250,333,202323,Evan Turner,1610612755,Philadelphia 76ers,3,7,10,Missed Shot,Layup Shot,2PT Field Goal,Restricted Area,Center(C),Less Than 8 ft.,2.0,24.0,6.0,1,0,20131201,DET,PHI
Shot Chart Detail,0021300250,360,202323,Evan Turner,1610612755,Philadelphia 76ers,3,5,53,Made Shot,Layup Shot,2PT Field Goal,Restricted Area,Center(C),Less Than 8 ft.,0.0,-2.0,-2.0,1,1,20131201,DET,PHI
Shot Chart Detail,0021300250,408,202323,Evan Turner,1610612755,Philadelphia 76ers,3,3,39,Made Shot,Jump Shot,2PT Field Goal,In The Paint (Non-RA),Right Side(R),8-16 ft.,8.0,80.0,34.0,1,1,20131201,DET,PHI
Shot Chart Detail,0021300250,449,202323,Evan Turner,1610612755,Philadelphia 76ers,3,1,2,Made Shot,Jump Shot,3PT Field Goal,Right Corner 3,Right Side(R),24+ ft.,25.0,239.0,75.0,1,1,20131201,DET,PHI
Shot Chart Detail,0021300250,451,202323,Evan Turner,1610612755,Philadelphia 76ers,3,0,24,Made Shot,Jump Shot,3PT Field Goal,Above the Break 3,Left Side Center(LC),24+ ft.,25.0,-158.0,205.0,1,1,20131201,DET,PHI
Shot Chart Detail,0021300250,458,202323,Evan Turner,1610612755,Philadelphia 76ers,4,11,37,Missed Shot,Layup Shot,2PT Field Goal,Restricted Area,Center(C),Less Than 8 ft.,0.0,-4.0,6.0,1,0,20131201,DET,PHI
Shot Chart Detail,0021300261,4,202323,Evan Turner,1610612755,Philadelphia 76ers,1,11,5,Missed Shot,Jump Shot,2PT Field Goal,Restricted Area,Center(C),Less Than 8 ft.,3.0,-38.0,12.0,1,0,20131203,PHI,ORL
Shot Chart Detail,0021300261,22,202323,Evan Turner,1610612755,Philadelphia 76ers,1,8,55,Made Shot,Reverse Dunk Shot,2PT Field Goal,Restricted Area,Center(C),Less Than 8 ft.,0.0,-2.0,-3.0,1,1,20131203,PHI,ORL
Shot Chart Detail,0021300261,61,202323,Evan Turner,1610612755,Philadelphia 76ers,1,4,57,Missed Shot,Jump Shot,2PT Field Goal,In The Paint (Non-RA),Center(C),Less Than 8 ft.,7.0,76.0,14.0,1,0,20131203,PHI,ORL
Shot Chart Detail,0021300261,64,202323,Evan Turner,1610612755,Philadelphia 76ers,1,4,41,Missed Shot,Jump Shot,2PT Field Goal,Mid-Range,Right Side(R),8-16 ft.,13.0,129.0,22.0,1,0,20131203,PHI,ORL
Shot Chart Detail,0021300261,173,202323,Evan Turner,1610612755,Philadelphia 76ers,2,8,59,Made Shot,Jump Shot,2PT Field Goal,Restricted Area,Center(C),Less Than 8 ft.,3.0,-2.0,39.0,1,1,20131203,PHI,ORL
Shot Chart Detail,0021300261,185,202323,Evan Turner,1610612755,Philadelphia 76ers,2,7,26,Made Shot,Pullup Jump shot,2PT Field Goal,Mid-Range,Right Side(R),8-16 ft.,13.0,102.0,94.0,1,1,20131203,PHI,ORL
Shot Chart Detail,0021300261,242,202323,Evan Turner,1610612755,Philadelphia 76ers,2,2,6,Missed Shot,Layup Shot,2PT Field Goal,Restricted Area,Center(C),Less Than 8 ft.,1.0,-8.0,15.0,1,0,20131203,PHI,ORL
Shot Chart Detail,0021300261,247,202323,Evan Turner,1610612755,Philadelphia 76ers,2,1,32,Missed Shot,Jump Shot,2PT Field Goal,Mid-Range,Left Side(L),8-16 ft.,8.0,-86.0,0.0,1,0,20131203,PHI,ORL
Shot Chart Detail,0021300261,301,202323,Evan Turner,1610612755,Philadelphia 76ers,3,8,20,Missed Shot,Jump Shot,3PT Field Goal,Left Corner 3,Left Side(L),24+ ft.,23.0,-232.0,-10.0,1,0,20131203,PHI,ORL
Shot Chart Detail,0021300261,331,202323,Evan Turner,1610612755,Philadelphia 76ers,3,5,41,Made Shot,Turnaround Jump Shot,2PT Field Goal,Mid-Range,Left Side(L),8-16 ft.,14.0,-142.0,-8.0,1,1,20131203,PHI,ORL
Shot Chart Detail,0021300261,409,202323,Evan Turner,1610612755,Philadelphia 76ers,4,9,22,Missed Shot,Jump Shot,2PT Field Goal,Mid-Range,Center(C),16-24 ft.,18.0,-10.0,181.0,1,0,20131203,PHI,ORL
Shot Chart Detail,0021300261,413,202323,Evan Turner,1610612755,Philadelphia 76ers,4,8,47,Made Shot,Turnaround Jump Shot,2PT Field Goal,In The Paint (Non-RA),Center(C),8-16 ft.,12.0,-7.0,127.0,1,1,20131203,PHI,ORL
Shot Chart Detail,0021300261,461,202323,Evan Turner,1610612755,Philadelphia 76ers,4,4,29,Made Shot,Jump Shot,2PT Field Goal,Mid-Range,Left Side(L),8-16 ft.,13.0,-139.0,-3.0,1,1,20131203,PHI,ORL
Shot Chart Detail,0021300261,504,202323,Evan Turner,1610612755,Philadelphia 76ers,4,1,4,Missed Shot,Jump Shot,2PT Field Goal,In The Paint (Non-RA),Center(C),Less Than 8 ft.,6.0,-2.0,69.0,1,0,20131203,PHI,ORL
Shot Chart Detail,0021300261,514,202323,Evan Turner,1610612755,Philadelphia 76ers,4,0,1,Missed Shot,Layup Shot,2PT Field Goal,Restricted Area,Center(C),Less Than 8 ft.,2.0,-2.0,20.0,1,0,20131203,PHI,ORL
Shot Chart Detail,0021300261,528,202323,Evan Turner,1610612755,Philadelphia 76ers,5,3,28,Made Shot,Jump Shot,2PT Field Goal,Restricted Area,Center(C),Less Than 8 ft.,3.0,28.0,14.0,1,1,20131203,PHI,ORL
Shot Chart Detail,0021300280,30,202323,Evan Turner,1610612755,Philadelphia 76ers,1,8,41,Missed Shot,Jump Shot,3PT Field Goal,Above the Break 3,Right Side Center(RC),24+ ft.,24.0,200.0,146.0,1,0,20131206,CHA,PHI
Shot Chart Detail,0021300280,62,202323,Evan Turner,1610612755,Philadelphia 76ers,1,5,36,Made Shot,Dunk Shot,2PT Field Goal,Restricted Area,Center(C),Less Than 8 ft.,1.0,13.0,11.0,1,1,20131206,CHA,PHI
Shot Chart Detail,0021300280,68,202323,Evan Turner,1610612755,Philadelphia 76ers,1,5,0,Missed Shot,Jump Shot,2PT Field Goal,Mid-Range,Right Side Center(RC),16-24 ft.,20.0,127.0,167.0,1,0,20131206,CHA,PHI
Shot Chart Detail,0021300280,90,202323,Evan Turner,1610612755,Philadelphia 76ers,1,3,5,Missed Shot,Jump Shot,3PT Field Goal,Left Corner 3,Left Side(L),24+ ft.,23.0,-234.0,17.0,1,0,20131206,CHA,PHI
Shot Chart Detail,0021300280,192,202323,Evan Turner,1610612755,Philadelphia 76ers,2,6,19,Missed Shot,Jump Shot,2PT Field Goal,Mid-Range,Center(C),16-24 ft.,16.0,2.0,164.0,1,0,20131206,CHA,PHI
Shot Chart Detail,0021300280,224,202323,Evan Turner,1610612755,Philadelphia 76ers,2,4,30,Missed Shot,Driving Bank shot,2PT Field Goal,Mid-Range,Left Side(L),8-16 ft.,9.0,-92.0,26.0,1,0,20131206,CHA,PHI
Shot Chart Detail,0021300280,226,202323,Evan Turner,1610612755,Philadelphia 76ers,2,4,19,Made Shot,Jump Shot,3PT Field Goal,Left Corner 3,Left Side(L),24+ ft.,23.0,-231.0,12.0,1,1,20131206,CHA,PHI
Shot Chart Detail,0021300280,266,202323,Evan Turner,1610612755,Philadelphia 76ers,2,1,16,Missed Shot,Jump Shot,3PT Field Goal,Above the Break 3,Left Side Center(LC),24+ ft.,24.0,-92.0,230.0,1,0,20131206,CHA,PHI
Shot Chart Detail,0021300280,292,202323,Evan Turner,1610612755,Philadelphia 76ers,3,10,25,Missed Shot,Jump Shot,2PT Field Goal,Mid-Range,Center(C),8-16 ft.,15.0,-57.0,146.0,1,0,20131206,CHA,PHI
Shot Chart Detail,0021300280,296,202323,Evan Turner,1610612755,Philadelphia 76ers,3,10,13,Made Shot,Layup Shot,2PT Field Goal,Restricted Area,Center(C),Less Than 8 ft.,1.0,-13.0,9.0,1,1,20131206,CHA,PHI
Shot Chart Detail,0021300280,322,202323,Evan Turner,1610612755,Philadelphia 76ers,3,7,39,Made Shot,Jump Shot,3PT Field Goal,Left Corner 3,Left Side(L),24+ ft.,22.0,-228.0,7.0,1,1,20131206,CHA,PHI
Shot Chart Detail,0021300280,375,202323,Evan Turner,1610612755,Philadelphia 76ers,3,2,51,Made Shot,Driving Jump shot,2PT Field Goal,Mid-Range,Right Side(R),8-16 ft.,15.0,157.0,22.0,1,1,20131206,CHA,PHI
Shot Chart Detail,0021300280,378,202323,Evan Turner,1610612755,Philadelphia 76ers,3,2,1,Made Shot,Floating Jump shot,2PT Field Goal,In The Paint (Non-RA),Center(C),Less Than 8 ft.,4.0,10.0,45.0,1,1,20131206,CHA,PHI
Shot Chart Detail,0021300280,386,202323,Evan Turner,1610612755,Philadelphia 76ers,3,0,57,Missed Shot,Jump Shot,2PT Field Goal,In The Paint (Non-RA),Center(C),8-16 ft.,10.0,-49.0,97.0,1,0,20131206,CHA,PHI
Shot Chart Detail,0021300280,399,202323,Evan Turner,1610612755,Philadelphia 76ers,4,11,42,Made Shot,Jump Shot,2PT Field Goal,Restricted Area,Center(C),Less Than 8 ft.,3.0,1.0,30.0,1,1,20131206,CHA,PHI
Shot Chart Detail,0021300280,404,202323,Evan Turner,1610612755,Philadelphia 76ers,4,11,2,Missed Shot,Jump Shot,2PT Field Goal,In The Paint (Non-RA),Center(C),8-16 ft.,11.0,-37.0,108.0,1,0,20131206,CHA,PHI
Shot Chart Detail,0021300280,461,202323,Evan Turner,1610612755,Philadelphia 76ers,4,7,3,Missed Shot,Jump Shot,3PT Field Goal,Left Corner 3,Left Side(L),24+ ft.,23.0,-232.0,0.0,1,0,20131206,CHA,PHI
Shot Chart Detail,0021300280,509,202323,Evan Turner,1610612755,Philadelphia 76ers,4,1,50,Missed Shot,Jump Shot,2PT Field Goal,Mid-Range,Right Side(R),8-16 ft.,15.0,152.0,48.0,1,0,20131206,CHA,PHI
Shot Chart Detail,0021300290,175,202323,Evan Turner,1610612755,Philadelphia 76ers,2,8,22,Missed Shot,Jump Shot,2PT Field Goal,In The Paint (Non-RA),Center(C),8-16 ft.,13.0,-62.0,116.0,1,0,20131207,PHI,DEN
Shot Chart Detail,0021300290,199,202323,Evan Turner,1610612755,Philadelphia 76ers,2,6,31,Made Shot,Jump Shot,2PT Field Goal,Mid-Range,Left Side Center(LC),16-24 ft.,21.0,-166.0,143.0,1,1,20131207,PHI,DEN
Shot Chart Detail,0021300290,212,202323,Evan Turner,1610612755,Philadelphia 76ers,2,5,30,Missed Shot,Jump Shot,2PT Field Goal,Mid-Range,Center(C),16-24 ft.,17.0,-8.0,173.0,1,0,20131207,PHI,DEN
Shot Chart Detail,0021300290,227,202323,Evan Turner,1610612755,Philadelphia 76ers,2,3,48,Missed Shot,Jump Shot,2PT Field Goal,Mid-Range,Center(C),16-24 ft.,18.0,-38.0,184.0,1,0,20131207,PHI,DEN
Shot Chart Detail,0021300290,237,202323,Evan Turner,1610612755,Philadelphia 76ers,2,2,55,Made Shot,Driving Layup Shot,2PT Field Goal,Restricted Area,Center(C),Less Than 8 ft.,0.0,6.0,0.0,1,1,20131207,PHI,DEN
Shot Chart Detail,0021300290,306,202323,Evan Turner,1610612755,Philadelphia 76ers,3,9,4,Missed Shot,Jump Shot,2PT Field Goal,Restricted Area,Center(C),Less Than 8 ft.,3.0,39.0,-2.0,1,0,20131207,PHI,DEN
Shot Chart Detail,0021300290,329,202323,Evan Turner,1610612755,Philadelphia 76ers,3,7,20,Missed Shot,Jump Shot,2PT Field Goal,Mid-Range,Left Side(L),16-24 ft.,16.0,-161.0,0.0,1,0,20131207,PHI,DEN
Shot Chart Detail,0021300290,375,202323,Evan Turner,1610612755,Philadelphia 76ers,3,3,48,Missed Shot,Jump Shot,2PT Field Goal,Mid-Range,Right Side(R),16-24 ft.,16.0,168.0,3.0,1,0,20131207,PHI,DEN
Shot Chart Detail,0021300290,383,202323,Evan Turner,1610612755,Philadelphia 76ers,3,3,28,Missed Shot,Jump Shot,3PT Field Goal,Above the Break 3,Left Side Center(LC),24+ ft.,27.0,-109.0,249.0,1,0,20131207,PHI,DEN
Shot Chart Detail,0021300290,484,202323,Evan Turner,1610612755,Philadelphia 76ers,4,6,31,Missed Shot,Jump Shot,2PT Field Goal,Mid-Range,Center(C),8-16 ft.,14.0,-2.0,143.0,1,0,20131207,PHI,DEN
Shot Chart Detail,0021300290,495,202323,Evan Turner,1610612755,Philadelphia 76ers,4,5,46,Missed Shot,Jump Shot,2PT Field Goal,Mid-Range,Right Side(R),8-16 ft.,10.0,103.0,-14.0,1,0,20131207,PHI,DEN
Shot Chart Detail,0021300290,536,202323,Evan Turner,1610612755,Philadelphia 76ers,4,1,14,Made Shot,Turnaround Jump Shot,2PT Field Goal,Mid-Range,Left Side(L),16-24 ft.,16.0,-163.0,-2.0,1,1,20131207,PHI,DEN
Shot Chart Detail,0021300305,21,202323,Evan Turner,1610612755,Philadelphia 76ers,1,10,0,Made Shot,Pullup Jump shot,2PT Field Goal,Mid-Range,Left Side(L),16-24 ft.,17.0,-174.0,-21.0,1,1,20131209,PHI,LAC
Shot Chart Detail,0021300305,23,202323,Evan Turner,1610612755,Philadelphia 76ers,1,9,31,Missed Shot,Jump Shot,2PT Field Goal,Mid-Range,Right Side(R),8-16 ft.,13.0,130.0,-21.0,1,0,20131209,PHI,LAC
Shot Chart Detail,0021300305,35,202323,Evan Turner,1610612755,Philadelphia 76ers,1,8,58,Missed Shot,Jump Shot,2PT Field Goal,Mid-Range,Right Side(R),8-16 ft.,15.0,86.0,123.0,1,0,20131209,PHI,LAC
Shot Chart Detail,0021300305,39,202323,Evan Turner,1610612755,Philadelphia 76ers,1,8,33,Missed Shot,Jump Shot,2PT Field Goal,Mid-Range,Right Side(R),8-16 ft.,14.0,144.0,-28.0,1,0,20131209,PHI,LAC
Shot Chart Detail,0021300305,50,202323,Evan Turner,1610612755,Philadelphia 76ers,1,7,23,Made Shot,Driving Dunk Shot,2PT Field Goal,Restricted Area,Center(C),Less Than 8 ft.,1.0,-2.0,11.0,1,1,20131209,PHI,LAC
Shot Chart Detail,0021300305,54,202323,Evan Turner,1610612755,Philadelphia 76ers,1,6,53,Missed Shot,Jump Shot,3PT Field Goal,Above the Break 3,Left Side Center(LC),24+ ft.,26.0,-89.0,246.0,1,0,20131209,PHI,LAC
Shot Chart Detail,0021300305,66,202323,Evan Turner,1610612755,Philadelphia 76ers,1,5,48,Made Shot,Step Back Jump shot,2PT Field Goal,Mid-Range,Right Side(R),8-16 ft.,15.0,152.0,-35.0,1,1,20131209,PHI,LAC
Shot Chart Detail,0021300305,126,202323,Evan Turner,1610612755,Philadelphia 76ers,1,0,57,Made Shot,Jump Shot,2PT Field Goal,In The Paint (Non-RA),Center(C),Less Than 8 ft.,4.0,-32.0,33.0,1,1,20131209,PHI,LAC
Shot Chart Detail,0021300305,196,202323,Evan Turner,1610612755,Philadelphia 76ers,2,7,7,Made Shot,Layup Shot,2PT Field Goal,Restricted Area,Center(C),Less Than 8 ft.,2.0,-24.0,12.0,1,1,20131209,PHI,LAC
Shot Chart Detail,0021300305,212,202323,Evan Turner,1610612755,Philadelphia 76ers,2,6,6,Missed Shot,Jump Shot,2PT Field Goal,Mid-Range,Center(C),16-24 ft.,16.0,-8.0,162.0,1,0,20131209,PHI,LAC
Shot Chart Detail,0021300305,225,202323,Evan Turner,1610612755,Philadelphia 76ers,2,4,50,Missed Shot,Jump Shot,2PT Field Goal,Mid-Range,Left Side(L),16-24 ft.,16.0,-169.0,-11.0,1,0,20131209,PHI,LAC
Shot Chart Detail,0021300305,269,202323,Evan Turner,1610612755,Philadelphia 76ers,2,1,10,Made Shot,Jump Shot,2PT Field Goal,In The Paint (Non-RA),Center(C),Less Than 8 ft.,4.0,0.0,47.0,1,1,20131209,PHI,LAC
Shot Chart Detail,0021300305,300,202323,Evan Turner,1610612755,Philadelphia 76ers,3,11,44,Missed Shot,Jump Shot,2PT Field Goal,Mid-Range,Right Side(R),8-16 ft.,11.0,114.0,7.0,1,0,20131209,PHI,LAC
Shot Chart Detail,0021300305,306,202323,Evan Turner,1610612755,Philadelphia 76ers,3,10,18,Missed Shot,Jump Shot,2PT Field Goal,Mid-Range,Left Side Center(LC),16-24 ft.,18.0,-73.0,168.0,1,0,20131209,PHI,LAC
Shot Chart Detail,0021300305,368,202323,Evan Turner,1610612755,Philadelphia 76ers,3,4,48,Made Shot,Running Layup Shot,2PT Field Goal,Restricted Area,Center(C),Less Than 8 ft.,1.0,-19.0,4.0,1,1,20131209,PHI,LAC
Shot Chart Detail,0021300305,380,202323,Evan Turner,1610612755,Philadelphia 76ers,3,3,38,Missed Shot,Jump Shot,2PT Field Goal,Mid-Range,Left Side(L),8-16 ft.,12.0,-108.0,67.0,1,0,20131209,PHI,LAC
Shot Chart Detail,0021300305,464,202323,Evan Turner,1610612755,Philadelphia 76ers,4,8,40,Made Shot,Jump Shot,2PT Field Goal,In The Paint (Non-RA),Right Side(R),8-16 ft.,9.0,54.0,78.0,1,1,20131209,PHI,LAC
Shot Chart Detail,0021300305,467,202323,Evan Turner,1610612755,Philadelphia 76ers,4,8,20,Made Shot,Jump Shot,3PT Field Goal,Right Corner 3,Right Side(R),24+ ft.,23.0,236.0,-14.0,1,1,20131209,PHI,LAC
Shot Chart Detail,0021300305,476,202323,Evan Turner,1610612755,Philadelphia 76ers,4,7,17,Made Shot,Driving Layup Shot,2PT Field Goal,Restricted Area,Center(C),Less Than 8 ft.,1.0,-15.0,-2.0,1,1,20131209,PHI,LAC
Shot Chart Detail,0021300305,482,202323,Evan Turner,1610612755,Philadelphia 76ers,4,6,39,Missed Shot,Jump Shot,2PT Field Goal,In The Paint (Non-RA),Center(C),8-16 ft.,9.0,15.0,96.0,1,0,20131209,PHI,LAC
Shot Chart Detail,0021300305,515,202323,Evan Turner,1610612755,Philadelphia 76ers,4,3,54,Missed Shot,Jump Shot,2PT Field Goal,In The Paint (Non-RA),Center(C),Less Than 8 ft.,4.0,24.0,41.0,1,0,20131209,PHI,LAC
Shot Chart Detail,0021300305,530,202323,Evan Turner,1610612755,Philadelphia 76ers,4,2,15,Made Shot,Pullup Jump shot,2PT Field Goal,Mid-Range,Right Side(R),16-24 ft.,17.0,151.0,96.0,1,1,20131209,PHI,LAC
Shot Chart Detail,0021300305,550,202323,Evan Turner,1610612755,Philadelphia 76ers,4,0,59,Missed Shot,Jump Shot,2PT Field Goal,Mid-Range,Left Side(L),8-16 ft.,10.0,-105.0,3.0,1,0,20131209,PHI,LAC
Shot Chart Detail,0021300322,9,202323,Evan Turner,1610612755,Philadelphia 76ers,1,11,8,Made Shot,Jump Shot,2PT Field Goal,Mid-Range,Center(C),8-16 ft.,15.0,17.0,157.0,1,1,20131211,MIN,PHI
Shot Chart Detail,0021300322,27,202323,Evan Turner,1610612755,Philadelphia 76ers,1,9,15,Missed Shot,Jump Shot,2PT Field Goal,Mid-Range,Left Side(L),8-16 ft.,13.0,-128.0,33.0,1,0,20131211,MIN,PHI
Shot Chart Detail,0021300322,57,202323,Evan Turner,1610612755,Philadelphia 76ers,1,6,44,Made Shot,Pullup Jump shot,2PT Field Goal,Mid-Range,Right Side(R),8-16 ft.,11.0,86.0,80.0,1,1,20131211,MIN,PHI
Shot Chart Detail,0021300322,68,202323,Evan Turner,1610612755,Philadelphia 76ers,1,5,20,Made Shot,Driving Layup Shot,2PT Field Goal,Restricted Area,Center(C),Less Than 8 ft.,1.0,6.0,12.0,1,1,20131211,MIN,PHI
Shot Chart Detail,0021300322,79,202323,Evan Turner,1610612755,Philadelphia 76ers,1,4,17,Made Shot,Running Jump Shot,2PT Field Goal,Restricted Area,Center(C),Less Than 8 ft.,3.0,29.0,25.0,1,1,20131211,MIN,PHI
Shot Chart Detail,0021300322,97,202323,Evan Turner,1610612755,Philadelphia 76ers,1,2,49,Made Shot,Jump Shot,2PT Field Goal,Mid-Range,Right Side Center(RC),16-24 ft.,21.0,78.0,195.0,1,1,20131211,MIN,PHI
Shot Chart Detail,0021300322,165,202323,Evan Turner,1610612755,Philadelphia 76ers,2,8,46,Missed Shot,Jump Shot,2PT Field Goal,Mid-Range,Right Side(R),8-16 ft.,15.0,138.0,69.0,1,0,20131211,MIN,PHI
Shot Chart Detail,0021300322,168,202323,Evan Turner,1610612755,Philadelphia 76ers,2,8,27,Missed Shot,Layup Shot,2PT Field Goal,Restricted Area,Center(C),Less Than 8 ft.,2.0,23.0,1.0,1,0,20131211,MIN,PHI
Shot Chart Detail,0021300322,187,202323,Evan Turner,1610612755,Philadelphia 76ers,2,7,12,Made Shot,Jump Shot,3PT Field Goal,Above the Break 3,Center(C),24+ ft.,24.0,0.0,246.0,1,1,20131211,MIN,PHI
Shot Chart Detail,0021300322,233,202323,Evan Turner,1610612755,Philadelphia 76ers,2,2,56,Missed Shot,Jump Shot,2PT Field Goal,In The Paint (Non-RA),Center(C),8-16 ft.,14.0,-70.0,126.0,1,0,20131211,MIN,PHI
Shot Chart Detail,0021300322,273,202323,Evan Turner,1610612755,Philadelphia 76ers,3,11,39,Missed Shot,Jump Shot,2PT Field Goal,Mid-Range,Right Side Center(RC),16-24 ft.,21.0,159.0,143.0,1,0,20131211,MIN,PHI
Shot Chart Detail,0021300322,291,202323,Evan Turner,1610612755,Philadelphia 76ers,3,9,29,Missed Shot,Jump Shot,3PT Field Goal,Left Corner 3,Left Side(L),24+ ft.,22.0,-221.0,44.0,1,0,20131211,MIN,PHI
Shot Chart Detail,0021300322,319,202323,Evan Turner,1610612755,Philadelphia 76ers,3,7,41,Missed Shot,Jump Shot,3PT Field Goal,Above the Break 3,Left Side Center(LC),24+ ft.,24.0,-82.0,233.0,1,0,20131211,MIN,PHI
Shot Chart Detail,0021300322,381,202323,Evan Turner,1610612755,Philadelphia 76ers,3,2,6,Missed Shot,Pullup Jump shot,2PT Field Goal,Mid-Range,Right Side(R),8-16 ft.,13.0,129.0,30.0,1,0,20131211,MIN,PHI
Shot Chart Detail,0021300322,466,202323,Evan Turner,1610612755,Philadelphia 76ers,4,6,4,Missed Shot,Jump Shot,2PT Field Goal,In The Paint (Non-RA),Center(C),8-16 ft.,12.0,31.0,118.0,1,0,20131211,MIN,PHI
Shot Chart Detail,0021300322,504,202323,Evan Turner,1610612755,Philadelphia 76ers,4,2,33,Missed Shot,Jump Shot,3PT Field Goal,Above the Break 3,Right Side Center(RC),24+ ft.,24.0,154.0,192.0,1,0,20131211,MIN,PHI
Shot Chart Detail,0021300331,30,202323,Evan Turner,1610612755,Philadelphia 76ers,1,9,4,Missed Shot,Driving Layup Shot,2PT Field Goal,Restricted Area,Center(C),Less Than 8 ft.,2.0,4.0,20.0,1,0,20131213,TOR,PHI
Shot Chart Detail,0021300331,32,202323,Evan Turner,1610612755,Philadelphia 76ers,1,8,59,Made Shot,Tip Shot,2PT Field Goal,Restricted Area,Center(C),Less Than 8 ft.,0.0,-2.0,-6.0,1,1,20131213,TOR,PHI
Shot Chart Detail,0021300331,47,202323,Evan Turner,1610612755,Philadelphia 76ers,1,6,54,Missed Shot,Driving Jump shot,2PT Field Goal,In The Paint (Non-RA),Center(C),Less Than 8 ft.,4.0,42.0,1.0,1,0,20131213,TOR,PHI
Shot Chart Detail,0021300331,56,202323,Evan Turner,1610612755,Philadelphia 76ers,1,5,19,Made Shot,Pullup Jump shot,2PT Field Goal,Mid-Range,Left Side Center(LC),16-24 ft.,16.0,-98.0,135.0,1,1,20131213,TOR,PHI
Shot Chart Detail,0021300331,89,202323,Evan Turner,1610612755,Philadelphia 76ers,1,1,29,Missed Shot,Pullup Jump shot,2PT Field Goal,Mid-Range,Right Side Center(RC),16-24 ft.,17.0,124.0,129.0,1,0,20131213,TOR,PHI
Shot Chart Detail,0021300331,95,202323,Evan Turner,1610612755,Philadelphia 76ers,1,0,36,Missed Shot,Running Layup Shot,2PT Field Goal,Restricted Area,Center(C),Less Than 8 ft.,0.0,-7.0,-5.0,1,0,20131213,TOR,PHI
Shot Chart Detail,0021300331,169,202323,Evan Turner,1610612755,Philadelphia 76ers,2,4,51,Made Shot,Jump Shot,3PT Field Goal,Left Corner 3,Left Side(L),24+ ft.,23.0,-237.0,-16.0,1,1,20131213,TOR,PHI
Shot Chart Detail,0021300331,223,202323,Evan Turner,1610612755,Philadelphia 76ers,2,1,35,Missed Shot,Turnaround Jump Shot,2PT Field Goal,Restricted Area,Center(C),Less Than 8 ft.,3.0,34.0,7.0,1,0,20131213,TOR,PHI
Shot Chart Detail,0021300331,257,202323,Evan Turner,1610612755,Philadelphia 76ers,3,11,45,Missed Shot,Jump Shot,3PT Field Goal,Above the Break 3,Center(C),24+ ft.,25.0,69.0,244.0,1,0,20131213,TOR,PHI
Shot Chart Detail,0021300331,260,202323,Evan Turner,1610612755,Philadelphia 76ers,3,11,13,Missed Shot,Pullup Jump shot,2PT Field Goal,Mid-Range,Right Side(R),8-16 ft.,13.0,105.0,80.0,1,0,20131213,TOR,PHI
Shot Chart Detail,0021300331,330,202323,Evan Turner,1610612755,Philadelphia 76ers,3,4,36,Missed Shot,Jump Shot,2PT Field Goal,Mid-Range,Right Side(R),8-16 ft.,8.0,84.0,15.0,1,0,20131213,TOR,PHI
Shot Chart Detail,0021300331,347,202323,Evan Turner,1610612755,Philadelphia 76ers,3,2,58,Made Shot,Jump Shot,3PT Field Goal,Above the Break 3,Right Side Center(RC),24+ ft.,26.0,242.0,104.0,1,1,20131213,TOR,PHI
Shot Chart Detail,0021300331,350,202323,Evan Turner,1610612755,Philadelphia 76ers,3,2,16,Made Shot,Turnaround Jump Shot,2PT Field Goal,Mid-Range,Right Side(R),16-24 ft.,18.0,163.0,94.0,1,1,20131213,TOR,PHI
Shot Chart Detail,0021300331,462,202323,Evan Turner,1610612755,Philadelphia 76ers,4,5,49,Made Shot,Jump Shot,2PT Field Goal,Mid-Range,Right Side Center(RC),16-24 ft.,16.0,92.0,138.0,1,1,20131213,TOR,PHI
Shot Chart Detail,0021300331,481,202323,Evan Turner,1610612755,Philadelphia 76ers,4,3,54,Missed Shot,Jump Shot,2PT Field Goal,In The Paint (Non-RA),Center(C),Less Than 8 ft.,7.0,6.0,72.0,1,0,20131213,TOR,PHI
Shot Chart Detail,0021300331,483,202323,Evan Turner,1610612755,Philadelphia 76ers,4,3,50,Missed Shot,Layup Shot,2PT Field Goal,Restricted Area,Center(C),Less Than 8 ft.,0.0,3.0,3.0,1,0,20131213,TOR,PHI
Shot Chart Detail,0021300331,502,202323,Evan Turner,1610612755,Philadelphia 76ers,4,2,32,Made Shot,Jump Shot,3PT Field Goal,Right Corner 3,Right Side(R),24+ ft.,24.0,237.0,42.0,1,1,20131213,TOR,PHI
Shot Chart Detail,0021300331,522,202323,Evan Turner,1610612755,Philadelphia 76ers,4,0,57,Missed Shot,Step Back Jump shot,2PT Field Goal,Mid-Range,Left Side Center(LC),16-24 ft.,17.0,-139.0,101.0,1,0,20131213,TOR,PHI
Shot Chart Detail,0021300347,23,202323,Evan Turner,1610612755,Philadelphia 76ers,1,9,20,Missed Shot,Jump Shot,2PT Field Goal,In The Paint (Non-RA),Right Side(R),8-16 ft.,9.0,65.0,71.0,1,0,20131214,PHI,POR
Shot Chart Detail,0021300347,45,202323,Evan Turner,1610612755,Philadelphia 76ers,1,6,10,Missed Shot,Jump Shot,2PT Field Goal,In The Paint (Non-RA),Right Side(R),8-16 ft.,11.0,67.0,97.0,1,0,20131214,PHI,POR
Shot Chart Detail,0021300347,53,202323,Evan Turner,1610612755,Philadelphia 76ers,1,5,24,Missed Shot,Layup Shot,2PT Field Goal,Restricted Area,Center(C),Less Than 8 ft.,2.0,6.0,20.0,1,0,20131214,PHI,POR
Shot Chart Detail,0021300347,265,202323,Evan Turner,1610612755,Philadelphia 76ers,3,11,46,Missed Shot,Jump Shot,2PT Field Goal,Mid-Range,Right Side(R),8-16 ft.,12.0,122.0,4.0,1,0,20131214,PHI,POR
Shot Chart Detail,0021300347,274,202323,Evan Turner,1610612755,Philadelphia 76ers,3,10,0,Made Shot,Jump Shot,3PT Field Goal,Above the Break 3,Right Side Center(RC),24+ ft.,24.0,222.0,104.0,1,1,20131214,PHI,POR
Shot Chart Detail,0021300347,276,202323,Evan Turner,1610612755,Philadelphia 76ers,3,9,28,Missed Shot,Layup Shot,2PT Field Goal,Restricted Area,Center(C),Less Than 8 ft.,2.0,23.0,7.0,1,0,20131214,PHI,POR
Shot Chart Detail,0021300347,296,202323,Evan Turner,1610612755,Philadelphia 76ers,3,8,18,Missed Shot,Jump Shot,2PT Field Goal,Mid-Range,Left Side(L),8-16 ft.,11.0,-105.0,55.0,1,0,20131214,PHI,POR
Shot Chart Detail,0021300359,3,202323,Evan Turner,1610612755,Philadelphia 76ers,1,11,21,Missed Shot,Jump Shot,3PT Field Goal,Right Corner 3,Right Side(R),24+ ft.,24.0,244.0,-24.0,1,0,20131216,BKN,PHI
Shot Chart Detail,0021300359,76,202323,Evan Turner,1610612755,Philadelphia 76ers,1,4,27,Missed Shot,Jump Shot,2PT Field Goal,Mid-Range,Left Side(L),8-16 ft.,14.0,-147.0,0.0,1,0,20131216,BKN,PHI
Shot Chart Detail,0021300359,80,202323,Evan Turner,1610612755,Philadelphia 76ers,1,4,8,Made Shot,Driving Reverse Layup Shot,2PT Field Goal,Restricted Area,Center(C),Less Than 8 ft.,1.0,-15.0,1.0,1,1,20131216,BKN,PHI
Shot Chart Detail,0021300359,112,202323,Evan Turner,1610612755,Philadelphia 76ers,1,1,21,Missed Shot,Layup Shot,2PT Field Goal,Restricted Area,Center(C),Less Than 8 ft.,2.0,4.0,22.0,1,0,20131216,BKN,PHI
Shot Chart Detail,0021300359,114,202323,Evan Turner,1610612755,Philadelphia 76ers,1,1,19,Missed Shot,Tip Shot,2PT Field Goal,Restricted Area,Center(C),Less Than 8 ft.,2.0,0.0,23.0,1,0,20131216,BKN,PHI
Shot Chart Detail,0021300359,116,202323,Evan Turner,1610612755,Philadelphia 76ers,1,1,9,Made Shot,Jump Shot,3PT Field Goal,Right Corner 3,Right Side(R),24+ ft.,24.0,241.0,-21.0,1,1,20131216,BKN,PHI
Shot Chart Detail,0021300359,129,202323,Evan Turner,1610612755,Philadelphia 76ers,2,11,43,Missed Shot,Turnaround Bank shot,2PT Field Goal,Mid-Range,Left Side(L),8-16 ft.,12.0,-116.0,37.0,1,0,20131216,BKN,PHI
Shot Chart Detail,0021300359,224,202323,Evan Turner,1610612755,Philadelphia 76ers,2,3,25,Missed Shot,Jump Shot,3PT Field Goal,Above the Break 3,Center(C),24+ ft.,24.0,-19.0,241.0,1,0,20131216,BKN,PHI
Shot Chart Detail,0021300359,324,202323,Evan Turner,1610612755,Philadelphia 76ers,3,6,24,Made Shot,Jump Shot,3PT Field Goal,Above the Break 3,Right Side Center(RC),24+ ft.,25.0,106.0,235.0,1,1,20131216,BKN,PHI
Shot Chart Detail,0021300359,343,202323,Evan Turner,1610612755,Philadelphia 76ers,3,4,30,Missed Shot,Jump Shot,2PT Field Goal,In The Paint (Non-RA),Right Side(R),8-16 ft.,8.0,80.0,7.0,1,0,20131216,BKN,PHI
Shot Chart Detail,0021300359,357,202323,Evan Turner,1610612755,Philadelphia 76ers,3,3,4,Missed Shot,Jump Shot,2PT Field Goal,Mid-Range,Left Side(L),16-24 ft.,17.0,-171.0,0.0,1,0,20131216,BKN,PHI
Shot Chart Detail,0021300383,8,202323,Evan Turner,1610612755,Philadelphia 76ers,1,10,41,Made Shot,Running Bank shot,2PT Field Goal,In The Paint (Non-RA),Center(C),Less Than 8 ft.,4.0,-38.0,-17.0,1,1,20131220,PHI,BKN
Shot Chart Detail,0021300383,16,202323,Evan Turner,1610612755,Philadelphia 76ers,1,9,45,Made Shot,Slam Dunk Shot,2PT Field Goal,Restricted Area,Center(C),Less Than 8 ft.,0.0,1.0,-3.0,1,1,20131220,PHI,BKN
Shot Chart Detail,0021300383,23,202323,Evan Turner,1610612755,Philadelphia 76ers,1,8,43,Made Shot,Driving Layup Shot,2PT Field Goal,Restricted Area,Center(C),Less Than 8 ft.,1.0,-8.0,7.0,1,1,20131220,PHI,BKN
Shot Chart Detail,0021300383,34,202323,Evan Turner,1610612755,Philadelphia 76ers,1,7,48,Made Shot,Pullup Jump shot,2PT Field Goal,Mid-Range,Right Side Center(RC),16-24 ft.,18.0,88.0,162.0,1,1,20131220,PHI,BKN
Shot Chart Detail,0021300383,60,202323,Evan Turner,1610612755,Philadelphia 76ers,1,5,16,Made Shot,Pullup Jump shot,2PT Field Goal,Mid-Range,Left Side(L),16-24 ft.,18.0,-163.0,91.0,1,1,20131220,PHI,BKN
Shot Chart Detail,0021300383,78,202323,Evan Turner,1610612755,Philadelphia 76ers,1,3,4,Made Shot,Jump Shot,2PT Field Goal,In The Paint (Non-RA),Center(C),Less Than 8 ft.,5.0,24.0,48.0,1,1,20131220,PHI,BKN
Shot Chart Detail,0021300383,106,202323,Evan Turner,1610612755,Philadelphia 76ers,1,0,0,Made Shot,Pullup Jump shot,2PT Field Goal,Mid-Range,Center(C),16-24 ft.,20.0,-24.0,200.0,1,1,20131220,PHI,BKN
Shot Chart Detail,0021300383,123,202323,Evan Turner,1610612755,Philadelphia 76ers,2,10,35,Made Shot,Pullup Jump shot,2PT Field Goal,Mid-Range,Right Side(R),16-24 ft.,16.0,168.0,25.0,1,1,20131220,PHI,BKN
Shot Chart Detail,0021300383,169,202323,Evan Turner,1610612755,Philadelphia 76ers,2,5,39,Missed Shot,Jump Shot,2PT Field Goal,Mid-Range,Right Side(R),16-24 ft.,17.0,174.0,19.0,1,0,20131220,PHI,BKN
Shot Chart Detail,0021300383,193,202323,Evan Turner,1610612755,Philadelphia 76ers,2,3,51,Missed Shot,Jump Shot,3PT Field Goal,Above the Break 3,Left Side Center(LC),24+ ft.,26.0,-196.0,179.0,1,0,20131220,PHI,BKN
Shot Chart Detail,0021300383,243,202323,Evan Turner,1610612755,Philadelphia 76ers,2,0,23,Made Shot,Pullup Jump shot,2PT Field Goal,Mid-Range,Right Side(R),8-16 ft.,14.0,141.0,-33.0,1,1,20131220,PHI,BKN
Shot Chart Detail,0021300383,275,202323,Evan Turner,1610612755,Philadelphia 76ers,3,9,36,Missed Shot,Hook Shot,2PT Field Goal,Restricted Area,Center(C),Less Than 8 ft.,3.0,37.0,9.0,1,0,20131220,PHI,BKN
Shot Chart Detail,0021300383,317,202323,Evan Turner,1610612755,Philadelphia 76ers,3,5,58,Made Shot,Turnaround Jump Shot,2PT Field Goal,In The Paint (Non-RA),Center(C),8-16 ft.,13.0,0.0,131.0,1,1,20131220,PHI,BKN
Shot Chart Detail,0021300383,319,202323,Evan Turner,1610612755,Philadelphia 76ers,3,5,31,Missed Shot,Jump Shot,3PT Field Goal,Right Corner 3,Right Side(R),24+ ft.,23.0,237.0,4.0,1,0,20131220,PHI,BKN
Shot Chart Detail,0021300383,402,202323,Evan Turner,1610612755,Philadelphia 76ers,4,8,59,Missed Shot,Jump Shot,2PT Field Goal,Mid-Range,Center(C),8-16 ft.,15.0,23.0,151.0,1,0,20131220,PHI,BKN
Shot Chart Detail,0021300383,416,202323,Evan Turner,1610612755,Philadelphia 76ers,4,7,12,Made Shot,Floating Jump shot,2PT Field Goal,In The Paint (Non-RA),Center(C),Less Than 8 ft.,7.0,15.0,75.0,1,1,20131220,PHI,BKN
Shot Chart Detail,0021300383,466,202323,Evan Turner,1610612755,Philadelphia 76ers,4,2,31,Missed Shot,Jump Shot,2PT Field Goal,Mid-Range,Right Side(R),16-24 ft.,20.0,170.0,107.0,1,0,20131220,PHI,BKN
Shot Chart Detail,0021300383,513,202323,Evan Turner,1610612755,Philadelphia 76ers,5,4,14,Missed Shot,Jump Shot,2PT Field Goal,In The Paint (Non-RA),Center(C),Less Than 8 ft.,7.0,7.0,74.0,1,0,20131220,PHI,BKN
Shot Chart Detail,0021300383,524,202323,Evan Turner,1610612755,Philadelphia 76ers,5,3,12,Made Shot,Jump Shot,3PT Field Goal,Left Corner 3,Left Side(L),24+ ft.,23.0,-239.0,-16.0,1,1,20131220,PHI,BKN
Shot Chart Detail,0021300383,547,202323,Evan Turner,1610612755,Philadelphia 76ers,5,0,55,Missed Shot,Jump Shot,3PT Field Goal,Above the Break 3,Right Side Center(RC),24+ ft.,25.0,196.0,165.0,1,0,20131220,PHI,BKN
Shot Chart Detail,0021300383,554,202323,Evan Turner,1610612755,Philadelphia 76ers,5,0,6,Missed Shot,Jump Shot,2PT Field Goal,In The Paint (Non-RA),Center(C),Less Than 8 ft.,4.0,40.0,17.0,1,0,20131220,PHI,BKN
Shot Chart Detail,0021300383,561,202323,Evan Turner,1610612755,Philadelphia 76ers,5,0,0,Made Shot,Driving Layup Shot,2PT Field Goal,Restricted Area,Center(C),Less Than 8 ft.,2.0,-24.0,6.0,1,1,20131220,PHI,BKN
Shot Chart Detail,0021300398,6,202323,Evan Turner,1610612755,Philadelphia 76ers,1,11,18,Missed Shot,Layup Shot,2PT Field Goal,Restricted Area,Center(C),Less Than 8 ft.,1.0,-16.0,7.0,1,0,20131221,MIL,PHI
Shot Chart Detail,0021300398,17,202323,Evan Turner,1610612755,Philadelphia 76ers,1,9,40,Missed Shot,Jump Shot,2PT Field Goal,Mid-Range,Right Side(R),16-24 ft.,16.0,163.0,-13.0,1,0,20131221,MIL,PHI
Shot Chart Detail,0021300398,29,202323,Evan Turner,1610612755,Philadelphia 76ers,1,7,51,Missed Shot,Jump Shot,3PT Field Goal,Right Corner 3,Right Side(R),24+ ft.,22.0,228.0,-17.0,1,0,20131221,MIL,PHI
Shot Chart Detail,0021300398,43,202323,Evan Turner,1610612755,Philadelphia 76ers,1,5,28,Missed Shot,Layup Shot,2PT Field Goal,Restricted Area,Center(C),Less Than 8 ft.,2.0,-10.0,19.0,1,0,20131221,MIL,PHI
Shot Chart Detail,0021300398,185,202323,Evan Turner,1610612755,Philadelphia 76ers,2,5,35,Made Shot,Layup Shot,2PT Field Goal,Restricted Area,Center(C),Less Than 8 ft.,0.0,-7.0,-2.0,1,1,20131221,MIL,PHI
Shot Chart Detail,0021300398,213,202323,Evan Turner,1610612755,Philadelphia 76ers,2,2,50,Missed Shot,Jump Shot,3PT Field Goal,,,,,,,1,0,20131221,MIL,PHI
Shot Chart Detail,0021300398,261,202323,Evan Turner,1610612755,Philadelphia 76ers,3,10,40,Missed Shot,Jump Shot,2PT Field Goal,Mid-Range,Right Side(R),8-16 ft.,11.0,119.0,-3.0,1,0,20131221,MIL,PHI
Shot Chart Detail,0021300398,285,202323,Evan Turner,1610612755,Philadelphia 76ers,3,7,41,Missed Shot,Layup Shot,2PT Field Goal,Restricted Area,Center(C),Less Than 8 ft.,2.0,-24.0,4.0,1,0,20131221,MIL,PHI
Shot Chart Detail,0021300398,286,202323,Evan Turner,1610612755,Philadelphia 76ers,3,7,40,Missed Shot,Layup Shot,2PT Field Goal,Restricted Area,Center(C),Less Than 8 ft.,0.0,1.0,-2.0,1,0,20131221,MIL,PHI
Shot Chart Detail,0021300398,327,202323,Evan Turner,1610612755,Philadelphia 76ers,3,3,10,Made Shot,Layup Shot,2PT Field Goal,Restricted Area,Center(C),Less Than 8 ft.,0.0,-4.0,3.0,1,1,20131221,MIL,PHI
Shot Chart Detail,0021300398,334,202323,Evan Turner,1610612755,Philadelphia 76ers,3,2,33,Missed Shot,Jump Shot,2PT Field Goal,Mid-Range,Left Side(L),8-16 ft.,11.0,-111.0,-2.0,1,0,20131221,MIL,PHI
Shot Chart Detail,0021300398,432,202323,Evan Turner,1610612755,Philadelphia 76ers,4,5,55,Missed Shot,Layup Shot,2PT Field Goal,Restricted Area,Center(C),Less Than 8 ft.,2.0,9.0,25.0,1,0,20131221,MIL,PHI
Shot Chart Detail,0021300398,471,202323,Evan Turner,1610612755,Philadelphia 76ers,4,3,25,Missed Shot,Jump Shot,3PT Field Goal,Right Corner 3,Right Side(R),24+ ft.,22.0,222.0,55.0,1,0,20131221,MIL,PHI
Shot Chart Detail,0021300398,474,202323,Evan Turner,1610612755,Philadelphia 76ers,4,3,16,Missed Shot,Layup Shot,2PT Field Goal,Restricted Area,Center(C),Less Than 8 ft.,0.0,-7.0,0.0,1,0,20131221,MIL,PHI
Shot Chart Detail,0021300398,519,202323,Evan Turner,1610612755,Philadelphia 76ers,4,0,38,Missed Shot,Layup Shot,2PT Field Goal,Restricted Area,Center(C),Less Than 8 ft.,0.0,-2.0,0.0,1,0,20131221,MIL,PHI
Shot Chart Detail,0021300452,30,202323,Evan Turner,1610612755,Philadelphia 76ers,1,8,54,Missed Shot,Jump Shot,2PT Field Goal,Mid-Range,Right Side(R),16-24 ft.,17.0,176.0,15.0,1,0,20131229,LAL,PHI
Shot Chart Detail,0021300452,44,202323,Evan Turner,1610612755,Philadelphia 76ers,1,7,47,Missed Shot,Layup Shot,2PT Field Goal,Restricted Area,Center(C),Less Than 8 ft.,2.0,21.0,0.0,1,0,20131229,LAL,PHI
Shot Chart Detail,0021300452,45,202323,Evan Turner,1610612755,Philadelphia 76ers,1,7,46,Made Shot,Putback Layup Shot,2PT Field Goal,Restricted Area,Center(C),Less Than 8 ft.,1.0,15.0,-2.0,1,1,20131229,LAL,PHI
Shot Chart Detail,0021300452,97,202323,Evan Turner,1610612755,Philadelphia 76ers,1,3,48,Made Shot,Reverse Dunk Shot,2PT Field Goal,Restricted Area,Center(C),Less Than 8 ft.,0.0,-4.0,0.0,1,1,20131229,LAL,PHI
Shot Chart Detail,0021300452,212,202323,Evan Turner,1610612755,Philadelphia 76ers,2,8,7,Made Shot,Turnaround Jump Shot,2PT Field Goal,In The Paint (Non-RA),Center(C),8-16 ft.,13.0,9.0,138.0,1,1,20131229,LAL,PHI
Shot Chart Detail,0021300452,219,202323,Evan Turner,1610612755,Philadelphia 76ers,2,7,40,Missed Shot,Layup Shot,2PT Field Goal,Restricted Area,Center(C),Less Than 8 ft.,2.0,-11.0,17.0,1,0,20131229,LAL,PHI
Shot Chart Detail,0021300452,285,202323,Evan Turner,1610612755,Philadelphia 76ers,2,2,51,Made Shot,Layup Shot,2PT Field Goal,Restricted Area,Center(C),Less Than 8 ft.,2.0,28.0,-6.0,1,1,20131229,LAL,PHI
Shot Chart Detail,0021300452,320,202323,Evan Turner,1610612755,Philadelphia 76ers,3,11,42,Missed Shot,Jump Shot,2PT Field Goal,In The Paint (Non-RA),Left Side(L),8-16 ft.,9.0,-60.0,75.0,1,0,20131229,LAL,PHI
Shot Chart Detail,0021300452,397,202323,Evan Turner,1610612755,Philadelphia 76ers,3,6,8,Made Shot,Jump Shot,2PT Field Goal,Mid-Range,Left Side Center(LC),16-24 ft.,17.0,-95.0,145.0,1,1,20131229,LAL,PHI
Shot Chart Detail,0021300452,492,202323,Evan Turner,1610612755,Philadelphia 76ers,4,11,31,Made Shot,Pullup Jump shot,2PT Field Goal,Mid-Range,Right Side Center(RC),16-24 ft.,19.0,121.0,148.0,1,1,20131229,LAL,PHI
Shot Chart Detail,0021300452,502,202323,Evan Turner,1610612755,Philadelphia 76ers,4,10,40,Missed Shot,Jump Shot,2PT Field Goal,In The Paint (Non-RA),Center(C),Less Than 8 ft.,6.0,50.0,48.0,1,0,20131229,LAL,PHI
Shot Chart Detail,0021300452,504,202323,Evan Turner,1610612755,Philadelphia 76ers,4,10,36,Made Shot,Fadeaway Jump Shot,2PT Field Goal,Mid-Range,Right Side Center(RC),16-24 ft.,17.0,99.0,145.0,1,1,20131229,LAL,PHI
Shot Chart Detail,0021300452,520,202323,Evan Turner,1610612755,Philadelphia 76ers,4,9,37,Missed Shot,Pullup Jump shot,2PT Field Goal,Mid-Range,Right Side(R),8-16 ft.,14.0,147.0,19.0,1,0,20131229,LAL,PHI
Shot Chart Detail,0021300452,543,202323,Evan Turner,1610612755,Philadelphia 76ers,4,6,44,Missed Shot,Jump Shot,3PT Field Goal,Above the Break 3,Left Side Center(LC),24+ ft.,25.0,-119.0,224.0,1,0,20131229,LAL,PHI
Shot Chart Detail,0021300452,548,202323,Evan Turner,1610612755,Philadelphia 76ers,4,6,4,Missed Shot,Jump Shot,2PT Field Goal,In The Paint (Non-RA),Center(C),Less Than 8 ft.,7.0,-5.0,78.0,1,0,20131229,LAL,PHI
Shot Chart Detail,0021300452,581,202323,Evan Turner,1610612755,Philadelphia 76ers,4,3,33,Made Shot,Jump Shot,2PT Field Goal,Mid-Range,Right Side(R),16-24 ft.,17.0,176.0,7.0,1,1,20131229,LAL,PHI
Shot Chart Detail,0021300452,584,202323,Evan Turner,1610612755,Philadelphia 76ers,4,3,6,Missed Shot,Step Back Jump shot,2PT Field Goal,Mid-Range,Left Side(L),8-16 ft.,12.0,-123.0,7.0,1,0,20131229,LAL,PHI
Shot Chart Detail,0021300452,614,202323,Evan Turner,1610612755,Philadelphia 76ers,4,0,33,Missed Shot,Jump Shot,2PT Field Goal,In The Paint (Non-RA),Right Side(R),8-16 ft.,12.0,67.0,105.0,1,0,20131229,LAL,PHI
Shot Chart Detail,0021300452,633,202323,Evan Turner,1610612755,Philadelphia 76ers,4,0,0,Made Shot,Reverse Dunk Shot,2PT Field Goal,Restricted Area,Center(C),Less Than 8 ft.,0.0,2.0,0.0,1,1,20131229,LAL,PHI
Shot Chart Detail,0021300471,13,202323,Evan Turner,1610612755,Philadelphia 76ers,1,10,43,Made Shot,Jump Shot,3PT Field Goal,Above the Break 3,Right Side Center(RC),24+ ft.,26.0,203.0,164.0,1,1,20140101,DEN,PHI
Shot Chart Detail,0021300471,34,202323,Evan Turner,1610612755,Philadelphia 76ers,1,8,22,Missed Shot,Jump Shot,3PT Field Goal,Above the Break 3,Left Side Center(LC),24+ ft.,26.0,-149.0,216.0,1,0,20140101,DEN,PHI
Shot Chart Detail,0021300471,93,202323,Evan Turner,1610612755,Philadelphia 76ers,1,5,3,Missed Shot,Jump Shot,2PT Field Goal,In The Paint (Non-RA),Center(C),Less Than 8 ft.,5.0,9.0,50.0,1,0,20140101,DEN,PHI
Shot Chart Detail,0021300471,219,202323,Evan Turner,1610612755,Philadelphia 76ers,2,8,7,Made Shot,Driving Layup Shot,2PT Field Goal,Restricted Area,Center(C),Less Than 8 ft.,2.0,21.0,15.0,1,1,20140101,DEN,PHI
Shot Chart Detail,0021300471,261,202323,Evan Turner,1610612755,Philadelphia 76ers,2,4,35,Missed Shot,Driving Layup Shot,2PT Field Goal,Restricted Area,Center(C),Less Than 8 ft.,0.0,-5.0,0.0,1,0,20140101,DEN,PHI
Shot Chart Detail,0021300471,302,202323,Evan Turner,1610612755,Philadelphia 76ers,2,0,51,Made Shot,Layup Shot,2PT Field Goal,Restricted Area,Center(C),Less Than 8 ft.,2.0,-16.0,15.0,1,1,20140101,DEN,PHI
Shot Chart Detail,0021300471,317,202323,Evan Turner,1610612755,Philadelphia 76ers,2,0,7,Made Shot,Step Back Jump shot,2PT Field Goal,Mid-Range,Right Side Center(RC),16-24 ft.,19.0,103.0,164.0,1,1,20140101,DEN,PHI
Shot Chart Detail,0021300471,423,202323,Evan Turner,1610612755,Philadelphia 76ers,3,11,45,Missed Shot,Jump Shot,2PT Field Goal,In The Paint (Non-RA),Center(C),Less Than 8 ft.,7.0,17.0,69.0,1,0,20140101,DEN,PHI
Shot Chart Detail,0021300471,342,202323,Evan Turner,1610612755,Philadelphia 76ers,3,9,29,Made Shot,Jump Shot,2PT Field Goal,Mid-Range,Left Side(L),8-16 ft.,12.0,-122.0,9.0,1,1,20140101,DEN,PHI
Shot Chart Detail,0021300471,360,202323,Evan Turner,1610612755,Philadelphia 76ers,3,8,25,Missed Shot,Jump Shot,2PT Field Goal,Mid-Range,Right Side Center(RC),16-24 ft.,18.0,116.0,148.0,1,0,20140101,DEN,PHI
Shot Chart Detail,0021300471,369,202323,Evan Turner,1610612755,Philadelphia 76ers,3,7,21,Missed Shot,Jump Shot,2PT Field Goal,In The Paint (Non-RA),Center(C),Less Than 8 ft.,4.0,-15.0,47.0,1,0,20140101,DEN,PHI
Shot Chart Detail,0021300471,406,202323,Evan Turner,1610612755,Philadelphia 76ers,3,3,40,Missed Shot,Jump Shot,2PT Field Goal,In The Paint (Non-RA),Center(C),Less Than 8 ft.,5.0,26.0,52.0,1,0,20140101,DEN,PHI
Shot Chart Detail,0021300471,445,202323,Evan Turner,1610612755,Philadelphia 76ers,3,0,27,Made Shot,Jump Shot,2PT Field Goal,Mid-Range,Right Side(R),8-16 ft.,15.0,122.0,93.0,1,1,20140101,DEN,PHI
Shot Chart Detail,0021300471,514,202323,Evan Turner,1610612755,Philadelphia 76ers,4,8,6,Missed Shot,Running Jump Shot,2PT Field Goal,Mid-Range,Left Side(L),8-16 ft.,14.0,-131.0,50.0,1,0,20140101,DEN,PHI
Shot Chart Detail,0021300471,529,202323,Evan Turner,1610612755,Philadelphia 76ers,4,6,52,Made Shot,Driving Layup Shot,2PT Field Goal,Restricted Area,Center(C),Less Than 8 ft.,1.0,-11.0,4.0,1,1,20140101,DEN,PHI
Shot Chart Detail,0021300471,574,202323,Evan Turner,1610612755,Philadelphia 76ers,4,4,15,Missed Shot,Jump Shot,3PT Field Goal,Above the Break 3,Right Side Center(RC),24+ ft.,25.0,154.0,205.0,1,0,20140101,DEN,PHI
Shot Chart Detail,0021300471,585,202323,Evan Turner,1610612755,Philadelphia 76ers,4,3,26,Made Shot,Turnaround Jump Shot,2PT Field Goal,In The Paint (Non-RA),Center(C),Less Than 8 ft.,6.0,62.0,1.0,1,1,20140101,DEN,PHI
Shot Chart Detail,0021300481,26,202323,Evan Turner,1610612755,Philadelphia 76ers,1,9,26,Made Shot,Driving Layup Shot,2PT Field Goal,In The Paint (Non-RA),Center(C),Less Than 8 ft.,4.0,45.0,15.0,1,1,20140102,SAC,PHI
Shot Chart Detail,0021300481,44,202323,Evan Turner,1610612755,Philadelphia 76ers,1,7,39,Made Shot,Driving Reverse Layup Shot,2PT Field Goal,Restricted Area,Center(C),Less Than 8 ft.,2.0,-16.0,19.0,1,1,20140102,SAC,PHI
Shot Chart Detail,0021300481,47,202323,Evan Turner,1610612755,Philadelphia 76ers,1,7,11,Missed Shot,Jump Shot,2PT Field Goal,Mid-Range,Left Side Center(LC),16-24 ft.,19.0,-76.0,184.0,1,0,20140102,SAC,PHI
Shot Chart Detail,0021300481,51,202323,Evan Turner,1610612755,Philadelphia 76ers,1,6,52,Missed Shot,Layup Shot,2PT Field Goal,Restricted Area,Center(C),Less Than 8 ft.,3.0,-30.0,3.0,1,0,20140102,SAC,PHI
Shot Chart Detail,0021300481,58,202323,Evan Turner,1610612755,Philadelphia 76ers,1,6,24,Made Shot,Running Hook Shot,2PT Field Goal,Restricted Area,Center(C),Less Than 8 ft.,3.0,-13.0,37.0,1,1,20140102,SAC,PHI
Shot Chart Detail,0021300481,68,202323,Evan Turner,1610612755,Philadelphia 76ers,1,4,58,Made Shot,Jump Shot,2PT Field Goal,Mid-Range,Right Side Center(RC),16-24 ft.,16.0,89.0,137.0,1,1,20140102,SAC,PHI
Shot Chart Detail,0021300481,79,202323,Evan Turner,1610612755,Philadelphia 76ers,1,3,49,Made Shot,Layup Shot,2PT Field Goal,Restricted Area,Center(C),Less Than 8 ft.,1.0,-15.0,11.0,1,1,20140102,SAC,PHI
Shot Chart Detail,0021300481,98,202323,Evan Turner,1610612755,Philadelphia 76ers,1,2,27,Missed Shot,Jump Shot,2PT Field Goal,In The Paint (Non-RA),Right Side(R),8-16 ft.,8.0,80.0,4.0,1,0,20140102,SAC,PHI
Shot Chart Detail,0021300481,123,202323,Evan Turner,1610612755,Philadelphia 76ers,1,1,20,Missed Shot,Jump Shot,3PT Field Goal,Left Corner 3,Left Side(L),24+ ft.,22.0,-223.0,15.0,1,0,20140102,SAC,PHI
Shot Chart Detail,0021300481,271,202323,Evan Turner,1610612755,Philadelphia 76ers,2,3,47,Made Shot,Jump Shot,2PT Field Goal,Mid-Range,Left Side(L),16-24 ft.,16.0,-142.0,83.0,1,1,20140102,SAC,PHI
Shot Chart Detail,0021300481,286,202323,Evan Turner,1610612755,Philadelphia 76ers,2,2,21,Missed Shot,Jump Shot,3PT Field Goal,Above the Break 3,Right Side Center(RC),24+ ft.,24.0,124.0,217.0,1,0,20140102,SAC,PHI
Shot Chart Detail,0021300481,289,202323,Evan Turner,1610612755,Philadelphia 76ers,2,1,53,Missed Shot,Jump Shot,2PT Field Goal,Mid-Range,Center(C),16-24 ft.,19.0,6.0,194.0,1,0,20140102,SAC,PHI
Shot Chart Detail,0021300481,347,202323,Evan Turner,1610612755,Philadelphia 76ers,3,9,53,Missed Shot,Jump Shot,2PT Field Goal,In The Paint (Non-RA),Center(C),8-16 ft.,8.0,-5.0,80.0,1,0,20140102,SAC,PHI
Shot Chart Detail,0021300481,372,202323,Evan Turner,1610612755,Philadelphia 76ers,3,8,19,Made Shot,Running Jump Shot,2PT Field Goal,In The Paint (Non-RA),Center(C),Less Than 8 ft.,5.0,48.0,33.0,1,1,20140102,SAC,PHI
Shot Chart Detail,0021300481,377,202323,Evan Turner,1610612755,Philadelphia 76ers,3,7,55,Made Shot,Jump Shot,2PT Field Goal,Mid-Range,Right Side(R),16-24 ft.,17.0,171.0,7.0,1,1,20140102,SAC,PHI
Shot Chart Detail,0021300481,388,202323,Evan Turner,1610612755,Philadelphia 76ers,3,6,42,Missed Shot,Jump Shot,2PT Field Goal,Mid-Range,Center(C),16-24 ft.,20.0,26.0,205.0,1,0,20140102,SAC,PHI
Shot Chart Detail,0021300481,489,202323,Evan Turner,1610612755,Philadelphia 76ers,4,11,24,Made Shot,Driving Layup Shot,2PT Field Goal,Restricted Area,Center(C),Less Than 8 ft.,3.0,36.0,1.0,1,1,20140102,SAC,PHI
Shot Chart Detail,0021300481,510,202323,Evan Turner,1610612755,Philadelphia 76ers,4,9,20,Missed Shot,Jump Shot,2PT Field Goal,Mid-Range,Right Side(R),8-16 ft.,15.0,91.0,129.0,1,0,20140102,SAC,PHI
Shot Chart Detail,0021300481,542,202323,Evan Turner,1610612755,Philadelphia 76ers,4,6,34,Missed Shot,Jump Shot,3PT Field Goal,Right Corner 3,Right Side(R),24+ ft.,24.0,236.0,48.0,1,0,20140102,SAC,PHI
Shot Chart Detail,0021300481,567,202323,Evan Turner,1610612755,Philadelphia 76ers,4,4,31,Made Shot,Running Jump Shot,2PT Field Goal,In The Paint (Non-RA),Center(C),Less Than 8 ft.,6.0,47.0,39.0,1,1,20140102,SAC,PHI
Shot Chart Detail,0021300481,589,202323,Evan Turner,1610612755,Philadelphia 76ers,4,2,42,Made Shot,Turnaround Jump Shot,2PT Field Goal,Mid-Range,Center(C),8-16 ft.,14.0,7.0,149.0,1,1,20140102,SAC,PHI
Shot Chart Detail,0021300481,595,202323,Evan Turner,1610612755,Philadelphia 76ers,4,2,5,Missed Shot,Jump Shot,3PT Field Goal,Above the Break 3,Center(C),24+ ft.,25.0,-65.0,250.0,1,0,20140102,SAC,PHI
Shot Chart Detail,0021300496,2,202323,Evan Turner,1610612755,Philadelphia 76ers,1,11,37,Made Shot,Jump Shot,3PT Field Goal,Above the Break 3,Center(C),24+ ft.,24.0,-40.0,242.0,1,1,20140104,POR,PHI
Shot Chart Detail,0021300496,9,202323,Evan Turner,1610612755,Philadelphia 76ers,1,10,15,Made Shot,Pullup Jump shot,2PT Field Goal,In The Paint (Non-RA),Center(C),8-16 ft.,14.0,51.0,135.0,1,1,20140104,POR,PHI
Shot Chart Detail,0021300496,16,202323,Evan Turner,1610612755,Philadelphia 76ers,1,9,11,Made Shot,Driving Layup Shot,2PT Field Goal,Restricted Area,Center(C),Less Than 8 ft.,1.0,17.0,-2.0,1,1,20140104,POR,PHI
Shot Chart Detail,0021300496,35,202323,Evan Turner,1610612755,Philadelphia 76ers,1,6,30,Missed Shot,Driving Reverse Layup Shot,2PT Field Goal,Restricted Area,Center(C),Less Than 8 ft.,0.0,1.0,1.0,1,0,20140104,POR,PHI
Shot Chart Detail,0021300496,50,202323,Evan Turner,1610612755,Philadelphia 76ers,1,5,22,Missed Shot,Jump Shot,3PT Field Goal,Left Corner 3,Left Side(L),24+ ft.,23.0,-234.0,0.0,1,0,20140104,POR,PHI
Shot Chart Detail,0021300496,79,202323,Evan Turner,1610612755,Philadelphia 76ers,1,2,16,Missed Shot,Jump Shot,2PT Field Goal,Mid-Range,Left Side Center(LC),16-24 ft.,17.0,-87.0,151.0,1,0,20140104,POR,PHI
Shot Chart Detail,0021300496,83,202323,Evan Turner,1610612755,Philadelphia 76ers,1,1,55,Made Shot,Jump Shot,2PT Field Goal,Mid-Range,Right Side Center(RC),16-24 ft.,18.0,144.0,113.0,1,1,20140104,POR,PHI
Shot Chart Detail,0021300496,175,202323,Evan Turner,1610612755,Philadelphia 76ers,2,6,56,Made Shot,Pullup Jump shot,2PT Field Goal,Mid-Range,Center(C),16-24 ft.,17.0,-38.0,172.0,1,1,20140104,POR,PHI
Shot Chart Detail,0021300496,181,202323,Evan Turner,1610612755,Philadelphia 76ers,2,5,57,Made Shot,Jump Shot,2PT Field Goal,In The Paint (Non-RA),Right Side(R),8-16 ft.,14.0,78.0,121.0,1,1,20140104,POR,PHI
Shot Chart Detail,0021300496,202,202323,Evan Turner,1610612755,Philadelphia 76ers,2,4,7,Missed Shot,Jump Shot,2PT Field Goal,Mid-Range,Right Side Center(RC),16-24 ft.,16.0,70.0,153.0,1,0,20140104,POR,PHI
Shot Chart Detail,0021300496,209,202323,Evan Turner,1610612755,Philadelphia 76ers,2,3,1,Missed Shot,Jump Shot,2PT Field Goal,Mid-Range,Left Side(L),8-16 ft.,14.0,-134.0,63.0,1,0,20140104,POR,PHI
Shot Chart Detail,0021300496,227,202323,Evan Turner,1610612755,Philadelphia 76ers,2,1,38,Missed Shot,Jump Shot,2PT Field Goal,In The Paint (Non-RA),Center(C),Less Than 8 ft.,7.0,-65.0,36.0,1,0,20140104,POR,PHI
Shot Chart Detail,0021300496,246,202323,Evan Turner,1610612755,Philadelphia 76ers,2,0,6,Made Shot,Driving Layup Shot,2PT Field Goal,Restricted Area,Center(C),Less Than 8 ft.,1.0,-11.0,0.0,1,1,20140104,POR,PHI
Shot Chart Detail,0021300496,293,202323,Evan Turner,1610612755,Philadelphia 76ers,3,8,10,Missed Shot,Jump Shot,2PT Field Goal,Mid-Range,Center(C),8-16 ft.,14.0,4.0,142.0,1,0,20140104,POR,PHI
Shot Chart Detail,0021300496,368,202323,Evan Turner,1610612755,Philadelphia 76ers,3,2,44,Missed Shot,Jump Shot,2PT Field Goal,In The Paint (Non-RA),Left Side(L),8-16 ft.,8.0,-75.0,47.0,1,0,20140104,POR,PHI
Shot Chart Detail,0021300496,465,202323,Evan Turner,1610612755,Philadelphia 76ers,4,6,53,Made Shot,Jump Shot,3PT Field Goal,Above the Break 3,Center(C),24+ ft.,25.0,50.0,246.0,1,1,20140104,POR,PHI
Shot Chart Detail,0021300496,468,202323,Evan Turner,1610612755,Philadelphia 76ers,4,6,18,Made Shot,Step Back Jump shot,2PT Field Goal,Mid-Range,Right Side(R),8-16 ft.,9.0,94.0,6.0,1,1,20140104,POR,PHI
Shot Chart Detail,0021300496,478,202323,Evan Turner,1610612755,Philadelphia 76ers,4,5,21,Missed Shot,Driving Layup Shot,2PT Field Goal,Restricted Area,Center(C),Less Than 8 ft.,1.0,10.0,-3.0,1,0,20140104,POR,PHI
Shot Chart Detail,0021300496,504,202323,Evan Turner,1610612755,Philadelphia 76ers,4,3,28,Missed Shot,Turnaround Jump Shot,2PT Field Goal,In The Paint (Non-RA),Right Side(R),8-16 ft.,11.0,70.0,94.0,1,0,20140104,POR,PHI
Shot Chart Detail,0021300496,531,202323,Evan Turner,1610612755,Philadelphia 76ers,4,1,47,Missed Shot,Pullup Jump shot,2PT Field Goal,Mid-Range,Right Side Center(RC),16-24 ft.,17.0,80.0,156.0,1,0,20140104,POR,PHI
Shot Chart Detail,0021300505,30,202323,Evan Turner,1610612755,Philadelphia 76ers,1,7,57,Made Shot,Jump Shot,2PT Field Goal,Mid-Range,Center(C),16-24 ft.,20.0,-11.0,203.0,1,1,20140106,PHI,MIN
Shot Chart Detail,0021300505,48,202323,Evan Turner,1610612755,Philadelphia 76ers,1,6,13,Made Shot,Jump Shot,2PT Field Goal,Mid-Range,Center(C),16-24 ft.,17.0,-8.0,175.0,1,1,20140106,PHI,MIN
Shot Chart Detail,0021300505,233,202323,Evan Turner,1610612755,Philadelphia 76ers,2,2,45,Missed Shot,Jump Shot,2PT Field Goal,Mid-Range,Center(C),16-24 ft.,16.0,-15.0,160.0,1,0,20140106,PHI,MIN
Shot Chart Detail,0021300505,254,202323,Evan Turner,1610612755,Philadelphia 76ers,2,0,50,Missed Shot,Jump Shot,3PT Field Goal,Right Corner 3,Right Side(R),24+ ft.,23.0,236.0,28.0,1,0,20140106,PHI,MIN
Shot Chart Detail,0021300505,281,202323,Evan Turner,1610612755,Philadelphia 76ers,3,10,38,Made Shot,Pullup Jump shot,2PT Field Goal,Mid-Range,Right Side Center(RC),16-24 ft.,16.0,88.0,142.0,1,1,20140106,PHI,MIN
Shot Chart Detail,0021300505,300,202323,Evan Turner,1610612755,Philadelphia 76ers,3,8,45,Made Shot,Turnaround Jump Shot,2PT Field Goal,Mid-Range,Left Side(L),8-16 ft.,11.0,-119.0,-11.0,1,1,20140106,PHI,MIN
Shot Chart Detail,0021300505,305,202323,Evan Turner,1610612755,Philadelphia 76ers,3,8,13,Missed Shot,Jump Shot,2PT Field Goal,In The Paint (Non-RA),Left Side(L),8-16 ft.,8.0,-67.0,53.0,1,0,20140106,PHI,MIN
Shot Chart Detail,0021300505,319,202323,Evan Turner,1610612755,Philadelphia 76ers,3,6,22,Missed Shot,Jump Shot,2PT Field Goal,Mid-Range,Right Side(R),16-24 ft.,18.0,181.0,15.0,1,0,20140106,PHI,MIN
Shot Chart Detail,0021300505,343,202323,Evan Turner,1610612755,Philadelphia 76ers,3,4,45,Made Shot,Dunk Shot,2PT Field Goal,Restricted Area,Center(C),Less Than 8 ft.,0.0,-5.0,-2.0,1,1,20140106,PHI,MIN
Shot Chart Detail,0021300509,7,202323,Evan Turner,1610612755,Philadelphia 76ers,1,11,4,Missed Shot,Jump Shot,2PT Field Goal,Mid-Range,Left Side(L),8-16 ft.,13.0,-136.0,-11.0,1,0,20140107,CLE,PHI
Shot Chart Detail,0021300509,23,202323,Evan Turner,1610612755,Philadelphia 76ers,1,8,38,Made Shot,Jump Shot,2PT Field Goal,Mid-Range,Center(C),16-24 ft.,17.0,39.0,175.0,1,1,20140107,CLE,PHI
Shot Chart Detail,0021300509,25,202323,Evan Turner,1610612755,Philadelphia 76ers,1,8,10,Missed Shot,Layup Shot,2PT Field Goal,Restricted Area,Center(C),Less Than 8 ft.,1.0,-10.0,0.0,1,0,20140107,CLE,PHI
Shot Chart Detail,0021300509,37,202323,Evan Turner,1610612755,Philadelphia 76ers,1,6,30,Missed Shot,Jump Shot,2PT Field Goal,Mid-Range,Right Side(R),16-24 ft.,16.0,159.0,-30.0,1,0,20140107,CLE,PHI
Shot Chart Detail,0021300509,47,202323,Evan Turner,1610612755,Philadelphia 76ers,1,5,32,Missed Shot,Jump Shot,3PT Field Goal,Above the Break 3,Right Side Center(RC),24+ ft.,24.0,152.0,195.0,1,0,20140107,CLE,PHI
Shot Chart Detail,0021300509,102,202323,Evan Turner,1610612755,Philadelphia 76ers,1,0,22,Made Shot,Jump Shot,2PT Field Goal,Mid-Range,Left Side(L),8-16 ft.,14.0,-106.0,105.0,1,1,20140107,CLE,PHI
Shot Chart Detail,0021300509,130,202323,Evan Turner,1610612755,Philadelphia 76ers,2,9,40,Missed Shot,Driving Layup Shot,2PT Field Goal,Restricted Area,Center(C),Less Than 8 ft.,0.0,-5.0,3.0,1,0,20140107,CLE,PHI
Shot Chart Detail,0021300509,132,202323,Evan Turner,1610612755,Philadelphia 76ers,2,9,37,Missed Shot,Layup Shot,2PT Field Goal,Restricted Area,Center(C),Less Than 8 ft.,1.0,4.0,14.0,1,0,20140107,CLE,PHI
Shot Chart Detail,0021300509,136,202323,Evan Turner,1610612755,Philadelphia 76ers,2,9,15,Missed Shot,Fadeaway Jump Shot,2PT Field Goal,Mid-Range,Left Side(L),8-16 ft.,12.0,-108.0,71.0,1,0,20140107,CLE,PHI
Shot Chart Detail,0021300509,153,202323,Evan Turner,1610612755,Philadelphia 76ers,2,7,38,Missed Shot,Jump Shot,2PT Field Goal,Mid-Range,Right Side(R),8-16 ft.,15.0,141.0,52.0,1,0,20140107,CLE,PHI
Shot Chart Detail,0021300509,266,202323,Evan Turner,1610612755,Philadelphia 76ers,3,10,22,Missed Shot,Jump Shot,2PT Field Goal,Mid-Range,Right Side(R),8-16 ft.,12.0,119.0,20.0,1,0,20140107,CLE,PHI
Shot Chart Detail,0021300509,271,202323,Evan Turner,1610612755,Philadelphia 76ers,3,10,0,Missed Shot,Layup Shot,2PT Field Goal,Restricted Area,Center(C),Less Than 8 ft.,1.0,10.0,9.0,1,0,20140107,CLE,PHI
Shot Chart Detail,0021300509,298,202323,Evan Turner,1610612755,Philadelphia 76ers,3,8,24,Missed Shot,Jump Shot,2PT Field Goal,Mid-Range,Left Side Center(LC),16-24 ft.,22.0,-164.0,148.0,1,0,20140107,CLE,PHI
Shot Chart Detail,0021300532,4,202323,Evan Turner,1610612755,Philadelphia 76ers,1,11,24,Made Shot,Jump Shot,3PT Field Goal,Left Corner 3,Left Side(L),24+ ft.,23.0,-235.0,-6.0,1,1,20140110,PHI,DET
Shot Chart Detail,0021300532,20,202323,Evan Turner,1610612755,Philadelphia 76ers,1,8,55,Made Shot,Jump Shot,3PT Field Goal,Above the Break 3,Left Side Center(LC),24+ ft.,26.0,-114.0,235.0,1,1,20140110,PHI,DET
Shot Chart Detail,0021300532,52,202323,Evan Turner,1610612755,Philadelphia 76ers,1,6,35,Missed Shot,Jump Shot,2PT Field Goal,Mid-Range,Left Side(L),8-16 ft.,11.0,-108.0,23.0,1,0,20140110,PHI,DET
Shot Chart Detail,0021300532,87,202323,Evan Turner,1610612755,Philadelphia 76ers,1,4,14,Made Shot,Driving Layup Shot,2PT Field Goal,Restricted Area,Center(C),Less Than 8 ft.,0.0,-2.0,0.0,1,1,20140110,PHI,DET
Shot Chart Detail,0021300532,239,202323,Evan Turner,1610612755,Philadelphia 76ers,2,6,27,Missed Shot,Jump Shot,3PT Field Goal,Above the Break 3,Right Side Center(RC),24+ ft.,25.0,222.0,129.0,1,0,20140110,PHI,DET
Shot Chart Detail,0021300532,246,202323,Evan Turner,1610612755,Philadelphia 76ers,2,5,26,Missed Shot,Layup Shot,2PT Field Goal,Restricted Area,Center(C),Less Than 8 ft.,1.0,10.0,-2.0,1,0,20140110,PHI,DET
Shot Chart Detail,0021300532,274,202323,Evan Turner,1610612755,Philadelphia 76ers,2,3,11,Made Shot,Driving Layup Shot,2PT Field Goal,Restricted Area,Center(C),Less Than 8 ft.,1.0,13.0,0.0,1,1,20140110,PHI,DET
Shot Chart Detail,0021300532,285,202323,Evan Turner,1610612755,Philadelphia 76ers,2,2,16,Made Shot,Driving Layup Shot,2PT Field Goal,Restricted Area,Center(C),Less Than 8 ft.,1.0,-15.0,0.0,1,1,20140110,PHI,DET
Shot Chart Detail,0021300532,287,202323,Evan Turner,1610612755,Philadelphia 76ers,2,1,42,Missed Shot,Layup Shot,2PT Field Goal,Restricted Area,Center(C),Less Than 8 ft.,2.0,4.0,20.0,1,0,20140110,PHI,DET
Shot Chart Detail,0021300532,325,202323,Evan Turner,1610612755,Philadelphia 76ers,3,10,32,Missed Shot,Layup Shot,2PT Field Goal,Restricted Area,Center(C),Less Than 8 ft.,2.0,-23.0,1.0,1,0,20140110,PHI,DET
Shot Chart Detail,0021300532,343,202323,Evan Turner,1610612755,Philadelphia 76ers,3,8,28,Missed Shot,Jump Shot,2PT Field Goal,In The Paint (Non-RA),Center(C),8-16 ft.,13.0,13.0,131.0,1,0,20140110,PHI,DET
Shot Chart Detail,0021300532,372,202323,Evan Turner,1610612755,Philadelphia 76ers,3,5,25,Made Shot,Floating Jump shot,2PT Field Goal,In The Paint (Non-RA),Right Side(R),8-16 ft.,12.0,69.0,104.0,1,1,20140110,PHI,DET
Shot Chart Detail,0021300532,382,202323,Evan Turner,1610612755,Philadelphia 76ers,3,4,27,Missed Shot,Jump Shot,2PT Field Goal,Mid-Range,Right Side(R),8-16 ft.,13.0,130.0,12.0,1,0,20140110,PHI,DET
Shot Chart Detail,0021300532,498,202323,Evan Turner,1610612755,Philadelphia 76ers,4,6,58,Missed Shot,Jump Shot,2PT Field Goal,Mid-Range,Left Side(L),8-16 ft.,13.0,-138.0,0.0,1,0,20140110,PHI,DET
Shot Chart Detail,0021300546,15,202323,Evan Turner,1610612755,Philadelphia 76ers,1,10,31,Missed Shot,Jump Shot,3PT Field Goal,Above the Break 3,Right Side Center(RC),24+ ft.,25.0,182.0,176.0,1,0,20140111,PHI,NYK
Shot Chart Detail,0021300546,28,202323,Evan Turner,1610612755,Philadelphia 76ers,1,9,9,Missed Shot,Jump Shot,2PT Field Goal,Mid-Range,Center(C),8-16 ft.,14.0,6.0,143.0,1,0,20140111,PHI,NYK
Shot Chart Detail,0021300546,54,202323,Evan Turner,1610612755,Philadelphia 76ers,1,6,4,Made Shot,Pullup Jump shot,2PT Field Goal,Mid-Range,Left Side(L),8-16 ft.,15.0,-81.0,135.0,1,1,20140111,PHI,NYK
Shot Chart Detail,0021300546,94,202323,Evan Turner,1610612755,Philadelphia 76ers,1,2,42,Made Shot,Jump Shot,3PT Field Goal,Right Corner 3,Right Side(R),24+ ft.,23.0,236.0,-8.0,1,1,20140111,PHI,NYK
Shot Chart Detail,0021300546,212,202323,Evan Turner,1610612755,Philadelphia 76ers,2,3,24,Missed Shot,Jump Shot,2PT Field Goal,Mid-Range,Right Side(R),16-24 ft.,18.0,189.0,1.0,1,0,20140111,PHI,NYK
Shot Chart Detail,0021300546,266,202323,Evan Turner,1610612755,Philadelphia 76ers,3,9,6,Missed Shot,Jump Shot,3PT Field Goal,Right Corner 3,Right Side(R),24+ ft.,23.0,233.0,9.0,1,0,20140111,PHI,NYK
Shot Chart Detail,0021300546,398,202323,Evan Turner,1610612755,Philadelphia 76ers,4,9,35,Made Shot,Pullup Jump shot,2PT Field Goal,In The Paint (Non-RA),Center(C),Less Than 8 ft.,6.0,69.0,4.0,1,1,20140111,PHI,NYK
Shot Chart Detail,0021300546,404,202323,Evan Turner,1610612755,Philadelphia 76ers,4,8,44,Missed Shot,Jump Shot,3PT Field Goal,Above the Break 3,Right Side Center(RC),24+ ft.,26.0,184.0,195.0,1,0,20140111,PHI,NYK
Shot Chart Detail,0021300546,424,202323,Evan Turner,1610612755,Philadelphia 76ers,4,6,32,Missed Shot,Jump Shot,2PT Field Goal,Mid-Range,Left Side(L),8-16 ft.,13.0,-139.0,11.0,1,0,20140111,PHI,NYK
Shot Chart Detail,0021300546,463,202323,Evan Turner,1610612755,Philadelphia 76ers,4,4,4,Made Shot,Running Jump Shot,2PT Field Goal,In The Paint (Non-RA),Center(C),Less Than 8 ft.,5.0,34.0,41.0,1,1,20140111,PHI,NYK
Shot Chart Detail,0021300546,476,202323,Evan Turner,1610612755,Philadelphia 76ers,4,2,29,Missed Shot,Jump Shot,2PT Field Goal,Mid-Range,Left Side(L),8-16 ft.,11.0,-93.0,69.0,1,0,20140111,PHI,NYK
Shot Chart Detail,0021300567,15,202323,Evan Turner,1610612755,Philadelphia 76ers,1,9,50,Missed Shot,Jump Shot,2PT Field Goal,Mid-Range,Left Side(L),8-16 ft.,11.0,-84.0,75.0,1,0,20140115,PHI,CHA
Shot Chart Detail,0021300567,28,202323,Evan Turner,1610612755,Philadelphia 76ers,1,8,43,Missed Shot,Jump Shot,3PT Field Goal,Left Corner 3,Left Side(L),24+ ft.,23.0,-239.0,-16.0,1,0,20140115,PHI,CHA
Shot Chart Detail,0021300567,34,202323,Evan Turner,1610612755,Philadelphia 76ers,1,8,8,Missed Shot,Layup Shot,2PT Field Goal,Restricted Area,Center(C),Less Than 8 ft.,1.0,10.0,9.0,1,0,20140115,PHI,CHA
Shot Chart Detail,0021300567,186,202323,Evan Turner,1610612755,Philadelphia 76ers,2,8,4,Made Shot,Pullup Jump shot,2PT Field Goal,Mid-Range,Right Side(R),8-16 ft.,15.0,157.0,3.0,1,1,20140115,PHI,CHA
Shot Chart Detail,0021300567,189,202323,Evan Turner,1610612755,Philadelphia 76ers,2,7,34,Made Shot,Pullup Jump shot,2PT Field Goal,Mid-Range,Left Side(L),8-16 ft.,15.0,-111.0,110.0,1,1,20140115,PHI,CHA
Shot Chart Detail,0021300567,206,202323,Evan Turner,1610612755,Philadelphia 76ers,2,6,26,Made Shot,Turnaround Jump Shot,2PT Field Goal,In The Paint (Non-RA),Center(C),Less Than 8 ft.,6.0,1.0,64.0,1,1,20140115,PHI,CHA
Shot Chart Detail,0021300567,256,202323,Evan Turner,1610612755,Philadelphia 76ers,2,1,35,Missed Shot,Jump Shot,2PT Field Goal,Mid-Range,Right Side(R),8-16 ft.,11.0,94.0,66.0,1,0,20140115,PHI,CHA
Shot Chart Detail,0021300567,285,202323,Evan Turner,1610612755,Philadelphia 76ers,3,11,29,Missed Shot,Jump Shot,2PT Field Goal,In The Paint (Non-RA),Center(C),Less Than 8 ft.,7.0,-73.0,6.0,1,0,20140115,PHI,CHA
Shot Chart Detail,0021300567,333,202323,Evan Turner,1610612755,Philadelphia 76ers,3,6,56,Missed Shot,Jump Shot,2PT Field Goal,In The Paint (Non-RA),Center(C),8-16 ft.,9.0,7.0,93.0,1,0,20140115,PHI,CHA
Shot Chart Detail,0021300567,357,202323,Evan Turner,1610612755,Philadelphia 76ers,3,4,40,Missed Shot,Layup Shot,2PT Field Goal,Restricted Area,Center(C),Less Than 8 ft.,2.0,-5.0,28.0,1,0,20140115,PHI,CHA
Shot Chart Detail,0021300567,358,202323,Evan Turner,1610612755,Philadelphia 76ers,3,4,37,Made Shot,Layup Shot,2PT Field Goal,Restricted Area,Center(C),Less Than 8 ft.,1.0,4.0,15.0,1,1,20140115,PHI,CHA
Shot Chart Detail,0021300567,395,202323,Evan Turner,1610612755,Philadelphia 76ers,3,2,1,Made Shot,Layup Shot,2PT Field Goal,Restricted Area,Center(C),Less Than 8 ft.,1.0,-4.0,12.0,1,1,20140115,PHI,CHA
Shot Chart Detail,0021300567,468,202323,Evan Turner,1610612755,Philadelphia 76ers,4,6,30,Made Shot,Jump Shot,3PT Field Goal,Above the Break 3,Center(C),24+ ft.,26.0,10.0,261.0,1,1,20140115,PHI,CHA
Shot Chart Detail,0021300567,476,202323,Evan Turner,1610612755,Philadelphia 76ers,4,5,21,Made Shot,Pullup Jump shot,2PT Field Goal,Mid-Range,Left Side(L),8-16 ft.,14.0,-142.0,11.0,1,1,20140115,PHI,CHA
Shot Chart Detail,0021300567,481,202323,Evan Turner,1610612755,Philadelphia 76ers,4,4,51,Made Shot,Pullup Jump shot,2PT Field Goal,Mid-Range,Right Side(R),8-16 ft.,13.0,103.0,82.0,1,1,20140115,PHI,CHA
Shot Chart Detail,0021300567,485,202323,Evan Turner,1610612755,Philadelphia 76ers,4,4,12,Missed Shot,Jump Shot,2PT Field Goal,Mid-Range,Left Side(L),8-16 ft.,10.0,-103.0,7.0,1,0,20140115,PHI,CHA
Shot Chart Detail,0021300567,489,202323,Evan Turner,1610612755,Philadelphia 76ers,4,3,38,Missed Shot,Layup Shot,2PT Field Goal,Restricted Area,Center(C),Less Than 8 ft.,0.0,0.0,6.0,1,0,20140115,PHI,CHA
Shot Chart Detail,0021300567,490,202323,Evan Turner,1610612755,Philadelphia 76ers,4,3,36,Made Shot,Reverse Layup Shot,2PT Field Goal,Restricted Area,Center(C),Less Than 8 ft.,1.0,-15.0,9.0,1,1,20140115,PHI,CHA
Shot Chart Detail,0021300567,502,202323,Evan Turner,1610612755,Philadelphia 76ers,4,2,4,Made Shot,Running Reverse Layup Shot,2PT Field Goal,Restricted Area,Center(C),Less Than 8 ft.,0.0,1.0,6.0,1,1,20140115,PHI,CHA
Shot Chart Detail,0021300583,6,202323,Evan Turner,1610612755,Philadelphia 76ers,1,11,14,Made Shot,Pullup Jump shot,2PT Field Goal,Mid-Range,Left Side Center(LC),16-24 ft.,16.0,-78.0,142.0,1,1,20140117,PHI,MIA
Shot Chart Detail,0021300583,22,202323,Evan Turner,1610612755,Philadelphia 76ers,1,9,6,Missed Shot,Jump Shot,2PT Field Goal,Mid-Range,Left Side(L),16-24 ft.,18.0,-188.0,17.0,1,0,20140117,PHI,MIA
Shot Chart Detail,0021300583,119,202323,Evan Turner,1610612755,Philadelphia 76ers,1,2,33,Made Shot,Pullup Jump shot,2PT Field Goal,Mid-Range,Center(C),16-24 ft.,18.0,-4.0,186.0,1,1,20140117,PHI,MIA
Shot Chart Detail,0021300583,280,202323,Evan Turner,1610612755,Philadelphia 76ers,2,1,53,Missed Shot,Layup Shot,2PT Field Goal,Restricted Area,Center(C),Less Than 8 ft.,2.0,13.0,22.0,1,0,20140117,PHI,MIA
Shot Chart Detail,0021300583,288,202323,Evan Turner,1610612755,Philadelphia 76ers,2,0,51,Made Shot,Pullup Jump shot,2PT Field Goal,Mid-Range,Right Side Center(RC),16-24 ft.,17.0,92.0,154.0,1,1,20140117,PHI,MIA
Shot Chart Detail,0021300583,340,202323,Evan Turner,1610612755,Philadelphia 76ers,3,7,31,Made Shot,Pullup Jump shot,2PT Field Goal,Mid-Range,Center(C),16-24 ft.,18.0,20.0,183.0,1,1,20140117,PHI,MIA
Shot Chart Detail,0021300583,347,202323,Evan Turner,1610612755,Philadelphia 76ers,3,6,36,Missed Shot,Jump Shot,3PT Field Goal,Above the Break 3,Right Side Center(RC),24+ ft.,26.0,214.0,157.0,1,0,20140117,PHI,MIA
Shot Chart Detail,0021300583,384,202323,Evan Turner,1610612755,Philadelphia 76ers,3,2,54,Missed Shot,Layup Shot,2PT Field Goal,Restricted Area,Center(C),Less Than 8 ft.,2.0,-4.0,25.0,1,0,20140117,PHI,MIA
Shot Chart Detail,0021300596,7,202323,Evan Turner,1610612755,Philadelphia 76ers,1,11,0,Made Shot,Jump Shot,2PT Field Goal,Mid-Range,Right Side(R),8-16 ft.,11.0,114.0,15.0,1,1,20140118,CHI,PHI
Shot Chart Detail,0021300596,17,202323,Evan Turner,1610612755,Philadelphia 76ers,1,10,2,Missed Shot,Jump Shot,3PT Field Goal,Above the Break 3,Left Side Center(LC),24+ ft.,25.0,-160.0,194.0,1,0,20140118,CHI,PHI
Shot Chart Detail,0021300596,33,202323,Evan Turner,1610612755,Philadelphia 76ers,1,9,9,Missed Shot,Fadeaway Jump Shot,2PT Field Goal,Mid-Range,Left Side Center(LC),16-24 ft.,18.0,-146.0,112.0,1,0,20140118,CHI,PHI
Shot Chart Detail,0021300596,77,202323,Evan Turner,1610612755,Philadelphia 76ers,1,4,33,Made Shot,Jump Shot,2PT Field Goal,In The Paint (Non-RA),Center(C),8-16 ft.,13.0,1.0,134.0,1,1,20140118,CHI,PHI
Shot Chart Detail,0021300596,79,202323,Evan Turner,1610612755,Philadelphia 76ers,1,3,53,Made Shot,Running Dunk Shot,2PT Field Goal,Restricted Area,Center(C),Less Than 8 ft.,0.0,-2.0,6.0,1,1,20140118,CHI,PHI
Shot Chart Detail,0021300596,96,202323,Evan Turner,1610612755,Philadelphia 76ers,1,2,21,Missed Shot,Jump Shot,2PT Field Goal,Mid-Range,Right Side(R),16-24 ft.,17.0,179.0,-6.0,1,0,20140118,CHI,PHI
Shot Chart Detail,0021300596,332,202323,Evan Turner,1610612755,Philadelphia 76ers,3,4,9,Missed Shot,Jump Shot,2PT Field Goal,Mid-Range,Center(C),16-24 ft.,17.0,48.0,164.0,1,0,20140118,CHI,PHI
Shot Chart Detail,0021300596,444,202323,Evan Turner,1610612755,Philadelphia 76ers,4,6,5,Missed Shot,Jump Shot,2PT Field Goal,Mid-Range,Right Side Center(RC),16-24 ft.,19.0,72.0,184.0,1,0,20140118,CHI,PHI
Shot Chart Detail,0021300609,10,202323,Evan Turner,1610612755,Philadelphia 76ers,1,10,32,Missed Shot,Jump Shot,2PT Field Goal,Mid-Range,Left Side Center(LC),16-24 ft.,16.0,-125.0,108.0,1,0,20140120,WAS,PHI
Shot Chart Detail,0021300609,38,202323,Evan Turner,1610612755,Philadelphia 76ers,1,7,45,Made Shot,Step Back Jump shot,2PT Field Goal,Mid-Range,Left Side(L),8-16 ft.,15.0,-119.0,104.0,1,1,20140120,WAS,PHI
Shot Chart Detail,0021300609,52,202323,Evan Turner,1610612755,Philadelphia 76ers,1,6,3,Missed Shot,Jump Shot,2PT Field Goal,In The Paint (Non-RA),Center(C),Less Than 8 ft.,4.0,45.0,9.0,1,0,20140120,WAS,PHI
Shot Chart Detail,0021300609,91,202323,Evan Turner,1610612755,Philadelphia 76ers,1,3,32,Missed Shot,Jump Shot,2PT Field Goal,Mid-Range,Right Side(R),8-16 ft.,15.0,143.0,47.0,1,0,20140120,WAS,PHI
Shot Chart Detail,0021300609,116,202323,Evan Turner,1610612755,Philadelphia 76ers,1,1,46,Made Shot,Fadeaway Jump Shot,2PT Field Goal,In The Paint (Non-RA),Center(C),Less Than 8 ft.,5.0,-27.0,45.0,1,1,20140120,WAS,PHI
Shot Chart Detail,0021300609,122,202323,Evan Turner,1610612755,Philadelphia 76ers,1,1,15,Made Shot,Jump Shot,2PT Field Goal,Mid-Range,Right Side(R),8-16 ft.,14.0,141.0,-8.0,1,1,20140120,WAS,PHI
Shot Chart Detail,0021300609,217,202323,Evan Turner,1610612755,Philadelphia 76ers,2,5,32,Missed Shot,Layup Shot,2PT Field Goal,Restricted Area,Center(C),Less Than 8 ft.,0.0,-5.0,3.0,1,0,20140120,WAS,PHI
Shot Chart Detail,0021300609,311,202323,Evan Turner,1610612755,Philadelphia 76ers,3,11,45,Missed Shot,Jump Shot,2PT Field Goal,Mid-Range,Right Side(R),8-16 ft.,13.0,133.0,6.0,1,0,20140120,WAS,PHI
Shot Chart Detail,0021300609,424,202323,Evan Turner,1610612755,Philadelphia 76ers,3,2,1,Missed Shot,Jump Shot,2PT Field Goal,In The Paint (Non-RA),Center(C),8-16 ft.,8.0,40.0,80.0,1,0,20140120,WAS,PHI
Shot Chart Detail,0021300609,441,202323,Evan Turner,1610612755,Philadelphia 76ers,3,0,7,Missed Shot,Jump Shot,2PT Field Goal,In The Paint (Non-RA),Center(C),Less Than 8 ft.,5.0,-52.0,14.0,1,0,20140120,WAS,PHI
Shot Chart Detail,0021300626,4,202323,Evan Turner,1610612755,Philadelphia 76ers,1,11,31,Made Shot,Jump Shot,2PT Field Goal,Mid-Range,Right Side(R),16-24 ft.,16.0,166.0,36.0,1,1,20140122,NYK,PHI
Shot Chart Detail,0021300626,25,202323,Evan Turner,1610612755,Philadelphia 76ers,1,8,16,Made Shot,Jump Shot,3PT Field Goal,Above the Break 3,Right Side Center(RC),24+ ft.,25.0,217.0,134.0,1,1,20140122,NYK,PHI
Shot Chart Detail,0021300626,35,202323,Evan Turner,1610612755,Philadelphia 76ers,1,7,28,Made Shot,Jump Shot,2PT Field Goal,Mid-Range,Left Side(L),16-24 ft.,17.0,-150.0,88.0,1,1,20140122,NYK,PHI
Shot Chart Detail,0021300626,42,202323,Evan Turner,1610612755,Philadelphia 76ers,1,6,43,Made Shot,Jump Shot,3PT Field Goal,Right Corner 3,Right Side(R),24+ ft.,23.0,234.0,-30.0,1,1,20140122,NYK,PHI
Shot Chart Detail,0021300626,111,202323,Evan Turner,1610612755,Philadelphia 76ers,1,0,22,Missed Shot,Turnaround Jump Shot,2PT Field Goal,In The Paint (Non-RA),Center(C),Less Than 8 ft.,5.0,53.0,26.0,1,0,20140122,NYK,PHI
Shot Chart Detail,0021300626,172,202323,Evan Turner,1610612755,Philadelphia 76ers,2,8,45,Made Shot,Reverse Layup Shot,2PT Field Goal,Restricted Area,Center(C),Less Than 8 ft.,1.0,17.0,6.0,1,1,20140122,NYK,PHI
Shot Chart Detail,0021300626,174,202323,Evan Turner,1610612755,Philadelphia 76ers,2,8,12,Made Shot,Jump Shot,2PT Field Goal,Mid-Range,Left Side Center(LC),16-24 ft.,18.0,-64.0,172.0,1,1,20140122,NYK,PHI
Shot Chart Detail,0021300626,181,202323,Evan Turner,1610612755,Philadelphia 76ers,2,7,11,Missed Shot,Layup Shot,2PT Field Goal,Restricted Area,Center(C),Less Than 8 ft.,1.0,18.0,-3.0,1,0,20140122,NYK,PHI
Shot Chart Detail,0021300626,255,202323,Evan Turner,1610612755,Philadelphia 76ers,2,1,18,Made Shot,Jump Shot,2PT Field Goal,Mid-Range,Left Side(L),16-24 ft.,16.0,-147.0,77.0,1,1,20140122,NYK,PHI
Shot Chart Detail,0021300626,287,202323,Evan Turner,1610612755,Philadelphia 76ers,3,11,11,Made Shot,Jump Shot,2PT Field Goal,Mid-Range,Left Side(L),16-24 ft.,17.0,-171.0,-11.0,1,1,20140122,NYK,PHI
Shot Chart Detail,0021300626,290,202323,Evan Turner,1610612755,Philadelphia 76ers,3,10,27,Made Shot,Driving Dunk Shot,2PT Field Goal,Restricted Area,Center(C),Less Than 8 ft.,0.0,0.0,6.0,1,1,20140122,NYK,PHI
Shot Chart Detail,0021300626,303,202323,Evan Turner,1610612755,Philadelphia 76ers,3,8,31,Missed Shot,Jump Shot,2PT Field Goal,In The Paint (Non-RA),Center(C),Less Than 8 ft.,6.0,50.0,44.0,1,0,20140122,NYK,PHI
Shot Chart Detail,0021300626,315,202323,Evan Turner,1610612755,Philadelphia 76ers,3,7,22,Made Shot,Driving Jump shot,2PT Field Goal,In The Paint (Non-RA),Center(C),Less Than 8 ft.,5.0,43.0,41.0,1,1,20140122,NYK,PHI
Shot Chart Detail,0021300626,327,202323,Evan Turner,1610612755,Philadelphia 76ers,3,5,44,Missed Shot,Layup Shot,2PT Field Goal,Restricted Area,Center(C),Less Than 8 ft.,3.0,12.0,30.0,1,0,20140122,NYK,PHI
Shot Chart Detail,0021300626,329,202323,Evan Turner,1610612755,Philadelphia 76ers,3,5,39,Missed Shot,Layup Shot,2PT Field Goal,Restricted Area,Center(C),Less Than 8 ft.,2.0,-13.0,19.0,1,0,20140122,NYK,PHI
Shot Chart Detail,0021300626,351,202323,Evan Turner,1610612755,Philadelphia 76ers,3,4,15,Missed Shot,Step Back Jump shot,2PT Field Goal,In The Paint (Non-RA),Right Side(R),8-16 ft.,13.0,70.0,112.0,1,0,20140122,NYK,PHI
Shot Chart Detail,0021300626,426,202323,Evan Turner,1610612755,Philadelphia 76ers,4,9,49,Missed Shot,Driving Layup Shot,2PT Field Goal,Restricted Area,Center(C),Less Than 8 ft.,0.0,-7.0,1.0,1,0,20140122,NYK,PHI
Shot Chart Detail,0021300626,432,202323,Evan Turner,1610612755,Philadelphia 76ers,4,9,31,Missed Shot,Jump Shot,2PT Field Goal,Mid-Range,Right Side(R),8-16 ft.,14.0,138.0,25.0,1,0,20140122,NYK,PHI
Shot Chart Detail,0021300626,453,202323,Evan Turner,1610612755,Philadelphia 76ers,4,8,41,Made Shot,Jump Shot,2PT Field Goal,In The Paint (Non-RA),Center(C),Less Than 8 ft.,7.0,32.0,69.0,1,1,20140122,NYK,PHI
Shot Chart Detail,0021300626,503,202323,Evan Turner,1610612755,Philadelphia 76ers,4,5,11,Made Shot,Jump Shot,3PT Field Goal,Right Corner 3,Right Side(R),24+ ft.,23.0,234.0,-40.0,1,1,20140122,NYK,PHI
Shot Chart Detail,0021300626,510,202323,Evan Turner,1610612755,Philadelphia 76ers,4,4,28,Missed Shot,Jump Shot,2PT Field Goal,In The Paint (Non-RA),Right Side(R),8-16 ft.,12.0,80.0,101.0,1,0,20140122,NYK,PHI
Shot Chart Detail,0021300626,549,202323,Evan Turner,1610612755,Philadelphia 76ers,4,1,14,Made Shot,Fadeaway Jump Shot,2PT Field Goal,In The Paint (Non-RA),Center(C),Less Than 8 ft.,6.0,-64.0,0.0,1,1,20140122,NYK,PHI
Shot Chart Detail,0021300634,6,202323,Evan Turner,1610612755,Philadelphia 76ers,1,10,53,Missed Shot,Layup Shot,2PT Field Goal,Restricted Area,Center(C),Less Than 8 ft.,2.0,23.0,-5.0,1,0,20140124,PHI,TOR
Shot Chart Detail,0021300634,17,202323,Evan Turner,1610612755,Philadelphia 76ers,1,9,13,Missed Shot,Jump Shot,3PT Field Goal,Above the Break 3,Right Side Center(RC),24+ ft.,24.0,92.0,228.0,1,0,20140124,PHI,TOR
Shot Chart Detail,0021300634,22,202323,Evan Turner,1610612755,Philadelphia 76ers,1,8,43,Missed Shot,Jump Shot,2PT Field Goal,In The Paint (Non-RA),Center(C),Less Than 8 ft.,6.0,29.0,61.0,1,0,20140124,PHI,TOR
Shot Chart Detail,0021300634,97,202323,Evan Turner,1610612755,Philadelphia 76ers,1,2,6,Missed Shot,Jump Shot,2PT Field Goal,In The Paint (Non-RA),Center(C),8-16 ft.,10.0,-26.0,101.0,1,0,20140124,PHI,TOR
Shot Chart Detail,0021300634,105,202323,Evan Turner,1610612755,Philadelphia 76ers,1,1,16,Made Shot,Jump Shot,2PT Field Goal,Mid-Range,Center(C),16-24 ft.,19.0,15.0,195.0,1,1,20140124,PHI,TOR
Shot Chart Detail,0021300634,114,202323,Evan Turner,1610612755,Philadelphia 76ers,1,0,1,Missed Shot,Jump Shot,2PT Field Goal,Mid-Range,Center(C),16-24 ft.,20.0,-21.0,200.0,1,0,20140124,PHI,TOR
Shot Chart Detail,0021300634,128,202323,Evan Turner,1610612755,Philadelphia 76ers,2,10,27,Made Shot,Pullup Jump shot,2PT Field Goal,Mid-Range,Right Side(R),16-24 ft.,16.0,144.0,86.0,1,1,20140124,PHI,TOR
Shot Chart Detail,0021300634,137,202323,Evan Turner,1610612755,Philadelphia 76ers,2,8,59,Missed Shot,Layup Shot,2PT Field Goal,Restricted Area,Center(C),Less Than 8 ft.,1.0,-8.0,-11.0,1,0,20140124,PHI,TOR
Shot Chart Detail,0021300634,172,202323,Evan Turner,1610612755,Philadelphia 76ers,2,6,10,Made Shot,Layup Shot,2PT Field Goal,Restricted Area,Center(C),Less Than 8 ft.,1.0,-4.0,15.0,1,1,20140124,PHI,TOR
Shot Chart Detail,0021300634,214,202323,Evan Turner,1610612755,Philadelphia 76ers,2,2,28,Missed Shot,Layup Shot,2PT Field Goal,Restricted Area,Center(C),Less Than 8 ft.,2.0,-24.0,3.0,1,0,20140124,PHI,TOR
Shot Chart Detail,0021300634,263,202323,Evan Turner,1610612755,Philadelphia 76ers,3,11,15,Missed Shot,Jump Shot,2PT Field Goal,Mid-Range,Left Side(L),16-24 ft.,18.0,-172.0,64.0,1,0,20140124,PHI,TOR
Shot Chart Detail,0021300634,286,202323,Evan Turner,1610612755,Philadelphia 76ers,3,8,26,Made Shot,Layup Shot,2PT Field Goal,Restricted Area,Center(C),Less Than 8 ft.,1.0,-8.0,7.0,1,1,20140124,PHI,TOR
Shot Chart Detail,0021300634,293,202323,Evan Turner,1610612755,Philadelphia 76ers,3,7,20,Missed Shot,Jump Shot,2PT Field Goal,In The Paint (Non-RA),Center(C),Less Than 8 ft.,5.0,48.0,34.0,1,0,20140124,PHI,TOR
Shot Chart Detail,0021300634,305,202323,Evan Turner,1610612755,Philadelphia 76ers,3,5,35,Made Shot,Jump Shot,2PT Field Goal,Restricted Area,Center(C),Less Than 8 ft.,3.0,-24.0,19.0,1,1,20140124,PHI,TOR
Shot Chart Detail,0021300634,326,202323,Evan Turner,1610612755,Philadelphia 76ers,3,3,57,Missed Shot,Jump Shot,3PT Field Goal,Above the Break 3,Center(C),24+ ft.,25.0,58.0,247.0,1,0,20140124,PHI,TOR
Shot Chart Detail,0021300634,403,202323,Evan Turner,1610612755,Philadelphia 76ers,4,7,51,Missed Shot,Jump Shot,2PT Field Goal,Restricted Area,Center(C),Less Than 8 ft.,3.0,34.0,0.0,1,0,20140124,PHI,TOR
Shot Chart Detail,0021300634,419,202323,Evan Turner,1610612755,Philadelphia 76ers,4,5,47,Missed Shot,Jump Shot,2PT Field Goal,In The Paint (Non-RA),Center(C),8-16 ft.,12.0,17.0,127.0,1,0,20140124,PHI,TOR
Shot Chart Detail,0021300648,7,202323,Evan Turner,1610612755,Philadelphia 76ers,1,11,22,Missed Shot,Jump Shot,2PT Field Goal,Mid-Range,Center(C),8-16 ft.,14.0,-19.0,146.0,1,0,20140125,PHI,OKC
Shot Chart Detail,0021300648,43,202323,Evan Turner,1610612755,Philadelphia 76ers,1,8,11,Made Shot,Turnaround Jump Shot,2PT Field Goal,In The Paint (Non-RA),Center(C),8-16 ft.,10.0,-38.0,97.0,1,1,20140125,PHI,OKC
Shot Chart Detail,0021300648,57,202323,Evan Turner,1610612755,Philadelphia 76ers,1,6,9,Missed Shot,Jump Shot,3PT Field Goal,Left Corner 3,Left Side(L),24+ ft.,24.0,-246.0,-8.0,1,0,20140125,PHI,OKC
Shot Chart Detail,0021300648,102,202323,Evan Turner,1610612755,Philadelphia 76ers,1,1,43,Made Shot,Pullup Jump shot,2PT Field Goal,Mid-Range,Right Side(R),8-16 ft.,13.0,102.0,82.0,1,1,20140125,PHI,OKC
Shot Chart Detail,0021300648,110,202323,Evan Turner,1610612755,Philadelphia 76ers,1,1,1,Made Shot,Driving Layup Shot,2PT Field Goal,Restricted Area,Center(C),Less Than 8 ft.,0.0,4.0,0.0,1,1,20140125,PHI,OKC
Shot Chart Detail,0021300648,216,202323,Evan Turner,1610612755,Philadelphia 76ers,2,4,38,Missed Shot,Jump Shot,3PT Field Goal,Above the Break 3,Left Side Center(LC),24+ ft.,26.0,-134.0,227.0,1,0,20140125,PHI,OKC
Shot Chart Detail,0021300648,263,202323,Evan Turner,1610612755,Philadelphia 76ers,2,1,34,Missed Shot,Jump Shot,2PT Field Goal,Mid-Range,Center(C),16-24 ft.,17.0,-48.0,173.0,1,0,20140125,PHI,OKC
Shot Chart Detail,0021300648,331,202323,Evan Turner,1610612755,Philadelphia 76ers,3,6,51,Made Shot,Layup Shot,2PT Field Goal,Restricted Area,Center(C),Less Than 8 ft.,1.0,-11.0,1.0,1,1,20140125,PHI,OKC
Shot Chart Detail,0021300648,356,202323,Evan Turner,1610612755,Philadelphia 76ers,3,4,25,Missed Shot,Jump Shot,2PT Field Goal,Mid-Range,Right Side(R),16-24 ft.,17.0,170.0,14.0,1,0,20140125,PHI,OKC
Shot Chart Detail,0021300648,478,202323,Evan Turner,1610612755,Philadelphia 76ers,4,5,9,Missed Shot,Turnaround Jump Shot,2PT Field Goal,In The Paint (Non-RA),Center(C),Less Than 8 ft.,7.0,12.0,74.0,1,0,20140125,PHI,OKC
Shot Chart Detail,0021300648,483,202323,Evan Turner,1610612755,Philadelphia 76ers,4,4,38,Missed Shot,Jump Shot,3PT Field Goal,Right Corner 3,Right Side(R),24+ ft.,24.0,245.0,0.0,1,0,20140125,PHI,OKC
Shot Chart Detail,0021300662,11,202323,Evan Turner,1610612755,Philadelphia 76ers,1,10,3,Made Shot,Jump Shot,3PT Field Goal,Left Corner 3,Left Side(L),24+ ft.,23.0,-239.0,-13.0,1,1,20140127,PHI,PHX
Shot Chart Detail,0021300662,13,202323,Evan Turner,1610612755,Philadelphia 76ers,1,9,29,Missed Shot,Jump Shot,2PT Field Goal,In The Paint (Non-RA),Right Side(R),8-16 ft.,8.0,47.0,69.0,1,0,20140127,PHI,PHX
Shot Chart Detail,0021300662,50,202323,Evan Turner,1610612755,Philadelphia 76ers,1,6,5,Missed Shot,Jump Shot,2PT Field Goal,In The Paint (Non-RA),Center(C),Less Than 8 ft.,4.0,-24.0,34.0,1,0,20140127,PHI,PHX
Shot Chart Detail,0021300662,71,202323,Evan Turner,1610612755,Philadelphia 76ers,1,4,25,Missed Shot,Layup Shot,2PT Field Goal,Restricted Area,Center(C),Less Than 8 ft.,2.0,-24.0,7.0,1,0,20140127,PHI,PHX
Shot Chart Detail,0021300662,200,202323,Evan Turner,1610612755,Philadelphia 76ers,2,6,46,Missed Shot,Jump Shot,2PT Field Goal,In The Paint (Non-RA),Center(C),Less Than 8 ft.,6.0,61.0,11.0,1,0,20140127,PHI,PHX
Shot Chart Detail,0021300662,207,202323,Evan Turner,1610612755,Philadelphia 76ers,2,5,57,Made Shot,Driving Layup Shot,2PT Field Goal,Restricted Area,Center(C),Less Than 8 ft.,0.0,6.0,0.0,1,1,20140127,PHI,PHX
Shot Chart Detail,0021300662,265,202323,Evan Turner,1610612755,Philadelphia 76ers,2,0,40,Made Shot,Pullup Jump shot,2PT Field Goal,Mid-Range,Right Side Center(RC),16-24 ft.,16.0,100.0,131.0,1,1,20140127,PHI,PHX
Shot Chart Detail,0021300662,268,202323,Evan Turner,1610612755,Philadelphia 76ers,2,0,7,Made Shot,Reverse Layup Shot,2PT Field Goal,Restricted Area,Center(C),Less Than 8 ft.,1.0,-11.0,-2.0,1,1,20140127,PHI,PHX
Shot Chart Detail,0021300662,499,202323,Evan Turner,1610612755,Philadelphia 76ers,4,9,31,Made Shot,Pullup Jump shot,2PT Field Goal,In The Paint (Non-RA),Center(C),8-16 ft.,12.0,0.0,129.0,1,1,20140127,PHI,PHX
Shot Chart Detail,0021300662,507,202323,Evan Turner,1610612755,Philadelphia 76ers,4,7,56,Missed Shot,Jump Shot,2PT Field Goal,In The Paint (Non-RA),Center(C),Less Than 8 ft.,4.0,37.0,17.0,1,0,20140127,PHI,PHX
Shot Chart Detail,0021300662,530,202323,Evan Turner,1610612755,Philadelphia 76ers,4,5,44,Made Shot,Driving Layup Shot,2PT Field Goal,Restricted Area,Center(C),Less Than 8 ft.,0.0,-7.0,-6.0,1,1,20140127,PHI,PHX
Shot Chart Detail,0021300662,568,202323,Evan Turner,1610612755,Philadelphia 76ers,4,1,42,Made Shot,Layup Shot,2PT Field Goal,Restricted Area,Center(C),Less Than 8 ft.,2.0,-23.0,4.0,1,1,20140127,PHI,PHX
Shot Chart Detail,0021300678,13,202323,Evan Turner,1610612755,Philadelphia 76ers,1,10,25,Missed Shot,Jump Shot,2PT Field Goal,Mid-Range,Right Side(R),16-24 ft.,18.0,187.0,9.0,1,0,20140129,BOS,PHI
Shot Chart Detail,0021300678,28,202323,Evan Turner,1610612755,Philadelphia 76ers,1,8,58,Made Shot,Jump Shot,2PT Field Goal,Restricted Area,Center(C),Less Than 8 ft.,3.0,28.0,25.0,1,1,20140129,BOS,PHI
Shot Chart Detail,0021300678,33,202323,Evan Turner,1610612755,Philadelphia 76ers,1,8,16,Missed Shot,Turnaround Jump Shot,2PT Field Goal,In The Paint (Non-RA),Center(C),Less Than 8 ft.,7.0,0.0,72.0,1,0,20140129,BOS,PHI
Shot Chart Detail,0021300678,63,202323,Evan Turner,1610612755,Philadelphia 76ers,1,6,0,Missed Shot,Jump Shot,2PT Field Goal,Mid-Range,Right Side Center(RC),16-24 ft.,16.0,75.0,146.0,1,0,20140129,BOS,PHI
Shot Chart Detail,0021300678,93,202323,Evan Turner,1610612755,Philadelphia 76ers,1,3,43,Missed Shot,Jump Shot,3PT Field Goal,Left Corner 3,Left Side(L),24+ ft.,23.0,-232.0,12.0,1,0,20140129,BOS,PHI
Shot Chart Detail,0021300678,161,202323,Evan Turner,1610612755,Philadelphia 76ers,2,11,31,Missed Shot,Jump Shot,2PT Field Goal,Mid-Range,Right Side Center(RC),16-24 ft.,19.0,116.0,151.0,1,0,20140129,BOS,PHI
Shot Chart Detail,0021300678,232,202323,Evan Turner,1610612755,Philadelphia 76ers,2,6,40,Missed Shot,Jump Shot,3PT Field Goal,Left Corner 3,Left Side(L),24+ ft.,23.0,-235.0,11.0,1,0,20140129,BOS,PHI
Shot Chart Detail,0021300678,242,202323,Evan Turner,1610612755,Philadelphia 76ers,2,6,26,Missed Shot,Jump Shot,2PT Field Goal,In The Paint (Non-RA),Center(C),Less Than 8 ft.,5.0,-52.0,22.0,1,0,20140129,BOS,PHI
Shot Chart Detail,0021300678,289,202323,Evan Turner,1610612755,Philadelphia 76ers,2,1,28,Made Shot,Fadeaway Jump Shot,2PT Field Goal,In The Paint (Non-RA),Center(C),Less Than 8 ft.,7.0,70.0,17.0,1,1,20140129,BOS,PHI
Shot Chart Detail,0021300678,334,202323,Evan Turner,1610612755,Philadelphia 76ers,3,9,42,Missed Shot,Jump Shot,3PT Field Goal,Left Corner 3,Left Side(L),24+ ft.,23.0,-235.0,11.0,1,0,20140129,BOS,PHI
Shot Chart Detail,0021300678,342,202323,Evan Turner,1610612755,Philadelphia 76ers,3,9,2,Missed Shot,Jump Shot,3PT Field Goal,Above the Break 3,Center(C),24+ ft.,24.0,34.0,244.0,1,0,20140129,BOS,PHI
Shot Chart Detail,0021300678,366,202323,Evan Turner,1610612755,Philadelphia 76ers,3,6,19,Made Shot,Driving Reverse Layup Shot,2PT Field Goal,Restricted Area,Center(C),Less Than 8 ft.,1.0,15.0,1.0,1,1,20140129,BOS,PHI
Shot Chart Detail,0021300678,377,202323,Evan Turner,1610612755,Philadelphia 76ers,3,4,49,Missed Shot,Jump Shot,3PT Field Goal,Above the Break 3,Left Side Center(LC),24+ ft.,25.0,-209.0,145.0,1,0,20140129,BOS,PHI
Shot Chart Detail,0021300678,393,202323,Evan Turner,1610612755,Philadelphia 76ers,3,3,59,Made Shot,Turnaround Jump Shot,2PT Field Goal,In The Paint (Non-RA),Center(C),8-16 ft.,8.0,21.0,82.0,1,1,20140129,BOS,PHI
Shot Chart Detail,0021300678,498,202323,Evan Turner,1610612755,Philadelphia 76ers,4,5,36,Made Shot,Layup Shot,2PT Field Goal,Restricted Area,Center(C),Less Than 8 ft.,1.0,-5.0,14.0,1,1,20140129,BOS,PHI
Shot Chart Detail,0021300678,514,202323,Evan Turner,1610612755,Philadelphia 76ers,4,3,27,Missed Shot,Fadeaway Jump Shot,2PT Field Goal,In The Paint (Non-RA),Center(C),Less Than 8 ft.,5.0,-2.0,50.0,1,0,20140129,BOS,PHI
Shot Chart Detail,0021300678,589,202323,Evan Turner,1610612755,Philadelphia 76ers,4,0,0,Made Shot,Fadeaway Jump Shot,2PT Field Goal,In The Paint (Non-RA),Center(C),Less Than 8 ft.,6.0,-57.0,34.0,1,1,20140129,BOS,PHI
Shot Chart Detail,0021300690,23,202323,Evan Turner,1610612755,Philadelphia 76ers,1,9,56,Missed Shot,Layup Shot,2PT Field Goal,Restricted Area,Center(C),Less Than 8 ft.,0.0,2.0,6.0,1,0,20140131,PHI,ATL
Shot Chart Detail,0021300690,54,202323,Evan Turner,1610612755,Philadelphia 76ers,1,7,32,Missed Shot,Jump Shot,2PT Field Goal,Mid-Range,Right Side Center(RC),16-24 ft.,17.0,132.0,116.0,1,0,20140131,PHI,ATL
Shot Chart Detail,0021300690,204,202323,Evan Turner,1610612755,Philadelphia 76ers,2,7,13,Made Shot,Turnaround Jump Shot,2PT Field Goal,In The Paint (Non-RA),Center(C),Less Than 8 ft.,5.0,58.0,1.0,1,1,20140131,PHI,ATL
Shot Chart Detail,0021300690,215,202323,Evan Turner,1610612755,Philadelphia 76ers,2,6,12,Missed Shot,Jump Shot,3PT Field Goal,Above the Break 3,Center(C),24+ ft.,26.0,-26.0,265.0,1,0,20140131,PHI,ATL
Shot Chart Detail,0021300690,230,202323,Evan Turner,1610612755,Philadelphia 76ers,2,4,58,Missed Shot,Layup Shot,2PT Field Goal,Restricted Area,Center(C),Less Than 8 ft.,2.0,12.0,26.0,1,0,20140131,PHI,ATL
Shot Chart Detail,0021300690,352,202323,Evan Turner,1610612755,Philadelphia 76ers,3,9,23,Missed Shot,Layup Shot,2PT Field Goal,Restricted Area,Center(C),Less Than 8 ft.,2.0,7.0,20.0,1,0,20140131,PHI,ATL
Shot Chart Detail,0021300690,370,202323,Evan Turner,1610612755,Philadelphia 76ers,3,7,29,Missed Shot,Layup Shot,2PT Field Goal,Restricted Area,Center(C),Less Than 8 ft.,2.0,0.0,23.0,1,0,20140131,PHI,ATL
Shot Chart Detail,0021300690,375,202323,Evan Turner,1610612755,Philadelphia 76ers,3,7,18,Missed Shot,Jump Shot,2PT Field Goal,Mid-Range,Center(C),8-16 ft.,14.0,12.0,146.0,1,0,20140131,PHI,ATL
Shot Chart Detail,0021300690,385,202323,Evan Turner,1610612755,Philadelphia 76ers,3,6,16,Missed Shot,Jump Shot,2PT Field Goal,In The Paint (Non-RA),Center(C),8-16 ft.,10.0,-10.0,101.0,1,0,20140131,PHI,ATL
Shot Chart Detail,0021300690,401,202323,Evan Turner,1610612755,Philadelphia 76ers,3,5,17,Made Shot,Jump Shot,2PT Field Goal,In The Paint (Non-RA),Center(C),8-16 ft.,12.0,0.0,123.0,1,1,20140131,PHI,ATL
Shot Chart Detail,0021300700,42,202323,Evan Turner,1610612755,Philadelphia 76ers,1,7,12,Missed Shot,Reverse Layup Shot,2PT Field Goal,Restricted Area,Center(C),Less Than 8 ft.,0.0,-2.0,7.0,1,0,20140201,DET,PHI
Shot Chart Detail,0021300700,61,202323,Evan Turner,1610612755,Philadelphia 76ers,1,6,11,Missed Shot,Jump Shot,2PT Field Goal,In The Paint (Non-RA),Center(C),Less Than 8 ft.,6.0,-59.0,14.0,1,0,20140201,DET,PHI
Shot Chart Detail,0021300700,137,202323,Evan Turner,1610612755,Philadelphia 76ers,1,0,35,Missed Shot,Jump Shot,3PT Field Goal,Above the Break 3,Center(C),24+ ft.,26.0,51.0,260.0,1,0,20140201,DET,PHI
Shot Chart Detail,0021300700,168,202323,Evan Turner,1610612755,Philadelphia 76ers,2,10,25,Missed Shot,Jump Shot,2PT Field Goal,Mid-Range,Center(C),16-24 ft.,17.0,-51.0,167.0,1,0,20140201,DET,PHI
Shot Chart Detail,0021300700,173,202323,Evan Turner,1610612755,Philadelphia 76ers,2,9,57,Made Shot,Driving Layup Shot,2PT Field Goal,Restricted Area,Center(C),Less Than 8 ft.,0.0,1.0,4.0,1,1,20140201,DET,PHI
Shot Chart Detail,0021300700,312,202323,Evan Turner,1610612755,Philadelphia 76ers,2,0,27,Made Shot,Jump Shot,2PT Field Goal,In The Paint (Non-RA),Center(C),Less Than 8 ft.,7.0,-64.0,37.0,1,1,20140201,DET,PHI
Shot Chart Detail,0021300700,327,202323,Evan Turner,1610612755,Philadelphia 76ers,3,11,22,Missed Shot,Layup Shot,2PT Field Goal,Restricted Area,Center(C),Less Than 8 ft.,0.0,1.0,1.0,1,0,20140201,DET,PHI
Shot Chart Detail,0021300700,343,202323,Evan Turner,1610612755,Philadelphia 76ers,3,10,7,Missed Shot,Jump Shot,2PT Field Goal,Mid-Range,Right Side Center(RC),16-24 ft.,16.0,103.0,124.0,1,0,20140201,DET,PHI
Shot Chart Detail,0021300700,369,202323,Evan Turner,1610612755,Philadelphia 76ers,3,7,21,Made Shot,Jump Bank Shot,2PT Field Goal,In The Paint (Non-RA),Center(C),Less Than 8 ft.,5.0,37.0,42.0,1,1,20140201,DET,PHI
Shot Chart Detail,0021300700,424,202323,Evan Turner,1610612755,Philadelphia 76ers,3,2,23,Made Shot,Jump Shot,2PT Field Goal,Mid-Range,Right Side Center(RC),16-24 ft.,17.0,127.0,127.0,1,1,20140201,DET,PHI
Shot Chart Detail,0021300700,486,202323,Evan Turner,1610612755,Philadelphia 76ers,4,10,2,Made Shot,Driving Layup Shot,2PT Field Goal,Restricted Area,Center(C),Less Than 8 ft.,1.0,-11.0,3.0,1,1,20140201,DET,PHI
Shot Chart Detail,0021300700,532,202323,Evan Turner,1610612755,Philadelphia 76ers,4,6,38,Missed Shot,Layup Shot,2PT Field Goal,Restricted Area,Center(C),Less Than 8 ft.,0.0,-4.0,7.0,1,0,20140201,DET,PHI
Shot Chart Detail,0021300700,565,202323,Evan Turner,1610612755,Philadelphia 76ers,4,4,16,Missed Shot,Jump Shot,2PT Field Goal,Mid-Range,Left Side Center(LC),16-24 ft.,16.0,-131.0,97.0,1,0,20140201,DET,PHI
Shot Chart Detail,0021300712,104,202323,Evan Turner,1610612755,Philadelphia 76ers,1,1,41,Made Shot,Driving Layup Shot,2PT Field Goal,Restricted Area,Center(C),Less Than 8 ft.,2.0,-16.0,14.0,1,1,20140203,BKN,PHI
Shot Chart Detail,0021300712,208,202323,Evan Turner,1610612755,Philadelphia 76ers,2,6,31,Missed Shot,Step Back Jump shot,2PT Field Goal,Mid-Range,Right Side(R),8-16 ft.,12.0,121.0,6.0,1,0,20140203,BKN,PHI
Shot Chart Detail,0021300712,242,202323,Evan Turner,1610612755,Philadelphia 76ers,2,4,16,Missed Shot,Jump Shot,2PT Field Goal,In The Paint (Non-RA),Left Side(L),8-16 ft.,11.0,-71.0,88.0,1,0,20140203,BKN,PHI
Shot Chart Detail,0021300712,354,202323,Evan Turner,1610612755,Philadelphia 76ers,3,8,53,Missed Shot,Jump Shot,2PT Field Goal,Mid-Range,Left Side(L),8-16 ft.,9.0,-89.0,23.0,1,0,20140203,BKN,PHI
Shot Chart Detail,0021300712,413,202323,Evan Turner,1610612755,Philadelphia 76ers,3,2,8,Made Shot,Pullup Jump shot,2PT Field Goal,Mid-Range,Left Side Center(LC),16-24 ft.,17.0,-89.0,145.0,1,1,20140203,BKN,PHI
Shot Chart Detail,0021300712,539,202323,Evan Turner,1610612755,Philadelphia 76ers,4,1,21,Made Shot,Reverse Layup Shot,2PT Field Goal,Restricted Area,Center(C),Less Than 8 ft.,2.0,-23.0,0.0,1,1,20140203,BKN,PHI
Shot Chart Detail,0021300712,541,202323,Evan Turner,1610612755,Philadelphia 76ers,4,0,51,Missed Shot,Layup Shot,2PT Field Goal,Restricted Area,Center(C),Less Than 8 ft.,1.0,13.0,-5.0,1,0,20140203,BKN,PHI
Shot Chart Detail,0021300712,543,202323,Evan Turner,1610612755,Philadelphia 76ers,4,0,46,Missed Shot,Layup Shot,2PT Field Goal,Restricted Area,Center(C),Less Than 8 ft.,2.0,23.0,1.0,1,0,20140203,BKN,PHI
Shot Chart Detail,0021300726,9,202323,Evan Turner,1610612755,Philadelphia 76ers,1,10,51,Missed Shot,Jump Shot,2PT Field Goal,In The Paint (Non-RA),Center(C),8-16 ft.,10.0,-32.0,97.0,1,0,20140205,PHI,BOS
Shot Chart Detail,0021300726,177,202323,Evan Turner,1610612755,Philadelphia 76ers,2,7,41,Missed Shot,Jump Shot,3PT Field Goal,Left Corner 3,Left Side(L),24+ ft.,22.0,-226.0,-3.0,1,0,20140205,PHI,BOS
Shot Chart Detail,0021300726,295,202323,Evan Turner,1610612755,Philadelphia 76ers,3,11,19,Made Shot,Jump Shot,2PT Field Goal,In The Paint (Non-RA),Center(C),Less Than 8 ft.,7.0,-76.0,-14.0,1,1,20140205,PHI,BOS
Shot Chart Detail,0021300726,339,202323,Evan Turner,1610612755,Philadelphia 76ers,3,7,45,Made Shot,Fadeaway Jump Shot,2PT Field Goal,Mid-Range,Right Side(R),16-24 ft.,16.0,159.0,-21.0,1,1,20140205,PHI,BOS
Shot Chart Detail,0021300726,354,202323,Evan Turner,1610612755,Philadelphia 76ers,3,6,27,Made Shot,Layup Shot,2PT Field Goal,Restricted Area,Center(C),Less Than 8 ft.,1.0,15.0,3.0,1,1,20140205,PHI,BOS
Shot Chart Detail,0021300726,377,202323,Evan Turner,1610612755,Philadelphia 76ers,3,4,23,Made Shot,Step Back Jump shot,2PT Field Goal,In The Paint (Non-RA),Center(C),8-16 ft.,9.0,-11.0,96.0,1,1,20140205,PHI,BOS
Shot Chart Detail,0021300726,383,202323,Evan Turner,1610612755,Philadelphia 76ers,3,3,55,Missed Shot,Layup Shot,2PT Field Goal,Restricted Area,Center(C),Less Than 8 ft.,0.0,9.0,3.0,1,0,20140205,PHI,BOS
Shot Chart Detail,0021300726,388,202323,Evan Turner,1610612755,Philadelphia 76ers,3,3,25,Missed Shot,Jump Shot,2PT Field Goal,Mid-Range,Left Side(L),8-16 ft.,14.0,-149.0,-6.0,1,0,20140205,PHI,BOS
Shot Chart Detail,0021300726,498,202323,Evan Turner,1610612755,Philadelphia 76ers,4,5,38,Missed Shot,Jump Shot,3PT Field Goal,Above the Break 3,Center(C),24+ ft.,25.0,-13.0,255.0,1,0,20140205,PHI,BOS
Shot Chart Detail,0021300726,512,202323,Evan Turner,1610612755,Philadelphia 76ers,4,3,31,Missed Shot,Layup Shot,2PT Field Goal,Restricted Area,Center(C),Less Than 8 ft.,2.0,7.0,25.0,1,0,20140205,PHI,BOS
Shot Chart Detail,0021300726,530,202323,Evan Turner,1610612755,Philadelphia 76ers,4,1,49,Made Shot,Driving Layup Shot,2PT Field Goal,Restricted Area,Center(C),Less Than 8 ft.,1.0,-15.0,7.0,1,1,20140205,PHI,BOS
Shot Chart Detail,0021300726,532,202323,Evan Turner,1610612755,Philadelphia 76ers,4,1,14,Missed Shot,Jump Shot,2PT Field Goal,Mid-Range,Right Side(R),16-24 ft.,18.0,184.0,0.0,1,0,20140205,PHI,BOS
Shot Chart Detail,0021300726,562,202323,Evan Turner,1610612755,Philadelphia 76ers,4,0,13,Missed Shot,Jump Shot,2PT Field Goal,In The Paint (Non-RA),Center(C),8-16 ft.,12.0,26.0,123.0,1,0,20140205,PHI,BOS
Shot Chart Detail,0021300741,5,202323,Evan Turner,1610612755,Philadelphia 76ers,1,11,17,Missed Shot,Jump Shot,3PT Field Goal,Left Corner 3,Left Side(L),24+ ft.,23.0,-234.0,-6.0,1,0,20140207,PHI,LAL
Shot Chart Detail,0021300741,21,202323,Evan Turner,1610612755,Philadelphia 76ers,1,9,57,Missed Shot,Jump Shot,2PT Field Goal,Mid-Range,Center(C),16-24 ft.,19.0,-2.0,192.0,1,0,20140207,PHI,LAL
Shot Chart Detail,0021300741,25,202323,Evan Turner,1610612755,Philadelphia 76ers,1,9,37,Made Shot,Driving Dunk Shot,2PT Field Goal,Restricted Area,Center(C),Less Than 8 ft.,0.0,0.0,-2.0,1,1,20140207,PHI,LAL
Shot Chart Detail,0021300741,37,202323,Evan Turner,1610612755,Philadelphia 76ers,1,7,23,Made Shot,Reverse Dunk Shot,2PT Field Goal,Restricted Area,Center(C),Less Than 8 ft.,0.0,1.0,-3.0,1,1,20140207,PHI,LAL
Shot Chart Detail,0021300741,50,202323,Evan Turner,1610612755,Philadelphia 76ers,1,6,9,Missed Shot,Jump Shot,3PT Field Goal,Above the Break 3,Right Side Center(RC),24+ ft.,26.0,162.0,209.0,1,0,20140207,PHI,LAL
Shot Chart Detail,0021300741,209,202323,Evan Turner,1610612755,Philadelphia 76ers,2,4,53,Made Shot,Driving Layup Shot,2PT Field Goal,Restricted Area,Center(C),Less Than 8 ft.,1.0,18.0,7.0,1,1,20140207,PHI,LAL
Shot Chart Detail,0021300741,240,202323,Evan Turner,1610612755,Philadelphia 76ers,2,1,47,Missed Shot,Jump Shot,2PT Field Goal,Mid-Range,Left Side(L),8-16 ft.,13.0,-130.0,-19.0,1,0,20140207,PHI,LAL
Shot Chart Detail,0021300741,246,202323,Evan Turner,1610612755,Philadelphia 76ers,2,0,58,Made Shot,Jump Shot,3PT Field Goal,Above the Break 3,Center(C),24+ ft.,24.0,7.0,247.0,1,1,20140207,PHI,LAL
Shot Chart Detail,0021300741,263,202323,Evan Turner,1610612755,Philadelphia 76ers,3,11,5,Made Shot,Jump Shot,3PT Field Goal,Above the Break 3,Right Side Center(RC),24+ ft.,25.0,179.0,178.0,1,1,20140207,PHI,LAL
Shot Chart Detail,0021300741,272,202323,Evan Turner,1610612755,Philadelphia 76ers,3,9,56,Missed Shot,Layup Shot,2PT Field Goal,Restricted Area,Center(C),Less Than 8 ft.,0.0,0.0,9.0,1,0,20140207,PHI,LAL
Shot Chart Detail,0021300741,300,202323,Evan Turner,1610612755,Philadelphia 76ers,3,6,18,Missed Shot,Jump Shot,3PT Field Goal,Above the Break 3,Right Side Center(RC),24+ ft.,26.0,173.0,195.0,1,0,20140207,PHI,LAL
Shot Chart Detail,0021300741,307,202323,Evan Turner,1610612755,Philadelphia 76ers,3,5,47,Missed Shot,Jump Shot,3PT Field Goal,Right Corner 3,Right Side(R),24+ ft.,23.0,239.0,-6.0,1,0,20140207,PHI,LAL
Shot Chart Detail,0021300741,423,202323,Evan Turner,1610612755,Philadelphia 76ers,4,6,24,Missed Shot,Jump Shot,2PT Field Goal,In The Paint (Non-RA),Center(C),Less Than 8 ft.,4.0,7.0,47.0,1,0,20140207,PHI,LAL
Shot Chart Detail,0021300741,498,202323,Evan Turner,1610612755,Philadelphia 76ers,4,0,51,Made Shot,Jump Shot,3PT Field Goal,Above the Break 3,Center(C),24+ ft.,25.0,-24.0,254.0,1,1,20140207,PHI,LAL
Shot Chart Detail,0021300763,12,202323,Evan Turner,1610612755,Philadelphia 76ers,1,10,34,Missed Shot,Jump Shot,2PT Field Goal,Mid-Range,Right Side Center(RC),16-24 ft.,17.0,89.0,145.0,1,0,20140209,LAC,PHI
Shot Chart Detail,0021300763,83,202323,Evan Turner,1610612755,Philadelphia 76ers,1,4,38,Made Shot,Layup Shot,2PT Field Goal,Restricted Area,Center(C),Less Than 8 ft.,2.0,14.0,16.0,1,1,20140209,LAC,PHI
Shot Chart Detail,0021300763,133,202323,Evan Turner,1610612755,Philadelphia 76ers,1,0,11,Missed Shot,Jump Shot,2PT Field Goal,In The Paint (Non-RA),Center(C),Less Than 8 ft.,7.0,-15.0,69.0,1,0,20140209,LAC,PHI
Shot Chart Detail,0021300763,217,202323,Evan Turner,1610612755,Philadelphia 76ers,2,5,47,Missed Shot,Layup Shot,2PT Field Goal,Restricted Area,Center(C),Less Than 8 ft.,2.0,13.0,17.0,1,0,20140209,LAC,PHI
Shot Chart Detail,0021300763,242,202323,Evan Turner,1610612755,Philadelphia 76ers,2,3,55,Missed Shot,Jump Shot,2PT Field Goal,Mid-Range,Left Side(L),16-24 ft.,18.0,-182.0,0.0,1,0,20140209,LAC,PHI
Shot Chart Detail,0021300763,252,202323,Evan Turner,1610612755,Philadelphia 76ers,2,3,11,Missed Shot,Jump Shot,3PT Field Goal,Above the Break 3,Left Side Center(LC),24+ ft.,24.0,-183.0,157.0,1,0,20140209,LAC,PHI
Shot Chart Detail,0021300763,294,202323,Evan Turner,1610612755,Philadelphia 76ers,2,0,40,Missed Shot,Jump Shot,2PT Field Goal,In The Paint (Non-RA),Center(C),8-16 ft.,11.0,-4.0,115.0,1,0,20140209,LAC,PHI
Shot Chart Detail,0021300763,323,202323,Evan Turner,1610612755,Philadelphia 76ers,3,11,2,Missed Shot,Layup Shot,2PT Field Goal,Restricted Area,Center(C),Less Than 8 ft.,1.0,4.0,17.0,1,0,20140209,LAC,PHI
Shot Chart Detail,0021300769,22,202323,Evan Turner,1610612755,Philadelphia 76ers,1,8,34,Missed Shot,Pullup Jump shot,2PT Field Goal,Mid-Range,Right Side(R),8-16 ft.,9.0,88.0,45.0,1,0,20140210,GSW,PHI
Shot Chart Detail,0021300769,36,202323,Evan Turner,1610612755,Philadelphia 76ers,1,7,9,Made Shot,Pullup Jump shot,2PT Field Goal,Mid-Range,Right Side Center(RC),16-24 ft.,17.0,100.0,142.0,1,1,20140210,GSW,PHI
Shot Chart Detail,0021300769,38,202323,Evan Turner,1610612755,Philadelphia 76ers,1,6,31,Missed Shot,Jump Shot,2PT Field Goal,Restricted Area,Center(C),Less Than 8 ft.,3.0,-23.0,22.0,1,0,20140210,GSW,PHI
Shot Chart Detail,0021300769,183,202323,Evan Turner,1610612755,Philadelphia 76ers,2,6,22,Made Shot,Pullup Jump shot,2PT Field Goal,Mid-Range,Right Side(R),8-16 ft.,12.0,106.0,64.0,1,1,20140210,GSW,PHI
Shot Chart Detail,0021300769,186,202323,Evan Turner,1610612755,Philadelphia 76ers,2,5,54,Missed Shot,Jump Shot,2PT Field Goal,In The Paint (Non-RA),Center(C),Less Than 8 ft.,7.0,1.0,77.0,1,0,20140210,GSW,PHI
Shot Chart Detail,0021300769,198,202323,Evan Turner,1610612755,Philadelphia 76ers,2,5,14,Missed Shot,Jump Shot,2PT Field Goal,In The Paint (Non-RA),Center(C),Less Than 8 ft.,5.0,42.0,31.0,1,0,20140210,GSW,PHI
Shot Chart Detail,0021300769,273,202323,Evan Turner,1610612755,Philadelphia 76ers,3,10,34,Missed Shot,Pullup Jump shot,2PT Field Goal,Mid-Range,Left Side Center(LC),16-24 ft.,18.0,-71.0,172.0,1,0,20140210,GSW,PHI
Shot Chart Detail,0021300769,326,202323,Evan Turner,1610612755,Philadelphia 76ers,3,6,12,Made Shot,Pullup Jump shot,2PT Field Goal,Mid-Range,Right Side(R),16-24 ft.,17.0,146.0,88.0,1,1,20140210,GSW,PHI
Shot Chart Detail,0021300769,402,202323,Evan Turner,1610612755,Philadelphia 76ers,4,11,43,Made Shot,Layup Shot,2PT Field Goal,Restricted Area,Center(C),Less Than 8 ft.,2.0,-7.0,19.0,1,1,20140210,GSW,PHI
Shot Chart Detail,0021300769,439,202323,Evan Turner,1610612755,Philadelphia 76ers,4,8,29,Made Shot,Turnaround Jump Shot,2PT Field Goal,In The Paint (Non-RA),Center(C),8-16 ft.,10.0,-13.0,102.0,1,1,20140210,GSW,PHI
Shot Chart Detail,0021300769,447,202323,Evan Turner,1610612755,Philadelphia 76ers,4,7,56,Made Shot,Fadeaway Jump Shot,2PT Field Goal,Mid-Range,Right Side(R),16-24 ft.,16.0,160.0,23.0,1,1,20140210,GSW,PHI
Shot Chart Detail,0021300769,462,202323,Evan Turner,1610612755,Philadelphia 76ers,4,6,35,Missed Shot,Jump Shot,2PT Field Goal,Mid-Range,Right Side Center(RC),16-24 ft.,17.0,103.0,143.0,1,0,20140210,GSW,PHI
Shot Chart Detail,0021300769,496,202323,Evan Turner,1610612755,Philadelphia 76ers,4,4,14,Missed Shot,Turnaround Jump Shot,2PT Field Goal,Mid-Range,Right Side(R),16-24 ft.,17.0,171.0,4.0,1,0,20140210,GSW,PHI
Shot Chart Detail,0021300787,7,202323,Evan Turner,1610612755,Philadelphia 76ers,1,11,19,Missed Shot,Jump Shot,3PT Field Goal,Above the Break 3,Center(C),24+ ft.,24.0,-34.0,241.0,1,0,20140212,UTA,PHI
Shot Chart Detail,0021300787,21,202323,Evan Turner,1610612755,Philadelphia 76ers,1,9,7,Made Shot,Jump Shot,2PT Field Goal,Mid-Range,Left Side Center(LC),16-24 ft.,18.0,-122.0,140.0,1,1,20140212,UTA,PHI
Shot Chart Detail,0021300787,39,202323,Evan Turner,1610612755,Philadelphia 76ers,1,6,53,Missed Shot,Jump Shot,2PT Field Goal,Mid-Range,Center(C),16-24 ft.,18.0,50.0,173.0,1,0,20140212,UTA,PHI
Shot Chart Detail,0021300787,90,202323,Evan Turner,1610612755,Philadelphia 76ers,1,2,17,Missed Shot,Jump Shot,2PT Field Goal,In The Paint (Non-RA),Center(C),Less Than 8 ft.,6.0,-64.0,0.0,1,0,20140212,UTA,PHI
Shot Chart Detail,0021300787,102,202323,Evan Turner,1610612755,Philadelphia 76ers,1,1,12,Made Shot,Layup Shot,2PT Field Goal,Restricted Area,Center(C),Less Than 8 ft.,2.0,-21.0,9.0,1,1,20140212,UTA,PHI
Shot Chart Detail,0021300787,122,202323,Evan Turner,1610612755,Philadelphia 76ers,1,0,1,Made Shot,Fadeaway Jump Shot,2PT Field Goal,Mid-Range,Right Side(R),8-16 ft.,10.0,103.0,11.0,1,1,20140212,UTA,PHI
Shot Chart Detail,0021300787,134,202323,Evan Turner,1610612755,Philadelphia 76ers,2,10,55,Missed Shot,Jump Shot,2PT Field Goal,Mid-Range,Right Side(R),16-24 ft.,16.0,163.0,1.0,1,0,20140212,UTA,PHI
Shot Chart Detail,0021300787,241,202323,Evan Turner,1610612755,Philadelphia 76ers,2,3,18,Made Shot,Running Jump Shot,2PT Field Goal,Mid-Range,Left Side(L),8-16 ft.,9.0,-97.0,6.0,1,1,20140212,UTA,PHI
Shot Chart Detail,0021300787,270,202323,Evan Turner,1610612755,Philadelphia 76ers,2,0,52,Missed Shot,Jump Shot,2PT Field Goal,Restricted Area,Center(C),Less Than 8 ft.,3.0,-5.0,31.0,1,0,20140212,UTA,PHI
Shot Chart Detail,0021300787,271,202323,Evan Turner,1610612755,Philadelphia 76ers,2,0,50,Missed Shot,Tip Shot,2PT Field Goal,Restricted Area,Center(C),Less Than 8 ft.,2.0,6.0,20.0,1,0,20140212,UTA,PHI
Shot Chart Detail,0021300787,291,202323,Evan Turner,1610612755,Philadelphia 76ers,3,10,57,Made Shot,Jump Shot,2PT Field Goal,Mid-Range,Left Side(L),8-16 ft.,15.0,-125.0,83.0,1,1,20140212,UTA,PHI
Shot Chart Detail,0021300787,302,202323,Evan Turner,1610612755,Philadelphia 76ers,3,8,53,Missed Shot,Fadeaway Jump Shot,2PT Field Goal,Mid-Range,Right Side(R),8-16 ft.,9.0,97.0,7.0,1,0,20140212,UTA,PHI
Shot Chart Detail,0021300787,333,202323,Evan Turner,1610612755,Philadelphia 76ers,3,6,23,Made Shot,Jump Shot,2PT Field Goal,Mid-Range,Right Side(R),16-24 ft.,18.0,181.0,4.0,1,1,20140212,UTA,PHI
Shot Chart Detail,0021300787,338,202323,Evan Turner,1610612755,Philadelphia 76ers,3,5,31,Made Shot,Reverse Layup Shot,2PT Field Goal,Restricted Area,Center(C),Less Than 8 ft.,2.0,24.0,4.0,1,1,20140212,UTA,PHI
Shot Chart Detail,0021300787,448,202323,Evan Turner,1610612755,Philadelphia 76ers,4,8,31,Made Shot,Fadeaway Jump Shot,2PT Field Goal,Mid-Range,Left Side(L),8-16 ft.,15.0,-155.0,4.0,1,1,20140212,UTA,PHI
Shot Chart Detail,0021300787,467,202323,Evan Turner,1610612755,Philadelphia 76ers,4,6,15,Missed Shot,Driving Layup Shot,2PT Field Goal,Restricted Area,Center(C),Less Than 8 ft.,1.0,-11.0,3.0,1,0,20140212,UTA,PHI
Shot Chart Detail,0021300787,476,202323,Evan Turner,1610612755,Philadelphia 76ers,4,5,13,Made Shot,Slam Dunk Shot,2PT Field Goal,Restricted Area,Center(C),Less Than 8 ft.,2.0,-11.0,17.0,1,1,20140212,UTA,PHI
Shot Chart Detail,0021300787,499,202323,Evan Turner,1610612755,Philadelphia 76ers,4,1,43,Missed Shot,Jump Shot,2PT Field Goal,Mid-Range,Right Side(R),8-16 ft.,11.0,99.0,67.0,1,0,20140212,UTA,PHI
Shot Chart Detail,0021300793,15,202323,Evan Turner,1610612755,Philadelphia 76ers,1,10,18,Missed Shot,Jump Shot,2PT Field Goal,Mid-Range,Left Side Center(LC),16-24 ft.,20.0,-90.0,181.0,1,0,20140218,PHI,CLE
Shot Chart Detail,0021300793,43,202323,Evan Turner,1610612755,Philadelphia 76ers,1,7,36,Missed Shot,Jump Shot,2PT Field Goal,Mid-Range,Right Side(R),8-16 ft.,13.0,129.0,33.0,1,0,20140218,PHI,CLE
Shot Chart Detail,0021300793,105,202323,Evan Turner,1610612755,Philadelphia 76ers,1,1,5,Missed Shot,Jump Shot,2PT Field Goal,Mid-Range,Center(C),8-16 ft.,14.0,-13.0,149.0,1,0,20140218,PHI,CLE
Shot Chart Detail,0021300793,123,202323,Evan Turner,1610612755,Philadelphia 76ers,2,11,10,Missed Shot,Jump Shot,2PT Field Goal,Mid-Range,Center(C),8-16 ft.,15.0,54.0,148.0,1,0,20140218,PHI,CLE
Shot Chart Detail,0021300793,135,202323,Evan Turner,1610612755,Philadelphia 76ers,2,9,39,Made Shot,Jump Shot,3PT Field Goal,Above the Break 3,Center(C),24+ ft.,25.0,51.0,250.0,1,1,20140218,PHI,CLE
Shot Chart Detail,0021300793,175,202323,Evan Turner,1610612755,Philadelphia 76ers,2,7,34,Missed Shot,Jump Shot,2PT Field Goal,In The Paint (Non-RA),Center(C),Less Than 8 ft.,5.0,-41.0,34.0,1,0,20140218,PHI,CLE
Shot Chart Detail,0021300793,178,202323,Evan Turner,1610612755,Philadelphia 76ers,2,7,8,Missed Shot,Jump Shot,3PT Field Goal,Above the Break 3,Right Side Center(RC),24+ ft.,25.0,190.0,165.0,1,0,20140218,PHI,CLE
Shot Chart Detail,0021300793,180,202323,Evan Turner,1610612755,Philadelphia 76ers,2,6,57,Missed Shot,Jump Shot,2PT Field Goal,Mid-Range,Center(C),16-24 ft.,19.0,-32.0,192.0,1,0,20140218,PHI,CLE
Shot Chart Detail,0021300793,330,202323,Evan Turner,1610612755,Philadelphia 76ers,3,11,9,Missed Shot,Jump Shot,2PT Field Goal,In The Paint (Non-RA),Center(C),Less Than 8 ft.,6.0,62.0,0.0,1,0,20140218,PHI,CLE
Shot Chart Detail,0021300793,356,202323,Evan Turner,1610612755,Philadelphia 76ers,3,8,9,Missed Shot,Layup Shot,2PT Field Goal,Restricted Area,Center(C),Less Than 8 ft.,2.0,-21.0,12.0,1,0,20140218,PHI,CLE
Shot Chart Detail,0021300793,360,202323,Evan Turner,1610612755,Philadelphia 76ers,3,7,26,Missed Shot,Jump Shot,2PT Field Goal,In The Paint (Non-RA),Center(C),Less Than 8 ft.,5.0,-59.0,4.0,1,0,20140218,PHI,CLE
Shot Chart Detail,0021300793,363,202323,Evan Turner,1610612755,Philadelphia 76ers,3,7,23,Made Shot,Layup Shot,2PT Field Goal,Restricted Area,Center(C),Less Than 8 ft.,2.0,-16.0,12.0,1,1,20140218,PHI,CLE
Shot Chart Detail,0021300793,387,202323,Evan Turner,1610612755,Philadelphia 76ers,3,4,39,Made Shot,Running Jump Shot,2PT Field Goal,In The Paint (Non-RA),Center(C),Less Than 8 ft.,7.0,29.0,67.0,1,1,20140218,PHI,CLE
Shot Chart Detail,0021300793,511,202323,Evan Turner,1610612755,Philadelphia 76ers,4,7,22,Missed Shot,Jump Shot,2PT Field Goal,Mid-Range,Right Side(R),16-24 ft.,17.0,176.0,15.0,1,0,20140218,PHI,CLE
Shot Chart Detail,0021300847,105,202323,Evan Turner,1610612754,Indiana Pacers,1,1,54,Made Shot,Turnaround Jump Shot,2PT Field Goal,Mid-Range,Left Side(L),8-16 ft.,11.0,-114.0,14.0,1,1,20140225,IND,LAL
Shot Chart Detail,0021300847,142,202323,Evan Turner,1610612754,Indiana Pacers,2,11,46,Missed Shot,Jump Shot,2PT Field Goal,Restricted Area,Center(C),Less Than 8 ft.,3.0,4.0,30.0,1,0,20140225,IND,LAL
Shot Chart Detail,0021300847,150,202323,Evan Turner,1610612754,Indiana Pacers,2,10,49,Missed Shot,Jump Shot,2PT Field Goal,Mid-Range,Left Side(L),8-16 ft.,15.0,-153.0,-3.0,1,0,20140225,IND,LAL
Shot Chart Detail,0021300847,167,202323,Evan Turner,1610612754,Indiana Pacers,2,9,26,Made Shot,Jump Shot,2PT Field Goal,Mid-Range,Right Side Center(RC),16-24 ft.,16.0,67.0,151.0,1,1,20140225,IND,LAL
Shot Chart Detail,0021300847,187,202323,Evan Turner,1610612754,Indiana Pacers,2,6,51,Missed Shot,Pullup Jump shot,2PT Field Goal,In The Paint (Non-RA),Center(C),8-16 ft.,12.0,-11.0,129.0,1,0,20140225,IND,LAL
Shot Chart Detail,0021300847,191,202323,Evan Turner,1610612754,Indiana Pacers,2,6,31,Made Shot,Turnaround Fadeaway shot,2PT Field Goal,Mid-Range,Right Side(R),8-16 ft.,13.0,135.0,-11.0,1,1,20140225,IND,LAL
Shot Chart Detail,0021300847,196,202323,Evan Turner,1610612754,Indiana Pacers,2,6,3,Made Shot,Jump Shot,2PT Field Goal,Mid-Range,Left Side(L),8-16 ft.,10.0,-97.0,42.0,1,1,20140225,IND,LAL
Shot Chart Detail,0021300847,377,202323,Evan Turner,1610612754,Indiana Pacers,3,2,12,Made Shot,Jump Shot,2PT Field Goal,Mid-Range,Left Side(L),8-16 ft.,13.0,-136.0,12.0,1,1,20140225,IND,LAL
Shot Chart Detail,0021300847,412,202323,Evan Turner,1610612754,Indiana Pacers,4,11,5,Made Shot,Jump Shot,2PT Field Goal,Mid-Range,Left Side(L),8-16 ft.,13.0,-136.0,19.0,1,1,20140225,IND,LAL
Shot Chart Detail,0021300847,442,202323,Evan Turner,1610612754,Indiana Pacers,4,8,12,Missed Shot,Turnaround Jump Shot,2PT Field Goal,Mid-Range,Left Side(L),8-16 ft.,12.0,-128.0,17.0,1,0,20140225,IND,LAL
Shot Chart Detail,0021300847,460,202323,Evan Turner,1610612754,Indiana Pacers,4,6,34,Missed Shot,Jump Shot,3PT Field Goal,Above the Break 3,Left Side Center(LC),24+ ft.,25.0,-95.0,233.0,1,0,20140225,IND,LAL
Shot Chart Detail,0021300847,479,202323,Evan Turner,1610612754,Indiana Pacers,4,5,2,Missed Shot,Jump Shot,2PT Field Goal,In The Paint (Non-RA),Right Side(R),8-16 ft.,10.0,53.0,88.0,1,0,20140225,IND,LAL
Shot Chart Detail,0021300863,88,202323,Evan Turner,1610612754,Indiana Pacers,1,0,40,Missed Shot,Jump Shot,2PT Field Goal,In The Paint (Non-RA),Center(C),Less Than 8 ft.,5.0,-5.0,56.0,1,0,20140227,IND,MIL
Shot Chart Detail,0021300863,105,202323,Evan Turner,1610612754,Indiana Pacers,2,10,30,Missed Shot,Jump Shot,2PT Field Goal,In The Paint (Non-RA),Center(C),Less Than 8 ft.,5.0,34.0,45.0,1,0,20140227,IND,MIL
Shot Chart Detail,0021300863,143,202323,Evan Turner,1610612754,Indiana Pacers,2,5,52,Made Shot,Turnaround Jump Shot,2PT Field Goal,Mid-Range,Right Side(R),8-16 ft.,14.0,127.0,75.0,1,1,20140227,IND,MIL
Shot Chart Detail,0021300863,151,202323,Evan Turner,1610612754,Indiana Pacers,2,5,13,Missed Shot,Jump Shot,2PT Field Goal,Mid-Range,Center(C),16-24 ft.,18.0,17.0,184.0,1,0,20140227,IND,MIL
Shot Chart Detail,0021300863,165,202323,Evan Turner,1610612754,Indiana Pacers,2,4,1,Missed Shot,Jump Shot,2PT Field Goal,Mid-Range,Left Side(L),8-16 ft.,12.0,-123.0,-21.0,1,0,20140227,IND,MIL
Shot Chart Detail,0021300863,296,202323,Evan Turner,1610612754,Indiana Pacers,3,2,15,Made Shot,Jump Shot,2PT Field Goal,In The Paint (Non-RA),Center(C),8-16 ft.,9.0,45.0,89.0,1,1,20140227,IND,MIL
Shot Chart Detail,0021300863,315,202323,Evan Turner,1610612754,Indiana Pacers,3,1,7,Missed Shot,Jump Shot,2PT Field Goal,Mid-Range,Right Side(R),8-16 ft.,15.0,152.0,-3.0,1,0,20140227,IND,MIL
Shot Chart Detail,0021300863,333,202323,Evan Turner,1610612754,Indiana Pacers,4,11,0,Missed Shot,Jump Shot,2PT Field Goal,Mid-Range,Left Side(L),8-16 ft.,12.0,-128.0,20.0,1,0,20140227,IND,MIL
Shot Chart Detail,0021300863,352,202323,Evan Turner,1610612754,Indiana Pacers,4,9,11,Missed Shot,Jump Shot,3PT Field Goal,Right Corner 3,Right Side(R),24+ ft.,23.0,237.0,-10.0,1,0,20140227,IND,MIL
Shot Chart Detail,0021300863,358,202323,Evan Turner,1610612754,Indiana Pacers,4,8,15,Missed Shot,Jump Shot,2PT Field Goal,Mid-Range,Right Side(R),8-16 ft.,15.0,151.0,20.0,1,0,20140227,IND,MIL
Shot Chart Detail,0021300877,168,202323,Evan Turner,1610612754,Indiana Pacers,2,8,8,Made Shot,Turnaround Fadeaway shot,2PT Field Goal,In The Paint (Non-RA),Center(C),Less Than 8 ft.,5.0,6.0,58.0,1,1,20140301,BOS,IND
Shot Chart Detail,0021300877,171,202323,Evan Turner,1610612754,Indiana Pacers,2,7,37,Missed Shot,Jump Shot,2PT Field Goal,Mid-Range,Left Side Center(LC),16-24 ft.,18.0,-146.0,115.0,1,0,20140301,BOS,IND
Shot Chart Detail,0021300877,213,202323,Evan Turner,1610612754,Indiana Pacers,2,4,34,Made Shot,Turnaround Fadeaway shot,2PT Field Goal,In The Paint (Non-RA),Center(C),Less Than 8 ft.,4.0,23.0,44.0,1,1,20140301,BOS,IND
Shot Chart Detail,0021300877,216,202323,Evan Turner,1610612754,Indiana Pacers,2,4,3,Made Shot,Jump Shot,2PT Field Goal,Mid-Range,Right Side(R),8-16 ft.,11.0,111.0,37.0,1,1,20140301,BOS,IND
Shot Chart Detail,0021300877,219,202323,Evan Turner,1610612754,Indiana Pacers,2,3,38,Missed Shot,Jump Shot,3PT Field Goal,Above the Break 3,Right Side Center(RC),24+ ft.,24.0,124.0,214.0,1,0,20140301,BOS,IND
Shot Chart Detail,0021300877,353,202323,Evan Turner,1610612754,Indiana Pacers,3,1,14,Missed Shot,Turnaround Fadeaway shot,2PT Field Goal,Mid-Range,Right Side(R),8-16 ft.,13.0,129.0,20.0,1,0,20140301,BOS,IND
Shot Chart Detail,0021300877,378,202323,Evan Turner,1610612754,Indiana Pacers,4,10,35,Made Shot,Driving Reverse Layup Shot,2PT Field Goal,Restricted Area,Center(C),Less Than 8 ft.,2.0,-23.0,11.0,1,1,20140301,BOS,IND
Shot Chart Detail,0021300877,384,202323,Evan Turner,1610612754,Indiana Pacers,4,9,59,Made Shot,Pullup Jump shot,2PT Field Goal,Mid-Range,Right Side(R),8-16 ft.,13.0,86.0,101.0,1,1,20140301,BOS,IND
Shot Chart Detail,0021300877,405,202323,Evan Turner,1610612754,Indiana Pacers,4,9,0,Made Shot,Driving Layup Shot,2PT Field Goal,Restricted Area,Center(C),Less Than 8 ft.,2.0,20.0,-8.0,1,1,20140301,BOS,IND
Shot Chart Detail,0021300877,417,202323,Evan Turner,1610612754,Indiana Pacers,4,7,49,Made Shot,Step Back Jump shot,2PT Field Goal,Mid-Range,Left Side(L),8-16 ft.,13.0,-109.0,82.0,1,1,20140301,BOS,IND
Shot Chart Detail,0021300877,441,202323,Evan Turner,1610612754,Indiana Pacers,4,5,20,Missed Shot,Fadeaway Jump Shot,2PT Field Goal,In The Paint (Non-RA),Right Side(R),8-16 ft.,9.0,75.0,56.0,1,0,20140301,BOS,IND
Shot Chart Detail,0021300877,456,202323,Evan Turner,1610612754,Indiana Pacers,4,3,3,Missed Shot,Jump Shot,2PT Field Goal,Mid-Range,Left Side(L),8-16 ft.,10.0,-101.0,36.0,1,0,20140301,BOS,IND
Shot Chart Detail,0021300877,484,202323,Evan Turner,1610612754,Indiana Pacers,4,1,45,Missed Shot,Fadeaway Jump Shot,2PT Field Goal,In The Paint (Non-RA),Center(C),Less Than 8 ft.,5.0,-43.0,36.0,1,0,20140301,BOS,IND
Shot Chart Detail,0021300885,73,202323,Evan Turner,1610612754,Indiana Pacers,1,4,3,Missed Shot,Jump Shot,2PT Field Goal,Mid-Range,Right Side(R),8-16 ft.,14.0,147.0,-10.0,1,0,20140302,IND,UTA
Shot Chart Detail,0021300885,148,202323,Evan Turner,1610612754,Indiana Pacers,2,8,14,Made Shot,Jump Shot,3PT Field Goal,Right Corner 3,Right Side(R),24+ ft.,24.0,242.0,-10.0,1,1,20140302,IND,UTA
Shot Chart Detail,0021300885,155,202323,Evan Turner,1610612754,Indiana Pacers,2,7,9,Missed Shot,Jump Shot,2PT Field Goal,Mid-Range,Right Side Center(RC),16-24 ft.,17.0,89.0,154.0,1,0,20140302,IND,UTA
Shot Chart Detail,0021300885,161,202323,Evan Turner,1610612754,Indiana Pacers,2,6,29,Missed Shot,Jump Shot,2PT Field Goal,Mid-Range,Left Side(L),8-16 ft.,10.0,-101.0,20.0,1,0,20140302,IND,UTA
Shot Chart Detail,0021300885,176,202323,Evan Turner,1610612754,Indiana Pacers,2,4,43,Missed Shot,Jump Shot,2PT Field Goal,In The Paint (Non-RA),Center(C),Less Than 8 ft.,7.0,-79.0,4.0,1,0,20140302,IND,UTA
Shot Chart Detail,0021300885,395,202323,Evan Turner,1610612754,Indiana Pacers,4,11,19,Missed Shot,Jump Shot,2PT Field Goal,Mid-Range,Right Side(R),16-24 ft.,17.0,179.0,-6.0,1,0,20140302,IND,UTA
Shot Chart Detail,0021300885,399,202323,Evan Turner,1610612754,Indiana Pacers,4,10,48,Missed Shot,Layup Shot,2PT Field Goal,Restricted Area,Center(C),Less Than 8 ft.,1.0,18.0,-6.0,1,0,20140302,IND,UTA
Shot Chart Detail,0021300885,420,202323,Evan Turner,1610612754,Indiana Pacers,4,9,24,Made Shot,Driving Finger Roll Layup Shot,2PT Field Goal,Restricted Area,Center(C),Less Than 8 ft.,0.0,-2.0,-6.0,1,1,20140302,IND,UTA
Shot Chart Detail,0021300885,444,202323,Evan Turner,1610612754,Indiana Pacers,4,6,19,Missed Shot,Jump Shot,3PT Field Goal,Above the Break 3,Right Side Center(RC),24+ ft.,25.0,132.0,219.0,1,0,20140302,IND,UTA
Shot Chart Detail,0021300899,104,202323,Evan Turner,1610612754,Indiana Pacers,1,0,55,Missed Shot,Turnaround Jump Shot,2PT Field Goal,Mid-Range,Left Side(L),8-16 ft.,13.0,-130.0,7.0,1,0,20140304,IND,GSW
Shot Chart Detail,0021300899,106,202323,Evan Turner,1610612754,Indiana Pacers,1,0,51,Missed Shot,Jump Shot,2PT Field Goal,Mid-Range,Left Side(L),8-16 ft.,12.0,-120.0,1.0,1,0,20140304,IND,GSW
Shot Chart Detail,0021300899,156,202323,Evan Turner,1610612754,Indiana Pacers,2,6,43,Missed Shot,Jump Shot,2PT Field Goal,In The Paint (Non-RA),Center(C),Less Than 8 ft.,7.0,-48.0,58.0,1,0,20140304,IND,GSW
Shot Chart Detail,0021300899,160,202323,Evan Turner,1610612754,Indiana Pacers,2,6,34,Missed Shot,Jump Shot,2PT Field Goal,Mid-Range,Right Side Center(RC),16-24 ft.,20.0,157.0,137.0,1,0,20140304,IND,GSW
Shot Chart Detail,0021300899,339,202323,Evan Turner,1610612754,Indiana Pacers,3,2,4,Missed Shot,Jump Shot,2PT Field Goal,Mid-Range,Left Side(L),8-16 ft.,11.0,-98.0,61.0,1,0,20140304,IND,GSW
Shot Chart Detail,0021300904,95,202323,Evan Turner,1610612754,Indiana Pacers,1,0,49,Missed Shot,Layup Shot,2PT Field Goal,Restricted Area,Center(C),Less Than 8 ft.,1.0,-5.0,15.0,1,0,20140305,CHA,IND
Shot Chart Detail,0021300904,97,202323,Evan Turner,1610612754,Indiana Pacers,1,0,44,Missed Shot,Jump Shot,2PT Field Goal,Mid-Range,Right Side(R),8-16 ft.,11.0,114.0,23.0,1,0,20140305,CHA,IND
Shot Chart Detail,0021300904,127,202323,Evan Turner,1610612754,Indiana Pacers,2,10,38,Made Shot,Driving Layup Shot,2PT Field Goal,Restricted Area,Center(C),Less Than 8 ft.,1.0,-8.0,9.0,1,1,20140305,CHA,IND
Shot Chart Detail,0021300904,142,202323,Evan Turner,1610612754,Indiana Pacers,2,9,22,Made Shot,Driving Layup Shot,2PT Field Goal,Restricted Area,Center(C),Less Than 8 ft.,1.0,-10.0,12.0,1,1,20140305,CHA,IND
Shot Chart Detail,0021300904,181,202323,Evan Turner,1610612754,Indiana Pacers,2,4,57,Made Shot,Turnaround Jump Shot,2PT Field Goal,In The Paint (Non-RA),Left Side(L),8-16 ft.,8.0,-64.0,55.0,1,1,20140305,CHA,IND
Shot Chart Detail,0021300904,340,202323,Evan Turner,1610612754,Indiana Pacers,3,2,2,Made Shot,Turnaround Jump Shot,2PT Field Goal,Mid-Range,Right Side(R),8-16 ft.,13.0,138.0,22.0,1,1,20140305,CHA,IND
Shot Chart Detail,0021300904,346,202323,Evan Turner,1610612754,Indiana Pacers,3,1,15,Missed Shot,Jump Shot,2PT Field Goal,Mid-Range,Right Side(R),8-16 ft.,9.0,92.0,12.0,1,0,20140305,CHA,IND
Shot Chart Detail,0021300904,359,202323,Evan Turner,1610612754,Indiana Pacers,3,0,0,Made Shot,Layup Shot,2PT Field Goal,Restricted Area,Center(C),Less Than 8 ft.,1.0,15.0,6.0,1,1,20140305,CHA,IND
Shot Chart Detail,0021300904,414,202323,Evan Turner,1610612754,Indiana Pacers,4,7,5,Made Shot,Turnaround Jump Shot,2PT Field Goal,In The Paint (Non-RA),Center(C),Less Than 8 ft.,5.0,54.0,20.0,1,1,20140305,CHA,IND
Shot Chart Detail,0021300904,430,202323,Evan Turner,1610612754,Indiana Pacers,4,5,51,Made Shot,Jump Shot,3PT Field Goal,Left Corner 3,Left Side(L),24+ ft.,23.0,-235.0,23.0,1,1,20140305,CHA,IND
Shot Chart Detail,0021300904,460,202323,Evan Turner,1610612754,Indiana Pacers,4,3,20,Made Shot,Reverse Layup Shot,2PT Field Goal,Restricted Area,Center(C),Less Than 8 ft.,1.0,-10.0,6.0,1,1,20140305,CHA,IND
Shot Chart Detail,0021300904,488,202323,Evan Turner,1610612754,Indiana Pacers,4,1,35,Made Shot,Jump Shot,3PT Field Goal,Right Corner 3,Right Side(R),24+ ft.,23.0,236.0,17.0,1,1,20140305,CHA,IND
Shot Chart Detail,0021300926,94,202323,Evan Turner,1610612754,Indiana Pacers,2,11,41,Made Shot,Jump Bank Shot,3PT Field Goal,Left Corner 3,Left Side(L),24+ ft.,23.0,-231.0,45.0,1,1,20140307,HOU,IND
Shot Chart Detail,0021300926,145,202323,Evan Turner,1610612754,Indiana Pacers,2,7,16,Missed Shot,Layup Shot,2PT Field Goal,Restricted Area,Center(C),Less Than 8 ft.,1.0,-15.0,7.0,1,0,20140307,HOU,IND
Shot Chart Detail,0021300926,365,202323,Evan Turner,1610612754,Indiana Pacers,3,0,29,Made Shot,Floating Jump shot,2PT Field Goal,In The Paint (Non-RA),Center(C),8-16 ft.,9.0,26.0,93.0,1,1,20140307,HOU,IND
Shot Chart Detail,0021300941,119,202323,Evan Turner,1610612754,Indiana Pacers,2,10,45,Missed Shot,Jump Shot,2PT Field Goal,Mid-Range,Left Side(L),16-24 ft.,21.0,-215.0,17.0,1,0,20140309,DAL,IND
Shot Chart Detail,0021300941,433,202323,Evan Turner,1610612754,Indiana Pacers,4,11,27,Made Shot,Fadeaway Jump Shot,2PT Field Goal,Mid-Range,Right Side(R),8-16 ft.,11.0,110.0,30.0,1,1,20140309,DAL,IND
Shot Chart Detail,0021300941,441,202323,Evan Turner,1610612754,Indiana Pacers,4,10,41,Missed Shot,Driving Reverse Layup Shot,2PT Field Goal,Restricted Area,Center(C),Less Than 8 ft.,1.0,0.0,12.0,1,0,20140309,DAL,IND
Shot Chart Detail,0021300950,193,202323,Evan Turner,1610612754,Indiana Pacers,2,4,12,Made Shot,Pullup Jump shot,2PT Field Goal,Mid-Range,Right Side(R),16-24 ft.,17.0,170.0,-13.0,1,1,20140311,IND,BOS
Shot Chart Detail,0021300950,199,202323,Evan Turner,1610612754,Indiana Pacers,2,3,33,Made Shot,Layup Shot,2PT Field Goal,Restricted Area,Center(C),Less Than 8 ft.,1.0,-11.0,7.0,1,1,20140311,IND,BOS
Shot Chart Detail,0021300950,204,202323,Evan Turner,1610612754,Indiana Pacers,2,2,22,Made Shot,Jump Shot,3PT Field Goal,Above the Break 3,Left Side Center(LC),24+ ft.,26.0,-164.0,209.0,1,1,20140311,IND,BOS
Shot Chart Detail,0021300950,396,202323,Evan Turner,1610612754,Indiana Pacers,4,10,15,Made Shot,Jump Shot,2PT Field Goal,Mid-Range,Left Side(L),8-16 ft.,15.0,-153.0,-6.0,1,1,20140311,IND,BOS
Shot Chart Detail,0021300973,156,202323,Evan Turner,1610612754,Indiana Pacers,2,7,43,Missed Shot,Jump Shot,2PT Field Goal,In The Paint (Non-RA),Center(C),8-16 ft.,9.0,29.0,93.0,1,0,20140314,PHI,IND
Shot Chart Detail,0021300973,377,202323,Evan Turner,1610612754,Indiana Pacers,4,9,0,Made Shot,Driving Finger Roll Layup Shot,2PT Field Goal,Restricted Area,Center(C),Less Than 8 ft.,2.0,21.0,19.0,1,1,20140314,PHI,IND
Shot Chart Detail,0021300973,387,202323,Evan Turner,1610612754,Indiana Pacers,4,8,6,Missed Shot,Jump Shot,2PT Field Goal,Mid-Range,Left Side(L),8-16 ft.,14.0,-92.0,110.0,1,0,20140314,PHI,IND
Shot Chart Detail,0021300973,403,202323,Evan Turner,1610612754,Indiana Pacers,4,6,25,Missed Shot,Jump Shot,3PT Field Goal,Right Corner 3,Right Side(R),24+ ft.,23.0,237.0,7.0,1,0,20140314,PHI,IND
Shot Chart Detail,0021300984,77,202323,Evan Turner,1610612754,Indiana Pacers,1,3,23,Made Shot,Jump Shot,2PT Field Goal,In The Paint (Non-RA),Center(C),Less Than 8 ft.,4.0,-41.0,4.0,1,1,20140315,DET,IND
Shot Chart Detail,0021300984,90,202323,Evan Turner,1610612754,Indiana Pacers,1,2,5,Missed Shot,Jump Shot,3PT Field Goal,Right Corner 3,Right Side(R),24+ ft.,23.0,233.0,55.0,1,0,20140315,DET,IND
Shot Chart Detail,0021300984,112,202323,Evan Turner,1610612754,Indiana Pacers,1,0,30,Made Shot,Layup Shot,2PT Field Goal,Restricted Area,Center(C),Less Than 8 ft.,2.0,21.0,-6.0,1,1,20140315,DET,IND
Shot Chart Detail,0021300984,130,202323,Evan Turner,1610612754,Indiana Pacers,2,10,18,Made Shot,Layup Shot,2PT Field Goal,Restricted Area,Center(C),Less Than 8 ft.,0.0,-8.0,3.0,1,1,20140315,DET,IND
Shot Chart Detail,0021300984,151,202323,Evan Turner,1610612754,Indiana Pacers,2,8,17,Missed Shot,Jump Shot,2PT Field Goal,Mid-Range,Left Side(L),8-16 ft.,13.0,-130.0,12.0,1,0,20140315,DET,IND
Shot Chart Detail,0021300984,326,202323,Evan Turner,1610612754,Indiana Pacers,3,6,36,Made Shot,Driving Layup Shot,2PT Field Goal,Restricted Area,Center(C),Less Than 8 ft.,1.0,-11.0,6.0,1,1,20140315,DET,IND
Shot Chart Detail,0021300984,338,202323,Evan Turner,1610612754,Indiana Pacers,3,5,20,Missed Shot,Jump Shot,2PT Field Goal,In The Paint (Non-RA),Center(C),Less Than 8 ft.,4.0,-41.0,23.0,1,0,20140315,DET,IND
Shot Chart Detail,0021300984,404,202323,Evan Turner,1610612754,Indiana Pacers,4,11,29,Missed Shot,Jump Shot,2PT Field Goal,In The Paint (Non-RA),Left Side(L),8-16 ft.,12.0,-67.0,105.0,1,0,20140315,DET,IND
Shot Chart Detail,0021300984,406,202323,Evan Turner,1610612754,Indiana Pacers,4,11,24,Made Shot,Tip Shot,2PT Field Goal,Restricted Area,Center(C),Less Than 8 ft.,0.0,6.0,-5.0,1,1,20140315,DET,IND
Shot Chart Detail,0021300984,423,202323,Evan Turner,1610612754,Indiana Pacers,4,10,7,Missed Shot,Jump Shot,2PT Field Goal,Restricted Area,Center(C),Less Than 8 ft.,3.0,-29.0,23.0,1,0,20140315,DET,IND
Shot Chart Detail,0021300984,429,202323,Evan Turner,1610612754,Indiana Pacers,4,9,33,Missed Shot,Jump Shot,2PT Field Goal,In The Paint (Non-RA),Left Side(L),8-16 ft.,8.0,-78.0,26.0,1,0,20140315,DET,IND
Shot Chart Detail,0021300984,447,202323,Evan Turner,1610612754,Indiana Pacers,4,8,21,Made Shot,Driving Layup Shot,2PT Field Goal,Restricted Area,Center(C),Less Than 8 ft.,0.0,-2.0,-2.0,1,1,20140315,DET,IND
Shot Chart Detail,0021300984,460,202323,Evan Turner,1610612754,Indiana Pacers,4,6,44,Made Shot,Jump Shot,2PT Field Goal,In The Paint (Non-RA),Center(C),Less Than 8 ft.,4.0,-30.0,31.0,1,1,20140315,DET,IND
Shot Chart Detail,0021300984,484,202323,Evan Turner,1610612754,Indiana Pacers,4,5,5,Made Shot,Jump Shot,3PT Field Goal,Left Corner 3,Left Side(L),24+ ft.,22.0,-224.0,33.0,1,1,20140315,DET,IND
Shot Chart Detail,0021300984,486,202323,Evan Turner,1610612754,Indiana Pacers,4,4,29,Missed Shot,Jump Shot,2PT Field Goal,In The Paint (Non-RA),Center(C),Less Than 8 ft.,5.0,-2.0,58.0,1,0,20140315,DET,IND
Shot Chart Detail,0021300997,75,202323,Evan Turner,1610612754,Indiana Pacers,1,4,3,Missed Shot,Jump Shot,2PT Field Goal,Mid-Range,Right Side(R),16-24 ft.,16.0,168.0,-8.0,1,0,20140317,IND,PHI
Shot Chart Detail,0021300997,100,202323,Evan Turner,1610612754,Indiana Pacers,1,2,6,Made Shot,Running Jump Shot,2PT Field Goal,In The Paint (Non-RA),Center(C),Less Than 8 ft.,5.0,0.0,52.0,1,1,20140317,IND,PHI
Shot Chart Detail,0021300997,173,202323,Evan Turner,1610612754,Indiana Pacers,2,8,25,Made Shot,Driving Finger Roll Layup Shot,2PT Field Goal,Restricted Area,Center(C),Less Than 8 ft.,1.0,13.0,4.0,1,1,20140317,IND,PHI
Shot Chart Detail,0021300997,190,202323,Evan Turner,1610612754,Indiana Pacers,2,6,23,Missed Shot,Layup Shot,2PT Field Goal,Restricted Area,Center(C),Less Than 8 ft.,2.0,2.0,20.0,1,0,20140317,IND,PHI
Shot Chart Detail,0021300997,196,202323,Evan Turner,1610612754,Indiana Pacers,2,6,8,Missed Shot,Jump Shot,2PT Field Goal,Mid-Range,Left Side(L),8-16 ft.,8.0,-87.0,20.0,1,0,20140317,IND,PHI
Shot Chart Detail,0021300997,405,202323,Evan Turner,1610612754,Indiana Pacers,3,2,3,Missed Shot,Jump Shot,3PT Field Goal,Above the Break 3,Center(C),24+ ft.,27.0,75.0,261.0,1,0,20140317,IND,PHI
Shot Chart Detail,0021300997,440,202323,Evan Turner,1610612754,Indiana Pacers,4,10,12,Missed Shot,Jump Shot,2PT Field Goal,In The Paint (Non-RA),Center(C),Less Than 8 ft.,6.0,23.0,58.0,1,0,20140317,IND,PHI
Shot Chart Detail,0021301013,104,202323,Evan Turner,1610612754,Indiana Pacers,1,2,25,Missed Shot,Jump Shot,2PT Field Goal,In The Paint (Non-RA),Center(C),Less Than 8 ft.,6.0,-54.0,41.0,1,0,20140319,NYK,IND
Shot Chart Detail,0021301013,111,202323,Evan Turner,1610612754,Indiana Pacers,1,1,29,Missed Shot,Layup Shot,2PT Field Goal,Restricted Area,Center(C),Less Than 8 ft.,1.0,-10.0,9.0,1,0,20140319,NYK,IND
Shot Chart Detail,0021301013,169,202323,Evan Turner,1610612754,Indiana Pacers,2,9,58,Made Shot,Driving Layup Shot,2PT Field Goal,Restricted Area,Center(C),Less Than 8 ft.,1.0,17.0,7.0,1,1,20140319,NYK,IND
Shot Chart Detail,0021301013,200,202323,Evan Turner,1610612754,Indiana Pacers,2,7,11,Missed Shot,Jump Shot,2PT Field Goal,In The Paint (Non-RA),Left Side(L),8-16 ft.,8.0,-49.0,66.0,1,0,20140319,NYK,IND
Shot Chart Detail,0021301013,447,202323,Evan Turner,1610612754,Indiana Pacers,4,8,20,Missed Shot,Jump Shot,2PT Field Goal,Mid-Range,Right Side(R),8-16 ft.,9.0,97.0,-16.0,1,0,20140319,NYK,IND
Shot Chart Detail,0021301022,133,202323,Evan Turner,1610612754,Indiana Pacers,2,10,22,Made Shot,Turnaround Fadeaway shot,2PT Field Goal,Mid-Range,Right Side(R),8-16 ft.,10.0,94.0,36.0,1,1,20140321,IND,CHI
Shot Chart Detail,0021301022,179,202323,Evan Turner,1610612754,Indiana Pacers,2,7,33,Made Shot,Jump Shot,2PT Field Goal,In The Paint (Non-RA),Right Side(R),8-16 ft.,13.0,73.0,112.0,1,1,20140321,IND,CHI
Shot Chart Detail,0021301022,186,202323,Evan Turner,1610612754,Indiana Pacers,2,6,7,Missed Shot,Jump Shot,2PT Field Goal,In The Paint (Non-RA),Right Side(R),8-16 ft.,15.0,80.0,132.0,1,0,20140321,IND,CHI
Shot Chart Detail,0021301022,205,202323,Evan Turner,1610612754,Indiana Pacers,2,3,58,Missed Shot,Jump Shot,2PT Field Goal,In The Paint (Non-RA),Center(C),Less Than 8 ft.,7.0,75.0,6.0,1,0,20140321,IND,CHI
Shot Chart Detail,0021301022,367,202323,Evan Turner,1610612754,Indiana Pacers,4,11,54,Missed Shot,Layup Shot,2PT Field Goal,Restricted Area,Center(C),Less Than 8 ft.,0.0,-8.0,4.0,1,0,20140321,IND,CHI
Shot Chart Detail,0021301022,369,202323,Evan Turner,1610612754,Indiana Pacers,4,11,52,Made Shot,Jump Shot,2PT Field Goal,Mid-Range,Right Side(R),16-24 ft.,17.0,176.0,-13.0,1,1,20140321,IND,CHI
Shot Chart Detail,0021301022,371,202323,Evan Turner,1610612754,Indiana Pacers,4,11,10,Missed Shot,Jump Shot,2PT Field Goal,In The Paint (Non-RA),Center(C),Less Than 8 ft.,7.0,-4.0,75.0,1,0,20140321,IND,CHI
Shot Chart Detail,0021301022,437,202323,Evan Turner,1610612754,Indiana Pacers,4,5,17,Missed Shot,Layup Shot,2PT Field Goal,Restricted Area,Center(C),Less Than 8 ft.,1.0,-11.0,3.0,1,0,20140321,IND,CHI
Shot Chart Detail,0021301035,100,202323,Evan Turner,1610612754,Indiana Pacers,1,0,8,Made Shot,Pullup Jump shot,2PT Field Goal,In The Paint (Non-RA),Center(C),8-16 ft.,13.0,-34.0,127.0,1,1,20140322,MEM,IND
Shot Chart Detail,0021301035,175,202323,Evan Turner,1610612754,Indiana Pacers,2,4,29,Missed Shot,Jump Shot,3PT Field Goal,Right Corner 3,Right Side(R),24+ ft.,23.0,234.0,31.0,1,0,20140322,MEM,IND
Shot Chart Detail,0021301035,302,202323,Evan Turner,1610612754,Indiana Pacers,3,1,42,Missed Shot,Jump Shot,2PT Field Goal,Restricted Area,Center(C),Less Than 8 ft.,3.0,7.0,37.0,1,0,20140322,MEM,IND
Shot Chart Detail,0021301035,316,202323,Evan Turner,1610612754,Indiana Pacers,3,0,5,Missed Shot,Jump Shot,2PT Field Goal,In The Paint (Non-RA),Center(C),Less Than 8 ft.,6.0,4.0,61.0,1,0,20140322,MEM,IND
Shot Chart Detail,0021301035,341,202323,Evan Turner,1610612754,Indiana Pacers,4,9,22,Made Shot,Jump Shot,3PT Field Goal,Left Corner 3,Left Side(L),24+ ft.,23.0,-232.0,1.0,1,1,20140322,MEM,IND
Shot Chart Detail,0021301050,99,202323,Evan Turner,1610612754,Indiana Pacers,1,1,12,Missed Shot,Pullup Jump shot,2PT Field Goal,Mid-Range,Left Side(L),8-16 ft.,11.0,-111.0,3.0,1,0,20140324,CHI,IND
Shot Chart Detail,0021301050,136,202323,Evan Turner,1610612754,Indiana Pacers,2,9,35,Made Shot,Jump Shot,2PT Field Goal,In The Paint (Non-RA),Center(C),8-16 ft.,8.0,32.0,77.0,1,1,20140324,CHI,IND
Shot Chart Detail,0021301050,143,202323,Evan Turner,1610612754,Indiana Pacers,2,9,1,Missed Shot,Turnaround Jump Shot,2PT Field Goal,Mid-Range,Right Side(R),8-16 ft.,13.0,138.0,17.0,1,0,20140324,CHI,IND
Shot Chart Detail,0021301050,158,202323,Evan Turner,1610612754,Indiana Pacers,2,7,41,Missed Shot,Jump Shot,2PT Field Goal,In The Paint (Non-RA),Center(C),8-16 ft.,9.0,-24.0,89.0,1,0,20140324,CHI,IND
Shot Chart Detail,0021301067,93,202323,Evan Turner,1610612754,Indiana Pacers,1,0,43,Made Shot,Layup Shot,2PT Field Goal,Restricted Area,Center(C),Less Than 8 ft.,0.0,6.0,3.0,1,1,20140326,IND,MIA
Shot Chart Detail,0021301067,100,202323,Evan Turner,1610612754,Indiana Pacers,1,0,5,Missed Shot,Jump Shot,2PT Field Goal,Mid-Range,Right Side(R),16-24 ft.,17.0,170.0,0.0,1,0,20140326,IND,MIA
Shot Chart Detail,0021301067,149,202323,Evan Turner,1610612754,Indiana Pacers,2,7,7,Missed Shot,Jump Shot,2PT Field Goal,Mid-Range,Right Side(R),8-16 ft.,9.0,92.0,11.0,1,0,20140326,IND,MIA
Shot Chart Detail,0021301067,165,202323,Evan Turner,1610612754,Indiana Pacers,2,6,15,Missed Shot,Jump Shot,2PT Field Goal,Mid-Range,Left Side(L),8-16 ft.,12.0,-117.0,39.0,1,0,20140326,IND,MIA
Shot Chart Detail,0021301067,345,202323,Evan Turner,1610612754,Indiana Pacers,3,0,45,Missed Shot,Jump Shot,2PT Field Goal,Mid-Range,Left Side(L),8-16 ft.,10.0,-103.0,-3.0,1,0,20140326,IND,MIA
Shot Chart Detail,0021301067,369,202323,Evan Turner,1610612754,Indiana Pacers,4,10,9,Made Shot,Jump Shot,2PT Field Goal,Mid-Range,Left Side(L),8-16 ft.,10.0,-100.0,37.0,1,1,20140326,IND,MIA
Shot Chart Detail,0021301067,449,202323,Evan Turner,1610612754,Indiana Pacers,4,3,35,Missed Shot,Jump Shot,2PT Field Goal,Mid-Range,Right Side Center(RC),16-24 ft.,18.0,84.0,170.0,1,0,20140326,IND,MIA
Shot Chart Detail,0021301067,463,202323,Evan Turner,1610612754,Indiana Pacers,4,2,29,Missed Shot,Jump Shot,2PT Field Goal,In The Paint (Non-RA),Center(C),Less Than 8 ft.,6.0,31.0,61.0,1,0,20140326,IND,MIA
Shot Chart Detail,0021301067,471,202323,Evan Turner,1610612754,Indiana Pacers,4,2,2,Made Shot,Layup Shot,2PT Field Goal,Restricted Area,Center(C),Less Than 8 ft.,1.0,15.0,-2.0,1,1,20140326,IND,MIA
Shot Chart Detail,0021301067,476,202323,Evan Turner,1610612754,Indiana Pacers,4,1,30,Made Shot,Driving Layup Shot,2PT Field Goal,Restricted Area,Center(C),Less Than 8 ft.,1.0,18.0,6.0,1,1,20140326,IND,MIA
Shot Chart Detail,0021301077,106,202323,Evan Turner,1610612754,Indiana Pacers,1,1,42,Missed Shot,Layup Shot,2PT Field Goal,Restricted Area,Center(C),Less Than 8 ft.,1.0,-13.0,4.0,1,0,20140328,WAS,IND
Shot Chart Detail,0021301077,140,202323,Evan Turner,1610612754,Indiana Pacers,2,10,37,Missed Shot,Jump Shot,2PT Field Goal,In The Paint (Non-RA),Left Side(L),8-16 ft.,11.0,-78.0,85.0,1,0,20140328,WAS,IND
Shot Chart Detail,0021301077,172,202323,Evan Turner,1610612754,Indiana Pacers,2,7,38,Missed Shot,Jump Shot,2PT Field Goal,In The Paint (Non-RA),Center(C),Less Than 8 ft.,7.0,21.0,67.0,1,0,20140328,WAS,IND
Shot Chart Detail,0021301077,194,202323,Evan Turner,1610612754,Indiana Pacers,2,6,19,Missed Shot,Jump Shot,3PT Field Goal,Above the Break 3,Left Side Center(LC),24+ ft.,25.0,-134.0,219.0,1,0,20140328,WAS,IND
Shot Chart Detail,0021301094,105,202323,Evan Turner,1610612754,Indiana Pacers,1,1,15,Missed Shot,Jump Shot,3PT Field Goal,Right Corner 3,Right Side(R),24+ ft.,23.0,233.0,0.0,1,0,20140330,CLE,IND
Shot Chart Detail,0021301094,146,202323,Evan Turner,1610612754,Indiana Pacers,2,9,43,Missed Shot,Jump Shot,2PT Field Goal,Mid-Range,Right Side(R),8-16 ft.,10.0,94.0,47.0,1,0,20140330,CLE,IND
Shot Chart Detail,0021301094,149,202323,Evan Turner,1610612754,Indiana Pacers,2,9,9,Made Shot,Jump Shot,2PT Field Goal,Mid-Range,Left Side(L),16-24 ft.,16.0,-158.0,52.0,1,1,20140330,CLE,IND
Shot Chart Detail,0021301094,151,202323,Evan Turner,1610612754,Indiana Pacers,2,8,52,Missed Shot,Jump Shot,2PT Field Goal,Mid-Range,Left Side(L),8-16 ft.,10.0,-100.0,42.0,1,0,20140330,CLE,IND
Shot Chart Detail,0021301094,167,202323,Evan Turner,1610612754,Indiana Pacers,2,7,14,Made Shot,Turnaround Jump Shot,2PT Field Goal,In The Paint (Non-RA),Center(C),Less Than 8 ft.,5.0,-32.0,47.0,1,1,20140330,CLE,IND
Shot Chart Detail,0021301102,91,202323,Evan Turner,1610612754,Indiana Pacers,1,2,46,Missed Shot,Pullup Jump shot,2PT Field Goal,Mid-Range,Center(C),16-24 ft.,16.0,-18.0,165.0,1,0,20140331,IND,SAS
Shot Chart Detail,0021301102,98,202323,Evan Turner,1610612754,Indiana Pacers,1,1,35,Missed Shot,Jump Shot,2PT Field Goal,Mid-Range,Center(C),8-16 ft.,15.0,15.0,157.0,1,0,20140331,IND,SAS
Shot Chart Detail,0021301114,96,202323,Evan Turner,1610612754,Indiana Pacers,1,4,58,Missed Shot,Turnaround Fadeaway shot,2PT Field Goal,Mid-Range,Left Side(L),8-16 ft.,13.0,-125.0,48.0,1,0,20140402,IND,DET
Shot Chart Detail,0021301114,122,202323,Evan Turner,1610612754,Indiana Pacers,1,2,53,Made Shot,Jump Shot,2PT Field Goal,Mid-Range,Right Side(R),16-24 ft.,16.0,147.0,82.0,1,1,20140402,IND,DET
Shot Chart Detail,0021301114,130,202323,Evan Turner,1610612754,Indiana Pacers,1,1,55,Missed Shot,Jump Shot,2PT Field Goal,Mid-Range,Right Side(R),16-24 ft.,16.0,160.0,19.0,1,0,20140402,IND,DET
Shot Chart Detail,0021301114,182,202323,Evan Turner,1610612754,Indiana Pacers,2,8,44,Made Shot,Slam Dunk Shot,2PT Field Goal,Restricted Area,Center(C),Less Than 8 ft.,2.0,-2.0,25.0,1,1,20140402,IND,DET
Shot Chart Detail,0021301114,431,202323,Evan Turner,1610612754,Indiana Pacers,4,9,20,Missed Shot,Layup Shot,2PT Field Goal,Restricted Area,Center(C),Less Than 8 ft.,1.0,-11.0,-2.0,1,0,20140402,IND,DET
Shot Chart Detail,0021301131,118,202323,Evan Turner,1610612754,Indiana Pacers,2,10,46,Missed Shot,Jump Shot,2PT Field Goal,Mid-Range,Right Side Center(RC),16-24 ft.,19.0,108.0,157.0,1,0,20140404,TOR,IND
Shot Chart Detail,0021301131,133,202323,Evan Turner,1610612754,Indiana Pacers,2,9,18,Missed Shot,Driving Layup Shot,2PT Field Goal,Restricted Area,Center(C),Less Than 8 ft.,2.0,-23.0,0.0,1,0,20140404,TOR,IND
Shot Chart Detail,0021301131,138,202323,Evan Turner,1610612754,Indiana Pacers,2,7,52,Missed Shot,Driving Jump shot,2PT Field Goal,In The Paint (Non-RA),Center(C),Less Than 8 ft.,4.0,39.0,14.0,1,0,20140404,TOR,IND
Shot Chart Detail,0021301131,305,202323,Evan Turner,1610612754,Indiana Pacers,3,5,6,Made Shot,Pullup Jump shot,2PT Field Goal,Mid-Range,Right Side(R),8-16 ft.,14.0,146.0,-13.0,1,1,20140404,TOR,IND
Shot Chart Detail,0021301131,338,202323,Evan Turner,1610612754,Indiana Pacers,3,2,41,Missed Shot,Pullup Jump shot,2PT Field Goal,Mid-Range,Left Side(L),16-24 ft.,16.0,-147.0,71.0,1,0,20140404,TOR,IND
Shot Chart Detail,0021301131,350,202323,Evan Turner,1610612754,Indiana Pacers,3,1,45,Missed Shot,Layup Shot,2PT Field Goal,Restricted Area,Center(C),Less Than 8 ft.,3.0,-32.0,4.0,1,0,20140404,TOR,IND
Shot Chart Detail,0021301131,380,202323,Evan Turner,1610612754,Indiana Pacers,4,11,39,Missed Shot,Jump Shot,2PT Field Goal,Mid-Range,Left Side(L),8-16 ft.,15.0,-155.0,12.0,1,0,20140404,TOR,IND
Shot Chart Detail,0021301131,386,202323,Evan Turner,1610612754,Indiana Pacers,4,11,33,Missed Shot,Layup Shot,2PT Field Goal,Restricted Area,Center(C),Less Than 8 ft.,1.0,16.0,9.0,1,0,20140404,TOR,IND
Shot Chart Detail,0021301152,81,202323,Evan Turner,1610612754,Indiana Pacers,1,3,0,Missed Shot,Turnaround Fadeaway shot,2PT Field Goal,In The Paint (Non-RA),Center(C),Less Than 8 ft.,7.0,-62.0,44.0,1,0,20140406,IND,ATL
Shot Chart Detail,0021301152,84,202323,Evan Turner,1610612754,Indiana Pacers,1,2,27,Missed Shot,Jump Shot,3PT Field Goal,Right Corner 3,Right Side(R),24+ ft.,23.0,230.0,7.0,1,0,20140406,IND,ATL
Shot Chart Detail,0021301152,91,202323,Evan Turner,1610612754,Indiana Pacers,1,1,54,Missed Shot,Jump Shot,2PT Field Goal,Mid-Range,Right Side(R),8-16 ft.,13.0,132.0,14.0,1,0,20140406,IND,ATL
Shot Chart Detail,0021301152,455,202323,Evan Turner,1610612754,Indiana Pacers,4,5,52,Made Shot,Jump Shot,2PT Field Goal,In The Paint (Non-RA),Center(C),Less Than 8 ft.,4.0,-7.0,45.0,1,1,20140406,IND,ATL
Shot Chart Detail,0021301152,462,202323,Evan Turner,1610612754,Indiana Pacers,4,5,15,Missed Shot,Jump Shot,2PT Field Goal,Mid-Range,Left Side(L),8-16 ft.,13.0,-138.0,7.0,1,0,20140406,IND,ATL
Shot Chart Detail,0021301152,465,202323,Evan Turner,1610612754,Indiana Pacers,4,4,38,Made Shot,Driving Reverse Layup Shot,2PT Field Goal,Restricted Area,Center(C),Less Than 8 ft.,0.0,-7.0,0.0,1,1,20140406,IND,ATL
Shot Chart Detail,0021301152,488,202323,Evan Turner,1610612754,Indiana Pacers,4,2,12,Made Shot,Layup Shot,2PT Field Goal,Restricted Area,Center(C),Less Than 8 ft.,1.0,-13.0,12.0,1,1,20140406,IND,ATL
Shot Chart Detail,0021301168,11,202323,Evan Turner,1610612754,Indiana Pacers,1,10,44,Made Shot,Layup Shot,2PT Field Goal,Restricted Area,Center(C),Less Than 8 ft.,0.0,-7.0,0.0,1,1,20140409,MIL,IND
Shot Chart Detail,0021301168,20,202323,Evan Turner,1610612754,Indiana Pacers,1,9,36,Made Shot,Jump Shot,3PT Field Goal,Above the Break 3,Center(C),24+ ft.,25.0,62.0,249.0,1,1,20140409,MIL,IND
Shot Chart Detail,0021301168,42,202323,Evan Turner,1610612754,Indiana Pacers,1,6,16,Missed Shot,Turnaround Jump Shot,2PT Field Goal,Mid-Range,Right Side(R),8-16 ft.,9.0,95.0,0.0,1,0,20140409,MIL,IND
Shot Chart Detail,0021301168,115,202323,Evan Turner,1610612754,Indiana Pacers,2,10,32,Made Shot,Layup Shot,2PT Field Goal,Restricted Area,Center(C),Less Than 8 ft.,2.0,-21.0,15.0,1,1,20140409,MIL,IND
Shot Chart Detail,0021301168,130,202323,Evan Turner,1610612754,Indiana Pacers,2,8,39,Made Shot,Jump Shot,3PT Field Goal,Right Corner 3,Right Side(R),24+ ft.,22.0,226.0,42.0,1,1,20140409,MIL,IND
Shot Chart Detail,0021301168,134,202323,Evan Turner,1610612754,Indiana Pacers,2,8,2,Missed Shot,Jump Shot,2PT Field Goal,In The Paint (Non-RA),Center(C),8-16 ft.,13.0,-57.0,124.0,1,0,20140409,MIL,IND
Shot Chart Detail,0021301168,138,202323,Evan Turner,1610612754,Indiana Pacers,2,7,40,Missed Shot,Jump Shot,2PT Field Goal,In The Paint (Non-RA),Center(C),Less Than 8 ft.,6.0,-54.0,44.0,1,0,20140409,MIL,IND
Shot Chart Detail,0021301168,171,202323,Evan Turner,1610612754,Indiana Pacers,2,4,41,Made Shot,Jump Shot,3PT Field Goal,Above the Break 3,Right Side Center(RC),24+ ft.,24.0,102.0,224.0,1,1,20140409,MIL,IND
Shot Chart Detail,0021301168,197,202323,Evan Turner,1610612754,Indiana Pacers,2,2,44,Missed Shot,Jump Shot,2PT Field Goal,Mid-Range,Right Side(R),8-16 ft.,13.0,138.0,-17.0,1,0,20140409,MIL,IND
Shot Chart Detail,0021301168,204,202323,Evan Turner,1610612754,Indiana Pacers,2,2,26,Missed Shot,Jump Shot,3PT Field Goal,Above the Break 3,Center(C),24+ ft.,25.0,77.0,244.0,1,0,20140409,MIL,IND
Shot Chart Detail,0021301168,293,202323,Evan Turner,1610612754,Indiana Pacers,3,5,56,Missed Shot,Jump Shot,2PT Field Goal,Mid-Range,Center(C),16-24 ft.,18.0,-30.0,183.0,1,0,20140409,MIL,IND
Shot Chart Detail,0021301168,307,202323,Evan Turner,1610612754,Indiana Pacers,3,4,22,Made Shot,Layup Shot,2PT Field Goal,Restricted Area,Center(C),Less Than 8 ft.,0.0,-5.0,1.0,1,1,20140409,MIL,IND
Shot Chart Detail,0021301168,369,202323,Evan Turner,1610612754,Indiana Pacers,4,11,9,Missed Shot,Jump Shot,2PT Field Goal,Mid-Range,Left Side Center(LC),16-24 ft.,20.0,-127.0,156.0,1,0,20140409,MIL,IND
Shot Chart Detail,0021301168,397,202323,Evan Turner,1610612754,Indiana Pacers,4,8,27,Missed Shot,Layup Shot,2PT Field Goal,Restricted Area,Center(C),Less Than 8 ft.,1.0,7.0,-10.0,1,0,20140409,MIL,IND
Shot Chart Detail,0021301168,419,202323,Evan Turner,1610612754,Indiana Pacers,4,7,4,Made Shot,Reverse Layup Shot,2PT Field Goal,Restricted Area,Center(C),Less Than 8 ft.,0.0,-8.0,-3.0,1,1,20140409,MIL,IND
Shot Chart Detail,0021301168,432,202323,Evan Turner,1610612754,Indiana Pacers,4,5,48,Missed Shot,Jump Shot,2PT Field Goal,Mid-Range,Right Side(R),8-16 ft.,15.0,129.0,89.0,1,0,20140409,MIL,IND
Shot Chart Detail,0021301168,462,202323,Evan Turner,1610612754,Indiana Pacers,4,2,49,Made Shot,Turnaround Jump Shot,2PT Field Goal,Mid-Range,Left Side(L),8-16 ft.,8.0,-89.0,1.0,1,1,20140409,MIL,IND
Shot Chart Detail,0021301168,489,202323,Evan Turner,1610612754,Indiana Pacers,4,0,32,Made Shot,Layup Shot,2PT Field Goal,Restricted Area,Center(C),Less Than 8 ft.,0.0,0.0,-6.0,1,1,20140409,MIL,IND
Shot Chart Detail,0021301180,71,202323,Evan Turner,1610612754,Indiana Pacers,1,1,59,Missed Shot,Layup Shot,2PT Field Goal,Restricted Area,Center(C),Less Than 8 ft.,2.0,4.0,28.0,1,0,20140411,MIA,IND
Shot Chart Detail,0021301180,136,202323,Evan Turner,1610612754,Indiana Pacers,2,7,44,Missed Shot,Driving Layup Shot,2PT Field Goal,Restricted Area,Center(C),Less Than 8 ft.,2.0,20.0,7.0,1,0,20140411,MIA,IND
Shot Chart Detail,0021301180,355,202323,Evan Turner,1610612754,Indiana Pacers,3,1,18,Made Shot,Jump Shot,3PT Field Goal,Right Corner 3,Right Side(R),24+ ft.,24.0,241.0,9.0,1,1,20140411,MIA,IND
Shot Chart Detail,0021301180,375,202323,Evan Turner,1610612754,Indiana Pacers,4,11,34,Missed Shot,Floating Jump shot,2PT Field Goal,In The Paint (Non-RA),Center(C),8-16 ft.,8.0,10.0,89.0,1,0,20140411,MIA,IND
Shot Chart Detail,0021301180,388,202323,Evan Turner,1610612754,Indiana Pacers,4,9,58,Missed Shot,Driving Layup Shot,2PT Field Goal,Restricted Area,Center(C),Less Than 8 ft.,2.0,15.0,22.0,1,0,20140411,MIA,IND
Shot Chart Detail,0021301200,238,202323,Evan Turner,1610612754,Indiana Pacers,2,2,2,Missed Shot,Jump Shot,2PT Field Goal,Mid-Range,Left Side(L),16-24 ft.,16.0,-160.0,-21.0,1,0,20140413,IND,OKC
Shot Chart Detail,0021301227,9,202323,Evan Turner,1610612754,Indiana Pacers,1,10,0,Made Shot,Pullup Jump shot,2PT Field Goal,In The Paint (Non-RA),Left Side(L),8-16 ft.,10.0,-59.0,82.0,1,1,20140416,ORL,IND
Shot Chart Detail,0021301227,35,202323,Evan Turner,1610612754,Indiana Pacers,1,7,2,Made Shot,Step Back Jump shot,2PT Field Goal,In The Paint (Non-RA),Right Side(R),8-16 ft.,8.0,53.0,61.0,1,1,20140416,ORL,IND
Shot Chart Detail,0021301227,170,202323,Evan Turner,1610612754,Indiana Pacers,2,6,24,Made Shot,Jump Shot,3PT Field Goal,Right Corner 3,Right Side(R),24+ ft.,22.0,226.0,14.0,1,1,20140416,ORL,IND
Shot Chart Detail,0021301227,225,202323,Evan Turner,1610612754,Indiana Pacers,2,1,34,Made Shot,Driving Layup Shot,2PT Field Goal,Restricted Area,Center(C),Less Than 8 ft.,1.0,-16.0,-8.0,1,1,20140416,ORL,IND
Shot Chart Detail,0021301227,268,202323,Evan Turner,1610612754,Indiana Pacers,3,9,33,Made Shot,Driving Jump shot,2PT Field Goal,Restricted Area,Center(C),Less Than 8 ft.,3.0,-35.0,-10.0,1,1,20140416,ORL,IND
Shot Chart Detail,0021301227,318,202323,Evan Turner,1610612754,Indiana Pacers,3,4,24,Missed Shot,Jump Shot,2PT Field Goal,In The Paint (Non-RA),Left Side(L),8-16 ft.,14.0,-75.0,121.0,1,0,20140416,ORL,IND
