GRID_TYPE,GAME_ID,GAME_EVENT_ID,PLAYER_ID,PLAYER_NAME,TEAM_ID,TEAM_NAME,PERIOD,MINUTES_REMAINING,SECONDS_REMAINING,EVENT_TYPE,ACTION_TYPE,SHOT_TYPE,SHOT_ZONE_BASIC,SHOT_ZONE_AREA,SHOT_ZONE_RANGE,SHOT_DISTANCE,LOC_X,LOC_Y,SHOT_ATTEMPTED_FLAG,SHOT_MADE_FLAG,GAME_DATE,HTM,VTM
Shot Chart Detail,0021300009,9,202718,Chandler Parsons,1610612745,Houston Rockets,1,10,27,Missed Shot,Running Jump Shot,2PT Field Goal,Mid-Range,Right Side(R),8-16 ft.,15.0,100.0,124.0,1,0,20131030,HOU,CHA
Shot Chart Detail,0021300009,163,202718,Chandler Parsons,1610612745,Houston Rockets,2,9,50,Missed Shot,Driving Layup Shot,2PT Field Goal,Restricted Area,Center(C),Less Than 8 ft.,2.0,-27.0,1.0,1,0,20131030,HOU,CHA
Shot Chart Detail,0021300009,172,202718,Chandler Parsons,1610612745,Houston Rockets,2,8,54,Missed Shot,Layup Shot,2PT Field Goal,Restricted Area,Center(C),Less Than 8 ft.,2.0,-16.0,25.0,1,0,20131030,HOU,CHA
Shot Chart Detail,0021300009,230,202718,Chandler Parsons,1610612745,Houston Rockets,2,4,43,Made Shot,Layup Shot,2PT Field Goal,Restricted Area,Center(C),Less Than 8 ft.,2.0,20.0,4.0,1,1,20131030,HOU,CHA
Shot Chart Detail,0021300009,254,202718,Chandler Parsons,1610612745,Houston Rockets,2,2,4,Made Shot,Alley Oop Dunk Shot,2PT Field Goal,Restricted Area,Center(C),Less Than 8 ft.,0.0,-5.0,6.0,1,1,20131030,HOU,CHA
Shot Chart Detail,0021300009,278,202718,Chandler Parsons,1610612745,Houston Rockets,2,0,26,Missed Shot,Driving Layup Shot,2PT Field Goal,Restricted Area,Center(C),Less Than 8 ft.,0.0,-8.0,4.0,1,0,20131030,HOU,CHA
Shot Chart Detail,0021300009,330,202718,Chandler Parsons,1610612745,Houston Rockets,3,8,24,Missed Shot,Jump Shot,3PT Field Goal,Left Corner 3,Left Side(L),24+ ft.,23.0,-231.0,0.0,1,0,20131030,HOU,CHA
Shot Chart Detail,0021300009,345,202718,Chandler Parsons,1610612745,Houston Rockets,3,7,29,Missed Shot,Jump Shot,3PT Field Goal,Above the Break 3,Left Side Center(LC),24+ ft.,26.0,-194.0,178.0,1,0,20131030,HOU,CHA
Shot Chart Detail,0021300009,349,202718,Chandler Parsons,1610612745,Houston Rockets,3,6,59,Made Shot,Driving Slam Dunk Shot,2PT Field Goal,Restricted Area,Center(C),Less Than 8 ft.,1.0,6.0,15.0,1,1,20131030,HOU,CHA
Shot Chart Detail,0021300009,424,202718,Chandler Parsons,1610612745,Houston Rockets,4,10,28,Missed Shot,Jump Shot,3PT Field Goal,Above the Break 3,Center(C),24+ ft.,24.0,18.0,242.0,1,0,20131030,HOU,CHA
Shot Chart Detail,0021300009,439,202718,Chandler Parsons,1610612745,Houston Rockets,4,9,25,Made Shot,Layup Shot,2PT Field Goal,Restricted Area,Center(C),Less Than 8 ft.,1.0,-13.0,6.0,1,1,20131030,HOU,CHA
Shot Chart Detail,0021300025,20,202718,Chandler Parsons,1610612745,Houston Rockets,1,10,25,Made Shot,Layup Shot,2PT Field Goal,Restricted Area,Center(C),Less Than 8 ft.,3.0,-33.0,11.0,1,1,20131101,HOU,DAL
Shot Chart Detail,0021300025,43,202718,Chandler Parsons,1610612745,Houston Rockets,1,7,44,Missed Shot,Jump Shot,3PT Field Goal,Right Corner 3,Right Side(R),24+ ft.,22.0,226.0,6.0,1,0,20131101,HOU,DAL
Shot Chart Detail,0021300025,170,202718,Chandler Parsons,1610612745,Houston Rockets,2,10,28,Missed Shot,Jump Shot,3PT Field Goal,Above the Break 3,Left Side Center(LC),24+ ft.,27.0,-171.0,209.0,1,0,20131101,HOU,DAL
Shot Chart Detail,0021300025,262,202718,Chandler Parsons,1610612745,Houston Rockets,2,2,49,Made Shot,Jump Shot,2PT Field Goal,Mid-Range,Left Side(L),16-24 ft.,19.0,-194.0,26.0,1,1,20131101,HOU,DAL
Shot Chart Detail,0021300025,316,202718,Chandler Parsons,1610612745,Houston Rockets,3,9,47,Missed Shot,Jump Shot,3PT Field Goal,Above the Break 3,Left Side Center(LC),24+ ft.,24.0,-95.0,224.0,1,0,20131101,HOU,DAL
Shot Chart Detail,0021300025,350,202718,Chandler Parsons,1610612745,Houston Rockets,3,7,3,Missed Shot,Jump Shot,3PT Field Goal,Right Corner 3,Right Side(R),24+ ft.,24.0,242.0,56.0,1,0,20131101,HOU,DAL
Shot Chart Detail,0021300025,425,202718,Chandler Parsons,1610612745,Houston Rockets,3,3,55,Missed Shot,Jump Shot,3PT Field Goal,Right Corner 3,Right Side(R),24+ ft.,24.0,241.0,11.0,1,0,20131101,HOU,DAL
Shot Chart Detail,0021300025,597,202718,Chandler Parsons,1610612745,Houston Rockets,4,4,0,Made Shot,Driving Layup Shot,2PT Field Goal,Restricted Area,Center(C),Less Than 8 ft.,1.0,-7.0,9.0,1,1,20131101,HOU,DAL
Shot Chart Detail,0021300038,8,202718,Chandler Parsons,1610612745,Houston Rockets,1,10,55,Made Shot,Driving Layup Shot,2PT Field Goal,Restricted Area,Center(C),Less Than 8 ft.,0.0,-5.0,3.0,1,1,20131102,UTA,HOU
Shot Chart Detail,0021300038,40,202718,Chandler Parsons,1610612745,Houston Rockets,1,7,52,Made Shot,Layup Shot,2PT Field Goal,Restricted Area,Center(C),Less Than 8 ft.,1.0,10.0,1.0,1,1,20131102,UTA,HOU
Shot Chart Detail,0021300038,82,202718,Chandler Parsons,1610612745,Houston Rockets,1,3,35,Missed Shot,Jump Shot,3PT Field Goal,Above the Break 3,Left Side Center(LC),24+ ft.,24.0,-111.0,224.0,1,0,20131102,UTA,HOU
Shot Chart Detail,0021300038,145,202718,Chandler Parsons,1610612745,Houston Rockets,2,11,8,Made Shot,Jump Shot,3PT Field Goal,Above the Break 3,Center(C),24+ ft.,24.0,-26.0,242.0,1,1,20131102,UTA,HOU
Shot Chart Detail,0021300038,153,202718,Chandler Parsons,1610612745,Houston Rockets,2,9,35,Missed Shot,Jump Shot,3PT Field Goal,Above the Break 3,Right Side Center(RC),24+ ft.,24.0,220.0,115.0,1,0,20131102,UTA,HOU
Shot Chart Detail,0021300038,169,202718,Chandler Parsons,1610612745,Houston Rockets,2,8,29,Made Shot,Driving Layup Shot,2PT Field Goal,Restricted Area,Center(C),Less Than 8 ft.,0.0,-7.0,7.0,1,1,20131102,UTA,HOU
Shot Chart Detail,0021300038,181,202718,Chandler Parsons,1610612745,Houston Rockets,2,7,5,Made Shot,Running Jump Shot,2PT Field Goal,Restricted Area,Center(C),Less Than 8 ft.,1.0,15.0,7.0,1,1,20131102,UTA,HOU
Shot Chart Detail,0021300038,198,202718,Chandler Parsons,1610612745,Houston Rockets,2,6,4,Made Shot,Layup Shot,2PT Field Goal,Restricted Area,Center(C),Less Than 8 ft.,1.0,7.0,15.0,1,1,20131102,UTA,HOU
Shot Chart Detail,0021300038,225,202718,Chandler Parsons,1610612745,Houston Rockets,2,3,57,Made Shot,Jump Shot,3PT Field Goal,Right Corner 3,Right Side(R),24+ ft.,23.0,231.0,30.0,1,1,20131102,UTA,HOU
Shot Chart Detail,0021300038,281,202718,Chandler Parsons,1610612745,Houston Rockets,3,9,31,Missed Shot,Jump Shot,2PT Field Goal,Restricted Area,Center(C),Less Than 8 ft.,3.0,26.0,25.0,1,0,20131102,UTA,HOU
Shot Chart Detail,0021300038,365,202718,Chandler Parsons,1610612745,Houston Rockets,3,3,29,Missed Shot,Jump Shot,2PT Field Goal,In The Paint (Non-RA),Center(C),Less Than 8 ft.,4.0,39.0,15.0,1,0,20131102,UTA,HOU
Shot Chart Detail,0021300038,367,202718,Chandler Parsons,1610612745,Houston Rockets,3,3,23,Missed Shot,Jump Shot,2PT Field Goal,Mid-Range,Right Side Center(RC),16-24 ft.,19.0,106.0,162.0,1,0,20131102,UTA,HOU
Shot Chart Detail,0021300038,432,202718,Chandler Parsons,1610612745,Houston Rockets,4,8,14,Missed Shot,Jump Shot,2PT Field Goal,Mid-Range,Center(C),16-24 ft.,18.0,7.0,183.0,1,0,20131102,UTA,HOU
Shot Chart Detail,0021300038,451,202718,Chandler Parsons,1610612745,Houston Rockets,4,5,9,Made Shot,Tip Shot,2PT Field Goal,Restricted Area,Center(C),Less Than 8 ft.,1.0,6.0,15.0,1,1,20131102,UTA,HOU
Shot Chart Detail,0021300050,31,202718,Chandler Parsons,1610612745,Houston Rockets,1,8,13,Missed Shot,Layup Shot,2PT Field Goal,Restricted Area,Center(C),Less Than 8 ft.,2.0,-11.0,22.0,1,0,20131104,LAC,HOU
Shot Chart Detail,0021300050,35,202718,Chandler Parsons,1610612745,Houston Rockets,1,7,44,Missed Shot,Jump Shot,3PT Field Goal,Above the Break 3,Left Side Center(LC),24+ ft.,24.0,-183.0,157.0,1,0,20131104,LAC,HOU
Shot Chart Detail,0021300050,66,202718,Chandler Parsons,1610612745,Houston Rockets,1,5,19,Made Shot,Driving Dunk Shot,2PT Field Goal,Restricted Area,Center(C),Less Than 8 ft.,0.0,0.0,3.0,1,1,20131104,LAC,HOU
Shot Chart Detail,0021300050,70,202718,Chandler Parsons,1610612745,Houston Rockets,1,3,56,Made Shot,Jump Shot,3PT Field Goal,Left Corner 3,Left Side(L),24+ ft.,23.0,-226.0,50.0,1,1,20131104,LAC,HOU
Shot Chart Detail,0021300050,236,202718,Chandler Parsons,1610612745,Houston Rockets,2,4,56,Made Shot,Layup Shot,2PT Field Goal,Restricted Area,Center(C),Less Than 8 ft.,1.0,-15.0,11.0,1,1,20131104,LAC,HOU
Shot Chart Detail,0021300050,276,202718,Chandler Parsons,1610612745,Houston Rockets,2,2,11,Made Shot,Driving Layup Shot,2PT Field Goal,Restricted Area,Center(C),Less Than 8 ft.,2.0,20.0,11.0,1,1,20131104,LAC,HOU
Shot Chart Detail,0021300050,352,202718,Chandler Parsons,1610612745,Houston Rockets,3,7,46,Made Shot,Layup Shot,2PT Field Goal,Restricted Area,Center(C),Less Than 8 ft.,2.0,26.0,7.0,1,1,20131104,LAC,HOU
Shot Chart Detail,0021300050,362,202718,Chandler Parsons,1610612745,Houston Rockets,3,6,46,Missed Shot,Layup Shot,2PT Field Goal,Restricted Area,Center(C),Less Than 8 ft.,2.0,23.0,4.0,1,0,20131104,LAC,HOU
Shot Chart Detail,0021300050,366,202718,Chandler Parsons,1610612745,Houston Rockets,3,6,34,Missed Shot,Jump Shot,3PT Field Goal,Above the Break 3,Right Side Center(RC),24+ ft.,24.0,185.0,156.0,1,0,20131104,LAC,HOU
Shot Chart Detail,0021300050,386,202718,Chandler Parsons,1610612745,Houston Rockets,3,5,16,Missed Shot,Reverse Layup Shot,2PT Field Goal,Restricted Area,Center(C),Less Than 8 ft.,2.0,21.0,15.0,1,0,20131104,LAC,HOU
Shot Chart Detail,0021300050,452,202718,Chandler Parsons,1610612745,Houston Rockets,4,11,5,Missed Shot,Layup Shot,2PT Field Goal,Restricted Area,Center(C),Less Than 8 ft.,1.0,-10.0,6.0,1,0,20131104,LAC,HOU
Shot Chart Detail,0021300050,499,202718,Chandler Parsons,1610612745,Houston Rockets,4,8,14,Made Shot,Jump Shot,2PT Field Goal,Mid-Range,Right Side Center(RC),16-24 ft.,19.0,92.0,175.0,1,1,20131104,LAC,HOU
Shot Chart Detail,0021300050,511,202718,Chandler Parsons,1610612745,Houston Rockets,4,7,37,Missed Shot,Dunk Shot,2PT Field Goal,Restricted Area,Center(C),Less Than 8 ft.,1.0,2.0,14.0,1,0,20131104,LAC,HOU
Shot Chart Detail,0021300058,14,202718,Chandler Parsons,1610612745,Houston Rockets,1,10,1,Missed Shot,Driving Jump shot,2PT Field Goal,Restricted Area,Center(C),Less Than 8 ft.,3.0,-35.0,6.0,1,0,20131105,POR,HOU
Shot Chart Detail,0021300058,23,202718,Chandler Parsons,1610612745,Houston Rockets,1,9,23,Missed Shot,Jump Shot,3PT Field Goal,Above the Break 3,Left Side Center(LC),24+ ft.,24.0,-187.0,157.0,1,0,20131105,POR,HOU
Shot Chart Detail,0021300058,181,202718,Chandler Parsons,1610612745,Houston Rockets,2,8,17,Missed Shot,Driving Layup Shot,2PT Field Goal,Restricted Area,Center(C),Less Than 8 ft.,1.0,13.0,-3.0,1,0,20131105,POR,HOU
Shot Chart Detail,0021300058,185,202718,Chandler Parsons,1610612745,Houston Rockets,2,7,50,Made Shot,Driving Dunk Shot,2PT Field Goal,Restricted Area,Center(C),Less Than 8 ft.,0.0,1.0,1.0,1,1,20131105,POR,HOU
Shot Chart Detail,0021300058,210,202718,Chandler Parsons,1610612745,Houston Rockets,2,6,34,Made Shot,Alley Oop Dunk Shot,2PT Field Goal,Restricted Area,Center(C),Less Than 8 ft.,0.0,-2.0,1.0,1,1,20131105,POR,HOU
Shot Chart Detail,0021300058,244,202718,Chandler Parsons,1610612745,Houston Rockets,2,3,3,Missed Shot,Jump Shot,3PT Field Goal,Above the Break 3,Center(C),24+ ft.,25.0,-49.0,250.0,1,0,20131105,POR,HOU
Shot Chart Detail,0021300058,270,202718,Chandler Parsons,1610612745,Houston Rockets,2,1,31,Missed Shot,Layup Shot,2PT Field Goal,Restricted Area,Center(C),Less Than 8 ft.,3.0,-34.0,1.0,1,0,20131105,POR,HOU
Shot Chart Detail,0021300058,322,202718,Chandler Parsons,1610612745,Houston Rockets,3,8,7,Made Shot,Jump Shot,2PT Field Goal,In The Paint (Non-RA),Center(C),Less Than 8 ft.,4.0,40.0,19.0,1,1,20131105,POR,HOU
Shot Chart Detail,0021300058,330,202718,Chandler Parsons,1610612745,Houston Rockets,3,6,54,Missed Shot,Driving Layup Shot,2PT Field Goal,Restricted Area,Center(C),Less Than 8 ft.,1.0,12.0,11.0,1,0,20131105,POR,HOU
Shot Chart Detail,0021300058,380,202718,Chandler Parsons,1610612745,Houston Rockets,3,2,40,Missed Shot,Jump Shot,3PT Field Goal,Left Corner 3,Left Side(L),24+ ft.,23.0,-231.0,36.0,1,0,20131105,POR,HOU
Shot Chart Detail,0021300058,519,202718,Chandler Parsons,1610612745,Houston Rockets,4,4,30,Made Shot,Turnaround Bank shot,2PT Field Goal,Mid-Range,Left Side(L),8-16 ft.,14.0,-90.0,108.0,1,1,20131105,POR,HOU
Shot Chart Detail,0021300072,8,202718,Chandler Parsons,1610612745,Houston Rockets,1,10,59,Made Shot,Jump Shot,2PT Field Goal,Mid-Range,Right Side Center(RC),16-24 ft.,20.0,149.0,142.0,1,1,20131107,HOU,LAL
Shot Chart Detail,0021300072,40,202718,Chandler Parsons,1610612745,Houston Rockets,1,8,13,Missed Shot,Jump Shot,2PT Field Goal,Mid-Range,Right Side(R),8-16 ft.,14.0,110.0,101.0,1,0,20131107,HOU,LAL
Shot Chart Detail,0021300072,47,202718,Chandler Parsons,1610612745,Houston Rockets,1,7,17,Missed Shot,Jump Shot,3PT Field Goal,Above the Break 3,Left Side Center(LC),24+ ft.,25.0,-164.0,189.0,1,0,20131107,HOU,LAL
Shot Chart Detail,0021300072,223,202718,Chandler Parsons,1610612745,Houston Rockets,2,5,51,Missed Shot,Alley Oop Layup shot,2PT Field Goal,Restricted Area,Center(C),Less Than 8 ft.,2.0,18.0,12.0,1,0,20131107,HOU,LAL
Shot Chart Detail,0021300072,247,202718,Chandler Parsons,1610612745,Houston Rockets,2,4,26,Missed Shot,Driving Layup Shot,2PT Field Goal,Restricted Area,Center(C),Less Than 8 ft.,2.0,-21.0,6.0,1,0,20131107,HOU,LAL
Shot Chart Detail,0021300072,283,202718,Chandler Parsons,1610612745,Houston Rockets,2,2,16,Made Shot,Driving Slam Dunk Shot,2PT Field Goal,Restricted Area,Center(C),Less Than 8 ft.,0.0,0.0,1.0,1,1,20131107,HOU,LAL
Shot Chart Detail,0021300072,328,202718,Chandler Parsons,1610612745,Houston Rockets,3,10,26,Made Shot,Jump Shot,3PT Field Goal,Above the Break 3,Right Side Center(RC),24+ ft.,25.0,220.0,119.0,1,1,20131107,HOU,LAL
Shot Chart Detail,0021300072,343,202718,Chandler Parsons,1610612745,Houston Rockets,3,8,45,Missed Shot,Jump Shot,3PT Field Goal,Above the Break 3,Right Side Center(RC),24+ ft.,26.0,204.0,162.0,1,0,20131107,HOU,LAL
Shot Chart Detail,0021300072,353,202718,Chandler Parsons,1610612745,Houston Rockets,3,8,3,Made Shot,Driving Dunk Shot,2PT Field Goal,Restricted Area,Center(C),Less Than 8 ft.,1.0,10.0,0.0,1,1,20131107,HOU,LAL
Shot Chart Detail,0021300072,533,202718,Chandler Parsons,1610612745,Houston Rockets,4,5,27,Made Shot,Turnaround Fadeaway shot,2PT Field Goal,Mid-Range,Left Side(L),8-16 ft.,10.0,-100.0,1.0,1,1,20131107,HOU,LAL
Shot Chart Detail,0021300072,547,202718,Chandler Parsons,1610612745,Houston Rockets,4,3,52,Made Shot,Driving Dunk Shot,2PT Field Goal,Restricted Area,Center(C),Less Than 8 ft.,1.0,12.0,11.0,1,1,20131107,HOU,LAL
Shot Chart Detail,0021300090,26,202718,Chandler Parsons,1610612745,Houston Rockets,1,8,18,Made Shot,Running Jump Shot,2PT Field Goal,In The Paint (Non-RA),Center(C),8-16 ft.,10.0,43.0,91.0,1,1,20131109,HOU,LAC
Shot Chart Detail,0021300090,29,202718,Chandler Parsons,1610612745,Houston Rockets,1,7,53,Missed Shot,Jump Shot,3PT Field Goal,Above the Break 3,Left Side Center(LC),24+ ft.,24.0,-212.0,116.0,1,0,20131109,HOU,LAC
Shot Chart Detail,0021300090,187,202718,Chandler Parsons,1610612745,Houston Rockets,2,5,59,Made Shot,Jump Shot,2PT Field Goal,In The Paint (Non-RA),Center(C),Less Than 8 ft.,4.0,40.0,11.0,1,1,20131109,HOU,LAC
Shot Chart Detail,0021300090,209,202718,Chandler Parsons,1610612745,Houston Rockets,2,4,46,Made Shot,Jump Shot,3PT Field Goal,Above the Break 3,Right Side Center(RC),24+ ft.,25.0,193.0,168.0,1,1,20131109,HOU,LAC
Shot Chart Detail,0021300090,211,202718,Chandler Parsons,1610612745,Houston Rockets,2,4,34,Made Shot,Slam Dunk Shot,2PT Field Goal,Restricted Area,Center(C),Less Than 8 ft.,0.0,6.0,1.0,1,1,20131109,HOU,LAC
Shot Chart Detail,0021300090,219,202718,Chandler Parsons,1610612745,Houston Rockets,2,3,21,Missed Shot,Jump Shot,2PT Field Goal,Mid-Range,Left Side Center(LC),16-24 ft.,16.0,-95.0,140.0,1,0,20131109,HOU,LAC
Shot Chart Detail,0021300090,285,202718,Chandler Parsons,1610612745,Houston Rockets,3,10,15,Made Shot,Jump Shot,3PT Field Goal,Left Corner 3,Left Side(L),24+ ft.,23.0,-237.0,14.0,1,1,20131109,HOU,LAC
Shot Chart Detail,0021300090,298,202718,Chandler Parsons,1610612745,Houston Rockets,3,8,54,Missed Shot,Jump Shot,3PT Field Goal,Above the Break 3,Right Side Center(RC),24+ ft.,25.0,162.0,195.0,1,0,20131109,HOU,LAC
Shot Chart Detail,0021300090,325,202718,Chandler Parsons,1610612745,Houston Rockets,3,5,42,Made Shot,Driving Layup Shot,2PT Field Goal,Restricted Area,Center(C),Less Than 8 ft.,1.0,12.0,3.0,1,1,20131109,HOU,LAC
Shot Chart Detail,0021300090,332,202718,Chandler Parsons,1610612745,Houston Rockets,3,5,2,Made Shot,Driving Layup Shot,2PT Field Goal,Restricted Area,Center(C),Less Than 8 ft.,1.0,15.0,4.0,1,1,20131109,HOU,LAC
Shot Chart Detail,0021300090,361,202718,Chandler Parsons,1610612745,Houston Rockets,3,2,56,Missed Shot,Layup Shot,2PT Field Goal,Restricted Area,Center(C),Less Than 8 ft.,2.0,24.0,12.0,1,0,20131109,HOU,LAC
Shot Chart Detail,0021300090,436,202718,Chandler Parsons,1610612745,Houston Rockets,4,9,41,Missed Shot,Running Jump Shot,2PT Field Goal,In The Paint (Non-RA),Center(C),Less Than 8 ft.,5.0,50.0,15.0,1,0,20131109,HOU,LAC
Shot Chart Detail,0021300090,473,202718,Chandler Parsons,1610612745,Houston Rockets,4,6,15,Missed Shot,Step Back Jump shot,3PT Field Goal,Right Corner 3,Right Side(R),24+ ft.,24.0,244.0,41.0,1,0,20131109,HOU,LAC
Shot Chart Detail,0021300090,513,202718,Chandler Parsons,1610612745,Houston Rockets,4,3,30,Made Shot,Driving Layup Shot,2PT Field Goal,Restricted Area,Center(C),Less Than 8 ft.,1.0,-13.0,6.0,1,1,20131109,HOU,LAC
Shot Chart Detail,0021300090,549,202718,Chandler Parsons,1610612745,Houston Rockets,4,1,23,Made Shot,Driving Layup Shot,2PT Field Goal,Restricted Area,Center(C),Less Than 8 ft.,1.0,-18.0,7.0,1,1,20131109,HOU,LAC
Shot Chart Detail,0021300103,34,202718,Chandler Parsons,1610612745,Houston Rockets,1,9,16,Made Shot,Jump Shot,2PT Field Goal,Mid-Range,Center(C),16-24 ft.,19.0,6.0,197.0,1,1,20131111,HOU,TOR
Shot Chart Detail,0021300103,86,202718,Chandler Parsons,1610612745,Houston Rockets,1,4,38,Made Shot,Driving Slam Dunk Shot,2PT Field Goal,Restricted Area,Center(C),Less Than 8 ft.,2.0,10.0,22.0,1,1,20131111,HOU,TOR
Shot Chart Detail,0021300103,205,202718,Chandler Parsons,1610612745,Houston Rockets,2,7,16,Missed Shot,Jump Shot,3PT Field Goal,Above the Break 3,Right Side Center(RC),24+ ft.,26.0,106.0,239.0,1,0,20131111,HOU,TOR
Shot Chart Detail,0021300103,257,202718,Chandler Parsons,1610612745,Houston Rockets,2,3,20,Made Shot,Jump Shot,3PT Field Goal,Above the Break 3,Right Side Center(RC),24+ ft.,27.0,223.0,153.0,1,1,20131111,HOU,TOR
Shot Chart Detail,0021300103,278,202718,Chandler Parsons,1610612745,Houston Rockets,2,1,53,Missed Shot,Layup Shot,2PT Field Goal,Restricted Area,Center(C),Less Than 8 ft.,2.0,-15.0,17.0,1,0,20131111,HOU,TOR
Shot Chart Detail,0021300103,296,202718,Chandler Parsons,1610612745,Houston Rockets,2,0,27,Missed Shot,Driving Dunk Shot,2PT Field Goal,Restricted Area,Center(C),Less Than 8 ft.,1.0,-10.0,9.0,1,0,20131111,HOU,TOR
Shot Chart Detail,0021300103,312,202718,Chandler Parsons,1610612745,Houston Rockets,3,10,57,Missed Shot,Jump Shot,3PT Field Goal,Above the Break 3,Right Side Center(RC),24+ ft.,25.0,171.0,190.0,1,0,20131111,HOU,TOR
Shot Chart Detail,0021300103,321,202718,Chandler Parsons,1610612745,Houston Rockets,3,10,1,Missed Shot,Jump Shot,3PT Field Goal,Above the Break 3,Center(C),24+ ft.,24.0,-23.0,247.0,1,0,20131111,HOU,TOR
Shot Chart Detail,0021300103,340,202718,Chandler Parsons,1610612745,Houston Rockets,3,8,15,Made Shot,Layup Shot,2PT Field Goal,Restricted Area,Center(C),Less Than 8 ft.,2.0,24.0,9.0,1,1,20131111,HOU,TOR
Shot Chart Detail,0021300103,397,202718,Chandler Parsons,1610612745,Houston Rockets,3,4,7,Made Shot,Driving Layup Shot,2PT Field Goal,Restricted Area,Center(C),Less Than 8 ft.,2.0,24.0,4.0,1,1,20131111,HOU,TOR
Shot Chart Detail,0021300103,466,202718,Chandler Parsons,1610612745,Houston Rockets,4,11,26,Made Shot,Driving Layup Shot,2PT Field Goal,In The Paint (Non-RA),Center(C),Less Than 8 ft.,4.0,40.0,14.0,1,1,20131111,HOU,TOR
Shot Chart Detail,0021300103,544,202718,Chandler Parsons,1610612745,Houston Rockets,4,3,39,Made Shot,Driving Layup Shot,2PT Field Goal,Restricted Area,Center(C),Less Than 8 ft.,1.0,-11.0,6.0,1,1,20131111,HOU,TOR
Shot Chart Detail,0021300103,563,202718,Chandler Parsons,1610612745,Houston Rockets,4,2,43,Missed Shot,Running Layup Shot,2PT Field Goal,Restricted Area,Center(C),Less Than 8 ft.,3.0,28.0,17.0,1,0,20131111,HOU,TOR
Shot Chart Detail,0021300103,585,202718,Chandler Parsons,1610612745,Houston Rockets,4,1,1,Missed Shot,Jump Shot,2PT Field Goal,Mid-Range,Left Side(L),8-16 ft.,14.0,-149.0,6.0,1,0,20131111,HOU,TOR
Shot Chart Detail,0021300103,628,202718,Chandler Parsons,1610612745,Houston Rockets,5,4,25,Missed Shot,Jump Shot,3PT Field Goal,Above the Break 3,Left Side Center(LC),24+ ft.,25.0,-150.0,203.0,1,0,20131111,HOU,TOR
Shot Chart Detail,0021300103,693,202718,Chandler Parsons,1610612745,Houston Rockets,5,0,22,Missed Shot,Jump Shot,2PT Field Goal,Restricted Area,Center(C),Less Than 8 ft.,3.0,24.0,30.0,1,0,20131111,HOU,TOR
Shot Chart Detail,0021300112,47,202718,Chandler Parsons,1610612745,Houston Rockets,1,7,2,Missed Shot,Jump Shot,3PT Field Goal,Above the Break 3,Center(C),24+ ft.,24.0,-52.0,244.0,1,0,20131113,PHI,HOU
Shot Chart Detail,0021300112,50,202718,Chandler Parsons,1610612745,Houston Rockets,1,6,39,Missed Shot,Jump Shot,3PT Field Goal,Above the Break 3,Center(C),24+ ft.,26.0,18.0,268.0,1,0,20131113,PHI,HOU
Shot Chart Detail,0021300112,168,202718,Chandler Parsons,1610612745,Houston Rockets,2,7,57,Made Shot,Finger Roll Layup Shot,2PT Field Goal,Restricted Area,Center(C),Less Than 8 ft.,2.0,-10.0,20.0,1,1,20131113,PHI,HOU
Shot Chart Detail,0021300112,175,202718,Chandler Parsons,1610612745,Houston Rockets,2,6,55,Made Shot,Driving Jump shot,2PT Field Goal,Restricted Area,Center(C),Less Than 8 ft.,1.0,-16.0,9.0,1,1,20131113,PHI,HOU
Shot Chart Detail,0021300112,222,202718,Chandler Parsons,1610612745,Houston Rockets,2,2,49,Made Shot,Jump Shot,2PT Field Goal,Mid-Range,Left Side(L),8-16 ft.,14.0,-144.0,19.0,1,1,20131113,PHI,HOU
Shot Chart Detail,0021300112,229,202718,Chandler Parsons,1610612745,Houston Rockets,2,2,1,Missed Shot,Jump Shot,2PT Field Goal,Mid-Range,Left Side(L),8-16 ft.,14.0,-141.0,47.0,1,0,20131113,PHI,HOU
Shot Chart Detail,0021300112,291,202718,Chandler Parsons,1610612745,Houston Rockets,3,11,44,Missed Shot,Jump Shot,3PT Field Goal,Above the Break 3,Center(C),24+ ft.,25.0,15.0,250.0,1,0,20131113,PHI,HOU
Shot Chart Detail,0021300112,308,202718,Chandler Parsons,1610612745,Houston Rockets,3,10,4,Missed Shot,Layup Shot,2PT Field Goal,Restricted Area,Center(C),Less Than 8 ft.,1.0,4.0,12.0,1,0,20131113,PHI,HOU
Shot Chart Detail,0021300112,313,202718,Chandler Parsons,1610612745,Houston Rockets,3,9,22,Made Shot,Layup Shot,2PT Field Goal,Restricted Area,Center(C),Less Than 8 ft.,1.0,-10.0,7.0,1,1,20131113,PHI,HOU
Shot Chart Detail,0021300112,324,202718,Chandler Parsons,1610612745,Houston Rockets,3,7,45,Made Shot,Floating Jump shot,2PT Field Goal,In The Paint (Non-RA),Center(C),8-16 ft.,9.0,12.0,94.0,1,1,20131113,PHI,HOU
Shot Chart Detail,0021300112,339,202718,Chandler Parsons,1610612745,Houston Rockets,3,5,57,Made Shot,Running Layup Shot,2PT Field Goal,Restricted Area,Center(C),Less Than 8 ft.,1.0,12.0,7.0,1,1,20131113,PHI,HOU
Shot Chart Detail,0021300112,346,202718,Chandler Parsons,1610612745,Houston Rockets,3,5,1,Missed Shot,Layup Shot,2PT Field Goal,Restricted Area,Center(C),Less Than 8 ft.,1.0,-10.0,12.0,1,0,20131113,PHI,HOU
Shot Chart Detail,0021300112,355,202718,Chandler Parsons,1610612745,Houston Rockets,3,4,47,Made Shot,Jump Shot,3PT Field Goal,Above the Break 3,Left Side Center(LC),24+ ft.,25.0,-190.0,164.0,1,1,20131113,PHI,HOU
Shot Chart Detail,0021300112,379,202718,Chandler Parsons,1610612745,Houston Rockets,3,2,48,Missed Shot,Jump Shot,3PT Field Goal,Above the Break 3,Left Side Center(LC),24+ ft.,25.0,-171.0,186.0,1,0,20131113,PHI,HOU
Shot Chart Detail,0021300112,409,202718,Chandler Parsons,1610612745,Houston Rockets,3,0,55,Made Shot,Driving Layup Shot,2PT Field Goal,Restricted Area,Center(C),Less Than 8 ft.,2.0,13.0,25.0,1,1,20131113,PHI,HOU
Shot Chart Detail,0021300112,474,202718,Chandler Parsons,1610612745,Houston Rockets,4,6,11,Made Shot,Driving Layup Shot,2PT Field Goal,Restricted Area,Center(C),Less Than 8 ft.,0.0,-5.0,6.0,1,1,20131113,PHI,HOU
Shot Chart Detail,0021300112,483,202718,Chandler Parsons,1610612745,Houston Rockets,4,4,53,Missed Shot,Tip Shot,2PT Field Goal,Restricted Area,Center(C),Less Than 8 ft.,1.0,-2.0,17.0,1,0,20131113,PHI,HOU
Shot Chart Detail,0021300112,536,202718,Chandler Parsons,1610612745,Houston Rockets,4,0,25,Missed Shot,Jump Shot,2PT Field Goal,Restricted Area,Center(C),Less Than 8 ft.,3.0,-5.0,37.0,1,0,20131113,PHI,HOU
Shot Chart Detail,0021300112,555,202718,Chandler Parsons,1610612745,Houston Rockets,4,0,1,Missed Shot,Jump Shot,2PT Field Goal,Mid-Range,Center(C),16-24 ft.,21.0,-54.0,205.0,1,0,20131113,PHI,HOU
Shot Chart Detail,0021300123,47,202718,Chandler Parsons,1610612745,Houston Rockets,1,6,45,Missed Shot,Jump Shot,3PT Field Goal,Above the Break 3,Right Side Center(RC),24+ ft.,24.0,165.0,184.0,1,0,20131114,NYK,HOU
Shot Chart Detail,0021300123,59,202718,Chandler Parsons,1610612745,Houston Rockets,1,5,43,Missed Shot,Jump Shot,3PT Field Goal,Right Corner 3,Right Side(R),24+ ft.,24.0,244.0,42.0,1,0,20131114,NYK,HOU
Shot Chart Detail,0021300123,71,202718,Chandler Parsons,1610612745,Houston Rockets,1,5,9,Missed Shot,Jump Shot,3PT Field Goal,Above the Break 3,Right Side Center(RC),24+ ft.,24.0,192.0,159.0,1,0,20131114,NYK,HOU
Shot Chart Detail,0021300123,80,202718,Chandler Parsons,1610612745,Houston Rockets,1,4,18,Made Shot,Driving Layup Shot,2PT Field Goal,Restricted Area,Center(C),Less Than 8 ft.,2.0,-7.0,22.0,1,1,20131114,NYK,HOU
Shot Chart Detail,0021300123,227,202718,Chandler Parsons,1610612745,Houston Rockets,2,4,24,Made Shot,Jump Shot,3PT Field Goal,Right Corner 3,Right Side(R),24+ ft.,22.0,223.0,47.0,1,1,20131114,NYK,HOU
Shot Chart Detail,0021300123,230,202718,Chandler Parsons,1610612745,Houston Rockets,2,3,52,Made Shot,Driving Layup Shot,2PT Field Goal,Restricted Area,Center(C),Less Than 8 ft.,2.0,21.0,12.0,1,1,20131114,NYK,HOU
Shot Chart Detail,0021300123,240,202718,Chandler Parsons,1610612745,Houston Rockets,2,3,9,Made Shot,Driving Slam Dunk Shot,2PT Field Goal,Restricted Area,Center(C),Less Than 8 ft.,0.0,7.0,6.0,1,1,20131114,NYK,HOU
Shot Chart Detail,0021300123,296,202718,Chandler Parsons,1610612745,Houston Rockets,3,9,12,Made Shot,Layup Shot,2PT Field Goal,Restricted Area,Center(C),Less Than 8 ft.,0.0,6.0,3.0,1,1,20131114,NYK,HOU
Shot Chart Detail,0021300123,324,202718,Chandler Parsons,1610612745,Houston Rockets,3,7,22,Made Shot,Jump Shot,3PT Field Goal,Right Corner 3,Right Side(R),24+ ft.,23.0,236.0,0.0,1,1,20131114,NYK,HOU
Shot Chart Detail,0021300123,378,202718,Chandler Parsons,1610612745,Houston Rockets,3,2,15,Missed Shot,Fadeaway Jump Shot,2PT Field Goal,Mid-Range,Left Side(L),16-24 ft.,18.0,-179.0,52.0,1,0,20131114,NYK,HOU
Shot Chart Detail,0021300123,438,202718,Chandler Parsons,1610612745,Houston Rockets,4,8,24,Made Shot,Driving Slam Dunk Shot,2PT Field Goal,Restricted Area,Center(C),Less Than 8 ft.,0.0,1.0,7.0,1,1,20131114,NYK,HOU
Shot Chart Detail,0021300141,3,202718,Chandler Parsons,1610612745,Houston Rockets,1,11,45,Made Shot,Driving Layup Shot,2PT Field Goal,In The Paint (Non-RA),Center(C),Less Than 8 ft.,4.0,17.0,41.0,1,1,20131116,HOU,DEN
Shot Chart Detail,0021300141,13,202718,Chandler Parsons,1610612745,Houston Rockets,1,10,40,Made Shot,Driving Layup Shot,2PT Field Goal,Restricted Area,Center(C),Less Than 8 ft.,2.0,23.0,3.0,1,1,20131116,HOU,DEN
Shot Chart Detail,0021300141,23,202718,Chandler Parsons,1610612745,Houston Rockets,1,9,44,Made Shot,Running Jump Shot,2PT Field Goal,In The Paint (Non-RA),Center(C),Less Than 8 ft.,7.0,72.0,0.0,1,1,20131116,HOU,DEN
Shot Chart Detail,0021300141,85,202718,Chandler Parsons,1610612745,Houston Rockets,1,4,34,Made Shot,Jump Shot,3PT Field Goal,Right Corner 3,Right Side(R),24+ ft.,24.0,242.0,-8.0,1,1,20131116,HOU,DEN
Shot Chart Detail,0021300141,226,202718,Chandler Parsons,1610612745,Houston Rockets,2,3,57,Missed Shot,Jump Shot,3PT Field Goal,Above the Break 3,Center(C),24+ ft.,24.0,-51.0,242.0,1,0,20131116,HOU,DEN
Shot Chart Detail,0021300141,251,202718,Chandler Parsons,1610612745,Houston Rockets,2,0,46,Made Shot,Driving Layup Shot,2PT Field Goal,Restricted Area,Center(C),Less Than 8 ft.,2.0,23.0,3.0,1,1,20131116,HOU,DEN
Shot Chart Detail,0021300141,305,202718,Chandler Parsons,1610612745,Houston Rockets,3,8,7,Missed Shot,Driving Layup Shot,2PT Field Goal,Restricted Area,Center(C),Less Than 8 ft.,2.0,-26.0,12.0,1,0,20131116,HOU,DEN
Shot Chart Detail,0021300141,309,202718,Chandler Parsons,1610612745,Houston Rockets,3,7,49,Made Shot,Driving Dunk Shot,2PT Field Goal,Restricted Area,Center(C),Less Than 8 ft.,0.0,1.0,1.0,1,1,20131116,HOU,DEN
Shot Chart Detail,0021300141,355,202718,Chandler Parsons,1610612745,Houston Rockets,3,4,7,Missed Shot,Jump Shot,2PT Field Goal,Mid-Range,Right Side Center(RC),16-24 ft.,16.0,58.0,151.0,1,0,20131116,HOU,DEN
Shot Chart Detail,0021300141,359,202718,Chandler Parsons,1610612745,Houston Rockets,3,4,2,Made Shot,Reverse Layup Shot,2PT Field Goal,Restricted Area,Center(C),Less Than 8 ft.,1.0,-11.0,6.0,1,1,20131116,HOU,DEN
Shot Chart Detail,0021300141,509,202718,Chandler Parsons,1610612745,Houston Rockets,4,5,50,Missed Shot,Running Jump Shot,2PT Field Goal,In The Paint (Non-RA),Center(C),Less Than 8 ft.,6.0,-67.0,6.0,1,0,20131116,HOU,DEN
Shot Chart Detail,0021300141,566,202718,Chandler Parsons,1610612745,Houston Rockets,4,4,6,Made Shot,Driving Slam Dunk Shot,2PT Field Goal,Restricted Area,Center(C),Less Than 8 ft.,1.0,4.0,16.0,1,1,20131116,HOU,DEN
Shot Chart Detail,0021300141,615,202718,Chandler Parsons,1610612745,Houston Rockets,4,2,33,Missed Shot,Jump Shot,2PT Field Goal,In The Paint (Non-RA),Center(C),Less Than 8 ft.,6.0,67.0,-2.0,1,0,20131116,HOU,DEN
Shot Chart Detail,0021300159,18,202718,Chandler Parsons,1610612745,Houston Rockets,1,9,53,Missed Shot,Jump Shot,3PT Field Goal,Above the Break 3,Right Side Center(RC),24+ ft.,27.0,91.0,255.0,1,0,20131119,HOU,BOS
Shot Chart Detail,0021300159,22,202718,Chandler Parsons,1610612745,Houston Rockets,1,9,37,Made Shot,Layup Shot,2PT Field Goal,Restricted Area,Center(C),Less Than 8 ft.,2.0,21.0,4.0,1,1,20131119,HOU,BOS
Shot Chart Detail,0021300159,53,202718,Chandler Parsons,1610612745,Houston Rockets,1,7,16,Made Shot,Alley Oop Layup shot,2PT Field Goal,Restricted Area,Center(C),Less Than 8 ft.,2.0,23.0,3.0,1,1,20131119,HOU,BOS
Shot Chart Detail,0021300159,55,202718,Chandler Parsons,1610612745,Houston Rockets,1,7,6,Missed Shot,Alley Oop Layup shot,2PT Field Goal,Restricted Area,Center(C),Less Than 8 ft.,2.0,18.0,19.0,1,0,20131119,HOU,BOS
Shot Chart Detail,0021300159,64,202718,Chandler Parsons,1610612745,Houston Rockets,1,6,25,Missed Shot,Jump Shot,3PT Field Goal,Left Corner 3,Left Side(L),24+ ft.,24.0,-239.0,36.0,1,0,20131119,HOU,BOS
Shot Chart Detail,0021300159,303,202718,Chandler Parsons,1610612745,Houston Rockets,3,10,25,Made Shot,Jump Shot,3PT Field Goal,Above the Break 3,Center(C),24+ ft.,25.0,0.0,254.0,1,1,20131119,HOU,BOS
Shot Chart Detail,0021300159,327,202718,Chandler Parsons,1610612745,Houston Rockets,3,8,5,Made Shot,Floating Jump shot,2PT Field Goal,Mid-Range,Left Side(L),8-16 ft.,14.0,-98.0,101.0,1,1,20131119,HOU,BOS
Shot Chart Detail,0021300159,345,202718,Chandler Parsons,1610612745,Houston Rockets,3,5,59,Missed Shot,Layup Shot,2PT Field Goal,Restricted Area,Center(C),Less Than 8 ft.,2.0,-8.0,20.0,1,0,20131119,HOU,BOS
Shot Chart Detail,0021300172,11,202718,Chandler Parsons,1610612745,Houston Rockets,1,10,2,Made Shot,Jump Shot,3PT Field Goal,Above the Break 3,Right Side Center(RC),24+ ft.,27.0,168.0,216.0,1,1,20131120,DAL,HOU
Shot Chart Detail,0021300172,18,202718,Chandler Parsons,1610612745,Houston Rockets,1,8,19,Made Shot,Jump Shot,3PT Field Goal,Above the Break 3,Right Side Center(RC),24+ ft.,26.0,111.0,246.0,1,1,20131120,DAL,HOU
Shot Chart Detail,0021300172,69,202718,Chandler Parsons,1610612745,Houston Rockets,1,3,14,Made Shot,Driving Reverse Layup Shot,2PT Field Goal,Restricted Area,Center(C),Less Than 8 ft.,1.0,-10.0,11.0,1,1,20131120,DAL,HOU
Shot Chart Detail,0021300172,78,202718,Chandler Parsons,1610612745,Houston Rockets,1,2,43,Missed Shot,Jump Shot,3PT Field Goal,Above the Break 3,Right Side Center(RC),24+ ft.,26.0,170.0,209.0,1,0,20131120,DAL,HOU
Shot Chart Detail,0021300172,160,202718,Chandler Parsons,1610612745,Houston Rockets,2,8,22,Made Shot,Running Finger Roll Layup Shot,2PT Field Goal,Restricted Area,Center(C),Less Than 8 ft.,1.0,2.0,17.0,1,1,20131120,DAL,HOU
Shot Chart Detail,0021300172,196,202718,Chandler Parsons,1610612745,Houston Rockets,2,4,21,Made Shot,Running Layup Shot,2PT Field Goal,Restricted Area,Center(C),Less Than 8 ft.,2.0,13.0,17.0,1,1,20131120,DAL,HOU
Shot Chart Detail,0021300172,220,202718,Chandler Parsons,1610612745,Houston Rockets,2,2,58,Missed Shot,Fadeaway Jump Shot,2PT Field Goal,Mid-Range,Left Side(L),8-16 ft.,11.0,-114.0,37.0,1,0,20131120,DAL,HOU
Shot Chart Detail,0021300172,249,202718,Chandler Parsons,1610612745,Houston Rockets,2,0,46,Made Shot,Jump Shot,3PT Field Goal,Above the Break 3,Left Side Center(LC),24+ ft.,25.0,-149.0,201.0,1,1,20131120,DAL,HOU
Shot Chart Detail,0021300172,310,202718,Chandler Parsons,1610612745,Houston Rockets,3,7,9,Made Shot,Jump Shot,3PT Field Goal,Above the Break 3,Right Side Center(RC),24+ ft.,24.0,184.0,162.0,1,1,20131120,DAL,HOU
Shot Chart Detail,0021300172,523,202718,Chandler Parsons,1610612745,Houston Rockets,4,1,2,Missed Shot,Driving Layup Shot,2PT Field Goal,Restricted Area,Center(C),Less Than 8 ft.,2.0,-7.0,20.0,1,0,20131120,DAL,HOU
Shot Chart Detail,0021300192,16,202718,Chandler Parsons,1610612745,Houston Rockets,1,9,18,Missed Shot,Jump Shot,3PT Field Goal,Left Corner 3,Left Side(L),24+ ft.,22.0,-228.0,-13.0,1,0,20131123,HOU,MIN
Shot Chart Detail,0021300192,29,202718,Chandler Parsons,1610612745,Houston Rockets,1,8,43,Missed Shot,Driving Reverse Layup Shot,2PT Field Goal,Restricted Area,Center(C),Less Than 8 ft.,2.0,-24.0,11.0,1,0,20131123,HOU,MIN
Shot Chart Detail,0021300192,35,202718,Chandler Parsons,1610612745,Houston Rockets,1,8,17,Missed Shot,Driving Layup Shot,2PT Field Goal,Restricted Area,Center(C),Less Than 8 ft.,3.0,29.0,19.0,1,0,20131123,HOU,MIN
Shot Chart Detail,0021300192,58,202718,Chandler Parsons,1610612745,Houston Rockets,1,6,16,Missed Shot,Jump Shot,3PT Field Goal,Above the Break 3,Left Side Center(LC),24+ ft.,25.0,-128.0,224.0,1,0,20131123,HOU,MIN
Shot Chart Detail,0021300192,84,202718,Chandler Parsons,1610612745,Houston Rockets,1,3,43,Made Shot,Layup Shot,2PT Field Goal,Restricted Area,Center(C),Less Than 8 ft.,1.0,18.0,0.0,1,1,20131123,HOU,MIN
Shot Chart Detail,0021300192,92,202718,Chandler Parsons,1610612745,Houston Rockets,1,3,10,Missed Shot,Jump Shot,3PT Field Goal,Above the Break 3,Right Side Center(RC),24+ ft.,25.0,88.0,236.0,1,0,20131123,HOU,MIN
Shot Chart Detail,0021300192,123,202718,Chandler Parsons,1610612745,Houston Rockets,1,1,2,Made Shot,Driving Layup Shot,2PT Field Goal,Restricted Area,Center(C),Less Than 8 ft.,1.0,-15.0,7.0,1,1,20131123,HOU,MIN
Shot Chart Detail,0021300192,210,202718,Chandler Parsons,1610612745,Houston Rockets,2,5,42,Missed Shot,Driving Layup Shot,2PT Field Goal,Restricted Area,Center(C),Less Than 8 ft.,2.0,24.0,0.0,1,0,20131123,HOU,MIN
Shot Chart Detail,0021300192,250,202718,Chandler Parsons,1610612745,Houston Rockets,2,1,12,Made Shot,Jump Shot,3PT Field Goal,Above the Break 3,Left Side Center(LC),24+ ft.,25.0,-190.0,175.0,1,1,20131123,HOU,MIN
Shot Chart Detail,0021300192,333,202718,Chandler Parsons,1610612745,Houston Rockets,3,4,30,Made Shot,Dunk Shot,2PT Field Goal,Restricted Area,Center(C),Less Than 8 ft.,1.0,4.0,-10.0,1,1,20131123,HOU,MIN
Shot Chart Detail,0021300192,482,202718,Chandler Parsons,1610612745,Houston Rockets,4,4,10,Made Shot,Jump Shot,2PT Field Goal,Restricted Area,Center(C),Less Than 8 ft.,3.0,31.0,15.0,1,1,20131123,HOU,MIN
Shot Chart Detail,0021300192,495,202718,Chandler Parsons,1610612745,Houston Rockets,4,3,9,Made Shot,Finger Roll Layup Shot,2PT Field Goal,Restricted Area,Center(C),Less Than 8 ft.,1.0,2.0,15.0,1,1,20131123,HOU,MIN
Shot Chart Detail,0021300192,510,202718,Chandler Parsons,1610612745,Houston Rockets,4,2,15,Missed Shot,Driving Layup Shot,2PT Field Goal,Restricted Area,Center(C),Less Than 8 ft.,2.0,7.0,19.0,1,0,20131123,HOU,MIN
Shot Chart Detail,0021300192,535,202718,Chandler Parsons,1610612745,Houston Rockets,4,0,5,Missed Shot,Jump Shot,2PT Field Goal,In The Paint (Non-RA),Center(C),Less Than 8 ft.,6.0,-65.0,4.0,1,0,20131123,HOU,MIN
Shot Chart Detail,0021300206,24,202718,Chandler Parsons,1610612745,Houston Rockets,1,9,2,Made Shot,Running Bank shot,2PT Field Goal,In The Paint (Non-RA),Center(C),Less Than 8 ft.,5.0,4.0,55.0,1,1,20131125,MEM,HOU
Shot Chart Detail,0021300206,159,202718,Chandler Parsons,1610612745,Houston Rockets,2,7,43,Missed Shot,Jump Shot,3PT Field Goal,Above the Break 3,Left Side Center(LC),24+ ft.,27.0,-92.0,258.0,1,0,20131125,MEM,HOU
Shot Chart Detail,0021300206,164,202718,Chandler Parsons,1610612745,Houston Rockets,2,7,27,Made Shot,Jump Shot,2PT Field Goal,Mid-Range,Left Side Center(LC),16-24 ft.,21.0,-163.0,135.0,1,1,20131125,MEM,HOU
Shot Chart Detail,0021300206,251,202718,Chandler Parsons,1610612745,Houston Rockets,3,11,11,Made Shot,Jump Shot,2PT Field Goal,Mid-Range,Center(C),16-24 ft.,22.0,24.0,219.0,1,1,20131125,MEM,HOU
Shot Chart Detail,0021300206,294,202718,Chandler Parsons,1610612745,Houston Rockets,3,5,16,Made Shot,Driving Layup Shot,2PT Field Goal,Restricted Area,Center(C),Less Than 8 ft.,1.0,4.0,17.0,1,1,20131125,MEM,HOU
Shot Chart Detail,0021300206,402,202718,Chandler Parsons,1610612745,Houston Rockets,4,7,13,Made Shot,Layup Shot,2PT Field Goal,Restricted Area,Center(C),Less Than 8 ft.,1.0,15.0,0.0,1,1,20131125,MEM,HOU
Shot Chart Detail,0021300206,422,202718,Chandler Parsons,1610612745,Houston Rockets,4,5,8,Made Shot,Running Jump Shot,2PT Field Goal,In The Paint (Non-RA),Center(C),Less Than 8 ft.,4.0,4.0,47.0,1,1,20131125,MEM,HOU
Shot Chart Detail,0021300206,465,202718,Chandler Parsons,1610612745,Houston Rockets,4,1,26,Made Shot,Jump Shot,3PT Field Goal,Left Corner 3,Left Side(L),24+ ft.,22.0,-221.0,36.0,1,1,20131125,MEM,HOU
Shot Chart Detail,0021300206,467,202718,Chandler Parsons,1610612745,Houston Rockets,4,0,59,Made Shot,Running Bank shot,2PT Field Goal,In The Paint (Non-RA),Center(C),Less Than 8 ft.,4.0,39.0,22.0,1,1,20131125,MEM,HOU
Shot Chart Detail,0021300221,7,202718,Chandler Parsons,1610612745,Houston Rockets,1,11,5,Missed Shot,Jump Shot,3PT Field Goal,Above the Break 3,Right Side Center(RC),24+ ft.,24.0,228.0,96.0,1,0,20131127,HOU,ATL
Shot Chart Detail,0021300221,16,202718,Chandler Parsons,1610612745,Houston Rockets,1,10,10,Missed Shot,Jump Shot,2PT Field Goal,Mid-Range,Right Side Center(RC),16-24 ft.,20.0,127.0,159.0,1,0,20131127,HOU,ATL
Shot Chart Detail,0021300221,65,202718,Chandler Parsons,1610612745,Houston Rockets,1,4,34,Made Shot,Layup Shot,2PT Field Goal,Restricted Area,Center(C),Less Than 8 ft.,0.0,2.0,9.0,1,1,20131127,HOU,ATL
Shot Chart Detail,0021300221,95,202718,Chandler Parsons,1610612745,Houston Rockets,1,2,27,Made Shot,Jump Shot,3PT Field Goal,Above the Break 3,Left Side Center(LC),24+ ft.,24.0,-202.0,135.0,1,1,20131127,HOU,ATL
Shot Chart Detail,0021300221,103,202718,Chandler Parsons,1610612745,Houston Rockets,1,1,24,Made Shot,Running Jump Shot,2PT Field Goal,Mid-Range,Right Side(R),8-16 ft.,9.0,92.0,14.0,1,1,20131127,HOU,ATL
Shot Chart Detail,0021300221,183,202718,Chandler Parsons,1610612745,Houston Rockets,2,4,16,Made Shot,Jump Shot,3PT Field Goal,Above the Break 3,Left Side Center(LC),24+ ft.,25.0,-149.0,206.0,1,1,20131127,HOU,ATL
Shot Chart Detail,0021300221,195,202718,Chandler Parsons,1610612745,Houston Rockets,2,3,16,Made Shot,Jump Shot,2PT Field Goal,In The Paint (Non-RA),Center(C),Less Than 8 ft.,7.0,70.0,7.0,1,1,20131127,HOU,ATL
Shot Chart Detail,0021300221,202,202718,Chandler Parsons,1610612745,Houston Rockets,2,1,47,Missed Shot,Jump Shot,3PT Field Goal,Above the Break 3,Center(C),24+ ft.,24.0,7.0,247.0,1,0,20131127,HOU,ATL
Shot Chart Detail,0021300221,297,202718,Chandler Parsons,1610612745,Houston Rockets,3,6,29,Missed Shot,Jump Shot,3PT Field Goal,Right Corner 3,Right Side(R),24+ ft.,23.0,228.0,69.0,1,0,20131127,HOU,ATL
Shot Chart Detail,0021300221,312,202718,Chandler Parsons,1610612745,Houston Rockets,3,4,41,Made Shot,Driving Layup Shot,2PT Field Goal,Restricted Area,Center(C),Less Than 8 ft.,0.0,1.0,-5.0,1,1,20131127,HOU,ATL
Shot Chart Detail,0021300221,416,202718,Chandler Parsons,1610612745,Houston Rockets,4,6,59,Missed Shot,Jump Shot,3PT Field Goal,Above the Break 3,Right Side Center(RC),24+ ft.,25.0,155.0,203.0,1,0,20131127,HOU,ATL
Shot Chart Detail,0021300234,36,202718,Chandler Parsons,1610612745,Houston Rockets,1,7,6,Made Shot,Jump Shot,3PT Field Goal,Above the Break 3,Right Side Center(RC),24+ ft.,24.0,95.0,224.0,1,1,20131129,HOU,BKN
Shot Chart Detail,0021300234,54,202718,Chandler Parsons,1610612745,Houston Rockets,1,5,9,Made Shot,Jump Shot,3PT Field Goal,Above the Break 3,Center(C),24+ ft.,25.0,54.0,246.0,1,1,20131129,HOU,BKN
Shot Chart Detail,0021300234,72,202718,Chandler Parsons,1610612745,Houston Rockets,1,3,55,Made Shot,Driving Reverse Layup Shot,2PT Field Goal,Restricted Area,Center(C),Less Than 8 ft.,2.0,26.0,1.0,1,1,20131129,HOU,BKN
Shot Chart Detail,0021300234,224,202718,Chandler Parsons,1610612745,Houston Rockets,2,4,12,Made Shot,Jump Shot,3PT Field Goal,Above the Break 3,Left Side Center(LC),24+ ft.,24.0,-152.0,198.0,1,1,20131129,HOU,BKN
Shot Chart Detail,0021300234,277,202718,Chandler Parsons,1610612745,Houston Rockets,2,0,9,Made Shot,Jump Shot,3PT Field Goal,Above the Break 3,Left Side Center(LC),24+ ft.,24.0,-199.0,142.0,1,1,20131129,HOU,BKN
Shot Chart Detail,0021300234,319,202718,Chandler Parsons,1610612745,Houston Rockets,3,7,37,Made Shot,Jump Shot,3PT Field Goal,Above the Break 3,Right Side Center(RC),24+ ft.,26.0,143.0,219.0,1,1,20131129,HOU,BKN
Shot Chart Detail,0021300234,370,202718,Chandler Parsons,1610612745,Houston Rockets,3,2,22,Made Shot,Jump Shot,3PT Field Goal,Above the Break 3,Center(C),24+ ft.,28.0,0.0,280.0,1,1,20131129,HOU,BKN
Shot Chart Detail,0021300245,5,202718,Chandler Parsons,1610612745,Houston Rockets,1,11,6,Missed Shot,Layup Shot,2PT Field Goal,Restricted Area,Center(C),Less Than 8 ft.,2.0,24.0,-3.0,1,0,20131130,SAS,HOU
Shot Chart Detail,0021300245,17,202718,Chandler Parsons,1610612745,Houston Rockets,1,9,30,Missed Shot,Jump Shot,3PT Field Goal,Above the Break 3,Left Side Center(LC),24+ ft.,26.0,-116.0,235.0,1,0,20131130,SAS,HOU
Shot Chart Detail,0021300245,27,202718,Chandler Parsons,1610612745,Houston Rockets,1,8,6,Missed Shot,Layup Shot,2PT Field Goal,Restricted Area,Center(C),Less Than 8 ft.,2.0,18.0,12.0,1,0,20131130,SAS,HOU
Shot Chart Detail,0021300245,31,202718,Chandler Parsons,1610612745,Houston Rockets,1,7,50,Made Shot,Jump Shot,3PT Field Goal,Above the Break 3,Right Side Center(RC),24+ ft.,25.0,177.0,189.0,1,1,20131130,SAS,HOU
Shot Chart Detail,0021300245,67,202718,Chandler Parsons,1610612745,Houston Rockets,1,5,1,Made Shot,Driving Layup Shot,2PT Field Goal,Restricted Area,Center(C),Less Than 8 ft.,1.0,7.0,14.0,1,1,20131130,SAS,HOU
Shot Chart Detail,0021300245,106,202718,Chandler Parsons,1610612745,Houston Rockets,1,1,40,Made Shot,Jump Shot,3PT Field Goal,Above the Break 3,Left Side Center(LC),24+ ft.,24.0,-171.0,179.0,1,1,20131130,SAS,HOU
Shot Chart Detail,0021300245,190,202718,Chandler Parsons,1610612745,Houston Rockets,2,5,10,Made Shot,Jump Shot,3PT Field Goal,Above the Break 3,Right Side Center(RC),24+ ft.,24.0,198.0,149.0,1,1,20131130,SAS,HOU
Shot Chart Detail,0021300245,192,202718,Chandler Parsons,1610612745,Houston Rockets,2,4,48,Missed Shot,Layup Shot,2PT Field Goal,Restricted Area,Center(C),Less Than 8 ft.,1.0,15.0,4.0,1,0,20131130,SAS,HOU
Shot Chart Detail,0021300245,225,202718,Chandler Parsons,1610612745,Houston Rockets,2,1,34,Missed Shot,Jump Shot,3PT Field Goal,Above the Break 3,Center(C),24+ ft.,25.0,4.0,254.0,1,0,20131130,SAS,HOU
Shot Chart Detail,0021300245,283,202718,Chandler Parsons,1610612745,Houston Rockets,3,8,22,Made Shot,Dunk Shot,2PT Field Goal,Restricted Area,Center(C),Less Than 8 ft.,0.0,1.0,9.0,1,1,20131130,SAS,HOU
Shot Chart Detail,0021300245,290,202718,Chandler Parsons,1610612745,Houston Rockets,3,6,40,Made Shot,Jump Shot,3PT Field Goal,Above the Break 3,Center(C),24+ ft.,25.0,-2.0,254.0,1,1,20131130,SAS,HOU
Shot Chart Detail,0021300245,299,202718,Chandler Parsons,1610612745,Houston Rockets,3,6,0,Missed Shot,Jump Shot,3PT Field Goal,Above the Break 3,Center(C),24+ ft.,33.0,-40.0,329.0,1,0,20131130,SAS,HOU
Shot Chart Detail,0021300245,312,202718,Chandler Parsons,1610612745,Houston Rockets,3,5,4,Made Shot,Running Jump Shot,2PT Field Goal,In The Paint (Non-RA),Center(C),Less Than 8 ft.,5.0,7.0,53.0,1,1,20131130,SAS,HOU
Shot Chart Detail,0021300245,314,202718,Chandler Parsons,1610612745,Houston Rockets,3,4,21,Missed Shot,Turnaround Fadeaway shot,2PT Field Goal,Mid-Range,Right Side(R),16-24 ft.,18.0,177.0,37.0,1,0,20131130,SAS,HOU
Shot Chart Detail,0021300245,354,202718,Chandler Parsons,1610612745,Houston Rockets,3,0,30,Made Shot,Jump Shot,2PT Field Goal,In The Paint (Non-RA),Right Side(R),8-16 ft.,9.0,50.0,75.0,1,1,20131130,SAS,HOU
Shot Chart Detail,0021300245,409,202718,Chandler Parsons,1610612745,Houston Rockets,4,8,0,Missed Shot,Jump Shot,2PT Field Goal,Restricted Area,Center(C),Less Than 8 ft.,3.0,-24.0,20.0,1,0,20131130,SAS,HOU
Shot Chart Detail,0021300245,412,202718,Chandler Parsons,1610612745,Houston Rockets,4,7,46,Missed Shot,Jump Shot,2PT Field Goal,In The Paint (Non-RA),Center(C),8-16 ft.,13.0,-35.0,135.0,1,0,20131130,SAS,HOU
Shot Chart Detail,0021300245,426,202718,Chandler Parsons,1610612745,Houston Rockets,4,6,55,Missed Shot,Layup Shot,2PT Field Goal,Restricted Area,Center(C),Less Than 8 ft.,3.0,-30.0,3.0,1,0,20131130,SAS,HOU
Shot Chart Detail,0021300245,456,202718,Chandler Parsons,1610612745,Houston Rockets,4,4,2,Missed Shot,Layup Shot,2PT Field Goal,Restricted Area,Center(C),Less Than 8 ft.,2.0,-16.0,19.0,1,0,20131130,SAS,HOU
Shot Chart Detail,0021300245,503,202718,Chandler Parsons,1610612745,Houston Rockets,4,1,7,Missed Shot,Jump Shot,3PT Field Goal,Above the Break 3,Right Side Center(RC),24+ ft.,25.0,88.0,242.0,1,0,20131130,SAS,HOU
Shot Chart Detail,0021300245,515,202718,Chandler Parsons,1610612745,Houston Rockets,4,0,16,Made Shot,Dunk Shot,2PT Field Goal,Restricted Area,Center(C),Less Than 8 ft.,1.0,-8.0,15.0,1,1,20131130,SAS,HOU
Shot Chart Detail,0021300285,8,202718,Chandler Parsons,1610612745,Houston Rockets,1,10,57,Made Shot,Jump Shot,3PT Field Goal,Above the Break 3,Left Side Center(LC),24+ ft.,26.0,-122.0,230.0,1,1,20131206,HOU,GSW
Shot Chart Detail,0021300285,13,202718,Chandler Parsons,1610612745,Houston Rockets,1,10,9,Missed Shot,Driving Layup Shot,2PT Field Goal,Restricted Area,Center(C),Less Than 8 ft.,1.0,-10.0,-8.0,1,0,20131206,HOU,GSW
Shot Chart Detail,0021300285,69,202718,Chandler Parsons,1610612745,Houston Rockets,1,5,2,Missed Shot,Driving Layup Shot,2PT Field Goal,Restricted Area,Center(C),Less Than 8 ft.,2.0,-21.0,4.0,1,0,20131206,HOU,GSW
Shot Chart Detail,0021300285,74,202718,Chandler Parsons,1610612745,Houston Rockets,1,4,27,Missed Shot,Jump Shot,2PT Field Goal,Mid-Range,Right Side Center(RC),16-24 ft.,20.0,105.0,181.0,1,0,20131206,HOU,GSW
Shot Chart Detail,0021300285,137,202718,Chandler Parsons,1610612745,Houston Rockets,2,11,23,Missed Shot,Reverse Layup Shot,2PT Field Goal,Restricted Area,Center(C),Less Than 8 ft.,2.0,29.0,3.0,1,0,20131206,HOU,GSW
Shot Chart Detail,0021300285,187,202718,Chandler Parsons,1610612745,Houston Rockets,2,8,21,Made Shot,Jump Shot,2PT Field Goal,Mid-Range,Right Side(R),8-16 ft.,15.0,99.0,113.0,1,1,20131206,HOU,GSW
Shot Chart Detail,0021300285,211,202718,Chandler Parsons,1610612745,Houston Rockets,2,6,38,Missed Shot,Jump Shot,3PT Field Goal,Above the Break 3,Right Side Center(RC),24+ ft.,24.0,217.0,121.0,1,0,20131206,HOU,GSW
Shot Chart Detail,0021300285,329,202718,Chandler Parsons,1610612745,Houston Rockets,3,11,31,Missed Shot,Jump Shot,3PT Field Goal,Above the Break 3,Left Side Center(LC),24+ ft.,23.0,-198.0,135.0,1,0,20131206,HOU,GSW
Shot Chart Detail,0021300285,356,202718,Chandler Parsons,1610612745,Houston Rockets,3,9,0,Missed Shot,Turnaround Jump Shot,2PT Field Goal,Restricted Area,Center(C),Less Than 8 ft.,3.0,-23.0,22.0,1,0,20131206,HOU,GSW
Shot Chart Detail,0021300285,377,202718,Chandler Parsons,1610612745,Houston Rockets,3,6,39,Made Shot,Jump Shot,3PT Field Goal,Left Corner 3,Left Side(L),24+ ft.,24.0,-234.0,78.0,1,1,20131206,HOU,GSW
Shot Chart Detail,0021300285,418,202718,Chandler Parsons,1610612745,Houston Rockets,3,3,16,Missed Shot,Layup Shot,2PT Field Goal,Restricted Area,Center(C),Less Than 8 ft.,1.0,-16.0,7.0,1,0,20131206,HOU,GSW
Shot Chart Detail,0021300285,452,202718,Chandler Parsons,1610612745,Houston Rockets,3,1,35,Missed Shot,Tip Shot,2PT Field Goal,Restricted Area,Center(C),Less Than 8 ft.,0.0,0.0,1.0,1,0,20131206,HOU,GSW
Shot Chart Detail,0021300285,561,202718,Chandler Parsons,1610612745,Houston Rockets,4,5,21,Missed Shot,Jump Shot,3PT Field Goal,Above the Break 3,Right Side Center(RC),24+ ft.,25.0,151.0,201.0,1,0,20131206,HOU,GSW
Shot Chart Detail,0021300301,5,202718,Chandler Parsons,1610612745,Houston Rockets,1,11,25,Made Shot,Slam Dunk Shot,2PT Field Goal,Restricted Area,Center(C),Less Than 8 ft.,0.0,1.0,1.0,1,1,20131208,HOU,ORL
Shot Chart Detail,0021300301,46,202718,Chandler Parsons,1610612745,Houston Rockets,1,6,54,Made Shot,Jump Shot,3PT Field Goal,Right Corner 3,Right Side(R),24+ ft.,23.0,231.0,3.0,1,1,20131208,HOU,ORL
Shot Chart Detail,0021300301,49,202718,Chandler Parsons,1610612745,Houston Rockets,1,6,25,Made Shot,Jump Shot,3PT Field Goal,Above the Break 3,Right Side Center(RC),24+ ft.,25.0,176.0,189.0,1,1,20131208,HOU,ORL
Shot Chart Detail,0021300301,102,202718,Chandler Parsons,1610612745,Houston Rockets,1,0,40,Missed Shot,Jump Shot,3PT Field Goal,Above the Break 3,Right Side Center(RC),24+ ft.,25.0,184.0,178.0,1,0,20131208,HOU,ORL
Shot Chart Detail,0021300301,176,202718,Chandler Parsons,1610612745,Houston Rockets,2,7,41,Made Shot,Running Jump Shot,2PT Field Goal,In The Paint (Non-RA),Center(C),Less Than 8 ft.,6.0,-56.0,34.0,1,1,20131208,HOU,ORL
Shot Chart Detail,0021300301,283,202718,Chandler Parsons,1610612745,Houston Rockets,2,1,52,Missed Shot,Jump Shot,3PT Field Goal,Above the Break 3,Right Side Center(RC),24+ ft.,25.0,233.0,94.0,1,0,20131208,HOU,ORL
Shot Chart Detail,0021300301,347,202718,Chandler Parsons,1610612745,Houston Rockets,3,9,28,Missed Shot,Floating Jump shot,2PT Field Goal,In The Paint (Non-RA),Center(C),8-16 ft.,9.0,29.0,89.0,1,0,20131208,HOU,ORL
Shot Chart Detail,0021300301,386,202718,Chandler Parsons,1610612745,Houston Rockets,3,5,40,Made Shot,Jump Shot,3PT Field Goal,Above the Break 3,Right Side Center(RC),24+ ft.,25.0,155.0,205.0,1,1,20131208,HOU,ORL
Shot Chart Detail,0021300301,456,202718,Chandler Parsons,1610612745,Houston Rockets,4,11,14,Made Shot,Layup Shot,2PT Field Goal,Restricted Area,Center(C),Less Than 8 ft.,2.0,23.0,3.0,1,1,20131208,HOU,ORL
Shot Chart Detail,0021300301,472,202718,Chandler Parsons,1610612745,Houston Rockets,4,10,7,Made Shot,Running Jump Shot,2PT Field Goal,In The Paint (Non-RA),Center(C),Less Than 8 ft.,7.0,10.0,72.0,1,1,20131208,HOU,ORL
Shot Chart Detail,0021300301,522,202718,Chandler Parsons,1610612745,Houston Rockets,4,6,11,Missed Shot,Jump Shot,3PT Field Goal,Right Corner 3,Right Side(R),24+ ft.,24.0,241.0,39.0,1,0,20131208,HOU,ORL
Shot Chart Detail,0021300301,567,202718,Chandler Parsons,1610612745,Houston Rockets,4,3,56,Missed Shot,Jump Shot,2PT Field Goal,Restricted Area,Center(C),Less Than 8 ft.,3.0,-26.0,22.0,1,0,20131208,HOU,ORL
Shot Chart Detail,0021300328,18,202718,Chandler Parsons,1610612745,Houston Rockets,1,9,52,Missed Shot,Jump Shot,2PT Field Goal,Mid-Range,Left Side Center(LC),16-24 ft.,17.0,-82.0,151.0,1,0,20131212,POR,HOU
Shot Chart Detail,0021300328,23,202718,Chandler Parsons,1610612745,Houston Rockets,1,9,34,Missed Shot,Driving Layup Shot,2PT Field Goal,Restricted Area,Center(C),Less Than 8 ft.,1.0,-10.0,0.0,1,0,20131212,POR,HOU
Shot Chart Detail,0021300328,29,202718,Chandler Parsons,1610612745,Houston Rockets,1,8,34,Missed Shot,Driving Layup Shot,2PT Field Goal,Restricted Area,Center(C),Less Than 8 ft.,1.0,-10.0,-2.0,1,0,20131212,POR,HOU
Shot Chart Detail,0021300328,183,202718,Chandler Parsons,1610612745,Houston Rockets,2,8,23,Made Shot,Layup Shot,2PT Field Goal,Restricted Area,Center(C),Less Than 8 ft.,1.0,17.0,-2.0,1,1,20131212,POR,HOU
Shot Chart Detail,0021300328,185,202718,Chandler Parsons,1610612745,Houston Rockets,2,8,3,Missed Shot,Dunk Shot,2PT Field Goal,Restricted Area,Center(C),Less Than 8 ft.,1.0,0.0,-13.0,1,0,20131212,POR,HOU
Shot Chart Detail,0021300328,210,202718,Chandler Parsons,1610612745,Houston Rockets,2,5,14,Missed Shot,Driving Finger Roll Layup Shot,2PT Field Goal,Restricted Area,Center(C),Less Than 8 ft.,1.0,18.0,-2.0,1,0,20131212,POR,HOU
Shot Chart Detail,0021300328,235,202718,Chandler Parsons,1610612745,Houston Rockets,2,2,15,Missed Shot,Jump Shot,2PT Field Goal,In The Paint (Non-RA),Center(C),Less Than 8 ft.,5.0,53.0,-2.0,1,0,20131212,POR,HOU
Shot Chart Detail,0021300328,241,202718,Chandler Parsons,1610612745,Houston Rockets,2,2,3,Missed Shot,Jump Shot,3PT Field Goal,Above the Break 3,Center(C),24+ ft.,24.0,-49.0,242.0,1,0,20131212,POR,HOU
Shot Chart Detail,0021300328,287,202718,Chandler Parsons,1610612745,Houston Rockets,3,11,29,Made Shot,Jump Shot,3PT Field Goal,Above the Break 3,Right Side Center(RC),24+ ft.,24.0,81.0,230.0,1,1,20131212,POR,HOU
Shot Chart Detail,0021300328,306,202718,Chandler Parsons,1610612745,Houston Rockets,3,9,34,Missed Shot,Driving Layup Shot,2PT Field Goal,Restricted Area,Center(C),Less Than 8 ft.,0.0,-5.0,0.0,1,0,20131212,POR,HOU
Shot Chart Detail,0021300328,315,202718,Chandler Parsons,1610612745,Houston Rockets,3,8,15,Made Shot,Layup Shot,2PT Field Goal,Restricted Area,Center(C),Less Than 8 ft.,0.0,-7.0,-6.0,1,1,20131212,POR,HOU
Shot Chart Detail,0021300328,381,202718,Chandler Parsons,1610612745,Houston Rockets,3,3,17,Missed Shot,Layup Shot,2PT Field Goal,Restricted Area,Center(C),Less Than 8 ft.,3.0,-30.0,11.0,1,0,20131212,POR,HOU
Shot Chart Detail,0021300328,451,202718,Chandler Parsons,1610612745,Houston Rockets,4,9,24,Missed Shot,Jump Shot,2PT Field Goal,Mid-Range,Left Side(L),16-24 ft.,20.0,-204.0,42.0,1,0,20131212,POR,HOU
Shot Chart Detail,0021300328,477,202718,Chandler Parsons,1610612745,Houston Rockets,4,7,51,Missed Shot,Layup Shot,2PT Field Goal,Restricted Area,Center(C),Less Than 8 ft.,1.0,-11.0,-2.0,1,0,20131212,POR,HOU
Shot Chart Detail,0021300328,478,202718,Chandler Parsons,1610612745,Houston Rockets,4,7,49,Made Shot,Layup Shot,2PT Field Goal,Restricted Area,Center(C),Less Than 8 ft.,0.0,-5.0,-5.0,1,1,20131212,POR,HOU
Shot Chart Detail,0021300328,484,202718,Chandler Parsons,1610612745,Houston Rockets,4,7,8,Made Shot,Jump Shot,3PT Field Goal,Right Corner 3,Right Side(R),24+ ft.,22.0,228.0,11.0,1,1,20131212,POR,HOU
Shot Chart Detail,0021300328,491,202718,Chandler Parsons,1610612745,Houston Rockets,4,5,54,Missed Shot,Jump Shot,3PT Field Goal,Above the Break 3,Center(C),24+ ft.,25.0,56.0,246.0,1,0,20131212,POR,HOU
Shot Chart Detail,0021300328,555,202718,Chandler Parsons,1610612745,Houston Rockets,4,0,23,Made Shot,Driving Dunk Shot,2PT Field Goal,Restricted Area,Center(C),Less Than 8 ft.,0.0,1.0,1.0,1,1,20131212,POR,HOU
Shot Chart Detail,0021300341,15,202718,Chandler Parsons,1610612745,Houston Rockets,1,10,32,Missed Shot,Jump Shot,3PT Field Goal,Above the Break 3,Left Side Center(LC),24+ ft.,25.0,-106.0,228.0,1,0,20131213,GSW,HOU
Shot Chart Detail,0021300341,32,202718,Chandler Parsons,1610612745,Houston Rockets,1,8,45,Made Shot,Driving Layup Shot,2PT Field Goal,Restricted Area,Center(C),Less Than 8 ft.,1.0,-10.0,7.0,1,1,20131213,GSW,HOU
Shot Chart Detail,0021300341,39,202718,Chandler Parsons,1610612745,Houston Rockets,1,7,16,Made Shot,Jump Bank Shot,2PT Field Goal,Mid-Range,Right Side(R),8-16 ft.,11.0,88.0,75.0,1,1,20131213,GSW,HOU
Shot Chart Detail,0021300341,102,202718,Chandler Parsons,1610612745,Houston Rockets,1,2,37,Made Shot,Driving Layup Shot,2PT Field Goal,Restricted Area,Center(C),Less Than 8 ft.,2.0,-19.0,14.0,1,1,20131213,GSW,HOU
Shot Chart Detail,0021300341,186,202718,Chandler Parsons,1610612745,Houston Rockets,2,5,37,Missed Shot,Jump Shot,2PT Field Goal,Restricted Area,Center(C),Less Than 8 ft.,3.0,12.0,31.0,1,0,20131213,GSW,HOU
Shot Chart Detail,0021300341,194,202718,Chandler Parsons,1610612745,Houston Rockets,2,4,46,Made Shot,Pullup Jump shot,3PT Field Goal,Above the Break 3,Left Side Center(LC),24+ ft.,26.0,-84.0,249.0,1,1,20131213,GSW,HOU
Shot Chart Detail,0021300341,223,202718,Chandler Parsons,1610612745,Houston Rockets,2,3,3,Made Shot,Jump Shot,3PT Field Goal,Above the Break 3,Center(C),24+ ft.,25.0,-57.0,249.0,1,1,20131213,GSW,HOU
Shot Chart Detail,0021300341,272,202718,Chandler Parsons,1610612745,Houston Rockets,3,10,17,Made Shot,Driving Reverse Layup Shot,2PT Field Goal,Restricted Area,Center(C),Less Than 8 ft.,1.0,6.0,17.0,1,1,20131213,GSW,HOU
Shot Chart Detail,0021300341,295,202718,Chandler Parsons,1610612745,Houston Rockets,3,7,47,Made Shot,Driving Layup Shot,2PT Field Goal,Restricted Area,Center(C),Less Than 8 ft.,1.0,1.0,14.0,1,1,20131213,GSW,HOU
Shot Chart Detail,0021300341,303,202718,Chandler Parsons,1610612745,Houston Rockets,3,7,12,Missed Shot,Jump Shot,3PT Field Goal,Above the Break 3,Left Side Center(LC),24+ ft.,24.0,-185.0,165.0,1,0,20131213,GSW,HOU
Shot Chart Detail,0021300341,311,202718,Chandler Parsons,1610612745,Houston Rockets,3,6,37,Missed Shot,Layup Shot,2PT Field Goal,Restricted Area,Center(C),Less Than 8 ft.,2.0,-5.0,23.0,1,0,20131213,GSW,HOU
Shot Chart Detail,0021300341,408,202718,Chandler Parsons,1610612745,Houston Rockets,4,9,11,Made Shot,Turnaround Fadeaway shot,2PT Field Goal,Mid-Range,Left Side(L),16-24 ft.,20.0,-201.0,11.0,1,1,20131213,GSW,HOU
Shot Chart Detail,0021300341,473,202718,Chandler Parsons,1610612745,Houston Rockets,4,4,4,Missed Shot,Jump Shot,2PT Field Goal,Restricted Area,Center(C),Less Than 8 ft.,3.0,28.0,12.0,1,0,20131213,GSW,HOU
Shot Chart Detail,0021300341,482,202718,Chandler Parsons,1610612745,Houston Rockets,4,3,11,Made Shot,Reverse Layup Shot,2PT Field Goal,Restricted Area,Center(C),Less Than 8 ft.,1.0,-11.0,7.0,1,1,20131213,GSW,HOU
Shot Chart Detail,0021300350,8,202718,Chandler Parsons,1610612745,Houston Rockets,1,11,9,Made Shot,Driving Layup Shot,2PT Field Goal,Restricted Area,Center(C),Less Than 8 ft.,1.0,-15.0,7.0,1,1,20131215,SAC,HOU
Shot Chart Detail,0021300350,11,202718,Chandler Parsons,1610612745,Houston Rockets,1,10,43,Missed Shot,Jump Shot,2PT Field Goal,Mid-Range,Left Side(L),8-16 ft.,14.0,-147.0,11.0,1,0,20131215,SAC,HOU
Shot Chart Detail,0021300350,26,202718,Chandler Parsons,1610612745,Houston Rockets,1,8,41,Made Shot,Layup Shot,2PT Field Goal,Restricted Area,Center(C),Less Than 8 ft.,2.0,0.0,25.0,1,1,20131215,SAC,HOU
Shot Chart Detail,0021300350,46,202718,Chandler Parsons,1610612745,Houston Rockets,1,6,26,Missed Shot,Jump Shot,3PT Field Goal,Above the Break 3,Center(C),24+ ft.,25.0,-4.0,252.0,1,0,20131215,SAC,HOU
Shot Chart Detail,0021300350,51,202718,Chandler Parsons,1610612745,Houston Rockets,1,6,0,Made Shot,Jump Bank Shot,2PT Field Goal,In The Paint (Non-RA),Center(C),Less Than 8 ft.,7.0,-68.0,26.0,1,1,20131215,SAC,HOU
Shot Chart Detail,0021300350,74,202718,Chandler Parsons,1610612745,Houston Rockets,1,4,42,Made Shot,Driving Layup Shot,2PT Field Goal,Restricted Area,Center(C),Less Than 8 ft.,1.0,-10.0,14.0,1,1,20131215,SAC,HOU
Shot Chart Detail,0021300350,92,202718,Chandler Parsons,1610612745,Houston Rockets,1,2,52,Made Shot,Driving Slam Dunk Shot,2PT Field Goal,Restricted Area,Center(C),Less Than 8 ft.,0.0,-4.0,7.0,1,1,20131215,SAC,HOU
Shot Chart Detail,0021300350,218,202718,Chandler Parsons,1610612745,Houston Rockets,2,4,51,Missed Shot,Driving Layup Shot,2PT Field Goal,Restricted Area,Center(C),Less Than 8 ft.,1.0,6.0,15.0,1,0,20131215,SAC,HOU
Shot Chart Detail,0021300350,226,202718,Chandler Parsons,1610612745,Houston Rockets,2,4,47,Missed Shot,Jump Shot,2PT Field Goal,In The Paint (Non-RA),Left Side(L),8-16 ft.,8.0,-64.0,56.0,1,0,20131215,SAC,HOU
Shot Chart Detail,0021300350,233,202718,Chandler Parsons,1610612745,Houston Rockets,2,4,0,Missed Shot,Tip Shot,2PT Field Goal,Restricted Area,Center(C),Less Than 8 ft.,1.0,4.0,14.0,1,0,20131215,SAC,HOU
Shot Chart Detail,0021300350,355,202718,Chandler Parsons,1610612745,Houston Rockets,3,7,6,Missed Shot,Jump Shot,2PT Field Goal,Restricted Area,Center(C),Less Than 8 ft.,3.0,20.0,34.0,1,0,20131215,SAC,HOU
Shot Chart Detail,0021300350,393,202718,Chandler Parsons,1610612745,Houston Rockets,3,4,14,Made Shot,Layup Shot,2PT Field Goal,Restricted Area,Center(C),Less Than 8 ft.,2.0,24.0,17.0,1,1,20131215,SAC,HOU
Shot Chart Detail,0021300350,417,202718,Chandler Parsons,1610612745,Houston Rockets,3,2,49,Made Shot,Layup Shot,2PT Field Goal,Restricted Area,Center(C),Less Than 8 ft.,1.0,-16.0,4.0,1,1,20131215,SAC,HOU
Shot Chart Detail,0021300350,435,202718,Chandler Parsons,1610612745,Houston Rockets,3,0,57,Missed Shot,Jump Shot,2PT Field Goal,Mid-Range,Left Side Center(LC),16-24 ft.,18.0,-73.0,175.0,1,0,20131215,SAC,HOU
Shot Chart Detail,0021300350,566,202718,Chandler Parsons,1610612745,Houston Rockets,4,2,12,Missed Shot,Jump Shot,3PT Field Goal,Above the Break 3,Right Side Center(RC),24+ ft.,26.0,92.0,246.0,1,0,20131215,SAC,HOU
Shot Chart Detail,0021300379,17,202718,Chandler Parsons,1610612745,Houston Rockets,1,10,5,Missed Shot,Pullup Jump shot,2PT Field Goal,Mid-Range,Center(C),8-16 ft.,14.0,20.0,145.0,1,0,20131218,HOU,CHI
Shot Chart Detail,0021300379,25,202718,Chandler Parsons,1610612745,Houston Rockets,1,9,32,Made Shot,Driving Layup Shot,2PT Field Goal,Restricted Area,Center(C),Less Than 8 ft.,0.0,4.0,0.0,1,1,20131218,HOU,CHI
Shot Chart Detail,0021300379,97,202718,Chandler Parsons,1610612745,Houston Rockets,1,2,1,Missed Shot,Jump Shot,3PT Field Goal,Above the Break 3,Center(C),24+ ft.,25.0,15.0,255.0,1,0,20131218,HOU,CHI
Shot Chart Detail,0021300379,102,202718,Chandler Parsons,1610612745,Houston Rockets,1,1,36,Made Shot,Jump Shot,3PT Field Goal,Above the Break 3,Left Side Center(LC),24+ ft.,24.0,-174.0,173.0,1,1,20131218,HOU,CHI
Shot Chart Detail,0021300379,186,202718,Chandler Parsons,1610612745,Houston Rockets,2,5,39,Made Shot,Driving Layup Shot,2PT Field Goal,Restricted Area,Center(C),Less Than 8 ft.,1.0,-5.0,-14.0,1,1,20131218,HOU,CHI
Shot Chart Detail,0021300379,205,202718,Chandler Parsons,1610612745,Houston Rockets,2,4,17,Made Shot,Jump Shot,3PT Field Goal,Above the Break 3,Left Side Center(LC),24+ ft.,24.0,-223.0,107.0,1,1,20131218,HOU,CHI
Shot Chart Detail,0021300379,224,202718,Chandler Parsons,1610612745,Houston Rockets,2,2,23,Made Shot,Jump Shot,2PT Field Goal,In The Paint (Non-RA),Center(C),8-16 ft.,10.0,-49.0,94.0,1,1,20131218,HOU,CHI
Shot Chart Detail,0021300379,293,202718,Chandler Parsons,1610612745,Houston Rockets,3,9,8,Missed Shot,Jump Bank Shot,2PT Field Goal,In The Paint (Non-RA),Center(C),Less Than 8 ft.,5.0,-40.0,41.0,1,0,20131218,HOU,CHI
Shot Chart Detail,0021300379,306,202718,Chandler Parsons,1610612745,Houston Rockets,3,7,34,Missed Shot,Jump Shot,2PT Field Goal,Mid-Range,Right Side(R),8-16 ft.,15.0,151.0,4.0,1,0,20131218,HOU,CHI
Shot Chart Detail,0021300379,332,202718,Chandler Parsons,1610612745,Houston Rockets,3,5,38,Missed Shot,Running Jump Shot,2PT Field Goal,In The Paint (Non-RA),Center(C),Less Than 8 ft.,5.0,12.0,52.0,1,0,20131218,HOU,CHI
Shot Chart Detail,0021300379,414,202718,Chandler Parsons,1610612745,Houston Rockets,4,11,46,Made Shot,Layup Shot,2PT Field Goal,Restricted Area,Center(C),Less Than 8 ft.,0.0,2.0,0.0,1,1,20131218,HOU,CHI
Shot Chart Detail,0021300379,444,202718,Chandler Parsons,1610612745,Houston Rockets,4,8,39,Missed Shot,Jump Shot,2PT Field Goal,In The Paint (Non-RA),Center(C),Less Than 8 ft.,6.0,67.0,0.0,1,0,20131218,HOU,CHI
Shot Chart Detail,0021300379,467,202718,Chandler Parsons,1610612745,Houston Rockets,4,6,10,Made Shot,Jump Shot,3PT Field Goal,Right Corner 3,Right Side(R),24+ ft.,23.0,230.0,25.0,1,1,20131218,HOU,CHI
Shot Chart Detail,0021300379,491,202718,Chandler Parsons,1610612745,Houston Rockets,4,3,29,Made Shot,Putback Dunk Shot,2PT Field Goal,Restricted Area,Center(C),Less Than 8 ft.,0.0,-2.0,7.0,1,1,20131218,HOU,CHI
Shot Chart Detail,0021300388,17,202718,Chandler Parsons,1610612745,Houston Rockets,1,9,14,Made Shot,Fadeaway Bank shot,2PT Field Goal,Mid-Range,Left Side(L),8-16 ft.,9.0,-90.0,26.0,1,1,20131220,IND,HOU
Shot Chart Detail,0021300388,54,202718,Chandler Parsons,1610612745,Houston Rockets,1,4,21,Missed Shot,Jump Shot,2PT Field Goal,In The Paint (Non-RA),Center(C),Less Than 8 ft.,7.0,-70.0,-3.0,1,0,20131220,IND,HOU
Shot Chart Detail,0021300388,133,202718,Chandler Parsons,1610612745,Houston Rockets,2,9,35,Made Shot,Finger Roll Layup Shot,2PT Field Goal,Restricted Area,Center(C),Less Than 8 ft.,0.0,0.0,4.0,1,1,20131220,IND,HOU
Shot Chart Detail,0021300388,149,202718,Chandler Parsons,1610612745,Houston Rockets,2,8,20,Made Shot,Layup Shot,2PT Field Goal,Restricted Area,Center(C),Less Than 8 ft.,0.0,6.0,7.0,1,1,20131220,IND,HOU
Shot Chart Detail,0021300388,189,202718,Chandler Parsons,1610612745,Houston Rockets,2,5,18,Made Shot,Jump Shot,2PT Field Goal,In The Paint (Non-RA),Center(C),Less Than 8 ft.,5.0,-24.0,48.0,1,1,20131220,IND,HOU
Shot Chart Detail,0021300388,269,202718,Chandler Parsons,1610612745,Houston Rockets,3,11,0,Made Shot,Jump Shot,2PT Field Goal,Mid-Range,Right Side Center(RC),16-24 ft.,21.0,94.0,189.0,1,1,20131220,IND,HOU
Shot Chart Detail,0021300388,350,202718,Chandler Parsons,1610612745,Houston Rockets,3,3,12,Made Shot,Layup Shot,2PT Field Goal,Restricted Area,Center(C),Less Than 8 ft.,1.0,-16.0,0.0,1,1,20131220,IND,HOU
Shot Chart Detail,0021300388,362,202718,Chandler Parsons,1610612745,Houston Rockets,3,1,53,Missed Shot,Jump Shot,3PT Field Goal,Left Corner 3,Left Side(L),24+ ft.,22.0,-228.0,-13.0,1,0,20131220,IND,HOU
Shot Chart Detail,0021300396,21,202718,Chandler Parsons,1610612745,Houston Rockets,1,9,41,Missed Shot,Jump Shot,3PT Field Goal,Right Corner 3,Right Side(R),24+ ft.,22.0,228.0,25.0,1,0,20131221,DET,HOU
Shot Chart Detail,0021300396,42,202718,Chandler Parsons,1610612745,Houston Rockets,1,7,41,Missed Shot,Layup Shot,2PT Field Goal,Restricted Area,Center(C),Less Than 8 ft.,0.0,4.0,3.0,1,0,20131221,DET,HOU
Shot Chart Detail,0021300396,132,202718,Chandler Parsons,1610612745,Houston Rockets,1,0,1,Missed Shot,Jump Shot,3PT Field Goal,Above the Break 3,Center(C),24+ ft.,26.0,75.0,255.0,1,0,20131221,DET,HOU
Shot Chart Detail,0021300396,169,202718,Chandler Parsons,1610612745,Houston Rockets,2,8,20,Missed Shot,Layup Shot,2PT Field Goal,Restricted Area,Center(C),Less Than 8 ft.,0.0,6.0,0.0,1,0,20131221,DET,HOU
Shot Chart Detail,0021300396,225,202718,Chandler Parsons,1610612745,Houston Rockets,2,4,14,Made Shot,Layup Shot,2PT Field Goal,Restricted Area,Center(C),Less Than 8 ft.,0.0,7.0,0.0,1,1,20131221,DET,HOU
Shot Chart Detail,0021300396,246,202718,Chandler Parsons,1610612745,Houston Rockets,2,3,6,Made Shot,Layup Shot,2PT Field Goal,Restricted Area,Center(C),Less Than 8 ft.,0.0,0.0,9.0,1,1,20131221,DET,HOU
Shot Chart Detail,0021300396,248,202718,Chandler Parsons,1610612745,Houston Rockets,2,2,32,Missed Shot,Jump Shot,3PT Field Goal,Above the Break 3,Left Side Center(LC),24+ ft.,27.0,-138.0,242.0,1,0,20131221,DET,HOU
Shot Chart Detail,0021300396,297,202718,Chandler Parsons,1610612745,Houston Rockets,3,10,56,Made Shot,Driving Reverse Layup Shot,2PT Field Goal,Restricted Area,Center(C),Less Than 8 ft.,0.0,0.0,4.0,1,1,20131221,DET,HOU
Shot Chart Detail,0021300396,323,202718,Chandler Parsons,1610612745,Houston Rockets,3,7,22,Made Shot,Jump Shot,3PT Field Goal,Right Corner 3,Right Side(R),24+ ft.,22.0,226.0,19.0,1,1,20131221,DET,HOU
Shot Chart Detail,0021300396,356,202718,Chandler Parsons,1610612745,Houston Rockets,3,3,55,Missed Shot,Layup Shot,2PT Field Goal,Restricted Area,Center(C),Less Than 8 ft.,0.0,-2.0,-5.0,1,0,20131221,DET,HOU
Shot Chart Detail,0021300396,366,202718,Chandler Parsons,1610612745,Houston Rockets,3,3,5,Made Shot,Driving Layup Shot,2PT Field Goal,Restricted Area,Center(C),Less Than 8 ft.,0.0,-2.0,4.0,1,1,20131221,DET,HOU
Shot Chart Detail,0021300396,393,202718,Chandler Parsons,1610612745,Houston Rockets,3,1,3,Made Shot,Jump Shot,2PT Field Goal,Mid-Range,Right Side Center(RC),16-24 ft.,20.0,146.0,148.0,1,1,20131221,DET,HOU
Shot Chart Detail,0021300396,398,202718,Chandler Parsons,1610612745,Houston Rockets,3,0,0,Made Shot,Running Jump Shot,2PT Field Goal,In The Paint (Non-RA),Center(C),Less Than 8 ft.,7.0,-35.0,67.0,1,1,20131221,DET,HOU
Shot Chart Detail,0021300396,403,202718,Chandler Parsons,1610612745,Houston Rockets,4,11,48,Made Shot,Reverse Layup Shot,2PT Field Goal,Restricted Area,Center(C),Less Than 8 ft.,0.0,0.0,3.0,1,1,20131221,DET,HOU
Shot Chart Detail,0021300396,437,202718,Chandler Parsons,1610612745,Houston Rockets,4,6,15,Made Shot,Layup Shot,2PT Field Goal,Restricted Area,Center(C),Less Than 8 ft.,0.0,4.0,6.0,1,1,20131221,DET,HOU
Shot Chart Detail,0021300412,11,202718,Chandler Parsons,1610612745,Houston Rockets,1,10,33,Made Shot,Driving Layup Shot,2PT Field Goal,Restricted Area,Center(C),Less Than 8 ft.,0.0,-7.0,7.0,1,1,20131223,HOU,DAL
Shot Chart Detail,0021300412,13,202718,Chandler Parsons,1610612745,Houston Rockets,1,10,2,Made Shot,Driving Dunk Shot,2PT Field Goal,Restricted Area,Center(C),Less Than 8 ft.,0.0,0.0,4.0,1,1,20131223,HOU,DAL
Shot Chart Detail,0021300412,38,202718,Chandler Parsons,1610612745,Houston Rockets,1,6,58,Made Shot,Driving Layup Shot,2PT Field Goal,Restricted Area,Center(C),Less Than 8 ft.,1.0,10.0,15.0,1,1,20131223,HOU,DAL
Shot Chart Detail,0021300412,65,202718,Chandler Parsons,1610612745,Houston Rockets,1,3,44,Missed Shot,Jump Shot,2PT Field Goal,In The Paint (Non-RA),Center(C),Less Than 8 ft.,7.0,26.0,71.0,1,0,20131223,HOU,DAL
Shot Chart Detail,0021300412,87,202718,Chandler Parsons,1610612745,Houston Rockets,1,2,2,Made Shot,Jump Shot,3PT Field Goal,Above the Break 3,Right Side Center(RC),24+ ft.,24.0,206.0,138.0,1,1,20131223,HOU,DAL
Shot Chart Detail,0021300412,90,202718,Chandler Parsons,1610612745,Houston Rockets,1,1,33,Missed Shot,Layup Shot,2PT Field Goal,Restricted Area,Center(C),Less Than 8 ft.,1.0,1.0,14.0,1,0,20131223,HOU,DAL
Shot Chart Detail,0021300412,160,202718,Chandler Parsons,1610612745,Houston Rockets,2,7,18,Made Shot,Running Jump Shot,2PT Field Goal,In The Paint (Non-RA),Center(C),8-16 ft.,12.0,-54.0,110.0,1,1,20131223,HOU,DAL
Shot Chart Detail,0021300412,236,202718,Chandler Parsons,1610612745,Houston Rockets,2,0,28,Missed Shot,Jump Shot,3PT Field Goal,Above the Break 3,Center(C),24+ ft.,24.0,9.0,244.0,1,0,20131223,HOU,DAL
Shot Chart Detail,0021300412,252,202718,Chandler Parsons,1610612745,Houston Rockets,3,10,57,Missed Shot,Jump Shot,3PT Field Goal,Above the Break 3,Center(C),24+ ft.,24.0,-46.0,242.0,1,0,20131223,HOU,DAL
Shot Chart Detail,0021300412,269,202718,Chandler Parsons,1610612745,Houston Rockets,3,9,33,Missed Shot,Jump Shot,2PT Field Goal,In The Paint (Non-RA),Center(C),Less Than 8 ft.,7.0,72.0,30.0,1,0,20131223,HOU,DAL
Shot Chart Detail,0021300412,303,202718,Chandler Parsons,1610612745,Houston Rockets,3,6,19,Made Shot,Layup Shot,2PT Field Goal,Restricted Area,Center(C),Less Than 8 ft.,1.0,-11.0,11.0,1,1,20131223,HOU,DAL
Shot Chart Detail,0021300412,312,202718,Chandler Parsons,1610612745,Houston Rockets,3,5,49,Made Shot,Driving Layup Shot,2PT Field Goal,Restricted Area,Center(C),Less Than 8 ft.,0.0,-5.0,6.0,1,1,20131223,HOU,DAL
Shot Chart Detail,0021300412,414,202718,Chandler Parsons,1610612745,Houston Rockets,4,9,22,Missed Shot,Driving Reverse Layup Shot,2PT Field Goal,Restricted Area,Center(C),Less Than 8 ft.,2.0,-16.0,15.0,1,0,20131223,HOU,DAL
Shot Chart Detail,0021300412,465,202718,Chandler Parsons,1610612745,Houston Rockets,4,4,31,Made Shot,Jump Shot,2PT Field Goal,Restricted Area,Center(C),Less Than 8 ft.,3.0,34.0,14.0,1,1,20131223,HOU,DAL
Shot Chart Detail,0021300412,519,202718,Chandler Parsons,1610612745,Houston Rockets,4,0,43,Missed Shot,Pullup Jump shot,3PT Field Goal,Above the Break 3,Left Side Center(LC),24+ ft.,25.0,-125.0,220.0,1,0,20131223,HOU,DAL
Shot Chart Detail,0021300421,25,202718,Chandler Parsons,1610612745,Houston Rockets,1,9,36,Made Shot,Jump Shot,3PT Field Goal,Above the Break 3,Center(C),24+ ft.,25.0,-65.0,246.0,1,1,20131225,SAS,HOU
Shot Chart Detail,0021300421,32,202718,Chandler Parsons,1610612745,Houston Rockets,1,8,31,Made Shot,Jump Shot,3PT Field Goal,Left Corner 3,Left Side(L),24+ ft.,23.0,-234.0,-6.0,1,1,20131225,SAS,HOU
Shot Chart Detail,0021300421,43,202718,Chandler Parsons,1610612745,Houston Rockets,1,7,41,Made Shot,Jump Shot,2PT Field Goal,Mid-Range,Right Side(R),16-24 ft.,19.0,196.0,0.0,1,1,20131225,SAS,HOU
Shot Chart Detail,0021300421,64,202718,Chandler Parsons,1610612745,Houston Rockets,1,5,22,Made Shot,Jump Shot,3PT Field Goal,Above the Break 3,Right Side Center(RC),24+ ft.,25.0,206.0,145.0,1,1,20131225,SAS,HOU
Shot Chart Detail,0021300421,91,202718,Chandler Parsons,1610612745,Houston Rockets,1,2,50,Made Shot,Jump Shot,3PT Field Goal,Above the Break 3,Right Side Center(RC),24+ ft.,27.0,127.0,247.0,1,1,20131225,SAS,HOU
Shot Chart Detail,0021300421,105,202718,Chandler Parsons,1610612745,Houston Rockets,1,2,25,Missed Shot,Jump Shot,3PT Field Goal,Above the Break 3,Left Side Center(LC),24+ ft.,25.0,-210.0,143.0,1,0,20131225,SAS,HOU
Shot Chart Detail,0021300421,197,202718,Chandler Parsons,1610612745,Houston Rockets,2,4,23,Made Shot,Jump Shot,2PT Field Goal,Mid-Range,Left Side(L),8-16 ft.,14.0,-149.0,7.0,1,1,20131225,SAS,HOU
Shot Chart Detail,0021300421,202,202718,Chandler Parsons,1610612745,Houston Rockets,2,3,23,Missed Shot,Jump Shot,3PT Field Goal,Above the Break 3,Right Side Center(RC),24+ ft.,25.0,214.0,131.0,1,0,20131225,SAS,HOU
Shot Chart Detail,0021300421,273,202718,Chandler Parsons,1610612745,Houston Rockets,3,9,6,Made Shot,Jump Shot,3PT Field Goal,Above the Break 3,Left Side Center(LC),24+ ft.,24.0,-210.0,127.0,1,1,20131225,SAS,HOU
Shot Chart Detail,0021300421,277,202718,Chandler Parsons,1610612745,Houston Rockets,3,8,38,Missed Shot,Jump Shot,2PT Field Goal,In The Paint (Non-RA),Center(C),Less Than 8 ft.,7.0,7.0,75.0,1,0,20131225,SAS,HOU
Shot Chart Detail,0021300421,283,202718,Chandler Parsons,1610612745,Houston Rockets,3,8,15,Missed Shot,Jump Shot,3PT Field Goal,Above the Break 3,Left Side Center(LC),24+ ft.,25.0,-205.0,153.0,1,0,20131225,SAS,HOU
Shot Chart Detail,0021300421,393,202718,Chandler Parsons,1610612745,Houston Rockets,4,10,29,Missed Shot,Driving Bank shot,2PT Field Goal,In The Paint (Non-RA),Left Side(L),8-16 ft.,8.0,-71.0,47.0,1,0,20131225,SAS,HOU
Shot Chart Detail,0021300421,454,202718,Chandler Parsons,1610612745,Houston Rockets,4,4,27,Made Shot,Jump Shot,2PT Field Goal,Mid-Range,Right Side(R),8-16 ft.,10.0,83.0,71.0,1,1,20131225,SAS,HOU
Shot Chart Detail,0021300421,457,202718,Chandler Parsons,1610612745,Houston Rockets,4,3,47,Missed Shot,Jump Shot,3PT Field Goal,Left Corner 3,Left Side(L),24+ ft.,23.0,-235.0,4.0,1,0,20131225,SAS,HOU
Shot Chart Detail,0021300424,43,202718,Chandler Parsons,1610612745,Houston Rockets,1,7,21,Missed Shot,Jump Shot,3PT Field Goal,Above the Break 3,Right Side Center(RC),24+ ft.,24.0,99.0,227.0,1,0,20131226,HOU,MEM
Shot Chart Detail,0021300424,47,202718,Chandler Parsons,1610612745,Houston Rockets,1,6,47,Made Shot,Running Bank shot,2PT Field Goal,Restricted Area,Center(C),Less Than 8 ft.,3.0,-23.0,26.0,1,1,20131226,HOU,MEM
Shot Chart Detail,0021300424,54,202718,Chandler Parsons,1610612745,Houston Rockets,1,5,25,Made Shot,Alley Oop Dunk Shot,2PT Field Goal,Restricted Area,Center(C),Less Than 8 ft.,0.0,4.0,-5.0,1,1,20131226,HOU,MEM
Shot Chart Detail,0021300424,104,202718,Chandler Parsons,1610612745,Houston Rockets,1,1,54,Missed Shot,Jump Shot,3PT Field Goal,Above the Break 3,Right Side Center(RC),24+ ft.,26.0,119.0,239.0,1,0,20131226,HOU,MEM
Shot Chart Detail,0021300424,197,202718,Chandler Parsons,1610612745,Houston Rockets,2,4,56,Missed Shot,Driving Reverse Layup Shot,2PT Field Goal,Restricted Area,Center(C),Less Than 8 ft.,3.0,28.0,14.0,1,0,20131226,HOU,MEM
Shot Chart Detail,0021300424,212,202718,Chandler Parsons,1610612745,Houston Rockets,2,3,42,Missed Shot,Jump Shot,3PT Field Goal,Above the Break 3,Center(C),24+ ft.,24.0,-62.0,239.0,1,0,20131226,HOU,MEM
Shot Chart Detail,0021300424,273,202718,Chandler Parsons,1610612745,Houston Rockets,3,9,54,Made Shot,Driving Layup Shot,2PT Field Goal,Restricted Area,Center(C),Less Than 8 ft.,1.0,13.0,11.0,1,1,20131226,HOU,MEM
Shot Chart Detail,0021300424,297,202718,Chandler Parsons,1610612745,Houston Rockets,3,7,54,Missed Shot,Driving Reverse Layup Shot,2PT Field Goal,Restricted Area,Center(C),Less Than 8 ft.,1.0,-13.0,12.0,1,0,20131226,HOU,MEM
Shot Chart Detail,0021300424,311,202718,Chandler Parsons,1610612745,Houston Rockets,3,6,18,Made Shot,Dunk Shot,2PT Field Goal,Restricted Area,Center(C),Less Than 8 ft.,0.0,4.0,-2.0,1,1,20131226,HOU,MEM
Shot Chart Detail,0021300424,420,202718,Chandler Parsons,1610612745,Houston Rockets,4,8,46,Made Shot,Jump Shot,2PT Field Goal,In The Paint (Non-RA),Center(C),Less Than 8 ft.,6.0,-68.0,12.0,1,1,20131226,HOU,MEM
Shot Chart Detail,0021300424,476,202718,Chandler Parsons,1610612745,Houston Rockets,4,4,21,Missed Shot,Running Jump Shot,2PT Field Goal,In The Paint (Non-RA),Center(C),Less Than 8 ft.,8.0,48.0,64.0,1,0,20131226,HOU,MEM
Shot Chart Detail,0021300424,519,202718,Chandler Parsons,1610612745,Houston Rockets,4,0,50,Missed Shot,Jump Shot,3PT Field Goal,Above the Break 3,Left Side Center(LC),24+ ft.,25.0,-146.0,205.0,1,0,20131226,HOU,MEM
Shot Chart Detail,0021300442,6,202718,Chandler Parsons,1610612745,Houston Rockets,1,11,18,Missed Shot,Jump Shot,3PT Field Goal,Above the Break 3,Left Side Center(LC),24+ ft.,24.0,-89.0,230.0,1,0,20131228,HOU,NOP
Shot Chart Detail,0021300442,22,202718,Chandler Parsons,1610612745,Houston Rockets,1,8,57,Made Shot,Driving Dunk Shot,2PT Field Goal,Restricted Area,Center(C),Less Than 8 ft.,0.0,4.0,4.0,1,1,20131228,HOU,NOP
Shot Chart Detail,0021300442,63,202718,Chandler Parsons,1610612745,Houston Rockets,1,4,27,Made Shot,Driving Layup Shot,2PT Field Goal,Restricted Area,Center(C),Less Than 8 ft.,1.0,6.0,9.0,1,1,20131228,HOU,NOP
Shot Chart Detail,0021300442,91,202718,Chandler Parsons,1610612745,Houston Rockets,1,2,33,Missed Shot,Layup Shot,2PT Field Goal,Restricted Area,Center(C),Less Than 8 ft.,1.0,15.0,12.0,1,0,20131228,HOU,NOP
Shot Chart Detail,0021300442,190,202718,Chandler Parsons,1610612745,Houston Rockets,2,5,49,Made Shot,Jump Shot,3PT Field Goal,Above the Break 3,Left Side Center(LC),24+ ft.,25.0,-168.0,186.0,1,1,20131228,HOU,NOP
Shot Chart Detail,0021300442,205,202718,Chandler Parsons,1610612745,Houston Rockets,2,4,38,Made Shot,Running Jump Shot,2PT Field Goal,In The Paint (Non-RA),Center(C),Less Than 8 ft.,6.0,59.0,34.0,1,1,20131228,HOU,NOP
Shot Chart Detail,0021300442,290,202718,Chandler Parsons,1610612745,Houston Rockets,3,9,26,Made Shot,Driving Layup Shot,2PT Field Goal,Restricted Area,Center(C),Less Than 8 ft.,1.0,10.0,3.0,1,1,20131228,HOU,NOP
Shot Chart Detail,0021300442,308,202718,Chandler Parsons,1610612745,Houston Rockets,3,6,52,Missed Shot,Reverse Layup Shot,2PT Field Goal,Restricted Area,Center(C),Less Than 8 ft.,2.0,-23.0,4.0,1,0,20131228,HOU,NOP
Shot Chart Detail,0021300442,516,202718,Chandler Parsons,1610612745,Houston Rockets,4,1,3,Missed Shot,Running Jump Shot,2PT Field Goal,In The Paint (Non-RA),Right Side(R),8-16 ft.,8.0,80.0,36.0,1,0,20131228,HOU,NOP
Shot Chart Detail,0021300442,518,202718,Chandler Parsons,1610612745,Houston Rockets,4,1,1,Made Shot,Putback Layup Shot,2PT Field Goal,Restricted Area,Center(C),Less Than 8 ft.,1.0,12.0,4.0,1,1,20131228,HOU,NOP
Shot Chart Detail,0021300450,28,202718,Chandler Parsons,1610612745,Houston Rockets,1,8,52,Missed Shot,Driving Layup Shot,2PT Field Goal,Restricted Area,Center(C),Less Than 8 ft.,3.0,-37.0,0.0,1,0,20131229,OKC,HOU
Shot Chart Detail,0021300450,38,202718,Chandler Parsons,1610612745,Houston Rockets,1,7,44,Missed Shot,Driving Reverse Layup Shot,2PT Field Goal,Restricted Area,Center(C),Less Than 8 ft.,2.0,26.0,6.0,1,0,20131229,OKC,HOU
Shot Chart Detail,0021300450,49,202718,Chandler Parsons,1610612745,Houston Rockets,1,6,41,Missed Shot,Jump Shot,3PT Field Goal,Above the Break 3,Left Side Center(LC),24+ ft.,24.0,-95.0,224.0,1,0,20131229,OKC,HOU
Shot Chart Detail,0021300450,131,202718,Chandler Parsons,1610612745,Houston Rockets,2,11,37,Missed Shot,Driving Bank shot,2PT Field Goal,In The Paint (Non-RA),Center(C),Less Than 8 ft.,5.0,-51.0,26.0,1,0,20131229,OKC,HOU
Shot Chart Detail,0021300450,154,202718,Chandler Parsons,1610612745,Houston Rockets,2,9,28,Made Shot,Driving Layup Shot,2PT Field Goal,Restricted Area,Center(C),Less Than 8 ft.,2.0,21.0,-2.0,1,1,20131229,OKC,HOU
Shot Chart Detail,0021300450,171,202718,Chandler Parsons,1610612745,Houston Rockets,2,7,49,Made Shot,Layup Shot,2PT Field Goal,Restricted Area,Center(C),Less Than 8 ft.,2.0,-27.0,-5.0,1,1,20131229,OKC,HOU
Shot Chart Detail,0021300450,200,202718,Chandler Parsons,1610612745,Houston Rockets,2,5,57,Missed Shot,Jump Shot,3PT Field Goal,Right Corner 3,Right Side(R),24+ ft.,23.0,234.0,15.0,1,0,20131229,OKC,HOU
Shot Chart Detail,0021300450,210,202718,Chandler Parsons,1610612745,Houston Rockets,2,4,27,Missed Shot,Jump Shot,3PT Field Goal,Right Corner 3,Right Side(R),24+ ft.,22.0,228.0,12.0,1,0,20131229,OKC,HOU
Shot Chart Detail,0021300450,253,202718,Chandler Parsons,1610612745,Houston Rockets,2,0,55,Made Shot,Jump Shot,3PT Field Goal,Above the Break 3,Left Side Center(LC),24+ ft.,25.0,-179.0,176.0,1,1,20131229,OKC,HOU
Shot Chart Detail,0021300450,276,202718,Chandler Parsons,1610612745,Houston Rockets,3,11,35,Made Shot,Jump Shot,3PT Field Goal,Right Corner 3,Right Side(R),24+ ft.,22.0,223.0,7.0,1,1,20131229,OKC,HOU
Shot Chart Detail,0021300450,278,202718,Chandler Parsons,1610612745,Houston Rockets,3,10,58,Missed Shot,Jump Shot,3PT Field Goal,Above the Break 3,Right Side Center(RC),24+ ft.,26.0,91.0,247.0,1,0,20131229,OKC,HOU
Shot Chart Detail,0021300450,319,202718,Chandler Parsons,1610612745,Houston Rockets,3,6,5,Made Shot,Driving Layup Shot,2PT Field Goal,Restricted Area,Center(C),Less Than 8 ft.,0.0,-8.0,4.0,1,1,20131229,OKC,HOU
Shot Chart Detail,0021300464,30,202718,Chandler Parsons,1610612745,Houston Rockets,1,8,26,Missed Shot,Jump Shot,3PT Field Goal,Above the Break 3,Center(C),24+ ft.,23.0,-70.0,227.0,1,0,20131231,HOU,SAC
Shot Chart Detail,0021300464,78,202718,Chandler Parsons,1610612745,Houston Rockets,1,4,49,Missed Shot,Jump Shot,3PT Field Goal,Above the Break 3,Left Side Center(LC),24+ ft.,25.0,-171.0,184.0,1,0,20131231,HOU,SAC
Shot Chart Detail,0021300464,110,202718,Chandler Parsons,1610612745,Houston Rockets,1,2,4,Made Shot,Jump Shot,3PT Field Goal,Above the Break 3,Right Side Center(RC),24+ ft.,24.0,102.0,220.0,1,1,20131231,HOU,SAC
Shot Chart Detail,0021300464,142,202718,Chandler Parsons,1610612745,Houston Rockets,2,10,50,Made Shot,Driving Layup Shot,2PT Field Goal,Restricted Area,Center(C),Less Than 8 ft.,0.0,9.0,4.0,1,1,20131231,HOU,SAC
Shot Chart Detail,0021300464,213,202718,Chandler Parsons,1610612745,Houston Rockets,2,3,5,Made Shot,Dunk Shot,2PT Field Goal,Restricted Area,Center(C),Less Than 8 ft.,0.0,-5.0,6.0,1,1,20131231,HOU,SAC
Shot Chart Detail,0021300464,287,202718,Chandler Parsons,1610612745,Houston Rockets,3,9,6,Missed Shot,Jump Shot,3PT Field Goal,Right Corner 3,Right Side(R),24+ ft.,23.0,233.0,26.0,1,0,20131231,HOU,SAC
Shot Chart Detail,0021300464,290,202718,Chandler Parsons,1610612745,Houston Rockets,3,8,46,Made Shot,Floating Jump shot,2PT Field Goal,In The Paint (Non-RA),Center(C),Less Than 8 ft.,5.0,12.0,50.0,1,1,20131231,HOU,SAC
Shot Chart Detail,0021300464,396,202718,Chandler Parsons,1610612745,Houston Rockets,3,2,19,Made Shot,Layup Shot,2PT Field Goal,Restricted Area,Center(C),Less Than 8 ft.,0.0,0.0,1.0,1,1,20131231,HOU,SAC
Shot Chart Detail,0021300464,398,202718,Chandler Parsons,1610612745,Houston Rockets,3,1,46,Missed Shot,Jump Shot,3PT Field Goal,Left Corner 3,Left Side(L),24+ ft.,22.0,-229.0,15.0,1,0,20131231,HOU,SAC
Shot Chart Detail,0021300464,421,202718,Chandler Parsons,1610612745,Houston Rockets,3,0,30,Missed Shot,Jump Shot,3PT Field Goal,Above the Break 3,Center(C),24+ ft.,24.0,-60.0,238.0,1,0,20131231,HOU,SAC
Shot Chart Detail,0021300464,507,202718,Chandler Parsons,1610612745,Houston Rockets,4,4,31,Missed Shot,Jump Shot,3PT Field Goal,Above the Break 3,Left Side Center(LC),24+ ft.,24.0,-199.0,142.0,1,0,20131231,HOU,SAC
Shot Chart Detail,0021300485,2,202718,Chandler Parsons,1610612745,Houston Rockets,1,11,41,Made Shot,Jump Shot,2PT Field Goal,Mid-Range,Right Side(R),16-24 ft.,18.0,165.0,74.0,1,1,20140103,HOU,NYK
Shot Chart Detail,0021300485,6,202718,Chandler Parsons,1610612745,Houston Rockets,1,11,18,Missed Shot,Driving Layup Shot,2PT Field Goal,Restricted Area,Center(C),Less Than 8 ft.,2.0,29.0,4.0,1,0,20140103,HOU,NYK
Shot Chart Detail,0021300485,10,202718,Chandler Parsons,1610612745,Houston Rockets,1,10,33,Missed Shot,Jump Shot,3PT Field Goal,Right Corner 3,Right Side(R),24+ ft.,24.0,236.0,69.0,1,0,20140103,HOU,NYK
Shot Chart Detail,0021300485,93,202718,Chandler Parsons,1610612745,Houston Rockets,1,1,31,Made Shot,Driving Layup Shot,2PT Field Goal,Restricted Area,Center(C),Less Than 8 ft.,3.0,18.0,30.0,1,1,20140103,HOU,NYK
Shot Chart Detail,0021300485,108,202718,Chandler Parsons,1610612745,Houston Rockets,1,0,1,Missed Shot,Jump Bank Shot,2PT Field Goal,In The Paint (Non-RA),Center(C),Less Than 8 ft.,5.0,-46.0,26.0,1,0,20140103,HOU,NYK
Shot Chart Detail,0021300485,231,202718,Chandler Parsons,1610612745,Houston Rockets,2,3,6,Missed Shot,Jump Shot,3PT Field Goal,Right Corner 3,Right Side(R),24+ ft.,23.0,231.0,7.0,1,0,20140103,HOU,NYK
Shot Chart Detail,0021300485,303,202718,Chandler Parsons,1610612745,Houston Rockets,3,7,11,Missed Shot,Jump Shot,3PT Field Goal,Above the Break 3,Center(C),24+ ft.,26.0,-10.0,263.0,1,0,20140103,HOU,NYK
Shot Chart Detail,0021300485,340,202718,Chandler Parsons,1610612745,Houston Rockets,3,4,43,Made Shot,Jump Bank Shot,2PT Field Goal,In The Paint (Non-RA),Center(C),Less Than 8 ft.,4.0,-13.0,42.0,1,1,20140103,HOU,NYK
Shot Chart Detail,0021300485,372,202718,Chandler Parsons,1610612745,Houston Rockets,3,1,37,Made Shot,Jump Shot,3PT Field Goal,Above the Break 3,Right Side Center(RC),24+ ft.,25.0,171.0,189.0,1,1,20140103,HOU,NYK
Shot Chart Detail,0021300485,393,202718,Chandler Parsons,1610612745,Houston Rockets,4,11,46,Missed Shot,Jump Shot,3PT Field Goal,Above the Break 3,Right Side Center(RC),24+ ft.,24.0,97.0,223.0,1,0,20140103,HOU,NYK
Shot Chart Detail,0021300485,397,202718,Chandler Parsons,1610612745,Houston Rockets,4,11,21,Made Shot,Driving Layup Shot,2PT Field Goal,In The Paint (Non-RA),Center(C),Less Than 8 ft.,5.0,-46.0,20.0,1,1,20140103,HOU,NYK
Shot Chart Detail,0021300485,455,202718,Chandler Parsons,1610612745,Houston Rockets,4,6,43,Made Shot,Driving Layup Shot,2PT Field Goal,Restricted Area,Center(C),Less Than 8 ft.,2.0,-19.0,19.0,1,1,20140103,HOU,NYK
Shot Chart Detail,0021300485,474,202718,Chandler Parsons,1610612745,Houston Rockets,4,4,25,Missed Shot,Running Jump Shot,2PT Field Goal,In The Paint (Non-RA),Center(C),Less Than 8 ft.,5.0,0.0,53.0,1,0,20140103,HOU,NYK
Shot Chart Detail,0021300556,15,202718,Chandler Parsons,1610612745,Houston Rockets,1,10,7,Missed Shot,Driving Jump shot,2PT Field Goal,Restricted Area,Center(C),Less Than 8 ft.,3.0,31.0,7.0,1,0,20140113,BOS,HOU
Shot Chart Detail,0021300556,40,202718,Chandler Parsons,1610612745,Houston Rockets,1,7,17,Missed Shot,Jump Shot,2PT Field Goal,Mid-Range,Left Side(L),8-16 ft.,15.0,-153.0,37.0,1,0,20140113,BOS,HOU
Shot Chart Detail,0021300556,144,202718,Chandler Parsons,1610612745,Houston Rockets,2,9,55,Made Shot,Running Layup Shot,2PT Field Goal,Restricted Area,Center(C),Less Than 8 ft.,2.0,-21.0,3.0,1,1,20140113,BOS,HOU
Shot Chart Detail,0021300556,160,202718,Chandler Parsons,1610612745,Houston Rockets,2,8,34,Missed Shot,Driving Layup Shot,2PT Field Goal,Restricted Area,Center(C),Less Than 8 ft.,0.0,0.0,9.0,1,0,20140113,BOS,HOU
Shot Chart Detail,0021300556,168,202718,Chandler Parsons,1610612745,Houston Rockets,2,7,48,Made Shot,Running Layup Shot,2PT Field Goal,Restricted Area,Center(C),Less Than 8 ft.,2.0,-27.0,-2.0,1,1,20140113,BOS,HOU
Shot Chart Detail,0021300556,182,202718,Chandler Parsons,1610612745,Houston Rockets,2,6,11,Made Shot,Jump Shot,3PT Field Goal,Above the Break 3,Left Side Center(LC),24+ ft.,24.0,-100.0,228.0,1,1,20140113,BOS,HOU
Shot Chart Detail,0021300556,281,202718,Chandler Parsons,1610612745,Houston Rockets,3,10,3,Made Shot,Jump Shot,3PT Field Goal,Right Corner 3,Right Side(R),24+ ft.,23.0,226.0,58.0,1,1,20140113,BOS,HOU
Shot Chart Detail,0021300556,295,202718,Chandler Parsons,1610612745,Houston Rockets,3,8,40,Missed Shot,Layup Shot,2PT Field Goal,Restricted Area,Center(C),Less Than 8 ft.,1.0,-18.0,1.0,1,0,20140113,BOS,HOU
Shot Chart Detail,0021300556,346,202718,Chandler Parsons,1610612745,Houston Rockets,3,2,56,Missed Shot,Driving Hook Shot,2PT Field Goal,In The Paint (Non-RA),Center(C),Less Than 8 ft.,4.0,42.0,19.0,1,0,20140113,BOS,HOU
Shot Chart Detail,0021300556,414,202718,Chandler Parsons,1610612745,Houston Rockets,4,9,30,Missed Shot,Jump Shot,2PT Field Goal,Restricted Area,Center(C),Less Than 8 ft.,3.0,-7.0,39.0,1,0,20140113,BOS,HOU
Shot Chart Detail,0021300556,438,202718,Chandler Parsons,1610612745,Houston Rockets,4,6,12,Made Shot,Jump Shot,2PT Field Goal,In The Paint (Non-RA),Center(C),Less Than 8 ft.,4.0,29.0,39.0,1,1,20140113,BOS,HOU
Shot Chart Detail,0021300556,464,202718,Chandler Parsons,1610612745,Houston Rockets,4,4,2,Missed Shot,Jump Shot,3PT Field Goal,Above the Break 3,Left Side Center(LC),24+ ft.,27.0,-130.0,247.0,1,0,20140113,BOS,HOU
Shot Chart Detail,0021300556,553,202718,Chandler Parsons,1610612745,Houston Rockets,4,0,38,Missed Shot,Jump Shot,2PT Field Goal,In The Paint (Non-RA),Center(C),Less Than 8 ft.,4.0,-46.0,4.0,1,0,20140113,BOS,HOU
Shot Chart Detail,0021300572,9,202718,Chandler Parsons,1610612745,Houston Rockets,1,10,30,Missed Shot,Jump Shot,3PT Field Goal,Above the Break 3,Left Side Center(LC),24+ ft.,24.0,-92.0,224.0,1,0,20140115,NOP,HOU
Shot Chart Detail,0021300572,44,202718,Chandler Parsons,1610612745,Houston Rockets,1,7,34,Missed Shot,Dunk Shot,2PT Field Goal,Restricted Area,Center(C),Less Than 8 ft.,1.0,9.0,6.0,1,0,20140115,NOP,HOU
Shot Chart Detail,0021300572,66,202718,Chandler Parsons,1610612745,Houston Rockets,1,5,15,Made Shot,Jump Shot,3PT Field Goal,Above the Break 3,Right Side Center(RC),24+ ft.,25.0,182.0,175.0,1,1,20140115,NOP,HOU
Shot Chart Detail,0021300572,76,202718,Chandler Parsons,1610612745,Houston Rockets,1,4,16,Missed Shot,Jump Shot,2PT Field Goal,In The Paint (Non-RA),Center(C),Less Than 8 ft.,7.0,-70.0,4.0,1,0,20140115,NOP,HOU
Shot Chart Detail,0021300572,80,202718,Chandler Parsons,1610612745,Houston Rockets,1,3,58,Missed Shot,Jump Shot,3PT Field Goal,Above the Break 3,Left Side Center(LC),24+ ft.,25.0,-125.0,217.0,1,0,20140115,NOP,HOU
Shot Chart Detail,0021300572,148,202718,Chandler Parsons,1610612745,Houston Rockets,2,10,22,Made Shot,Driving Layup Shot,2PT Field Goal,Restricted Area,Center(C),Less Than 8 ft.,2.0,28.0,0.0,1,1,20140115,NOP,HOU
Shot Chart Detail,0021300572,159,202718,Chandler Parsons,1610612745,Houston Rockets,2,9,46,Made Shot,Driving Layup Shot,2PT Field Goal,Restricted Area,Center(C),Less Than 8 ft.,1.0,-16.0,3.0,1,1,20140115,NOP,HOU
Shot Chart Detail,0021300572,253,202718,Chandler Parsons,1610612745,Houston Rockets,2,3,10,Made Shot,Jump Shot,3PT Field Goal,Above the Break 3,Right Side Center(RC),24+ ft.,24.0,230.0,94.0,1,1,20140115,NOP,HOU
Shot Chart Detail,0021300572,272,202718,Chandler Parsons,1610612745,Houston Rockets,2,1,36,Missed Shot,Jump Bank Shot,2PT Field Goal,In The Paint (Non-RA),Center(C),Less Than 8 ft.,6.0,64.0,7.0,1,0,20140115,NOP,HOU
Shot Chart Detail,0021300572,297,202718,Chandler Parsons,1610612745,Houston Rockets,3,11,11,Made Shot,Layup Shot,2PT Field Goal,Restricted Area,Center(C),Less Than 8 ft.,1.0,-16.0,9.0,1,1,20140115,NOP,HOU
Shot Chart Detail,0021300572,332,202718,Chandler Parsons,1610612745,Houston Rockets,3,7,18,Missed Shot,Jump Shot,2PT Field Goal,Mid-Range,Right Side(R),8-16 ft.,13.0,125.0,37.0,1,0,20140115,NOP,HOU
Shot Chart Detail,0021300572,402,202718,Chandler Parsons,1610612745,Houston Rockets,3,1,57,Missed Shot,Layup Shot,2PT Field Goal,Restricted Area,Center(C),Less Than 8 ft.,2.0,28.0,3.0,1,0,20140115,NOP,HOU
Shot Chart Detail,0021300572,450,202718,Chandler Parsons,1610612745,Houston Rockets,4,10,33,Missed Shot,Jump Shot,2PT Field Goal,Mid-Range,Left Side(L),16-24 ft.,16.0,-158.0,34.0,1,0,20140115,NOP,HOU
Shot Chart Detail,0021300572,519,202718,Chandler Parsons,1610612745,Houston Rockets,4,5,17,Missed Shot,Jump Shot,2PT Field Goal,In The Paint (Non-RA),Center(C),Less Than 8 ft.,4.0,43.0,7.0,1,0,20140115,NOP,HOU
Shot Chart Detail,0021300572,570,202718,Chandler Parsons,1610612745,Houston Rockets,4,1,33,Made Shot,Jump Shot,2PT Field Goal,In The Paint (Non-RA),Right Side(R),8-16 ft.,12.0,61.0,105.0,1,1,20140115,NOP,HOU
Shot Chart Detail,0021300580,24,202718,Chandler Parsons,1610612745,Houston Rockets,1,8,59,Missed Shot,Jump Shot,3PT Field Goal,Right Corner 3,Right Side(R),24+ ft.,23.0,231.0,12.0,1,0,20140116,HOU,OKC
Shot Chart Detail,0021300580,179,202718,Chandler Parsons,1610612745,Houston Rockets,2,7,40,Missed Shot,Jump Shot,2PT Field Goal,In The Paint (Non-RA),Center(C),Less Than 8 ft.,4.0,-41.0,17.0,1,0,20140116,HOU,OKC
Shot Chart Detail,0021300580,202,202718,Chandler Parsons,1610612745,Houston Rockets,2,5,56,Missed Shot,Driving Layup Shot,2PT Field Goal,Restricted Area,Center(C),Less Than 8 ft.,1.0,-11.0,3.0,1,0,20140116,HOU,OKC
Shot Chart Detail,0021300580,217,202718,Chandler Parsons,1610612745,Houston Rockets,2,4,53,Made Shot,Jump Shot,3PT Field Goal,Right Corner 3,Right Side(R),24+ ft.,23.0,231.0,48.0,1,1,20140116,HOU,OKC
Shot Chart Detail,0021300580,236,202718,Chandler Parsons,1610612745,Houston Rockets,2,3,13,Missed Shot,Jump Shot,3PT Field Goal,Above the Break 3,Right Side Center(RC),24+ ft.,24.0,190.0,162.0,1,0,20140116,HOU,OKC
Shot Chart Detail,0021300580,248,202718,Chandler Parsons,1610612745,Houston Rockets,2,2,23,Made Shot,Jump Shot,3PT Field Goal,Above the Break 3,Right Side Center(RC),24+ ft.,24.0,212.0,129.0,1,1,20140116,HOU,OKC
Shot Chart Detail,0021300580,273,202718,Chandler Parsons,1610612745,Houston Rockets,2,0,37,Made Shot,Jump Shot,3PT Field Goal,Above the Break 3,Left Side Center(LC),24+ ft.,24.0,-82.0,231.0,1,1,20140116,HOU,OKC
Shot Chart Detail,0021300580,310,202718,Chandler Parsons,1610612745,Houston Rockets,3,9,43,Missed Shot,Jump Shot,3PT Field Goal,Above the Break 3,Center(C),24+ ft.,25.0,26.0,252.0,1,0,20140116,HOU,OKC
Shot Chart Detail,0021300580,358,202718,Chandler Parsons,1610612745,Houston Rockets,3,5,17,Missed Shot,Jump Shot,3PT Field Goal,Above the Break 3,Center(C),24+ ft.,25.0,70.0,249.0,1,0,20140116,HOU,OKC
Shot Chart Detail,0021300580,378,202718,Chandler Parsons,1610612745,Houston Rockets,3,3,17,Missed Shot,Running Bank shot,2PT Field Goal,In The Paint (Non-RA),Center(C),Less Than 8 ft.,6.0,62.0,31.0,1,0,20140116,HOU,OKC
Shot Chart Detail,0021300580,436,202718,Chandler Parsons,1610612745,Houston Rockets,4,9,0,Missed Shot,Jump Shot,3PT Field Goal,Right Corner 3,Right Side(R),24+ ft.,23.0,233.0,33.0,1,0,20140116,HOU,OKC
Shot Chart Detail,0021300580,475,202718,Chandler Parsons,1610612745,Houston Rockets,4,6,0,Made Shot,Layup Shot,2PT Field Goal,Restricted Area,Center(C),Less Than 8 ft.,1.0,10.0,6.0,1,1,20140116,HOU,OKC
Shot Chart Detail,0021300580,527,202718,Chandler Parsons,1610612745,Houston Rockets,4,1,24,Missed Shot,Jump Shot,3PT Field Goal,Right Corner 3,Right Side(R),24+ ft.,23.0,230.0,19.0,1,0,20140116,HOU,OKC
Shot Chart Detail,0021300597,4,202718,Chandler Parsons,1610612745,Houston Rockets,1,11,35,Made Shot,Driving Layup Shot,2PT Field Goal,Restricted Area,Center(C),Less Than 8 ft.,1.0,-16.0,4.0,1,1,20140118,HOU,MIL
Shot Chart Detail,0021300597,19,202718,Chandler Parsons,1610612745,Houston Rockets,1,10,1,Missed Shot,Reverse Layup Shot,2PT Field Goal,Restricted Area,Center(C),Less Than 8 ft.,2.0,23.0,6.0,1,0,20140118,HOU,MIL
Shot Chart Detail,0021300597,146,202718,Chandler Parsons,1610612745,Houston Rockets,2,9,59,Missed Shot,Layup Shot,2PT Field Goal,Restricted Area,Center(C),Less Than 8 ft.,2.0,23.0,0.0,1,0,20140118,HOU,MIL
Shot Chart Detail,0021300597,261,202718,Chandler Parsons,1610612745,Houston Rockets,2,1,21,Missed Shot,Jump Shot,3PT Field Goal,Above the Break 3,Left Side Center(LC),24+ ft.,24.0,-182.0,165.0,1,0,20140118,HOU,MIL
Shot Chart Detail,0021300597,341,202718,Chandler Parsons,1610612745,Houston Rockets,3,6,33,Missed Shot,Jump Shot,3PT Field Goal,Above the Break 3,Left Side Center(LC),24+ ft.,25.0,-112.0,227.0,1,0,20140118,HOU,MIL
Shot Chart Detail,0021300597,430,202718,Chandler Parsons,1610612745,Houston Rockets,4,9,28,Made Shot,Driving Layup Shot,2PT Field Goal,Restricted Area,Center(C),Less Than 8 ft.,2.0,26.0,4.0,1,1,20140118,HOU,MIL
Shot Chart Detail,0021300597,468,202718,Chandler Parsons,1610612745,Houston Rockets,4,5,54,Made Shot,Jump Shot,3PT Field Goal,Right Corner 3,Right Side(R),24+ ft.,23.0,239.0,-2.0,1,1,20140118,HOU,MIL
Shot Chart Detail,0021300597,482,202718,Chandler Parsons,1610612745,Houston Rockets,4,5,8,Missed Shot,Jump Shot,3PT Field Goal,Above the Break 3,Center(C),24+ ft.,25.0,-27.0,255.0,1,0,20140118,HOU,MIL
Shot Chart Detail,0021300597,504,202718,Chandler Parsons,1610612745,Houston Rockets,4,3,10,Missed Shot,Step Back Jump shot,3PT Field Goal,Above the Break 3,Right Side Center(RC),24+ ft.,25.0,160.0,194.0,1,0,20140118,HOU,MIL
Shot Chart Detail,0021300597,506,202718,Chandler Parsons,1610612745,Houston Rockets,4,2,56,Missed Shot,Jump Shot,2PT Field Goal,Mid-Range,Right Side(R),16-24 ft.,20.0,201.0,1.0,1,0,20140118,HOU,MIL
Shot Chart Detail,0021300614,7,202718,Chandler Parsons,1610612745,Houston Rockets,1,11,19,Made Shot,Driving Layup Shot,2PT Field Goal,Restricted Area,Center(C),Less Than 8 ft.,2.0,21.0,15.0,1,1,20140120,HOU,POR
Shot Chart Detail,0021300614,17,202718,Chandler Parsons,1610612745,Houston Rockets,1,9,50,Made Shot,Jump Shot,2PT Field Goal,Mid-Range,Right Side(R),8-16 ft.,15.0,127.0,91.0,1,1,20140120,HOU,POR
Shot Chart Detail,0021300614,42,202718,Chandler Parsons,1610612745,Houston Rockets,1,7,21,Made Shot,Driving Layup Shot,2PT Field Goal,In The Paint (Non-RA),Center(C),Less Than 8 ft.,4.0,42.0,23.0,1,1,20140120,HOU,POR
Shot Chart Detail,0021300614,50,202718,Chandler Parsons,1610612745,Houston Rockets,1,6,47,Made Shot,Driving Layup Shot,2PT Field Goal,Restricted Area,Center(C),Less Than 8 ft.,2.0,-13.0,20.0,1,1,20140120,HOU,POR
Shot Chart Detail,0021300614,59,202718,Chandler Parsons,1610612745,Houston Rockets,1,6,5,Missed Shot,Driving Layup Shot,2PT Field Goal,Restricted Area,Center(C),Less Than 8 ft.,1.0,13.0,14.0,1,0,20140120,HOU,POR
Shot Chart Detail,0021300614,63,202718,Chandler Parsons,1610612745,Houston Rockets,1,5,27,Made Shot,Floating Jump shot,2PT Field Goal,In The Paint (Non-RA),Center(C),Less Than 8 ft.,5.0,0.0,52.0,1,1,20140120,HOU,POR
Shot Chart Detail,0021300614,123,202718,Chandler Parsons,1610612745,Houston Rockets,2,11,32,Missed Shot,Jump Bank Shot,2PT Field Goal,In The Paint (Non-RA),Center(C),Less Than 8 ft.,4.0,42.0,26.0,1,0,20140120,HOU,POR
Shot Chart Detail,0021300614,168,202718,Chandler Parsons,1610612745,Houston Rockets,2,7,51,Made Shot,Jump Shot,3PT Field Goal,Left Corner 3,Left Side(L),24+ ft.,23.0,-235.0,-5.0,1,1,20140120,HOU,POR
Shot Chart Detail,0021300614,170,202718,Chandler Parsons,1610612745,Houston Rockets,2,7,20,Made Shot,Running Dunk Shot,2PT Field Goal,Restricted Area,Center(C),Less Than 8 ft.,1.0,1.0,17.0,1,1,20140120,HOU,POR
Shot Chart Detail,0021300614,183,202718,Chandler Parsons,1610612745,Houston Rockets,2,5,51,Made Shot,Layup Shot,2PT Field Goal,Restricted Area,Center(C),Less Than 8 ft.,2.0,21.0,11.0,1,1,20140120,HOU,POR
Shot Chart Detail,0021300614,218,202718,Chandler Parsons,1610612745,Houston Rockets,2,2,38,Missed Shot,Running Jump Shot,2PT Field Goal,In The Paint (Non-RA),Center(C),Less Than 8 ft.,4.0,-5.0,48.0,1,0,20140120,HOU,POR
Shot Chart Detail,0021300614,308,202718,Chandler Parsons,1610612745,Houston Rockets,3,7,40,Missed Shot,Jump Shot,3PT Field Goal,Above the Break 3,Right Side Center(RC),24+ ft.,26.0,130.0,233.0,1,0,20140120,HOU,POR
Shot Chart Detail,0021300614,310,202718,Chandler Parsons,1610612745,Houston Rockets,3,7,35,Missed Shot,Layup Shot,2PT Field Goal,Restricted Area,Center(C),Less Than 8 ft.,2.0,21.0,15.0,1,0,20140120,HOU,POR
Shot Chart Detail,0021300614,315,202718,Chandler Parsons,1610612745,Houston Rockets,3,7,12,Made Shot,Driving Layup Shot,2PT Field Goal,Restricted Area,Center(C),Less Than 8 ft.,2.0,-18.0,12.0,1,1,20140120,HOU,POR
Shot Chart Detail,0021300614,318,202718,Chandler Parsons,1610612745,Houston Rockets,3,6,45,Made Shot,Jump Shot,3PT Field Goal,Above the Break 3,Center(C),24+ ft.,26.0,-76.0,257.0,1,1,20140120,HOU,POR
Shot Chart Detail,0021300614,450,202718,Chandler Parsons,1610612745,Houston Rockets,4,10,49,Made Shot,Floating Jump shot,2PT Field Goal,In The Paint (Non-RA),Center(C),8-16 ft.,10.0,43.0,93.0,1,1,20140120,HOU,POR
Shot Chart Detail,0021300614,453,202718,Chandler Parsons,1610612745,Houston Rockets,4,10,18,Missed Shot,Jump Bank Shot,2PT Field Goal,Mid-Range,Left Side(L),8-16 ft.,10.0,-84.0,61.0,1,0,20140120,HOU,POR
Shot Chart Detail,0021300614,504,202718,Chandler Parsons,1610612745,Houston Rockets,4,5,52,Missed Shot,Jump Shot,3PT Field Goal,Left Corner 3,Left Side(L),24+ ft.,22.0,-228.0,-2.0,1,0,20140120,HOU,POR
Shot Chart Detail,0021300614,523,202718,Chandler Parsons,1610612745,Houston Rockets,4,4,6,Made Shot,Jump Shot,3PT Field Goal,Above the Break 3,Right Side Center(RC),24+ ft.,24.0,203.0,142.0,1,1,20140120,HOU,POR
Shot Chart Detail,0021300627,2,202718,Chandler Parsons,1610612745,Houston Rockets,1,11,46,Missed Shot,Jump Shot,3PT Field Goal,Above the Break 3,Left Side Center(LC),24+ ft.,25.0,-141.0,213.0,1,0,20140122,HOU,SAC
Shot Chart Detail,0021300627,44,202718,Chandler Parsons,1610612745,Houston Rockets,1,8,18,Missed Shot,Jump Shot,3PT Field Goal,Above the Break 3,Left Side Center(LC),24+ ft.,25.0,-123.0,219.0,1,0,20140122,HOU,SAC
Shot Chart Detail,0021300627,74,202718,Chandler Parsons,1610612745,Houston Rockets,1,5,5,Made Shot,Fadeaway Jump Shot,2PT Field Goal,In The Paint (Non-RA),Center(C),8-16 ft.,9.0,37.0,91.0,1,1,20140122,HOU,SAC
Shot Chart Detail,0021300627,84,202718,Chandler Parsons,1610612745,Houston Rockets,1,4,11,Missed Shot,Jump Shot,2PT Field Goal,In The Paint (Non-RA),Right Side(R),8-16 ft.,8.0,70.0,48.0,1,0,20140122,HOU,SAC
Shot Chart Detail,0021300627,177,202718,Chandler Parsons,1610612745,Houston Rockets,2,8,44,Made Shot,Dunk Shot,2PT Field Goal,Restricted Area,Center(C),Less Than 8 ft.,0.0,0.0,3.0,1,1,20140122,HOU,SAC
Shot Chart Detail,0021300627,186,202718,Chandler Parsons,1610612745,Houston Rockets,2,7,41,Missed Shot,Driving Layup Shot,2PT Field Goal,In The Paint (Non-RA),Center(C),Less Than 8 ft.,4.0,-35.0,29.0,1,0,20140122,HOU,SAC
Shot Chart Detail,0021300627,259,202718,Chandler Parsons,1610612745,Houston Rockets,2,2,52,Made Shot,Jump Shot,3PT Field Goal,Above the Break 3,Right Side Center(RC),24+ ft.,25.0,124.0,219.0,1,1,20140122,HOU,SAC
Shot Chart Detail,0021300627,315,202718,Chandler Parsons,1610612745,Houston Rockets,3,11,35,Missed Shot,Layup Shot,2PT Field Goal,Restricted Area,Center(C),Less Than 8 ft.,3.0,32.0,20.0,1,0,20140122,HOU,SAC
Shot Chart Detail,0021300627,346,202718,Chandler Parsons,1610612745,Houston Rockets,3,9,3,Made Shot,Jump Shot,3PT Field Goal,Above the Break 3,Left Side Center(LC),24+ ft.,24.0,-103.0,225.0,1,1,20140122,HOU,SAC
Shot Chart Detail,0021300627,352,202718,Chandler Parsons,1610612745,Houston Rockets,3,8,19,Missed Shot,Driving Layup Shot,2PT Field Goal,Restricted Area,Center(C),Less Than 8 ft.,1.0,-10.0,4.0,1,0,20140122,HOU,SAC
Shot Chart Detail,0021300627,381,202718,Chandler Parsons,1610612745,Houston Rockets,3,6,36,Made Shot,Jump Shot,3PT Field Goal,Above the Break 3,Right Side Center(RC),24+ ft.,24.0,152.0,198.0,1,1,20140122,HOU,SAC
Shot Chart Detail,0021300627,414,202718,Chandler Parsons,1610612745,Houston Rockets,3,4,9,Missed Shot,Jump Shot,3PT Field Goal,Above the Break 3,Center(C),24+ ft.,26.0,-65.0,254.0,1,0,20140122,HOU,SAC
Shot Chart Detail,0021300627,447,202718,Chandler Parsons,1610612745,Houston Rockets,3,2,22,Missed Shot,Jump Shot,3PT Field Goal,Left Corner 3,Left Side(L),24+ ft.,23.0,-226.0,50.0,1,0,20140122,HOU,SAC
Shot Chart Detail,0021300627,502,202718,Chandler Parsons,1610612745,Houston Rockets,4,11,1,Made Shot,Running Jump Shot,2PT Field Goal,In The Paint (Non-RA),Center(C),8-16 ft.,9.0,12.0,99.0,1,1,20140122,HOU,SAC
Shot Chart Detail,0021300627,509,202718,Chandler Parsons,1610612745,Houston Rockets,4,10,32,Made Shot,Jump Shot,2PT Field Goal,In The Paint (Non-RA),Center(C),Less Than 8 ft.,7.0,-8.0,77.0,1,1,20140122,HOU,SAC
Shot Chart Detail,0021300642,40,202718,Chandler Parsons,1610612745,Houston Rockets,1,7,5,Made Shot,Fadeaway Jump Shot,2PT Field Goal,Mid-Range,Left Side(L),8-16 ft.,15.0,-105.0,112.0,1,1,20140124,HOU,MEM
Shot Chart Detail,0021300642,45,202718,Chandler Parsons,1610612745,Houston Rockets,1,5,53,Missed Shot,Jump Shot,3PT Field Goal,Above the Break 3,Center(C),24+ ft.,25.0,15.0,257.0,1,0,20140124,HOU,MEM
Shot Chart Detail,0021300642,135,202718,Chandler Parsons,1610612745,Houston Rockets,2,9,0,Missed Shot,Jump Shot,3PT Field Goal,Above the Break 3,Right Side Center(RC),24+ ft.,25.0,209.0,142.0,1,0,20140124,HOU,MEM
Shot Chart Detail,0021300642,150,202718,Chandler Parsons,1610612745,Houston Rockets,2,7,40,Missed Shot,Driving Layup Shot,2PT Field Goal,Restricted Area,Center(C),Less Than 8 ft.,2.0,24.0,0.0,1,0,20140124,HOU,MEM
Shot Chart Detail,0021300642,200,202718,Chandler Parsons,1610612745,Houston Rockets,2,2,15,Missed Shot,Jump Shot,3PT Field Goal,Above the Break 3,Left Side Center(LC),24+ ft.,25.0,-131.0,224.0,1,0,20140124,HOU,MEM
Shot Chart Detail,0021300642,246,202718,Chandler Parsons,1610612745,Houston Rockets,3,11,11,Made Shot,Jump Shot,3PT Field Goal,Right Corner 3,Right Side(R),24+ ft.,23.0,230.0,4.0,1,1,20140124,HOU,MEM
Shot Chart Detail,0021300642,255,202718,Chandler Parsons,1610612745,Houston Rockets,3,10,3,Made Shot,Jump Shot,3PT Field Goal,Above the Break 3,Right Side Center(RC),24+ ft.,25.0,223.0,123.0,1,1,20140124,HOU,MEM
Shot Chart Detail,0021300642,280,202718,Chandler Parsons,1610612745,Houston Rockets,3,7,38,Made Shot,Step Back Jump shot,3PT Field Goal,Above the Break 3,Center(C),24+ ft.,25.0,-2.0,254.0,1,1,20140124,HOU,MEM
Shot Chart Detail,0021300642,342,202718,Chandler Parsons,1610612745,Houston Rockets,3,1,50,Made Shot,Jump Shot,3PT Field Goal,Above the Break 3,Right Side Center(RC),24+ ft.,27.0,121.0,252.0,1,1,20140124,HOU,MEM
Shot Chart Detail,0021300642,350,202718,Chandler Parsons,1610612745,Houston Rockets,3,1,14,Made Shot,Jump Shot,3PT Field Goal,Above the Break 3,Center(C),24+ ft.,27.0,-26.0,276.0,1,1,20140124,HOU,MEM
Shot Chart Detail,0021300642,354,202718,Chandler Parsons,1610612745,Houston Rockets,3,0,37,Made Shot,Jump Shot,3PT Field Goal,Above the Break 3,Left Side Center(LC),24+ ft.,25.0,-133.0,213.0,1,1,20140124,HOU,MEM
Shot Chart Detail,0021300642,377,202718,Chandler Parsons,1610612745,Houston Rockets,4,10,5,Made Shot,Jump Shot,3PT Field Goal,Above the Break 3,Right Side Center(RC),24+ ft.,25.0,222.0,129.0,1,1,20140124,HOU,MEM
Shot Chart Detail,0021300642,406,202718,Chandler Parsons,1610612745,Houston Rockets,4,7,26,Made Shot,Jump Shot,3PT Field Goal,Above the Break 3,Center(C),24+ ft.,27.0,28.0,271.0,1,1,20140124,HOU,MEM
Shot Chart Detail,0021300642,436,202718,Chandler Parsons,1610612745,Houston Rockets,4,4,23,Made Shot,Jump Shot,3PT Field Goal,Above the Break 3,Right Side Center(RC),24+ ft.,27.0,215.0,172.0,1,1,20140124,HOU,MEM
Shot Chart Detail,0021300642,468,202718,Chandler Parsons,1610612745,Houston Rockets,4,1,51,Made Shot,Jump Shot,3PT Field Goal,Above the Break 3,Right Side Center(RC),24+ ft.,28.0,173.0,222.0,1,1,20140124,HOU,MEM
Shot Chart Detail,0021300642,471,202718,Chandler Parsons,1610612745,Houston Rockets,4,1,13,Missed Shot,Jump Shot,3PT Field Goal,Above the Break 3,Center(C),24+ ft.,30.0,-40.0,298.0,1,0,20140124,HOU,MEM
Shot Chart Detail,0021300642,484,202718,Chandler Parsons,1610612745,Houston Rockets,4,0,31,Missed Shot,Running Jump Shot,2PT Field Goal,In The Paint (Non-RA),Center(C),Less Than 8 ft.,7.0,78.0,-11.0,1,0,20140124,HOU,MEM
Shot Chart Detail,0021300649,14,202718,Chandler Parsons,1610612745,Houston Rockets,1,9,54,Missed Shot,Jump Shot,3PT Field Goal,Above the Break 3,Right Side Center(RC),24+ ft.,26.0,122.0,236.0,1,0,20140125,MEM,HOU
Shot Chart Detail,0021300649,17,202718,Chandler Parsons,1610612745,Houston Rockets,1,9,27,Missed Shot,Jump Shot,2PT Field Goal,In The Paint (Non-RA),Center(C),Less Than 8 ft.,7.0,-67.0,33.0,1,0,20140125,MEM,HOU
Shot Chart Detail,0021300649,21,202718,Chandler Parsons,1610612745,Houston Rockets,1,8,50,Missed Shot,Driving Layup Shot,2PT Field Goal,Restricted Area,Center(C),Less Than 8 ft.,1.0,-18.0,0.0,1,0,20140125,MEM,HOU
Shot Chart Detail,0021300649,101,202718,Chandler Parsons,1610612745,Houston Rockets,1,0,41,Made Shot,Driving Layup Shot,2PT Field Goal,Restricted Area,Center(C),Less Than 8 ft.,2.0,-5.0,23.0,1,1,20140125,MEM,HOU
Shot Chart Detail,0021300649,122,202718,Chandler Parsons,1610612745,Houston Rockets,2,10,54,Made Shot,Jump Shot,3PT Field Goal,Above the Break 3,Right Side Center(RC),24+ ft.,26.0,103.0,241.0,1,1,20140125,MEM,HOU
Shot Chart Detail,0021300649,125,202718,Chandler Parsons,1610612745,Houston Rockets,2,10,28,Missed Shot,Jump Shot,3PT Field Goal,Above the Break 3,Right Side Center(RC),24+ ft.,25.0,185.0,179.0,1,0,20140125,MEM,HOU
Shot Chart Detail,0021300649,145,202718,Chandler Parsons,1610612745,Houston Rockets,2,7,45,Made Shot,Pullup Jump shot,2PT Field Goal,Mid-Range,Center(C),16-24 ft.,19.0,-10.0,195.0,1,1,20140125,MEM,HOU
Shot Chart Detail,0021300649,180,202718,Chandler Parsons,1610612745,Houston Rockets,2,5,24,Missed Shot,Jump Shot,3PT Field Goal,Above the Break 3,Left Side Center(LC),24+ ft.,24.0,-116.0,220.0,1,0,20140125,MEM,HOU
Shot Chart Detail,0021300649,186,202718,Chandler Parsons,1610612745,Houston Rockets,2,4,37,Made Shot,Jump Shot,2PT Field Goal,Mid-Range,Center(C),16-24 ft.,19.0,1.0,190.0,1,1,20140125,MEM,HOU
Shot Chart Detail,0021300649,247,202718,Chandler Parsons,1610612745,Houston Rockets,3,11,30,Missed Shot,Reverse Layup Shot,2PT Field Goal,Restricted Area,Center(C),Less Than 8 ft.,1.0,-7.0,11.0,1,0,20140125,MEM,HOU
Shot Chart Detail,0021300649,268,202718,Chandler Parsons,1610612745,Houston Rockets,3,9,26,Missed Shot,Jump Shot,2PT Field Goal,In The Paint (Non-RA),Center(C),8-16 ft.,12.0,-56.0,112.0,1,0,20140125,MEM,HOU
Shot Chart Detail,0021300649,274,202718,Chandler Parsons,1610612745,Houston Rockets,3,9,2,Missed Shot,Layup Shot,2PT Field Goal,Restricted Area,Center(C),Less Than 8 ft.,1.0,13.0,-5.0,1,0,20140125,MEM,HOU
Shot Chart Detail,0021300649,280,202718,Chandler Parsons,1610612745,Houston Rockets,3,8,15,Missed Shot,Jump Shot,2PT Field Goal,Mid-Range,Left Side Center(LC),16-24 ft.,20.0,-114.0,176.0,1,0,20140125,MEM,HOU
Shot Chart Detail,0021300649,328,202718,Chandler Parsons,1610612745,Houston Rockets,3,3,19,Missed Shot,Jump Shot,3PT Field Goal,Left Corner 3,Left Side(L),24+ ft.,23.0,-234.0,14.0,1,0,20140125,MEM,HOU
Shot Chart Detail,0021300649,335,202718,Chandler Parsons,1610612745,Houston Rockets,3,2,35,Missed Shot,Jump Shot,3PT Field Goal,Above the Break 3,Right Side Center(RC),24+ ft.,28.0,157.0,241.0,1,0,20140125,MEM,HOU
Shot Chart Detail,0021300649,427,202718,Chandler Parsons,1610612745,Houston Rockets,4,8,4,Made Shot,Jump Shot,2PT Field Goal,In The Paint (Non-RA),Center(C),8-16 ft.,11.0,56.0,105.0,1,1,20140125,MEM,HOU
Shot Chart Detail,0021300671,3,202718,Chandler Parsons,1610612745,Houston Rockets,1,11,33,Missed Shot,Floating Jump shot,2PT Field Goal,In The Paint (Non-RA),Right Side(R),8-16 ft.,9.0,54.0,75.0,1,0,20140128,HOU,SAS
Shot Chart Detail,0021300671,12,202718,Chandler Parsons,1610612745,Houston Rockets,1,10,9,Missed Shot,Pullup Jump shot,2PT Field Goal,Mid-Range,Left Side(L),8-16 ft.,15.0,-86.0,124.0,1,0,20140128,HOU,SAS
Shot Chart Detail,0021300671,39,202718,Chandler Parsons,1610612745,Houston Rockets,1,7,37,Missed Shot,Driving Layup Shot,2PT Field Goal,Restricted Area,Center(C),Less Than 8 ft.,2.0,-19.0,23.0,1,0,20140128,HOU,SAS
Shot Chart Detail,0021300671,175,202718,Chandler Parsons,1610612745,Houston Rockets,2,8,48,Missed Shot,Layup Shot,2PT Field Goal,Restricted Area,Center(C),Less Than 8 ft.,2.0,23.0,11.0,1,0,20140128,HOU,SAS
Shot Chart Detail,0021300671,232,202718,Chandler Parsons,1610612745,Houston Rockets,2,4,24,Missed Shot,Driving Layup Shot,2PT Field Goal,Restricted Area,Center(C),Less Than 8 ft.,2.0,21.0,3.0,1,0,20140128,HOU,SAS
Shot Chart Detail,0021300671,241,202718,Chandler Parsons,1610612745,Houston Rockets,2,2,32,Missed Shot,Jump Shot,3PT Field Goal,Above the Break 3,Left Side Center(LC),24+ ft.,24.0,-111.0,224.0,1,0,20140128,HOU,SAS
Shot Chart Detail,0021300671,310,202718,Chandler Parsons,1610612745,Houston Rockets,3,8,53,Missed Shot,Floating Jump shot,2PT Field Goal,In The Paint (Non-RA),Left Side(L),8-16 ft.,9.0,-56.0,72.0,1,0,20140128,HOU,SAS
Shot Chart Detail,0021300671,333,202718,Chandler Parsons,1610612745,Houston Rockets,3,7,35,Made Shot,Layup Shot,2PT Field Goal,In The Paint (Non-RA),Center(C),Less Than 8 ft.,4.0,37.0,17.0,1,1,20140128,HOU,SAS
Shot Chart Detail,0021300671,338,202718,Chandler Parsons,1610612745,Houston Rockets,3,6,49,Made Shot,Pullup Jump shot,2PT Field Goal,Mid-Range,Left Side Center(LC),16-24 ft.,16.0,-128.0,110.0,1,1,20140128,HOU,SAS
Shot Chart Detail,0021300671,343,202718,Chandler Parsons,1610612745,Houston Rockets,3,5,55,Made Shot,Driving Slam Dunk Shot,2PT Field Goal,Restricted Area,Center(C),Less Than 8 ft.,1.0,4.0,11.0,1,1,20140128,HOU,SAS
Shot Chart Detail,0021300671,562,202718,Chandler Parsons,1610612745,Houston Rockets,4,2,30,Missed Shot,Pullup Jump shot,3PT Field Goal,Above the Break 3,Center(C),24+ ft.,25.0,48.0,250.0,1,0,20140128,HOU,SAS
Shot Chart Detail,0021300681,5,202718,Chandler Parsons,1610612745,Houston Rockets,1,11,22,Made Shot,Driving Jump shot,2PT Field Goal,In The Paint (Non-RA),Center(C),Less Than 8 ft.,6.0,26.0,55.0,1,1,20140129,DAL,HOU
Shot Chart Detail,0021300681,30,202718,Chandler Parsons,1610612745,Houston Rockets,1,8,52,Missed Shot,Jump Shot,3PT Field Goal,Above the Break 3,Right Side Center(RC),24+ ft.,24.0,179.0,165.0,1,0,20140129,DAL,HOU
Shot Chart Detail,0021300681,51,202718,Chandler Parsons,1610612745,Houston Rockets,1,6,34,Made Shot,Driving Reverse Layup Shot,2PT Field Goal,Restricted Area,Center(C),Less Than 8 ft.,1.0,-8.0,7.0,1,1,20140129,DAL,HOU
Shot Chart Detail,0021300681,72,202718,Chandler Parsons,1610612745,Houston Rockets,1,4,56,Made Shot,Jump Shot,2PT Field Goal,In The Paint (Non-RA),Center(C),8-16 ft.,14.0,-67.0,131.0,1,1,20140129,DAL,HOU
Shot Chart Detail,0021300681,102,202718,Chandler Parsons,1610612745,Houston Rockets,1,2,0,Missed Shot,Dunk Shot,2PT Field Goal,Restricted Area,Center(C),Less Than 8 ft.,1.0,-5.0,9.0,1,0,20140129,DAL,HOU
Shot Chart Detail,0021300681,114,202718,Chandler Parsons,1610612745,Houston Rockets,1,1,39,Made Shot,Driving Layup Shot,2PT Field Goal,Restricted Area,Center(C),Less Than 8 ft.,2.0,-21.0,9.0,1,1,20140129,DAL,HOU
Shot Chart Detail,0021300681,228,202718,Chandler Parsons,1610612745,Houston Rockets,2,4,56,Made Shot,Jump Shot,3PT Field Goal,Left Corner 3,Left Side(L),24+ ft.,23.0,-229.0,33.0,1,1,20140129,DAL,HOU
Shot Chart Detail,0021300681,359,202718,Chandler Parsons,1610612745,Houston Rockets,2,1,39,Missed Shot,Jump Shot,3PT Field Goal,Right Corner 3,Right Side(R),24+ ft.,22.0,227.0,22.0,1,0,20140129,DAL,HOU
Shot Chart Detail,0021300681,306,202718,Chandler Parsons,1610612745,Houston Rockets,3,11,33,Missed Shot,Jump Shot,3PT Field Goal,Above the Break 3,Right Side Center(RC),24+ ft.,25.0,151.0,209.0,1,0,20140129,DAL,HOU
Shot Chart Detail,0021300681,311,202718,Chandler Parsons,1610612745,Houston Rockets,3,11,8,Missed Shot,Jump Shot,3PT Field Goal,Above the Break 3,Left Side Center(LC),24+ ft.,24.0,-128.0,211.0,1,0,20140129,DAL,HOU
Shot Chart Detail,0021300681,334,202718,Chandler Parsons,1610612745,Houston Rockets,3,9,13,Missed Shot,Jump Shot,2PT Field Goal,Mid-Range,Left Side(L),8-16 ft.,15.0,-150.0,48.0,1,0,20140129,DAL,HOU
Shot Chart Detail,0021300681,350,202718,Chandler Parsons,1610612745,Houston Rockets,3,7,46,Made Shot,Fadeaway Jump Shot,2PT Field Goal,In The Paint (Non-RA),Center(C),Less Than 8 ft.,6.0,-43.0,50.0,1,1,20140129,DAL,HOU
Shot Chart Detail,0021300681,366,202718,Chandler Parsons,1610612745,Houston Rockets,3,6,46,Made Shot,Driving Layup Shot,2PT Field Goal,Restricted Area,Center(C),Less Than 8 ft.,2.0,28.0,1.0,1,1,20140129,DAL,HOU
Shot Chart Detail,0021300681,370,202718,Chandler Parsons,1610612745,Houston Rockets,3,6,15,Missed Shot,Layup Shot,2PT Field Goal,Restricted Area,Center(C),Less Than 8 ft.,1.0,-11.0,1.0,1,0,20140129,DAL,HOU
Shot Chart Detail,0021300681,398,202718,Chandler Parsons,1610612745,Houston Rockets,3,3,48,Made Shot,Jump Shot,3PT Field Goal,Above the Break 3,Right Side Center(RC),24+ ft.,24.0,124.0,213.0,1,1,20140129,DAL,HOU
Shot Chart Detail,0021300681,451,202718,Chandler Parsons,1610612745,Houston Rockets,3,0,1,Made Shot,Running Slam Dunk Shot,2PT Field Goal,Restricted Area,Center(C),Less Than 8 ft.,1.0,10.0,-5.0,1,1,20140129,DAL,HOU
Shot Chart Detail,0021300681,617,202718,Chandler Parsons,1610612745,Houston Rockets,4,0,23,Missed Shot,Jump Shot,2PT Field Goal,Mid-Range,Center(C),16-24 ft.,18.0,-8.0,187.0,1,0,20140129,DAL,HOU
Shot Chart Detail,0021300701,2,202718,Chandler Parsons,1610612745,Houston Rockets,1,11,39,Missed Shot,Jump Shot,3PT Field Goal,Above the Break 3,Right Side Center(RC),24+ ft.,24.0,97.0,227.0,1,0,20140201,HOU,CLE
Shot Chart Detail,0021300701,17,202718,Chandler Parsons,1610612745,Houston Rockets,1,9,21,Made Shot,Running Jump Shot,2PT Field Goal,In The Paint (Non-RA),Center(C),Less Than 8 ft.,6.0,-13.0,66.0,1,1,20140201,HOU,CLE
Shot Chart Detail,0021300701,38,202718,Chandler Parsons,1610612745,Houston Rockets,1,7,19,Missed Shot,Alley Oop Dunk Shot,2PT Field Goal,Restricted Area,Center(C),Less Than 8 ft.,3.0,29.0,11.0,1,0,20140201,HOU,CLE
Shot Chart Detail,0021300701,73,202718,Chandler Parsons,1610612745,Houston Rockets,1,3,55,Made Shot,Jump Shot,2PT Field Goal,Mid-Range,Right Side Center(RC),16-24 ft.,18.0,136.0,131.0,1,1,20140201,HOU,CLE
Shot Chart Detail,0021300701,234,202718,Chandler Parsons,1610612745,Houston Rockets,2,1,39,Made Shot,Jump Shot,3PT Field Goal,Above the Break 3,Left Side Center(LC),24+ ft.,25.0,-182.0,176.0,1,1,20140201,HOU,CLE
Shot Chart Detail,0021300701,240,202718,Chandler Parsons,1610612745,Houston Rockets,2,1,0,Missed Shot,Jump Shot,3PT Field Goal,Above the Break 3,Left Side Center(LC),24+ ft.,25.0,-193.0,160.0,1,0,20140201,HOU,CLE
Shot Chart Detail,0021300701,270,202718,Chandler Parsons,1610612745,Houston Rockets,3,9,39,Missed Shot,Jump Shot,3PT Field Goal,Left Corner 3,Left Side(L),24+ ft.,23.0,-235.0,30.0,1,0,20140201,HOU,CLE
Shot Chart Detail,0021300729,6,202718,Chandler Parsons,1610612745,Houston Rockets,1,11,20,Missed Shot,Turnaround Jump Shot,2PT Field Goal,Mid-Range,Left Side(L),8-16 ft.,9.0,-97.0,14.0,1,0,20140205,HOU,PHX
Shot Chart Detail,0021300729,13,202718,Chandler Parsons,1610612745,Houston Rockets,1,10,10,Missed Shot,Floating Jump shot,2PT Field Goal,Mid-Range,Left Side(L),8-16 ft.,10.0,-101.0,14.0,1,0,20140205,HOU,PHX
Shot Chart Detail,0021300729,45,202718,Chandler Parsons,1610612745,Houston Rockets,1,7,46,Made Shot,Jump Shot,3PT Field Goal,Above the Break 3,Right Side Center(RC),24+ ft.,24.0,203.0,134.0,1,1,20140205,HOU,PHX
Shot Chart Detail,0021300729,175,202718,Chandler Parsons,1610612745,Houston Rockets,2,10,10,Missed Shot,Layup Shot,2PT Field Goal,Restricted Area,Center(C),Less Than 8 ft.,1.0,9.0,11.0,1,0,20140205,HOU,PHX
Shot Chart Detail,0021300729,201,202718,Chandler Parsons,1610612745,Houston Rockets,2,7,12,Made Shot,Jump Shot,3PT Field Goal,Above the Break 3,Right Side Center(RC),24+ ft.,24.0,165.0,186.0,1,1,20140205,HOU,PHX
Shot Chart Detail,0021300729,219,202718,Chandler Parsons,1610612745,Houston Rockets,2,5,19,Made Shot,Running Bank shot,2PT Field Goal,Mid-Range,Left Side(L),8-16 ft.,10.0,-101.0,23.0,1,1,20140205,HOU,PHX
Shot Chart Detail,0021300729,249,202718,Chandler Parsons,1610612745,Houston Rockets,2,3,19,Missed Shot,Running Jump Shot,2PT Field Goal,Mid-Range,Right Side(R),8-16 ft.,12.0,83.0,96.0,1,0,20140205,HOU,PHX
Shot Chart Detail,0021300729,303,202718,Chandler Parsons,1610612745,Houston Rockets,3,10,35,Made Shot,Running Bank shot,2PT Field Goal,In The Paint (Non-RA),Center(C),Less Than 8 ft.,7.0,67.0,37.0,1,1,20140205,HOU,PHX
Shot Chart Detail,0021300729,306,202718,Chandler Parsons,1610612745,Houston Rockets,3,10,3,Made Shot,Driving Finger Roll Layup Shot,2PT Field Goal,Restricted Area,Center(C),Less Than 8 ft.,0.0,4.0,0.0,1,1,20140205,HOU,PHX
Shot Chart Detail,0021300729,328,202718,Chandler Parsons,1610612745,Houston Rockets,3,8,4,Made Shot,Jump Shot,3PT Field Goal,Right Corner 3,Right Side(R),24+ ft.,23.0,226.0,63.0,1,1,20140205,HOU,PHX
Shot Chart Detail,0021300729,505,202718,Chandler Parsons,1610612745,Houston Rockets,4,3,46,Made Shot,Layup Shot,2PT Field Goal,Restricted Area,Center(C),Less Than 8 ft.,0.0,1.0,1.0,1,1,20140205,HOU,PHX
Shot Chart Detail,0021300729,568,202718,Chandler Parsons,1610612745,Houston Rockets,4,0,40,Made Shot,Jump Shot,2PT Field Goal,In The Paint (Non-RA),Center(C),8-16 ft.,13.0,-15.0,135.0,1,1,20140205,HOU,PHX
Shot Chart Detail,0021300753,13,202718,Chandler Parsons,1610612745,Houston Rockets,1,10,10,Missed Shot,Jump Shot,3PT Field Goal,Left Corner 3,Left Side(L),24+ ft.,24.0,-240.0,-6.0,1,0,20140208,MIL,HOU
Shot Chart Detail,0021300753,53,202718,Chandler Parsons,1610612745,Houston Rockets,1,6,19,Missed Shot,Jump Shot,3PT Field Goal,Above the Break 3,Left Side Center(LC),24+ ft.,26.0,-169.0,206.0,1,0,20140208,MIL,HOU
Shot Chart Detail,0021300753,64,202718,Chandler Parsons,1610612745,Houston Rockets,1,5,17,Made Shot,Layup Shot,2PT Field Goal,Restricted Area,Center(C),Less Than 8 ft.,0.0,-4.0,9.0,1,1,20140208,MIL,HOU
Shot Chart Detail,0021300753,177,202718,Chandler Parsons,1610612745,Houston Rockets,2,6,17,Made Shot,Jump Shot,3PT Field Goal,Right Corner 3,Right Side(R),24+ ft.,23.0,230.0,1.0,1,1,20140208,MIL,HOU
Shot Chart Detail,0021300753,227,202718,Chandler Parsons,1610612745,Houston Rockets,2,1,49,Missed Shot,Layup Shot,2PT Field Goal,Restricted Area,Center(C),Less Than 8 ft.,0.0,2.0,3.0,1,0,20140208,MIL,HOU
Shot Chart Detail,0021300753,304,202718,Chandler Parsons,1610612745,Houston Rockets,3,4,56,Missed Shot,Jump Shot,2PT Field Goal,In The Paint (Non-RA),Center(C),Less Than 8 ft.,4.0,-27.0,30.0,1,0,20140208,MIL,HOU
Shot Chart Detail,0021300753,425,202718,Chandler Parsons,1610612745,Houston Rockets,4,5,9,Missed Shot,Jump Shot,3PT Field Goal,Above the Break 3,Left Side Center(LC),24+ ft.,26.0,-235.0,129.0,1,0,20140208,MIL,HOU
Shot Chart Detail,0021300753,431,202718,Chandler Parsons,1610612745,Houston Rockets,4,4,11,Made Shot,Jump Shot,3PT Field Goal,Above the Break 3,Left Side Center(LC),24+ ft.,26.0,-199.0,170.0,1,1,20140208,MIL,HOU
Shot Chart Detail,0021300768,6,202718,Chandler Parsons,1610612745,Houston Rockets,1,11,21,Made Shot,Jump Shot,2PT Field Goal,Mid-Range,Right Side Center(RC),16-24 ft.,21.0,88.0,197.0,1,1,20140210,MIN,HOU
Shot Chart Detail,0021300768,71,202718,Chandler Parsons,1610612745,Houston Rockets,1,5,54,Missed Shot,Jump Shot,3PT Field Goal,Above the Break 3,Right Side Center(RC),24+ ft.,25.0,84.0,241.0,1,0,20140210,MIN,HOU
Shot Chart Detail,0021300768,87,202718,Chandler Parsons,1610612745,Houston Rockets,1,4,5,Made Shot,Driving Layup Shot,2PT Field Goal,Restricted Area,Center(C),Less Than 8 ft.,1.0,-2.0,17.0,1,1,20140210,MIN,HOU
Shot Chart Detail,0021300768,106,202718,Chandler Parsons,1610612745,Houston Rockets,1,2,57,Missed Shot,Jump Shot,3PT Field Goal,Right Corner 3,Right Side(R),24+ ft.,23.0,223.0,85.0,1,0,20140210,MIN,HOU
Shot Chart Detail,0021300768,110,202718,Chandler Parsons,1610612745,Houston Rockets,1,2,45,Made Shot,Slam Dunk Shot,2PT Field Goal,Restricted Area,Center(C),Less Than 8 ft.,0.0,6.0,1.0,1,1,20140210,MIN,HOU
Shot Chart Detail,0021300768,181,202718,Chandler Parsons,1610612745,Houston Rockets,2,8,27,Made Shot,Layup Shot,2PT Field Goal,Restricted Area,Center(C),Less Than 8 ft.,1.0,10.0,9.0,1,1,20140210,MIN,HOU
Shot Chart Detail,0021300768,221,202718,Chandler Parsons,1610612745,Houston Rockets,2,4,8,Made Shot,Running Finger Roll Layup Shot,2PT Field Goal,Restricted Area,Center(C),Less Than 8 ft.,1.0,10.0,11.0,1,1,20140210,MIN,HOU
Shot Chart Detail,0021300768,234,202718,Chandler Parsons,1610612745,Houston Rockets,2,2,54,Missed Shot,Jump Shot,2PT Field Goal,Mid-Range,Right Side Center(RC),16-24 ft.,19.0,103.0,167.0,1,0,20140210,MIN,HOU
Shot Chart Detail,0021300768,417,202718,Chandler Parsons,1610612745,Houston Rockets,4,10,57,Missed Shot,Jump Shot,2PT Field Goal,Mid-Range,Left Side Center(LC),16-24 ft.,19.0,-101.0,170.0,1,0,20140210,MIN,HOU
Shot Chart Detail,0021300768,424,202718,Chandler Parsons,1610612745,Houston Rockets,4,10,13,Made Shot,Layup Shot,2PT Field Goal,Restricted Area,Center(C),Less Than 8 ft.,0.0,0.0,3.0,1,1,20140210,MIN,HOU
Shot Chart Detail,0021300768,433,202718,Chandler Parsons,1610612745,Houston Rockets,4,8,55,Made Shot,Layup Shot,2PT Field Goal,Restricted Area,Center(C),Less Than 8 ft.,1.0,9.0,15.0,1,1,20140210,MIN,HOU
Shot Chart Detail,0021300768,459,202718,Chandler Parsons,1610612745,Houston Rockets,4,6,24,Made Shot,Dunk Shot,2PT Field Goal,Restricted Area,Center(C),Less Than 8 ft.,0.0,0.0,9.0,1,1,20140210,MIN,HOU
Shot Chart Detail,0021300768,461,202718,Chandler Parsons,1610612745,Houston Rockets,4,5,56,Missed Shot,Layup Shot,2PT Field Goal,Restricted Area,Center(C),Less Than 8 ft.,0.0,-5.0,4.0,1,0,20140210,MIN,HOU
Shot Chart Detail,0021300768,499,202718,Chandler Parsons,1610612745,Houston Rockets,4,1,44,Made Shot,Driving Layup Shot,2PT Field Goal,Restricted Area,Center(C),Less Than 8 ft.,0.0,-4.0,-8.0,1,1,20140210,MIN,HOU
Shot Chart Detail,0021300784,6,202718,Chandler Parsons,1610612745,Houston Rockets,1,11,8,Missed Shot,Layup Shot,2PT Field Goal,Restricted Area,Center(C),Less Than 8 ft.,1.0,-18.0,7.0,1,0,20140212,HOU,WAS
Shot Chart Detail,0021300784,7,202718,Chandler Parsons,1610612745,Houston Rockets,1,11,6,Made Shot,Tip Shot,2PT Field Goal,Restricted Area,Center(C),Less Than 8 ft.,0.0,0.0,-5.0,1,1,20140212,HOU,WAS
Shot Chart Detail,0021300784,66,202718,Chandler Parsons,1610612745,Houston Rockets,1,6,9,Made Shot,Layup Shot,2PT Field Goal,Restricted Area,Center(C),Less Than 8 ft.,2.0,-21.0,4.0,1,1,20140212,HOU,WAS
Shot Chart Detail,0021300784,85,202718,Chandler Parsons,1610612745,Houston Rockets,1,4,22,Missed Shot,Layup Shot,2PT Field Goal,Restricted Area,Center(C),Less Than 8 ft.,2.0,-11.0,25.0,1,0,20140212,HOU,WAS
Shot Chart Detail,0021300784,86,202718,Chandler Parsons,1610612745,Houston Rockets,1,4,20,Missed Shot,Tip Shot,2PT Field Goal,Restricted Area,Center(C),Less Than 8 ft.,2.0,-23.0,14.0,1,0,20140212,HOU,WAS
Shot Chart Detail,0021300784,91,202718,Chandler Parsons,1610612745,Houston Rockets,1,4,12,Missed Shot,Jump Shot,2PT Field Goal,Restricted Area,Center(C),Less Than 8 ft.,3.0,28.0,14.0,1,0,20140212,HOU,WAS
Shot Chart Detail,0021300784,247,202718,Chandler Parsons,1610612745,Houston Rockets,2,1,51,Made Shot,Jump Shot,3PT Field Goal,Above the Break 3,Center(C),24+ ft.,26.0,10.0,261.0,1,1,20140212,HOU,WAS
Shot Chart Detail,0021300784,313,202718,Chandler Parsons,1610612745,Houston Rockets,3,11,31,Made Shot,Running Jump Shot,2PT Field Goal,In The Paint (Non-RA),Center(C),Less Than 8 ft.,6.0,-49.0,45.0,1,1,20140212,HOU,WAS
Shot Chart Detail,0021300784,331,202718,Chandler Parsons,1610612745,Houston Rockets,3,10,6,Missed Shot,Jump Shot,3PT Field Goal,Above the Break 3,Left Side Center(LC),24+ ft.,24.0,-108.0,225.0,1,0,20140212,HOU,WAS
Shot Chart Detail,0021300784,383,202718,Chandler Parsons,1610612745,Houston Rockets,3,5,32,Made Shot,Jump Shot,2PT Field Goal,Restricted Area,Center(C),Less Than 8 ft.,3.0,26.0,15.0,1,1,20140212,HOU,WAS
Shot Chart Detail,0021300784,457,202718,Chandler Parsons,1610612745,Houston Rockets,4,11,3,Missed Shot,Pullup Jump shot,2PT Field Goal,Mid-Range,Center(C),16-24 ft.,19.0,9.0,190.0,1,0,20140212,HOU,WAS
Shot Chart Detail,0021300784,461,202718,Chandler Parsons,1610612745,Houston Rockets,4,10,36,Made Shot,Driving Layup Shot,2PT Field Goal,Restricted Area,Center(C),Less Than 8 ft.,2.0,-23.0,7.0,1,1,20140212,HOU,WAS
Shot Chart Detail,0021300784,476,202718,Chandler Parsons,1610612745,Houston Rockets,4,8,54,Missed Shot,Fadeaway Jump Shot,2PT Field Goal,In The Paint (Non-RA),Center(C),Less Than 8 ft.,6.0,-64.0,26.0,1,0,20140212,HOU,WAS
Shot Chart Detail,0021300784,518,202718,Chandler Parsons,1610612745,Houston Rockets,4,4,49,Made Shot,Jump Shot,3PT Field Goal,Above the Break 3,Left Side Center(LC),24+ ft.,24.0,-127.0,213.0,1,1,20140212,HOU,WAS
Shot Chart Detail,0021300784,574,202718,Chandler Parsons,1610612745,Houston Rockets,4,0,53,Missed Shot,Jump Shot,3PT Field Goal,Above the Break 3,Left Side Center(LC),24+ ft.,25.0,-155.0,197.0,1,0,20140212,HOU,WAS
Shot Chart Detail,0021300811,30,202718,Chandler Parsons,1610612745,Houston Rockets,1,8,57,Made Shot,Running Hook Shot,2PT Field Goal,In The Paint (Non-RA),Center(C),Less Than 8 ft.,5.0,-4.0,58.0,1,1,20140219,LAL,HOU
Shot Chart Detail,0021300811,46,202718,Chandler Parsons,1610612745,Houston Rockets,1,6,57,Missed Shot,Jump Shot,2PT Field Goal,Restricted Area,Center(C),Less Than 8 ft.,3.0,-32.0,4.0,1,0,20140219,LAL,HOU
Shot Chart Detail,0021300811,51,202718,Chandler Parsons,1610612745,Houston Rockets,1,6,20,Missed Shot,Jump Shot,2PT Field Goal,Restricted Area,Center(C),Less Than 8 ft.,3.0,21.0,30.0,1,0,20140219,LAL,HOU
Shot Chart Detail,0021300811,61,202718,Chandler Parsons,1610612745,Houston Rockets,1,5,31,Made Shot,Driving Layup Shot,2PT Field Goal,Restricted Area,Center(C),Less Than 8 ft.,2.0,18.0,22.0,1,1,20140219,LAL,HOU
Shot Chart Detail,0021300811,83,202718,Chandler Parsons,1610612745,Houston Rockets,1,3,44,Missed Shot,Jump Shot,2PT Field Goal,Mid-Range,Right Side Center(RC),16-24 ft.,20.0,121.0,162.0,1,0,20140219,LAL,HOU
Shot Chart Detail,0021300811,104,202718,Chandler Parsons,1610612745,Houston Rockets,1,1,56,Made Shot,Jump Shot,3PT Field Goal,Left Corner 3,Left Side(L),24+ ft.,23.0,-237.0,11.0,1,1,20140219,LAL,HOU
Shot Chart Detail,0021300811,106,202718,Chandler Parsons,1610612745,Houston Rockets,1,1,42,Made Shot,Driving Dunk Shot,2PT Field Goal,Restricted Area,Center(C),Less Than 8 ft.,2.0,6.0,25.0,1,1,20140219,LAL,HOU
Shot Chart Detail,0021300811,124,202718,Chandler Parsons,1610612745,Houston Rockets,1,0,24,Missed Shot,Layup Shot,2PT Field Goal,Restricted Area,Center(C),Less Than 8 ft.,2.0,4.0,23.0,1,0,20140219,LAL,HOU
Shot Chart Detail,0021300811,241,202718,Chandler Parsons,1610612745,Houston Rockets,2,2,41,Made Shot,Jump Shot,3PT Field Goal,,,,,,,1,1,20140219,LAL,HOU
Shot Chart Detail,0021300811,273,202718,Chandler Parsons,1610612745,Houston Rockets,2,0,29,Made Shot,Driving Layup Shot,2PT Field Goal,Restricted Area,Center(C),Less Than 8 ft.,3.0,12.0,33.0,1,1,20140219,LAL,HOU
Shot Chart Detail,0021300811,330,202718,Chandler Parsons,1610612745,Houston Rockets,3,6,56,Missed Shot,Jump Shot,3PT Field Goal,Above the Break 3,Left Side Center(LC),24+ ft.,25.0,-150.0,208.0,1,0,20140219,LAL,HOU
Shot Chart Detail,0021300811,354,202718,Chandler Parsons,1610612745,Houston Rockets,3,5,18,Missed Shot,Jump Shot,2PT Field Goal,In The Paint (Non-RA),Center(C),8-16 ft.,15.0,72.0,137.0,1,0,20140219,LAL,HOU
Shot Chart Detail,0021300811,373,202718,Chandler Parsons,1610612745,Houston Rockets,3,2,24,Made Shot,Jump Bank Shot,2PT Field Goal,In The Paint (Non-RA),Center(C),Less Than 8 ft.,5.0,-49.0,31.0,1,1,20140219,LAL,HOU
Shot Chart Detail,0021300811,380,202718,Chandler Parsons,1610612745,Houston Rockets,3,1,45,Made Shot,Fadeaway Jump Shot,2PT Field Goal,Mid-Range,Center(C),16-24 ft.,18.0,-16.0,183.0,1,1,20140219,LAL,HOU
Shot Chart Detail,0021300814,2,202718,Chandler Parsons,1610612745,Houston Rockets,1,11,39,Missed Shot,Jump Shot,2PT Field Goal,Mid-Range,Left Side Center(LC),16-24 ft.,18.0,-65.0,175.0,1,0,20140220,GSW,HOU
Shot Chart Detail,0021300814,6,202718,Chandler Parsons,1610612745,Houston Rockets,1,10,57,Missed Shot,Pullup Jump shot,3PT Field Goal,Above the Break 3,Center(C),24+ ft.,27.0,80.0,260.0,1,0,20140220,GSW,HOU
Shot Chart Detail,0021300814,10,202718,Chandler Parsons,1610612745,Houston Rockets,1,10,39,Made Shot,Pullup Jump shot,3PT Field Goal,Left Corner 3,Left Side(L),24+ ft.,22.0,-229.0,12.0,1,1,20140220,GSW,HOU
Shot Chart Detail,0021300814,18,202718,Chandler Parsons,1610612745,Houston Rockets,1,9,22,Made Shot,Driving Layup Shot,2PT Field Goal,Restricted Area,Center(C),Less Than 8 ft.,2.0,-15.0,22.0,1,1,20140220,GSW,HOU
Shot Chart Detail,0021300814,64,202718,Chandler Parsons,1610612745,Houston Rockets,1,5,40,Missed Shot,Jump Shot,2PT Field Goal,Mid-Range,Right Side(R),8-16 ft.,14.0,94.0,115.0,1,0,20140220,GSW,HOU
Shot Chart Detail,0021300814,83,202718,Chandler Parsons,1610612745,Houston Rockets,1,3,31,Made Shot,Jump Shot,3PT Field Goal,Right Corner 3,Right Side(R),24+ ft.,23.0,237.0,1.0,1,1,20140220,GSW,HOU
Shot Chart Detail,0021300814,175,202718,Chandler Parsons,1610612745,Houston Rockets,2,8,40,Missed Shot,Pullup Jump shot,3PT Field Goal,Above the Break 3,Right Side Center(RC),24+ ft.,27.0,168.0,217.0,1,0,20140220,GSW,HOU
Shot Chart Detail,0021300814,236,202718,Chandler Parsons,1610612745,Houston Rockets,2,3,31,Made Shot,Slam Dunk Shot,2PT Field Goal,Restricted Area,Center(C),Less Than 8 ft.,0.0,-8.0,3.0,1,1,20140220,GSW,HOU
Shot Chart Detail,0021300814,248,202718,Chandler Parsons,1610612745,Houston Rockets,2,2,48,Missed Shot,Jump Shot,2PT Field Goal,In The Paint (Non-RA),Center(C),Less Than 8 ft.,7.0,-56.0,52.0,1,0,20140220,GSW,HOU
Shot Chart Detail,0021300814,269,202718,Chandler Parsons,1610612745,Houston Rockets,2,1,46,Missed Shot,Running Jump Shot,2PT Field Goal,Mid-Range,Left Side(L),8-16 ft.,10.0,-101.0,41.0,1,0,20140220,GSW,HOU
Shot Chart Detail,0021300814,284,202718,Chandler Parsons,1610612745,Houston Rockets,2,0,9,Made Shot,Driving Layup Shot,2PT Field Goal,Restricted Area,Center(C),Less Than 8 ft.,2.0,-8.0,19.0,1,1,20140220,GSW,HOU
Shot Chart Detail,0021300814,307,202718,Chandler Parsons,1610612745,Houston Rockets,3,10,29,Missed Shot,Jump Shot,3PT Field Goal,Above the Break 3,Right Side Center(RC),24+ ft.,25.0,113.0,228.0,1,0,20140220,GSW,HOU
Shot Chart Detail,0021300814,314,202718,Chandler Parsons,1610612745,Houston Rockets,3,9,17,Made Shot,Running Jump Shot,2PT Field Goal,In The Paint (Non-RA),Center(C),8-16 ft.,11.0,39.0,112.0,1,1,20140220,GSW,HOU
Shot Chart Detail,0021300814,387,202718,Chandler Parsons,1610612745,Houston Rockets,3,3,7,Missed Shot,Jump Shot,3PT Field Goal,Left Corner 3,Left Side(L),24+ ft.,23.0,-231.0,12.0,1,0,20140220,GSW,HOU
Shot Chart Detail,0021300814,391,202718,Chandler Parsons,1610612745,Houston Rockets,3,2,59,Missed Shot,Layup Shot,2PT Field Goal,Restricted Area,Center(C),Less Than 8 ft.,2.0,15.0,15.0,1,0,20140220,GSW,HOU
Shot Chart Detail,0021300814,395,202718,Chandler Parsons,1610612745,Houston Rockets,3,2,32,Missed Shot,Jump Shot,2PT Field Goal,In The Paint (Non-RA),Center(C),Less Than 8 ft.,5.0,-48.0,34.0,1,0,20140220,GSW,HOU
Shot Chart Detail,0021300814,458,202718,Chandler Parsons,1610612745,Houston Rockets,4,8,38,Missed Shot,Reverse Layup Shot,2PT Field Goal,Restricted Area,Center(C),Less Than 8 ft.,1.0,6.0,19.0,1,0,20140220,GSW,HOU
Shot Chart Detail,0021300814,466,202718,Chandler Parsons,1610612745,Houston Rockets,4,7,12,Missed Shot,Jump Shot,2PT Field Goal,Restricted Area,Center(C),Less Than 8 ft.,3.0,-30.0,23.0,1,0,20140220,GSW,HOU
Shot Chart Detail,0021300814,512,202718,Chandler Parsons,1610612745,Houston Rockets,4,2,58,Missed Shot,Pullup Jump shot,3PT Field Goal,Above the Break 3,Right Side Center(RC),24+ ft.,26.0,170.0,201.0,1,0,20140220,GSW,HOU
Shot Chart Detail,0021300814,521,202718,Chandler Parsons,1610612745,Houston Rockets,4,2,0,Made Shot,Pullup Jump shot,3PT Field Goal,Above the Break 3,Center(C),24+ ft.,26.0,-68.0,255.0,1,1,20140220,GSW,HOU
Shot Chart Detail,0021300814,523,202718,Chandler Parsons,1610612745,Houston Rockets,4,1,37,Missed Shot,Pullup Jump shot,3PT Field Goal,Above the Break 3,Left Side Center(LC),24+ ft.,24.0,-152.0,198.0,1,0,20140220,GSW,HOU
Shot Chart Detail,0021300814,562,202718,Chandler Parsons,1610612745,Houston Rockets,5,3,6,Made Shot,Floating Jump shot,2PT Field Goal,Mid-Range,Left Side(L),8-16 ft.,8.0,-84.0,22.0,1,1,20140220,GSW,HOU
Shot Chart Detail,0021300814,567,202718,Chandler Parsons,1610612745,Houston Rockets,5,1,46,Missed Shot,Jump Shot,3PT Field Goal,Above the Break 3,Right Side Center(RC),24+ ft.,27.0,99.0,261.0,1,0,20140220,GSW,HOU
Shot Chart Detail,0021300814,579,202718,Chandler Parsons,1610612745,Houston Rockets,5,0,23,Missed Shot,Layup Shot,2PT Field Goal,Restricted Area,Center(C),Less Than 8 ft.,2.0,23.0,12.0,1,0,20140220,GSW,HOU
Shot Chart Detail,0021300838,53,202718,Chandler Parsons,1610612745,Houston Rockets,1,6,20,Made Shot,Layup Shot,2PT Field Goal,Restricted Area,Center(C),Less Than 8 ft.,1.0,15.0,1.0,1,1,20140223,PHX,HOU
Shot Chart Detail,0021300838,90,202718,Chandler Parsons,1610612745,Houston Rockets,1,3,9,Missed Shot,Fadeaway Jump Shot,2PT Field Goal,Mid-Range,Left Side(L),8-16 ft.,15.0,-84.0,126.0,1,0,20140223,PHX,HOU
Shot Chart Detail,0021300838,94,202718,Chandler Parsons,1610612745,Houston Rockets,1,2,47,Missed Shot,Layup Shot,2PT Field Goal,Restricted Area,Center(C),Less Than 8 ft.,2.0,-23.0,9.0,1,0,20140223,PHX,HOU
Shot Chart Detail,0021300838,183,202718,Chandler Parsons,1610612745,Houston Rockets,2,7,1,Made Shot,Driving Jump shot,2PT Field Goal,Restricted Area,Center(C),Less Than 8 ft.,3.0,4.0,31.0,1,1,20140223,PHX,HOU
Shot Chart Detail,0021300838,214,202718,Chandler Parsons,1610612745,Houston Rockets,2,3,45,Missed Shot,Jump Shot,3PT Field Goal,Above the Break 3,Left Side Center(LC),24+ ft.,24.0,-92.0,224.0,1,0,20140223,PHX,HOU
Shot Chart Detail,0021300838,237,202718,Chandler Parsons,1610612745,Houston Rockets,2,2,13,Made Shot,Jump Shot,3PT Field Goal,Right Corner 3,Right Side(R),24+ ft.,23.0,233.0,0.0,1,1,20140223,PHX,HOU
Shot Chart Detail,0021300838,291,202718,Chandler Parsons,1610612745,Houston Rockets,3,9,14,Missed Shot,Jump Shot,2PT Field Goal,Mid-Range,Left Side Center(LC),16-24 ft.,21.0,-100.0,187.0,1,0,20140223,PHX,HOU
Shot Chart Detail,0021300838,341,202718,Chandler Parsons,1610612745,Houston Rockets,3,5,3,Made Shot,Driving Bank shot,2PT Field Goal,Restricted Area,Center(C),Less Than 8 ft.,3.0,-26.0,17.0,1,1,20140223,PHX,HOU
Shot Chart Detail,0021300838,351,202718,Chandler Parsons,1610612745,Houston Rockets,3,3,19,Missed Shot,Jump Shot,2PT Field Goal,In The Paint (Non-RA),Right Side(R),8-16 ft.,9.0,75.0,52.0,1,0,20140223,PHX,HOU
Shot Chart Detail,0021300838,364,202718,Chandler Parsons,1610612745,Houston Rockets,3,2,0,Missed Shot,Jump Shot,3PT Field Goal,Above the Break 3,Right Side Center(RC),24+ ft.,25.0,185.0,172.0,1,0,20140223,PHX,HOU
Shot Chart Detail,0021300838,377,202718,Chandler Parsons,1610612745,Houston Rockets,3,0,35,Made Shot,Putback Layup Shot,2PT Field Goal,Restricted Area,Center(C),Less Than 8 ft.,2.0,4.0,25.0,1,1,20140223,PHX,HOU
Shot Chart Detail,0021300838,381,202718,Chandler Parsons,1610612745,Houston Rockets,3,0,8,Missed Shot,Jump Shot,3PT Field Goal,Above the Break 3,Left Side Center(LC),24+ ft.,24.0,-127.0,209.0,1,0,20140223,PHX,HOU
Shot Chart Detail,0021300852,11,202718,Chandler Parsons,1610612745,Houston Rockets,1,10,27,Missed Shot,Jump Shot,2PT Field Goal,In The Paint (Non-RA),Center(C),Less Than 8 ft.,7.0,1.0,77.0,1,0,20140225,SAC,HOU
Shot Chart Detail,0021300852,40,202718,Chandler Parsons,1610612745,Houston Rockets,1,7,17,Made Shot,Jump Shot,3PT Field Goal,Above the Break 3,Right Side Center(RC),24+ ft.,24.0,138.0,203.0,1,1,20140225,SAC,HOU
Shot Chart Detail,0021300852,78,202718,Chandler Parsons,1610612745,Houston Rockets,1,4,40,Made Shot,Alley Oop Dunk Shot,2PT Field Goal,Restricted Area,Center(C),Less Than 8 ft.,2.0,2.0,20.0,1,1,20140225,SAC,HOU
Shot Chart Detail,0021300852,94,202718,Chandler Parsons,1610612745,Houston Rockets,1,4,11,Missed Shot,Jump Shot,2PT Field Goal,Mid-Range,Center(C),16-24 ft.,17.0,-35.0,173.0,1,0,20140225,SAC,HOU
Shot Chart Detail,0021300852,187,202718,Chandler Parsons,1610612745,Houston Rockets,2,8,59,Missed Shot,Jump Shot,2PT Field Goal,In The Paint (Non-RA),Center(C),Less Than 8 ft.,7.0,-29.0,64.0,1,0,20140225,SAC,HOU
Shot Chart Detail,0021300852,243,202718,Chandler Parsons,1610612745,Houston Rockets,2,2,53,Made Shot,Driving Layup Shot,2PT Field Goal,Restricted Area,Center(C),Less Than 8 ft.,3.0,31.0,14.0,1,1,20140225,SAC,HOU
Shot Chart Detail,0021300852,373,202718,Chandler Parsons,1610612745,Houston Rockets,3,6,25,Missed Shot,Jump Shot,3PT Field Goal,Right Corner 3,Right Side(R),24+ ft.,23.0,234.0,19.0,1,0,20140225,SAC,HOU
Shot Chart Detail,0021300852,380,202718,Chandler Parsons,1610612745,Houston Rockets,3,5,42,Missed Shot,Jump Shot,3PT Field Goal,Above the Break 3,Center(C),24+ ft.,25.0,77.0,241.0,1,0,20140225,SAC,HOU
Shot Chart Detail,0021300862,7,202718,Chandler Parsons,1610612745,Houston Rockets,1,10,50,Missed Shot,Jump Shot,2PT Field Goal,Mid-Range,Center(C),16-24 ft.,19.0,59.0,183.0,1,0,20140226,LAC,HOU
Shot Chart Detail,0021300862,10,202718,Chandler Parsons,1610612745,Houston Rockets,1,10,29,Missed Shot,Jump Shot,3PT Field Goal,Above the Break 3,Right Side Center(RC),24+ ft.,26.0,116.0,242.0,1,0,20140226,LAC,HOU
Shot Chart Detail,0021300862,46,202718,Chandler Parsons,1610612745,Houston Rockets,1,7,30,Missed Shot,Layup Shot,2PT Field Goal,Restricted Area,Center(C),Less Than 8 ft.,2.0,13.0,20.0,1,0,20140226,LAC,HOU
Shot Chart Detail,0021300862,56,202718,Chandler Parsons,1610612745,Houston Rockets,1,6,28,Missed Shot,Jump Shot,2PT Field Goal,In The Paint (Non-RA),Center(C),Less Than 8 ft.,5.0,18.0,53.0,1,0,20140226,LAC,HOU
Shot Chart Detail,0021300862,148,202718,Chandler Parsons,1610612745,Houston Rockets,2,10,13,Missed Shot,Layup Shot,2PT Field Goal,Restricted Area,Center(C),Less Than 8 ft.,2.0,-2.0,23.0,1,0,20140226,LAC,HOU
Shot Chart Detail,0021300862,196,202718,Chandler Parsons,1610612745,Houston Rockets,2,5,35,Missed Shot,Jump Shot,3PT Field Goal,Right Corner 3,Right Side(R),24+ ft.,25.0,248.0,58.0,1,0,20140226,LAC,HOU
Shot Chart Detail,0021300862,277,202718,Chandler Parsons,1610612745,Houston Rockets,3,11,46,Made Shot,Driving Layup Shot,2PT Field Goal,Restricted Area,Center(C),Less Than 8 ft.,2.0,-15.0,20.0,1,1,20140226,LAC,HOU
Shot Chart Detail,0021300862,286,202718,Chandler Parsons,1610612745,Houston Rockets,3,11,9,Missed Shot,Jump Shot,2PT Field Goal,In The Paint (Non-RA),Center(C),Less Than 8 ft.,7.0,54.0,45.0,1,0,20140226,LAC,HOU
Shot Chart Detail,0021300862,302,202718,Chandler Parsons,1610612745,Houston Rockets,3,8,29,Missed Shot,Jump Shot,3PT Field Goal,Left Corner 3,Left Side(L),24+ ft.,23.0,-235.0,-5.0,1,0,20140226,LAC,HOU
Shot Chart Detail,0021300862,326,202718,Chandler Parsons,1610612745,Houston Rockets,3,5,33,Missed Shot,Jump Shot,2PT Field Goal,In The Paint (Non-RA),Center(C),Less Than 8 ft.,4.0,10.0,48.0,1,0,20140226,LAC,HOU
Shot Chart Detail,0021300862,327,202718,Chandler Parsons,1610612745,Houston Rockets,3,5,32,Made Shot,Tip Shot,2PT Field Goal,Restricted Area,Center(C),Less Than 8 ft.,1.0,12.0,15.0,1,1,20140226,LAC,HOU
Shot Chart Detail,0021300862,478,202718,Chandler Parsons,1610612745,Houston Rockets,4,4,19,Missed Shot,Jump Shot,3PT Field Goal,Left Corner 3,Left Side(L),24+ ft.,23.0,-232.0,11.0,1,0,20140226,LAC,HOU
Shot Chart Detail,0021300862,486,202718,Chandler Parsons,1610612745,Houston Rockets,4,3,16,Made Shot,Jump Shot,3PT Field Goal,Above the Break 3,Right Side Center(RC),24+ ft.,27.0,173.0,209.0,1,1,20140226,LAC,HOU
Shot Chart Detail,0021300900,2,202718,Chandler Parsons,1610612745,Houston Rockets,1,11,34,Made Shot,Fadeaway Jump Shot,2PT Field Goal,Mid-Range,Left Side(L),16-24 ft.,18.0,-172.0,77.0,1,1,20140304,HOU,MIA
Shot Chart Detail,0021300900,78,202718,Chandler Parsons,1610612745,Houston Rockets,1,3,42,Missed Shot,Driving Layup Shot,2PT Field Goal,Restricted Area,Center(C),Less Than 8 ft.,1.0,-10.0,9.0,1,0,20140304,HOU,MIA
Shot Chart Detail,0021300900,91,202718,Chandler Parsons,1610612745,Houston Rockets,1,2,28,Made Shot,Driving Layup Shot,2PT Field Goal,Restricted Area,Center(C),Less Than 8 ft.,2.0,-10.0,22.0,1,1,20140304,HOU,MIA
Shot Chart Detail,0021300900,266,202718,Chandler Parsons,1610612745,Houston Rockets,2,1,34,Missed Shot,Jump Shot,3PT Field Goal,Above the Break 3,Right Side Center(RC),24+ ft.,24.0,94.0,230.0,1,0,20140304,HOU,MIA
Shot Chart Detail,0021300900,319,202718,Chandler Parsons,1610612745,Houston Rockets,3,9,7,Missed Shot,Jump Shot,3PT Field Goal,Above the Break 3,Right Side Center(RC),24+ ft.,24.0,147.0,201.0,1,0,20140304,HOU,MIA
Shot Chart Detail,0021300900,324,202718,Chandler Parsons,1610612745,Houston Rockets,3,8,40,Made Shot,Driving Slam Dunk Shot,2PT Field Goal,Restricted Area,Center(C),Less Than 8 ft.,1.0,12.0,3.0,1,1,20140304,HOU,MIA
Shot Chart Detail,0021300900,341,202718,Chandler Parsons,1610612745,Houston Rockets,3,7,6,Made Shot,Jump Shot,2PT Field Goal,Mid-Range,Left Side(L),8-16 ft.,15.0,-152.0,37.0,1,1,20140304,HOU,MIA
Shot Chart Detail,0021300900,344,202718,Chandler Parsons,1610612745,Houston Rockets,3,6,31,Made Shot,Pullup Jump shot,2PT Field Goal,In The Paint (Non-RA),Center(C),8-16 ft.,10.0,-10.0,105.0,1,1,20140304,HOU,MIA
Shot Chart Detail,0021300900,434,202718,Chandler Parsons,1610612745,Houston Rockets,4,10,33,Missed Shot,Jump Shot,3PT Field Goal,Above the Break 3,Right Side Center(RC),24+ ft.,27.0,100.0,252.0,1,0,20140304,HOU,MIA
Shot Chart Detail,0021300900,469,202718,Chandler Parsons,1610612745,Houston Rockets,4,8,0,Missed Shot,Driving Jump shot,2PT Field Goal,In The Paint (Non-RA),Center(C),Less Than 8 ft.,4.0,-18.0,41.0,1,0,20140304,HOU,MIA
Shot Chart Detail,0021300905,10,202718,Chandler Parsons,1610612745,Houston Rockets,1,10,18,Missed Shot,Jump Shot,3PT Field Goal,Above the Break 3,Center(C),24+ ft.,24.0,-65.0,235.0,1,0,20140305,ORL,HOU
Shot Chart Detail,0021300905,117,202718,Chandler Parsons,1610612745,Houston Rockets,2,11,47,Missed Shot,Layup Shot,2PT Field Goal,Restricted Area,Center(C),Less Than 8 ft.,2.0,-21.0,15.0,1,0,20140305,ORL,HOU
Shot Chart Detail,0021300905,120,202718,Chandler Parsons,1610612745,Houston Rockets,2,11,40,Missed Shot,Jump Shot,2PT Field Goal,Mid-Range,Right Side Center(RC),16-24 ft.,18.0,65.0,178.0,1,0,20140305,ORL,HOU
Shot Chart Detail,0021300905,131,202718,Chandler Parsons,1610612745,Houston Rockets,2,11,2,Made Shot,Layup Shot,2PT Field Goal,Restricted Area,Center(C),Less Than 8 ft.,1.0,6.0,9.0,1,1,20140305,ORL,HOU
Shot Chart Detail,0021300905,134,202718,Chandler Parsons,1610612745,Houston Rockets,2,10,36,Made Shot,Jump Shot,3PT Field Goal,Above the Break 3,Left Side Center(LC),24+ ft.,26.0,-142.0,224.0,1,1,20140305,ORL,HOU
Shot Chart Detail,0021300905,150,202718,Chandler Parsons,1610612745,Houston Rockets,2,9,4,Missed Shot,Jump Shot,3PT Field Goal,Above the Break 3,Left Side Center(LC),24+ ft.,25.0,-210.0,149.0,1,0,20140305,ORL,HOU
Shot Chart Detail,0021300905,169,202718,Chandler Parsons,1610612745,Houston Rockets,2,8,9,Made Shot,Floating Jump shot,2PT Field Goal,In The Paint (Non-RA),Center(C),8-16 ft.,13.0,42.0,126.0,1,1,20140305,ORL,HOU
Shot Chart Detail,0021300905,174,202718,Chandler Parsons,1610612745,Houston Rockets,2,7,20,Missed Shot,Jump Bank Shot,2PT Field Goal,Mid-Range,Left Side(L),16-24 ft.,17.0,-149.0,88.0,1,0,20140305,ORL,HOU
Shot Chart Detail,0021300905,176,202718,Chandler Parsons,1610612745,Houston Rockets,2,7,18,Made Shot,Putback Layup Shot,2PT Field Goal,Restricted Area,Center(C),Less Than 8 ft.,1.0,13.0,4.0,1,1,20140305,ORL,HOU
Shot Chart Detail,0021300905,197,202718,Chandler Parsons,1610612745,Houston Rockets,2,5,8,Missed Shot,Pullup Jump shot,3PT Field Goal,Above the Break 3,Right Side Center(RC),24+ ft.,25.0,89.0,236.0,1,0,20140305,ORL,HOU
Shot Chart Detail,0021300905,227,202718,Chandler Parsons,1610612745,Houston Rockets,2,2,24,Made Shot,Jump Shot,3PT Field Goal,Above the Break 3,Left Side Center(LC),24+ ft.,26.0,-123.0,239.0,1,1,20140305,ORL,HOU
Shot Chart Detail,0021300905,233,202718,Chandler Parsons,1610612745,Houston Rockets,2,1,44,Missed Shot,Jump Shot,2PT Field Goal,In The Paint (Non-RA),Left Side(L),8-16 ft.,11.0,-67.0,89.0,1,0,20140305,ORL,HOU
Shot Chart Detail,0021300905,247,202718,Chandler Parsons,1610612745,Houston Rockets,2,1,20,Made Shot,Driving Dunk Shot,2PT Field Goal,Restricted Area,Center(C),Less Than 8 ft.,1.0,4.0,12.0,1,1,20140305,ORL,HOU
Shot Chart Detail,0021300905,251,202718,Chandler Parsons,1610612745,Houston Rockets,2,0,48,Missed Shot,Jump Shot,3PT Field Goal,Above the Break 3,Right Side Center(RC),24+ ft.,25.0,129.0,222.0,1,0,20140305,ORL,HOU
Shot Chart Detail,0021300905,301,202718,Chandler Parsons,1610612745,Houston Rockets,3,6,52,Missed Shot,Driving Layup Shot,2PT Field Goal,Restricted Area,Center(C),Less Than 8 ft.,1.0,6.0,17.0,1,0,20140305,ORL,HOU
Shot Chart Detail,0021300905,311,202718,Chandler Parsons,1610612745,Houston Rockets,3,5,53,Missed Shot,Jump Shot,2PT Field Goal,Mid-Range,Right Side(R),16-24 ft.,19.0,198.0,4.0,1,0,20140305,ORL,HOU
Shot Chart Detail,0021300905,401,202718,Chandler Parsons,1610612745,Houston Rockets,4,9,23,Missed Shot,Running Jump Shot,2PT Field Goal,Mid-Range,Left Side(L),8-16 ft.,11.0,-111.0,26.0,1,0,20140305,ORL,HOU
Shot Chart Detail,0021300905,474,202718,Chandler Parsons,1610612745,Houston Rockets,4,4,26,Missed Shot,Running Jump Shot,2PT Field Goal,In The Paint (Non-RA),Center(C),Less Than 8 ft.,7.0,-12.0,72.0,1,0,20140305,ORL,HOU
Shot Chart Detail,0021300905,471,202718,Chandler Parsons,1610612745,Houston Rockets,4,3,49,Made Shot,Dunk Shot,2PT Field Goal,Restricted Area,Center(C),Less Than 8 ft.,1.0,0.0,14.0,1,1,20140305,ORL,HOU
Shot Chart Detail,0021300905,513,202718,Chandler Parsons,1610612745,Houston Rockets,4,1,32,Made Shot,Driving Layup Shot,2PT Field Goal,Restricted Area,Center(C),Less Than 8 ft.,2.0,-15.0,17.0,1,1,20140305,ORL,HOU
Shot Chart Detail,0021300926,5,202718,Chandler Parsons,1610612745,Houston Rockets,1,11,16,Made Shot,Running Jump Shot,2PT Field Goal,In The Paint (Non-RA),Center(C),8-16 ft.,15.0,69.0,134.0,1,1,20140307,HOU,IND
Shot Chart Detail,0021300926,11,202718,Chandler Parsons,1610612745,Houston Rockets,1,10,0,Made Shot,Driving Layup Shot,2PT Field Goal,Restricted Area,Center(C),Less Than 8 ft.,2.0,21.0,7.0,1,1,20140307,HOU,IND
Shot Chart Detail,0021300926,25,202718,Chandler Parsons,1610612745,Houston Rockets,1,7,51,Missed Shot,Jump Shot,3PT Field Goal,Above the Break 3,Center(C),24+ ft.,27.0,6.0,274.0,1,0,20140307,HOU,IND
Shot Chart Detail,0021300926,31,202718,Chandler Parsons,1610612745,Houston Rockets,1,6,48,Missed Shot,Jump Shot,2PT Field Goal,In The Paint (Non-RA),Center(C),8-16 ft.,13.0,36.0,131.0,1,0,20140307,HOU,IND
Shot Chart Detail,0021300926,32,202718,Chandler Parsons,1610612745,Houston Rockets,1,6,46,Missed Shot,Layup Shot,2PT Field Goal,Restricted Area,Center(C),Less Than 8 ft.,2.0,18.0,15.0,1,0,20140307,HOU,IND
Shot Chart Detail,0021300926,118,202718,Chandler Parsons,1610612745,Houston Rockets,2,8,58,Missed Shot,Pullup Jump shot,3PT Field Goal,Above the Break 3,Center(C),24+ ft.,24.0,-59.0,241.0,1,0,20140307,HOU,IND
Shot Chart Detail,0021300926,136,202718,Chandler Parsons,1610612745,Houston Rockets,2,7,41,Missed Shot,Driving Jump shot,2PT Field Goal,Restricted Area,Center(C),Less Than 8 ft.,3.0,-29.0,19.0,1,0,20140307,HOU,IND
Shot Chart Detail,0021300926,138,202718,Chandler Parsons,1610612745,Houston Rockets,2,7,37,Missed Shot,Putback Layup Shot,2PT Field Goal,Restricted Area,Center(C),Less Than 8 ft.,2.0,20.0,-2.0,1,0,20140307,HOU,IND
Shot Chart Detail,0021300926,240,202718,Chandler Parsons,1610612745,Houston Rockets,3,11,22,Missed Shot,Running Jump Shot,2PT Field Goal,In The Paint (Non-RA),Center(C),Less Than 8 ft.,4.0,12.0,39.0,1,0,20140307,HOU,IND
Shot Chart Detail,0021300926,330,202718,Chandler Parsons,1610612745,Houston Rockets,3,3,52,Made Shot,Jump Shot,3PT Field Goal,Above the Break 3,Right Side Center(RC),24+ ft.,25.0,143.0,214.0,1,1,20140307,HOU,IND
Shot Chart Detail,0021300926,366,202718,Chandler Parsons,1610612745,Houston Rockets,3,0,11,Made Shot,Driving Layup Shot,2PT Field Goal,Restricted Area,Center(C),Less Than 8 ft.,2.0,26.0,0.0,1,1,20140307,HOU,IND
Shot Chart Detail,0021300926,372,202718,Chandler Parsons,1610612745,Houston Rockets,4,11,1,Missed Shot,Jump Shot,3PT Field Goal,Above the Break 3,Right Side Center(RC),24+ ft.,29.0,189.0,220.0,1,0,20140307,HOU,IND
Shot Chart Detail,0021300939,9,202718,Chandler Parsons,1610612745,Houston Rockets,1,11,1,Missed Shot,Jump Shot,2PT Field Goal,Mid-Range,Center(C),8-16 ft.,15.0,-62.0,145.0,1,0,20140309,HOU,POR
Shot Chart Detail,0021300939,59,202718,Chandler Parsons,1610612745,Houston Rockets,1,7,0,Made Shot,Running Jump Shot,2PT Field Goal,In The Paint (Non-RA),Center(C),Less Than 8 ft.,5.0,29.0,52.0,1,1,20140309,HOU,POR
Shot Chart Detail,0021300939,65,202718,Chandler Parsons,1610612745,Houston Rockets,1,6,16,Made Shot,Driving Layup Shot,2PT Field Goal,In The Paint (Non-RA),Center(C),Less Than 8 ft.,4.0,37.0,20.0,1,1,20140309,HOU,POR
Shot Chart Detail,0021300939,87,202718,Chandler Parsons,1610612745,Houston Rockets,1,4,25,Made Shot,Driving Layup Shot,2PT Field Goal,Restricted Area,Center(C),Less Than 8 ft.,0.0,-7.0,6.0,1,1,20140309,HOU,POR
Shot Chart Detail,0021300939,97,202718,Chandler Parsons,1610612745,Houston Rockets,1,3,21,Made Shot,Driving Layup Shot,2PT Field Goal,Restricted Area,Center(C),Less Than 8 ft.,2.0,26.0,3.0,1,1,20140309,HOU,POR
Shot Chart Detail,0021300939,164,202718,Chandler Parsons,1610612745,Houston Rockets,2,9,50,Missed Shot,Jump Shot,2PT Field Goal,Mid-Range,Left Side Center(LC),16-24 ft.,19.0,-131.0,148.0,1,0,20140309,HOU,POR
Shot Chart Detail,0021300939,262,202718,Chandler Parsons,1610612745,Houston Rockets,2,1,54,Missed Shot,Jump Shot,3PT Field Goal,Above the Break 3,Right Side Center(RC),24+ ft.,24.0,136.0,209.0,1,0,20140309,HOU,POR
Shot Chart Detail,0021300939,410,202718,Chandler Parsons,1610612745,Houston Rockets,3,3,22,Made Shot,Running Bank shot,2PT Field Goal,In The Paint (Non-RA),Center(C),Less Than 8 ft.,7.0,-73.0,25.0,1,1,20140309,HOU,POR
Shot Chart Detail,0021300939,424,202718,Chandler Parsons,1610612745,Houston Rockets,3,2,11,Missed Shot,Jump Shot,3PT Field Goal,Above the Break 3,Right Side Center(RC),24+ ft.,25.0,179.0,176.0,1,0,20140309,HOU,POR
Shot Chart Detail,0021300939,477,202718,Chandler Parsons,1610612745,Houston Rockets,4,8,49,Missed Shot,Layup Shot,2PT Field Goal,Restricted Area,Center(C),Less Than 8 ft.,2.0,-16.0,14.0,1,0,20140309,HOU,POR
Shot Chart Detail,0021300939,499,202718,Chandler Parsons,1610612745,Houston Rockets,4,6,47,Missed Shot,Layup Shot,2PT Field Goal,Restricted Area,Center(C),Less Than 8 ft.,1.0,8.0,11.0,1,0,20140309,HOU,POR
Shot Chart Detail,0021300939,501,202718,Chandler Parsons,1610612745,Houston Rockets,4,6,35,Made Shot,Driving Layup Shot,2PT Field Goal,Restricted Area,Center(C),Less Than 8 ft.,1.0,-15.0,1.0,1,1,20140309,HOU,POR
Shot Chart Detail,0021300939,652,202718,Chandler Parsons,1610612745,Houston Rockets,5,4,9,Missed Shot,Jump Shot,3PT Field Goal,Above the Break 3,Center(C),24+ ft.,24.0,-45.0,244.0,1,0,20140309,HOU,POR
Shot Chart Detail,0021300939,661,202718,Chandler Parsons,1610612745,Houston Rockets,5,3,25,Made Shot,Driving Layup Shot,2PT Field Goal,Restricted Area,Center(C),Less Than 8 ft.,1.0,-8.0,9.0,1,1,20140309,HOU,POR
Shot Chart Detail,0021300939,663,202718,Chandler Parsons,1610612745,Houston Rockets,5,3,0,Missed Shot,Driving Layup Shot,2PT Field Goal,Restricted Area,Center(C),Less Than 8 ft.,1.0,-8.0,7.0,1,0,20140309,HOU,POR
Shot Chart Detail,0021300955,18,202718,Chandler Parsons,1610612745,Houston Rockets,1,10,23,Made Shot,Jump Shot,3PT Field Goal,Above the Break 3,Left Side Center(LC),24+ ft.,24.0,-86.0,227.0,1,1,20140311,OKC,HOU
Shot Chart Detail,0021300955,25,202718,Chandler Parsons,1610612745,Houston Rockets,1,9,16,Missed Shot,Jump Shot,3PT Field Goal,Above the Break 3,Left Side Center(LC),24+ ft.,23.0,-217.0,101.0,1,0,20140311,OKC,HOU
Shot Chart Detail,0021300955,80,202718,Chandler Parsons,1610612745,Houston Rockets,1,4,33,Missed Shot,Running Jump Shot,2PT Field Goal,In The Paint (Non-RA),Center(C),8-16 ft.,9.0,37.0,86.0,1,0,20140311,OKC,HOU
Shot Chart Detail,0021300955,207,202718,Chandler Parsons,1610612745,Houston Rockets,2,10,11,Missed Shot,Jump Shot,3PT Field Goal,Above the Break 3,Left Side Center(LC),24+ ft.,23.0,-153.0,184.0,1,0,20140311,OKC,HOU
Shot Chart Detail,0021300955,249,202718,Chandler Parsons,1610612745,Houston Rockets,2,6,59,Made Shot,Turnaround Jump Shot,2PT Field Goal,Mid-Range,Left Side(L),8-16 ft.,13.0,-84.0,105.0,1,1,20140311,OKC,HOU
Shot Chart Detail,0021300955,301,202718,Chandler Parsons,1610612745,Houston Rockets,2,3,0,Made Shot,Driving Layup Shot,2PT Field Goal,Restricted Area,Center(C),Less Than 8 ft.,1.0,-15.0,0.0,1,1,20140311,OKC,HOU
Shot Chart Detail,0021300955,313,202718,Chandler Parsons,1610612745,Houston Rockets,2,2,35,Made Shot,Jump Shot,3PT Field Goal,Left Corner 3,Left Side(L),24+ ft.,22.0,-221.0,4.0,1,1,20140311,OKC,HOU
Shot Chart Detail,0021300955,315,202718,Chandler Parsons,1610612745,Houston Rockets,2,2,4,Missed Shot,Fadeaway Jump Shot,2PT Field Goal,In The Paint (Non-RA),Right Side(R),8-16 ft.,8.0,80.0,7.0,1,0,20140311,OKC,HOU
Shot Chart Detail,0021300955,331,202718,Chandler Parsons,1610612745,Houston Rockets,2,0,46,Missed Shot,Driving Layup Shot,2PT Field Goal,Restricted Area,Center(C),Less Than 8 ft.,2.0,-11.0,22.0,1,0,20140311,OKC,HOU
Shot Chart Detail,0021300955,345,202718,Chandler Parsons,1610612745,Houston Rockets,3,11,1,Missed Shot,Floating Jump shot,2PT Field Goal,In The Paint (Non-RA),Center(C),Less Than 8 ft.,5.0,-8.0,52.0,1,0,20140311,OKC,HOU
Shot Chart Detail,0021300955,386,202718,Chandler Parsons,1610612745,Houston Rockets,3,8,13,Made Shot,Jump Shot,3PT Field Goal,Right Corner 3,Right Side(R),24+ ft.,22.0,222.0,6.0,1,1,20140311,OKC,HOU
Shot Chart Detail,0021300955,447,202718,Chandler Parsons,1610612745,Houston Rockets,3,2,15,Made Shot,Running Bank shot,2PT Field Goal,Restricted Area,Center(C),Less Than 8 ft.,3.0,-32.0,19.0,1,1,20140311,OKC,HOU
Shot Chart Detail,0021300955,471,202718,Chandler Parsons,1610612745,Houston Rockets,4,11,18,Missed Shot,Jump Shot,3PT Field Goal,Above the Break 3,Left Side Center(LC),24+ ft.,25.0,-155.0,198.0,1,0,20140311,OKC,HOU
Shot Chart Detail,0021300955,525,202718,Chandler Parsons,1610612745,Houston Rockets,4,6,15,Missed Shot,Driving Layup Shot,2PT Field Goal,Restricted Area,Center(C),Less Than 8 ft.,2.0,-21.0,9.0,1,0,20140311,OKC,HOU
Shot Chart Detail,0021300955,530,202718,Chandler Parsons,1610612745,Houston Rockets,4,5,39,Missed Shot,Jump Shot,3PT Field Goal,Above the Break 3,Center(C),24+ ft.,23.0,-51.0,233.0,1,0,20140311,OKC,HOU
Shot Chart Detail,0021300955,544,202718,Chandler Parsons,1610612745,Houston Rockets,4,3,58,Missed Shot,Jump Shot,2PT Field Goal,In The Paint (Non-RA),Center(C),Less Than 8 ft.,6.0,56.0,31.0,1,0,20140311,OKC,HOU
Shot Chart Detail,0021300955,596,202718,Chandler Parsons,1610612745,Houston Rockets,4,0,17,Missed Shot,Turnaround Jump Shot,2PT Field Goal,In The Paint (Non-RA),Center(C),Less Than 8 ft.,4.0,-4.0,42.0,1,0,20140311,OKC,HOU
Shot Chart Detail,0021300968,35,202718,Chandler Parsons,1610612745,Houston Rockets,1,7,27,Missed Shot,Jump Shot,2PT Field Goal,Mid-Range,Left Side(L),16-24 ft.,18.0,-166.0,86.0,1,0,20140313,CHI,HOU
Shot Chart Detail,0021300968,40,202718,Chandler Parsons,1610612745,Houston Rockets,1,6,50,Missed Shot,Jump Shot,2PT Field Goal,In The Paint (Non-RA),Center(C),8-16 ft.,11.0,-56.0,99.0,1,0,20140313,CHI,HOU
Shot Chart Detail,0021300968,55,202718,Chandler Parsons,1610612745,Houston Rockets,1,4,31,Missed Shot,Jump Shot,3PT Field Goal,Above the Break 3,Left Side Center(LC),24+ ft.,25.0,-150.0,205.0,1,0,20140313,CHI,HOU
Shot Chart Detail,0021300968,82,202718,Chandler Parsons,1610612745,Houston Rockets,1,2,41,Made Shot,Running Layup Shot,2PT Field Goal,Restricted Area,Center(C),Less Than 8 ft.,1.0,-19.0,-3.0,1,1,20140313,CHI,HOU
Shot Chart Detail,0021300968,131,202718,Chandler Parsons,1610612745,Houston Rockets,2,11,45,Missed Shot,Layup Shot,2PT Field Goal,Restricted Area,Center(C),Less Than 8 ft.,3.0,21.0,25.0,1,0,20140313,CHI,HOU
Shot Chart Detail,0021300968,132,202718,Chandler Parsons,1610612745,Houston Rockets,2,11,43,Missed Shot,Layup Shot,2PT Field Goal,Restricted Area,Center(C),Less Than 8 ft.,2.0,-7.0,23.0,1,0,20140313,CHI,HOU
Shot Chart Detail,0021300968,161,202718,Chandler Parsons,1610612745,Houston Rockets,2,8,26,Missed Shot,Jump Shot,2PT Field Goal,Mid-Range,Center(C),16-24 ft.,21.0,42.0,213.0,1,0,20140313,CHI,HOU
Shot Chart Detail,0021300968,253,202718,Chandler Parsons,1610612745,Houston Rockets,3,10,55,Missed Shot,Running Jump Shot,2PT Field Goal,In The Paint (Non-RA),Center(C),8-16 ft.,13.0,65.0,118.0,1,0,20140313,CHI,HOU
Shot Chart Detail,0021300968,283,202718,Chandler Parsons,1610612745,Houston Rockets,3,6,22,Missed Shot,Jump Shot,2PT Field Goal,In The Paint (Non-RA),Center(C),8-16 ft.,8.0,-16.0,88.0,1,0,20140313,CHI,HOU
Shot Chart Detail,0021300968,286,202718,Chandler Parsons,1610612745,Houston Rockets,3,5,53,Missed Shot,Jump Shot,2PT Field Goal,Mid-Range,Left Side Center(LC),16-24 ft.,23.0,-101.0,208.0,1,0,20140313,CHI,HOU
Shot Chart Detail,0021300968,315,202718,Chandler Parsons,1610612745,Houston Rockets,3,2,20,Missed Shot,Jump Shot,3PT Field Goal,Above the Break 3,Right Side Center(RC),24+ ft.,25.0,84.0,238.0,1,0,20140313,CHI,HOU
Shot Chart Detail,0021300989,4,202718,Chandler Parsons,1610612745,Houston Rockets,1,11,22,Missed Shot,Driving Jump shot,2PT Field Goal,In The Paint (Non-RA),Center(C),Less Than 8 ft.,5.0,1.0,58.0,1,0,20140316,MIA,HOU
Shot Chart Detail,0021300989,95,202718,Chandler Parsons,1610612745,Houston Rockets,1,2,37,Made Shot,Layup Shot,2PT Field Goal,Restricted Area,Center(C),Less Than 8 ft.,0.0,6.0,3.0,1,1,20140316,MIA,HOU
Shot Chart Detail,0021300989,312,202718,Chandler Parsons,1610612745,Houston Rockets,3,9,12,Missed Shot,Driving Layup Shot,2PT Field Goal,Restricted Area,Center(C),Less Than 8 ft.,1.0,10.0,11.0,1,0,20140316,MIA,HOU
Shot Chart Detail,0021300989,333,202718,Chandler Parsons,1610612745,Houston Rockets,3,7,57,Made Shot,Running Dunk Shot,2PT Field Goal,Restricted Area,Center(C),Less Than 8 ft.,0.0,6.0,7.0,1,1,20140316,MIA,HOU
Shot Chart Detail,0021300989,374,202718,Chandler Parsons,1610612745,Houston Rockets,3,4,23,Made Shot,Layup Shot,2PT Field Goal,Restricted Area,Center(C),Less Than 8 ft.,1.0,12.0,11.0,1,1,20140316,MIA,HOU
Shot Chart Detail,0021300989,376,202718,Chandler Parsons,1610612745,Houston Rockets,3,3,54,Missed Shot,Jump Shot,3PT Field Goal,Above the Break 3,Right Side Center(RC),24+ ft.,24.0,168.0,179.0,1,0,20140316,MIA,HOU
Shot Chart Detail,0021300989,396,202718,Chandler Parsons,1610612745,Houston Rockets,3,2,1,Missed Shot,Layup Shot,2PT Field Goal,Restricted Area,Center(C),Less Than 8 ft.,2.0,26.0,6.0,1,0,20140316,MIA,HOU
Shot Chart Detail,0021300989,461,202718,Chandler Parsons,1610612745,Houston Rockets,4,6,38,Made Shot,Driving Layup Shot,2PT Field Goal,Restricted Area,Center(C),Less Than 8 ft.,1.0,0.0,19.0,1,1,20140316,MIA,HOU
Shot Chart Detail,0021300989,489,202718,Chandler Parsons,1610612745,Houston Rockets,4,3,50,Missed Shot,Turnaround Jump Shot,2PT Field Goal,Mid-Range,Left Side Center(LC),16-24 ft.,18.0,-120.0,145.0,1,0,20140316,MIA,HOU
Shot Chart Detail,0021301000,34,202718,Chandler Parsons,1610612745,Houston Rockets,1,7,49,Missed Shot,Jump Shot,3PT Field Goal,Above the Break 3,Left Side Center(LC),24+ ft.,25.0,-177.0,187.0,1,0,20140317,HOU,UTA
Shot Chart Detail,0021301000,44,202718,Chandler Parsons,1610612745,Houston Rockets,1,6,21,Made Shot,Driving Dunk Shot,2PT Field Goal,Restricted Area,Center(C),Less Than 8 ft.,1.0,15.0,6.0,1,1,20140317,HOU,UTA
Shot Chart Detail,0021301000,98,202718,Chandler Parsons,1610612745,Houston Rockets,1,2,23,Made Shot,Driving Layup Shot,2PT Field Goal,Restricted Area,Center(C),Less Than 8 ft.,1.0,-11.0,9.0,1,1,20140317,HOU,UTA
Shot Chart Detail,0021301000,201,202718,Chandler Parsons,1610612745,Houston Rockets,2,5,14,Missed Shot,Jump Shot,3PT Field Goal,Left Corner 3,Left Side(L),24+ ft.,24.0,-235.0,63.0,1,0,20140317,HOU,UTA
Shot Chart Detail,0021301000,227,202718,Chandler Parsons,1610612745,Houston Rockets,2,1,56,Made Shot,Reverse Layup Shot,2PT Field Goal,Restricted Area,Center(C),Less Than 8 ft.,1.0,-11.0,11.0,1,1,20140317,HOU,UTA
Shot Chart Detail,0021301019,58,202718,Chandler Parsons,1610612745,Houston Rockets,1,5,32,Missed Shot,Pullup Jump shot,2PT Field Goal,Mid-Range,Left Side Center(LC),16-24 ft.,19.0,-123.0,154.0,1,0,20140320,HOU,MIN
Shot Chart Detail,0021301019,64,202718,Chandler Parsons,1610612745,Houston Rockets,1,5,1,Missed Shot,Jump Shot,3PT Field Goal,Right Corner 3,Right Side(R),24+ ft.,22.0,228.0,7.0,1,0,20140320,HOU,MIN
Shot Chart Detail,0021301019,94,202718,Chandler Parsons,1610612745,Houston Rockets,1,1,48,Made Shot,Jump Shot,3PT Field Goal,Above the Break 3,Left Side Center(LC),24+ ft.,25.0,-160.0,203.0,1,1,20140320,HOU,MIN
Shot Chart Detail,0021301019,218,202718,Chandler Parsons,1610612745,Houston Rockets,2,4,19,Made Shot,Driving Finger Roll Layup Shot,2PT Field Goal,Restricted Area,Center(C),Less Than 8 ft.,1.0,12.0,12.0,1,1,20140320,HOU,MIN
Shot Chart Detail,0021301019,275,202718,Chandler Parsons,1610612745,Houston Rockets,3,11,40,Made Shot,Running Jump Shot,2PT Field Goal,In The Paint (Non-RA),Center(C),Less Than 8 ft.,7.0,-12.0,76.0,1,1,20140320,HOU,MIN
Shot Chart Detail,0021301019,305,202718,Chandler Parsons,1610612745,Houston Rockets,3,8,0,Missed Shot,Jump Shot,3PT Field Goal,Above the Break 3,Left Side Center(LC),24+ ft.,25.0,-130.0,216.0,1,0,20140320,HOU,MIN
Shot Chart Detail,0021301019,307,202718,Chandler Parsons,1610612745,Houston Rockets,3,7,53,Missed Shot,Driving Layup Shot,2PT Field Goal,Restricted Area,Center(C),Less Than 8 ft.,2.0,23.0,12.0,1,0,20140320,HOU,MIN
Shot Chart Detail,0021301019,313,202718,Chandler Parsons,1610612745,Houston Rockets,3,6,48,Made Shot,Jump Shot,3PT Field Goal,Above the Break 3,Right Side Center(RC),24+ ft.,26.0,138.0,231.0,1,1,20140320,HOU,MIN
Shot Chart Detail,0021301019,320,202718,Chandler Parsons,1610612745,Houston Rockets,3,6,18,Made Shot,Floating Jump shot,2PT Field Goal,In The Paint (Non-RA),Center(C),Less Than 8 ft.,4.0,-8.0,47.0,1,1,20140320,HOU,MIN
Shot Chart Detail,0021301019,349,202718,Chandler Parsons,1610612745,Houston Rockets,3,3,16,Missed Shot,Running Jump Shot,2PT Field Goal,In The Paint (Non-RA),Center(C),Less Than 8 ft.,7.0,-48.0,53.0,1,0,20140320,HOU,MIN
Shot Chart Detail,0021301019,406,202718,Chandler Parsons,1610612745,Houston Rockets,4,9,48,Missed Shot,Driving Layup Shot,2PT Field Goal,Restricted Area,Center(C),Less Than 8 ft.,3.0,-26.0,20.0,1,0,20140320,HOU,MIN
Shot Chart Detail,0021301019,417,202718,Chandler Parsons,1610612745,Houston Rockets,4,9,0,Made Shot,Driving Layup Shot,2PT Field Goal,In The Paint (Non-RA),Center(C),Less Than 8 ft.,4.0,45.0,12.0,1,1,20140320,HOU,MIN
Shot Chart Detail,0021301019,431,202718,Chandler Parsons,1610612745,Houston Rockets,4,7,40,Made Shot,Driving Slam Dunk Shot,2PT Field Goal,Restricted Area,Center(C),Less Than 8 ft.,0.0,7.0,0.0,1,1,20140320,HOU,MIN
Shot Chart Detail,0021301019,439,202718,Chandler Parsons,1610612745,Houston Rockets,4,6,11,Missed Shot,Jump Shot,3PT Field Goal,Above the Break 3,Right Side Center(RC),24+ ft.,25.0,231.0,102.0,1,0,20140320,HOU,MIN
Shot Chart Detail,0021301019,460,202718,Chandler Parsons,1610612745,Houston Rockets,4,5,8,Made Shot,Driving Layup Shot,2PT Field Goal,Restricted Area,Center(C),Less Than 8 ft.,1.0,18.0,6.0,1,1,20140320,HOU,MIN
Shot Chart Detail,0021301033,12,202718,Chandler Parsons,1610612745,Houston Rockets,1,10,44,Made Shot,Running Jump Shot,2PT Field Goal,In The Paint (Non-RA),Center(C),Less Than 8 ft.,5.0,0.0,53.0,1,1,20140322,CLE,HOU
Shot Chart Detail,0021301033,20,202718,Chandler Parsons,1610612745,Houston Rockets,1,10,3,Made Shot,Jump Shot,3PT Field Goal,Above the Break 3,Left Side Center(LC),24+ ft.,24.0,-122.0,214.0,1,1,20140322,CLE,HOU
Shot Chart Detail,0021301033,32,202718,Chandler Parsons,1610612745,Houston Rockets,1,8,22,Made Shot,Layup Shot,2PT Field Goal,Restricted Area,Center(C),Less Than 8 ft.,0.0,-5.0,-2.0,1,1,20140322,CLE,HOU
Shot Chart Detail,0021301033,45,202718,Chandler Parsons,1610612745,Houston Rockets,1,7,1,Missed Shot,Jump Shot,3PT Field Goal,Above the Break 3,Right Side Center(RC),24+ ft.,28.0,116.0,255.0,1,0,20140322,CLE,HOU
Shot Chart Detail,0021301033,48,202718,Chandler Parsons,1610612745,Houston Rockets,1,6,47,Made Shot,Layup Shot,2PT Field Goal,Restricted Area,Center(C),Less Than 8 ft.,0.0,6.0,-3.0,1,1,20140322,CLE,HOU
Shot Chart Detail,0021301033,76,202718,Chandler Parsons,1610612745,Houston Rockets,1,3,40,Made Shot,Layup Shot,2PT Field Goal,Restricted Area,Center(C),Less Than 8 ft.,0.0,2.0,-2.0,1,1,20140322,CLE,HOU
Shot Chart Detail,0021301033,153,202718,Chandler Parsons,1610612745,Houston Rockets,2,10,53,Missed Shot,Jump Shot,2PT Field Goal,Mid-Range,Center(C),8-16 ft.,15.0,-7.0,154.0,1,0,20140322,CLE,HOU
Shot Chart Detail,0021301033,174,202718,Chandler Parsons,1610612745,Houston Rockets,2,8,38,Missed Shot,Jump Shot,3PT Field Goal,Right Corner 3,Right Side(R),24+ ft.,24.0,230.0,74.0,1,0,20140322,CLE,HOU
Shot Chart Detail,0021301033,184,202718,Chandler Parsons,1610612745,Houston Rockets,2,7,53,Missed Shot,Running Bank shot,2PT Field Goal,Mid-Range,Left Side(L),8-16 ft.,9.0,-86.0,48.0,1,0,20140322,CLE,HOU
Shot Chart Detail,0021301033,215,202718,Chandler Parsons,1610612745,Houston Rockets,2,5,31,Missed Shot,Layup Shot,2PT Field Goal,Restricted Area,Center(C),Less Than 8 ft.,1.0,-5.0,17.0,1,0,20140322,CLE,HOU
Shot Chart Detail,0021301033,231,202718,Chandler Parsons,1610612745,Houston Rockets,2,3,57,Made Shot,Floating Jump shot,2PT Field Goal,In The Paint (Non-RA),Center(C),Less Than 8 ft.,6.0,15.0,67.0,1,1,20140322,CLE,HOU
Shot Chart Detail,0021301033,288,202718,Chandler Parsons,1610612745,Houston Rockets,3,11,1,Missed Shot,Jump Shot,3PT Field Goal,Above the Break 3,Left Side Center(LC),24+ ft.,25.0,-172.0,192.0,1,0,20140322,CLE,HOU
Shot Chart Detail,0021301033,293,202718,Chandler Parsons,1610612745,Houston Rockets,3,10,18,Missed Shot,Jump Shot,2PT Field Goal,In The Paint (Non-RA),Center(C),Less Than 8 ft.,4.0,-10.0,44.0,1,0,20140322,CLE,HOU
Shot Chart Detail,0021301033,311,202718,Chandler Parsons,1610612745,Houston Rockets,3,8,42,Missed Shot,Layup Shot,2PT Field Goal,Restricted Area,Center(C),Less Than 8 ft.,1.0,-15.0,11.0,1,0,20140322,CLE,HOU
Shot Chart Detail,0021301033,443,202718,Chandler Parsons,1610612745,Houston Rockets,4,10,5,Made Shot,Jump Shot,3PT Field Goal,Above the Break 3,Right Side Center(RC),24+ ft.,25.0,181.0,176.0,1,1,20140322,CLE,HOU
Shot Chart Detail,0021301033,450,202718,Chandler Parsons,1610612745,Houston Rockets,4,9,31,Missed Shot,Jump Shot,3PT Field Goal,Above the Break 3,Left Side Center(LC),24+ ft.,25.0,-182.0,175.0,1,0,20140322,CLE,HOU
Shot Chart Detail,0021301033,513,202718,Chandler Parsons,1610612745,Houston Rockets,4,4,38,Missed Shot,Jump Shot,3PT Field Goal,Above the Break 3,Right Side Center(RC),24+ ft.,25.0,111.0,227.0,1,0,20140322,CLE,HOU
Shot Chart Detail,0021301047,27,202718,Chandler Parsons,1610612745,Houston Rockets,1,9,34,Missed Shot,Jump Shot,2PT Field Goal,In The Paint (Non-RA),Right Side(R),8-16 ft.,11.0,77.0,85.0,1,0,20140324,CHA,HOU
Shot Chart Detail,0021301047,236,202718,Chandler Parsons,1610612745,Houston Rockets,2,1,21,Missed Shot,Jump Shot,2PT Field Goal,Mid-Range,Right Side Center(RC),16-24 ft.,20.0,162.0,132.0,1,0,20140324,CHA,HOU
Shot Chart Detail,0021301047,258,202718,Chandler Parsons,1610612745,Houston Rockets,3,11,18,Missed Shot,Jump Shot,3PT Field Goal,Above the Break 3,Left Side Center(LC),24+ ft.,27.0,-122.0,252.0,1,0,20140324,CHA,HOU
Shot Chart Detail,0021301047,290,202718,Chandler Parsons,1610612745,Houston Rockets,3,8,29,Missed Shot,Layup Shot,2PT Field Goal,Restricted Area,Center(C),Less Than 8 ft.,3.0,22.0,25.0,1,0,20140324,CHA,HOU
Shot Chart Detail,0021301047,307,202718,Chandler Parsons,1610612745,Houston Rockets,3,5,42,Missed Shot,Layup Shot,2PT Field Goal,Restricted Area,Center(C),Less Than 8 ft.,2.0,-5.0,23.0,1,0,20140324,CHA,HOU
Shot Chart Detail,0021301047,322,202718,Chandler Parsons,1610612745,Houston Rockets,3,4,27,Missed Shot,Jump Shot,3PT Field Goal,Left Corner 3,Left Side(L),24+ ft.,23.0,-239.0,15.0,1,0,20140324,CHA,HOU
Shot Chart Detail,0021301047,357,202718,Chandler Parsons,1610612745,Houston Rockets,3,2,8,Made Shot,Driving Layup Shot,2PT Field Goal,Restricted Area,Center(C),Less Than 8 ft.,2.0,-11.0,20.0,1,1,20140324,CHA,HOU
Shot Chart Detail,0021301047,408,202718,Chandler Parsons,1610612745,Houston Rockets,4,9,18,Missed Shot,Jump Shot,2PT Field Goal,Mid-Range,Right Side Center(RC),16-24 ft.,17.0,72.0,159.0,1,0,20140324,CHA,HOU
Shot Chart Detail,0021301047,461,202718,Chandler Parsons,1610612745,Houston Rockets,4,5,32,Made Shot,Jump Shot,3PT Field Goal,Above the Break 3,Center(C),24+ ft.,25.0,12.0,258.0,1,1,20140324,CHA,HOU
Shot Chart Detail,0021301047,485,202718,Chandler Parsons,1610612745,Houston Rockets,4,3,34,Missed Shot,Jump Shot,2PT Field Goal,In The Paint (Non-RA),Center(C),Less Than 8 ft.,6.0,9.0,61.0,1,0,20140324,CHA,HOU
Shot Chart Detail,0021301047,504,202718,Chandler Parsons,1610612745,Houston Rockets,4,1,46,Made Shot,Jump Shot,3PT Field Goal,Above the Break 3,Center(C),24+ ft.,26.0,67.0,258.0,1,1,20140324,CHA,HOU
Shot Chart Detail,0021301072,11,202718,Chandler Parsons,1610612745,Houston Rockets,1,10,44,Made Shot,Driving Layup Shot,2PT Field Goal,Restricted Area,Center(C),Less Than 8 ft.,0.0,-7.0,4.0,1,1,20140327,HOU,PHI
Shot Chart Detail,0021301072,61,202718,Chandler Parsons,1610612745,Houston Rockets,1,6,53,Missed Shot,Jump Shot,3PT Field Goal,Above the Break 3,Right Side Center(RC),24+ ft.,24.0,136.0,198.0,1,0,20140327,HOU,PHI
Shot Chart Detail,0021301072,81,202718,Chandler Parsons,1610612745,Houston Rockets,1,5,16,Made Shot,Driving Layup Shot,2PT Field Goal,Restricted Area,Center(C),Less Than 8 ft.,0.0,0.0,3.0,1,1,20140327,HOU,PHI
Shot Chart Detail,0021301072,97,202718,Chandler Parsons,1610612745,Houston Rockets,1,4,17,Made Shot,Driving Reverse Layup Shot,2PT Field Goal,Restricted Area,Center(C),Less Than 8 ft.,1.0,18.0,-3.0,1,1,20140327,HOU,PHI
Shot Chart Detail,0021301072,210,202718,Chandler Parsons,1610612745,Houston Rockets,2,9,4,Missed Shot,Driving Layup Shot,2PT Field Goal,Restricted Area,Center(C),Less Than 8 ft.,2.0,9.0,26.0,1,0,20140327,HOU,PHI
Shot Chart Detail,0021301072,231,202718,Chandler Parsons,1610612745,Houston Rockets,2,7,22,Made Shot,Jump Shot,3PT Field Goal,Above the Break 3,Left Side Center(LC),24+ ft.,25.0,-141.0,217.0,1,1,20140327,HOU,PHI
Shot Chart Detail,0021301072,260,202718,Chandler Parsons,1610612745,Houston Rockets,2,4,40,Missed Shot,Jump Shot,2PT Field Goal,Mid-Range,Right Side(R),8-16 ft.,11.0,92.0,61.0,1,0,20140327,HOU,PHI
Shot Chart Detail,0021301072,338,202718,Chandler Parsons,1610612745,Houston Rockets,3,11,1,Missed Shot,Jump Shot,2PT Field Goal,Restricted Area,Center(C),Less Than 8 ft.,3.0,26.0,17.0,1,0,20140327,HOU,PHI
Shot Chart Detail,0021301072,360,202718,Chandler Parsons,1610612745,Houston Rockets,3,9,46,Made Shot,Driving Layup Shot,2PT Field Goal,Restricted Area,Center(C),Less Than 8 ft.,0.0,0.0,3.0,1,1,20140327,HOU,PHI
Shot Chart Detail,0021301072,403,202718,Chandler Parsons,1610612745,Houston Rockets,3,6,11,Missed Shot,Jump Shot,3PT Field Goal,Above the Break 3,Center(C),24+ ft.,24.0,70.0,231.0,1,0,20140327,HOU,PHI
Shot Chart Detail,0021301072,406,202718,Chandler Parsons,1610612745,Houston Rockets,3,5,53,Made Shot,Layup Shot,2PT Field Goal,Restricted Area,Center(C),Less Than 8 ft.,0.0,1.0,1.0,1,1,20140327,HOU,PHI
Shot Chart Detail,0021301072,518,202718,Chandler Parsons,1610612745,Houston Rockets,4,8,46,Made Shot,Jump Shot,3PT Field Goal,Above the Break 3,Left Side Center(LC),24+ ft.,25.0,-93.0,238.0,1,1,20140327,HOU,PHI
Shot Chart Detail,0021301072,525,202718,Chandler Parsons,1610612745,Houston Rockets,4,8,12,Missed Shot,Driving Slam Dunk Shot,2PT Field Goal,Restricted Area,Center(C),Less Than 8 ft.,0.0,7.0,7.0,1,0,20140327,HOU,PHI
Shot Chart Detail,0021301072,535,202718,Chandler Parsons,1610612745,Houston Rockets,4,6,47,Missed Shot,Running Jump Shot,2PT Field Goal,In The Paint (Non-RA),Center(C),Less Than 8 ft.,4.0,12.0,44.0,1,0,20140327,HOU,PHI
Shot Chart Detail,0021301088,4,202718,Chandler Parsons,1610612745,Houston Rockets,1,11,32,Made Shot,Running Jump Shot,2PT Field Goal,In The Paint (Non-RA),Center(C),Less Than 8 ft.,7.0,69.0,34.0,1,1,20140329,HOU,LAC
Shot Chart Detail,0021301088,53,202718,Chandler Parsons,1610612745,Houston Rockets,1,7,24,Made Shot,Jump Shot,3PT Field Goal,Above the Break 3,Left Side Center(LC),24+ ft.,25.0,-221.0,126.0,1,1,20140329,HOU,LAC
Shot Chart Detail,0021301088,84,202718,Chandler Parsons,1610612745,Houston Rockets,1,4,50,Missed Shot,Jump Shot,2PT Field Goal,Mid-Range,Left Side Center(LC),16-24 ft.,22.0,-120.0,190.0,1,0,20140329,HOU,LAC
Shot Chart Detail,0021301088,97,202718,Chandler Parsons,1610612745,Houston Rockets,1,4,1,Missed Shot,Jump Shot,3PT Field Goal,Above the Break 3,Center(C),24+ ft.,24.0,0.0,247.0,1,0,20140329,HOU,LAC
Shot Chart Detail,0021301088,100,202718,Chandler Parsons,1610612745,Houston Rockets,1,3,46,Made Shot,Running Bank shot,2PT Field Goal,In The Paint (Non-RA),Center(C),Less Than 8 ft.,7.0,62.0,37.0,1,1,20140329,HOU,LAC
Shot Chart Detail,0021301088,110,202718,Chandler Parsons,1610612745,Houston Rockets,1,2,53,Made Shot,Driving Layup Shot,2PT Field Goal,Restricted Area,Center(C),Less Than 8 ft.,2.0,24.0,11.0,1,1,20140329,HOU,LAC
Shot Chart Detail,0021301088,148,202718,Chandler Parsons,1610612745,Houston Rockets,2,11,45,Made Shot,Running Jump Shot,2PT Field Goal,In The Paint (Non-RA),Center(C),Less Than 8 ft.,5.0,-23.0,48.0,1,1,20140329,HOU,LAC
Shot Chart Detail,0021301088,151,202718,Chandler Parsons,1610612745,Houston Rockets,2,11,4,Made Shot,Running Jump Shot,2PT Field Goal,In The Paint (Non-RA),Center(C),8-16 ft.,9.0,24.0,97.0,1,1,20140329,HOU,LAC
Shot Chart Detail,0021301088,180,202718,Chandler Parsons,1610612745,Houston Rockets,2,9,16,Missed Shot,Running Jump Shot,2PT Field Goal,In The Paint (Non-RA),Center(C),Less Than 8 ft.,4.0,4.0,45.0,1,0,20140329,HOU,LAC
Shot Chart Detail,0021301088,221,202718,Chandler Parsons,1610612745,Houston Rockets,2,6,34,Missed Shot,Jump Shot,3PT Field Goal,Above the Break 3,Right Side Center(RC),24+ ft.,24.0,144.0,198.0,1,0,20140329,HOU,LAC
Shot Chart Detail,0021301088,269,202718,Chandler Parsons,1610612745,Houston Rockets,2,3,9,Missed Shot,Running Jump Shot,2PT Field Goal,In The Paint (Non-RA),Center(C),Less Than 8 ft.,7.0,1.0,72.0,1,0,20140329,HOU,LAC
Shot Chart Detail,0021301088,289,202718,Chandler Parsons,1610612745,Houston Rockets,2,2,13,Missed Shot,Running Jump Shot,2PT Field Goal,In The Paint (Non-RA),Center(C),Less Than 8 ft.,5.0,24.0,48.0,1,0,20140329,HOU,LAC
Shot Chart Detail,0021301088,305,202718,Chandler Parsons,1610612745,Houston Rockets,2,0,52,Missed Shot,Fadeaway Jump Shot,2PT Field Goal,In The Paint (Non-RA),Left Side(L),8-16 ft.,10.0,-67.0,77.0,1,0,20140329,HOU,LAC
Shot Chart Detail,0021301088,357,202718,Chandler Parsons,1610612745,Houston Rockets,3,9,5,Made Shot,Driving Layup Shot,2PT Field Goal,Restricted Area,Center(C),Less Than 8 ft.,3.0,29.0,17.0,1,1,20140329,HOU,LAC
Shot Chart Detail,0021301088,388,202718,Chandler Parsons,1610612745,Houston Rockets,3,7,13,Missed Shot,Layup Shot,2PT Field Goal,Restricted Area,Center(C),Less Than 8 ft.,2.0,-13.0,20.0,1,0,20140329,HOU,LAC
Shot Chart Detail,0021301088,438,202718,Chandler Parsons,1610612745,Houston Rockets,3,2,58,Made Shot,Layup Shot,2PT Field Goal,Restricted Area,Center(C),Less Than 8 ft.,0.0,0.0,-6.0,1,1,20140329,HOU,LAC
Shot Chart Detail,0021301088,444,202718,Chandler Parsons,1610612745,Houston Rockets,3,1,24,Missed Shot,Jump Shot,3PT Field Goal,Left Corner 3,Left Side(L),24+ ft.,22.0,-229.0,-13.0,1,0,20140329,HOU,LAC
Shot Chart Detail,0021301088,507,202718,Chandler Parsons,1610612745,Houston Rockets,4,8,25,Missed Shot,Jump Shot,3PT Field Goal,Above the Break 3,Left Side Center(LC),24+ ft.,27.0,-90.0,257.0,1,0,20140329,HOU,LAC
Shot Chart Detail,0021301088,527,202718,Chandler Parsons,1610612745,Houston Rockets,4,7,6,Made Shot,Jump Shot,2PT Field Goal,In The Paint (Non-RA),Right Side(R),8-16 ft.,9.0,64.0,66.0,1,1,20140329,HOU,LAC
Shot Chart Detail,0021301111,14,202718,Chandler Parsons,1610612745,Houston Rockets,1,10,4,Made Shot,Driving Layup Shot,2PT Field Goal,Restricted Area,Center(C),Less Than 8 ft.,1.0,-19.0,0.0,1,1,20140401,BKN,HOU
Shot Chart Detail,0021301111,39,202718,Chandler Parsons,1610612745,Houston Rockets,1,7,49,Missed Shot,Jump Shot,3PT Field Goal,Above the Break 3,Right Side Center(RC),24+ ft.,27.0,151.0,233.0,1,0,20140401,BKN,HOU
Shot Chart Detail,0021301111,61,202718,Chandler Parsons,1610612745,Houston Rockets,1,5,33,Missed Shot,Jump Shot,3PT Field Goal,Above the Break 3,Right Side Center(RC),24+ ft.,25.0,203.0,156.0,1,0,20140401,BKN,HOU
Shot Chart Detail,0021301111,73,202718,Chandler Parsons,1610612745,Houston Rockets,1,3,49,Made Shot,Driving Layup Shot,2PT Field Goal,Restricted Area,Center(C),Less Than 8 ft.,1.0,13.0,7.0,1,1,20140401,BKN,HOU
Shot Chart Detail,0021301111,159,202718,Chandler Parsons,1610612745,Houston Rockets,2,8,7,Made Shot,Driving Layup Shot,2PT Field Goal,Restricted Area,Center(C),Less Than 8 ft.,1.0,6.0,12.0,1,1,20140401,BKN,HOU
Shot Chart Detail,0021301111,169,202718,Chandler Parsons,1610612745,Houston Rockets,2,6,48,Made Shot,Jump Shot,3PT Field Goal,Above the Break 3,Right Side Center(RC),24+ ft.,26.0,141.0,228.0,1,1,20140401,BKN,HOU
Shot Chart Detail,0021301111,171,202718,Chandler Parsons,1610612745,Houston Rockets,2,6,25,Missed Shot,Driving Layup Shot,2PT Field Goal,Restricted Area,Center(C),Less Than 8 ft.,0.0,2.0,7.0,1,0,20140401,BKN,HOU
Shot Chart Detail,0021301111,231,202718,Chandler Parsons,1610612745,Houston Rockets,2,1,39,Missed Shot,Jump Shot,3PT Field Goal,Above the Break 3,Left Side Center(LC),24+ ft.,23.0,-168.0,168.0,1,0,20140401,BKN,HOU
Shot Chart Detail,0021301111,292,202718,Chandler Parsons,1610612745,Houston Rockets,3,7,20,Missed Shot,Jump Shot,3PT Field Goal,Above the Break 3,Right Side Center(RC),24+ ft.,25.0,185.0,178.0,1,0,20140401,BKN,HOU
Shot Chart Detail,0021301111,308,202718,Chandler Parsons,1610612745,Houston Rockets,3,6,8,Missed Shot,Driving Finger Roll Layup Shot,2PT Field Goal,Restricted Area,Center(C),Less Than 8 ft.,3.0,23.0,25.0,1,0,20140401,BKN,HOU
Shot Chart Detail,0021301111,342,202718,Chandler Parsons,1610612745,Houston Rockets,3,3,16,Made Shot,Jump Shot,3PT Field Goal,Above the Break 3,Left Side Center(LC),24+ ft.,25.0,-168.0,190.0,1,1,20140401,BKN,HOU
Shot Chart Detail,0021301111,351,202718,Chandler Parsons,1610612745,Houston Rockets,3,2,22,Made Shot,Driving Dunk Shot,2PT Field Goal,Restricted Area,Center(C),Less Than 8 ft.,2.0,26.0,6.0,1,1,20140401,BKN,HOU
Shot Chart Detail,0021301111,382,202718,Chandler Parsons,1610612745,Houston Rockets,4,11,21,Missed Shot,Fadeaway Jump Shot,3PT Field Goal,Above the Break 3,Center(C),24+ ft.,26.0,32.0,260.0,1,0,20140401,BKN,HOU
Shot Chart Detail,0021301111,427,202718,Chandler Parsons,1610612745,Houston Rockets,4,7,34,Made Shot,Floating Jump shot,2PT Field Goal,Restricted Area,Center(C),Less Than 8 ft.,3.0,-5.0,36.0,1,1,20140401,BKN,HOU
Shot Chart Detail,0021301111,484,202718,Chandler Parsons,1610612745,Houston Rockets,4,1,34,Missed Shot,Layup Shot,2PT Field Goal,Restricted Area,Center(C),Less Than 8 ft.,1.0,-14.0,6.0,1,0,20140401,BKN,HOU
Shot Chart Detail,0021301118,7,202718,Chandler Parsons,1610612745,Houston Rockets,1,11,21,Made Shot,Dunk Shot,2PT Field Goal,Restricted Area,Center(C),Less Than 8 ft.,3.0,-2.0,30.0,1,1,20140402,TOR,HOU
Shot Chart Detail,0021301118,14,202718,Chandler Parsons,1610612745,Houston Rockets,1,10,42,Missed Shot,Jump Shot,2PT Field Goal,Mid-Range,Left Side(L),8-16 ft.,15.0,-158.0,-11.0,1,0,20140402,TOR,HOU
Shot Chart Detail,0021301118,26,202718,Chandler Parsons,1610612745,Houston Rockets,1,9,11,Made Shot,Alley Oop Dunk Shot,2PT Field Goal,Restricted Area,Center(C),Less Than 8 ft.,1.0,1.0,-17.0,1,1,20140402,TOR,HOU
Shot Chart Detail,0021301118,36,202718,Chandler Parsons,1610612745,Houston Rockets,1,7,50,Made Shot,Alley Oop Dunk Shot,2PT Field Goal,Restricted Area,Center(C),Less Than 8 ft.,0.0,6.0,6.0,1,1,20140402,TOR,HOU
Shot Chart Detail,0021301118,53,202718,Chandler Parsons,1610612745,Houston Rockets,1,6,24,Made Shot,Driving Layup Shot,2PT Field Goal,In The Paint (Non-RA),Center(C),Less Than 8 ft.,4.0,-35.0,20.0,1,1,20140402,TOR,HOU
Shot Chart Detail,0021301118,74,202718,Chandler Parsons,1610612745,Houston Rockets,1,4,3,Made Shot,Putback Dunk Shot,2PT Field Goal,Restricted Area,Center(C),Less Than 8 ft.,1.0,-14.0,12.0,1,1,20140402,TOR,HOU
Shot Chart Detail,0021301118,77,202718,Chandler Parsons,1610612745,Houston Rockets,1,3,36,Missed Shot,Driving Jump shot,2PT Field Goal,Restricted Area,Center(C),Less Than 8 ft.,1.0,13.0,12.0,1,0,20140402,TOR,HOU
Shot Chart Detail,0021301118,122,202718,Chandler Parsons,1610612745,Houston Rockets,1,0,47,Missed Shot,Driving Layup Shot,2PT Field Goal,Restricted Area,Center(C),Less Than 8 ft.,3.0,6.0,30.0,1,0,20140402,TOR,HOU
Shot Chart Detail,0021301118,182,202718,Chandler Parsons,1610612745,Houston Rockets,2,7,18,Made Shot,Driving Layup Shot,2PT Field Goal,Restricted Area,Center(C),Less Than 8 ft.,2.0,-18.0,12.0,1,1,20140402,TOR,HOU
Shot Chart Detail,0021301118,199,202718,Chandler Parsons,1610612745,Houston Rockets,2,5,59,Missed Shot,Driving Layup Shot,2PT Field Goal,Restricted Area,Center(C),Less Than 8 ft.,2.0,-11.0,19.0,1,0,20140402,TOR,HOU
Shot Chart Detail,0021301118,271,202718,Chandler Parsons,1610612745,Houston Rockets,3,11,34,Missed Shot,Jump Shot,2PT Field Goal,Mid-Range,Right Side(R),8-16 ft.,15.0,135.0,80.0,1,0,20140402,TOR,HOU
Shot Chart Detail,0021301118,301,202718,Chandler Parsons,1610612745,Houston Rockets,3,8,49,Made Shot,Jump Shot,3PT Field Goal,Above the Break 3,Center(C),24+ ft.,25.0,7.0,258.0,1,1,20140402,TOR,HOU
Shot Chart Detail,0021301118,323,202718,Chandler Parsons,1610612745,Houston Rockets,3,6,40,Missed Shot,Jump Shot,3PT Field Goal,Above the Break 3,Right Side Center(RC),24+ ft.,25.0,159.0,203.0,1,0,20140402,TOR,HOU
Shot Chart Detail,0021301118,335,202718,Chandler Parsons,1610612745,Houston Rockets,3,6,11,Missed Shot,Jump Shot,3PT Field Goal,Above the Break 3,Center(C),24+ ft.,27.0,17.0,271.0,1,0,20140402,TOR,HOU
Shot Chart Detail,0021301118,342,202718,Chandler Parsons,1610612745,Houston Rockets,3,5,21,Made Shot,Driving Jump shot,2PT Field Goal,In The Paint (Non-RA),Center(C),Less Than 8 ft.,5.0,-43.0,41.0,1,1,20140402,TOR,HOU
Shot Chart Detail,0021301118,507,202718,Chandler Parsons,1610612745,Houston Rockets,4,5,34,Missed Shot,Driving Jump shot,2PT Field Goal,Restricted Area,Center(C),Less Than 8 ft.,1.0,-10.0,6.0,1,0,20140402,TOR,HOU
Shot Chart Detail,0021301139,14,202718,Chandler Parsons,1610612745,Houston Rockets,1,9,51,Made Shot,Jump Shot,3PT Field Goal,Above the Break 3,Left Side Center(LC),24+ ft.,27.0,-106.0,250.0,1,1,20140404,HOU,OKC
Shot Chart Detail,0021301139,40,202718,Chandler Parsons,1610612745,Houston Rockets,1,7,6,Missed Shot,Pullup Jump shot,3PT Field Goal,Above the Break 3,Left Side Center(LC),24+ ft.,24.0,-81.0,231.0,1,0,20140404,HOU,OKC
Shot Chart Detail,0021301139,44,202718,Chandler Parsons,1610612745,Houston Rockets,1,6,35,Missed Shot,Jump Shot,3PT Field Goal,Above the Break 3,Right Side Center(RC),24+ ft.,26.0,140.0,220.0,1,0,20140404,HOU,OKC
Shot Chart Detail,0021301139,79,202718,Chandler Parsons,1610612745,Houston Rockets,1,3,28,Made Shot,Pullup Jump shot,2PT Field Goal,Mid-Range,Right Side(R),8-16 ft.,13.0,94.0,96.0,1,1,20140404,HOU,OKC
Shot Chart Detail,0021301139,189,202718,Chandler Parsons,1610612745,Houston Rockets,2,5,26,Missed Shot,Layup Shot,2PT Field Goal,Restricted Area,Center(C),Less Than 8 ft.,1.0,17.0,0.0,1,0,20140404,HOU,OKC
Shot Chart Detail,0021301139,236,202718,Chandler Parsons,1610612745,Houston Rockets,2,0,57,Missed Shot,Driving Layup Shot,2PT Field Goal,Restricted Area,Center(C),Less Than 8 ft.,2.0,-18.0,19.0,1,0,20140404,HOU,OKC
Shot Chart Detail,0021301139,284,202718,Chandler Parsons,1610612745,Houston Rockets,3,10,3,Missed Shot,Jump Shot,2PT Field Goal,Mid-Range,Left Side(L),8-16 ft.,14.0,-146.0,23.0,1,0,20140404,HOU,OKC
Shot Chart Detail,0021301139,292,202718,Chandler Parsons,1610612745,Houston Rockets,3,9,30,Made Shot,Jump Shot,3PT Field Goal,Right Corner 3,Right Side(R),24+ ft.,23.0,230.0,3.0,1,1,20140404,HOU,OKC
Shot Chart Detail,0021301139,303,202718,Chandler Parsons,1610612745,Houston Rockets,3,8,26,Missed Shot,Jump Shot,3PT Field Goal,Above the Break 3,Left Side Center(LC),24+ ft.,25.0,-187.0,170.0,1,0,20140404,HOU,OKC
Shot Chart Detail,0021301139,317,202718,Chandler Parsons,1610612745,Houston Rockets,3,6,5,Made Shot,Jump Shot,3PT Field Goal,Above the Break 3,Left Side Center(LC),24+ ft.,25.0,-160.0,203.0,1,1,20140404,HOU,OKC
Shot Chart Detail,0021301139,350,202718,Chandler Parsons,1610612745,Houston Rockets,3,2,43,Missed Shot,Jump Shot,3PT Field Goal,Above the Break 3,Right Side Center(RC),24+ ft.,25.0,200.0,160.0,1,0,20140404,HOU,OKC
Shot Chart Detail,0021301139,449,202718,Chandler Parsons,1610612745,Houston Rockets,4,6,38,Missed Shot,Jump Shot,3PT Field Goal,Above the Break 3,Left Side Center(LC),24+ ft.,26.0,-191.0,181.0,1,0,20140404,HOU,OKC
Shot Chart Detail,0021301139,451,202718,Chandler Parsons,1610612745,Houston Rockets,4,6,32,Missed Shot,Layup Shot,2PT Field Goal,Restricted Area,Center(C),Less Than 8 ft.,3.0,29.0,26.0,1,0,20140404,HOU,OKC
Shot Chart Detail,0021301139,452,202718,Chandler Parsons,1610612745,Houston Rockets,4,6,30,Made Shot,Layup Shot,2PT Field Goal,Restricted Area,Center(C),Less Than 8 ft.,2.0,20.0,3.0,1,1,20140404,HOU,OKC
Shot Chart Detail,0021301139,503,202718,Chandler Parsons,1610612745,Houston Rockets,4,3,18,Missed Shot,Jump Shot,3PT Field Goal,Right Corner 3,Right Side(R),24+ ft.,23.0,237.0,-11.0,1,0,20140404,HOU,OKC
Shot Chart Detail,0021301139,515,202718,Chandler Parsons,1610612745,Houston Rockets,4,1,39,Missed Shot,Turnaround Jump Shot,2PT Field Goal,In The Paint (Non-RA),Center(C),Less Than 8 ft.,7.0,67.0,36.0,1,0,20140404,HOU,OKC
Shot Chart Detail,0021301139,524,202718,Chandler Parsons,1610612745,Houston Rockets,4,1,16,Missed Shot,Turnaround Jump Shot,2PT Field Goal,Mid-Range,Right Side(R),8-16 ft.,10.0,108.0,12.0,1,0,20140404,HOU,OKC
Shot Chart Detail,0021301153,13,202718,Chandler Parsons,1610612745,Houston Rockets,1,10,20,Missed Shot,Layup Shot,2PT Field Goal,Restricted Area,Center(C),Less Than 8 ft.,1.0,-13.0,7.0,1,0,20140406,HOU,DEN
Shot Chart Detail,0021301153,28,202718,Chandler Parsons,1610612745,Houston Rockets,1,8,56,Missed Shot,Pullup Jump shot,3PT Field Goal,Above the Break 3,Center(C),24+ ft.,26.0,6.0,268.0,1,0,20140406,HOU,DEN
Shot Chart Detail,0021301153,61,202718,Chandler Parsons,1610612745,Houston Rockets,1,5,57,Missed Shot,Jump Shot,3PT Field Goal,Left Corner 3,Left Side(L),24+ ft.,23.0,-234.0,28.0,1,0,20140406,HOU,DEN
Shot Chart Detail,0021301153,158,202718,Chandler Parsons,1610612745,Houston Rockets,2,11,45,Missed Shot,Running Jump Shot,2PT Field Goal,In The Paint (Non-RA),Center(C),Less Than 8 ft.,4.0,-24.0,39.0,1,0,20140406,HOU,DEN
Shot Chart Detail,0021301153,186,202718,Chandler Parsons,1610612745,Houston Rockets,2,8,21,Made Shot,Driving Layup Shot,2PT Field Goal,Restricted Area,Center(C),Less Than 8 ft.,1.0,17.0,3.0,1,1,20140406,HOU,DEN
Shot Chart Detail,0021301153,303,202718,Chandler Parsons,1610612745,Houston Rockets,2,1,20,Missed Shot,Jump Shot,3PT Field Goal,Above the Break 3,Right Side Center(RC),24+ ft.,25.0,198.0,162.0,1,0,20140406,HOU,DEN
Shot Chart Detail,0021301153,469,202718,Chandler Parsons,1610612745,Houston Rockets,4,8,12,Missed Shot,Pullup Jump shot,3PT Field Goal,Above the Break 3,Right Side Center(RC),24+ ft.,24.0,207.0,137.0,1,0,20140406,HOU,DEN
Shot Chart Detail,0021301153,500,202718,Chandler Parsons,1610612745,Houston Rockets,4,6,14,Made Shot,Fadeaway Jump Shot,2PT Field Goal,Mid-Range,Right Side(R),8-16 ft.,13.0,89.0,105.0,1,1,20140406,HOU,DEN
Shot Chart Detail,0021301153,600,202718,Chandler Parsons,1610612745,Houston Rockets,5,4,27,Made Shot,Driving Layup Shot,2PT Field Goal,Restricted Area,Center(C),Less Than 8 ft.,2.0,6.0,25.0,1,1,20140406,HOU,DEN
Shot Chart Detail,0021301153,619,202718,Chandler Parsons,1610612745,Houston Rockets,5,2,13,Made Shot,Jump Shot,3PT Field Goal,Left Corner 3,Left Side(L),24+ ft.,23.0,-232.0,20.0,1,1,20140406,HOU,DEN
Shot Chart Detail,0021301153,622,202718,Chandler Parsons,1610612745,Houston Rockets,5,1,54,Made Shot,Jump Shot,3PT Field Goal,Above the Break 3,Right Side Center(RC),24+ ft.,25.0,215.0,134.0,1,1,20140406,HOU,DEN
Shot Chart Detail,0021301161,38,202718,Chandler Parsons,1610612745,Houston Rockets,1,7,23,Made Shot,Driving Dunk Shot,2PT Field Goal,Restricted Area,Center(C),Less Than 8 ft.,2.0,21.0,7.0,1,1,20140408,LAL,HOU
Shot Chart Detail,0021301161,65,202718,Chandler Parsons,1610612745,Houston Rockets,1,5,15,Made Shot,Finger Roll Layup Shot,2PT Field Goal,Restricted Area,Center(C),Less Than 8 ft.,3.0,7.0,39.0,1,1,20140408,LAL,HOU
Shot Chart Detail,0021301161,165,202718,Chandler Parsons,1610612745,Houston Rockets,2,9,4,Missed Shot,Jump Shot,3PT Field Goal,Above the Break 3,Right Side Center(RC),24+ ft.,26.0,171.0,205.0,1,0,20140408,LAL,HOU
Shot Chart Detail,0021301161,173,202718,Chandler Parsons,1610612745,Houston Rockets,2,8,22,Missed Shot,Jump Shot,3PT Field Goal,Above the Break 3,Right Side Center(RC),24+ ft.,27.0,230.0,142.0,1,0,20140408,LAL,HOU
Shot Chart Detail,0021301161,175,202718,Chandler Parsons,1610612745,Houston Rockets,2,8,4,Missed Shot,Jump Shot,2PT Field Goal,Mid-Range,Left Side(L),8-16 ft.,13.0,-90.0,105.0,1,0,20140408,LAL,HOU
Shot Chart Detail,0021301161,191,202718,Chandler Parsons,1610612745,Houston Rockets,2,6,9,Made Shot,Driving Layup Shot,2PT Field Goal,Restricted Area,Center(C),Less Than 8 ft.,2.0,-7.0,28.0,1,1,20140408,LAL,HOU
Shot Chart Detail,0021301161,205,202718,Chandler Parsons,1610612745,Houston Rockets,2,5,11,Missed Shot,Jump Shot,3PT Field Goal,Above the Break 3,Left Side Center(LC),24+ ft.,25.0,-188.0,165.0,1,0,20140408,LAL,HOU
Shot Chart Detail,0021301161,226,202718,Chandler Parsons,1610612745,Houston Rockets,2,4,8,Missed Shot,Jump Shot,3PT Field Goal,Above the Break 3,Left Side Center(LC),24+ ft.,26.0,-103.0,242.0,1,0,20140408,LAL,HOU
Shot Chart Detail,0021301161,261,202718,Chandler Parsons,1610612745,Houston Rockets,2,1,24,Made Shot,Layup Shot,2PT Field Goal,In The Paint (Non-RA),Center(C),Less Than 8 ft.,4.0,0.0,48.0,1,1,20140408,LAL,HOU
Shot Chart Detail,0021301161,285,202718,Chandler Parsons,1610612745,Houston Rockets,2,0,4,Made Shot,Alley Oop Dunk Shot,2PT Field Goal,Restricted Area,Center(C),Less Than 8 ft.,1.0,7.0,17.0,1,1,20140408,LAL,HOU
Shot Chart Detail,0021301161,297,202718,Chandler Parsons,1610612745,Houston Rockets,3,10,52,Made Shot,Jump Shot,3PT Field Goal,,,,,,,1,1,20140408,LAL,HOU
Shot Chart Detail,0021301161,302,202718,Chandler Parsons,1610612745,Houston Rockets,3,10,23,Made Shot,Reverse Layup Shot,2PT Field Goal,Restricted Area,Center(C),Less Than 8 ft.,2.0,-11.0,19.0,1,1,20140408,LAL,HOU
Shot Chart Detail,0021301161,398,202718,Chandler Parsons,1610612745,Houston Rockets,3,1,28,Made Shot,Jump Shot,3PT Field Goal,Above the Break 3,Center(C),24+ ft.,27.0,-27.0,272.0,1,1,20140408,LAL,HOU
Shot Chart Detail,0021301171,6,202718,Chandler Parsons,1610612745,Houston Rockets,1,11,25,Missed Shot,Jump Shot,3PT Field Goal,Above the Break 3,Right Side Center(RC),24+ ft.,26.0,196.0,181.0,1,0,20140409,DEN,HOU
Shot Chart Detail,0021301171,15,202718,Chandler Parsons,1610612745,Houston Rockets,1,10,58,Missed Shot,Layup Shot,2PT Field Goal,Restricted Area,Center(C),Less Than 8 ft.,2.0,-21.0,4.0,1,0,20140409,DEN,HOU
Shot Chart Detail,0021301171,208,202718,Chandler Parsons,1610612745,Houston Rockets,2,6,57,Missed Shot,Jump Shot,2PT Field Goal,Mid-Range,Right Side(R),16-24 ft.,20.0,203.0,33.0,1,0,20140409,DEN,HOU
Shot Chart Detail,0021301171,276,202718,Chandler Parsons,1610612745,Houston Rockets,2,2,5,Made Shot,Jump Shot,3PT Field Goal,Left Corner 3,Left Side(L),24+ ft.,23.0,-237.0,4.0,1,1,20140409,DEN,HOU
Shot Chart Detail,0021301171,278,202718,Chandler Parsons,1610612745,Houston Rockets,2,1,44,Made Shot,Layup Shot,2PT Field Goal,Restricted Area,Center(C),Less Than 8 ft.,1.0,13.0,15.0,1,1,20140409,DEN,HOU
Shot Chart Detail,0021301171,288,202718,Chandler Parsons,1610612745,Houston Rockets,2,1,10,Missed Shot,Fadeaway Jump Shot,3PT Field Goal,Above the Break 3,Right Side Center(RC),24+ ft.,26.0,192.0,187.0,1,0,20140409,DEN,HOU
Shot Chart Detail,0021301171,337,202718,Chandler Parsons,1610612745,Houston Rockets,3,8,21,Missed Shot,Layup Shot,2PT Field Goal,Restricted Area,Center(C),Less Than 8 ft.,0.0,-8.0,1.0,1,0,20140409,DEN,HOU
Shot Chart Detail,0021301171,340,202718,Chandler Parsons,1610612745,Houston Rockets,3,8,11,Made Shot,Dunk Shot,2PT Field Goal,Restricted Area,Center(C),Less Than 8 ft.,1.0,15.0,11.0,1,1,20140409,DEN,HOU
Shot Chart Detail,0021301171,373,202718,Chandler Parsons,1610612745,Houston Rockets,3,6,32,Missed Shot,Driving Layup Shot,2PT Field Goal,Restricted Area,Center(C),Less Than 8 ft.,2.0,-7.0,19.0,1,0,20140409,DEN,HOU
Shot Chart Detail,0021301171,402,202718,Chandler Parsons,1610612745,Houston Rockets,3,4,0,Made Shot,Jump Shot,3PT Field Goal,Above the Break 3,Left Side Center(LC),24+ ft.,25.0,-217.0,132.0,1,1,20140409,DEN,HOU
Shot Chart Detail,0021301171,419,202718,Chandler Parsons,1610612745,Houston Rockets,3,3,8,Made Shot,Jump Shot,2PT Field Goal,Mid-Range,Left Side Center(LC),16-24 ft.,18.0,-149.0,116.0,1,1,20140409,DEN,HOU
Shot Chart Detail,0021301171,449,202718,Chandler Parsons,1610612745,Houston Rockets,4,11,48,Missed Shot,Jump Shot,2PT Field Goal,Mid-Range,Left Side Center(LC),16-24 ft.,20.0,-157.0,138.0,1,0,20140409,DEN,HOU
Shot Chart Detail,0021301171,455,202718,Chandler Parsons,1610612745,Houston Rockets,4,11,11,Missed Shot,Driving Layup Shot,2PT Field Goal,Restricted Area,Center(C),Less Than 8 ft.,1.0,18.0,3.0,1,0,20140409,DEN,HOU
Shot Chart Detail,0021301183,7,202718,Chandler Parsons,1610612745,Houston Rockets,1,10,58,Made Shot,Jump Shot,2PT Field Goal,In The Paint (Non-RA),Center(C),Less Than 8 ft.,7.0,54.0,50.0,1,1,20140411,MIN,HOU
Shot Chart Detail,0021301183,17,202718,Chandler Parsons,1610612745,Houston Rockets,1,9,23,Made Shot,Jump Shot,3PT Field Goal,Above the Break 3,Left Side Center(LC),24+ ft.,26.0,-142.0,220.0,1,1,20140411,MIN,HOU
Shot Chart Detail,0021301183,44,202718,Chandler Parsons,1610612745,Houston Rockets,1,7,18,Missed Shot,Jump Shot,2PT Field Goal,Mid-Range,Right Side Center(RC),16-24 ft.,18.0,122.0,134.0,1,0,20140411,MIN,HOU
Shot Chart Detail,0021301183,68,202718,Chandler Parsons,1610612745,Houston Rockets,1,6,4,Missed Shot,Jump Shot,3PT Field Goal,Right Corner 3,Right Side(R),24+ ft.,23.0,230.0,14.0,1,0,20140411,MIN,HOU
Shot Chart Detail,0021301183,150,202718,Chandler Parsons,1610612745,Houston Rockets,2,11,20,Made Shot,Jump Shot,3PT Field Goal,Above the Break 3,Left Side Center(LC),24+ ft.,26.0,-213.0,151.0,1,1,20140411,MIN,HOU
Shot Chart Detail,0021301183,203,202718,Chandler Parsons,1610612745,Houston Rockets,2,6,25,Made Shot,Dunk Shot,2PT Field Goal,Restricted Area,Center(C),Less Than 8 ft.,1.0,9.0,12.0,1,1,20140411,MIN,HOU
Shot Chart Detail,0021301183,253,202718,Chandler Parsons,1610612745,Houston Rockets,2,3,15,Made Shot,Jump Shot,3PT Field Goal,Above the Break 3,Right Side Center(RC),24+ ft.,24.0,192.0,149.0,1,1,20140411,MIN,HOU
Shot Chart Detail,0021301183,266,202718,Chandler Parsons,1610612745,Houston Rockets,2,1,22,Made Shot,Jump Shot,2PT Field Goal,Mid-Range,Right Side Center(RC),16-24 ft.,22.0,181.0,134.0,1,1,20140411,MIN,HOU
Shot Chart Detail,0021301183,290,202718,Chandler Parsons,1610612745,Houston Rockets,2,0,1,Made Shot,Jump Shot,3PT Field Goal,Above the Break 3,Left Side Center(LC),24+ ft.,25.0,-171.0,186.0,1,1,20140411,MIN,HOU
Shot Chart Detail,0021301183,299,202718,Chandler Parsons,1610612745,Houston Rockets,3,11,0,Missed Shot,Jump Shot,2PT Field Goal,Mid-Range,Center(C),16-24 ft.,19.0,-54.0,184.0,1,0,20140411,MIN,HOU
Shot Chart Detail,0021301183,390,202718,Chandler Parsons,1610612745,Houston Rockets,3,4,13,Made Shot,Running Jump Shot,2PT Field Goal,In The Paint (Non-RA),Center(C),Less Than 8 ft.,7.0,51.0,48.0,1,1,20140411,MIN,HOU
Shot Chart Detail,0021301183,401,202718,Chandler Parsons,1610612745,Houston Rockets,3,3,22,Missed Shot,Jump Shot,3PT Field Goal,Above the Break 3,Right Side Center(RC),24+ ft.,25.0,147.0,213.0,1,0,20140411,MIN,HOU
Shot Chart Detail,0021301183,431,202718,Chandler Parsons,1610612745,Houston Rockets,3,0,35,Made Shot,Slam Dunk Shot,2PT Field Goal,Restricted Area,Center(C),Less Than 8 ft.,0.0,2.0,0.0,1,1,20140411,MIN,HOU
Shot Chart Detail,0021301183,455,202718,Chandler Parsons,1610612745,Houston Rockets,4,11,4,Missed Shot,Jump Shot,3PT Field Goal,Above the Break 3,Right Side Center(RC),24+ ft.,25.0,218.0,123.0,1,0,20140411,MIN,HOU
Shot Chart Detail,0021301183,472,202718,Chandler Parsons,1610612745,Houston Rockets,4,10,0,Missed Shot,Jump Shot,3PT Field Goal,Right Corner 3,Right Side(R),24+ ft.,23.0,234.0,28.0,1,0,20140411,MIN,HOU
Shot Chart Detail,0021301183,495,202718,Chandler Parsons,1610612745,Houston Rockets,4,8,53,Missed Shot,Running Jump Shot,2PT Field Goal,Restricted Area,Center(C),Less Than 8 ft.,3.0,17.0,28.0,1,0,20140411,MIN,HOU
Shot Chart Detail,0021301183,517,202718,Chandler Parsons,1610612745,Houston Rockets,4,6,28,Missed Shot,Jump Shot,2PT Field Goal,Mid-Range,Right Side(R),16-24 ft.,17.0,159.0,64.0,1,0,20140411,MIN,HOU
Shot Chart Detail,0021301183,597,202718,Chandler Parsons,1610612745,Houston Rockets,4,2,4,Made Shot,Driving Dunk Shot,2PT Field Goal,Restricted Area,Center(C),Less Than 8 ft.,0.0,1.0,-8.0,1,1,20140411,MIN,HOU
Shot Chart Detail,0021301183,622,202718,Chandler Parsons,1610612745,Houston Rockets,4,0,20,Made Shot,Driving Slam Dunk Shot,2PT Field Goal,Restricted Area,Center(C),Less Than 8 ft.,1.0,18.0,6.0,1,1,20140411,MIN,HOU
Shot Chart Detail,0021301209,29,202718,Chandler Parsons,1610612745,Houston Rockets,1,8,59,Missed Shot,Jump Shot,3PT Field Goal,Left Corner 3,Left Side(L),24+ ft.,22.0,-228.0,-11.0,1,0,20140414,HOU,SAS
Shot Chart Detail,0021301209,97,202718,Chandler Parsons,1610612745,Houston Rockets,1,3,34,Made Shot,Running Layup Shot,2PT Field Goal,Restricted Area,Center(C),Less Than 8 ft.,1.0,9.0,14.0,1,1,20140414,HOU,SAS
Shot Chart Detail,0021301209,104,202718,Chandler Parsons,1610612745,Houston Rockets,1,2,32,Missed Shot,Jump Shot,2PT Field Goal,Mid-Range,Left Side(L),16-24 ft.,18.0,-177.0,55.0,1,0,20140414,HOU,SAS
Shot Chart Detail,0021301209,121,202718,Chandler Parsons,1610612745,Houston Rockets,1,1,35,Missed Shot,Jump Shot,2PT Field Goal,In The Paint (Non-RA),Center(C),Less Than 8 ft.,6.0,59.0,11.0,1,0,20140414,HOU,SAS
Shot Chart Detail,0021301209,223,202718,Chandler Parsons,1610612745,Houston Rockets,2,3,34,Made Shot,Driving Jump shot,2PT Field Goal,In The Paint (Non-RA),Center(C),Less Than 8 ft.,4.0,-41.0,6.0,1,1,20140414,HOU,SAS
Shot Chart Detail,0021301209,241,202718,Chandler Parsons,1610612745,Houston Rockets,2,1,43,Missed Shot,Jump Shot,3PT Field Goal,Above the Break 3,Left Side Center(LC),24+ ft.,24.0,-144.0,195.0,1,0,20140414,HOU,SAS
Shot Chart Detail,0021301209,255,202718,Chandler Parsons,1610612745,Houston Rockets,2,0,49,Missed Shot,Running Jump Shot,2PT Field Goal,In The Paint (Non-RA),Center(C),Less Than 8 ft.,5.0,-26.0,52.0,1,0,20140414,HOU,SAS
Shot Chart Detail,0021301209,296,202718,Chandler Parsons,1610612745,Houston Rockets,3,10,0,Made Shot,Running Jump Shot,2PT Field Goal,In The Paint (Non-RA),Left Side(L),8-16 ft.,9.0,-57.0,78.0,1,1,20140414,HOU,SAS
Shot Chart Detail,0021301209,317,202718,Chandler Parsons,1610612745,Houston Rockets,3,7,39,Made Shot,Jump Shot,3PT Field Goal,Right Corner 3,Right Side(R),24+ ft.,23.0,230.0,-2.0,1,1,20140414,HOU,SAS
Shot Chart Detail,0021301209,338,202718,Chandler Parsons,1610612745,Houston Rockets,3,5,29,Made Shot,Jump Shot,3PT Field Goal,Right Corner 3,Right Side(R),24+ ft.,22.0,228.0,12.0,1,1,20140414,HOU,SAS
Shot Chart Detail,0021301209,355,202718,Chandler Parsons,1610612745,Houston Rockets,3,3,59,Missed Shot,Jump Shot,3PT Field Goal,Above the Break 3,Right Side Center(RC),24+ ft.,25.0,106.0,230.0,1,0,20140414,HOU,SAS
Shot Chart Detail,0021301209,372,202718,Chandler Parsons,1610612745,Houston Rockets,3,2,55,Made Shot,Jump Shot,2PT Field Goal,Mid-Range,Left Side Center(LC),16-24 ft.,17.0,-84.0,153.0,1,1,20140414,HOU,SAS
Shot Chart Detail,0021301209,378,202718,Chandler Parsons,1610612745,Houston Rockets,3,1,45,Made Shot,Fadeaway Bank shot,2PT Field Goal,In The Paint (Non-RA),Center(C),Less Than 8 ft.,7.0,-60.0,41.0,1,1,20140414,HOU,SAS
Shot Chart Detail,0021301209,386,202718,Chandler Parsons,1610612745,Houston Rockets,3,0,2,Missed Shot,Jump Shot,2PT Field Goal,Restricted Area,Center(C),Less Than 8 ft.,3.0,10.0,30.0,1,0,20140414,HOU,SAS
Shot Chart Detail,0021301209,424,202718,Chandler Parsons,1610612745,Houston Rockets,4,7,55,Missed Shot,Layup Shot,2PT Field Goal,Restricted Area,Center(C),Less Than 8 ft.,3.0,-27.0,17.0,1,0,20140414,HOU,SAS
Shot Chart Detail,0021301209,429,202718,Chandler Parsons,1610612745,Houston Rockets,4,7,16,Missed Shot,Jump Shot,3PT Field Goal,Above the Break 3,Left Side Center(LC),24+ ft.,25.0,-87.0,238.0,1,0,20140414,HOU,SAS
Shot Chart Detail,0021301209,480,202718,Chandler Parsons,1610612745,Houston Rockets,4,2,40,Missed Shot,Jump Shot,3PT Field Goal,Above the Break 3,Left Side Center(LC),24+ ft.,24.0,-218.0,108.0,1,0,20140414,HOU,SAS
