GRID_TYPE,GAME_ID,GAME_EVENT_ID,PLAYER_ID,PLAYER_NAME,TEAM_ID,TEAM_NAME,PERIOD,MINUTES_REMAINING,SECONDS_REMAINING,EVENT_TYPE,ACTION_TYPE,SHOT_TYPE,SHOT_ZONE_BASIC,SHOT_ZONE_AREA,SHOT_ZONE_RANGE,SHOT_DISTANCE,LOC_X,LOC_Y,SHOT_ATTEMPTED_FLAG,SHOT_MADE_FLAG,GAME_DATE,HTM,VTM
Shot Chart Detail,0021300006,225,203082,Terrence Ross,1610612761,Toronto Raptors,2,5,1,Made Shot,Pullup Jump shot,2PT Field Goal,Mid-Range,Right Side(R),8-16 ft.,14.0,127.0,69.0,1,1,20131030,TOR,BOS
Shot Chart Detail,0021300006,297,203082,Terrence Ross,1610612761,Toronto Raptors,2,0,1,Made Shot,Jump Shot,3PT Field Goal,Right Corner 3,Right Side(R),24+ ft.,24.0,241.0,-2.0,1,1,20131030,TOR,BOS
Shot Chart Detail,0021300006,424,203082,Terrence Ross,1610612761,Toronto Raptors,4,11,44,Missed Shot,Jump Shot,2PT Field Goal,In The Paint (Non-RA),Center(C),Less Than 8 ft.,4.0,-24.0,34.0,1,0,20131030,TOR,BOS
Shot Chart Detail,0021300023,439,203082,Terrence Ross,1610612761,Toronto Raptors,4,7,15,Missed Shot,Jump Shot,3PT Field Goal,Above the Break 3,Left Side Center(LC),24+ ft.,24.0,-120.0,219.0,1,0,20131101,ATL,TOR
Shot Chart Detail,0021300037,162,203082,Terrence Ross,1610612761,Toronto Raptors,2,8,29,Missed Shot,Jump Shot,3PT Field Goal,Right Corner 3,Right Side(R),24+ ft.,22.0,228.0,4.0,1,0,20131102,MIL,TOR
Shot Chart Detail,0021300037,164,203082,Terrence Ross,1610612761,Toronto Raptors,2,8,24,Made Shot,Dunk Shot,2PT Field Goal,Restricted Area,Center(C),Less Than 8 ft.,0.0,-8.0,-5.0,1,1,20131102,MIL,TOR
Shot Chart Detail,0021300037,211,203082,Terrence Ross,1610612761,Toronto Raptors,2,3,46,Missed Shot,Jump Shot,3PT Field Goal,Right Corner 3,Right Side(R),24+ ft.,23.0,231.0,-22.0,1,0,20131102,MIL,TOR
Shot Chart Detail,0021300037,358,203082,Terrence Ross,1610612761,Toronto Raptors,3,3,13,Made Shot,Jump Shot,3PT Field Goal,Left Corner 3,Left Side(L),24+ ft.,25.0,-248.0,71.0,1,1,20131102,MIL,TOR
Shot Chart Detail,0021300037,389,203082,Terrence Ross,1610612761,Toronto Raptors,3,1,34,Missed Shot,Jump Shot,3PT Field Goal,Left Corner 3,Left Side(L),24+ ft.,25.0,-245.0,71.0,1,0,20131102,MIL,TOR
Shot Chart Detail,0021300051,112,203082,Terrence Ross,1610612761,Toronto Raptors,1,0,50,Made Shot,Jump Shot,3PT Field Goal,Above the Break 3,Right Side Center(RC),24+ ft.,25.0,196.0,156.0,1,1,20131105,TOR,MIA
Shot Chart Detail,0021300051,146,203082,Terrence Ross,1610612761,Toronto Raptors,2,9,12,Missed Shot,Jump Shot,3PT Field Goal,Right Corner 3,Right Side(R),24+ ft.,23.0,233.0,9.0,1,0,20131105,TOR,MIA
Shot Chart Detail,0021300051,154,203082,Terrence Ross,1610612761,Toronto Raptors,2,8,43,Missed Shot,Jump Shot,3PT Field Goal,Above the Break 3,Left Side Center(LC),24+ ft.,24.0,-182.0,159.0,1,0,20131105,TOR,MIA
Shot Chart Detail,0021300051,167,203082,Terrence Ross,1610612761,Toronto Raptors,2,7,32,Made Shot,Jump Shot,3PT Field Goal,Above the Break 3,Right Side Center(RC),24+ ft.,25.0,190.0,165.0,1,1,20131105,TOR,MIA
Shot Chart Detail,0021300051,172,203082,Terrence Ross,1610612761,Toronto Raptors,2,6,45,Made Shot,Jump Shot,3PT Field Goal,Above the Break 3,Right Side Center(RC),24+ ft.,24.0,84.0,233.0,1,1,20131105,TOR,MIA
Shot Chart Detail,0021300051,215,203082,Terrence Ross,1610612761,Toronto Raptors,2,4,3,Missed Shot,Driving Finger Roll Layup Shot,2PT Field Goal,Restricted Area,Center(C),Less Than 8 ft.,2.0,7.0,28.0,1,0,20131105,TOR,MIA
Shot Chart Detail,0021300051,237,203082,Terrence Ross,1610612761,Toronto Raptors,2,2,18,Missed Shot,Jump Shot,3PT Field Goal,Right Corner 3,Right Side(R),24+ ft.,23.0,236.0,4.0,1,0,20131105,TOR,MIA
Shot Chart Detail,0021300051,392,203082,Terrence Ross,1610612761,Toronto Raptors,4,10,8,Missed Shot,Jump Shot,3PT Field Goal,Above the Break 3,Center(C),24+ ft.,25.0,4.0,254.0,1,0,20131105,TOR,MIA
Shot Chart Detail,0021300060,146,203082,Terrence Ross,1610612761,Toronto Raptors,2,8,6,Missed Shot,Jump Shot,2PT Field Goal,Mid-Range,Right Side(R),16-24 ft.,16.0,147.0,74.0,1,0,20131106,CHA,TOR
Shot Chart Detail,0021300060,150,203082,Terrence Ross,1610612761,Toronto Raptors,2,7,34,Missed Shot,Jump Shot,3PT Field Goal,Above the Break 3,Right Side Center(RC),24+ ft.,25.0,143.0,208.0,1,0,20131106,CHA,TOR
Shot Chart Detail,0021300060,182,203082,Terrence Ross,1610612761,Toronto Raptors,2,5,16,Made Shot,Jump Shot,3PT Field Goal,Left Corner 3,Left Side(L),24+ ft.,23.0,-231.0,26.0,1,1,20131106,CHA,TOR
Shot Chart Detail,0021300060,373,203082,Terrence Ross,1610612761,Toronto Raptors,4,11,22,Made Shot,Jump Shot,3PT Field Goal,Left Corner 3,Left Side(L),24+ ft.,23.0,-234.0,26.0,1,1,20131106,CHA,TOR
Shot Chart Detail,0021300060,403,203082,Terrence Ross,1610612761,Toronto Raptors,4,7,38,Missed Shot,Layup Shot,2PT Field Goal,Restricted Area,Center(C),Less Than 8 ft.,2.0,6.0,22.0,1,0,20131106,CHA,TOR
Shot Chart Detail,0021300060,406,203082,Terrence Ross,1610612761,Toronto Raptors,4,7,3,Missed Shot,Jump Shot,2PT Field Goal,Mid-Range,Left Side Center(LC),16-24 ft.,18.0,-130.0,126.0,1,0,20131106,CHA,TOR
Shot Chart Detail,0021300074,122,203082,Terrence Ross,1610612761,Toronto Raptors,2,9,47,Missed Shot,Driving Layup Shot,2PT Field Goal,Restricted Area,Center(C),Less Than 8 ft.,3.0,32.0,12.0,1,0,20131108,IND,TOR
Shot Chart Detail,0021300074,368,203082,Terrence Ross,1610612761,Toronto Raptors,4,11,5,Missed Shot,Driving Layup Shot,2PT Field Goal,Restricted Area,Center(C),Less Than 8 ft.,2.0,-24.0,14.0,1,0,20131108,IND,TOR
Shot Chart Detail,0021300074,474,203082,Terrence Ross,1610612761,Toronto Raptors,4,0,59,Made Shot,Jump Shot,3PT Field Goal,Above the Break 3,Center(C),24+ ft.,25.0,29.0,252.0,1,1,20131108,IND,TOR
Shot Chart Detail,0021300074,487,203082,Terrence Ross,1610612761,Toronto Raptors,4,0,5,Made Shot,Slam Dunk Shot,2PT Field Goal,Restricted Area,Center(C),Less Than 8 ft.,3.0,-32.0,11.0,1,1,20131108,IND,TOR
Shot Chart Detail,0021300085,149,203082,Terrence Ross,1610612761,Toronto Raptors,2,9,44,Made Shot,Jump Shot,2PT Field Goal,Mid-Range,Right Side(R),8-16 ft.,11.0,103.0,52.0,1,1,20131109,TOR,UTA
Shot Chart Detail,0021300085,151,203082,Terrence Ross,1610612761,Toronto Raptors,2,9,16,Made Shot,Fadeaway Jump Shot,2PT Field Goal,Mid-Range,Right Side(R),8-16 ft.,14.0,119.0,86.0,1,1,20131109,TOR,UTA
Shot Chart Detail,0021300085,162,203082,Terrence Ross,1610612761,Toronto Raptors,2,7,52,Missed Shot,Jump Shot,3PT Field Goal,Above the Break 3,Right Side Center(RC),24+ ft.,27.0,226.0,156.0,1,0,20131109,TOR,UTA
Shot Chart Detail,0021300085,204,203082,Terrence Ross,1610612761,Toronto Raptors,2,3,28,Made Shot,Driving Jump shot,2PT Field Goal,In The Paint (Non-RA),Center(C),Less Than 8 ft.,7.0,6.0,71.0,1,1,20131109,TOR,UTA
Shot Chart Detail,0021300085,212,203082,Terrence Ross,1610612761,Toronto Raptors,2,3,1,Missed Shot,Jump Shot,2PT Field Goal,Mid-Range,Right Side(R),16-24 ft.,19.0,196.0,3.0,1,0,20131109,TOR,UTA
Shot Chart Detail,0021300085,226,203082,Terrence Ross,1610612761,Toronto Raptors,2,1,28,Missed Shot,Jump Shot,3PT Field Goal,Left Corner 3,Left Side(L),24+ ft.,22.0,-229.0,11.0,1,0,20131109,TOR,UTA
Shot Chart Detail,0021300085,233,203082,Terrence Ross,1610612761,Toronto Raptors,2,0,56,Made Shot,Jump Shot,3PT Field Goal,Above the Break 3,Left Side Center(LC),24+ ft.,25.0,-217.0,135.0,1,1,20131109,TOR,UTA
Shot Chart Detail,0021300085,412,203082,Terrence Ross,1610612761,Toronto Raptors,4,8,52,Missed Shot,Turnaround Fadeaway shot,2PT Field Goal,Mid-Range,Left Side(L),16-24 ft.,16.0,-168.0,23.0,1,0,20131109,TOR,UTA
Shot Chart Detail,0021300085,441,203082,Terrence Ross,1610612761,Toronto Raptors,4,6,45,Missed Shot,Jump Shot,3PT Field Goal,Left Corner 3,Left Side(L),24+ ft.,23.0,-226.0,55.0,1,0,20131109,TOR,UTA
Shot Chart Detail,0021300103,133,203082,Terrence Ross,1610612761,Toronto Raptors,1,0,49,Missed Shot,Jump Shot,3PT Field Goal,Above the Break 3,Center(C),24+ ft.,25.0,4.0,254.0,1,0,20131111,HOU,TOR
Shot Chart Detail,0021300103,442,203082,Terrence Ross,1610612761,Toronto Raptors,3,0,44,Made Shot,Driving Layup Shot,2PT Field Goal,Restricted Area,Center(C),Less Than 8 ft.,1.0,-18.0,6.0,1,1,20131111,HOU,TOR
Shot Chart Detail,0021300103,464,203082,Terrence Ross,1610612761,Toronto Raptors,4,11,49,Missed Shot,Jump Shot,3PT Field Goal,Above the Break 3,Right Side Center(RC),24+ ft.,24.0,204.0,143.0,1,0,20131111,HOU,TOR
Shot Chart Detail,0021300103,488,203082,Terrence Ross,1610612761,Toronto Raptors,4,9,27,Made Shot,Jump Shot,2PT Field Goal,Mid-Range,Right Side(R),8-16 ft.,10.0,105.0,6.0,1,1,20131111,HOU,TOR
Shot Chart Detail,0021300103,510,203082,Terrence Ross,1610612761,Toronto Raptors,4,7,27,Made Shot,Jump Shot,3PT Field Goal,Left Corner 3,Left Side(L),24+ ft.,22.0,-229.0,12.0,1,1,20131111,HOU,TOR
Shot Chart Detail,0021300103,566,203082,Terrence Ross,1610612761,Toronto Raptors,4,2,24,Made Shot,Tip Shot,2PT Field Goal,Restricted Area,Center(C),Less Than 8 ft.,1.0,-2.0,14.0,1,1,20131111,HOU,TOR
Shot Chart Detail,0021300114,124,203082,Terrence Ross,1610612761,Toronto Raptors,2,10,19,Made Shot,Layup Shot,2PT Field Goal,Restricted Area,Center(C),Less Than 8 ft.,0.0,0.0,-2.0,1,1,20131113,MEM,TOR
Shot Chart Detail,0021300114,445,203082,Terrence Ross,1610612761,Toronto Raptors,4,8,2,Made Shot,Slam Dunk Shot,2PT Field Goal,Restricted Area,Center(C),Less Than 8 ft.,0.0,-5.0,1.0,1,1,20131113,MEM,TOR
Shot Chart Detail,0021300114,463,203082,Terrence Ross,1610612761,Toronto Raptors,4,6,17,Made Shot,Jump Shot,2PT Field Goal,Mid-Range,Left Side(L),8-16 ft.,12.0,-120.0,48.0,1,1,20131113,MEM,TOR
Shot Chart Detail,0021300114,478,203082,Terrence Ross,1610612761,Toronto Raptors,4,4,30,Missed Shot,Jump Shot,3PT Field Goal,Above the Break 3,Left Side Center(LC),24+ ft.,25.0,-221.0,132.0,1,0,20131113,MEM,TOR
Shot Chart Detail,0021300114,529,203082,Terrence Ross,1610612761,Toronto Raptors,4,1,2,Missed Shot,Jump Shot,3PT Field Goal,Above the Break 3,Left Side Center(LC),24+ ft.,26.0,-134.0,231.0,1,0,20131113,MEM,TOR
Shot Chart Detail,0021300126,82,203082,Terrence Ross,1610612761,Toronto Raptors,1,3,17,Missed Shot,Jump Shot,3PT Field Goal,Above the Break 3,Right Side Center(RC),24+ ft.,24.0,226.0,102.0,1,0,20131115,TOR,CHI
Shot Chart Detail,0021300126,109,203082,Terrence Ross,1610612761,Toronto Raptors,1,0,53,Missed Shot,Jump Shot,2PT Field Goal,Mid-Range,Right Side(R),16-24 ft.,19.0,157.0,112.0,1,0,20131115,TOR,CHI
Shot Chart Detail,0021300126,160,203082,Terrence Ross,1610612761,Toronto Raptors,2,8,18,Missed Shot,Jump Shot,2PT Field Goal,Mid-Range,Center(C),8-16 ft.,15.0,-7.0,157.0,1,0,20131115,TOR,CHI
Shot Chart Detail,0021300126,507,203082,Terrence Ross,1610612761,Toronto Raptors,4,1,23,Missed Shot,Jump Shot,3PT Field Goal,Left Corner 3,Left Side(L),24+ ft.,24.0,-240.0,7.0,1,0,20131115,TOR,CHI
Shot Chart Detail,0021300147,88,203082,Terrence Ross,1610612761,Toronto Raptors,1,1,15,Missed Shot,Running Jump Shot,2PT Field Goal,Mid-Range,Right Side(R),8-16 ft.,13.0,95.0,99.0,1,0,20131117,TOR,POR
Shot Chart Detail,0021300147,189,203082,Terrence Ross,1610612761,Toronto Raptors,2,6,16,Missed Shot,Driving Layup Shot,2PT Field Goal,Restricted Area,Center(C),Less Than 8 ft.,2.0,24.0,15.0,1,0,20131117,TOR,POR
Shot Chart Detail,0021300147,239,203082,Terrence Ross,1610612761,Toronto Raptors,2,1,17,Missed Shot,Layup Shot,2PT Field Goal,Restricted Area,Center(C),Less Than 8 ft.,2.0,26.0,7.0,1,0,20131117,TOR,POR
Shot Chart Detail,0021300165,93,203082,Terrence Ross,1610612761,Toronto Raptors,1,2,46,Made Shot,Jump Shot,2PT Field Goal,Mid-Range,Right Side(R),16-24 ft.,18.0,176.0,39.0,1,1,20131120,PHI,TOR
Shot Chart Detail,0021300165,97,203082,Terrence Ross,1610612761,Toronto Raptors,1,2,20,Made Shot,Jump Shot,3PT Field Goal,Above the Break 3,Right Side Center(RC),24+ ft.,24.0,181.0,168.0,1,1,20131120,PHI,TOR
Shot Chart Detail,0021300165,125,203082,Terrence Ross,1610612761,Toronto Raptors,2,11,23,Missed Shot,Jump Shot,3PT Field Goal,Above the Break 3,Left Side Center(LC),24+ ft.,25.0,-221.0,123.0,1,0,20131120,PHI,TOR
Shot Chart Detail,0021300165,161,203082,Terrence Ross,1610612761,Toronto Raptors,2,8,35,Made Shot,Running Jump Shot,2PT Field Goal,Mid-Range,Center(C),8-16 ft.,15.0,-67.0,140.0,1,1,20131120,PHI,TOR
Shot Chart Detail,0021300165,229,203082,Terrence Ross,1610612761,Toronto Raptors,2,3,31,Made Shot,Reverse Layup Shot,2PT Field Goal,Restricted Area,Center(C),Less Than 8 ft.,2.0,-21.0,9.0,1,1,20131120,PHI,TOR
Shot Chart Detail,0021300165,282,203082,Terrence Ross,1610612761,Toronto Raptors,2,0,56,Missed Shot,Jump Shot,2PT Field Goal,In The Paint (Non-RA),Center(C),Less Than 8 ft.,4.0,-26.0,36.0,1,0,20131120,PHI,TOR
Shot Chart Detail,0021300165,374,203082,Terrence Ross,1610612761,Toronto Raptors,3,3,30,Missed Shot,Jump Shot,2PT Field Goal,Mid-Range,Center(C),16-24 ft.,20.0,-29.0,206.0,1,0,20131120,PHI,TOR
Shot Chart Detail,0021300165,417,203082,Terrence Ross,1610612761,Toronto Raptors,3,0,40,Made Shot,Jump Shot,3PT Field Goal,Left Corner 3,Left Side(L),24+ ft.,23.0,-237.0,-19.0,1,1,20131120,PHI,TOR
Shot Chart Detail,0021300165,429,203082,Terrence Ross,1610612761,Toronto Raptors,4,11,15,Missed Shot,Layup Shot,2PT Field Goal,Restricted Area,Center(C),Less Than 8 ft.,1.0,9.0,7.0,1,0,20131120,PHI,TOR
Shot Chart Detail,0021300165,443,203082,Terrence Ross,1610612761,Toronto Raptors,4,10,5,Made Shot,Driving Slam Dunk Shot,2PT Field Goal,Restricted Area,Center(C),Less Than 8 ft.,0.0,0.0,3.0,1,1,20131120,PHI,TOR
Shot Chart Detail,0021300165,487,203082,Terrence Ross,1610612761,Toronto Raptors,4,6,16,Made Shot,Jump Shot,3PT Field Goal,Above the Break 3,Right Side Center(RC),24+ ft.,25.0,173.0,183.0,1,1,20131120,PHI,TOR
Shot Chart Detail,0021300178,127,203082,Terrence Ross,1610612761,Toronto Raptors,2,9,7,Missed Shot,Jump Shot,3PT Field Goal,Left Corner 3,Left Side(L),24+ ft.,24.0,-237.0,44.0,1,0,20131122,TOR,WAS
Shot Chart Detail,0021300178,155,203082,Terrence Ross,1610612761,Toronto Raptors,2,6,26,Made Shot,Jump Shot,2PT Field Goal,Mid-Range,Left Side(L),16-24 ft.,19.0,-193.0,7.0,1,1,20131122,TOR,WAS
Shot Chart Detail,0021300178,386,203082,Terrence Ross,1610612761,Toronto Raptors,4,11,14,Missed Shot,Jump Shot,3PT Field Goal,Above the Break 3,Left Side Center(LC),24+ ft.,25.0,-215.0,146.0,1,0,20131122,TOR,WAS
Shot Chart Detail,0021300178,407,203082,Terrence Ross,1610612761,Toronto Raptors,4,9,42,Made Shot,Slam Dunk Shot,2PT Field Goal,Restricted Area,Center(C),Less Than 8 ft.,0.0,-7.0,6.0,1,1,20131122,TOR,WAS
Shot Chart Detail,0021300178,430,203082,Terrence Ross,1610612761,Toronto Raptors,4,6,33,Made Shot,Jump Shot,3PT Field Goal,Above the Break 3,Right Side Center(RC),24+ ft.,24.0,196.0,142.0,1,1,20131122,TOR,WAS
Shot Chart Detail,0021300178,435,203082,Terrence Ross,1610612761,Toronto Raptors,4,6,6,Missed Shot,Jump Shot,3PT Field Goal,Above the Break 3,Right Side Center(RC),24+ ft.,25.0,211.0,149.0,1,0,20131122,TOR,WAS
Shot Chart Detail,0021300178,452,203082,Terrence Ross,1610612761,Toronto Raptors,4,4,26,Made Shot,Layup Shot,2PT Field Goal,Restricted Area,Center(C),Less Than 8 ft.,2.0,23.0,19.0,1,1,20131122,TOR,WAS
Shot Chart Detail,0021300211,125,203082,Terrence Ross,1610612761,Toronto Raptors,2,9,9,Missed Shot,Jump Shot,3PT Field Goal,Right Corner 3,Right Side(R),24+ ft.,24.0,242.0,60.0,1,0,20131126,TOR,BKN
Shot Chart Detail,0021300211,175,203082,Terrence Ross,1610612761,Toronto Raptors,2,4,51,Made Shot,Jump Shot,3PT Field Goal,Right Corner 3,Right Side(R),24+ ft.,23.0,236.0,31.0,1,1,20131126,TOR,BKN
Shot Chart Detail,0021300211,209,203082,Terrence Ross,1610612761,Toronto Raptors,2,1,38,Missed Shot,Jump Shot,3PT Field Goal,Above the Break 3,Center(C),24+ ft.,26.0,39.0,258.0,1,0,20131126,TOR,BKN
Shot Chart Detail,0021300211,354,203082,Terrence Ross,1610612761,Toronto Raptors,3,1,4,Made Shot,Jump Shot,2PT Field Goal,Mid-Range,Right Side(R),16-24 ft.,20.0,204.0,1.0,1,1,20131126,TOR,BKN
Shot Chart Detail,0021300211,359,203082,Terrence Ross,1610612761,Toronto Raptors,3,0,0,Missed Shot,Running Jump Shot,3PT Field Goal,Above the Break 3,Left Side Center(LC),24+ ft.,36.0,-198.0,309.0,1,0,20131126,TOR,BKN
Shot Chart Detail,0021300211,370,203082,Terrence Ross,1610612761,Toronto Raptors,4,10,51,Made Shot,Driving Reverse Layup Shot,2PT Field Goal,Restricted Area,Center(C),Less Than 8 ft.,3.0,31.0,14.0,1,1,20131126,TOR,BKN
Shot Chart Detail,0021300211,374,203082,Terrence Ross,1610612761,Toronto Raptors,4,10,3,Missed Shot,Driving Reverse Layup Shot,2PT Field Goal,Restricted Area,Center(C),Less Than 8 ft.,3.0,-34.0,7.0,1,0,20131126,TOR,BKN
Shot Chart Detail,0021300230,94,203082,Terrence Ross,1610612761,Toronto Raptors,1,1,58,Missed Shot,Jump Shot,3PT Field Goal,Above the Break 3,Center(C),24+ ft.,23.0,-59.0,231.0,1,0,20131129,TOR,MIA
Shot Chart Detail,0021300230,142,203082,Terrence Ross,1610612761,Toronto Raptors,2,9,53,Missed Shot,Jump Shot,3PT Field Goal,Left Corner 3,Left Side(L),24+ ft.,22.0,-226.0,6.0,1,0,20131129,TOR,MIA
Shot Chart Detail,0021300230,424,203082,Terrence Ross,1610612761,Toronto Raptors,4,9,48,Missed Shot,Jump Shot,3PT Field Goal,Right Corner 3,Right Side(R),24+ ft.,23.0,230.0,-21.0,1,0,20131129,TOR,MIA
Shot Chart Detail,0021300230,460,203082,Terrence Ross,1610612761,Toronto Raptors,4,6,25,Missed Shot,Jump Shot,3PT Field Goal,Above the Break 3,Left Side Center(LC),24+ ft.,24.0,-217.0,113.0,1,0,20131129,TOR,MIA
Shot Chart Detail,0021300230,507,203082,Terrence Ross,1610612761,Toronto Raptors,4,2,9,Missed Shot,Jump Shot,3PT Field Goal,Above the Break 3,Right Side Center(RC),24+ ft.,24.0,182.0,164.0,1,0,20131129,TOR,MIA
Shot Chart Detail,0021300248,150,203082,Terrence Ross,1610612761,Toronto Raptors,2,11,17,Made Shot,Jump Shot,3PT Field Goal,Left Corner 3,Left Side(L),24+ ft.,23.0,-231.0,4.0,1,1,20131201,TOR,DEN
Shot Chart Detail,0021300248,163,203082,Terrence Ross,1610612761,Toronto Raptors,2,9,28,Missed Shot,Jump Shot,3PT Field Goal,Above the Break 3,Right Side Center(RC),24+ ft.,25.0,233.0,99.0,1,0,20131201,TOR,DEN
Shot Chart Detail,0021300248,177,203082,Terrence Ross,1610612761,Toronto Raptors,2,8,8,Missed Shot,Jump Shot,3PT Field Goal,Above the Break 3,Left Side Center(LC),24+ ft.,24.0,-182.0,164.0,1,0,20131201,TOR,DEN
Shot Chart Detail,0021300248,262,203082,Terrence Ross,1610612761,Toronto Raptors,2,1,37,Missed Shot,Running Layup Shot,2PT Field Goal,Restricted Area,Center(C),Less Than 8 ft.,2.0,26.0,11.0,1,0,20131201,TOR,DEN
Shot Chart Detail,0021300248,452,203082,Terrence Ross,1610612761,Toronto Raptors,4,6,23,Made Shot,Pullup Jump shot,2PT Field Goal,Mid-Range,Right Side Center(RC),16-24 ft.,19.0,122.0,154.0,1,1,20131201,TOR,DEN
Shot Chart Detail,0021300248,454,203082,Terrence Ross,1610612761,Toronto Raptors,4,5,54,Made Shot,Jump Shot,3PT Field Goal,Above the Break 3,Right Side Center(RC),24+ ft.,23.0,97.0,219.0,1,1,20131201,TOR,DEN
Shot Chart Detail,0021300248,514,203082,Terrence Ross,1610612761,Toronto Raptors,4,1,31,Missed Shot,Jump Shot,2PT Field Goal,Mid-Range,Center(C),16-24 ft.,19.0,-56.0,190.0,1,0,20131201,TOR,DEN
Shot Chart Detail,0021300248,529,203082,Terrence Ross,1610612761,Toronto Raptors,4,0,58,Missed Shot,Layup Shot,2PT Field Goal,Restricted Area,Center(C),Less Than 8 ft.,2.0,17.0,23.0,1,0,20131201,TOR,DEN
Shot Chart Detail,0021300268,79,203082,Terrence Ross,1610612761,Toronto Raptors,1,2,49,Made Shot,Tip Shot,2PT Field Goal,Restricted Area,Center(C),Less Than 8 ft.,1.0,-10.0,17.0,1,1,20131203,GSW,TOR
Shot Chart Detail,0021300268,103,203082,Terrence Ross,1610612761,Toronto Raptors,1,0,40,Made Shot,Running Bank shot,2PT Field Goal,In The Paint (Non-RA),Center(C),8-16 ft.,12.0,-56.0,110.0,1,1,20131203,GSW,TOR
Shot Chart Detail,0021300268,113,203082,Terrence Ross,1610612761,Toronto Raptors,2,11,38,Missed Shot,Jump Shot,2PT Field Goal,Mid-Range,Right Side(R),8-16 ft.,15.0,152.0,14.0,1,0,20131203,GSW,TOR
Shot Chart Detail,0021300268,124,203082,Terrence Ross,1610612761,Toronto Raptors,2,9,41,Missed Shot,Jump Shot,2PT Field Goal,Mid-Range,Left Side(L),16-24 ft.,18.0,-182.0,3.0,1,0,20131203,GSW,TOR
Shot Chart Detail,0021300268,359,203082,Terrence Ross,1610612761,Toronto Raptors,3,0,41,Missed Shot,Pullup Jump shot,2PT Field Goal,Mid-Range,Right Side Center(RC),16-24 ft.,18.0,140.0,127.0,1,0,20131203,GSW,TOR
Shot Chart Detail,0021300287,175,203082,Terrence Ross,1610612761,Toronto Raptors,2,7,14,Missed Shot,Jump Shot,2PT Field Goal,In The Paint (Non-RA),Center(C),Less Than 8 ft.,4.0,-19.0,37.0,1,0,20131206,PHX,TOR
Shot Chart Detail,0021300287,192,203082,Terrence Ross,1610612761,Toronto Raptors,2,7,14,Missed Shot,Putback Dunk Shot,2PT Field Goal,Restricted Area,Center(C),Less Than 8 ft.,1.0,-11.0,12.0,1,0,20131206,PHX,TOR
Shot Chart Detail,0021300287,181,203082,Terrence Ross,1610612761,Toronto Raptors,2,6,36,Missed Shot,Jump Shot,3PT Field Goal,Above the Break 3,Left Side Center(LC),24+ ft.,24.0,-111.0,219.0,1,0,20131206,PHX,TOR
Shot Chart Detail,0021300303,109,203082,Terrence Ross,1610612761,Toronto Raptors,1,0,0,Made Shot,Jump Bank Shot,3PT Field Goal,Backcourt,Back Court(BC),Back Court Shot,50.0,2.0,509.0,1,1,20131208,LAL,TOR
Shot Chart Detail,0021300303,151,203082,Terrence Ross,1610612761,Toronto Raptors,2,8,37,Missed Shot,Jump Shot,2PT Field Goal,In The Paint (Non-RA),Center(C),Less Than 8 ft.,6.0,65.0,-2.0,1,0,20131208,LAL,TOR
Shot Chart Detail,0021300303,178,203082,Terrence Ross,1610612761,Toronto Raptors,2,6,35,Missed Shot,Jump Shot,3PT Field Goal,Above the Break 3,Right Side Center(RC),24+ ft.,26.0,119.0,233.0,1,0,20131208,LAL,TOR
Shot Chart Detail,0021300303,201,203082,Terrence Ross,1610612761,Toronto Raptors,2,4,20,Missed Shot,Jump Shot,2PT Field Goal,In The Paint (Non-RA),Center(C),8-16 ft.,9.0,-37.0,89.0,1,0,20131208,LAL,TOR
Shot Chart Detail,0021300303,340,203082,Terrence Ross,1610612761,Toronto Raptors,3,1,49,Missed Shot,Jump Shot,3PT Field Goal,Above the Break 3,Right Side Center(RC),24+ ft.,26.0,154.0,213.0,1,0,20131208,LAL,TOR
Shot Chart Detail,0021300303,380,203082,Terrence Ross,1610612761,Toronto Raptors,4,11,6,Made Shot,Jump Shot,2PT Field Goal,In The Paint (Non-RA),Center(C),Less Than 8 ft.,7.0,7.0,77.0,1,1,20131208,LAL,TOR
Shot Chart Detail,0021300303,393,203082,Terrence Ross,1610612761,Toronto Raptors,4,9,6,Made Shot,Jump Shot,3PT Field Goal,Left Corner 3,Left Side(L),24+ ft.,23.0,-231.0,-8.0,1,1,20131208,LAL,TOR
Shot Chart Detail,0021300303,410,203082,Terrence Ross,1610612761,Toronto Raptors,4,7,27,Made Shot,Jump Shot,2PT Field Goal,In The Paint (Non-RA),Center(C),8-16 ft.,8.0,9.0,89.0,1,1,20131208,LAL,TOR
Shot Chart Detail,0021300303,431,203082,Terrence Ross,1610612761,Toronto Raptors,4,5,3,Missed Shot,Jump Shot,3PT Field Goal,Above the Break 3,Right Side Center(RC),24+ ft.,26.0,133.0,233.0,1,0,20131208,LAL,TOR
Shot Chart Detail,0021300312,18,203082,Terrence Ross,1610612761,Toronto Raptors,1,8,43,Made Shot,Jump Shot,3PT Field Goal,Left Corner 3,Left Side(L),24+ ft.,22.0,-228.0,-2.0,1,1,20131210,TOR,SAS
Shot Chart Detail,0021300312,26,203082,Terrence Ross,1610612761,Toronto Raptors,1,7,39,Missed Shot,Turnaround Jump Shot,3PT Field Goal,Above the Break 3,Right Side Center(RC),24+ ft.,24.0,84.0,230.0,1,0,20131210,TOR,SAS
Shot Chart Detail,0021300312,34,203082,Terrence Ross,1610612761,Toronto Raptors,1,7,10,Made Shot,Jump Shot,3PT Field Goal,Above the Break 3,Right Side Center(RC),24+ ft.,25.0,222.0,134.0,1,1,20131210,TOR,SAS
Shot Chart Detail,0021300312,52,203082,Terrence Ross,1610612761,Toronto Raptors,1,5,3,Missed Shot,Running Jump Shot,2PT Field Goal,Mid-Range,Left Side(L),8-16 ft.,12.0,-122.0,-16.0,1,0,20131210,TOR,SAS
Shot Chart Detail,0021300312,60,203082,Terrence Ross,1610612761,Toronto Raptors,1,4,6,Missed Shot,Jump Shot,3PT Field Goal,Left Corner 3,Left Side(L),24+ ft.,22.0,-228.0,-13.0,1,0,20131210,TOR,SAS
Shot Chart Detail,0021300312,128,203082,Terrence Ross,1610612761,Toronto Raptors,2,10,28,Missed Shot,Jump Bank Shot,2PT Field Goal,In The Paint (Non-RA),Center(C),Less Than 8 ft.,4.0,-40.0,20.0,1,0,20131210,TOR,SAS
Shot Chart Detail,0021300312,193,203082,Terrence Ross,1610612761,Toronto Raptors,2,4,22,Missed Shot,Floating Jump shot,2PT Field Goal,Mid-Range,Center(C),16-24 ft.,17.0,13.0,172.0,1,0,20131210,TOR,SAS
Shot Chart Detail,0021300312,253,203082,Terrence Ross,1610612761,Toronto Raptors,3,10,42,Missed Shot,Driving Layup Shot,2PT Field Goal,In The Paint (Non-RA),Center(C),Less Than 8 ft.,4.0,2.0,41.0,1,0,20131210,TOR,SAS
Shot Chart Detail,0021300312,276,203082,Terrence Ross,1610612761,Toronto Raptors,3,8,6,Made Shot,Jump Shot,3PT Field Goal,Above the Break 3,Left Side Center(LC),24+ ft.,26.0,-240.0,102.0,1,1,20131210,TOR,SAS
Shot Chart Detail,0021300312,317,203082,Terrence Ross,1610612761,Toronto Raptors,3,4,51,Made Shot,Jump Shot,3PT Field Goal,Left Corner 3,Left Side(L),24+ ft.,23.0,-235.0,3.0,1,1,20131210,TOR,SAS
Shot Chart Detail,0021300312,322,203082,Terrence Ross,1610612761,Toronto Raptors,3,3,57,Missed Shot,Running Jump Shot,2PT Field Goal,In The Paint (Non-RA),Center(C),8-16 ft.,13.0,-2.0,137.0,1,0,20131210,TOR,SAS
Shot Chart Detail,0021300312,338,203082,Terrence Ross,1610612761,Toronto Raptors,3,2,20,Missed Shot,Jump Shot,3PT Field Goal,Left Corner 3,Left Side(L),24+ ft.,23.0,-232.0,-2.0,1,0,20131210,TOR,SAS
Shot Chart Detail,0021300312,449,203082,Terrence Ross,1610612761,Toronto Raptors,4,4,42,Missed Shot,Jump Shot,2PT Field Goal,Mid-Range,Left Side(L),16-24 ft.,17.0,-157.0,85.0,1,0,20131210,TOR,SAS
Shot Chart Detail,0021300331,18,203082,Terrence Ross,1610612761,Toronto Raptors,1,10,14,Made Shot,Alley Oop Dunk Shot,2PT Field Goal,Restricted Area,Center(C),Less Than 8 ft.,1.0,-5.0,9.0,1,1,20131213,TOR,PHI
Shot Chart Detail,0021300331,23,203082,Terrence Ross,1610612761,Toronto Raptors,1,9,41,Made Shot,Driving Slam Dunk Shot,2PT Field Goal,Restricted Area,Center(C),Less Than 8 ft.,1.0,12.0,-6.0,1,1,20131213,TOR,PHI
Shot Chart Detail,0021300331,29,203082,Terrence Ross,1610612761,Toronto Raptors,1,9,13,Made Shot,Jump Shot,3PT Field Goal,Right Corner 3,Right Side(R),24+ ft.,23.0,237.0,-6.0,1,1,20131213,TOR,PHI
Shot Chart Detail,0021300331,34,203082,Terrence Ross,1610612761,Toronto Raptors,1,8,43,Missed Shot,Jump Shot,3PT Field Goal,Right Corner 3,Right Side(R),24+ ft.,23.0,231.0,42.0,1,0,20131213,TOR,PHI
Shot Chart Detail,0021300331,52,203082,Terrence Ross,1610612761,Toronto Raptors,1,6,8,Made Shot,Pullup Jump shot,2PT Field Goal,Mid-Range,Right Side(R),16-24 ft.,17.0,163.0,55.0,1,1,20131213,TOR,PHI
Shot Chart Detail,0021300331,54,203082,Terrence Ross,1610612761,Toronto Raptors,1,5,39,Made Shot,Jump Shot,3PT Field Goal,Right Corner 3,Right Side(R),24+ ft.,23.0,234.0,23.0,1,1,20131213,TOR,PHI
Shot Chart Detail,0021300331,117,203082,Terrence Ross,1610612761,Toronto Raptors,2,10,26,Missed Shot,Jump Shot,2PT Field Goal,Mid-Range,Center(C),16-24 ft.,16.0,15.0,162.0,1,0,20131213,TOR,PHI
Shot Chart Detail,0021300331,142,203082,Terrence Ross,1610612761,Toronto Raptors,2,7,54,Made Shot,Jump Shot,3PT Field Goal,Right Corner 3,Right Side(R),24+ ft.,24.0,242.0,22.0,1,1,20131213,TOR,PHI
Shot Chart Detail,0021300331,184,203082,Terrence Ross,1610612761,Toronto Raptors,2,3,41,Missed Shot,Jump Shot,3PT Field Goal,Above the Break 3,Center(C),24+ ft.,24.0,-10.0,244.0,1,0,20131213,TOR,PHI
Shot Chart Detail,0021300331,221,203082,Terrence Ross,1610612761,Toronto Raptors,2,1,45,Missed Shot,Driving Jump shot,2PT Field Goal,In The Paint (Non-RA),Left Side(L),8-16 ft.,8.0,-48.0,72.0,1,0,20131213,TOR,PHI
Shot Chart Detail,0021300331,272,203082,Terrence Ross,1610612761,Toronto Raptors,3,9,22,Made Shot,Pullup Jump shot,2PT Field Goal,Mid-Range,Right Side(R),8-16 ft.,14.0,141.0,6.0,1,1,20131213,TOR,PHI
Shot Chart Detail,0021300331,320,203082,Terrence Ross,1610612761,Toronto Raptors,3,5,24,Made Shot,Jump Shot,2PT Field Goal,Mid-Range,Right Side(R),16-24 ft.,18.0,181.0,48.0,1,1,20131213,TOR,PHI
Shot Chart Detail,0021300331,328,203082,Terrence Ross,1610612761,Toronto Raptors,3,4,45,Missed Shot,Pullup Jump shot,2PT Field Goal,Mid-Range,Center(C),16-24 ft.,17.0,7.0,173.0,1,0,20131213,TOR,PHI
Shot Chart Detail,0021300331,332,203082,Terrence Ross,1610612761,Toronto Raptors,3,4,19,Made Shot,Pullup Jump shot,2PT Field Goal,In The Paint (Non-RA),Center(C),Less Than 8 ft.,7.0,-79.0,-3.0,1,1,20131213,TOR,PHI
Shot Chart Detail,0021300331,352,203082,Terrence Ross,1610612761,Toronto Raptors,3,2,3,Missed Shot,Jump Shot,3PT Field Goal,Left Corner 3,Left Side(L),24+ ft.,23.0,-232.0,9.0,1,0,20131213,TOR,PHI
Shot Chart Detail,0021300331,512,203082,Terrence Ross,1610612761,Toronto Raptors,4,1,38,Made Shot,Jump Shot,3PT Field Goal,Right Corner 3,Right Side(R),24+ ft.,23.0,233.0,12.0,1,1,20131213,TOR,PHI
Shot Chart Detail,0021300346,2,203082,Terrence Ross,1610612761,Toronto Raptors,1,11,40,Missed Shot,Jump Shot,2PT Field Goal,Mid-Range,Right Side Center(RC),16-24 ft.,19.0,135.0,142.0,1,0,20131214,CHI,TOR
Shot Chart Detail,0021300346,8,203082,Terrence Ross,1610612761,Toronto Raptors,1,10,33,Missed Shot,Jump Shot,2PT Field Goal,In The Paint (Non-RA),Center(C),8-16 ft.,12.0,-11.0,121.0,1,0,20131214,CHI,TOR
Shot Chart Detail,0021300346,12,203082,Terrence Ross,1610612761,Toronto Raptors,1,10,21,Made Shot,Layup Shot,2PT Field Goal,Restricted Area,Center(C),Less Than 8 ft.,0.0,6.0,3.0,1,1,20131214,CHI,TOR
Shot Chart Detail,0021300346,37,203082,Terrence Ross,1610612761,Toronto Raptors,1,7,28,Missed Shot,Jump Shot,2PT Field Goal,Mid-Range,Left Side(L),8-16 ft.,10.0,-103.0,1.0,1,0,20131214,CHI,TOR
Shot Chart Detail,0021300346,52,203082,Terrence Ross,1610612761,Toronto Raptors,1,5,54,Missed Shot,Jump Shot,2PT Field Goal,In The Paint (Non-RA),Center(C),Less Than 8 ft.,4.0,-48.0,4.0,1,0,20131214,CHI,TOR
Shot Chart Detail,0021300346,103,203082,Terrence Ross,1610612761,Toronto Raptors,1,1,2,Missed Shot,Jump Shot,3PT Field Goal,Right Corner 3,Right Side(R),24+ ft.,23.0,230.0,-8.0,1,0,20131214,CHI,TOR
Shot Chart Detail,0021300346,173,203082,Terrence Ross,1610612761,Toronto Raptors,2,7,0,Missed Shot,Jump Shot,3PT Field Goal,Above the Break 3,Left Side Center(LC),24+ ft.,25.0,-149.0,201.0,1,0,20131214,CHI,TOR
Shot Chart Detail,0021300346,185,203082,Terrence Ross,1610612761,Toronto Raptors,2,5,50,Missed Shot,Driving Jump shot,2PT Field Goal,Mid-Range,Right Side Center(RC),16-24 ft.,21.0,72.0,203.0,1,0,20131214,CHI,TOR
Shot Chart Detail,0021300346,200,203082,Terrence Ross,1610612761,Toronto Raptors,2,4,23,Missed Shot,Jump Shot,3PT Field Goal,Left Corner 3,Left Side(L),24+ ft.,22.0,-228.0,-19.0,1,0,20131214,CHI,TOR
Shot Chart Detail,0021300346,272,203082,Terrence Ross,1610612761,Toronto Raptors,3,9,40,Made Shot,Tip Shot,2PT Field Goal,Restricted Area,Center(C),Less Than 8 ft.,1.0,-11.0,6.0,1,1,20131214,CHI,TOR
Shot Chart Detail,0021300346,292,203082,Terrence Ross,1610612761,Toronto Raptors,3,6,36,Made Shot,Hook Shot,2PT Field Goal,In The Paint (Non-RA),Right Side(R),8-16 ft.,8.0,77.0,34.0,1,1,20131214,CHI,TOR
Shot Chart Detail,0021300346,349,203082,Terrence Ross,1610612761,Toronto Raptors,3,2,52,Made Shot,Running Slam Dunk Shot,2PT Field Goal,Restricted Area,Center(C),Less Than 8 ft.,1.0,-8.0,12.0,1,1,20131214,CHI,TOR
Shot Chart Detail,0021300371,8,203082,Terrence Ross,1610612761,Toronto Raptors,1,10,28,Missed Shot,Jump Shot,3PT Field Goal,Above the Break 3,Right Side Center(RC),24+ ft.,25.0,125.0,219.0,1,0,20131218,TOR,CHA
Shot Chart Detail,0021300371,17,203082,Terrence Ross,1610612761,Toronto Raptors,1,9,14,Missed Shot,Jump Shot,3PT Field Goal,Above the Break 3,Left Side Center(LC),24+ ft.,25.0,-226.0,112.0,1,0,20131218,TOR,CHA
Shot Chart Detail,0021300371,28,203082,Terrence Ross,1610612761,Toronto Raptors,1,7,46,Missed Shot,Jump Shot,3PT Field Goal,Right Corner 3,Right Side(R),24+ ft.,23.0,230.0,14.0,1,0,20131218,TOR,CHA
Shot Chart Detail,0021300371,248,203082,Terrence Ross,1610612761,Toronto Raptors,2,0,54,Missed Shot,Jump Shot,3PT Field Goal,Above the Break 3,Left Side Center(LC),24+ ft.,25.0,-217.0,135.0,1,0,20131218,TOR,CHA
Shot Chart Detail,0021300371,270,203082,Terrence Ross,1610612761,Toronto Raptors,3,11,6,Made Shot,Jump Shot,3PT Field Goal,Above the Break 3,Right Side Center(RC),24+ ft.,26.0,220.0,142.0,1,1,20131218,TOR,CHA
Shot Chart Detail,0021300371,314,203082,Terrence Ross,1610612761,Toronto Raptors,3,6,27,Made Shot,Jump Shot,2PT Field Goal,Mid-Range,Left Side(L),16-24 ft.,19.0,-191.0,58.0,1,1,20131218,TOR,CHA
Shot Chart Detail,0021300371,330,203082,Terrence Ross,1610612761,Toronto Raptors,3,4,53,Missed Shot,Jump Shot,3PT Field Goal,Right Corner 3,Right Side(R),24+ ft.,23.0,234.0,-2.0,1,0,20131218,TOR,CHA
Shot Chart Detail,0021300371,414,203082,Terrence Ross,1610612761,Toronto Raptors,4,11,13,Missed Shot,Jump Shot,3PT Field Goal,Above the Break 3,Left Side Center(LC),24+ ft.,26.0,-223.0,137.0,1,0,20131218,TOR,CHA
Shot Chart Detail,0021300371,417,203082,Terrence Ross,1610612761,Toronto Raptors,4,10,22,Missed Shot,Driving Bank Hook Shot,2PT Field Goal,In The Paint (Non-RA),Center(C),Less Than 8 ft.,5.0,20.0,53.0,1,0,20131218,TOR,CHA
Shot Chart Detail,0021300389,34,203082,Terrence Ross,1610612761,Toronto Raptors,1,7,10,Missed Shot,Jump Shot,2PT Field Goal,Mid-Range,Right Side Center(RC),16-24 ft.,20.0,136.0,159.0,1,0,20131220,DAL,TOR
Shot Chart Detail,0021300389,62,203082,Terrence Ross,1610612761,Toronto Raptors,1,3,47,Missed Shot,Driving Slam Dunk Shot,2PT Field Goal,Restricted Area,Center(C),Less Than 8 ft.,0.0,7.0,-3.0,1,0,20131220,DAL,TOR
Shot Chart Detail,0021300389,193,203082,Terrence Ross,1610612761,Toronto Raptors,2,4,30,Made Shot,Jump Shot,3PT Field Goal,Above the Break 3,Right Side Center(RC),24+ ft.,25.0,174.0,190.0,1,1,20131220,DAL,TOR
Shot Chart Detail,0021300389,221,203082,Terrence Ross,1610612761,Toronto Raptors,2,1,56,Missed Shot,Jump Shot,3PT Field Goal,Above the Break 3,Right Side Center(RC),24+ ft.,24.0,190.0,151.0,1,0,20131220,DAL,TOR
Shot Chart Detail,0021300389,233,203082,Terrence Ross,1610612761,Toronto Raptors,2,0,57,Made Shot,Turnaround Jump Shot,2PT Field Goal,In The Paint (Non-RA),Left Side(L),8-16 ft.,8.0,-70.0,48.0,1,1,20131220,DAL,TOR
Shot Chart Detail,0021300389,264,203082,Terrence Ross,1610612761,Toronto Raptors,3,9,30,Made Shot,Jump Shot,2PT Field Goal,Mid-Range,Left Side(L),8-16 ft.,15.0,-153.0,26.0,1,1,20131220,DAL,TOR
Shot Chart Detail,0021300389,298,203082,Terrence Ross,1610612761,Toronto Raptors,3,5,57,Made Shot,Jump Shot,3PT Field Goal,Left Corner 3,Left Side(L),24+ ft.,22.0,-226.0,1.0,1,1,20131220,DAL,TOR
Shot Chart Detail,0021300389,345,203082,Terrence Ross,1610612761,Toronto Raptors,3,1,12,Missed Shot,Jump Shot,2PT Field Goal,Mid-Range,Left Side Center(LC),16-24 ft.,22.0,-128.0,179.0,1,0,20131220,DAL,TOR
Shot Chart Detail,0021300389,354,203082,Terrence Ross,1610612761,Toronto Raptors,3,0,7,Made Shot,Jump Shot,3PT Field Goal,Above the Break 3,Right Side Center(RC),24+ ft.,24.0,211.0,123.0,1,1,20131220,DAL,TOR
Shot Chart Detail,0021300405,28,203082,Terrence Ross,1610612761,Toronto Raptors,1,8,30,Missed Shot,Jump Shot,3PT Field Goal,Above the Break 3,Left Side Center(LC),24+ ft.,24.0,-215.0,107.0,1,0,20131222,OKC,TOR
Shot Chart Detail,0021300405,32,203082,Terrence Ross,1610612761,Toronto Raptors,1,8,10,Made Shot,Jump Shot,3PT Field Goal,Right Corner 3,Right Side(R),24+ ft.,22.0,223.0,30.0,1,1,20131222,OKC,TOR
Shot Chart Detail,0021300405,87,203082,Terrence Ross,1610612761,Toronto Raptors,1,3,5,Missed Shot,Jump Shot,2PT Field Goal,Mid-Range,Right Side(R),16-24 ft.,17.0,166.0,48.0,1,0,20131222,OKC,TOR
Shot Chart Detail,0021300405,98,203082,Terrence Ross,1610612761,Toronto Raptors,1,2,17,Missed Shot,Dunk Shot,2PT Field Goal,Restricted Area,Center(C),Less Than 8 ft.,1.0,-15.0,-2.0,1,0,20131222,OKC,TOR
Shot Chart Detail,0021300405,100,203082,Terrence Ross,1610612761,Toronto Raptors,1,2,6,Missed Shot,Jump Shot,2PT Field Goal,Mid-Range,Left Side(L),8-16 ft.,13.0,-123.0,53.0,1,0,20131222,OKC,TOR
Shot Chart Detail,0021300405,163,203082,Terrence Ross,1610612761,Toronto Raptors,2,9,58,Made Shot,Jump Shot,3PT Field Goal,Above the Break 3,Right Side Center(RC),24+ ft.,24.0,187.0,159.0,1,1,20131222,OKC,TOR
Shot Chart Detail,0021300405,172,203082,Terrence Ross,1610612761,Toronto Raptors,2,9,25,Missed Shot,Jump Shot,3PT Field Goal,Above the Break 3,Right Side Center(RC),24+ ft.,25.0,198.0,154.0,1,0,20131222,OKC,TOR
Shot Chart Detail,0021300405,319,203082,Terrence Ross,1610612761,Toronto Raptors,3,9,19,Missed Shot,Jump Shot,2PT Field Goal,Mid-Range,Right Side(R),16-24 ft.,16.0,163.0,1.0,1,0,20131222,OKC,TOR
Shot Chart Detail,0021300405,325,203082,Terrence Ross,1610612761,Toronto Raptors,3,8,43,Missed Shot,Pullup Jump shot,2PT Field Goal,In The Paint (Non-RA),Center(C),8-16 ft.,15.0,-62.0,138.0,1,0,20131222,OKC,TOR
Shot Chart Detail,0021300405,374,203082,Terrence Ross,1610612761,Toronto Raptors,3,5,18,Missed Shot,Jump Shot,2PT Field Goal,Mid-Range,Left Side Center(LC),16-24 ft.,17.0,-79.0,151.0,1,0,20131222,OKC,TOR
Shot Chart Detail,0021300414,48,203082,Terrence Ross,1610612761,Toronto Raptors,1,6,39,Missed Shot,Jump Shot,3PT Field Goal,Above the Break 3,Left Side Center(LC),24+ ft.,25.0,-116.0,230.0,1,0,20131223,SAS,TOR
Shot Chart Detail,0021300414,51,203082,Terrence Ross,1610612761,Toronto Raptors,1,6,17,Made Shot,Jump Shot,2PT Field Goal,Mid-Range,Left Side(L),8-16 ft.,15.0,-146.0,47.0,1,1,20131223,SAS,TOR
Shot Chart Detail,0021300414,163,203082,Terrence Ross,1610612761,Toronto Raptors,2,9,1,Made Shot,Jump Shot,3PT Field Goal,Above the Break 3,Right Side Center(RC),24+ ft.,25.0,211.0,143.0,1,1,20131223,SAS,TOR
Shot Chart Detail,0021300414,170,203082,Terrence Ross,1610612761,Toronto Raptors,2,8,25,Missed Shot,Jump Shot,2PT Field Goal,In The Paint (Non-RA),Center(C),Less Than 8 ft.,7.0,-70.0,-3.0,1,0,20131223,SAS,TOR
Shot Chart Detail,0021300414,184,203082,Terrence Ross,1610612761,Toronto Raptors,2,7,20,Made Shot,Pullup Jump shot,2PT Field Goal,In The Paint (Non-RA),Center(C),8-16 ft.,15.0,-73.0,132.0,1,1,20131223,SAS,TOR
Shot Chart Detail,0021300414,208,203082,Terrence Ross,1610612761,Toronto Raptors,2,5,20,Missed Shot,Jump Shot,3PT Field Goal,Above the Break 3,Left Side Center(LC),24+ ft.,24.0,-205.0,131.0,1,0,20131223,SAS,TOR
Shot Chart Detail,0021300414,218,203082,Terrence Ross,1610612761,Toronto Raptors,2,4,34,Made Shot,Slam Dunk Shot,2PT Field Goal,Restricted Area,Center(C),Less Than 8 ft.,0.0,-7.0,4.0,1,1,20131223,SAS,TOR
Shot Chart Detail,0021300414,227,203082,Terrence Ross,1610612761,Toronto Raptors,2,3,28,Missed Shot,Jump Shot,2PT Field Goal,Restricted Area,Center(C),Less Than 8 ft.,3.0,31.0,0.0,1,0,20131223,SAS,TOR
Shot Chart Detail,0021300414,316,203082,Terrence Ross,1610612761,Toronto Raptors,3,7,35,Made Shot,Pullup Jump shot,2PT Field Goal,Mid-Range,Right Side Center(RC),16-24 ft.,18.0,149.0,112.0,1,1,20131223,SAS,TOR
Shot Chart Detail,0021300414,349,203082,Terrence Ross,1610612761,Toronto Raptors,3,5,18,Missed Shot,Jump Shot,2PT Field Goal,Mid-Range,Right Side Center(RC),16-24 ft.,21.0,122.0,175.0,1,0,20131223,SAS,TOR
Shot Chart Detail,0021300414,353,203082,Terrence Ross,1610612761,Toronto Raptors,3,5,1,Made Shot,Jump Shot,3PT Field Goal,Above the Break 3,Right Side Center(RC),24+ ft.,24.0,187.0,164.0,1,1,20131223,SAS,TOR
Shot Chart Detail,0021300414,467,203082,Terrence Ross,1610612761,Toronto Raptors,4,6,40,Made Shot,Jump Shot,2PT Field Goal,Mid-Range,Left Side(L),8-16 ft.,8.0,-82.0,17.0,1,1,20131223,SAS,TOR
Shot Chart Detail,0021300414,470,203082,Terrence Ross,1610612761,Toronto Raptors,4,6,21,Missed Shot,Jump Shot,3PT Field Goal,Above the Break 3,Right Side Center(RC),24+ ft.,25.0,179.0,184.0,1,0,20131223,SAS,TOR
Shot Chart Detail,0021300414,492,203082,Terrence Ross,1610612761,Toronto Raptors,4,5,12,Made Shot,Pullup Jump shot,2PT Field Goal,Mid-Range,Right Side(R),8-16 ft.,9.0,81.0,55.0,1,1,20131223,SAS,TOR
Shot Chart Detail,0021300414,518,203082,Terrence Ross,1610612761,Toronto Raptors,4,2,48,Made Shot,Jump Shot,3PT Field Goal,Left Corner 3,Left Side(L),24+ ft.,22.0,-228.0,-17.0,1,1,20131223,SAS,TOR
Shot Chart Detail,0021300414,520,203082,Terrence Ross,1610612761,Toronto Raptors,4,2,18,Made Shot,Jump Shot,2PT Field Goal,In The Paint (Non-RA),Center(C),Less Than 8 ft.,4.0,4.0,48.0,1,1,20131223,SAS,TOR
Shot Chart Detail,0021300430,15,203082,Terrence Ross,1610612761,Toronto Raptors,1,10,34,Missed Shot,Jump Shot,3PT Field Goal,Right Corner 3,Right Side(R),24+ ft.,23.0,236.0,-27.0,1,0,20131227,NYK,TOR
Shot Chart Detail,0021300430,87,203082,Terrence Ross,1610612761,Toronto Raptors,1,3,34,Missed Shot,Jump Shot,2PT Field Goal,Mid-Range,Right Side(R),8-16 ft.,11.0,111.0,-33.0,1,0,20131227,NYK,TOR
Shot Chart Detail,0021300430,225,203082,Terrence Ross,1610612761,Toronto Raptors,2,3,17,Made Shot,Jump Shot,3PT Field Goal,Above the Break 3,Left Side Center(LC),24+ ft.,24.0,-198.0,142.0,1,1,20131227,NYK,TOR
Shot Chart Detail,0021300430,242,203082,Terrence Ross,1610612761,Toronto Raptors,2,1,35,Missed Shot,Jump Shot,3PT Field Goal,Left Corner 3,Left Side(L),24+ ft.,22.0,-224.0,-32.0,1,0,20131227,NYK,TOR
Shot Chart Detail,0021300430,297,203082,Terrence Ross,1610612761,Toronto Raptors,3,8,40,Missed Shot,Jump Shot,3PT Field Goal,Left Corner 3,Left Side(L),24+ ft.,22.0,-221.0,-32.0,1,0,20131227,NYK,TOR
Shot Chart Detail,0021300430,319,203082,Terrence Ross,1610612761,Toronto Raptors,3,6,42,Made Shot,Jump Shot,3PT Field Goal,Left Corner 3,Left Side(L),24+ ft.,22.0,-223.0,-25.0,1,1,20131227,NYK,TOR
Shot Chart Detail,0021300430,331,203082,Terrence Ross,1610612761,Toronto Raptors,3,4,52,Made Shot,Jump Shot,3PT Field Goal,Right Corner 3,Right Side(R),24+ ft.,23.0,233.0,-21.0,1,1,20131227,NYK,TOR
Shot Chart Detail,0021300430,336,203082,Terrence Ross,1610612761,Toronto Raptors,3,4,15,Made Shot,Jump Shot,2PT Field Goal,Mid-Range,Left Side(L),8-16 ft.,10.0,-108.0,-10.0,1,1,20131227,NYK,TOR
Shot Chart Detail,0021300438,22,203082,Terrence Ross,1610612761,Toronto Raptors,1,9,17,Made Shot,Jump Shot,3PT Field Goal,Above the Break 3,Right Side Center(RC),24+ ft.,24.0,211.0,121.0,1,1,20131228,TOR,NYK
Shot Chart Detail,0021300438,41,203082,Terrence Ross,1610612761,Toronto Raptors,1,7,21,Missed Shot,Running Jump Shot,2PT Field Goal,Mid-Range,Right Side(R),8-16 ft.,11.0,119.0,14.0,1,0,20131228,TOR,NYK
Shot Chart Detail,0021300438,52,203082,Terrence Ross,1610612761,Toronto Raptors,1,6,19,Missed Shot,Driving Hook Shot,2PT Field Goal,Restricted Area,Center(C),Less Than 8 ft.,3.0,-4.0,37.0,1,0,20131228,TOR,NYK
Shot Chart Detail,0021300438,129,203082,Terrence Ross,1610612761,Toronto Raptors,2,11,9,Missed Shot,Jump Shot,3PT Field Goal,Right Corner 3,Right Side(R),24+ ft.,23.0,230.0,1.0,1,0,20131228,TOR,NYK
Shot Chart Detail,0021300438,142,203082,Terrence Ross,1610612761,Toronto Raptors,2,9,39,Made Shot,Jump Shot,3PT Field Goal,Above the Break 3,Left Side Center(LC),24+ ft.,24.0,-82.0,228.0,1,1,20131228,TOR,NYK
Shot Chart Detail,0021300438,145,203082,Terrence Ross,1610612761,Toronto Raptors,2,9,0,Missed Shot,Jump Shot,3PT Field Goal,Left Corner 3,Left Side(L),24+ ft.,22.0,-229.0,4.0,1,0,20131228,TOR,NYK
Shot Chart Detail,0021300438,148,203082,Terrence Ross,1610612761,Toronto Raptors,2,8,46,Missed Shot,Driving Layup Shot,2PT Field Goal,Restricted Area,Center(C),Less Than 8 ft.,1.0,-13.0,11.0,1,0,20131228,TOR,NYK
Shot Chart Detail,0021300438,173,203082,Terrence Ross,1610612761,Toronto Raptors,2,6,7,Missed Shot,Pullup Jump shot,3PT Field Goal,Above the Break 3,Left Side Center(LC),24+ ft.,24.0,-179.0,168.0,1,0,20131228,TOR,NYK
Shot Chart Detail,0021300438,200,203082,Terrence Ross,1610612761,Toronto Raptors,2,4,46,Made Shot,Running Slam Dunk Shot,2PT Field Goal,Restricted Area,Center(C),Less Than 8 ft.,0.0,1.0,1.0,1,1,20131228,TOR,NYK
Shot Chart Detail,0021300438,210,203082,Terrence Ross,1610612761,Toronto Raptors,2,3,46,Made Shot,Jump Shot,3PT Field Goal,Left Corner 3,Left Side(L),24+ ft.,23.0,-235.0,9.0,1,1,20131228,TOR,NYK
Shot Chart Detail,0021300438,239,203082,Terrence Ross,1610612761,Toronto Raptors,2,2,14,Made Shot,Jump Shot,3PT Field Goal,Left Corner 3,Left Side(L),24+ ft.,23.0,-231.0,0.0,1,1,20131228,TOR,NYK
Shot Chart Detail,0021300438,305,203082,Terrence Ross,1610612761,Toronto Raptors,3,9,23,Made Shot,Jump Shot,3PT Field Goal,Left Corner 3,Left Side(L),24+ ft.,22.0,-229.0,6.0,1,1,20131228,TOR,NYK
Shot Chart Detail,0021300438,311,203082,Terrence Ross,1610612761,Toronto Raptors,3,8,25,Made Shot,Jump Shot,3PT Field Goal,Left Corner 3,Left Side(L),24+ ft.,23.0,-234.0,-2.0,1,1,20131228,TOR,NYK
Shot Chart Detail,0021300438,330,203082,Terrence Ross,1610612761,Toronto Raptors,3,7,14,Missed Shot,Jump Shot,3PT Field Goal,Above the Break 3,Right Side Center(RC),24+ ft.,24.0,220.0,118.0,1,0,20131228,TOR,NYK
Shot Chart Detail,0021300438,362,203082,Terrence Ross,1610612761,Toronto Raptors,3,4,14,Made Shot,Jump Shot,3PT Field Goal,Above the Break 3,Center(C),24+ ft.,24.0,-59.0,233.0,1,1,20131228,TOR,NYK
Shot Chart Detail,0021300438,364,203082,Terrence Ross,1610612761,Toronto Raptors,3,3,29,Missed Shot,Jump Shot,2PT Field Goal,Mid-Range,Right Side(R),16-24 ft.,19.0,198.0,20.0,1,0,20131228,TOR,NYK
Shot Chart Detail,0021300463,11,203082,Terrence Ross,1610612761,Toronto Raptors,1,11,5,Missed Shot,Jump Shot,3PT Field Goal,Above the Break 3,Left Side Center(LC),24+ ft.,24.0,-150.0,198.0,1,0,20131231,CHI,TOR
Shot Chart Detail,0021300463,209,203082,Terrence Ross,1610612761,Toronto Raptors,2,2,24,Made Shot,Jump Bank Shot,2PT Field Goal,In The Paint (Non-RA),Center(C),Less Than 8 ft.,7.0,-73.0,14.0,1,1,20131231,CHI,TOR
Shot Chart Detail,0021300463,277,203082,Terrence Ross,1610612761,Toronto Raptors,3,8,21,Missed Shot,Jump Shot,2PT Field Goal,Mid-Range,Right Side Center(RC),16-24 ft.,20.0,81.0,192.0,1,0,20131231,CHI,TOR
Shot Chart Detail,0021300463,294,203082,Terrence Ross,1610612761,Toronto Raptors,3,7,18,Missed Shot,Jump Shot,3PT Field Goal,Above the Break 3,Right Side Center(RC),24+ ft.,23.0,203.0,127.0,1,0,20131231,CHI,TOR
Shot Chart Detail,0021300463,300,203082,Terrence Ross,1610612761,Toronto Raptors,3,6,41,Made Shot,Slam Dunk Shot,2PT Field Goal,Restricted Area,Center(C),Less Than 8 ft.,0.0,7.0,7.0,1,1,20131231,CHI,TOR
Shot Chart Detail,0021300463,367,203082,Terrence Ross,1610612761,Toronto Raptors,3,0,49,Made Shot,Running Layup Shot,2PT Field Goal,In The Paint (Non-RA),Center(C),Less Than 8 ft.,4.0,43.0,22.0,1,1,20131231,CHI,TOR
Shot Chart Detail,0021300469,31,203082,Terrence Ross,1610612761,Toronto Raptors,1,7,51,Made Shot,Jump Shot,3PT Field Goal,Above the Break 3,Right Side Center(RC),24+ ft.,23.0,203.0,126.0,1,1,20140101,TOR,IND
Shot Chart Detail,0021300469,72,203082,Terrence Ross,1610612761,Toronto Raptors,1,4,27,Made Shot,Pullup Jump shot,2PT Field Goal,Mid-Range,Left Side(L),16-24 ft.,16.0,-168.0,14.0,1,1,20140101,TOR,IND
Shot Chart Detail,0021300469,96,203082,Terrence Ross,1610612761,Toronto Raptors,1,2,31,Made Shot,Jump Shot,2PT Field Goal,Mid-Range,Right Side Center(RC),16-24 ft.,17.0,116.0,127.0,1,1,20140101,TOR,IND
Shot Chart Detail,0021300469,102,203082,Terrence Ross,1610612761,Toronto Raptors,1,2,5,Missed Shot,Driving Jump shot,2PT Field Goal,Mid-Range,Right Side(R),8-16 ft.,10.0,100.0,6.0,1,0,20140101,TOR,IND
Shot Chart Detail,0021300469,200,203082,Terrence Ross,1610612761,Toronto Raptors,2,5,1,Missed Shot,Jump Shot,3PT Field Goal,Left Corner 3,Left Side(L),24+ ft.,24.0,-244.0,-5.0,1,0,20140101,TOR,IND
Shot Chart Detail,0021300469,246,203082,Terrence Ross,1610612761,Toronto Raptors,2,0,0,Missed Shot,Pullup Jump shot,3PT Field Goal,Above the Break 3,Right Side Center(RC),24+ ft.,36.0,206.0,306.0,1,0,20140101,TOR,IND
Shot Chart Detail,0021300469,284,203082,Terrence Ross,1610612761,Toronto Raptors,3,9,20,Missed Shot,Driving Finger Roll Layup Shot,2PT Field Goal,Restricted Area,Center(C),Less Than 8 ft.,0.0,7.0,-3.0,1,0,20140101,TOR,IND
Shot Chart Detail,0021300469,286,203082,Terrence Ross,1610612761,Toronto Raptors,3,9,16,Missed Shot,Tip Shot,2PT Field Goal,Restricted Area,Center(C),Less Than 8 ft.,3.0,-29.0,17.0,1,0,20140101,TOR,IND
Shot Chart Detail,0021300469,292,203082,Terrence Ross,1610612761,Toronto Raptors,3,8,53,Made Shot,Jump Shot,2PT Field Goal,Mid-Range,Left Side(L),16-24 ft.,16.0,-168.0,7.0,1,1,20140101,TOR,IND
Shot Chart Detail,0021300469,296,203082,Terrence Ross,1610612761,Toronto Raptors,3,8,1,Made Shot,Driving Layup Shot,2PT Field Goal,Restricted Area,Center(C),Less Than 8 ft.,1.0,1.0,15.0,1,1,20140101,TOR,IND
Shot Chart Detail,0021300469,316,203082,Terrence Ross,1610612761,Toronto Raptors,3,5,56,Made Shot,Jump Shot,3PT Field Goal,Above the Break 3,Right Side Center(RC),24+ ft.,25.0,214.0,143.0,1,1,20140101,TOR,IND
Shot Chart Detail,0021300469,413,203082,Terrence Ross,1610612761,Toronto Raptors,4,8,33,Missed Shot,Jump Shot,3PT Field Goal,Right Corner 3,Right Side(R),24+ ft.,23.0,226.0,66.0,1,0,20140101,TOR,IND
Shot Chart Detail,0021300482,35,203082,Terrence Ross,1610612761,Toronto Raptors,1,7,39,Missed Shot,Jump Shot,3PT Field Goal,Left Corner 3,Left Side(L),24+ ft.,23.0,-229.0,31.0,1,0,20140103,WAS,TOR
Shot Chart Detail,0021300482,44,203082,Terrence Ross,1610612761,Toronto Raptors,1,6,40,Missed Shot,Layup Shot,2PT Field Goal,Restricted Area,Center(C),Less Than 8 ft.,1.0,-19.0,3.0,1,0,20140103,WAS,TOR
Shot Chart Detail,0021300482,65,203082,Terrence Ross,1610612761,Toronto Raptors,1,4,2,Made Shot,Jump Shot,2PT Field Goal,In The Paint (Non-RA),Center(C),Less Than 8 ft.,7.0,21.0,72.0,1,1,20140103,WAS,TOR
Shot Chart Detail,0021300482,94,203082,Terrence Ross,1610612761,Toronto Raptors,1,0,51,Missed Shot,Jump Shot,2PT Field Goal,Mid-Range,Left Side Center(LC),16-24 ft.,20.0,-75.0,189.0,1,0,20140103,WAS,TOR
Shot Chart Detail,0021300482,192,203082,Terrence Ross,1610612761,Toronto Raptors,2,2,53,Missed Shot,Jump Shot,3PT Field Goal,Above the Break 3,Left Side Center(LC),24+ ft.,25.0,-198.0,153.0,1,0,20140103,WAS,TOR
Shot Chart Detail,0021300482,223,203082,Terrence Ross,1610612761,Toronto Raptors,2,0,0,Missed Shot,Jump Shot,2PT Field Goal,In The Paint (Non-RA),Left Side(L),8-16 ft.,11.0,-60.0,97.0,1,0,20140103,WAS,TOR
Shot Chart Detail,0021300482,231,203082,Terrence Ross,1610612761,Toronto Raptors,3,11,16,Made Shot,Jump Shot,3PT Field Goal,Above the Break 3,Left Side Center(LC),24+ ft.,25.0,-176.0,181.0,1,1,20140103,WAS,TOR
Shot Chart Detail,0021300482,239,203082,Terrence Ross,1610612761,Toronto Raptors,3,10,18,Made Shot,Jump Shot,3PT Field Goal,Right Corner 3,Right Side(R),24+ ft.,23.0,237.0,34.0,1,1,20140103,WAS,TOR
Shot Chart Detail,0021300482,243,203082,Terrence Ross,1610612761,Toronto Raptors,3,9,48,Missed Shot,Jump Shot,3PT Field Goal,Above the Break 3,Left Side Center(LC),24+ ft.,25.0,-179.0,181.0,1,0,20140103,WAS,TOR
Shot Chart Detail,0021300482,246,203082,Terrence Ross,1610612761,Toronto Raptors,3,9,36,Made Shot,Jump Shot,3PT Field Goal,Right Corner 3,Right Side(R),24+ ft.,23.0,230.0,52.0,1,1,20140103,WAS,TOR
Shot Chart Detail,0021300482,293,203082,Terrence Ross,1610612761,Toronto Raptors,3,5,58,Made Shot,Jump Shot,3PT Field Goal,Right Corner 3,Right Side(R),24+ ft.,22.0,225.0,17.0,1,1,20140103,WAS,TOR
Shot Chart Detail,0021300482,321,203082,Terrence Ross,1610612761,Toronto Raptors,3,3,58,Missed Shot,Jump Shot,2PT Field Goal,Mid-Range,Left Side Center(LC),16-24 ft.,16.0,-130.0,97.0,1,0,20140103,WAS,TOR
Shot Chart Detail,0021300482,328,203082,Terrence Ross,1610612761,Toronto Raptors,3,3,31,Missed Shot,Jump Shot,2PT Field Goal,Mid-Range,Right Side Center(RC),16-24 ft.,20.0,127.0,164.0,1,0,20140103,WAS,TOR
Shot Chart Detail,0021300482,363,203082,Terrence Ross,1610612761,Toronto Raptors,3,0,30,Missed Shot,Jump Shot,3PT Field Goal,Above the Break 3,Right Side Center(RC),24+ ft.,25.0,105.0,236.0,1,0,20140103,WAS,TOR
Shot Chart Detail,0021300500,13,203082,Terrence Ross,1610612761,Toronto Raptors,1,10,29,Made Shot,Jump Shot,3PT Field Goal,Right Corner 3,Right Side(R),24+ ft.,24.0,241.0,14.0,1,1,20140105,MIA,TOR
Shot Chart Detail,0021300500,170,203082,Terrence Ross,1610612761,Toronto Raptors,2,8,23,Made Shot,Jump Shot,3PT Field Goal,Left Corner 3,Left Side(L),24+ ft.,22.0,-228.0,15.0,1,1,20140105,MIA,TOR
Shot Chart Detail,0021300500,172,203082,Terrence Ross,1610612761,Toronto Raptors,2,7,44,Missed Shot,Jump Shot,3PT Field Goal,Above the Break 3,Center(C),24+ ft.,24.0,29.0,246.0,1,0,20140105,MIA,TOR
Shot Chart Detail,0021300500,249,203082,Terrence Ross,1610612761,Toronto Raptors,2,1,26,Made Shot,Dunk Shot,2PT Field Goal,Restricted Area,Center(C),Less Than 8 ft.,0.0,9.0,0.0,1,1,20140105,MIA,TOR
Shot Chart Detail,0021300500,269,203082,Terrence Ross,1610612761,Toronto Raptors,3,11,35,Missed Shot,Jump Shot,2PT Field Goal,Mid-Range,Left Side(L),8-16 ft.,9.0,-98.0,11.0,1,0,20140105,MIA,TOR
Shot Chart Detail,0021300500,351,203082,Terrence Ross,1610612761,Toronto Raptors,3,2,27,Missed Shot,Jump Shot,3PT Field Goal,Above the Break 3,Left Side Center(LC),24+ ft.,23.0,-204.0,126.0,1,0,20140105,MIA,TOR
Shot Chart Detail,0021300500,355,203082,Terrence Ross,1610612761,Toronto Raptors,3,2,7,Missed Shot,Jump Shot,3PT Field Goal,Left Corner 3,Left Side(L),24+ ft.,23.0,-229.0,23.0,1,0,20140105,MIA,TOR
Shot Chart Detail,0021300500,464,203082,Terrence Ross,1610612761,Toronto Raptors,4,2,12,Missed Shot,Jump Shot,3PT Field Goal,Right Corner 3,Right Side(R),24+ ft.,23.0,234.0,11.0,1,0,20140105,MIA,TOR
Shot Chart Detail,0021300510,26,203082,Terrence Ross,1610612761,Toronto Raptors,1,8,0,Missed Shot,Jump Shot,2PT Field Goal,Mid-Range,Center(C),16-24 ft.,18.0,-24.0,183.0,1,0,20140107,IND,TOR
Shot Chart Detail,0021300510,70,203082,Terrence Ross,1610612761,Toronto Raptors,1,4,10,Missed Shot,Jump Shot,3PT Field Goal,Above the Break 3,Center(C),24+ ft.,25.0,0.0,250.0,1,0,20140107,IND,TOR
Shot Chart Detail,0021300510,83,203082,Terrence Ross,1610612761,Toronto Raptors,1,2,18,Missed Shot,Running Jump Shot,2PT Field Goal,In The Paint (Non-RA),Center(C),Less Than 8 ft.,7.0,20.0,77.0,1,0,20140107,IND,TOR
Shot Chart Detail,0021300510,95,203082,Terrence Ross,1610612761,Toronto Raptors,1,1,9,Missed Shot,Jump Shot,2PT Field Goal,Restricted Area,Center(C),Less Than 8 ft.,3.0,4.0,37.0,1,0,20140107,IND,TOR
Shot Chart Detail,0021300510,191,203082,Terrence Ross,1610612761,Toronto Raptors,2,3,23,Missed Shot,Jump Shot,2PT Field Goal,In The Paint (Non-RA),Center(C),Less Than 8 ft.,4.0,10.0,44.0,1,0,20140107,IND,TOR
Shot Chart Detail,0021300510,219,203082,Terrence Ross,1610612761,Toronto Raptors,2,0,58,Missed Shot,Jump Shot,2PT Field Goal,Mid-Range,Right Side(R),16-24 ft.,19.0,185.0,61.0,1,0,20140107,IND,TOR
Shot Chart Detail,0021300510,254,203082,Terrence Ross,1610612761,Toronto Raptors,3,10,22,Made Shot,Jump Shot,3PT Field Goal,Right Corner 3,Right Side(R),24+ ft.,23.0,226.0,80.0,1,1,20140107,IND,TOR
Shot Chart Detail,0021300510,422,203082,Terrence Ross,1610612761,Toronto Raptors,4,7,14,Missed Shot,Jump Shot,3PT Field Goal,Right Corner 3,Right Side(R),24+ ft.,23.0,230.0,14.0,1,0,20140107,IND,TOR
Shot Chart Detail,0021300521,6,203082,Terrence Ross,1610612761,Toronto Raptors,1,11,8,Missed Shot,Jump Shot,3PT Field Goal,Above the Break 3,Right Side Center(RC),24+ ft.,24.0,209.0,137.0,1,0,20140108,TOR,DET
Shot Chart Detail,0021300521,20,203082,Terrence Ross,1610612761,Toronto Raptors,1,9,41,Missed Shot,Jump Shot,3PT Field Goal,Right Corner 3,Right Side(R),24+ ft.,23.0,236.0,-6.0,1,0,20140108,TOR,DET
Shot Chart Detail,0021300521,26,203082,Terrence Ross,1610612761,Toronto Raptors,1,8,57,Made Shot,Pullup Jump shot,2PT Field Goal,Mid-Range,Left Side(L),16-24 ft.,19.0,-187.0,58.0,1,1,20140108,TOR,DET
Shot Chart Detail,0021300521,39,203082,Terrence Ross,1610612761,Toronto Raptors,1,7,42,Made Shot,Step Back Jump shot,3PT Field Goal,Left Corner 3,Left Side(L),24+ ft.,22.0,-223.0,53.0,1,1,20140108,TOR,DET
Shot Chart Detail,0021300521,42,203082,Terrence Ross,1610612761,Toronto Raptors,1,7,19,Missed Shot,Jump Shot,3PT Field Goal,Left Corner 3,Left Side(L),24+ ft.,23.0,-237.0,-6.0,1,0,20140108,TOR,DET
Shot Chart Detail,0021300521,82,203082,Terrence Ross,1610612761,Toronto Raptors,1,4,10,Made Shot,Jump Shot,3PT Field Goal,Above the Break 3,Left Side Center(LC),24+ ft.,25.0,-199.0,160.0,1,1,20140108,TOR,DET
Shot Chart Detail,0021300521,119,203082,Terrence Ross,1610612761,Toronto Raptors,1,1,29,Made Shot,Jump Shot,3PT Field Goal,Above the Break 3,Right Side Center(RC),24+ ft.,27.0,207.0,176.0,1,1,20140108,TOR,DET
Shot Chart Detail,0021300521,254,203082,Terrence Ross,1610612761,Toronto Raptors,2,2,53,Missed Shot,Jump Shot,2PT Field Goal,Mid-Range,Left Side(L),16-24 ft.,20.0,-202.0,24.0,1,0,20140108,TOR,DET
Shot Chart Detail,0021300521,317,203082,Terrence Ross,1610612761,Toronto Raptors,3,11,47,Made Shot,Jump Shot,3PT Field Goal,Right Corner 3,Right Side(R),24+ ft.,23.0,239.0,9.0,1,1,20140108,TOR,DET
Shot Chart Detail,0021300521,322,203082,Terrence Ross,1610612761,Toronto Raptors,3,10,46,Made Shot,Jump Shot,3PT Field Goal,Above the Break 3,Right Side Center(RC),24+ ft.,26.0,171.0,206.0,1,1,20140108,TOR,DET
Shot Chart Detail,0021300521,328,203082,Terrence Ross,1610612761,Toronto Raptors,3,10,3,Missed Shot,Pullup Jump shot,2PT Field Goal,Mid-Range,Right Side Center(RC),16-24 ft.,20.0,94.0,181.0,1,0,20140108,TOR,DET
Shot Chart Detail,0021300521,441,203082,Terrence Ross,1610612761,Toronto Raptors,3,2,54,Missed Shot,Jump Shot,3PT Field Goal,Above the Break 3,Right Side Center(RC),24+ ft.,27.0,192.0,190.0,1,0,20140108,TOR,DET
Shot Chart Detail,0021300521,600,203082,Terrence Ross,1610612761,Toronto Raptors,4,4,43,Missed Shot,Jump Shot,3PT Field Goal,Right Corner 3,Right Side(R),24+ ft.,23.0,237.0,1.0,1,0,20140108,TOR,DET
Shot Chart Detail,0021300543,15,203082,Terrence Ross,1610612761,Toronto Raptors,1,10,40,Made Shot,Jump Shot,3PT Field Goal,Left Corner 3,Left Side(L),24+ ft.,23.0,-232.0,-2.0,1,1,20140111,TOR,BKN
Shot Chart Detail,0021300543,34,203082,Terrence Ross,1610612761,Toronto Raptors,1,7,42,Missed Shot,Jump Shot,3PT Field Goal,Left Corner 3,Left Side(L),24+ ft.,23.0,-231.0,3.0,1,0,20140111,TOR,BKN
Shot Chart Detail,0021300543,168,203082,Terrence Ross,1610612761,Toronto Raptors,2,8,10,Made Shot,Driving Layup Shot,2PT Field Goal,Restricted Area,Center(C),Less Than 8 ft.,1.0,12.0,11.0,1,1,20140111,TOR,BKN
Shot Chart Detail,0021300543,178,203082,Terrence Ross,1610612761,Toronto Raptors,2,6,50,Made Shot,Jump Shot,3PT Field Goal,Above the Break 3,Right Side Center(RC),24+ ft.,25.0,136.0,211.0,1,1,20140111,TOR,BKN
Shot Chart Detail,0021300543,192,203082,Terrence Ross,1610612761,Toronto Raptors,2,4,54,Missed Shot,Jump Shot,3PT Field Goal,Left Corner 3,Left Side(L),24+ ft.,22.0,-224.0,4.0,1,0,20140111,TOR,BKN
Shot Chart Detail,0021300543,249,203082,Terrence Ross,1610612761,Toronto Raptors,2,0,18,Made Shot,Jump Shot,3PT Field Goal,Above the Break 3,Right Side Center(RC),24+ ft.,24.0,155.0,195.0,1,1,20140111,TOR,BKN
Shot Chart Detail,0021300543,289,203082,Terrence Ross,1610612761,Toronto Raptors,3,8,5,Missed Shot,Jump Shot,3PT Field Goal,Right Corner 3,Right Side(R),24+ ft.,23.0,234.0,11.0,1,0,20140111,TOR,BKN
Shot Chart Detail,0021300543,314,203082,Terrence Ross,1610612761,Toronto Raptors,3,4,57,Missed Shot,Driving Layup Shot,2PT Field Goal,Restricted Area,Center(C),Less Than 8 ft.,2.0,18.0,12.0,1,0,20140111,TOR,BKN
Shot Chart Detail,0021300543,323,203082,Terrence Ross,1610612761,Toronto Raptors,3,4,11,Missed Shot,Jump Shot,3PT Field Goal,Above the Break 3,Center(C),24+ ft.,24.0,-70.0,238.0,1,0,20140111,TOR,BKN
Shot Chart Detail,0021300543,482,203082,Terrence Ross,1610612761,Toronto Raptors,4,4,26,Missed Shot,Jump Shot,3PT Field Goal,Above the Break 3,Right Side Center(RC),24+ ft.,25.0,173.0,183.0,1,0,20140111,TOR,BKN
Shot Chart Detail,0021300555,29,203082,Terrence Ross,1610612761,Toronto Raptors,1,8,11,Made Shot,Jump Shot,3PT Field Goal,Left Corner 3,Left Side(L),24+ ft.,22.0,-228.0,-6.0,1,1,20140113,TOR,MIL
Shot Chart Detail,0021300555,66,203082,Terrence Ross,1610612761,Toronto Raptors,1,4,49,Missed Shot,Jump Shot,3PT Field Goal,Above the Break 3,Left Side Center(LC),24+ ft.,26.0,-193.0,178.0,1,0,20140113,TOR,MIL
Shot Chart Detail,0021300555,155,203082,Terrence Ross,1610612761,Toronto Raptors,2,8,33,Missed Shot,Jump Shot,3PT Field Goal,Left Corner 3,Left Side(L),24+ ft.,23.0,-239.0,1.0,1,0,20140113,TOR,MIL
Shot Chart Detail,0021300555,271,203082,Terrence Ross,1610612761,Toronto Raptors,3,11,21,Missed Shot,Alley Oop Layup shot,2PT Field Goal,Restricted Area,Center(C),Less Than 8 ft.,2.0,-26.0,-3.0,1,0,20140113,TOR,MIL
Shot Chart Detail,0021300555,279,203082,Terrence Ross,1610612761,Toronto Raptors,3,10,9,Missed Shot,Jump Shot,3PT Field Goal,Above the Break 3,Left Side Center(LC),24+ ft.,26.0,-224.0,145.0,1,0,20140113,TOR,MIL
Shot Chart Detail,0021300555,413,203082,Terrence Ross,1610612761,Toronto Raptors,4,11,39,Missed Shot,Driving Layup Shot,2PT Field Goal,Restricted Area,Center(C),Less Than 8 ft.,3.0,28.0,15.0,1,0,20140113,TOR,MIL
Shot Chart Detail,0021300555,428,203082,Terrence Ross,1610612761,Toronto Raptors,4,9,38,Missed Shot,Driving Layup Shot,2PT Field Goal,Restricted Area,Center(C),Less Than 8 ft.,2.0,-18.0,22.0,1,0,20140113,TOR,MIL
Shot Chart Detail,0021300555,440,203082,Terrence Ross,1610612761,Toronto Raptors,4,8,20,Made Shot,Jump Shot,3PT Field Goal,Above the Break 3,Left Side Center(LC),24+ ft.,25.0,-97.0,239.0,1,1,20140113,TOR,MIL
Shot Chart Detail,0021300569,93,203082,Terrence Ross,1610612761,Toronto Raptors,1,3,8,Missed Shot,Jump Shot,2PT Field Goal,Mid-Range,Center(C),16-24 ft.,20.0,-59.0,198.0,1,0,20140115,BOS,TOR
Shot Chart Detail,0021300569,95,203082,Terrence Ross,1610612761,Toronto Raptors,1,2,50,Made Shot,Jump Shot,3PT Field Goal,Above the Break 3,Right Side Center(RC),24+ ft.,25.0,103.0,235.0,1,1,20140115,BOS,TOR
Shot Chart Detail,0021300569,98,203082,Terrence Ross,1610612761,Toronto Raptors,1,2,24,Made Shot,Jump Shot,3PT Field Goal,Above the Break 3,Left Side Center(LC),24+ ft.,26.0,-105.0,241.0,1,1,20140115,BOS,TOR
Shot Chart Detail,0021300569,102,203082,Terrence Ross,1610612761,Toronto Raptors,1,1,45,Missed Shot,Jump Shot,3PT Field Goal,Above the Break 3,Left Side Center(LC),24+ ft.,25.0,-164.0,197.0,1,0,20140115,BOS,TOR
Shot Chart Detail,0021300569,314,203082,Terrence Ross,1610612761,Toronto Raptors,3,6,42,Missed Shot,Jump Shot,3PT Field Goal,Right Corner 3,Right Side(R),24+ ft.,22.0,226.0,3.0,1,0,20140115,BOS,TOR
Shot Chart Detail,0021300569,439,203082,Terrence Ross,1610612761,Toronto Raptors,4,7,40,Missed Shot,Jump Shot,3PT Field Goal,Above the Break 3,Right Side Center(RC),24+ ft.,24.0,168.0,184.0,1,0,20140115,BOS,TOR
Shot Chart Detail,0021300569,475,203082,Terrence Ross,1610612761,Toronto Raptors,4,5,14,Made Shot,Layup Shot,2PT Field Goal,Restricted Area,Center(C),Less Than 8 ft.,1.0,15.0,0.0,1,1,20140115,BOS,TOR
Shot Chart Detail,0021300584,13,203082,Terrence Ross,1610612761,Toronto Raptors,1,10,28,Missed Shot,Pullup Jump shot,2PT Field Goal,Mid-Range,Center(C),16-24 ft.,20.0,36.0,198.0,1,0,20140117,TOR,MIN
Shot Chart Detail,0021300584,37,203082,Terrence Ross,1610612761,Toronto Raptors,1,7,51,Missed Shot,Jump Shot,3PT Field Goal,Above the Break 3,Left Side Center(LC),24+ ft.,24.0,-174.0,168.0,1,0,20140117,TOR,MIN
Shot Chart Detail,0021300584,39,203082,Terrence Ross,1610612761,Toronto Raptors,1,7,46,Made Shot,Layup Shot,2PT Field Goal,Restricted Area,Center(C),Less Than 8 ft.,1.0,-13.0,0.0,1,1,20140117,TOR,MIN
Shot Chart Detail,0021300584,45,203082,Terrence Ross,1610612761,Toronto Raptors,1,7,7,Missed Shot,Running Jump Shot,2PT Field Goal,Mid-Range,Left Side(L),8-16 ft.,11.0,-86.0,83.0,1,0,20140117,TOR,MIN
Shot Chart Detail,0021300584,124,203082,Terrence Ross,1610612761,Toronto Raptors,1,1,7,Made Shot,Jump Shot,3PT Field Goal,Above the Break 3,Center(C),24+ ft.,24.0,70.0,238.0,1,1,20140117,TOR,MIN
Shot Chart Detail,0021300584,216,203082,Terrence Ross,1610612761,Toronto Raptors,2,4,55,Missed Shot,Pullup Jump shot,2PT Field Goal,In The Paint (Non-RA),Center(C),8-16 ft.,12.0,23.0,126.0,1,0,20140117,TOR,MIN
Shot Chart Detail,0021300584,251,203082,Terrence Ross,1610612761,Toronto Raptors,2,1,29,Missed Shot,Jump Shot,3PT Field Goal,Right Corner 3,Right Side(R),24+ ft.,23.0,230.0,42.0,1,0,20140117,TOR,MIN
Shot Chart Detail,0021300584,297,203082,Terrence Ross,1610612761,Toronto Raptors,3,7,48,Missed Shot,Jump Shot,3PT Field Goal,Right Corner 3,Right Side(R),24+ ft.,23.0,231.0,42.0,1,0,20140117,TOR,MIN
Shot Chart Detail,0021300584,304,203082,Terrence Ross,1610612761,Toronto Raptors,3,6,41,Made Shot,Driving Hook Shot,2PT Field Goal,Restricted Area,Center(C),Less Than 8 ft.,3.0,12.0,30.0,1,1,20140117,TOR,MIN
Shot Chart Detail,0021300584,362,203082,Terrence Ross,1610612761,Toronto Raptors,3,0,54,Made Shot,Jump Shot,2PT Field Goal,Mid-Range,Right Side Center(RC),16-24 ft.,20.0,106.0,175.0,1,1,20140117,TOR,MIN
Shot Chart Detail,0021300584,389,203082,Terrence Ross,1610612761,Toronto Raptors,4,10,28,Missed Shot,Jump Shot,3PT Field Goal,Right Corner 3,Right Side(R),24+ ft.,23.0,228.0,37.0,1,0,20140117,TOR,MIN
Shot Chart Detail,0021300584,394,203082,Terrence Ross,1610612761,Toronto Raptors,4,9,23,Missed Shot,Jump Shot,3PT Field Goal,Right Corner 3,Right Side(R),24+ ft.,23.0,233.0,-11.0,1,0,20140117,TOR,MIN
Shot Chart Detail,0021300584,424,203082,Terrence Ross,1610612761,Toronto Raptors,4,7,14,Made Shot,Floating Jump shot,2PT Field Goal,Mid-Range,Right Side(R),8-16 ft.,9.0,81.0,55.0,1,1,20140117,TOR,MIN
Shot Chart Detail,0021300584,469,203082,Terrence Ross,1610612761,Toronto Raptors,4,2,49,Made Shot,Running Jump Shot,2PT Field Goal,Restricted Area,Center(C),Less Than 8 ft.,3.0,7.0,36.0,1,1,20140117,TOR,MIN
Shot Chart Detail,0021300601,5,203082,Terrence Ross,1610612761,Toronto Raptors,1,11,17,Made Shot,Layup Shot,2PT Field Goal,Restricted Area,Center(C),Less Than 8 ft.,1.0,-4.0,14.0,1,1,20140119,TOR,LAL
Shot Chart Detail,0021300601,12,203082,Terrence Ross,1610612761,Toronto Raptors,1,9,35,Made Shot,Jump Shot,3PT Field Goal,Right Corner 3,Right Side(R),24+ ft.,22.0,228.0,15.0,1,1,20140119,TOR,LAL
Shot Chart Detail,0021300601,44,203082,Terrence Ross,1610612761,Toronto Raptors,1,6,14,Missed Shot,Jump Shot,3PT Field Goal,Right Corner 3,Right Side(R),24+ ft.,23.0,231.0,11.0,1,0,20140119,TOR,LAL
Shot Chart Detail,0021300601,210,203082,Terrence Ross,1610612761,Toronto Raptors,2,0,44,Missed Shot,Jump Shot,3PT Field Goal,Left Corner 3,Left Side(L),24+ ft.,22.0,-228.0,11.0,1,0,20140119,TOR,LAL
Shot Chart Detail,0021300601,233,203082,Terrence Ross,1610612761,Toronto Raptors,3,11,6,Missed Shot,Pullup Jump shot,2PT Field Goal,Mid-Range,Right Side(R),8-16 ft.,14.0,146.0,7.0,1,0,20140119,TOR,LAL
Shot Chart Detail,0021300601,254,203082,Terrence Ross,1610612761,Toronto Raptors,3,8,23,Made Shot,Jump Shot,3PT Field Goal,Above the Break 3,Left Side Center(LC),24+ ft.,24.0,-183.0,167.0,1,1,20140119,TOR,LAL
Shot Chart Detail,0021300601,260,203082,Terrence Ross,1610612761,Toronto Raptors,3,8,5,Missed Shot,Jump Shot,3PT Field Goal,Left Corner 3,Left Side(L),24+ ft.,22.0,-228.0,4.0,1,0,20140119,TOR,LAL
Shot Chart Detail,0021300601,309,203082,Terrence Ross,1610612761,Toronto Raptors,3,4,4,Made Shot,Jump Shot,2PT Field Goal,In The Paint (Non-RA),Center(C),8-16 ft.,10.0,17.0,104.0,1,1,20140119,TOR,LAL
Shot Chart Detail,0021300601,328,203082,Terrence Ross,1610612761,Toronto Raptors,3,1,55,Missed Shot,Jump Shot,3PT Field Goal,Above the Break 3,Right Side Center(RC),24+ ft.,25.0,201.0,154.0,1,0,20140119,TOR,LAL
Shot Chart Detail,0021300601,332,203082,Terrence Ross,1610612761,Toronto Raptors,3,1,27,Missed Shot,Jump Shot,2PT Field Goal,Mid-Range,Right Side(R),16-24 ft.,18.0,187.0,22.0,1,0,20140119,TOR,LAL
Shot Chart Detail,0021300601,508,203082,Terrence Ross,1610612761,Toronto Raptors,4,0,0,Missed Shot,Jump Shot,3PT Field Goal,Above the Break 3,Center(C),24+ ft.,24.0,-5.0,246.0,1,0,20140119,TOR,LAL
Shot Chart Detail,0021300608,180,203082,Terrence Ross,1610612761,Toronto Raptors,2,3,20,Missed Shot,Driving Layup Shot,2PT Field Goal,Restricted Area,Center(C),Less Than 8 ft.,0.0,2.0,6.0,1,0,20140120,CHA,TOR
Shot Chart Detail,0021300608,233,203082,Terrence Ross,1610612761,Toronto Raptors,3,11,16,Missed Shot,Jump Shot,3PT Field Goal,Left Corner 3,Left Side(L),24+ ft.,23.0,-235.0,36.0,1,0,20140120,CHA,TOR
Shot Chart Detail,0021300608,243,203082,Terrence Ross,1610612761,Toronto Raptors,3,10,27,Missed Shot,Jump Shot,3PT Field Goal,Above the Break 3,Right Side Center(RC),24+ ft.,25.0,103.0,231.0,1,0,20140120,CHA,TOR
Shot Chart Detail,0021300608,256,203082,Terrence Ross,1610612761,Toronto Raptors,3,8,10,Missed Shot,Layup Shot,2PT Field Goal,Restricted Area,Center(C),Less Than 8 ft.,2.0,-8.0,22.0,1,0,20140120,CHA,TOR
Shot Chart Detail,0021300608,358,203082,Terrence Ross,1610612761,Toronto Raptors,4,10,59,Missed Shot,Jump Shot,2PT Field Goal,In The Paint (Non-RA),Right Side(R),8-16 ft.,8.0,80.0,39.0,1,0,20140120,CHA,TOR
Shot Chart Detail,0021300608,362,203082,Terrence Ross,1610612761,Toronto Raptors,4,10,27,Missed Shot,Jump Shot,3PT Field Goal,Above the Break 3,Left Side Center(LC),24+ ft.,25.0,-226.0,107.0,1,0,20140120,CHA,TOR
Shot Chart Detail,0021300624,22,203082,Terrence Ross,1610612761,Toronto Raptors,1,9,45,Missed Shot,Driving Layup Shot,2PT Field Goal,Restricted Area,Center(C),Less Than 8 ft.,2.0,-23.0,11.0,1,0,20140122,TOR,DAL
Shot Chart Detail,0021300624,159,203082,Terrence Ross,1610612761,Toronto Raptors,2,9,43,Missed Shot,Jump Shot,3PT Field Goal,Above the Break 3,Center(C),24+ ft.,26.0,58.0,260.0,1,0,20140122,TOR,DAL
Shot Chart Detail,0021300624,189,203082,Terrence Ross,1610612761,Toronto Raptors,2,6,58,Made Shot,Jump Shot,3PT Field Goal,Above the Break 3,Center(C),24+ ft.,25.0,-2.0,255.0,1,1,20140122,TOR,DAL
Shot Chart Detail,0021300624,209,203082,Terrence Ross,1610612761,Toronto Raptors,2,5,17,Missed Shot,Pullup Jump shot,2PT Field Goal,Mid-Range,Right Side(R),8-16 ft.,10.0,102.0,12.0,1,0,20140122,TOR,DAL
Shot Chart Detail,0021300624,283,203082,Terrence Ross,1610612761,Toronto Raptors,3,10,20,Missed Shot,Jump Shot,3PT Field Goal,Above the Break 3,Center(C),24+ ft.,25.0,31.0,258.0,1,0,20140122,TOR,DAL
Shot Chart Detail,0021300624,296,203082,Terrence Ross,1610612761,Toronto Raptors,3,7,44,Missed Shot,Jump Shot,3PT Field Goal,Above the Break 3,Right Side Center(RC),24+ ft.,27.0,162.0,222.0,1,0,20140122,TOR,DAL
Shot Chart Detail,0021300624,312,203082,Terrence Ross,1610612761,Toronto Raptors,3,6,22,Missed Shot,Jump Shot,3PT Field Goal,Left Corner 3,Left Side(L),24+ ft.,23.0,-232.0,1.0,1,0,20140122,TOR,DAL
Shot Chart Detail,0021300634,10,203082,Terrence Ross,1610612761,Toronto Raptors,1,10,14,Made Shot,Pullup Jump shot,2PT Field Goal,Mid-Range,Left Side(L),16-24 ft.,17.0,-149.0,99.0,1,1,20140124,PHI,TOR
Shot Chart Detail,0021300634,19,203082,Terrence Ross,1610612761,Toronto Raptors,1,9,0,Made Shot,Jump Shot,3PT Field Goal,Above the Break 3,Center(C),24+ ft.,27.0,-68.0,263.0,1,1,20140124,PHI,TOR
Shot Chart Detail,0021300634,54,203082,Terrence Ross,1610612761,Toronto Raptors,1,5,41,Made Shot,Jump Shot,3PT Field Goal,Left Corner 3,Left Side(L),24+ ft.,24.0,-243.0,0.0,1,1,20140124,PHI,TOR
Shot Chart Detail,0021300634,76,203082,Terrence Ross,1610612761,Toronto Raptors,1,3,50,Missed Shot,Jump Shot,2PT Field Goal,Mid-Range,Left Side(L),8-16 ft.,14.0,-138.0,37.0,1,0,20140124,PHI,TOR
Shot Chart Detail,0021300634,81,203082,Terrence Ross,1610612761,Toronto Raptors,1,3,29,Missed Shot,Jump Shot,3PT Field Goal,Above the Break 3,Left Side Center(LC),24+ ft.,24.0,-201.0,142.0,1,0,20140124,PHI,TOR
Shot Chart Detail,0021300634,193,203082,Terrence Ross,1610612761,Toronto Raptors,2,5,2,Missed Shot,Jump Shot,3PT Field Goal,Left Corner 3,Left Side(L),24+ ft.,23.0,-231.0,-28.0,1,0,20140124,PHI,TOR
Shot Chart Detail,0021300634,195,203082,Terrence Ross,1610612761,Toronto Raptors,2,5,0,Made Shot,Running Layup Shot,2PT Field Goal,Restricted Area,Center(C),Less Than 8 ft.,1.0,18.0,0.0,1,1,20140124,PHI,TOR
Shot Chart Detail,0021300647,6,203082,Terrence Ross,1610612761,Toronto Raptors,1,10,51,Made Shot,Jump Shot,3PT Field Goal,Above the Break 3,Left Side Center(LC),24+ ft.,25.0,-224.0,116.0,1,1,20140125,TOR,LAC
Shot Chart Detail,0021300647,20,203082,Terrence Ross,1610612761,Toronto Raptors,1,9,17,Missed Shot,Jump Shot,2PT Field Goal,Mid-Range,Right Side(R),8-16 ft.,15.0,133.0,72.0,1,0,20140125,TOR,LAC
Shot Chart Detail,0021300647,22,203082,Terrence Ross,1610612761,Toronto Raptors,1,9,10,Made Shot,Jump Shot,3PT Field Goal,Above the Break 3,Right Side Center(RC),24+ ft.,25.0,239.0,97.0,1,1,20140125,TOR,LAC
Shot Chart Detail,0021300647,50,203082,Terrence Ross,1610612761,Toronto Raptors,1,6,8,Made Shot,Jump Shot,3PT Field Goal,Above the Break 3,Left Side Center(LC),24+ ft.,24.0,-217.0,107.0,1,1,20140125,TOR,LAC
Shot Chart Detail,0021300647,74,203082,Terrence Ross,1610612761,Toronto Raptors,1,3,14,Missed Shot,Jump Shot,2PT Field Goal,In The Paint (Non-RA),Center(C),8-16 ft.,9.0,7.0,94.0,1,0,20140125,TOR,LAC
Shot Chart Detail,0021300647,83,203082,Terrence Ross,1610612761,Toronto Raptors,1,2,44,Made Shot,Jump Shot,3PT Field Goal,Above the Break 3,Left Side Center(LC),24+ ft.,26.0,-155.0,214.0,1,1,20140125,TOR,LAC
Shot Chart Detail,0021300647,88,203082,Terrence Ross,1610612761,Toronto Raptors,1,2,13,Missed Shot,Jump Shot,2PT Field Goal,Mid-Range,Center(C),16-24 ft.,16.0,2.0,160.0,1,0,20140125,TOR,LAC
Shot Chart Detail,0021300647,107,203082,Terrence Ross,1610612761,Toronto Raptors,1,0,31,Missed Shot,Jump Shot,3PT Field Goal,Above the Break 3,Right Side Center(RC),24+ ft.,27.0,163.0,217.0,1,0,20140125,TOR,LAC
Shot Chart Detail,0021300647,111,203082,Terrence Ross,1610612761,Toronto Raptors,1,0,0,Made Shot,Jump Shot,3PT Field Goal,Above the Break 3,Center(C),24+ ft.,26.0,4.0,266.0,1,1,20140125,TOR,LAC
Shot Chart Detail,0021300647,172,203082,Terrence Ross,1610612761,Toronto Raptors,2,7,20,Missed Shot,Jump Shot,3PT Field Goal,Above the Break 3,Left Side Center(LC),24+ ft.,25.0,-183.0,183.0,1,0,20140125,TOR,LAC
Shot Chart Detail,0021300647,211,203082,Terrence Ross,1610612761,Toronto Raptors,2,4,7,Made Shot,Jump Shot,3PT Field Goal,Left Corner 3,Left Side(L),24+ ft.,23.0,-232.0,0.0,1,1,20140125,TOR,LAC
Shot Chart Detail,0021300647,246,203082,Terrence Ross,1610612761,Toronto Raptors,2,2,2,Made Shot,Jump Shot,3PT Field Goal,Above the Break 3,Center(C),24+ ft.,26.0,78.0,252.0,1,1,20140125,TOR,LAC
Shot Chart Detail,0021300647,300,203082,Terrence Ross,1610612761,Toronto Raptors,3,10,39,Missed Shot,Jump Shot,3PT Field Goal,Above the Break 3,Right Side Center(RC),24+ ft.,26.0,173.0,195.0,1,0,20140125,TOR,LAC
Shot Chart Detail,0021300647,320,203082,Terrence Ross,1610612761,Toronto Raptors,3,9,14,Missed Shot,Jump Shot,2PT Field Goal,Mid-Range,Right Side Center(RC),16-24 ft.,20.0,80.0,187.0,1,0,20140125,TOR,LAC
Shot Chart Detail,0021300647,357,203082,Terrence Ross,1610612761,Toronto Raptors,3,6,10,Made Shot,Putback Slam Dunk Shot,2PT Field Goal,Restricted Area,Center(C),Less Than 8 ft.,0.0,0.0,6.0,1,1,20140125,TOR,LAC
Shot Chart Detail,0021300647,359,203082,Terrence Ross,1610612761,Toronto Raptors,3,5,55,Made Shot,Alley Oop Dunk Shot,2PT Field Goal,Restricted Area,Center(C),Less Than 8 ft.,0.0,6.0,-3.0,1,1,20140125,TOR,LAC
Shot Chart Detail,0021300647,376,203082,Terrence Ross,1610612761,Toronto Raptors,3,5,14,Made Shot,Jump Shot,2PT Field Goal,Mid-Range,Left Side(L),16-24 ft.,16.0,-164.0,28.0,1,1,20140125,TOR,LAC
Shot Chart Detail,0021300647,404,203082,Terrence Ross,1610612761,Toronto Raptors,3,2,27,Missed Shot,Jump Shot,3PT Field Goal,Above the Break 3,Left Side Center(LC),24+ ft.,24.0,-209.0,129.0,1,0,20140125,TOR,LAC
Shot Chart Detail,0021300647,406,203082,Terrence Ross,1610612761,Toronto Raptors,3,2,21,Made Shot,Floating Jump shot,2PT Field Goal,In The Paint (Non-RA),Center(C),8-16 ft.,11.0,-13.0,110.0,1,1,20140125,TOR,LAC
Shot Chart Detail,0021300647,424,203082,Terrence Ross,1610612761,Toronto Raptors,3,0,30,Made Shot,Driving Jump shot,2PT Field Goal,In The Paint (Non-RA),Center(C),Less Than 8 ft.,5.0,-51.0,0.0,1,1,20140125,TOR,LAC
Shot Chart Detail,0021300647,427,203082,Terrence Ross,1610612761,Toronto Raptors,3,0,0,Made Shot,Jump Shot,3PT Field Goal,Above the Break 3,Center(C),24+ ft.,31.0,18.0,310.0,1,1,20140125,TOR,LAC
Shot Chart Detail,0021300647,432,203082,Terrence Ross,1610612761,Toronto Raptors,4,11,18,Missed Shot,Step Back Jump shot,3PT Field Goal,Above the Break 3,Center(C),24+ ft.,25.0,-24.0,250.0,1,0,20140125,TOR,LAC
Shot Chart Detail,0021300647,448,203082,Terrence Ross,1610612761,Toronto Raptors,4,10,16,Made Shot,Driving Jump shot,2PT Field Goal,Restricted Area,Center(C),Less Than 8 ft.,3.0,-15.0,36.0,1,1,20140125,TOR,LAC
Shot Chart Detail,0021300647,450,203082,Terrence Ross,1610612761,Toronto Raptors,4,9,50,Made Shot,Jump Shot,3PT Field Goal,Above the Break 3,Right Side Center(RC),24+ ft.,27.0,163.0,224.0,1,1,20140125,TOR,LAC
Shot Chart Detail,0021300647,466,203082,Terrence Ross,1610612761,Toronto Raptors,4,8,10,Made Shot,Jump Shot,3PT Field Goal,Above the Break 3,Left Side Center(LC),24+ ft.,25.0,-212.0,134.0,1,1,20140125,TOR,LAC
Shot Chart Detail,0021300647,468,203082,Terrence Ross,1610612761,Toronto Raptors,4,7,45,Missed Shot,Jump Shot,3PT Field Goal,Above the Break 3,Left Side Center(LC),24+ ft.,25.0,-226.0,110.0,1,0,20140125,TOR,LAC
Shot Chart Detail,0021300647,487,203082,Terrence Ross,1610612761,Toronto Raptors,4,5,22,Missed Shot,Driving Bank shot,2PT Field Goal,In The Paint (Non-RA),Center(C),Less Than 8 ft.,6.0,-59.0,25.0,1,0,20140125,TOR,LAC
Shot Chart Detail,0021300647,499,203082,Terrence Ross,1610612761,Toronto Raptors,4,4,18,Missed Shot,Jump Bank Shot,3PT Field Goal,Above the Break 3,Right Side Center(RC),24+ ft.,26.0,129.0,235.0,1,0,20140125,TOR,LAC
Shot Chart Detail,0021300647,562,203082,Terrence Ross,1610612761,Toronto Raptors,4,0,33,Missed Shot,Layup Shot,2PT Field Goal,Restricted Area,Center(C),Less Than 8 ft.,3.0,37.0,9.0,1,0,20140125,TOR,LAC
Shot Chart Detail,0021300663,5,203082,Terrence Ross,1610612761,Toronto Raptors,1,11,29,Made Shot,Jump Shot,3PT Field Goal,Right Corner 3,Right Side(R),24+ ft.,23.0,239.0,-21.0,1,1,20140127,BKN,TOR
Shot Chart Detail,0021300663,63,203082,Terrence Ross,1610612761,Toronto Raptors,1,4,52,Made Shot,Floating Jump shot,2PT Field Goal,In The Paint (Non-RA),Center(C),8-16 ft.,12.0,45.0,113.0,1,1,20140127,BKN,TOR
Shot Chart Detail,0021300663,117,203082,Terrence Ross,1610612761,Toronto Raptors,2,10,51,Made Shot,Jump Shot,3PT Field Goal,Right Corner 3,Right Side(R),24+ ft.,24.0,228.0,83.0,1,1,20140127,BKN,TOR
Shot Chart Detail,0021300663,125,203082,Terrence Ross,1610612761,Toronto Raptors,2,9,35,Missed Shot,Jump Shot,3PT Field Goal,Above the Break 3,Left Side Center(LC),24+ ft.,24.0,-123.0,213.0,1,0,20140127,BKN,TOR
Shot Chart Detail,0021300663,173,203082,Terrence Ross,1610612761,Toronto Raptors,2,3,34,Missed Shot,Driving Layup Shot,2PT Field Goal,Restricted Area,Center(C),Less Than 8 ft.,2.0,-23.0,6.0,1,0,20140127,BKN,TOR
Shot Chart Detail,0021300663,218,203082,Terrence Ross,1610612761,Toronto Raptors,3,11,28,Missed Shot,Pullup Jump shot,2PT Field Goal,Mid-Range,Left Side Center(LC),16-24 ft.,17.0,-131.0,119.0,1,0,20140127,BKN,TOR
Shot Chart Detail,0021300663,283,203082,Terrence Ross,1610612761,Toronto Raptors,3,7,1,Missed Shot,Pullup Jump shot,2PT Field Goal,Mid-Range,Left Side Center(LC),16-24 ft.,17.0,-134.0,108.0,1,0,20140127,BKN,TOR
Shot Chart Detail,0021300663,439,203082,Terrence Ross,1610612761,Toronto Raptors,4,5,47,Missed Shot,Driving Layup Shot,2PT Field Goal,Restricted Area,Center(C),Less Than 8 ft.,2.0,-21.0,7.0,1,0,20140127,BKN,TOR
Shot Chart Detail,0021300663,454,203082,Terrence Ross,1610612761,Toronto Raptors,4,4,13,Missed Shot,Jump Shot,3PT Field Goal,Above the Break 3,Right Side Center(RC),24+ ft.,25.0,154.0,198.0,1,0,20140127,BKN,TOR
Shot Chart Detail,0021300676,39,203082,Terrence Ross,1610612761,Toronto Raptors,1,6,23,Made Shot,Jump Shot,3PT Field Goal,Above the Break 3,Right Side Center(RC),24+ ft.,26.0,111.0,236.0,1,1,20140129,TOR,ORL
Shot Chart Detail,0021300676,63,203082,Terrence Ross,1610612761,Toronto Raptors,1,4,37,Made Shot,Jump Shot,3PT Field Goal,Above the Break 3,Left Side Center(LC),24+ ft.,26.0,-177.0,200.0,1,1,20140129,TOR,ORL
Shot Chart Detail,0021300676,70,203082,Terrence Ross,1610612761,Toronto Raptors,1,3,30,Missed Shot,Turnaround Jump Shot,2PT Field Goal,Mid-Range,Left Side(L),16-24 ft.,18.0,-169.0,67.0,1,0,20140129,TOR,ORL
Shot Chart Detail,0021300676,75,203082,Terrence Ross,1610612761,Toronto Raptors,1,3,2,Missed Shot,Turnaround Hook Shot,2PT Field Goal,Mid-Range,Left Side(L),8-16 ft.,9.0,-97.0,22.0,1,0,20140129,TOR,ORL
Shot Chart Detail,0021300676,262,203082,Terrence Ross,1610612761,Toronto Raptors,3,10,0,Missed Shot,Jump Shot,3PT Field Goal,Right Corner 3,Right Side(R),24+ ft.,23.0,233.0,22.0,1,0,20140129,TOR,ORL
Shot Chart Detail,0021300676,276,203082,Terrence Ross,1610612761,Toronto Raptors,3,8,22,Missed Shot,Step Back Jump shot,3PT Field Goal,Right Corner 3,Right Side(R),24+ ft.,24.0,236.0,53.0,1,0,20140129,TOR,ORL
Shot Chart Detail,0021300676,344,203082,Terrence Ross,1610612761,Toronto Raptors,3,2,45,Missed Shot,Pullup Jump shot,2PT Field Goal,Mid-Range,Right Side(R),16-24 ft.,16.0,159.0,55.0,1,0,20140129,TOR,ORL
Shot Chart Detail,0021300676,348,203082,Terrence Ross,1610612761,Toronto Raptors,3,2,33,Made Shot,Alley Oop Dunk Shot,2PT Field Goal,Restricted Area,Center(C),Less Than 8 ft.,3.0,28.0,11.0,1,1,20140129,TOR,ORL
Shot Chart Detail,0021300676,386,203082,Terrence Ross,1610612761,Toronto Raptors,4,11,40,Missed Shot,Jump Shot,2PT Field Goal,Mid-Range,Left Side(L),8-16 ft.,14.0,-144.0,3.0,1,0,20140129,TOR,ORL
Shot Chart Detail,0021300676,456,203082,Terrence Ross,1610612761,Toronto Raptors,4,5,54,Made Shot,Driving Layup Shot,2PT Field Goal,Restricted Area,Center(C),Less Than 8 ft.,2.0,-5.0,26.0,1,1,20140129,TOR,ORL
Shot Chart Detail,0021300676,494,203082,Terrence Ross,1610612761,Toronto Raptors,4,3,16,Missed Shot,Jump Shot,3PT Field Goal,Left Corner 3,Left Side(L),24+ ft.,23.0,-233.0,25.0,1,0,20140129,TOR,ORL
Shot Chart Detail,0021300676,504,203082,Terrence Ross,1610612761,Toronto Raptors,4,1,58,Missed Shot,Running Jump Shot,2PT Field Goal,Mid-Range,Right Side(R),8-16 ft.,10.0,100.0,11.0,1,0,20140129,TOR,ORL
Shot Chart Detail,0021300676,514,203082,Terrence Ross,1610612761,Toronto Raptors,4,1,10,Missed Shot,Jump Shot,3PT Field Goal,Right Corner 3,Right Side(R),24+ ft.,23.0,239.0,-3.0,1,0,20140129,TOR,ORL
Shot Chart Detail,0021300694,4,203082,Terrence Ross,1610612761,Toronto Raptors,1,11,9,Made Shot,Jump Shot,2PT Field Goal,Mid-Range,Center(C),16-24 ft.,16.0,2.0,164.0,1,1,20140131,DEN,TOR
Shot Chart Detail,0021300694,23,203082,Terrence Ross,1610612761,Toronto Raptors,1,8,39,Made Shot,Running Jump Shot,2PT Field Goal,In The Paint (Non-RA),Center(C),Less Than 8 ft.,7.0,-23.0,67.0,1,1,20140131,DEN,TOR
Shot Chart Detail,0021300694,60,203082,Terrence Ross,1610612761,Toronto Raptors,1,4,59,Made Shot,Step Back Jump shot,3PT Field Goal,Above the Break 3,Left Side Center(LC),24+ ft.,24.0,-201.0,146.0,1,1,20140131,DEN,TOR
Shot Chart Detail,0021300694,78,203082,Terrence Ross,1610612761,Toronto Raptors,1,3,9,Made Shot,Layup Shot,2PT Field Goal,Restricted Area,Center(C),Less Than 8 ft.,2.0,20.0,14.0,1,1,20140131,DEN,TOR
Shot Chart Detail,0021300694,227,203082,Terrence Ross,1610612761,Toronto Raptors,2,1,42,Made Shot,Jump Shot,2PT Field Goal,Mid-Range,Left Side(L),8-16 ft.,11.0,-95.0,58.0,1,1,20140131,DEN,TOR
Shot Chart Detail,0021300694,234,203082,Terrence Ross,1610612761,Toronto Raptors,2,0,51,Missed Shot,Jump Shot,2PT Field Goal,Mid-Range,Right Side Center(RC),16-24 ft.,16.0,78.0,151.0,1,0,20140131,DEN,TOR
Shot Chart Detail,0021300694,246,203082,Terrence Ross,1610612761,Toronto Raptors,2,0,5,Made Shot,Slam Dunk Shot,2PT Field Goal,Restricted Area,Center(C),Less Than 8 ft.,1.0,6.0,17.0,1,1,20140131,DEN,TOR
Shot Chart Detail,0021300694,316,203082,Terrence Ross,1610612761,Toronto Raptors,3,6,17,Missed Shot,Jump Shot,3PT Field Goal,Above the Break 3,Right Side Center(RC),24+ ft.,25.0,223.0,121.0,1,0,20140131,DEN,TOR
Shot Chart Detail,0021300694,384,203082,Terrence Ross,1610612761,Toronto Raptors,4,11,38,Made Shot,Layup Shot,2PT Field Goal,Restricted Area,Center(C),Less Than 8 ft.,2.0,-8.0,28.0,1,1,20140131,DEN,TOR
Shot Chart Detail,0021300694,436,203082,Terrence Ross,1610612761,Toronto Raptors,4,6,16,Missed Shot,Jump Shot,2PT Field Goal,Mid-Range,Left Side Center(LC),16-24 ft.,16.0,-90.0,135.0,1,0,20140131,DEN,TOR
Shot Chart Detail,0021300707,9,203082,Terrence Ross,1610612761,Toronto Raptors,1,11,7,Missed Shot,Jump Shot,2PT Field Goal,In The Paint (Non-RA),Center(C),Less Than 8 ft.,4.0,10.0,45.0,1,0,20140201,POR,TOR
Shot Chart Detail,0021300707,35,203082,Terrence Ross,1610612761,Toronto Raptors,1,7,22,Missed Shot,Layup Shot,2PT Field Goal,Restricted Area,Center(C),Less Than 8 ft.,2.0,-27.0,-5.0,1,0,20140201,POR,TOR
Shot Chart Detail,0021300707,207,203082,Terrence Ross,1610612761,Toronto Raptors,2,7,3,Made Shot,Turnaround Jump Shot,2PT Field Goal,In The Paint (Non-RA),Center(C),Less Than 8 ft.,7.0,51.0,56.0,1,1,20140201,POR,TOR
Shot Chart Detail,0021300707,216,203082,Terrence Ross,1610612761,Toronto Raptors,2,6,11,Missed Shot,Jump Shot,3PT Field Goal,Above the Break 3,Right Side Center(RC),24+ ft.,24.0,176.0,165.0,1,0,20140201,POR,TOR
Shot Chart Detail,0021300707,237,203082,Terrence Ross,1610612761,Toronto Raptors,2,5,2,Made Shot,Jump Shot,2PT Field Goal,Mid-Range,Center(C),16-24 ft.,18.0,48.0,175.0,1,1,20140201,POR,TOR
Shot Chart Detail,0021300707,249,203082,Terrence Ross,1610612761,Toronto Raptors,2,4,2,Made Shot,Driving Layup Shot,2PT Field Goal,Restricted Area,Center(C),Less Than 8 ft.,1.0,0.0,12.0,1,1,20140201,POR,TOR
Shot Chart Detail,0021300707,263,203082,Terrence Ross,1610612761,Toronto Raptors,2,2,50,Missed Shot,Pullup Jump shot,2PT Field Goal,Mid-Range,Center(C),8-16 ft.,14.0,1.0,146.0,1,0,20140201,POR,TOR
Shot Chart Detail,0021300707,267,203082,Terrence Ross,1610612761,Toronto Raptors,2,2,23,Missed Shot,Jump Shot,3PT Field Goal,Above the Break 3,Right Side Center(RC),24+ ft.,25.0,154.0,206.0,1,0,20140201,POR,TOR
Shot Chart Detail,0021300707,317,203082,Terrence Ross,1610612761,Toronto Raptors,3,10,11,Missed Shot,Jump Shot,2PT Field Goal,In The Paint (Non-RA),Center(C),Less Than 8 ft.,7.0,-71.0,23.0,1,0,20140201,POR,TOR
Shot Chart Detail,0021300707,335,203082,Terrence Ross,1610612761,Toronto Raptors,3,8,26,Missed Shot,Jump Shot,3PT Field Goal,Above the Break 3,Center(C),24+ ft.,25.0,9.0,252.0,1,0,20140201,POR,TOR
Shot Chart Detail,0021300707,344,203082,Terrence Ross,1610612761,Toronto Raptors,3,7,36,Missed Shot,Jump Shot,2PT Field Goal,Mid-Range,Center(C),16-24 ft.,22.0,65.0,211.0,1,0,20140201,POR,TOR
Shot Chart Detail,0021300707,462,203082,Terrence Ross,1610612761,Toronto Raptors,4,9,3,Missed Shot,Jump Shot,3PT Field Goal,Right Corner 3,Right Side(R),24+ ft.,23.0,231.0,-6.0,1,0,20140201,POR,TOR
Shot Chart Detail,0021300719,5,203082,Terrence Ross,1610612761,Toronto Raptors,1,11,9,Missed Shot,Jump Shot,3PT Field Goal,Above the Break 3,Left Side Center(LC),24+ ft.,24.0,-147.0,198.0,1,0,20140203,UTA,TOR
Shot Chart Detail,0021300719,37,203082,Terrence Ross,1610612761,Toronto Raptors,1,7,40,Missed Shot,Jump Shot,3PT Field Goal,Above the Break 3,Right Side Center(RC),24+ ft.,24.0,144.0,197.0,1,0,20140203,UTA,TOR
Shot Chart Detail,0021300719,51,203082,Terrence Ross,1610612761,Toronto Raptors,1,5,56,Made Shot,Jump Shot,3PT Field Goal,Above the Break 3,Right Side Center(RC),24+ ft.,24.0,187.0,162.0,1,1,20140203,UTA,TOR
Shot Chart Detail,0021300719,224,203082,Terrence Ross,1610612761,Toronto Raptors,3,11,32,Missed Shot,Tip Shot,2PT Field Goal,Restricted Area,Center(C),Less Than 8 ft.,1.0,13.0,11.0,1,0,20140203,UTA,TOR
Shot Chart Detail,0021300719,229,203082,Terrence Ross,1610612761,Toronto Raptors,3,11,2,Made Shot,Floating Jump shot,2PT Field Goal,Mid-Range,Left Side(L),8-16 ft.,9.0,-93.0,15.0,1,1,20140203,UTA,TOR
Shot Chart Detail,0021300719,245,203082,Terrence Ross,1610612761,Toronto Raptors,3,8,30,Missed Shot,Jump Shot,3PT Field Goal,Above the Break 3,Left Side Center(LC),24+ ft.,24.0,-199.0,135.0,1,0,20140203,UTA,TOR
Shot Chart Detail,0021300719,313,203082,Terrence Ross,1610612761,Toronto Raptors,3,1,43,Missed Shot,Jump Shot,3PT Field Goal,Above the Break 3,Left Side Center(LC),24+ ft.,24.0,-221.0,104.0,1,0,20140203,UTA,TOR
Shot Chart Detail,0021300719,340,203082,Terrence Ross,1610612761,Toronto Raptors,4,9,47,Missed Shot,Jump Shot,2PT Field Goal,Mid-Range,Right Side(R),8-16 ft.,12.0,121.0,37.0,1,0,20140203,UTA,TOR
Shot Chart Detail,0021300735,3,203082,Terrence Ross,1610612761,Toronto Raptors,1,11,16,Missed Shot,Jump Shot,2PT Field Goal,In The Paint (Non-RA),Center(C),Less Than 8 ft.,5.0,53.0,22.0,1,0,20140205,SAC,TOR
Shot Chart Detail,0021300735,33,203082,Terrence Ross,1610612761,Toronto Raptors,1,9,11,Made Shot,Jump Shot,3PT Field Goal,Above the Break 3,Left Side Center(LC),24+ ft.,26.0,-122.0,233.0,1,1,20140205,SAC,TOR
Shot Chart Detail,0021300735,46,203082,Terrence Ross,1610612761,Toronto Raptors,1,7,55,Missed Shot,Jump Shot,3PT Field Goal,Above the Break 3,Center(C),24+ ft.,25.0,-64.0,246.0,1,0,20140205,SAC,TOR
Shot Chart Detail,0021300735,164,203082,Terrence Ross,1610612761,Toronto Raptors,2,8,51,Missed Shot,Jump Shot,2PT Field Goal,In The Paint (Non-RA),Center(C),Less Than 8 ft.,6.0,64.0,26.0,1,0,20140205,SAC,TOR
Shot Chart Detail,0021300735,177,203082,Terrence Ross,1610612761,Toronto Raptors,2,7,24,Missed Shot,Jump Shot,2PT Field Goal,Mid-Range,Center(C),16-24 ft.,20.0,1.0,203.0,1,0,20140205,SAC,TOR
Shot Chart Detail,0021300735,329,203082,Terrence Ross,1610612761,Toronto Raptors,3,11,27,Made Shot,Pullup Jump shot,2PT Field Goal,In The Paint (Non-RA),Center(C),8-16 ft.,8.0,2.0,86.0,1,1,20140205,SAC,TOR
Shot Chart Detail,0021300735,332,203082,Terrence Ross,1610612761,Toronto Raptors,3,10,57,Missed Shot,Jump Shot,3PT Field Goal,Right Corner 3,Right Side(R),24+ ft.,24.0,233.0,74.0,1,0,20140205,SAC,TOR
Shot Chart Detail,0021300735,363,203082,Terrence Ross,1610612761,Toronto Raptors,3,8,26,Made Shot,Jump Shot,2PT Field Goal,Mid-Range,Left Side Center(LC),16-24 ft.,18.0,-98.0,159.0,1,1,20140205,SAC,TOR
Shot Chart Detail,0021300735,365,203082,Terrence Ross,1610612761,Toronto Raptors,3,8,3,Missed Shot,Jump Shot,3PT Field Goal,Above the Break 3,Center(C),24+ ft.,25.0,-32.0,250.0,1,0,20140205,SAC,TOR
Shot Chart Detail,0021300748,29,203082,Terrence Ross,1610612761,Toronto Raptors,1,9,5,Missed Shot,Jump Shot,2PT Field Goal,Mid-Range,Right Side Center(RC),16-24 ft.,19.0,84.0,181.0,1,0,20140207,LAC,TOR
Shot Chart Detail,0021300748,34,203082,Terrence Ross,1610612761,Toronto Raptors,1,8,42,Missed Shot,Jump Shot,3PT Field Goal,Above the Break 3,Right Side Center(RC),24+ ft.,28.0,114.0,260.0,1,0,20140207,LAC,TOR
Shot Chart Detail,0021300748,133,203082,Terrence Ross,1610612761,Toronto Raptors,2,9,57,Made Shot,Jump Shot,3PT Field Goal,Above the Break 3,Left Side Center(LC),24+ ft.,25.0,-150.0,206.0,1,1,20140207,LAC,TOR
Shot Chart Detail,0021300748,137,203082,Terrence Ross,1610612761,Toronto Raptors,2,9,24,Made Shot,Driving Dunk Shot,2PT Field Goal,Restricted Area,Center(C),Less Than 8 ft.,2.0,-8.0,28.0,1,1,20140207,LAC,TOR
Shot Chart Detail,0021300748,484,203082,Terrence Ross,1610612761,Toronto Raptors,4,10,32,Missed Shot,Jump Shot,2PT Field Goal,Mid-Range,Center(C),8-16 ft.,15.0,2.0,159.0,1,0,20140207,LAC,TOR
Shot Chart Detail,0021300748,543,203082,Terrence Ross,1610612761,Toronto Raptors,4,5,36,Missed Shot,Jump Shot,3PT Field Goal,Left Corner 3,Left Side(L),24+ ft.,23.0,-237.0,-6.0,1,0,20140207,LAC,TOR
Shot Chart Detail,0021300748,613,203082,Terrence Ross,1610612761,Toronto Raptors,4,1,26,Made Shot,Jump Shot,3PT Field Goal,Above the Break 3,Right Side Center(RC),24+ ft.,25.0,80.0,238.0,1,1,20140207,LAC,TOR
Shot Chart Detail,0021300748,618,203082,Terrence Ross,1610612761,Toronto Raptors,4,0,48,Missed Shot,Jump Shot,2PT Field Goal,In The Paint (Non-RA),Center(C),Less Than 8 ft.,5.0,54.0,12.0,1,0,20140207,LAC,TOR
Shot Chart Detail,0021300748,621,203082,Terrence Ross,1610612761,Toronto Raptors,4,0,36,Missed Shot,Jump Shot,3PT Field Goal,,,,,,,1,0,20140207,LAC,TOR
Shot Chart Detail,0021300748,625,203082,Terrence Ross,1610612761,Toronto Raptors,4,0,0,Missed Shot,Jump Shot,3PT Field Goal,Above the Break 3,Center(C),24+ ft.,35.0,28.0,350.0,1,0,20140207,LAC,TOR
Shot Chart Detail,0021300765,2,203082,Terrence Ross,1610612761,Toronto Raptors,1,11,38,Missed Shot,Step Back Jump shot,2PT Field Goal,Mid-Range,Right Side(R),16-24 ft.,19.0,182.0,61.0,1,0,20140210,TOR,NOP
Shot Chart Detail,0021300765,26,203082,Terrence Ross,1610612761,Toronto Raptors,1,8,43,Made Shot,Jump Shot,3PT Field Goal,Above the Break 3,Left Side Center(LC),24+ ft.,26.0,-84.0,247.0,1,1,20140210,TOR,NOP
Shot Chart Detail,0021300765,81,203082,Terrence Ross,1610612761,Toronto Raptors,1,3,23,Missed Shot,Jump Shot,3PT Field Goal,Above the Break 3,Right Side Center(RC),24+ ft.,24.0,217.0,124.0,1,0,20140210,TOR,NOP
Shot Chart Detail,0021300765,98,203082,Terrence Ross,1610612761,Toronto Raptors,1,1,42,Missed Shot,Jump Shot,2PT Field Goal,Mid-Range,Right Side Center(RC),16-24 ft.,19.0,127.0,153.0,1,0,20140210,TOR,NOP
Shot Chart Detail,0021300765,294,203082,Terrence Ross,1610612761,Toronto Raptors,3,8,54,Made Shot,Jump Shot,3PT Field Goal,Left Corner 3,Left Side(L),24+ ft.,23.0,-232.0,3.0,1,1,20140210,TOR,NOP
Shot Chart Detail,0021300765,335,203082,Terrence Ross,1610612761,Toronto Raptors,3,5,17,Made Shot,Jump Shot,3PT Field Goal,Above the Break 3,Right Side Center(RC),24+ ft.,25.0,204.0,159.0,1,1,20140210,TOR,NOP
Shot Chart Detail,0021300765,496,203082,Terrence Ross,1610612761,Toronto Raptors,4,4,21,Made Shot,Jump Shot,3PT Field Goal,Above the Break 3,Left Side Center(LC),24+ ft.,25.0,-237.0,89.0,1,1,20140210,TOR,NOP
Shot Chart Detail,0021300765,535,203082,Terrence Ross,1610612761,Toronto Raptors,4,1,16,Made Shot,Driving Layup Shot,2PT Field Goal,Restricted Area,Center(C),Less Than 8 ft.,3.0,28.0,25.0,1,1,20140210,TOR,NOP
Shot Chart Detail,0021300779,17,203082,Terrence Ross,1610612761,Toronto Raptors,1,9,56,Made Shot,Pullup Jump shot,2PT Field Goal,In The Paint (Non-RA),Right Side(R),8-16 ft.,10.0,75.0,80.0,1,1,20140212,TOR,ATL
Shot Chart Detail,0021300779,45,203082,Terrence Ross,1610612761,Toronto Raptors,1,6,54,Missed Shot,Jump Shot,3PT Field Goal,Above the Break 3,Left Side Center(LC),24+ ft.,25.0,-196.0,159.0,1,0,20140212,TOR,ATL
Shot Chart Detail,0021300779,47,203082,Terrence Ross,1610612761,Toronto Raptors,1,6,38,Missed Shot,Jump Shot,3PT Field Goal,Above the Break 3,Left Side Center(LC),24+ ft.,25.0,-215.0,140.0,1,0,20140212,TOR,ATL
Shot Chart Detail,0021300779,169,203082,Terrence Ross,1610612761,Toronto Raptors,2,7,52,Made Shot,Floating Jump shot,2PT Field Goal,Mid-Range,Left Side(L),8-16 ft.,12.0,-125.0,1.0,1,1,20140212,TOR,ATL
Shot Chart Detail,0021300779,188,203082,Terrence Ross,1610612761,Toronto Raptors,2,5,56,Missed Shot,Jump Shot,3PT Field Goal,Above the Break 3,Right Side Center(RC),24+ ft.,26.0,165.0,209.0,1,0,20140212,TOR,ATL
Shot Chart Detail,0021300779,208,203082,Terrence Ross,1610612761,Toronto Raptors,2,4,9,Missed Shot,Jump Shot,3PT Field Goal,Above the Break 3,Right Side Center(RC),24+ ft.,26.0,190.0,187.0,1,0,20140212,TOR,ATL
Shot Chart Detail,0021300779,236,203082,Terrence Ross,1610612761,Toronto Raptors,2,1,56,Made Shot,Jump Shot,3PT Field Goal,Left Corner 3,Left Side(L),24+ ft.,23.0,-235.0,-11.0,1,1,20140212,TOR,ATL
Shot Chart Detail,0021300779,252,203082,Terrence Ross,1610612761,Toronto Raptors,2,0,25,Made Shot,Jump Shot,3PT Field Goal,Above the Break 3,Left Side Center(LC),24+ ft.,28.0,-120.0,255.0,1,1,20140212,TOR,ATL
Shot Chart Detail,0021300779,279,203082,Terrence Ross,1610612761,Toronto Raptors,3,9,30,Missed Shot,Jump Shot,3PT Field Goal,Above the Break 3,Right Side Center(RC),24+ ft.,26.0,179.0,190.0,1,0,20140212,TOR,ATL
Shot Chart Detail,0021300779,318,203082,Terrence Ross,1610612761,Toronto Raptors,3,6,26,Missed Shot,Tip Shot,2PT Field Goal,Restricted Area,Center(C),Less Than 8 ft.,1.0,13.0,7.0,1,0,20140212,TOR,ATL
Shot Chart Detail,0021300779,555,203082,Terrence Ross,1610612761,Toronto Raptors,4,0,29,Made Shot,Jump Shot,3PT Field Goal,Right Corner 3,Right Side(R),24+ ft.,24.0,241.0,0.0,1,1,20140212,TOR,ATL
Shot Chart Detail,0021300794,29,203082,Terrence Ross,1610612761,Toronto Raptors,1,8,46,Made Shot,Jump Shot,2PT Field Goal,Mid-Range,Left Side(L),8-16 ft.,8.0,-82.0,28.0,1,1,20140218,WAS,TOR
Shot Chart Detail,0021300794,423,203082,Terrence Ross,1610612761,Toronto Raptors,4,4,55,Missed Shot,Jump Shot,2PT Field Goal,Mid-Range,Left Side(L),8-16 ft.,11.0,-89.0,66.0,1,0,20140218,WAS,TOR
Shot Chart Detail,0021300803,36,203082,Terrence Ross,1610612761,Toronto Raptors,1,6,19,Missed Shot,Jump Shot,2PT Field Goal,Mid-Range,Left Side(L),16-24 ft.,18.0,-187.0,1.0,1,0,20140219,TOR,CHI
Shot Chart Detail,0021300803,127,203082,Terrence Ross,1610612761,Toronto Raptors,1,0,0,Missed Shot,Jump Shot,3PT Field Goal,Backcourt,Back Court(BC),Back Court Shot,57.0,187.0,542.0,1,0,20140219,TOR,CHI
Shot Chart Detail,0021300803,198,203082,Terrence Ross,1610612761,Toronto Raptors,2,6,6,Made Shot,Driving Layup Shot,2PT Field Goal,Restricted Area,Center(C),Less Than 8 ft.,1.0,-19.0,6.0,1,1,20140219,TOR,CHI
Shot Chart Detail,0021300803,229,203082,Terrence Ross,1610612761,Toronto Raptors,2,3,46,Made Shot,Pullup Jump shot,2PT Field Goal,Mid-Range,Right Side(R),8-16 ft.,14.0,81.0,118.0,1,1,20140219,TOR,CHI
Shot Chart Detail,0021300803,255,203082,Terrence Ross,1610612761,Toronto Raptors,2,2,8,Missed Shot,Jump Shot,2PT Field Goal,Mid-Range,Center(C),8-16 ft.,14.0,36.0,140.0,1,0,20140219,TOR,CHI
Shot Chart Detail,0021300803,263,203082,Terrence Ross,1610612761,Toronto Raptors,2,1,6,Missed Shot,Driving Layup Shot,2PT Field Goal,Restricted Area,Center(C),Less Than 8 ft.,3.0,-2.0,34.0,1,0,20140219,TOR,CHI
Shot Chart Detail,0021300803,277,203082,Terrence Ross,1610612761,Toronto Raptors,3,11,45,Missed Shot,Jump Shot,3PT Field Goal,Above the Break 3,Left Side Center(LC),24+ ft.,24.0,-185.0,160.0,1,0,20140219,TOR,CHI
Shot Chart Detail,0021300803,283,203082,Terrence Ross,1610612761,Toronto Raptors,3,10,32,Made Shot,Driving Layup Shot,2PT Field Goal,Restricted Area,Center(C),Less Than 8 ft.,2.0,20.0,19.0,1,1,20140219,TOR,CHI
Shot Chart Detail,0021300803,476,203082,Terrence Ross,1610612761,Toronto Raptors,4,3,23,Made Shot,Pullup Jump shot,2PT Field Goal,In The Paint (Non-RA),Center(C),Less Than 8 ft.,5.0,-10.0,55.0,1,1,20140219,TOR,CHI
Shot Chart Detail,0021300818,8,203082,Terrence Ross,1610612761,Toronto Raptors,1,10,56,Made Shot,Jump Shot,3PT Field Goal,Above the Break 3,Center(C),24+ ft.,25.0,34.0,250.0,1,1,20140221,TOR,CLE
Shot Chart Detail,0021300818,44,203082,Terrence Ross,1610612761,Toronto Raptors,1,7,5,Missed Shot,Pullup Jump shot,2PT Field Goal,Mid-Range,Left Side Center(LC),16-24 ft.,18.0,-79.0,162.0,1,0,20140221,TOR,CLE
Shot Chart Detail,0021300818,47,203082,Terrence Ross,1610612761,Toronto Raptors,1,6,42,Made Shot,Jump Shot,3PT Field Goal,Above the Break 3,Left Side Center(LC),24+ ft.,24.0,-226.0,102.0,1,1,20140221,TOR,CLE
Shot Chart Detail,0021300818,63,203082,Terrence Ross,1610612761,Toronto Raptors,1,5,29,Missed Shot,Jump Shot,2PT Field Goal,Mid-Range,Right Side(R),8-16 ft.,14.0,149.0,3.0,1,0,20140221,TOR,CLE
Shot Chart Detail,0021300818,67,203082,Terrence Ross,1610612761,Toronto Raptors,1,4,53,Made Shot,Pullup Jump shot,2PT Field Goal,Mid-Range,Right Side(R),8-16 ft.,14.0,105.0,107.0,1,1,20140221,TOR,CLE
Shot Chart Detail,0021300818,69,203082,Terrence Ross,1610612761,Toronto Raptors,1,4,20,Missed Shot,Jump Shot,3PT Field Goal,Above the Break 3,Left Side Center(LC),24+ ft.,24.0,-168.0,173.0,1,0,20140221,TOR,CLE
Shot Chart Detail,0021300818,102,203082,Terrence Ross,1610612761,Toronto Raptors,1,1,26,Missed Shot,Jump Shot,3PT Field Goal,Above the Break 3,Right Side Center(RC),24+ ft.,24.0,132.0,203.0,1,0,20140221,TOR,CLE
Shot Chart Detail,0021300818,208,203082,Terrence Ross,1610612761,Toronto Raptors,2,3,49,Made Shot,Driving Finger Roll Layup Shot,2PT Field Goal,Restricted Area,Center(C),Less Than 8 ft.,2.0,-13.0,22.0,1,1,20140221,TOR,CLE
Shot Chart Detail,0021300818,237,203082,Terrence Ross,1610612761,Toronto Raptors,2,2,34,Missed Shot,Jump Shot,2PT Field Goal,Mid-Range,Left Side(L),16-24 ft.,19.0,-185.0,66.0,1,0,20140221,TOR,CLE
Shot Chart Detail,0021300818,244,203082,Terrence Ross,1610612761,Toronto Raptors,2,1,56,Missed Shot,Driving Slam Dunk Shot,2PT Field Goal,Restricted Area,Center(C),Less Than 8 ft.,0.0,7.0,-3.0,1,0,20140221,TOR,CLE
Shot Chart Detail,0021300818,247,203082,Terrence Ross,1610612761,Toronto Raptors,2,1,32,Missed Shot,Jump Shot,3PT Field Goal,Right Corner 3,Right Side(R),24+ ft.,22.0,228.0,0.0,1,0,20140221,TOR,CLE
Shot Chart Detail,0021300818,267,203082,Terrence Ross,1610612761,Toronto Raptors,2,0,17,Made Shot,Jump Shot,2PT Field Goal,In The Paint (Non-RA),Center(C),8-16 ft.,8.0,-40.0,80.0,1,1,20140221,TOR,CLE
Shot Chart Detail,0021300818,292,203082,Terrence Ross,1610612761,Toronto Raptors,3,9,58,Made Shot,Alley Oop Dunk Shot,2PT Field Goal,Restricted Area,Center(C),Less Than 8 ft.,0.0,4.0,6.0,1,1,20140221,TOR,CLE
Shot Chart Detail,0021300818,307,203082,Terrence Ross,1610612761,Toronto Raptors,3,8,18,Made Shot,Pullup Jump shot,2PT Field Goal,In The Paint (Non-RA),Right Side(R),8-16 ft.,10.0,56.0,94.0,1,1,20140221,TOR,CLE
Shot Chart Detail,0021300818,360,203082,Terrence Ross,1610612761,Toronto Raptors,3,3,15,Made Shot,Driving Layup Shot,2PT Field Goal,Restricted Area,Center(C),Less Than 8 ft.,1.0,4.0,12.0,1,1,20140221,TOR,CLE
Shot Chart Detail,0021300818,370,203082,Terrence Ross,1610612761,Toronto Raptors,3,2,30,Missed Shot,Jump Shot,3PT Field Goal,Right Corner 3,Right Side(R),24+ ft.,23.0,236.0,-5.0,1,0,20140221,TOR,CLE
Shot Chart Detail,0021300818,473,203082,Terrence Ross,1610612761,Toronto Raptors,4,6,37,Made Shot,Jump Shot,2PT Field Goal,Mid-Range,Center(C),16-24 ft.,21.0,18.0,214.0,1,1,20140221,TOR,CLE
Shot Chart Detail,0021300818,502,203082,Terrence Ross,1610612761,Toronto Raptors,4,3,21,Missed Shot,Jump Shot,3PT Field Goal,Left Corner 3,Left Side(L),24+ ft.,23.0,-234.0,-10.0,1,0,20140221,TOR,CLE
Shot Chart Detail,0021300836,21,203082,Terrence Ross,1610612761,Toronto Raptors,1,9,21,Missed Shot,Jump Shot,3PT Field Goal,Above the Break 3,Right Side Center(RC),24+ ft.,25.0,170.0,186.0,1,0,20140223,TOR,ORL
Shot Chart Detail,0021300836,23,203082,Terrence Ross,1610612761,Toronto Raptors,1,9,16,Made Shot,Jump Shot,3PT Field Goal,Above the Break 3,Left Side Center(LC),24+ ft.,25.0,-153.0,200.0,1,1,20140223,TOR,ORL
Shot Chart Detail,0021300836,40,203082,Terrence Ross,1610612761,Toronto Raptors,1,7,27,Missed Shot,Driving Layup Shot,2PT Field Goal,Restricted Area,Center(C),Less Than 8 ft.,1.0,-8.0,9.0,1,0,20140223,TOR,ORL
Shot Chart Detail,0021300836,186,203082,Terrence Ross,1610612761,Toronto Raptors,2,5,2,Made Shot,Jump Shot,3PT Field Goal,Above the Break 3,Right Side Center(RC),24+ ft.,24.0,189.0,160.0,1,1,20140223,TOR,ORL
Shot Chart Detail,0021300836,221,203082,Terrence Ross,1610612761,Toronto Raptors,2,2,19,Missed Shot,Jump Shot,3PT Field Goal,Above the Break 3,Left Side Center(LC),24+ ft.,24.0,-182.0,162.0,1,0,20140223,TOR,ORL
Shot Chart Detail,0021300836,266,203082,Terrence Ross,1610612761,Toronto Raptors,3,9,41,Made Shot,Floating Jump shot,2PT Field Goal,In The Paint (Non-RA),Center(C),Less Than 8 ft.,7.0,10.0,74.0,1,1,20140223,TOR,ORL
Shot Chart Detail,0021300836,271,203082,Terrence Ross,1610612761,Toronto Raptors,3,9,8,Made Shot,Driving Layup Shot,2PT Field Goal,Restricted Area,Center(C),Less Than 8 ft.,1.0,-15.0,9.0,1,1,20140223,TOR,ORL
Shot Chart Detail,0021300836,278,203082,Terrence Ross,1610612761,Toronto Raptors,3,8,45,Made Shot,Jump Shot,3PT Field Goal,Above the Break 3,Left Side Center(LC),24+ ft.,24.0,-149.0,200.0,1,1,20140223,TOR,ORL
Shot Chart Detail,0021300836,302,203082,Terrence Ross,1610612761,Toronto Raptors,3,6,51,Missed Shot,Turnaround Fadeaway shot,2PT Field Goal,In The Paint (Non-RA),Left Side(L),8-16 ft.,9.0,-59.0,71.0,1,0,20140223,TOR,ORL
Shot Chart Detail,0021300836,552,203082,Terrence Ross,1610612761,Toronto Raptors,4,0,55,Made Shot,Jump Shot,2PT Field Goal,Mid-Range,Left Side(L),16-24 ft.,16.0,-160.0,4.0,1,1,20140223,TOR,ORL
Shot Chart Detail,0021300836,555,203082,Terrence Ross,1610612761,Toronto Raptors,4,0,22,Missed Shot,Step Back Jump shot,3PT Field Goal,Above the Break 3,Center(C),24+ ft.,24.0,-5.0,246.0,1,0,20140223,TOR,ORL
Shot Chart Detail,0021300846,7,203082,Terrence Ross,1610612761,Toronto Raptors,1,10,45,Made Shot,Jump Shot,2PT Field Goal,In The Paint (Non-RA),Center(C),8-16 ft.,14.0,62.0,127.0,1,1,20140225,CLE,TOR
Shot Chart Detail,0021300846,10,203082,Terrence Ross,1610612761,Toronto Raptors,1,10,25,Missed Shot,Jump Shot,3PT Field Goal,Above the Break 3,Left Side Center(LC),24+ ft.,25.0,-111.0,233.0,1,0,20140225,CLE,TOR
Shot Chart Detail,0021300846,31,203082,Terrence Ross,1610612761,Toronto Raptors,1,7,57,Made Shot,Jump Shot,3PT Field Goal,Above the Break 3,Right Side Center(RC),24+ ft.,25.0,140.0,217.0,1,1,20140225,CLE,TOR
Shot Chart Detail,0021300846,43,203082,Terrence Ross,1610612761,Toronto Raptors,1,6,23,Made Shot,Jump Shot,3PT Field Goal,Above the Break 3,Right Side Center(RC),24+ ft.,25.0,146.0,208.0,1,1,20140225,CLE,TOR
Shot Chart Detail,0021300846,234,203082,Terrence Ross,1610612761,Toronto Raptors,2,1,2,Missed Shot,Jump Shot,3PT Field Goal,Above the Break 3,Left Side Center(LC),24+ ft.,26.0,-161.0,205.0,1,0,20140225,CLE,TOR
Shot Chart Detail,0021300846,266,203082,Terrence Ross,1610612761,Toronto Raptors,3,11,49,Missed Shot,Jump Shot,3PT Field Goal,Left Corner 3,Left Side(L),24+ ft.,24.0,-234.0,67.0,1,0,20140225,CLE,TOR
Shot Chart Detail,0021300846,279,203082,Terrence Ross,1610612761,Toronto Raptors,3,10,22,Missed Shot,Pullup Jump shot,2PT Field Goal,Mid-Range,Right Side Center(RC),16-24 ft.,20.0,130.0,156.0,1,0,20140225,CLE,TOR
Shot Chart Detail,0021300846,291,203082,Terrence Ross,1610612761,Toronto Raptors,3,9,6,Made Shot,Jump Shot,3PT Field Goal,Above the Break 3,Left Side Center(LC),24+ ft.,26.0,-193.0,184.0,1,1,20140225,CLE,TOR
Shot Chart Detail,0021300846,322,203082,Terrence Ross,1610612761,Toronto Raptors,3,5,29,Made Shot,Driving Slam Dunk Shot,2PT Field Goal,Restricted Area,Center(C),Less Than 8 ft.,0.0,9.0,0.0,1,1,20140225,CLE,TOR
Shot Chart Detail,0021300846,462,203082,Terrence Ross,1610612761,Toronto Raptors,4,5,24,Made Shot,Jump Shot,3PT Field Goal,Above the Break 3,Right Side Center(RC),24+ ft.,24.0,189.0,162.0,1,1,20140225,CLE,TOR
Shot Chart Detail,0021300846,490,203082,Terrence Ross,1610612761,Toronto Raptors,4,3,2,Made Shot,Jump Shot,3PT Field Goal,Above the Break 3,Right Side Center(RC),24+ ft.,26.0,185.0,183.0,1,1,20140225,CLE,TOR
Shot Chart Detail,0021300864,17,203082,Terrence Ross,1610612761,Toronto Raptors,1,10,3,Made Shot,Jump Shot,3PT Field Goal,Left Corner 3,Left Side(L),24+ ft.,23.0,-235.0,23.0,1,1,20140227,TOR,WAS
Shot Chart Detail,0021300864,24,203082,Terrence Ross,1610612761,Toronto Raptors,1,9,28,Missed Shot,Jump Shot,3PT Field Goal,Above the Break 3,Right Side Center(RC),24+ ft.,24.0,102.0,224.0,1,0,20140227,TOR,WAS
Shot Chart Detail,0021300864,27,203082,Terrence Ross,1610612761,Toronto Raptors,1,8,46,Missed Shot,Jump Shot,3PT Field Goal,Left Corner 3,Left Side(L),24+ ft.,22.0,-224.0,9.0,1,0,20140227,TOR,WAS
Shot Chart Detail,0021300864,68,203082,Terrence Ross,1610612761,Toronto Raptors,1,3,54,Made Shot,Jump Shot,3PT Field Goal,Left Corner 3,Left Side(L),24+ ft.,23.0,-237.0,3.0,1,1,20140227,TOR,WAS
Shot Chart Detail,0021300864,83,203082,Terrence Ross,1610612761,Toronto Raptors,1,2,25,Made Shot,Jump Shot,3PT Field Goal,Left Corner 3,Left Side(L),24+ ft.,24.0,-235.0,58.0,1,1,20140227,TOR,WAS
Shot Chart Detail,0021300919,5,203082,Terrence Ross,1610612761,Toronto Raptors,1,11,9,Made Shot,Jump Shot,3PT Field Goal,Left Corner 3,Left Side(L),24+ ft.,23.0,-231.0,-8.0,1,1,20140307,TOR,SAC
Shot Chart Detail,0021300919,22,203082,Terrence Ross,1610612761,Toronto Raptors,1,8,38,Missed Shot,Jump Shot,3PT Field Goal,Left Corner 3,Left Side(L),24+ ft.,23.0,-237.0,-17.0,1,0,20140307,TOR,SAC
Shot Chart Detail,0021300919,26,203082,Terrence Ross,1610612761,Toronto Raptors,1,8,12,Missed Shot,Jump Shot,2PT Field Goal,Restricted Area,Center(C),Less Than 8 ft.,3.0,36.0,4.0,1,0,20140307,TOR,SAC
Shot Chart Detail,0021300919,203,203082,Terrence Ross,1610612761,Toronto Raptors,2,6,45,Missed Shot,Jump Shot,2PT Field Goal,Mid-Range,Left Side(L),8-16 ft.,12.0,-93.0,77.0,1,0,20140307,TOR,SAC
Shot Chart Detail,0021300919,230,203082,Terrence Ross,1610612761,Toronto Raptors,2,4,40,Made Shot,Jump Shot,3PT Field Goal,Above the Break 3,Right Side Center(RC),24+ ft.,27.0,100.0,255.0,1,1,20140307,TOR,SAC
Shot Chart Detail,0021300919,316,203082,Terrence Ross,1610612761,Toronto Raptors,3,11,29,Made Shot,Jump Shot,3PT Field Goal,Right Corner 3,Right Side(R),24+ ft.,23.0,231.0,22.0,1,1,20140307,TOR,SAC
Shot Chart Detail,0021300919,351,203082,Terrence Ross,1610612761,Toronto Raptors,3,7,42,Made Shot,Jump Shot,3PT Field Goal,Above the Break 3,Left Side Center(LC),24+ ft.,26.0,-245.0,91.0,1,1,20140307,TOR,SAC
Shot Chart Detail,0021300919,354,203082,Terrence Ross,1610612761,Toronto Raptors,3,7,10,Missed Shot,Jump Shot,2PT Field Goal,Mid-Range,Left Side(L),16-24 ft.,16.0,-161.0,17.0,1,0,20140307,TOR,SAC
Shot Chart Detail,0021300919,400,203082,Terrence Ross,1610612761,Toronto Raptors,3,3,43,Missed Shot,Running Layup Shot,2PT Field Goal,In The Paint (Non-RA),Center(C),Less Than 8 ft.,4.0,-41.0,6.0,1,0,20140307,TOR,SAC
Shot Chart Detail,0021300919,403,203082,Terrence Ross,1610612761,Toronto Raptors,3,3,13,Made Shot,Jump Shot,3PT Field Goal,Above the Break 3,Right Side Center(RC),24+ ft.,24.0,209.0,134.0,1,1,20140307,TOR,SAC
Shot Chart Detail,0021300919,422,203082,Terrence Ross,1610612761,Toronto Raptors,3,1,58,Missed Shot,Jump Shot,3PT Field Goal,Above the Break 3,Right Side Center(RC),24+ ft.,25.0,225.0,116.0,1,0,20140307,TOR,SAC
Shot Chart Detail,0021300919,574,203082,Terrence Ross,1610612761,Toronto Raptors,4,1,37,Made Shot,Jump Shot,3PT Field Goal,Above the Break 3,Left Side Center(LC),24+ ft.,25.0,-109.0,236.0,1,1,20140307,TOR,SAC
Shot Chart Detail,0021300940,53,203082,Terrence Ross,1610612761,Toronto Raptors,1,6,59,Made Shot,Jump Shot,3PT Field Goal,Above the Break 3,Left Side Center(LC),24+ ft.,25.0,-198.0,153.0,1,1,20140309,MIN,TOR
Shot Chart Detail,0021300940,59,203082,Terrence Ross,1610612761,Toronto Raptors,1,6,13,Made Shot,Pullup Jump shot,2PT Field Goal,Mid-Range,Left Side Center(LC),16-24 ft.,16.0,-81.0,145.0,1,1,20140309,MIN,TOR
Shot Chart Detail,0021300940,94,203082,Terrence Ross,1610612761,Toronto Raptors,1,3,6,Made Shot,Jump Shot,3PT Field Goal,Above the Break 3,Left Side Center(LC),24+ ft.,24.0,-199.0,148.0,1,1,20140309,MIN,TOR
Shot Chart Detail,0021300940,224,203082,Terrence Ross,1610612761,Toronto Raptors,2,1,59,Missed Shot,Jump Shot,3PT Field Goal,Above the Break 3,Left Side Center(LC),24+ ft.,24.0,-193.0,154.0,1,0,20140309,MIN,TOR
Shot Chart Detail,0021300940,258,203082,Terrence Ross,1610612761,Toronto Raptors,3,10,54,Made Shot,Jump Shot,3PT Field Goal,Left Corner 3,Left Side(L),24+ ft.,22.0,-226.0,25.0,1,1,20140309,MIN,TOR
Shot Chart Detail,0021300940,262,203082,Terrence Ross,1610612761,Toronto Raptors,3,10,26,Made Shot,Driving Layup Shot,2PT Field Goal,Restricted Area,Center(C),Less Than 8 ft.,2.0,-18.0,23.0,1,1,20140309,MIN,TOR
Shot Chart Detail,0021300940,283,203082,Terrence Ross,1610612761,Toronto Raptors,3,7,55,Missed Shot,Jump Shot,2PT Field Goal,In The Paint (Non-RA),Center(C),Less Than 8 ft.,6.0,23.0,58.0,1,0,20140309,MIN,TOR
Shot Chart Detail,0021300940,464,203082,Terrence Ross,1610612761,Toronto Raptors,4,3,25,Missed Shot,Jump Shot,2PT Field Goal,Mid-Range,Center(C),16-24 ft.,22.0,-5.0,224.0,1,0,20140309,MIN,TOR
Shot Chart Detail,0021300944,2,203082,Terrence Ross,1610612761,Toronto Raptors,1,11,34,Missed Shot,Floating Jump shot,2PT Field Goal,In The Paint (Non-RA),Center(C),8-16 ft.,14.0,72.0,126.0,1,0,20140310,BKN,TOR
Shot Chart Detail,0021300944,9,203082,Terrence Ross,1610612761,Toronto Raptors,1,10,28,Made Shot,Jump Shot,3PT Field Goal,Left Corner 3,Left Side(L),24+ ft.,22.0,-228.0,-11.0,1,1,20140310,BKN,TOR
Shot Chart Detail,0021300944,12,203082,Terrence Ross,1610612761,Toronto Raptors,1,9,40,Made Shot,Jump Shot,3PT Field Goal,Right Corner 3,Right Side(R),24+ ft.,23.0,237.0,-10.0,1,1,20140310,BKN,TOR
Shot Chart Detail,0021300944,22,203082,Terrence Ross,1610612761,Toronto Raptors,1,8,26,Missed Shot,Jump Shot,3PT Field Goal,Left Corner 3,Left Side(L),24+ ft.,24.0,-231.0,80.0,1,0,20140310,BKN,TOR
Shot Chart Detail,0021300944,26,203082,Terrence Ross,1610612761,Toronto Raptors,1,8,13,Made Shot,Slam Dunk Shot,2PT Field Goal,Restricted Area,Center(C),Less Than 8 ft.,1.0,15.0,4.0,1,1,20140310,BKN,TOR
Shot Chart Detail,0021300944,36,203082,Terrence Ross,1610612761,Toronto Raptors,1,7,18,Missed Shot,Jump Shot,3PT Field Goal,Left Corner 3,Left Side(L),24+ ft.,24.0,-228.0,75.0,1,0,20140310,BKN,TOR
Shot Chart Detail,0021300944,38,203082,Terrence Ross,1610612761,Toronto Raptors,1,7,15,Made Shot,Driving Layup Shot,2PT Field Goal,Restricted Area,Center(C),Less Than 8 ft.,1.0,-8.0,15.0,1,1,20140310,BKN,TOR
Shot Chart Detail,0021300944,50,203082,Terrence Ross,1610612761,Toronto Raptors,1,5,58,Missed Shot,Jump Shot,3PT Field Goal,Above the Break 3,Center(C),24+ ft.,25.0,13.0,250.0,1,0,20140310,BKN,TOR
Shot Chart Detail,0021300944,63,203082,Terrence Ross,1610612761,Toronto Raptors,1,5,8,Made Shot,Jump Shot,2PT Field Goal,Restricted Area,Center(C),Less Than 8 ft.,3.0,32.0,11.0,1,1,20140310,BKN,TOR
Shot Chart Detail,0021300944,284,203082,Terrence Ross,1610612761,Toronto Raptors,3,7,13,Missed Shot,Jump Shot,3PT Field Goal,Above the Break 3,Right Side Center(RC),24+ ft.,25.0,159.0,195.0,1,0,20140310,BKN,TOR
Shot Chart Detail,0021300944,315,203082,Terrence Ross,1610612761,Toronto Raptors,3,3,4,Missed Shot,Jump Shot,3PT Field Goal,Above the Break 3,Right Side Center(RC),24+ ft.,24.0,88.0,230.0,1,0,20140310,BKN,TOR
Shot Chart Detail,0021300944,435,203082,Terrence Ross,1610612761,Toronto Raptors,4,3,34,Missed Shot,Jump Shot,3PT Field Goal,Above the Break 3,Left Side Center(LC),24+ ft.,23.0,-175.0,164.0,1,0,20140310,BKN,TOR
Shot Chart Detail,0021300960,86,203082,Terrence Ross,1610612761,Toronto Raptors,1,2,34,Made Shot,Step Back Jump shot,2PT Field Goal,Mid-Range,Left Side Center(LC),16-24 ft.,23.0,-179.0,153.0,1,1,20140312,TOR,DET
Shot Chart Detail,0021300960,230,203082,Terrence Ross,1610612761,Toronto Raptors,2,2,4,Made Shot,Running Jump Shot,2PT Field Goal,Mid-Range,Left Side(L),8-16 ft.,13.0,-127.0,28.0,1,1,20140312,TOR,DET
Shot Chart Detail,0021300960,249,203082,Terrence Ross,1610612761,Toronto Raptors,2,0,33,Made Shot,Jump Shot,3PT Field Goal,Above the Break 3,Left Side Center(LC),24+ ft.,25.0,-223.0,119.0,1,1,20140312,TOR,DET
Shot Chart Detail,0021300960,268,203082,Terrence Ross,1610612761,Toronto Raptors,3,10,11,Missed Shot,Jump Shot,2PT Field Goal,Mid-Range,Right Side(R),8-16 ft.,14.0,143.0,12.0,1,0,20140312,TOR,DET
Shot Chart Detail,0021300960,275,203082,Terrence Ross,1610612761,Toronto Raptors,3,9,11,Missed Shot,Jump Shot,3PT Field Goal,Above the Break 3,Right Side Center(RC),24+ ft.,25.0,214.0,134.0,1,0,20140312,TOR,DET
Shot Chart Detail,0021300960,302,203082,Terrence Ross,1610612761,Toronto Raptors,3,6,51,Missed Shot,Jump Shot,3PT Field Goal,Above the Break 3,Right Side Center(RC),24+ ft.,25.0,159.0,203.0,1,0,20140312,TOR,DET
Shot Chart Detail,0021300960,347,203082,Terrence Ross,1610612761,Toronto Raptors,3,3,55,Missed Shot,Jump Shot,3PT Field Goal,Right Corner 3,Right Side(R),24+ ft.,24.0,244.0,-5.0,1,0,20140312,TOR,DET
Shot Chart Detail,0021300960,474,203082,Terrence Ross,1610612761,Toronto Raptors,4,5,26,Made Shot,Running Jump Shot,2PT Field Goal,Mid-Range,Right Side(R),8-16 ft.,13.0,136.0,11.0,1,1,20140312,TOR,DET
Shot Chart Detail,0021300960,507,203082,Terrence Ross,1610612761,Toronto Raptors,4,2,55,Missed Shot,Jump Shot,3PT Field Goal,Left Corner 3,Left Side(L),24+ ft.,23.0,-239.0,9.0,1,0,20140312,TOR,DET
Shot Chart Detail,0021300974,19,203082,Terrence Ross,1610612761,Toronto Raptors,1,9,50,Missed Shot,Jump Shot,2PT Field Goal,In The Paint (Non-RA),Center(C),Less Than 8 ft.,4.0,45.0,9.0,1,0,20140314,TOR,MEM
Shot Chart Detail,0021300974,258,203082,Terrence Ross,1610612761,Toronto Raptors,3,11,18,Missed Shot,Jump Shot,3PT Field Goal,Above the Break 3,Left Side Center(LC),24+ ft.,23.0,-150.0,186.0,1,0,20140314,TOR,MEM
Shot Chart Detail,0021300974,280,203082,Terrence Ross,1610612761,Toronto Raptors,3,7,27,Made Shot,Jump Shot,2PT Field Goal,Mid-Range,Right Side(R),16-24 ft.,18.0,170.0,74.0,1,1,20140314,TOR,MEM
Shot Chart Detail,0021300974,286,203082,Terrence Ross,1610612761,Toronto Raptors,3,5,56,Missed Shot,Jump Shot,2PT Field Goal,Mid-Range,Left Side(L),16-24 ft.,17.0,-152.0,91.0,1,0,20140314,TOR,MEM
Shot Chart Detail,0021300974,293,203082,Terrence Ross,1610612761,Toronto Raptors,3,5,32,Made Shot,Jump Shot,3PT Field Goal,Above the Break 3,Right Side Center(RC),24+ ft.,27.0,207.0,176.0,1,1,20140314,TOR,MEM
Shot Chart Detail,0021300988,14,203082,Terrence Ross,1610612761,Toronto Raptors,1,10,0,Missed Shot,Driving Jump shot,2PT Field Goal,In The Paint (Non-RA),Center(C),Less Than 8 ft.,4.0,-13.0,39.0,1,0,20140316,TOR,PHX
Shot Chart Detail,0021300988,17,203082,Terrence Ross,1610612761,Toronto Raptors,1,9,19,Made Shot,Jump Shot,3PT Field Goal,Above the Break 3,Right Side Center(RC),24+ ft.,24.0,102.0,225.0,1,1,20140316,TOR,PHX
Shot Chart Detail,0021300988,26,203082,Terrence Ross,1610612761,Toronto Raptors,1,8,23,Made Shot,Jump Shot,3PT Field Goal,Above the Break 3,Left Side Center(LC),24+ ft.,24.0,-212.0,116.0,1,1,20140316,TOR,PHX
Shot Chart Detail,0021300988,79,203082,Terrence Ross,1610612761,Toronto Raptors,1,3,26,Made Shot,Jump Shot,3PT Field Goal,Left Corner 3,Left Side(L),24+ ft.,24.0,-226.0,86.0,1,1,20140316,TOR,PHX
Shot Chart Detail,0021300988,92,203082,Terrence Ross,1610612761,Toronto Raptors,1,1,54,Made Shot,Driving Hook Shot,2PT Field Goal,In The Paint (Non-RA),Center(C),Less Than 8 ft.,4.0,10.0,42.0,1,1,20140316,TOR,PHX
Shot Chart Detail,0021300988,210,203082,Terrence Ross,1610612761,Toronto Raptors,2,4,42,Missed Shot,Jump Shot,3PT Field Goal,Above the Break 3,Left Side Center(LC),24+ ft.,24.0,-198.0,140.0,1,0,20140316,TOR,PHX
Shot Chart Detail,0021300988,245,203082,Terrence Ross,1610612761,Toronto Raptors,2,1,58,Missed Shot,Jump Shot,3PT Field Goal,Above the Break 3,Right Side Center(RC),24+ ft.,24.0,220.0,118.0,1,0,20140316,TOR,PHX
Shot Chart Detail,0021300988,256,203082,Terrence Ross,1610612761,Toronto Raptors,2,1,23,Made Shot,Running Slam Dunk Shot,2PT Field Goal,Restricted Area,Center(C),Less Than 8 ft.,0.0,2.0,1.0,1,1,20140316,TOR,PHX
Shot Chart Detail,0021300988,262,203082,Terrence Ross,1610612761,Toronto Raptors,2,0,26,Made Shot,Jump Shot,3PT Field Goal,Above the Break 3,Left Side Center(LC),24+ ft.,25.0,-112.0,228.0,1,1,20140316,TOR,PHX
Shot Chart Detail,0021300988,453,203082,Terrence Ross,1610612761,Toronto Raptors,4,9,41,Missed Shot,Driving Layup Shot,2PT Field Goal,Restricted Area,Center(C),Less Than 8 ft.,2.0,10.0,22.0,1,0,20140316,TOR,PHX
Shot Chart Detail,0021300988,463,203082,Terrence Ross,1610612761,Toronto Raptors,4,9,5,Missed Shot,Step Back Jump shot,3PT Field Goal,Above the Break 3,Left Side Center(LC),24+ ft.,24.0,-164.0,186.0,1,0,20140316,TOR,PHX
Shot Chart Detail,0021300988,546,203082,Terrence Ross,1610612761,Toronto Raptors,4,0,34,Made Shot,Driving Dunk Shot,2PT Field Goal,Restricted Area,Center(C),Less Than 8 ft.,0.0,6.0,3.0,1,1,20140316,TOR,PHX
Shot Chart Detail,0021300988,568,203082,Terrence Ross,1610612761,Toronto Raptors,4,0,8,Missed Shot,Step Back Jump shot,3PT Field Goal,Above the Break 3,Right Side Center(RC),24+ ft.,25.0,171.0,184.0,1,0,20140316,TOR,PHX
Shot Chart Detail,0021301004,35,203082,Terrence Ross,1610612761,Toronto Raptors,1,8,58,Made Shot,Jump Shot,3PT Field Goal,Above the Break 3,Left Side Center(LC),24+ ft.,25.0,-86.0,239.0,1,1,20140318,ATL,TOR
Shot Chart Detail,0021301004,51,203082,Terrence Ross,1610612761,Toronto Raptors,1,6,54,Missed Shot,Jump Shot,3PT Field Goal,Above the Break 3,Right Side Center(RC),24+ ft.,24.0,173.0,178.0,1,0,20140318,ATL,TOR
Shot Chart Detail,0021301004,55,203082,Terrence Ross,1610612761,Toronto Raptors,1,6,31,Missed Shot,Jump Shot,3PT Field Goal,Right Corner 3,Right Side(R),24+ ft.,23.0,239.0,15.0,1,0,20140318,ATL,TOR
Shot Chart Detail,0021301004,218,203082,Terrence Ross,1610612761,Toronto Raptors,2,4,27,Made Shot,Driving Slam Dunk Shot,2PT Field Goal,Restricted Area,Center(C),Less Than 8 ft.,1.0,10.0,-3.0,1,1,20140318,ATL,TOR
Shot Chart Detail,0021301004,291,203082,Terrence Ross,1610612761,Toronto Raptors,3,9,9,Made Shot,Jump Shot,3PT Field Goal,Right Corner 3,Right Side(R),24+ ft.,24.0,236.0,55.0,1,1,20140318,ATL,TOR
Shot Chart Detail,0021301004,323,203082,Terrence Ross,1610612761,Toronto Raptors,3,5,19,Made Shot,Jump Shot,3PT Field Goal,Right Corner 3,Right Side(R),24+ ft.,24.0,241.0,48.0,1,1,20140318,ATL,TOR
Shot Chart Detail,0021301004,338,203082,Terrence Ross,1610612761,Toronto Raptors,3,3,26,Missed Shot,Jump Shot,3PT Field Goal,Right Corner 3,Right Side(R),24+ ft.,24.0,242.0,37.0,1,0,20140318,ATL,TOR
Shot Chart Detail,0021301004,456,203082,Terrence Ross,1610612761,Toronto Raptors,4,7,4,Missed Shot,Jump Shot,3PT Field Goal,Above the Break 3,Right Side Center(RC),24+ ft.,24.0,189.0,157.0,1,0,20140318,ATL,TOR
Shot Chart Detail,0021301004,608,203082,Terrence Ross,1610612761,Toronto Raptors,5,1,31,Missed Shot,Jump Shot,3PT Field Goal,Above the Break 3,Right Side Center(RC),24+ ft.,24.0,100.0,219.0,1,0,20140318,ATL,TOR
Shot Chart Detail,0021301012,4,203082,Terrence Ross,1610612761,Toronto Raptors,1,11,14,Missed Shot,Jump Shot,3PT Field Goal,Left Corner 3,Left Side(L),24+ ft.,22.0,-228.0,17.0,1,0,20140319,NOP,TOR
Shot Chart Detail,0021301012,33,203082,Terrence Ross,1610612761,Toronto Raptors,1,6,35,Made Shot,Jump Shot,2PT Field Goal,Mid-Range,Left Side(L),8-16 ft.,14.0,-133.0,58.0,1,1,20140319,NOP,TOR
Shot Chart Detail,0021301012,56,203082,Terrence Ross,1610612761,Toronto Raptors,1,4,30,Missed Shot,Jump Shot,3PT Field Goal,Above the Break 3,Right Side Center(RC),24+ ft.,27.0,187.0,195.0,1,0,20140319,NOP,TOR
Shot Chart Detail,0021301012,139,203082,Terrence Ross,1610612761,Toronto Raptors,2,9,21,Made Shot,Jump Shot,2PT Field Goal,Mid-Range,Left Side(L),16-24 ft.,20.0,-205.0,14.0,1,1,20140319,NOP,TOR
Shot Chart Detail,0021301012,141,203082,Terrence Ross,1610612761,Toronto Raptors,2,8,34,Missed Shot,Jump Shot,2PT Field Goal,Mid-Range,Left Side(L),8-16 ft.,15.0,-157.0,26.0,1,0,20140319,NOP,TOR
Shot Chart Detail,0021301012,147,203082,Terrence Ross,1610612761,Toronto Raptors,2,8,0,Missed Shot,Jump Shot,2PT Field Goal,Mid-Range,Left Side Center(LC),16-24 ft.,17.0,-120.0,124.0,1,0,20140319,NOP,TOR
Shot Chart Detail,0021301012,150,203082,Terrence Ross,1610612761,Toronto Raptors,2,7,34,Made Shot,Hook Shot,2PT Field Goal,In The Paint (Non-RA),Center(C),Less Than 8 ft.,6.0,32.0,52.0,1,1,20140319,NOP,TOR
Shot Chart Detail,0021301012,160,203082,Terrence Ross,1610612761,Toronto Raptors,2,7,5,Missed Shot,Jump Shot,2PT Field Goal,Restricted Area,Center(C),Less Than 8 ft.,3.0,23.0,31.0,1,0,20140319,NOP,TOR
Shot Chart Detail,0021301012,162,203082,Terrence Ross,1610612761,Toronto Raptors,2,7,1,Missed Shot,Jump Shot,2PT Field Goal,Restricted Area,Center(C),Less Than 8 ft.,3.0,23.0,25.0,1,0,20140319,NOP,TOR
Shot Chart Detail,0021301024,29,203082,Terrence Ross,1610612761,Toronto Raptors,1,8,33,Missed Shot,Pullup Jump shot,2PT Field Goal,In The Paint (Non-RA),Center(C),8-16 ft.,9.0,4.0,93.0,1,0,20140321,TOR,OKC
Shot Chart Detail,0021301024,62,203082,Terrence Ross,1610612761,Toronto Raptors,1,5,16,Made Shot,Driving Reverse Layup Shot,2PT Field Goal,Restricted Area,Center(C),Less Than 8 ft.,2.0,20.0,14.0,1,1,20140321,TOR,OKC
Shot Chart Detail,0021301024,65,203082,Terrence Ross,1610612761,Toronto Raptors,1,4,46,Missed Shot,Jump Shot,3PT Field Goal,Above the Break 3,Center(C),24+ ft.,25.0,67.0,244.0,1,0,20140321,TOR,OKC
Shot Chart Detail,0021301024,90,203082,Terrence Ross,1610612761,Toronto Raptors,1,2,25,Missed Shot,Jump Shot,2PT Field Goal,Mid-Range,Left Side(L),16-24 ft.,19.0,-190.0,0.0,1,0,20140321,TOR,OKC
Shot Chart Detail,0021301024,204,203082,Terrence Ross,1610612761,Toronto Raptors,2,5,50,Missed Shot,Pullup Jump shot,2PT Field Goal,Mid-Range,Left Side(L),16-24 ft.,17.0,-160.0,74.0,1,0,20140321,TOR,OKC
Shot Chart Detail,0021301024,208,203082,Terrence Ross,1610612761,Toronto Raptors,2,5,33,Missed Shot,Jump Shot,3PT Field Goal,Above the Break 3,Left Side Center(LC),24+ ft.,25.0,-228.0,104.0,1,0,20140321,TOR,OKC
Shot Chart Detail,0021301024,230,203082,Terrence Ross,1610612761,Toronto Raptors,2,3,46,Missed Shot,Jump Shot,3PT Field Goal,Above the Break 3,Right Side Center(RC),24+ ft.,25.0,195.0,168.0,1,0,20140321,TOR,OKC
Shot Chart Detail,0021301024,300,203082,Terrence Ross,1610612761,Toronto Raptors,2,0,0,Missed Shot,Running Jump Shot,3PT Field Goal,Backcourt,Back Court(BC),Back Court Shot,80.0,-231.0,768.0,1,0,20140321,TOR,OKC
Shot Chart Detail,0021301024,317,203082,Terrence Ross,1610612761,Toronto Raptors,3,10,55,Missed Shot,Jump Shot,2PT Field Goal,Mid-Range,Right Side(R),16-24 ft.,21.0,207.0,56.0,1,0,20140321,TOR,OKC
Shot Chart Detail,0021301040,22,203082,Terrence Ross,1610612761,Toronto Raptors,1,9,41,Missed Shot,Jump Shot,3PT Field Goal,Left Corner 3,Left Side(L),24+ ft.,23.0,-232.0,-8.0,1,0,20140323,TOR,ATL
Shot Chart Detail,0021301040,26,203082,Terrence Ross,1610612761,Toronto Raptors,1,9,24,Made Shot,Jump Shot,3PT Field Goal,Above the Break 3,Left Side Center(LC),24+ ft.,24.0,-229.0,88.0,1,1,20140323,TOR,ATL
Shot Chart Detail,0021301040,55,203082,Terrence Ross,1610612761,Toronto Raptors,1,6,20,Made Shot,Jump Shot,3PT Field Goal,Right Corner 3,Right Side(R),24+ ft.,23.0,228.0,56.0,1,1,20140323,TOR,ATL
Shot Chart Detail,0021301040,74,203082,Terrence Ross,1610612761,Toronto Raptors,1,4,30,Missed Shot,Pullup Jump shot,2PT Field Goal,Mid-Range,Left Side(L),16-24 ft.,17.0,-171.0,7.0,1,0,20140323,TOR,ATL
Shot Chart Detail,0021301040,88,203082,Terrence Ross,1610612761,Toronto Raptors,1,3,42,Missed Shot,Jump Shot,3PT Field Goal,Above the Break 3,Right Side Center(RC),24+ ft.,26.0,118.0,236.0,1,0,20140323,TOR,ATL
Shot Chart Detail,0021301040,103,203082,Terrence Ross,1610612761,Toronto Raptors,1,1,48,Missed Shot,Pullup Jump shot,2PT Field Goal,Mid-Range,Left Side(L),8-16 ft.,13.0,-119.0,67.0,1,0,20140323,TOR,ATL
Shot Chart Detail,0021301040,106,203082,Terrence Ross,1610612761,Toronto Raptors,1,1,16,Missed Shot,Jump Shot,3PT Field Goal,Left Corner 3,Left Side(L),24+ ft.,22.0,-226.0,-5.0,1,0,20140323,TOR,ATL
Shot Chart Detail,0021301040,192,203082,Terrence Ross,1610612761,Toronto Raptors,2,3,48,Made Shot,Driving Slam Dunk Shot,2PT Field Goal,Restricted Area,Center(C),Less Than 8 ft.,3.0,34.0,1.0,1,1,20140323,TOR,ATL
Shot Chart Detail,0021301040,218,203082,Terrence Ross,1610612761,Toronto Raptors,2,1,45,Missed Shot,Fadeaway Jump Shot,2PT Field Goal,In The Paint (Non-RA),Center(C),8-16 ft.,8.0,-4.0,89.0,1,0,20140323,TOR,ATL
Shot Chart Detail,0021301040,254,203082,Terrence Ross,1610612761,Toronto Raptors,3,10,30,Missed Shot,Jump Shot,3PT Field Goal,Left Corner 3,Left Side(L),24+ ft.,22.0,-226.0,4.0,1,0,20140323,TOR,ATL
Shot Chart Detail,0021301040,298,203082,Terrence Ross,1610612761,Toronto Raptors,3,7,22,Missed Shot,Jump Shot,3PT Field Goal,Above the Break 3,Left Side Center(LC),24+ ft.,25.0,-235.0,89.0,1,0,20140323,TOR,ATL
Shot Chart Detail,0021301040,308,203082,Terrence Ross,1610612761,Toronto Raptors,3,6,21,Missed Shot,Floating Jump shot,2PT Field Goal,In The Paint (Non-RA),Right Side(R),8-16 ft.,8.0,73.0,47.0,1,0,20140323,TOR,ATL
Shot Chart Detail,0021301040,469,203082,Terrence Ross,1610612761,Toronto Raptors,4,5,24,Made Shot,Pullup Jump shot,2PT Field Goal,In The Paint (Non-RA),Center(C),Less Than 8 ft.,8.0,0.0,80.0,1,1,20140323,TOR,ATL
Shot Chart Detail,0021301040,510,203082,Terrence Ross,1610612761,Toronto Raptors,4,2,1,Missed Shot,Jump Shot,3PT Field Goal,Left Corner 3,Left Side(L),24+ ft.,23.0,-235.0,12.0,1,0,20140323,TOR,ATL
Shot Chart Detail,0021301057,27,203082,Terrence Ross,1610612761,Toronto Raptors,1,8,29,Missed Shot,Jump Shot,2PT Field Goal,Mid-Range,Left Side(L),8-16 ft.,15.0,-157.0,17.0,1,0,20140325,CLE,TOR
Shot Chart Detail,0021301057,50,203082,Terrence Ross,1610612761,Toronto Raptors,1,6,5,Missed Shot,Jump Shot,3PT Field Goal,Above the Break 3,Center(C),24+ ft.,26.0,77.0,258.0,1,0,20140325,CLE,TOR
Shot Chart Detail,0021301057,53,203082,Terrence Ross,1610612761,Toronto Raptors,1,5,29,Missed Shot,Jump Shot,3PT Field Goal,Above the Break 3,Left Side Center(LC),24+ ft.,25.0,-212.0,135.0,1,0,20140325,CLE,TOR
Shot Chart Detail,0021301057,205,203082,Terrence Ross,1610612761,Toronto Raptors,2,5,27,Made Shot,Jump Shot,3PT Field Goal,Above the Break 3,Left Side Center(LC),24+ ft.,28.0,-164.0,228.0,1,1,20140325,CLE,TOR
Shot Chart Detail,0021301057,217,203082,Terrence Ross,1610612761,Toronto Raptors,2,4,45,Made Shot,Jump Shot,3PT Field Goal,Above the Break 3,Center(C),24+ ft.,25.0,17.0,252.0,1,1,20140325,CLE,TOR
Shot Chart Detail,0021301057,230,203082,Terrence Ross,1610612761,Toronto Raptors,2,3,35,Missed Shot,Jump Shot,3PT Field Goal,Above the Break 3,Right Side Center(RC),24+ ft.,25.0,144.0,214.0,1,0,20140325,CLE,TOR
Shot Chart Detail,0021301057,278,203082,Terrence Ross,1610612761,Toronto Raptors,2,0,24,Made Shot,Jump Shot,3PT Field Goal,Above the Break 3,Right Side Center(RC),24+ ft.,28.0,157.0,239.0,1,1,20140325,CLE,TOR
Shot Chart Detail,0021301057,286,203082,Terrence Ross,1610612761,Toronto Raptors,2,0,0,Missed Shot,Jump Shot,3PT Field Goal,Above the Break 3,Right Side Center(RC),24+ ft.,24.0,217.0,121.0,1,0,20140325,CLE,TOR
Shot Chart Detail,0021301057,301,203082,Terrence Ross,1610612761,Toronto Raptors,3,10,8,Made Shot,Layup Shot,2PT Field Goal,Restricted Area,Center(C),Less Than 8 ft.,0.0,-5.0,1.0,1,1,20140325,CLE,TOR
Shot Chart Detail,0021301057,364,203082,Terrence Ross,1610612761,Toronto Raptors,3,4,57,Made Shot,Jump Shot,3PT Field Goal,Above the Break 3,Left Side Center(LC),24+ ft.,26.0,-177.0,194.0,1,1,20140325,CLE,TOR
Shot Chart Detail,0021301057,418,203082,Terrence Ross,1610612761,Toronto Raptors,3,0,0,Missed Shot,Jump Shot,3PT Field Goal,Backcourt,Back Court(BC),Back Court Shot,53.0,-4.0,533.0,1,0,20140325,CLE,TOR
Shot Chart Detail,0021301057,433,203082,Terrence Ross,1610612761,Toronto Raptors,4,10,13,Missed Shot,Jump Shot,3PT Field Goal,Above the Break 3,Left Side Center(LC),24+ ft.,25.0,-237.0,96.0,1,0,20140325,CLE,TOR
Shot Chart Detail,0021301063,25,203082,Terrence Ross,1610612761,Toronto Raptors,1,8,37,Made Shot,Jump Shot,3PT Field Goal,Right Corner 3,Right Side(R),24+ ft.,23.0,231.0,15.0,1,1,20140326,BOS,TOR
Shot Chart Detail,0021301063,37,203082,Terrence Ross,1610612761,Toronto Raptors,1,6,23,Missed Shot,Jump Shot,3PT Field Goal,Above the Break 3,Right Side Center(RC),24+ ft.,25.0,174.0,183.0,1,0,20140326,BOS,TOR
Shot Chart Detail,0021301063,80,203082,Terrence Ross,1610612761,Toronto Raptors,1,2,22,Made Shot,Fadeaway Jump Shot,2PT Field Goal,Mid-Range,Left Side(L),16-24 ft.,18.0,-187.0,14.0,1,1,20140326,BOS,TOR
Shot Chart Detail,0021301063,86,203082,Terrence Ross,1610612761,Toronto Raptors,1,1,15,Made Shot,Jump Shot,3PT Field Goal,Right Corner 3,Right Side(R),24+ ft.,23.0,231.0,23.0,1,1,20140326,BOS,TOR
Shot Chart Detail,0021301063,178,203082,Terrence Ross,1610612761,Toronto Raptors,2,5,49,Missed Shot,Jump Shot,3PT Field Goal,Right Corner 3,Right Side(R),24+ ft.,23.0,234.0,20.0,1,0,20140326,BOS,TOR
Shot Chart Detail,0021301063,208,203082,Terrence Ross,1610612761,Toronto Raptors,2,2,24,Made Shot,Driving Layup Shot,2PT Field Goal,Restricted Area,Center(C),Less Than 8 ft.,0.0,1.0,3.0,1,1,20140326,BOS,TOR
Shot Chart Detail,0021301063,231,203082,Terrence Ross,1610612761,Toronto Raptors,2,0,16,Made Shot,Layup Shot,2PT Field Goal,Restricted Area,Center(C),Less Than 8 ft.,0.0,-5.0,6.0,1,1,20140326,BOS,TOR
Shot Chart Detail,0021301063,259,203082,Terrence Ross,1610612761,Toronto Raptors,3,9,23,Made Shot,Jump Shot,3PT Field Goal,Above the Break 3,Left Side Center(LC),24+ ft.,25.0,-231.0,115.0,1,1,20140326,BOS,TOR
Shot Chart Detail,0021301063,263,203082,Terrence Ross,1610612761,Toronto Raptors,3,8,28,Missed Shot,Turnaround Fadeaway shot,2PT Field Goal,Mid-Range,Left Side(L),8-16 ft.,14.0,-146.0,-5.0,1,0,20140326,BOS,TOR
Shot Chart Detail,0021301063,270,203082,Terrence Ross,1610612761,Toronto Raptors,3,7,44,Missed Shot,Pullup Jump shot,2PT Field Goal,Mid-Range,Left Side(L),8-16 ft.,15.0,-155.0,15.0,1,0,20140326,BOS,TOR
Shot Chart Detail,0021301063,348,203082,Terrence Ross,1610612761,Toronto Raptors,3,0,0,Made Shot,Jump Shot,3PT Field Goal,Left Corner 3,Left Side(L),24+ ft.,24.0,-232.0,80.0,1,1,20140326,BOS,TOR
Shot Chart Detail,0021301063,357,203082,Terrence Ross,1610612761,Toronto Raptors,4,11,9,Missed Shot,Layup Shot,2PT Field Goal,Restricted Area,Center(C),Less Than 8 ft.,1.0,-4.0,12.0,1,0,20140326,BOS,TOR
Shot Chart Detail,0021301063,383,203082,Terrence Ross,1610612761,Toronto Raptors,4,9,13,Missed Shot,Jump Shot,3PT Field Goal,Above the Break 3,Right Side Center(RC),24+ ft.,24.0,89.0,228.0,1,0,20140326,BOS,TOR
Shot Chart Detail,0021301063,441,203082,Terrence Ross,1610612761,Toronto Raptors,4,5,2,Made Shot,Driving Finger Roll Layup Shot,2PT Field Goal,Restricted Area,Center(C),Less Than 8 ft.,1.0,12.0,15.0,1,1,20140326,BOS,TOR
Shot Chart Detail,0021301063,460,203082,Terrence Ross,1610612761,Toronto Raptors,4,3,9,Missed Shot,Jump Shot,3PT Field Goal,Above the Break 3,Right Side Center(RC),24+ ft.,25.0,103.0,230.0,1,0,20140326,BOS,TOR
Shot Chart Detail,0021301063,492,203082,Terrence Ross,1610612761,Toronto Raptors,4,1,3,Made Shot,Jump Shot,3PT Field Goal,Above the Break 3,Right Side Center(RC),24+ ft.,25.0,173.0,184.0,1,1,20140326,BOS,TOR
Shot Chart Detail,0021301076,25,203082,Terrence Ross,1610612761,Toronto Raptors,1,9,19,Made Shot,Driving Layup Shot,2PT Field Goal,Restricted Area,Center(C),Less Than 8 ft.,1.0,12.0,6.0,1,1,20140328,TOR,BOS
Shot Chart Detail,0021301076,39,203082,Terrence Ross,1610612761,Toronto Raptors,1,8,9,Missed Shot,Jump Shot,2PT Field Goal,Mid-Range,Right Side(R),16-24 ft.,17.0,168.0,28.0,1,0,20140328,TOR,BOS
Shot Chart Detail,0021301076,46,203082,Terrence Ross,1610612761,Toronto Raptors,1,7,34,Made Shot,Step Back Jump shot,2PT Field Goal,Mid-Range,Center(C),8-16 ft.,15.0,-4.0,156.0,1,1,20140328,TOR,BOS
Shot Chart Detail,0021301076,60,203082,Terrence Ross,1610612761,Toronto Raptors,1,5,58,Made Shot,Pullup Jump shot,2PT Field Goal,In The Paint (Non-RA),Center(C),8-16 ft.,9.0,13.0,91.0,1,1,20140328,TOR,BOS
Shot Chart Detail,0021301076,75,203082,Terrence Ross,1610612761,Toronto Raptors,1,4,27,Missed Shot,Pullup Jump shot,3PT Field Goal,Above the Break 3,Left Side Center(LC),24+ ft.,24.0,-198.0,146.0,1,0,20140328,TOR,BOS
Shot Chart Detail,0021301076,120,203082,Terrence Ross,1610612761,Toronto Raptors,1,0,19,Made Shot,Driving Layup Shot,2PT Field Goal,Restricted Area,Center(C),Less Than 8 ft.,1.0,7.0,9.0,1,1,20140328,TOR,BOS
Shot Chart Detail,0021301076,125,203082,Terrence Ross,1610612761,Toronto Raptors,1,0,0,Missed Shot,Running Bank shot,3PT Field Goal,Backcourt,Back Court(BC),Back Court Shot,57.0,2.0,574.0,1,0,20140328,TOR,BOS
Shot Chart Detail,0021301076,231,203082,Terrence Ross,1610612761,Toronto Raptors,2,1,15,Missed Shot,Driving Jump shot,2PT Field Goal,In The Paint (Non-RA),Center(C),8-16 ft.,12.0,1.0,123.0,1,0,20140328,TOR,BOS
Shot Chart Detail,0021301076,257,203082,Terrence Ross,1610612761,Toronto Raptors,3,11,3,Made Shot,Jump Shot,3PT Field Goal,Above the Break 3,Left Side Center(LC),24+ ft.,24.0,-194.0,142.0,1,1,20140328,TOR,BOS
Shot Chart Detail,0021301076,266,203082,Terrence Ross,1610612761,Toronto Raptors,3,9,51,Missed Shot,Jump Shot,3PT Field Goal,Above the Break 3,Left Side Center(LC),24+ ft.,24.0,-193.0,153.0,1,0,20140328,TOR,BOS
Shot Chart Detail,0021301076,289,203082,Terrence Ross,1610612761,Toronto Raptors,3,7,30,Made Shot,Driving Jump shot,2PT Field Goal,Restricted Area,Center(C),Less Than 8 ft.,1.0,-18.0,7.0,1,1,20140328,TOR,BOS
Shot Chart Detail,0021301076,295,203082,Terrence Ross,1610612761,Toronto Raptors,3,7,2,Missed Shot,Jump Shot,3PT Field Goal,Above the Break 3,Right Side Center(RC),24+ ft.,24.0,110.0,224.0,1,0,20140328,TOR,BOS
Shot Chart Detail,0021301076,424,203082,Terrence Ross,1610612761,Toronto Raptors,4,7,12,Missed Shot,Jump Shot,2PT Field Goal,Mid-Range,Right Side(R),8-16 ft.,14.0,132.0,55.0,1,0,20140328,TOR,BOS
Shot Chart Detail,0021301096,16,203082,Terrence Ross,1610612761,Toronto Raptors,1,9,36,Made Shot,Fadeaway Jump Shot,2PT Field Goal,In The Paint (Non-RA),Center(C),8-16 ft.,10.0,-34.0,97.0,1,1,20140330,ORL,TOR
Shot Chart Detail,0021301096,18,203082,Terrence Ross,1610612761,Toronto Raptors,1,9,11,Made Shot,Jump Shot,3PT Field Goal,Above the Break 3,Left Side Center(LC),24+ ft.,25.0,-218.0,137.0,1,1,20140330,ORL,TOR
Shot Chart Detail,0021301096,37,203082,Terrence Ross,1610612761,Toronto Raptors,1,6,43,Made Shot,Alley Oop Layup shot,2PT Field Goal,Restricted Area,Center(C),Less Than 8 ft.,1.0,10.0,-11.0,1,1,20140330,ORL,TOR
Shot Chart Detail,0021301096,76,203082,Terrence Ross,1610612761,Toronto Raptors,1,2,19,Missed Shot,Jump Shot,3PT Field Goal,Above the Break 3,Left Side Center(LC),24+ ft.,26.0,-128.0,230.0,1,0,20140330,ORL,TOR
Shot Chart Detail,0021301096,275,203082,Terrence Ross,1610612761,Toronto Raptors,3,8,29,Missed Shot,Pullup Jump shot,2PT Field Goal,Mid-Range,Right Side(R),8-16 ft.,14.0,136.0,45.0,1,0,20140330,ORL,TOR
Shot Chart Detail,0021301105,20,203082,Terrence Ross,1610612761,Toronto Raptors,1,9,38,Made Shot,Pullup Jump shot,2PT Field Goal,Mid-Range,Left Side(L),8-16 ft.,14.0,-133.0,55.0,1,1,20140331,MIA,TOR
Shot Chart Detail,0021301105,26,203082,Terrence Ross,1610612761,Toronto Raptors,1,8,12,Missed Shot,Jump Shot,3PT Field Goal,Left Corner 3,Left Side(L),24+ ft.,24.0,-237.0,47.0,1,0,20140331,MIA,TOR
Shot Chart Detail,0021301105,196,203082,Terrence Ross,1610612761,Toronto Raptors,2,3,38,Missed Shot,Jump Shot,3PT Field Goal,Above the Break 3,Left Side Center(LC),24+ ft.,26.0,-163.0,214.0,1,0,20140331,MIA,TOR
Shot Chart Detail,0021301105,211,203082,Terrence Ross,1610612761,Toronto Raptors,2,3,17,Missed Shot,Jump Shot,3PT Field Goal,Above the Break 3,Left Side Center(LC),24+ ft.,25.0,-223.0,129.0,1,0,20140331,MIA,TOR
Shot Chart Detail,0021301105,270,203082,Terrence Ross,1610612761,Toronto Raptors,3,9,0,Missed Shot,Jump Shot,3PT Field Goal,Right Corner 3,Right Side(R),24+ ft.,24.0,241.0,22.0,1,0,20140331,MIA,TOR
Shot Chart Detail,0021301105,303,203082,Terrence Ross,1610612761,Toronto Raptors,3,6,1,Missed Shot,Jump Shot,2PT Field Goal,Mid-Range,Right Side(R),8-16 ft.,13.0,136.0,-10.0,1,0,20140331,MIA,TOR
Shot Chart Detail,0021301118,54,203082,Terrence Ross,1610612761,Toronto Raptors,1,5,55,Missed Shot,Jump Shot,3PT Field Goal,Above the Break 3,Center(C),24+ ft.,25.0,23.0,254.0,1,0,20140402,TOR,HOU
Shot Chart Detail,0021301118,216,203082,Terrence Ross,1610612761,Toronto Raptors,2,4,32,Made Shot,Driving Jump shot,2PT Field Goal,In The Paint (Non-RA),Center(C),Less Than 8 ft.,5.0,-21.0,48.0,1,1,20140402,TOR,HOU
Shot Chart Detail,0021301118,274,203082,Terrence Ross,1610612761,Toronto Raptors,3,11,7,Made Shot,Floating Jump shot,2PT Field Goal,In The Paint (Non-RA),Center(C),8-16 ft.,8.0,-2.0,85.0,1,1,20140402,TOR,HOU
Shot Chart Detail,0021301118,283,203082,Terrence Ross,1610612761,Toronto Raptors,3,10,20,Missed Shot,Jump Shot,3PT Field Goal,Above the Break 3,Right Side Center(RC),24+ ft.,26.0,206.0,159.0,1,0,20140402,TOR,HOU
Shot Chart Detail,0021301118,285,203082,Terrence Ross,1610612761,Toronto Raptors,3,10,10,Made Shot,Layup Shot,2PT Field Goal,Restricted Area,Center(C),Less Than 8 ft.,2.0,13.0,26.0,1,1,20140402,TOR,HOU
Shot Chart Detail,0021301118,297,203082,Terrence Ross,1610612761,Toronto Raptors,3,9,6,Missed Shot,Jump Shot,3PT Field Goal,Above the Break 3,Left Side Center(LC),24+ ft.,26.0,-221.0,153.0,1,0,20140402,TOR,HOU
Shot Chart Detail,0021301118,304,203082,Terrence Ross,1610612761,Toronto Raptors,3,8,15,Made Shot,Driving Layup Shot,2PT Field Goal,Restricted Area,Center(C),Less Than 8 ft.,1.0,-16.0,9.0,1,1,20140402,TOR,HOU
Shot Chart Detail,0021301118,490,203082,Terrence Ross,1610612761,Toronto Raptors,4,7,7,Missed Shot,Jump Shot,3PT Field Goal,Above the Break 3,Right Side Center(RC),24+ ft.,25.0,201.0,160.0,1,0,20140402,TOR,HOU
Shot Chart Detail,0021301118,502,203082,Terrence Ross,1610612761,Toronto Raptors,4,6,22,Made Shot,Jump Hook Shot,2PT Field Goal,Restricted Area,Center(C),Less Than 8 ft.,2.0,23.0,-10.0,1,1,20140402,TOR,HOU
Shot Chart Detail,0021301118,505,203082,Terrence Ross,1610612761,Toronto Raptors,4,5,45,Missed Shot,Jump Shot,2PT Field Goal,Mid-Range,Right Side(R),16-24 ft.,18.0,179.0,41.0,1,0,20140402,TOR,HOU
Shot Chart Detail,0021301118,521,203082,Terrence Ross,1610612761,Toronto Raptors,4,4,6,Made Shot,Jump Shot,3PT Field Goal,Above the Break 3,Left Side Center(LC),24+ ft.,26.0,-123.0,233.0,1,1,20140402,TOR,HOU
Shot Chart Detail,0021301118,556,203082,Terrence Ross,1610612761,Toronto Raptors,4,2,19,Missed Shot,Pullup Jump shot,2PT Field Goal,Mid-Range,Left Side(L),8-16 ft.,14.0,-149.0,6.0,1,0,20140402,TOR,HOU
Shot Chart Detail,0021301131,28,203082,Terrence Ross,1610612761,Toronto Raptors,1,8,12,Made Shot,Jump Shot,3PT Field Goal,Above the Break 3,Center(C),24+ ft.,25.0,40.0,255.0,1,1,20140404,TOR,IND
Shot Chart Detail,0021301131,31,203082,Terrence Ross,1610612761,Toronto Raptors,1,7,38,Made Shot,Floating Jump shot,2PT Field Goal,In The Paint (Non-RA),Center(C),Less Than 8 ft.,5.0,4.0,58.0,1,1,20140404,TOR,IND
Shot Chart Detail,0021301131,94,203082,Terrence Ross,1610612761,Toronto Raptors,1,1,41,Made Shot,Jump Shot,3PT Field Goal,Left Corner 3,Left Side(L),24+ ft.,23.0,-235.0,9.0,1,1,20140404,TOR,IND
Shot Chart Detail,0021301131,105,203082,Terrence Ross,1610612761,Toronto Raptors,1,0,27,Made Shot,Pullup Jump shot,2PT Field Goal,Mid-Range,Left Side(L),8-16 ft.,15.0,-146.0,60.0,1,1,20140404,TOR,IND
Shot Chart Detail,0021301131,202,203082,Terrence Ross,1610612761,Toronto Raptors,2,1,59,Made Shot,Driving Reverse Layup Shot,2PT Field Goal,Restricted Area,Center(C),Less Than 8 ft.,1.0,-15.0,7.0,1,1,20140404,TOR,IND
Shot Chart Detail,0021301131,210,203082,Terrence Ross,1610612761,Toronto Raptors,2,0,59,Missed Shot,Pullup Bank shot,2PT Field Goal,Mid-Range,Center(C),16-24 ft.,17.0,6.0,175.0,1,0,20140404,TOR,IND
Shot Chart Detail,0021301131,223,203082,Terrence Ross,1610612761,Toronto Raptors,3,11,46,Missed Shot,Pullup Jump shot,2PT Field Goal,Mid-Range,Center(C),16-24 ft.,16.0,7.0,162.0,1,0,20140404,TOR,IND
Shot Chart Detail,0021301131,232,203082,Terrence Ross,1610612761,Toronto Raptors,3,10,48,Made Shot,Jump Shot,3PT Field Goal,Above the Break 3,Right Side Center(RC),24+ ft.,26.0,97.0,244.0,1,1,20140404,TOR,IND
Shot Chart Detail,0021301131,243,203082,Terrence Ross,1610612761,Toronto Raptors,3,9,48,Missed Shot,Driving Layup Shot,2PT Field Goal,Restricted Area,Center(C),Less Than 8 ft.,0.0,1.0,-6.0,1,0,20140404,TOR,IND
Shot Chart Detail,0021301131,284,203082,Terrence Ross,1610612761,Toronto Raptors,3,6,45,Made Shot,Jump Shot,3PT Field Goal,Left Corner 3,Left Side(L),24+ ft.,25.0,-239.0,85.0,1,1,20140404,TOR,IND
Shot Chart Detail,0021301131,303,203082,Terrence Ross,1610612761,Toronto Raptors,3,5,24,Missed Shot,Driving Layup Shot,2PT Field Goal,Restricted Area,Center(C),Less Than 8 ft.,2.0,-27.0,1.0,1,0,20140404,TOR,IND
Shot Chart Detail,0021301131,359,203082,Terrence Ross,1610612761,Toronto Raptors,3,1,34,Missed Shot,Running Layup Shot,2PT Field Goal,Restricted Area,Center(C),Less Than 8 ft.,2.0,-16.0,-14.0,1,0,20140404,TOR,IND
Shot Chart Detail,0021301131,375,203082,Terrence Ross,1610612761,Toronto Raptors,3,0,0,Missed Shot,Pullup Jump shot,3PT Field Goal,Above the Break 3,Center(C),24+ ft.,32.0,10.0,324.0,1,0,20140404,TOR,IND
Shot Chart Detail,0021301131,421,203082,Terrence Ross,1610612761,Toronto Raptors,4,8,33,Missed Shot,Jump Shot,2PT Field Goal,In The Paint (Non-RA),Left Side(L),8-16 ft.,13.0,-73.0,115.0,1,0,20140404,TOR,IND
Shot Chart Detail,0021301131,425,203082,Terrence Ross,1610612761,Toronto Raptors,4,8,5,Made Shot,Jump Shot,3PT Field Goal,Above the Break 3,Center(C),24+ ft.,26.0,17.0,261.0,1,1,20140404,TOR,IND
Shot Chart Detail,0021301131,429,203082,Terrence Ross,1610612761,Toronto Raptors,4,7,22,Missed Shot,Jump Shot,3PT Field Goal,Above the Break 3,Left Side Center(LC),24+ ft.,25.0,-240.0,93.0,1,0,20140404,TOR,IND
Shot Chart Detail,0021301131,444,203082,Terrence Ross,1610612761,Toronto Raptors,4,6,12,Missed Shot,Jump Shot,3PT Field Goal,Above the Break 3,Right Side Center(RC),24+ ft.,25.0,91.0,242.0,1,0,20140404,TOR,IND
Shot Chart Detail,0021301148,5,203082,Terrence Ross,1610612761,Toronto Raptors,1,11,11,Missed Shot,Layup Shot,2PT Field Goal,Restricted Area,Center(C),Less Than 8 ft.,2.0,24.0,4.0,1,0,20140405,MIL,TOR
Shot Chart Detail,0021301148,19,203082,Terrence Ross,1610612761,Toronto Raptors,1,9,16,Missed Shot,Jump Shot,3PT Field Goal,Above the Break 3,Left Side Center(LC),24+ ft.,27.0,-205.0,186.0,1,0,20140405,MIL,TOR
Shot Chart Detail,0021301148,25,203082,Terrence Ross,1610612761,Toronto Raptors,1,8,7,Missed Shot,Jump Shot,2PT Field Goal,Mid-Range,Left Side Center(LC),16-24 ft.,19.0,-68.0,184.0,1,0,20140405,MIL,TOR
Shot Chart Detail,0021301148,178,203082,Terrence Ross,1610612761,Toronto Raptors,2,4,35,Made Shot,Jump Shot,3PT Field Goal,Left Corner 3,Left Side(L),24+ ft.,24.0,-245.0,7.0,1,1,20140405,MIL,TOR
Shot Chart Detail,0021301148,197,203082,Terrence Ross,1610612761,Toronto Raptors,2,2,4,Missed Shot,Jump Shot,3PT Field Goal,Above the Break 3,Left Side Center(LC),24+ ft.,25.0,-218.0,138.0,1,0,20140405,MIL,TOR
Shot Chart Detail,0021301148,215,203082,Terrence Ross,1610612761,Toronto Raptors,2,0,0,Missed Shot,Jump Shot,3PT Field Goal,Above the Break 3,Back Court(BC),Back Court Shot,44.0,-187.0,400.0,1,0,20140405,MIL,TOR
Shot Chart Detail,0021301148,225,203082,Terrence Ross,1610612761,Toronto Raptors,3,10,43,Made Shot,Jump Shot,3PT Field Goal,Above the Break 3,Right Side Center(RC),24+ ft.,24.0,121.0,217.0,1,1,20140405,MIL,TOR
Shot Chart Detail,0021301148,244,203082,Terrence Ross,1610612761,Toronto Raptors,3,8,10,Missed Shot,Jump Shot,3PT Field Goal,Above the Break 3,Left Side Center(LC),24+ ft.,26.0,-202.0,172.0,1,0,20140405,MIL,TOR
Shot Chart Detail,0021301148,284,203082,Terrence Ross,1610612761,Toronto Raptors,3,4,11,Missed Shot,Jump Shot,3PT Field Goal,Above the Break 3,Right Side Center(RC),24+ ft.,25.0,108.0,227.0,1,0,20140405,MIL,TOR
Shot Chart Detail,0021301164,9,203082,Terrence Ross,1610612761,Toronto Raptors,1,10,21,Missed Shot,Jump Shot,3PT Field Goal,Above the Break 3,Left Side Center(LC),24+ ft.,25.0,-237.0,88.0,1,0,20140409,TOR,PHI
Shot Chart Detail,0021301164,12,203082,Terrence Ross,1610612761,Toronto Raptors,1,9,52,Made Shot,Jump Shot,3PT Field Goal,Above the Break 3,Right Side Center(RC),24+ ft.,26.0,141.0,228.0,1,1,20140409,TOR,PHI
Shot Chart Detail,0021301164,24,203082,Terrence Ross,1610612761,Toronto Raptors,1,7,44,Missed Shot,Jump Shot,3PT Field Goal,Above the Break 3,Right Side Center(RC),24+ ft.,26.0,116.0,233.0,1,0,20140409,TOR,PHI
Shot Chart Detail,0021301164,87,203082,Terrence Ross,1610612761,Toronto Raptors,1,1,1,Missed Shot,Running Reverse Layup Shot,2PT Field Goal,Restricted Area,Center(C),Less Than 8 ft.,1.0,-13.0,3.0,1,0,20140409,TOR,PHI
Shot Chart Detail,0021301164,357,203082,Terrence Ross,1610612761,Toronto Raptors,3,2,58,Made Shot,Turnaround Jump Shot,3PT Field Goal,Above the Break 3,Center(C),24+ ft.,26.0,-37.0,263.0,1,1,20140409,TOR,PHI
Shot Chart Detail,0021301164,362,203082,Terrence Ross,1610612761,Toronto Raptors,3,2,7,Missed Shot,Driving Jump shot,2PT Field Goal,In The Paint (Non-RA),Center(C),Less Than 8 ft.,4.0,48.0,-5.0,1,0,20140409,TOR,PHI
Shot Chart Detail,0021301164,377,203082,Terrence Ross,1610612761,Toronto Raptors,3,0,26,Made Shot,Jump Shot,3PT Field Goal,Left Corner 3,Left Side(L),24+ ft.,24.0,-246.0,0.0,1,1,20140409,TOR,PHI
Shot Chart Detail,0021301177,32,203082,Terrence Ross,1610612761,Toronto Raptors,1,9,11,Made Shot,Jump Shot,3PT Field Goal,Above the Break 3,Center(C),24+ ft.,26.0,69.0,252.0,1,1,20140411,TOR,NYK
Shot Chart Detail,0021301177,37,203082,Terrence Ross,1610612761,Toronto Raptors,1,7,53,Missed Shot,Jump Shot,3PT Field Goal,Above the Break 3,Center(C),24+ ft.,26.0,81.0,254.0,1,0,20140411,TOR,NYK
Shot Chart Detail,0021301177,41,203082,Terrence Ross,1610612761,Toronto Raptors,1,7,24,Missed Shot,Floating Jump shot,2PT Field Goal,In The Paint (Non-RA),Center(C),8-16 ft.,11.0,-19.0,113.0,1,0,20140411,TOR,NYK
Shot Chart Detail,0021301177,52,203082,Terrence Ross,1610612761,Toronto Raptors,1,6,56,Made Shot,Jump Shot,3PT Field Goal,Left Corner 3,Left Side(L),24+ ft.,22.0,-229.0,14.0,1,1,20140411,TOR,NYK
Shot Chart Detail,0021301177,56,203082,Terrence Ross,1610612761,Toronto Raptors,1,5,51,Missed Shot,Jump Shot,3PT Field Goal,Above the Break 3,Right Side Center(RC),24+ ft.,26.0,225.0,148.0,1,0,20140411,TOR,NYK
Shot Chart Detail,0021301177,199,203082,Terrence Ross,1610612761,Toronto Raptors,2,4,10,Missed Shot,Jump Shot,3PT Field Goal,Above the Break 3,Right Side Center(RC),24+ ft.,26.0,138.0,228.0,1,0,20140411,TOR,NYK
Shot Chart Detail,0021301177,216,203082,Terrence Ross,1610612761,Toronto Raptors,2,2,38,Made Shot,Jump Shot,2PT Field Goal,In The Paint (Non-RA),Center(C),8-16 ft.,8.0,1.0,88.0,1,1,20140411,TOR,NYK
Shot Chart Detail,0021301177,257,203082,Terrence Ross,1610612761,Toronto Raptors,3,11,47,Made Shot,Jump Shot,3PT Field Goal,Above the Break 3,Right Side Center(RC),24+ ft.,26.0,190.0,181.0,1,1,20140411,TOR,NYK
Shot Chart Detail,0021301177,262,203082,Terrence Ross,1610612761,Toronto Raptors,3,10,34,Missed Shot,Jump Shot,3PT Field Goal,Above the Break 3,Right Side Center(RC),24+ ft.,27.0,223.0,153.0,1,0,20140411,TOR,NYK
Shot Chart Detail,0021301177,291,203082,Terrence Ross,1610612761,Toronto Raptors,3,8,34,Missed Shot,Jump Shot,3PT Field Goal,Above the Break 3,Right Side Center(RC),24+ ft.,26.0,165.0,213.0,1,0,20140411,TOR,NYK
Shot Chart Detail,0021301177,305,203082,Terrence Ross,1610612761,Toronto Raptors,3,7,14,Missed Shot,Jump Shot,3PT Field Goal,Above the Break 3,Left Side Center(LC),24+ ft.,25.0,-228.0,110.0,1,0,20140411,TOR,NYK
Shot Chart Detail,0021301177,378,203082,Terrence Ross,1610612761,Toronto Raptors,4,11,18,Missed Shot,Jump Shot,3PT Field Goal,Above the Break 3,Right Side Center(RC),24+ ft.,28.0,125.0,252.0,1,0,20140411,TOR,NYK
Shot Chart Detail,0021301198,65,203082,Terrence Ross,1610612761,Toronto Raptors,1,6,31,Made Shot,Layup Shot,2PT Field Goal,Restricted Area,Center(C),Less Than 8 ft.,0.0,4.0,4.0,1,1,20140413,DET,TOR
Shot Chart Detail,0021301198,118,203082,Terrence Ross,1610612761,Toronto Raptors,1,2,5,Missed Shot,Jump Shot,3PT Field Goal,Right Corner 3,Right Side(R),24+ ft.,23.0,236.0,36.0,1,0,20140413,DET,TOR
Shot Chart Detail,0021301198,267,203082,Terrence Ross,1610612761,Toronto Raptors,2,1,40,Missed Shot,Jump Shot,3PT Field Goal,Left Corner 3,Left Side(L),24+ ft.,23.0,-232.0,23.0,1,0,20140413,DET,TOR
Shot Chart Detail,0021301198,530,203082,Terrence Ross,1610612761,Toronto Raptors,4,4,57,Made Shot,Jump Shot,3PT Field Goal,Above the Break 3,Left Side Center(LC),24+ ft.,26.0,-201.0,173.0,1,1,20140413,DET,TOR
Shot Chart Detail,0021301205,20,203082,Terrence Ross,1610612761,Toronto Raptors,1,8,50,Missed Shot,Jump Shot,3PT Field Goal,Above the Break 3,Left Side Center(LC),24+ ft.,25.0,-127.0,217.0,1,0,20140414,TOR,MIL
Shot Chart Detail,0021301205,44,203082,Terrence Ross,1610612761,Toronto Raptors,1,5,15,Missed Shot,Pullup Jump shot,3PT Field Goal,Above the Break 3,Right Side Center(RC),24+ ft.,26.0,99.0,242.0,1,0,20140414,TOR,MIL
Shot Chart Detail,0021301205,49,203082,Terrence Ross,1610612761,Toronto Raptors,1,4,9,Missed Shot,Turnaround Fadeaway shot,2PT Field Goal,Mid-Range,Right Side(R),8-16 ft.,13.0,116.0,60.0,1,0,20140414,TOR,MIL
Shot Chart Detail,0021301205,80,203082,Terrence Ross,1610612761,Toronto Raptors,1,1,13,Made Shot,Pullup Jump shot,2PT Field Goal,In The Paint (Non-RA),Center(C),8-16 ft.,11.0,-30.0,116.0,1,1,20140414,TOR,MIL
Shot Chart Detail,0021301205,187,203082,Terrence Ross,1610612761,Toronto Raptors,2,4,43,Missed Shot,Jump Shot,2PT Field Goal,Mid-Range,Left Side Center(LC),16-24 ft.,19.0,-153.0,119.0,1,0,20140414,TOR,MIL
Shot Chart Detail,0021301205,215,203082,Terrence Ross,1610612761,Toronto Raptors,2,3,32,Missed Shot,Jump Shot,3PT Field Goal,Right Corner 3,Right Side(R),24+ ft.,23.0,231.0,0.0,1,0,20140414,TOR,MIL
Shot Chart Detail,0021301205,238,203082,Terrence Ross,1610612761,Toronto Raptors,2,2,8,Made Shot,Slam Dunk Shot,2PT Field Goal,Restricted Area,Center(C),Less Than 8 ft.,0.0,-2.0,-3.0,1,1,20140414,TOR,MIL
Shot Chart Detail,0021301205,299,203082,Terrence Ross,1610612761,Toronto Raptors,3,7,37,Missed Shot,Step Back Jump shot,3PT Field Goal,Right Corner 3,Right Side(R),24+ ft.,24.0,234.0,78.0,1,0,20140414,TOR,MIL
Shot Chart Detail,0021301205,500,203082,Terrence Ross,1610612761,Toronto Raptors,4,2,13,Made Shot,Jump Shot,3PT Field Goal,Above the Break 3,Left Side Center(LC),24+ ft.,25.0,-152.0,205.0,1,1,20140414,TOR,MIL
Shot Chart Detail,0021301226,42,203082,Terrence Ross,1610612761,Toronto Raptors,1,7,58,Missed Shot,Jump Shot,3PT Field Goal,Right Corner 3,Right Side(R),24+ ft.,22.0,228.0,-13.0,1,0,20140416,NYK,TOR
Shot Chart Detail,0021301226,88,203082,Terrence Ross,1610612761,Toronto Raptors,1,4,4,Made Shot,Jump Shot,2PT Field Goal,Mid-Range,Left Side Center(LC),16-24 ft.,18.0,-134.0,132.0,1,1,20140416,NYK,TOR
Shot Chart Detail,0021301226,106,203082,Terrence Ross,1610612761,Toronto Raptors,1,2,53,Made Shot,Jump Shot,2PT Field Goal,Mid-Range,Right Side(R),16-24 ft.,19.0,184.0,74.0,1,1,20140416,NYK,TOR
Shot Chart Detail,0021301226,235,203082,Terrence Ross,1610612761,Toronto Raptors,2,1,20,Missed Shot,Jump Shot,3PT Field Goal,Right Corner 3,Right Side(R),24+ ft.,25.0,248.0,56.0,1,0,20140416,NYK,TOR
Shot Chart Detail,0021301226,259,203082,Terrence Ross,1610612761,Toronto Raptors,3,11,37,Missed Shot,Floating Jump shot,2PT Field Goal,In The Paint (Non-RA),Center(C),Less Than 8 ft.,4.0,-30.0,39.0,1,0,20140416,NYK,TOR
