GRID_TYPE,GAME_ID,GAME_EVENT_ID,PLAYER_ID,PLAYER_NAME,TEAM_ID,TEAM_NAME,PERIOD,MINUTES_REMAINING,SECONDS_REMAINING,EVENT_TYPE,ACTION_TYPE,SHOT_TYPE,SHOT_ZONE_BASIC,SHOT_ZONE_AREA,SHOT_ZONE_RANGE,SHOT_DISTANCE,LOC_X,LOC_Y,SHOT_ATTEMPTED_FLAG,SHOT_MADE_FLAG,GAME_DATE,HTM,VTM
Shot Chart Detail,0021300043,463,203141,Mirza Teletovic,1610612751,Brooklyn Nets,4,6,6,Missed Shot,Jump Shot,3PT Field Goal,Above the Break 3,Right Side Center(RC),24+ ft.,25.0,94.0,239.0,1,0,20131103,ORL,BKN
Shot Chart Detail,0021300043,470,203141,Mirza Teletovic,1610612751,Brooklyn Nets,4,5,21,Made Shot,Running Bank shot,2PT Field Goal,In The Paint (Non-RA),Center(C),Less Than 8 ft.,7.0,61.0,44.0,1,1,20131103,ORL,BKN
Shot Chart Detail,0021300043,484,203141,Mirza Teletovic,1610612751,Brooklyn Nets,4,3,26,Missed Shot,Running Jump Shot,2PT Field Goal,In The Paint (Non-RA),Center(C),8-16 ft.,8.0,37.0,71.0,1,0,20131103,ORL,BKN
Shot Chart Detail,0021300043,491,203141,Mirza Teletovic,1610612751,Brooklyn Nets,4,3,10,Missed Shot,Step Back Jump shot,2PT Field Goal,Mid-Range,Left Side Center(LC),16-24 ft.,20.0,-142.0,151.0,1,0,20131103,ORL,BKN
Shot Chart Detail,0021300043,510,203141,Mirza Teletovic,1610612751,Brooklyn Nets,4,1,50,Missed Shot,Jump Shot,3PT Field Goal,Above the Break 3,Center(C),24+ ft.,25.0,75.0,247.0,1,0,20131103,ORL,BKN
Shot Chart Detail,0021300043,528,203141,Mirza Teletovic,1610612751,Brooklyn Nets,4,0,50,Missed Shot,Tip Shot,2PT Field Goal,Restricted Area,Center(C),Less Than 8 ft.,0.0,6.0,3.0,1,0,20131103,ORL,BKN
Shot Chart Detail,0021300052,410,203141,Mirza Teletovic,1610612751,Brooklyn Nets,4,11,10,Missed Shot,Jump Shot,3PT Field Goal,Above the Break 3,Right Side Center(RC),24+ ft.,25.0,214.0,135.0,1,0,20131105,BKN,UTA
Shot Chart Detail,0021300052,442,203141,Mirza Teletovic,1610612751,Brooklyn Nets,4,8,30,Missed Shot,Jump Shot,2PT Field Goal,Mid-Range,Center(C),16-24 ft.,19.0,24.0,190.0,1,0,20131105,BKN,UTA
Shot Chart Detail,0021300052,459,203141,Mirza Teletovic,1610612751,Brooklyn Nets,4,7,8,Missed Shot,Jump Shot,3PT Field Goal,Above the Break 3,Right Side Center(RC),24+ ft.,24.0,144.0,201.0,1,0,20131105,BKN,UTA
Shot Chart Detail,0021300052,532,203141,Mirza Teletovic,1610612751,Brooklyn Nets,4,0,57,Missed Shot,Jump Shot,3PT Field Goal,Above the Break 3,Left Side Center(LC),24+ ft.,24.0,-201.0,143.0,1,0,20131105,BKN,UTA
Shot Chart Detail,0021300052,544,203141,Mirza Teletovic,1610612751,Brooklyn Nets,4,0,12,Missed Shot,Jump Shot,2PT Field Goal,Mid-Range,Left Side(L),16-24 ft.,20.0,-196.0,48.0,1,0,20131105,BKN,UTA
Shot Chart Detail,0021300121,552,203141,Mirza Teletovic,1610612751,Brooklyn Nets,4,0,4,Missed Shot,Jump Shot,3PT Field Goal,Above the Break 3,Right Side Center(RC),24+ ft.,26.0,177.0,198.0,1,0,20131113,SAC,BKN
Shot Chart Detail,0021300132,270,203141,Mirza Teletovic,1610612751,Brooklyn Nets,2,2,8,Made Shot,Layup Shot,2PT Field Goal,Restricted Area,Center(C),Less Than 8 ft.,1.0,12.0,-3.0,1,1,20131115,PHX,BKN
Shot Chart Detail,0021300146,112,203141,Mirza Teletovic,1610612751,Brooklyn Nets,1,1,50,Missed Shot,Jump Shot,3PT Field Goal,Above the Break 3,Right Side Center(RC),24+ ft.,24.0,226.0,97.0,1,0,20131116,LAC,BKN
Shot Chart Detail,0021300146,121,203141,Mirza Teletovic,1610612751,Brooklyn Nets,1,0,13,Missed Shot,Layup Shot,2PT Field Goal,Restricted Area,Center(C),Less Than 8 ft.,1.0,-12.0,8.0,1,0,20131116,LAC,BKN
Shot Chart Detail,0021300146,123,203141,Mirza Teletovic,1610612751,Brooklyn Nets,1,0,9,Missed Shot,Jump Shot,2PT Field Goal,In The Paint (Non-RA),Center(C),Less Than 8 ft.,4.0,4.0,44.0,1,0,20131116,LAC,BKN
Shot Chart Detail,0021300146,140,203141,Mirza Teletovic,1610612751,Brooklyn Nets,2,11,3,Missed Shot,Jump Shot,3PT Field Goal,Above the Break 3,Left Side Center(LC),24+ ft.,24.0,-166.0,181.0,1,0,20131116,LAC,BKN
Shot Chart Detail,0021300146,148,203141,Mirza Teletovic,1610612751,Brooklyn Nets,2,10,25,Made Shot,Layup Shot,2PT Field Goal,Restricted Area,Center(C),Less Than 8 ft.,1.0,4.0,12.0,1,1,20131116,LAC,BKN
Shot Chart Detail,0021300146,369,203141,Mirza Teletovic,1610612751,Brooklyn Nets,3,5,2,Missed Shot,Jump Shot,2PT Field Goal,In The Paint (Non-RA),Center(C),8-16 ft.,8.0,-34.0,83.0,1,0,20131116,LAC,BKN
Shot Chart Detail,0021300146,378,203141,Mirza Teletovic,1610612751,Brooklyn Nets,3,3,59,Missed Shot,Jump Shot,3PT Field Goal,Above the Break 3,Right Side Center(RC),24+ ft.,26.0,130.0,227.0,1,0,20131116,LAC,BKN
Shot Chart Detail,0021300182,432,203141,Mirza Teletovic,1610612751,Brooklyn Nets,4,9,26,Missed Shot,Jump Shot,3PT Field Goal,Above the Break 3,Right Side Center(RC),24+ ft.,25.0,152.0,200.0,1,0,20131122,MIN,BKN
Shot Chart Detail,0021300182,438,203141,Mirza Teletovic,1610612751,Brooklyn Nets,4,8,16,Made Shot,Jump Hook Shot,2PT Field Goal,In The Paint (Non-RA),Center(C),Less Than 8 ft.,4.0,7.0,45.0,1,1,20131122,MIN,BKN
Shot Chart Detail,0021300182,465,203141,Mirza Teletovic,1610612751,Brooklyn Nets,4,5,29,Made Shot,Fadeaway Jump Shot,2PT Field Goal,In The Paint (Non-RA),Center(C),8-16 ft.,8.0,2.0,80.0,1,1,20131122,MIN,BKN
Shot Chart Detail,0021300182,494,203141,Mirza Teletovic,1610612751,Brooklyn Nets,4,2,32,Made Shot,Jump Shot,3PT Field Goal,Above the Break 3,Right Side Center(RC),24+ ft.,24.0,195.0,153.0,1,1,20131122,MIN,BKN
Shot Chart Detail,0021300182,527,203141,Mirza Teletovic,1610612751,Brooklyn Nets,4,0,12,Missed Shot,Jump Shot,3PT Field Goal,Above the Break 3,Left Side Center(LC),24+ ft.,25.0,-168.0,187.0,1,0,20131122,MIN,BKN
Shot Chart Detail,0021300197,388,203141,Mirza Teletovic,1610612751,Brooklyn Nets,4,10,10,Made Shot,Jump Shot,3PT Field Goal,Above the Break 3,Center(C),24+ ft.,24.0,-10.0,246.0,1,1,20131124,BKN,DET
Shot Chart Detail,0021300197,410,203141,Mirza Teletovic,1610612751,Brooklyn Nets,4,8,6,Made Shot,Jump Shot,3PT Field Goal,Above the Break 3,Left Side Center(LC),24+ ft.,24.0,-128.0,214.0,1,1,20131124,BKN,DET
Shot Chart Detail,0021300197,423,203141,Mirza Teletovic,1610612751,Brooklyn Nets,4,6,44,Made Shot,Jump Shot,3PT Field Goal,Above the Break 3,Left Side Center(LC),24+ ft.,24.0,-109.0,220.0,1,1,20131124,BKN,DET
Shot Chart Detail,0021300197,429,203141,Mirza Teletovic,1610612751,Brooklyn Nets,4,6,19,Missed Shot,Jump Shot,2PT Field Goal,In The Paint (Non-RA),Center(C),Less Than 8 ft.,5.0,53.0,4.0,1,0,20131124,BKN,DET
Shot Chart Detail,0021300197,463,203141,Mirza Teletovic,1610612751,Brooklyn Nets,4,5,4,Missed Shot,Jump Shot,3PT Field Goal,Above the Break 3,Right Side Center(RC),24+ ft.,25.0,217.0,135.0,1,0,20131124,BKN,DET
Shot Chart Detail,0021300211,440,203141,Mirza Teletovic,1610612751,Brooklyn Nets,4,4,38,Missed Shot,Jump Shot,2PT Field Goal,In The Paint (Non-RA),Center(C),8-16 ft.,14.0,59.0,137.0,1,0,20131126,TOR,BKN
Shot Chart Detail,0021300218,78,203141,Mirza Teletovic,1610612751,Brooklyn Nets,1,3,4,Missed Shot,Jump Shot,3PT Field Goal,Above the Break 3,Center(C),24+ ft.,25.0,9.0,254.0,1,0,20131127,BKN,LAL
Shot Chart Detail,0021300218,85,203141,Mirza Teletovic,1610612751,Brooklyn Nets,1,2,45,Made Shot,Jump Shot,3PT Field Goal,Above the Break 3,Right Side Center(RC),24+ ft.,26.0,108.0,244.0,1,1,20131127,BKN,LAL
Shot Chart Detail,0021300218,109,203141,Mirza Teletovic,1610612751,Brooklyn Nets,2,11,20,Missed Shot,Jump Shot,2PT Field Goal,Mid-Range,Left Side(L),16-24 ft.,18.0,-187.0,-22.0,1,0,20131127,BKN,LAL
Shot Chart Detail,0021300218,376,203141,Mirza Teletovic,1610612751,Brooklyn Nets,4,11,42,Made Shot,Jump Shot,3PT Field Goal,Above the Break 3,Left Side Center(LC),24+ ft.,25.0,-98.0,233.0,1,1,20131127,BKN,LAL
Shot Chart Detail,0021300218,379,203141,Mirza Teletovic,1610612751,Brooklyn Nets,4,11,15,Missed Shot,Jump Shot,3PT Field Goal,Above the Break 3,Left Side Center(LC),24+ ft.,24.0,-204.0,132.0,1,0,20131127,BKN,LAL
Shot Chart Detail,0021300218,400,203141,Mirza Teletovic,1610612751,Brooklyn Nets,4,9,33,Made Shot,Jump Shot,3PT Field Goal,Above the Break 3,Center(C),24+ ft.,25.0,-60.0,249.0,1,1,20131127,BKN,LAL
Shot Chart Detail,0021300218,415,203141,Mirza Teletovic,1610612751,Brooklyn Nets,4,8,24,Missed Shot,Jump Shot,3PT Field Goal,Above the Break 3,Right Side Center(RC),24+ ft.,26.0,201.0,170.0,1,0,20131127,BKN,LAL
Shot Chart Detail,0021300218,466,203141,Mirza Teletovic,1610612751,Brooklyn Nets,4,4,25,Made Shot,Jump Shot,3PT Field Goal,Above the Break 3,Center(C),24+ ft.,26.0,17.0,260.0,1,1,20131127,BKN,LAL
Shot Chart Detail,0021300234,50,203141,Mirza Teletovic,1610612751,Brooklyn Nets,1,5,21,Missed Shot,Jump Shot,3PT Field Goal,Above the Break 3,Left Side Center(LC),24+ ft.,25.0,-109.0,225.0,1,0,20131129,HOU,BKN
Shot Chart Detail,0021300234,140,203141,Mirza Teletovic,1610612751,Brooklyn Nets,2,11,13,Missed Shot,Layup Shot,2PT Field Goal,Restricted Area,Center(C),Less Than 8 ft.,2.0,-5.0,20.0,1,0,20131129,HOU,BKN
Shot Chart Detail,0021300234,171,203141,Mirza Teletovic,1610612751,Brooklyn Nets,2,8,55,Missed Shot,Tip Shot,2PT Field Goal,Restricted Area,Center(C),Less Than 8 ft.,2.0,0.0,25.0,1,0,20131129,HOU,BKN
Shot Chart Detail,0021300234,174,203141,Mirza Teletovic,1610612751,Brooklyn Nets,2,8,53,Missed Shot,Jump Shot,3PT Field Goal,Above the Break 3,Left Side Center(LC),24+ ft.,25.0,-209.0,151.0,1,0,20131129,HOU,BKN
Shot Chart Detail,0021300234,291,203141,Mirza Teletovic,1610612751,Brooklyn Nets,3,10,39,Missed Shot,Jump Shot,3PT Field Goal,Above the Break 3,Left Side Center(LC),24+ ft.,25.0,-131.0,217.0,1,0,20131129,HOU,BKN
Shot Chart Detail,0021300234,313,203141,Mirza Teletovic,1610612751,Brooklyn Nets,3,8,2,Missed Shot,Tip Shot,2PT Field Goal,Restricted Area,Center(C),Less Than 8 ft.,1.0,6.0,11.0,1,0,20131129,HOU,BKN
Shot Chart Detail,0021300234,387,203141,Mirza Teletovic,1610612751,Brooklyn Nets,3,0,40,Made Shot,Jump Shot,2PT Field Goal,Mid-Range,Right Side Center(RC),16-24 ft.,21.0,108.0,183.0,1,1,20131129,HOU,BKN
Shot Chart Detail,0021300234,405,203141,Mirza Teletovic,1610612751,Brooklyn Nets,4,11,11,Missed Shot,Jump Shot,2PT Field Goal,Mid-Range,Left Side(L),8-16 ft.,15.0,-150.0,-11.0,1,0,20131129,HOU,BKN
Shot Chart Detail,0021300234,409,203141,Mirza Teletovic,1610612751,Brooklyn Nets,4,10,43,Made Shot,Jump Shot,3PT Field Goal,Above the Break 3,Left Side Center(LC),24+ ft.,24.0,-201.0,148.0,1,1,20131129,HOU,BKN
Shot Chart Detail,0021300234,411,203141,Mirza Teletovic,1610612751,Brooklyn Nets,4,10,19,Made Shot,Layup Shot,2PT Field Goal,Restricted Area,Center(C),Less Than 8 ft.,0.0,-8.0,-2.0,1,1,20131129,HOU,BKN
Shot Chart Detail,0021300234,420,203141,Mirza Teletovic,1610612751,Brooklyn Nets,4,9,3,Missed Shot,Step Back Jump shot,2PT Field Goal,Mid-Range,Left Side Center(LC),16-24 ft.,20.0,-166.0,126.0,1,0,20131129,HOU,BKN
Shot Chart Detail,0021300234,466,203141,Mirza Teletovic,1610612751,Brooklyn Nets,4,4,14,Made Shot,Jump Shot,3PT Field Goal,Above the Break 3,Left Side Center(LC),24+ ft.,24.0,-199.0,149.0,1,1,20131129,HOU,BKN
Shot Chart Detail,0021300234,469,203141,Mirza Teletovic,1610612751,Brooklyn Nets,4,3,48,Made Shot,Jump Shot,3PT Field Goal,Above the Break 3,Left Side Center(LC),24+ ft.,26.0,-220.0,140.0,1,1,20131129,HOU,BKN
Shot Chart Detail,0021300234,492,203141,Mirza Teletovic,1610612751,Brooklyn Nets,4,2,6,Made Shot,Layup Shot,2PT Field Goal,Restricted Area,Center(C),Less Than 8 ft.,1.0,-10.0,4.0,1,1,20131129,HOU,BKN
Shot Chart Detail,0021300243,335,203141,Mirza Teletovic,1610612751,Brooklyn Nets,3,1,38,Made Shot,Jump Shot,3PT Field Goal,Above the Break 3,Right Side Center(RC),24+ ft.,25.0,159.0,203.0,1,1,20131130,MEM,BKN
Shot Chart Detail,0021300243,350,203141,Mirza Teletovic,1610612751,Brooklyn Nets,3,0,0,Missed Shot,Jump Shot,3PT Field Goal,Above the Break 3,Left Side Center(LC),24+ ft.,24.0,-160.0,189.0,1,0,20131130,MEM,BKN
Shot Chart Detail,0021300243,375,203141,Mirza Teletovic,1610612751,Brooklyn Nets,4,8,51,Made Shot,Turnaround Fadeaway shot,2PT Field Goal,In The Paint (Non-RA),Center(C),Less Than 8 ft.,4.0,-13.0,47.0,1,1,20131130,MEM,BKN
Shot Chart Detail,0021300243,378,203141,Mirza Teletovic,1610612751,Brooklyn Nets,4,8,25,Made Shot,Jump Shot,3PT Field Goal,Above the Break 3,Center(C),24+ ft.,24.0,-2.0,247.0,1,1,20131130,MEM,BKN
Shot Chart Detail,0021300243,428,203141,Mirza Teletovic,1610612751,Brooklyn Nets,4,2,57,Missed Shot,Jump Shot,3PT Field Goal,Above the Break 3,Right Side Center(RC),24+ ft.,26.0,168.0,203.0,1,0,20131130,MEM,BKN
Shot Chart Detail,0021300243,436,203141,Mirza Teletovic,1610612751,Brooklyn Nets,4,2,3,Missed Shot,Jump Shot,3PT Field Goal,Above the Break 3,Right Side Center(RC),24+ ft.,25.0,146.0,211.0,1,0,20131130,MEM,BKN
Shot Chart Detail,0021300263,382,203141,Mirza Teletovic,1610612751,Brooklyn Nets,3,3,22,Missed Shot,Layup Shot,2PT Field Goal,Restricted Area,Center(C),Less Than 8 ft.,2.0,-19.0,9.0,1,0,20131203,BKN,DEN
Shot Chart Detail,0021300263,386,203141,Mirza Teletovic,1610612751,Brooklyn Nets,3,2,59,Missed Shot,Jump Shot,3PT Field Goal,Above the Break 3,Left Side Center(LC),24+ ft.,24.0,-122.0,211.0,1,0,20131203,BKN,DEN
Shot Chart Detail,0021300263,541,203141,Mirza Teletovic,1610612751,Brooklyn Nets,4,1,18,Missed Shot,Jump Shot,3PT Field Goal,Above the Break 3,Left Side Center(LC),24+ ft.,25.0,-174.0,181.0,1,0,20131203,BKN,DEN
Shot Chart Detail,0021300263,543,203141,Mirza Teletovic,1610612751,Brooklyn Nets,4,1,10,Missed Shot,Jump Shot,3PT Field Goal,Above the Break 3,Right Side Center(RC),24+ ft.,24.0,147.0,201.0,1,0,20131203,BKN,DEN
Shot Chart Detail,0021300277,166,203141,Mirza Teletovic,1610612751,Brooklyn Nets,2,5,25,Made Shot,Jump Shot,3PT Field Goal,Left Corner 3,Left Side(L),24+ ft.,23.0,-237.0,-16.0,1,1,20131205,BKN,NYK
Shot Chart Detail,0021300277,320,203141,Mirza Teletovic,1610612751,Brooklyn Nets,3,1,57,Missed Shot,Jump Shot,3PT Field Goal,Above the Break 3,Center(C),24+ ft.,26.0,-51.0,258.0,1,0,20131205,BKN,NYK
Shot Chart Detail,0021300277,367,203141,Mirza Teletovic,1610612751,Brooklyn Nets,4,9,13,Missed Shot,Jump Shot,3PT Field Goal,Left Corner 3,Left Side(L),24+ ft.,23.0,-232.0,-11.0,1,0,20131205,BKN,NYK
Shot Chart Detail,0021300277,394,203141,Mirza Teletovic,1610612751,Brooklyn Nets,4,7,34,Missed Shot,Jump Shot,3PT Field Goal,Above the Break 3,Center(C),24+ ft.,23.0,2.0,239.0,1,0,20131205,BKN,NYK
Shot Chart Detail,0021300277,448,203141,Mirza Teletovic,1610612751,Brooklyn Nets,4,3,54,Made Shot,Jump Shot,3PT Field Goal,Above the Break 3,Left Side Center(LC),24+ ft.,24.0,-177.0,176.0,1,1,20131205,BKN,NYK
Shot Chart Detail,0021300295,126,203141,Mirza Teletovic,1610612751,Brooklyn Nets,2,9,18,Missed Shot,Layup Shot,2PT Field Goal,Restricted Area,Center(C),Less Than 8 ft.,2.0,-7.0,19.0,1,0,20131207,MIL,BKN
Shot Chart Detail,0021300295,129,203141,Mirza Teletovic,1610612751,Brooklyn Nets,2,8,55,Missed Shot,Jump Shot,3PT Field Goal,Above the Break 3,Center(C),24+ ft.,26.0,-11.0,266.0,1,0,20131207,MIL,BKN
Shot Chart Detail,0021300295,163,203141,Mirza Teletovic,1610612751,Brooklyn Nets,2,6,12,Missed Shot,Layup Shot,2PT Field Goal,Restricted Area,Center(C),Less Than 8 ft.,1.0,-13.0,6.0,1,0,20131207,MIL,BKN
Shot Chart Detail,0021300295,164,203141,Mirza Teletovic,1610612751,Brooklyn Nets,2,6,10,Missed Shot,Tip Shot,2PT Field Goal,Restricted Area,Center(C),Less Than 8 ft.,0.0,-7.0,-3.0,1,0,20131207,MIL,BKN
Shot Chart Detail,0021300295,340,203141,Mirza Teletovic,1610612751,Brooklyn Nets,4,11,34,Made Shot,Jump Shot,3PT Field Goal,Above the Break 3,Left Side Center(LC),24+ ft.,27.0,-218.0,168.0,1,1,20131207,MIL,BKN
Shot Chart Detail,0021300327,512,203141,Mirza Teletovic,1610612751,Brooklyn Nets,4,5,3,Made Shot,Pullup Bank shot,2PT Field Goal,Mid-Range,Right Side(R),8-16 ft.,10.0,99.0,34.0,1,1,20131212,BKN,LAC
Shot Chart Detail,0021300327,539,203141,Mirza Teletovic,1610612751,Brooklyn Nets,4,3,1,Missed Shot,Jump Shot,2PT Field Goal,In The Paint (Non-RA),Center(C),Less Than 8 ft.,5.0,15.0,56.0,1,0,20131212,BKN,LAC
Shot Chart Detail,0021300327,555,203141,Mirza Teletovic,1610612751,Brooklyn Nets,4,1,38,Missed Shot,Jump Shot,3PT Field Goal,Above the Break 3,Left Side Center(LC),24+ ft.,25.0,-131.0,213.0,1,0,20131212,BKN,LAC
Shot Chart Detail,0021300327,564,203141,Mirza Teletovic,1610612751,Brooklyn Nets,4,0,32,Made Shot,Step Back Jump shot,2PT Field Goal,Mid-Range,Center(C),16-24 ft.,20.0,56.0,197.0,1,1,20131212,BKN,LAC
Shot Chart Detail,0021300334,283,203141,Mirza Teletovic,1610612751,Brooklyn Nets,3,9,49,Missed Shot,Layup Shot,2PT Field Goal,Restricted Area,Center(C),Less Than 8 ft.,0.0,1.0,1.0,1,0,20131213,DET,BKN
Shot Chart Detail,0021300334,293,203141,Mirza Teletovic,1610612751,Brooklyn Nets,3,8,46,Made Shot,Dunk Shot,2PT Field Goal,Restricted Area,Center(C),Less Than 8 ft.,0.0,4.0,1.0,1,1,20131213,DET,BKN
Shot Chart Detail,0021300334,309,203141,Mirza Teletovic,1610612751,Brooklyn Nets,3,6,16,Made Shot,Jump Shot,3PT Field Goal,Right Corner 3,Right Side(R),24+ ft.,22.0,226.0,20.0,1,1,20131213,DET,BKN
Shot Chart Detail,0021300334,317,203141,Mirza Teletovic,1610612751,Brooklyn Nets,3,5,38,Missed Shot,Floating Jump shot,2PT Field Goal,In The Paint (Non-RA),Center(C),Less Than 8 ft.,5.0,-56.0,15.0,1,0,20131213,DET,BKN
Shot Chart Detail,0021300334,320,203141,Mirza Teletovic,1610612751,Brooklyn Nets,3,5,11,Made Shot,Jump Shot,3PT Field Goal,Above the Break 3,Left Side Center(LC),24+ ft.,25.0,-139.0,216.0,1,1,20131213,DET,BKN
Shot Chart Detail,0021300334,378,203141,Mirza Teletovic,1610612751,Brooklyn Nets,4,11,49,Missed Shot,Dunk Shot,2PT Field Goal,Restricted Area,Center(C),Less Than 8 ft.,0.0,2.0,6.0,1,0,20131213,DET,BKN
Shot Chart Detail,0021300334,386,203141,Mirza Teletovic,1610612751,Brooklyn Nets,4,10,18,Made Shot,Jump Shot,3PT Field Goal,Above the Break 3,Right Side Center(RC),24+ ft.,27.0,165.0,219.0,1,1,20131213,DET,BKN
Shot Chart Detail,0021300334,395,203141,Mirza Teletovic,1610612751,Brooklyn Nets,4,9,9,Made Shot,Jump Shot,3PT Field Goal,Above the Break 3,Right Side Center(RC),24+ ft.,26.0,157.0,217.0,1,1,20131213,DET,BKN
Shot Chart Detail,0021300334,456,203141,Mirza Teletovic,1610612751,Brooklyn Nets,4,3,37,Made Shot,Jump Shot,3PT Field Goal,Right Corner 3,Right Side(R),24+ ft.,23.0,231.0,25.0,1,1,20131213,DET,BKN
Shot Chart Detail,0021300334,464,203141,Mirza Teletovic,1610612751,Brooklyn Nets,4,2,17,Missed Shot,Jump Shot,3PT Field Goal,Above the Break 3,Right Side Center(RC),24+ ft.,29.0,152.0,247.0,1,0,20131213,DET,BKN
Shot Chart Detail,0021300359,11,203141,Mirza Teletovic,1610612751,Brooklyn Nets,1,10,38,Made Shot,Tip Shot,2PT Field Goal,Restricted Area,Center(C),Less Than 8 ft.,1.0,-5.0,11.0,1,1,20131216,BKN,PHI
Shot Chart Detail,0021300359,26,203141,Mirza Teletovic,1610612751,Brooklyn Nets,1,9,37,Missed Shot,Jump Shot,3PT Field Goal,Above the Break 3,Right Side Center(RC),24+ ft.,24.0,136.0,206.0,1,0,20131216,BKN,PHI
Shot Chart Detail,0021300359,42,203141,Mirza Teletovic,1610612751,Brooklyn Nets,1,7,18,Made Shot,Jump Shot,3PT Field Goal,Above the Break 3,Center(C),24+ ft.,26.0,-23.0,261.0,1,1,20131216,BKN,PHI
Shot Chart Detail,0021300359,58,203141,Mirza Teletovic,1610612751,Brooklyn Nets,1,5,31,Missed Shot,Jump Shot,3PT Field Goal,Above the Break 3,Center(C),24+ ft.,25.0,12.0,257.0,1,0,20131216,BKN,PHI
Shot Chart Detail,0021300359,217,203141,Mirza Teletovic,1610612751,Brooklyn Nets,2,4,9,Made Shot,Jump Shot,3PT Field Goal,Above the Break 3,Left Side Center(LC),24+ ft.,24.0,-205.0,140.0,1,1,20131216,BKN,PHI
Shot Chart Detail,0021300359,223,203141,Mirza Teletovic,1610612751,Brooklyn Nets,2,3,36,Made Shot,Layup Shot,2PT Field Goal,Restricted Area,Center(C),Less Than 8 ft.,2.0,-23.0,11.0,1,1,20131216,BKN,PHI
Shot Chart Detail,0021300359,261,203141,Mirza Teletovic,1610612751,Brooklyn Nets,2,0,4,Missed Shot,Jump Shot,3PT Field Goal,Above the Break 3,Left Side Center(LC),24+ ft.,25.0,-215.0,143.0,1,0,20131216,BKN,PHI
Shot Chart Detail,0021300359,318,203141,Mirza Teletovic,1610612751,Brooklyn Nets,3,7,1,Missed Shot,Jump Shot,3PT Field Goal,Above the Break 3,Right Side Center(RC),24+ ft.,25.0,119.0,224.0,1,0,20131216,BKN,PHI
Shot Chart Detail,0021300374,123,203141,Mirza Teletovic,1610612751,Brooklyn Nets,2,8,43,Missed Shot,Jump Shot,3PT Field Goal,Above the Break 3,Right Side Center(RC),24+ ft.,24.0,215.0,119.0,1,0,20131218,BKN,WAS
Shot Chart Detail,0021300374,172,203141,Mirza Teletovic,1610612751,Brooklyn Nets,2,4,50,Missed Shot,Driving Jump shot,2PT Field Goal,In The Paint (Non-RA),Center(C),Less Than 8 ft.,7.0,-56.0,48.0,1,0,20131218,BKN,WAS
Shot Chart Detail,0021300374,175,203141,Mirza Teletovic,1610612751,Brooklyn Nets,2,4,29,Missed Shot,Jump Shot,3PT Field Goal,Above the Break 3,Right Side Center(RC),24+ ft.,24.0,144.0,200.0,1,0,20131218,BKN,WAS
Shot Chart Detail,0021300383,9,203141,Mirza Teletovic,1610612751,Brooklyn Nets,1,10,28,Missed Shot,Jump Shot,3PT Field Goal,Right Corner 3,Right Side(R),24+ ft.,22.0,226.0,34.0,1,0,20131220,PHI,BKN
Shot Chart Detail,0021300383,42,203141,Mirza Teletovic,1610612751,Brooklyn Nets,1,6,48,Made Shot,Jump Shot,3PT Field Goal,Above the Break 3,Center(C),24+ ft.,25.0,-8.0,250.0,1,1,20131220,PHI,BKN
Shot Chart Detail,0021300383,45,203141,Mirza Teletovic,1610612751,Brooklyn Nets,1,6,12,Made Shot,Jump Shot,3PT Field Goal,Above the Break 3,Left Side Center(LC),24+ ft.,25.0,-163.0,197.0,1,1,20131220,PHI,BKN
Shot Chart Detail,0021300383,122,203141,Mirza Teletovic,1610612751,Brooklyn Nets,2,10,54,Made Shot,Jump Shot,3PT Field Goal,Above the Break 3,Right Side Center(RC),24+ ft.,25.0,141.0,214.0,1,1,20131220,PHI,BKN
Shot Chart Detail,0021300383,130,203141,Mirza Teletovic,1610612751,Brooklyn Nets,2,9,33,Missed Shot,Jump Shot,3PT Field Goal,Above the Break 3,Right Side Center(RC),24+ ft.,26.0,124.0,235.0,1,0,20131220,PHI,BKN
Shot Chart Detail,0021300383,145,203141,Mirza Teletovic,1610612751,Brooklyn Nets,2,8,13,Made Shot,Jump Shot,3PT Field Goal,Above the Break 3,Left Side Center(LC),24+ ft.,26.0,-136.0,231.0,1,1,20131220,PHI,BKN
Shot Chart Detail,0021300383,161,203141,Mirza Teletovic,1610612751,Brooklyn Nets,2,6,24,Missed Shot,Layup Shot,2PT Field Goal,Restricted Area,Center(C),Less Than 8 ft.,1.0,-10.0,-11.0,1,0,20131220,PHI,BKN
Shot Chart Detail,0021300383,164,203141,Mirza Teletovic,1610612751,Brooklyn Nets,2,6,2,Made Shot,Jump Shot,3PT Field Goal,Above the Break 3,Center(C),24+ ft.,25.0,69.0,247.0,1,1,20131220,PHI,BKN
Shot Chart Detail,0021300383,173,203141,Mirza Teletovic,1610612751,Brooklyn Nets,2,4,48,Missed Shot,Jump Shot,2PT Field Goal,In The Paint (Non-RA),Right Side(R),8-16 ft.,8.0,80.0,4.0,1,0,20131220,PHI,BKN
Shot Chart Detail,0021300383,181,203141,Mirza Teletovic,1610612751,Brooklyn Nets,2,4,27,Missed Shot,Jump Shot,3PT Field Goal,Above the Break 3,Center(C),24+ ft.,26.0,7.0,260.0,1,0,20131220,PHI,BKN
Shot Chart Detail,0021300383,300,203141,Mirza Teletovic,1610612751,Brooklyn Nets,3,7,49,Made Shot,Jump Shot,3PT Field Goal,Right Corner 3,Right Side(R),24+ ft.,23.0,236.0,7.0,1,1,20131220,PHI,BKN
Shot Chart Detail,0021300383,308,203141,Mirza Teletovic,1610612751,Brooklyn Nets,3,6,44,Missed Shot,Jump Shot,3PT Field Goal,Above the Break 3,Center(C),24+ ft.,25.0,-18.0,255.0,1,0,20131220,PHI,BKN
Shot Chart Detail,0021300383,476,203141,Mirza Teletovic,1610612751,Brooklyn Nets,4,1,6,Missed Shot,Jump Shot,3PT Field Goal,Above the Break 3,Left Side Center(LC),24+ ft.,25.0,-93.0,238.0,1,0,20131220,PHI,BKN
Shot Chart Detail,0021300410,18,203141,Mirza Teletovic,1610612751,Brooklyn Nets,1,9,58,Made Shot,Alley Oop Dunk Shot,2PT Field Goal,Restricted Area,Center(C),Less Than 8 ft.,1.0,13.0,-13.0,1,1,20131223,BKN,IND
Shot Chart Detail,0021300410,58,203141,Mirza Teletovic,1610612751,Brooklyn Nets,1,4,48,Missed Shot,Jump Shot,3PT Field Goal,Above the Break 3,Center(C),24+ ft.,25.0,-76.0,241.0,1,0,20131223,BKN,IND
Shot Chart Detail,0021300410,61,203141,Mirza Teletovic,1610612751,Brooklyn Nets,1,4,13,Missed Shot,Driving Layup Shot,2PT Field Goal,Restricted Area,Center(C),Less Than 8 ft.,3.0,32.0,-2.0,1,0,20131223,BKN,IND
Shot Chart Detail,0021300410,91,203141,Mirza Teletovic,1610612751,Brooklyn Nets,1,1,19,Missed Shot,Layup Shot,2PT Field Goal,Restricted Area,Center(C),Less Than 8 ft.,2.0,-27.0,6.0,1,0,20131223,BKN,IND
Shot Chart Detail,0021300410,255,203141,Mirza Teletovic,1610612751,Brooklyn Nets,3,11,6,Missed Shot,Jump Shot,3PT Field Goal,Above the Break 3,Left Side Center(LC),24+ ft.,25.0,-89.0,235.0,1,0,20131223,BKN,IND
Shot Chart Detail,0021300410,292,203141,Mirza Teletovic,1610612751,Brooklyn Nets,3,7,31,Missed Shot,Jump Shot,3PT Field Goal,Above the Break 3,Center(C),24+ ft.,24.0,43.0,246.0,1,0,20131223,BKN,IND
Shot Chart Detail,0021300410,301,203141,Mirza Teletovic,1610612751,Brooklyn Nets,3,6,43,Made Shot,Layup Shot,2PT Field Goal,Restricted Area,Center(C),Less Than 8 ft.,1.0,-19.0,-3.0,1,1,20131223,BKN,IND
Shot Chart Detail,0021300410,427,203141,Mirza Teletovic,1610612751,Brooklyn Nets,4,7,41,Made Shot,Jump Shot,2PT Field Goal,Mid-Range,Left Side(L),8-16 ft.,14.0,-139.0,25.0,1,1,20131223,BKN,IND
Shot Chart Detail,0021300410,457,203141,Mirza Teletovic,1610612751,Brooklyn Nets,4,4,17,Missed Shot,Jump Shot,3PT Field Goal,Above the Break 3,Center(C),24+ ft.,24.0,-2.0,246.0,1,0,20131223,BKN,IND
Shot Chart Detail,0021300410,467,203141,Mirza Teletovic,1610612751,Brooklyn Nets,4,3,30,Missed Shot,Jump Shot,3PT Field Goal,Left Corner 3,Left Side(L),24+ ft.,22.0,-228.0,-8.0,1,0,20131223,BKN,IND
Shot Chart Detail,0021300418,20,203141,Mirza Teletovic,1610612751,Brooklyn Nets,1,9,50,Made Shot,Jump Shot,3PT Field Goal,Above the Break 3,Left Side Center(LC),24+ ft.,24.0,-187.0,157.0,1,1,20131225,BKN,CHI
Shot Chart Detail,0021300418,196,203141,Mirza Teletovic,1610612751,Brooklyn Nets,2,4,29,Missed Shot,Jump Shot,3PT Field Goal,Above the Break 3,Right Side Center(RC),24+ ft.,24.0,86.0,231.0,1,0,20131225,BKN,CHI
Shot Chart Detail,0021300418,254,203141,Mirza Teletovic,1610612751,Brooklyn Nets,3,10,31,Missed Shot,Jump Shot,3PT Field Goal,Above the Break 3,Right Side Center(RC),24+ ft.,24.0,122.0,216.0,1,0,20131225,BKN,CHI
Shot Chart Detail,0021300418,264,203141,Mirza Teletovic,1610612751,Brooklyn Nets,3,9,14,Made Shot,Jump Shot,3PT Field Goal,Right Corner 3,Right Side(R),24+ ft.,24.0,239.0,52.0,1,1,20131225,BKN,CHI
Shot Chart Detail,0021300418,267,203141,Mirza Teletovic,1610612751,Brooklyn Nets,3,8,40,Made Shot,Floating Jump shot,2PT Field Goal,In The Paint (Non-RA),Center(C),8-16 ft.,8.0,10.0,85.0,1,1,20131225,BKN,CHI
Shot Chart Detail,0021300418,269,203141,Mirza Teletovic,1610612751,Brooklyn Nets,3,8,3,Made Shot,Layup Shot,2PT Field Goal,Restricted Area,Center(C),Less Than 8 ft.,1.0,13.0,0.0,1,1,20131225,BKN,CHI
Shot Chart Detail,0021300418,275,203141,Mirza Teletovic,1610612751,Brooklyn Nets,3,7,38,Made Shot,Jump Shot,3PT Field Goal,Above the Break 3,Center(C),24+ ft.,24.0,-65.0,233.0,1,1,20131225,BKN,CHI
Shot Chart Detail,0021300418,283,203141,Mirza Teletovic,1610612751,Brooklyn Nets,3,6,23,Missed Shot,Jump Shot,3PT Field Goal,Above the Break 3,Right Side Center(RC),24+ ft.,24.0,140.0,203.0,1,0,20131225,BKN,CHI
Shot Chart Detail,0021300418,409,203141,Mirza Teletovic,1610612751,Brooklyn Nets,4,8,35,Missed Shot,Jump Shot,3PT Field Goal,Above the Break 3,Center(C),24+ ft.,23.0,-21.0,239.0,1,0,20131225,BKN,CHI
Shot Chart Detail,0021300418,423,203141,Mirza Teletovic,1610612751,Brooklyn Nets,4,6,32,Made Shot,Running Jump Shot,2PT Field Goal,In The Paint (Non-RA),Right Side(R),8-16 ft.,8.0,43.0,74.0,1,1,20131225,BKN,CHI
Shot Chart Detail,0021300418,450,203141,Mirza Teletovic,1610612751,Brooklyn Nets,4,2,52,Made Shot,Jump Shot,2PT Field Goal,In The Paint (Non-RA),Center(C),Less Than 8 ft.,4.0,40.0,7.0,1,1,20131225,BKN,CHI
Shot Chart Detail,0021300429,87,203141,Mirza Teletovic,1610612751,Brooklyn Nets,1,2,47,Made Shot,Dunk Shot,2PT Field Goal,Restricted Area,Center(C),Less Than 8 ft.,1.0,10.0,4.0,1,1,20131227,BKN,MIL
Shot Chart Detail,0021300429,146,203141,Mirza Teletovic,1610612751,Brooklyn Nets,2,8,0,Made Shot,Jump Shot,3PT Field Goal,Left Corner 3,Left Side(L),24+ ft.,24.0,-242.0,-16.0,1,1,20131227,BKN,MIL
Shot Chart Detail,0021300429,148,203141,Mirza Teletovic,1610612751,Brooklyn Nets,2,7,36,Made Shot,Jump Shot,3PT Field Goal,Left Corner 3,Left Side(L),24+ ft.,22.0,-228.0,28.0,1,1,20131227,BKN,MIL
Shot Chart Detail,0021300429,322,203141,Mirza Teletovic,1610612751,Brooklyn Nets,3,5,31,Missed Shot,Jump Shot,3PT Field Goal,Above the Break 3,Left Side Center(LC),24+ ft.,25.0,-108.0,230.0,1,0,20131227,BKN,MIL
Shot Chart Detail,0021300429,422,203141,Mirza Teletovic,1610612751,Brooklyn Nets,4,10,49,Made Shot,Jump Shot,3PT Field Goal,Right Corner 3,Right Side(R),24+ ft.,23.0,239.0,-11.0,1,1,20131227,BKN,MIL
Shot Chart Detail,0021300429,438,203141,Mirza Teletovic,1610612751,Brooklyn Nets,4,9,4,Made Shot,Jump Shot,3PT Field Goal,Above the Break 3,Left Side Center(LC),24+ ft.,25.0,-105.0,230.0,1,1,20131227,BKN,MIL
Shot Chart Detail,0021300429,457,203141,Mirza Teletovic,1610612751,Brooklyn Nets,4,7,30,Missed Shot,Jump Shot,3PT Field Goal,Above the Break 3,Left Side Center(LC),24+ ft.,24.0,-158.0,181.0,1,0,20131227,BKN,MIL
Shot Chart Detail,0021300429,471,203141,Mirza Teletovic,1610612751,Brooklyn Nets,4,6,23,Missed Shot,Turnaround Fadeaway shot,2PT Field Goal,Mid-Range,Left Side(L),8-16 ft.,14.0,-144.0,15.0,1,0,20131227,BKN,MIL
Shot Chart Detail,0021300429,505,203141,Mirza Teletovic,1610612751,Brooklyn Nets,4,3,40,Made Shot,Driving Bank shot,2PT Field Goal,In The Paint (Non-RA),Center(C),Less Than 8 ft.,4.0,31.0,37.0,1,1,20131227,BKN,MIL
Shot Chart Detail,0021300429,507,203141,Mirza Teletovic,1610612751,Brooklyn Nets,4,3,17,Missed Shot,Jump Shot,3PT Field Goal,Above the Break 3,Right Side Center(RC),24+ ft.,25.0,189.0,170.0,1,0,20131227,BKN,MIL
Shot Chart Detail,0021300429,520,203141,Mirza Teletovic,1610612751,Brooklyn Nets,4,2,39,Missed Shot,Jump Shot,3PT Field Goal,Above the Break 3,Right Side Center(RC),24+ ft.,24.0,121.0,209.0,1,0,20131227,BKN,MIL
Shot Chart Detail,0021300429,526,203141,Mirza Teletovic,1610612751,Brooklyn Nets,4,2,3,Made Shot,Jump Shot,3PT Field Goal,Above the Break 3,Center(C),24+ ft.,25.0,12.0,257.0,1,1,20131227,BKN,MIL
Shot Chart Detail,0021300429,538,203141,Mirza Teletovic,1610612751,Brooklyn Nets,4,0,43,Missed Shot,Layup Shot,2PT Field Goal,Restricted Area,Center(C),Less Than 8 ft.,2.0,-2.0,28.0,1,0,20131227,BKN,MIL
Shot Chart Detail,0021300437,5,203141,Mirza Teletovic,1610612751,Brooklyn Nets,1,11,3,Missed Shot,Jump Shot,3PT Field Goal,Above the Break 3,Center(C),24+ ft.,25.0,-37.0,250.0,1,0,20131228,IND,BKN
Shot Chart Detail,0021300437,28,203141,Mirza Teletovic,1610612751,Brooklyn Nets,1,7,41,Missed Shot,Jump Shot,3PT Field Goal,Above the Break 3,Right Side Center(RC),24+ ft.,26.0,225.0,131.0,1,0,20131228,IND,BKN
Shot Chart Detail,0021300437,53,203141,Mirza Teletovic,1610612751,Brooklyn Nets,1,5,15,Missed Shot,Jump Shot,3PT Field Goal,Above the Break 3,Left Side Center(LC),24+ ft.,24.0,-199.0,140.0,1,0,20131228,IND,BKN
Shot Chart Detail,0021300437,66,203141,Mirza Teletovic,1610612751,Brooklyn Nets,1,4,35,Made Shot,Jump Shot,3PT Field Goal,Above the Break 3,Center(C),24+ ft.,25.0,72.0,246.0,1,1,20131228,IND,BKN
Shot Chart Detail,0021300437,71,203141,Mirza Teletovic,1610612751,Brooklyn Nets,1,3,36,Made Shot,Floating Jump shot,2PT Field Goal,In The Paint (Non-RA),Center(C),Less Than 8 ft.,6.0,0.0,67.0,1,1,20131228,IND,BKN
Shot Chart Detail,0021300437,237,203141,Mirza Teletovic,1610612751,Brooklyn Nets,2,2,18,Made Shot,Driving Layup Shot,2PT Field Goal,Restricted Area,Center(C),Less Than 8 ft.,2.0,18.0,19.0,1,1,20131228,IND,BKN
Shot Chart Detail,0021300437,249,203141,Mirza Teletovic,1610612751,Brooklyn Nets,2,0,55,Made Shot,Jump Shot,3PT Field Goal,Above the Break 3,Center(C),24+ ft.,25.0,73.0,247.0,1,1,20131228,IND,BKN
Shot Chart Detail,0021300437,253,203141,Mirza Teletovic,1610612751,Brooklyn Nets,2,0,27,Made Shot,Putback Layup Shot,2PT Field Goal,Restricted Area,Center(C),Less Than 8 ft.,1.0,13.0,14.0,1,1,20131228,IND,BKN
Shot Chart Detail,0021300437,294,203141,Mirza Teletovic,1610612751,Brooklyn Nets,3,8,49,Made Shot,Jump Shot,3PT Field Goal,Above the Break 3,Right Side Center(RC),24+ ft.,25.0,89.0,239.0,1,1,20131228,IND,BKN
Shot Chart Detail,0021300437,318,203141,Mirza Teletovic,1610612751,Brooklyn Nets,3,5,13,Missed Shot,Jump Shot,3PT Field Goal,Above the Break 3,Center(C),24+ ft.,25.0,75.0,246.0,1,0,20131228,IND,BKN
Shot Chart Detail,0021300437,409,203141,Mirza Teletovic,1610612751,Brooklyn Nets,4,6,42,Missed Shot,Layup Shot,2PT Field Goal,Restricted Area,Center(C),Less Than 8 ft.,2.0,23.0,1.0,1,0,20131228,IND,BKN
Shot Chart Detail,0021300437,424,203141,Mirza Teletovic,1610612751,Brooklyn Nets,4,4,57,Missed Shot,Jump Shot,3PT Field Goal,Above the Break 3,Left Side Center(LC),24+ ft.,26.0,-103.0,242.0,1,0,20131228,IND,BKN
Shot Chart Detail,0021300437,457,203141,Mirza Teletovic,1610612751,Brooklyn Nets,4,1,10,Made Shot,Layup Shot,2PT Field Goal,Restricted Area,Center(C),Less Than 8 ft.,2.0,26.0,6.0,1,1,20131228,IND,BKN
Shot Chart Detail,0021300465,2,203141,Mirza Teletovic,1610612751,Brooklyn Nets,1,11,38,Made Shot,Running Dunk Shot,2PT Field Goal,Restricted Area,Center(C),Less Than 8 ft.,2.0,24.0,12.0,1,1,20131231,SAS,BKN
Shot Chart Detail,0021300465,103,203141,Mirza Teletovic,1610612751,Brooklyn Nets,1,1,59,Missed Shot,Jump Shot,3PT Field Goal,Above the Break 3,Center(C),24+ ft.,24.0,26.0,242.0,1,0,20131231,SAS,BKN
Shot Chart Detail,0021300465,122,203141,Mirza Teletovic,1610612751,Brooklyn Nets,1,0,8,Missed Shot,Jump Shot,2PT Field Goal,Mid-Range,Right Side(R),8-16 ft.,15.0,99.0,119.0,1,0,20131231,SAS,BKN
Shot Chart Detail,0021300465,230,203141,Mirza Teletovic,1610612751,Brooklyn Nets,2,3,45,Missed Shot,Jump Shot,2PT Field Goal,Mid-Range,Left Side(L),8-16 ft.,10.0,-105.0,3.0,1,0,20131231,SAS,BKN
Shot Chart Detail,0021300465,429,203141,Mirza Teletovic,1610612751,Brooklyn Nets,4,7,57,Made Shot,Jump Shot,3PT Field Goal,Above the Break 3,Center(C),24+ ft.,24.0,-67.0,231.0,1,1,20131231,SAS,BKN
Shot Chart Detail,0021300465,439,203141,Mirza Teletovic,1610612751,Brooklyn Nets,4,6,41,Made Shot,Jump Shot,3PT Field Goal,Above the Break 3,Right Side Center(RC),24+ ft.,25.0,173.0,192.0,1,1,20131231,SAS,BKN
Shot Chart Detail,0021300465,457,203141,Mirza Teletovic,1610612751,Brooklyn Nets,4,5,10,Missed Shot,Pullup Jump shot,2PT Field Goal,In The Paint (Non-RA),Center(C),8-16 ft.,13.0,-4.0,134.0,1,0,20131231,SAS,BKN
Shot Chart Detail,0021300465,466,203141,Mirza Teletovic,1610612751,Brooklyn Nets,4,3,43,Missed Shot,Jump Shot,2PT Field Goal,In The Paint (Non-RA),Center(C),Less Than 8 ft.,4.0,45.0,3.0,1,0,20131231,SAS,BKN
Shot Chart Detail,0021300465,489,203141,Mirza Teletovic,1610612751,Brooklyn Nets,4,1,16,Made Shot,Jump Shot,2PT Field Goal,Mid-Range,Right Side(R),16-24 ft.,16.0,166.0,9.0,1,1,20131231,SAS,BKN
Shot Chart Detail,0021300476,174,203141,Mirza Teletovic,1610612751,Brooklyn Nets,2,8,28,Made Shot,Jump Shot,3PT Field Goal,Above the Break 3,Left Side Center(LC),24+ ft.,24.0,-179.0,162.0,1,1,20140102,OKC,BKN
Shot Chart Detail,0021300476,183,203141,Mirza Teletovic,1610612751,Brooklyn Nets,2,8,5,Missed Shot,Jump Shot,3PT Field Goal,Above the Break 3,Center(C),24+ ft.,24.0,50.0,236.0,1,0,20140102,OKC,BKN
Shot Chart Detail,0021300491,169,203141,Mirza Teletovic,1610612751,Brooklyn Nets,2,6,18,Made Shot,Jump Shot,3PT Field Goal,Above the Break 3,Left Side Center(LC),24+ ft.,24.0,-213.0,127.0,1,1,20140104,BKN,CLE
Shot Chart Detail,0021300491,171,203141,Mirza Teletovic,1610612751,Brooklyn Nets,2,5,43,Missed Shot,Jump Shot,3PT Field Goal,Above the Break 3,Left Side Center(LC),24+ ft.,25.0,-215.0,137.0,1,0,20140104,BKN,CLE
Shot Chart Detail,0021300491,331,203141,Mirza Teletovic,1610612751,Brooklyn Nets,3,0,14,Made Shot,Jump Shot,3PT Field Goal,Above the Break 3,Left Side Center(LC),24+ ft.,24.0,-147.0,195.0,1,1,20140104,BKN,CLE
Shot Chart Detail,0021300491,355,203141,Mirza Teletovic,1610612751,Brooklyn Nets,4,9,13,Missed Shot,Jump Shot,3PT Field Goal,Above the Break 3,Left Side Center(LC),24+ ft.,25.0,-111.0,227.0,1,0,20140104,BKN,CLE
Shot Chart Detail,0021300491,359,203141,Mirza Teletovic,1610612751,Brooklyn Nets,4,8,47,Missed Shot,Jump Shot,3PT Field Goal,Above the Break 3,Left Side Center(LC),24+ ft.,25.0,-179.0,175.0,1,0,20140104,BKN,CLE
Shot Chart Detail,0021300491,366,203141,Mirza Teletovic,1610612751,Brooklyn Nets,4,8,24,Made Shot,Jump Shot,3PT Field Goal,Above the Break 3,Left Side Center(LC),24+ ft.,25.0,-136.0,211.0,1,1,20140104,BKN,CLE
Shot Chart Detail,0021300506,93,203141,Mirza Teletovic,1610612751,Brooklyn Nets,1,2,36,Missed Shot,Jump Shot,3PT Field Goal,Left Corner 3,Left Side(L),24+ ft.,23.0,-231.0,48.0,1,0,20140106,BKN,ATL
Shot Chart Detail,0021300506,102,203141,Mirza Teletovic,1610612751,Brooklyn Nets,1,1,27,Missed Shot,Jump Shot,3PT Field Goal,Above the Break 3,Center(C),24+ ft.,24.0,0.0,247.0,1,0,20140106,BKN,ATL
Shot Chart Detail,0021300506,131,203141,Mirza Teletovic,1610612751,Brooklyn Nets,2,11,45,Made Shot,Jump Shot,2PT Field Goal,Mid-Range,Right Side Center(RC),16-24 ft.,22.0,122.0,186.0,1,1,20140106,BKN,ATL
Shot Chart Detail,0021300506,135,203141,Mirza Teletovic,1610612751,Brooklyn Nets,2,10,59,Made Shot,Jump Shot,2PT Field Goal,Mid-Range,Left Side(L),16-24 ft.,19.0,-187.0,47.0,1,1,20140106,BKN,ATL
Shot Chart Detail,0021300506,372,203141,Mirza Teletovic,1610612751,Brooklyn Nets,3,3,4,Made Shot,Jump Shot,3PT Field Goal,Right Corner 3,Right Side(R),24+ ft.,23.0,228.0,39.0,1,1,20140106,BKN,ATL
Shot Chart Detail,0021300506,379,203141,Mirza Teletovic,1610612751,Brooklyn Nets,3,1,59,Made Shot,Jump Shot,3PT Field Goal,Above the Break 3,Center(C),24+ ft.,24.0,-15.0,246.0,1,1,20140106,BKN,ATL
Shot Chart Detail,0021300506,382,203141,Mirza Teletovic,1610612751,Brooklyn Nets,3,1,15,Missed Shot,Jump Shot,3PT Field Goal,Above the Break 3,Right Side Center(RC),24+ ft.,25.0,220.0,119.0,1,0,20140106,BKN,ATL
Shot Chart Detail,0021300506,385,203141,Mirza Teletovic,1610612751,Brooklyn Nets,3,0,43,Made Shot,Jump Shot,3PT Field Goal,Above the Break 3,Right Side Center(RC),24+ ft.,25.0,198.0,159.0,1,1,20140106,BKN,ATL
Shot Chart Detail,0021300506,408,203141,Mirza Teletovic,1610612751,Brooklyn Nets,4,9,59,Missed Shot,Jump Shot,2PT Field Goal,Mid-Range,Right Side Center(RC),16-24 ft.,18.0,81.0,164.0,1,0,20140106,BKN,ATL
Shot Chart Detail,0021300506,433,203141,Mirza Teletovic,1610612751,Brooklyn Nets,4,7,51,Missed Shot,Jump Shot,3PT Field Goal,Above the Break 3,Center(C),24+ ft.,26.0,0.0,268.0,1,0,20140106,BKN,ATL
Shot Chart Detail,0021300506,460,203141,Mirza Teletovic,1610612751,Brooklyn Nets,4,5,5,Missed Shot,Jump Shot,3PT Field Goal,Above the Break 3,Right Side Center(RC),24+ ft.,25.0,170.0,184.0,1,0,20140106,BKN,ATL
Shot Chart Detail,0021300506,496,203141,Mirza Teletovic,1610612751,Brooklyn Nets,4,0,44,Made Shot,Jump Shot,3PT Field Goal,Left Corner 3,Left Side(L),24+ ft.,23.0,-237.0,15.0,1,1,20140106,BKN,ATL
Shot Chart Detail,0021300523,94,203141,Mirza Teletovic,1610612751,Brooklyn Nets,1,0,27,Made Shot,Jump Shot,3PT Field Goal,Above the Break 3,Left Side Center(LC),24+ ft.,25.0,-198.0,165.0,1,1,20140108,BKN,GSW
Shot Chart Detail,0021300523,119,203141,Mirza Teletovic,1610612751,Brooklyn Nets,2,9,50,Missed Shot,Jump Shot,3PT Field Goal,Above the Break 3,Left Side Center(LC),24+ ft.,27.0,-100.0,255.0,1,0,20140108,BKN,GSW
Shot Chart Detail,0021300523,230,203141,Mirza Teletovic,1610612751,Brooklyn Nets,2,0,0,Made Shot,Jump Bank Shot,3PT Field Goal,Above the Break 3,Left Side Center(LC),24+ ft.,29.0,-166.0,246.0,1,1,20140108,BKN,GSW
Shot Chart Detail,0021300523,298,203141,Mirza Teletovic,1610612751,Brooklyn Nets,3,5,8,Missed Shot,Jump Shot,3PT Field Goal,Above the Break 3,Right Side Center(RC),24+ ft.,25.0,222.0,121.0,1,0,20140108,BKN,GSW
Shot Chart Detail,0021300523,461,203141,Mirza Teletovic,1610612751,Brooklyn Nets,4,3,3,Missed Shot,Jump Shot,3PT Field Goal,Above the Break 3,Center(C),24+ ft.,24.0,-64.0,239.0,1,0,20140108,BKN,GSW
Shot Chart Detail,0021300537,79,203141,Mirza Teletovic,1610612751,Brooklyn Nets,1,2,29,Made Shot,Jump Shot,3PT Field Goal,Above the Break 3,Left Side Center(LC),24+ ft.,25.0,-158.0,201.0,1,1,20140110,BKN,MIA
Shot Chart Detail,0021300537,99,203141,Mirza Teletovic,1610612751,Brooklyn Nets,2,11,35,Missed Shot,Jump Shot,3PT Field Goal,Left Corner 3,Left Side(L),24+ ft.,23.0,-235.0,-10.0,1,0,20140110,BKN,MIA
Shot Chart Detail,0021300537,122,203141,Mirza Teletovic,1610612751,Brooklyn Nets,2,8,48,Missed Shot,Jump Shot,3PT Field Goal,Right Corner 3,Right Side(R),24+ ft.,24.0,242.0,-14.0,1,0,20140110,BKN,MIA
Shot Chart Detail,0021300537,346,203141,Mirza Teletovic,1610612751,Brooklyn Nets,4,11,26,Missed Shot,Jump Shot,3PT Field Goal,Above the Break 3,Left Side Center(LC),24+ ft.,25.0,-190.0,165.0,1,0,20140110,BKN,MIA
Shot Chart Detail,0021300543,90,203141,Mirza Teletovic,1610612751,Brooklyn Nets,1,3,7,Missed Shot,Jump Shot,3PT Field Goal,Above the Break 3,Left Side Center(LC),24+ ft.,25.0,-194.0,165.0,1,0,20140111,TOR,BKN
Shot Chart Detail,0021300543,213,203141,Mirza Teletovic,1610612751,Brooklyn Nets,2,3,27,Missed Shot,Jump Shot,2PT Field Goal,Mid-Range,Left Side(L),16-24 ft.,17.0,-155.0,71.0,1,0,20140111,TOR,BKN
Shot Chart Detail,0021300543,221,203141,Mirza Teletovic,1610612751,Brooklyn Nets,2,2,29,Missed Shot,Jump Shot,3PT Field Goal,Left Corner 3,Left Side(L),24+ ft.,22.0,-228.0,-2.0,1,0,20140111,TOR,BKN
Shot Chart Detail,0021300543,236,203141,Mirza Teletovic,1610612751,Brooklyn Nets,2,1,42,Made Shot,Jump Shot,3PT Field Goal,Right Corner 3,Right Side(R),24+ ft.,23.0,230.0,4.0,1,1,20140111,TOR,BKN
Shot Chart Detail,0021300543,241,203141,Mirza Teletovic,1610612751,Brooklyn Nets,2,1,5,Made Shot,Jump Shot,3PT Field Goal,Left Corner 3,Left Side(L),24+ ft.,23.0,-231.0,4.0,1,1,20140111,TOR,BKN
Shot Chart Detail,0021300543,351,203141,Mirza Teletovic,1610612751,Brooklyn Nets,3,3,11,Made Shot,Pullup Jump shot,2PT Field Goal,Mid-Range,Right Side(R),8-16 ft.,14.0,149.0,-10.0,1,1,20140111,TOR,BKN
Shot Chart Detail,0021300543,365,203141,Mirza Teletovic,1610612751,Brooklyn Nets,3,2,18,Missed Shot,Jump Shot,3PT Field Goal,Above the Break 3,Right Side Center(RC),24+ ft.,24.0,127.0,214.0,1,0,20140111,TOR,BKN
Shot Chart Detail,0021300543,382,203141,Mirza Teletovic,1610612751,Brooklyn Nets,3,0,51,Missed Shot,Jump Shot,3PT Field Goal,Above the Break 3,Left Side Center(LC),24+ ft.,27.0,-117.0,247.0,1,0,20140111,TOR,BKN
Shot Chart Detail,0021300543,410,203141,Mirza Teletovic,1610612751,Brooklyn Nets,4,9,43,Missed Shot,Jump Shot,3PT Field Goal,Left Corner 3,Left Side(L),24+ ft.,23.0,-237.0,30.0,1,0,20140111,TOR,BKN
Shot Chart Detail,0021300543,512,203141,Mirza Teletovic,1610612751,Brooklyn Nets,4,1,32,Missed Shot,Jump Shot,3PT Field Goal,Above the Break 3,Right Side Center(RC),24+ ft.,24.0,192.0,160.0,1,0,20140111,TOR,BKN
Shot Chart Detail,0021300579,155,203141,Mirza Teletovic,1610612751,Brooklyn Nets,2,9,29,Missed Shot,Jump Shot,2PT Field Goal,Restricted Area,Center(C),Less Than 8 ft.,3.0,4.0,37.0,1,0,20140116,ATL,BKN
Shot Chart Detail,0021300579,387,203141,Mirza Teletovic,1610612751,Brooklyn Nets,3,0,44,Made Shot,Jump Shot,3PT Field Goal,Right Corner 3,Right Side(R),24+ ft.,23.0,230.0,52.0,1,1,20140116,ATL,BKN
Shot Chart Detail,0021300579,407,203141,Mirza Teletovic,1610612751,Brooklyn Nets,4,10,52,Made Shot,Jump Shot,3PT Field Goal,Above the Break 3,Right Side Center(RC),24+ ft.,25.0,195.0,157.0,1,1,20140116,ATL,BKN
Shot Chart Detail,0021300579,419,203141,Mirza Teletovic,1610612751,Brooklyn Nets,4,9,39,Made Shot,Jump Shot,3PT Field Goal,Above the Break 3,Left Side Center(LC),24+ ft.,24.0,-174.0,173.0,1,1,20140116,ATL,BKN
Shot Chart Detail,0021300610,109,203141,Mirza Teletovic,1610612751,Brooklyn Nets,2,10,54,Missed Shot,Jump Shot,3PT Field Goal,Right Corner 3,Right Side(R),24+ ft.,23.0,234.0,-27.0,1,0,20140120,NYK,BKN
Shot Chart Detail,0021300610,145,203141,Mirza Teletovic,1610612751,Brooklyn Nets,2,7,57,Made Shot,Jump Shot,2PT Field Goal,Mid-Range,Right Side Center(RC),16-24 ft.,17.0,65.0,167.0,1,1,20140120,NYK,BKN
Shot Chart Detail,0021300610,362,203141,Mirza Teletovic,1610612751,Brooklyn Nets,3,0,30,Missed Shot,Jump Shot,3PT Field Goal,Above the Break 3,Center(C),24+ ft.,24.0,72.0,238.0,1,0,20140120,NYK,BKN
Shot Chart Detail,0021300610,383,203141,Mirza Teletovic,1610612751,Brooklyn Nets,4,10,15,Made Shot,Jump Shot,3PT Field Goal,Above the Break 3,Right Side Center(RC),24+ ft.,25.0,136.0,217.0,1,1,20140120,NYK,BKN
Shot Chart Detail,0021300610,409,203141,Mirza Teletovic,1610612751,Brooklyn Nets,4,8,27,Made Shot,Jump Shot,3PT Field Goal,Above the Break 3,Right Side Center(RC),24+ ft.,25.0,206.0,142.0,1,1,20140120,NYK,BKN
Shot Chart Detail,0021300610,460,203141,Mirza Teletovic,1610612751,Brooklyn Nets,4,3,9,Missed Shot,Jump Shot,3PT Field Goal,Above the Break 3,Left Side Center(LC),24+ ft.,24.0,-212.0,127.0,1,0,20140120,NYK,BKN
Shot Chart Detail,0021300616,141,203141,Mirza Teletovic,1610612751,Brooklyn Nets,2,8,20,Made Shot,Layup Shot,2PT Field Goal,Restricted Area,Center(C),Less Than 8 ft.,1.0,17.0,3.0,1,1,20140121,BKN,ORL
Shot Chart Detail,0021300616,147,203141,Mirza Teletovic,1610612751,Brooklyn Nets,2,7,27,Made Shot,Jump Shot,3PT Field Goal,Above the Break 3,Center(C),24+ ft.,24.0,-16.0,247.0,1,1,20140121,BKN,ORL
Shot Chart Detail,0021300616,168,203141,Mirza Teletovic,1610612751,Brooklyn Nets,2,5,29,Missed Shot,Jump Shot,3PT Field Goal,Above the Break 3,Center(C),24+ ft.,25.0,37.0,250.0,1,0,20140121,BKN,ORL
Shot Chart Detail,0021300616,359,203141,Mirza Teletovic,1610612751,Brooklyn Nets,4,8,56,Made Shot,Jump Shot,3PT Field Goal,Above the Break 3,Right Side Center(RC),24+ ft.,26.0,207.0,164.0,1,1,20140121,BKN,ORL
Shot Chart Detail,0021300616,361,203141,Mirza Teletovic,1610612751,Brooklyn Nets,4,8,22,Missed Shot,Jump Shot,3PT Field Goal,Above the Break 3,Right Side Center(RC),24+ ft.,25.0,173.0,184.0,1,0,20140121,BKN,ORL
Shot Chart Detail,0021300616,372,203141,Mirza Teletovic,1610612751,Brooklyn Nets,4,6,37,Made Shot,Jump Shot,3PT Field Goal,Above the Break 3,Left Side Center(LC),24+ ft.,26.0,-117.0,242.0,1,1,20140121,BKN,ORL
Shot Chart Detail,0021300616,375,203141,Mirza Teletovic,1610612751,Brooklyn Nets,4,6,0,Missed Shot,Alley Oop Dunk Shot,2PT Field Goal,Restricted Area,Center(C),Less Than 8 ft.,2.0,12.0,25.0,1,0,20140121,BKN,ORL
Shot Chart Detail,0021300616,379,203141,Mirza Teletovic,1610612751,Brooklyn Nets,4,5,44,Missed Shot,Jump Shot,3PT Field Goal,Above the Break 3,Right Side Center(RC),24+ ft.,26.0,152.0,217.0,1,0,20140121,BKN,ORL
Shot Chart Detail,0021300616,397,203141,Mirza Teletovic,1610612751,Brooklyn Nets,4,4,39,Made Shot,Jump Shot,3PT Field Goal,Above the Break 3,Left Side Center(LC),24+ ft.,25.0,-169.0,190.0,1,1,20140121,BKN,ORL
Shot Chart Detail,0021300616,399,203141,Mirza Teletovic,1610612751,Brooklyn Nets,4,4,2,Missed Shot,Jump Shot,3PT Field Goal,Above the Break 3,Left Side Center(LC),24+ ft.,25.0,-204.0,159.0,1,0,20140121,BKN,ORL
Shot Chart Detail,0021300637,109,203141,Mirza Teletovic,1610612751,Brooklyn Nets,2,11,43,Made Shot,Jump Shot,3PT Field Goal,Above the Break 3,Left Side Center(LC),24+ ft.,24.0,-191.0,154.0,1,1,20140124,BKN,DAL
Shot Chart Detail,0021300637,123,203141,Mirza Teletovic,1610612751,Brooklyn Nets,2,9,15,Made Shot,Jump Shot,3PT Field Goal,Above the Break 3,Left Side Center(LC),24+ ft.,25.0,-215.0,129.0,1,1,20140124,BKN,DAL
Shot Chart Detail,0021300637,128,203141,Mirza Teletovic,1610612751,Brooklyn Nets,2,8,48,Made Shot,Jump Shot,3PT Field Goal,Above the Break 3,Center(C),24+ ft.,25.0,0.0,250.0,1,1,20140124,BKN,DAL
Shot Chart Detail,0021300637,137,203141,Mirza Teletovic,1610612751,Brooklyn Nets,2,8,19,Made Shot,Layup Shot,2PT Field Goal,Restricted Area,Center(C),Less Than 8 ft.,1.0,18.0,7.0,1,1,20140124,BKN,DAL
Shot Chart Detail,0021300637,146,203141,Mirza Teletovic,1610612751,Brooklyn Nets,2,6,53,Made Shot,Jump Shot,3PT Field Goal,Above the Break 3,Left Side Center(LC),24+ ft.,25.0,-161.0,203.0,1,1,20140124,BKN,DAL
Shot Chart Detail,0021300637,153,203141,Mirza Teletovic,1610612751,Brooklyn Nets,2,6,34,Made Shot,Driving Layup Shot,2PT Field Goal,Restricted Area,Center(C),Less Than 8 ft.,1.0,2.0,15.0,1,1,20140124,BKN,DAL
Shot Chart Detail,0021300637,155,203141,Mirza Teletovic,1610612751,Brooklyn Nets,2,5,51,Made Shot,Jump Shot,3PT Field Goal,Above the Break 3,Center(C),24+ ft.,25.0,-11.0,258.0,1,1,20140124,BKN,DAL
Shot Chart Detail,0021300637,166,203141,Mirza Teletovic,1610612751,Brooklyn Nets,2,4,38,Missed Shot,Jump Shot,2PT Field Goal,Mid-Range,Left Side(L),8-16 ft.,15.0,-153.0,23.0,1,0,20140124,BKN,DAL
Shot Chart Detail,0021300637,186,203141,Mirza Teletovic,1610612751,Brooklyn Nets,2,2,48,Made Shot,Jump Shot,3PT Field Goal,Left Corner 3,Left Side(L),24+ ft.,23.0,-231.0,55.0,1,1,20140124,BKN,DAL
Shot Chart Detail,0021300637,204,203141,Mirza Teletovic,1610612751,Brooklyn Nets,2,0,53,Made Shot,Jump Shot,2PT Field Goal,Mid-Range,Center(C),16-24 ft.,22.0,-16.0,224.0,1,1,20140124,BKN,DAL
Shot Chart Detail,0021300637,210,203141,Mirza Teletovic,1610612751,Brooklyn Nets,2,0,1,Missed Shot,Jump Shot,3PT Field Goal,Above the Break 3,Left Side Center(LC),24+ ft.,36.0,-193.0,315.0,1,0,20140124,BKN,DAL
Shot Chart Detail,0021300637,309,203141,Mirza Teletovic,1610612751,Brooklyn Nets,3,1,54,Missed Shot,Jump Shot,3PT Field Goal,Above the Break 3,Left Side Center(LC),24+ ft.,24.0,-174.0,175.0,1,0,20140124,BKN,DAL
Shot Chart Detail,0021300637,408,203141,Mirza Teletovic,1610612751,Brooklyn Nets,4,7,18,Made Shot,Turnaround Fadeaway shot,2PT Field Goal,Mid-Range,Left Side(L),8-16 ft.,15.0,-152.0,1.0,1,1,20140124,BKN,DAL
Shot Chart Detail,0021300637,445,203141,Mirza Teletovic,1610612751,Brooklyn Nets,4,5,2,Missed Shot,Tip Shot,2PT Field Goal,Restricted Area,Center(C),Less Than 8 ft.,2.0,-27.0,3.0,1,0,20140124,BKN,DAL
Shot Chart Detail,0021300637,454,203141,Mirza Teletovic,1610612751,Brooklyn Nets,4,4,35,Made Shot,Jump Shot,3PT Field Goal,Above the Break 3,Right Side Center(RC),24+ ft.,25.0,187.0,172.0,1,1,20140124,BKN,DAL
Shot Chart Detail,0021300637,465,203141,Mirza Teletovic,1610612751,Brooklyn Nets,4,3,28,Missed Shot,Jump Shot,3PT Field Goal,Above the Break 3,Left Side Center(LC),24+ ft.,24.0,-120.0,219.0,1,0,20140124,BKN,DAL
Shot Chart Detail,0021300637,479,203141,Mirza Teletovic,1610612751,Brooklyn Nets,4,2,14,Missed Shot,Jump Shot,3PT Field Goal,Above the Break 3,Left Side Center(LC),24+ ft.,24.0,-175.0,168.0,1,0,20140124,BKN,DAL
Shot Chart Detail,0021300637,490,203141,Mirza Teletovic,1610612751,Brooklyn Nets,4,1,13,Made Shot,Running Bank shot,2PT Field Goal,Mid-Range,Left Side(L),8-16 ft.,14.0,-138.0,47.0,1,1,20140124,BKN,DAL
Shot Chart Detail,0021300658,105,203141,Mirza Teletovic,1610612751,Brooklyn Nets,1,0,1,Missed Shot,Jump Shot,3PT Field Goal,Above the Break 3,Left Side Center(LC),24+ ft.,24.0,-79.0,231.0,1,0,20140126,BOS,BKN
Shot Chart Detail,0021300658,132,203141,Mirza Teletovic,1610612751,Brooklyn Nets,2,10,33,Made Shot,Driving Jump shot,2PT Field Goal,Restricted Area,Center(C),Less Than 8 ft.,3.0,31.0,6.0,1,1,20140126,BOS,BKN
Shot Chart Detail,0021300658,166,203141,Mirza Teletovic,1610612751,Brooklyn Nets,2,7,11,Missed Shot,Jump Shot,3PT Field Goal,Above the Break 3,Center(C),24+ ft.,25.0,-15.0,252.0,1,0,20140126,BOS,BKN
Shot Chart Detail,0021300658,168,203141,Mirza Teletovic,1610612751,Brooklyn Nets,2,7,3,Made Shot,Jump Shot,3PT Field Goal,Above the Break 3,Left Side Center(LC),24+ ft.,24.0,-138.0,203.0,1,1,20140126,BOS,BKN
Shot Chart Detail,0021300658,182,203141,Mirza Teletovic,1610612751,Brooklyn Nets,2,5,36,Missed Shot,Jump Shot,3PT Field Goal,Left Corner 3,Left Side(L),24+ ft.,22.0,-224.0,12.0,1,0,20140126,BOS,BKN
Shot Chart Detail,0021300658,194,203141,Mirza Teletovic,1610612751,Brooklyn Nets,2,4,57,Missed Shot,Jump Shot,3PT Field Goal,Above the Break 3,Left Side Center(LC),24+ ft.,24.0,-78.0,236.0,1,0,20140126,BOS,BKN
Shot Chart Detail,0021300658,347,203141,Mirza Teletovic,1610612751,Brooklyn Nets,3,1,38,Missed Shot,Fadeaway Jump Shot,2PT Field Goal,Mid-Range,Left Side(L),16-24 ft.,20.0,-199.0,26.0,1,0,20140126,BOS,BKN
Shot Chart Detail,0021300658,376,203141,Mirza Teletovic,1610612751,Brooklyn Nets,4,11,44,Made Shot,Jump Shot,2PT Field Goal,Mid-Range,Right Side(R),8-16 ft.,13.0,132.0,11.0,1,1,20140126,BOS,BKN
Shot Chart Detail,0021300658,382,203141,Mirza Teletovic,1610612751,Brooklyn Nets,4,10,21,Made Shot,Layup Shot,2PT Field Goal,Restricted Area,Center(C),Less Than 8 ft.,1.0,18.0,0.0,1,1,20140126,BOS,BKN
Shot Chart Detail,0021300658,408,203141,Mirza Teletovic,1610612751,Brooklyn Nets,4,8,3,Missed Shot,Jump Shot,2PT Field Goal,Mid-Range,Left Side(L),8-16 ft.,15.0,-158.0,12.0,1,0,20140126,BOS,BKN
Shot Chart Detail,0021300658,415,203141,Mirza Teletovic,1610612751,Brooklyn Nets,4,6,12,Missed Shot,Jump Shot,3PT Field Goal,Above the Break 3,Right Side Center(RC),24+ ft.,24.0,113.0,216.0,1,0,20140126,BOS,BKN
Shot Chart Detail,0021300663,121,203141,Mirza Teletovic,1610612751,Brooklyn Nets,2,10,5,Missed Shot,Jump Shot,3PT Field Goal,Above the Break 3,Left Side Center(LC),24+ ft.,24.0,-196.0,140.0,1,0,20140127,BKN,TOR
Shot Chart Detail,0021300663,137,203141,Mirza Teletovic,1610612751,Brooklyn Nets,2,8,28,Missed Shot,Pullup Jump shot,2PT Field Goal,Mid-Range,Right Side(R),8-16 ft.,15.0,121.0,91.0,1,0,20140127,BKN,TOR
Shot Chart Detail,0021300663,151,203141,Mirza Teletovic,1610612751,Brooklyn Nets,2,6,15,Made Shot,Jump Shot,2PT Field Goal,Mid-Range,Right Side(R),16-24 ft.,19.0,174.0,83.0,1,1,20140127,BKN,TOR
Shot Chart Detail,0021300663,154,203141,Mirza Teletovic,1610612751,Brooklyn Nets,2,5,46,Made Shot,Jump Shot,3PT Field Goal,Above the Break 3,Center(C),24+ ft.,24.0,36.0,246.0,1,1,20140127,BKN,TOR
Shot Chart Detail,0021300663,163,203141,Mirza Teletovic,1610612751,Brooklyn Nets,2,4,59,Missed Shot,Jump Shot,3PT Field Goal,Above the Break 3,Left Side Center(LC),24+ ft.,25.0,-130.0,217.0,1,0,20140127,BKN,TOR
Shot Chart Detail,0021300663,361,203141,Mirza Teletovic,1610612751,Brooklyn Nets,3,1,8,Missed Shot,Jump Shot,3PT Field Goal,Right Corner 3,Right Side(R),24+ ft.,23.0,233.0,39.0,1,0,20140127,BKN,TOR
Shot Chart Detail,0021300692,110,203141,Mirza Teletovic,1610612751,Brooklyn Nets,2,10,28,Missed Shot,Jump Shot,3PT Field Goal,Above the Break 3,Right Side Center(RC),24+ ft.,25.0,184.0,173.0,1,0,20140131,BKN,OKC
Shot Chart Detail,0021300692,138,203141,Mirza Teletovic,1610612751,Brooklyn Nets,2,7,38,Missed Shot,Jump Shot,3PT Field Goal,Above the Break 3,Center(C),24+ ft.,26.0,-21.0,261.0,1,0,20140131,BKN,OKC
Shot Chart Detail,0021300692,145,203141,Mirza Teletovic,1610612751,Brooklyn Nets,2,7,10,Missed Shot,Jump Shot,3PT Field Goal,Above the Break 3,Center(C),24+ ft.,26.0,-11.0,261.0,1,0,20140131,BKN,OKC
Shot Chart Detail,0021300692,366,203141,Mirza Teletovic,1610612751,Brooklyn Nets,4,10,12,Missed Shot,Driving Layup Shot,2PT Field Goal,Restricted Area,Center(C),Less Than 8 ft.,2.0,15.0,14.0,1,0,20140131,BKN,OKC
Shot Chart Detail,0021300692,412,203141,Mirza Teletovic,1610612751,Brooklyn Nets,4,4,8,Made Shot,Jump Shot,3PT Field Goal,Above the Break 3,Right Side Center(RC),24+ ft.,25.0,118.0,228.0,1,1,20140131,BKN,OKC
Shot Chart Detail,0021300692,434,203141,Mirza Teletovic,1610612751,Brooklyn Nets,4,0,34,Missed Shot,Jump Shot,3PT Field Goal,Above the Break 3,Center(C),24+ ft.,26.0,70.0,257.0,1,0,20140131,BKN,OKC
Shot Chart Detail,0021300697,372,203141,Mirza Teletovic,1610612751,Brooklyn Nets,4,11,30,Missed Shot,Jump Shot,3PT Field Goal,Above the Break 3,Center(C),24+ ft.,25.0,10.0,255.0,1,0,20140201,IND,BKN
Shot Chart Detail,0021300697,423,203141,Mirza Teletovic,1610612751,Brooklyn Nets,4,7,6,Made Shot,Running Jump Shot,2PT Field Goal,In The Paint (Non-RA),Center(C),8-16 ft.,8.0,2.0,85.0,1,1,20140201,IND,BKN
Shot Chart Detail,0021300712,98,203141,Mirza Teletovic,1610612751,Brooklyn Nets,1,2,26,Missed Shot,Jump Shot,3PT Field Goal,Above the Break 3,Left Side Center(LC),24+ ft.,25.0,-174.0,187.0,1,0,20140203,BKN,PHI
Shot Chart Detail,0021300712,196,203141,Mirza Teletovic,1610612751,Brooklyn Nets,2,8,12,Made Shot,Jump Shot,3PT Field Goal,Left Corner 3,Left Side(L),24+ ft.,24.0,-245.0,4.0,1,1,20140203,BKN,PHI
Shot Chart Detail,0021300712,200,203141,Mirza Teletovic,1610612751,Brooklyn Nets,2,7,16,Missed Shot,Jump Shot,3PT Field Goal,Above the Break 3,Left Side Center(LC),24+ ft.,25.0,-177.0,178.0,1,0,20140203,BKN,PHI
Shot Chart Detail,0021300712,288,203141,Mirza Teletovic,1610612751,Brooklyn Nets,2,2,3,Made Shot,Jump Shot,3PT Field Goal,Above the Break 3,Right Side Center(RC),24+ ft.,25.0,83.0,246.0,1,1,20140203,BKN,PHI
Shot Chart Detail,0021300712,304,203141,Mirza Teletovic,1610612751,Brooklyn Nets,2,0,40,Made Shot,Layup Shot,2PT Field Goal,Restricted Area,Center(C),Less Than 8 ft.,3.0,32.0,6.0,1,1,20140203,BKN,PHI
Shot Chart Detail,0021300712,402,203141,Mirza Teletovic,1610612751,Brooklyn Nets,3,3,5,Missed Shot,Turnaround Jump Shot,2PT Field Goal,Mid-Range,Left Side(L),16-24 ft.,17.0,-147.0,94.0,1,0,20140203,BKN,PHI
Shot Chart Detail,0021300712,451,203141,Mirza Teletovic,1610612751,Brooklyn Nets,4,11,10,Made Shot,Jump Shot,3PT Field Goal,,,,,,,1,1,20140203,BKN,PHI
Shot Chart Detail,0021300712,456,203141,Mirza Teletovic,1610612751,Brooklyn Nets,4,10,17,Missed Shot,Jump Shot,3PT Field Goal,Above the Break 3,Right Side Center(RC),24+ ft.,26.0,163.0,211.0,1,0,20140203,BKN,PHI
Shot Chart Detail,0021300712,472,203141,Mirza Teletovic,1610612751,Brooklyn Nets,4,8,57,Made Shot,Jump Shot,3PT Field Goal,Above the Break 3,Right Side Center(RC),24+ ft.,25.0,182.0,176.0,1,1,20140203,BKN,PHI
Shot Chart Detail,0021300712,484,203141,Mirza Teletovic,1610612751,Brooklyn Nets,4,6,47,Made Shot,Jump Shot,3PT Field Goal,Above the Break 3,Center(C),24+ ft.,25.0,-52.0,254.0,1,1,20140203,BKN,PHI
Shot Chart Detail,0021300712,492,203141,Mirza Teletovic,1610612751,Brooklyn Nets,4,6,8,Missed Shot,Jump Shot,3PT Field Goal,Right Corner 3,Right Side(R),24+ ft.,22.0,223.0,3.0,1,0,20140203,BKN,PHI
Shot Chart Detail,0021300712,516,203141,Mirza Teletovic,1610612751,Brooklyn Nets,4,2,59,Made Shot,Layup Shot,2PT Field Goal,Restricted Area,Center(C),Less Than 8 ft.,2.0,-27.0,1.0,1,1,20140203,BKN,PHI
Shot Chart Detail,0021300737,100,203141,Mirza Teletovic,1610612751,Brooklyn Nets,1,1,17,Missed Shot,Layup Shot,2PT Field Goal,Restricted Area,Center(C),Less Than 8 ft.,1.0,-18.0,3.0,1,0,20140206,BKN,SAS
Shot Chart Detail,0021300737,102,203141,Mirza Teletovic,1610612751,Brooklyn Nets,1,1,13,Made Shot,Tip Shot,2PT Field Goal,Restricted Area,Center(C),Less Than 8 ft.,1.0,1.0,17.0,1,1,20140206,BKN,SAS
Shot Chart Detail,0021300737,114,203141,Mirza Teletovic,1610612751,Brooklyn Nets,2,11,35,Missed Shot,Running Jump Shot,2PT Field Goal,In The Paint (Non-RA),Center(C),Less Than 8 ft.,6.0,64.0,9.0,1,0,20140206,BKN,SAS
Shot Chart Detail,0021300737,116,203141,Mirza Teletovic,1610612751,Brooklyn Nets,2,11,33,Missed Shot,Tip Shot,2PT Field Goal,Restricted Area,Center(C),Less Than 8 ft.,1.0,15.0,4.0,1,0,20140206,BKN,SAS
Shot Chart Detail,0021300737,154,203141,Mirza Teletovic,1610612751,Brooklyn Nets,2,7,29,Missed Shot,Turnaround Bank shot,2PT Field Goal,Mid-Range,Right Side(R),8-16 ft.,13.0,133.0,31.0,1,0,20140206,BKN,SAS
Shot Chart Detail,0021300737,176,203141,Mirza Teletovic,1610612751,Brooklyn Nets,2,5,52,Missed Shot,Jump Shot,3PT Field Goal,Above the Break 3,Right Side Center(RC),24+ ft.,25.0,157.0,197.0,1,0,20140206,BKN,SAS
Shot Chart Detail,0021300737,396,203141,Mirza Teletovic,1610612751,Brooklyn Nets,4,9,13,Missed Shot,Driving Layup Shot,2PT Field Goal,Restricted Area,Center(C),Less Than 8 ft.,2.0,26.0,9.0,1,0,20140206,BKN,SAS
Shot Chart Detail,0021300737,450,203141,Mirza Teletovic,1610612751,Brooklyn Nets,4,4,35,Made Shot,Layup Shot,2PT Field Goal,Restricted Area,Center(C),Less Than 8 ft.,2.0,28.0,6.0,1,1,20140206,BKN,SAS
Shot Chart Detail,0021300737,466,203141,Mirza Teletovic,1610612751,Brooklyn Nets,4,3,13,Made Shot,Driving Layup Shot,2PT Field Goal,Restricted Area,Center(C),Less Than 8 ft.,1.0,17.0,4.0,1,1,20140206,BKN,SAS
Shot Chart Detail,0021300737,484,203141,Mirza Teletovic,1610612751,Brooklyn Nets,4,2,8,Made Shot,Slam Dunk Shot,2PT Field Goal,Restricted Area,Center(C),Less Than 8 ft.,1.0,-11.0,4.0,1,1,20140206,BKN,SAS
Shot Chart Detail,0021300744,109,203141,Mirza Teletovic,1610612751,Brooklyn Nets,1,2,0,Missed Shot,Jump Shot,3PT Field Goal,Above the Break 3,Left Side Center(LC),24+ ft.,26.0,-209.0,168.0,1,0,20140207,DET,BKN
Shot Chart Detail,0021300744,162,203141,Mirza Teletovic,1610612751,Brooklyn Nets,2,9,17,Missed Shot,Jump Shot,3PT Field Goal,Above the Break 3,Left Side Center(LC),24+ ft.,27.0,-152.0,224.0,1,0,20140207,DET,BKN
Shot Chart Detail,0021300744,166,203141,Mirza Teletovic,1610612751,Brooklyn Nets,2,8,31,Missed Shot,Jump Shot,3PT Field Goal,Above the Break 3,Left Side Center(LC),24+ ft.,25.0,-201.0,153.0,1,0,20140207,DET,BKN
Shot Chart Detail,0021300744,398,203141,Mirza Teletovic,1610612751,Brooklyn Nets,3,1,10,Missed Shot,Jump Shot,3PT Field Goal,Above the Break 3,Right Side Center(RC),24+ ft.,26.0,147.0,217.0,1,0,20140207,DET,BKN
Shot Chart Detail,0021300744,404,203141,Mirza Teletovic,1610612751,Brooklyn Nets,3,0,3,Missed Shot,Jump Shot,3PT Field Goal,Above the Break 3,Right Side Center(RC),24+ ft.,25.0,217.0,138.0,1,0,20140207,DET,BKN
Shot Chart Detail,0021300759,69,203141,Mirza Teletovic,1610612751,Brooklyn Nets,1,5,1,Made Shot,Floating Jump shot,2PT Field Goal,Mid-Range,Right Side(R),8-16 ft.,9.0,89.0,22.0,1,1,20140209,BKN,NOP
Shot Chart Detail,0021300759,71,203141,Mirza Teletovic,1610612751,Brooklyn Nets,1,4,31,Missed Shot,Jump Shot,3PT Field Goal,Above the Break 3,Right Side Center(RC),24+ ft.,26.0,192.0,178.0,1,0,20140209,BKN,NOP
Shot Chart Detail,0021300759,97,203141,Mirza Teletovic,1610612751,Brooklyn Nets,1,2,13,Made Shot,Jump Shot,3PT Field Goal,Above the Break 3,Right Side Center(RC),24+ ft.,25.0,147.0,211.0,1,1,20140209,BKN,NOP
Shot Chart Detail,0021300759,104,203141,Mirza Teletovic,1610612751,Brooklyn Nets,1,1,12,Missed Shot,Jump Shot,3PT Field Goal,Above the Break 3,Center(C),24+ ft.,26.0,-11.0,261.0,1,0,20140209,BKN,NOP
Shot Chart Detail,0021300759,149,203141,Mirza Teletovic,1610612751,Brooklyn Nets,2,8,1,Missed Shot,Hook Shot,2PT Field Goal,In The Paint (Non-RA),Left Side(L),8-16 ft.,8.0,-57.0,61.0,1,0,20140209,BKN,NOP
Shot Chart Detail,0021300759,181,203141,Mirza Teletovic,1610612751,Brooklyn Nets,2,5,34,Missed Shot,Jump Shot,3PT Field Goal,Right Corner 3,Right Side(R),24+ ft.,23.0,230.0,39.0,1,0,20140209,BKN,NOP
Shot Chart Detail,0021300759,228,203141,Mirza Teletovic,1610612751,Brooklyn Nets,2,2,32,Made Shot,Jump Shot,2PT Field Goal,Mid-Range,Right Side Center(RC),16-24 ft.,20.0,144.0,149.0,1,1,20140209,BKN,NOP
Shot Chart Detail,0021300759,252,203141,Mirza Teletovic,1610612751,Brooklyn Nets,2,0,25,Missed Shot,Jump Shot,3PT Field Goal,Above the Break 3,Right Side Center(RC),24+ ft.,26.0,165.0,203.0,1,0,20140209,BKN,NOP
Shot Chart Detail,0021300759,396,203141,Mirza Teletovic,1610612751,Brooklyn Nets,4,9,55,Missed Shot,Jump Shot,3PT Field Goal,Left Corner 3,Left Side(L),24+ ft.,24.0,-243.0,37.0,1,0,20140209,BKN,NOP
Shot Chart Detail,0021300759,479,203141,Mirza Teletovic,1610612751,Brooklyn Nets,4,3,53,Missed Shot,Jump Shot,3PT Field Goal,Above the Break 3,Right Side Center(RC),24+ ft.,24.0,95.0,231.0,1,0,20140209,BKN,NOP
Shot Chart Detail,0021300759,482,203141,Mirza Teletovic,1610612751,Brooklyn Nets,4,3,21,Made Shot,Running Jump Shot,2PT Field Goal,Mid-Range,Left Side(L),8-16 ft.,12.0,-116.0,36.0,1,1,20140209,BKN,NOP
Shot Chart Detail,0021300759,512,203141,Mirza Teletovic,1610612751,Brooklyn Nets,4,1,8,Missed Shot,Jump Shot,3PT Field Goal,Above the Break 3,Right Side Center(RC),24+ ft.,24.0,187.0,156.0,1,0,20140209,BKN,NOP
Shot Chart Detail,0021300781,106,203141,Mirza Teletovic,1610612751,Brooklyn Nets,1,1,14,Missed Shot,Jump Shot,3PT Field Goal,Above the Break 3,Right Side Center(RC),24+ ft.,24.0,80.0,228.0,1,0,20140212,BKN,CHA
Shot Chart Detail,0021300781,112,203141,Mirza Teletovic,1610612751,Brooklyn Nets,1,0,32,Made Shot,Layup Shot,2PT Field Goal,Restricted Area,Center(C),Less Than 8 ft.,3.0,32.0,11.0,1,1,20140212,BKN,CHA
Shot Chart Detail,0021300781,121,203141,Mirza Teletovic,1610612751,Brooklyn Nets,2,11,46,Made Shot,Jump Shot,3PT Field Goal,Above the Break 3,Center(C),24+ ft.,24.0,67.0,239.0,1,1,20140212,BKN,CHA
Shot Chart Detail,0021300781,131,203141,Mirza Teletovic,1610612751,Brooklyn Nets,2,10,12,Made Shot,Jump Shot,3PT Field Goal,Above the Break 3,Right Side Center(RC),24+ ft.,25.0,95.0,239.0,1,1,20140212,BKN,CHA
Shot Chart Detail,0021300781,135,203141,Mirza Teletovic,1610612751,Brooklyn Nets,2,9,39,Missed Shot,Jump Shot,3PT Field Goal,Above the Break 3,Right Side Center(RC),24+ ft.,25.0,157.0,195.0,1,0,20140212,BKN,CHA
Shot Chart Detail,0021300781,166,203141,Mirza Teletovic,1610612751,Brooklyn Nets,2,6,27,Missed Shot,Floating Jump shot,2PT Field Goal,In The Paint (Non-RA),Center(C),Less Than 8 ft.,7.0,-78.0,6.0,1,0,20140212,BKN,CHA
Shot Chart Detail,0021300781,169,203141,Mirza Teletovic,1610612751,Brooklyn Nets,2,5,55,Missed Shot,Jump Shot,3PT Field Goal,Above the Break 3,Left Side Center(LC),24+ ft.,24.0,-204.0,135.0,1,0,20140212,BKN,CHA
Shot Chart Detail,0021300781,357,203141,Mirza Teletovic,1610612751,Brooklyn Nets,4,9,7,Made Shot,Layup Shot,2PT Field Goal,Restricted Area,Center(C),Less Than 8 ft.,1.0,18.0,6.0,1,1,20140212,BKN,CHA
Shot Chart Detail,0021300781,392,203141,Mirza Teletovic,1610612751,Brooklyn Nets,4,4,45,Missed Shot,Jump Shot,3PT Field Goal,Above the Break 3,Center(C),24+ ft.,25.0,-45.0,247.0,1,0,20140212,BKN,CHA
Shot Chart Detail,0021300781,406,203141,Mirza Teletovic,1610612751,Brooklyn Nets,4,3,22,Made Shot,Jump Shot,3PT Field Goal,Above the Break 3,Right Side Center(RC),24+ ft.,25.0,110.0,233.0,1,1,20140212,BKN,CHA
Shot Chart Detail,0021300781,408,203141,Mirza Teletovic,1610612751,Brooklyn Nets,4,2,47,Missed Shot,Jump Shot,3PT Field Goal,Left Corner 3,Left Side(L),24+ ft.,23.0,-239.0,0.0,1,0,20140212,BKN,CHA
Shot Chart Detail,0021300808,99,203141,Mirza Teletovic,1610612751,Brooklyn Nets,1,0,2,Missed Shot,Jump Shot,3PT Field Goal,Above the Break 3,Right Side Center(RC),24+ ft.,24.0,106.0,217.0,1,0,20140219,UTA,BKN
Shot Chart Detail,0021300808,114,203141,Mirza Teletovic,1610612751,Brooklyn Nets,2,11,29,Missed Shot,Jump Shot,3PT Field Goal,Above the Break 3,Left Side Center(LC),24+ ft.,24.0,-103.0,219.0,1,0,20140219,UTA,BKN
Shot Chart Detail,0021300808,126,203141,Mirza Teletovic,1610612751,Brooklyn Nets,2,10,15,Made Shot,Jump Shot,2PT Field Goal,Mid-Range,Left Side(L),8-16 ft.,14.0,-138.0,53.0,1,1,20140219,UTA,BKN
Shot Chart Detail,0021300808,351,203141,Mirza Teletovic,1610612751,Brooklyn Nets,4,10,9,Missed Shot,Jump Shot,3PT Field Goal,Above the Break 3,Right Side Center(RC),24+ ft.,24.0,111.0,217.0,1,0,20140219,UTA,BKN
Shot Chart Detail,0021300808,354,203141,Mirza Teletovic,1610612751,Brooklyn Nets,4,9,40,Made Shot,Jump Shot,3PT Field Goal,Above the Break 3,Right Side Center(RC),24+ ft.,24.0,166.0,179.0,1,1,20140219,UTA,BKN
Shot Chart Detail,0021300808,375,203141,Mirza Teletovic,1610612751,Brooklyn Nets,4,8,0,Missed Shot,Jump Shot,3PT Field Goal,Left Corner 3,Left Side(L),24+ ft.,23.0,-221.0,72.0,1,0,20140219,UTA,BKN
Shot Chart Detail,0021300808,391,203141,Mirza Teletovic,1610612751,Brooklyn Nets,4,6,0,Made Shot,Jump Shot,3PT Field Goal,Above the Break 3,Center(C),24+ ft.,24.0,-37.0,238.0,1,1,20140219,UTA,BKN
Shot Chart Detail,0021300832,158,203141,Mirza Teletovic,1610612751,Brooklyn Nets,2,8,35,Made Shot,Turnaround Bank shot,2PT Field Goal,Mid-Range,Right Side(R),8-16 ft.,9.0,89.0,25.0,1,1,20140222,GSW,BKN
Shot Chart Detail,0021300832,213,203141,Mirza Teletovic,1610612751,Brooklyn Nets,2,4,18,Missed Shot,Jump Shot,3PT Field Goal,Above the Break 3,Center(C),24+ ft.,25.0,34.0,254.0,1,0,20140222,GSW,BKN
Shot Chart Detail,0021300832,314,203141,Mirza Teletovic,1610612751,Brooklyn Nets,3,6,16,Missed Shot,Jump Shot,3PT Field Goal,Above the Break 3,Right Side Center(RC),24+ ft.,27.0,159.0,230.0,1,0,20140222,GSW,BKN
Shot Chart Detail,0021300832,356,203141,Mirza Teletovic,1610612751,Brooklyn Nets,3,1,36,Missed Shot,Jump Shot,3PT Field Goal,Above the Break 3,Right Side Center(RC),24+ ft.,25.0,192.0,165.0,1,0,20140222,GSW,BKN
Shot Chart Detail,0021300832,361,203141,Mirza Teletovic,1610612751,Brooklyn Nets,3,1,8,Made Shot,Driving Layup Shot,2PT Field Goal,Restricted Area,Center(C),Less Than 8 ft.,1.0,0.0,14.0,1,1,20140222,GSW,BKN
Shot Chart Detail,0021300832,411,203141,Mirza Teletovic,1610612751,Brooklyn Nets,4,6,47,Missed Shot,Jump Shot,3PT Field Goal,Left Corner 3,Left Side(L),24+ ft.,23.0,-231.0,23.0,1,0,20140222,GSW,BKN
Shot Chart Detail,0021300832,498,203141,Mirza Teletovic,1610612751,Brooklyn Nets,4,0,21,Missed Shot,Jump Shot,3PT Field Goal,Left Corner 3,Left Side(L),24+ ft.,23.0,-228.0,63.0,1,0,20140222,GSW,BKN
Shot Chart Detail,0021300839,94,203141,Mirza Teletovic,1610612751,Brooklyn Nets,1,1,31,Missed Shot,Jump Shot,3PT Field Goal,Above the Break 3,Center(C),24+ ft.,26.0,34.0,266.0,1,0,20140223,LAL,BKN
Shot Chart Detail,0021300839,104,203141,Mirza Teletovic,1610612751,Brooklyn Nets,1,0,22,Missed Shot,Jump Shot,3PT Field Goal,Above the Break 3,Right Side Center(RC),24+ ft.,26.0,94.0,247.0,1,0,20140223,LAL,BKN
Shot Chart Detail,0021300839,113,203141,Mirza Teletovic,1610612751,Brooklyn Nets,2,11,15,Missed Shot,Jump Shot,2PT Field Goal,Mid-Range,Left Side(L),8-16 ft.,14.0,-106.0,99.0,1,0,20140223,LAL,BKN
Shot Chart Detail,0021300839,154,203141,Mirza Teletovic,1610612751,Brooklyn Nets,2,7,16,Made Shot,Jump Shot,3PT Field Goal,Above the Break 3,Left Side Center(LC),24+ ft.,26.0,-106.0,244.0,1,1,20140223,LAL,BKN
Shot Chart Detail,0021300839,371,203141,Mirza Teletovic,1610612751,Brooklyn Nets,3,0,47,Made Shot,Jump Shot,3PT Field Goal,Above the Break 3,Left Side Center(LC),24+ ft.,24.0,-172.0,178.0,1,1,20140223,LAL,BKN
Shot Chart Detail,0021300839,374,203141,Mirza Teletovic,1610612751,Brooklyn Nets,3,0,16,Made Shot,Jump Shot,3PT Field Goal,Above the Break 3,Right Side Center(RC),24+ ft.,26.0,166.0,206.0,1,1,20140223,LAL,BKN
Shot Chart Detail,0021300839,398,203141,Mirza Teletovic,1610612751,Brooklyn Nets,4,8,25,Missed Shot,Tip Shot,2PT Field Goal,Restricted Area,Center(C),Less Than 8 ft.,2.0,-8.0,19.0,1,0,20140223,LAL,BKN
Shot Chart Detail,0021300861,357,203141,Mirza Teletovic,1610612751,Brooklyn Nets,3,0,31,Made Shot,Jump Shot,3PT Field Goal,Above the Break 3,Left Side Center(LC),24+ ft.,25.0,-210.0,137.0,1,1,20140226,POR,BKN
Shot Chart Detail,0021300861,384,203141,Mirza Teletovic,1610612751,Brooklyn Nets,4,8,24,Missed Shot,Layup Shot,2PT Field Goal,Restricted Area,Center(C),Less Than 8 ft.,1.0,17.0,4.0,1,0,20140226,POR,BKN
Shot Chart Detail,0021300861,386,203141,Mirza Teletovic,1610612751,Brooklyn Nets,4,8,22,Made Shot,Layup Shot,2PT Field Goal,Restricted Area,Center(C),Less Than 8 ft.,0.0,-5.0,-6.0,1,1,20140226,POR,BKN
Shot Chart Detail,0021300861,389,203141,Mirza Teletovic,1610612751,Brooklyn Nets,4,7,43,Missed Shot,Jump Shot,2PT Field Goal,Mid-Range,Left Side(L),16-24 ft.,17.0,-172.0,33.0,1,0,20140226,POR,BKN
Shot Chart Detail,0021300861,404,203141,Mirza Teletovic,1610612751,Brooklyn Nets,4,5,41,Made Shot,Jump Shot,3PT Field Goal,Above the Break 3,Left Side Center(LC),24+ ft.,25.0,-188.0,170.0,1,1,20140226,POR,BKN
Shot Chart Detail,0021300861,425,203141,Mirza Teletovic,1610612751,Brooklyn Nets,4,3,29,Missed Shot,Jump Shot,3PT Field Goal,Above the Break 3,Left Side Center(LC),24+ ft.,26.0,-193.0,183.0,1,0,20140226,POR,BKN
Shot Chart Detail,0021300866,130,203141,Mirza Teletovic,1610612751,Brooklyn Nets,2,11,27,Missed Shot,Jump Shot,3PT Field Goal,Above the Break 3,Left Side Center(LC),24+ ft.,25.0,-128.0,219.0,1,0,20140227,DEN,BKN
Shot Chart Detail,0021300866,202,203141,Mirza Teletovic,1610612751,Brooklyn Nets,2,6,49,Made Shot,Jump Shot,2PT Field Goal,Mid-Range,Right Side(R),16-24 ft.,20.0,207.0,23.0,1,1,20140227,DEN,BKN
Shot Chart Detail,0021300866,205,203141,Mirza Teletovic,1610612751,Brooklyn Nets,2,6,24,Made Shot,Jump Shot,3PT Field Goal,Above the Break 3,Left Side Center(LC),24+ ft.,25.0,-207.0,156.0,1,1,20140227,DEN,BKN
Shot Chart Detail,0021300866,369,203141,Mirza Teletovic,1610612751,Brooklyn Nets,3,2,40,Made Shot,Jump Shot,3PT Field Goal,Above the Break 3,Right Side Center(RC),24+ ft.,24.0,152.0,198.0,1,1,20140227,DEN,BKN
Shot Chart Detail,0021300866,399,203141,Mirza Teletovic,1610612751,Brooklyn Nets,3,0,0,Missed Shot,Jump Shot,3PT Field Goal,Backcourt,Back Court(BC),Back Court Shot,61.0,165.0,589.0,1,0,20140227,DEN,BKN
Shot Chart Detail,0021300866,406,203141,Mirza Teletovic,1610612751,Brooklyn Nets,4,11,35,Missed Shot,Jump Shot,3PT Field Goal,Right Corner 3,Right Side(R),24+ ft.,24.0,242.0,34.0,1,0,20140227,DEN,BKN
Shot Chart Detail,0021300866,454,203141,Mirza Teletovic,1610612751,Brooklyn Nets,4,7,12,Missed Shot,Jump Shot,3PT Field Goal,Above the Break 3,Right Side Center(RC),24+ ft.,25.0,113.0,231.0,1,0,20140227,DEN,BKN
Shot Chart Detail,0021300866,477,203141,Mirza Teletovic,1610612751,Brooklyn Nets,4,4,43,Missed Shot,Jump Shot,3PT Field Goal,Left Corner 3,Left Side(L),24+ ft.,23.0,-235.0,23.0,1,0,20140227,DEN,BKN
Shot Chart Detail,0021300866,538,203141,Mirza Teletovic,1610612751,Brooklyn Nets,4,1,17,Missed Shot,Jump Shot,3PT Field Goal,Above the Break 3,Center(C),24+ ft.,25.0,40.0,255.0,1,0,20140227,DEN,BKN
Shot Chart Detail,0021300878,393,203141,Mirza Teletovic,1610612751,Brooklyn Nets,4,10,5,Made Shot,Jump Shot,3PT Field Goal,Right Corner 3,Right Side(R),24+ ft.,22.0,223.0,-6.0,1,1,20140301,MIL,BKN
Shot Chart Detail,0021300878,398,203141,Mirza Teletovic,1610612751,Brooklyn Nets,4,9,30,Missed Shot,Jump Shot,3PT Field Goal,Above the Break 3,Right Side Center(RC),24+ ft.,25.0,95.0,236.0,1,0,20140301,MIL,BKN
Shot Chart Detail,0021300878,400,203141,Mirza Teletovic,1610612751,Brooklyn Nets,4,9,19,Missed Shot,Jump Shot,3PT Field Goal,Above the Break 3,Left Side Center(LC),24+ ft.,26.0,-209.0,165.0,1,0,20140301,MIL,BKN
Shot Chart Detail,0021300878,413,203141,Mirza Teletovic,1610612751,Brooklyn Nets,4,8,7,Missed Shot,Jump Shot,3PT Field Goal,Above the Break 3,Right Side Center(RC),24+ ft.,25.0,154.0,201.0,1,0,20140301,MIL,BKN
Shot Chart Detail,0021300891,134,203141,Mirza Teletovic,1610612751,Brooklyn Nets,1,0,17,Missed Shot,Step Back Jump shot,3PT Field Goal,Above the Break 3,Center(C),24+ ft.,24.0,48.0,236.0,1,0,20140303,BKN,CHI
Shot Chart Detail,0021300891,172,203141,Mirza Teletovic,1610612751,Brooklyn Nets,2,9,10,Missed Shot,Jump Shot,3PT Field Goal,Above the Break 3,Left Side Center(LC),24+ ft.,25.0,-163.0,201.0,1,0,20140303,BKN,CHI
Shot Chart Detail,0021300891,199,203141,Mirza Teletovic,1610612751,Brooklyn Nets,2,6,44,Missed Shot,Jump Shot,3PT Field Goal,Above the Break 3,Center(C),24+ ft.,25.0,-13.0,255.0,1,0,20140303,BKN,CHI
Shot Chart Detail,0021300891,203,203141,Mirza Teletovic,1610612751,Brooklyn Nets,2,6,4,Missed Shot,Jump Shot,3PT Field Goal,Above the Break 3,Right Side Center(RC),24+ ft.,25.0,100.0,236.0,1,0,20140303,BKN,CHI
Shot Chart Detail,0021300891,416,203141,Mirza Teletovic,1610612751,Brooklyn Nets,4,7,41,Missed Shot,Jump Shot,3PT Field Goal,Above the Break 3,Left Side Center(LC),24+ ft.,25.0,-218.0,126.0,1,0,20140303,BKN,CHI
Shot Chart Detail,0021300908,110,203141,Mirza Teletovic,1610612751,Brooklyn Nets,1,1,33,Missed Shot,Jump Shot,3PT Field Goal,Left Corner 3,Left Side(L),24+ ft.,23.0,-235.0,-14.0,1,0,20140305,BKN,MEM
Shot Chart Detail,0021300908,145,203141,Mirza Teletovic,1610612751,Brooklyn Nets,2,11,8,Missed Shot,Jump Shot,3PT Field Goal,Left Corner 3,Left Side(L),24+ ft.,22.0,-228.0,-21.0,1,0,20140305,BKN,MEM
Shot Chart Detail,0021300908,183,203141,Mirza Teletovic,1610612751,Brooklyn Nets,2,8,11,Made Shot,Jump Shot,3PT Field Goal,Above the Break 3,Left Side Center(LC),24+ ft.,26.0,-164.0,205.0,1,1,20140305,BKN,MEM
Shot Chart Detail,0021300908,192,203141,Mirza Teletovic,1610612751,Brooklyn Nets,2,7,2,Missed Shot,Floating Jump shot,2PT Field Goal,In The Paint (Non-RA),Center(C),Less Than 8 ft.,7.0,-45.0,63.0,1,0,20140305,BKN,MEM
Shot Chart Detail,0021300908,194,203141,Mirza Teletovic,1610612751,Brooklyn Nets,2,6,59,Missed Shot,Fadeaway Jump Shot,2PT Field Goal,Mid-Range,Left Side(L),8-16 ft.,11.0,-113.0,17.0,1,0,20140305,BKN,MEM
Shot Chart Detail,0021300908,392,203141,Mirza Teletovic,1610612751,Brooklyn Nets,4,10,54,Missed Shot,Layup Shot,2PT Field Goal,Restricted Area,Center(C),Less Than 8 ft.,3.0,31.0,12.0,1,0,20140305,BKN,MEM
Shot Chart Detail,0021300908,398,203141,Mirza Teletovic,1610612751,Brooklyn Nets,4,10,13,Missed Shot,Tip Shot,2PT Field Goal,Restricted Area,Center(C),Less Than 8 ft.,1.0,-2.0,14.0,1,0,20140305,BKN,MEM
Shot Chart Detail,0021300908,429,203141,Mirza Teletovic,1610612751,Brooklyn Nets,4,7,25,Made Shot,Alley Oop Layup shot,2PT Field Goal,Restricted Area,Center(C),Less Than 8 ft.,2.0,-24.0,9.0,1,1,20140305,BKN,MEM
Shot Chart Detail,0021300908,440,203141,Mirza Teletovic,1610612751,Brooklyn Nets,4,5,8,Made Shot,Jump Shot,3PT Field Goal,Above the Break 3,Right Side Center(RC),24+ ft.,25.0,168.0,194.0,1,1,20140305,BKN,MEM
Shot Chart Detail,0021300920,154,203141,Mirza Teletovic,1610612751,Brooklyn Nets,2,8,8,Missed Shot,Jump Shot,3PT Field Goal,Above the Break 3,Right Side Center(RC),24+ ft.,25.0,200.0,154.0,1,0,20140307,BOS,BKN
Shot Chart Detail,0021300920,209,203141,Mirza Teletovic,1610612751,Brooklyn Nets,2,5,0,Missed Shot,Jump Shot,2PT Field Goal,Mid-Range,Left Side(L),8-16 ft.,13.0,-127.0,36.0,1,0,20140307,BOS,BKN
Shot Chart Detail,0021300938,113,203141,Mirza Teletovic,1610612751,Brooklyn Nets,2,10,33,Made Shot,Jump Shot,2PT Field Goal,Mid-Range,Right Side(R),16-24 ft.,20.0,171.0,116.0,1,1,20140309,BKN,SAC
Shot Chart Detail,0021300938,117,203141,Mirza Teletovic,1610612751,Brooklyn Nets,2,9,56,Made Shot,Layup Shot,2PT Field Goal,Restricted Area,Center(C),Less Than 8 ft.,3.0,28.0,12.0,1,1,20140309,BKN,SAC
Shot Chart Detail,0021300938,135,203141,Mirza Teletovic,1610612751,Brooklyn Nets,2,8,23,Made Shot,Jump Shot,2PT Field Goal,Mid-Range,Center(C),8-16 ft.,14.0,0.0,146.0,1,1,20140309,BKN,SAC
Shot Chart Detail,0021300938,394,203141,Mirza Teletovic,1610612751,Brooklyn Nets,4,7,19,Made Shot,Jump Shot,3PT Field Goal,Above the Break 3,Center(C),24+ ft.,25.0,-54.0,246.0,1,1,20140309,BKN,SAC
Shot Chart Detail,0021300938,398,203141,Mirza Teletovic,1610612751,Brooklyn Nets,4,6,35,Missed Shot,Jump Shot,3PT Field Goal,Above the Break 3,Left Side Center(LC),24+ ft.,24.0,-105.0,224.0,1,0,20140309,BKN,SAC
Shot Chart Detail,0021300938,450,203141,Mirza Teletovic,1610612751,Brooklyn Nets,4,1,46,Missed Shot,Running Jump Shot,2PT Field Goal,In The Paint (Non-RA),Center(C),Less Than 8 ft.,6.0,34.0,52.0,1,0,20140309,BKN,SAC
Shot Chart Detail,0021300938,454,203141,Mirza Teletovic,1610612751,Brooklyn Nets,4,1,26,Missed Shot,Jump Shot,3PT Field Goal,Above the Break 3,Left Side Center(LC),24+ ft.,24.0,-112.0,216.0,1,0,20140309,BKN,SAC
Shot Chart Detail,0021300944,142,203141,Mirza Teletovic,1610612751,Brooklyn Nets,2,8,40,Missed Shot,Tip Shot,2PT Field Goal,Restricted Area,Center(C),Less Than 8 ft.,2.0,-12.0,22.0,1,0,20140310,BKN,TOR
Shot Chart Detail,0021300944,140,203141,Mirza Teletovic,1610612751,Brooklyn Nets,2,8,38,Made Shot,Tip Shot,2PT Field Goal,Restricted Area,Center(C),Less Than 8 ft.,1.0,-16.0,7.0,1,1,20140310,BKN,TOR
Shot Chart Detail,0021300944,150,203141,Mirza Teletovic,1610612751,Brooklyn Nets,2,7,36,Missed Shot,Step Back Jump shot,3PT Field Goal,Above the Break 3,Center(C),24+ ft.,26.0,45.0,263.0,1,0,20140310,BKN,TOR
Shot Chart Detail,0021300957,129,203141,Mirza Teletovic,1610612751,Brooklyn Nets,2,10,12,Made Shot,Jump Shot,3PT Field Goal,Above the Break 3,Left Side Center(LC),24+ ft.,24.0,-97.0,224.0,1,1,20140312,MIA,BKN
Shot Chart Detail,0021300957,143,203141,Mirza Teletovic,1610612751,Brooklyn Nets,2,9,0,Missed Shot,Jump Shot,3PT Field Goal,Above the Break 3,Center(C),24+ ft.,27.0,-48.0,274.0,1,0,20140312,MIA,BKN
Shot Chart Detail,0021300957,165,203141,Mirza Teletovic,1610612751,Brooklyn Nets,2,7,11,Made Shot,Jump Shot,2PT Field Goal,Mid-Range,Left Side Center(LC),16-24 ft.,19.0,-105.0,159.0,1,1,20140312,MIA,BKN
Shot Chart Detail,0021300957,180,203141,Mirza Teletovic,1610612751,Brooklyn Nets,2,5,42,Missed Shot,Driving Hook Shot,2PT Field Goal,In The Paint (Non-RA),Center(C),Less Than 8 ft.,7.0,2.0,77.0,1,0,20140312,MIA,BKN
Shot Chart Detail,0021300957,185,203141,Mirza Teletovic,1610612751,Brooklyn Nets,2,5,20,Made Shot,Layup Shot,2PT Field Goal,Restricted Area,Center(C),Less Than 8 ft.,1.0,15.0,6.0,1,1,20140312,MIA,BKN
Shot Chart Detail,0021300957,203,203141,Mirza Teletovic,1610612751,Brooklyn Nets,2,3,52,Made Shot,Tip Shot,2PT Field Goal,Restricted Area,Center(C),Less Than 8 ft.,1.0,13.0,7.0,1,1,20140312,MIA,BKN
Shot Chart Detail,0021300957,357,203141,Mirza Teletovic,1610612751,Brooklyn Nets,4,10,47,Made Shot,Step Back Jump shot,3PT Field Goal,Above the Break 3,Left Side Center(LC),24+ ft.,23.0,-131.0,201.0,1,1,20140312,MIA,BKN
Shot Chart Detail,0021300957,360,203141,Mirza Teletovic,1610612751,Brooklyn Nets,4,10,2,Missed Shot,Jump Shot,2PT Field Goal,Restricted Area,Center(C),Less Than 8 ft.,2.0,-26.0,12.0,1,0,20140312,MIA,BKN
Shot Chart Detail,0021300957,396,203141,Mirza Teletovic,1610612751,Brooklyn Nets,4,6,38,Made Shot,Jump Shot,3PT Field Goal,Above the Break 3,Right Side Center(RC),24+ ft.,25.0,177.0,189.0,1,1,20140312,MIA,BKN
Shot Chart Detail,0021300957,398,203141,Mirza Teletovic,1610612751,Brooklyn Nets,4,6,4,Missed Shot,Jump Shot,3PT Field Goal,Above the Break 3,Center(C),24+ ft.,25.0,-13.0,254.0,1,0,20140312,MIA,BKN
Shot Chart Detail,0021300957,430,203141,Mirza Teletovic,1610612751,Brooklyn Nets,4,4,13,Missed Shot,Running Jump Shot,2PT Field Goal,In The Paint (Non-RA),Left Side(L),8-16 ft.,10.0,-57.0,89.0,1,0,20140312,MIA,BKN
Shot Chart Detail,0021300982,139,203141,Mirza Teletovic,1610612751,Brooklyn Nets,2,8,43,Missed Shot,Jump Shot,2PT Field Goal,Mid-Range,Right Side Center(RC),16-24 ft.,22.0,165.0,151.0,1,0,20140315,WAS,BKN
Shot Chart Detail,0021300982,394,203141,Mirza Teletovic,1610612751,Brooklyn Nets,4,11,4,Missed Shot,Jump Shot,3PT Field Goal,Above the Break 3,Left Side Center(LC),24+ ft.,29.0,-120.0,274.0,1,0,20140315,WAS,BKN
Shot Chart Detail,0021301010,98,203141,Mirza Teletovic,1610612751,Brooklyn Nets,1,0,39,Missed Shot,Layup Shot,2PT Field Goal,Restricted Area,Center(C),Less Than 8 ft.,2.0,24.0,9.0,1,0,20140319,BKN,CHA
Shot Chart Detail,0021301010,111,203141,Mirza Teletovic,1610612751,Brooklyn Nets,1,0,4,Missed Shot,Jump Shot,3PT Field Goal,Above the Break 3,Left Side Center(LC),24+ ft.,25.0,-218.0,135.0,1,0,20140319,BKN,CHA
Shot Chart Detail,0021301010,119,203141,Mirza Teletovic,1610612751,Brooklyn Nets,2,11,39,Missed Shot,Turnaround Jump Shot,2PT Field Goal,In The Paint (Non-RA),Right Side(R),8-16 ft.,8.0,69.0,42.0,1,0,20140319,BKN,CHA
Shot Chart Detail,0021301010,152,203141,Mirza Teletovic,1610612751,Brooklyn Nets,2,7,7,Missed Shot,Layup Shot,2PT Field Goal,Restricted Area,Center(C),Less Than 8 ft.,3.0,-32.0,0.0,1,0,20140319,BKN,CHA
Shot Chart Detail,0021301010,154,203141,Mirza Teletovic,1610612751,Brooklyn Nets,2,7,5,Missed Shot,Tip Shot,2PT Field Goal,Restricted Area,Center(C),Less Than 8 ft.,3.0,0.0,31.0,1,0,20140319,BKN,CHA
Shot Chart Detail,0021301026,150,203141,Mirza Teletovic,1610612751,Brooklyn Nets,2,9,34,Made Shot,Dunk Shot,2PT Field Goal,Restricted Area,Center(C),Less Than 8 ft.,1.0,0.0,14.0,1,1,20140321,BKN,BOS
Shot Chart Detail,0021301026,163,203141,Mirza Teletovic,1610612751,Brooklyn Nets,2,8,6,Made Shot,Jump Shot,2PT Field Goal,Restricted Area,Center(C),Less Than 8 ft.,3.0,-7.0,39.0,1,1,20140321,BKN,BOS
Shot Chart Detail,0021301026,420,203141,Mirza Teletovic,1610612751,Brooklyn Nets,4,6,5,Missed Shot,Jump Shot,3PT Field Goal,Above the Break 3,Right Side Center(RC),24+ ft.,24.0,88.0,231.0,1,0,20140321,BKN,BOS
Shot Chart Detail,0021301026,424,203141,Mirza Teletovic,1610612751,Brooklyn Nets,4,5,39,Missed Shot,Jump Shot,2PT Field Goal,Mid-Range,Right Side Center(RC),16-24 ft.,19.0,121.0,156.0,1,0,20140321,BKN,BOS
Shot Chart Detail,0021301026,434,203141,Mirza Teletovic,1610612751,Brooklyn Nets,4,5,9,Missed Shot,Jump Shot,2PT Field Goal,Mid-Range,Right Side(R),16-24 ft.,17.0,177.0,6.0,1,0,20140321,BKN,BOS
Shot Chart Detail,0021301026,469,203141,Mirza Teletovic,1610612751,Brooklyn Nets,4,0,42,Made Shot,Driving Layup Shot,2PT Field Goal,Restricted Area,Center(C),Less Than 8 ft.,1.0,12.0,3.0,1,1,20140321,BKN,BOS
Shot Chart Detail,0021301044,116,203141,Mirza Teletovic,1610612751,Brooklyn Nets,1,0,39,Made Shot,Jump Shot,3PT Field Goal,Above the Break 3,Left Side Center(LC),24+ ft.,24.0,-198.0,145.0,1,1,20140323,DAL,BKN
Shot Chart Detail,0021301044,120,203141,Mirza Teletovic,1610612751,Brooklyn Nets,1,0,0,Missed Shot,Running Jump Shot,3PT Field Goal,Backcourt,Back Court(BC),Back Court Shot,53.0,-112.0,520.0,1,0,20140323,DAL,BKN
Shot Chart Detail,0021301044,135,203141,Mirza Teletovic,1610612751,Brooklyn Nets,2,10,48,Missed Shot,Driving Layup Shot,2PT Field Goal,Restricted Area,Center(C),Less Than 8 ft.,1.0,12.0,11.0,1,0,20140323,DAL,BKN
Shot Chart Detail,0021301044,165,203141,Mirza Teletovic,1610612751,Brooklyn Nets,2,7,31,Missed Shot,Jump Shot,2PT Field Goal,Mid-Range,Left Side(L),8-16 ft.,9.0,-92.0,36.0,1,0,20140323,DAL,BKN
Shot Chart Detail,0021301044,189,203141,Mirza Teletovic,1610612751,Brooklyn Nets,2,6,16,Made Shot,Pullup Jump shot,3PT Field Goal,Above the Break 3,Right Side Center(RC),24+ ft.,24.0,100.0,219.0,1,1,20140323,DAL,BKN
Shot Chart Detail,0021301044,456,203141,Mirza Teletovic,1610612751,Brooklyn Nets,4,8,54,Missed Shot,Jump Shot,3PT Field Goal,Above the Break 3,Left Side Center(LC),24+ ft.,25.0,-188.0,168.0,1,0,20140323,DAL,BKN
Shot Chart Detail,0021301044,461,203141,Mirza Teletovic,1610612751,Brooklyn Nets,4,8,30,Made Shot,Jump Shot,3PT Field Goal,Left Corner 3,Left Side(L),24+ ft.,22.0,-224.0,0.0,1,1,20140323,DAL,BKN
Shot Chart Detail,0021301044,465,203141,Mirza Teletovic,1610612751,Brooklyn Nets,4,7,58,Missed Shot,Jump Shot,3PT Field Goal,Right Corner 3,Right Side(R),24+ ft.,22.0,228.0,11.0,1,0,20140323,DAL,BKN
Shot Chart Detail,0021301044,480,203141,Mirza Teletovic,1610612751,Brooklyn Nets,4,6,59,Missed Shot,Jump Shot,3PT Field Goal,Left Corner 3,Left Side(L),24+ ft.,22.0,-223.0,11.0,1,0,20140323,DAL,BKN
Shot Chart Detail,0021301052,108,203141,Mirza Teletovic,1610612751,Brooklyn Nets,1,1,44,Missed Shot,Jump Shot,3PT Field Goal,Above the Break 3,Right Side Center(RC),24+ ft.,28.0,166.0,228.0,1,0,20140324,NOP,BKN
Shot Chart Detail,0021301052,176,203141,Mirza Teletovic,1610612751,Brooklyn Nets,2,9,18,Made Shot,Jump Shot,3PT Field Goal,Above the Break 3,Center(C),24+ ft.,25.0,-34.0,252.0,1,1,20140324,NOP,BKN
Shot Chart Detail,0021301052,196,203141,Mirza Teletovic,1610612751,Brooklyn Nets,2,7,22,Made Shot,Jump Shot,3PT Field Goal,Above the Break 3,Left Side Center(LC),24+ ft.,25.0,-234.0,95.0,1,1,20140324,NOP,BKN
Shot Chart Detail,0021301052,438,203141,Mirza Teletovic,1610612751,Brooklyn Nets,4,11,1,Missed Shot,Jump Shot,3PT Field Goal,Above the Break 3,Left Side Center(LC),24+ ft.,25.0,-169.0,194.0,1,0,20140324,NOP,BKN
Shot Chart Detail,0021301052,454,203141,Mirza Teletovic,1610612751,Brooklyn Nets,4,9,37,Made Shot,Running Jump Shot,2PT Field Goal,Mid-Range,Right Side(R),8-16 ft.,8.0,88.0,14.0,1,1,20140324,NOP,BKN
Shot Chart Detail,0021301052,465,203141,Mirza Teletovic,1610612751,Brooklyn Nets,4,9,3,Missed Shot,Jump Shot,3PT Field Goal,Above the Break 3,Left Side Center(LC),24+ ft.,27.0,-123.0,247.0,1,0,20140324,NOP,BKN
Shot Chart Detail,0021301052,489,203141,Mirza Teletovic,1610612751,Brooklyn Nets,4,6,28,Missed Shot,Jump Shot,3PT Field Goal,Above the Break 3,Center(C),24+ ft.,25.0,77.0,246.0,1,0,20140324,NOP,BKN
Shot Chart Detail,0021301061,148,203141,Mirza Teletovic,1610612751,Brooklyn Nets,2,8,40,Made Shot,Jump Shot,3PT Field Goal,Above the Break 3,Center(C),24+ ft.,26.0,40.0,260.0,1,1,20140326,CHA,BKN
Shot Chart Detail,0021301061,177,203141,Mirza Teletovic,1610612751,Brooklyn Nets,2,5,56,Missed Shot,Jump Shot,3PT Field Goal,Above the Break 3,Left Side Center(LC),24+ ft.,25.0,-95.0,235.0,1,0,20140326,CHA,BKN
Shot Chart Detail,0021301061,206,203141,Mirza Teletovic,1610612751,Brooklyn Nets,2,4,37,Made Shot,Jump Shot,3PT Field Goal,Above the Break 3,Right Side Center(RC),24+ ft.,26.0,124.0,231.0,1,1,20140326,CHA,BKN
Shot Chart Detail,0021301061,222,203141,Mirza Teletovic,1610612751,Brooklyn Nets,2,2,25,Missed Shot,Jump Shot,3PT Field Goal,Above the Break 3,Center(C),24+ ft.,24.0,-75.0,236.0,1,0,20140326,CHA,BKN
Shot Chart Detail,0021301061,243,203141,Mirza Teletovic,1610612751,Brooklyn Nets,2,1,9,Made Shot,Jump Shot,3PT Field Goal,Above the Break 3,Center(C),24+ ft.,26.0,-56.0,255.0,1,1,20140326,CHA,BKN
Shot Chart Detail,0021301061,253,203141,Mirza Teletovic,1610612751,Brooklyn Nets,2,0,0,Missed Shot,Jump Shot,3PT Field Goal,Backcourt,Back Court(BC),Back Court Shot,55.0,-84.0,545.0,1,0,20140326,CHA,BKN
Shot Chart Detail,0021301061,335,203141,Mirza Teletovic,1610612751,Brooklyn Nets,3,3,10,Made Shot,Jump Shot,3PT Field Goal,Above the Break 3,Center(C),24+ ft.,26.0,37.0,258.0,1,1,20140326,CHA,BKN
Shot Chart Detail,0021301061,337,203141,Mirza Teletovic,1610612751,Brooklyn Nets,3,2,30,Missed Shot,Jump Shot,3PT Field Goal,Above the Break 3,Center(C),24+ ft.,25.0,18.0,254.0,1,0,20140326,CHA,BKN
Shot Chart Detail,0021301061,354,203141,Mirza Teletovic,1610612751,Brooklyn Nets,3,0,1,Missed Shot,Jump Shot,3PT Field Goal,Above the Break 3,Right Side Center(RC),24+ ft.,26.0,212.0,154.0,1,0,20140326,CHA,BKN
Shot Chart Detail,0021301061,366,203141,Mirza Teletovic,1610612751,Brooklyn Nets,4,10,39,Made Shot,Jump Shot,3PT Field Goal,Above the Break 3,Left Side Center(LC),24+ ft.,25.0,-127.0,224.0,1,1,20140326,CHA,BKN
Shot Chart Detail,0021301061,412,203141,Mirza Teletovic,1610612751,Brooklyn Nets,4,6,13,Made Shot,Jump Shot,3PT Field Goal,Above the Break 3,Center(C),24+ ft.,25.0,67.0,244.0,1,1,20140326,CHA,BKN
Shot Chart Detail,0021301061,431,203141,Mirza Teletovic,1610612751,Brooklyn Nets,4,3,29,Missed Shot,Jump Shot,3PT Field Goal,Above the Break 3,Left Side Center(LC),24+ ft.,25.0,-215.0,138.0,1,0,20140326,CHA,BKN
Shot Chart Detail,0021301078,105,203141,Mirza Teletovic,1610612751,Brooklyn Nets,1,0,21,Missed Shot,Jump Shot,2PT Field Goal,Mid-Range,Left Side Center(LC),16-24 ft.,23.0,-111.0,209.0,1,0,20140328,BKN,CLE
Shot Chart Detail,0021301078,284,203141,Mirza Teletovic,1610612751,Brooklyn Nets,3,5,4,Missed Shot,Jump Shot,3PT Field Goal,Above the Break 3,Right Side Center(RC),24+ ft.,24.0,77.0,228.0,1,0,20140328,BKN,CLE
Shot Chart Detail,0021301078,292,203141,Mirza Teletovic,1610612751,Brooklyn Nets,3,4,37,Made Shot,Jump Shot,3PT Field Goal,Above the Break 3,Center(C),24+ ft.,25.0,7.0,257.0,1,1,20140328,BKN,CLE
Shot Chart Detail,0021301078,294,203141,Mirza Teletovic,1610612751,Brooklyn Nets,3,4,5,Made Shot,Jump Shot,3PT Field Goal,Above the Break 3,Center(C),24+ ft.,27.0,29.0,277.0,1,1,20140328,BKN,CLE
Shot Chart Detail,0021301078,296,203141,Mirza Teletovic,1610612751,Brooklyn Nets,3,3,25,Missed Shot,Jump Shot,3PT Field Goal,Above the Break 3,Center(C),24+ ft.,29.0,23.0,290.0,1,0,20140328,BKN,CLE
Shot Chart Detail,0021301078,298,203141,Mirza Teletovic,1610612751,Brooklyn Nets,3,3,9,Missed Shot,Running Bank shot,2PT Field Goal,In The Paint (Non-RA),Center(C),Less Than 8 ft.,5.0,47.0,32.0,1,0,20140328,BKN,CLE
Shot Chart Detail,0021301078,300,203141,Mirza Teletovic,1610612751,Brooklyn Nets,3,3,7,Missed Shot,Tip Shot,2PT Field Goal,Restricted Area,Center(C),Less Than 8 ft.,1.0,0.0,17.0,1,0,20140328,BKN,CLE
Shot Chart Detail,0021301078,302,203141,Mirza Teletovic,1610612751,Brooklyn Nets,3,3,5,Missed Shot,Tip Shot,2PT Field Goal,Restricted Area,Center(C),Less Than 8 ft.,2.0,-16.0,19.0,1,0,20140328,BKN,CLE
Shot Chart Detail,0021301078,328,203141,Mirza Teletovic,1610612751,Brooklyn Nets,3,0,39,Missed Shot,Jump Shot,3PT Field Goal,Above the Break 3,Right Side Center(RC),24+ ft.,24.0,204.0,131.0,1,0,20140328,BKN,CLE
Shot Chart Detail,0021301078,375,203141,Mirza Teletovic,1610612751,Brooklyn Nets,4,7,45,Made Shot,Jump Shot,3PT Field Goal,Above the Break 3,Left Side Center(LC),24+ ft.,24.0,-147.0,195.0,1,1,20140328,BKN,CLE
Shot Chart Detail,0021301078,380,203141,Mirza Teletovic,1610612751,Brooklyn Nets,4,6,47,Missed Shot,Jump Shot,3PT Field Goal,Above the Break 3,Left Side Center(LC),24+ ft.,26.0,-86.0,252.0,1,0,20140328,BKN,CLE
Shot Chart Detail,0021301095,140,203141,Mirza Teletovic,1610612751,Brooklyn Nets,2,10,5,Missed Shot,Jump Shot,3PT Field Goal,Above the Break 3,Center(C),24+ ft.,24.0,50.0,244.0,1,0,20140330,BKN,MIN
Shot Chart Detail,0021301095,173,203141,Mirza Teletovic,1610612751,Brooklyn Nets,2,7,18,Missed Shot,Layup Shot,2PT Field Goal,Restricted Area,Center(C),Less Than 8 ft.,1.0,-5.0,11.0,1,0,20140330,BKN,MIN
Shot Chart Detail,0021301095,177,203141,Mirza Teletovic,1610612751,Brooklyn Nets,2,7,11,Made Shot,Tip Shot,2PT Field Goal,Restricted Area,Center(C),Less Than 8 ft.,2.0,23.0,1.0,1,1,20140330,BKN,MIN
Shot Chart Detail,0021301095,191,203141,Mirza Teletovic,1610612751,Brooklyn Nets,2,6,11,Made Shot,Jump Shot,3PT Field Goal,Left Corner 3,Left Side(L),24+ ft.,23.0,-234.0,-16.0,1,1,20140330,BKN,MIN
Shot Chart Detail,0021301095,269,203141,Mirza Teletovic,1610612751,Brooklyn Nets,2,0,6,Missed Shot,Layup Shot,2PT Field Goal,Restricted Area,Center(C),Less Than 8 ft.,1.0,-7.0,9.0,1,0,20140330,BKN,MIN
Shot Chart Detail,0021301095,274,203141,Mirza Teletovic,1610612751,Brooklyn Nets,2,0,0,Missed Shot,Jump Shot,3PT Field Goal,Backcourt,Back Court(BC),Back Court Shot,57.0,-15.0,577.0,1,0,20140330,BKN,MIN
Shot Chart Detail,0021301095,288,203141,Mirza Teletovic,1610612751,Brooklyn Nets,3,11,8,Missed Shot,Jump Shot,3PT Field Goal,Above the Break 3,Center(C),24+ ft.,25.0,48.0,249.0,1,0,20140330,BKN,MIN
Shot Chart Detail,0021301095,342,203141,Mirza Teletovic,1610612751,Brooklyn Nets,3,5,43,Missed Shot,Layup Shot,2PT Field Goal,Restricted Area,Center(C),Less Than 8 ft.,1.0,12.0,-11.0,1,0,20140330,BKN,MIN
Shot Chart Detail,0021301095,344,203141,Mirza Teletovic,1610612751,Brooklyn Nets,3,5,41,Made Shot,Putback Layup Shot,2PT Field Goal,Restricted Area,Center(C),Less Than 8 ft.,3.0,31.0,-5.0,1,1,20140330,BKN,MIN
Shot Chart Detail,0021301095,387,203141,Mirza Teletovic,1610612751,Brooklyn Nets,3,1,2,Missed Shot,Jump Shot,3PT Field Goal,Above the Break 3,Left Side Center(LC),24+ ft.,24.0,-79.0,236.0,1,0,20140330,BKN,MIN
Shot Chart Detail,0021301111,125,203141,Mirza Teletovic,1610612751,Brooklyn Nets,2,11,8,Made Shot,Driving Dunk Shot,2PT Field Goal,Restricted Area,Center(C),Less Than 8 ft.,2.0,20.0,-2.0,1,1,20140401,BKN,HOU
Shot Chart Detail,0021301111,148,203141,Mirza Teletovic,1610612751,Brooklyn Nets,2,8,44,Missed Shot,Jump Shot,3PT Field Goal,Above the Break 3,Right Side Center(RC),24+ ft.,25.0,138.0,211.0,1,0,20140401,BKN,HOU
Shot Chart Detail,0021301111,384,203141,Mirza Teletovic,1610612751,Brooklyn Nets,4,11,4,Made Shot,Jump Shot,3PT Field Goal,Above the Break 3,Left Side Center(LC),24+ ft.,24.0,-174.0,179.0,1,1,20140401,BKN,HOU
Shot Chart Detail,0021301111,397,203141,Mirza Teletovic,1610612751,Brooklyn Nets,4,10,3,Missed Shot,Jump Shot,3PT Field Goal,Above the Break 3,Left Side Center(LC),24+ ft.,25.0,-108.0,228.0,1,0,20140401,BKN,HOU
Shot Chart Detail,0021301111,453,203141,Mirza Teletovic,1610612751,Brooklyn Nets,4,5,1,Missed Shot,Jump Shot,3PT Field Goal,Right Corner 3,Right Side(R),24+ ft.,23.0,234.0,-17.0,1,0,20140401,BKN,HOU
Shot Chart Detail,0021301111,458,203141,Mirza Teletovic,1610612751,Brooklyn Nets,4,4,36,Made Shot,Jump Shot,3PT Field Goal,Above the Break 3,Center(C),24+ ft.,26.0,40.0,260.0,1,1,20140401,BKN,HOU
Shot Chart Detail,0021301111,496,203141,Mirza Teletovic,1610612751,Brooklyn Nets,4,1,14,Made Shot,Jump Shot,2PT Field Goal,Mid-Range,Left Side(L),16-24 ft.,16.0,-160.0,3.0,1,1,20140401,BKN,HOU
Shot Chart Detail,0021301115,86,203141,Mirza Teletovic,1610612751,Brooklyn Nets,1,1,14,Missed Shot,Jump Shot,3PT Field Goal,Above the Break 3,Right Side Center(RC),24+ ft.,25.0,215.0,131.0,1,0,20140402,NYK,BKN
Shot Chart Detail,0021301115,92,203141,Mirza Teletovic,1610612751,Brooklyn Nets,1,0,35,Missed Shot,Jump Shot,3PT Field Goal,Above the Break 3,Left Side Center(LC),24+ ft.,25.0,-127.0,219.0,1,0,20140402,NYK,BKN
Shot Chart Detail,0021301115,132,203141,Mirza Teletovic,1610612751,Brooklyn Nets,2,8,10,Made Shot,Layup Shot,2PT Field Goal,Restricted Area,Center(C),Less Than 8 ft.,2.0,-10.0,22.0,1,1,20140402,NYK,BKN
Shot Chart Detail,0021301115,145,203141,Mirza Teletovic,1610612751,Brooklyn Nets,2,5,46,Made Shot,Tip Shot,2PT Field Goal,Restricted Area,Center(C),Less Than 8 ft.,0.0,4.0,1.0,1,1,20140402,NYK,BKN
Shot Chart Detail,0021301115,400,203141,Mirza Teletovic,1610612751,Brooklyn Nets,4,9,17,Missed Shot,Driving Layup Shot,2PT Field Goal,Restricted Area,Center(C),Less Than 8 ft.,2.0,26.0,9.0,1,0,20140402,NYK,BKN
Shot Chart Detail,0021301115,424,203141,Mirza Teletovic,1610612751,Brooklyn Nets,4,6,5,Made Shot,Layup Shot,2PT Field Goal,Restricted Area,Center(C),Less Than 8 ft.,1.0,9.0,11.0,1,1,20140402,NYK,BKN
Shot Chart Detail,0021301115,435,203141,Mirza Teletovic,1610612751,Brooklyn Nets,4,5,31,Missed Shot,Jump Shot,3PT Field Goal,Right Corner 3,Right Side(R),24+ ft.,24.0,241.0,-14.0,1,0,20140402,NYK,BKN
Shot Chart Detail,0021301115,441,203141,Mirza Teletovic,1610612751,Brooklyn Nets,4,4,26,Missed Shot,Jump Shot,3PT Field Goal,Above the Break 3,Left Side Center(LC),24+ ft.,24.0,-201.0,143.0,1,0,20140402,NYK,BKN
Shot Chart Detail,0021301134,65,203141,Mirza Teletovic,1610612751,Brooklyn Nets,1,4,28,Made Shot,Jump Shot,3PT Field Goal,Left Corner 3,Left Side(L),24+ ft.,22.0,-229.0,-5.0,1,1,20140404,BKN,DET
Shot Chart Detail,0021301134,109,203141,Mirza Teletovic,1610612751,Brooklyn Nets,2,11,48,Made Shot,Jump Shot,3PT Field Goal,Left Corner 3,Left Side(L),24+ ft.,23.0,-231.0,-13.0,1,1,20140404,BKN,DET
Shot Chart Detail,0021301134,113,203141,Mirza Teletovic,1610612751,Brooklyn Nets,2,11,10,Made Shot,Jump Bank Shot,2PT Field Goal,Mid-Range,Right Side(R),8-16 ft.,12.0,100.0,75.0,1,1,20140404,BKN,DET
Shot Chart Detail,0021301134,121,203141,Mirza Teletovic,1610612751,Brooklyn Nets,2,9,59,Made Shot,Jump Shot,3PT Field Goal,Above the Break 3,Center(C),24+ ft.,25.0,54.0,247.0,1,1,20140404,BKN,DET
Shot Chart Detail,0021301134,148,203141,Mirza Teletovic,1610612751,Brooklyn Nets,2,6,5,Made Shot,Jump Shot,3PT Field Goal,Above the Break 3,Center(C),24+ ft.,25.0,-24.0,249.0,1,1,20140404,BKN,DET
Shot Chart Detail,0021301134,163,203141,Mirza Teletovic,1610612751,Brooklyn Nets,2,4,22,Missed Shot,Jump Shot,3PT Field Goal,Above the Break 3,Right Side Center(RC),24+ ft.,24.0,83.0,235.0,1,0,20140404,BKN,DET
Shot Chart Detail,0021301134,284,203141,Mirza Teletovic,1610612751,Brooklyn Nets,3,4,37,Made Shot,Jump Shot,3PT Field Goal,Above the Break 3,Left Side Center(LC),24+ ft.,24.0,-144.0,197.0,1,1,20140404,BKN,DET
Shot Chart Detail,0021301134,292,203141,Mirza Teletovic,1610612751,Brooklyn Nets,3,4,0,Missed Shot,Jump Shot,3PT Field Goal,Above the Break 3,Center(C),24+ ft.,25.0,1.0,252.0,1,0,20140404,BKN,DET
Shot Chart Detail,0021301134,335,203141,Mirza Teletovic,1610612751,Brooklyn Nets,3,0,4,Made Shot,Jump Shot,3PT Field Goal,Above the Break 3,Left Side Center(LC),24+ ft.,25.0,-100.0,235.0,1,1,20140404,BKN,DET
Shot Chart Detail,0021301134,355,203141,Mirza Teletovic,1610612751,Brooklyn Nets,4,9,11,Missed Shot,Jump Shot,3PT Field Goal,Above the Break 3,Left Side Center(LC),24+ ft.,24.0,-131.0,208.0,1,0,20140404,BKN,DET
Shot Chart Detail,0021301134,367,203141,Mirza Teletovic,1610612751,Brooklyn Nets,4,7,42,Missed Shot,Jump Shot,3PT Field Goal,Above the Break 3,Center(C),24+ ft.,25.0,0.0,255.0,1,0,20140404,BKN,DET
Shot Chart Detail,0021301147,482,203141,Mirza Teletovic,1610612751,Brooklyn Nets,4,1,18,Missed Shot,Jump Shot,3PT Field Goal,Above the Break 3,Center(C),24+ ft.,26.0,17.0,260.0,1,0,20140405,PHI,BKN
Shot Chart Detail,0021301147,490,203141,Mirza Teletovic,1610612751,Brooklyn Nets,4,0,48,Made Shot,Jump Shot,3PT Field Goal,Above the Break 3,Right Side Center(RC),24+ ft.,24.0,187.0,165.0,1,1,20140405,PHI,BKN
Shot Chart Detail,0021301158,95,203141,Mirza Teletovic,1610612751,Brooklyn Nets,1,1,6,Made Shot,Jump Shot,3PT Field Goal,Above the Break 3,Left Side Center(LC),24+ ft.,24.0,-175.0,173.0,1,1,20140408,MIA,BKN
Shot Chart Detail,0021301158,105,203141,Mirza Teletovic,1610612751,Brooklyn Nets,2,11,45,Missed Shot,Jump Shot,3PT Field Goal,Above the Break 3,Right Side Center(RC),24+ ft.,25.0,193.0,172.0,1,0,20140408,MIA,BKN
Shot Chart Detail,0021301158,155,203141,Mirza Teletovic,1610612751,Brooklyn Nets,2,7,23,Made Shot,Jump Shot,2PT Field Goal,Mid-Range,Left Side Center(LC),16-24 ft.,17.0,-89.0,149.0,1,1,20140408,MIA,BKN
Shot Chart Detail,0021301158,159,203141,Mirza Teletovic,1610612751,Brooklyn Nets,2,6,49,Made Shot,Driving Jump shot,2PT Field Goal,Mid-Range,Right Side(R),8-16 ft.,12.0,118.0,37.0,1,1,20140408,MIA,BKN
Shot Chart Detail,0021301158,168,203141,Mirza Teletovic,1610612751,Brooklyn Nets,2,5,26,Missed Shot,Jump Shot,3PT Field Goal,Above the Break 3,Left Side Center(LC),24+ ft.,24.0,-213.0,126.0,1,0,20140408,MIA,BKN
Shot Chart Detail,0021301158,304,203141,Mirza Teletovic,1610612751,Brooklyn Nets,3,3,56,Made Shot,Jump Shot,3PT Field Goal,Above the Break 3,Right Side Center(RC),24+ ft.,25.0,204.0,151.0,1,1,20140408,MIA,BKN
Shot Chart Detail,0021301158,327,203141,Mirza Teletovic,1610612751,Brooklyn Nets,3,0,59,Missed Shot,Jump Shot,3PT Field Goal,Above the Break 3,Left Side Center(LC),24+ ft.,26.0,-142.0,227.0,1,0,20140408,MIA,BKN
Shot Chart Detail,0021301158,344,203141,Mirza Teletovic,1610612751,Brooklyn Nets,4,11,22,Missed Shot,Jump Shot,3PT Field Goal,Right Corner 3,Right Side(R),24+ ft.,23.0,239.0,12.0,1,0,20140408,MIA,BKN
Shot Chart Detail,0021301163,5,203141,Mirza Teletovic,1610612751,Brooklyn Nets,1,11,17,Missed Shot,Driving Layup Shot,2PT Field Goal,Restricted Area,Center(C),Less Than 8 ft.,0.0,-7.0,7.0,1,0,20140409,ORL,BKN
Shot Chart Detail,0021301163,21,203141,Mirza Teletovic,1610612751,Brooklyn Nets,1,9,39,Missed Shot,Jump Shot,3PT Field Goal,Above the Break 3,Left Side Center(LC),24+ ft.,25.0,-153.0,205.0,1,0,20140409,ORL,BKN
Shot Chart Detail,0021301163,24,203141,Mirza Teletovic,1610612751,Brooklyn Nets,1,9,15,Missed Shot,Jump Shot,3PT Field Goal,Above the Break 3,Left Side Center(LC),24+ ft.,25.0,-180.0,179.0,1,0,20140409,ORL,BKN
Shot Chart Detail,0021301163,36,203141,Mirza Teletovic,1610612751,Brooklyn Nets,1,7,49,Missed Shot,Jump Shot,3PT Field Goal,Above the Break 3,Left Side Center(LC),24+ ft.,26.0,-112.0,241.0,1,0,20140409,ORL,BKN
Shot Chart Detail,0021301163,40,203141,Mirza Teletovic,1610612751,Brooklyn Nets,1,6,58,Missed Shot,Jump Shot,3PT Field Goal,Right Corner 3,Right Side(R),24+ ft.,24.0,234.0,63.0,1,0,20140409,ORL,BKN
Shot Chart Detail,0021301163,58,203141,Mirza Teletovic,1610612751,Brooklyn Nets,1,5,34,Made Shot,Jump Shot,3PT Field Goal,Above the Break 3,Right Side Center(RC),24+ ft.,25.0,166.0,198.0,1,1,20140409,ORL,BKN
Shot Chart Detail,0021301163,79,203141,Mirza Teletovic,1610612751,Brooklyn Nets,1,4,3,Missed Shot,Jump Shot,3PT Field Goal,Left Corner 3,Left Side(L),24+ ft.,23.0,-229.0,41.0,1,0,20140409,ORL,BKN
Shot Chart Detail,0021301163,214,203141,Mirza Teletovic,1610612751,Brooklyn Nets,2,3,33,Missed Shot,Tip Shot,2PT Field Goal,Restricted Area,Center(C),Less Than 8 ft.,0.0,0.0,6.0,1,0,20140409,ORL,BKN
Shot Chart Detail,0021301163,237,203141,Mirza Teletovic,1610612751,Brooklyn Nets,2,2,21,Missed Shot,Jump Shot,2PT Field Goal,Mid-Range,Right Side(R),8-16 ft.,13.0,84.0,104.0,1,0,20140409,ORL,BKN
Shot Chart Detail,0021301163,260,203141,Mirza Teletovic,1610612751,Brooklyn Nets,2,0,5,Missed Shot,Layup Shot,2PT Field Goal,Restricted Area,Center(C),Less Than 8 ft.,0.0,0.0,9.0,1,0,20140409,ORL,BKN
Shot Chart Detail,0021301163,282,203141,Mirza Teletovic,1610612751,Brooklyn Nets,3,9,52,Made Shot,Jump Shot,3PT Field Goal,Above the Break 3,Center(C),24+ ft.,26.0,-26.0,261.0,1,1,20140409,ORL,BKN
Shot Chart Detail,0021301163,284,203141,Mirza Teletovic,1610612751,Brooklyn Nets,3,9,11,Made Shot,Jump Shot,3PT Field Goal,Above the Break 3,Right Side Center(RC),24+ ft.,26.0,111.0,244.0,1,1,20140409,ORL,BKN
Shot Chart Detail,0021301163,309,203141,Mirza Teletovic,1610612751,Brooklyn Nets,3,7,6,Made Shot,Jump Shot,3PT Field Goal,Above the Break 3,Left Side Center(LC),24+ ft.,26.0,-174.0,194.0,1,1,20140409,ORL,BKN
Shot Chart Detail,0021301163,364,203141,Mirza Teletovic,1610612751,Brooklyn Nets,3,2,23,Made Shot,Jump Shot,3PT Field Goal,Above the Break 3,Right Side Center(RC),24+ ft.,25.0,105.0,233.0,1,1,20140409,ORL,BKN
Shot Chart Detail,0021301163,370,203141,Mirza Teletovic,1610612751,Brooklyn Nets,3,1,59,Missed Shot,Jump Shot,3PT Field Goal,Left Corner 3,Left Side(L),24+ ft.,23.0,-228.0,50.0,1,0,20140409,ORL,BKN
Shot Chart Detail,0021301163,390,203141,Mirza Teletovic,1610612751,Brooklyn Nets,4,11,34,Missed Shot,Jump Shot,3PT Field Goal,Above the Break 3,Right Side Center(RC),24+ ft.,25.0,143.0,208.0,1,0,20140409,ORL,BKN
Shot Chart Detail,0021301163,410,203141,Mirza Teletovic,1610612751,Brooklyn Nets,4,9,30,Missed Shot,Dunk Shot,2PT Field Goal,Restricted Area,Center(C),Less Than 8 ft.,1.0,4.0,15.0,1,0,20140409,ORL,BKN
Shot Chart Detail,0021301179,78,203141,Mirza Teletovic,1610612751,Brooklyn Nets,1,3,8,Missed Shot,Jump Shot,2PT Field Goal,Mid-Range,Left Side(L),16-24 ft.,18.0,-174.0,58.0,1,0,20140411,BKN,ATL
Shot Chart Detail,0021301179,134,203141,Mirza Teletovic,1610612751,Brooklyn Nets,2,11,5,Missed Shot,Jump Bank Shot,2PT Field Goal,In The Paint (Non-RA),Center(C),Less Than 8 ft.,5.0,48.0,25.0,1,0,20140411,BKN,ATL
Shot Chart Detail,0021301179,149,203141,Mirza Teletovic,1610612751,Brooklyn Nets,2,9,52,Missed Shot,Hook Shot,2PT Field Goal,In The Paint (Non-RA),Center(C),Less Than 8 ft.,5.0,-46.0,25.0,1,0,20140411,BKN,ATL
Shot Chart Detail,0021301179,322,203141,Mirza Teletovic,1610612751,Brooklyn Nets,3,4,43,Made Shot,Jump Shot,3PT Field Goal,Above the Break 3,Left Side Center(LC),24+ ft.,25.0,-158.0,194.0,1,1,20140411,BKN,ATL
Shot Chart Detail,0021301179,363,203141,Mirza Teletovic,1610612751,Brooklyn Nets,3,0,26,Made Shot,Jump Shot,3PT Field Goal,Above the Break 3,Center(C),24+ ft.,24.0,1.0,242.0,1,1,20140411,BKN,ATL
Shot Chart Detail,0021301179,407,203141,Mirza Teletovic,1610612751,Brooklyn Nets,4,8,8,Missed Shot,Jump Shot,3PT Field Goal,Above the Break 3,Right Side Center(RC),24+ ft.,26.0,226.0,134.0,1,0,20140411,BKN,ATL
Shot Chart Detail,0021301199,98,203141,Mirza Teletovic,1610612751,Brooklyn Nets,1,0,0,Missed Shot,Jump Shot,3PT Field Goal,Above the Break 3,Center(C),24+ ft.,24.0,31.0,244.0,1,0,20140413,BKN,ORL
Shot Chart Detail,0021301199,107,203141,Mirza Teletovic,1610612751,Brooklyn Nets,2,11,12,Made Shot,Jump Shot,3PT Field Goal,Above the Break 3,Center(C),24+ ft.,24.0,58.0,236.0,1,1,20140413,BKN,ORL
Shot Chart Detail,0021301199,114,203141,Mirza Teletovic,1610612751,Brooklyn Nets,2,10,29,Missed Shot,Jump Shot,2PT Field Goal,Mid-Range,Left Side Center(LC),16-24 ft.,20.0,-108.0,175.0,1,0,20140413,BKN,ORL
Shot Chart Detail,0021301199,126,203141,Mirza Teletovic,1610612751,Brooklyn Nets,2,10,3,Missed Shot,Tip Shot,2PT Field Goal,Restricted Area,Center(C),Less Than 8 ft.,0.0,8.0,4.0,1,0,20140413,BKN,ORL
Shot Chart Detail,0021301199,122,203141,Mirza Teletovic,1610612751,Brooklyn Nets,2,10,1,Made Shot,Tip Shot,2PT Field Goal,Restricted Area,Center(C),Less Than 8 ft.,0.0,2.0,6.0,1,1,20140413,BKN,ORL
Shot Chart Detail,0021301199,165,203141,Mirza Teletovic,1610612751,Brooklyn Nets,2,6,26,Missed Shot,Jump Shot,3PT Field Goal,Above the Break 3,Center(C),24+ ft.,24.0,-15.0,246.0,1,0,20140413,BKN,ORL
Shot Chart Detail,0021301199,282,203141,Mirza Teletovic,1610612751,Brooklyn Nets,3,5,59,Made Shot,Driving Slam Dunk Shot,2PT Field Goal,Restricted Area,Center(C),Less Than 8 ft.,0.0,2.0,-3.0,1,1,20140413,BKN,ORL
Shot Chart Detail,0021301199,290,203141,Mirza Teletovic,1610612751,Brooklyn Nets,3,5,12,Made Shot,Jump Shot,3PT Field Goal,Above the Break 3,Center(C),24+ ft.,24.0,18.0,247.0,1,1,20140413,BKN,ORL
Shot Chart Detail,0021301199,317,203141,Mirza Teletovic,1610612751,Brooklyn Nets,3,2,45,Made Shot,Jump Shot,3PT Field Goal,Above the Break 3,Center(C),24+ ft.,25.0,1.0,254.0,1,1,20140413,BKN,ORL
Shot Chart Detail,0021301199,386,203141,Mirza Teletovic,1610612751,Brooklyn Nets,4,7,22,Made Shot,Jump Shot,3PT Field Goal,Above the Break 3,Center(C),24+ ft.,27.0,78.0,263.0,1,1,20140413,BKN,ORL
Shot Chart Detail,0021301199,417,203141,Mirza Teletovic,1610612751,Brooklyn Nets,4,5,5,Missed Shot,Jump Shot,3PT Field Goal,Above the Break 3,Left Side Center(LC),24+ ft.,24.0,-139.0,203.0,1,0,20140413,BKN,ORL
Shot Chart Detail,0021301199,462,203141,Mirza Teletovic,1610612751,Brooklyn Nets,4,1,7,Made Shot,Finger Roll Layup Shot,2PT Field Goal,Restricted Area,Center(C),Less Than 8 ft.,2.0,24.0,0.0,1,1,20140413,BKN,ORL
