GRID_TYPE,GAME_ID,GAME_EVENT_ID,PLAYER_ID,PLAYER_NAME,TEAM_ID,TEAM_NAME,PERIOD,MINUTES_REMAINING,SECONDS_REMAINING,EVENT_TYPE,ACTION_TYPE,SHOT_TYPE,SHOT_ZONE_BASIC,SHOT_ZONE_AREA,SHOT_ZONE_RANGE,SHOT_DISTANCE,LOC_X,LOC_Y,SHOT_ATTEMPTED_FLAG,SHOT_MADE_FLAG,GAME_DATE,HTM,VTM
Shot Chart Detail,0021300003,96,2440,Matt Barnes,1610612746,Los Angeles Clippers,1,2,11,Made Shot,Driving Layup Shot,2PT Field Goal,Restricted Area,Center(C),Less Than 8 ft.,3.0,17.0,30.0,1,1,20131029,LAL,LAC
Shot Chart Detail,0021300003,107,2440,Matt Barnes,1610612746,Los Angeles Clippers,1,1,44,Made Shot,Jump Shot,3PT Field Goal,Above the Break 3,Left Side Center(LC),24+ ft.,25.0,-153.0,208.0,1,1,20131029,LAL,LAC
Shot Chart Detail,0021300003,319,2440,Matt Barnes,1610612746,Los Angeles Clippers,3,9,20,Missed Shot,Jump Shot,3PT Field Goal,Left Corner 3,Left Side(L),24+ ft.,22.0,-223.0,14.0,1,0,20131029,LAL,LAC
Shot Chart Detail,0021300003,395,2440,Matt Barnes,1610612746,Los Angeles Clippers,3,2,52,Missed Shot,Jump Shot,2PT Field Goal,In The Paint (Non-RA),Center(C),Less Than 8 ft.,5.0,39.0,44.0,1,0,20131029,LAL,LAC
Shot Chart Detail,0021300003,401,2440,Matt Barnes,1610612746,Los Angeles Clippers,3,2,36,Made Shot,Layup Shot,2PT Field Goal,Restricted Area,Center(C),Less Than 8 ft.,2.0,17.0,19.0,1,1,20131029,LAL,LAC
Shot Chart Detail,0021300003,422,2440,Matt Barnes,1610612746,Los Angeles Clippers,3,1,1,Missed Shot,Jump Shot,3PT Field Goal,Above the Break 3,Center(C),24+ ft.,26.0,69.0,258.0,1,0,20131029,LAL,LAC
Shot Chart Detail,0021300019,138,2440,Matt Barnes,1610612746,Los Angeles Clippers,1,1,11,Missed Shot,Jump Shot,3PT Field Goal,Above the Break 3,Left Side Center(LC),24+ ft.,24.0,-191.0,151.0,1,0,20131031,LAC,GSW
Shot Chart Detail,0021300019,417,2440,Matt Barnes,1610612746,Los Angeles Clippers,3,5,37,Missed Shot,Layup Shot,2PT Field Goal,Restricted Area,Center(C),Less Than 8 ft.,1.0,18.0,1.0,1,0,20131031,LAC,GSW
Shot Chart Detail,0021300019,524,2440,Matt Barnes,1610612746,Los Angeles Clippers,4,10,30,Missed Shot,Finger Roll Layup Shot,2PT Field Goal,Restricted Area,Center(C),Less Than 8 ft.,2.0,-5.0,25.0,1,0,20131031,LAC,GSW
Shot Chart Detail,0021300019,526,2440,Matt Barnes,1610612746,Los Angeles Clippers,4,10,23,Missed Shot,Layup Shot,2PT Field Goal,Restricted Area,Center(C),Less Than 8 ft.,1.0,-10.0,9.0,1,0,20131031,LAC,GSW
Shot Chart Detail,0021300031,52,2440,Matt Barnes,1610612746,Los Angeles Clippers,1,5,37,Made Shot,Jump Shot,3PT Field Goal,Left Corner 3,Left Side(L),24+ ft.,22.0,-226.0,14.0,1,1,20131101,SAC,LAC
Shot Chart Detail,0021300031,154,2440,Matt Barnes,1610612746,Los Angeles Clippers,2,9,17,Missed Shot,Jump Shot,2PT Field Goal,Mid-Range,Right Side Center(RC),16-24 ft.,19.0,108.0,164.0,1,0,20131101,SAC,LAC
Shot Chart Detail,0021300031,403,2440,Matt Barnes,1610612746,Los Angeles Clippers,3,1,6,Missed Shot,Jump Shot,3PT Field Goal,Left Corner 3,Left Side(L),24+ ft.,22.0,-224.0,26.0,1,0,20131101,SAC,LAC
Shot Chart Detail,0021300031,449,2440,Matt Barnes,1610612746,Los Angeles Clippers,4,10,1,Made Shot,Driving Layup Shot,2PT Field Goal,Restricted Area,Center(C),Less Than 8 ft.,2.0,-21.0,6.0,1,1,20131101,SAC,LAC
Shot Chart Detail,0021300031,451,2440,Matt Barnes,1610612746,Los Angeles Clippers,4,9,24,Made Shot,Jump Shot,3PT Field Goal,Left Corner 3,Left Side(L),24+ ft.,23.0,-234.0,36.0,1,1,20131101,SAC,LAC
Shot Chart Detail,0021300031,469,2440,Matt Barnes,1610612746,Los Angeles Clippers,4,7,31,Missed Shot,Jump Shot,3PT Field Goal,Above the Break 3,Right Side Center(RC),24+ ft.,25.0,233.0,115.0,1,0,20131101,SAC,LAC
Shot Chart Detail,0021300050,138,2440,Matt Barnes,1610612746,Los Angeles Clippers,2,11,6,Missed Shot,Jump Shot,3PT Field Goal,Left Corner 3,Left Side(L),24+ ft.,22.0,-226.0,1.0,1,0,20131104,LAC,HOU
Shot Chart Detail,0021300050,403,2440,Matt Barnes,1610612746,Los Angeles Clippers,3,4,7,Missed Shot,Jump Shot,3PT Field Goal,Above the Break 3,Right Side Center(RC),24+ ft.,24.0,122.0,213.0,1,0,20131104,LAC,HOU
Shot Chart Detail,0021300050,440,2440,Matt Barnes,1610612746,Los Angeles Clippers,3,0,6,Made Shot,Layup Shot,2PT Field Goal,Restricted Area,Center(C),Less Than 8 ft.,0.0,-3.0,0.0,1,1,20131104,LAC,HOU
Shot Chart Detail,0021300106,100,2440,Matt Barnes,1610612746,Los Angeles Clippers,1,1,50,Made Shot,Floating Jump shot,2PT Field Goal,Restricted Area,Center(C),Less Than 8 ft.,3.0,28.0,26.0,1,1,20131111,LAC,MIN
Shot Chart Detail,0021300106,108,2440,Matt Barnes,1610612746,Los Angeles Clippers,1,0,59,Missed Shot,Jump Shot,3PT Field Goal,Above the Break 3,Right Side Center(RC),24+ ft.,26.0,165.0,213.0,1,0,20131111,LAC,MIN
Shot Chart Detail,0021300106,145,2440,Matt Barnes,1610612746,Los Angeles Clippers,2,10,37,Made Shot,Driving Layup Shot,2PT Field Goal,Restricted Area,Center(C),Less Than 8 ft.,2.0,24.0,15.0,1,1,20131111,LAC,MIN
Shot Chart Detail,0021300106,179,2440,Matt Barnes,1610612746,Los Angeles Clippers,2,6,27,Made Shot,Layup Shot,2PT Field Goal,Restricted Area,Center(C),Less Than 8 ft.,1.0,-4.0,19.0,1,1,20131111,LAC,MIN
Shot Chart Detail,0021300106,466,2440,Matt Barnes,1610612746,Los Angeles Clippers,4,4,12,Missed Shot,Jump Shot,3PT Field Goal,Left Corner 3,Left Side(L),24+ ft.,23.0,-231.0,-25.0,1,0,20131111,LAC,MIN
Shot Chart Detail,0021300122,129,2440,Matt Barnes,1610612746,Los Angeles Clippers,1,0,0,Missed Shot,Tip Shot,2PT Field Goal,Restricted Area,Center(C),Less Than 8 ft.,1.0,-8.0,14.0,1,0,20131113,LAC,OKC
Shot Chart Detail,0021300122,155,2440,Matt Barnes,1610612746,Los Angeles Clippers,2,9,11,Missed Shot,Jump Shot,2PT Field Goal,In The Paint (Non-RA),Center(C),Less Than 8 ft.,7.0,26.0,67.0,1,0,20131113,LAC,OKC
Shot Chart Detail,0021300122,157,2440,Matt Barnes,1610612746,Los Angeles Clippers,2,9,6,Missed Shot,Jump Shot,3PT Field Goal,Above the Break 3,Right Side Center(RC),24+ ft.,26.0,122.0,230.0,1,0,20131113,LAC,OKC
Shot Chart Detail,0021300122,164,2440,Matt Barnes,1610612746,Los Angeles Clippers,2,8,53,Missed Shot,Jump Shot,3PT Field Goal,Right Corner 3,Right Side(R),24+ ft.,24.0,241.0,-14.0,1,0,20131113,LAC,OKC
Shot Chart Detail,0021300122,183,2440,Matt Barnes,1610612746,Los Angeles Clippers,2,7,54,Missed Shot,Floating Jump shot,2PT Field Goal,In The Paint (Non-RA),Center(C),Less Than 8 ft.,6.0,32.0,55.0,1,0,20131113,LAC,OKC
Shot Chart Detail,0021300146,111,2440,Matt Barnes,1610612746,Los Angeles Clippers,1,2,12,Made Shot,Hook Shot,2PT Field Goal,In The Paint (Non-RA),Center(C),Less Than 8 ft.,5.0,-5.0,58.0,1,1,20131116,LAC,BKN
Shot Chart Detail,0021300146,137,2440,Matt Barnes,1610612746,Los Angeles Clippers,2,11,23,Missed Shot,Jump Shot,2PT Field Goal,In The Paint (Non-RA),Center(C),8-16 ft.,8.0,-40.0,74.0,1,0,20131116,LAC,BKN
Shot Chart Detail,0021300146,205,2440,Matt Barnes,1610612746,Los Angeles Clippers,2,6,56,Missed Shot,Jump Shot,2PT Field Goal,In The Paint (Non-RA),Right Side(R),8-16 ft.,8.0,67.0,45.0,1,0,20131116,LAC,BKN
Shot Chart Detail,0021300155,166,2440,Matt Barnes,1610612746,Los Angeles Clippers,2,9,48,Missed Shot,Jump Shot,2PT Field Goal,Mid-Range,Left Side Center(LC),16-24 ft.,21.0,-103.0,194.0,1,0,20131118,LAC,MEM
Shot Chart Detail,0021300155,182,2440,Matt Barnes,1610612746,Los Angeles Clippers,2,8,39,Made Shot,Running Bank shot,2PT Field Goal,In The Paint (Non-RA),Center(C),Less Than 8 ft.,5.0,43.0,34.0,1,1,20131118,LAC,MEM
Shot Chart Detail,0021300155,205,2440,Matt Barnes,1610612746,Los Angeles Clippers,2,6,44,Made Shot,Jump Shot,3PT Field Goal,Above the Break 3,Left Side Center(LC),24+ ft.,26.0,-125.0,238.0,1,1,20131118,LAC,MEM
Shot Chart Detail,0021300155,462,2440,Matt Barnes,1610612746,Los Angeles Clippers,4,8,7,Missed Shot,Jump Shot,2PT Field Goal,In The Paint (Non-RA),Center(C),8-16 ft.,9.0,39.0,86.0,1,0,20131118,LAC,MEM
Shot Chart Detail,0021300155,468,2440,Matt Barnes,1610612746,Los Angeles Clippers,4,7,24,Missed Shot,Jump Shot,2PT Field Goal,In The Paint (Non-RA),Center(C),Less Than 8 ft.,4.0,-4.0,41.0,1,0,20131118,LAC,MEM
Shot Chart Detail,0021300155,585,2440,Matt Barnes,1610612746,Los Angeles Clippers,4,0,7,Missed Shot,Jump Shot,3PT Field Goal,Above the Break 3,Center(C),24+ ft.,25.0,77.0,246.0,1,0,20131118,LAC,MEM
Shot Chart Detail,0021300403,151,2440,Matt Barnes,1610612746,Los Angeles Clippers,2,11,20,Missed Shot,Layup Shot,2PT Field Goal,Restricted Area,Center(C),Less Than 8 ft.,1.0,-7.0,17.0,1,0,20131221,LAC,DEN
Shot Chart Detail,0021300403,186,2440,Matt Barnes,1610612746,Los Angeles Clippers,2,9,2,Made Shot,Jump Shot,3PT Field Goal,Above the Break 3,Center(C),24+ ft.,25.0,13.0,257.0,1,1,20131221,LAC,DEN
Shot Chart Detail,0021300403,189,2440,Matt Barnes,1610612746,Los Angeles Clippers,2,8,39,Missed Shot,Jump Shot,3PT Field Goal,Right Corner 3,Right Side(R),24+ ft.,23.0,236.0,-10.0,1,0,20131221,LAC,DEN
Shot Chart Detail,0021300403,193,2440,Matt Barnes,1610612746,Los Angeles Clippers,2,8,18,Missed Shot,Layup Shot,2PT Field Goal,Restricted Area,Center(C),Less Than 8 ft.,2.0,-10.0,26.0,1,0,20131221,LAC,DEN
Shot Chart Detail,0021300403,295,2440,Matt Barnes,1610612746,Los Angeles Clippers,2,1,21,Missed Shot,Jump Shot,3PT Field Goal,Above the Break 3,Right Side Center(RC),24+ ft.,28.0,181.0,214.0,1,0,20131221,LAC,DEN
Shot Chart Detail,0021300403,308,2440,Matt Barnes,1610612746,Los Angeles Clippers,2,0,51,Made Shot,Layup Shot,2PT Field Goal,Restricted Area,Center(C),Less Than 8 ft.,2.0,-2.0,23.0,1,1,20131221,LAC,DEN
Shot Chart Detail,0021300403,431,2440,Matt Barnes,1610612746,Los Angeles Clippers,3,1,15,Missed Shot,Jump Shot,3PT Field Goal,Above the Break 3,Left Side Center(LC),24+ ft.,24.0,-161.0,189.0,1,0,20131221,LAC,DEN
Shot Chart Detail,0021300403,479,2440,Matt Barnes,1610612746,Los Angeles Clippers,4,10,12,Made Shot,Jump Shot,3PT Field Goal,Above the Break 3,Left Side Center(LC),24+ ft.,26.0,-152.0,222.0,1,1,20131221,LAC,DEN
Shot Chart Detail,0021300403,493,2440,Matt Barnes,1610612746,Los Angeles Clippers,4,8,50,Missed Shot,Jump Shot,3PT Field Goal,Left Corner 3,Left Side(L),24+ ft.,25.0,-239.0,80.0,1,0,20131221,LAC,DEN
Shot Chart Detail,0021300403,510,2440,Matt Barnes,1610612746,Los Angeles Clippers,4,8,12,Made Shot,Layup Shot,2PT Field Goal,Restricted Area,Center(C),Less Than 8 ft.,1.0,18.0,7.0,1,1,20131221,LAC,DEN
Shot Chart Detail,0021300403,513,2440,Matt Barnes,1610612746,Los Angeles Clippers,4,7,45,Missed Shot,Jump Shot,2PT Field Goal,Restricted Area,Center(C),Less Than 8 ft.,3.0,4.0,31.0,1,0,20131221,LAC,DEN
Shot Chart Detail,0021300403,604,2440,Matt Barnes,1610612746,Los Angeles Clippers,4,0,36,Made Shot,Jump Shot,3PT Field Goal,Above the Break 3,Center(C),24+ ft.,25.0,-49.0,250.0,1,1,20131221,LAC,DEN
Shot Chart Detail,0021300406,94,2440,Matt Barnes,1610612746,Los Angeles Clippers,1,1,21,Made Shot,Driving Layup Shot,2PT Field Goal,Restricted Area,Center(C),Less Than 8 ft.,2.0,24.0,9.0,1,1,20131222,LAC,MIN
Shot Chart Detail,0021300406,176,2440,Matt Barnes,1610612746,Los Angeles Clippers,2,8,4,Missed Shot,Jump Shot,3PT Field Goal,Above the Break 3,Left Side Center(LC),24+ ft.,24.0,-150.0,190.0,1,0,20131222,LAC,MIN
Shot Chart Detail,0021300422,136,2440,Matt Barnes,1610612746,Los Angeles Clippers,1,0,0,Missed Shot,Jump Shot,3PT Field Goal,Backcourt,Back Court(BC),Back Court Shot,76.0,8.0,766.0,1,0,20131225,GSW,LAC
Shot Chart Detail,0021300422,146,2440,Matt Barnes,1610612746,Los Angeles Clippers,2,10,27,Missed Shot,Jump Shot,3PT Field Goal,Above the Break 3,Center(C),24+ ft.,24.0,-5.0,246.0,1,0,20131225,GSW,LAC
Shot Chart Detail,0021300422,191,2440,Matt Barnes,1610612746,Los Angeles Clippers,2,5,59,Missed Shot,Turnaround Jump Shot,2PT Field Goal,Mid-Range,Left Side(L),16-24 ft.,16.0,-164.0,31.0,1,0,20131225,GSW,LAC
Shot Chart Detail,0021300426,119,2440,Matt Barnes,1610612746,Los Angeles Clippers,2,11,25,Missed Shot,Layup Shot,2PT Field Goal,Restricted Area,Center(C),Less Than 8 ft.,0.0,2.0,-3.0,1,0,20131226,POR,LAC
Shot Chart Detail,0021300426,121,2440,Matt Barnes,1610612746,Los Angeles Clippers,2,11,23,Made Shot,Layup Shot,2PT Field Goal,Restricted Area,Center(C),Less Than 8 ft.,0.0,-4.0,-6.0,1,1,20131226,POR,LAC
Shot Chart Detail,0021300426,131,2440,Matt Barnes,1610612746,Los Angeles Clippers,2,10,35,Missed Shot,Layup Shot,2PT Field Goal,Restricted Area,Center(C),Less Than 8 ft.,0.0,0.0,3.0,1,0,20131226,POR,LAC
Shot Chart Detail,0021300426,134,2440,Matt Barnes,1610612746,Los Angeles Clippers,2,10,13,Missed Shot,Jump Shot,3PT Field Goal,Above the Break 3,Left Side Center(LC),24+ ft.,24.0,-139.0,200.0,1,0,20131226,POR,LAC
Shot Chart Detail,0021300426,154,2440,Matt Barnes,1610612746,Los Angeles Clippers,2,8,25,Made Shot,Jump Shot,3PT Field Goal,Above the Break 3,Left Side Center(LC),24+ ft.,24.0,-188.0,162.0,1,1,20131226,POR,LAC
Shot Chart Detail,0021300426,291,2440,Matt Barnes,1610612746,Los Angeles Clippers,3,7,43,Made Shot,Layup Shot,2PT Field Goal,Restricted Area,Center(C),Less Than 8 ft.,0.0,1.0,0.0,1,1,20131226,POR,LAC
Shot Chart Detail,0021300426,335,2440,Matt Barnes,1610612746,Los Angeles Clippers,3,3,29,Made Shot,Layup Shot,2PT Field Goal,Restricted Area,Center(C),Less Than 8 ft.,2.0,22.0,9.0,1,1,20131226,POR,LAC
Shot Chart Detail,0021300426,365,2440,Matt Barnes,1610612746,Los Angeles Clippers,3,0,49,Missed Shot,Jump Shot,3PT Field Goal,Right Corner 3,Right Side(R),24+ ft.,22.0,226.0,0.0,1,0,20131226,POR,LAC
Shot Chart Detail,0021300426,384,2440,Matt Barnes,1610612746,Los Angeles Clippers,4,11,47,Missed Shot,Turnaround Hook Shot,2PT Field Goal,In The Paint (Non-RA),Center(C),Less Than 8 ft.,6.0,59.0,20.0,1,0,20131226,POR,LAC
Shot Chart Detail,0021300426,527,2440,Matt Barnes,1610612746,Los Angeles Clippers,5,2,25,Made Shot,Layup Shot,2PT Field Goal,Restricted Area,Center(C),Less Than 8 ft.,0.0,9.0,0.0,1,1,20131226,POR,LAC
Shot Chart Detail,0021300447,101,2440,Matt Barnes,1610612746,Los Angeles Clippers,1,2,0,Missed Shot,Jump Shot,3PT Field Goal,Left Corner 3,Left Side(L),24+ ft.,23.0,-235.0,-10.0,1,0,20131228,LAC,UTA
Shot Chart Detail,0021300447,134,2440,Matt Barnes,1610612746,Los Angeles Clippers,2,11,49,Made Shot,Jump Shot,2PT Field Goal,Mid-Range,Left Side Center(LC),16-24 ft.,19.0,-108.0,159.0,1,1,20131228,LAC,UTA
Shot Chart Detail,0021300447,373,2440,Matt Barnes,1610612746,Los Angeles Clippers,3,2,22,Made Shot,Layup Shot,2PT Field Goal,Restricted Area,Center(C),Less Than 8 ft.,1.0,18.0,-2.0,1,1,20131228,LAC,UTA
Shot Chart Detail,0021300447,452,2440,Matt Barnes,1610612746,Los Angeles Clippers,4,6,59,Made Shot,Jump Shot,3PT Field Goal,Left Corner 3,Left Side(L),24+ ft.,24.0,-242.0,-3.0,1,1,20131228,LAC,UTA
Shot Chart Detail,0021300459,96,2440,Matt Barnes,1610612746,Los Angeles Clippers,1,4,0,Made Shot,Jump Shot,3PT Field Goal,Left Corner 3,Left Side(L),24+ ft.,23.0,-229.0,61.0,1,1,20131230,LAC,PHX
Shot Chart Detail,0021300459,109,2440,Matt Barnes,1610612746,Los Angeles Clippers,1,2,32,Missed Shot,Jump Shot,3PT Field Goal,Above the Break 3,Left Side Center(LC),24+ ft.,24.0,-142.0,205.0,1,0,20131230,LAC,PHX
Shot Chart Detail,0021300459,120,2440,Matt Barnes,1610612746,Los Angeles Clippers,1,0,54,Missed Shot,Jump Shot,3PT Field Goal,Left Corner 3,Left Side(L),24+ ft.,23.0,-237.0,4.0,1,0,20131230,LAC,PHX
Shot Chart Detail,0021300459,146,2440,Matt Barnes,1610612746,Los Angeles Clippers,2,11,26,Made Shot,Driving Layup Shot,2PT Field Goal,Restricted Area,Center(C),Less Than 8 ft.,2.0,21.0,12.0,1,1,20131230,LAC,PHX
Shot Chart Detail,0021300459,161,2440,Matt Barnes,1610612746,Los Angeles Clippers,2,10,21,Missed Shot,Jump Shot,3PT Field Goal,Above the Break 3,Left Side Center(LC),24+ ft.,24.0,-144.0,198.0,1,0,20131230,LAC,PHX
Shot Chart Detail,0021300459,182,2440,Matt Barnes,1610612746,Los Angeles Clippers,2,8,49,Missed Shot,Jump Shot,3PT Field Goal,Left Corner 3,Left Side(L),24+ ft.,24.0,-242.0,15.0,1,0,20131230,LAC,PHX
Shot Chart Detail,0021300459,464,2440,Matt Barnes,1610612746,Los Angeles Clippers,4,8,46,Missed Shot,Layup Shot,2PT Field Goal,Restricted Area,Center(C),Less Than 8 ft.,2.0,6.0,20.0,1,0,20131230,LAC,PHX
Shot Chart Detail,0021300459,523,2440,Matt Barnes,1610612746,Los Angeles Clippers,4,2,59,Made Shot,Jump Shot,3PT Field Goal,Above the Break 3,Left Side Center(LC),24+ ft.,24.0,-147.0,190.0,1,1,20131230,LAC,PHX
Shot Chart Detail,0021300459,529,2440,Matt Barnes,1610612746,Los Angeles Clippers,4,2,20,Made Shot,Layup Shot,2PT Field Goal,Restricted Area,Center(C),Less Than 8 ft.,1.0,-13.0,12.0,1,1,20131230,LAC,PHX
Shot Chart Detail,0021300459,537,2440,Matt Barnes,1610612746,Los Angeles Clippers,4,1,13,Made Shot,Jump Shot,3PT Field Goal,Above the Break 3,Left Side Center(LC),24+ ft.,24.0,-157.0,194.0,1,1,20131230,LAC,PHX
Shot Chart Detail,0021300472,102,2440,Matt Barnes,1610612746,Los Angeles Clippers,1,0,35,Missed Shot,Jump Shot,2PT Field Goal,Mid-Range,Center(C),16-24 ft.,19.0,47.0,186.0,1,0,20140101,LAC,CHA
Shot Chart Detail,0021300472,118,2440,Matt Barnes,1610612746,Los Angeles Clippers,2,11,10,Made Shot,Jump Shot,2PT Field Goal,Mid-Range,Left Side Center(LC),16-24 ft.,18.0,-98.0,156.0,1,1,20140101,LAC,CHA
Shot Chart Detail,0021300472,120,2440,Matt Barnes,1610612746,Los Angeles Clippers,2,10,49,Made Shot,Jump Shot,2PT Field Goal,Mid-Range,Right Side(R),16-24 ft.,19.0,195.0,-8.0,1,1,20140101,LAC,CHA
Shot Chart Detail,0021300472,123,2440,Matt Barnes,1610612746,Los Angeles Clippers,2,10,9,Missed Shot,Jump Shot,3PT Field Goal,Above the Break 3,Left Side Center(LC),24+ ft.,26.0,-127.0,228.0,1,0,20140101,LAC,CHA
Shot Chart Detail,0021300472,158,2440,Matt Barnes,1610612746,Los Angeles Clippers,2,7,25,Missed Shot,Jump Shot,3PT Field Goal,Above the Break 3,Left Side Center(LC),24+ ft.,24.0,-112.0,220.0,1,0,20140101,LAC,CHA
Shot Chart Detail,0021300472,326,2440,Matt Barnes,1610612746,Los Angeles Clippers,3,2,37,Missed Shot,Jump Shot,3PT Field Goal,Above the Break 3,Left Side Center(LC),24+ ft.,23.0,-187.0,149.0,1,0,20140101,LAC,CHA
Shot Chart Detail,0021300472,366,2440,Matt Barnes,1610612746,Los Angeles Clippers,4,11,6,Missed Shot,Floating Jump shot,2PT Field Goal,In The Paint (Non-RA),Center(C),Less Than 8 ft.,7.0,1.0,71.0,1,0,20140101,LAC,CHA
Shot Chart Detail,0021300472,369,2440,Matt Barnes,1610612746,Los Angeles Clippers,4,10,38,Missed Shot,Jump Shot,3PT Field Goal,Left Corner 3,Left Side(L),24+ ft.,22.0,-221.0,26.0,1,0,20140101,LAC,CHA
Shot Chart Detail,0021300472,401,2440,Matt Barnes,1610612746,Los Angeles Clippers,4,8,13,Missed Shot,Jump Shot,3PT Field Goal,Right Corner 3,Right Side(R),24+ ft.,23.0,237.0,-3.0,1,0,20140101,LAC,CHA
Shot Chart Detail,0021300472,433,2440,Matt Barnes,1610612746,Los Angeles Clippers,4,4,12,Missed Shot,Jump Shot,3PT Field Goal,Left Corner 3,Left Side(L),24+ ft.,23.0,-235.0,12.0,1,0,20140101,LAC,CHA
Shot Chart Detail,0021300486,105,2440,Matt Barnes,1610612746,Los Angeles Clippers,1,2,34,Made Shot,Jump Shot,3PT Field Goal,Above the Break 3,Left Side Center(LC),24+ ft.,24.0,-187.0,159.0,1,1,20140103,DAL,LAC
Shot Chart Detail,0021300486,124,2440,Matt Barnes,1610612746,Los Angeles Clippers,1,0,39,Made Shot,Jump Shot,3PT Field Goal,Right Corner 3,Right Side(R),24+ ft.,23.0,230.0,41.0,1,1,20140103,DAL,LAC
Shot Chart Detail,0021300486,141,2440,Matt Barnes,1610612746,Los Angeles Clippers,2,11,3,Missed Shot,Jump Shot,3PT Field Goal,Above the Break 3,Left Side Center(LC),24+ ft.,24.0,-147.0,197.0,1,0,20140103,DAL,LAC
Shot Chart Detail,0021300486,408,2440,Matt Barnes,1610612746,Los Angeles Clippers,4,10,10,Missed Shot,Jump Shot,3PT Field Goal,Left Corner 3,Left Side(L),24+ ft.,22.0,-226.0,15.0,1,0,20140103,DAL,LAC
Shot Chart Detail,0021300494,78,2440,Matt Barnes,1610612746,Los Angeles Clippers,1,2,53,Missed Shot,Jump Bank Shot,2PT Field Goal,Mid-Range,Right Side(R),8-16 ft.,9.0,81.0,55.0,1,0,20140104,SAS,LAC
Shot Chart Detail,0021300494,117,2440,Matt Barnes,1610612746,Los Angeles Clippers,2,11,5,Missed Shot,Jump Shot,3PT Field Goal,Above the Break 3,Left Side Center(LC),24+ ft.,24.0,-188.0,154.0,1,0,20140104,SAS,LAC
Shot Chart Detail,0021300494,128,2440,Matt Barnes,1610612746,Los Angeles Clippers,2,9,41,Missed Shot,Jump Shot,2PT Field Goal,Mid-Range,Right Side Center(RC),16-24 ft.,20.0,97.0,186.0,1,0,20140104,SAS,LAC
Shot Chart Detail,0021300494,130,2440,Matt Barnes,1610612746,Los Angeles Clippers,2,9,37,Made Shot,Layup Shot,2PT Field Goal,Restricted Area,Center(C),Less Than 8 ft.,0.0,1.0,4.0,1,1,20140104,SAS,LAC
Shot Chart Detail,0021300494,237,2440,Matt Barnes,1610612746,Los Angeles Clippers,2,0,30,Made Shot,Driving Layup Shot,2PT Field Goal,Restricted Area,Center(C),Less Than 8 ft.,3.0,0.0,39.0,1,1,20140104,SAS,LAC
Shot Chart Detail,0021300494,405,2440,Matt Barnes,1610612746,Los Angeles Clippers,4,9,42,Missed Shot,Jump Shot,3PT Field Goal,Above the Break 3,Right Side Center(RC),24+ ft.,25.0,182.0,184.0,1,0,20140104,SAS,LAC
Shot Chart Detail,0021300494,435,2440,Matt Barnes,1610612746,Los Angeles Clippers,4,8,1,Missed Shot,Jump Shot,3PT Field Goal,Above the Break 3,Left Side Center(LC),24+ ft.,25.0,-168.0,194.0,1,0,20140104,SAS,LAC
Shot Chart Detail,0021300494,493,2440,Matt Barnes,1610612746,Los Angeles Clippers,4,2,22,Missed Shot,Jump Shot,3PT Field Goal,Left Corner 3,Left Side(L),24+ ft.,23.0,-235.0,20.0,1,0,20140104,SAS,LAC
Shot Chart Detail,0021300494,510,2440,Matt Barnes,1610612746,Los Angeles Clippers,4,1,9,Missed Shot,Jump Shot,3PT Field Goal,Above the Break 3,Left Side Center(LC),24+ ft.,25.0,-215.0,140.0,1,0,20140104,SAS,LAC
Shot Chart Detail,0021300507,98,2440,Matt Barnes,1610612746,Los Angeles Clippers,1,2,37,Made Shot,Jump Shot,3PT Field Goal,Above the Break 3,Right Side Center(RC),24+ ft.,25.0,83.0,236.0,1,1,20140106,LAC,ORL
Shot Chart Detail,0021300507,111,2440,Matt Barnes,1610612746,Los Angeles Clippers,1,1,8,Missed Shot,Jump Shot,2PT Field Goal,Mid-Range,Right Side Center(RC),16-24 ft.,21.0,154.0,148.0,1,0,20140106,LAC,ORL
Shot Chart Detail,0021300507,212,2440,Matt Barnes,1610612746,Los Angeles Clippers,2,5,17,Missed Shot,Jump Shot,3PT Field Goal,Right Corner 3,Right Side(R),24+ ft.,23.0,231.0,-2.0,1,0,20140106,LAC,ORL
Shot Chart Detail,0021300507,221,2440,Matt Barnes,1610612746,Los Angeles Clippers,2,4,23,Missed Shot,Jump Shot,2PT Field Goal,Mid-Range,Left Side(L),16-24 ft.,20.0,-199.0,41.0,1,0,20140106,LAC,ORL
Shot Chart Detail,0021300507,370,2440,Matt Barnes,1610612746,Los Angeles Clippers,3,2,48,Missed Shot,Jump Shot,3PT Field Goal,Above the Break 3,Right Side Center(RC),24+ ft.,26.0,168.0,208.0,1,0,20140106,LAC,ORL
Shot Chart Detail,0021300507,387,2440,Matt Barnes,1610612746,Los Angeles Clippers,3,1,10,Missed Shot,Layup Shot,2PT Field Goal,Restricted Area,Center(C),Less Than 8 ft.,2.0,23.0,-5.0,1,0,20140106,LAC,ORL
Shot Chart Detail,0021300507,402,2440,Matt Barnes,1610612746,Los Angeles Clippers,3,0,22,Missed Shot,Jump Shot,2PT Field Goal,Mid-Range,Right Side Center(RC),16-24 ft.,21.0,130.0,172.0,1,0,20140106,LAC,ORL
Shot Chart Detail,0021300507,417,2440,Matt Barnes,1610612746,Los Angeles Clippers,4,11,33,Missed Shot,Layup Shot,2PT Field Goal,Restricted Area,Center(C),Less Than 8 ft.,1.0,-16.0,-5.0,1,0,20140106,LAC,ORL
Shot Chart Detail,0021300507,420,2440,Matt Barnes,1610612746,Los Angeles Clippers,4,11,13,Missed Shot,Jump Shot,3PT Field Goal,Above the Break 3,Left Side Center(LC),24+ ft.,24.0,-158.0,192.0,1,0,20140106,LAC,ORL
Shot Chart Detail,0021300507,462,2440,Matt Barnes,1610612746,Los Angeles Clippers,4,7,10,Missed Shot,Jump Shot,3PT Field Goal,Left Corner 3,Left Side(L),24+ ft.,23.0,-237.0,-13.0,1,0,20140106,LAC,ORL
Shot Chart Detail,0021300528,127,2440,Matt Barnes,1610612746,Los Angeles Clippers,1,0,6,Made Shot,Jump Shot,3PT Field Goal,Left Corner 3,Left Side(L),24+ ft.,22.0,-228.0,4.0,1,1,20140108,LAC,BOS
Shot Chart Detail,0021300528,151,2440,Matt Barnes,1610612746,Los Angeles Clippers,2,9,38,Missed Shot,Jump Shot,2PT Field Goal,Mid-Range,Left Side(L),16-24 ft.,19.0,-187.0,69.0,1,0,20140108,LAC,BOS
Shot Chart Detail,0021300528,183,2440,Matt Barnes,1610612746,Los Angeles Clippers,2,6,42,Missed Shot,Jump Shot,3PT Field Goal,Left Corner 3,Left Side(L),24+ ft.,23.0,-234.0,7.0,1,0,20140108,LAC,BOS
Shot Chart Detail,0021300542,127,2440,Matt Barnes,1610612746,Los Angeles Clippers,1,0,30,Missed Shot,Layup Shot,2PT Field Goal,Restricted Area,Center(C),Less Than 8 ft.,2.0,20.0,1.0,1,0,20140110,LAC,LAL
Shot Chart Detail,0021300542,135,2440,Matt Barnes,1610612746,Los Angeles Clippers,1,0,4,Missed Shot,Jump Shot,3PT Field Goal,Above the Break 3,Right Side Center(RC),24+ ft.,28.0,195.0,213.0,1,0,20140110,LAC,LAL
Shot Chart Detail,0021300542,168,2440,Matt Barnes,1610612746,Los Angeles Clippers,2,9,20,Missed Shot,Jump Shot,3PT Field Goal,Above the Break 3,Center(C),24+ ft.,25.0,-60.0,249.0,1,0,20140110,LAC,LAL
Shot Chart Detail,0021300542,188,2440,Matt Barnes,1610612746,Los Angeles Clippers,2,7,41,Missed Shot,Tip Shot,2PT Field Goal,Restricted Area,Center(C),Less Than 8 ft.,0.0,0.0,9.0,1,0,20140110,LAC,LAL
Shot Chart Detail,0021300542,444,2440,Matt Barnes,1610612746,Los Angeles Clippers,4,10,57,Missed Shot,Jump Shot,2PT Field Goal,Mid-Range,Right Side Center(RC),16-24 ft.,20.0,94.0,178.0,1,0,20140110,LAC,LAL
Shot Chart Detail,0021300542,491,2440,Matt Barnes,1610612746,Los Angeles Clippers,4,7,10,Made Shot,Layup Shot,2PT Field Goal,Restricted Area,Center(C),Less Than 8 ft.,0.0,2.0,7.0,1,1,20140110,LAC,LAL
Shot Chart Detail,0021300542,507,2440,Matt Barnes,1610612746,Los Angeles Clippers,4,5,52,Made Shot,Driving Layup Shot,2PT Field Goal,Restricted Area,Center(C),Less Than 8 ft.,2.0,23.0,3.0,1,1,20140110,LAC,LAL
Shot Chart Detail,0021300542,509,2440,Matt Barnes,1610612746,Los Angeles Clippers,4,5,31,Missed Shot,Jump Shot,3PT Field Goal,Above the Break 3,Left Side Center(LC),24+ ft.,24.0,-175.0,165.0,1,0,20140110,LAC,LAL
Shot Chart Detail,0021300577,108,2440,Matt Barnes,1610612746,Los Angeles Clippers,1,2,8,Missed Shot,Jump Shot,3PT Field Goal,Right Corner 3,Right Side(R),24+ ft.,24.0,241.0,47.0,1,0,20140115,LAC,DAL
Shot Chart Detail,0021300577,129,2440,Matt Barnes,1610612746,Los Angeles Clippers,1,1,7,Made Shot,Dunk Shot,2PT Field Goal,Restricted Area,Center(C),Less Than 8 ft.,2.0,10.0,22.0,1,1,20140115,LAC,DAL
Shot Chart Detail,0021300577,164,2440,Matt Barnes,1610612746,Los Angeles Clippers,2,9,44,Made Shot,Jump Shot,3PT Field Goal,Above the Break 3,Right Side Center(RC),24+ ft.,27.0,160.0,228.0,1,1,20140115,LAC,DAL
Shot Chart Detail,0021300577,181,2440,Matt Barnes,1610612746,Los Angeles Clippers,2,8,24,Made Shot,Turnaround Bank shot,2PT Field Goal,In The Paint (Non-RA),Center(C),Less Than 8 ft.,5.0,-2.0,50.0,1,1,20140115,LAC,DAL
Shot Chart Detail,0021300577,183,2440,Matt Barnes,1610612746,Los Angeles Clippers,2,7,55,Missed Shot,Jump Shot,3PT Field Goal,Above the Break 3,Right Side Center(RC),24+ ft.,28.0,168.0,230.0,1,0,20140115,LAC,DAL
Shot Chart Detail,0021300577,192,2440,Matt Barnes,1610612746,Los Angeles Clippers,2,6,58,Missed Shot,Jump Shot,2PT Field Goal,Mid-Range,Right Side(R),16-24 ft.,17.0,157.0,69.0,1,0,20140115,LAC,DAL
Shot Chart Detail,0021300577,209,2440,Matt Barnes,1610612746,Los Angeles Clippers,2,5,18,Made Shot,Layup Shot,2PT Field Goal,Restricted Area,Center(C),Less Than 8 ft.,2.0,10.0,26.0,1,1,20140115,LAC,DAL
Shot Chart Detail,0021300577,223,2440,Matt Barnes,1610612746,Los Angeles Clippers,2,4,13,Made Shot,Layup Shot,2PT Field Goal,Restricted Area,Center(C),Less Than 8 ft.,2.0,15.0,22.0,1,1,20140115,LAC,DAL
Shot Chart Detail,0021300577,363,2440,Matt Barnes,1610612746,Los Angeles Clippers,3,4,52,Made Shot,Jump Shot,3PT Field Goal,Right Corner 3,Right Side(R),24+ ft.,25.0,250.0,-28.0,1,1,20140115,LAC,DAL
Shot Chart Detail,0021300577,383,2440,Matt Barnes,1610612746,Los Angeles Clippers,3,3,17,Made Shot,Jump Shot,3PT Field Goal,Above the Break 3,Left Side Center(LC),24+ ft.,27.0,-166.0,216.0,1,1,20140115,LAC,DAL
Shot Chart Detail,0021300577,385,2440,Matt Barnes,1610612746,Los Angeles Clippers,3,2,47,Made Shot,Jump Shot,3PT Field Goal,Above the Break 3,Left Side Center(LC),24+ ft.,24.0,-122.0,216.0,1,1,20140115,LAC,DAL
Shot Chart Detail,0021300577,398,2440,Matt Barnes,1610612746,Los Angeles Clippers,3,1,50,Missed Shot,Jump Shot,3PT Field Goal,Right Corner 3,Right Side(R),24+ ft.,24.0,241.0,23.0,1,0,20140115,LAC,DAL
Shot Chart Detail,0021300577,404,2440,Matt Barnes,1610612746,Los Angeles Clippers,3,0,45,Missed Shot,Jump Shot,2PT Field Goal,Restricted Area,Center(C),Less Than 8 ft.,3.0,-21.0,33.0,1,0,20140115,LAC,DAL
Shot Chart Detail,0021300577,437,2440,Matt Barnes,1610612746,Los Angeles Clippers,4,9,44,Made Shot,Floating Jump shot,2PT Field Goal,In The Paint (Non-RA),Center(C),Less Than 8 ft.,4.0,-11.0,41.0,1,1,20140115,LAC,DAL
Shot Chart Detail,0021300577,451,2440,Matt Barnes,1610612746,Los Angeles Clippers,4,8,33,Missed Shot,Jump Shot,3PT Field Goal,Left Corner 3,Left Side(L),24+ ft.,22.0,-228.0,17.0,1,0,20140115,LAC,DAL
Shot Chart Detail,0021300577,461,2440,Matt Barnes,1610612746,Los Angeles Clippers,4,7,53,Missed Shot,Layup Shot,2PT Field Goal,Restricted Area,Center(C),Less Than 8 ft.,2.0,6.0,26.0,1,0,20140115,LAC,DAL
Shot Chart Detail,0021300577,529,2440,Matt Barnes,1610612746,Los Angeles Clippers,4,2,27,Missed Shot,Jump Shot,3PT Field Goal,Right Corner 3,Right Side(R),24+ ft.,24.0,242.0,4.0,1,0,20140115,LAC,DAL
Shot Chart Detail,0021300577,545,2440,Matt Barnes,1610612746,Los Angeles Clippers,4,1,41,Made Shot,Jump Shot,3PT Field Goal,Above the Break 3,Left Side Center(LC),24+ ft.,26.0,-105.0,238.0,1,1,20140115,LAC,DAL
Shot Chart Detail,0021300581,90,2440,Matt Barnes,1610612746,Los Angeles Clippers,1,2,56,Missed Shot,Jump Shot,2PT Field Goal,Mid-Range,Left Side(L),16-24 ft.,18.0,-164.0,75.0,1,0,20140117,NYK,LAC
Shot Chart Detail,0021300581,101,2440,Matt Barnes,1610612746,Los Angeles Clippers,1,1,57,Missed Shot,Driving Layup Shot,2PT Field Goal,Restricted Area,Center(C),Less Than 8 ft.,2.0,-21.0,4.0,1,0,20140117,NYK,LAC
Shot Chart Detail,0021300581,128,2440,Matt Barnes,1610612746,Los Angeles Clippers,2,11,45,Missed Shot,Jump Shot,2PT Field Goal,In The Paint (Non-RA),Center(C),Less Than 8 ft.,5.0,24.0,45.0,1,0,20140117,NYK,LAC
Shot Chart Detail,0021300581,147,2440,Matt Barnes,1610612746,Los Angeles Clippers,2,10,13,Missed Shot,Jump Shot,3PT Field Goal,Above the Break 3,Right Side Center(RC),24+ ft.,25.0,118.0,228.0,1,0,20140117,NYK,LAC
Shot Chart Detail,0021300581,150,2440,Matt Barnes,1610612746,Los Angeles Clippers,2,9,38,Missed Shot,Jump Shot,3PT Field Goal,Right Corner 3,Right Side(R),24+ ft.,24.0,247.0,-16.0,1,0,20140117,NYK,LAC
Shot Chart Detail,0021300581,202,2440,Matt Barnes,1610612746,Los Angeles Clippers,2,6,54,Made Shot,Driving Layup Shot,2PT Field Goal,Restricted Area,Center(C),Less Than 8 ft.,1.0,-15.0,4.0,1,1,20140117,NYK,LAC
Shot Chart Detail,0021300581,235,2440,Matt Barnes,1610612746,Los Angeles Clippers,2,4,27,Missed Shot,Jump Shot,3PT Field Goal,Above the Break 3,Right Side Center(RC),24+ ft.,25.0,220.0,134.0,1,0,20140117,NYK,LAC
Shot Chart Detail,0021300581,350,2440,Matt Barnes,1610612746,Los Angeles Clippers,3,8,5,Missed Shot,Jump Shot,3PT Field Goal,Above the Break 3,Left Side Center(LC),24+ ft.,24.0,-196.0,148.0,1,0,20140117,NYK,LAC
Shot Chart Detail,0021300581,419,2440,Matt Barnes,1610612746,Los Angeles Clippers,3,2,33,Made Shot,Layup Shot,2PT Field Goal,Restricted Area,Center(C),Less Than 8 ft.,2.0,28.0,4.0,1,1,20140117,NYK,LAC
Shot Chart Detail,0021300594,156,2440,Matt Barnes,1610612746,Los Angeles Clippers,2,8,22,Missed Shot,Layup Shot,2PT Field Goal,Restricted Area,Center(C),Less Than 8 ft.,2.0,21.0,17.0,1,0,20140118,IND,LAC
Shot Chart Detail,0021300594,333,2440,Matt Barnes,1610612746,Los Angeles Clippers,3,5,42,Made Shot,Running Jump Shot,2PT Field Goal,In The Paint (Non-RA),Center(C),Less Than 8 ft.,6.0,-29.0,55.0,1,1,20140118,IND,LAC
Shot Chart Detail,0021300594,417,2440,Matt Barnes,1610612746,Los Angeles Clippers,4,10,59,Made Shot,Layup Shot,2PT Field Goal,Restricted Area,Center(C),Less Than 8 ft.,2.0,-4.0,25.0,1,1,20140118,IND,LAC
Shot Chart Detail,0021300594,432,2440,Matt Barnes,1610612746,Los Angeles Clippers,4,9,19,Missed Shot,Jump Shot,3PT Field Goal,Left Corner 3,Left Side(L),24+ ft.,23.0,-232.0,11.0,1,0,20140118,IND,LAC
Shot Chart Detail,0021300594,496,2440,Matt Barnes,1610612746,Los Angeles Clippers,4,2,44,Missed Shot,Jump Shot,3PT Field Goal,Above the Break 3,Right Side Center(RC),24+ ft.,25.0,111.0,233.0,1,0,20140118,IND,LAC
Shot Chart Detail,0021300607,7,2440,Matt Barnes,1610612746,Los Angeles Clippers,1,11,4,Made Shot,Hook Shot,2PT Field Goal,In The Paint (Non-RA),Center(C),Less Than 8 ft.,5.0,48.0,25.0,1,1,20140120,DET,LAC
Shot Chart Detail,0021300607,39,2440,Matt Barnes,1610612746,Los Angeles Clippers,1,6,37,Missed Shot,Jump Shot,3PT Field Goal,Left Corner 3,Left Side(L),24+ ft.,23.0,-237.0,4.0,1,0,20140120,DET,LAC
Shot Chart Detail,0021300607,232,2440,Matt Barnes,1610612746,Los Angeles Clippers,2,2,21,Missed Shot,Layup Shot,2PT Field Goal,Restricted Area,Center(C),Less Than 8 ft.,2.0,-24.0,7.0,1,0,20140120,DET,LAC
Shot Chart Detail,0021300607,245,2440,Matt Barnes,1610612746,Los Angeles Clippers,2,1,27,Made Shot,Jump Shot,3PT Field Goal,Right Corner 3,Right Side(R),24+ ft.,22.0,226.0,19.0,1,1,20140120,DET,LAC
Shot Chart Detail,0021300607,248,2440,Matt Barnes,1610612746,Los Angeles Clippers,2,1,5,Made Shot,Layup Shot,2PT Field Goal,Restricted Area,Center(C),Less Than 8 ft.,1.0,-11.0,4.0,1,1,20140120,DET,LAC
Shot Chart Detail,0021300607,300,2440,Matt Barnes,1610612746,Los Angeles Clippers,3,9,1,Missed Shot,Jump Shot,3PT Field Goal,Left Corner 3,Left Side(L),24+ ft.,23.0,-234.0,26.0,1,0,20140120,DET,LAC
Shot Chart Detail,0021300607,335,2440,Matt Barnes,1610612746,Los Angeles Clippers,3,6,56,Missed Shot,Layup Shot,2PT Field Goal,Restricted Area,Center(C),Less Than 8 ft.,0.0,-2.0,3.0,1,0,20140120,DET,LAC
Shot Chart Detail,0021300607,368,2440,Matt Barnes,1610612746,Los Angeles Clippers,3,3,32,Made Shot,Jump Shot,3PT Field Goal,Above the Break 3,Left Side Center(LC),24+ ft.,26.0,-93.0,249.0,1,1,20140120,DET,LAC
Shot Chart Detail,0021300621,4,2440,Matt Barnes,1610612746,Los Angeles Clippers,1,11,8,Missed Shot,Jump Shot,2PT Field Goal,Mid-Range,Center(C),16-24 ft.,20.0,9.0,201.0,1,0,20140122,CHA,LAC
Shot Chart Detail,0021300621,11,2440,Matt Barnes,1610612746,Los Angeles Clippers,1,9,43,Missed Shot,Layup Shot,2PT Field Goal,Restricted Area,Center(C),Less Than 8 ft.,0.0,6.0,1.0,1,0,20140122,CHA,LAC
Shot Chart Detail,0021300621,36,2440,Matt Barnes,1610612746,Los Angeles Clippers,1,7,8,Made Shot,Layup Shot,2PT Field Goal,Restricted Area,Center(C),Less Than 8 ft.,1.0,10.0,-6.0,1,1,20140122,CHA,LAC
Shot Chart Detail,0021300621,180,2440,Matt Barnes,1610612746,Los Angeles Clippers,2,4,24,Missed Shot,Layup Shot,2PT Field Goal,Restricted Area,Center(C),Less Than 8 ft.,1.0,17.0,7.0,1,0,20140122,CHA,LAC
Shot Chart Detail,0021300621,238,2440,Matt Barnes,1610612746,Los Angeles Clippers,3,11,6,Missed Shot,Jump Shot,3PT Field Goal,Above the Break 3,Right Side Center(RC),24+ ft.,24.0,173.0,179.0,1,0,20140122,CHA,LAC
Shot Chart Detail,0021300621,294,2440,Matt Barnes,1610612746,Los Angeles Clippers,3,4,44,Made Shot,Layup Shot,2PT Field Goal,Restricted Area,Center(C),Less Than 8 ft.,1.0,-11.0,1.0,1,1,20140122,CHA,LAC
Shot Chart Detail,0021300621,302,2440,Matt Barnes,1610612746,Los Angeles Clippers,3,4,4,Missed Shot,Jump Shot,2PT Field Goal,In The Paint (Non-RA),Center(C),8-16 ft.,9.0,12.0,94.0,1,0,20140122,CHA,LAC
Shot Chart Detail,0021300641,17,2440,Matt Barnes,1610612746,Los Angeles Clippers,1,9,3,Made Shot,Jump Shot,3PT Field Goal,Right Corner 3,Right Side(R),24+ ft.,23.0,234.0,-10.0,1,1,20140124,CHI,LAC
Shot Chart Detail,0021300641,68,2440,Matt Barnes,1610612746,Los Angeles Clippers,1,3,16,Made Shot,Jump Shot,3PT Field Goal,Above the Break 3,Right Side Center(RC),24+ ft.,24.0,226.0,93.0,1,1,20140124,CHI,LAC
Shot Chart Detail,0021300641,81,2440,Matt Barnes,1610612746,Los Angeles Clippers,1,2,11,Made Shot,Jump Shot,3PT Field Goal,Above the Break 3,Center(C),24+ ft.,24.0,51.0,241.0,1,1,20140124,CHI,LAC
Shot Chart Detail,0021300641,216,2440,Matt Barnes,1610612746,Los Angeles Clippers,2,1,38,Made Shot,Running Layup Shot,2PT Field Goal,Restricted Area,Center(C),Less Than 8 ft.,2.0,-29.0,7.0,1,1,20140124,CHI,LAC
Shot Chart Detail,0021300641,229,2440,Matt Barnes,1610612746,Los Angeles Clippers,2,0,46,Missed Shot,Jump Shot,3PT Field Goal,Left Corner 3,Left Side(L),24+ ft.,22.0,-228.0,-25.0,1,0,20140124,CHI,LAC
Shot Chart Detail,0021300641,253,2440,Matt Barnes,1610612746,Los Angeles Clippers,3,9,58,Made Shot,Driving Layup Shot,2PT Field Goal,Restricted Area,Center(C),Less Than 8 ft.,1.0,13.0,0.0,1,1,20140124,CHI,LAC
Shot Chart Detail,0021300647,10,2440,Matt Barnes,1610612746,Los Angeles Clippers,1,10,4,Missed Shot,Driving Layup Shot,2PT Field Goal,Restricted Area,Center(C),Less Than 8 ft.,2.0,-29.0,6.0,1,0,20140125,TOR,LAC
Shot Chart Detail,0021300647,47,2440,Matt Barnes,1610612746,Los Angeles Clippers,1,6,38,Made Shot,Jump Shot,3PT Field Goal,Above the Break 3,Left Side Center(LC),24+ ft.,26.0,-215.0,154.0,1,1,20140125,TOR,LAC
Shot Chart Detail,0021300647,110,2440,Matt Barnes,1610612746,Los Angeles Clippers,1,0,8,Made Shot,Driving Dunk Shot,2PT Field Goal,Restricted Area,Center(C),Less Than 8 ft.,2.0,23.0,7.0,1,1,20140125,TOR,LAC
Shot Chart Detail,0021300647,262,2440,Matt Barnes,1610612746,Los Angeles Clippers,2,0,47,Missed Shot,Jump Shot,2PT Field Goal,Mid-Range,Right Side(R),16-24 ft.,19.0,195.0,-2.0,1,0,20140125,TOR,LAC
Shot Chart Detail,0021300647,294,2440,Matt Barnes,1610612746,Los Angeles Clippers,3,11,24,Made Shot,Jump Shot,3PT Field Goal,Left Corner 3,Left Side(L),24+ ft.,23.0,-237.0,6.0,1,1,20140125,TOR,LAC
Shot Chart Detail,0021300647,305,2440,Matt Barnes,1610612746,Los Angeles Clippers,3,10,7,Made Shot,Jump Shot,3PT Field Goal,Above the Break 3,Right Side Center(RC),24+ ft.,25.0,237.0,96.0,1,1,20140125,TOR,LAC
Shot Chart Detail,0021300647,343,2440,Matt Barnes,1610612746,Los Angeles Clippers,3,6,57,Missed Shot,Driving Jump shot,2PT Field Goal,In The Paint (Non-RA),Center(C),Less Than 8 ft.,4.0,42.0,9.0,1,0,20140125,TOR,LAC
Shot Chart Detail,0021300665,60,2440,Matt Barnes,1610612746,Los Angeles Clippers,1,5,31,Missed Shot,Jump Shot,2PT Field Goal,Mid-Range,Right Side(R),16-24 ft.,19.0,195.0,-14.0,1,0,20140127,MIL,LAC
Shot Chart Detail,0021300665,91,2440,Matt Barnes,1610612746,Los Angeles Clippers,1,2,56,Missed Shot,Jump Shot,3PT Field Goal,Above the Break 3,Center(C),24+ ft.,26.0,-57.0,255.0,1,0,20140127,MIL,LAC
Shot Chart Detail,0021300665,102,2440,Matt Barnes,1610612746,Los Angeles Clippers,1,1,51,Missed Shot,Jump Shot,3PT Field Goal,Above the Break 3,Left Side Center(LC),24+ ft.,26.0,-237.0,127.0,1,0,20140127,MIL,LAC
Shot Chart Detail,0021300665,207,2440,Matt Barnes,1610612746,Los Angeles Clippers,2,4,29,Missed Shot,Jump Shot,3PT Field Goal,Above the Break 3,Right Side Center(RC),24+ ft.,25.0,222.0,116.0,1,0,20140127,MIL,LAC
Shot Chart Detail,0021300665,232,2440,Matt Barnes,1610612746,Los Angeles Clippers,2,1,59,Missed Shot,Layup Shot,2PT Field Goal,Restricted Area,Center(C),Less Than 8 ft.,2.0,-21.0,-6.0,1,0,20140127,MIL,LAC
Shot Chart Detail,0021300665,282,2440,Matt Barnes,1610612746,Los Angeles Clippers,3,9,10,Missed Shot,Jump Shot,2PT Field Goal,In The Paint (Non-RA),Center(C),Less Than 8 ft.,5.0,-52.0,15.0,1,0,20140127,MIL,LAC
Shot Chart Detail,0021300665,284,2440,Matt Barnes,1610612746,Los Angeles Clippers,3,8,57,Made Shot,Jump Shot,3PT Field Goal,Above the Break 3,Left Side Center(LC),24+ ft.,25.0,-185.0,178.0,1,1,20140127,MIL,LAC
Shot Chart Detail,0021300665,321,2440,Matt Barnes,1610612746,Los Angeles Clippers,3,5,3,Missed Shot,Jump Shot,3PT Field Goal,Above the Break 3,Left Side Center(LC),24+ ft.,26.0,-229.0,129.0,1,0,20140127,MIL,LAC
Shot Chart Detail,0021300665,349,2440,Matt Barnes,1610612746,Los Angeles Clippers,3,1,51,Missed Shot,Jump Shot,3PT Field Goal,Left Corner 3,Left Side(L),24+ ft.,23.0,-235.0,-17.0,1,0,20140127,MIL,LAC
Shot Chart Detail,0021300685,18,2440,Matt Barnes,1610612746,Los Angeles Clippers,1,10,22,Missed Shot,Jump Shot,2PT Field Goal,In The Paint (Non-RA),Center(C),Less Than 8 ft.,5.0,43.0,36.0,1,0,20140129,LAC,WAS
Shot Chart Detail,0021300685,22,2440,Matt Barnes,1610612746,Los Angeles Clippers,1,10,1,Missed Shot,Jump Shot,3PT Field Goal,Right Corner 3,Right Side(R),24+ ft.,23.0,239.0,-10.0,1,0,20140129,LAC,WAS
Shot Chart Detail,0021300685,45,2440,Matt Barnes,1610612746,Los Angeles Clippers,1,8,3,Made Shot,Layup Shot,2PT Field Goal,Restricted Area,Center(C),Less Than 8 ft.,0.0,7.0,-5.0,1,1,20140129,LAC,WAS
Shot Chart Detail,0021300685,197,2440,Matt Barnes,1610612746,Los Angeles Clippers,2,8,3,Missed Shot,Layup Shot,2PT Field Goal,Restricted Area,Center(C),Less Than 8 ft.,2.0,26.0,-3.0,1,0,20140129,LAC,WAS
Shot Chart Detail,0021300685,238,2440,Matt Barnes,1610612746,Los Angeles Clippers,2,5,7,Missed Shot,Layup Shot,2PT Field Goal,Restricted Area,Center(C),Less Than 8 ft.,1.0,-10.0,-2.0,1,0,20140129,LAC,WAS
Shot Chart Detail,0021300685,254,2440,Matt Barnes,1610612746,Los Angeles Clippers,2,3,31,Made Shot,Jump Shot,2PT Field Goal,Mid-Range,Right Side(R),16-24 ft.,17.0,174.0,3.0,1,1,20140129,LAC,WAS
Shot Chart Detail,0021300685,332,2440,Matt Barnes,1610612746,Los Angeles Clippers,3,7,40,Missed Shot,Layup Shot,2PT Field Goal,Restricted Area,Center(C),Less Than 8 ft.,2.0,26.0,0.0,1,0,20140129,LAC,WAS
Shot Chart Detail,0021300688,3,2440,Matt Barnes,1610612746,Los Angeles Clippers,1,11,24,Missed Shot,Driving Layup Shot,2PT Field Goal,Restricted Area,Center(C),Less Than 8 ft.,2.0,-18.0,17.0,1,0,20140130,GSW,LAC
Shot Chart Detail,0021300688,53,2440,Matt Barnes,1610612746,Los Angeles Clippers,1,6,21,Missed Shot,Jump Shot,3PT Field Goal,Above the Break 3,Right Side Center(RC),24+ ft.,27.0,147.0,231.0,1,0,20140130,GSW,LAC
Shot Chart Detail,0021300688,306,2440,Matt Barnes,1610612746,Los Angeles Clippers,3,6,7,Missed Shot,Jump Shot,2PT Field Goal,Mid-Range,Center(C),16-24 ft.,22.0,64.0,216.0,1,0,20140130,GSW,LAC
Shot Chart Detail,0021300708,8,2440,Matt Barnes,1610612746,Los Angeles Clippers,1,10,41,Made Shot,Alley Oop Layup shot,2PT Field Goal,Restricted Area,Center(C),Less Than 8 ft.,2.0,15.0,15.0,1,1,20140201,LAC,UTA
Shot Chart Detail,0021300708,45,2440,Matt Barnes,1610612746,Los Angeles Clippers,1,7,9,Missed Shot,Jump Shot,3PT Field Goal,Above the Break 3,Right Side Center(RC),24+ ft.,25.0,146.0,206.0,1,0,20140201,LAC,UTA
Shot Chart Detail,0021300708,64,2440,Matt Barnes,1610612746,Los Angeles Clippers,1,5,24,Made Shot,Driving Layup Shot,2PT Field Goal,Restricted Area,Center(C),Less Than 8 ft.,2.0,9.0,22.0,1,1,20140201,LAC,UTA
Shot Chart Detail,0021300708,235,2440,Matt Barnes,1610612746,Los Angeles Clippers,2,1,4,Missed Shot,Jump Bank Shot,2PT Field Goal,In The Paint (Non-RA),Center(C),Less Than 8 ft.,4.0,-24.0,33.0,1,0,20140201,LAC,UTA
Shot Chart Detail,0021300708,340,2440,Matt Barnes,1610612746,Los Angeles Clippers,3,6,9,Missed Shot,Jump Shot,2PT Field Goal,Mid-Range,Center(C),16-24 ft.,21.0,-26.0,209.0,1,0,20140201,LAC,UTA
Shot Chart Detail,0021300708,347,2440,Matt Barnes,1610612746,Los Angeles Clippers,3,5,19,Made Shot,Driving Dunk Shot,2PT Field Goal,Restricted Area,Center(C),Less Than 8 ft.,1.0,12.0,3.0,1,1,20140201,LAC,UTA
Shot Chart Detail,0021300708,546,2440,Matt Barnes,1610612746,Los Angeles Clippers,4,2,6,Missed Shot,Jump Shot,3PT Field Goal,Left Corner 3,Left Side(L),24+ ft.,23.0,-232.0,6.0,1,0,20140201,LAC,UTA
Shot Chart Detail,0021300718,31,2440,Matt Barnes,1610612746,Los Angeles Clippers,1,8,25,Missed Shot,Jump Shot,2PT Field Goal,In The Paint (Non-RA),Center(C),8-16 ft.,10.0,31.0,97.0,1,0,20140203,DEN,LAC
Shot Chart Detail,0021300718,225,2440,Matt Barnes,1610612746,Los Angeles Clippers,2,4,36,Missed Shot,Jump Shot,3PT Field Goal,Right Corner 3,Right Side(R),24+ ft.,23.0,234.0,20.0,1,0,20140203,DEN,LAC
Shot Chart Detail,0021300718,247,2440,Matt Barnes,1610612746,Los Angeles Clippers,2,3,13,Made Shot,Reverse Layup Shot,2PT Field Goal,Restricted Area,Center(C),Less Than 8 ft.,2.0,26.0,3.0,1,1,20140203,DEN,LAC
Shot Chart Detail,0021300718,250,2440,Matt Barnes,1610612746,Los Angeles Clippers,2,2,58,Missed Shot,Jump Shot,3PT Field Goal,Left Corner 3,Left Side(L),24+ ft.,22.0,-229.0,12.0,1,0,20140203,DEN,LAC
Shot Chart Detail,0021300718,291,2440,Matt Barnes,1610612746,Los Angeles Clippers,2,0,39,Missed Shot,Jump Shot,3PT Field Goal,Above the Break 3,Left Side Center(LC),24+ ft.,25.0,-207.0,157.0,1,0,20140203,DEN,LAC
Shot Chart Detail,0021300718,311,2440,Matt Barnes,1610612746,Los Angeles Clippers,3,10,58,Missed Shot,Jump Shot,3PT Field Goal,Above the Break 3,Right Side Center(RC),24+ ft.,25.0,135.0,222.0,1,0,20140203,DEN,LAC
Shot Chart Detail,0021300718,338,2440,Matt Barnes,1610612746,Los Angeles Clippers,3,8,16,Made Shot,Jump Shot,3PT Field Goal,Above the Break 3,Left Side Center(LC),24+ ft.,24.0,-175.0,178.0,1,1,20140203,DEN,LAC
Shot Chart Detail,0021300718,360,2440,Matt Barnes,1610612746,Los Angeles Clippers,3,6,9,Missed Shot,Jump Shot,2PT Field Goal,Mid-Range,Left Side(L),16-24 ft.,18.0,-171.0,78.0,1,0,20140203,DEN,LAC
Shot Chart Detail,0021300718,511,2440,Matt Barnes,1610612746,Los Angeles Clippers,4,7,8,Made Shot,Driving Layup Shot,2PT Field Goal,Restricted Area,Center(C),Less Than 8 ft.,1.0,7.0,11.0,1,1,20140203,DEN,LAC
Shot Chart Detail,0021300718,615,2440,Matt Barnes,1610612746,Los Angeles Clippers,4,0,6,Made Shot,Jump Shot,3PT Field Goal,Above the Break 3,Right Side Center(RC),24+ ft.,25.0,177.0,179.0,1,1,20140203,DEN,LAC
Shot Chart Detail,0021300736,4,2440,Matt Barnes,1610612746,Los Angeles Clippers,1,11,21,Missed Shot,Layup Shot,2PT Field Goal,Restricted Area,Center(C),Less Than 8 ft.,2.0,-19.0,9.0,1,0,20140205,LAC,MIA
Shot Chart Detail,0021300736,18,2440,Matt Barnes,1610612746,Los Angeles Clippers,1,9,39,Made Shot,Jump Shot,3PT Field Goal,Above the Break 3,Left Side Center(LC),24+ ft.,26.0,-161.0,208.0,1,1,20140205,LAC,MIA
Shot Chart Detail,0021300736,34,2440,Matt Barnes,1610612746,Los Angeles Clippers,1,6,53,Missed Shot,Jump Shot,3PT Field Goal,Above the Break 3,Right Side Center(RC),24+ ft.,26.0,189.0,183.0,1,0,20140205,LAC,MIA
Shot Chart Detail,0021300736,224,2440,Matt Barnes,1610612746,Los Angeles Clippers,2,2,35,Missed Shot,Layup Shot,2PT Field Goal,Restricted Area,Center(C),Less Than 8 ft.,1.0,0.0,19.0,1,0,20140205,LAC,MIA
Shot Chart Detail,0021300736,231,2440,Matt Barnes,1610612746,Los Angeles Clippers,2,2,4,Made Shot,Driving Layup Shot,2PT Field Goal,Restricted Area,Center(C),Less Than 8 ft.,2.0,24.0,3.0,1,1,20140205,LAC,MIA
Shot Chart Detail,0021300736,237,2440,Matt Barnes,1610612746,Los Angeles Clippers,2,1,48,Missed Shot,Jump Shot,3PT Field Goal,Above the Break 3,Left Side Center(LC),24+ ft.,25.0,-128.0,222.0,1,0,20140205,LAC,MIA
Shot Chart Detail,0021300736,297,2440,Matt Barnes,1610612746,Los Angeles Clippers,3,8,58,Missed Shot,Jump Shot,3PT Field Goal,Above the Break 3,Left Side Center(LC),24+ ft.,25.0,-207.0,149.0,1,0,20140205,LAC,MIA
Shot Chart Detail,0021300736,321,2440,Matt Barnes,1610612746,Los Angeles Clippers,3,6,22,Made Shot,Driving Dunk Shot,2PT Field Goal,Restricted Area,Center(C),Less Than 8 ft.,2.0,-11.0,17.0,1,1,20140205,LAC,MIA
Shot Chart Detail,0021300736,392,2440,Matt Barnes,1610612746,Los Angeles Clippers,3,1,29,Missed Shot,Jump Shot,2PT Field Goal,In The Paint (Non-RA),Center(C),Less Than 8 ft.,4.0,21.0,42.0,1,0,20140205,LAC,MIA
Shot Chart Detail,0021300736,418,2440,Matt Barnes,1610612746,Los Angeles Clippers,4,11,48,Made Shot,Driving Layup Shot,2PT Field Goal,Restricted Area,Center(C),Less Than 8 ft.,3.0,0.0,36.0,1,1,20140205,LAC,MIA
Shot Chart Detail,0021300736,495,2440,Matt Barnes,1610612746,Los Angeles Clippers,4,6,8,Missed Shot,Jump Shot,3PT Field Goal,Above the Break 3,Left Side Center(LC),24+ ft.,25.0,-131.0,224.0,1,0,20140205,LAC,MIA
Shot Chart Detail,0021300748,39,2440,Matt Barnes,1610612746,Los Angeles Clippers,1,8,11,Made Shot,Pullup Jump shot,2PT Field Goal,Mid-Range,Right Side Center(RC),16-24 ft.,17.0,127.0,116.0,1,1,20140207,LAC,TOR
Shot Chart Detail,0021300748,69,2440,Matt Barnes,1610612746,Los Angeles Clippers,1,4,58,Made Shot,Jump Shot,3PT Field Goal,Right Corner 3,Right Side(R),24+ ft.,24.0,241.0,-28.0,1,1,20140207,LAC,TOR
Shot Chart Detail,0021300748,81,2440,Matt Barnes,1610612746,Los Angeles Clippers,1,3,48,Missed Shot,Jump Shot,3PT Field Goal,Above the Break 3,Right Side Center(RC),24+ ft.,24.0,80.0,233.0,1,0,20140207,LAC,TOR
Shot Chart Detail,0021300748,327,2440,Matt Barnes,1610612746,Los Angeles Clippers,3,7,3,Made Shot,Jump Shot,3PT Field Goal,Right Corner 3,Right Side(R),24+ ft.,24.0,241.0,1.0,1,1,20140207,LAC,TOR
Shot Chart Detail,0021300748,486,2440,Matt Barnes,1610612746,Los Angeles Clippers,4,10,10,Missed Shot,Jump Shot,3PT Field Goal,Left Corner 3,Left Side(L),24+ ft.,24.0,-240.0,3.0,1,0,20140207,LAC,TOR
Shot Chart Detail,0021300748,528,2440,Matt Barnes,1610612746,Los Angeles Clippers,4,7,10,Made Shot,Jump Shot,3PT Field Goal,Above the Break 3,Right Side Center(RC),24+ ft.,26.0,166.0,211.0,1,1,20140207,LAC,TOR
Shot Chart Detail,0021300763,9,2440,Matt Barnes,1610612746,Los Angeles Clippers,1,10,56,Made Shot,Driving Layup Shot,2PT Field Goal,Restricted Area,Center(C),Less Than 8 ft.,2.0,23.0,4.0,1,1,20140209,LAC,PHI
Shot Chart Detail,0021300763,16,2440,Matt Barnes,1610612746,Los Angeles Clippers,1,10,22,Missed Shot,Jump Shot,3PT Field Goal,Left Corner 3,Left Side(L),24+ ft.,22.0,-223.0,-11.0,1,0,20140209,LAC,PHI
Shot Chart Detail,0021300763,48,2440,Matt Barnes,1610612746,Los Angeles Clippers,1,7,28,Made Shot,Jump Shot,3PT Field Goal,Right Corner 3,Right Side(R),24+ ft.,23.0,234.0,47.0,1,1,20140209,LAC,PHI
Shot Chart Detail,0021300763,75,2440,Matt Barnes,1610612746,Los Angeles Clippers,1,5,11,Missed Shot,Jump Shot,2PT Field Goal,Mid-Range,Left Side Center(LC),16-24 ft.,17.0,-125.0,123.0,1,0,20140209,LAC,PHI
Shot Chart Detail,0021300763,339,2440,Matt Barnes,1610612746,Los Angeles Clippers,3,9,20,Made Shot,Finger Roll Layup Shot,2PT Field Goal,Restricted Area,Center(C),Less Than 8 ft.,2.0,-7.0,26.0,1,1,20140209,LAC,PHI
Shot Chart Detail,0021300763,426,2440,Matt Barnes,1610612746,Los Angeles Clippers,3,2,39,Made Shot,Driving Dunk Shot,2PT Field Goal,Restricted Area,Center(C),Less Than 8 ft.,1.0,1.0,11.0,1,1,20140209,LAC,PHI
Shot Chart Detail,0021300789,70,2440,Matt Barnes,1610612746,Los Angeles Clippers,1,3,30,Missed Shot,Jump Shot,3PT Field Goal,Above the Break 3,Center(C),24+ ft.,26.0,54.0,255.0,1,0,20140212,LAC,POR
Shot Chart Detail,0021300789,249,2440,Matt Barnes,1610612746,Los Angeles Clippers,3,8,44,Made Shot,Driving Layup Shot,2PT Field Goal,Restricted Area,Center(C),Less Than 8 ft.,1.0,9.0,14.0,1,1,20140212,LAC,POR
Shot Chart Detail,0021300789,266,2440,Matt Barnes,1610612746,Los Angeles Clippers,3,7,11,Made Shot,Jump Shot,3PT Field Goal,Above the Break 3,Right Side Center(RC),24+ ft.,25.0,124.0,228.0,1,1,20140212,LAC,POR
Shot Chart Detail,0021300789,301,2440,Matt Barnes,1610612746,Los Angeles Clippers,3,3,48,Missed Shot,Layup Shot,2PT Field Goal,Restricted Area,Center(C),Less Than 8 ft.,2.0,15.0,20.0,1,0,20140212,LAC,POR
Shot Chart Detail,0021300789,508,2440,Matt Barnes,1610612746,Los Angeles Clippers,4,0,43,Missed Shot,Jump Shot,3PT Field Goal,Above the Break 3,Right Side Center(RC),24+ ft.,26.0,136.0,227.0,1,0,20140212,LAC,POR
Shot Chart Detail,0021300800,10,2440,Matt Barnes,1610612746,Los Angeles Clippers,1,10,33,Missed Shot,Jump Shot,3PT Field Goal,Above the Break 3,Left Side Center(LC),24+ ft.,24.0,-190.0,160.0,1,0,20140218,LAC,SAS
Shot Chart Detail,0021300800,205,2440,Matt Barnes,1610612746,Los Angeles Clippers,2,5,8,Missed Shot,Jump Shot,2PT Field Goal,In The Paint (Non-RA),Center(C),Less Than 8 ft.,4.0,39.0,30.0,1,0,20140218,LAC,SAS
Shot Chart Detail,0021300800,320,2440,Matt Barnes,1610612746,Los Angeles Clippers,3,7,17,Missed Shot,Layup Shot,2PT Field Goal,Restricted Area,Center(C),Less Than 8 ft.,1.0,15.0,11.0,1,0,20140218,LAC,SAS
Shot Chart Detail,0021300800,322,2440,Matt Barnes,1610612746,Los Angeles Clippers,3,7,13,Made Shot,Layup Shot,2PT Field Goal,Restricted Area,Center(C),Less Than 8 ft.,0.0,2.0,6.0,1,1,20140218,LAC,SAS
Shot Chart Detail,0021300800,326,2440,Matt Barnes,1610612746,Los Angeles Clippers,3,6,43,Missed Shot,Jump Shot,3PT Field Goal,Above the Break 3,Left Side Center(LC),24+ ft.,23.0,-92.0,219.0,1,0,20140218,LAC,SAS
Shot Chart Detail,0021300800,331,2440,Matt Barnes,1610612746,Los Angeles Clippers,3,6,19,Missed Shot,Jump Shot,3PT Field Goal,Left Corner 3,Left Side(L),24+ ft.,22.0,-224.0,1.0,1,0,20140218,LAC,SAS
Shot Chart Detail,0021300800,551,2440,Matt Barnes,1610612746,Los Angeles Clippers,4,2,14,Made Shot,Layup Shot,2PT Field Goal,Restricted Area,Center(C),Less Than 8 ft.,1.0,12.0,7.0,1,1,20140218,LAC,SAS
Shot Chart Detail,0021300821,8,2440,Matt Barnes,1610612746,Los Angeles Clippers,1,11,1,Missed Shot,Jump Shot,3PT Field Goal,Above the Break 3,Left Side Center(LC),24+ ft.,24.0,-226.0,102.0,1,0,20140221,MEM,LAC
Shot Chart Detail,0021300821,17,2440,Matt Barnes,1610612746,Los Angeles Clippers,1,9,35,Made Shot,Layup Shot,2PT Field Goal,Restricted Area,Center(C),Less Than 8 ft.,2.0,28.0,7.0,1,1,20140221,MEM,LAC
Shot Chart Detail,0021300821,82,2440,Matt Barnes,1610612746,Los Angeles Clippers,1,2,20,Missed Shot,Jump Shot,3PT Field Goal,Right Corner 3,Right Side(R),24+ ft.,23.0,230.0,-5.0,1,0,20140221,MEM,LAC
Shot Chart Detail,0021300821,207,2440,Matt Barnes,1610612746,Los Angeles Clippers,2,4,22,Missed Shot,Jump Shot,2PT Field Goal,In The Paint (Non-RA),Center(C),Less Than 8 ft.,5.0,-41.0,39.0,1,0,20140221,MEM,LAC
Shot Chart Detail,0021300821,280,2440,Matt Barnes,1610612746,Los Angeles Clippers,3,10,30,Missed Shot,Jump Shot,3PT Field Goal,Right Corner 3,Right Side(R),24+ ft.,22.0,225.0,-8.0,1,0,20140221,MEM,LAC
Shot Chart Detail,0021300821,294,2440,Matt Barnes,1610612746,Los Angeles Clippers,3,9,6,Made Shot,Dunk Shot,2PT Field Goal,Restricted Area,Center(C),Less Than 8 ft.,1.0,12.0,9.0,1,1,20140221,MEM,LAC
Shot Chart Detail,0021300821,305,2440,Matt Barnes,1610612746,Los Angeles Clippers,3,6,58,Made Shot,Jump Shot,3PT Field Goal,Left Corner 3,Left Side(L),24+ ft.,22.0,-226.0,25.0,1,1,20140221,MEM,LAC
Shot Chart Detail,0021300821,331,2440,Matt Barnes,1610612746,Los Angeles Clippers,3,4,27,Made Shot,Jump Shot,3PT Field Goal,Right Corner 3,Right Side(R),24+ ft.,22.0,223.0,-16.0,1,1,20140221,MEM,LAC
Shot Chart Detail,0021300821,425,2440,Matt Barnes,1610612746,Los Angeles Clippers,4,7,49,Missed Shot,Jump Shot,3PT Field Goal,Left Corner 3,Left Side(L),24+ ft.,22.0,-228.0,-2.0,1,0,20140221,MEM,LAC
Shot Chart Detail,0021300821,464,2440,Matt Barnes,1610612746,Los Angeles Clippers,4,4,46,Missed Shot,Layup Shot,2PT Field Goal,Restricted Area,Center(C),Less Than 8 ft.,2.0,-21.0,6.0,1,0,20140221,MEM,LAC
Shot Chart Detail,0021300821,490,2440,Matt Barnes,1610612746,Los Angeles Clippers,4,3,15,Made Shot,Layup Shot,2PT Field Goal,Restricted Area,Center(C),Less Than 8 ft.,1.0,-15.0,-6.0,1,1,20140221,MEM,LAC
Shot Chart Detail,0021300821,509,2440,Matt Barnes,1610612746,Los Angeles Clippers,4,2,11,Made Shot,Jump Shot,3PT Field Goal,Right Corner 3,Right Side(R),24+ ft.,23.0,230.0,-6.0,1,1,20140221,MEM,LAC
Shot Chart Detail,0021300821,554,2440,Matt Barnes,1610612746,Los Angeles Clippers,4,0,4,Missed Shot,Jump Shot,2PT Field Goal,Mid-Range,Left Side(L),16-24 ft.,21.0,-210.0,-13.0,1,0,20140221,MEM,LAC
Shot Chart Detail,0021300833,4,2440,Matt Barnes,1610612746,Los Angeles Clippers,1,11,42,Made Shot,Jump Shot,3PT Field Goal,Right Corner 3,Right Side(R),24+ ft.,23.0,230.0,3.0,1,1,20140223,OKC,LAC
Shot Chart Detail,0021300833,6,2440,Matt Barnes,1610612746,Los Angeles Clippers,1,10,59,Made Shot,Jump Shot,3PT Field Goal,Above the Break 3,Center(C),24+ ft.,24.0,45.0,238.0,1,1,20140223,OKC,LAC
Shot Chart Detail,0021300833,80,2440,Matt Barnes,1610612746,Los Angeles Clippers,1,4,39,Made Shot,Dunk Shot,2PT Field Goal,Restricted Area,Center(C),Less Than 8 ft.,0.0,-4.0,4.0,1,1,20140223,OKC,LAC
Shot Chart Detail,0021300833,82,2440,Matt Barnes,1610612746,Los Angeles Clippers,1,4,24,Made Shot,Jump Shot,3PT Field Goal,Left Corner 3,Left Side(L),24+ ft.,22.0,-221.0,22.0,1,1,20140223,OKC,LAC
Shot Chart Detail,0021300833,231,2440,Matt Barnes,1610612746,Los Angeles Clippers,2,4,10,Missed Shot,Jump Shot,3PT Field Goal,Above the Break 3,Right Side Center(RC),24+ ft.,25.0,86.0,235.0,1,0,20140223,OKC,LAC
Shot Chart Detail,0021300833,259,2440,Matt Barnes,1610612746,Los Angeles Clippers,2,2,33,Made Shot,Jump Shot,3PT Field Goal,Left Corner 3,Left Side(L),24+ ft.,23.0,-231.0,3.0,1,1,20140223,OKC,LAC
Shot Chart Detail,0021300833,288,2440,Matt Barnes,1610612746,Los Angeles Clippers,2,0,9,Made Shot,Jump Shot,3PT Field Goal,Above the Break 3,Center(C),24+ ft.,24.0,-27.0,242.0,1,1,20140223,OKC,LAC
Shot Chart Detail,0021300833,316,2440,Matt Barnes,1610612746,Los Angeles Clippers,3,10,20,Made Shot,Jump Shot,3PT Field Goal,Above the Break 3,Right Side Center(RC),24+ ft.,24.0,211.0,129.0,1,1,20140223,OKC,LAC
Shot Chart Detail,0021300833,324,2440,Matt Barnes,1610612746,Los Angeles Clippers,3,9,5,Missed Shot,Jump Shot,3PT Field Goal,Above the Break 3,Left Side Center(LC),24+ ft.,24.0,-79.0,235.0,1,0,20140223,OKC,LAC
Shot Chart Detail,0021300833,354,2440,Matt Barnes,1610612746,Los Angeles Clippers,3,6,13,Missed Shot,Jump Shot,3PT Field Goal,Above the Break 3,Center(C),24+ ft.,24.0,-45.0,241.0,1,0,20140223,OKC,LAC
Shot Chart Detail,0021300833,362,2440,Matt Barnes,1610612746,Los Angeles Clippers,3,5,26,Missed Shot,Layup Shot,2PT Field Goal,Restricted Area,Center(C),Less Than 8 ft.,2.0,-24.0,4.0,1,0,20140223,OKC,LAC
Shot Chart Detail,0021300833,370,2440,Matt Barnes,1610612746,Los Angeles Clippers,3,5,2,Missed Shot,Jump Shot,2PT Field Goal,Mid-Range,Center(C),16-24 ft.,22.0,-16.0,222.0,1,0,20140223,OKC,LAC
Shot Chart Detail,0021300833,511,2440,Matt Barnes,1610612746,Los Angeles Clippers,4,5,34,Made Shot,Layup Shot,2PT Field Goal,Restricted Area,Center(C),Less Than 8 ft.,1.0,6.0,17.0,1,1,20140223,OKC,LAC
Shot Chart Detail,0021300833,532,2440,Matt Barnes,1610612746,Los Angeles Clippers,4,3,37,Missed Shot,Jump Shot,3PT Field Goal,Above the Break 3,Center(C),24+ ft.,24.0,0.0,246.0,1,0,20140223,OKC,LAC
Shot Chart Detail,0021300844,89,2440,Matt Barnes,1610612746,Los Angeles Clippers,1,3,43,Made Shot,Jump Shot,3PT Field Goal,Above the Break 3,Center(C),24+ ft.,24.0,15.0,246.0,1,1,20140224,NOP,LAC
Shot Chart Detail,0021300844,119,2440,Matt Barnes,1610612746,Los Angeles Clippers,1,2,6,Missed Shot,Jump Shot,2PT Field Goal,Restricted Area,Center(C),Less Than 8 ft.,3.0,-35.0,-3.0,1,0,20140224,NOP,LAC
Shot Chart Detail,0021300844,241,2440,Matt Barnes,1610612746,Los Angeles Clippers,2,3,4,Made Shot,Dunk Shot,2PT Field Goal,Restricted Area,Center(C),Less Than 8 ft.,0.0,1.0,1.0,1,1,20140224,NOP,LAC
Shot Chart Detail,0021300844,314,2440,Matt Barnes,1610612746,Los Angeles Clippers,3,9,21,Missed Shot,Jump Shot,3PT Field Goal,Right Corner 3,Right Side(R),24+ ft.,23.0,231.0,39.0,1,0,20140224,NOP,LAC
Shot Chart Detail,0021300844,398,2440,Matt Barnes,1610612746,Los Angeles Clippers,3,2,48,Made Shot,Jump Shot,2PT Field Goal,Mid-Range,Left Side(L),16-24 ft.,22.0,-204.0,101.0,1,1,20140224,NOP,LAC
Shot Chart Detail,0021300844,530,2440,Matt Barnes,1610612746,Los Angeles Clippers,4,4,2,Made Shot,Jump Shot,3PT Field Goal,Above the Break 3,Left Side Center(LC),24+ ft.,25.0,-147.0,205.0,1,1,20140224,NOP,LAC
Shot Chart Detail,0021300862,2,2440,Matt Barnes,1610612746,Los Angeles Clippers,1,11,44,Missed Shot,Jump Shot,3PT Field Goal,Above the Break 3,Right Side Center(RC),24+ ft.,26.0,91.0,252.0,1,0,20140226,LAC,HOU
Shot Chart Detail,0021300862,55,2440,Matt Barnes,1610612746,Los Angeles Clippers,1,6,52,Made Shot,Jump Shot,3PT Field Goal,Right Corner 3,Right Side(R),24+ ft.,24.0,241.0,60.0,1,1,20140226,LAC,HOU
Shot Chart Detail,0021300862,198,2440,Matt Barnes,1610612746,Los Angeles Clippers,2,5,29,Made Shot,Driving Layup Shot,2PT Field Goal,Restricted Area,Center(C),Less Than 8 ft.,2.0,10.0,23.0,1,1,20140226,LAC,HOU
Shot Chart Detail,0021300862,234,2440,Matt Barnes,1610612746,Los Angeles Clippers,2,2,30,Missed Shot,Jump Shot,2PT Field Goal,Mid-Range,Right Side(R),8-16 ft.,10.0,102.0,12.0,1,0,20140226,LAC,HOU
Shot Chart Detail,0021300862,245,2440,Matt Barnes,1610612746,Los Angeles Clippers,2,1,46,Missed Shot,Jump Shot,3PT Field Goal,Above the Break 3,Right Side Center(RC),24+ ft.,26.0,170.0,209.0,1,0,20140226,LAC,HOU
Shot Chart Detail,0021300862,315,2440,Matt Barnes,1610612746,Los Angeles Clippers,3,7,13,Missed Shot,Jump Shot,3PT Field Goal,Right Corner 3,Right Side(R),24+ ft.,23.0,236.0,0.0,1,0,20140226,LAC,HOU
Shot Chart Detail,0021300862,339,2440,Matt Barnes,1610612746,Los Angeles Clippers,3,3,45,Made Shot,Driving Layup Shot,2PT Field Goal,Restricted Area,Center(C),Less Than 8 ft.,3.0,4.0,31.0,1,1,20140226,LAC,HOU
Shot Chart Detail,0021300862,485,2440,Matt Barnes,1610612746,Los Angeles Clippers,4,3,40,Made Shot,Driving Dunk Shot,2PT Field Goal,Restricted Area,Center(C),Less Than 8 ft.,1.0,9.0,14.0,1,1,20140226,LAC,HOU
Shot Chart Detail,0021300862,488,2440,Matt Barnes,1610612746,Los Angeles Clippers,4,2,49,Made Shot,Putback Dunk Shot,2PT Field Goal,Restricted Area,Center(C),Less Than 8 ft.,2.0,10.0,26.0,1,1,20140226,LAC,HOU
Shot Chart Detail,0021300882,28,2440,Matt Barnes,1610612746,Los Angeles Clippers,1,9,13,Made Shot,Jump Shot,3PT Field Goal,Right Corner 3,Right Side(R),24+ ft.,23.0,239.0,-14.0,1,1,20140301,LAC,NOP
Shot Chart Detail,0021300882,45,2440,Matt Barnes,1610612746,Los Angeles Clippers,1,7,54,Missed Shot,Jump Shot,3PT Field Goal,Right Corner 3,Right Side(R),24+ ft.,23.0,237.0,-2.0,1,0,20140301,LAC,NOP
Shot Chart Detail,0021300882,106,2440,Matt Barnes,1610612746,Los Angeles Clippers,1,3,19,Missed Shot,Jump Shot,3PT Field Goal,Above the Break 3,Right Side Center(RC),24+ ft.,26.0,133.0,233.0,1,0,20140301,LAC,NOP
Shot Chart Detail,0021300882,210,2440,Matt Barnes,1610612746,Los Angeles Clippers,2,7,20,Made Shot,Jump Shot,3PT Field Goal,Above the Break 3,Left Side Center(LC),24+ ft.,24.0,-168.0,176.0,1,1,20140301,LAC,NOP
Shot Chart Detail,0021300882,212,2440,Matt Barnes,1610612746,Los Angeles Clippers,2,6,59,Made Shot,Driving Dunk Shot,2PT Field Goal,Restricted Area,Center(C),Less Than 8 ft.,1.0,-2.0,12.0,1,1,20140301,LAC,NOP
Shot Chart Detail,0021300882,310,2440,Matt Barnes,1610612746,Los Angeles Clippers,3,9,40,Made Shot,Jump Shot,3PT Field Goal,Right Corner 3,Right Side(R),24+ ft.,23.0,237.0,-6.0,1,1,20140301,LAC,NOP
Shot Chart Detail,0021300882,323,2440,Matt Barnes,1610612746,Los Angeles Clippers,3,8,41,Missed Shot,Jump Shot,3PT Field Goal,Above the Break 3,Right Side Center(RC),24+ ft.,26.0,119.0,236.0,1,0,20140301,LAC,NOP
Shot Chart Detail,0021300882,331,2440,Matt Barnes,1610612746,Los Angeles Clippers,3,7,39,Made Shot,Jump Shot,3PT Field Goal,Right Corner 3,Right Side(R),24+ ft.,24.0,242.0,50.0,1,1,20140301,LAC,NOP
Shot Chart Detail,0021300882,345,2440,Matt Barnes,1610612746,Los Angeles Clippers,3,6,14,Missed Shot,Jump Shot,3PT Field Goal,Above the Break 3,Right Side Center(RC),24+ ft.,26.0,237.0,118.0,1,0,20140301,LAC,NOP
Shot Chart Detail,0021300902,49,2440,Matt Barnes,1610612746,Los Angeles Clippers,1,7,26,Made Shot,Layup Shot,2PT Field Goal,Restricted Area,Center(C),Less Than 8 ft.,1.0,10.0,-8.0,1,1,20140304,PHX,LAC
Shot Chart Detail,0021300902,67,2440,Matt Barnes,1610612746,Los Angeles Clippers,1,5,39,Made Shot,Layup Shot,2PT Field Goal,Restricted Area,Center(C),Less Than 8 ft.,2.0,23.0,11.0,1,1,20140304,PHX,LAC
Shot Chart Detail,0021300902,69,2440,Matt Barnes,1610612746,Los Angeles Clippers,1,5,25,Missed Shot,Jump Shot,3PT Field Goal,Above the Break 3,Right Side Center(RC),24+ ft.,25.0,203.0,149.0,1,0,20140304,PHX,LAC
Shot Chart Detail,0021300902,92,2440,Matt Barnes,1610612746,Los Angeles Clippers,1,3,39,Made Shot,Jump Shot,2PT Field Goal,In The Paint (Non-RA),Center(C),Less Than 8 ft.,4.0,24.0,34.0,1,1,20140304,PHX,LAC
Shot Chart Detail,0021300902,123,2440,Matt Barnes,1610612746,Los Angeles Clippers,1,1,3,Made Shot,Jump Shot,2PT Field Goal,Mid-Range,Right Side Center(RC),16-24 ft.,21.0,168.0,132.0,1,1,20140304,PHX,LAC
Shot Chart Detail,0021300902,230,2440,Matt Barnes,1610612746,Los Angeles Clippers,2,3,35,Made Shot,Jump Shot,2PT Field Goal,In The Paint (Non-RA),Center(C),Less Than 8 ft.,4.0,-37.0,26.0,1,1,20140304,PHX,LAC
Shot Chart Detail,0021300902,277,2440,Matt Barnes,1610612746,Los Angeles Clippers,3,11,13,Made Shot,Jump Shot,3PT Field Goal,Above the Break 3,Left Side Center(LC),24+ ft.,25.0,-112.0,228.0,1,1,20140304,PHX,LAC
Shot Chart Detail,0021300902,292,2440,Matt Barnes,1610612746,Los Angeles Clippers,3,9,8,Made Shot,Jump Shot,3PT Field Goal,Above the Break 3,Left Side Center(LC),24+ ft.,25.0,-198.0,156.0,1,1,20140304,PHX,LAC
Shot Chart Detail,0021300902,294,2440,Matt Barnes,1610612746,Los Angeles Clippers,3,8,43,Made Shot,Jump Shot,2PT Field Goal,Mid-Range,Left Side(L),16-24 ft.,17.0,-174.0,11.0,1,1,20140304,PHX,LAC
Shot Chart Detail,0021300902,301,2440,Matt Barnes,1610612746,Los Angeles Clippers,3,7,56,Made Shot,Jump Shot,3PT Field Goal,Above the Break 3,Left Side Center(LC),24+ ft.,25.0,-221.0,126.0,1,1,20140304,PHX,LAC
Shot Chart Detail,0021300902,303,2440,Matt Barnes,1610612746,Los Angeles Clippers,3,7,26,Made Shot,Jump Shot,3PT Field Goal,Above the Break 3,Center(C),24+ ft.,25.0,4.0,252.0,1,1,20140304,PHX,LAC
Shot Chart Detail,0021300902,305,2440,Matt Barnes,1610612746,Los Angeles Clippers,3,6,58,Made Shot,Jump Shot,2PT Field Goal,In The Paint (Non-RA),Center(C),Less Than 8 ft.,7.0,0.0,71.0,1,1,20140304,PHX,LAC
Shot Chart Detail,0021300902,377,2440,Matt Barnes,1610612746,Los Angeles Clippers,3,0,32,Made Shot,Layup Shot,2PT Field Goal,Restricted Area,Center(C),Less Than 8 ft.,1.0,-13.0,6.0,1,1,20140304,PHX,LAC
Shot Chart Detail,0021300902,417,2440,Matt Barnes,1610612746,Los Angeles Clippers,4,8,13,Missed Shot,Jump Shot,3PT Field Goal,Above the Break 3,Left Side Center(LC),24+ ft.,27.0,-217.0,173.0,1,0,20140304,PHX,LAC
Shot Chart Detail,0021300902,444,2440,Matt Barnes,1610612746,Los Angeles Clippers,4,6,8,Missed Shot,Jump Shot,2PT Field Goal,In The Paint (Non-RA),Left Side(L),8-16 ft.,8.0,-79.0,28.0,1,0,20140304,PHX,LAC
Shot Chart Detail,0021300902,451,2440,Matt Barnes,1610612746,Los Angeles Clippers,4,5,26,Missed Shot,Jump Shot,2PT Field Goal,Mid-Range,Center(C),8-16 ft.,15.0,1.0,154.0,1,0,20140304,PHX,LAC
Shot Chart Detail,0021300902,469,2440,Matt Barnes,1610612746,Los Angeles Clippers,4,2,57,Missed Shot,Jump Shot,3PT Field Goal,Left Corner 3,Left Side(L),24+ ft.,24.0,-234.0,60.0,1,0,20140304,PHX,LAC
Shot Chart Detail,0021300916,6,2440,Matt Barnes,1610612746,Los Angeles Clippers,1,11,16,Made Shot,Layup Shot,2PT Field Goal,Restricted Area,Center(C),Less Than 8 ft.,2.0,-24.0,15.0,1,1,20140306,LAL,LAC
Shot Chart Detail,0021300916,8,2440,Matt Barnes,1610612746,Los Angeles Clippers,1,10,51,Made Shot,Driving Layup Shot,2PT Field Goal,Restricted Area,Center(C),Less Than 8 ft.,3.0,26.0,17.0,1,1,20140306,LAL,LAC
Shot Chart Detail,0021300916,15,2440,Matt Barnes,1610612746,Los Angeles Clippers,1,10,25,Missed Shot,Jump Shot,3PT Field Goal,Above the Break 3,Right Side Center(RC),24+ ft.,26.0,88.0,252.0,1,0,20140306,LAL,LAC
Shot Chart Detail,0021300916,80,2440,Matt Barnes,1610612746,Los Angeles Clippers,1,5,37,Missed Shot,Jump Shot,3PT Field Goal,Above the Break 3,Center(C),24+ ft.,26.0,-73.0,252.0,1,0,20140306,LAL,LAC
Shot Chart Detail,0021300916,84,2440,Matt Barnes,1610612746,Los Angeles Clippers,1,5,4,Made Shot,Jump Shot,3PT Field Goal,Above the Break 3,Center(C),24+ ft.,28.0,6.0,282.0,1,1,20140306,LAL,LAC
Shot Chart Detail,0021300916,183,2440,Matt Barnes,1610612746,Los Angeles Clippers,2,8,36,Missed Shot,Layup Shot,2PT Field Goal,Restricted Area,Center(C),Less Than 8 ft.,2.0,22.0,16.0,1,0,20140306,LAL,LAC
Shot Chart Detail,0021300916,185,2440,Matt Barnes,1610612746,Los Angeles Clippers,2,8,31,Missed Shot,Layup Shot,2PT Field Goal,Restricted Area,Center(C),Less Than 8 ft.,2.0,-7.0,22.0,1,0,20140306,LAL,LAC
Shot Chart Detail,0021300916,196,2440,Matt Barnes,1610612746,Los Angeles Clippers,2,7,55,Made Shot,Jump Shot,3PT Field Goal,Above the Break 3,Left Side Center(LC),24+ ft.,26.0,-150.0,220.0,1,1,20140306,LAL,LAC
Shot Chart Detail,0021300916,294,2440,Matt Barnes,1610612746,Los Angeles Clippers,3,11,48,Made Shot,Layup Shot,2PT Field Goal,Restricted Area,Center(C),Less Than 8 ft.,2.0,0.0,28.0,1,1,20140306,LAL,LAC
Shot Chart Detail,0021300916,344,2440,Matt Barnes,1610612746,Los Angeles Clippers,3,7,53,Made Shot,Jump Shot,2PT Field Goal,Mid-Range,Right Side(R),16-24 ft.,20.0,206.0,26.0,1,1,20140306,LAL,LAC
Shot Chart Detail,0021300916,383,2440,Matt Barnes,1610612746,Los Angeles Clippers,3,4,11,Made Shot,Jump Shot,3PT Field Goal,Above the Break 3,Right Side Center(RC),24+ ft.,27.0,159.0,222.0,1,1,20140306,LAL,LAC
Shot Chart Detail,0021300916,407,2440,Matt Barnes,1610612746,Los Angeles Clippers,3,2,18,Missed Shot,Jump Shot,3PT Field Goal,Above the Break 3,Right Side Center(RC),24+ ft.,28.0,152.0,238.0,1,0,20140306,LAL,LAC
Shot Chart Detail,0021300916,412,2440,Matt Barnes,1610612746,Los Angeles Clippers,3,1,32,Missed Shot,Jump Shot,3PT Field Goal,Right Corner 3,Right Side(R),24+ ft.,23.0,236.0,12.0,1,0,20140306,LAL,LAC
Shot Chart Detail,0021300933,4,2440,Matt Barnes,1610612746,Los Angeles Clippers,1,11,30,Missed Shot,Jump Shot,3PT Field Goal,Right Corner 3,Right Side(R),24+ ft.,23.0,236.0,-5.0,1,0,20140308,LAC,ATL
Shot Chart Detail,0021300933,6,2440,Matt Barnes,1610612746,Los Angeles Clippers,1,11,13,Made Shot,Slam Dunk Shot,2PT Field Goal,Restricted Area,Center(C),Less Than 8 ft.,2.0,18.0,20.0,1,1,20140308,LAC,ATL
Shot Chart Detail,0021300933,33,2440,Matt Barnes,1610612746,Los Angeles Clippers,1,8,7,Missed Shot,Jump Shot,3PT Field Goal,Above the Break 3,Left Side Center(LC),24+ ft.,26.0,-141.0,222.0,1,0,20140308,LAC,ATL
Shot Chart Detail,0021300933,40,2440,Matt Barnes,1610612746,Los Angeles Clippers,1,7,44,Made Shot,Driving Dunk Shot,2PT Field Goal,Restricted Area,Center(C),Less Than 8 ft.,3.0,-4.0,33.0,1,1,20140308,LAC,ATL
Shot Chart Detail,0021300933,204,2440,Matt Barnes,1610612746,Los Angeles Clippers,2,3,30,Made Shot,Jump Shot,3PT Field Goal,Above the Break 3,Right Side Center(RC),24+ ft.,26.0,234.0,116.0,1,1,20140308,LAC,ATL
Shot Chart Detail,0021300933,221,2440,Matt Barnes,1610612746,Los Angeles Clippers,2,1,46,Made Shot,Jump Shot,3PT Field Goal,Right Corner 3,Right Side(R),24+ ft.,24.0,245.0,-6.0,1,1,20140308,LAC,ATL
Shot Chart Detail,0021300933,229,2440,Matt Barnes,1610612746,Los Angeles Clippers,2,0,33,Made Shot,Jump Shot,3PT Field Goal,Right Corner 3,Right Side(R),24+ ft.,24.0,248.0,1.0,1,1,20140308,LAC,ATL
Shot Chart Detail,0021300933,246,2440,Matt Barnes,1610612746,Los Angeles Clippers,3,11,12,Missed Shot,Jump Shot,3PT Field Goal,Above the Break 3,Right Side Center(RC),24+ ft.,25.0,151.0,211.0,1,0,20140308,LAC,ATL
Shot Chart Detail,0021300933,260,2440,Matt Barnes,1610612746,Los Angeles Clippers,3,10,2,Made Shot,Hook Shot,2PT Field Goal,Restricted Area,Center(C),Less Than 8 ft.,3.0,-34.0,0.0,1,1,20140308,LAC,ATL
Shot Chart Detail,0021300933,321,2440,Matt Barnes,1610612746,Los Angeles Clippers,3,4,25,Missed Shot,Jump Shot,3PT Field Goal,Above the Break 3,Left Side Center(LC),24+ ft.,27.0,-188.0,206.0,1,0,20140308,LAC,ATL
Shot Chart Detail,0021300933,347,2440,Matt Barnes,1610612746,Los Angeles Clippers,3,2,43,Missed Shot,Jump Shot,3PT Field Goal,Right Corner 3,Right Side(R),24+ ft.,23.0,239.0,4.0,1,0,20140308,LAC,ATL
Shot Chart Detail,0021300933,439,2440,Matt Barnes,1610612746,Los Angeles Clippers,4,6,23,Missed Shot,Jump Shot,3PT Field Goal,Above the Break 3,Left Side Center(LC),24+ ft.,29.0,-139.0,261.0,1,0,20140308,LAC,ATL
Shot Chart Detail,0021300949,63,2440,Matt Barnes,1610612746,Los Angeles Clippers,1,6,7,Missed Shot,Jump Shot,3PT Field Goal,Right Corner 3,Right Side(R),24+ ft.,25.0,241.0,71.0,1,0,20140310,LAC,PHX
Shot Chart Detail,0021300949,77,2440,Matt Barnes,1610612746,Los Angeles Clippers,1,4,51,Missed Shot,Jump Shot,3PT Field Goal,Above the Break 3,Right Side Center(RC),24+ ft.,27.0,195.0,189.0,1,0,20140310,LAC,PHX
Shot Chart Detail,0021300949,110,2440,Matt Barnes,1610612746,Los Angeles Clippers,1,2,29,Made Shot,Driving Layup Shot,2PT Field Goal,Restricted Area,Center(C),Less Than 8 ft.,0.0,1.0,1.0,1,1,20140310,LAC,PHX
Shot Chart Detail,0021300949,297,2440,Matt Barnes,1610612746,Los Angeles Clippers,2,0,46,Missed Shot,Jump Shot,3PT Field Goal,Above the Break 3,Right Side Center(RC),24+ ft.,25.0,204.0,157.0,1,0,20140310,LAC,PHX
Shot Chart Detail,0021300949,323,2440,Matt Barnes,1610612746,Los Angeles Clippers,3,11,2,Missed Shot,Layup Shot,2PT Field Goal,Restricted Area,Center(C),Less Than 8 ft.,1.0,-15.0,-2.0,1,0,20140310,LAC,PHX
Shot Chart Detail,0021300949,388,2440,Matt Barnes,1610612746,Los Angeles Clippers,3,4,7,Made Shot,Driving Layup Shot,2PT Field Goal,Restricted Area,Center(C),Less Than 8 ft.,2.0,20.0,0.0,1,1,20140310,LAC,PHX
Shot Chart Detail,0021300949,430,2440,Matt Barnes,1610612746,Los Angeles Clippers,3,0,1,Made Shot,Jump Shot,3PT Field Goal,Above the Break 3,Right Side Center(RC),24+ ft.,27.0,166.0,214.0,1,1,20140310,LAC,PHX
Shot Chart Detail,0021300949,473,2440,Matt Barnes,1610612746,Los Angeles Clippers,4,8,45,Missed Shot,Jump Shot,2PT Field Goal,Restricted Area,Center(C),Less Than 8 ft.,3.0,34.0,-2.0,1,0,20140310,LAC,PHX
Shot Chart Detail,0021300949,475,2440,Matt Barnes,1610612746,Los Angeles Clippers,4,8,41,Made Shot,Layup Shot,2PT Field Goal,Restricted Area,Center(C),Less Than 8 ft.,1.0,10.0,0.0,1,1,20140310,LAC,PHX
Shot Chart Detail,0021300949,478,2440,Matt Barnes,1610612746,Los Angeles Clippers,4,8,20,Missed Shot,Jump Shot,3PT Field Goal,Right Corner 3,Right Side(R),24+ ft.,22.0,228.0,-5.0,1,0,20140310,LAC,PHX
Shot Chart Detail,0021300949,515,2440,Matt Barnes,1610612746,Los Angeles Clippers,4,5,28,Missed Shot,Jump Shot,3PT Field Goal,Above the Break 3,Right Side Center(RC),24+ ft.,26.0,92.0,244.0,1,0,20140310,LAC,PHX
Shot Chart Detail,0021300967,2,2440,Matt Barnes,1610612746,Los Angeles Clippers,1,11,44,Missed Shot,Jump Shot,3PT Field Goal,Above the Break 3,Right Side Center(RC),24+ ft.,26.0,166.0,205.0,1,0,20140312,LAC,GSW
Shot Chart Detail,0021300967,17,2440,Matt Barnes,1610612746,Los Angeles Clippers,1,9,46,Made Shot,Driving Jump shot,2PT Field Goal,Restricted Area,Center(C),Less Than 8 ft.,3.0,29.0,15.0,1,1,20140312,LAC,GSW
Shot Chart Detail,0021300967,36,2440,Matt Barnes,1610612746,Los Angeles Clippers,1,7,27,Made Shot,Alley Oop Layup shot,2PT Field Goal,Restricted Area,Center(C),Less Than 8 ft.,0.0,2.0,-6.0,1,1,20140312,LAC,GSW
Shot Chart Detail,0021300967,69,2440,Matt Barnes,1610612746,Los Angeles Clippers,1,4,42,Missed Shot,Jump Shot,2PT Field Goal,Mid-Range,Center(C),16-24 ft.,22.0,-16.0,228.0,1,0,20140312,LAC,GSW
Shot Chart Detail,0021300967,269,2440,Matt Barnes,1610612746,Los Angeles Clippers,3,10,43,Made Shot,Jump Shot,3PT Field Goal,Right Corner 3,Right Side(R),24+ ft.,24.0,242.0,3.0,1,1,20140312,LAC,GSW
Shot Chart Detail,0021300967,281,2440,Matt Barnes,1610612746,Los Angeles Clippers,3,9,4,Missed Shot,Jump Shot,3PT Field Goal,Above the Break 3,Right Side Center(RC),24+ ft.,25.0,143.0,206.0,1,0,20140312,LAC,GSW
Shot Chart Detail,0021300967,513,2440,Matt Barnes,1610612746,Los Angeles Clippers,4,2,22,Missed Shot,Jump Shot,3PT Field Goal,Right Corner 3,Right Side(R),24+ ft.,23.0,228.0,56.0,1,0,20140312,LAC,GSW
Shot Chart Detail,0021300967,523,2440,Matt Barnes,1610612746,Los Angeles Clippers,4,1,25,Made Shot,Jump Shot,3PT Field Goal,Right Corner 3,Right Side(R),24+ ft.,23.0,230.0,34.0,1,1,20140312,LAC,GSW
Shot Chart Detail,0021300979,25,2440,Matt Barnes,1610612746,Los Angeles Clippers,1,9,18,Made Shot,Jump Shot,3PT Field Goal,Above the Break 3,Right Side Center(RC),24+ ft.,24.0,220.0,107.0,1,1,20140314,UTA,LAC
Shot Chart Detail,0021300979,27,2440,Matt Barnes,1610612746,Los Angeles Clippers,1,8,33,Missed Shot,Jump Shot,3PT Field Goal,Above the Break 3,Right Side Center(RC),24+ ft.,25.0,185.0,173.0,1,0,20140314,UTA,LAC
Shot Chart Detail,0021300979,160,2440,Matt Barnes,1610612746,Los Angeles Clippers,2,6,20,Made Shot,Jump Shot,3PT Field Goal,Right Corner 3,Right Side(R),24+ ft.,23.0,233.0,-2.0,1,1,20140314,UTA,LAC
Shot Chart Detail,0021300979,162,2440,Matt Barnes,1610612746,Los Angeles Clippers,2,5,37,Made Shot,Layup Shot,2PT Field Goal,Restricted Area,Center(C),Less Than 8 ft.,2.0,26.0,1.0,1,1,20140314,UTA,LAC
Shot Chart Detail,0021300979,218,2440,Matt Barnes,1610612746,Los Angeles Clippers,2,0,59,Missed Shot,Jump Shot,3PT Field Goal,Above the Break 3,Right Side Center(RC),24+ ft.,24.0,196.0,149.0,1,0,20140314,UTA,LAC
Shot Chart Detail,0021300979,267,2440,Matt Barnes,1610612746,Los Angeles Clippers,3,7,31,Missed Shot,Jump Shot,3PT Field Goal,Above the Break 3,Left Side Center(LC),24+ ft.,24.0,-150.0,192.0,1,0,20140314,UTA,LAC
Shot Chart Detail,0021300979,277,2440,Matt Barnes,1610612746,Los Angeles Clippers,3,6,26,Made Shot,Dunk Shot,2PT Field Goal,Restricted Area,Center(C),Less Than 8 ft.,0.0,-4.0,7.0,1,1,20140314,UTA,LAC
Shot Chart Detail,0021300979,290,2440,Matt Barnes,1610612746,Los Angeles Clippers,3,4,0,Made Shot,Driving Layup Shot,2PT Field Goal,Restricted Area,Center(C),Less Than 8 ft.,2.0,21.0,6.0,1,1,20140314,UTA,LAC
Shot Chart Detail,0021300979,412,2440,Matt Barnes,1610612746,Los Angeles Clippers,4,3,44,Made Shot,Jump Shot,3PT Field Goal,Above the Break 3,Left Side Center(LC),24+ ft.,23.0,-218.0,99.0,1,1,20140314,UTA,LAC
Shot Chart Detail,0021300995,2,2440,Matt Barnes,1610612746,Los Angeles Clippers,1,11,41,Missed Shot,Jump Shot,3PT Field Goal,Above the Break 3,Center(C),24+ ft.,26.0,15.0,261.0,1,0,20140316,LAC,CLE
Shot Chart Detail,0021300995,31,2440,Matt Barnes,1610612746,Los Angeles Clippers,1,8,9,Missed Shot,Jump Shot,3PT Field Goal,Above the Break 3,Left Side Center(LC),24+ ft.,24.0,-139.0,206.0,1,0,20140316,LAC,CLE
Shot Chart Detail,0021300995,40,2440,Matt Barnes,1610612746,Los Angeles Clippers,1,7,8,Made Shot,Layup Shot,2PT Field Goal,Restricted Area,Center(C),Less Than 8 ft.,1.0,-8.0,9.0,1,1,20140316,LAC,CLE
Shot Chart Detail,0021300995,68,2440,Matt Barnes,1610612746,Los Angeles Clippers,1,5,7,Made Shot,Floating Jump shot,2PT Field Goal,In The Paint (Non-RA),Right Side(R),8-16 ft.,8.0,61.0,63.0,1,1,20140316,LAC,CLE
Shot Chart Detail,0021300995,212,2440,Matt Barnes,1610612746,Los Angeles Clippers,2,4,5,Missed Shot,Layup Shot,2PT Field Goal,Restricted Area,Center(C),Less Than 8 ft.,2.0,-11.0,20.0,1,0,20140316,LAC,CLE
Shot Chart Detail,0021300995,220,2440,Matt Barnes,1610612746,Los Angeles Clippers,2,2,38,Missed Shot,Jump Shot,3PT Field Goal,Above the Break 3,Center(C),24+ ft.,26.0,-4.0,261.0,1,0,20140316,LAC,CLE
Shot Chart Detail,0021300995,281,2440,Matt Barnes,1610612746,Los Angeles Clippers,3,10,5,Made Shot,Pullup Jump shot,2PT Field Goal,Mid-Range,Right Side Center(RC),16-24 ft.,20.0,144.0,143.0,1,1,20140316,LAC,CLE
Shot Chart Detail,0021300995,283,2440,Matt Barnes,1610612746,Los Angeles Clippers,3,9,48,Made Shot,Driving Layup Shot,2PT Field Goal,Restricted Area,Center(C),Less Than 8 ft.,0.0,-2.0,7.0,1,1,20140316,LAC,CLE
Shot Chart Detail,0021300995,317,2440,Matt Barnes,1610612746,Los Angeles Clippers,3,6,34,Missed Shot,Jump Shot,3PT Field Goal,Right Corner 3,Right Side(R),24+ ft.,23.0,234.0,-6.0,1,0,20140316,LAC,CLE
Shot Chart Detail,0021300995,460,2440,Matt Barnes,1610612746,Los Angeles Clippers,4,5,22,Made Shot,Jump Shot,3PT Field Goal,Above the Break 3,Right Side Center(RC),24+ ft.,24.0,80.0,236.0,1,1,20140316,LAC,CLE
Shot Chart Detail,0021300995,478,2440,Matt Barnes,1610612746,Los Angeles Clippers,4,3,17,Missed Shot,Jump Shot,3PT Field Goal,Above the Break 3,Left Side Center(LC),24+ ft.,24.0,-166.0,178.0,1,0,20140316,LAC,CLE
Shot Chart Detail,0021301002,25,2440,Matt Barnes,1610612746,Los Angeles Clippers,1,9,49,Missed Shot,Jump Shot,2PT Field Goal,Mid-Range,Right Side(R),16-24 ft.,19.0,192.0,37.0,1,0,20140317,DEN,LAC
Shot Chart Detail,0021301002,28,2440,Matt Barnes,1610612746,Los Angeles Clippers,1,9,38,Made Shot,Driving Layup Shot,2PT Field Goal,Restricted Area,Center(C),Less Than 8 ft.,1.0,10.0,17.0,1,1,20140317,DEN,LAC
Shot Chart Detail,0021301002,70,2440,Matt Barnes,1610612746,Los Angeles Clippers,1,5,9,Missed Shot,Jump Shot,3PT Field Goal,Above the Break 3,Center(C),24+ ft.,24.0,-46.0,242.0,1,0,20140317,DEN,LAC
Shot Chart Detail,0021301002,355,2440,Matt Barnes,1610612746,Los Angeles Clippers,3,10,6,Made Shot,Driving Dunk Shot,2PT Field Goal,Restricted Area,Center(C),Less Than 8 ft.,2.0,4.0,22.0,1,1,20140317,DEN,LAC
Shot Chart Detail,0021301002,357,2440,Matt Barnes,1610612746,Los Angeles Clippers,3,9,32,Made Shot,Jump Shot,3PT Field Goal,Right Corner 3,Right Side(R),24+ ft.,23.0,237.0,3.0,1,1,20140317,DEN,LAC
Shot Chart Detail,0021301002,398,2440,Matt Barnes,1610612746,Los Angeles Clippers,3,6,52,Made Shot,Driving Layup Shot,2PT Field Goal,Restricted Area,Center(C),Less Than 8 ft.,2.0,18.0,12.0,1,1,20140317,DEN,LAC
Shot Chart Detail,0021301002,401,2440,Matt Barnes,1610612746,Los Angeles Clippers,3,6,24,Missed Shot,Jump Shot,3PT Field Goal,Above the Break 3,Right Side Center(RC),24+ ft.,25.0,189.0,178.0,1,0,20140317,DEN,LAC
Shot Chart Detail,0021301039,16,2440,Matt Barnes,1610612746,Los Angeles Clippers,1,9,21,Missed Shot,Jump Shot,3PT Field Goal,Above the Break 3,Right Side Center(RC),24+ ft.,26.0,141.0,230.0,1,0,20140322,LAC,DET
Shot Chart Detail,0021301039,30,2440,Matt Barnes,1610612746,Los Angeles Clippers,1,7,36,Missed Shot,Jump Shot,2PT Field Goal,Mid-Range,Left Side Center(LC),16-24 ft.,21.0,-112.0,181.0,1,0,20140322,LAC,DET
Shot Chart Detail,0021301039,42,2440,Matt Barnes,1610612746,Los Angeles Clippers,1,5,34,Missed Shot,Jump Shot,2PT Field Goal,Restricted Area,Center(C),Less Than 8 ft.,3.0,32.0,-3.0,1,0,20140322,LAC,DET
Shot Chart Detail,0021301039,65,2440,Matt Barnes,1610612746,Los Angeles Clippers,1,4,13,Made Shot,Jump Shot,3PT Field Goal,Above the Break 3,Left Side Center(LC),24+ ft.,24.0,-130.0,211.0,1,1,20140322,LAC,DET
Shot Chart Detail,0021301039,76,2440,Matt Barnes,1610612746,Los Angeles Clippers,1,2,46,Missed Shot,Jump Shot,3PT Field Goal,Right Corner 3,Right Side(R),24+ ft.,23.0,231.0,-14.0,1,0,20140322,LAC,DET
Shot Chart Detail,0021301039,80,2440,Matt Barnes,1610612746,Los Angeles Clippers,1,2,24,Missed Shot,Jump Shot,3PT Field Goal,Right Corner 3,Right Side(R),24+ ft.,24.0,234.0,80.0,1,0,20140322,LAC,DET
Shot Chart Detail,0021301039,178,2440,Matt Barnes,1610612746,Los Angeles Clippers,2,5,6,Missed Shot,Jump Shot,3PT Field Goal,Above the Break 3,Right Side Center(RC),24+ ft.,26.0,176.0,200.0,1,0,20140322,LAC,DET
Shot Chart Detail,0021301039,181,2440,Matt Barnes,1610612746,Los Angeles Clippers,2,4,37,Made Shot,Driving Layup Shot,2PT Field Goal,Restricted Area,Center(C),Less Than 8 ft.,2.0,10.0,20.0,1,1,20140322,LAC,DET
Shot Chart Detail,0021301039,194,2440,Matt Barnes,1610612746,Los Angeles Clippers,2,3,13,Missed Shot,Jump Shot,2PT Field Goal,In The Paint (Non-RA),Center(C),Less Than 8 ft.,6.0,69.0,6.0,1,0,20140322,LAC,DET
Shot Chart Detail,0021301039,215,2440,Matt Barnes,1610612746,Los Angeles Clippers,2,0,41,Made Shot,Jump Shot,3PT Field Goal,Above the Break 3,Left Side Center(LC),24+ ft.,24.0,-213.0,129.0,1,1,20140322,LAC,DET
Shot Chart Detail,0021301039,242,2440,Matt Barnes,1610612746,Los Angeles Clippers,3,10,24,Missed Shot,Jump Shot,3PT Field Goal,Right Corner 3,Right Side(R),24+ ft.,23.0,237.0,-14.0,1,0,20140322,LAC,DET
Shot Chart Detail,0021301039,264,2440,Matt Barnes,1610612746,Los Angeles Clippers,3,8,51,Missed Shot,Jump Shot,3PT Field Goal,Right Corner 3,Right Side(R),24+ ft.,24.0,241.0,-14.0,1,0,20140322,LAC,DET
Shot Chart Detail,0021301039,270,2440,Matt Barnes,1610612746,Los Angeles Clippers,3,8,31,Made Shot,Driving Layup Shot,2PT Field Goal,Restricted Area,Center(C),Less Than 8 ft.,1.0,18.0,-3.0,1,1,20140322,LAC,DET
Shot Chart Detail,0021301039,275,2440,Matt Barnes,1610612746,Los Angeles Clippers,3,8,4,Missed Shot,Jump Shot,3PT Field Goal,Above the Break 3,Left Side Center(LC),24+ ft.,25.0,-217.0,132.0,1,0,20140322,LAC,DET
Shot Chart Detail,0021301039,292,2440,Matt Barnes,1610612746,Los Angeles Clippers,3,5,37,Made Shot,Dunk Shot,2PT Field Goal,Restricted Area,Center(C),Less Than 8 ft.,1.0,10.0,1.0,1,1,20140322,LAC,DET
Shot Chart Detail,0021301039,487,2440,Matt Barnes,1610612746,Los Angeles Clippers,4,0,18,Missed Shot,Jump Shot,3PT Field Goal,Above the Break 3,Right Side Center(RC),24+ ft.,26.0,149.0,219.0,1,0,20140322,LAC,DET
Shot Chart Detail,0021301056,11,2440,Matt Barnes,1610612746,Los Angeles Clippers,1,10,55,Made Shot,Driving Layup Shot,2PT Field Goal,Restricted Area,Center(C),Less Than 8 ft.,0.0,1.0,-5.0,1,1,20140324,LAC,MIL
Shot Chart Detail,0021301056,22,2440,Matt Barnes,1610612746,Los Angeles Clippers,1,9,21,Missed Shot,Jump Shot,3PT Field Goal,Above the Break 3,Right Side Center(RC),24+ ft.,26.0,236.0,113.0,1,0,20140324,LAC,MIL
Shot Chart Detail,0021301056,70,2440,Matt Barnes,1610612746,Los Angeles Clippers,1,5,47,Made Shot,Jump Shot,3PT Field Goal,Above the Break 3,Left Side Center(LC),24+ ft.,25.0,-179.0,184.0,1,1,20140324,LAC,MIL
Shot Chart Detail,0021301056,217,2440,Matt Barnes,1610612746,Los Angeles Clippers,2,4,19,Made Shot,Jump Shot,3PT Field Goal,Above the Break 3,Right Side Center(RC),24+ ft.,25.0,211.0,146.0,1,1,20140324,LAC,MIL
Shot Chart Detail,0021301056,227,2440,Matt Barnes,1610612746,Los Angeles Clippers,2,3,14,Missed Shot,Jump Shot,3PT Field Goal,Right Corner 3,Right Side(R),24+ ft.,22.0,228.0,3.0,1,0,20140324,LAC,MIL
Shot Chart Detail,0021301056,275,2440,Matt Barnes,1610612746,Los Angeles Clippers,3,9,38,Missed Shot,Jump Shot,3PT Field Goal,Above the Break 3,Left Side Center(LC),24+ ft.,25.0,-150.0,209.0,1,0,20140324,LAC,MIL
Shot Chart Detail,0021301056,293,2440,Matt Barnes,1610612746,Los Angeles Clippers,3,7,39,Missed Shot,Jump Shot,2PT Field Goal,Mid-Range,Right Side(R),16-24 ft.,17.0,143.0,96.0,1,0,20140324,LAC,MIL
Shot Chart Detail,0021301056,318,2440,Matt Barnes,1610612746,Los Angeles Clippers,3,3,42,Missed Shot,Jump Shot,2PT Field Goal,Mid-Range,Right Side(R),16-24 ft.,19.0,184.0,64.0,1,0,20140324,LAC,MIL
Shot Chart Detail,0021301066,27,2440,Matt Barnes,1610612746,Los Angeles Clippers,1,8,42,Made Shot,Jump Shot,3PT Field Goal,Right Corner 3,Right Side(R),24+ ft.,22.0,225.0,12.0,1,1,20140326,NOP,LAC
Shot Chart Detail,0021301066,53,2440,Matt Barnes,1610612746,Los Angeles Clippers,1,6,22,Made Shot,Layup Shot,2PT Field Goal,Restricted Area,Center(C),Less Than 8 ft.,1.0,-13.0,12.0,1,1,20140326,NOP,LAC
Shot Chart Detail,0021301066,75,2440,Matt Barnes,1610612746,Los Angeles Clippers,1,5,3,Made Shot,Jump Shot,3PT Field Goal,Above the Break 3,Right Side Center(RC),24+ ft.,27.0,179.0,206.0,1,1,20140326,NOP,LAC
Shot Chart Detail,0021301066,205,2440,Matt Barnes,1610612746,Los Angeles Clippers,2,4,43,Missed Shot,Jump Shot,3PT Field Goal,Above the Break 3,Right Side Center(RC),24+ ft.,25.0,209.0,146.0,1,0,20140326,NOP,LAC
Shot Chart Detail,0021301066,251,2440,Matt Barnes,1610612746,Los Angeles Clippers,2,0,44,Made Shot,Jump Shot,3PT Field Goal,Above the Break 3,Center(C),24+ ft.,24.0,-48.0,241.0,1,1,20140326,NOP,LAC
Shot Chart Detail,0021301066,337,2440,Matt Barnes,1610612746,Los Angeles Clippers,3,5,25,Missed Shot,Layup Shot,2PT Field Goal,Restricted Area,Center(C),Less Than 8 ft.,1.0,13.0,7.0,1,0,20140326,NOP,LAC
Shot Chart Detail,0021301066,493,2440,Matt Barnes,1610612746,Los Angeles Clippers,4,5,1,Made Shot,Jump Shot,3PT Field Goal,Right Corner 3,Right Side(R),24+ ft.,23.0,236.0,28.0,1,1,20140326,NOP,LAC
Shot Chart Detail,0021301074,5,2440,Matt Barnes,1610612746,Los Angeles Clippers,1,11,27,Missed Shot,Jump Shot,2PT Field Goal,Mid-Range,Right Side(R),16-24 ft.,17.0,179.0,6.0,1,0,20140327,DAL,LAC
Shot Chart Detail,0021301074,33,2440,Matt Barnes,1610612746,Los Angeles Clippers,1,7,43,Missed Shot,Turnaround Bank shot,2PT Field Goal,In The Paint (Non-RA),Center(C),Less Than 8 ft.,6.0,64.0,19.0,1,0,20140327,DAL,LAC
Shot Chart Detail,0021301074,35,2440,Matt Barnes,1610612746,Los Angeles Clippers,1,7,41,Made Shot,Jump Shot,2PT Field Goal,In The Paint (Non-RA),Center(C),Less Than 8 ft.,6.0,62.0,9.0,1,1,20140327,DAL,LAC
Shot Chart Detail,0021301074,71,2440,Matt Barnes,1610612746,Los Angeles Clippers,1,4,14,Missed Shot,Turnaround Hook Shot,2PT Field Goal,Restricted Area,Center(C),Less Than 8 ft.,3.0,39.0,0.0,1,0,20140327,DAL,LAC
Shot Chart Detail,0021301074,75,2440,Matt Barnes,1610612746,Los Angeles Clippers,1,3,39,Missed Shot,Jump Shot,3PT Field Goal,Above the Break 3,Right Side Center(RC),24+ ft.,24.0,211.0,123.0,1,0,20140327,DAL,LAC
Shot Chart Detail,0021301074,88,2440,Matt Barnes,1610612746,Los Angeles Clippers,1,2,18,Made Shot,Running Slam Dunk Shot,2PT Field Goal,Restricted Area,Center(C),Less Than 8 ft.,0.0,-8.0,3.0,1,1,20140327,DAL,LAC
Shot Chart Detail,0021301074,195,2440,Matt Barnes,1610612746,Los Angeles Clippers,2,6,9,Missed Shot,Jump Shot,3PT Field Goal,Right Corner 3,Right Side(R),24+ ft.,23.0,234.0,15.0,1,0,20140327,DAL,LAC
Shot Chart Detail,0021301074,201,2440,Matt Barnes,1610612746,Los Angeles Clippers,2,5,3,Made Shot,Driving Jump shot,2PT Field Goal,In The Paint (Non-RA),Center(C),Less Than 8 ft.,4.0,-34.0,30.0,1,1,20140327,DAL,LAC
Shot Chart Detail,0021301074,219,2440,Matt Barnes,1610612746,Los Angeles Clippers,2,4,14,Made Shot,Jump Shot,3PT Field Goal,Left Corner 3,Left Side(L),24+ ft.,22.0,-224.0,15.0,1,1,20140327,DAL,LAC
Shot Chart Detail,0021301074,343,2440,Matt Barnes,1610612746,Los Angeles Clippers,3,4,26,Missed Shot,Jump Shot,3PT Field Goal,Above the Break 3,Right Side Center(RC),24+ ft.,24.0,100.0,225.0,1,0,20140327,DAL,LAC
Shot Chart Detail,0021301074,354,2440,Matt Barnes,1610612746,Los Angeles Clippers,3,3,9,Missed Shot,Jump Shot,2PT Field Goal,In The Paint (Non-RA),Center(C),Less Than 8 ft.,6.0,62.0,23.0,1,0,20140327,DAL,LAC
Shot Chart Detail,0021301074,510,2440,Matt Barnes,1610612746,Los Angeles Clippers,4,2,50,Missed Shot,Jump Shot,3PT Field Goal,Above the Break 3,Left Side Center(LC),24+ ft.,24.0,-201.0,134.0,1,0,20140327,DAL,LAC
Shot Chart Detail,0021301088,32,2440,Matt Barnes,1610612746,Los Angeles Clippers,1,9,24,Missed Shot,Jump Shot,3PT Field Goal,Above the Break 3,Right Side Center(RC),24+ ft.,26.0,132.0,224.0,1,0,20140329,HOU,LAC
Shot Chart Detail,0021301088,47,2440,Matt Barnes,1610612746,Los Angeles Clippers,1,8,8,Missed Shot,Driving Jump shot,2PT Field Goal,In The Paint (Non-RA),Center(C),Less Than 8 ft.,5.0,45.0,28.0,1,0,20140329,HOU,LAC
Shot Chart Detail,0021301088,52,2440,Matt Barnes,1610612746,Los Angeles Clippers,1,7,38,Made Shot,Jump Shot,3PT Field Goal,Left Corner 3,Left Side(L),24+ ft.,22.0,-228.0,0.0,1,1,20140329,HOU,LAC
Shot Chart Detail,0021301088,64,2440,Matt Barnes,1610612746,Los Angeles Clippers,1,6,8,Missed Shot,Jump Shot,3PT Field Goal,Left Corner 3,Left Side(L),24+ ft.,23.0,-235.0,22.0,1,0,20140329,HOU,LAC
Shot Chart Detail,0021301088,86,2440,Matt Barnes,1610612746,Los Angeles Clippers,1,4,30,Made Shot,Pullup Bank shot,2PT Field Goal,Mid-Range,Right Side(R),8-16 ft.,9.0,92.0,17.0,1,1,20140329,HOU,LAC
Shot Chart Detail,0021301088,217,2440,Matt Barnes,1610612746,Los Angeles Clippers,2,6,49,Missed Shot,Jump Shot,3PT Field Goal,Above the Break 3,Center(C),24+ ft.,25.0,48.0,246.0,1,0,20140329,HOU,LAC
Shot Chart Detail,0021301088,335,2440,Matt Barnes,1610612746,Los Angeles Clippers,3,11,4,Missed Shot,Driving Layup Shot,2PT Field Goal,Restricted Area,Center(C),Less Than 8 ft.,3.0,29.0,12.0,1,0,20140329,HOU,LAC
Shot Chart Detail,0021301088,352,2440,Matt Barnes,1610612746,Los Angeles Clippers,3,9,42,Missed Shot,Jump Shot,3PT Field Goal,Above the Break 3,Left Side Center(LC),24+ ft.,26.0,-86.0,247.0,1,0,20140329,HOU,LAC
Shot Chart Detail,0021301088,400,2440,Matt Barnes,1610612746,Los Angeles Clippers,3,6,41,Made Shot,Dunk Shot,2PT Field Goal,Restricted Area,Center(C),Less Than 8 ft.,1.0,9.0,15.0,1,1,20140329,HOU,LAC
Shot Chart Detail,0021301088,411,2440,Matt Barnes,1610612746,Los Angeles Clippers,3,5,25,Missed Shot,Jump Shot,3PT Field Goal,Right Corner 3,Right Side(R),24+ ft.,24.0,233.0,72.0,1,0,20140329,HOU,LAC
Shot Chart Detail,0021301088,439,2440,Matt Barnes,1610612746,Los Angeles Clippers,3,2,46,Made Shot,Jump Shot,3PT Field Goal,Right Corner 3,Right Side(R),24+ ft.,24.0,239.0,48.0,1,1,20140329,HOU,LAC
Shot Chart Detail,0021301088,446,2440,Matt Barnes,1610612746,Los Angeles Clippers,3,1,9,Missed Shot,Jump Shot,3PT Field Goal,Left Corner 3,Left Side(L),24+ ft.,23.0,-231.0,-14.0,1,0,20140329,HOU,LAC
Shot Chart Detail,0021301088,599,2440,Matt Barnes,1610612746,Los Angeles Clippers,4,2,58,Made Shot,Jump Shot,3PT Field Goal,Above the Break 3,Right Side Center(RC),24+ ft.,25.0,106.0,228.0,1,1,20140329,HOU,LAC
Shot Chart Detail,0021301088,612,2440,Matt Barnes,1610612746,Los Angeles Clippers,4,1,53,Missed Shot,Jump Shot,3PT Field Goal,Above the Break 3,Left Side Center(LC),24+ ft.,24.0,-172.0,178.0,1,0,20140329,HOU,LAC
Shot Chart Detail,0021301088,622,2440,Matt Barnes,1610612746,Los Angeles Clippers,4,0,48,Made Shot,Running Layup Shot,2PT Field Goal,Restricted Area,Center(C),Less Than 8 ft.,2.0,-7.0,20.0,1,1,20140329,HOU,LAC
Shot Chart Detail,0021301107,21,2440,Matt Barnes,1610612746,Los Angeles Clippers,1,10,16,Missed Shot,Jump Shot,3PT Field Goal,Left Corner 3,Left Side(L),24+ ft.,23.0,-232.0,11.0,1,0,20140331,MIN,LAC
Shot Chart Detail,0021301107,41,2440,Matt Barnes,1610612746,Los Angeles Clippers,1,7,50,Made Shot,Driving Layup Shot,2PT Field Goal,Restricted Area,Center(C),Less Than 8 ft.,1.0,1.0,12.0,1,1,20140331,MIN,LAC
Shot Chart Detail,0021301107,51,2440,Matt Barnes,1610612746,Los Angeles Clippers,1,7,10,Made Shot,Jump Shot,3PT Field Goal,Above the Break 3,Left Side Center(LC),24+ ft.,24.0,-100.0,227.0,1,1,20140331,MIN,LAC
Shot Chart Detail,0021301107,58,2440,Matt Barnes,1610612746,Los Angeles Clippers,1,6,39,Made Shot,Jump Shot,3PT Field Goal,Above the Break 3,Left Side Center(LC),24+ ft.,25.0,-155.0,205.0,1,1,20140331,MIN,LAC
Shot Chart Detail,0021301107,96,2440,Matt Barnes,1610612746,Los Angeles Clippers,1,2,46,Missed Shot,Jump Shot,3PT Field Goal,Left Corner 3,Left Side(L),24+ ft.,22.0,-228.0,3.0,1,0,20140331,MIN,LAC
Shot Chart Detail,0021301107,208,2440,Matt Barnes,1610612746,Los Angeles Clippers,2,5,45,Made Shot,Driving Layup Shot,2PT Field Goal,Restricted Area,Center(C),Less Than 8 ft.,2.0,20.0,4.0,1,1,20140331,MIN,LAC
Shot Chart Detail,0021301107,212,2440,Matt Barnes,1610612746,Los Angeles Clippers,2,5,3,Missed Shot,Jump Shot,2PT Field Goal,In The Paint (Non-RA),Center(C),Less Than 8 ft.,6.0,-2.0,64.0,1,0,20140331,MIN,LAC
Shot Chart Detail,0021301107,273,2440,Matt Barnes,1610612746,Los Angeles Clippers,3,11,11,Missed Shot,Jump Shot,3PT Field Goal,Above the Break 3,Left Side Center(LC),24+ ft.,24.0,-109.0,217.0,1,0,20140331,MIN,LAC
Shot Chart Detail,0021301107,280,2440,Matt Barnes,1610612746,Los Angeles Clippers,3,10,32,Missed Shot,Jump Shot,3PT Field Goal,Above the Break 3,Right Side Center(RC),24+ ft.,25.0,106.0,235.0,1,0,20140331,MIN,LAC
Shot Chart Detail,0021301107,298,2440,Matt Barnes,1610612746,Los Angeles Clippers,3,7,3,Made Shot,Layup Shot,2PT Field Goal,Restricted Area,Center(C),Less Than 8 ft.,1.0,13.0,15.0,1,1,20140331,MIN,LAC
Shot Chart Detail,0021301107,339,2440,Matt Barnes,1610612746,Los Angeles Clippers,3,2,56,Made Shot,Jump Shot,3PT Field Goal,Above the Break 3,Center(C),24+ ft.,24.0,21.0,242.0,1,1,20140331,MIN,LAC
Shot Chart Detail,0021301107,448,2440,Matt Barnes,1610612746,Los Angeles Clippers,4,5,36,Missed Shot,Jump Shot,3PT Field Goal,Above the Break 3,Center(C),24+ ft.,24.0,-41.0,242.0,1,0,20140331,MIN,LAC
Shot Chart Detail,0021301107,456,2440,Matt Barnes,1610612746,Los Angeles Clippers,4,4,23,Made Shot,Running Jump Shot,2PT Field Goal,In The Paint (Non-RA),Center(C),Less Than 8 ft.,5.0,9.0,50.0,1,1,20140331,MIN,LAC
Shot Chart Detail,0021301107,488,2440,Matt Barnes,1610612746,Los Angeles Clippers,4,1,11,Missed Shot,Jump Shot,3PT Field Goal,Above the Break 3,Left Side Center(LC),24+ ft.,24.0,-141.0,195.0,1,0,20140331,MIN,LAC
Shot Chart Detail,0021301125,17,2440,Matt Barnes,1610612746,Los Angeles Clippers,1,10,12,Made Shot,Pullup Jump shot,2PT Field Goal,Mid-Range,Right Side(R),8-16 ft.,9.0,95.0,3.0,1,1,20140402,PHX,LAC
Shot Chart Detail,0021301125,24,2440,Matt Barnes,1610612746,Los Angeles Clippers,1,9,15,Missed Shot,Jump Shot,3PT Field Goal,Right Corner 3,Right Side(R),24+ ft.,24.0,237.0,61.0,1,0,20140402,PHX,LAC
Shot Chart Detail,0021301125,54,2440,Matt Barnes,1610612746,Los Angeles Clippers,1,6,46,Missed Shot,Jump Shot,3PT Field Goal,Above the Break 3,Left Side Center(LC),24+ ft.,25.0,-101.0,233.0,1,0,20140402,PHX,LAC
Shot Chart Detail,0021301125,56,2440,Matt Barnes,1610612746,Los Angeles Clippers,1,6,40,Made Shot,Jump Shot,2PT Field Goal,In The Paint (Non-RA),Center(C),Less Than 8 ft.,5.0,51.0,19.0,1,1,20140402,PHX,LAC
Shot Chart Detail,0021301125,100,2440,Matt Barnes,1610612746,Los Angeles Clippers,1,3,5,Made Shot,Jump Shot,3PT Field Goal,Above the Break 3,Left Side Center(LC),24+ ft.,25.0,-229.0,110.0,1,1,20140402,PHX,LAC
Shot Chart Detail,0021301125,117,2440,Matt Barnes,1610612746,Los Angeles Clippers,1,1,14,Missed Shot,Jump Shot,3PT Field Goal,Right Corner 3,Right Side(R),24+ ft.,22.0,228.0,-16.0,1,0,20140402,PHX,LAC
Shot Chart Detail,0021301125,119,2440,Matt Barnes,1610612746,Los Angeles Clippers,1,1,10,Made Shot,Driving Dunk Shot,2PT Field Goal,Restricted Area,Center(C),Less Than 8 ft.,0.0,4.0,0.0,1,1,20140402,PHX,LAC
Shot Chart Detail,0021301125,153,2440,Matt Barnes,1610612746,Los Angeles Clippers,2,10,43,Missed Shot,Jump Shot,2PT Field Goal,Restricted Area,Center(C),Less Than 8 ft.,3.0,26.0,19.0,1,0,20140402,PHX,LAC
Shot Chart Detail,0021301125,236,2440,Matt Barnes,1610612746,Los Angeles Clippers,2,3,43,Made Shot,Layup Shot,2PT Field Goal,Restricted Area,Center(C),Less Than 8 ft.,1.0,-2.0,19.0,1,1,20140402,PHX,LAC
Shot Chart Detail,0021301125,324,2440,Matt Barnes,1610612746,Los Angeles Clippers,3,7,55,Missed Shot,Layup Shot,2PT Field Goal,Restricted Area,Center(C),Less Than 8 ft.,2.0,18.0,20.0,1,0,20140402,PHX,LAC
Shot Chart Detail,0021301125,382,2440,Matt Barnes,1610612746,Los Angeles Clippers,3,3,32,Missed Shot,Jump Shot,3PT Field Goal,Above the Break 3,Right Side Center(RC),24+ ft.,25.0,211.0,148.0,1,0,20140402,PHX,LAC
Shot Chart Detail,0021301125,414,2440,Matt Barnes,1610612746,Los Angeles Clippers,3,2,23,Missed Shot,Jump Shot,3PT Field Goal,Left Corner 3,Left Side(L),24+ ft.,22.0,-224.0,48.0,1,0,20140402,PHX,LAC
Shot Chart Detail,0021301125,417,2440,Matt Barnes,1610612746,Los Angeles Clippers,3,2,2,Missed Shot,Jump Shot,3PT Field Goal,Left Corner 3,Left Side(L),24+ ft.,23.0,-235.0,7.0,1,0,20140402,PHX,LAC
Shot Chart Detail,0021301125,519,2440,Matt Barnes,1610612746,Los Angeles Clippers,4,4,47,Made Shot,Jump Shot,3PT Field Goal,Above the Break 3,Left Side Center(LC),24+ ft.,24.0,-169.0,179.0,1,1,20140402,PHX,LAC
Shot Chart Detail,0021301125,525,2440,Matt Barnes,1610612746,Los Angeles Clippers,4,3,11,Made Shot,Alley Oop Layup shot,2PT Field Goal,Restricted Area,Center(C),Less Than 8 ft.,2.0,21.0,1.0,1,1,20140402,PHX,LAC
Shot Chart Detail,0021301125,550,2440,Matt Barnes,1610612746,Los Angeles Clippers,4,0,50,Missed Shot,Jump Shot,2PT Field Goal,In The Paint (Non-RA),Center(C),Less Than 8 ft.,7.0,-10.0,78.0,1,0,20140402,PHX,LAC
Shot Chart Detail,0021301128,36,2440,Matt Barnes,1610612746,Los Angeles Clippers,1,7,42,Missed Shot,Layup Shot,2PT Field Goal,Restricted Area,Center(C),Less Than 8 ft.,2.0,-8.0,24.0,1,0,20140403,LAC,DAL
Shot Chart Detail,0021301128,64,2440,Matt Barnes,1610612746,Los Angeles Clippers,1,4,27,Made Shot,Jump Shot,3PT Field Goal,Right Corner 3,Right Side(R),24+ ft.,24.0,237.0,44.0,1,1,20140403,LAC,DAL
Shot Chart Detail,0021301128,105,2440,Matt Barnes,1610612746,Los Angeles Clippers,1,0,33,Missed Shot,Jump Shot,3PT Field Goal,Above the Break 3,Right Side Center(RC),24+ ft.,25.0,190.0,164.0,1,0,20140403,LAC,DAL
Shot Chart Detail,0021301128,174,2440,Matt Barnes,1610612746,Los Angeles Clippers,2,7,2,Made Shot,Driving Dunk Shot,2PT Field Goal,Restricted Area,Center(C),Less Than 8 ft.,1.0,-7.0,14.0,1,1,20140403,LAC,DAL
Shot Chart Detail,0021301128,177,2440,Matt Barnes,1610612746,Los Angeles Clippers,2,6,38,Missed Shot,Jump Shot,3PT Field Goal,Right Corner 3,Right Side(R),24+ ft.,24.0,241.0,1.0,1,0,20140403,LAC,DAL
Shot Chart Detail,0021301128,194,2440,Matt Barnes,1610612746,Los Angeles Clippers,2,5,18,Missed Shot,Jump Shot,3PT Field Goal,Right Corner 3,Right Side(R),24+ ft.,23.0,239.0,3.0,1,0,20140403,LAC,DAL
Shot Chart Detail,0021301128,256,2440,Matt Barnes,1610612746,Los Angeles Clippers,3,11,0,Missed Shot,Jump Shot,2PT Field Goal,In The Paint (Non-RA),Center(C),8-16 ft.,8.0,-16.0,82.0,1,0,20140403,LAC,DAL
Shot Chart Detail,0021301128,378,2440,Matt Barnes,1610612746,Los Angeles Clippers,3,0,26,Missed Shot,Jump Shot,3PT Field Goal,Above the Break 3,Right Side Center(RC),24+ ft.,25.0,119.0,228.0,1,0,20140403,LAC,DAL
Shot Chart Detail,0021301128,456,2440,Matt Barnes,1610612746,Los Angeles Clippers,4,4,32,Missed Shot,Jump Shot,3PT Field Goal,Right Corner 3,Right Side(R),24+ ft.,22.0,226.0,42.0,1,0,20140403,LAC,DAL
Shot Chart Detail,0021301150,14,2440,Matt Barnes,1610612746,Los Angeles Clippers,1,9,52,Made Shot,Jump Shot,3PT Field Goal,Left Corner 3,Left Side(L),24+ ft.,22.0,-229.0,-10.0,1,1,20140406,LAC,LAL
Shot Chart Detail,0021301150,55,2440,Matt Barnes,1610612746,Los Angeles Clippers,1,5,38,Missed Shot,Jump Shot,3PT Field Goal,Above the Break 3,Left Side Center(LC),24+ ft.,27.0,-152.0,227.0,1,0,20140406,LAC,LAL
Shot Chart Detail,0021301150,209,2440,Matt Barnes,1610612746,Los Angeles Clippers,2,3,59,Made Shot,Tip Shot,2PT Field Goal,Restricted Area,Center(C),Less Than 8 ft.,1.0,2.0,12.0,1,1,20140406,LAC,LAL
Shot Chart Detail,0021301150,273,2440,Matt Barnes,1610612746,Los Angeles Clippers,2,0,29,Missed Shot,Jump Shot,3PT Field Goal,Right Corner 3,Right Side(R),24+ ft.,23.0,239.0,0.0,1,0,20140406,LAC,LAL
Shot Chart Detail,0021301150,292,2440,Matt Barnes,1610612746,Los Angeles Clippers,3,11,21,Made Shot,Layup Shot,2PT Field Goal,Restricted Area,Center(C),Less Than 8 ft.,1.0,-18.0,3.0,1,1,20140406,LAC,LAL
Shot Chart Detail,0021301150,353,2440,Matt Barnes,1610612746,Los Angeles Clippers,3,6,13,Made Shot,Driving Finger Roll Layup Shot,2PT Field Goal,Restricted Area,Center(C),Less Than 8 ft.,2.0,-11.0,19.0,1,1,20140406,LAC,LAL
Shot Chart Detail,0021301173,26,2440,Matt Barnes,1610612746,Los Angeles Clippers,1,9,24,Missed Shot,Jump Shot,3PT Field Goal,Right Corner 3,Right Side(R),24+ ft.,24.0,241.0,53.0,1,0,20140409,LAC,OKC
Shot Chart Detail,0021301173,235,2440,Matt Barnes,1610612746,Los Angeles Clippers,2,4,33,Missed Shot,Driving Dunk Shot,2PT Field Goal,Restricted Area,Center(C),Less Than 8 ft.,2.0,23.0,-13.0,1,0,20140409,LAC,OKC
Shot Chart Detail,0021301173,249,2440,Matt Barnes,1610612746,Los Angeles Clippers,2,3,30,Made Shot,Jump Shot,3PT Field Goal,Right Corner 3,Right Side(R),24+ ft.,23.0,234.0,-8.0,1,1,20140409,LAC,OKC
Shot Chart Detail,0021301173,256,2440,Matt Barnes,1610612746,Los Angeles Clippers,2,2,48,Missed Shot,Jump Shot,3PT Field Goal,Left Corner 3,Left Side(L),24+ ft.,23.0,-237.0,-3.0,1,0,20140409,LAC,OKC
Shot Chart Detail,0021301173,275,2440,Matt Barnes,1610612746,Los Angeles Clippers,2,1,39,Missed Shot,Jump Shot,3PT Field Goal,Right Corner 3,Right Side(R),24+ ft.,23.0,236.0,-8.0,1,0,20140409,LAC,OKC
Shot Chart Detail,0021301173,315,2440,Matt Barnes,1610612746,Los Angeles Clippers,3,11,4,Made Shot,Layup Shot,2PT Field Goal,Restricted Area,Center(C),Less Than 8 ft.,2.0,24.0,-5.0,1,1,20140409,LAC,OKC
Shot Chart Detail,0021301173,383,2440,Matt Barnes,1610612746,Los Angeles Clippers,3,4,30,Missed Shot,Layup Shot,2PT Field Goal,Restricted Area,Center(C),Less Than 8 ft.,1.0,17.0,-2.0,1,0,20140409,LAC,OKC
Shot Chart Detail,0021301173,385,2440,Matt Barnes,1610612746,Los Angeles Clippers,3,4,27,Made Shot,Hook Shot,2PT Field Goal,In The Paint (Non-RA),Center(C),Less Than 8 ft.,5.0,-37.0,37.0,1,1,20140409,LAC,OKC
Shot Chart Detail,0021301173,389,2440,Matt Barnes,1610612746,Los Angeles Clippers,3,3,21,Missed Shot,Layup Shot,2PT Field Goal,Restricted Area,Center(C),Less Than 8 ft.,1.0,-15.0,0.0,1,0,20140409,LAC,OKC
Shot Chart Detail,0021301189,80,2440,Matt Barnes,1610612746,Los Angeles Clippers,1,4,18,Made Shot,Layup Shot,2PT Field Goal,Restricted Area,Center(C),Less Than 8 ft.,2.0,26.0,12.0,1,1,20140412,LAC,SAC
Shot Chart Detail,0021301189,194,2440,Matt Barnes,1610612746,Los Angeles Clippers,2,6,14,Missed Shot,Layup Shot,2PT Field Goal,Restricted Area,Center(C),Less Than 8 ft.,1.0,0.0,14.0,1,0,20140412,LAC,SAC
Shot Chart Detail,0021301189,344,2440,Matt Barnes,1610612746,Los Angeles Clippers,3,10,38,Missed Shot,Jump Shot,3PT Field Goal,Above the Break 3,Left Side Center(LC),24+ ft.,27.0,-116.0,244.0,1,0,20140412,LAC,SAC
Shot Chart Detail,0021301189,376,2440,Matt Barnes,1610612746,Los Angeles Clippers,3,7,32,Made Shot,Alley Oop Dunk Shot,2PT Field Goal,Restricted Area,Center(C),Less Than 8 ft.,2.0,20.0,15.0,1,1,20140412,LAC,SAC
Shot Chart Detail,0021301189,422,2440,Matt Barnes,1610612746,Los Angeles Clippers,3,3,39,Made Shot,Jump Shot,3PT Field Goal,Above the Break 3,Right Side Center(RC),24+ ft.,25.0,118.0,230.0,1,1,20140412,LAC,SAC
Shot Chart Detail,0021301189,557,2440,Matt Barnes,1610612746,Los Angeles Clippers,4,2,28,Made Shot,Jump Shot,3PT Field Goal,,,,,,,1,1,20140412,LAC,SAC
Shot Chart Detail,0021301215,30,2440,Matt Barnes,1610612746,Los Angeles Clippers,1,9,3,Made Shot,Jump Shot,3PT Field Goal,Above the Break 3,Right Side Center(RC),24+ ft.,26.0,160.0,217.0,1,1,20140415,LAC,DEN
Shot Chart Detail,0021301215,186,2440,Matt Barnes,1610612746,Los Angeles Clippers,2,6,39,Missed Shot,Jump Shot,3PT Field Goal,Left Corner 3,Left Side(L),24+ ft.,24.0,-240.0,-5.0,1,0,20140415,LAC,DEN
Shot Chart Detail,0021301215,264,2440,Matt Barnes,1610612746,Los Angeles Clippers,2,0,0,Missed Shot,Layup Shot,2PT Field Goal,Restricted Area,Center(C),Less Than 8 ft.,2.0,9.0,28.0,1,0,20140415,LAC,DEN
Shot Chart Detail,0021301215,316,2440,Matt Barnes,1610612746,Los Angeles Clippers,3,6,24,Made Shot,Fadeaway Jump Shot,2PT Field Goal,Mid-Range,Right Side(R),8-16 ft.,11.0,110.0,12.0,1,1,20140415,LAC,DEN
Shot Chart Detail,0021301215,327,2440,Matt Barnes,1610612746,Los Angeles Clippers,3,5,27,Missed Shot,Jump Shot,3PT Field Goal,Above the Break 3,Left Side Center(LC),24+ ft.,26.0,-138.0,224.0,1,0,20140415,LAC,DEN
Shot Chart Detail,0021301228,33,2440,Matt Barnes,1610612746,Los Angeles Clippers,1,9,15,Made Shot,Jump Shot,3PT Field Goal,Above the Break 3,Right Side Center(RC),24+ ft.,24.0,198.0,148.0,1,1,20140416,POR,LAC
Shot Chart Detail,0021301228,58,2440,Matt Barnes,1610612746,Los Angeles Clippers,1,7,0,Missed Shot,Jump Shot,3PT Field Goal,Above the Break 3,Left Side Center(LC),24+ ft.,24.0,-130.0,208.0,1,0,20140416,POR,LAC
Shot Chart Detail,0021301228,66,2440,Matt Barnes,1610612746,Los Angeles Clippers,1,5,56,Made Shot,Driving Hook Shot,2PT Field Goal,Restricted Area,Center(C),Less Than 8 ft.,3.0,23.0,22.0,1,1,20140416,POR,LAC
Shot Chart Detail,0021301228,259,2440,Matt Barnes,1610612746,Los Angeles Clippers,2,1,55,Missed Shot,Jump Shot,2PT Field Goal,Mid-Range,Right Side(R),16-24 ft.,23.0,198.0,124.0,1,0,20140416,POR,LAC
Shot Chart Detail,0021301228,289,2440,Matt Barnes,1610612746,Los Angeles Clippers,3,11,43,Made Shot,Jump Shot,2PT Field Goal,Mid-Range,Left Side(L),8-16 ft.,10.0,-89.0,48.0,1,1,20140416,POR,LAC
Shot Chart Detail,0021301228,293,2440,Matt Barnes,1610612746,Los Angeles Clippers,3,11,2,Made Shot,Jump Bank Shot,2PT Field Goal,Mid-Range,Left Side(L),8-16 ft.,9.0,-93.0,23.0,1,1,20140416,POR,LAC
Shot Chart Detail,0021301228,368,2440,Matt Barnes,1610612746,Los Angeles Clippers,3,2,59,Made Shot,Jump Shot,3PT Field Goal,Above the Break 3,Left Side Center(LC),24+ ft.,24.0,-220.0,115.0,1,1,20140416,POR,LAC
Shot Chart Detail,0021301228,480,2440,Matt Barnes,1610612746,Los Angeles Clippers,4,6,2,Missed Shot,Jump Shot,3PT Field Goal,Above the Break 3,Right Side Center(RC),24+ ft.,24.0,200.0,142.0,1,0,20140416,POR,LAC
Shot Chart Detail,0021301228,519,2440,Matt Barnes,1610612746,Los Angeles Clippers,4,3,6,Missed Shot,Jump Shot,3PT Field Goal,Above the Break 3,Center(C),24+ ft.,24.0,43.0,242.0,1,0,20140416,POR,LAC
Shot Chart Detail,0021301228,529,2440,Matt Barnes,1610612746,Los Angeles Clippers,4,2,11,Made Shot,Layup Shot,2PT Field Goal,Restricted Area,Center(C),Less Than 8 ft.,2.0,15.0,17.0,1,1,20140416,POR,LAC
Shot Chart Detail,0021301228,534,2440,Matt Barnes,1610612746,Los Angeles Clippers,4,1,39,Missed Shot,Jump Shot,3PT Field Goal,Left Corner 3,Left Side(L),24+ ft.,23.0,-234.0,4.0,1,0,20140416,POR,LAC
