GRID_TYPE,GAME_ID,GAME_EVENT_ID,PLAYER_ID,PLAYER_NAME,TEAM_ID,TEAM_NAME,PERIOD,MINUTES_REMAINING,SECONDS_REMAINING,EVENT_TYPE,ACTION_TYPE,SHOT_TYPE,SHOT_ZONE_BASIC,SHOT_ZONE_AREA,SHOT_ZONE_RANGE,SHOT_DISTANCE,LOC_X,LOC_Y,SHOT_ATTEMPTED_FLAG,SHOT_MADE_FLAG,GAME_DATE,HTM,VTM
Shot Chart Detail,0021300007,5,2772,Trevor Ariza,1610612764,Washington Wizards,1,11,10,Made Shot,Jump Shot,3PT Field Goal,Left Corner 3,Left Side(L),24+ ft.,23.0,-235.0,14.0,1,1,20131030,DET,WAS
Shot Chart Detail,0021300007,10,2772,Trevor Ariza,1610612764,Washington Wizards,1,10,6,Missed Shot,Jump Shot,3PT Field Goal,Above the Break 3,Left Side Center(LC),24+ ft.,27.0,-128.0,238.0,1,0,20131030,DET,WAS
Shot Chart Detail,0021300007,32,2772,Trevor Ariza,1610612764,Washington Wizards,1,7,48,Made Shot,Jump Shot,3PT Field Goal,Left Corner 3,Left Side(L),24+ ft.,23.0,-235.0,25.0,1,1,20131030,DET,WAS
Shot Chart Detail,0021300007,36,2772,Trevor Ariza,1610612764,Washington Wizards,1,7,14,Missed Shot,Jump Shot,3PT Field Goal,Above the Break 3,Left Side Center(LC),24+ ft.,27.0,-125.0,244.0,1,0,20131030,DET,WAS
Shot Chart Detail,0021300007,65,2772,Trevor Ariza,1610612764,Washington Wizards,1,3,58,Made Shot,Jump Shot,3PT Field Goal,Above the Break 3,Right Side Center(RC),24+ ft.,26.0,226.0,132.0,1,1,20131030,DET,WAS
Shot Chart Detail,0021300007,67,2772,Trevor Ariza,1610612764,Washington Wizards,1,3,22,Missed Shot,Jump Shot,3PT Field Goal,Above the Break 3,Left Side Center(LC),24+ ft.,26.0,-229.0,135.0,1,0,20131030,DET,WAS
Shot Chart Detail,0021300007,69,2772,Trevor Ariza,1610612764,Washington Wizards,1,3,16,Made Shot,Dunk Shot,2PT Field Goal,Restricted Area,Center(C),Less Than 8 ft.,0.0,0.0,-2.0,1,1,20131030,DET,WAS
Shot Chart Detail,0021300007,82,2772,Trevor Ariza,1610612764,Washington Wizards,1,2,1,Made Shot,Jump Shot,3PT Field Goal,Above the Break 3,Center(C),24+ ft.,27.0,31.0,271.0,1,1,20131030,DET,WAS
Shot Chart Detail,0021300007,193,2772,Trevor Ariza,1610612764,Washington Wizards,2,3,31,Missed Shot,Jump Shot,2PT Field Goal,Mid-Range,Left Side(L),16-24 ft.,18.0,-169.0,83.0,1,0,20131030,DET,WAS
Shot Chart Detail,0021300007,217,2772,Trevor Ariza,1610612764,Washington Wizards,2,1,26,Made Shot,Jump Shot,3PT Field Goal,Left Corner 3,Left Side(L),24+ ft.,22.0,-226.0,20.0,1,1,20131030,DET,WAS
Shot Chart Detail,0021300007,251,2772,Trevor Ariza,1610612764,Washington Wizards,3,10,13,Made Shot,Jump Shot,2PT Field Goal,Mid-Range,Left Side Center(LC),16-24 ft.,17.0,-105.0,135.0,1,1,20131030,DET,WAS
Shot Chart Detail,0021300007,253,2772,Trevor Ariza,1610612764,Washington Wizards,3,9,51,Made Shot,Jump Shot,3PT Field Goal,Left Corner 3,Left Side(L),24+ ft.,24.0,-243.0,20.0,1,1,20131030,DET,WAS
Shot Chart Detail,0021300007,447,2772,Trevor Ariza,1610612764,Washington Wizards,4,7,47,Missed Shot,Jump Shot,3PT Field Goal,Above the Break 3,Left Side Center(LC),24+ ft.,25.0,-122.0,225.0,1,0,20131030,DET,WAS
Shot Chart Detail,0021300007,562,2772,Trevor Ariza,1610612764,Washington Wizards,4,0,12,Missed Shot,Jump Shot,3PT Field Goal,Above the Break 3,Right Side Center(RC),24+ ft.,25.0,192.0,172.0,1,0,20131030,DET,WAS
Shot Chart Detail,0021300022,11,2772,Trevor Ariza,1610612764,Washington Wizards,1,10,28,Missed Shot,Layup Shot,2PT Field Goal,Restricted Area,Center(C),Less Than 8 ft.,0.0,2.0,9.0,1,0,20131101,WAS,PHI
Shot Chart Detail,0021300022,17,2772,Trevor Ariza,1610612764,Washington Wizards,1,9,59,Missed Shot,Jump Shot,3PT Field Goal,Above the Break 3,Left Side Center(LC),24+ ft.,25.0,-84.0,242.0,1,0,20131101,WAS,PHI
Shot Chart Detail,0021300022,144,2772,Trevor Ariza,1610612764,Washington Wizards,2,10,28,Missed Shot,Layup Shot,2PT Field Goal,Restricted Area,Center(C),Less Than 8 ft.,1.0,18.0,-8.0,1,0,20131101,WAS,PHI
Shot Chart Detail,0021300022,178,2772,Trevor Ariza,1610612764,Washington Wizards,2,7,58,Missed Shot,Jump Shot,3PT Field Goal,Left Corner 3,Left Side(L),24+ ft.,22.0,-226.0,14.0,1,0,20131101,WAS,PHI
Shot Chart Detail,0021300022,220,2772,Trevor Ariza,1610612764,Washington Wizards,2,5,18,Missed Shot,Jump Shot,3PT Field Goal,Left Corner 3,Left Side(L),24+ ft.,23.0,-232.0,61.0,1,0,20131101,WAS,PHI
Shot Chart Detail,0021300022,230,2772,Trevor Ariza,1610612764,Washington Wizards,2,4,23,Made Shot,Driving Layup Shot,2PT Field Goal,Restricted Area,Center(C),Less Than 8 ft.,0.0,-7.0,3.0,1,1,20131101,WAS,PHI
Shot Chart Detail,0021300022,250,2772,Trevor Ariza,1610612764,Washington Wizards,2,2,37,Missed Shot,Layup Shot,2PT Field Goal,Restricted Area,Center(C),Less Than 8 ft.,1.0,18.0,1.0,1,0,20131101,WAS,PHI
Shot Chart Detail,0021300022,262,2772,Trevor Ariza,1610612764,Washington Wizards,2,1,45,Made Shot,Jump Shot,3PT Field Goal,Right Corner 3,Right Side(R),24+ ft.,23.0,231.0,30.0,1,1,20131101,WAS,PHI
Shot Chart Detail,0021300022,318,2772,Trevor Ariza,1610612764,Washington Wizards,3,9,57,Made Shot,Finger Roll Layup Shot,2PT Field Goal,Restricted Area,Center(C),Less Than 8 ft.,1.0,1.0,19.0,1,1,20131101,WAS,PHI
Shot Chart Detail,0021300022,323,2772,Trevor Ariza,1610612764,Washington Wizards,3,9,16,Missed Shot,Jump Shot,3PT Field Goal,Above the Break 3,Left Side Center(LC),24+ ft.,27.0,-155.0,224.0,1,0,20131101,WAS,PHI
Shot Chart Detail,0021300022,330,2772,Trevor Ariza,1610612764,Washington Wizards,3,8,25,Made Shot,Putback Layup Shot,2PT Field Goal,Restricted Area,Center(C),Less Than 8 ft.,0.0,0.0,9.0,1,1,20131101,WAS,PHI
Shot Chart Detail,0021300022,441,2772,Trevor Ariza,1610612764,Washington Wizards,4,9,42,Made Shot,Layup Shot,2PT Field Goal,Restricted Area,Center(C),Less Than 8 ft.,0.0,0.0,9.0,1,1,20131101,WAS,PHI
Shot Chart Detail,0021300022,462,2772,Trevor Ariza,1610612764,Washington Wizards,4,6,54,Missed Shot,Jump Shot,3PT Field Goal,Right Corner 3,Right Side(R),24+ ft.,23.0,236.0,39.0,1,0,20131101,WAS,PHI
Shot Chart Detail,0021300022,474,2772,Trevor Ariza,1610612764,Washington Wizards,4,6,8,Missed Shot,Layup Shot,2PT Field Goal,Restricted Area,Center(C),Less Than 8 ft.,1.0,9.0,11.0,1,0,20131101,WAS,PHI
Shot Chart Detail,0021300022,508,2772,Trevor Ariza,1610612764,Washington Wizards,4,3,41,Missed Shot,Jump Shot,3PT Field Goal,Right Corner 3,Right Side(R),24+ ft.,24.0,236.0,52.0,1,0,20131101,WAS,PHI
Shot Chart Detail,0021300042,12,2772,Trevor Ariza,1610612764,Washington Wizards,1,10,8,Missed Shot,Jump Shot,2PT Field Goal,Mid-Range,Center(C),8-16 ft.,14.0,23.0,140.0,1,0,20131103,MIA,WAS
Shot Chart Detail,0021300042,18,2772,Trevor Ariza,1610612764,Washington Wizards,1,9,2,Missed Shot,Jump Shot,3PT Field Goal,Left Corner 3,Left Side(L),24+ ft.,23.0,-235.0,11.0,1,0,20131103,MIA,WAS
Shot Chart Detail,0021300042,253,2772,Trevor Ariza,1610612764,Washington Wizards,3,11,8,Missed Shot,Jump Shot,2PT Field Goal,Mid-Range,Right Side(R),16-24 ft.,19.0,196.0,22.0,1,0,20131103,MIA,WAS
Shot Chart Detail,0021300042,292,2772,Trevor Ariza,1610612764,Washington Wizards,3,8,3,Missed Shot,Jump Shot,2PT Field Goal,In The Paint (Non-RA),Right Side(R),8-16 ft.,8.0,61.0,66.0,1,0,20131103,MIA,WAS
Shot Chart Detail,0021300042,294,2772,Trevor Ariza,1610612764,Washington Wizards,3,7,59,Missed Shot,Layup Shot,2PT Field Goal,Restricted Area,Center(C),Less Than 8 ft.,0.0,4.0,1.0,1,0,20131103,MIA,WAS
Shot Chart Detail,0021300042,296,2772,Trevor Ariza,1610612764,Washington Wizards,3,7,57,Missed Shot,Layup Shot,2PT Field Goal,Restricted Area,Center(C),Less Than 8 ft.,0.0,6.0,3.0,1,0,20131103,MIA,WAS
Shot Chart Detail,0021300042,340,2772,Trevor Ariza,1610612764,Washington Wizards,3,4,24,Missed Shot,Jump Shot,3PT Field Goal,Above the Break 3,Left Side Center(LC),24+ ft.,24.0,-114.0,219.0,1,0,20131103,MIA,WAS
Shot Chart Detail,0021300042,370,2772,Trevor Ariza,1610612764,Washington Wizards,3,2,14,Missed Shot,Jump Shot,3PT Field Goal,Above the Break 3,Right Side Center(RC),24+ ft.,25.0,190.0,172.0,1,0,20131103,MIA,WAS
Shot Chart Detail,0021300042,411,2772,Trevor Ariza,1610612764,Washington Wizards,4,11,0,Made Shot,Jump Shot,3PT Field Goal,Right Corner 3,Right Side(R),24+ ft.,24.0,244.0,28.0,1,1,20131103,MIA,WAS
Shot Chart Detail,0021300042,418,2772,Trevor Ariza,1610612764,Washington Wizards,4,10,22,Made Shot,Hook Shot,2PT Field Goal,Restricted Area,Center(C),Less Than 8 ft.,3.0,34.0,12.0,1,1,20131103,MIA,WAS
Shot Chart Detail,0021300042,424,2772,Trevor Ariza,1610612764,Washington Wizards,4,9,26,Missed Shot,Jump Shot,3PT Field Goal,Above the Break 3,Left Side Center(LC),24+ ft.,24.0,-98.0,225.0,1,0,20131103,MIA,WAS
Shot Chart Detail,0021300042,437,2772,Trevor Ariza,1610612764,Washington Wizards,4,7,43,Made Shot,Jump Shot,3PT Field Goal,Right Corner 3,Right Side(R),24+ ft.,24.0,245.0,17.0,1,1,20131103,MIA,WAS
Shot Chart Detail,0021300042,440,2772,Trevor Ariza,1610612764,Washington Wizards,4,7,12,Made Shot,Jump Shot,3PT Field Goal,Right Corner 3,Right Side(R),24+ ft.,24.0,241.0,9.0,1,1,20131103,MIA,WAS
Shot Chart Detail,0021300042,457,2772,Trevor Ariza,1610612764,Washington Wizards,4,5,23,Missed Shot,Layup Shot,2PT Field Goal,Restricted Area,Center(C),Less Than 8 ft.,2.0,20.0,9.0,1,0,20131103,MIA,WAS
Shot Chart Detail,0021300042,471,2772,Trevor Ariza,1610612764,Washington Wizards,4,3,58,Missed Shot,Jump Shot,3PT Field Goal,Above the Break 3,Center(C),24+ ft.,24.0,21.0,244.0,1,0,20131103,MIA,WAS
Shot Chart Detail,0021300042,496,2772,Trevor Ariza,1610612764,Washington Wizards,4,1,34,Missed Shot,Jump Shot,3PT Field Goal,Right Corner 3,Right Side(R),24+ ft.,25.0,239.0,74.0,1,0,20131103,MIA,WAS
Shot Chart Detail,0021300063,7,2772,Trevor Ariza,1610612764,Washington Wizards,1,11,1,Made Shot,Driving Layup Shot,2PT Field Goal,Restricted Area,Center(C),Less Than 8 ft.,1.0,12.0,6.0,1,1,20131106,PHI,WAS
Shot Chart Detail,0021300063,21,2772,Trevor Ariza,1610612764,Washington Wizards,1,8,48,Missed Shot,Layup Shot,2PT Field Goal,Restricted Area,Center(C),Less Than 8 ft.,1.0,10.0,9.0,1,0,20131106,PHI,WAS
Shot Chart Detail,0021300063,25,2772,Trevor Ariza,1610612764,Washington Wizards,1,8,35,Missed Shot,Jump Shot,2PT Field Goal,Restricted Area,Center(C),Less Than 8 ft.,3.0,17.0,30.0,1,0,20131106,PHI,WAS
Shot Chart Detail,0021300063,52,2772,Trevor Ariza,1610612764,Washington Wizards,1,6,6,Made Shot,Jump Shot,3PT Field Goal,Left Corner 3,Left Side(L),24+ ft.,22.0,-226.0,-8.0,1,1,20131106,PHI,WAS
Shot Chart Detail,0021300063,59,2772,Trevor Ariza,1610612764,Washington Wizards,1,5,8,Missed Shot,Layup Shot,2PT Field Goal,Restricted Area,Center(C),Less Than 8 ft.,0.0,-2.0,7.0,1,0,20131106,PHI,WAS
Shot Chart Detail,0021300063,63,2772,Trevor Ariza,1610612764,Washington Wizards,1,4,54,Missed Shot,Jump Shot,2PT Field Goal,Mid-Range,Right Side Center(RC),16-24 ft.,20.0,146.0,138.0,1,0,20131106,PHI,WAS
Shot Chart Detail,0021300063,190,2772,Trevor Ariza,1610612764,Washington Wizards,2,5,2,Missed Shot,Jump Shot,3PT Field Goal,Left Corner 3,Left Side(L),24+ ft.,23.0,-239.0,0.0,1,0,20131106,PHI,WAS
Shot Chart Detail,0021300063,203,2772,Trevor Ariza,1610612764,Washington Wizards,2,4,9,Made Shot,Jump Shot,3PT Field Goal,Right Corner 3,Right Side(R),24+ ft.,23.0,234.0,1.0,1,1,20131106,PHI,WAS
Shot Chart Detail,0021300063,256,2772,Trevor Ariza,1610612764,Washington Wizards,2,0,24,Made Shot,Jump Shot,3PT Field Goal,Above the Break 3,Right Side Center(RC),24+ ft.,25.0,106.0,231.0,1,1,20131106,PHI,WAS
Shot Chart Detail,0021300063,278,2772,Trevor Ariza,1610612764,Washington Wizards,3,10,2,Made Shot,Driving Layup Shot,2PT Field Goal,Restricted Area,Center(C),Less Than 8 ft.,2.0,-27.0,7.0,1,1,20131106,PHI,WAS
Shot Chart Detail,0021300077,17,2772,Trevor Ariza,1610612764,Washington Wizards,1,10,10,Missed Shot,Layup Shot,2PT Field Goal,Restricted Area,Center(C),Less Than 8 ft.,2.0,-10.0,19.0,1,0,20131108,WAS,BKN
Shot Chart Detail,0021300077,43,2772,Trevor Ariza,1610612764,Washington Wizards,1,7,4,Missed Shot,Jump Shot,3PT Field Goal,Above the Break 3,Right Side Center(RC),24+ ft.,25.0,152.0,201.0,1,0,20131108,WAS,BKN
Shot Chart Detail,0021300077,59,2772,Trevor Ariza,1610612764,Washington Wizards,1,5,40,Missed Shot,Layup Shot,2PT Field Goal,Restricted Area,Center(C),Less Than 8 ft.,2.0,23.0,0.0,1,0,20131108,WAS,BKN
Shot Chart Detail,0021300077,241,2772,Trevor Ariza,1610612764,Washington Wizards,2,1,9,Made Shot,Pullup Jump shot,2PT Field Goal,Mid-Range,Right Side Center(RC),16-24 ft.,20.0,88.0,181.0,1,1,20131108,WAS,BKN
Shot Chart Detail,0021300077,280,2772,Trevor Ariza,1610612764,Washington Wizards,3,8,56,Missed Shot,Jump Shot,3PT Field Goal,Above the Break 3,Center(C),24+ ft.,25.0,-73.0,244.0,1,0,20131108,WAS,BKN
Shot Chart Detail,0021300077,297,2772,Trevor Ariza,1610612764,Washington Wizards,3,6,39,Missed Shot,Jump Shot,3PT Field Goal,Above the Break 3,Center(C),24+ ft.,26.0,6.0,269.0,1,0,20131108,WAS,BKN
Shot Chart Detail,0021300077,505,2772,Trevor Ariza,1610612764,Washington Wizards,4,1,1,Missed Shot,Jump Shot,3PT Field Goal,Right Corner 3,Right Side(R),24+ ft.,23.0,230.0,55.0,1,0,20131108,WAS,BKN
Shot Chart Detail,0021300077,580,2772,Trevor Ariza,1610612764,Washington Wizards,5,0,40,Made Shot,Jump Shot,3PT Field Goal,Above the Break 3,Left Side Center(LC),24+ ft.,26.0,-127.0,228.0,1,1,20131108,WAS,BKN
Shot Chart Detail,0021300095,32,2772,Trevor Ariza,1610612764,Washington Wizards,1,8,52,Made Shot,Driving Layup Shot,2PT Field Goal,Restricted Area,Center(C),Less Than 8 ft.,1.0,-16.0,3.0,1,1,20131110,OKC,WAS
Shot Chart Detail,0021300095,80,2772,Trevor Ariza,1610612764,Washington Wizards,1,5,0,Made Shot,Jump Shot,2PT Field Goal,Mid-Range,Right Side Center(RC),16-24 ft.,19.0,70.0,186.0,1,1,20131110,OKC,WAS
Shot Chart Detail,0021300095,210,2772,Trevor Ariza,1610612764,Washington Wizards,2,7,20,Missed Shot,Tip Shot,2PT Field Goal,Restricted Area,Center(C),Less Than 8 ft.,1.0,0.0,12.0,1,0,20131110,OKC,WAS
Shot Chart Detail,0021300095,231,2772,Trevor Ariza,1610612764,Washington Wizards,2,5,5,Missed Shot,Driving Layup Shot,2PT Field Goal,Restricted Area,Center(C),Less Than 8 ft.,2.0,20.0,20.0,1,0,20131110,OKC,WAS
Shot Chart Detail,0021300095,251,2772,Trevor Ariza,1610612764,Washington Wizards,2,3,34,Made Shot,Driving Dunk Shot,2PT Field Goal,Restricted Area,Center(C),Less Than 8 ft.,0.0,9.0,0.0,1,1,20131110,OKC,WAS
Shot Chart Detail,0021300095,269,2772,Trevor Ariza,1610612764,Washington Wizards,2,2,20,Made Shot,Dunk Shot,2PT Field Goal,Restricted Area,Center(C),Less Than 8 ft.,0.0,0.0,4.0,1,1,20131110,OKC,WAS
Shot Chart Detail,0021300095,307,2772,Trevor Ariza,1610612764,Washington Wizards,3,11,14,Missed Shot,Jump Shot,2PT Field Goal,Mid-Range,Left Side(L),16-24 ft.,16.0,-158.0,45.0,1,0,20131110,OKC,WAS
Shot Chart Detail,0021300095,321,2772,Trevor Ariza,1610612764,Washington Wizards,3,9,21,Made Shot,Driving Dunk Shot,2PT Field Goal,Restricted Area,Center(C),Less Than 8 ft.,0.0,1.0,0.0,1,1,20131110,OKC,WAS
Shot Chart Detail,0021300095,323,2772,Trevor Ariza,1610612764,Washington Wizards,3,8,57,Missed Shot,Jump Shot,3PT Field Goal,Above the Break 3,Left Side Center(LC),24+ ft.,23.0,-149.0,187.0,1,0,20131110,OKC,WAS
Shot Chart Detail,0021300095,361,2772,Trevor Ariza,1610612764,Washington Wizards,3,4,53,Made Shot,Jump Shot,3PT Field Goal,Left Corner 3,Left Side(L),24+ ft.,22.0,-228.0,12.0,1,1,20131110,OKC,WAS
Shot Chart Detail,0021300095,376,2772,Trevor Ariza,1610612764,Washington Wizards,3,3,2,Missed Shot,Layup Shot,2PT Field Goal,Restricted Area,Center(C),Less Than 8 ft.,1.0,-6.0,9.0,1,0,20131110,OKC,WAS
Shot Chart Detail,0021300095,497,2772,Trevor Ariza,1610612764,Washington Wizards,4,4,13,Made Shot,Layup Shot,2PT Field Goal,Restricted Area,Center(C),Less Than 8 ft.,1.0,-16.0,0.0,1,1,20131110,OKC,WAS
Shot Chart Detail,0021300095,586,2772,Trevor Ariza,1610612764,Washington Wizards,5,0,43,Missed Shot,Jump Shot,2PT Field Goal,Mid-Range,Right Side Center(RC),16-24 ft.,20.0,106.0,170.0,1,0,20131110,OKC,WAS
Shot Chart Detail,0021300108,20,2772,Trevor Ariza,1610612764,Washington Wizards,1,9,23,Made Shot,Jump Shot,3PT Field Goal,Above the Break 3,Right Side Center(RC),24+ ft.,24.0,157.0,190.0,1,1,20131112,DAL,WAS
Shot Chart Detail,0021300108,34,2772,Trevor Ariza,1610612764,Washington Wizards,1,7,52,Made Shot,Running Dunk Shot,2PT Field Goal,Restricted Area,Center(C),Less Than 8 ft.,0.0,3.0,0.0,1,1,20131112,DAL,WAS
Shot Chart Detail,0021300108,58,2772,Trevor Ariza,1610612764,Washington Wizards,1,6,4,Made Shot,Driving Layup Shot,2PT Field Goal,Restricted Area,Center(C),Less Than 8 ft.,1.0,10.0,1.0,1,1,20131112,DAL,WAS
Shot Chart Detail,0021300108,175,2772,Trevor Ariza,1610612764,Washington Wizards,2,8,10,Missed Shot,Jump Shot,3PT Field Goal,Above the Break 3,Right Side Center(RC),24+ ft.,24.0,173.0,176.0,1,0,20131112,DAL,WAS
Shot Chart Detail,0021300108,188,2772,Trevor Ariza,1610612764,Washington Wizards,2,7,5,Missed Shot,Jump Shot,3PT Field Goal,Above the Break 3,Right Side Center(RC),24+ ft.,24.0,170.0,183.0,1,0,20131112,DAL,WAS
Shot Chart Detail,0021300108,200,2772,Trevor Ariza,1610612764,Washington Wizards,2,6,12,Missed Shot,Fadeaway Jump Shot,2PT Field Goal,Mid-Range,Left Side(L),8-16 ft.,8.0,-82.0,14.0,1,0,20131112,DAL,WAS
Shot Chart Detail,0021300108,241,2772,Trevor Ariza,1610612764,Washington Wizards,2,2,36,Made Shot,Jump Shot,3PT Field Goal,Above the Break 3,Left Side Center(LC),24+ ft.,24.0,-201.0,142.0,1,1,20131112,DAL,WAS
Shot Chart Detail,0021300108,295,2772,Trevor Ariza,1610612764,Washington Wizards,3,9,40,Made Shot,Driving Layup Shot,2PT Field Goal,Restricted Area,Center(C),Less Than 8 ft.,1.0,-15.0,3.0,1,1,20131112,DAL,WAS
Shot Chart Detail,0021300108,311,2772,Trevor Ariza,1610612764,Washington Wizards,3,7,35,Missed Shot,Jump Shot,3PT Field Goal,Right Corner 3,Right Side(R),24+ ft.,22.0,228.0,17.0,1,0,20131112,DAL,WAS
Shot Chart Detail,0021300108,321,2772,Trevor Ariza,1610612764,Washington Wizards,3,6,40,Made Shot,Jump Shot,3PT Field Goal,Left Corner 3,Left Side(L),24+ ft.,23.0,-231.0,19.0,1,1,20131112,DAL,WAS
Shot Chart Detail,0021300108,323,2772,Trevor Ariza,1610612764,Washington Wizards,3,6,7,Made Shot,Running Dunk Shot,2PT Field Goal,Restricted Area,Center(C),Less Than 8 ft.,0.0,-5.0,6.0,1,1,20131112,DAL,WAS
Shot Chart Detail,0021300108,338,2772,Trevor Ariza,1610612764,Washington Wizards,3,4,32,Missed Shot,Jump Shot,3PT Field Goal,Right Corner 3,Right Side(R),24+ ft.,23.0,226.0,77.0,1,0,20131112,DAL,WAS
Shot Chart Detail,0021300108,341,2772,Trevor Ariza,1610612764,Washington Wizards,3,4,20,Made Shot,Jump Shot,3PT Field Goal,Right Corner 3,Right Side(R),24+ ft.,22.0,228.0,14.0,1,1,20131112,DAL,WAS
Shot Chart Detail,0021300108,350,2772,Trevor Ariza,1610612764,Washington Wizards,3,3,30,Made Shot,Jump Shot,3PT Field Goal,Right Corner 3,Right Side(R),24+ ft.,23.0,230.0,28.0,1,1,20131112,DAL,WAS
Shot Chart Detail,0021300108,380,2772,Trevor Ariza,1610612764,Washington Wizards,3,1,19,Missed Shot,Jump Shot,3PT Field Goal,Left Corner 3,Left Side(L),24+ ft.,22.0,-226.0,22.0,1,0,20131112,DAL,WAS
Shot Chart Detail,0021300108,490,2772,Trevor Ariza,1610612764,Washington Wizards,4,3,46,Made Shot,Running Slam Dunk Shot,2PT Field Goal,Restricted Area,Center(C),Less Than 8 ft.,0.0,2.0,-5.0,1,1,20131112,DAL,WAS
Shot Chart Detail,0021300108,492,2772,Trevor Ariza,1610612764,Washington Wizards,4,3,9,Missed Shot,Jump Shot,3PT Field Goal,Right Corner 3,Right Side(R),24+ ft.,22.0,225.0,7.0,1,0,20131112,DAL,WAS
Shot Chart Detail,0021300117,6,2772,Trevor Ariza,1610612764,Washington Wizards,1,10,43,Missed Shot,Jump Shot,3PT Field Goal,Right Corner 3,Right Side(R),24+ ft.,23.0,234.0,12.0,1,0,20131113,SAS,WAS
Shot Chart Detail,0021300117,13,2772,Trevor Ariza,1610612764,Washington Wizards,1,9,48,Missed Shot,Dunk Shot,2PT Field Goal,Restricted Area,Center(C),Less Than 8 ft.,1.0,-10.0,3.0,1,0,20131113,SAS,WAS
Shot Chart Detail,0021300117,18,2772,Trevor Ariza,1610612764,Washington Wizards,1,9,13,Missed Shot,Layup Shot,2PT Field Goal,Restricted Area,Center(C),Less Than 8 ft.,2.0,20.0,-2.0,1,0,20131113,SAS,WAS
Shot Chart Detail,0021300117,43,2772,Trevor Ariza,1610612764,Washington Wizards,1,6,32,Made Shot,Layup Shot,2PT Field Goal,Restricted Area,Center(C),Less Than 8 ft.,0.0,-7.0,3.0,1,1,20131113,SAS,WAS
Shot Chart Detail,0021300212,19,2772,Trevor Ariza,1610612764,Washington Wizards,1,9,47,Missed Shot,Jump Shot,2PT Field Goal,Restricted Area,Center(C),Less Than 8 ft.,3.0,21.0,23.0,1,0,20131126,WAS,LAL
Shot Chart Detail,0021300212,139,2772,Trevor Ariza,1610612764,Washington Wizards,2,8,56,Made Shot,Jump Bank Shot,2PT Field Goal,In The Paint (Non-RA),Center(C),Less Than 8 ft.,7.0,34.0,66.0,1,1,20131126,WAS,LAL
Shot Chart Detail,0021300212,143,2772,Trevor Ariza,1610612764,Washington Wizards,2,7,58,Missed Shot,Jump Shot,3PT Field Goal,Right Corner 3,Right Side(R),24+ ft.,23.0,231.0,15.0,1,0,20131126,WAS,LAL
Shot Chart Detail,0021300212,166,2772,Trevor Ariza,1610612764,Washington Wizards,2,5,54,Made Shot,Jump Shot,2PT Field Goal,Mid-Range,Right Side(R),16-24 ft.,21.0,203.0,77.0,1,1,20131126,WAS,LAL
Shot Chart Detail,0021300212,177,2772,Trevor Ariza,1610612764,Washington Wizards,2,4,49,Missed Shot,Jump Shot,3PT Field Goal,Left Corner 3,Left Side(L),24+ ft.,22.0,-226.0,0.0,1,0,20131126,WAS,LAL
Shot Chart Detail,0021300212,184,2772,Trevor Ariza,1610612764,Washington Wizards,2,4,9,Made Shot,Jump Shot,3PT Field Goal,Left Corner 3,Left Side(L),24+ ft.,23.0,-239.0,-16.0,1,1,20131126,WAS,LAL
Shot Chart Detail,0021300212,187,2772,Trevor Ariza,1610612764,Washington Wizards,2,3,41,Missed Shot,Jump Shot,3PT Field Goal,Above the Break 3,Right Side Center(RC),24+ ft.,24.0,215.0,112.0,1,0,20131126,WAS,LAL
Shot Chart Detail,0021300212,226,2772,Trevor Ariza,1610612764,Washington Wizards,3,11,41,Missed Shot,Jump Shot,3PT Field Goal,Above the Break 3,Left Side Center(LC),24+ ft.,25.0,-158.0,200.0,1,0,20131126,WAS,LAL
Shot Chart Detail,0021300212,242,2772,Trevor Ariza,1610612764,Washington Wizards,3,9,34,Missed Shot,Jump Shot,3PT Field Goal,Right Corner 3,Right Side(R),24+ ft.,23.0,237.0,4.0,1,0,20131126,WAS,LAL
Shot Chart Detail,0021300212,244,2772,Trevor Ariza,1610612764,Washington Wizards,3,9,27,Made Shot,Layup Shot,2PT Field Goal,Restricted Area,Center(C),Less Than 8 ft.,1.0,11.0,11.0,1,1,20131126,WAS,LAL
Shot Chart Detail,0021300212,273,2772,Trevor Ariza,1610612764,Washington Wizards,3,6,42,Made Shot,Driving Dunk Shot,2PT Field Goal,Restricted Area,Center(C),Less Than 8 ft.,2.0,23.0,19.0,1,1,20131126,WAS,LAL
Shot Chart Detail,0021300212,401,2772,Trevor Ariza,1610612764,Washington Wizards,4,6,24,Made Shot,Layup Shot,2PT Field Goal,Restricted Area,Center(C),Less Than 8 ft.,1.0,2.0,15.0,1,1,20131126,WAS,LAL
Shot Chart Detail,0021300212,427,2772,Trevor Ariza,1610612764,Washington Wizards,4,4,6,Missed Shot,Jump Bank Shot,2PT Field Goal,In The Paint (Non-RA),Center(C),Less Than 8 ft.,4.0,32.0,31.0,1,0,20131126,WAS,LAL
Shot Chart Detail,0021300212,440,2772,Trevor Ariza,1610612764,Washington Wizards,4,2,12,Missed Shot,Jump Shot,3PT Field Goal,Above the Break 3,Left Side Center(LC),24+ ft.,25.0,-141.0,217.0,1,0,20131126,WAS,LAL
Shot Chart Detail,0021300222,60,2772,Trevor Ariza,1610612764,Washington Wizards,1,3,2,Missed Shot,Jump Shot,3PT Field Goal,Above the Break 3,Right Side Center(RC),24+ ft.,28.0,209.0,200.0,1,0,20131127,MIL,WAS
Shot Chart Detail,0021300222,135,2772,Trevor Ariza,1610612764,Washington Wizards,2,6,42,Missed Shot,Jump Shot,2PT Field Goal,Mid-Range,Right Side Center(RC),16-24 ft.,22.0,143.0,168.0,1,0,20131127,MIL,WAS
Shot Chart Detail,0021300222,140,2772,Trevor Ariza,1610612764,Washington Wizards,2,6,10,Made Shot,Jump Shot,3PT Field Goal,Right Corner 3,Right Side(R),24+ ft.,23.0,237.0,-6.0,1,1,20131127,MIL,WAS
Shot Chart Detail,0021300222,149,2772,Trevor Ariza,1610612764,Washington Wizards,2,5,2,Missed Shot,Jump Shot,3PT Field Goal,Right Corner 3,Right Side(R),24+ ft.,22.0,226.0,3.0,1,0,20131127,MIL,WAS
Shot Chart Detail,0021300222,159,2772,Trevor Ariza,1610612764,Washington Wizards,2,4,2,Missed Shot,Jump Shot,2PT Field Goal,Mid-Range,Left Side(L),16-24 ft.,17.0,-172.0,9.0,1,0,20131127,MIL,WAS
Shot Chart Detail,0021300222,248,2772,Trevor Ariza,1610612764,Washington Wizards,3,10,30,Missed Shot,Jump Shot,3PT Field Goal,Right Corner 3,Right Side(R),24+ ft.,22.0,228.0,-6.0,1,0,20131127,MIL,WAS
Shot Chart Detail,0021300222,257,2772,Trevor Ariza,1610612764,Washington Wizards,3,9,5,Made Shot,Jump Shot,2PT Field Goal,In The Paint (Non-RA),Center(C),Less Than 8 ft.,7.0,78.0,-13.0,1,1,20131127,MIL,WAS
Shot Chart Detail,0021300222,262,2772,Trevor Ariza,1610612764,Washington Wizards,3,7,50,Made Shot,Layup Shot,2PT Field Goal,Restricted Area,Center(C),Less Than 8 ft.,0.0,6.0,-3.0,1,1,20131127,MIL,WAS
Shot Chart Detail,0021300222,433,2772,Trevor Ariza,1610612764,Washington Wizards,4,1,48,Missed Shot,Jump Shot,3PT Field Goal,Above the Break 3,Right Side Center(RC),24+ ft.,25.0,217.0,137.0,1,0,20131127,MIL,WAS
Shot Chart Detail,0021300222,450,2772,Trevor Ariza,1610612764,Washington Wizards,4,0,39,Made Shot,Layup Shot,2PT Field Goal,Restricted Area,Center(C),Less Than 8 ft.,0.0,2.0,1.0,1,1,20131127,MIL,WAS
Shot Chart Detail,0021300222,495,2772,Trevor Ariza,1610612764,Washington Wizards,5,1,35,Made Shot,Jump Shot,3PT Field Goal,Left Corner 3,Left Side(L),24+ ft.,23.0,-232.0,-13.0,1,1,20131127,MIL,WAS
Shot Chart Detail,0021300236,6,2772,Trevor Ariza,1610612764,Washington Wizards,1,11,23,Made Shot,Jump Shot,3PT Field Goal,Right Corner 3,Right Side(R),24+ ft.,24.0,244.0,45.0,1,1,20131129,IND,WAS
Shot Chart Detail,0021300236,11,2772,Trevor Ariza,1610612764,Washington Wizards,1,10,7,Made Shot,Jump Shot,2PT Field Goal,Mid-Range,Left Side(L),16-24 ft.,17.0,-175.0,14.0,1,1,20131129,IND,WAS
Shot Chart Detail,0021300236,25,2772,Trevor Ariza,1610612764,Washington Wizards,1,8,17,Missed Shot,Layup Shot,2PT Field Goal,Restricted Area,Center(C),Less Than 8 ft.,2.0,-15.0,25.0,1,0,20131129,IND,WAS
Shot Chart Detail,0021300236,36,2772,Trevor Ariza,1610612764,Washington Wizards,1,6,41,Made Shot,Layup Shot,2PT Field Goal,Restricted Area,Center(C),Less Than 8 ft.,0.0,-2.0,7.0,1,1,20131129,IND,WAS
Shot Chart Detail,0021300236,41,2772,Trevor Ariza,1610612764,Washington Wizards,1,5,36,Missed Shot,Jump Shot,3PT Field Goal,Right Corner 3,Right Side(R),24+ ft.,23.0,234.0,6.0,1,0,20131129,IND,WAS
Shot Chart Detail,0021300236,55,2772,Trevor Ariza,1610612764,Washington Wizards,1,4,22,Missed Shot,Jump Shot,3PT Field Goal,Above the Break 3,Right Side Center(RC),24+ ft.,24.0,193.0,153.0,1,0,20131129,IND,WAS
Shot Chart Detail,0021300236,61,2772,Trevor Ariza,1610612764,Washington Wizards,1,3,17,Missed Shot,Jump Shot,3PT Field Goal,Above the Break 3,Left Side Center(LC),24+ ft.,25.0,-127.0,222.0,1,0,20131129,IND,WAS
Shot Chart Detail,0021300236,231,2772,Trevor Ariza,1610612764,Washington Wizards,3,9,6,Missed Shot,Jump Shot,2PT Field Goal,In The Paint (Non-RA),Center(C),Less Than 8 ft.,5.0,1.0,53.0,1,0,20131129,IND,WAS
Shot Chart Detail,0021300236,236,2772,Trevor Ariza,1610612764,Washington Wizards,3,8,28,Made Shot,Jump Bank Shot,2PT Field Goal,Mid-Range,Right Side(R),8-16 ft.,13.0,130.0,47.0,1,1,20131129,IND,WAS
Shot Chart Detail,0021300236,243,2772,Trevor Ariza,1610612764,Washington Wizards,3,7,5,Made Shot,Jump Shot,3PT Field Goal,Left Corner 3,Left Side(L),24+ ft.,23.0,-234.0,17.0,1,1,20131129,IND,WAS
Shot Chart Detail,0021300236,251,2772,Trevor Ariza,1610612764,Washington Wizards,3,6,4,Made Shot,Driving Layup Shot,2PT Field Goal,Restricted Area,Center(C),Less Than 8 ft.,3.0,-2.0,34.0,1,1,20131129,IND,WAS
Shot Chart Detail,0021300236,259,2772,Trevor Ariza,1610612764,Washington Wizards,3,5,21,Missed Shot,Fadeaway Jump Shot,2PT Field Goal,Mid-Range,Left Side(L),16-24 ft.,18.0,-180.0,53.0,1,0,20131129,IND,WAS
Shot Chart Detail,0021300236,338,2772,Trevor Ariza,1610612764,Washington Wizards,4,9,39,Missed Shot,Jump Shot,2PT Field Goal,Mid-Range,Right Side(R),16-24 ft.,17.0,177.0,6.0,1,0,20131129,IND,WAS
Shot Chart Detail,0021300236,370,2772,Trevor Ariza,1610612764,Washington Wizards,4,6,47,Missed Shot,Jump Shot,3PT Field Goal,Right Corner 3,Right Side(R),24+ ft.,24.0,242.0,9.0,1,0,20131129,IND,WAS
Shot Chart Detail,0021300241,52,2772,Trevor Ariza,1610612764,Washington Wizards,1,7,1,Made Shot,Jump Shot,2PT Field Goal,Mid-Range,Left Side(L),16-24 ft.,19.0,-198.0,20.0,1,1,20131130,WAS,ATL
Shot Chart Detail,0021300241,82,2772,Trevor Ariza,1610612764,Washington Wizards,1,2,42,Made Shot,Layup Shot,2PT Field Goal,Restricted Area,Center(C),Less Than 8 ft.,1.0,15.0,1.0,1,1,20131130,WAS,ATL
Shot Chart Detail,0021300241,94,2772,Trevor Ariza,1610612764,Washington Wizards,1,1,39,Made Shot,Jump Shot,3PT Field Goal,Above the Break 3,Right Side Center(RC),24+ ft.,25.0,133.0,219.0,1,1,20131130,WAS,ATL
Shot Chart Detail,0021300241,226,2772,Trevor Ariza,1610612764,Washington Wizards,2,2,52,Made Shot,Jump Shot,3PT Field Goal,Right Corner 3,Right Side(R),24+ ft.,23.0,233.0,14.0,1,1,20131130,WAS,ATL
Shot Chart Detail,0021300241,281,2772,Trevor Ariza,1610612764,Washington Wizards,3,9,20,Made Shot,Jump Shot,3PT Field Goal,Right Corner 3,Right Side(R),24+ ft.,23.0,230.0,33.0,1,1,20131130,WAS,ATL
Shot Chart Detail,0021300241,297,2772,Trevor Ariza,1610612764,Washington Wizards,3,7,35,Missed Shot,Jump Shot,2PT Field Goal,Mid-Range,Center(C),8-16 ft.,15.0,20.0,151.0,1,0,20131130,WAS,ATL
Shot Chart Detail,0021300241,327,2772,Trevor Ariza,1610612764,Washington Wizards,3,4,47,Missed Shot,Jump Shot,3PT Field Goal,Above the Break 3,Right Side Center(RC),24+ ft.,25.0,203.0,151.0,1,0,20131130,WAS,ATL
Shot Chart Detail,0021300241,410,2772,Trevor Ariza,1610612764,Washington Wizards,4,9,20,Made Shot,Jump Shot,3PT Field Goal,Right Corner 3,Right Side(R),24+ ft.,23.0,231.0,45.0,1,1,20131130,WAS,ATL
Shot Chart Detail,0021300241,450,2772,Trevor Ariza,1610612764,Washington Wizards,4,5,35,Missed Shot,Layup Shot,2PT Field Goal,Restricted Area,Center(C),Less Than 8 ft.,1.0,-11.0,-13.0,1,0,20131130,WAS,ATL
Shot Chart Detail,0021300241,452,2772,Trevor Ariza,1610612764,Washington Wizards,4,5,25,Made Shot,Jump Shot,3PT Field Goal,Right Corner 3,Right Side(R),24+ ft.,23.0,234.0,17.0,1,1,20131130,WAS,ATL
Shot Chart Detail,0021300256,3,2772,Trevor Ariza,1610612764,Washington Wizards,1,11,22,Made Shot,Jump Shot,3PT Field Goal,Left Corner 3,Left Side(L),24+ ft.,23.0,-231.0,55.0,1,1,20131202,WAS,ORL
Shot Chart Detail,0021300256,22,2772,Trevor Ariza,1610612764,Washington Wizards,1,9,28,Made Shot,Running Dunk Shot,2PT Field Goal,Restricted Area,Center(C),Less Than 8 ft.,1.0,6.0,9.0,1,1,20131202,WAS,ORL
Shot Chart Detail,0021300256,37,2772,Trevor Ariza,1610612764,Washington Wizards,1,8,4,Made Shot,Jump Shot,3PT Field Goal,Left Corner 3,Left Side(L),24+ ft.,22.0,-224.0,19.0,1,1,20131202,WAS,ORL
Shot Chart Detail,0021300256,77,2772,Trevor Ariza,1610612764,Washington Wizards,1,4,14,Made Shot,Driving Bank shot,2PT Field Goal,Restricted Area,Center(C),Less Than 8 ft.,3.0,31.0,7.0,1,1,20131202,WAS,ORL
Shot Chart Detail,0021300256,105,2772,Trevor Ariza,1610612764,Washington Wizards,1,2,49,Missed Shot,Jump Shot,2PT Field Goal,Mid-Range,Right Side(R),8-16 ft.,14.0,140.0,17.0,1,0,20131202,WAS,ORL
Shot Chart Detail,0021300256,254,2772,Trevor Ariza,1610612764,Washington Wizards,2,1,31,Made Shot,Jump Shot,3PT Field Goal,Right Corner 3,Right Side(R),24+ ft.,24.0,237.0,53.0,1,1,20131202,WAS,ORL
Shot Chart Detail,0021300256,256,2772,Trevor Ariza,1610612764,Washington Wizards,2,1,12,Made Shot,Driving Dunk Shot,2PT Field Goal,Restricted Area,Center(C),Less Than 8 ft.,1.0,-5.0,-14.0,1,1,20131202,WAS,ORL
Shot Chart Detail,0021300256,284,2772,Trevor Ariza,1610612764,Washington Wizards,3,10,25,Made Shot,Jump Shot,3PT Field Goal,Left Corner 3,Left Side(L),24+ ft.,23.0,-232.0,37.0,1,1,20131202,WAS,ORL
Shot Chart Detail,0021300256,302,2772,Trevor Ariza,1610612764,Washington Wizards,3,8,41,Made Shot,Jump Shot,2PT Field Goal,Mid-Range,Left Side(L),16-24 ft.,20.0,-198.0,45.0,1,1,20131202,WAS,ORL
Shot Chart Detail,0021300281,31,2772,Trevor Ariza,1610612764,Washington Wizards,1,9,18,Made Shot,Driving Reverse Layup Shot,2PT Field Goal,Restricted Area,Center(C),Less Than 8 ft.,1.0,-8.0,14.0,1,1,20131206,WAS,MIL
Shot Chart Detail,0021300281,35,2772,Trevor Ariza,1610612764,Washington Wizards,1,8,22,Missed Shot,Jump Shot,3PT Field Goal,Right Corner 3,Right Side(R),24+ ft.,23.0,230.0,53.0,1,0,20131206,WAS,MIL
Shot Chart Detail,0021300281,38,2772,Trevor Ariza,1610612764,Washington Wizards,1,7,56,Made Shot,Jump Shot,3PT Field Goal,Above the Break 3,Right Side Center(RC),24+ ft.,26.0,130.0,230.0,1,1,20131206,WAS,MIL
Shot Chart Detail,0021300281,173,2772,Trevor Ariza,1610612764,Washington Wizards,2,8,20,Missed Shot,Jump Shot,3PT Field Goal,Above the Break 3,Right Side Center(RC),24+ ft.,25.0,201.0,151.0,1,0,20131206,WAS,MIL
Shot Chart Detail,0021300281,266,2772,Trevor Ariza,1610612764,Washington Wizards,2,1,26,Missed Shot,Jump Shot,3PT Field Goal,Left Corner 3,Left Side(L),24+ ft.,23.0,-231.0,17.0,1,0,20131206,WAS,MIL
Shot Chart Detail,0021300281,321,2772,Trevor Ariza,1610612764,Washington Wizards,3,9,53,Made Shot,Jump Shot,3PT Field Goal,Above the Break 3,Left Side Center(LC),24+ ft.,25.0,-130.0,219.0,1,1,20131206,WAS,MIL
Shot Chart Detail,0021300281,390,2772,Trevor Ariza,1610612764,Washington Wizards,3,4,3,Made Shot,Jump Shot,3PT Field Goal,Above the Break 3,Center(C),24+ ft.,26.0,28.0,261.0,1,1,20131206,WAS,MIL
Shot Chart Detail,0021300281,405,2772,Trevor Ariza,1610612764,Washington Wizards,3,2,22,Made Shot,Jump Shot,3PT Field Goal,Right Corner 3,Right Side(R),24+ ft.,23.0,233.0,26.0,1,1,20131206,WAS,MIL
Shot Chart Detail,0021300281,424,2772,Trevor Ariza,1610612764,Washington Wizards,3,0,49,Made Shot,Jump Shot,3PT Field Goal,Right Corner 3,Right Side(R),24+ ft.,24.0,239.0,33.0,1,1,20131206,WAS,MIL
Shot Chart Detail,0021300281,437,2772,Trevor Ariza,1610612764,Washington Wizards,4,11,21,Missed Shot,Jump Shot,3PT Field Goal,Above the Break 3,Right Side Center(RC),24+ ft.,25.0,179.0,183.0,1,0,20131206,WAS,MIL
Shot Chart Detail,0021300281,482,2772,Trevor Ariza,1610612764,Washington Wizards,4,7,47,Missed Shot,Jump Shot,3PT Field Goal,Left Corner 3,Left Side(L),24+ ft.,23.0,-232.0,25.0,1,0,20131206,WAS,MIL
Shot Chart Detail,0021300281,594,2772,Trevor Ariza,1610612764,Washington Wizards,5,2,51,Missed Shot,Jump Shot,2PT Field Goal,Mid-Range,Right Side(R),8-16 ft.,15.0,136.0,77.0,1,0,20131206,WAS,MIL
Shot Chart Detail,0021300306,9,2772,Trevor Ariza,1610612764,Washington Wizards,1,10,49,Missed Shot,Jump Shot,3PT Field Goal,Right Corner 3,Right Side(R),24+ ft.,23.0,237.0,34.0,1,0,20131209,WAS,DEN
Shot Chart Detail,0021300306,16,2772,Trevor Ariza,1610612764,Washington Wizards,1,9,48,Made Shot,Jump Shot,2PT Field Goal,Mid-Range,Right Side Center(RC),16-24 ft.,18.0,121.0,138.0,1,1,20131209,WAS,DEN
Shot Chart Detail,0021300306,20,2772,Trevor Ariza,1610612764,Washington Wizards,1,9,35,Missed Shot,Jump Shot,2PT Field Goal,In The Paint (Non-RA),Center(C),Less Than 8 ft.,4.0,-41.0,-14.0,1,0,20131209,WAS,DEN
Shot Chart Detail,0021300306,24,2772,Trevor Ariza,1610612764,Washington Wizards,1,9,30,Missed Shot,Jump Shot,2PT Field Goal,Mid-Range,Center(C),8-16 ft.,15.0,-4.0,157.0,1,0,20131209,WAS,DEN
Shot Chart Detail,0021300306,60,2772,Trevor Ariza,1610612764,Washington Wizards,1,6,9,Missed Shot,Jump Shot,3PT Field Goal,Right Corner 3,Right Side(R),24+ ft.,23.0,234.0,17.0,1,0,20131209,WAS,DEN
Shot Chart Detail,0021300306,72,2772,Trevor Ariza,1610612764,Washington Wizards,1,5,28,Made Shot,Layup Shot,2PT Field Goal,Restricted Area,Center(C),Less Than 8 ft.,0.0,-7.0,3.0,1,1,20131209,WAS,DEN
Shot Chart Detail,0021300306,84,2772,Trevor Ariza,1610612764,Washington Wizards,1,3,30,Missed Shot,Jump Shot,2PT Field Goal,Mid-Range,Center(C),16-24 ft.,21.0,54.0,206.0,1,0,20131209,WAS,DEN
Shot Chart Detail,0021300306,244,2772,Trevor Ariza,1610612764,Washington Wizards,2,0,1,Made Shot,Running Layup Shot,2PT Field Goal,Restricted Area,Center(C),Less Than 8 ft.,1.0,7.0,11.0,1,1,20131209,WAS,DEN
Shot Chart Detail,0021300306,259,2772,Trevor Ariza,1610612764,Washington Wizards,3,9,44,Missed Shot,Jump Shot,2PT Field Goal,In The Paint (Non-RA),Center(C),Less Than 8 ft.,6.0,-62.0,31.0,1,0,20131209,WAS,DEN
Shot Chart Detail,0021300306,266,2772,Trevor Ariza,1610612764,Washington Wizards,3,8,52,Made Shot,Jump Shot,3PT Field Goal,Above the Break 3,Right Side Center(RC),24+ ft.,27.0,152.0,230.0,1,1,20131209,WAS,DEN
Shot Chart Detail,0021300306,303,2772,Trevor Ariza,1610612764,Washington Wizards,3,5,57,Missed Shot,Jump Shot,3PT Field Goal,Left Corner 3,Left Side(L),24+ ft.,23.0,-231.0,44.0,1,0,20131209,WAS,DEN
Shot Chart Detail,0021300306,308,2772,Trevor Ariza,1610612764,Washington Wizards,3,5,12,Missed Shot,Jump Shot,3PT Field Goal,Above the Break 3,Left Side Center(LC),24+ ft.,25.0,-117.0,224.0,1,0,20131209,WAS,DEN
Shot Chart Detail,0021300306,380,2772,Trevor Ariza,1610612764,Washington Wizards,4,10,34,Made Shot,Jump Shot,3PT Field Goal,Right Corner 3,Right Side(R),24+ ft.,23.0,237.0,30.0,1,1,20131209,WAS,DEN
Shot Chart Detail,0021300306,383,2772,Trevor Ariza,1610612764,Washington Wizards,4,9,42,Missed Shot,Jump Shot,2PT Field Goal,In The Paint (Non-RA),Left Side(L),8-16 ft.,12.0,-68.0,110.0,1,0,20131209,WAS,DEN
Shot Chart Detail,0021300306,388,2772,Trevor Ariza,1610612764,Washington Wizards,4,9,7,Missed Shot,Jump Shot,3PT Field Goal,Above the Break 3,Right Side Center(RC),24+ ft.,26.0,182.0,192.0,1,0,20131209,WAS,DEN
Shot Chart Detail,0021300306,401,2772,Trevor Ariza,1610612764,Washington Wizards,4,8,12,Missed Shot,Jump Shot,2PT Field Goal,Mid-Range,Right Side(R),16-24 ft.,20.0,189.0,80.0,1,0,20131209,WAS,DEN
Shot Chart Detail,0021300306,433,2772,Trevor Ariza,1610612764,Washington Wizards,4,4,4,Made Shot,Driving Finger Roll Layup Shot,2PT Field Goal,Restricted Area,Center(C),Less Than 8 ft.,0.0,-7.0,6.0,1,1,20131209,WAS,DEN
Shot Chart Detail,0021300306,440,2772,Trevor Ariza,1610612764,Washington Wizards,4,3,9,Missed Shot,Jump Shot,3PT Field Goal,Left Corner 3,Left Side(L),24+ ft.,22.0,-228.0,20.0,1,0,20131209,WAS,DEN
Shot Chart Detail,0021300306,494,2772,Trevor Ariza,1610612764,Washington Wizards,4,0,5,Missed Shot,Jump Shot,3PT Field Goal,Right Corner 3,Right Side(R),24+ ft.,22.0,228.0,9.0,1,0,20131209,WAS,DEN
Shot Chart Detail,0021300332,46,2772,Trevor Ariza,1610612764,Washington Wizards,1,7,43,Missed Shot,Jump Shot,2PT Field Goal,Mid-Range,Right Side Center(RC),16-24 ft.,20.0,110.0,178.0,1,0,20131213,ATL,WAS
Shot Chart Detail,0021300332,70,2772,Trevor Ariza,1610612764,Washington Wizards,1,4,57,Missed Shot,Jump Shot,2PT Field Goal,Mid-Range,Right Side(R),16-24 ft.,20.0,187.0,82.0,1,0,20131213,ATL,WAS
Shot Chart Detail,0021300332,194,2772,Trevor Ariza,1610612764,Washington Wizards,2,4,41,Made Shot,Tip Shot,2PT Field Goal,Restricted Area,Center(C),Less Than 8 ft.,0.0,4.0,0.0,1,1,20131213,ATL,WAS
Shot Chart Detail,0021300332,237,2772,Trevor Ariza,1610612764,Washington Wizards,2,1,13,Made Shot,Jump Shot,2PT Field Goal,Mid-Range,Left Side(L),16-24 ft.,19.0,-196.0,14.0,1,1,20131213,ATL,WAS
Shot Chart Detail,0021300332,244,2772,Trevor Ariza,1610612764,Washington Wizards,2,0,21,Missed Shot,Jump Shot,3PT Field Goal,Left Corner 3,Left Side(L),24+ ft.,23.0,-234.0,17.0,1,0,20131213,ATL,WAS
Shot Chart Detail,0021300332,451,2772,Trevor Ariza,1610612764,Washington Wizards,4,7,49,Made Shot,Jump Shot,2PT Field Goal,Mid-Range,Left Side(L),16-24 ft.,18.0,-169.0,83.0,1,1,20131213,ATL,WAS
Shot Chart Detail,0021300332,574,2772,Trevor Ariza,1610612764,Washington Wizards,5,2,12,Made Shot,Jump Shot,3PT Field Goal,Left Corner 3,Left Side(L),24+ ft.,23.0,-235.0,25.0,1,1,20131213,ATL,WAS
Shot Chart Detail,0021300343,15,2772,Trevor Ariza,1610612764,Washington Wizards,1,10,8,Made Shot,Driving Layup Shot,2PT Field Goal,Restricted Area,Center(C),Less Than 8 ft.,2.0,4.0,20.0,1,1,20131214,WAS,LAC
Shot Chart Detail,0021300343,20,2772,Trevor Ariza,1610612764,Washington Wizards,1,9,0,Missed Shot,Layup Shot,2PT Field Goal,Restricted Area,Center(C),Less Than 8 ft.,1.0,1.0,12.0,1,0,20131214,WAS,LAC
Shot Chart Detail,0021300343,35,2772,Trevor Ariza,1610612764,Washington Wizards,1,7,6,Missed Shot,Jump Shot,3PT Field Goal,Above the Break 3,Left Side Center(LC),24+ ft.,24.0,-185.0,160.0,1,0,20131214,WAS,LAC
Shot Chart Detail,0021300343,49,2772,Trevor Ariza,1610612764,Washington Wizards,1,5,51,Made Shot,Jump Shot,3PT Field Goal,Right Corner 3,Right Side(R),24+ ft.,24.0,247.0,26.0,1,1,20131214,WAS,LAC
Shot Chart Detail,0021300343,112,2772,Trevor Ariza,1610612764,Washington Wizards,1,0,52,Missed Shot,Jump Shot,3PT Field Goal,Right Corner 3,Right Side(R),24+ ft.,23.0,234.0,14.0,1,0,20131214,WAS,LAC
Shot Chart Detail,0021300343,196,2772,Trevor Ariza,1610612764,Washington Wizards,2,4,49,Made Shot,Driving Layup Shot,2PT Field Goal,Restricted Area,Center(C),Less Than 8 ft.,1.0,4.0,11.0,1,1,20131214,WAS,LAC
Shot Chart Detail,0021300343,288,2772,Trevor Ariza,1610612764,Washington Wizards,3,8,21,Missed Shot,Layup Shot,2PT Field Goal,Restricted Area,Center(C),Less Than 8 ft.,0.0,7.0,1.0,1,0,20131214,WAS,LAC
Shot Chart Detail,0021300343,329,2772,Trevor Ariza,1610612764,Washington Wizards,3,4,19,Missed Shot,Jump Shot,2PT Field Goal,Mid-Range,Right Side Center(RC),16-24 ft.,21.0,113.0,179.0,1,0,20131214,WAS,LAC
Shot Chart Detail,0021300343,378,2772,Trevor Ariza,1610612764,Washington Wizards,3,1,13,Missed Shot,Jump Shot,3PT Field Goal,Left Corner 3,Left Side(L),24+ ft.,22.0,-224.0,20.0,1,0,20131214,WAS,LAC
Shot Chart Detail,0021300343,472,2772,Trevor Ariza,1610612764,Washington Wizards,4,3,59,Missed Shot,Jump Shot,3PT Field Goal,Above the Break 3,Left Side Center(LC),24+ ft.,26.0,-144.0,220.0,1,0,20131214,WAS,LAC
Shot Chart Detail,0021300361,65,2772,Trevor Ariza,1610612764,Washington Wizards,1,4,18,Missed Shot,Jump Shot,2PT Field Goal,Mid-Range,Right Side Center(RC),16-24 ft.,21.0,116.0,184.0,1,0,20131216,NYK,WAS
Shot Chart Detail,0021300361,69,2772,Trevor Ariza,1610612764,Washington Wizards,1,3,54,Made Shot,Driving Layup Shot,2PT Field Goal,Restricted Area,Center(C),Less Than 8 ft.,1.0,7.0,15.0,1,1,20131216,NYK,WAS
Shot Chart Detail,0021300361,86,2772,Trevor Ariza,1610612764,Washington Wizards,1,3,3,Made Shot,Jump Shot,3PT Field Goal,Right Corner 3,Right Side(R),24+ ft.,23.0,239.0,6.0,1,1,20131216,NYK,WAS
Shot Chart Detail,0021300361,279,2772,Trevor Ariza,1610612764,Washington Wizards,3,9,13,Made Shot,Floating Jump shot,2PT Field Goal,In The Paint (Non-RA),Center(C),Less Than 8 ft.,5.0,31.0,42.0,1,1,20131216,NYK,WAS
Shot Chart Detail,0021300361,292,2772,Trevor Ariza,1610612764,Washington Wizards,3,7,14,Missed Shot,Jump Shot,3PT Field Goal,Right Corner 3,Right Side(R),24+ ft.,22.0,222.0,-8.0,1,0,20131216,NYK,WAS
Shot Chart Detail,0021300361,302,2772,Trevor Ariza,1610612764,Washington Wizards,3,6,15,Made Shot,Driving Layup Shot,2PT Field Goal,Restricted Area,Center(C),Less Than 8 ft.,1.0,9.0,7.0,1,1,20131216,NYK,WAS
Shot Chart Detail,0021300374,11,2772,Trevor Ariza,1610612764,Washington Wizards,1,10,13,Missed Shot,Jump Shot,3PT Field Goal,Above the Break 3,Left Side Center(LC),24+ ft.,24.0,-166.0,186.0,1,0,20131218,BKN,WAS
Shot Chart Detail,0021300374,32,2772,Trevor Ariza,1610612764,Washington Wizards,1,8,34,Made Shot,Jump Shot,3PT Field Goal,Right Corner 3,Right Side(R),24+ ft.,23.0,234.0,-2.0,1,1,20131218,BKN,WAS
Shot Chart Detail,0021300374,59,2772,Trevor Ariza,1610612764,Washington Wizards,1,5,39,Missed Shot,Jump Shot,3PT Field Goal,Left Corner 3,Left Side(L),24+ ft.,24.0,-242.0,-13.0,1,0,20131218,BKN,WAS
Shot Chart Detail,0021300374,65,2772,Trevor Ariza,1610612764,Washington Wizards,1,4,47,Made Shot,Layup Shot,2PT Field Goal,Restricted Area,Center(C),Less Than 8 ft.,1.0,13.0,3.0,1,1,20131218,BKN,WAS
Shot Chart Detail,0021300374,106,2772,Trevor Ariza,1610612764,Washington Wizards,2,10,34,Made Shot,Jump Shot,3PT Field Goal,Above the Break 3,Center(C),24+ ft.,26.0,43.0,258.0,1,1,20131218,BKN,WAS
Shot Chart Detail,0021300374,224,2772,Trevor Ariza,1610612764,Washington Wizards,2,0,54,Made Shot,Jump Shot,3PT Field Goal,Above the Break 3,Center(C),24+ ft.,24.0,70.0,238.0,1,1,20131218,BKN,WAS
Shot Chart Detail,0021300374,234,2772,Trevor Ariza,1610612764,Washington Wizards,2,0,0,Missed Shot,Jump Shot,3PT Field Goal,Above the Break 3,Right Side Center(RC),24+ ft.,32.0,214.0,241.0,1,0,20131218,BKN,WAS
Shot Chart Detail,0021300374,282,2772,Trevor Ariza,1610612764,Washington Wizards,3,8,33,Missed Shot,Jump Shot,2PT Field Goal,Mid-Range,Left Side(L),16-24 ft.,17.0,-150.0,93.0,1,0,20131218,BKN,WAS
Shot Chart Detail,0021300374,285,2772,Trevor Ariza,1610612764,Washington Wizards,3,8,2,Missed Shot,Jump Shot,2PT Field Goal,In The Paint (Non-RA),Center(C),Less Than 8 ft.,7.0,-13.0,78.0,1,0,20131218,BKN,WAS
Shot Chart Detail,0021300374,291,2772,Trevor Ariza,1610612764,Washington Wizards,3,7,29,Made Shot,Layup Shot,2PT Field Goal,Restricted Area,Center(C),Less Than 8 ft.,2.0,21.0,3.0,1,1,20131218,BKN,WAS
Shot Chart Detail,0021300374,311,2772,Trevor Ariza,1610612764,Washington Wizards,3,5,37,Made Shot,Driving Finger Roll Layup Shot,2PT Field Goal,Restricted Area,Center(C),Less Than 8 ft.,2.0,2.0,25.0,1,1,20131218,BKN,WAS
Shot Chart Detail,0021300374,347,2772,Trevor Ariza,1610612764,Washington Wizards,3,1,15,Missed Shot,Jump Shot,3PT Field Goal,Above the Break 3,Right Side Center(RC),24+ ft.,25.0,230.0,102.0,1,0,20131218,BKN,WAS
Shot Chart Detail,0021300374,386,2772,Trevor Ariza,1610612764,Washington Wizards,4,8,29,Missed Shot,Jump Shot,3PT Field Goal,Right Corner 3,Right Side(R),24+ ft.,23.0,236.0,-19.0,1,0,20131218,BKN,WAS
Shot Chart Detail,0021300393,24,2772,Trevor Ariza,1610612764,Washington Wizards,1,8,9,Missed Shot,Layup Shot,2PT Field Goal,Restricted Area,Center(C),Less Than 8 ft.,2.0,23.0,19.0,1,0,20131221,BOS,WAS
Shot Chart Detail,0021300393,48,2772,Trevor Ariza,1610612764,Washington Wizards,1,6,20,Missed Shot,Jump Shot,3PT Field Goal,Above the Break 3,Center(C),24+ ft.,25.0,69.0,249.0,1,0,20131221,BOS,WAS
Shot Chart Detail,0021300393,58,2772,Trevor Ariza,1610612764,Washington Wizards,1,5,14,Missed Shot,Jump Shot,2PT Field Goal,Mid-Range,Left Side(L),16-24 ft.,18.0,-179.0,25.0,1,0,20131221,BOS,WAS
Shot Chart Detail,0021300393,65,2772,Trevor Ariza,1610612764,Washington Wizards,1,4,14,Missed Shot,Driving Layup Shot,2PT Field Goal,Restricted Area,Center(C),Less Than 8 ft.,2.0,21.0,3.0,1,0,20131221,BOS,WAS
Shot Chart Detail,0021300393,75,2772,Trevor Ariza,1610612764,Washington Wizards,1,3,33,Made Shot,Jump Shot,3PT Field Goal,Above the Break 3,Right Side Center(RC),24+ ft.,25.0,189.0,164.0,1,1,20131221,BOS,WAS
Shot Chart Detail,0021300393,168,2772,Trevor Ariza,1610612764,Washington Wizards,2,7,10,Made Shot,Jump Shot,3PT Field Goal,Above the Break 3,Right Side Center(RC),24+ ft.,25.0,195.0,159.0,1,1,20131221,BOS,WAS
Shot Chart Detail,0021300393,190,2772,Trevor Ariza,1610612764,Washington Wizards,2,4,40,Missed Shot,Jump Shot,3PT Field Goal,Left Corner 3,Left Side(L),24+ ft.,23.0,-229.0,31.0,1,0,20131221,BOS,WAS
Shot Chart Detail,0021300393,195,2772,Trevor Ariza,1610612764,Washington Wizards,2,4,12,Made Shot,Layup Shot,2PT Field Goal,Restricted Area,Center(C),Less Than 8 ft.,2.0,18.0,17.0,1,1,20131221,BOS,WAS
Shot Chart Detail,0021300393,257,2772,Trevor Ariza,1610612764,Washington Wizards,3,11,42,Missed Shot,Layup Shot,2PT Field Goal,Restricted Area,Center(C),Less Than 8 ft.,2.0,20.0,19.0,1,0,20131221,BOS,WAS
Shot Chart Detail,0021300393,270,2772,Trevor Ariza,1610612764,Washington Wizards,3,9,0,Made Shot,Jump Shot,3PT Field Goal,Left Corner 3,Left Side(L),24+ ft.,23.0,-232.0,14.0,1,1,20131221,BOS,WAS
Shot Chart Detail,0021300393,298,2772,Trevor Ariza,1610612764,Washington Wizards,3,6,21,Missed Shot,Jump Shot,3PT Field Goal,Right Corner 3,Right Side(R),24+ ft.,22.0,226.0,25.0,1,0,20131221,BOS,WAS
Shot Chart Detail,0021300393,310,2772,Trevor Ariza,1610612764,Washington Wizards,3,5,18,Missed Shot,Tip Shot,2PT Field Goal,Restricted Area,Center(C),Less Than 8 ft.,0.0,-4.0,7.0,1,0,20131221,BOS,WAS
Shot Chart Detail,0021300393,312,2772,Trevor Ariza,1610612764,Washington Wizards,3,5,16,Made Shot,Putback Layup Shot,2PT Field Goal,Restricted Area,Center(C),Less Than 8 ft.,1.0,-11.0,-3.0,1,1,20131221,BOS,WAS
Shot Chart Detail,0021300393,335,2772,Trevor Ariza,1610612764,Washington Wizards,3,2,30,Made Shot,Jump Shot,3PT Field Goal,Right Corner 3,Right Side(R),24+ ft.,23.0,233.0,17.0,1,1,20131221,BOS,WAS
Shot Chart Detail,0021300393,337,2772,Trevor Ariza,1610612764,Washington Wizards,3,2,14,Made Shot,Driving Layup Shot,2PT Field Goal,Restricted Area,Center(C),Less Than 8 ft.,2.0,-23.0,14.0,1,1,20131221,BOS,WAS
Shot Chart Detail,0021300393,382,2772,Trevor Ariza,1610612764,Washington Wizards,4,11,44,Missed Shot,Jump Shot,2PT Field Goal,In The Paint (Non-RA),Center(C),Less Than 8 ft.,4.0,1.0,45.0,1,0,20131221,BOS,WAS
Shot Chart Detail,0021300393,430,2772,Trevor Ariza,1610612764,Washington Wizards,4,5,42,Made Shot,Jump Shot,2PT Field Goal,Mid-Range,Right Side(R),16-24 ft.,21.0,215.0,1.0,1,1,20131221,BOS,WAS
Shot Chart Detail,0021300393,467,2772,Trevor Ariza,1610612764,Washington Wizards,4,2,24,Made Shot,Jump Shot,3PT Field Goal,Above the Break 3,Right Side Center(RC),24+ ft.,25.0,220.0,126.0,1,1,20131221,BOS,WAS
Shot Chart Detail,0021300431,23,2772,Trevor Ariza,1610612764,Washington Wizards,1,8,32,Missed Shot,Running Jump Shot,2PT Field Goal,Mid-Range,Right Side(R),8-16 ft.,11.0,119.0,9.0,1,0,20131227,MIN,WAS
Shot Chart Detail,0021300431,198,2772,Trevor Ariza,1610612764,Washington Wizards,2,4,54,Missed Shot,Jump Shot,3PT Field Goal,Above the Break 3,Left Side Center(LC),24+ ft.,24.0,-174.0,179.0,1,0,20131227,MIN,WAS
Shot Chart Detail,0021300431,218,2772,Trevor Ariza,1610612764,Washington Wizards,2,3,16,Missed Shot,Jump Shot,3PT Field Goal,Above the Break 3,Right Side Center(RC),24+ ft.,25.0,133.0,216.0,1,0,20131227,MIN,WAS
Shot Chart Detail,0021300431,264,2772,Trevor Ariza,1610612764,Washington Wizards,3,11,36,Missed Shot,Jump Shot,2PT Field Goal,Mid-Range,Left Side Center(LC),16-24 ft.,20.0,-133.0,157.0,1,0,20131227,MIN,WAS
Shot Chart Detail,0021300431,268,2772,Trevor Ariza,1610612764,Washington Wizards,3,11,13,Made Shot,Driving Dunk Shot,2PT Field Goal,Restricted Area,Center(C),Less Than 8 ft.,1.0,4.0,12.0,1,1,20131227,MIN,WAS
Shot Chart Detail,0021300431,284,2772,Trevor Ariza,1610612764,Washington Wizards,3,9,54,Missed Shot,Running Jump Shot,2PT Field Goal,In The Paint (Non-RA),Center(C),Less Than 8 ft.,5.0,58.0,15.0,1,0,20131227,MIN,WAS
Shot Chart Detail,0021300431,302,2772,Trevor Ariza,1610612764,Washington Wizards,3,7,39,Made Shot,Jump Shot,3PT Field Goal,Above the Break 3,Left Side Center(LC),24+ ft.,24.0,-114.0,222.0,1,1,20131227,MIN,WAS
Shot Chart Detail,0021300431,329,2772,Trevor Ariza,1610612764,Washington Wizards,3,4,55,Made Shot,Jump Shot,3PT Field Goal,Right Corner 3,Right Side(R),24+ ft.,24.0,231.0,75.0,1,1,20131227,MIN,WAS
Shot Chart Detail,0021300431,333,2772,Trevor Ariza,1610612764,Washington Wizards,3,4,21,Missed Shot,Jump Shot,3PT Field Goal,Right Corner 3,Right Side(R),24+ ft.,23.0,236.0,22.0,1,0,20131227,MIN,WAS
Shot Chart Detail,0021300439,4,2772,Trevor Ariza,1610612764,Washington Wizards,1,11,39,Missed Shot,Layup Shot,2PT Field Goal,Restricted Area,Center(C),Less Than 8 ft.,1.0,17.0,0.0,1,0,20131228,WAS,DET
Shot Chart Detail,0021300439,8,2772,Trevor Ariza,1610612764,Washington Wizards,1,11,28,Made Shot,Layup Shot,2PT Field Goal,Restricted Area,Center(C),Less Than 8 ft.,0.0,2.0,9.0,1,1,20131228,WAS,DET
Shot Chart Detail,0021300439,29,2772,Trevor Ariza,1610612764,Washington Wizards,1,9,29,Made Shot,Jump Shot,3PT Field Goal,Right Corner 3,Right Side(R),24+ ft.,23.0,236.0,26.0,1,1,20131228,WAS,DET
Shot Chart Detail,0021300439,44,2772,Trevor Ariza,1610612764,Washington Wizards,1,7,51,Missed Shot,Jump Shot,3PT Field Goal,Above the Break 3,Right Side Center(RC),24+ ft.,25.0,149.0,208.0,1,0,20131228,WAS,DET
Shot Chart Detail,0021300439,101,2772,Trevor Ariza,1610612764,Washington Wizards,1,2,44,Missed Shot,Layup Shot,2PT Field Goal,Restricted Area,Center(C),Less Than 8 ft.,1.0,9.0,14.0,1,0,20131228,WAS,DET
Shot Chart Detail,0021300439,103,2772,Trevor Ariza,1610612764,Washington Wizards,1,2,42,Missed Shot,Layup Shot,2PT Field Goal,Restricted Area,Center(C),Less Than 8 ft.,0.0,4.0,9.0,1,0,20131228,WAS,DET
Shot Chart Detail,0021300439,276,2772,Trevor Ariza,1610612764,Washington Wizards,3,10,24,Made Shot,Jump Shot,3PT Field Goal,Above the Break 3,Right Side Center(RC),24+ ft.,26.0,146.0,217.0,1,1,20131228,WAS,DET
Shot Chart Detail,0021300439,284,2772,Trevor Ariza,1610612764,Washington Wizards,3,9,18,Made Shot,Jump Shot,3PT Field Goal,Above the Break 3,Right Side Center(RC),24+ ft.,25.0,218.0,126.0,1,1,20131228,WAS,DET
Shot Chart Detail,0021300439,298,2772,Trevor Ariza,1610612764,Washington Wizards,3,7,15,Missed Shot,Jump Shot,3PT Field Goal,Left Corner 3,Left Side(L),24+ ft.,24.0,-237.0,61.0,1,0,20131228,WAS,DET
Shot Chart Detail,0021300439,300,2772,Trevor Ariza,1610612764,Washington Wizards,3,7,4,Missed Shot,Layup Shot,2PT Field Goal,Restricted Area,Center(C),Less Than 8 ft.,2.0,-21.0,14.0,1,0,20131228,WAS,DET
Shot Chart Detail,0021300439,344,2772,Trevor Ariza,1610612764,Washington Wizards,3,3,31,Made Shot,Jump Shot,3PT Field Goal,Above the Break 3,Left Side Center(LC),24+ ft.,27.0,-100.0,258.0,1,1,20131228,WAS,DET
Shot Chart Detail,0021300453,6,2772,Trevor Ariza,1610612764,Washington Wizards,1,11,20,Missed Shot,Jump Shot,3PT Field Goal,Above the Break 3,Center(C),24+ ft.,26.0,18.0,261.0,1,0,20131230,DET,WAS
Shot Chart Detail,0021300453,11,2772,Trevor Ariza,1610612764,Washington Wizards,1,10,46,Made Shot,Driving Dunk Shot,2PT Field Goal,Restricted Area,Center(C),Less Than 8 ft.,0.0,-2.0,1.0,1,1,20131230,DET,WAS
Shot Chart Detail,0021300453,19,2772,Trevor Ariza,1610612764,Washington Wizards,1,9,27,Made Shot,Jump Shot,3PT Field Goal,Above the Break 3,Right Side Center(RC),24+ ft.,26.0,152.0,217.0,1,1,20131230,DET,WAS
Shot Chart Detail,0021300453,83,2772,Trevor Ariza,1610612764,Washington Wizards,1,4,18,Made Shot,Jump Shot,3PT Field Goal,Above the Break 3,Right Side Center(RC),24+ ft.,25.0,217.0,127.0,1,1,20131230,DET,WAS
Shot Chart Detail,0021300453,109,2772,Trevor Ariza,1610612764,Washington Wizards,1,2,3,Missed Shot,Layup Shot,2PT Field Goal,Restricted Area,Center(C),Less Than 8 ft.,0.0,-4.0,0.0,1,0,20131230,DET,WAS
Shot Chart Detail,0021300453,242,2772,Trevor Ariza,1610612764,Washington Wizards,2,4,7,Made Shot,Jump Shot,3PT Field Goal,Above the Break 3,Right Side Center(RC),24+ ft.,27.0,92.0,260.0,1,1,20131230,DET,WAS
Shot Chart Detail,0021300453,298,2772,Trevor Ariza,1610612764,Washington Wizards,3,11,15,Missed Shot,Jump Shot,3PT Field Goal,Right Corner 3,Right Side(R),24+ ft.,24.0,237.0,55.0,1,0,20131230,DET,WAS
Shot Chart Detail,0021300453,310,2772,Trevor Ariza,1610612764,Washington Wizards,3,9,35,Missed Shot,Jump Shot,3PT Field Goal,Above the Break 3,Right Side Center(RC),24+ ft.,25.0,225.0,115.0,1,0,20131230,DET,WAS
Shot Chart Detail,0021300453,351,2772,Trevor Ariza,1610612764,Washington Wizards,3,6,8,Made Shot,Jump Shot,2PT Field Goal,Mid-Range,Right Side(R),16-24 ft.,18.0,187.0,19.0,1,1,20131230,DET,WAS
Shot Chart Detail,0021300453,407,2772,Trevor Ariza,1610612764,Washington Wizards,3,1,19,Missed Shot,Jump Shot,2PT Field Goal,In The Paint (Non-RA),Center(C),Less Than 8 ft.,5.0,-49.0,11.0,1,0,20131230,DET,WAS
Shot Chart Detail,0021300453,507,2772,Trevor Ariza,1610612764,Washington Wizards,4,2,42,Missed Shot,Jump Shot,3PT Field Goal,,,,,,,1,0,20131230,DET,WAS
Shot Chart Detail,0021300468,3,2772,Trevor Ariza,1610612764,Washington Wizards,1,11,36,Missed Shot,Jump Shot,2PT Field Goal,Mid-Range,Left Side(L),8-16 ft.,13.0,-108.0,75.0,1,0,20140101,WAS,DAL
Shot Chart Detail,0021300468,54,2772,Trevor Ariza,1610612764,Washington Wizards,1,6,34,Missed Shot,Jump Shot,2PT Field Goal,Mid-Range,Right Side(R),16-24 ft.,17.0,170.0,41.0,1,0,20140101,WAS,DAL
Shot Chart Detail,0021300468,59,2772,Trevor Ariza,1610612764,Washington Wizards,1,5,57,Made Shot,Finger Roll Layup Shot,2PT Field Goal,Restricted Area,Center(C),Less Than 8 ft.,0.0,2.0,7.0,1,1,20140101,WAS,DAL
Shot Chart Detail,0021300468,81,2772,Trevor Ariza,1610612764,Washington Wizards,1,3,49,Missed Shot,Jump Shot,3PT Field Goal,Right Corner 3,Right Side(R),24+ ft.,23.0,237.0,15.0,1,0,20140101,WAS,DAL
Shot Chart Detail,0021300468,117,2772,Trevor Ariza,1610612764,Washington Wizards,1,1,20,Made Shot,Layup Shot,2PT Field Goal,Restricted Area,Center(C),Less Than 8 ft.,1.0,10.0,4.0,1,1,20140101,WAS,DAL
Shot Chart Detail,0021300468,137,2772,Trevor Ariza,1610612764,Washington Wizards,1,0,0,Missed Shot,Jump Shot,3PT Field Goal,Backcourt,Back Court(BC),Back Court Shot,58.0,118.0,575.0,1,0,20140101,WAS,DAL
Shot Chart Detail,0021300468,262,2772,Trevor Ariza,1610612764,Washington Wizards,2,0,7,Missed Shot,Jump Shot,3PT Field Goal,Right Corner 3,Right Side(R),24+ ft.,24.0,231.0,67.0,1,0,20140101,WAS,DAL
Shot Chart Detail,0021300468,301,2772,Trevor Ariza,1610612764,Washington Wizards,3,8,8,Made Shot,Jump Shot,3PT Field Goal,Above the Break 3,Right Side Center(RC),24+ ft.,26.0,165.0,201.0,1,1,20140101,WAS,DAL
Shot Chart Detail,0021300468,344,2772,Trevor Ariza,1610612764,Washington Wizards,3,4,10,Missed Shot,Jump Shot,3PT Field Goal,Above the Break 3,Right Side Center(RC),24+ ft.,25.0,174.0,187.0,1,0,20140101,WAS,DAL
Shot Chart Detail,0021300468,381,2772,Trevor Ariza,1610612764,Washington Wizards,3,0,36,Missed Shot,Jump Shot,3PT Field Goal,Right Corner 3,Right Side(R),24+ ft.,22.0,228.0,6.0,1,0,20140101,WAS,DAL
Shot Chart Detail,0021300468,456,2772,Trevor Ariza,1610612764,Washington Wizards,4,3,42,Missed Shot,Jump Shot,2PT Field Goal,Mid-Range,Right Side Center(RC),16-24 ft.,18.0,129.0,132.0,1,0,20140101,WAS,DAL
Shot Chart Detail,0021300468,473,2772,Trevor Ariza,1610612764,Washington Wizards,4,2,31,Missed Shot,Jump Shot,2PT Field Goal,Mid-Range,Right Side(R),16-24 ft.,19.0,192.0,34.0,1,0,20140101,WAS,DAL
Shot Chart Detail,0021300468,478,2772,Trevor Ariza,1610612764,Washington Wizards,4,1,42,Missed Shot,Jump Shot,3PT Field Goal,Above the Break 3,Left Side Center(LC),24+ ft.,25.0,-90.0,242.0,1,0,20140101,WAS,DAL
Shot Chart Detail,0021300468,481,2772,Trevor Ariza,1610612764,Washington Wizards,4,1,8,Missed Shot,Jump Shot,2PT Field Goal,Restricted Area,Center(C),Less Than 8 ft.,3.0,-27.0,15.0,1,0,20140101,WAS,DAL
Shot Chart Detail,0021300482,11,2772,Trevor Ariza,1610612764,Washington Wizards,1,10,20,Made Shot,Jump Shot,3PT Field Goal,Above the Break 3,Right Side Center(RC),24+ ft.,25.0,125.0,219.0,1,1,20140103,WAS,TOR
Shot Chart Detail,0021300482,24,2772,Trevor Ariza,1610612764,Washington Wizards,1,8,46,Missed Shot,Jump Shot,2PT Field Goal,Mid-Range,Left Side Center(LC),16-24 ft.,16.0,-82.0,142.0,1,0,20140103,WAS,TOR
Shot Chart Detail,0021300482,218,2772,Trevor Ariza,1610612764,Washington Wizards,2,0,40,Made Shot,Pullup Jump shot,3PT Field Goal,Above the Break 3,Right Side Center(RC),24+ ft.,25.0,100.0,236.0,1,1,20140103,WAS,TOR
Shot Chart Detail,0021300501,7,2772,Trevor Ariza,1610612764,Washington Wizards,1,11,8,Missed Shot,Layup Shot,2PT Field Goal,Restricted Area,Center(C),Less Than 8 ft.,0.0,1.0,-2.0,1,0,20140105,WAS,GSW
Shot Chart Detail,0021300501,64,2772,Trevor Ariza,1610612764,Washington Wizards,1,3,41,Missed Shot,Jump Shot,3PT Field Goal,Above the Break 3,Right Side Center(RC),24+ ft.,25.0,135.0,219.0,1,0,20140105,WAS,GSW
Shot Chart Detail,0021300501,76,2772,Trevor Ariza,1610612764,Washington Wizards,1,2,12,Made Shot,Dunk Shot,2PT Field Goal,Restricted Area,Center(C),Less Than 8 ft.,1.0,-5.0,14.0,1,1,20140105,WAS,GSW
Shot Chart Detail,0021300501,269,2772,Trevor Ariza,1610612764,Washington Wizards,2,0,0,Missed Shot,Jump Shot,3PT Field Goal,Above the Break 3,Right Side Center(RC),24+ ft.,24.0,185.0,164.0,1,0,20140105,WAS,GSW
Shot Chart Detail,0021300501,310,2772,Trevor Ariza,1610612764,Washington Wizards,3,6,40,Missed Shot,Jump Shot,3PT Field Goal,Above the Break 3,Right Side Center(RC),24+ ft.,26.0,152.0,216.0,1,0,20140105,WAS,GSW
Shot Chart Detail,0021300501,461,2772,Trevor Ariza,1610612764,Washington Wizards,4,5,46,Missed Shot,Jump Shot,3PT Field Goal,Right Corner 3,Right Side(R),24+ ft.,23.0,226.0,56.0,1,0,20140105,WAS,GSW
Shot Chart Detail,0021300501,474,2772,Trevor Ariza,1610612764,Washington Wizards,4,3,40,Missed Shot,Jump Shot,3PT Field Goal,Above the Break 3,Left Side Center(LC),24+ ft.,25.0,-120.0,230.0,1,0,20140105,WAS,GSW
Shot Chart Detail,0021300508,87,2772,Trevor Ariza,1610612764,Washington Wizards,1,3,7,Made Shot,Jump Shot,2PT Field Goal,Mid-Range,Right Side Center(RC),16-24 ft.,18.0,77.0,170.0,1,1,20140107,CHA,WAS
Shot Chart Detail,0021300508,104,2772,Trevor Ariza,1610612764,Washington Wizards,1,1,18,Missed Shot,Jump Shot,3PT Field Goal,Left Corner 3,Left Side(L),24+ ft.,24.0,-242.0,20.0,1,0,20140107,CHA,WAS
Shot Chart Detail,0021300508,261,2772,Trevor Ariza,1610612764,Washington Wizards,3,10,13,Missed Shot,Jump Shot,3PT Field Goal,Above the Break 3,Right Side Center(RC),24+ ft.,25.0,151.0,208.0,1,0,20140107,CHA,WAS
Shot Chart Detail,0021300508,294,2772,Trevor Ariza,1610612764,Washington Wizards,3,6,5,Made Shot,Driving Layup Shot,2PT Field Goal,Restricted Area,Center(C),Less Than 8 ft.,1.0,-8.0,12.0,1,1,20140107,CHA,WAS
Shot Chart Detail,0021300508,313,2772,Trevor Ariza,1610612764,Washington Wizards,3,3,46,Missed Shot,Jump Shot,3PT Field Goal,Above the Break 3,Left Side Center(LC),24+ ft.,26.0,-125.0,231.0,1,0,20140107,CHA,WAS
Shot Chart Detail,0021300508,335,2772,Trevor Ariza,1610612764,Washington Wizards,3,2,42,Missed Shot,Jump Shot,2PT Field Goal,Mid-Range,Left Side(L),16-24 ft.,17.0,-174.0,3.0,1,0,20140107,CHA,WAS
Shot Chart Detail,0021300525,5,2772,Trevor Ariza,1610612764,Washington Wizards,1,11,18,Made Shot,Jump Shot,2PT Field Goal,Mid-Range,Center(C),16-24 ft.,22.0,-56.0,217.0,1,1,20140108,NOP,WAS
Shot Chart Detail,0021300525,25,2772,Trevor Ariza,1610612764,Washington Wizards,1,8,59,Made Shot,Jump Shot,3PT Field Goal,Above the Break 3,Right Side Center(RC),24+ ft.,24.0,204.0,142.0,1,1,20140108,NOP,WAS
Shot Chart Detail,0021300525,29,2772,Trevor Ariza,1610612764,Washington Wizards,1,8,16,Missed Shot,Jump Shot,3PT Field Goal,Above the Break 3,Right Side Center(RC),24+ ft.,24.0,166.0,178.0,1,0,20140108,NOP,WAS
Shot Chart Detail,0021300525,48,2772,Trevor Ariza,1610612764,Washington Wizards,1,7,11,Missed Shot,Jump Shot,2PT Field Goal,Mid-Range,Right Side(R),8-16 ft.,14.0,114.0,82.0,1,0,20140108,NOP,WAS
Shot Chart Detail,0021300525,55,2772,Trevor Ariza,1610612764,Washington Wizards,1,6,18,Missed Shot,Jump Shot,3PT Field Goal,Above the Break 3,Left Side Center(LC),24+ ft.,24.0,-90.0,228.0,1,0,20140108,NOP,WAS
Shot Chart Detail,0021300525,119,2772,Trevor Ariza,1610612764,Washington Wizards,1,1,18,Made Shot,Layup Shot,2PT Field Goal,Restricted Area,Center(C),Less Than 8 ft.,2.0,24.0,7.0,1,1,20140108,NOP,WAS
Shot Chart Detail,0021300525,198,2772,Trevor Ariza,1610612764,Washington Wizards,2,6,13,Missed Shot,Jump Shot,3PT Field Goal,Left Corner 3,Left Side(L),24+ ft.,23.0,-234.0,9.0,1,0,20140108,NOP,WAS
Shot Chart Detail,0021300525,225,2772,Trevor Ariza,1610612764,Washington Wizards,2,4,0,Made Shot,Layup Shot,2PT Field Goal,Restricted Area,Center(C),Less Than 8 ft.,1.0,13.0,3.0,1,1,20140108,NOP,WAS
Shot Chart Detail,0021300525,244,2772,Trevor Ariza,1610612764,Washington Wizards,2,1,45,Made Shot,Dunk Shot,2PT Field Goal,Restricted Area,Center(C),Less Than 8 ft.,0.0,-2.0,1.0,1,1,20140108,NOP,WAS
Shot Chart Detail,0021300525,275,2772,Trevor Ariza,1610612764,Washington Wizards,3,9,19,Missed Shot,Jump Shot,3PT Field Goal,Right Corner 3,Right Side(R),24+ ft.,23.0,233.0,26.0,1,0,20140108,NOP,WAS
Shot Chart Detail,0021300525,295,2772,Trevor Ariza,1610612764,Washington Wizards,3,6,26,Made Shot,Putback Layup Shot,2PT Field Goal,Restricted Area,Center(C),Less Than 8 ft.,1.0,17.0,9.0,1,1,20140108,NOP,WAS
Shot Chart Detail,0021300525,293,2772,Trevor Ariza,1610612764,Washington Wizards,3,6,26,Missed Shot,Layup Shot,2PT Field Goal,Restricted Area,Center(C),Less Than 8 ft.,1.0,4.0,12.0,1,0,20140108,NOP,WAS
Shot Chart Detail,0021300525,344,2772,Trevor Ariza,1610612764,Washington Wizards,3,3,19,Missed Shot,Reverse Layup Shot,2PT Field Goal,Restricted Area,Center(C),Less Than 8 ft.,1.0,13.0,7.0,1,0,20140108,NOP,WAS
Shot Chart Detail,0021300525,371,2772,Trevor Ariza,1610612764,Washington Wizards,3,1,0,Made Shot,Jump Shot,2PT Field Goal,In The Paint (Non-RA),Center(C),Less Than 8 ft.,4.0,1.0,48.0,1,1,20140108,NOP,WAS
Shot Chart Detail,0021300525,392,2772,Trevor Ariza,1610612764,Washington Wizards,3,0,2,Made Shot,Jump Shot,2PT Field Goal,Mid-Range,Right Side(R),16-24 ft.,18.0,162.0,82.0,1,1,20140108,NOP,WAS
Shot Chart Detail,0021300525,482,2772,Trevor Ariza,1610612764,Washington Wizards,4,2,40,Made Shot,Jump Shot,3PT Field Goal,Right Corner 3,Right Side(R),24+ ft.,22.0,225.0,33.0,1,1,20140108,NOP,WAS
Shot Chart Detail,0021300525,495,2772,Trevor Ariza,1610612764,Washington Wizards,4,0,49,Missed Shot,Jump Shot,3PT Field Goal,Left Corner 3,Left Side(L),24+ ft.,23.0,-234.0,17.0,1,0,20140108,NOP,WAS
Shot Chart Detail,0021300531,16,2772,Trevor Ariza,1610612764,Washington Wizards,1,10,6,Missed Shot,Pullup Jump shot,2PT Field Goal,Mid-Range,Right Side(R),16-24 ft.,19.0,190.0,28.0,1,0,20140110,IND,WAS
Shot Chart Detail,0021300531,87,2772,Trevor Ariza,1610612764,Washington Wizards,1,1,57,Made Shot,Jump Shot,3PT Field Goal,Above the Break 3,Right Side Center(RC),24+ ft.,25.0,201.0,156.0,1,1,20140110,IND,WAS
Shot Chart Detail,0021300531,90,2772,Trevor Ariza,1610612764,Washington Wizards,1,1,27,Missed Shot,Jump Shot,3PT Field Goal,Above the Break 3,Right Side Center(RC),24+ ft.,25.0,206.0,154.0,1,0,20140110,IND,WAS
Shot Chart Detail,0021300531,101,2772,Trevor Ariza,1610612764,Washington Wizards,1,0,26,Missed Shot,Jump Shot,3PT Field Goal,Right Corner 3,Right Side(R),24+ ft.,23.0,231.0,25.0,1,0,20140110,IND,WAS
Shot Chart Detail,0021300531,191,2772,Trevor Ariza,1610612764,Washington Wizards,2,5,7,Made Shot,Jump Shot,2PT Field Goal,Mid-Range,Center(C),8-16 ft.,15.0,12.0,153.0,1,1,20140110,IND,WAS
Shot Chart Detail,0021300531,233,2772,Trevor Ariza,1610612764,Washington Wizards,2,2,5,Missed Shot,Driving Jump shot,2PT Field Goal,In The Paint (Non-RA),Center(C),Less Than 8 ft.,7.0,70.0,0.0,1,0,20140110,IND,WAS
Shot Chart Detail,0021300531,368,2772,Trevor Ariza,1610612764,Washington Wizards,3,4,4,Missed Shot,Jump Shot,3PT Field Goal,Left Corner 3,Left Side(L),24+ ft.,23.0,-239.0,-8.0,1,0,20140110,IND,WAS
Shot Chart Detail,0021300531,375,2772,Trevor Ariza,1610612764,Washington Wizards,3,2,54,Missed Shot,Tip Shot,2PT Field Goal,Restricted Area,Center(C),Less Than 8 ft.,1.0,11.0,11.0,1,0,20140110,IND,WAS
Shot Chart Detail,0021300531,395,2772,Trevor Ariza,1610612764,Washington Wizards,3,1,59,Made Shot,Driving Finger Roll Layup Shot,2PT Field Goal,Restricted Area,Center(C),Less Than 8 ft.,0.0,0.0,6.0,1,1,20140110,IND,WAS
Shot Chart Detail,0021300531,494,2772,Trevor Ariza,1610612764,Washington Wizards,4,3,29,Missed Shot,Jump Shot,3PT Field Goal,Left Corner 3,Left Side(L),24+ ft.,23.0,-235.0,15.0,1,0,20140110,IND,WAS
Shot Chart Detail,0021300544,50,2772,Trevor Ariza,1610612764,Washington Wizards,1,5,8,Made Shot,Jump Shot,3PT Field Goal,Above the Break 3,Left Side Center(LC),24+ ft.,24.0,-172.0,176.0,1,1,20140111,WAS,HOU
Shot Chart Detail,0021300544,52,2772,Trevor Ariza,1610612764,Washington Wizards,1,4,59,Made Shot,Layup Shot,2PT Field Goal,Restricted Area,Center(C),Less Than 8 ft.,2.0,6.0,22.0,1,1,20140111,WAS,HOU
Shot Chart Detail,0021300544,75,2772,Trevor Ariza,1610612764,Washington Wizards,1,2,31,Missed Shot,Jump Shot,2PT Field Goal,Mid-Range,Center(C),8-16 ft.,15.0,6.0,153.0,1,0,20140111,WAS,HOU
Shot Chart Detail,0021300544,164,2772,Trevor Ariza,1610612764,Washington Wizards,2,8,21,Missed Shot,Layup Shot,2PT Field Goal,Restricted Area,Center(C),Less Than 8 ft.,2.0,17.0,11.0,1,0,20140111,WAS,HOU
Shot Chart Detail,0021300544,207,2772,Trevor Ariza,1610612764,Washington Wizards,2,5,10,Missed Shot,Jump Shot,3PT Field Goal,Above the Break 3,Right Side Center(RC),24+ ft.,25.0,103.0,235.0,1,0,20140111,WAS,HOU
Shot Chart Detail,0021300544,261,2772,Trevor Ariza,1610612764,Washington Wizards,2,0,52,Missed Shot,Jump Shot,3PT Field Goal,Left Corner 3,Left Side(L),24+ ft.,25.0,-239.0,77.0,1,0,20140111,WAS,HOU
Shot Chart Detail,0021300544,306,2772,Trevor Ariza,1610612764,Washington Wizards,3,9,2,Made Shot,Jump Shot,3PT Field Goal,Right Corner 3,Right Side(R),24+ ft.,22.0,228.0,26.0,1,1,20140111,WAS,HOU
Shot Chart Detail,0021300544,321,2772,Trevor Ariza,1610612764,Washington Wizards,3,7,51,Missed Shot,Jump Shot,3PT Field Goal,Left Corner 3,Left Side(L),24+ ft.,23.0,-231.0,22.0,1,0,20140111,WAS,HOU
Shot Chart Detail,0021300544,345,2772,Trevor Ariza,1610612764,Washington Wizards,3,6,9,Missed Shot,Jump Shot,3PT Field Goal,Above the Break 3,Right Side Center(RC),24+ ft.,26.0,162.0,208.0,1,0,20140111,WAS,HOU
Shot Chart Detail,0021300544,384,2772,Trevor Ariza,1610612764,Washington Wizards,3,3,14,Made Shot,Dunk Shot,2PT Field Goal,Restricted Area,Center(C),Less Than 8 ft.,0.0,-2.0,3.0,1,1,20140111,WAS,HOU
Shot Chart Detail,0021300544,395,2772,Trevor Ariza,1610612764,Washington Wizards,3,2,17,Made Shot,Jump Shot,3PT Field Goal,Right Corner 3,Right Side(R),24+ ft.,23.0,236.0,41.0,1,1,20140111,WAS,HOU
Shot Chart Detail,0021300544,444,2772,Trevor Ariza,1610612764,Washington Wizards,4,11,46,Made Shot,Dunk Shot,2PT Field Goal,Restricted Area,Center(C),Less Than 8 ft.,1.0,-10.0,12.0,1,1,20140111,WAS,HOU
Shot Chart Detail,0021300544,467,2772,Trevor Ariza,1610612764,Washington Wizards,4,9,2,Made Shot,Layup Shot,2PT Field Goal,Restricted Area,Center(C),Less Than 8 ft.,1.0,7.0,9.0,1,1,20140111,WAS,HOU
Shot Chart Detail,0021300544,501,2772,Trevor Ariza,1610612764,Washington Wizards,4,5,31,Missed Shot,Jump Shot,3PT Field Goal,Above the Break 3,Right Side Center(RC),24+ ft.,26.0,157.0,216.0,1,0,20140111,WAS,HOU
Shot Chart Detail,0021300544,524,2772,Trevor Ariza,1610612764,Washington Wizards,4,4,18,Missed Shot,Jump Shot,2PT Field Goal,Mid-Range,Right Side Center(RC),16-24 ft.,17.0,118.0,123.0,1,0,20140111,WAS,HOU
Shot Chart Detail,0021300544,613,2772,Trevor Ariza,1610612764,Washington Wizards,4,0,14,Missed Shot,Jump Shot,3PT Field Goal,Above the Break 3,Left Side Center(LC),24+ ft.,26.0,-141.0,220.0,1,0,20140111,WAS,HOU
Shot Chart Detail,0021300558,25,2772,Trevor Ariza,1610612764,Washington Wizards,1,8,44,Made Shot,Jump Shot,2PT Field Goal,Mid-Range,Right Side Center(RC),16-24 ft.,21.0,73.0,201.0,1,1,20140113,CHI,WAS
Shot Chart Detail,0021300558,42,2772,Trevor Ariza,1610612764,Washington Wizards,1,6,17,Made Shot,Jump Shot,2PT Field Goal,Mid-Range,Center(C),16-24 ft.,20.0,47.0,198.0,1,1,20140113,CHI,WAS
Shot Chart Detail,0021300558,95,2772,Trevor Ariza,1610612764,Washington Wizards,1,0,45,Missed Shot,Jump Shot,3PT Field Goal,Above the Break 3,Right Side Center(RC),24+ ft.,25.0,218.0,124.0,1,0,20140113,CHI,WAS
Shot Chart Detail,0021300558,192,2772,Trevor Ariza,1610612764,Washington Wizards,2,4,31,Made Shot,Jump Shot,3PT Field Goal,Above the Break 3,Right Side Center(RC),24+ ft.,25.0,157.0,201.0,1,1,20140113,CHI,WAS
Shot Chart Detail,0021300558,194,2772,Trevor Ariza,1610612764,Washington Wizards,2,4,3,Made Shot,Jump Shot,3PT Field Goal,Above the Break 3,Left Side Center(LC),24+ ft.,25.0,-155.0,203.0,1,1,20140113,CHI,WAS
Shot Chart Detail,0021300558,197,2772,Trevor Ariza,1610612764,Washington Wizards,2,3,25,Missed Shot,Jump Shot,3PT Field Goal,Above the Break 3,Right Side Center(RC),24+ ft.,26.0,146.0,217.0,1,0,20140113,CHI,WAS
Shot Chart Detail,0021300558,268,2772,Trevor Ariza,1610612764,Washington Wizards,3,10,23,Missed Shot,Jump Shot,2PT Field Goal,In The Paint (Non-RA),Center(C),Less Than 8 ft.,6.0,-10.0,66.0,1,0,20140113,CHI,WAS
Shot Chart Detail,0021300558,271,2772,Trevor Ariza,1610612764,Washington Wizards,3,9,47,Missed Shot,Jump Shot,3PT Field Goal,Right Corner 3,Right Side(R),24+ ft.,23.0,236.0,-17.0,1,0,20140113,CHI,WAS
Shot Chart Detail,0021300558,287,2772,Trevor Ariza,1610612764,Washington Wizards,3,8,18,Missed Shot,Tip Shot,2PT Field Goal,Restricted Area,Center(C),Less Than 8 ft.,0.0,0.0,1.0,1,0,20140113,CHI,WAS
Shot Chart Detail,0021300558,332,2772,Trevor Ariza,1610612764,Washington Wizards,3,3,14,Made Shot,Jump Shot,3PT Field Goal,Left Corner 3,Left Side(L),24+ ft.,22.0,-229.0,-16.0,1,1,20140113,CHI,WAS
Shot Chart Detail,0021300568,20,2772,Trevor Ariza,1610612764,Washington Wizards,1,9,24,Missed Shot,Jump Shot,2PT Field Goal,Mid-Range,Left Side(L),8-16 ft.,12.0,-125.0,7.0,1,0,20140115,WAS,MIA
Shot Chart Detail,0021300568,87,2772,Trevor Ariza,1610612764,Washington Wizards,1,1,42,Made Shot,Jump Shot,3PT Field Goal,Right Corner 3,Right Side(R),24+ ft.,25.0,241.0,67.0,1,1,20140115,WAS,MIA
Shot Chart Detail,0021300568,258,2772,Trevor Ariza,1610612764,Washington Wizards,2,0,1,Missed Shot,Jump Shot,3PT Field Goal,Right Corner 3,Right Side(R),24+ ft.,23.0,231.0,31.0,1,0,20140115,WAS,MIA
Shot Chart Detail,0021300568,288,2772,Trevor Ariza,1610612764,Washington Wizards,3,8,53,Made Shot,Driving Layup Shot,2PT Field Goal,Restricted Area,Center(C),Less Than 8 ft.,1.0,13.0,9.0,1,1,20140115,WAS,MIA
Shot Chart Detail,0021300568,291,2772,Trevor Ariza,1610612764,Washington Wizards,3,8,21,Made Shot,Jump Shot,3PT Field Goal,Right Corner 3,Right Side(R),24+ ft.,23.0,231.0,33.0,1,1,20140115,WAS,MIA
Shot Chart Detail,0021300568,300,2772,Trevor Ariza,1610612764,Washington Wizards,3,7,14,Missed Shot,Jump Shot,3PT Field Goal,Above the Break 3,Right Side Center(RC),24+ ft.,25.0,162.0,195.0,1,0,20140115,WAS,MIA
Shot Chart Detail,0021300568,315,2772,Trevor Ariza,1610612764,Washington Wizards,3,5,47,Made Shot,Dunk Shot,2PT Field Goal,Restricted Area,Center(C),Less Than 8 ft.,0.0,6.0,3.0,1,1,20140115,WAS,MIA
Shot Chart Detail,0021300585,90,2772,Trevor Ariza,1610612764,Washington Wizards,1,2,5,Made Shot,Layup Shot,2PT Field Goal,Restricted Area,Center(C),Less Than 8 ft.,0.0,4.0,9.0,1,1,20140117,WAS,CHI
Shot Chart Detail,0021300585,219,2772,Trevor Ariza,1610612764,Washington Wizards,2,1,59,Missed Shot,Jump Shot,3PT Field Goal,Left Corner 3,Left Side(L),24+ ft.,22.0,-223.0,1.0,1,0,20140117,WAS,CHI
Shot Chart Detail,0021300585,231,2772,Trevor Ariza,1610612764,Washington Wizards,2,1,7,Missed Shot,Jump Shot,2PT Field Goal,Mid-Range,Left Side Center(LC),16-24 ft.,16.0,-133.0,99.0,1,0,20140117,WAS,CHI
Shot Chart Detail,0021300585,429,2772,Trevor Ariza,1610612764,Washington Wizards,4,4,2,Made Shot,Jump Shot,2PT Field Goal,Mid-Range,Left Side Center(LC),16-24 ft.,17.0,-131.0,110.0,1,1,20140117,WAS,CHI
Shot Chart Detail,0021300585,456,2772,Trevor Ariza,1610612764,Washington Wizards,4,0,47,Missed Shot,Jump Shot,3PT Field Goal,Right Corner 3,Right Side(R),24+ ft.,23.0,236.0,-11.0,1,0,20140117,WAS,CHI
Shot Chart Detail,0021300595,32,2772,Trevor Ariza,1610612764,Washington Wizards,1,7,14,Missed Shot,Layup Shot,2PT Field Goal,Restricted Area,Center(C),Less Than 8 ft.,0.0,9.0,-2.0,1,0,20140118,WAS,DET
Shot Chart Detail,0021300595,73,2772,Trevor Ariza,1610612764,Washington Wizards,1,3,19,Made Shot,Jump Shot,3PT Field Goal,Above the Break 3,Left Side Center(LC),24+ ft.,25.0,-112.0,230.0,1,1,20140118,WAS,DET
Shot Chart Detail,0021300595,170,2772,Trevor Ariza,1610612764,Washington Wizards,2,7,26,Missed Shot,Layup Shot,2PT Field Goal,Restricted Area,Center(C),Less Than 8 ft.,2.0,1.0,23.0,1,0,20140118,WAS,DET
Shot Chart Detail,0021300595,238,2772,Trevor Ariza,1610612764,Washington Wizards,2,2,30,Missed Shot,Jump Shot,3PT Field Goal,Above the Break 3,Right Side Center(RC),24+ ft.,25.0,195.0,168.0,1,0,20140118,WAS,DET
Shot Chart Detail,0021300595,293,2772,Trevor Ariza,1610612764,Washington Wizards,3,10,23,Missed Shot,Jump Shot,3PT Field Goal,Right Corner 3,Right Side(R),24+ ft.,23.0,234.0,25.0,1,0,20140118,WAS,DET
Shot Chart Detail,0021300595,344,2772,Trevor Ariza,1610612764,Washington Wizards,3,4,37,Missed Shot,Jump Shot,2PT Field Goal,Mid-Range,Center(C),16-24 ft.,21.0,9.0,214.0,1,0,20140118,WAS,DET
Shot Chart Detail,0021300595,514,2772,Trevor Ariza,1610612764,Washington Wizards,4,3,30,Missed Shot,Jump Shot,3PT Field Goal,Above the Break 3,Right Side Center(RC),24+ ft.,26.0,179.0,197.0,1,0,20140118,WAS,DET
Shot Chart Detail,0021300609,2,2772,Trevor Ariza,1610612764,Washington Wizards,1,11,38,Missed Shot,Jump Shot,2PT Field Goal,Mid-Range,Left Side(L),8-16 ft.,15.0,-120.0,99.0,1,0,20140120,WAS,PHI
Shot Chart Detail,0021300609,9,2772,Trevor Ariza,1610612764,Washington Wizards,1,10,58,Made Shot,Jump Shot,3PT Field Goal,Above the Break 3,Right Side Center(RC),24+ ft.,25.0,157.0,200.0,1,1,20140120,WAS,PHI
Shot Chart Detail,0021300609,54,2772,Trevor Ariza,1610612764,Washington Wizards,1,5,56,Missed Shot,Jump Shot,3PT Field Goal,Above the Break 3,Right Side Center(RC),24+ ft.,25.0,97.0,231.0,1,0,20140120,WAS,PHI
Shot Chart Detail,0021300609,82,2772,Trevor Ariza,1610612764,Washington Wizards,1,4,16,Missed Shot,Layup Shot,2PT Field Goal,Restricted Area,Center(C),Less Than 8 ft.,2.0,-15.0,15.0,1,0,20140120,WAS,PHI
Shot Chart Detail,0021300609,131,2772,Trevor Ariza,1610612764,Washington Wizards,1,0,1,Missed Shot,Jump Shot,3PT Field Goal,Above the Break 3,Right Side Center(RC),24+ ft.,33.0,135.0,304.0,1,0,20140120,WAS,PHI
Shot Chart Detail,0021300609,201,2772,Trevor Ariza,1610612764,Washington Wizards,2,6,37,Missed Shot,Jump Shot,3PT Field Goal,Left Corner 3,Left Side(L),24+ ft.,23.0,-229.0,36.0,1,0,20140120,WAS,PHI
Shot Chart Detail,0021300609,354,2772,Trevor Ariza,1610612764,Washington Wizards,3,7,30,Missed Shot,Jump Shot,3PT Field Goal,Above the Break 3,Right Side Center(RC),24+ ft.,25.0,163.0,200.0,1,0,20140120,WAS,PHI
Shot Chart Detail,0021300609,370,2772,Trevor Ariza,1610612764,Washington Wizards,3,6,15,Made Shot,Dunk Shot,2PT Field Goal,Restricted Area,Center(C),Less Than 8 ft.,0.0,0.0,3.0,1,1,20140120,WAS,PHI
Shot Chart Detail,0021300609,385,2772,Trevor Ariza,1610612764,Washington Wizards,3,5,15,Made Shot,Dunk Shot,2PT Field Goal,Restricted Area,Center(C),Less Than 8 ft.,1.0,0.0,12.0,1,1,20140120,WAS,PHI
Shot Chart Detail,0021300609,414,2772,Trevor Ariza,1610612764,Washington Wizards,3,3,2,Missed Shot,Jump Shot,3PT Field Goal,Above the Break 3,Right Side Center(RC),24+ ft.,25.0,171.0,194.0,1,0,20140120,WAS,PHI
Shot Chart Detail,0021300609,443,2772,Trevor Ariza,1610612764,Washington Wizards,3,0,1,Missed Shot,Jump Shot,3PT Field Goal,Above the Break 3,Right Side Center(RC),24+ ft.,25.0,173.0,189.0,1,0,20140120,WAS,PHI
Shot Chart Detail,0021300609,615,2772,Trevor Ariza,1610612764,Washington Wizards,4,0,19,Made Shot,Dunk Shot,2PT Field Goal,Restricted Area,Center(C),Less Than 8 ft.,1.0,-8.0,9.0,1,1,20140120,WAS,PHI
Shot Chart Detail,0021300625,24,2772,Trevor Ariza,1610612764,Washington Wizards,1,9,21,Missed Shot,Jump Shot,3PT Field Goal,Above the Break 3,Right Side Center(RC),24+ ft.,26.0,121.0,239.0,1,0,20140122,WAS,BOS
Shot Chart Detail,0021300625,84,2772,Trevor Ariza,1610612764,Washington Wizards,1,4,23,Made Shot,Pullup Jump shot,2PT Field Goal,Mid-Range,Right Side(R),16-24 ft.,17.0,157.0,80.0,1,1,20140122,WAS,BOS
Shot Chart Detail,0021300625,218,2772,Trevor Ariza,1610612764,Washington Wizards,2,5,8,Missed Shot,Jump Shot,3PT Field Goal,Above the Break 3,Right Side Center(RC),24+ ft.,25.0,133.0,217.0,1,0,20140122,WAS,BOS
Shot Chart Detail,0021300625,247,2772,Trevor Ariza,1610612764,Washington Wizards,2,2,50,Made Shot,Jump Shot,3PT Field Goal,Above the Break 3,Left Side Center(LC),24+ ft.,24.0,-171.0,179.0,1,1,20140122,WAS,BOS
Shot Chart Detail,0021300625,323,2772,Trevor Ariza,1610612764,Washington Wizards,3,9,42,Made Shot,Jump Shot,3PT Field Goal,Above the Break 3,Left Side Center(LC),24+ ft.,25.0,-223.0,119.0,1,1,20140122,WAS,BOS
Shot Chart Detail,0021300625,333,2772,Trevor Ariza,1610612764,Washington Wizards,3,8,53,Made Shot,Jump Shot,3PT Field Goal,Above the Break 3,Right Side Center(RC),24+ ft.,25.0,193.0,167.0,1,1,20140122,WAS,BOS
Shot Chart Detail,0021300625,404,2772,Trevor Ariza,1610612764,Washington Wizards,3,1,55,Missed Shot,Jump Shot,2PT Field Goal,Mid-Range,Right Side Center(RC),16-24 ft.,19.0,108.0,168.0,1,0,20140122,WAS,BOS
Shot Chart Detail,0021300625,545,2772,Trevor Ariza,1610612764,Washington Wizards,4,1,39,Made Shot,Jump Shot,3PT Field Goal,Right Corner 3,Right Side(R),24+ ft.,23.0,233.0,17.0,1,1,20140122,WAS,BOS
Shot Chart Detail,0021300643,10,2772,Trevor Ariza,1610612764,Washington Wizards,1,10,37,Missed Shot,Jump Shot,2PT Field Goal,Mid-Range,Right Side(R),16-24 ft.,17.0,174.0,-2.0,1,0,20140124,PHX,WAS
Shot Chart Detail,0021300643,32,2772,Trevor Ariza,1610612764,Washington Wizards,1,7,41,Made Shot,Layup Shot,2PT Field Goal,Restricted Area,Center(C),Less Than 8 ft.,0.0,2.0,9.0,1,1,20140124,PHX,WAS
Shot Chart Detail,0021300643,52,2772,Trevor Ariza,1610612764,Washington Wizards,1,5,2,Made Shot,Jump Shot,3PT Field Goal,Above the Break 3,Left Side Center(LC),24+ ft.,25.0,-166.0,187.0,1,1,20140124,PHX,WAS
Shot Chart Detail,0021300643,56,2772,Trevor Ariza,1610612764,Washington Wizards,1,4,28,Made Shot,Jump Shot,3PT Field Goal,Right Corner 3,Right Side(R),24+ ft.,23.0,231.0,-8.0,1,1,20140124,PHX,WAS
Shot Chart Detail,0021300643,72,2772,Trevor Ariza,1610612764,Washington Wizards,1,2,37,Missed Shot,Jump Shot,3PT Field Goal,Right Corner 3,Right Side(R),24+ ft.,23.0,230.0,31.0,1,0,20140124,PHX,WAS
Shot Chart Detail,0021300643,206,2772,Trevor Ariza,1610612764,Washington Wizards,2,2,26,Missed Shot,Jump Shot,2PT Field Goal,Mid-Range,Right Side(R),8-16 ft.,14.0,149.0,-3.0,1,0,20140124,PHX,WAS
Shot Chart Detail,0021300643,239,2772,Trevor Ariza,1610612764,Washington Wizards,2,0,0,Missed Shot,Jump Shot,3PT Field Goal,Backcourt,Back Court(BC),Back Court Shot,59.0,171.0,575.0,1,0,20140124,PHX,WAS
Shot Chart Detail,0021300643,257,2772,Trevor Ariza,1610612764,Washington Wizards,3,10,34,Made Shot,Jump Shot,3PT Field Goal,Left Corner 3,Left Side(L),24+ ft.,22.0,-229.0,-6.0,1,1,20140124,PHX,WAS
Shot Chart Detail,0021300643,273,2772,Trevor Ariza,1610612764,Washington Wizards,3,8,52,Made Shot,Dunk Shot,2PT Field Goal,Restricted Area,Center(C),Less Than 8 ft.,0.0,4.0,9.0,1,1,20140124,PHX,WAS
Shot Chart Detail,0021300643,276,2772,Trevor Ariza,1610612764,Washington Wizards,3,8,13,Missed Shot,Jump Shot,3PT Field Goal,Right Corner 3,Right Side(R),24+ ft.,23.0,226.0,72.0,1,0,20140124,PHX,WAS
Shot Chart Detail,0021300643,352,2772,Trevor Ariza,1610612764,Washington Wizards,3,2,29,Made Shot,Layup Shot,2PT Field Goal,Restricted Area,Center(C),Less Than 8 ft.,0.0,0.0,-6.0,1,1,20140124,PHX,WAS
Shot Chart Detail,0021300643,367,2772,Trevor Ariza,1610612764,Washington Wizards,3,0,47,Missed Shot,Jump Shot,3PT Field Goal,Above the Break 3,Left Side Center(LC),24+ ft.,25.0,-207.0,156.0,1,0,20140124,PHX,WAS
Shot Chart Detail,0021300643,458,2772,Trevor Ariza,1610612764,Washington Wizards,4,5,51,Missed Shot,Jump Shot,2PT Field Goal,Mid-Range,Right Side Center(RC),16-24 ft.,18.0,127.0,140.0,1,0,20140124,PHX,WAS
Shot Chart Detail,0021300643,473,2772,Trevor Ariza,1610612764,Washington Wizards,4,4,14,Missed Shot,Jump Shot,3PT Field Goal,Above the Break 3,Right Side Center(RC),24+ ft.,25.0,177.0,189.0,1,0,20140124,PHX,WAS
Shot Chart Detail,0021300652,16,2772,Trevor Ariza,1610612764,Washington Wizards,1,10,13,Made Shot,Jump Shot,2PT Field Goal,Mid-Range,Left Side Center(LC),16-24 ft.,20.0,-84.0,183.0,1,1,20140125,UTA,WAS
Shot Chart Detail,0021300652,22,2772,Trevor Ariza,1610612764,Washington Wizards,1,9,46,Made Shot,Jump Shot,3PT Field Goal,Above the Break 3,Right Side Center(RC),24+ ft.,24.0,100.0,224.0,1,1,20140125,UTA,WAS
Shot Chart Detail,0021300652,27,2772,Trevor Ariza,1610612764,Washington Wizards,1,8,26,Missed Shot,Jump Shot,3PT Field Goal,Above the Break 3,Right Side Center(RC),24+ ft.,25.0,196.0,157.0,1,0,20140125,UTA,WAS
Shot Chart Detail,0021300652,41,2772,Trevor Ariza,1610612764,Washington Wizards,1,7,11,Missed Shot,Jump Shot,2PT Field Goal,Restricted Area,Center(C),Less Than 8 ft.,3.0,2.0,36.0,1,0,20140125,UTA,WAS
Shot Chart Detail,0021300652,92,2772,Trevor Ariza,1610612764,Washington Wizards,1,2,39,Made Shot,Jump Shot,3PT Field Goal,Left Corner 3,Left Side(L),24+ ft.,23.0,-223.0,78.0,1,1,20140125,UTA,WAS
Shot Chart Detail,0021300652,94,2772,Trevor Ariza,1610612764,Washington Wizards,1,2,4,Made Shot,Jump Shot,3PT Field Goal,Left Corner 3,Left Side(L),24+ ft.,23.0,-226.0,52.0,1,1,20140125,UTA,WAS
Shot Chart Detail,0021300652,239,2772,Trevor Ariza,1610612764,Washington Wizards,3,11,23,Made Shot,Jump Shot,3PT Field Goal,Above the Break 3,Right Side Center(RC),24+ ft.,25.0,118.0,224.0,1,1,20140125,UTA,WAS
Shot Chart Detail,0021300652,241,2772,Trevor Ariza,1610612764,Washington Wizards,3,10,56,Missed Shot,Jump Shot,2PT Field Goal,Mid-Range,Left Side Center(LC),16-24 ft.,19.0,-123.0,146.0,1,0,20140125,UTA,WAS
Shot Chart Detail,0021300652,277,2772,Trevor Ariza,1610612764,Washington Wizards,3,5,48,Missed Shot,Jump Shot,3PT Field Goal,Above the Break 3,Left Side Center(LC),24+ ft.,25.0,-92.0,236.0,1,0,20140125,UTA,WAS
Shot Chart Detail,0021300652,329,2772,Trevor Ariza,1610612764,Washington Wizards,3,0,56,Made Shot,Jump Shot,2PT Field Goal,Mid-Range,Right Side Center(RC),16-24 ft.,19.0,89.0,178.0,1,1,20140125,UTA,WAS
Shot Chart Detail,0021300652,338,2772,Trevor Ariza,1610612764,Washington Wizards,3,0,4,Missed Shot,Jump Shot,3PT Field Goal,Above the Break 3,Right Side Center(RC),24+ ft.,25.0,223.0,115.0,1,0,20140125,UTA,WAS
Shot Chart Detail,0021300652,430,2772,Trevor Ariza,1610612764,Washington Wizards,4,3,24,Made Shot,Jump Shot,3PT Field Goal,Above the Break 3,Center(C),24+ ft.,24.0,43.0,241.0,1,1,20140125,UTA,WAS
Shot Chart Detail,0021300652,456,2772,Trevor Ariza,1610612764,Washington Wizards,4,0,52,Made Shot,Jump Shot,3PT Field Goal,Above the Break 3,Left Side Center(LC),24+ ft.,25.0,-105.0,230.0,1,1,20140125,UTA,WAS
Shot Chart Detail,0021300652,467,2772,Trevor Ariza,1610612764,Washington Wizards,4,0,10,Missed Shot,Jump Shot,3PT Field Goal,Above the Break 3,Right Side Center(RC),24+ ft.,24.0,84.0,231.0,1,0,20140125,UTA,WAS
Shot Chart Detail,0021300673,97,2772,Trevor Ariza,1610612764,Washington Wizards,1,3,7,Made Shot,Pullup Jump shot,2PT Field Goal,Mid-Range,Right Side Center(RC),16-24 ft.,17.0,99.0,145.0,1,1,20140128,GSW,WAS
Shot Chart Detail,0021300673,108,2772,Trevor Ariza,1610612764,Washington Wizards,1,2,14,Made Shot,Pullup Jump shot,3PT Field Goal,Right Corner 3,Right Side(R),24+ ft.,23.0,233.0,39.0,1,1,20140128,GSW,WAS
Shot Chart Detail,0021300673,131,2772,Trevor Ariza,1610612764,Washington Wizards,1,0,12,Missed Shot,Jump Shot,3PT Field Goal,Left Corner 3,Left Side(L),24+ ft.,22.0,-224.0,41.0,1,0,20140128,GSW,WAS
Shot Chart Detail,0021300673,193,2772,Trevor Ariza,1610612764,Washington Wizards,2,4,56,Missed Shot,Jump Shot,2PT Field Goal,Restricted Area,Center(C),Less Than 8 ft.,3.0,21.0,22.0,1,0,20140128,GSW,WAS
Shot Chart Detail,0021300673,201,2772,Trevor Ariza,1610612764,Washington Wizards,2,3,27,Missed Shot,Jump Shot,2PT Field Goal,In The Paint (Non-RA),Center(C),Less Than 8 ft.,4.0,-2.0,44.0,1,0,20140128,GSW,WAS
Shot Chart Detail,0021300673,203,2772,Trevor Ariza,1610612764,Washington Wizards,2,3,20,Missed Shot,Jump Shot,2PT Field Goal,Restricted Area,Center(C),Less Than 8 ft.,3.0,-21.0,25.0,1,0,20140128,GSW,WAS
Shot Chart Detail,0021300673,230,2772,Trevor Ariza,1610612764,Washington Wizards,2,1,29,Missed Shot,Layup Shot,2PT Field Goal,Restricted Area,Center(C),Less Than 8 ft.,1.0,-11.0,12.0,1,0,20140128,GSW,WAS
Shot Chart Detail,0021300673,287,2772,Trevor Ariza,1610612764,Washington Wizards,3,6,42,Missed Shot,Jump Shot,3PT Field Goal,Above the Break 3,Right Side Center(RC),24+ ft.,26.0,88.0,246.0,1,0,20140128,GSW,WAS
Shot Chart Detail,0021300673,456,2772,Trevor Ariza,1610612764,Washington Wizards,4,5,5,Made Shot,Driving Layup Shot,2PT Field Goal,Restricted Area,Center(C),Less Than 8 ft.,0.0,-2.0,9.0,1,1,20140128,GSW,WAS
Shot Chart Detail,0021300685,20,2772,Trevor Ariza,1610612764,Washington Wizards,1,10,15,Missed Shot,Jump Shot,2PT Field Goal,Mid-Range,Right Side(R),16-24 ft.,20.0,200.0,60.0,1,0,20140129,LAC,WAS
Shot Chart Detail,0021300685,28,2772,Trevor Ariza,1610612764,Washington Wizards,1,9,23,Missed Shot,Jump Shot,2PT Field Goal,Mid-Range,Center(C),16-24 ft.,18.0,-30.0,184.0,1,0,20140129,LAC,WAS
Shot Chart Detail,0021300685,55,2772,Trevor Ariza,1610612764,Washington Wizards,1,6,51,Missed Shot,Jump Shot,3PT Field Goal,Left Corner 3,Left Side(L),24+ ft.,24.0,-240.0,-5.0,1,0,20140129,LAC,WAS
Shot Chart Detail,0021300685,138,2772,Trevor Ariza,1610612764,Washington Wizards,1,0,5,Made Shot,Step Back Jump shot,2PT Field Goal,Mid-Range,Left Side(L),16-24 ft.,16.0,-169.0,3.0,1,1,20140129,LAC,WAS
Shot Chart Detail,0021300685,245,2772,Trevor Ariza,1610612764,Washington Wizards,2,4,22,Missed Shot,Jump Shot,3PT Field Goal,Above the Break 3,Left Side Center(LC),24+ ft.,24.0,-163.0,187.0,1,0,20140129,LAC,WAS
Shot Chart Detail,0021300685,249,2772,Trevor Ariza,1610612764,Washington Wizards,2,4,9,Made Shot,Tip Shot,2PT Field Goal,Restricted Area,Center(C),Less Than 8 ft.,0.0,2.0,0.0,1,1,20140129,LAC,WAS
Shot Chart Detail,0021300685,265,2772,Trevor Ariza,1610612764,Washington Wizards,2,1,56,Made Shot,Driving Reverse Layup Shot,2PT Field Goal,Restricted Area,Center(C),Less Than 8 ft.,0.0,1.0,1.0,1,1,20140129,LAC,WAS
Shot Chart Detail,0021300685,281,2772,Trevor Ariza,1610612764,Washington Wizards,2,1,10,Missed Shot,Jump Shot,2PT Field Goal,Restricted Area,Center(C),Less Than 8 ft.,3.0,31.0,-3.0,1,0,20140129,LAC,WAS
Shot Chart Detail,0021300685,315,2772,Trevor Ariza,1610612764,Washington Wizards,3,9,35,Missed Shot,Jump Shot,2PT Field Goal,Mid-Range,Right Side(R),16-24 ft.,19.0,198.0,20.0,1,0,20140129,LAC,WAS
Shot Chart Detail,0021300685,317,2772,Trevor Ariza,1610612764,Washington Wizards,3,9,35,Made Shot,Layup Shot,2PT Field Goal,Restricted Area,Center(C),Less Than 8 ft.,0.0,6.0,3.0,1,1,20140129,LAC,WAS
Shot Chart Detail,0021300685,331,2772,Trevor Ariza,1610612764,Washington Wizards,3,7,55,Made Shot,Driving Dunk Shot,2PT Field Goal,Restricted Area,Center(C),Less Than 8 ft.,0.0,0.0,-3.0,1,1,20140129,LAC,WAS
Shot Chart Detail,0021300685,334,2772,Trevor Ariza,1610612764,Washington Wizards,3,7,31,Missed Shot,Jump Shot,3PT Field Goal,Left Corner 3,Left Side(L),24+ ft.,22.0,-223.0,11.0,1,0,20140129,LAC,WAS
Shot Chart Detail,0021300685,447,2772,Trevor Ariza,1610612764,Washington Wizards,4,5,49,Missed Shot,Jump Shot,3PT Field Goal,Above the Break 3,Left Side Center(LC),24+ ft.,30.0,-128.0,274.0,1,0,20140129,LAC,WAS
Shot Chart Detail,0021300685,491,2772,Trevor Ariza,1610612764,Washington Wizards,4,2,23,Missed Shot,Jump Shot,3PT Field Goal,Above the Break 3,Right Side Center(RC),24+ ft.,24.0,207.0,137.0,1,0,20140129,LAC,WAS
Shot Chart Detail,0021300685,515,2772,Trevor Ariza,1610612764,Washington Wizards,4,1,44,Missed Shot,Jump Shot,3PT Field Goal,Above the Break 3,Center(C),24+ ft.,26.0,26.0,260.0,1,0,20140129,LAC,WAS
Shot Chart Detail,0021300685,522,2772,Trevor Ariza,1610612764,Washington Wizards,4,1,31,Made Shot,Driving Slam Dunk Shot,2PT Field Goal,Restricted Area,Center(C),Less Than 8 ft.,0.0,-2.0,-2.0,1,1,20140129,LAC,WAS
Shot Chart Detail,0021300698,6,2772,Trevor Ariza,1610612764,Washington Wizards,1,10,50,Made Shot,Layup Shot,2PT Field Goal,Restricted Area,Center(C),Less Than 8 ft.,1.0,-7.0,14.0,1,1,20140201,WAS,OKC
Shot Chart Detail,0021300698,65,2772,Trevor Ariza,1610612764,Washington Wizards,1,5,33,Made Shot,Jump Shot,3PT Field Goal,Above the Break 3,Left Side Center(LC),24+ ft.,26.0,-120.0,231.0,1,1,20140201,WAS,OKC
Shot Chart Detail,0021300698,93,2772,Trevor Ariza,1610612764,Washington Wizards,1,3,5,Missed Shot,Jump Shot,3PT Field Goal,Above the Break 3,Right Side Center(RC),24+ ft.,26.0,125.0,230.0,1,0,20140201,WAS,OKC
Shot Chart Detail,0021300698,109,2772,Trevor Ariza,1610612764,Washington Wizards,1,1,46,Made Shot,Running Layup Shot,2PT Field Goal,Restricted Area,Center(C),Less Than 8 ft.,0.0,1.0,1.0,1,1,20140201,WAS,OKC
Shot Chart Detail,0021300698,114,2772,Trevor Ariza,1610612764,Washington Wizards,1,1,17,Missed Shot,Jump Shot,3PT Field Goal,Above the Break 3,Left Side Center(LC),24+ ft.,27.0,-136.0,244.0,1,0,20140201,WAS,OKC
Shot Chart Detail,0021300698,160,2772,Trevor Ariza,1610612764,Washington Wizards,2,7,50,Missed Shot,Jump Shot,2PT Field Goal,Mid-Range,Left Side(L),8-16 ft.,13.0,-131.0,22.0,1,0,20140201,WAS,OKC
Shot Chart Detail,0021300698,185,2772,Trevor Ariza,1610612764,Washington Wizards,2,6,9,Missed Shot,Jump Shot,2PT Field Goal,In The Paint (Non-RA),Center(C),Less Than 8 ft.,4.0,-40.0,12.0,1,0,20140201,WAS,OKC
Shot Chart Detail,0021300698,233,2772,Trevor Ariza,1610612764,Washington Wizards,2,5,12,Missed Shot,Jump Shot,2PT Field Goal,In The Paint (Non-RA),Center(C),Less Than 8 ft.,4.0,-24.0,42.0,1,0,20140201,WAS,OKC
Shot Chart Detail,0021300698,216,2772,Trevor Ariza,1610612764,Washington Wizards,2,3,25,Missed Shot,Jump Shot,3PT Field Goal,Above the Break 3,Right Side Center(RC),24+ ft.,25.0,204.0,153.0,1,0,20140201,WAS,OKC
Shot Chart Detail,0021300698,237,2772,Trevor Ariza,1610612764,Washington Wizards,2,2,1,Made Shot,Driving Layup Shot,2PT Field Goal,Restricted Area,Center(C),Less Than 8 ft.,1.0,7.0,9.0,1,1,20140201,WAS,OKC
Shot Chart Detail,0021300698,357,2772,Trevor Ariza,1610612764,Washington Wizards,3,0,42,Made Shot,Jump Shot,3PT Field Goal,Above the Break 3,Left Side Center(LC),24+ ft.,26.0,-133.0,228.0,1,1,20140201,WAS,OKC
Shot Chart Detail,0021300698,361,2772,Trevor Ariza,1610612764,Washington Wizards,3,0,13,Made Shot,Driving Layup Shot,2PT Field Goal,Restricted Area,Center(C),Less Than 8 ft.,0.0,0.0,6.0,1,1,20140201,WAS,OKC
Shot Chart Detail,0021300698,388,2772,Trevor Ariza,1610612764,Washington Wizards,4,10,15,Made Shot,Jump Shot,3PT Field Goal,Above the Break 3,Left Side Center(LC),24+ ft.,26.0,-117.0,235.0,1,1,20140201,WAS,OKC
Shot Chart Detail,0021300698,408,2772,Trevor Ariza,1610612764,Washington Wizards,4,8,4,Missed Shot,Jump Shot,3PT Field Goal,Above the Break 3,Left Side Center(LC),24+ ft.,25.0,-224.0,119.0,1,0,20140201,WAS,OKC
Shot Chart Detail,0021300698,471,2772,Trevor Ariza,1610612764,Washington Wizards,4,1,33,Missed Shot,Jump Shot,2PT Field Goal,Mid-Range,Right Side(R),16-24 ft.,19.0,195.0,44.0,1,0,20140201,WAS,OKC
Shot Chart Detail,0021300711,15,2772,Trevor Ariza,1610612764,Washington Wizards,1,9,29,Missed Shot,Jump Shot,3PT Field Goal,Above the Break 3,Right Side Center(RC),24+ ft.,25.0,155.0,203.0,1,0,20140203,WAS,POR
Shot Chart Detail,0021300711,70,2772,Trevor Ariza,1610612764,Washington Wizards,1,2,58,Made Shot,Jump Shot,3PT Field Goal,Above the Break 3,Center(C),24+ ft.,25.0,12.0,257.0,1,1,20140203,WAS,POR
Shot Chart Detail,0021300711,73,2772,Trevor Ariza,1610612764,Washington Wizards,1,2,36,Made Shot,Jump Shot,3PT Field Goal,Above the Break 3,Left Side Center(LC),24+ ft.,26.0,-147.0,222.0,1,1,20140203,WAS,POR
Shot Chart Detail,0021300711,111,2772,Trevor Ariza,1610612764,Washington Wizards,2,10,15,Missed Shot,Jump Shot,3PT Field Goal,Right Corner 3,Right Side(R),24+ ft.,24.0,245.0,0.0,1,0,20140203,WAS,POR
Shot Chart Detail,0021300711,172,2772,Trevor Ariza,1610612764,Washington Wizards,2,3,43,Made Shot,Running Slam Dunk Shot,2PT Field Goal,Restricted Area,Center(C),Less Than 8 ft.,1.0,-2.0,-10.0,1,1,20140203,WAS,POR
Shot Chart Detail,0021300711,191,2772,Trevor Ariza,1610612764,Washington Wizards,2,1,43,Made Shot,Jump Shot,3PT Field Goal,Above the Break 3,Right Side Center(RC),24+ ft.,25.0,198.0,153.0,1,1,20140203,WAS,POR
Shot Chart Detail,0021300711,218,2772,Trevor Ariza,1610612764,Washington Wizards,3,11,30,Made Shot,Fadeaway Jump Shot,2PT Field Goal,Mid-Range,Left Side(L),8-16 ft.,15.0,-150.0,0.0,1,1,20140203,WAS,POR
Shot Chart Detail,0021300711,231,2772,Trevor Ariza,1610612764,Washington Wizards,3,9,21,Made Shot,Floating Jump shot,2PT Field Goal,In The Paint (Non-RA),Center(C),Less Than 8 ft.,6.0,-65.0,9.0,1,1,20140203,WAS,POR
Shot Chart Detail,0021300711,246,2772,Trevor Ariza,1610612764,Washington Wizards,3,7,59,Made Shot,Step Back Jump shot,3PT Field Goal,Above the Break 3,Right Side Center(RC),24+ ft.,25.0,201.0,164.0,1,1,20140203,WAS,POR
Shot Chart Detail,0021300711,269,2772,Trevor Ariza,1610612764,Washington Wizards,3,6,9,Missed Shot,Jump Shot,3PT Field Goal,Above the Break 3,Left Side Center(LC),24+ ft.,25.0,-171.0,187.0,1,0,20140203,WAS,POR
Shot Chart Detail,0021300711,318,2772,Trevor Ariza,1610612764,Washington Wizards,3,1,11,Missed Shot,Layup Shot,2PT Field Goal,Restricted Area,Center(C),Less Than 8 ft.,1.0,12.0,0.0,1,0,20140203,WAS,POR
Shot Chart Detail,0021300711,330,2772,Trevor Ariza,1610612764,Washington Wizards,3,0,25,Missed Shot,Layup Shot,2PT Field Goal,Restricted Area,Center(C),Less Than 8 ft.,0.0,0.0,-5.0,1,0,20140203,WAS,POR
Shot Chart Detail,0021300727,2,2772,Trevor Ariza,1610612764,Washington Wizards,1,11,42,Missed Shot,Jump Shot,3PT Field Goal,Above the Break 3,Right Side Center(RC),24+ ft.,25.0,154.0,205.0,1,0,20140205,WAS,SAS
Shot Chart Detail,0021300727,18,2772,Trevor Ariza,1610612764,Washington Wizards,1,8,57,Made Shot,Pullup Jump shot,2PT Field Goal,Mid-Range,Right Side(R),16-24 ft.,16.0,151.0,53.0,1,1,20140205,WAS,SAS
Shot Chart Detail,0021300727,37,2772,Trevor Ariza,1610612764,Washington Wizards,1,7,6,Made Shot,Jump Shot,3PT Field Goal,Above the Break 3,Left Side Center(LC),24+ ft.,25.0,-127.0,220.0,1,1,20140205,WAS,SAS
Shot Chart Detail,0021300727,93,2772,Trevor Ariza,1610612764,Washington Wizards,1,1,49,Missed Shot,Jump Shot,3PT Field Goal,Above the Break 3,Right Side Center(RC),24+ ft.,26.0,162.0,214.0,1,0,20140205,WAS,SAS
Shot Chart Detail,0021300727,107,2772,Trevor Ariza,1610612764,Washington Wizards,1,0,1,Missed Shot,Jump Shot,2PT Field Goal,Mid-Range,Right Side Center(RC),16-24 ft.,16.0,121.0,113.0,1,0,20140205,WAS,SAS
Shot Chart Detail,0021300727,215,2772,Trevor Ariza,1610612764,Washington Wizards,2,1,55,Missed Shot,Layup Shot,2PT Field Goal,Restricted Area,Center(C),Less Than 8 ft.,1.0,6.0,19.0,1,0,20140205,WAS,SAS
Shot Chart Detail,0021300727,301,2772,Trevor Ariza,1610612764,Washington Wizards,3,6,26,Made Shot,Layup Shot,2PT Field Goal,Restricted Area,Center(C),Less Than 8 ft.,0.0,-4.0,4.0,1,1,20140205,WAS,SAS
Shot Chart Detail,0021300727,327,2772,Trevor Ariza,1610612764,Washington Wizards,3,4,27,Missed Shot,Layup Shot,2PT Field Goal,Restricted Area,Center(C),Less Than 8 ft.,2.0,-15.0,14.0,1,0,20140205,WAS,SAS
Shot Chart Detail,0021300727,453,2772,Trevor Ariza,1610612764,Washington Wizards,4,5,47,Missed Shot,Jump Shot,3PT Field Goal,Left Corner 3,Left Side(L),24+ ft.,22.0,-228.0,26.0,1,0,20140205,WAS,SAS
Shot Chart Detail,0021300727,488,2772,Trevor Ariza,1610612764,Washington Wizards,4,2,40,Made Shot,Dunk Shot,2PT Field Goal,Restricted Area,Center(C),Less Than 8 ft.,1.0,2.0,-19.0,1,1,20140205,WAS,SAS
Shot Chart Detail,0021300727,523,2772,Trevor Ariza,1610612764,Washington Wizards,5,4,16,Made Shot,Fadeaway Jump Shot,2PT Field Goal,Mid-Range,Right Side(R),8-16 ft.,14.0,143.0,1.0,1,1,20140205,WAS,SAS
Shot Chart Detail,0021300727,634,2772,Trevor Ariza,1610612764,Washington Wizards,6,3,12,Missed Shot,Jump Shot,3PT Field Goal,Above the Break 3,Right Side Center(RC),24+ ft.,26.0,132.0,224.0,1,0,20140205,WAS,SAS
Shot Chart Detail,0021300742,17,2772,Trevor Ariza,1610612764,Washington Wizards,1,9,14,Made Shot,Jump Shot,2PT Field Goal,Mid-Range,Right Side(R),16-24 ft.,21.0,192.0,102.0,1,1,20140207,WAS,CLE
Shot Chart Detail,0021300742,31,2772,Trevor Ariza,1610612764,Washington Wizards,1,7,44,Made Shot,Jump Shot,3PT Field Goal,Above the Break 3,Left Side Center(LC),24+ ft.,24.0,-172.0,176.0,1,1,20140207,WAS,CLE
Shot Chart Detail,0021300742,60,2772,Trevor Ariza,1610612764,Washington Wizards,1,4,19,Made Shot,Jump Shot,2PT Field Goal,Mid-Range,Right Side(R),16-24 ft.,21.0,176.0,116.0,1,1,20140207,WAS,CLE
Shot Chart Detail,0021300742,72,2772,Trevor Ariza,1610612764,Washington Wizards,1,2,50,Made Shot,Putback Dunk Shot,2PT Field Goal,Restricted Area,Center(C),Less Than 8 ft.,1.0,-8.0,7.0,1,1,20140207,WAS,CLE
Shot Chart Detail,0021300742,229,2772,Trevor Ariza,1610612764,Washington Wizards,2,0,54,Missed Shot,Jump Shot,3PT Field Goal,Above the Break 3,Right Side Center(RC),24+ ft.,25.0,185.0,173.0,1,0,20140207,WAS,CLE
Shot Chart Detail,0021300742,245,2772,Trevor Ariza,1610612764,Washington Wizards,2,0,1,Missed Shot,Jump Shot,2PT Field Goal,Mid-Range,Right Side(R),16-24 ft.,18.0,149.0,105.0,1,0,20140207,WAS,CLE
Shot Chart Detail,0021300742,262,2772,Trevor Ariza,1610612764,Washington Wizards,3,9,11,Made Shot,Jump Shot,3PT Field Goal,Above the Break 3,Right Side Center(RC),24+ ft.,26.0,129.0,236.0,1,1,20140207,WAS,CLE
Shot Chart Detail,0021300742,431,2772,Trevor Ariza,1610612764,Washington Wizards,4,7,7,Missed Shot,Jump Shot,3PT Field Goal,Above the Break 3,Right Side Center(RC),24+ ft.,26.0,119.0,239.0,1,0,20140207,WAS,CLE
Shot Chart Detail,0021300742,453,2772,Trevor Ariza,1610612764,Washington Wizards,4,4,47,Missed Shot,Jump Shot,3PT Field Goal,Right Corner 3,Right Side(R),24+ ft.,23.0,233.0,28.0,1,0,20140207,WAS,CLE
Shot Chart Detail,0021300762,40,2772,Trevor Ariza,1610612764,Washington Wizards,1,7,25,Missed Shot,Jump Shot,3PT Field Goal,Right Corner 3,Right Side(R),24+ ft.,24.0,234.0,77.0,1,0,20140209,WAS,SAC
Shot Chart Detail,0021300762,61,2772,Trevor Ariza,1610612764,Washington Wizards,1,4,44,Missed Shot,Jump Shot,2PT Field Goal,Mid-Range,Right Side(R),16-24 ft.,20.0,179.0,93.0,1,0,20140209,WAS,SAC
Shot Chart Detail,0021300762,80,2772,Trevor Ariza,1610612764,Washington Wizards,1,1,59,Missed Shot,Layup Shot,2PT Field Goal,Restricted Area,Center(C),Less Than 8 ft.,2.0,-21.0,0.0,1,0,20140209,WAS,SAC
Shot Chart Detail,0021300762,106,2772,Trevor Ariza,1610612764,Washington Wizards,1,0,1,Missed Shot,Jump Shot,2PT Field Goal,Mid-Range,Left Side Center(LC),16-24 ft.,17.0,-130.0,113.0,1,0,20140209,WAS,SAC
Shot Chart Detail,0021300762,188,2772,Trevor Ariza,1610612764,Washington Wizards,2,4,43,Made Shot,Jump Shot,3PT Field Goal,Above the Break 3,Right Side Center(RC),24+ ft.,25.0,95.0,242.0,1,1,20140209,WAS,SAC
Shot Chart Detail,0021300762,315,2772,Trevor Ariza,1610612764,Washington Wizards,3,6,14,Made Shot,Dunk Shot,2PT Field Goal,Restricted Area,Center(C),Less Than 8 ft.,1.0,13.0,-2.0,1,1,20140209,WAS,SAC
Shot Chart Detail,0021300762,378,2772,Trevor Ariza,1610612764,Washington Wizards,3,1,15,Missed Shot,Jump Shot,2PT Field Goal,In The Paint (Non-RA),Center(C),Less Than 8 ft.,7.0,-26.0,69.0,1,0,20140209,WAS,SAC
Shot Chart Detail,0021300762,393,2772,Trevor Ariza,1610612764,Washington Wizards,3,0,35,Missed Shot,Jump Shot,2PT Field Goal,Mid-Range,Right Side Center(RC),16-24 ft.,19.0,135.0,143.0,1,0,20140209,WAS,SAC
Shot Chart Detail,0021300762,494,2772,Trevor Ariza,1610612764,Washington Wizards,4,4,26,Missed Shot,Jump Shot,3PT Field Goal,Above the Break 3,Right Side Center(RC),24+ ft.,24.0,215.0,126.0,1,0,20140209,WAS,SAC
Shot Chart Detail,0021300762,512,2772,Trevor Ariza,1610612764,Washington Wizards,4,3,11,Missed Shot,Jump Shot,3PT Field Goal,Above the Break 3,Right Side Center(RC),24+ ft.,25.0,193.0,170.0,1,0,20140209,WAS,SAC
Shot Chart Detail,0021300762,516,2772,Trevor Ariza,1610612764,Washington Wizards,4,2,40,Missed Shot,Jump Shot,2PT Field Goal,Restricted Area,Center(C),Less Than 8 ft.,3.0,29.0,9.0,1,0,20140209,WAS,SAC
Shot Chart Detail,0021300773,39,2772,Trevor Ariza,1610612764,Washington Wizards,1,6,54,Missed Shot,Jump Shot,3PT Field Goal,Left Corner 3,Left Side(L),24+ ft.,23.0,-231.0,36.0,1,0,20140211,MEM,WAS
Shot Chart Detail,0021300773,71,2772,Trevor Ariza,1610612764,Washington Wizards,1,3,20,Missed Shot,Jump Shot,3PT Field Goal,Above the Break 3,Right Side Center(RC),24+ ft.,25.0,118.0,224.0,1,0,20140211,MEM,WAS
Shot Chart Detail,0021300773,223,2772,Trevor Ariza,1610612764,Washington Wizards,2,0,0,Missed Shot,Jump Shot,3PT Field Goal,Above the Break 3,Left Side Center(LC),24+ ft.,24.0,-220.0,104.0,1,0,20140211,MEM,WAS
Shot Chart Detail,0021300773,243,2772,Trevor Ariza,1610612764,Washington Wizards,3,11,0,Made Shot,Jump Shot,2PT Field Goal,Mid-Range,Right Side Center(RC),16-24 ft.,21.0,110.0,187.0,1,1,20140211,MEM,WAS
Shot Chart Detail,0021300773,309,2772,Trevor Ariza,1610612764,Washington Wizards,3,1,46,Made Shot,Jump Shot,3PT Field Goal,Left Corner 3,Left Side(L),24+ ft.,22.0,-229.0,4.0,1,1,20140211,MEM,WAS
Shot Chart Detail,0021300773,359,2772,Trevor Ariza,1610612764,Washington Wizards,4,10,16,Missed Shot,Jump Shot,3PT Field Goal,Above the Break 3,Right Side Center(RC),24+ ft.,25.0,140.0,217.0,1,0,20140211,MEM,WAS
Shot Chart Detail,0021300773,379,2772,Trevor Ariza,1610612764,Washington Wizards,4,8,7,Missed Shot,Jump Shot,3PT Field Goal,Right Corner 3,Right Side(R),24+ ft.,22.0,226.0,-10.0,1,0,20140211,MEM,WAS
Shot Chart Detail,0021300784,31,2772,Trevor Ariza,1610612764,Washington Wizards,1,9,49,Missed Shot,Jump Shot,3PT Field Goal,Above the Break 3,Left Side Center(LC),24+ ft.,25.0,-128.0,225.0,1,0,20140212,HOU,WAS
Shot Chart Detail,0021300784,37,2772,Trevor Ariza,1610612764,Washington Wizards,1,9,8,Made Shot,Jump Shot,3PT Field Goal,Left Corner 3,Left Side(L),24+ ft.,23.0,-231.0,12.0,1,1,20140212,HOU,WAS
Shot Chart Detail,0021300784,59,2772,Trevor Ariza,1610612764,Washington Wizards,1,6,47,Made Shot,Jump Shot,3PT Field Goal,Left Corner 3,Left Side(L),24+ ft.,23.0,-231.0,12.0,1,1,20140212,HOU,WAS
Shot Chart Detail,0021300784,67,2772,Trevor Ariza,1610612764,Washington Wizards,1,5,57,Made Shot,Pullup Bank shot,2PT Field Goal,Mid-Range,Right Side(R),16-24 ft.,18.0,170.0,71.0,1,1,20140212,HOU,WAS
Shot Chart Detail,0021300784,80,2772,Trevor Ariza,1610612764,Washington Wizards,1,4,54,Missed Shot,Jump Shot,3PT Field Goal,Above the Break 3,Left Side Center(LC),24+ ft.,24.0,-136.0,205.0,1,0,20140212,HOU,WAS
Shot Chart Detail,0021300784,189,2772,Trevor Ariza,1610612764,Washington Wizards,2,6,51,Made Shot,Jump Shot,3PT Field Goal,Above the Break 3,Left Side Center(LC),24+ ft.,24.0,-138.0,200.0,1,1,20140212,HOU,WAS
Shot Chart Detail,0021300784,197,2772,Trevor Ariza,1610612764,Washington Wizards,2,5,11,Missed Shot,Turnaround Jump Shot,2PT Field Goal,Mid-Range,Left Side(L),8-16 ft.,10.0,-86.0,61.0,1,0,20140212,HOU,WAS
Shot Chart Detail,0021300784,337,2772,Trevor Ariza,1610612764,Washington Wizards,3,9,32,Made Shot,Jump Shot,3PT Field Goal,Above the Break 3,Right Side Center(RC),24+ ft.,24.0,97.0,227.0,1,1,20140212,HOU,WAS
Shot Chart Detail,0021300784,373,2772,Trevor Ariza,1610612764,Washington Wizards,3,6,37,Missed Shot,Jump Shot,2PT Field Goal,Restricted Area,Center(C),Less Than 8 ft.,3.0,26.0,25.0,1,0,20140212,HOU,WAS
Shot Chart Detail,0021300784,375,2772,Trevor Ariza,1610612764,Washington Wizards,3,6,33,Missed Shot,Layup Shot,2PT Field Goal,Restricted Area,Center(C),Less Than 8 ft.,2.0,18.0,17.0,1,0,20140212,HOU,WAS
Shot Chart Detail,0021300784,391,2772,Trevor Ariza,1610612764,Washington Wizards,3,4,55,Made Shot,Jump Shot,3PT Field Goal,Above the Break 3,Center(C),24+ ft.,25.0,48.0,252.0,1,1,20140212,HOU,WAS
Shot Chart Detail,0021300784,405,2772,Trevor Ariza,1610612764,Washington Wizards,3,3,35,Missed Shot,Turnaround Jump Shot,2PT Field Goal,In The Paint (Non-RA),Left Side(L),8-16 ft.,11.0,-68.0,91.0,1,0,20140212,HOU,WAS
Shot Chart Detail,0021300784,412,2772,Trevor Ariza,1610612764,Washington Wizards,3,3,19,Made Shot,Jump Shot,3PT Field Goal,Left Corner 3,Left Side(L),24+ ft.,23.0,-231.0,55.0,1,1,20140212,HOU,WAS
Shot Chart Detail,0021300784,415,2772,Trevor Ariza,1610612764,Washington Wizards,3,2,56,Made Shot,Jump Shot,3PT Field Goal,Above the Break 3,Center(C),24+ ft.,26.0,-26.0,265.0,1,1,20140212,HOU,WAS
Shot Chart Detail,0021300784,423,2772,Trevor Ariza,1610612764,Washington Wizards,3,2,47,Made Shot,Jump Shot,3PT Field Goal,Above the Break 3,Center(C),24+ ft.,25.0,65.0,244.0,1,1,20140212,HOU,WAS
Shot Chart Detail,0021300784,432,2772,Trevor Ariza,1610612764,Washington Wizards,3,1,35,Made Shot,Jump Shot,3PT Field Goal,Above the Break 3,Left Side Center(LC),24+ ft.,25.0,-164.0,201.0,1,1,20140212,HOU,WAS
Shot Chart Detail,0021300784,435,2772,Trevor Ariza,1610612764,Washington Wizards,3,1,1,Made Shot,Jump Shot,3PT Field Goal,Above the Break 3,Right Side Center(RC),24+ ft.,24.0,106.0,220.0,1,1,20140212,HOU,WAS
Shot Chart Detail,0021300784,470,2772,Trevor Ariza,1610612764,Washington Wizards,4,9,57,Missed Shot,Jump Shot,3PT Field Goal,Left Corner 3,Left Side(L),24+ ft.,23.0,-234.0,-6.0,1,0,20140212,HOU,WAS
Shot Chart Detail,0021300784,516,2772,Trevor Ariza,1610612764,Washington Wizards,4,5,1,Missed Shot,Pullup Jump shot,3PT Field Goal,Above the Break 3,Center(C),24+ ft.,25.0,78.0,247.0,1,0,20140212,HOU,WAS
Shot Chart Detail,0021300784,572,2772,Trevor Ariza,1610612764,Washington Wizards,4,1,11,Missed Shot,Turnaround Fadeaway shot,2PT Field Goal,In The Paint (Non-RA),Center(C),Less Than 8 ft.,6.0,-56.0,37.0,1,0,20140212,HOU,WAS
Shot Chart Detail,0021300794,36,2772,Trevor Ariza,1610612764,Washington Wizards,1,7,44,Missed Shot,Jump Shot,2PT Field Goal,Mid-Range,Left Side Center(LC),16-24 ft.,16.0,-119.0,107.0,1,0,20140218,WAS,TOR
Shot Chart Detail,0021300794,72,2772,Trevor Ariza,1610612764,Washington Wizards,1,4,24,Missed Shot,Layup Shot,2PT Field Goal,Restricted Area,Center(C),Less Than 8 ft.,0.0,4.0,7.0,1,0,20140218,WAS,TOR
Shot Chart Detail,0021300794,78,2772,Trevor Ariza,1610612764,Washington Wizards,1,3,33,Missed Shot,Jump Shot,3PT Field Goal,Above the Break 3,Right Side Center(RC),24+ ft.,25.0,105.0,233.0,1,0,20140218,WAS,TOR
Shot Chart Detail,0021300794,228,2772,Trevor Ariza,1610612764,Washington Wizards,3,11,37,Made Shot,Layup Shot,2PT Field Goal,Restricted Area,Center(C),Less Than 8 ft.,0.0,7.0,-3.0,1,1,20140218,WAS,TOR
Shot Chart Detail,0021300794,251,2772,Trevor Ariza,1610612764,Washington Wizards,3,8,55,Missed Shot,Jump Shot,3PT Field Goal,Left Corner 3,Left Side(L),24+ ft.,22.0,-226.0,9.0,1,0,20140218,WAS,TOR
Shot Chart Detail,0021300794,275,2772,Trevor Ariza,1610612764,Washington Wizards,3,6,50,Missed Shot,Layup Shot,2PT Field Goal,Restricted Area,Center(C),Less Than 8 ft.,0.0,7.0,0.0,1,0,20140218,WAS,TOR
Shot Chart Detail,0021300794,277,2772,Trevor Ariza,1610612764,Washington Wizards,3,6,47,Missed Shot,Layup Shot,2PT Field Goal,Restricted Area,Center(C),Less Than 8 ft.,1.0,10.0,-2.0,1,0,20140218,WAS,TOR
Shot Chart Detail,0021300794,323,2772,Trevor Ariza,1610612764,Washington Wizards,3,1,59,Made Shot,Running Dunk Shot,2PT Field Goal,Restricted Area,Center(C),Less Than 8 ft.,0.0,7.0,-2.0,1,1,20140218,WAS,TOR
Shot Chart Detail,0021300804,24,2772,Trevor Ariza,1610612764,Washington Wizards,1,9,27,Made Shot,Jump Shot,3PT Field Goal,Above the Break 3,Right Side Center(RC),24+ ft.,26.0,151.0,216.0,1,1,20140219,ATL,WAS
Shot Chart Detail,0021300804,29,2772,Trevor Ariza,1610612764,Washington Wizards,1,8,53,Missed Shot,Jump Shot,2PT Field Goal,Mid-Range,Left Side Center(LC),16-24 ft.,21.0,-101.0,186.0,1,0,20140219,ATL,WAS
Shot Chart Detail,0021300804,60,2772,Trevor Ariza,1610612764,Washington Wizards,1,5,21,Made Shot,Layup Shot,2PT Field Goal,Restricted Area,Center(C),Less Than 8 ft.,0.0,-2.0,7.0,1,1,20140219,ATL,WAS
Shot Chart Detail,0021300804,75,2772,Trevor Ariza,1610612764,Washington Wizards,1,4,9,Made Shot,Jump Shot,3PT Field Goal,Left Corner 3,Left Side(L),24+ ft.,24.0,-229.0,75.0,1,1,20140219,ATL,WAS
Shot Chart Detail,0021300804,106,2772,Trevor Ariza,1610612764,Washington Wizards,1,0,35,Missed Shot,Jump Shot,2PT Field Goal,Mid-Range,Right Side Center(RC),16-24 ft.,19.0,100.0,173.0,1,0,20140219,ATL,WAS
Shot Chart Detail,0021300804,181,2772,Trevor Ariza,1610612764,Washington Wizards,2,5,0,Missed Shot,Jump Shot,3PT Field Goal,Left Corner 3,Left Side(L),24+ ft.,23.0,-232.0,31.0,1,0,20140219,ATL,WAS
Shot Chart Detail,0021300804,210,2772,Trevor Ariza,1610612764,Washington Wizards,2,3,33,Missed Shot,Jump Shot,3PT Field Goal,Above the Break 3,Left Side Center(LC),24+ ft.,24.0,-160.0,186.0,1,0,20140219,ATL,WAS
Shot Chart Detail,0021300804,240,2772,Trevor Ariza,1610612764,Washington Wizards,2,1,2,Made Shot,Layup Shot,2PT Field Goal,Restricted Area,Center(C),Less Than 8 ft.,0.0,0.0,3.0,1,1,20140219,ATL,WAS
Shot Chart Detail,0021300804,277,2772,Trevor Ariza,1610612764,Washington Wizards,3,9,20,Made Shot,Jump Shot,3PT Field Goal,Above the Break 3,Right Side Center(RC),24+ ft.,24.0,187.0,159.0,1,1,20140219,ATL,WAS
Shot Chart Detail,0021300804,340,2772,Trevor Ariza,1610612764,Washington Wizards,3,3,20,Missed Shot,Jump Shot,3PT Field Goal,Above the Break 3,Right Side Center(RC),24+ ft.,24.0,144.0,200.0,1,0,20140219,ATL,WAS
Shot Chart Detail,0021300804,378,2772,Trevor Ariza,1610612764,Washington Wizards,3,0,0,Made Shot,Jump Shot,3PT Field Goal,Backcourt,Back Court(BC),Back Court Shot,69.0,-3.0,699.0,1,1,20140219,ATL,WAS
Shot Chart Detail,0021300804,452,2772,Trevor Ariza,1610612764,Washington Wizards,4,4,43,Made Shot,Jump Shot,3PT Field Goal,Above the Break 3,Left Side Center(LC),24+ ft.,24.0,-157.0,194.0,1,1,20140219,ATL,WAS
Shot Chart Detail,0021300826,7,2772,Trevor Ariza,1610612764,Washington Wizards,1,10,50,Missed Shot,Jump Shot,2PT Field Goal,Mid-Range,Right Side(R),8-16 ft.,15.0,151.0,28.0,1,0,20140222,WAS,NOP
Shot Chart Detail,0021300826,10,2772,Trevor Ariza,1610612764,Washington Wizards,1,10,31,Made Shot,Driving Bank shot,2PT Field Goal,In The Paint (Non-RA),Center(C),Less Than 8 ft.,4.0,28.0,31.0,1,1,20140222,WAS,NOP
Shot Chart Detail,0021300826,20,2772,Trevor Ariza,1610612764,Washington Wizards,1,8,30,Made Shot,Driving Layup Shot,2PT Field Goal,Restricted Area,Center(C),Less Than 8 ft.,0.0,4.0,4.0,1,1,20140222,WAS,NOP
Shot Chart Detail,0021300826,352,2772,Trevor Ariza,1610612764,Washington Wizards,3,1,31,Missed Shot,Jump Shot,3PT Field Goal,Above the Break 3,Left Side Center(LC),24+ ft.,25.0,-142.0,213.0,1,0,20140222,WAS,NOP
Shot Chart Detail,0021300826,494,2772,Trevor Ariza,1610612764,Washington Wizards,4,1,24,Missed Shot,Jump Shot,2PT Field Goal,In The Paint (Non-RA),Center(C),Less Than 8 ft.,5.0,-7.0,55.0,1,0,20140222,WAS,NOP
Shot Chart Detail,0021300835,6,2772,Trevor Ariza,1610612764,Washington Wizards,1,11,29,Made Shot,Dunk Shot,2PT Field Goal,Restricted Area,Center(C),Less Than 8 ft.,1.0,13.0,0.0,1,1,20140223,CLE,WAS
Shot Chart Detail,0021300835,33,2772,Trevor Ariza,1610612764,Washington Wizards,1,8,31,Missed Shot,Jump Shot,3PT Field Goal,Right Corner 3,Right Side(R),24+ ft.,24.0,230.0,83.0,1,0,20140223,CLE,WAS
Shot Chart Detail,0021300835,67,2772,Trevor Ariza,1610612764,Washington Wizards,1,5,21,Made Shot,Jump Shot,3PT Field Goal,Right Corner 3,Right Side(R),24+ ft.,23.0,234.0,23.0,1,1,20140223,CLE,WAS
Shot Chart Detail,0021300835,69,2772,Trevor Ariza,1610612764,Washington Wizards,1,5,4,Made Shot,Dunk Shot,2PT Field Goal,Restricted Area,Center(C),Less Than 8 ft.,0.0,6.0,0.0,1,1,20140223,CLE,WAS
Shot Chart Detail,0021300835,225,2772,Trevor Ariza,1610612764,Washington Wizards,2,2,46,Made Shot,Jump Shot,2PT Field Goal,Mid-Range,Left Side(L),16-24 ft.,20.0,-209.0,1.0,1,1,20140223,CLE,WAS
Shot Chart Detail,0021300835,283,2772,Trevor Ariza,1610612764,Washington Wizards,3,7,54,Made Shot,Jump Shot,3PT Field Goal,Above the Break 3,Left Side Center(LC),24+ ft.,25.0,-221.0,123.0,1,1,20140223,CLE,WAS
Shot Chart Detail,0021300835,305,2772,Trevor Ariza,1610612764,Washington Wizards,3,5,55,Missed Shot,Jump Shot,3PT Field Goal,Above the Break 3,Right Side Center(RC),24+ ft.,24.0,99.0,228.0,1,0,20140223,CLE,WAS
Shot Chart Detail,0021300835,307,2772,Trevor Ariza,1610612764,Washington Wizards,3,5,39,Missed Shot,Jump Shot,3PT Field Goal,Right Corner 3,Right Side(R),24+ ft.,23.0,237.0,6.0,1,0,20140223,CLE,WAS
Shot Chart Detail,0021300835,315,2772,Trevor Ariza,1610612764,Washington Wizards,3,5,0,Missed Shot,Jump Shot,2PT Field Goal,Mid-Range,Left Side(L),16-24 ft.,18.0,-179.0,63.0,1,0,20140223,CLE,WAS
Shot Chart Detail,0021300835,500,2772,Trevor Ariza,1610612764,Washington Wizards,4,1,4,Made Shot,Jump Shot,3PT Field Goal,Left Corner 3,Left Side(L),24+ ft.,23.0,-237.0,12.0,1,1,20140223,CLE,WAS
Shot Chart Detail,0021300848,12,2772,Trevor Ariza,1610612764,Washington Wizards,1,9,59,Made Shot,Running Layup Shot,2PT Field Goal,Restricted Area,Center(C),Less Than 8 ft.,1.0,10.0,6.0,1,1,20140225,WAS,ORL
Shot Chart Detail,0021300848,22,2772,Trevor Ariza,1610612764,Washington Wizards,1,9,6,Missed Shot,Jump Shot,2PT Field Goal,Mid-Range,Right Side(R),8-16 ft.,14.0,89.0,116.0,1,0,20140225,WAS,ORL
Shot Chart Detail,0021300848,120,2772,Trevor Ariza,1610612764,Washington Wizards,1,0,40,Made Shot,Jump Shot,3PT Field Goal,Right Corner 3,Right Side(R),24+ ft.,23.0,230.0,20.0,1,1,20140225,WAS,ORL
Shot Chart Detail,0021300848,231,2772,Trevor Ariza,1610612764,Washington Wizards,2,1,46,Missed Shot,Jump Shot,2PT Field Goal,In The Paint (Non-RA),Right Side(R),8-16 ft.,8.0,75.0,34.0,1,0,20140225,WAS,ORL
Shot Chart Detail,0021300848,263,2772,Trevor Ariza,1610612764,Washington Wizards,3,10,22,Missed Shot,Jump Shot,2PT Field Goal,Mid-Range,Right Side Center(RC),16-24 ft.,21.0,141.0,157.0,1,0,20140225,WAS,ORL
Shot Chart Detail,0021300848,267,2772,Trevor Ariza,1610612764,Washington Wizards,3,10,4,Made Shot,Jump Shot,3PT Field Goal,Above the Break 3,Right Side Center(RC),24+ ft.,25.0,143.0,213.0,1,1,20140225,WAS,ORL
Shot Chart Detail,0021300848,292,2772,Trevor Ariza,1610612764,Washington Wizards,3,7,17,Made Shot,Jump Shot,3PT Field Goal,Above the Break 3,Left Side Center(LC),24+ ft.,25.0,-136.0,213.0,1,1,20140225,WAS,ORL
Shot Chart Detail,0021300848,301,2772,Trevor Ariza,1610612764,Washington Wizards,3,5,43,Made Shot,Jump Shot,3PT Field Goal,Right Corner 3,Right Side(R),24+ ft.,23.0,236.0,25.0,1,1,20140225,WAS,ORL
Shot Chart Detail,0021300848,349,2772,Trevor Ariza,1610612764,Washington Wizards,3,0,27,Made Shot,Turnaround Jump Shot,2PT Field Goal,Mid-Range,Right Side(R),16-24 ft.,21.0,209.0,33.0,1,1,20140225,WAS,ORL
Shot Chart Detail,0021300848,438,2772,Trevor Ariza,1610612764,Washington Wizards,4,4,46,Made Shot,Jump Shot,3PT Field Goal,Above the Break 3,Right Side Center(RC),24+ ft.,26.0,144.0,220.0,1,1,20140225,WAS,ORL
Shot Chart Detail,0021300864,33,2772,Trevor Ariza,1610612764,Washington Wizards,1,8,9,Made Shot,Jump Shot,3PT Field Goal,Above the Break 3,Left Side Center(LC),24+ ft.,24.0,-123.0,209.0,1,1,20140227,TOR,WAS
Shot Chart Detail,0021300864,45,2772,Trevor Ariza,1610612764,Washington Wizards,1,6,36,Made Shot,Jump Shot,3PT Field Goal,Above the Break 3,Left Side Center(LC),24+ ft.,24.0,-138.0,200.0,1,1,20140227,TOR,WAS
Shot Chart Detail,0021300864,60,2772,Trevor Ariza,1610612764,Washington Wizards,1,5,17,Missed Shot,Pullup Jump shot,2PT Field Goal,Mid-Range,Center(C),16-24 ft.,18.0,17.0,183.0,1,0,20140227,TOR,WAS
Shot Chart Detail,0021300864,221,2772,Trevor Ariza,1610612764,Washington Wizards,2,4,27,Missed Shot,Tip Shot,2PT Field Goal,In The Paint (Non-RA),Center(C),Less Than 8 ft.,4.0,-41.0,9.0,1,0,20140227,TOR,WAS
Shot Chart Detail,0021300864,223,2772,Trevor Ariza,1610612764,Washington Wizards,2,4,25,Made Shot,Layup Shot,2PT Field Goal,Restricted Area,Center(C),Less Than 8 ft.,1.0,0.0,-14.0,1,1,20140227,TOR,WAS
Shot Chart Detail,0021300864,231,2772,Trevor Ariza,1610612764,Washington Wizards,2,3,55,Missed Shot,Jump Shot,3PT Field Goal,Left Corner 3,Left Side(L),24+ ft.,23.0,-231.0,11.0,1,0,20140227,TOR,WAS
Shot Chart Detail,0021300864,238,2772,Trevor Ariza,1610612764,Washington Wizards,2,2,42,Missed Shot,Jump Shot,2PT Field Goal,Mid-Range,Right Side(R),8-16 ft.,15.0,149.0,30.0,1,0,20140227,TOR,WAS
Shot Chart Detail,0021300864,300,2772,Trevor Ariza,1610612764,Washington Wizards,3,11,17,Missed Shot,Jump Shot,3PT Field Goal,Above the Break 3,Right Side Center(RC),24+ ft.,24.0,226.0,96.0,1,0,20140227,TOR,WAS
Shot Chart Detail,0021300864,386,2772,Trevor Ariza,1610612764,Washington Wizards,3,3,1,Made Shot,Driving Layup Shot,2PT Field Goal,Restricted Area,Center(C),Less Than 8 ft.,0.0,-5.0,3.0,1,1,20140227,TOR,WAS
Shot Chart Detail,0021300864,493,2772,Trevor Ariza,1610612764,Washington Wizards,4,6,57,Made Shot,Layup Shot,2PT Field Goal,Restricted Area,Center(C),Less Than 8 ft.,2.0,26.0,11.0,1,1,20140227,TOR,WAS
Shot Chart Detail,0021300864,574,2772,Trevor Ariza,1610612764,Washington Wizards,5,4,47,Missed Shot,Jump Shot,3PT Field Goal,Right Corner 3,Right Side(R),24+ ft.,23.0,228.0,58.0,1,0,20140227,TOR,WAS
Shot Chart Detail,0021300864,754,2772,Trevor Ariza,1610612764,Washington Wizards,7,1,20,Made Shot,Running Layup Shot,2PT Field Goal,Restricted Area,Center(C),Less Than 8 ft.,0.0,0.0,1.0,1,1,20140227,TOR,WAS
Shot Chart Detail,0021300875,4,2772,Trevor Ariza,1610612764,Washington Wizards,1,11,17,Missed Shot,Jump Shot,2PT Field Goal,Mid-Range,Center(C),16-24 ft.,17.0,1.0,170.0,1,0,20140301,PHI,WAS
Shot Chart Detail,0021300875,10,2772,Trevor Ariza,1610612764,Washington Wizards,1,10,47,Made Shot,Jump Shot,3PT Field Goal,Right Corner 3,Right Side(R),24+ ft.,23.0,234.0,7.0,1,1,20140301,PHI,WAS
Shot Chart Detail,0021300875,13,2772,Trevor Ariza,1610612764,Washington Wizards,1,10,23,Made Shot,Jump Shot,3PT Field Goal,Above the Break 3,Left Side Center(LC),24+ ft.,25.0,-194.0,164.0,1,1,20140301,PHI,WAS
Shot Chart Detail,0021300875,29,2772,Trevor Ariza,1610612764,Washington Wizards,1,8,42,Made Shot,Jump Shot,3PT Field Goal,Right Corner 3,Right Side(R),24+ ft.,22.0,225.0,22.0,1,1,20140301,PHI,WAS
Shot Chart Detail,0021300875,51,2772,Trevor Ariza,1610612764,Washington Wizards,1,6,15,Made Shot,Jump Shot,3PT Field Goal,Right Corner 3,Right Side(R),24+ ft.,22.0,223.0,15.0,1,1,20140301,PHI,WAS
Shot Chart Detail,0021300875,56,2772,Trevor Ariza,1610612764,Washington Wizards,1,5,29,Made Shot,Jump Shot,3PT Field Goal,Right Corner 3,Right Side(R),24+ ft.,22.0,228.0,30.0,1,1,20140301,PHI,WAS
Shot Chart Detail,0021300875,72,2772,Trevor Ariza,1610612764,Washington Wizards,1,4,16,Made Shot,Layup Shot,2PT Field Goal,Restricted Area,Center(C),Less Than 8 ft.,1.0,-2.0,19.0,1,1,20140301,PHI,WAS
Shot Chart Detail,0021300875,91,2772,Trevor Ariza,1610612764,Washington Wizards,1,2,44,Made Shot,Jump Shot,3PT Field Goal,Above the Break 3,Center(C),24+ ft.,24.0,-43.0,246.0,1,1,20140301,PHI,WAS
Shot Chart Detail,0021300875,115,2772,Trevor Ariza,1610612764,Washington Wizards,1,0,48,Made Shot,Dunk Shot,2PT Field Goal,Restricted Area,Center(C),Less Than 8 ft.,0.0,-2.0,-8.0,1,1,20140301,PHI,WAS
Shot Chart Detail,0021300875,129,2772,Trevor Ariza,1610612764,Washington Wizards,1,0,0,Made Shot,Driving Bank shot,2PT Field Goal,Mid-Range,Right Side(R),8-16 ft.,9.0,83.0,48.0,1,1,20140301,PHI,WAS
Shot Chart Detail,0021300875,246,2772,Trevor Ariza,1610612764,Washington Wizards,2,4,10,Missed Shot,Layup Shot,2PT Field Goal,Restricted Area,Center(C),Less Than 8 ft.,2.0,-15.0,19.0,1,0,20140301,PHI,WAS
Shot Chart Detail,0021300875,272,2772,Trevor Ariza,1610612764,Washington Wizards,2,2,7,Made Shot,Pullup Jump shot,3PT Field Goal,Left Corner 3,Left Side(L),24+ ft.,24.0,-242.0,-3.0,1,1,20140301,PHI,WAS
Shot Chart Detail,0021300875,325,2772,Trevor Ariza,1610612764,Washington Wizards,3,9,30,Made Shot,Jump Shot,3PT Field Goal,Above the Break 3,Left Side Center(LC),24+ ft.,24.0,-210.0,129.0,1,1,20140301,PHI,WAS
Shot Chart Detail,0021300875,329,2772,Trevor Ariza,1610612764,Washington Wizards,3,8,10,Missed Shot,Jump Shot,3PT Field Goal,Above the Break 3,Right Side Center(RC),24+ ft.,25.0,195.0,170.0,1,0,20140301,PHI,WAS
Shot Chart Detail,0021300875,344,2772,Trevor Ariza,1610612764,Washington Wizards,3,6,22,Missed Shot,Jump Shot,3PT Field Goal,Above the Break 3,Right Side Center(RC),24+ ft.,24.0,144.0,201.0,1,0,20140301,PHI,WAS
Shot Chart Detail,0021300875,402,2772,Trevor Ariza,1610612764,Washington Wizards,3,1,27,Missed Shot,Jump Shot,3PT Field Goal,Left Corner 3,Left Side(L),24+ ft.,23.0,-235.0,-19.0,1,0,20140301,PHI,WAS
Shot Chart Detail,0021300875,411,2772,Trevor Ariza,1610612764,Washington Wizards,3,1,3,Made Shot,Dunk Shot,2PT Field Goal,Restricted Area,Center(C),Less Than 8 ft.,0.0,-2.0,0.0,1,1,20140301,PHI,WAS
Shot Chart Detail,0021300875,416,2772,Trevor Ariza,1610612764,Washington Wizards,3,0,30,Made Shot,Layup Shot,2PT Field Goal,Restricted Area,Center(C),Less Than 8 ft.,0.0,-8.0,4.0,1,1,20140301,PHI,WAS
Shot Chart Detail,0021300875,512,2772,Trevor Ariza,1610612764,Washington Wizards,4,5,39,Missed Shot,Jump Shot,3PT Field Goal,Above the Break 3,Left Side Center(LC),24+ ft.,25.0,-187.0,173.0,1,0,20140301,PHI,WAS
Shot Chart Detail,0021300875,520,2772,Trevor Ariza,1610612764,Washington Wizards,4,4,45,Missed Shot,Layup Shot,2PT Field Goal,Restricted Area,Center(C),Less Than 8 ft.,2.0,9.0,19.0,1,0,20140301,PHI,WAS
Shot Chart Detail,0021300875,524,2772,Trevor Ariza,1610612764,Washington Wizards,4,4,30,Missed Shot,Layup Shot,2PT Field Goal,Restricted Area,Center(C),Less Than 8 ft.,1.0,-8.0,6.0,1,0,20140301,PHI,WAS
Shot Chart Detail,0021300875,526,2772,Trevor Ariza,1610612764,Washington Wizards,4,4,27,Made Shot,Layup Shot,2PT Field Goal,Restricted Area,Center(C),Less Than 8 ft.,1.0,-11.0,14.0,1,1,20140301,PHI,WAS
Shot Chart Detail,0021300875,536,2772,Trevor Ariza,1610612764,Washington Wizards,4,3,19,Missed Shot,Jump Shot,2PT Field Goal,Mid-Range,Left Side(L),16-24 ft.,19.0,-187.0,58.0,1,0,20140301,PHI,WAS
Shot Chart Detail,0021300890,4,2772,Trevor Ariza,1610612764,Washington Wizards,1,11,32,Missed Shot,Jump Shot,3PT Field Goal,Above the Break 3,Left Side Center(LC),24+ ft.,27.0,-120.0,250.0,1,0,20140303,WAS,MEM
Shot Chart Detail,0021300890,28,2772,Trevor Ariza,1610612764,Washington Wizards,1,8,40,Made Shot,Jump Shot,3PT Field Goal,Left Corner 3,Left Side(L),24+ ft.,23.0,-231.0,20.0,1,1,20140303,WAS,MEM
Shot Chart Detail,0021300890,42,2772,Trevor Ariza,1610612764,Washington Wizards,1,7,45,Missed Shot,Jump Shot,2PT Field Goal,Mid-Range,Left Side Center(LC),16-24 ft.,22.0,-136.0,175.0,1,0,20140303,WAS,MEM
Shot Chart Detail,0021300890,90,2772,Trevor Ariza,1610612764,Washington Wizards,1,2,26,Made Shot,Jump Shot,3PT Field Goal,Above the Break 3,Left Side Center(LC),24+ ft.,24.0,-155.0,192.0,1,1,20140303,WAS,MEM
Shot Chart Detail,0021300890,226,2772,Trevor Ariza,1610612764,Washington Wizards,2,2,20,Made Shot,Driving Slam Dunk Shot,2PT Field Goal,Restricted Area,Center(C),Less Than 8 ft.,0.0,1.0,0.0,1,1,20140303,WAS,MEM
Shot Chart Detail,0021300890,235,2772,Trevor Ariza,1610612764,Washington Wizards,2,0,57,Made Shot,Jump Shot,3PT Field Goal,Above the Break 3,Left Side Center(LC),24+ ft.,26.0,-193.0,186.0,1,1,20140303,WAS,MEM
Shot Chart Detail,0021300890,280,2772,Trevor Ariza,1610612764,Washington Wizards,3,8,11,Missed Shot,Jump Shot,2PT Field Goal,Mid-Range,Right Side Center(RC),16-24 ft.,17.0,130.0,119.0,1,0,20140303,WAS,MEM
Shot Chart Detail,0021300890,465,2772,Trevor Ariza,1610612764,Washington Wizards,4,3,5,Made Shot,Fadeaway Jump Shot,3PT Field Goal,Above the Break 3,Right Side Center(RC),24+ ft.,24.0,184.0,168.0,1,1,20140303,WAS,MEM
Shot Chart Detail,0021300890,536,2772,Trevor Ariza,1610612764,Washington Wizards,4,0,1,Missed Shot,Jump Shot,3PT Field Goal,Above the Break 3,Center(C),24+ ft.,25.0,-27.0,254.0,1,0,20140303,WAS,MEM
Shot Chart Detail,0021300906,15,2772,Trevor Ariza,1610612764,Washington Wizards,1,10,7,Missed Shot,Layup Shot,2PT Field Goal,Restricted Area,Center(C),Less Than 8 ft.,2.0,21.0,15.0,1,0,20140305,WAS,UTA
Shot Chart Detail,0021300906,55,2772,Trevor Ariza,1610612764,Washington Wizards,1,6,34,Made Shot,Dunk Shot,2PT Field Goal,Restricted Area,Center(C),Less Than 8 ft.,2.0,21.0,6.0,1,1,20140305,WAS,UTA
Shot Chart Detail,0021300906,59,2772,Trevor Ariza,1610612764,Washington Wizards,1,5,50,Made Shot,Jump Shot,3PT Field Goal,Above the Break 3,Right Side Center(RC),24+ ft.,24.0,176.0,176.0,1,1,20140305,WAS,UTA
Shot Chart Detail,0021300906,73,2772,Trevor Ariza,1610612764,Washington Wizards,1,4,6,Made Shot,Jump Shot,3PT Field Goal,Above the Break 3,Left Side Center(LC),24+ ft.,26.0,-101.0,241.0,1,1,20140305,WAS,UTA
Shot Chart Detail,0021300906,93,2772,Trevor Ariza,1610612764,Washington Wizards,1,1,14,Missed Shot,Jump Shot,2PT Field Goal,Mid-Range,Right Side(R),16-24 ft.,21.0,211.0,53.0,1,0,20140305,WAS,UTA
Shot Chart Detail,0021300906,103,2772,Trevor Ariza,1610612764,Washington Wizards,1,0,23,Made Shot,Jump Shot,2PT Field Goal,Mid-Range,Center(C),16-24 ft.,19.0,40.0,187.0,1,1,20140305,WAS,UTA
Shot Chart Detail,0021300906,182,2772,Trevor Ariza,1610612764,Washington Wizards,2,4,0,Missed Shot,Jump Shot,3PT Field Goal,Above the Break 3,Left Side Center(LC),24+ ft.,25.0,-114.0,224.0,1,0,20140305,WAS,UTA
Shot Chart Detail,0021300906,186,2772,Trevor Ariza,1610612764,Washington Wizards,2,3,37,Made Shot,Running Layup Shot,2PT Field Goal,Restricted Area,Center(C),Less Than 8 ft.,0.0,0.0,-6.0,1,1,20140305,WAS,UTA
Shot Chart Detail,0021300906,270,2772,Trevor Ariza,1610612764,Washington Wizards,3,7,3,Missed Shot,Jump Shot,3PT Field Goal,Above the Break 3,Center(C),24+ ft.,26.0,6.0,260.0,1,0,20140305,WAS,UTA
Shot Chart Detail,0021300906,274,2772,Trevor Ariza,1610612764,Washington Wizards,3,6,40,Made Shot,Fadeaway Bank shot,2PT Field Goal,Mid-Range,Left Side(L),8-16 ft.,11.0,-101.0,50.0,1,1,20140305,WAS,UTA
Shot Chart Detail,0021300906,286,2772,Trevor Ariza,1610612764,Washington Wizards,3,4,51,Missed Shot,Jump Shot,2PT Field Goal,Mid-Range,Left Side(L),8-16 ft.,14.0,-139.0,34.0,1,0,20140305,WAS,UTA
Shot Chart Detail,0021300906,330,2772,Trevor Ariza,1610612764,Washington Wizards,3,1,59,Made Shot,Jump Shot,3PT Field Goal,Above the Break 3,Left Side Center(LC),24+ ft.,25.0,-166.0,198.0,1,1,20140305,WAS,UTA
Shot Chart Detail,0021300906,422,2772,Trevor Ariza,1610612764,Washington Wizards,4,4,11,Made Shot,Jump Shot,3PT Field Goal,Above the Break 3,Right Side Center(RC),24+ ft.,26.0,204.0,164.0,1,1,20140305,WAS,UTA
Shot Chart Detail,0021300906,440,2772,Trevor Ariza,1610612764,Washington Wizards,4,2,0,Made Shot,Tip Shot,2PT Field Goal,Restricted Area,Center(C),Less Than 8 ft.,0.0,9.0,4.0,1,1,20140305,WAS,UTA
Shot Chart Detail,0021300931,4,2772,Trevor Ariza,1610612764,Washington Wizards,1,11,37,Made Shot,Jump Shot,3PT Field Goal,Right Corner 3,Right Side(R),24+ ft.,22.0,225.0,-3.0,1,1,20140308,MIL,WAS
Shot Chart Detail,0021300931,8,2772,Trevor Ariza,1610612764,Washington Wizards,1,10,52,Made Shot,Jump Shot,3PT Field Goal,Above the Break 3,Right Side Center(RC),24+ ft.,25.0,211.0,135.0,1,1,20140308,MIL,WAS
Shot Chart Detail,0021300931,14,2772,Trevor Ariza,1610612764,Washington Wizards,1,9,49,Missed Shot,Jump Shot,2PT Field Goal,Mid-Range,Left Side Center(LC),16-24 ft.,19.0,-127.0,146.0,1,0,20140308,MIL,WAS
Shot Chart Detail,0021300931,71,2772,Trevor Ariza,1610612764,Washington Wizards,1,5,7,Made Shot,Layup Shot,2PT Field Goal,Restricted Area,Center(C),Less Than 8 ft.,0.0,-2.0,-6.0,1,1,20140308,MIL,WAS
Shot Chart Detail,0021300931,91,2772,Trevor Ariza,1610612764,Washington Wizards,1,2,26,Made Shot,Jump Shot,3PT Field Goal,Above the Break 3,Right Side Center(RC),24+ ft.,24.0,212.0,131.0,1,1,20140308,MIL,WAS
Shot Chart Detail,0021300931,100,2772,Trevor Ariza,1610612764,Washington Wizards,1,1,52,Made Shot,Layup Shot,2PT Field Goal,Restricted Area,Center(C),Less Than 8 ft.,0.0,-7.0,-3.0,1,1,20140308,MIL,WAS
Shot Chart Detail,0021300931,102,2772,Trevor Ariza,1610612764,Washington Wizards,1,1,16,Missed Shot,Jump Shot,3PT Field Goal,Left Corner 3,Left Side(L),24+ ft.,24.0,-242.0,-11.0,1,0,20140308,MIL,WAS
Shot Chart Detail,0021300931,110,2772,Trevor Ariza,1610612764,Washington Wizards,1,0,30,Made Shot,Layup Shot,2PT Field Goal,Restricted Area,Center(C),Less Than 8 ft.,0.0,-8.0,0.0,1,1,20140308,MIL,WAS
Shot Chart Detail,0021300931,184,2772,Trevor Ariza,1610612764,Washington Wizards,2,4,14,Made Shot,Jump Shot,3PT Field Goal,Right Corner 3,Right Side(R),24+ ft.,22.0,225.0,-5.0,1,1,20140308,MIL,WAS
Shot Chart Detail,0021300931,303,2772,Trevor Ariza,1610612764,Washington Wizards,3,4,57,Made Shot,Layup Shot,2PT Field Goal,Restricted Area,Center(C),Less Than 8 ft.,0.0,1.0,1.0,1,1,20140308,MIL,WAS
Shot Chart Detail,0021300931,432,2772,Trevor Ariza,1610612764,Washington Wizards,4,6,2,Made Shot,Jump Shot,3PT Field Goal,Above the Break 3,Right Side Center(RC),24+ ft.,24.0,176.0,176.0,1,1,20140308,MIL,WAS
Shot Chart Detail,0021300931,471,2772,Trevor Ariza,1610612764,Washington Wizards,4,2,33,Missed Shot,Jump Shot,3PT Field Goal,Above the Break 3,Left Side Center(LC),24+ ft.,26.0,-205.0,164.0,1,0,20140308,MIL,WAS
Shot Chart Detail,0021300945,19,2772,Trevor Ariza,1610612764,Washington Wizards,1,9,50,Missed Shot,Jump Shot,3PT Field Goal,Above the Break 3,Right Side Center(RC),24+ ft.,25.0,182.0,181.0,1,0,20140310,MIA,WAS
Shot Chart Detail,0021300945,22,2772,Trevor Ariza,1610612764,Washington Wizards,1,9,23,Missed Shot,Jump Shot,2PT Field Goal,Restricted Area,Center(C),Less Than 8 ft.,3.0,-21.0,33.0,1,0,20140310,MIA,WAS
Shot Chart Detail,0021300945,35,2772,Trevor Ariza,1610612764,Washington Wizards,1,6,54,Missed Shot,Jump Shot,3PT Field Goal,Above the Break 3,Right Side Center(RC),24+ ft.,24.0,193.0,157.0,1,0,20140310,MIA,WAS
Shot Chart Detail,0021300945,61,2772,Trevor Ariza,1610612764,Washington Wizards,1,4,58,Missed Shot,Jump Shot,2PT Field Goal,Mid-Range,Right Side(R),8-16 ft.,8.0,89.0,6.0,1,0,20140310,MIA,WAS
Shot Chart Detail,0021300945,64,2772,Trevor Ariza,1610612764,Washington Wizards,1,4,29,Missed Shot,Jump Shot,3PT Field Goal,Above the Break 3,Left Side Center(LC),24+ ft.,24.0,-179.0,165.0,1,0,20140310,MIA,WAS
Shot Chart Detail,0021300945,77,2772,Trevor Ariza,1610612764,Washington Wizards,1,3,10,Missed Shot,Driving Layup Shot,2PT Field Goal,Restricted Area,Center(C),Less Than 8 ft.,1.0,10.0,17.0,1,0,20140310,MIA,WAS
Shot Chart Detail,0021300945,83,2772,Trevor Ariza,1610612764,Washington Wizards,1,2,44,Made Shot,Layup Shot,2PT Field Goal,Restricted Area,Center(C),Less Than 8 ft.,0.0,6.0,6.0,1,1,20140310,MIA,WAS
Shot Chart Detail,0021300945,193,2772,Trevor Ariza,1610612764,Washington Wizards,2,4,9,Missed Shot,Jump Shot,3PT Field Goal,Left Corner 3,Left Side(L),24+ ft.,22.0,-228.0,26.0,1,0,20140310,MIA,WAS
Shot Chart Detail,0021300945,287,2772,Trevor Ariza,1610612764,Washington Wizards,3,7,1,Missed Shot,Jump Shot,3PT Field Goal,Above the Break 3,Right Side Center(RC),24+ ft.,25.0,185.0,181.0,1,0,20140310,MIA,WAS
Shot Chart Detail,0021300945,328,2772,Trevor Ariza,1610612764,Washington Wizards,3,2,33,Made Shot,Jump Shot,3PT Field Goal,Above the Break 3,Left Side Center(LC),24+ ft.,24.0,-174.0,175.0,1,1,20140310,MIA,WAS
Shot Chart Detail,0021300945,330,2772,Trevor Ariza,1610612764,Washington Wizards,3,2,4,Missed Shot,Jump Shot,3PT Field Goal,Above the Break 3,Right Side Center(RC),24+ ft.,25.0,182.0,175.0,1,0,20140310,MIA,WAS
Shot Chart Detail,0021300961,4,2772,Trevor Ariza,1610612764,Washington Wizards,1,11,16,Made Shot,Jump Shot,3PT Field Goal,Above the Break 3,Right Side Center(RC),24+ ft.,25.0,162.0,203.0,1,1,20140312,WAS,CHA
Shot Chart Detail,0021300961,54,2772,Trevor Ariza,1610612764,Washington Wizards,1,4,11,Missed Shot,Jump Shot,2PT Field Goal,In The Paint (Non-RA),Center(C),8-16 ft.,14.0,64.0,129.0,1,0,20140312,WAS,CHA
Shot Chart Detail,0021300961,62,2772,Trevor Ariza,1610612764,Washington Wizards,1,3,29,Made Shot,Layup Shot,2PT Field Goal,Restricted Area,Center(C),Less Than 8 ft.,0.0,-7.0,3.0,1,1,20140312,WAS,CHA
Shot Chart Detail,0021300961,89,2772,Trevor Ariza,1610612764,Washington Wizards,1,0,34,Made Shot,Running Dunk Shot,2PT Field Goal,Restricted Area,Center(C),Less Than 8 ft.,1.0,-10.0,12.0,1,1,20140312,WAS,CHA
Shot Chart Detail,0021300961,182,2772,Trevor Ariza,1610612764,Washington Wizards,2,3,41,Missed Shot,Jump Shot,3PT Field Goal,Above the Break 3,Center(C),24+ ft.,26.0,73.0,254.0,1,0,20140312,WAS,CHA
Shot Chart Detail,0021300961,192,2772,Trevor Ariza,1610612764,Washington Wizards,2,2,56,Missed Shot,Jump Shot,3PT Field Goal,Above the Break 3,Left Side Center(LC),24+ ft.,26.0,-125.0,230.0,1,0,20140312,WAS,CHA
Shot Chart Detail,0021300961,324,2772,Trevor Ariza,1610612764,Washington Wizards,3,2,8,Missed Shot,Jump Shot,3PT Field Goal,Above the Break 3,Right Side Center(RC),24+ ft.,25.0,192.0,170.0,1,0,20140312,WAS,CHA
Shot Chart Detail,0021300961,424,2772,Trevor Ariza,1610612764,Washington Wizards,4,5,36,Missed Shot,Jump Shot,3PT Field Goal,Right Corner 3,Right Side(R),24+ ft.,23.0,234.0,53.0,1,0,20140312,WAS,CHA
Shot Chart Detail,0021300961,466,2772,Trevor Ariza,1610612764,Washington Wizards,4,2,32,Missed Shot,Jump Shot,3PT Field Goal,Above the Break 3,Left Side Center(LC),24+ ft.,25.0,-183.0,178.0,1,0,20140312,WAS,CHA
Shot Chart Detail,0021300972,20,2772,Trevor Ariza,1610612764,Washington Wizards,1,8,48,Missed Shot,Jump Shot,3PT Field Goal,Above the Break 3,Right Side Center(RC),24+ ft.,25.0,119.0,225.0,1,0,20140314,ORL,WAS
Shot Chart Detail,0021300972,29,2772,Trevor Ariza,1610612764,Washington Wizards,1,7,42,Made Shot,Jump Shot,3PT Field Goal,Left Corner 3,Left Side(L),24+ ft.,24.0,-240.0,34.0,1,1,20140314,ORL,WAS
Shot Chart Detail,0021300972,34,2772,Trevor Ariza,1610612764,Washington Wizards,1,6,43,Missed Shot,Jump Shot,2PT Field Goal,Mid-Range,Center(C),16-24 ft.,18.0,0.0,186.0,1,0,20140314,ORL,WAS
Shot Chart Detail,0021300972,38,2772,Trevor Ariza,1610612764,Washington Wizards,1,6,27,Made Shot,Running Jump Shot,2PT Field Goal,Restricted Area,Center(C),Less Than 8 ft.,3.0,-34.0,-2.0,1,1,20140314,ORL,WAS
Shot Chart Detail,0021300972,63,2772,Trevor Ariza,1610612764,Washington Wizards,1,3,58,Made Shot,Jump Shot,2PT Field Goal,Restricted Area,Center(C),Less Than 8 ft.,3.0,-32.0,-2.0,1,1,20140314,ORL,WAS
Shot Chart Detail,0021300972,86,2772,Trevor Ariza,1610612764,Washington Wizards,1,1,31,Missed Shot,Jump Shot,3PT Field Goal,Above the Break 3,Left Side Center(LC),24+ ft.,24.0,-160.0,189.0,1,0,20140314,ORL,WAS
Shot Chart Detail,0021300972,197,2772,Trevor Ariza,1610612764,Washington Wizards,2,2,53,Missed Shot,Jump Shot,2PT Field Goal,Mid-Range,Center(C),16-24 ft.,18.0,-2.0,187.0,1,0,20140314,ORL,WAS
Shot Chart Detail,0021300972,242,2772,Trevor Ariza,1610612764,Washington Wizards,3,10,43,Missed Shot,Driving Layup Shot,2PT Field Goal,Restricted Area,Center(C),Less Than 8 ft.,0.0,9.0,3.0,1,0,20140314,ORL,WAS
Shot Chart Detail,0021300972,246,2772,Trevor Ariza,1610612764,Washington Wizards,3,10,15,Missed Shot,Jump Shot,3PT Field Goal,Above the Break 3,Right Side Center(RC),24+ ft.,25.0,133.0,214.0,1,0,20140314,ORL,WAS
Shot Chart Detail,0021300972,254,2772,Trevor Ariza,1610612764,Washington Wizards,3,9,4,Missed Shot,Layup Shot,2PT Field Goal,Restricted Area,Center(C),Less Than 8 ft.,3.0,-24.0,-24.0,1,0,20140314,ORL,WAS
Shot Chart Detail,0021300972,310,2772,Trevor Ariza,1610612764,Washington Wizards,3,4,0,Made Shot,Jump Shot,3PT Field Goal,Right Corner 3,Right Side(R),24+ ft.,23.0,234.0,-10.0,1,1,20140314,ORL,WAS
Shot Chart Detail,0021300972,316,2772,Trevor Ariza,1610612764,Washington Wizards,3,3,9,Missed Shot,Jump Shot,3PT Field Goal,Right Corner 3,Right Side(R),24+ ft.,23.0,233.0,26.0,1,0,20140314,ORL,WAS
Shot Chart Detail,0021300972,329,2772,Trevor Ariza,1610612764,Washington Wizards,3,2,18,Missed Shot,Layup Shot,2PT Field Goal,Restricted Area,Center(C),Less Than 8 ft.,0.0,0.0,7.0,1,0,20140314,ORL,WAS
Shot Chart Detail,0021300972,454,2772,Trevor Ariza,1610612764,Washington Wizards,4,2,36,Missed Shot,Fadeaway Jump Shot,2PT Field Goal,Mid-Range,Left Side(L),16-24 ft.,17.0,-171.0,6.0,1,0,20140314,ORL,WAS
Shot Chart Detail,0021300972,504,2772,Trevor Ariza,1610612764,Washington Wizards,5,3,48,Made Shot,Jump Shot,3PT Field Goal,Above the Break 3,Left Side Center(LC),24+ ft.,24.0,-142.0,195.0,1,1,20140314,ORL,WAS
Shot Chart Detail,0021300972,526,2772,Trevor Ariza,1610612764,Washington Wizards,5,1,0,Made Shot,Jump Shot,3PT Field Goal,Left Corner 3,Left Side(L),24+ ft.,24.0,-240.0,48.0,1,1,20140314,ORL,WAS
Shot Chart Detail,0021300982,7,2772,Trevor Ariza,1610612764,Washington Wizards,1,10,24,Missed Shot,Jump Shot,3PT Field Goal,Above the Break 3,Right Side Center(RC),24+ ft.,25.0,91.0,242.0,1,0,20140315,WAS,BKN
Shot Chart Detail,0021300982,59,2772,Trevor Ariza,1610612764,Washington Wizards,1,4,53,Made Shot,Driving Layup Shot,2PT Field Goal,Restricted Area,Center(C),Less Than 8 ft.,1.0,9.0,12.0,1,1,20140315,WAS,BKN
Shot Chart Detail,0021300982,82,2772,Trevor Ariza,1610612764,Washington Wizards,1,2,38,Missed Shot,Jump Shot,3PT Field Goal,Above the Break 3,Left Side Center(LC),24+ ft.,26.0,-125.0,238.0,1,0,20140315,WAS,BKN
Shot Chart Detail,0021300982,222,2772,Trevor Ariza,1610612764,Washington Wizards,2,2,1,Missed Shot,Jump Shot,3PT Field Goal,Above the Break 3,Center(C),24+ ft.,24.0,9.0,249.0,1,0,20140315,WAS,BKN
Shot Chart Detail,0021300982,280,2772,Trevor Ariza,1610612764,Washington Wizards,3,8,19,Made Shot,Driving Bank shot,2PT Field Goal,Restricted Area,Center(C),Less Than 8 ft.,3.0,13.0,28.0,1,1,20140315,WAS,BKN
Shot Chart Detail,0021300982,320,2772,Trevor Ariza,1610612764,Washington Wizards,3,4,28,Missed Shot,Jump Shot,3PT Field Goal,Right Corner 3,Right Side(R),24+ ft.,23.0,237.0,23.0,1,0,20140315,WAS,BKN
Shot Chart Detail,0021300982,481,2772,Trevor Ariza,1610612764,Washington Wizards,4,3,21,Missed Shot,Jump Shot,3PT Field Goal,Above the Break 3,Center(C),24+ ft.,25.0,4.0,258.0,1,0,20140315,WAS,BKN
Shot Chart Detail,0021300982,503,2772,Trevor Ariza,1610612764,Washington Wizards,4,0,44,Made Shot,Layup Shot,2PT Field Goal,Restricted Area,Center(C),Less Than 8 ft.,0.0,1.0,0.0,1,1,20140315,WAS,BKN
Shot Chart Detail,0021301006,14,2772,Trevor Ariza,1610612764,Washington Wizards,1,10,44,Missed Shot,Jump Shot,3PT Field Goal,Above the Break 3,Left Side Center(LC),24+ ft.,24.0,-168.0,175.0,1,0,20140318,SAC,WAS
Shot Chart Detail,0021301006,29,2772,Trevor Ariza,1610612764,Washington Wizards,1,8,52,Missed Shot,Jump Shot,2PT Field Goal,In The Paint (Non-RA),Center(C),Less Than 8 ft.,4.0,-26.0,33.0,1,0,20140318,SAC,WAS
Shot Chart Detail,0021301006,30,2772,Trevor Ariza,1610612764,Washington Wizards,1,8,50,Missed Shot,Tip Shot,2PT Field Goal,Restricted Area,Center(C),Less Than 8 ft.,1.0,3.0,14.0,1,0,20140318,SAC,WAS
Shot Chart Detail,0021301006,102,2772,Trevor Ariza,1610612764,Washington Wizards,1,1,38,Made Shot,Jump Shot,3PT Field Goal,Above the Break 3,Left Side Center(LC),24+ ft.,25.0,-138.0,217.0,1,1,20140318,SAC,WAS
Shot Chart Detail,0021301006,240,2772,Trevor Ariza,1610612764,Washington Wizards,2,3,2,Missed Shot,Jump Shot,3PT Field Goal,Right Corner 3,Right Side(R),24+ ft.,25.0,242.0,72.0,1,0,20140318,SAC,WAS
Shot Chart Detail,0021301006,255,2772,Trevor Ariza,1610612764,Washington Wizards,2,1,59,Missed Shot,Jump Shot,3PT Field Goal,Left Corner 3,Left Side(L),24+ ft.,22.0,-229.0,14.0,1,0,20140318,SAC,WAS
Shot Chart Detail,0021301006,262,2772,Trevor Ariza,1610612764,Washington Wizards,2,1,30,Made Shot,Driving Layup Shot,2PT Field Goal,Restricted Area,Center(C),Less Than 8 ft.,2.0,2.0,20.0,1,1,20140318,SAC,WAS
Shot Chart Detail,0021301006,290,2772,Trevor Ariza,1610612764,Washington Wizards,3,11,20,Missed Shot,Jump Shot,3PT Field Goal,Above the Break 3,Right Side Center(RC),24+ ft.,24.0,160.0,187.0,1,0,20140318,SAC,WAS
Shot Chart Detail,0021301006,294,2772,Trevor Ariza,1610612764,Washington Wizards,3,11,6,Made Shot,Jump Shot,2PT Field Goal,Restricted Area,Center(C),Less Than 8 ft.,3.0,32.0,17.0,1,1,20140318,SAC,WAS
Shot Chart Detail,0021301006,345,2772,Trevor Ariza,1610612764,Washington Wizards,3,6,8,Made Shot,Jump Bank Shot,2PT Field Goal,Mid-Range,Right Side Center(RC),16-24 ft.,22.0,177.0,142.0,1,1,20140318,SAC,WAS
Shot Chart Detail,0021301006,514,2772,Trevor Ariza,1610612764,Washington Wizards,4,2,44,Missed Shot,Jump Shot,3PT Field Goal,Above the Break 3,Right Side Center(RC),24+ ft.,25.0,81.0,238.0,1,0,20140318,SAC,WAS
Shot Chart Detail,0021301006,516,2772,Trevor Ariza,1610612764,Washington Wizards,4,2,25,Missed Shot,Jump Shot,3PT Field Goal,Right Corner 3,Right Side(R),24+ ft.,24.0,242.0,6.0,1,0,20140318,SAC,WAS
Shot Chart Detail,0021301006,604,2772,Trevor Ariza,1610612764,Washington Wizards,5,2,28,Made Shot,Jump Shot,3PT Field Goal,Above the Break 3,Center(C),24+ ft.,24.0,-51.0,242.0,1,1,20140318,SAC,WAS
Shot Chart Detail,0021301020,11,2772,Trevor Ariza,1610612764,Washington Wizards,1,11,9,Made Shot,Jump Shot,3PT Field Goal,Above the Break 3,Right Side Center(RC),24+ ft.,24.0,203.0,145.0,1,1,20140320,POR,WAS
Shot Chart Detail,0021301020,39,2772,Trevor Ariza,1610612764,Washington Wizards,1,7,19,Missed Shot,Jump Shot,3PT Field Goal,Left Corner 3,Left Side(L),24+ ft.,23.0,-231.0,-3.0,1,0,20140320,POR,WAS
Shot Chart Detail,0021301020,53,2772,Trevor Ariza,1610612764,Washington Wizards,1,5,16,Missed Shot,Running Hook Shot,2PT Field Goal,Restricted Area,Center(C),Less Than 8 ft.,3.0,36.0,9.0,1,0,20140320,POR,WAS
Shot Chart Detail,0021301020,211,2772,Trevor Ariza,1610612764,Washington Wizards,2,2,34,Made Shot,Turnaround Jump Shot,2PT Field Goal,Mid-Range,Left Side(L),8-16 ft.,8.0,-81.0,30.0,1,1,20140320,POR,WAS
Shot Chart Detail,0021301020,254,2772,Trevor Ariza,1610612764,Washington Wizards,3,10,43,Made Shot,Driving Jump shot,2PT Field Goal,Restricted Area,Center(C),Less Than 8 ft.,3.0,-32.0,9.0,1,1,20140320,POR,WAS
Shot Chart Detail,0021301020,310,2772,Trevor Ariza,1610612764,Washington Wizards,3,5,3,Missed Shot,Jump Shot,2PT Field Goal,In The Paint (Non-RA),Center(C),Less Than 8 ft.,6.0,-60.0,11.0,1,0,20140320,POR,WAS
Shot Chart Detail,0021301020,428,2772,Trevor Ariza,1610612764,Washington Wizards,4,6,40,Made Shot,Driving Layup Shot,2PT Field Goal,Restricted Area,Center(C),Less Than 8 ft.,2.0,20.0,1.0,1,1,20140320,POR,WAS
Shot Chart Detail,0021301020,433,2772,Trevor Ariza,1610612764,Washington Wizards,4,6,13,Made Shot,Jump Shot,3PT Field Goal,Above the Break 3,Right Side Center(RC),24+ ft.,24.0,127.0,206.0,1,1,20140320,POR,WAS
Shot Chart Detail,0021301020,464,2772,Trevor Ariza,1610612764,Washington Wizards,4,2,45,Made Shot,Jump Shot,3PT Field Goal,Above the Break 3,Center(C),24+ ft.,24.0,69.0,238.0,1,1,20140320,POR,WAS
Shot Chart Detail,0021301031,46,2772,Trevor Ariza,1610612764,Washington Wizards,1,7,34,Missed Shot,Layup Shot,2PT Field Goal,Restricted Area,Center(C),Less Than 8 ft.,0.0,1.0,-3.0,1,0,20140321,LAL,WAS
Shot Chart Detail,0021301031,242,2772,Trevor Ariza,1610612764,Washington Wizards,2,1,38,Made Shot,Jump Shot,3PT Field Goal,Left Corner 3,Left Side(L),24+ ft.,22.0,-223.0,19.0,1,1,20140321,LAL,WAS
Shot Chart Detail,0021301031,295,2772,Trevor Ariza,1610612764,Washington Wizards,3,8,51,Made Shot,Jump Shot,3PT Field Goal,Above the Break 3,Right Side Center(RC),24+ ft.,25.0,170.0,186.0,1,1,20140321,LAL,WAS
Shot Chart Detail,0021301031,302,2772,Trevor Ariza,1610612764,Washington Wizards,3,8,11,Made Shot,Driving Dunk Shot,2PT Field Goal,Restricted Area,Center(C),Less Than 8 ft.,0.0,7.0,7.0,1,1,20140321,LAL,WAS
Shot Chart Detail,0021301031,308,2772,Trevor Ariza,1610612764,Washington Wizards,3,7,48,Missed Shot,Jump Shot,3PT Field Goal,Above the Break 3,Left Side Center(LC),24+ ft.,25.0,-117.0,228.0,1,0,20140321,LAL,WAS
Shot Chart Detail,0021301031,356,2772,Trevor Ariza,1610612764,Washington Wizards,3,3,54,Missed Shot,Jump Shot,3PT Field Goal,Above the Break 3,Center(C),24+ ft.,26.0,-70.0,257.0,1,0,20140321,LAL,WAS
Shot Chart Detail,0021301031,403,2772,Trevor Ariza,1610612764,Washington Wizards,3,0,1,Missed Shot,Jump Shot,3PT Field Goal,Above the Break 3,Right Side Center(RC),24+ ft.,41.0,163.0,384.0,1,0,20140321,LAL,WAS
Shot Chart Detail,0021301042,9,2772,Trevor Ariza,1610612764,Washington Wizards,1,10,48,Made Shot,Jump Shot,2PT Field Goal,Mid-Range,Right Side(R),16-24 ft.,17.0,177.0,14.0,1,1,20140323,DEN,WAS
Shot Chart Detail,0021301042,20,2772,Trevor Ariza,1610612764,Washington Wizards,1,9,54,Made Shot,Layup Shot,2PT Field Goal,Restricted Area,Center(C),Less Than 8 ft.,1.0,7.0,12.0,1,1,20140323,DEN,WAS
Shot Chart Detail,0021301042,24,2772,Trevor Ariza,1610612764,Washington Wizards,1,9,29,Made Shot,Driving Dunk Shot,2PT Field Goal,Restricted Area,Center(C),Less Than 8 ft.,1.0,-10.0,9.0,1,1,20140323,DEN,WAS
Shot Chart Detail,0021301042,44,2772,Trevor Ariza,1610612764,Washington Wizards,1,7,14,Missed Shot,Jump Shot,3PT Field Goal,Right Corner 3,Right Side(R),24+ ft.,23.0,226.0,80.0,1,0,20140323,DEN,WAS
Shot Chart Detail,0021301042,50,2772,Trevor Ariza,1610612764,Washington Wizards,1,6,36,Made Shot,Layup Shot,2PT Field Goal,Restricted Area,Center(C),Less Than 8 ft.,1.0,10.0,12.0,1,1,20140323,DEN,WAS
Shot Chart Detail,0021301042,56,2772,Trevor Ariza,1610612764,Washington Wizards,1,5,40,Made Shot,Jump Shot,3PT Field Goal,Left Corner 3,Left Side(L),24+ ft.,22.0,-226.0,39.0,1,1,20140323,DEN,WAS
Shot Chart Detail,0021301042,69,2772,Trevor Ariza,1610612764,Washington Wizards,1,4,50,Missed Shot,Turnaround Jump Shot,2PT Field Goal,In The Paint (Non-RA),Left Side(L),8-16 ft.,8.0,-73.0,36.0,1,0,20140323,DEN,WAS
Shot Chart Detail,0021301042,98,2772,Trevor Ariza,1610612764,Washington Wizards,1,2,28,Made Shot,Driving Dunk Shot,2PT Field Goal,Restricted Area,Center(C),Less Than 8 ft.,2.0,26.0,0.0,1,1,20140323,DEN,WAS
Shot Chart Detail,0021301042,109,2772,Trevor Ariza,1610612764,Washington Wizards,1,0,33,Made Shot,Layup Shot,2PT Field Goal,Restricted Area,Center(C),Less Than 8 ft.,1.0,12.0,11.0,1,1,20140323,DEN,WAS
Shot Chart Detail,0021301042,201,2772,Trevor Ariza,1610612764,Washington Wizards,2,3,54,Missed Shot,Layup Shot,2PT Field Goal,Restricted Area,Center(C),Less Than 8 ft.,1.0,18.0,7.0,1,0,20140323,DEN,WAS
Shot Chart Detail,0021301042,238,2772,Trevor Ariza,1610612764,Washington Wizards,2,0,0,Made Shot,Fadeaway Jump Shot,2PT Field Goal,Mid-Range,Right Side(R),16-24 ft.,20.0,203.0,15.0,1,1,20140323,DEN,WAS
Shot Chart Detail,0021301042,261,2772,Trevor Ariza,1610612764,Washington Wizards,3,8,47,Missed Shot,Jump Shot,3PT Field Goal,Left Corner 3,Left Side(L),24+ ft.,22.0,-228.0,-13.0,1,0,20140323,DEN,WAS
Shot Chart Detail,0021301042,382,2772,Trevor Ariza,1610612764,Washington Wizards,3,8,45,Missed Shot,Layup Shot,2PT Field Goal,Restricted Area,Center(C),Less Than 8 ft.,1.0,-11.0,16.0,1,0,20140323,DEN,WAS
Shot Chart Detail,0021301062,2,2772,Trevor Ariza,1610612764,Washington Wizards,1,11,38,Missed Shot,Layup Shot,2PT Field Goal,Restricted Area,Center(C),Less Than 8 ft.,0.0,4.0,4.0,1,0,20140326,WAS,PHX
Shot Chart Detail,0021301062,31,2772,Trevor Ariza,1610612764,Washington Wizards,1,8,3,Made Shot,Jump Shot,3PT Field Goal,Right Corner 3,Right Side(R),24+ ft.,24.0,236.0,45.0,1,1,20140326,WAS,PHX
Shot Chart Detail,0021301062,38,2772,Trevor Ariza,1610612764,Washington Wizards,1,7,13,Missed Shot,Jump Shot,2PT Field Goal,Mid-Range,Right Side Center(RC),16-24 ft.,16.0,80.0,142.0,1,0,20140326,WAS,PHX
Shot Chart Detail,0021301062,53,2772,Trevor Ariza,1610612764,Washington Wizards,1,5,32,Missed Shot,Jump Shot,3PT Field Goal,Above the Break 3,Right Side Center(RC),24+ ft.,24.0,146.0,198.0,1,0,20140326,WAS,PHX
Shot Chart Detail,0021301062,56,2772,Trevor Ariza,1610612764,Washington Wizards,1,5,19,Made Shot,Running Layup Shot,2PT Field Goal,Restricted Area,Center(C),Less Than 8 ft.,1.0,6.0,-13.0,1,1,20140326,WAS,PHX
Shot Chart Detail,0021301062,236,2772,Trevor Ariza,1610612764,Washington Wizards,3,10,33,Made Shot,Driving Layup Shot,2PT Field Goal,Restricted Area,Center(C),Less Than 8 ft.,2.0,-4.0,22.0,1,1,20140326,WAS,PHX
Shot Chart Detail,0021301062,238,2772,Trevor Ariza,1610612764,Washington Wizards,3,10,1,Missed Shot,Jump Shot,3PT Field Goal,Above the Break 3,Center(C),24+ ft.,25.0,21.0,258.0,1,0,20140326,WAS,PHX
Shot Chart Detail,0021301062,252,2772,Trevor Ariza,1610612764,Washington Wizards,3,8,16,Made Shot,Layup Shot,2PT Field Goal,Restricted Area,Center(C),Less Than 8 ft.,2.0,18.0,23.0,1,1,20140326,WAS,PHX
Shot Chart Detail,0021301062,280,2772,Trevor Ariza,1610612764,Washington Wizards,3,5,2,Missed Shot,Jump Shot,2PT Field Goal,In The Paint (Non-RA),Left Side(L),8-16 ft.,10.0,-68.0,74.0,1,0,20140326,WAS,PHX
Shot Chart Detail,0021301062,295,2772,Trevor Ariza,1610612764,Washington Wizards,3,3,29,Made Shot,Floating Jump shot,2PT Field Goal,In The Paint (Non-RA),Center(C),Less Than 8 ft.,5.0,10.0,50.0,1,1,20140326,WAS,PHX
Shot Chart Detail,0021301062,314,2772,Trevor Ariza,1610612764,Washington Wizards,3,1,13,Missed Shot,Jump Shot,3PT Field Goal,Above the Break 3,Right Side Center(RC),24+ ft.,26.0,154.0,211.0,1,0,20140326,WAS,PHX
Shot Chart Detail,0021301062,364,2772,Trevor Ariza,1610612764,Washington Wizards,4,9,45,Made Shot,Driving Layup Shot,2PT Field Goal,Restricted Area,Center(C),Less Than 8 ft.,2.0,-21.0,19.0,1,1,20140326,WAS,PHX
Shot Chart Detail,0021301062,392,2772,Trevor Ariza,1610612764,Washington Wizards,4,6,32,Missed Shot,Layup Shot,2PT Field Goal,Restricted Area,Center(C),Less Than 8 ft.,1.0,10.0,15.0,1,0,20140326,WAS,PHX
Shot Chart Detail,0021301062,400,2772,Trevor Ariza,1610612764,Washington Wizards,4,5,45,Missed Shot,Jump Shot,2PT Field Goal,Restricted Area,Center(C),Less Than 8 ft.,3.0,-24.0,30.0,1,0,20140326,WAS,PHX
Shot Chart Detail,0021301077,10,2772,Trevor Ariza,1610612764,Washington Wizards,1,10,38,Missed Shot,Layup Shot,2PT Field Goal,Restricted Area,Center(C),Less Than 8 ft.,0.0,-4.0,4.0,1,0,20140328,WAS,IND
Shot Chart Detail,0021301077,14,2772,Trevor Ariza,1610612764,Washington Wizards,1,10,33,Missed Shot,Layup Shot,2PT Field Goal,Restricted Area,Center(C),Less Than 8 ft.,1.0,7.0,-10.0,1,0,20140328,WAS,IND
Shot Chart Detail,0021301077,36,2772,Trevor Ariza,1610612764,Washington Wizards,1,8,23,Missed Shot,Jump Shot,3PT Field Goal,Above the Break 3,Right Side Center(RC),24+ ft.,26.0,196.0,178.0,1,0,20140328,WAS,IND
Shot Chart Detail,0021301077,41,2772,Trevor Ariza,1610612764,Washington Wizards,1,8,1,Missed Shot,Layup Shot,2PT Field Goal,Restricted Area,Center(C),Less Than 8 ft.,2.0,-15.0,22.0,1,0,20140328,WAS,IND
Shot Chart Detail,0021301077,66,2772,Trevor Ariza,1610612764,Washington Wizards,1,5,47,Missed Shot,Jump Shot,3PT Field Goal,Above the Break 3,Right Side Center(RC),24+ ft.,25.0,220.0,123.0,1,0,20140328,WAS,IND
Shot Chart Detail,0021301077,242,2772,Trevor Ariza,1610612764,Washington Wizards,2,2,13,Missed Shot,Layup Shot,2PT Field Goal,Restricted Area,Center(C),Less Than 8 ft.,0.0,9.0,-3.0,1,0,20140328,WAS,IND
Shot Chart Detail,0021301077,294,2772,Trevor Ariza,1610612764,Washington Wizards,3,9,33,Missed Shot,Jump Shot,3PT Field Goal,Right Corner 3,Right Side(R),24+ ft.,23.0,237.0,30.0,1,0,20140328,WAS,IND
Shot Chart Detail,0021301077,312,2772,Trevor Ariza,1610612764,Washington Wizards,3,7,48,Made Shot,Driving Layup Shot,2PT Field Goal,Restricted Area,Center(C),Less Than 8 ft.,0.0,6.0,4.0,1,1,20140328,WAS,IND
Shot Chart Detail,0021301077,397,2772,Trevor Ariza,1610612764,Washington Wizards,3,0,57,Made Shot,Jump Shot,3PT Field Goal,Above the Break 3,Right Side Center(RC),24+ ft.,25.0,140.0,216.0,1,1,20140328,WAS,IND
Shot Chart Detail,0021301077,509,2772,Trevor Ariza,1610612764,Washington Wizards,4,3,4,Missed Shot,Jump Shot,2PT Field Goal,Restricted Area,Center(C),Less Than 8 ft.,3.0,31.0,7.0,1,0,20140328,WAS,IND
Shot Chart Detail,0021301077,514,2772,Trevor Ariza,1610612764,Washington Wizards,4,2,11,Missed Shot,Jump Shot,3PT Field Goal,Above the Break 3,Right Side Center(RC),24+ ft.,26.0,129.0,227.0,1,0,20140328,WAS,IND
Shot Chart Detail,0021301077,534,2772,Trevor Ariza,1610612764,Washington Wizards,4,0,49,Missed Shot,Jump Shot,2PT Field Goal,Mid-Range,Right Side(R),16-24 ft.,21.0,182.0,110.0,1,0,20140328,WAS,IND
Shot Chart Detail,0021301089,8,2772,Trevor Ariza,1610612764,Washington Wizards,1,10,2,Missed Shot,Layup Shot,2PT Field Goal,Restricted Area,Center(C),Less Than 8 ft.,2.0,21.0,0.0,1,0,20140329,WAS,ATL
Shot Chart Detail,0021301089,21,2772,Trevor Ariza,1610612764,Washington Wizards,1,8,22,Made Shot,Jump Shot,3PT Field Goal,Right Corner 3,Right Side(R),24+ ft.,23.0,228.0,36.0,1,1,20140329,WAS,ATL
Shot Chart Detail,0021301089,30,2772,Trevor Ariza,1610612764,Washington Wizards,1,7,5,Made Shot,Layup Shot,2PT Field Goal,Restricted Area,Center(C),Less Than 8 ft.,1.0,12.0,7.0,1,1,20140329,WAS,ATL
Shot Chart Detail,0021301089,71,2772,Trevor Ariza,1610612764,Washington Wizards,1,3,2,Made Shot,Dunk Shot,2PT Field Goal,Restricted Area,Center(C),Less Than 8 ft.,1.0,2.0,-14.0,1,1,20140329,WAS,ATL
Shot Chart Detail,0021301089,257,2772,Trevor Ariza,1610612764,Washington Wizards,3,10,56,Missed Shot,Jump Shot,3PT Field Goal,Right Corner 3,Right Side(R),24+ ft.,23.0,230.0,23.0,1,0,20140329,WAS,ATL
Shot Chart Detail,0021301089,341,2772,Trevor Ariza,1610612764,Washington Wizards,3,3,56,Made Shot,Running Layup Shot,2PT Field Goal,Restricted Area,Center(C),Less Than 8 ft.,1.0,7.0,15.0,1,1,20140329,WAS,ATL
Shot Chart Detail,0021301101,6,2772,Trevor Ariza,1610612764,Washington Wizards,1,11,16,Missed Shot,Jump Shot,3PT Field Goal,Above the Break 3,Right Side Center(RC),24+ ft.,26.0,129.0,227.0,1,0,20140331,CHA,WAS
Shot Chart Detail,0021301101,42,2772,Trevor Ariza,1610612764,Washington Wizards,1,7,7,Missed Shot,Jump Shot,2PT Field Goal,Mid-Range,Left Side Center(LC),16-24 ft.,18.0,-108.0,148.0,1,0,20140331,CHA,WAS
Shot Chart Detail,0021301101,232,2772,Trevor Ariza,1610612764,Washington Wizards,3,10,53,Missed Shot,Jump Shot,2PT Field Goal,In The Paint (Non-RA),Center(C),8-16 ft.,8.0,21.0,86.0,1,0,20140331,CHA,WAS
Shot Chart Detail,0021301101,255,2772,Trevor Ariza,1610612764,Washington Wizards,3,8,20,Made Shot,Jump Shot,3PT Field Goal,Left Corner 3,Left Side(L),24+ ft.,24.0,-235.0,78.0,1,1,20140331,CHA,WAS
Shot Chart Detail,0021301101,272,2772,Trevor Ariza,1610612764,Washington Wizards,3,6,35,Made Shot,Jump Shot,3PT Field Goal,Left Corner 3,Left Side(L),24+ ft.,24.0,-231.0,72.0,1,1,20140331,CHA,WAS
Shot Chart Detail,0021301101,280,2772,Trevor Ariza,1610612764,Washington Wizards,3,5,23,Made Shot,Jump Shot,3PT Field Goal,Above the Break 3,Right Side Center(RC),24+ ft.,25.0,114.0,230.0,1,1,20140331,CHA,WAS
Shot Chart Detail,0021301101,282,2772,Trevor Ariza,1610612764,Washington Wizards,3,4,46,Missed Shot,Layup Shot,2PT Field Goal,Restricted Area,Center(C),Less Than 8 ft.,2.0,-11.0,20.0,1,0,20140331,CHA,WAS
Shot Chart Detail,0021301101,310,2772,Trevor Ariza,1610612764,Washington Wizards,3,2,52,Made Shot,Jump Shot,2PT Field Goal,Mid-Range,Left Side(L),16-24 ft.,20.0,-175.0,101.0,1,1,20140331,CHA,WAS
Shot Chart Detail,0021301101,480,2772,Trevor Ariza,1610612764,Washington Wizards,4,0,19,Missed Shot,Jump Shot,3PT Field Goal,Above the Break 3,Left Side Center(LC),24+ ft.,26.0,-185.0,186.0,1,0,20140331,CHA,WAS
Shot Chart Detail,0021301119,24,2772,Trevor Ariza,1610612764,Washington Wizards,1,8,30,Made Shot,Jump Shot,3PT Field Goal,Right Corner 3,Right Side(R),24+ ft.,24.0,239.0,52.0,1,1,20140402,WAS,BOS
Shot Chart Detail,0021301119,36,2772,Trevor Ariza,1610612764,Washington Wizards,1,7,9,Missed Shot,Jump Shot,3PT Field Goal,Above the Break 3,Left Side Center(LC),24+ ft.,26.0,-150.0,219.0,1,0,20140402,WAS,BOS
Shot Chart Detail,0021301119,57,2772,Trevor Ariza,1610612764,Washington Wizards,1,5,42,Missed Shot,Jump Shot,2PT Field Goal,In The Paint (Non-RA),Center(C),Less Than 8 ft.,4.0,-41.0,4.0,1,0,20140402,WAS,BOS
Shot Chart Detail,0021301119,60,2772,Trevor Ariza,1610612764,Washington Wizards,1,5,28,Missed Shot,Layup Shot,2PT Field Goal,Restricted Area,Center(C),Less Than 8 ft.,1.0,10.0,6.0,1,0,20140402,WAS,BOS
Shot Chart Detail,0021301119,207,2772,Trevor Ariza,1610612764,Washington Wizards,2,3,27,Made Shot,Pullup Jump shot,2PT Field Goal,Mid-Range,Right Side Center(RC),16-24 ft.,16.0,113.0,116.0,1,1,20140402,WAS,BOS
Shot Chart Detail,0021301119,249,2772,Trevor Ariza,1610612764,Washington Wizards,2,0,28,Made Shot,Jump Shot,3PT Field Goal,Above the Break 3,Left Side Center(LC),24+ ft.,24.0,-163.0,187.0,1,1,20140402,WAS,BOS
Shot Chart Detail,0021301119,252,2772,Trevor Ariza,1610612764,Washington Wizards,2,0,4,Made Shot,Slam Dunk Shot,2PT Field Goal,Restricted Area,Center(C),Less Than 8 ft.,1.0,0.0,11.0,1,1,20140402,WAS,BOS
Shot Chart Detail,0021301119,286,2772,Trevor Ariza,1610612764,Washington Wizards,3,8,47,Missed Shot,Jump Shot,3PT Field Goal,Above the Break 3,Right Side Center(RC),24+ ft.,27.0,171.0,213.0,1,0,20140402,WAS,BOS
Shot Chart Detail,0021301119,289,2772,Trevor Ariza,1610612764,Washington Wizards,3,8,8,Missed Shot,Jump Shot,2PT Field Goal,Mid-Range,Right Side(R),16-24 ft.,20.0,201.0,42.0,1,0,20140402,WAS,BOS
Shot Chart Detail,0021301119,361,2772,Trevor Ariza,1610612764,Washington Wizards,3,2,36,Made Shot,Reverse Layup Shot,2PT Field Goal,Restricted Area,Center(C),Less Than 8 ft.,2.0,4.0,25.0,1,1,20140402,WAS,BOS
Shot Chart Detail,0021301119,366,2772,Trevor Ariza,1610612764,Washington Wizards,3,1,46,Made Shot,Jump Shot,3PT Field Goal,Above the Break 3,Left Side Center(LC),24+ ft.,25.0,-95.0,239.0,1,1,20140402,WAS,BOS
Shot Chart Detail,0021301119,368,2772,Trevor Ariza,1610612764,Washington Wizards,3,1,24,Missed Shot,Jump Shot,3PT Field Goal,Above the Break 3,Left Side Center(LC),24+ ft.,25.0,-146.0,208.0,1,0,20140402,WAS,BOS
Shot Chart Detail,0021301119,372,2772,Trevor Ariza,1610612764,Washington Wizards,3,1,1,Made Shot,Running Layup Shot,2PT Field Goal,Restricted Area,Center(C),Less Than 8 ft.,0.0,0.0,4.0,1,1,20140402,WAS,BOS
Shot Chart Detail,0021301136,15,2772,Trevor Ariza,1610612764,Washington Wizards,1,9,52,Made Shot,Driving Layup Shot,2PT Field Goal,Restricted Area,Center(C),Less Than 8 ft.,1.0,9.0,14.0,1,1,20140404,NYK,WAS
Shot Chart Detail,0021301136,49,2772,Trevor Ariza,1610612764,Washington Wizards,1,7,8,Missed Shot,Jump Shot,3PT Field Goal,Above the Break 3,Right Side Center(RC),24+ ft.,25.0,144.0,209.0,1,0,20140404,NYK,WAS
Shot Chart Detail,0021301136,67,2772,Trevor Ariza,1610612764,Washington Wizards,1,5,1,Missed Shot,Jump Shot,3PT Field Goal,Left Corner 3,Left Side(L),24+ ft.,23.0,-234.0,17.0,1,0,20140404,NYK,WAS
Shot Chart Detail,0021301136,227,2772,Trevor Ariza,1610612764,Washington Wizards,2,0,11,Missed Shot,Jump Shot,2PT Field Goal,In The Paint (Non-RA),Center(C),Less Than 8 ft.,4.0,47.0,17.0,1,0,20140404,NYK,WAS
Shot Chart Detail,0021301136,229,2772,Trevor Ariza,1610612764,Washington Wizards,2,0,9,Made Shot,Tip Shot,2PT Field Goal,Restricted Area,Center(C),Less Than 8 ft.,0.0,-8.0,1.0,1,1,20140404,NYK,WAS
Shot Chart Detail,0021301136,271,2772,Trevor Ariza,1610612764,Washington Wizards,3,7,53,Missed Shot,Jump Shot,3PT Field Goal,Above the Break 3,Right Side Center(RC),24+ ft.,25.0,130.0,217.0,1,0,20140404,NYK,WAS
Shot Chart Detail,0021301136,294,2772,Trevor Ariza,1610612764,Washington Wizards,3,4,58,Made Shot,Jump Shot,3PT Field Goal,Above the Break 3,Center(C),24+ ft.,25.0,70.0,247.0,1,1,20140404,NYK,WAS
Shot Chart Detail,0021301136,330,2772,Trevor Ariza,1610612764,Washington Wizards,3,1,15,Missed Shot,Jump Shot,2PT Field Goal,Mid-Range,Right Side Center(RC),16-24 ft.,23.0,130.0,190.0,1,0,20140404,NYK,WAS
Shot Chart Detail,0021301136,411,2772,Trevor Ariza,1610612764,Washington Wizards,4,3,7,Missed Shot,Jump Shot,3PT Field Goal,Above the Break 3,Right Side Center(RC),24+ ft.,24.0,78.0,236.0,1,0,20140404,NYK,WAS
Shot Chart Detail,0021301144,27,2772,Trevor Ariza,1610612764,Washington Wizards,1,8,47,Missed Shot,Jump Shot,3PT Field Goal,Above the Break 3,Right Side Center(RC),24+ ft.,25.0,217.0,132.0,1,0,20140405,WAS,CHI
Shot Chart Detail,0021301144,89,2772,Trevor Ariza,1610612764,Washington Wizards,1,1,20,Missed Shot,Jump Shot,3PT Field Goal,Above the Break 3,Right Side Center(RC),24+ ft.,25.0,86.0,244.0,1,0,20140405,WAS,CHI
Shot Chart Detail,0021301144,194,2772,Trevor Ariza,1610612764,Washington Wizards,2,4,40,Missed Shot,Layup Shot,2PT Field Goal,Restricted Area,Center(C),Less Than 8 ft.,1.0,0.0,15.0,1,0,20140405,WAS,CHI
Shot Chart Detail,0021301144,201,2772,Trevor Ariza,1610612764,Washington Wizards,2,4,3,Missed Shot,Jump Shot,3PT Field Goal,Above the Break 3,Right Side Center(RC),24+ ft.,25.0,168.0,192.0,1,0,20140405,WAS,CHI
Shot Chart Detail,0021301144,226,2772,Trevor Ariza,1610612764,Washington Wizards,2,0,46,Missed Shot,Layup Shot,2PT Field Goal,Restricted Area,Center(C),Less Than 8 ft.,2.0,6.0,20.0,1,0,20140405,WAS,CHI
Shot Chart Detail,0021301144,228,2772,Trevor Ariza,1610612764,Washington Wizards,2,0,40,Missed Shot,Layup Shot,2PT Field Goal,Restricted Area,Center(C),Less Than 8 ft.,1.0,-7.0,17.0,1,0,20140405,WAS,CHI
Shot Chart Detail,0021301144,291,2772,Trevor Ariza,1610612764,Washington Wizards,3,7,11,Made Shot,Jump Shot,2PT Field Goal,Mid-Range,Right Side(R),16-24 ft.,22.0,209.0,89.0,1,1,20140405,WAS,CHI
Shot Chart Detail,0021301144,309,2772,Trevor Ariza,1610612764,Washington Wizards,3,5,27,Missed Shot,Jump Shot,2PT Field Goal,Mid-Range,Right Side(R),16-24 ft.,18.0,179.0,33.0,1,0,20140405,WAS,CHI
Shot Chart Detail,0021301144,427,2772,Trevor Ariza,1610612764,Washington Wizards,4,4,6,Missed Shot,Layup Shot,2PT Field Goal,Restricted Area,Center(C),Less Than 8 ft.,1.0,12.0,6.0,1,0,20140405,WAS,CHI
Shot Chart Detail,0021301165,15,2772,Trevor Ariza,1610612764,Washington Wizards,1,9,43,Missed Shot,Jump Shot,2PT Field Goal,Mid-Range,Right Side(R),16-24 ft.,17.0,174.0,0.0,1,0,20140409,WAS,CHA
Shot Chart Detail,0021301165,97,2772,Trevor Ariza,1610612764,Washington Wizards,1,2,8,Missed Shot,Jump Shot,3PT Field Goal,Left Corner 3,Left Side(L),24+ ft.,22.0,-229.0,-5.0,1,0,20140409,WAS,CHA
Shot Chart Detail,0021301165,203,2772,Trevor Ariza,1610612764,Washington Wizards,2,3,37,Missed Shot,Jump Shot,3PT Field Goal,Above the Break 3,Right Side Center(RC),24+ ft.,25.0,136.0,219.0,1,0,20140409,WAS,CHA
Shot Chart Detail,0021301165,212,2772,Trevor Ariza,1610612764,Washington Wizards,2,2,47,Missed Shot,Jump Shot,3PT Field Goal,Left Corner 3,Left Side(L),24+ ft.,23.0,-232.0,39.0,1,0,20140409,WAS,CHA
Shot Chart Detail,0021301165,221,2772,Trevor Ariza,1610612764,Washington Wizards,2,1,41,Missed Shot,Layup Shot,2PT Field Goal,Restricted Area,Center(C),Less Than 8 ft.,0.0,7.0,-3.0,1,0,20140409,WAS,CHA
Shot Chart Detail,0021301165,474,2772,Trevor Ariza,1610612764,Washington Wizards,5,3,58,Missed Shot,Jump Shot,3PT Field Goal,Above the Break 3,Right Side Center(RC),24+ ft.,26.0,182.0,186.0,1,0,20140409,WAS,CHA
Shot Chart Detail,0021301176,45,2772,Trevor Ariza,1610612764,Washington Wizards,1,7,32,Missed Shot,Layup Shot,2PT Field Goal,Restricted Area,Center(C),Less Than 8 ft.,1.0,-10.0,-3.0,1,0,20140411,ORL,WAS
Shot Chart Detail,0021301176,53,2772,Trevor Ariza,1610612764,Washington Wizards,1,7,2,Missed Shot,Jump Shot,3PT Field Goal,Above the Break 3,Right Side Center(RC),24+ ft.,26.0,159.0,208.0,1,0,20140411,ORL,WAS
Shot Chart Detail,0021301176,56,2772,Trevor Ariza,1610612764,Washington Wizards,1,6,37,Missed Shot,Jump Shot,3PT Field Goal,Left Corner 3,Left Side(L),24+ ft.,22.0,-223.0,50.0,1,0,20140411,ORL,WAS
Shot Chart Detail,0021301176,308,2772,Trevor Ariza,1610612764,Washington Wizards,3,10,5,Made Shot,Jump Shot,2PT Field Goal,Mid-Range,Right Side(R),8-16 ft.,14.0,130.0,63.0,1,1,20140411,ORL,WAS
Shot Chart Detail,0021301176,318,2772,Trevor Ariza,1610612764,Washington Wizards,3,9,10,Missed Shot,Layup Shot,2PT Field Goal,Restricted Area,Center(C),Less Than 8 ft.,1.0,2.0,15.0,1,0,20140411,ORL,WAS
Shot Chart Detail,0021301176,328,2772,Trevor Ariza,1610612764,Washington Wizards,3,8,38,Made Shot,Reverse Layup Shot,2PT Field Goal,Restricted Area,Center(C),Less Than 8 ft.,0.0,-5.0,6.0,1,1,20140411,ORL,WAS
Shot Chart Detail,0021301176,333,2772,Trevor Ariza,1610612764,Washington Wizards,3,7,54,Missed Shot,Jump Shot,3PT Field Goal,Right Corner 3,Right Side(R),24+ ft.,22.0,228.0,14.0,1,0,20140411,ORL,WAS
Shot Chart Detail,0021301176,360,2772,Trevor Ariza,1610612764,Washington Wizards,3,4,56,Missed Shot,Jump Shot,3PT Field Goal,Above the Break 3,Right Side Center(RC),24+ ft.,24.0,165.0,179.0,1,0,20140411,ORL,WAS
Shot Chart Detail,0021301176,390,2772,Trevor Ariza,1610612764,Washington Wizards,3,2,10,Missed Shot,Layup Shot,2PT Field Goal,Restricted Area,Center(C),Less Than 8 ft.,1.0,12.0,0.0,1,0,20140411,ORL,WAS
Shot Chart Detail,0021301176,525,2772,Trevor Ariza,1610612764,Washington Wizards,4,2,18,Made Shot,Alley Oop Dunk Shot,2PT Field Goal,Restricted Area,Center(C),Less Than 8 ft.,2.0,10.0,25.0,1,1,20140411,ORL,WAS
Shot Chart Detail,0021301191,22,2772,Trevor Ariza,1610612764,Washington Wizards,1,8,57,Made Shot,Jump Shot,2PT Field Goal,Mid-Range,Center(C),16-24 ft.,21.0,64.0,206.0,1,1,20140412,WAS,MIL
Shot Chart Detail,0021301191,28,2772,Trevor Ariza,1610612764,Washington Wizards,1,7,38,Made Shot,Driving Reverse Layup Shot,2PT Field Goal,Restricted Area,Center(C),Less Than 8 ft.,2.0,21.0,1.0,1,1,20140412,WAS,MIL
Shot Chart Detail,0021301191,31,2772,Trevor Ariza,1610612764,Washington Wizards,1,7,13,Made Shot,Pullup Jump shot,3PT Field Goal,Above the Break 3,Right Side Center(RC),24+ ft.,26.0,116.0,241.0,1,1,20140412,WAS,MIL
Shot Chart Detail,0021301191,44,2772,Trevor Ariza,1610612764,Washington Wizards,1,6,3,Missed Shot,Jump Shot,3PT Field Goal,Right Corner 3,Right Side(R),24+ ft.,24.0,241.0,37.0,1,0,20140412,WAS,MIL
Shot Chart Detail,0021301191,66,2772,Trevor Ariza,1610612764,Washington Wizards,1,2,38,Made Shot,Step Back Jump shot,2PT Field Goal,Mid-Range,Right Side(R),16-24 ft.,18.0,168.0,82.0,1,1,20140412,WAS,MIL
Shot Chart Detail,0021301191,190,2772,Trevor Ariza,1610612764,Washington Wizards,2,3,42,Missed Shot,Jump Shot,3PT Field Goal,Above the Break 3,Right Side Center(RC),24+ ft.,25.0,218.0,131.0,1,0,20140412,WAS,MIL
Shot Chart Detail,0021301191,328,2772,Trevor Ariza,1610612764,Washington Wizards,3,3,52,Made Shot,Jump Shot,3PT Field Goal,Right Corner 3,Right Side(R),24+ ft.,23.0,228.0,36.0,1,1,20140412,WAS,MIL
Shot Chart Detail,0021301206,24,2772,Trevor Ariza,1610612764,Washington Wizards,1,9,24,Made Shot,Jump Shot,3PT Field Goal,Right Corner 3,Right Side(R),24+ ft.,24.0,239.0,30.0,1,1,20140414,WAS,MIA
Shot Chart Detail,0021301206,38,2772,Trevor Ariza,1610612764,Washington Wizards,1,7,36,Missed Shot,Jump Shot,3PT Field Goal,Right Corner 3,Right Side(R),24+ ft.,23.0,231.0,33.0,1,0,20140414,WAS,MIA
Shot Chart Detail,0021301206,40,2772,Trevor Ariza,1610612764,Washington Wizards,1,7,31,Made Shot,Layup Shot,2PT Field Goal,Restricted Area,Center(C),Less Than 8 ft.,0.0,-2.0,1.0,1,1,20140414,WAS,MIA
Shot Chart Detail,0021301206,67,2772,Trevor Ariza,1610612764,Washington Wizards,1,4,3,Made Shot,Jump Shot,3PT Field Goal,Left Corner 3,Left Side(L),24+ ft.,22.0,-228.0,6.0,1,1,20140414,WAS,MIA
Shot Chart Detail,0021301206,190,2772,Trevor Ariza,1610612764,Washington Wizards,2,4,57,Made Shot,Running Layup Shot,2PT Field Goal,Restricted Area,Center(C),Less Than 8 ft.,0.0,0.0,4.0,1,1,20140414,WAS,MIA
Shot Chart Detail,0021301206,199,2772,Trevor Ariza,1610612764,Washington Wizards,2,4,30,Made Shot,Jump Shot,3PT Field Goal,Right Corner 3,Right Side(R),24+ ft.,23.0,236.0,19.0,1,1,20140414,WAS,MIA
Shot Chart Detail,0021301206,265,2772,Trevor Ariza,1610612764,Washington Wizards,3,10,36,Made Shot,Jump Shot,3PT Field Goal,Above the Break 3,Right Side Center(RC),24+ ft.,26.0,160.0,205.0,1,1,20140414,WAS,MIA
Shot Chart Detail,0021301206,275,2772,Trevor Ariza,1610612764,Washington Wizards,3,9,15,Made Shot,Jump Shot,3PT Field Goal,Above the Break 3,Right Side Center(RC),24+ ft.,26.0,166.0,201.0,1,1,20140414,WAS,MIA
Shot Chart Detail,0021301206,279,2772,Trevor Ariza,1610612764,Washington Wizards,3,8,50,Missed Shot,Jump Shot,3PT Field Goal,Above the Break 3,Right Side Center(RC),24+ ft.,24.0,198.0,151.0,1,0,20140414,WAS,MIA
Shot Chart Detail,0021301206,301,2772,Trevor Ariza,1610612764,Washington Wizards,3,6,43,Made Shot,Pullup Jump shot,2PT Field Goal,Mid-Range,Right Side(R),16-24 ft.,18.0,166.0,83.0,1,1,20140414,WAS,MIA
Shot Chart Detail,0021301206,347,2772,Trevor Ariza,1610612764,Washington Wizards,3,2,20,Made Shot,Dunk Shot,2PT Field Goal,Restricted Area,Center(C),Less Than 8 ft.,0.0,-4.0,3.0,1,1,20140414,WAS,MIA
Shot Chart Detail,0021301206,351,2772,Trevor Ariza,1610612764,Washington Wizards,3,1,39,Made Shot,Running Reverse Layup Shot,2PT Field Goal,Restricted Area,Center(C),Less Than 8 ft.,2.0,-15.0,19.0,1,1,20140414,WAS,MIA
Shot Chart Detail,0021301206,360,2772,Trevor Ariza,1610612764,Washington Wizards,3,0,0,Missed Shot,Jump Shot,3PT Field Goal,Above the Break 3,Right Side Center(RC),24+ ft.,28.0,177.0,219.0,1,0,20140414,WAS,MIA
Shot Chart Detail,0021301222,31,2772,Trevor Ariza,1610612764,Washington Wizards,1,8,53,Missed Shot,Running Jump Shot,2PT Field Goal,In The Paint (Non-RA),Center(C),Less Than 8 ft.,5.0,-48.0,30.0,1,0,20140416,BOS,WAS
Shot Chart Detail,0021301222,35,2772,Trevor Ariza,1610612764,Washington Wizards,1,8,25,Missed Shot,Jump Shot,3PT Field Goal,Right Corner 3,Right Side(R),24+ ft.,22.0,223.0,48.0,1,0,20140416,BOS,WAS
Shot Chart Detail,0021301222,62,2772,Trevor Ariza,1610612764,Washington Wizards,1,7,15,Made Shot,Turnaround Fadeaway shot,2PT Field Goal,Mid-Range,Left Side(L),8-16 ft.,9.0,-82.0,53.0,1,1,20140416,BOS,WAS
Shot Chart Detail,0021301222,69,2772,Trevor Ariza,1610612764,Washington Wizards,1,6,20,Made Shot,Jump Shot,2PT Field Goal,Mid-Range,Right Side(R),16-24 ft.,17.0,170.0,25.0,1,1,20140416,BOS,WAS
Shot Chart Detail,0021301222,195,2772,Trevor Ariza,1610612764,Washington Wizards,2,4,29,Missed Shot,Jump Shot,3PT Field Goal,Above the Break 3,Right Side Center(RC),24+ ft.,25.0,162.0,194.0,1,0,20140416,BOS,WAS
Shot Chart Detail,0021301222,197,2772,Trevor Ariza,1610612764,Washington Wizards,2,4,26,Made Shot,Driving Layup Shot,2PT Field Goal,Restricted Area,Center(C),Less Than 8 ft.,2.0,20.0,14.0,1,1,20140416,BOS,WAS
Shot Chart Detail,0021301222,271,2772,Trevor Ariza,1610612764,Washington Wizards,3,10,11,Missed Shot,Jump Shot,3PT Field Goal,Right Corner 3,Right Side(R),24+ ft.,23.0,236.0,7.0,1,0,20140416,BOS,WAS
Shot Chart Detail,0021301222,284,2772,Trevor Ariza,1610612764,Washington Wizards,3,9,20,Made Shot,Jump Shot,2PT Field Goal,Mid-Range,Left Side(L),16-24 ft.,19.0,-177.0,77.0,1,1,20140416,BOS,WAS
Shot Chart Detail,0021301222,287,2772,Trevor Ariza,1610612764,Washington Wizards,3,9,2,Made Shot,Layup Shot,2PT Field Goal,Restricted Area,Center(C),Less Than 8 ft.,1.0,10.0,7.0,1,1,20140416,BOS,WAS
Shot Chart Detail,0021301222,296,2772,Trevor Ariza,1610612764,Washington Wizards,3,7,28,Missed Shot,Jump Shot,3PT Field Goal,Above the Break 3,Right Side Center(RC),24+ ft.,24.0,105.0,224.0,1,0,20140416,BOS,WAS
Shot Chart Detail,0021301222,299,2772,Trevor Ariza,1610612764,Washington Wizards,3,6,46,Made Shot,Jump Shot,2PT Field Goal,Mid-Range,Left Side Center(LC),16-24 ft.,16.0,-98.0,134.0,1,1,20140416,BOS,WAS
Shot Chart Detail,0021301222,383,2772,Trevor Ariza,1610612764,Washington Wizards,3,0,0,Missed Shot,Jump Shot,3PT Field Goal,Backcourt,Back Court(BC),Back Court Shot,47.0,111.0,459.0,1,0,20140416,BOS,WAS
