GRID_TYPE,GAME_ID,GAME_EVENT_ID,PLAYER_ID,PLAYER_NAME,TEAM_ID,TEAM_NAME,PERIOD,MINUTES_REMAINING,SECONDS_REMAINING,EVENT_TYPE,ACTION_TYPE,SHOT_TYPE,SHOT_ZONE_BASIC,SHOT_ZONE_AREA,SHOT_ZONE_RANGE,SHOT_DISTANCE,LOC_X,LOC_Y,SHOT_ATTEMPTED_FLAG,SHOT_MADE_FLAG,GAME_DATE,HTM,VTM
Shot Chart Detail,0022300003,44,1628398,Kyle Kuzma,1610612764,Washington Wizards,1,7,40,Made Shot,Jump Shot,3PT Field Goal,Above the Break 3,Left Side Center(LC),24+ ft.,24,-212,122,1,1,20231103,MIA,WAS
Shot Chart Detail,0022300003,115,1628398,Kyle Kuzma,1610612764,Washington Wizards,1,1,54,Missed Shot,Driving Floating Jump Shot,2PT Field Goal,In The Paint (Non-RA),Center(C),Less Than 8 ft.,6,-4,63,1,0,20231103,MIA,WAS
Shot Chart Detail,0022300003,120,1628398,Kyle Kuzma,1610612764,Washington Wizards,1,1,14,Made Shot,Jump Shot,3PT Field Goal,Above the Break 3,Right Side Center(RC),24+ ft.,26,195,185,1,1,20231103,MIA,WAS
Shot Chart Detail,0022300003,124,1628398,Kyle Kuzma,1610612764,Washington Wizards,1,0,48,Made Shot,Jump Shot,3PT Field Goal,Above the Break 3,Left Side Center(LC),24+ ft.,25,-178,189,1,1,20231103,MIA,WAS
Shot Chart Detail,0022300003,132,1628398,Kyle Kuzma,1610612764,Washington Wizards,1,0,1,Missed Shot,Jump Shot,3PT Field Goal,Above the Break 3,Center(C),24+ ft.,34,2,340,1,0,20231103,MIA,WAS
Shot Chart Detail,0022300003,140,1628398,Kyle Kuzma,1610612764,Washington Wizards,2,11,34,Missed Shot,Fadeaway Jump Shot,2PT Field Goal,Mid-Range,Center(C),8-16 ft.,15,-9,158,1,0,20231103,MIA,WAS
Shot Chart Detail,0022300003,159,1628398,Kyle Kuzma,1610612764,Washington Wizards,2,9,37,Missed Shot,Turnaround Fadeaway shot,2PT Field Goal,In The Paint (Non-RA),Right Side(R),8-16 ft.,9,56,73,1,0,20231103,MIA,WAS
Shot Chart Detail,0022300003,197,1628398,Kyle Kuzma,1610612764,Washington Wizards,2,7,35,Missed Shot,Jump Shot,3PT Field Goal,Above the Break 3,Right Side Center(RC),24+ ft.,27,157,224,1,0,20231103,MIA,WAS
Shot Chart Detail,0022300003,206,1628398,Kyle Kuzma,1610612764,Washington Wizards,2,6,42,Missed Shot,Floating Jump shot,2PT Field Goal,In The Paint (Non-RA),Center(C),Less Than 8 ft.,5,41,43,1,0,20231103,MIA,WAS
Shot Chart Detail,0022300003,271,1628398,Kyle Kuzma,1610612764,Washington Wizards,2,1,9,Made Shot,Cutting Layup Shot,2PT Field Goal,Restricted Area,Center(C),Less Than 8 ft.,2,27,4,1,1,20231103,MIA,WAS
Shot Chart Detail,0022300003,296,1628398,Kyle Kuzma,1610612764,Washington Wizards,3,11,34,Missed Shot,Jump Shot,3PT Field Goal,Above the Break 3,Left Side Center(LC),24+ ft.,27,-147,235,1,0,20231103,MIA,WAS
Shot Chart Detail,0022300003,300,1628398,Kyle Kuzma,1610612764,Washington Wizards,3,11,0,Missed Shot,Jump Shot,2PT Field Goal,In The Paint (Non-RA),Left Side(L),8-16 ft.,8,-48,74,1,0,20231103,MIA,WAS
Shot Chart Detail,0022300003,304,1628398,Kyle Kuzma,1610612764,Washington Wizards,3,10,33,Missed Shot,Jump Shot,3PT Field Goal,Left Corner 3,Left Side(L),24+ ft.,22,-228,20,1,0,20231103,MIA,WAS
Shot Chart Detail,0022300003,310,1628398,Kyle Kuzma,1610612764,Washington Wizards,3,10,2,Made Shot,Driving Layup Shot,2PT Field Goal,Restricted Area,Center(C),Less Than 8 ft.,2,9,26,1,1,20231103,MIA,WAS
Shot Chart Detail,0022300003,351,1628398,Kyle Kuzma,1610612764,Washington Wizards,3,6,4,Made Shot,Driving Layup Shot,2PT Field Goal,Restricted Area,Center(C),Less Than 8 ft.,2,27,11,1,1,20231103,MIA,WAS
Shot Chart Detail,0022300003,367,1628398,Kyle Kuzma,1610612764,Washington Wizards,3,4,43,Made Shot,Jump Shot,3PT Field Goal,Above the Break 3,Left Side Center(LC),24+ ft.,25,-147,212,1,1,20231103,MIA,WAS
Shot Chart Detail,0022300003,457,1628398,Kyle Kuzma,1610612764,Washington Wizards,4,10,29,Made Shot,Running Reverse Layup Shot,2PT Field Goal,Restricted Area,Center(C),Less Than 8 ft.,2,-26,13,1,1,20231103,MIA,WAS
Shot Chart Detail,0022300003,478,1628398,Kyle Kuzma,1610612764,Washington Wizards,4,8,31,Missed Shot,Jump Shot,3PT Field Goal,Above the Break 3,Left Side Center(LC),24+ ft.,25,-161,195,1,0,20231103,MIA,WAS
Shot Chart Detail,0022300003,487,1628398,Kyle Kuzma,1610612764,Washington Wizards,4,7,27,Missed Shot,Turnaround Fadeaway shot,2PT Field Goal,Mid-Range,Left Side(L),8-16 ft.,11,-115,20,1,0,20231103,MIA,WAS
Shot Chart Detail,0022300009,9,1628398,Kyle Kuzma,1610612764,Washington Wizards,1,11,26,Missed Shot,Jump Shot,3PT Field Goal,Above the Break 3,Center(C),24+ ft.,27,-83,261,1,0,20231110,WAS,CHA
Shot Chart Detail,0022300009,17,1628398,Kyle Kuzma,1610612764,Washington Wizards,1,10,34,Made Shot,Jump Shot,3PT Field Goal,Left Corner 3,Left Side(L),24+ ft.,24,-244,-28,1,1,20231110,WAS,CHA
Shot Chart Detail,0022300009,41,1628398,Kyle Kuzma,1610612764,Washington Wizards,1,8,18,Missed Shot,Jump Shot,3PT Field Goal,Above the Break 3,Left Side Center(LC),24+ ft.,27,-230,153,1,0,20231110,WAS,CHA
Shot Chart Detail,0022300009,81,1628398,Kyle Kuzma,1610612764,Washington Wizards,1,4,39,Missed Shot,Driving Layup Shot,2PT Field Goal,In The Paint (Non-RA),Center(C),Less Than 8 ft.,5,-45,22,1,0,20231110,WAS,CHA
Shot Chart Detail,0022300009,315,1628398,Kyle Kuzma,1610612764,Washington Wizards,2,1,1,Made Shot,Cutting Layup Shot,2PT Field Goal,Restricted Area,Center(C),Less Than 8 ft.,3,33,-2,1,1,20231110,WAS,CHA
Shot Chart Detail,0022300009,323,1628398,Kyle Kuzma,1610612764,Washington Wizards,2,0,3,Made Shot,Jump Shot,3PT Field Goal,Above the Break 3,Left Side Center(LC),24+ ft.,26,-93,251,1,1,20231110,WAS,CHA
Shot Chart Detail,0022300009,356,1628398,Kyle Kuzma,1610612764,Washington Wizards,3,10,15,Missed Shot,Fadeaway Jump Shot,2PT Field Goal,In The Paint (Non-RA),Left Side(L),8-16 ft.,11,-65,99,1,0,20231110,WAS,CHA
Shot Chart Detail,0022300009,360,1628398,Kyle Kuzma,1610612764,Washington Wizards,3,9,59,Made Shot,Floating Jump shot,2PT Field Goal,In The Paint (Non-RA),Center(C),Less Than 8 ft.,6,-33,57,1,1,20231110,WAS,CHA
Shot Chart Detail,0022300009,367,1628398,Kyle Kuzma,1610612764,Washington Wizards,3,9,37,Missed Shot,Driving Layup Shot,2PT Field Goal,In The Paint (Non-RA),Center(C),Less Than 8 ft.,4,47,-3,1,0,20231110,WAS,CHA
Shot Chart Detail,0022300009,389,1628398,Kyle Kuzma,1610612764,Washington Wizards,3,8,20,Made Shot,Running Dunk Shot,2PT Field Goal,Restricted Area,Center(C),Less Than 8 ft.,1,6,11,1,1,20231110,WAS,CHA
Shot Chart Detail,0022300009,415,1628398,Kyle Kuzma,1610612764,Washington Wizards,3,6,7,Missed Shot,Turnaround Jump Shot,2PT Field Goal,Mid-Range,Left Side(L),8-16 ft.,11,-97,67,1,0,20231110,WAS,CHA
Shot Chart Detail,0022300009,443,1628398,Kyle Kuzma,1610612764,Washington Wizards,3,4,35,Missed Shot,Jump Shot,2PT Field Goal,Mid-Range,Left Side(L),8-16 ft.,10,-87,50,1,0,20231110,WAS,CHA
Shot Chart Detail,0022300009,643,1628398,Kyle Kuzma,1610612764,Washington Wizards,4,4,44,Missed Shot,Jump Shot,2PT Field Goal,In The Paint (Non-RA),Center(C),8-16 ft.,13,56,125,1,0,20231110,WAS,CHA
Shot Chart Detail,0022300009,654,1628398,Kyle Kuzma,1610612764,Washington Wizards,4,4,4,Made Shot,Driving Layup Shot,2PT Field Goal,Restricted Area,Center(C),Less Than 8 ft.,2,21,15,1,1,20231110,WAS,CHA
Shot Chart Detail,0022300009,658,1628398,Kyle Kuzma,1610612764,Washington Wizards,4,3,24,Missed Shot,Jump Shot,3PT Field Goal,Right Corner 3,Right Side(R),24+ ft.,23,233,-24,1,0,20231110,WAS,CHA
Shot Chart Detail,0022300009,674,1628398,Kyle Kuzma,1610612764,Washington Wizards,4,2,31,Missed Shot,Layup Shot,2PT Field Goal,In The Paint (Non-RA),Left Side(L),8-16 ft.,8,-72,42,1,0,20231110,WAS,CHA
Shot Chart Detail,0022300009,707,1628398,Kyle Kuzma,1610612764,Washington Wizards,4,0,13,Made Shot,Driving Floating Jump Shot,2PT Field Goal,Restricted Area,Center(C),Less Than 8 ft.,1,0,13,1,1,20231110,WAS,CHA
Shot Chart Detail,0022300028,14,1628398,Kyle Kuzma,1610612764,Washington Wizards,1,11,29,Missed Shot,Step Back Jump shot,3PT Field Goal,Above the Break 3,Right Side Center(RC),24+ ft.,26,145,225,1,0,20231117,WAS,NYK
Shot Chart Detail,0022300028,51,1628398,Kyle Kuzma,1610612764,Washington Wizards,1,7,43,Missed Shot,Turnaround Fadeaway shot,2PT Field Goal,In The Paint (Non-RA),Right Side(R),8-16 ft.,8,62,62,1,0,20231117,WAS,NYK
Shot Chart Detail,0022300028,56,1628398,Kyle Kuzma,1610612764,Washington Wizards,1,7,13,Made Shot,Step Back Jump shot,3PT Field Goal,Above the Break 3,Left Side Center(LC),24+ ft.,25,-225,120,1,1,20231117,WAS,NYK
Shot Chart Detail,0022300028,87,1628398,Kyle Kuzma,1610612764,Washington Wizards,1,4,55,Missed Shot,Fadeaway Jump Shot,2PT Field Goal,Mid-Range,Left Side(L),8-16 ft.,12,-86,96,1,0,20231117,WAS,NYK
Shot Chart Detail,0022300028,91,1628398,Kyle Kuzma,1610612764,Washington Wizards,1,4,26,Made Shot,Running Layup Shot,2PT Field Goal,Restricted Area,Center(C),Less Than 8 ft.,2,29,4,1,1,20231117,WAS,NYK
Shot Chart Detail,0022300028,223,1628398,Kyle Kuzma,1610612764,Washington Wizards,2,6,27,Missed Shot,Floating Jump shot,2PT Field Goal,In The Paint (Non-RA),Center(C),Less Than 8 ft.,7,-61,47,1,0,20231117,WAS,NYK
Shot Chart Detail,0022300028,250,1628398,Kyle Kuzma,1610612764,Washington Wizards,2,4,44,Missed Shot,Driving Layup Shot,2PT Field Goal,Restricted Area,Center(C),Less Than 8 ft.,3,31,5,1,0,20231117,WAS,NYK
Shot Chart Detail,0022300028,275,1628398,Kyle Kuzma,1610612764,Washington Wizards,2,2,40,Made Shot,Driving Floating Jump Shot,2PT Field Goal,In The Paint (Non-RA),Center(C),Less Than 8 ft.,5,7,55,1,1,20231117,WAS,NYK
Shot Chart Detail,0022300028,278,1628398,Kyle Kuzma,1610612764,Washington Wizards,2,2,11,Made Shot,Running Layup Shot,2PT Field Goal,Restricted Area,Center(C),Less Than 8 ft.,2,20,8,1,1,20231117,WAS,NYK
Shot Chart Detail,0022300028,297,1628398,Kyle Kuzma,1610612764,Washington Wizards,2,0,38,Made Shot,Pullup Jump shot,3PT Field Goal,Above the Break 3,Left Side Center(LC),24+ ft.,28,-141,244,1,1,20231117,WAS,NYK
Shot Chart Detail,0022300028,326,1628398,Kyle Kuzma,1610612764,Washington Wizards,3,10,19,Made Shot,Running Layup Shot,2PT Field Goal,Restricted Area,Center(C),Less Than 8 ft.,2,-26,9,1,1,20231117,WAS,NYK
Shot Chart Detail,0022300028,330,1628398,Kyle Kuzma,1610612764,Washington Wizards,3,9,47,Missed Shot,Jump Shot,2PT Field Goal,In The Paint (Non-RA),Center(C),Less Than 8 ft.,6,37,52,1,0,20231117,WAS,NYK
Shot Chart Detail,0022300028,351,1628398,Kyle Kuzma,1610612764,Washington Wizards,3,7,30,Missed Shot,Driving Floating Jump Shot,2PT Field Goal,In The Paint (Non-RA),Center(C),Less Than 8 ft.,7,55,56,1,0,20231117,WAS,NYK
Shot Chart Detail,0022300028,371,1628398,Kyle Kuzma,1610612764,Washington Wizards,3,5,39,Missed Shot,Pullup Jump shot,3PT Field Goal,Above the Break 3,Center(C),24+ ft.,28,22,285,1,0,20231117,WAS,NYK
Shot Chart Detail,0022300028,401,1628398,Kyle Kuzma,1610612764,Washington Wizards,3,4,17,Made Shot,Jump Shot,3PT Field Goal,Right Corner 3,Right Side(R),24+ ft.,22,225,11,1,1,20231117,WAS,NYK
Shot Chart Detail,0022300028,413,1628398,Kyle Kuzma,1610612764,Washington Wizards,3,3,16,Made Shot,Driving Dunk Shot,2PT Field Goal,Restricted Area,Center(C),Less Than 8 ft.,0,-2,8,1,1,20231117,WAS,NYK
Shot Chart Detail,0022300028,532,1628398,Kyle Kuzma,1610612764,Washington Wizards,4,7,59,Missed Shot,Turnaround Jump Shot,2PT Field Goal,In The Paint (Non-RA),Right Side(R),8-16 ft.,12,71,106,1,0,20231117,WAS,NYK
Shot Chart Detail,0022300028,546,1628398,Kyle Kuzma,1610612764,Washington Wizards,4,7,2,Missed Shot,Jump Shot,3PT Field Goal,Left Corner 3,Left Side(L),24+ ft.,22,-229,-13,1,0,20231117,WAS,NYK
Shot Chart Detail,0022300028,587,1628398,Kyle Kuzma,1610612764,Washington Wizards,4,4,33,Missed Shot,Jump Shot,3PT Field Goal,Above the Break 3,Right Side Center(RC),24+ ft.,26,214,155,1,0,20231117,WAS,NYK
Shot Chart Detail,0022300028,613,1628398,Kyle Kuzma,1610612764,Washington Wizards,4,2,26,Missed Shot,Driving Layup Shot,2PT Field Goal,In The Paint (Non-RA),Center(C),Less Than 8 ft.,4,21,40,1,0,20231117,WAS,NYK
Shot Chart Detail,0022300028,617,1628398,Kyle Kuzma,1610612764,Washington Wizards,4,2,20,Missed Shot,Jump Shot,3PT Field Goal,Above the Break 3,Center(C),24+ ft.,26,31,261,1,0,20231117,WAS,NYK
Shot Chart Detail,0022300049,7,1628398,Kyle Kuzma,1610612764,Washington Wizards,1,11,32,Made Shot,Jump Shot,3PT Field Goal,Above the Break 3,Center(C),24+ ft.,25,-39,255,1,1,20231124,MIL,WAS
Shot Chart Detail,0022300049,39,1628398,Kyle Kuzma,1610612764,Washington Wizards,1,8,44,Made Shot,Pullup Jump shot,2PT Field Goal,In The Paint (Non-RA),Left Side(L),8-16 ft.,10,-64,89,1,1,20231124,MIL,WAS
Shot Chart Detail,0022300049,51,1628398,Kyle Kuzma,1610612764,Washington Wizards,1,7,35,Made Shot,Jump Shot,3PT Field Goal,Above the Break 3,Left Side Center(LC),24+ ft.,25,-142,210,1,1,20231124,MIL,WAS
Shot Chart Detail,0022300049,100,1628398,Kyle Kuzma,1610612764,Washington Wizards,1,4,12,Missed Shot,Jump Shot,3PT Field Goal,Above the Break 3,Center(C),24+ ft.,26,-7,268,1,0,20231124,MIL,WAS
Shot Chart Detail,0022300049,266,1628398,Kyle Kuzma,1610612764,Washington Wizards,2,4,42,Missed Shot,Step Back Jump shot,3PT Field Goal,Above the Break 3,Center(C),24+ ft.,27,-25,272,1,0,20231124,MIL,WAS
Shot Chart Detail,0022300049,286,1628398,Kyle Kuzma,1610612764,Washington Wizards,2,2,44,Made Shot,Pullup Jump shot,2PT Field Goal,In The Paint (Non-RA),Center(C),Less Than 8 ft.,5,-42,35,1,1,20231124,MIL,WAS
Shot Chart Detail,0022300049,290,1628398,Kyle Kuzma,1610612764,Washington Wizards,2,2,17,Missed Shot,Driving Layup Shot,2PT Field Goal,In The Paint (Non-RA),Center(C),Less Than 8 ft.,6,53,40,1,0,20231124,MIL,WAS
Shot Chart Detail,0022300049,292,1628398,Kyle Kuzma,1610612764,Washington Wizards,2,2,13,Missed Shot,Layup Shot,2PT Field Goal,Restricted Area,Center(C),Less Than 8 ft.,2,1,25,1,0,20231124,MIL,WAS
Shot Chart Detail,0022300049,294,1628398,Kyle Kuzma,1610612764,Washington Wizards,2,2,9,Missed Shot,Putback Layup Shot,2PT Field Goal,Restricted Area,Center(C),Less Than 8 ft.,1,-10,14,1,0,20231124,MIL,WAS
Shot Chart Detail,0022300049,303,1628398,Kyle Kuzma,1610612764,Washington Wizards,2,1,11,Missed Shot,Hook Shot,2PT Field Goal,In The Paint (Non-RA),Center(C),Less Than 8 ft.,5,48,14,1,0,20231124,MIL,WAS
Shot Chart Detail,0022300049,315,1628398,Kyle Kuzma,1610612764,Washington Wizards,2,0,7,Missed Shot,Driving Layup Shot,2PT Field Goal,In The Paint (Non-RA),Center(C),Less Than 8 ft.,4,-34,35,1,0,20231124,MIL,WAS
Shot Chart Detail,0022300049,354,1628398,Kyle Kuzma,1610612764,Washington Wizards,3,9,55,Made Shot,Driving Layup Shot,2PT Field Goal,Restricted Area,Center(C),Less Than 8 ft.,3,10,37,1,1,20231124,MIL,WAS
Shot Chart Detail,0022300049,369,1628398,Kyle Kuzma,1610612764,Washington Wizards,3,8,48,Missed Shot,Jump Shot,3PT Field Goal,Above the Break 3,Right Side Center(RC),24+ ft.,27,154,231,1,0,20231124,MIL,WAS
Shot Chart Detail,0022300049,378,1628398,Kyle Kuzma,1610612764,Washington Wizards,3,7,58,Missed Shot,Turnaround Fadeaway shot,2PT Field Goal,In The Paint (Non-RA),Right Side(R),8-16 ft.,8,48,68,1,0,20231124,MIL,WAS
Shot Chart Detail,0022300049,418,1628398,Kyle Kuzma,1610612764,Washington Wizards,3,5,47,Missed Shot,Jump Shot,3PT Field Goal,Above the Break 3,Left Side Center(LC),24+ ft.,27,-206,181,1,0,20231124,MIL,WAS
Shot Chart Detail,0022300049,436,1628398,Kyle Kuzma,1610612764,Washington Wizards,3,4,25,Missed Shot,Turnaround Jump Shot,2PT Field Goal,Mid-Range,Right Side(R),8-16 ft.,13,105,89,1,0,20231124,MIL,WAS
Shot Chart Detail,0022300049,571,1628398,Kyle Kuzma,1610612764,Washington Wizards,4,7,13,Made Shot,Turnaround Jump Shot,2PT Field Goal,In The Paint (Non-RA),Center(C),8-16 ft.,8,-9,85,1,1,20231124,MIL,WAS
Shot Chart Detail,0022300049,577,1628398,Kyle Kuzma,1610612764,Washington Wizards,4,6,35,Missed Shot,Driving Floating Bank Jump Shot,2PT Field Goal,In The Paint (Non-RA),Center(C),Less Than 8 ft.,7,56,52,1,0,20231124,MIL,WAS
Shot Chart Detail,0022300049,624,1628398,Kyle Kuzma,1610612764,Washington Wizards,4,2,57,Made Shot,Driving Floating Bank Jump Shot,2PT Field Goal,Mid-Range,Right Side(R),8-16 ft.,11,82,83,1,1,20231124,MIL,WAS
Shot Chart Detail,0022300049,666,1628398,Kyle Kuzma,1610612764,Washington Wizards,4,0,16,Made Shot,Running Jump Shot,3PT Field Goal,Left Corner 3,Left Side(L),24+ ft.,23,-235,12,1,1,20231124,MIL,WAS
Shot Chart Detail,0022300049,690,1628398,Kyle Kuzma,1610612764,Washington Wizards,4,0,4,Made Shot,Running Layup Shot,2PT Field Goal,Restricted Area,Center(C),Less Than 8 ft.,2,2,26,1,1,20231124,MIL,WAS
Shot Chart Detail,0022300049,704,1628398,Kyle Kuzma,1610612764,Washington Wizards,4,0,0,Missed Shot,Pullup Jump shot,3PT Field Goal,Above the Break 3,Center(C),24+ ft.,37,69,364,1,0,20231124,MIL,WAS
Shot Chart Detail,0022300064,16,1628398,Kyle Kuzma,1610612764,Washington Wizards,1,11,10,Missed Shot,Jump Shot,2PT Field Goal,Mid-Range,Left Side(L),16-24 ft.,17,-158,67,1,0,20231025,IND,WAS
Shot Chart Detail,0022300064,53,1628398,Kyle Kuzma,1610612764,Washington Wizards,1,7,40,Missed Shot,Turnaround Fadeaway shot,2PT Field Goal,In The Paint (Non-RA),Center(C),8-16 ft.,9,-45,78,1,0,20231025,IND,WAS
Shot Chart Detail,0022300064,61,1628398,Kyle Kuzma,1610612764,Washington Wizards,1,6,50,Made Shot,Driving Layup Shot,2PT Field Goal,Restricted Area,Center(C),Less Than 8 ft.,1,11,7,1,1,20231025,IND,WAS
Shot Chart Detail,0022300064,77,1628398,Kyle Kuzma,1610612764,Washington Wizards,1,5,50,Missed Shot,Driving Reverse Layup Shot,2PT Field Goal,Restricted Area,Center(C),Less Than 8 ft.,0,2,6,1,0,20231025,IND,WAS
Shot Chart Detail,0022300064,89,1628398,Kyle Kuzma,1610612764,Washington Wizards,1,5,28,Made Shot,Driving Layup Shot,2PT Field Goal,In The Paint (Non-RA),Center(C),Less Than 8 ft.,5,7,54,1,1,20231025,IND,WAS
Shot Chart Detail,0022300064,116,1628398,Kyle Kuzma,1610612764,Washington Wizards,1,3,55,Missed Shot,Running Finger Roll Layup Shot,2PT Field Goal,Restricted Area,Center(C),Less Than 8 ft.,1,11,6,1,0,20231025,IND,WAS
Shot Chart Detail,0022300064,284,1628398,Kyle Kuzma,1610612764,Washington Wizards,2,2,46,Made Shot,Running Layup Shot,2PT Field Goal,Restricted Area,Center(C),Less Than 8 ft.,0,9,-1,1,1,20231025,IND,WAS
Shot Chart Detail,0022300064,292,1628398,Kyle Kuzma,1610612764,Washington Wizards,2,1,59,Made Shot,Driving Finger Roll Layup Shot,2PT Field Goal,Restricted Area,Center(C),Less Than 8 ft.,2,18,11,1,1,20231025,IND,WAS
Shot Chart Detail,0022300064,295,1628398,Kyle Kuzma,1610612764,Washington Wizards,2,1,35,Made Shot,Driving Floating Jump Shot,2PT Field Goal,In The Paint (Non-RA),Center(C),Less Than 8 ft.,7,-13,75,1,1,20231025,IND,WAS
Shot Chart Detail,0022300064,302,1628398,Kyle Kuzma,1610612764,Washington Wizards,2,1,12,Missed Shot,Step Back Jump shot,3PT Field Goal,Above the Break 3,Right Side Center(RC),24+ ft.,27,100,254,1,0,20231025,IND,WAS
Shot Chart Detail,0022300064,320,1628398,Kyle Kuzma,1610612764,Washington Wizards,2,0,6,Made Shot,Step Back Jump shot,3PT Field Goal,Above the Break 3,Right Side Center(RC),24+ ft.,29,147,253,1,1,20231025,IND,WAS
Shot Chart Detail,0022300064,359,1628398,Kyle Kuzma,1610612764,Washington Wizards,3,9,29,Missed Shot,Driving Floating Jump Shot,2PT Field Goal,In The Paint (Non-RA),Center(C),Less Than 8 ft.,7,26,74,1,0,20231025,IND,WAS
Shot Chart Detail,0022300064,435,1628398,Kyle Kuzma,1610612764,Washington Wizards,3,5,3,Made Shot,Driving Floating Bank Jump Shot,2PT Field Goal,Restricted Area,Center(C),Less Than 8 ft.,2,-21,1,1,1,20231025,IND,WAS
Shot Chart Detail,0022300064,445,1628398,Kyle Kuzma,1610612764,Washington Wizards,3,4,16,Missed Shot,Pullup Jump shot,3PT Field Goal,Above the Break 3,Left Side Center(LC),24+ ft.,25,-87,236,1,0,20231025,IND,WAS
Shot Chart Detail,0022300064,449,1628398,Kyle Kuzma,1610612764,Washington Wizards,3,4,4,Made Shot,Tip Layup Shot,2PT Field Goal,Restricted Area,Center(C),Less Than 8 ft.,0,0,0,1,1,20231025,IND,WAS
Shot Chart Detail,0022300064,452,1628398,Kyle Kuzma,1610612764,Washington Wizards,3,3,44,Missed Shot,Driving Layup Shot,2PT Field Goal,Restricted Area,Center(C),Less Than 8 ft.,1,1,-18,1,0,20231025,IND,WAS
Shot Chart Detail,0022300064,572,1628398,Kyle Kuzma,1610612764,Washington Wizards,4,8,52,Made Shot,Running Layup Shot,2PT Field Goal,Restricted Area,Center(C),Less Than 8 ft.,1,1,-17,1,1,20231025,IND,WAS
Shot Chart Detail,0022300064,576,1628398,Kyle Kuzma,1610612764,Washington Wizards,4,8,23,Missed Shot,Jump Shot,3PT Field Goal,Above the Break 3,Right Side Center(RC),24+ ft.,25,224,131,1,0,20231025,IND,WAS
Shot Chart Detail,0022300089,9,1628398,Kyle Kuzma,1610612764,Washington Wizards,1,11,45,Missed Shot,Jump Shot,3PT Field Goal,Above the Break 3,Right Side Center(RC),24+ ft.,27,200,183,1,0,20231028,WAS,MEM
Shot Chart Detail,0022300089,21,1628398,Kyle Kuzma,1610612764,Washington Wizards,1,10,38,Missed Shot,Step Back Jump shot,3PT Field Goal,Above the Break 3,Left Side Center(LC),24+ ft.,27,-105,255,1,0,20231028,WAS,MEM
Shot Chart Detail,0022300089,24,1628398,Kyle Kuzma,1610612764,Washington Wizards,1,10,12,Missed Shot,Floating Jump shot,2PT Field Goal,In The Paint (Non-RA),Center(C),Less Than 8 ft.,5,50,20,1,0,20231028,WAS,MEM
Shot Chart Detail,0022300089,33,1628398,Kyle Kuzma,1610612764,Washington Wizards,1,9,14,Missed Shot,Jump Shot,3PT Field Goal,Above the Break 3,Left Side Center(LC),24+ ft.,25,-200,161,1,0,20231028,WAS,MEM
Shot Chart Detail,0022300089,39,1628398,Kyle Kuzma,1610612764,Washington Wizards,1,8,47,Made Shot,Jump Shot,3PT Field Goal,Right Corner 3,Right Side(R),24+ ft.,22,222,53,1,1,20231028,WAS,MEM
Shot Chart Detail,0022300089,47,1628398,Kyle Kuzma,1610612764,Washington Wizards,1,7,57,Missed Shot,Jump Shot,3PT Field Goal,Above the Break 3,Left Side Center(LC),24+ ft.,27,-143,232,1,0,20231028,WAS,MEM
Shot Chart Detail,0022300089,125,1628398,Kyle Kuzma,1610612764,Washington Wizards,1,3,4,Missed Shot,Jump Shot,3PT Field Goal,Above the Break 3,Left Side Center(LC),24+ ft.,26,-201,176,1,0,20231028,WAS,MEM
Shot Chart Detail,0022300089,158,1628398,Kyle Kuzma,1610612764,Washington Wizards,1,0,37,Missed Shot,Jump Shot,2PT Field Goal,In The Paint (Non-RA),Center(C),8-16 ft.,9,-12,93,1,0,20231028,WAS,MEM
Shot Chart Detail,0022300089,192,1628398,Kyle Kuzma,1610612764,Washington Wizards,2,10,52,Missed Shot,Driving Layup Shot,2PT Field Goal,In The Paint (Non-RA),Center(C),Less Than 8 ft.,4,21,37,1,0,20231028,WAS,MEM
Shot Chart Detail,0022300089,319,1628398,Kyle Kuzma,1610612764,Washington Wizards,2,2,5,Made Shot,Cutting Dunk Shot,2PT Field Goal,Restricted Area,Center(C),Less Than 8 ft.,1,7,16,1,1,20231028,WAS,MEM
Shot Chart Detail,0022300089,334,1628398,Kyle Kuzma,1610612764,Washington Wizards,2,0,42,Missed Shot,Jump Shot,3PT Field Goal,Above the Break 3,Left Side Center(LC),24+ ft.,26,-219,146,1,0,20231028,WAS,MEM
Shot Chart Detail,0022300089,337,1628398,Kyle Kuzma,1610612764,Washington Wizards,2,0,8,Made Shot,Layup Shot,2PT Field Goal,Restricted Area,Center(C),Less Than 8 ft.,2,-18,17,1,1,20231028,WAS,MEM
Shot Chart Detail,0022300089,369,1628398,Kyle Kuzma,1610612764,Washington Wizards,3,10,7,Missed Shot,Layup Shot,2PT Field Goal,Restricted Area,Center(C),Less Than 8 ft.,2,-16,16,1,0,20231028,WAS,MEM
Shot Chart Detail,0022300089,385,1628398,Kyle Kuzma,1610612764,Washington Wizards,3,9,23,Made Shot,Alley Oop Dunk Shot,2PT Field Goal,Restricted Area,Center(C),Less Than 8 ft.,1,1,16,1,1,20231028,WAS,MEM
Shot Chart Detail,0022300089,392,1628398,Kyle Kuzma,1610612764,Washington Wizards,3,8,55,Missed Shot,Jump Shot,3PT Field Goal,Above the Break 3,Center(C),24+ ft.,25,9,259,1,0,20231028,WAS,MEM
Shot Chart Detail,0022300089,406,1628398,Kyle Kuzma,1610612764,Washington Wizards,3,7,41,Missed Shot,Jump Shot,3PT Field Goal,Above the Break 3,Right Side Center(RC),24+ ft.,25,233,111,1,0,20231028,WAS,MEM
Shot Chart Detail,0022300089,534,1628398,Kyle Kuzma,1610612764,Washington Wizards,4,10,45,Made Shot,Driving Layup Shot,2PT Field Goal,Restricted Area,Center(C),Less Than 8 ft.,3,29,16,1,1,20231028,WAS,MEM
Shot Chart Detail,0022300089,551,1628398,Kyle Kuzma,1610612764,Washington Wizards,4,9,25,Made Shot,Turnaround Jump Shot,2PT Field Goal,Mid-Range,Right Side(R),8-16 ft.,9,96,23,1,1,20231028,WAS,MEM
Shot Chart Detail,0022300089,563,1628398,Kyle Kuzma,1610612764,Washington Wizards,4,8,25,Missed Shot,Floating Jump shot,2PT Field Goal,In The Paint (Non-RA),Center(C),Less Than 8 ft.,7,-6,75,1,0,20231028,WAS,MEM
Shot Chart Detail,0022300089,573,1628398,Kyle Kuzma,1610612764,Washington Wizards,4,7,30,Made Shot,Layup Shot,2PT Field Goal,In The Paint (Non-RA),Center(C),Less Than 8 ft.,4,44,23,1,1,20231028,WAS,MEM
Shot Chart Detail,0022300089,633,1628398,Kyle Kuzma,1610612764,Washington Wizards,4,3,57,Missed Shot,Step Back Jump shot,3PT Field Goal,Above the Break 3,Center(C),24+ ft.,27,-4,277,1,0,20231028,WAS,MEM
Shot Chart Detail,0022300089,653,1628398,Kyle Kuzma,1610612764,Washington Wizards,4,1,27,Made Shot,Fadeaway Jump Shot,2PT Field Goal,Mid-Range,Left Side Center(LC),16-24 ft.,16,-131,99,1,1,20231028,WAS,MEM
Shot Chart Detail,0022300089,674,1628398,Kyle Kuzma,1610612764,Washington Wizards,4,0,41,Made Shot,Tip Dunk Shot,2PT Field Goal,Restricted Area,Center(C),Less Than 8 ft.,0,0,0,1,1,20231028,WAS,MEM
Shot Chart Detail,0022300103,9,1628398,Kyle Kuzma,1610612764,Washington Wizards,1,11,24,Missed Shot,Turnaround Jump Shot,2PT Field Goal,Mid-Range,Left Side(L),8-16 ft.,13,-136,-4,1,0,20231030,WAS,BOS
Shot Chart Detail,0022300103,44,1628398,Kyle Kuzma,1610612764,Washington Wizards,1,7,31,Missed Shot,Jump Shot,3PT Field Goal,Above the Break 3,Right Side Center(RC),24+ ft.,31,124,285,1,0,20231030,WAS,BOS
Shot Chart Detail,0022300103,129,1628398,Kyle Kuzma,1610612764,Washington Wizards,1,2,0,Made Shot,Jump Shot,3PT Field Goal,Left Corner 3,Left Side(L),24+ ft.,24,-237,60,1,1,20231030,WAS,BOS
Shot Chart Detail,0022300103,182,1628398,Kyle Kuzma,1610612764,Washington Wizards,2,10,52,Made Shot,Driving Layup Shot,2PT Field Goal,In The Paint (Non-RA),Center(C),Less Than 8 ft.,4,-21,39,1,1,20231030,WAS,BOS
Shot Chart Detail,0022300103,187,1628398,Kyle Kuzma,1610612764,Washington Wizards,2,10,14,Made Shot,Turnaround Fadeaway shot,2PT Field Goal,In The Paint (Non-RA),Center(C),8-16 ft.,12,-54,117,1,1,20231030,WAS,BOS
Shot Chart Detail,0022300103,198,1628398,Kyle Kuzma,1610612764,Washington Wizards,2,9,13,Made Shot,Pullup Jump shot,3PT Field Goal,Above the Break 3,Center(C),24+ ft.,26,75,251,1,1,20231030,WAS,BOS
Shot Chart Detail,0022300103,206,1628398,Kyle Kuzma,1610612764,Washington Wizards,2,8,8,Missed Shot,Layup Shot,2PT Field Goal,Mid-Range,Left Side(L),8-16 ft.,10,-104,26,1,0,20231030,WAS,BOS
Shot Chart Detail,0022300103,287,1628398,Kyle Kuzma,1610612764,Washington Wizards,2,2,54,Missed Shot,Turnaround Jump Shot,2PT Field Goal,Mid-Range,Left Side(L),8-16 ft.,12,-113,42,1,0,20231030,WAS,BOS
Shot Chart Detail,0022300103,291,1628398,Kyle Kuzma,1610612764,Washington Wizards,2,2,26,Made Shot,Pullup Jump shot,2PT Field Goal,Mid-Range,Left Side Center(LC),16-24 ft.,19,-91,167,1,1,20231030,WAS,BOS
Shot Chart Detail,0022300103,298,1628398,Kyle Kuzma,1610612764,Washington Wizards,2,1,59,Made Shot,Cutting Finger Roll Layup Shot,2PT Field Goal,Restricted Area,Center(C),Less Than 8 ft.,1,16,8,1,1,20231030,WAS,BOS
Shot Chart Detail,0022300103,314,1628398,Kyle Kuzma,1610612764,Washington Wizards,2,0,10,Missed Shot,Jump Shot,3PT Field Goal,Above the Break 3,Left Side Center(LC),24+ ft.,27,-175,210,1,0,20231030,WAS,BOS
Shot Chart Detail,0022300103,336,1628398,Kyle Kuzma,1610612764,Washington Wizards,3,10,49,Missed Shot,Jump Shot,3PT Field Goal,Above the Break 3,Center(C),24+ ft.,27,61,264,1,0,20231030,WAS,BOS
Shot Chart Detail,0022300103,375,1628398,Kyle Kuzma,1610612764,Washington Wizards,3,8,4,Made Shot,Running Layup Shot,2PT Field Goal,In The Paint (Non-RA),Center(C),Less Than 8 ft.,5,20,52,1,1,20231030,WAS,BOS
Shot Chart Detail,0022300103,404,1628398,Kyle Kuzma,1610612764,Washington Wizards,3,5,14,Made Shot,Turnaround Fadeaway shot,2PT Field Goal,Mid-Range,Left Side Center(LC),16-24 ft.,16,-80,147,1,1,20231030,WAS,BOS
Shot Chart Detail,0022300103,416,1628398,Kyle Kuzma,1610612764,Washington Wizards,3,3,51,Made Shot,Jump Shot,3PT Field Goal,Above the Break 3,Left Side Center(LC),24+ ft.,26,-154,211,1,1,20231030,WAS,BOS
Shot Chart Detail,0022300117,15,1628398,Kyle Kuzma,1610612764,Washington Wizards,1,10,44,Made Shot,Driving Reverse Layup Shot,2PT Field Goal,Restricted Area,Center(C),Less Than 8 ft.,1,2,10,1,1,20231101,ATL,WAS
Shot Chart Detail,0022300117,18,1628398,Kyle Kuzma,1610612764,Washington Wizards,1,10,3,Made Shot,Driving Layup Shot,2PT Field Goal,Restricted Area,Center(C),Less Than 8 ft.,1,2,11,1,1,20231101,ATL,WAS
Shot Chart Detail,0022300117,29,1628398,Kyle Kuzma,1610612764,Washington Wizards,1,8,52,Missed Shot,Jump Shot,3PT Field Goal,Above the Break 3,Center(C),24+ ft.,25,-27,251,1,0,20231101,ATL,WAS
Shot Chart Detail,0022300117,38,1628398,Kyle Kuzma,1610612764,Washington Wizards,1,8,2,Made Shot,Driving Layup Shot,2PT Field Goal,Restricted Area,Center(C),Less Than 8 ft.,0,-6,7,1,1,20231101,ATL,WAS
Shot Chart Detail,0022300117,132,1628398,Kyle Kuzma,1610612764,Washington Wizards,1,1,40,Missed Shot,Pullup Jump shot,2PT Field Goal,Mid-Range,Center(C),8-16 ft.,15,-2,151,1,0,20231101,ATL,WAS
Shot Chart Detail,0022300117,145,1628398,Kyle Kuzma,1610612764,Washington Wizards,1,0,9,Made Shot,Pullup Jump shot,3PT Field Goal,Above the Break 3,Right Side Center(RC),24+ ft.,25,115,228,1,1,20231101,ATL,WAS
Shot Chart Detail,0022300117,160,1628398,Kyle Kuzma,1610612764,Washington Wizards,2,10,59,Missed Shot,Step Back Jump shot,3PT Field Goal,Above the Break 3,Center(C),24+ ft.,25,-49,253,1,0,20231101,ATL,WAS
Shot Chart Detail,0022300117,170,1628398,Kyle Kuzma,1610612764,Washington Wizards,2,10,0,Made Shot,Driving Dunk Shot,2PT Field Goal,Restricted Area,Center(C),Less Than 8 ft.,0,1,8,1,1,20231101,ATL,WAS
Shot Chart Detail,0022300117,176,1628398,Kyle Kuzma,1610612764,Washington Wizards,2,9,20,Missed Shot,Fadeaway Jump Shot,2PT Field Goal,Mid-Range,Left Side(L),8-16 ft.,14,-136,52,1,0,20231101,ATL,WAS
Shot Chart Detail,0022300117,185,1628398,Kyle Kuzma,1610612764,Washington Wizards,2,8,40,Made Shot,Running Dunk Shot,2PT Field Goal,Restricted Area,Center(C),Less Than 8 ft.,0,-4,-1,1,1,20231101,ATL,WAS
Shot Chart Detail,0022300117,190,1628398,Kyle Kuzma,1610612764,Washington Wizards,2,8,9,Made Shot,Turnaround Fadeaway shot,2PT Field Goal,Mid-Range,Left Side(L),8-16 ft.,11,-119,11,1,1,20231101,ATL,WAS
Shot Chart Detail,0022300117,276,1628398,Kyle Kuzma,1610612764,Washington Wizards,2,2,46,Made Shot,Driving Floating Jump Shot,2PT Field Goal,In The Paint (Non-RA),Center(C),8-16 ft.,8,20,81,1,1,20231101,ATL,WAS
Shot Chart Detail,0022300117,282,1628398,Kyle Kuzma,1610612764,Washington Wizards,2,2,16,Missed Shot,Driving Floating Jump Shot,2PT Field Goal,Mid-Range,Left Side(L),8-16 ft.,12,-123,12,1,0,20231101,ATL,WAS
Shot Chart Detail,0022300117,312,1628398,Kyle Kuzma,1610612764,Washington Wizards,2,0,2,Missed Shot,Step Back Jump shot,3PT Field Goal,Above the Break 3,Left Side Center(LC),24+ ft.,27,-142,239,1,0,20231101,ATL,WAS
Shot Chart Detail,0022300117,318,1628398,Kyle Kuzma,1610612764,Washington Wizards,3,11,47,Missed Shot,Driving Layup Shot,2PT Field Goal,Restricted Area,Center(C),Less Than 8 ft.,1,11,5,1,0,20231101,ATL,WAS
Shot Chart Detail,0022300117,322,1628398,Kyle Kuzma,1610612764,Washington Wizards,3,11,22,Missed Shot,Jump Shot,3PT Field Goal,Right Corner 3,Right Side(R),24+ ft.,24,233,69,1,0,20231101,ATL,WAS
Shot Chart Detail,0022300117,382,1628398,Kyle Kuzma,1610612764,Washington Wizards,3,7,27,Made Shot,Running Dunk Shot,2PT Field Goal,Restricted Area,Center(C),Less Than 8 ft.,1,7,9,1,1,20231101,ATL,WAS
Shot Chart Detail,0022300117,396,1628398,Kyle Kuzma,1610612764,Washington Wizards,3,6,33,Made Shot,Running Reverse Layup Shot,2PT Field Goal,Restricted Area,Center(C),Less Than 8 ft.,0,-2,6,1,1,20231101,ATL,WAS
Shot Chart Detail,0022300117,406,1628398,Kyle Kuzma,1610612764,Washington Wizards,3,5,54,Made Shot,Running Layup Shot,2PT Field Goal,Restricted Area,Center(C),Less Than 8 ft.,0,-1,8,1,1,20231101,ATL,WAS
Shot Chart Detail,0022300117,418,1628398,Kyle Kuzma,1610612764,Washington Wizards,3,4,53,Missed Shot,Step Back Jump shot,3PT Field Goal,Above the Break 3,Left Side Center(LC),24+ ft.,24,-141,203,1,0,20231101,ATL,WAS
Shot Chart Detail,0022300117,447,1628398,Kyle Kuzma,1610612764,Washington Wizards,3,3,12,Missed Shot,Driving Reverse Layup Shot,2PT Field Goal,Restricted Area,Center(C),Less Than 8 ft.,2,12,19,1,0,20231101,ATL,WAS
Shot Chart Detail,0022300148,14,1628398,Kyle Kuzma,1610612764,Washington Wizards,1,10,56,Missed Shot,Pullup Jump shot,2PT Field Goal,In The Paint (Non-RA),Center(C),8-16 ft.,8,-33,77,1,0,20231106,PHI,WAS
Shot Chart Detail,0022300148,66,1628398,Kyle Kuzma,1610612764,Washington Wizards,1,7,31,Made Shot,Jump Shot,3PT Field Goal,Above the Break 3,Right Side Center(RC),24+ ft.,27,168,215,1,1,20231106,PHI,WAS
Shot Chart Detail,0022300148,74,1628398,Kyle Kuzma,1610612764,Washington Wizards,1,6,59,Missed Shot,Jump Shot,2PT Field Goal,Mid-Range,Left Side(L),8-16 ft.,9,-89,26,1,0,20231106,PHI,WAS
Shot Chart Detail,0022300148,98,1628398,Kyle Kuzma,1610612764,Washington Wizards,1,5,1,Missed Shot,Running Jump Shot,3PT Field Goal,Above the Break 3,Right Side Center(RC),24+ ft.,27,151,227,1,0,20231106,PHI,WAS
Shot Chart Detail,0022300148,247,1628398,Kyle Kuzma,1610612764,Washington Wizards,2,8,0,Made Shot,Driving Dunk Shot,2PT Field Goal,Restricted Area,Center(C),Less Than 8 ft.,0,-2,3,1,1,20231106,PHI,WAS
Shot Chart Detail,0022300148,251,1628398,Kyle Kuzma,1610612764,Washington Wizards,2,7,43,Missed Shot,Running Layup Shot,2PT Field Goal,Restricted Area,Center(C),Less Than 8 ft.,3,29,11,1,0,20231106,PHI,WAS
Shot Chart Detail,0022300148,258,1628398,Kyle Kuzma,1610612764,Washington Wizards,2,7,2,Made Shot,Step Back Jump shot,3PT Field Goal,Left Corner 3,Left Side(L),24+ ft.,23,-230,57,1,1,20231106,PHI,WAS
Shot Chart Detail,0022300148,278,1628398,Kyle Kuzma,1610612764,Washington Wizards,2,5,28,Made Shot,Driving Hook Shot,2PT Field Goal,In The Paint (Non-RA),Center(C),Less Than 8 ft.,5,38,36,1,1,20231106,PHI,WAS
Shot Chart Detail,0022300148,294,1628398,Kyle Kuzma,1610612764,Washington Wizards,2,4,9,Missed Shot,Driving Bank Hook Shot,2PT Field Goal,In The Paint (Non-RA),Center(C),Less Than 8 ft.,5,45,24,1,0,20231106,PHI,WAS
Shot Chart Detail,0022300148,298,1628398,Kyle Kuzma,1610612764,Washington Wizards,2,3,40,Missed Shot,Driving Floating Bank Jump Shot,2PT Field Goal,In The Paint (Non-RA),Center(C),8-16 ft.,9,-5,94,1,0,20231106,PHI,WAS
Shot Chart Detail,0022300148,307,1628398,Kyle Kuzma,1610612764,Washington Wizards,2,2,55,Made Shot,Driving Floating Jump Shot,2PT Field Goal,In The Paint (Non-RA),Center(C),Less Than 8 ft.,7,32,72,1,1,20231106,PHI,WAS
Shot Chart Detail,0022300148,324,1628398,Kyle Kuzma,1610612764,Washington Wizards,2,1,32,Made Shot,Pullup Jump shot,2PT Field Goal,Mid-Range,Center(C),16-24 ft.,17,26,172,1,1,20231106,PHI,WAS
Shot Chart Detail,0022300148,332,1628398,Kyle Kuzma,1610612764,Washington Wizards,2,1,7,Made Shot,Jump Shot,3PT Field Goal,Above the Break 3,Left Side Center(LC),24+ ft.,26,-164,213,1,1,20231106,PHI,WAS
Shot Chart Detail,0022300148,338,1628398,Kyle Kuzma,1610612764,Washington Wizards,2,0,39,Made Shot,Jump Shot,2PT Field Goal,Mid-Range,Right Side(R),8-16 ft.,11,108,32,1,1,20231106,PHI,WAS
Shot Chart Detail,0022300148,381,1628398,Kyle Kuzma,1610612764,Washington Wizards,3,8,36,Made Shot,Turnaround Fadeaway Bank Jump Shot,2PT Field Goal,Mid-Range,Left Side(L),8-16 ft.,11,-108,23,1,1,20231106,PHI,WAS
Shot Chart Detail,0022300148,399,1628398,Kyle Kuzma,1610612764,Washington Wizards,3,7,22,Made Shot,Jump Shot,2PT Field Goal,Mid-Range,Center(C),16-24 ft.,20,4,201,1,1,20231106,PHI,WAS
Shot Chart Detail,0022300148,405,1628398,Kyle Kuzma,1610612764,Washington Wizards,3,6,27,Made Shot,Jump Shot,3PT Field Goal,Left Corner 3,Left Side(L),24+ ft.,23,-232,32,1,1,20231106,PHI,WAS
Shot Chart Detail,0022300148,428,1628398,Kyle Kuzma,1610612764,Washington Wizards,3,4,56,Made Shot,Finger Roll Layup Shot,2PT Field Goal,Restricted Area,Center(C),Less Than 8 ft.,3,-2,37,1,1,20231106,PHI,WAS
Shot Chart Detail,0022300148,435,1628398,Kyle Kuzma,1610612764,Washington Wizards,3,4,21,Missed Shot,Pullup Jump shot,2PT Field Goal,Mid-Range,Left Side(L),16-24 ft.,18,-164,76,1,0,20231106,PHI,WAS
Shot Chart Detail,0022300148,547,1628398,Kyle Kuzma,1610612764,Washington Wizards,4,10,26,Missed Shot,Driving Reverse Layup Shot,2PT Field Goal,Restricted Area,Center(C),Less Than 8 ft.,2,-28,1,1,0,20231106,PHI,WAS
Shot Chart Detail,0022300157,12,1628398,Kyle Kuzma,1610612764,Washington Wizards,1,11,18,Missed Shot,Jump Shot,3PT Field Goal,Above the Break 3,Left Side Center(LC),24+ ft.,27,-137,237,1,0,20231108,CHA,WAS
Shot Chart Detail,0022300157,15,1628398,Kyle Kuzma,1610612764,Washington Wizards,1,11,9,Missed Shot,Jump Shot,3PT Field Goal,Right Corner 3,Right Side(R),24+ ft.,23,232,44,1,0,20231108,CHA,WAS
Shot Chart Detail,0022300157,17,1628398,Kyle Kuzma,1610612764,Washington Wizards,1,11,5,Missed Shot,Putback Layup Shot,2PT Field Goal,Restricted Area,Center(C),Less Than 8 ft.,2,20,7,1,0,20231108,CHA,WAS
Shot Chart Detail,0022300157,19,1628398,Kyle Kuzma,1610612764,Washington Wizards,1,11,2,Made Shot,Putback Layup Shot,2PT Field Goal,Restricted Area,Center(C),Less Than 8 ft.,0,0,0,1,1,20231108,CHA,WAS
Shot Chart Detail,0022300157,63,1628398,Kyle Kuzma,1610612764,Washington Wizards,1,7,24,Made Shot,Hook Bank Shot,2PT Field Goal,In The Paint (Non-RA),Center(C),Less Than 8 ft.,7,67,28,1,1,20231108,CHA,WAS
Shot Chart Detail,0022300157,76,1628398,Kyle Kuzma,1610612764,Washington Wizards,1,6,39,Made Shot,Jump Shot,3PT Field Goal,Above the Break 3,Right Side Center(RC),24+ ft.,26,148,220,1,1,20231108,CHA,WAS
Shot Chart Detail,0022300157,98,1628398,Kyle Kuzma,1610612764,Washington Wizards,1,4,56,Made Shot,Jump Shot,3PT Field Goal,Above the Break 3,Center(C),24+ ft.,33,-76,328,1,1,20231108,CHA,WAS
Shot Chart Detail,0022300157,104,1628398,Kyle Kuzma,1610612764,Washington Wizards,1,4,32,Made Shot,Putback Layup Shot,2PT Field Goal,Restricted Area,Center(C),Less Than 8 ft.,0,0,0,1,1,20231108,CHA,WAS
Shot Chart Detail,0022300157,230,1628398,Kyle Kuzma,1610612764,Washington Wizards,2,7,14,Made Shot,Step Back Jump shot,3PT Field Goal,Above the Break 3,Left Side Center(LC),24+ ft.,26,-168,199,1,1,20231108,CHA,WAS
Shot Chart Detail,0022300157,238,1628398,Kyle Kuzma,1610612764,Washington Wizards,2,6,13,Missed Shot,Jump Shot,3PT Field Goal,Above the Break 3,Left Side Center(LC),24+ ft.,31,-134,283,1,0,20231108,CHA,WAS
Shot Chart Detail,0022300157,251,1628398,Kyle Kuzma,1610612764,Washington Wizards,2,4,55,Made Shot,Pullup Jump shot,2PT Field Goal,In The Paint (Non-RA),Right Side(R),8-16 ft.,9,66,68,1,1,20231108,CHA,WAS
Shot Chart Detail,0022300157,258,1628398,Kyle Kuzma,1610612764,Washington Wizards,2,4,3,Missed Shot,Turnaround Jump Shot,2PT Field Goal,Mid-Range,Left Side(L),16-24 ft.,17,-145,102,1,0,20231108,CHA,WAS
Shot Chart Detail,0022300157,322,1628398,Kyle Kuzma,1610612764,Washington Wizards,2,1,6,Missed Shot,Jump Shot,2PT Field Goal,Mid-Range,Left Side Center(LC),16-24 ft.,21,-140,162,1,0,20231108,CHA,WAS
Shot Chart Detail,0022300157,336,1628398,Kyle Kuzma,1610612764,Washington Wizards,2,0,22,Made Shot,Jump Shot,3PT Field Goal,Above the Break 3,Center(C),24+ ft.,29,-88,285,1,1,20231108,CHA,WAS
Shot Chart Detail,0022300157,343,1628398,Kyle Kuzma,1610612764,Washington Wizards,2,0,0,Missed Shot,Pullup Jump shot,3PT Field Goal,Backcourt,Back Court(BC),Back Court Shot,50,143,488,1,0,20231108,CHA,WAS
Shot Chart Detail,0022300157,356,1628398,Kyle Kuzma,1610612764,Washington Wizards,3,11,41,Missed Shot,Turnaround Jump Shot,2PT Field Goal,In The Paint (Non-RA),Left Side(L),8-16 ft.,12,-70,109,1,0,20231108,CHA,WAS
Shot Chart Detail,0022300157,388,1628398,Kyle Kuzma,1610612764,Washington Wizards,3,9,32,Made Shot,Driving Layup Shot,2PT Field Goal,Restricted Area,Center(C),Less Than 8 ft.,2,-4,24,1,1,20231108,CHA,WAS
Shot Chart Detail,0022300157,411,1628398,Kyle Kuzma,1610612764,Washington Wizards,3,7,29,Missed Shot,Jump Shot,3PT Field Goal,Above the Break 3,Center(C),24+ ft.,32,-94,313,1,0,20231108,CHA,WAS
Shot Chart Detail,0022300157,429,1628398,Kyle Kuzma,1610612764,Washington Wizards,3,6,2,Missed Shot,Jump Shot,3PT Field Goal,Right Corner 3,Right Side(R),24+ ft.,22,228,27,1,0,20231108,CHA,WAS
Shot Chart Detail,0022300157,578,1628398,Kyle Kuzma,1610612764,Washington Wizards,4,9,18,Made Shot,Cutting Layup Shot,2PT Field Goal,Restricted Area,Center(C),Less Than 8 ft.,0,1,1,1,1,20231108,CHA,WAS
Shot Chart Detail,0022300157,585,1628398,Kyle Kuzma,1610612764,Washington Wizards,4,9,5,Made Shot,Alley Oop Layup shot,2PT Field Goal,Restricted Area,Center(C),Less Than 8 ft.,2,-22,-4,1,1,20231108,CHA,WAS
Shot Chart Detail,0022300157,594,1628398,Kyle Kuzma,1610612764,Washington Wizards,4,8,34,Made Shot,Driving Layup Shot,2PT Field Goal,Restricted Area,Center(C),Less Than 8 ft.,2,21,8,1,1,20231108,CHA,WAS
Shot Chart Detail,0022300157,622,1628398,Kyle Kuzma,1610612764,Washington Wizards,4,6,47,Made Shot,Cutting Layup Shot,2PT Field Goal,Restricted Area,Center(C),Less Than 8 ft.,1,10,-6,1,1,20231108,CHA,WAS
Shot Chart Detail,0022300157,638,1628398,Kyle Kuzma,1610612764,Washington Wizards,4,5,19,Missed Shot,Step Back Jump shot,3PT Field Goal,Above the Break 3,Center(C),24+ ft.,25,-22,255,1,0,20231108,CHA,WAS
Shot Chart Detail,0022300178,21,1628398,Kyle Kuzma,1610612764,Washington Wizards,1,10,11,Missed Shot,Jump Shot,2PT Field Goal,Mid-Range,Left Side(L),8-16 ft.,15,-151,10,1,0,20231112,BKN,WAS
Shot Chart Detail,0022300178,25,1628398,Kyle Kuzma,1610612764,Washington Wizards,1,9,55,Missed Shot,Driving Layup Shot,2PT Field Goal,Restricted Area,Center(C),Less Than 8 ft.,2,17,16,1,0,20231112,BKN,WAS
Shot Chart Detail,0022300178,29,1628398,Kyle Kuzma,1610612764,Washington Wizards,1,9,46,Missed Shot,Jump Shot,3PT Field Goal,Left Corner 3,Left Side(L),24+ ft.,23,-232,52,1,0,20231112,BKN,WAS
Shot Chart Detail,0022300178,75,1628398,Kyle Kuzma,1610612764,Washington Wizards,1,6,25,Made Shot,Running Dunk Shot,2PT Field Goal,Restricted Area,Center(C),Less Than 8 ft.,1,-1,11,1,1,20231112,BKN,WAS
Shot Chart Detail,0022300178,85,1628398,Kyle Kuzma,1610612764,Washington Wizards,1,5,9,Missed Shot,Driving Hook Shot,2PT Field Goal,Restricted Area,Center(C),Less Than 8 ft.,3,12,36,1,0,20231112,BKN,WAS
Shot Chart Detail,0022300178,299,1628398,Kyle Kuzma,1610612764,Washington Wizards,2,1,30,Missed Shot,Turnaround Fadeaway shot,2PT Field Goal,In The Paint (Non-RA),Center(C),Less Than 8 ft.,6,-49,41,1,0,20231112,BKN,WAS
Shot Chart Detail,0022300178,324,1628398,Kyle Kuzma,1610612764,Washington Wizards,2,0,0,Missed Shot,Turnaround Jump Shot,2PT Field Goal,In The Paint (Non-RA),Center(C),Less Than 8 ft.,6,45,49,1,0,20231112,BKN,WAS
Shot Chart Detail,0022300178,352,1628398,Kyle Kuzma,1610612764,Washington Wizards,3,10,8,Missed Shot,Driving Layup Shot,2PT Field Goal,Restricted Area,Center(C),Less Than 8 ft.,2,-23,-4,1,0,20231112,BKN,WAS
Shot Chart Detail,0022300178,391,1628398,Kyle Kuzma,1610612764,Washington Wizards,3,7,11,Made Shot,Driving Hook Shot,2PT Field Goal,In The Paint (Non-RA),Center(C),Less Than 8 ft.,5,5,50,1,1,20231112,BKN,WAS
Shot Chart Detail,0022300178,393,1628398,Kyle Kuzma,1610612764,Washington Wizards,3,6,27,Made Shot,Turnaround Jump Shot,2PT Field Goal,In The Paint (Non-RA),Left Side(L),8-16 ft.,8,-49,64,1,1,20231112,BKN,WAS
Shot Chart Detail,0022300178,456,1628398,Kyle Kuzma,1610612764,Washington Wizards,3,2,20,Missed Shot,Step Back Jump shot,3PT Field Goal,Above the Break 3,Center(C),24+ ft.,24,65,236,1,0,20231112,BKN,WAS
Shot Chart Detail,0022300178,616,1628398,Kyle Kuzma,1610612764,Washington Wizards,4,4,8,Made Shot,Reverse Layup Shot,2PT Field Goal,Restricted Area,Center(C),Less Than 8 ft.,1,-18,-6,1,1,20231112,BKN,WAS
Shot Chart Detail,0022300178,634,1628398,Kyle Kuzma,1610612764,Washington Wizards,4,2,46,Missed Shot,Step Back Jump shot,3PT Field Goal,Above the Break 3,Right Side Center(RC),24+ ft.,25,136,211,1,0,20231112,BKN,WAS
Shot Chart Detail,0022300178,652,1628398,Kyle Kuzma,1610612764,Washington Wizards,4,1,19,Missed Shot,Pullup Jump shot,3PT Field Goal,Above the Break 3,Left Side Center(LC),24+ ft.,24,-169,179,1,0,20231112,BKN,WAS
Shot Chart Detail,0022300178,656,1628398,Kyle Kuzma,1610612764,Washington Wizards,4,0,55,Missed Shot,Running Layup Shot,2PT Field Goal,In The Paint (Non-RA),Center(C),Less Than 8 ft.,4,42,20,1,0,20231112,BKN,WAS
Shot Chart Detail,0022300178,660,1628398,Kyle Kuzma,1610612764,Washington Wizards,4,0,51,Missed Shot,Jump Shot,3PT Field Goal,Above the Break 3,Right Side Center(RC),24+ ft.,27,165,222,1,0,20231112,BKN,WAS
Shot Chart Detail,0022300189,26,1628398,Kyle Kuzma,1610612764,Washington Wizards,1,9,35,Made Shot,Running Jump Shot,3PT Field Goal,Above the Break 3,Left Side Center(LC),24+ ft.,25,-219,123,1,1,20231113,TOR,WAS
Shot Chart Detail,0022300189,44,1628398,Kyle Kuzma,1610612764,Washington Wizards,1,8,16,Made Shot,Layup Shot,2PT Field Goal,Restricted Area,Center(C),Less Than 8 ft.,0,5,4,1,1,20231113,TOR,WAS
Shot Chart Detail,0022300189,48,1628398,Kyle Kuzma,1610612764,Washington Wizards,1,7,46,Made Shot,Driving Layup Shot,2PT Field Goal,In The Paint (Non-RA),Center(C),Less Than 8 ft.,4,-44,22,1,1,20231113,TOR,WAS
Shot Chart Detail,0022300189,62,1628398,Kyle Kuzma,1610612764,Washington Wizards,1,6,23,Made Shot,Jump Shot,2PT Field Goal,Mid-Range,Left Side Center(LC),16-24 ft.,18,-126,136,1,1,20231113,TOR,WAS
Shot Chart Detail,0022300189,79,1628398,Kyle Kuzma,1610612764,Washington Wizards,1,5,19,Made Shot,Pullup Jump shot,2PT Field Goal,Mid-Range,Center(C),16-24 ft.,17,5,174,1,1,20231113,TOR,WAS
Shot Chart Detail,0022300189,87,1628398,Kyle Kuzma,1610612764,Washington Wizards,1,4,24,Missed Shot,Fadeaway Jump Shot,2PT Field Goal,In The Paint (Non-RA),Center(C),8-16 ft.,11,-10,116,1,0,20231113,TOR,WAS
Shot Chart Detail,0022300189,208,1628398,Kyle Kuzma,1610612764,Washington Wizards,2,7,30,Missed Shot,Running Layup Shot,2PT Field Goal,In The Paint (Non-RA),Center(C),Less Than 8 ft.,6,4,64,1,0,20231113,TOR,WAS
Shot Chart Detail,0022300189,210,1628398,Kyle Kuzma,1610612764,Washington Wizards,2,7,28,Made Shot,Putback Layup Shot,2PT Field Goal,Restricted Area,Center(C),Less Than 8 ft.,0,0,0,1,1,20231113,TOR,WAS
Shot Chart Detail,0022300189,228,1628398,Kyle Kuzma,1610612764,Washington Wizards,2,6,25,Missed Shot,Driving Layup Shot,2PT Field Goal,Restricted Area,Center(C),Less Than 8 ft.,2,-20,10,1,0,20231113,TOR,WAS
Shot Chart Detail,0022300189,232,1628398,Kyle Kuzma,1610612764,Washington Wizards,2,6,10,Made Shot,Running Reverse Layup Shot,2PT Field Goal,Restricted Area,Center(C),Less Than 8 ft.,0,6,-6,1,1,20231113,TOR,WAS
Shot Chart Detail,0022300189,248,1628398,Kyle Kuzma,1610612764,Washington Wizards,2,5,35,Missed Shot,Step Back Jump shot,2PT Field Goal,Mid-Range,Right Side Center(RC),16-24 ft.,19,75,183,1,0,20231113,TOR,WAS
Shot Chart Detail,0022300189,273,1628398,Kyle Kuzma,1610612764,Washington Wizards,2,3,1,Missed Shot,Jump Shot,3PT Field Goal,Above the Break 3,Center(C),24+ ft.,28,-83,269,1,0,20231113,TOR,WAS
Shot Chart Detail,0022300189,303,1628398,Kyle Kuzma,1610612764,Washington Wizards,2,0,4,Made Shot,Jump Shot,3PT Field Goal,Above the Break 3,Right Side Center(RC),24+ ft.,24,178,174,1,1,20231113,TOR,WAS
Shot Chart Detail,0022300189,338,1628398,Kyle Kuzma,1610612764,Washington Wizards,3,10,40,Made Shot,Jump Shot,3PT Field Goal,Right Corner 3,Right Side(R),24+ ft.,24,235,57,1,1,20231113,TOR,WAS
Shot Chart Detail,0022300189,347,1628398,Kyle Kuzma,1610612764,Washington Wizards,3,9,46,Missed Shot,Driving Floating Jump Shot,2PT Field Goal,In The Paint (Non-RA),Center(C),Less Than 8 ft.,7,-15,72,1,0,20231113,TOR,WAS
Shot Chart Detail,0022300189,352,1628398,Kyle Kuzma,1610612764,Washington Wizards,3,9,32,Made Shot,Running Layup Shot,2PT Field Goal,Restricted Area,Center(C),Less Than 8 ft.,2,18,15,1,1,20231113,TOR,WAS
Shot Chart Detail,0022300189,373,1628398,Kyle Kuzma,1610612764,Washington Wizards,3,7,28,Missed Shot,Step Back Jump shot,2PT Field Goal,Mid-Range,Center(C),16-24 ft.,17,48,173,1,0,20231113,TOR,WAS
Shot Chart Detail,0022300189,391,1628398,Kyle Kuzma,1610612764,Washington Wizards,3,5,58,Made Shot,Running Dunk Shot,2PT Field Goal,Restricted Area,Center(C),Less Than 8 ft.,0,5,4,1,1,20231113,TOR,WAS
Shot Chart Detail,0022300189,408,1628398,Kyle Kuzma,1610612764,Washington Wizards,3,4,48,Missed Shot,Turnaround Fadeaway shot,2PT Field Goal,Mid-Range,Right Side Center(RC),16-24 ft.,19,153,121,1,0,20231113,TOR,WAS
Shot Chart Detail,0022300189,415,1628398,Kyle Kuzma,1610612764,Washington Wizards,3,4,10,Made Shot,Jump Shot,3PT Field Goal,Right Corner 3,Right Side(R),24+ ft.,23,228,45,1,1,20231113,TOR,WAS
Shot Chart Detail,0022300189,419,1628398,Kyle Kuzma,1610612764,Washington Wizards,3,3,48,Missed Shot,Running Jump Shot,3PT Field Goal,Above the Break 3,Right Side Center(RC),24+ ft.,25,140,213,1,0,20231113,TOR,WAS
Shot Chart Detail,0022300189,507,1628398,Kyle Kuzma,1610612764,Washington Wizards,4,10,55,Made Shot,Driving Bank Hook Shot,2PT Field Goal,Mid-Range,Right Side(R),8-16 ft.,11,107,27,1,1,20231113,TOR,WAS
Shot Chart Detail,0022300189,513,1628398,Kyle Kuzma,1610612764,Washington Wizards,4,10,17,Made Shot,Driving Finger Roll Layup Shot,2PT Field Goal,Restricted Area,Center(C),Less Than 8 ft.,0,1,-8,1,1,20231113,TOR,WAS
Shot Chart Detail,0022300189,548,1628398,Kyle Kuzma,1610612764,Washington Wizards,4,6,46,Missed Shot,Jump Shot,3PT Field Goal,Right Corner 3,Right Side(R),24+ ft.,23,233,36,1,0,20231113,TOR,WAS
Shot Chart Detail,0022300189,603,1628398,Kyle Kuzma,1610612764,Washington Wizards,4,3,3,Missed Shot,Cutting Finger Roll Layup Shot,2PT Field Goal,Restricted Area,Center(C),Less Than 8 ft.,1,-17,1,1,0,20231113,TOR,WAS
Shot Chart Detail,0022300192,47,1628398,Kyle Kuzma,1610612764,Washington Wizards,1,7,55,Missed Shot,Turnaround Fadeaway shot,2PT Field Goal,Mid-Range,Right Side(R),8-16 ft.,12,112,52,1,0,20231115,WAS,DAL
Shot Chart Detail,0022300192,81,1628398,Kyle Kuzma,1610612764,Washington Wizards,1,5,25,Missed Shot,Driving Floating Bank Jump Shot,2PT Field Goal,In The Paint (Non-RA),Left Side(L),8-16 ft.,8,-75,41,1,0,20231115,WAS,DAL
Shot Chart Detail,0022300192,90,1628398,Kyle Kuzma,1610612764,Washington Wizards,1,4,18,Missed Shot,Step Back Jump shot,3PT Field Goal,Above the Break 3,Center(C),24+ ft.,26,-18,268,1,0,20231115,WAS,DAL
Shot Chart Detail,0022300192,251,1628398,Kyle Kuzma,1610612764,Washington Wizards,2,6,13,Missed Shot,Layup Shot,2PT Field Goal,In The Paint (Non-RA),Center(C),Less Than 8 ft.,4,34,25,1,0,20231115,WAS,DAL
Shot Chart Detail,0022300192,257,1628398,Kyle Kuzma,1610612764,Washington Wizards,2,5,58,Missed Shot,Turnaround Hook Shot,2PT Field Goal,In The Paint (Non-RA),Center(C),Less Than 8 ft.,7,-28,70,1,0,20231115,WAS,DAL
Shot Chart Detail,0022300192,261,1628398,Kyle Kuzma,1610612764,Washington Wizards,2,5,34,Missed Shot,Pullup Jump shot,2PT Field Goal,Mid-Range,Right Side(R),8-16 ft.,11,109,20,1,0,20231115,WAS,DAL
Shot Chart Detail,0022300192,313,1628398,Kyle Kuzma,1610612764,Washington Wizards,2,2,13,Made Shot,Step Back Jump shot,3PT Field Goal,Above the Break 3,Left Side Center(LC),24+ ft.,28,-206,199,1,1,20231115,WAS,DAL
Shot Chart Detail,0022300192,327,1628398,Kyle Kuzma,1610612764,Washington Wizards,2,1,31,Missed Shot,Layup Shot,2PT Field Goal,In The Paint (Non-RA),Center(C),Less Than 8 ft.,4,-47,1,1,0,20231115,WAS,DAL
Shot Chart Detail,0022300192,329,1628398,Kyle Kuzma,1610612764,Washington Wizards,2,1,25,Missed Shot,Putback Layup Shot,2PT Field Goal,Restricted Area,Center(C),Less Than 8 ft.,0,0,0,1,0,20231115,WAS,DAL
Shot Chart Detail,0022300192,342,1628398,Kyle Kuzma,1610612764,Washington Wizards,2,0,22,Made Shot,Running Layup Shot,2PT Field Goal,Restricted Area,Center(C),Less Than 8 ft.,2,27,7,1,1,20231115,WAS,DAL
Shot Chart Detail,0022300192,372,1628398,Kyle Kuzma,1610612764,Washington Wizards,3,10,52,Missed Shot,Jump Shot,3PT Field Goal,Above the Break 3,Left Side Center(LC),24+ ft.,28,-213,184,1,0,20231115,WAS,DAL
Shot Chart Detail,0022300192,500,1628398,Kyle Kuzma,1610612764,Washington Wizards,3,1,39,Missed Shot,Jump Shot,3PT Field Goal,Above the Break 3,Right Side Center(RC),24+ ft.,27,125,248,1,0,20231115,WAS,DAL
Shot Chart Detail,0022300192,521,1628398,Kyle Kuzma,1610612764,Washington Wizards,3,0,15,Missed Shot,Turnaround Jump Shot,2PT Field Goal,In The Paint (Non-RA),Center(C),Less Than 8 ft.,5,-32,40,1,0,20231115,WAS,DAL
Shot Chart Detail,0022300192,537,1628398,Kyle Kuzma,1610612764,Washington Wizards,4,11,16,Made Shot,Jump Shot,3PT Field Goal,Above the Break 3,Left Side Center(LC),24+ ft.,26,-224,132,1,1,20231115,WAS,DAL
Shot Chart Detail,0022300192,541,1628398,Kyle Kuzma,1610612764,Washington Wizards,4,10,52,Made Shot,Driving Layup Shot,2PT Field Goal,Restricted Area,Center(C),Less Than 8 ft.,2,27,4,1,1,20231115,WAS,DAL
Shot Chart Detail,0022300192,558,1628398,Kyle Kuzma,1610612764,Washington Wizards,4,9,41,Missed Shot,Pullup Jump shot,3PT Field Goal,Above the Break 3,Center(C),24+ ft.,27,66,263,1,0,20231115,WAS,DAL
Shot Chart Detail,0022300192,584,1628398,Kyle Kuzma,1610612764,Washington Wizards,4,7,31,Made Shot,Driving Layup Shot,2PT Field Goal,Restricted Area,Center(C),Less Than 8 ft.,2,9,21,1,1,20231115,WAS,DAL
Shot Chart Detail,0022300192,590,1628398,Kyle Kuzma,1610612764,Washington Wizards,4,6,23,Made Shot,Driving Reverse Layup Shot,2PT Field Goal,Restricted Area,Center(C),Less Than 8 ft.,2,-20,9,1,1,20231115,WAS,DAL
Shot Chart Detail,0022300219,11,1628398,Kyle Kuzma,1610612764,Washington Wizards,1,11,25,Made Shot,Driving Hook Shot,2PT Field Goal,In The Paint (Non-RA),Center(C),Less Than 8 ft.,4,-7,46,1,1,20231120,WAS,MIL
Shot Chart Detail,0022300219,22,1628398,Kyle Kuzma,1610612764,Washington Wizards,1,10,3,Missed Shot,Step Back Jump shot,3PT Field Goal,Above the Break 3,Right Side Center(RC),24+ ft.,26,178,200,1,0,20231120,WAS,MIL
Shot Chart Detail,0022300219,80,1628398,Kyle Kuzma,1610612764,Washington Wizards,1,5,24,Missed Shot,Jump Shot,3PT Field Goal,Above the Break 3,Center(C),24+ ft.,25,29,250,1,0,20231120,WAS,MIL
Shot Chart Detail,0022300219,101,1628398,Kyle Kuzma,1610612764,Washington Wizards,1,3,50,Made Shot,Driving Dunk Shot,2PT Field Goal,In The Paint (Non-RA),Center(C),Less Than 8 ft.,4,13,43,1,1,20231120,WAS,MIL
Shot Chart Detail,0022300219,261,1628398,Kyle Kuzma,1610612764,Washington Wizards,2,3,13,Made Shot,Running Finger Roll Layup Shot,2PT Field Goal,In The Paint (Non-RA),Center(C),Less Than 8 ft.,6,6,64,1,1,20231120,WAS,MIL
Shot Chart Detail,0022300219,275,1628398,Kyle Kuzma,1610612764,Washington Wizards,2,1,41,Made Shot,Floating Jump shot,2PT Field Goal,In The Paint (Non-RA),Left Side(L),8-16 ft.,8,-66,57,1,1,20231120,WAS,MIL
Shot Chart Detail,0022300219,312,1628398,Kyle Kuzma,1610612764,Washington Wizards,3,11,13,Made Shot,Driving Floating Jump Shot,2PT Field Goal,In The Paint (Non-RA),Center(C),8-16 ft.,11,-21,113,1,1,20231120,WAS,MIL
Shot Chart Detail,0022300219,315,1628398,Kyle Kuzma,1610612764,Washington Wizards,3,10,42,Missed Shot,Running Layup Shot,2PT Field Goal,In The Paint (Non-RA),Center(C),Less Than 8 ft.,5,49,22,1,0,20231120,WAS,MIL
Shot Chart Detail,0022300219,402,1628398,Kyle Kuzma,1610612764,Washington Wizards,3,10,21,Missed Shot,Driving Layup Shot,2PT Field Goal,Restricted Area,Center(C),Less Than 8 ft.,3,-28,15,1,0,20231120,WAS,MIL
Shot Chart Detail,0022300219,400,1628398,Kyle Kuzma,1610612764,Washington Wizards,3,5,33,Made Shot,Running Layup Shot,2PT Field Goal,Restricted Area,Center(C),Less Than 8 ft.,1,18,4,1,1,20231120,WAS,MIL
Shot Chart Detail,0022300219,444,1628398,Kyle Kuzma,1610612764,Washington Wizards,3,2,50,Made Shot,Jump Shot,3PT Field Goal,Above the Break 3,Left Side Center(LC),24+ ft.,28,-191,212,1,1,20231120,WAS,MIL
Shot Chart Detail,0022300219,459,1628398,Kyle Kuzma,1610612764,Washington Wizards,3,1,7,Made Shot,Jump Shot,3PT Field Goal,Above the Break 3,Center(C),24+ ft.,28,-49,279,1,1,20231120,WAS,MIL
Shot Chart Detail,0022300219,463,1628398,Kyle Kuzma,1610612764,Washington Wizards,3,0,37,Missed Shot,Pullup Jump shot,3PT Field Goal,Above the Break 3,Right Side Center(RC),24+ ft.,28,222,174,1,0,20231120,WAS,MIL
Shot Chart Detail,0022300219,589,1628398,Kyle Kuzma,1610612764,Washington Wizards,4,4,27,Made Shot,Step Back Jump shot,2PT Field Goal,Mid-Range,Center(C),8-16 ft.,15,6,158,1,1,20231120,WAS,MIL
Shot Chart Detail,0022300219,597,1628398,Kyle Kuzma,1610612764,Washington Wizards,4,3,27,Made Shot,Driving Floating Jump Shot,2PT Field Goal,In The Paint (Non-RA),Center(C),Less Than 8 ft.,5,-4,58,1,1,20231120,WAS,MIL
Shot Chart Detail,0022300225,113,1628398,Kyle Kuzma,1610612764,Washington Wizards,1,2,48,Missed Shot,Pullup Jump shot,2PT Field Goal,In The Paint (Non-RA),Center(C),Less Than 8 ft.,7,7,71,1,0,20231122,CHA,WAS
Shot Chart Detail,0022300225,242,1628398,Kyle Kuzma,1610612764,Washington Wizards,2,4,26,Made Shot,Driving Layup Shot,2PT Field Goal,Restricted Area,Center(C),Less Than 8 ft.,2,16,12,1,1,20231122,CHA,WAS
Shot Chart Detail,0022300225,245,1628398,Kyle Kuzma,1610612764,Washington Wizards,2,3,45,Made Shot,Jump Shot,3PT Field Goal,Above the Break 3,Right Side Center(RC),24+ ft.,26,89,248,1,1,20231122,CHA,WAS
Shot Chart Detail,0022300225,259,1628398,Kyle Kuzma,1610612764,Washington Wizards,2,2,57,Missed Shot,Driving Hook Shot,2PT Field Goal,In The Paint (Non-RA),Center(C),Less Than 8 ft.,6,12,64,1,0,20231122,CHA,WAS
Shot Chart Detail,0022300225,267,1628398,Kyle Kuzma,1610612764,Washington Wizards,2,2,8,Made Shot,Driving Layup Shot,2PT Field Goal,Restricted Area,Center(C),Less Than 8 ft.,1,11,16,1,1,20231122,CHA,WAS
Shot Chart Detail,0022300225,270,1628398,Kyle Kuzma,1610612764,Washington Wizards,2,1,39,Made Shot,Step Back Jump shot,3PT Field Goal,Above the Break 3,Center(C),24+ ft.,26,33,263,1,1,20231122,CHA,WAS
Shot Chart Detail,0022300225,286,1628398,Kyle Kuzma,1610612764,Washington Wizards,2,0,32,Missed Shot,Driving Floating Bank Jump Shot,2PT Field Goal,In The Paint (Non-RA),Center(C),Less Than 8 ft.,5,6,57,1,0,20231122,CHA,WAS
Shot Chart Detail,0022300225,315,1628398,Kyle Kuzma,1610612764,Washington Wizards,3,11,11,Made Shot,Jump Shot,3PT Field Goal,Above the Break 3,Right Side Center(RC),24+ ft.,25,85,237,1,1,20231122,CHA,WAS
Shot Chart Detail,0022300225,338,1628398,Kyle Kuzma,1610612764,Washington Wizards,3,9,26,Missed Shot,Jump Shot,3PT Field Goal,Above the Break 3,Left Side Center(LC),24+ ft.,25,-221,125,1,0,20231122,CHA,WAS
Shot Chart Detail,0022300225,362,1628398,Kyle Kuzma,1610612764,Washington Wizards,3,7,27,Made Shot,Running Layup Shot,2PT Field Goal,Restricted Area,Center(C),Less Than 8 ft.,1,-13,6,1,1,20231122,CHA,WAS
Shot Chart Detail,0022300225,388,1628398,Kyle Kuzma,1610612764,Washington Wizards,3,5,36,Made Shot,Jump Shot,2PT Field Goal,Mid-Range,Right Side(R),8-16 ft.,8,86,5,1,1,20231122,CHA,WAS
Shot Chart Detail,0022300225,407,1628398,Kyle Kuzma,1610612764,Washington Wizards,3,4,17,Made Shot,Driving Floating Jump Shot,2PT Field Goal,In The Paint (Non-RA),Center(C),Less Than 8 ft.,7,-5,74,1,1,20231122,CHA,WAS
Shot Chart Detail,0022300225,508,1628398,Kyle Kuzma,1610612764,Washington Wizards,4,8,53,Missed Shot,Turnaround Fadeaway shot,2PT Field Goal,Restricted Area,Center(C),Less Than 8 ft.,3,25,31,1,0,20231122,CHA,WAS
Shot Chart Detail,0022300225,518,1628398,Kyle Kuzma,1610612764,Washington Wizards,4,8,21,Missed Shot,Driving Floating Jump Shot,2PT Field Goal,In The Paint (Non-RA),Center(C),Less Than 8 ft.,7,32,73,1,0,20231122,CHA,WAS
Shot Chart Detail,0022300225,542,1628398,Kyle Kuzma,1610612764,Washington Wizards,4,6,47,Made Shot,Driving Reverse Layup Shot,2PT Field Goal,Restricted Area,Center(C),Less Than 8 ft.,1,-11,3,1,1,20231122,CHA,WAS
Shot Chart Detail,0022300225,549,1628398,Kyle Kuzma,1610612764,Washington Wizards,4,6,4,Missed Shot,Turnaround Fadeaway shot,2PT Field Goal,Mid-Range,Left Side Center(LC),16-24 ft.,16,-110,126,1,0,20231122,CHA,WAS
Shot Chart Detail,0022300225,572,1628398,Kyle Kuzma,1610612764,Washington Wizards,4,4,22,Made Shot,Turnaround Jump Shot,2PT Field Goal,In The Paint (Non-RA),Left Side(L),8-16 ft.,11,-60,100,1,1,20231122,CHA,WAS
Shot Chart Detail,0022300225,576,1628398,Kyle Kuzma,1610612764,Washington Wizards,4,3,59,Missed Shot,Layup Shot,2PT Field Goal,Restricted Area,Center(C),Less Than 8 ft.,3,-13,31,1,0,20231122,CHA,WAS
Shot Chart Detail,0022300225,622,1628398,Kyle Kuzma,1610612764,Washington Wizards,4,1,2,Made Shot,Fadeaway Jump Shot,2PT Field Goal,Mid-Range,Right Side(R),8-16 ft.,15,110,103,1,1,20231122,CHA,WAS
Shot Chart Detail,0022300225,624,1628398,Kyle Kuzma,1610612764,Washington Wizards,4,0,35,Missed Shot,Pullup Jump shot,3PT Field Goal,Above the Break 3,Right Side Center(RC),24+ ft.,26,118,241,1,0,20231122,CHA,WAS
Shot Chart Detail,0022300225,634,1628398,Kyle Kuzma,1610612764,Washington Wizards,4,0,29,Made Shot,Driving Reverse Layup Shot,2PT Field Goal,Restricted Area,Center(C),Less Than 8 ft.,0,-6,-7,1,1,20231122,CHA,WAS
Shot Chart Detail,0022300225,650,1628398,Kyle Kuzma,1610612764,Washington Wizards,4,0,1,Missed Shot,Jump Shot,3PT Field Goal,Above the Break 3,Left Side Center(LC),24+ ft.,32,-121,306,1,0,20231122,CHA,WAS
Shot Chart Detail,0022300241,44,1628398,Kyle Kuzma,1610612764,Washington Wizards,1,8,28,Made Shot,Turnaround Bank Hook Shot,2PT Field Goal,In The Paint (Non-RA),Center(C),Less Than 8 ft.,7,70,28,1,1,20231125,WAS,ATL
Shot Chart Detail,0022300241,49,1628398,Kyle Kuzma,1610612764,Washington Wizards,1,8,6,Missed Shot,Jump Shot,3PT Field Goal,Above the Break 3,Right Side Center(RC),24+ ft.,28,112,262,1,0,20231125,WAS,ATL
Shot Chart Detail,0022300241,57,1628398,Kyle Kuzma,1610612764,Washington Wizards,1,7,41,Missed Shot,Driving Floating Jump Shot,2PT Field Goal,In The Paint (Non-RA),Center(C),Less Than 8 ft.,7,50,57,1,0,20231125,WAS,ATL
Shot Chart Detail,0022300241,61,1628398,Kyle Kuzma,1610612764,Washington Wizards,1,7,12,Made Shot,Jump Shot,3PT Field Goal,Right Corner 3,Right Side(R),24+ ft.,24,235,60,1,1,20231125,WAS,ATL
Shot Chart Detail,0022300241,235,1628398,Kyle Kuzma,1610612764,Washington Wizards,2,7,18,Missed Shot,Driving Layup Shot,2PT Field Goal,Restricted Area,Center(C),Less Than 8 ft.,2,-17,11,1,0,20231125,WAS,ATL
Shot Chart Detail,0022300241,241,1628398,Kyle Kuzma,1610612764,Washington Wizards,2,7,1,Made Shot,Pullup Jump shot,3PT Field Goal,Above the Break 3,Left Side Center(LC),24+ ft.,27,-181,204,1,1,20231125,WAS,ATL
Shot Chart Detail,0022300241,300,1628398,Kyle Kuzma,1610612764,Washington Wizards,2,1,3,Missed Shot,Jump Shot,3PT Field Goal,Above the Break 3,Right Side Center(RC),24+ ft.,26,138,225,1,0,20231125,WAS,ATL
Shot Chart Detail,0022300241,369,1628398,Kyle Kuzma,1610612764,Washington Wizards,3,8,46,Missed Shot,Step Back Jump shot,3PT Field Goal,Above the Break 3,Left Side Center(LC),24+ ft.,27,-211,176,1,0,20231125,WAS,ATL
Shot Chart Detail,0022300241,380,1628398,Kyle Kuzma,1610612764,Washington Wizards,3,7,52,Missed Shot,Pullup Jump shot,2PT Field Goal,Mid-Range,Center(C),16-24 ft.,16,-45,159,1,0,20231125,WAS,ATL
Shot Chart Detail,0022300241,392,1628398,Kyle Kuzma,1610612764,Washington Wizards,3,7,17,Made Shot,Tip Dunk Shot,2PT Field Goal,Restricted Area,Center(C),Less Than 8 ft.,3,-13,29,1,1,20231125,WAS,ATL
Shot Chart Detail,0022300253,14,1628398,Kyle Kuzma,1610612764,Washington Wizards,1,10,34,Missed Shot,Step Back Jump shot,3PT Field Goal,Left Corner 3,Left Side(L),24+ ft.,23,-229,23,1,0,20231127,DET,WAS
Shot Chart Detail,0022300253,28,1628398,Kyle Kuzma,1610612764,Washington Wizards,1,9,22,Missed Shot,Driving Layup Shot,2PT Field Goal,In The Paint (Non-RA),Center(C),Less Than 8 ft.,6,-26,64,1,0,20231127,DET,WAS
Shot Chart Detail,0022300253,128,1628398,Kyle Kuzma,1610612764,Washington Wizards,1,3,44,Made Shot,Jump Shot,3PT Field Goal,Above the Break 3,Left Side Center(LC),24+ ft.,25,-159,201,1,1,20231127,DET,WAS
Shot Chart Detail,0022300253,234,1628398,Kyle Kuzma,1610612764,Washington Wizards,2,6,22,Missed Shot,Pullup Jump shot,2PT Field Goal,Mid-Range,Right Side(R),8-16 ft.,12,115,54,1,0,20231127,DET,WAS
Shot Chart Detail,0022300253,255,1628398,Kyle Kuzma,1610612764,Washington Wizards,2,5,35,Missed Shot,Turnaround Fadeaway shot,2PT Field Goal,In The Paint (Non-RA),Center(C),Less Than 8 ft.,7,33,67,1,0,20231127,DET,WAS
Shot Chart Detail,0022300253,259,1628398,Kyle Kuzma,1610612764,Washington Wizards,2,5,19,Made Shot,Cutting Dunk Shot,2PT Field Goal,Restricted Area,Center(C),Less Than 8 ft.,1,6,17,1,1,20231127,DET,WAS
Shot Chart Detail,0022300253,279,1628398,Kyle Kuzma,1610612764,Washington Wizards,2,3,17,Missed Shot,Jump Shot,3PT Field Goal,Above the Break 3,Right Side Center(RC),24+ ft.,26,127,228,1,0,20231127,DET,WAS
Shot Chart Detail,0022300253,354,1628398,Kyle Kuzma,1610612764,Washington Wizards,3,11,27,Missed Shot,Jump Shot,3PT Field Goal,Above the Break 3,Left Side Center(LC),24+ ft.,25,-119,226,1,0,20231127,DET,WAS
Shot Chart Detail,0022300253,372,1628398,Kyle Kuzma,1610612764,Washington Wizards,3,9,36,Missed Shot,Driving Layup Shot,2PT Field Goal,Restricted Area,Center(C),Less Than 8 ft.,1,18,5,1,0,20231127,DET,WAS
Shot Chart Detail,0022300253,412,1628398,Kyle Kuzma,1610612764,Washington Wizards,3,6,29,Made Shot,Pullup Jump shot,2PT Field Goal,In The Paint (Non-RA),Center(C),Less Than 8 ft.,5,-31,40,1,1,20231127,DET,WAS
Shot Chart Detail,0022300253,434,1628398,Kyle Kuzma,1610612764,Washington Wizards,3,5,17,Made Shot,Running Layup Shot,2PT Field Goal,Restricted Area,Center(C),Less Than 8 ft.,1,9,13,1,1,20231127,DET,WAS
Shot Chart Detail,0022300253,437,1628398,Kyle Kuzma,1610612764,Washington Wizards,3,4,52,Made Shot,Driving Layup Shot,2PT Field Goal,Restricted Area,Center(C),Less Than 8 ft.,2,-23,13,1,1,20231127,DET,WAS
Shot Chart Detail,0022300253,456,1628398,Kyle Kuzma,1610612764,Washington Wizards,3,3,56,Made Shot,Floating Jump shot,2PT Field Goal,In The Paint (Non-RA),Center(C),Less Than 8 ft.,7,-2,77,1,1,20231127,DET,WAS
Shot Chart Detail,0022300253,466,1628398,Kyle Kuzma,1610612764,Washington Wizards,3,3,36,Made Shot,Turnaround Hook Shot,2PT Field Goal,In The Paint (Non-RA),Center(C),8-16 ft.,9,32,87,1,1,20231127,DET,WAS
Shot Chart Detail,0022300253,469,1628398,Kyle Kuzma,1610612764,Washington Wizards,3,3,2,Missed Shot,Step Back Jump shot,3PT Field Goal,Above the Break 3,Left Side Center(LC),24+ ft.,25,-234,94,1,0,20231127,DET,WAS
Shot Chart Detail,0022300253,506,1628398,Kyle Kuzma,1610612764,Washington Wizards,3,0,42,Made Shot,Turnaround Bank shot,2PT Field Goal,In The Paint (Non-RA),Center(C),Less Than 8 ft.,6,61,31,1,1,20231127,DET,WAS
Shot Chart Detail,0022300253,509,1628398,Kyle Kuzma,1610612764,Washington Wizards,3,0,14,Missed Shot,Pullup Jump shot,3PT Field Goal,Above the Break 3,Center(C),24+ ft.,28,-74,276,1,0,20231127,DET,WAS
Shot Chart Detail,0022300253,517,1628398,Kyle Kuzma,1610612764,Washington Wizards,3,0,1,Made Shot,Pullup Jump shot,3PT Field Goal,Above the Break 3,Right Side Center(RC),24+ ft.,32,131,297,1,1,20231127,DET,WAS
Shot Chart Detail,0022300253,637,1628398,Kyle Kuzma,1610612764,Washington Wizards,4,6,25,Missed Shot,Fadeaway Jump Shot,2PT Field Goal,In The Paint (Non-RA),Center(C),Less Than 8 ft.,7,69,13,1,0,20231127,DET,WAS
Shot Chart Detail,0022300253,642,1628398,Kyle Kuzma,1610612764,Washington Wizards,4,5,31,Missed Shot,Driving Floating Bank Jump Shot,2PT Field Goal,Restricted Area,Center(C),Less Than 8 ft.,1,13,13,1,0,20231127,DET,WAS
Shot Chart Detail,0022300253,707,1628398,Kyle Kuzma,1610612764,Washington Wizards,4,4,42,Missed Shot,Driving Floating Jump Shot,2PT Field Goal,In The Paint (Non-RA),Center(C),Less Than 8 ft.,4,22,38,1,0,20231127,DET,WAS
Shot Chart Detail,0022300253,677,1628398,Kyle Kuzma,1610612764,Washington Wizards,4,2,46,Made Shot,Turnaround Hook Shot,2PT Field Goal,Restricted Area,Center(C),Less Than 8 ft.,1,-6,11,1,1,20231127,DET,WAS
Shot Chart Detail,0022300253,682,1628398,Kyle Kuzma,1610612764,Washington Wizards,4,2,26,Missed Shot,Driving Hook Shot,2PT Field Goal,Restricted Area,Center(C),Less Than 8 ft.,0,6,-2,1,0,20231127,DET,WAS
Shot Chart Detail,0022300259,9,1628398,Kyle Kuzma,1610612764,Washington Wizards,1,11,18,Missed Shot,Driving Layup Shot,2PT Field Goal,In The Paint (Non-RA),Center(C),Less Than 8 ft.,4,44,22,1,0,20231129,ORL,WAS
Shot Chart Detail,0022300259,26,1628398,Kyle Kuzma,1610612764,Washington Wizards,1,9,48,Made Shot,Driving Layup Shot,2PT Field Goal,Restricted Area,Center(C),Less Than 8 ft.,3,-27,14,1,1,20231129,ORL,WAS
Shot Chart Detail,0022300259,48,1628398,Kyle Kuzma,1610612764,Washington Wizards,1,7,53,Made Shot,Driving Dunk Shot,2PT Field Goal,Restricted Area,Center(C),Less Than 8 ft.,0,0,8,1,1,20231129,ORL,WAS
Shot Chart Detail,0022300259,52,1628398,Kyle Kuzma,1610612764,Washington Wizards,1,7,12,Missed Shot,Driving Finger Roll Layup Shot,2PT Field Goal,In The Paint (Non-RA),Center(C),8-16 ft.,12,-40,115,1,0,20231129,ORL,WAS
Shot Chart Detail,0022300259,64,1628398,Kyle Kuzma,1610612764,Washington Wizards,1,6,36,Missed Shot,Turnaround Jump Shot,2PT Field Goal,In The Paint (Non-RA),Center(C),8-16 ft.,12,1,125,1,0,20231129,ORL,WAS
Shot Chart Detail,0022300259,83,1628398,Kyle Kuzma,1610612764,Washington Wizards,1,5,14,Made Shot,Running Layup Shot,2PT Field Goal,Restricted Area,Center(C),Less Than 8 ft.,1,6,11,1,1,20231129,ORL,WAS
Shot Chart Detail,0022300259,86,1628398,Kyle Kuzma,1610612764,Washington Wizards,1,5,0,Missed Shot,Jump Shot,3PT Field Goal,Above the Break 3,Left Side Center(LC),24+ ft.,25,-189,172,1,0,20231129,ORL,WAS
Shot Chart Detail,0022300259,121,1628398,Kyle Kuzma,1610612764,Washington Wizards,1,2,53,Made Shot,Driving Floating Jump Shot,2PT Field Goal,Restricted Area,Center(C),Less Than 8 ft.,3,-15,27,1,1,20231129,ORL,WAS
Shot Chart Detail,0022300259,140,1628398,Kyle Kuzma,1610612764,Washington Wizards,1,0,4,Missed Shot,Step Back Jump shot,3PT Field Goal,Above the Break 3,Center(C),24+ ft.,26,-56,263,1,0,20231129,ORL,WAS
Shot Chart Detail,0022300259,241,1628398,Kyle Kuzma,1610612764,Washington Wizards,2,6,4,Made Shot,Hook Shot,2PT Field Goal,Restricted Area,Center(C),Less Than 8 ft.,2,-5,25,1,1,20231129,ORL,WAS
Shot Chart Detail,0022300259,272,1628398,Kyle Kuzma,1610612764,Washington Wizards,2,4,19,Missed Shot,Hook Shot,2PT Field Goal,In The Paint (Non-RA),Center(C),8-16 ft.,9,12,96,1,0,20231129,ORL,WAS
Shot Chart Detail,0022300259,293,1628398,Kyle Kuzma,1610612764,Washington Wizards,2,2,43,Missed Shot,Jump Shot,3PT Field Goal,Left Corner 3,Left Side(L),24+ ft.,24,-230,84,1,0,20231129,ORL,WAS
Shot Chart Detail,0022300259,339,1628398,Kyle Kuzma,1610612764,Washington Wizards,3,10,38,Missed Shot,Turnaround Jump Shot,2PT Field Goal,In The Paint (Non-RA),Right Side(R),8-16 ft.,10,58,86,1,0,20231129,ORL,WAS
Shot Chart Detail,0022300259,342,1628398,Kyle Kuzma,1610612764,Washington Wizards,3,10,4,Made Shot,Driving Floating Jump Shot,2PT Field Goal,In The Paint (Non-RA),Left Side(L),8-16 ft.,9,-53,76,1,1,20231129,ORL,WAS
Shot Chart Detail,0022300259,380,1628398,Kyle Kuzma,1610612764,Washington Wizards,3,7,31,Made Shot,Running Layup Shot,2PT Field Goal,Restricted Area,Center(C),Less Than 8 ft.,2,-17,13,1,1,20231129,ORL,WAS
Shot Chart Detail,0022300259,385,1628398,Kyle Kuzma,1610612764,Washington Wizards,3,6,45,Made Shot,Step Back Jump shot,3PT Field Goal,Above the Break 3,Center(C),24+ ft.,25,-7,259,1,1,20231129,ORL,WAS
Shot Chart Detail,0022300259,424,1628398,Kyle Kuzma,1610612764,Washington Wizards,3,3,41,Missed Shot,Running Layup Shot,2PT Field Goal,In The Paint (Non-RA),Center(C),Less Than 8 ft.,4,-1,41,1,0,20231129,ORL,WAS
Shot Chart Detail,0022300259,432,1628398,Kyle Kuzma,1610612764,Washington Wizards,3,2,51,Missed Shot,Driving Floating Jump Shot,2PT Field Goal,In The Paint (Non-RA),Center(C),8-16 ft.,10,-48,97,1,0,20231129,ORL,WAS
Shot Chart Detail,0022300259,517,1628398,Kyle Kuzma,1610612764,Washington Wizards,4,9,2,Missed Shot,Turnaround Jump Shot,2PT Field Goal,Mid-Range,Right Side(R),8-16 ft.,10,92,47,1,0,20231129,ORL,WAS
Shot Chart Detail,0022300259,566,1628398,Kyle Kuzma,1610612764,Washington Wizards,4,5,59,Made Shot,Running Layup Shot,2PT Field Goal,Restricted Area,Center(C),Less Than 8 ft.,1,-2,10,1,1,20231129,ORL,WAS
Shot Chart Detail,0022300274,44,1628398,Kyle Kuzma,1610612764,Washington Wizards,1,8,35,Missed Shot,Pullup Jump shot,2PT Field Goal,In The Paint (Non-RA),Center(C),Less Than 8 ft.,5,-12,55,1,0,20231201,ORL,WAS
Shot Chart Detail,0022300274,54,1628398,Kyle Kuzma,1610612764,Washington Wizards,1,7,26,Made Shot,Driving Hook Shot,2PT Field Goal,Restricted Area,Center(C),Less Than 8 ft.,2,22,13,1,1,20231201,ORL,WAS
Shot Chart Detail,0022300274,74,1628398,Kyle Kuzma,1610612764,Washington Wizards,1,6,17,Made Shot,Turnaround Hook Shot,2PT Field Goal,In The Paint (Non-RA),Right Side(R),8-16 ft.,8,55,66,1,1,20231201,ORL,WAS
Shot Chart Detail,0022300274,77,1628398,Kyle Kuzma,1610612764,Washington Wizards,1,5,46,Made Shot,Driving Floating Jump Shot,2PT Field Goal,In The Paint (Non-RA),Center(C),8-16 ft.,11,29,110,1,1,20231201,ORL,WAS
Shot Chart Detail,0022300274,91,1628398,Kyle Kuzma,1610612764,Washington Wizards,1,4,53,Made Shot,Pullup Jump shot,3PT Field Goal,Above the Break 3,Left Side Center(LC),24+ ft.,25,-99,240,1,1,20231201,ORL,WAS
Shot Chart Detail,0022300274,98,1628398,Kyle Kuzma,1610612764,Washington Wizards,1,3,39,Missed Shot,Pullup Jump shot,3PT Field Goal,Above the Break 3,Left Side Center(LC),24+ ft.,27,-159,226,1,0,20231201,ORL,WAS
Shot Chart Detail,0022300274,104,1628398,Kyle Kuzma,1610612764,Washington Wizards,1,3,33,Made Shot,Turnaround Jump Shot,2PT Field Goal,In The Paint (Non-RA),Center(C),Less Than 8 ft.,5,-11,51,1,1,20231201,ORL,WAS
Shot Chart Detail,0022300274,250,1628398,Kyle Kuzma,1610612764,Washington Wizards,2,5,54,Missed Shot,Pullup Jump shot,3PT Field Goal,Above the Break 3,Left Side Center(LC),24+ ft.,26,-123,236,1,0,20231201,ORL,WAS
Shot Chart Detail,0022300274,294,1628398,Kyle Kuzma,1610612764,Washington Wizards,2,3,16,Missed Shot,Pullup Jump shot,3PT Field Goal,Above the Break 3,Center(C),24+ ft.,26,4,266,1,0,20231201,ORL,WAS
Shot Chart Detail,0022300274,436,1628398,Kyle Kuzma,1610612764,Washington Wizards,3,6,27,Made Shot,Jump Shot,3PT Field Goal,Above the Break 3,Left Side Center(LC),24+ ft.,29,-192,220,1,1,20231201,ORL,WAS
Shot Chart Detail,0022300274,440,1628398,Kyle Kuzma,1610612764,Washington Wizards,3,6,4,Missed Shot,Fadeaway Jump Shot,2PT Field Goal,Mid-Range,Center(C),16-24 ft.,16,6,160,1,0,20231201,ORL,WAS
Shot Chart Detail,0022300274,444,1628398,Kyle Kuzma,1610612764,Washington Wizards,3,5,39,Made Shot,Running Layup Shot,2PT Field Goal,Restricted Area,Center(C),Less Than 8 ft.,3,0,33,1,1,20231201,ORL,WAS
Shot Chart Detail,0022300274,460,1628398,Kyle Kuzma,1610612764,Washington Wizards,3,4,14,Made Shot,Turnaround Hook Shot,2PT Field Goal,In The Paint (Non-RA),Right Side(R),8-16 ft.,9,80,50,1,1,20231201,ORL,WAS
Shot Chart Detail,0022300274,500,1628398,Kyle Kuzma,1610612764,Washington Wizards,3,1,6,Missed Shot,Jump Shot,3PT Field Goal,Above the Break 3,Center(C),24+ ft.,28,-55,278,1,0,20231201,ORL,WAS
Shot Chart Detail,0022300274,506,1628398,Kyle Kuzma,1610612764,Washington Wizards,3,0,48,Made Shot,Tip Dunk Shot,2PT Field Goal,Restricted Area,Center(C),Less Than 8 ft.,0,0,0,1,1,20231201,ORL,WAS
Shot Chart Detail,0022300274,601,1628398,Kyle Kuzma,1610612764,Washington Wizards,4,6,2,Missed Shot,Pullup Jump shot,2PT Field Goal,Mid-Range,Right Side Center(RC),16-24 ft.,23,151,182,1,0,20231201,ORL,WAS
Shot Chart Detail,0022300274,627,1628398,Kyle Kuzma,1610612764,Washington Wizards,4,4,23,Missed Shot,Driving Layup Shot,2PT Field Goal,In The Paint (Non-RA),Center(C),Less Than 8 ft.,4,29,31,1,0,20231201,ORL,WAS
Shot Chart Detail,0022300274,702,1628398,Kyle Kuzma,1610612764,Washington Wizards,4,0,32,Made Shot,Driving Layup Shot,2PT Field Goal,Restricted Area,Center(C),Less Than 8 ft.,1,-6,12,1,1,20231201,ORL,WAS
Shot Chart Detail,0022300295,25,1628398,Kyle Kuzma,1610612764,Washington Wizards,1,10,4,Missed Shot,Driving Finger Roll Layup Shot,2PT Field Goal,Restricted Area,Center(C),Less Than 8 ft.,3,-26,15,1,0,20231211,PHI,WAS
Shot Chart Detail,0022300295,45,1628398,Kyle Kuzma,1610612764,Washington Wizards,1,8,36,Made Shot,Putback Layup Shot,2PT Field Goal,Restricted Area,Center(C),Less Than 8 ft.,0,0,0,1,1,20231211,PHI,WAS
Shot Chart Detail,0022300295,50,1628398,Kyle Kuzma,1610612764,Washington Wizards,1,8,12,Missed Shot,Cutting Layup Shot,2PT Field Goal,In The Paint (Non-RA),Center(C),Less Than 8 ft.,4,-39,26,1,0,20231211,PHI,WAS
Shot Chart Detail,0022300295,55,1628398,Kyle Kuzma,1610612764,Washington Wizards,1,7,47,Made Shot,Running Layup Shot,2PT Field Goal,Restricted Area,Center(C),Less Than 8 ft.,2,21,16,1,1,20231211,PHI,WAS
Shot Chart Detail,0022300295,59,1628398,Kyle Kuzma,1610612764,Washington Wizards,1,7,26,Made Shot,Hook Shot,2PT Field Goal,In The Paint (Non-RA),Center(C),Less Than 8 ft.,7,5,74,1,1,20231211,PHI,WAS
Shot Chart Detail,0022300295,72,1628398,Kyle Kuzma,1610612764,Washington Wizards,1,6,10,Made Shot,Turnaround Hook Shot,2PT Field Goal,In The Paint (Non-RA),Center(C),Less Than 8 ft.,7,61,51,1,1,20231211,PHI,WAS
Shot Chart Detail,0022300295,87,1628398,Kyle Kuzma,1610612764,Washington Wizards,1,5,21,Missed Shot,Driving Layup Shot,2PT Field Goal,Restricted Area,Center(C),Less Than 8 ft.,2,23,9,1,0,20231211,PHI,WAS
Shot Chart Detail,0022300295,114,1628398,Kyle Kuzma,1610612764,Washington Wizards,1,3,48,Missed Shot,Pullup Jump shot,2PT Field Goal,In The Paint (Non-RA),Center(C),8-16 ft.,11,-1,114,1,0,20231211,PHI,WAS
Shot Chart Detail,0022300295,260,1628398,Kyle Kuzma,1610612764,Washington Wizards,2,6,57,Missed Shot,Jump Shot,3PT Field Goal,Above the Break 3,Center(C),24+ ft.,27,42,273,1,0,20231211,PHI,WAS
Shot Chart Detail,0022300295,279,1628398,Kyle Kuzma,1610612764,Washington Wizards,2,5,31,Made Shot,Driving Floating Jump Shot,2PT Field Goal,In The Paint (Non-RA),Center(C),8-16 ft.,10,44,90,1,1,20231211,PHI,WAS
Shot Chart Detail,0022300295,287,1628398,Kyle Kuzma,1610612764,Washington Wizards,2,4,55,Made Shot,Running Finger Roll Layup Shot,2PT Field Goal,Restricted Area,Center(C),Less Than 8 ft.,1,-9,13,1,1,20231211,PHI,WAS
Shot Chart Detail,0022300295,308,1628398,Kyle Kuzma,1610612764,Washington Wizards,2,3,35,Missed Shot,Driving Floating Jump Shot,2PT Field Goal,In The Paint (Non-RA),Center(C),8-16 ft.,8,18,83,1,0,20231211,PHI,WAS
Shot Chart Detail,0022300295,322,1628398,Kyle Kuzma,1610612764,Washington Wizards,2,2,10,Made Shot,Running Layup Shot,2PT Field Goal,Restricted Area,Center(C),Less Than 8 ft.,0,1,-1,1,1,20231211,PHI,WAS
Shot Chart Detail,0022300295,375,1628398,Kyle Kuzma,1610612764,Washington Wizards,3,8,47,Made Shot,Pullup Jump shot,3PT Field Goal,Right Corner 3,Right Side(R),24+ ft.,24,232,83,1,1,20231211,PHI,WAS
Shot Chart Detail,0022300295,379,1628398,Kyle Kuzma,1610612764,Washington Wizards,3,8,17,Made Shot,Turnaround Fadeaway Bank Jump Shot,2PT Field Goal,In The Paint (Non-RA),Left Side(L),8-16 ft.,9,-66,73,1,1,20231211,PHI,WAS
Shot Chart Detail,0022300295,400,1628398,Kyle Kuzma,1610612764,Washington Wizards,3,6,31,Missed Shot,Running Finger Roll Layup Shot,2PT Field Goal,Restricted Area,Center(C),Less Than 8 ft.,2,-13,17,1,0,20231211,PHI,WAS
Shot Chart Detail,0022300295,422,1628398,Kyle Kuzma,1610612764,Washington Wizards,3,5,0,Missed Shot,Pullup Jump shot,2PT Field Goal,Mid-Range,Left Side(L),8-16 ft.,14,-130,73,1,0,20231211,PHI,WAS
Shot Chart Detail,0022300311,18,1628398,Kyle Kuzma,1610612764,Washington Wizards,1,10,33,Made Shot,Jump Shot,3PT Field Goal,Above the Break 3,Right Side Center(RC),24+ ft.,26,190,185,1,1,20231213,WAS,NOP
Shot Chart Detail,0022300311,21,1628398,Kyle Kuzma,1610612764,Washington Wizards,1,10,10,Made Shot,Jump Shot,3PT Field Goal,Above the Break 3,Right Side Center(RC),24+ ft.,30,164,253,1,1,20231213,WAS,NOP
Shot Chart Detail,0022300311,55,1628398,Kyle Kuzma,1610612764,Washington Wizards,1,7,51,Made Shot,Pullup Jump shot,3PT Field Goal,Above the Break 3,Left Side Center(LC),24+ ft.,27,-145,232,1,1,20231213,WAS,NOP
Shot Chart Detail,0022300311,61,1628398,Kyle Kuzma,1610612764,Washington Wizards,1,7,13,Missed Shot,Step Back Jump shot,3PT Field Goal,Above the Break 3,Left Side Center(LC),24+ ft.,26,-197,174,1,0,20231213,WAS,NOP
Shot Chart Detail,0022300311,70,1628398,Kyle Kuzma,1610612764,Washington Wizards,1,6,32,Made Shot,Driving Layup Shot,2PT Field Goal,Restricted Area,Center(C),Less Than 8 ft.,2,22,19,1,1,20231213,WAS,NOP
Shot Chart Detail,0022300311,97,1628398,Kyle Kuzma,1610612764,Washington Wizards,1,5,8,Made Shot,Fadeaway Bank shot,2PT Field Goal,Mid-Range,Left Side(L),8-16 ft.,9,-85,41,1,1,20231213,WAS,NOP
Shot Chart Detail,0022300311,244,1628398,Kyle Kuzma,1610612764,Washington Wizards,2,6,29,Made Shot,Driving Finger Roll Layup Shot,2PT Field Goal,Restricted Area,Center(C),Less Than 8 ft.,3,6,36,1,1,20231213,WAS,NOP
Shot Chart Detail,0022300311,247,1628398,Kyle Kuzma,1610612764,Washington Wizards,2,5,57,Missed Shot,Fadeaway Bank shot,2PT Field Goal,Mid-Range,Left Side(L),8-16 ft.,8,-82,31,1,0,20231213,WAS,NOP
Shot Chart Detail,0022300311,262,1628398,Kyle Kuzma,1610612764,Washington Wizards,2,5,4,Missed Shot,Jump Shot,2PT Field Goal,Mid-Range,Right Side(R),8-16 ft.,13,109,85,1,0,20231213,WAS,NOP
Shot Chart Detail,0022300311,293,1628398,Kyle Kuzma,1610612764,Washington Wizards,2,2,49,Made Shot,Pullup Jump shot,2PT Field Goal,In The Paint (Non-RA),Center(C),Less Than 8 ft.,7,48,51,1,1,20231213,WAS,NOP
Shot Chart Detail,0022300311,309,1628398,Kyle Kuzma,1610612764,Washington Wizards,2,1,36,Made Shot,Jump Shot,3PT Field Goal,Above the Break 3,Left Side Center(LC),24+ ft.,27,-234,141,1,1,20231213,WAS,NOP
Shot Chart Detail,0022300311,327,1628398,Kyle Kuzma,1610612764,Washington Wizards,2,0,30,Missed Shot,Pullup Jump shot,3PT Field Goal,Above the Break 3,Right Side Center(RC),24+ ft.,25,195,157,1,0,20231213,WAS,NOP
Shot Chart Detail,0022300311,331,1628398,Kyle Kuzma,1610612764,Washington Wizards,2,0,4,Missed Shot,Turnaround Hook Shot,2PT Field Goal,In The Paint (Non-RA),Center(C),Less Than 8 ft.,5,-55,19,1,0,20231213,WAS,NOP
Shot Chart Detail,0022300311,356,1628398,Kyle Kuzma,1610612764,Washington Wizards,3,10,25,Missed Shot,Jump Shot,3PT Field Goal,Above the Break 3,Right Side Center(RC),24+ ft.,25,229,117,1,0,20231213,WAS,NOP
Shot Chart Detail,0022300311,385,1628398,Kyle Kuzma,1610612764,Washington Wizards,3,7,58,Made Shot,Driving Reverse Layup Shot,2PT Field Goal,Restricted Area,Center(C),Less Than 8 ft.,2,12,20,1,1,20231213,WAS,NOP
Shot Chart Detail,0022300311,442,1628398,Kyle Kuzma,1610612764,Washington Wizards,3,3,30,Missed Shot,Pullup Jump shot,2PT Field Goal,Mid-Range,Left Side(L),8-16 ft.,10,-99,29,1,0,20231213,WAS,NOP
Shot Chart Detail,0022300311,560,1628398,Kyle Kuzma,1610612764,Washington Wizards,4,6,44,Missed Shot,Jump Shot,3PT Field Goal,Left Corner 3,Left Side(L),24+ ft.,22,-221,-9,1,0,20231213,WAS,NOP
Shot Chart Detail,0022300311,571,1628398,Kyle Kuzma,1610612764,Washington Wizards,4,6,9,Made Shot,Driving Layup Shot,2PT Field Goal,In The Paint (Non-RA),Center(C),Less Than 8 ft.,4,-39,13,1,1,20231213,WAS,NOP
Shot Chart Detail,0022300311,585,1628398,Kyle Kuzma,1610612764,Washington Wizards,4,5,16,Missed Shot,Floating Jump shot,2PT Field Goal,Mid-Range,Right Side(R),8-16 ft.,14,113,84,1,0,20231213,WAS,NOP
Shot Chart Detail,0022300328,12,1628398,Kyle Kuzma,1610612764,Washington Wizards,1,10,53,Missed Shot,Driving Floating Jump Shot,2PT Field Goal,In The Paint (Non-RA),Center(C),8-16 ft.,13,-53,126,1,0,20231215,WAS,IND
Shot Chart Detail,0022300328,40,1628398,Kyle Kuzma,1610612764,Washington Wizards,1,8,56,Made Shot,Driving Floating Bank Jump Shot,2PT Field Goal,Mid-Range,Right Side(R),8-16 ft.,11,107,41,1,1,20231215,WAS,IND
Shot Chart Detail,0022300328,56,1628398,Kyle Kuzma,1610612764,Washington Wizards,1,6,59,Missed Shot,Driving Floating Jump Shot,2PT Field Goal,In The Paint (Non-RA),Center(C),Less Than 8 ft.,7,20,71,1,0,20231215,WAS,IND
Shot Chart Detail,0022300328,75,1628398,Kyle Kuzma,1610612764,Washington Wizards,1,5,35,Missed Shot,Driving Finger Roll Layup Shot,2PT Field Goal,Restricted Area,Center(C),Less Than 8 ft.,3,-25,29,1,0,20231215,WAS,IND
Shot Chart Detail,0022300328,102,1628398,Kyle Kuzma,1610612764,Washington Wizards,1,4,27,Made Shot,Driving Layup Shot,2PT Field Goal,In The Paint (Non-RA),Center(C),Less Than 8 ft.,7,74,22,1,1,20231215,WAS,IND
Shot Chart Detail,0022300328,116,1628398,Kyle Kuzma,1610612764,Washington Wizards,1,3,13,Missed Shot,Driving Hook Shot,2PT Field Goal,In The Paint (Non-RA),Center(C),8-16 ft.,8,-33,77,1,0,20231215,WAS,IND
Shot Chart Detail,0022300328,298,1628398,Kyle Kuzma,1610612764,Washington Wizards,2,4,16,Made Shot,Jump Shot,3PT Field Goal,Right Corner 3,Right Side(R),24+ ft.,22,225,-1,1,1,20231215,WAS,IND
Shot Chart Detail,0022300328,306,1628398,Kyle Kuzma,1610612764,Washington Wizards,2,3,21,Missed Shot,Jump Shot,3PT Field Goal,Left Corner 3,Left Side(L),24+ ft.,23,-232,6,1,0,20231215,WAS,IND
Shot Chart Detail,0022300328,317,1628398,Kyle Kuzma,1610612764,Washington Wizards,2,3,1,Made Shot,Turnaround Hook Shot,2PT Field Goal,In The Paint (Non-RA),Center(C),Less Than 8 ft.,5,58,11,1,1,20231215,WAS,IND
Shot Chart Detail,0022300328,324,1628398,Kyle Kuzma,1610612764,Washington Wizards,2,2,13,Missed Shot,Jump Shot,3PT Field Goal,Above the Break 3,Center(C),24+ ft.,25,-62,252,1,0,20231215,WAS,IND
Shot Chart Detail,0022300328,355,1628398,Kyle Kuzma,1610612764,Washington Wizards,2,0,34,Made Shot,Cutting Layup Shot,2PT Field Goal,Restricted Area,Center(C),Less Than 8 ft.,3,-38,-1,1,1,20231215,WAS,IND
Shot Chart Detail,0022300328,400,1628398,Kyle Kuzma,1610612764,Washington Wizards,3,10,45,Made Shot,Driving Floating Jump Shot,2PT Field Goal,In The Paint (Non-RA),Center(C),Less Than 8 ft.,4,23,36,1,1,20231215,WAS,IND
Shot Chart Detail,0022300328,449,1628398,Kyle Kuzma,1610612764,Washington Wizards,3,7,36,Made Shot,Running Layup Shot,2PT Field Goal,Restricted Area,Center(C),Less Than 8 ft.,3,34,13,1,1,20231215,WAS,IND
Shot Chart Detail,0022300328,474,1628398,Kyle Kuzma,1610612764,Washington Wizards,3,6,15,Missed Shot,Jump Shot,2PT Field Goal,Mid-Range,Left Side(L),16-24 ft.,19,-199,1,1,0,20231215,WAS,IND
Shot Chart Detail,0022300328,497,1628398,Kyle Kuzma,1610612764,Washington Wizards,3,5,28,Missed Shot,Driving Layup Shot,2PT Field Goal,In The Paint (Non-RA),Center(C),Less Than 8 ft.,6,64,18,1,0,20231215,WAS,IND
Shot Chart Detail,0022300328,511,1628398,Kyle Kuzma,1610612764,Washington Wizards,3,4,1,Made Shot,Pullup Jump shot,3PT Field Goal,Above the Break 3,Center(C),24+ ft.,26,61,260,1,1,20231215,WAS,IND
Shot Chart Detail,0022300328,533,1628398,Kyle Kuzma,1610612764,Washington Wizards,3,2,39,Missed Shot,Running Reverse Layup Shot,2PT Field Goal,Restricted Area,Center(C),Less Than 8 ft.,2,-15,18,1,0,20231215,WAS,IND
Shot Chart Detail,0022300328,656,1628398,Kyle Kuzma,1610612764,Washington Wizards,4,7,36,Missed Shot,Pullup Jump shot,3PT Field Goal,Above the Break 3,Center(C),24+ ft.,34,-39,341,1,0,20231215,WAS,IND
Shot Chart Detail,0022300328,664,1628398,Kyle Kuzma,1610612764,Washington Wizards,4,7,8,Made Shot,Jump Shot,3PT Field Goal,Right Corner 3,Right Side(R),24+ ft.,23,229,64,1,1,20231215,WAS,IND
Shot Chart Detail,0022300328,680,1628398,Kyle Kuzma,1610612764,Washington Wizards,4,5,26,Made Shot,Step Back Jump shot,3PT Field Goal,Above the Break 3,Center(C),24+ ft.,26,45,260,1,1,20231215,WAS,IND
Shot Chart Detail,0022300328,683,1628398,Kyle Kuzma,1610612764,Washington Wizards,4,4,53,Missed Shot,Step Back Jump shot,3PT Field Goal,Above the Break 3,Left Side Center(LC),24+ ft.,24,-208,137,1,0,20231215,WAS,IND
Shot Chart Detail,0022300328,708,1628398,Kyle Kuzma,1610612764,Washington Wizards,4,3,27,Missed Shot,Jump Shot,3PT Field Goal,Above the Break 3,Right Side Center(RC),24+ ft.,26,123,236,1,0,20231215,WAS,IND
Shot Chart Detail,0022300328,714,1628398,Kyle Kuzma,1610612764,Washington Wizards,4,3,8,Made Shot,Running Alley Oop Dunk Shot,2PT Field Goal,Restricted Area,Center(C),Less Than 8 ft.,0,4,7,1,1,20231215,WAS,IND
Shot Chart Detail,0022300347,9,1628398,Kyle Kuzma,1610612764,Washington Wizards,1,11,28,Missed Shot,Jump Shot,3PT Field Goal,Above the Break 3,Left Side Center(LC),24+ ft.,26,-237,113,1,0,20231217,PHX,WAS
Shot Chart Detail,0022300347,16,1628398,Kyle Kuzma,1610612764,Washington Wizards,1,10,54,Missed Shot,Driving Floating Bank Jump Shot,2PT Field Goal,In The Paint (Non-RA),Center(C),Less Than 8 ft.,5,-53,28,1,0,20231217,PHX,WAS
Shot Chart Detail,0022300347,31,1628398,Kyle Kuzma,1610612764,Washington Wizards,1,9,7,Missed Shot,Step Back Jump shot,2PT Field Goal,Mid-Range,Right Side Center(RC),16-24 ft.,16,67,151,1,0,20231217,PHX,WAS
Shot Chart Detail,0022300347,38,1628398,Kyle Kuzma,1610612764,Washington Wizards,1,8,50,Made Shot,Running Jump Shot,3PT Field Goal,Right Corner 3,Right Side(R),24+ ft.,22,224,-20,1,1,20231217,PHX,WAS
Shot Chart Detail,0022300347,54,1628398,Kyle Kuzma,1610612764,Washington Wizards,1,7,29,Made Shot,Driving Layup Shot,2PT Field Goal,Restricted Area,Center(C),Less Than 8 ft.,0,-1,2,1,1,20231217,PHX,WAS
Shot Chart Detail,0022300347,75,1628398,Kyle Kuzma,1610612764,Washington Wizards,1,5,44,Missed Shot,Driving Floating Jump Shot,2PT Field Goal,Mid-Range,Left Side Center(LC),16-24 ft.,17,-118,130,1,0,20231217,PHX,WAS
Shot Chart Detail,0022300347,106,1628398,Kyle Kuzma,1610612764,Washington Wizards,1,3,44,Missed Shot,Jump Shot,3PT Field Goal,Above the Break 3,Left Side Center(LC),24+ ft.,28,-164,230,1,0,20231217,PHX,WAS
Shot Chart Detail,0022300347,235,1628398,Kyle Kuzma,1610612764,Washington Wizards,2,6,10,Missed Shot,Jump Shot,3PT Field Goal,Above the Break 3,Left Side Center(LC),24+ ft.,26,-131,227,1,0,20231217,PHX,WAS
Shot Chart Detail,0022300347,239,1628398,Kyle Kuzma,1610612764,Washington Wizards,2,5,52,Missed Shot,Driving Layup Shot,2PT Field Goal,Restricted Area,Center(C),Less Than 8 ft.,3,-26,15,1,0,20231217,PHX,WAS
Shot Chart Detail,0022300347,262,1628398,Kyle Kuzma,1610612764,Washington Wizards,2,4,15,Made Shot,Fadeaway Jump Shot,2PT Field Goal,In The Paint (Non-RA),Center(C),Less Than 8 ft.,6,-22,65,1,1,20231217,PHX,WAS
Shot Chart Detail,0022300347,269,1628398,Kyle Kuzma,1610612764,Washington Wizards,2,3,14,Made Shot,Jump Shot,3PT Field Goal,Above the Break 3,Left Side Center(LC),24+ ft.,26,-195,185,1,1,20231217,PHX,WAS
Shot Chart Detail,0022300347,276,1628398,Kyle Kuzma,1610612764,Washington Wizards,2,2,55,Made Shot,Running Reverse Layup Shot,2PT Field Goal,Restricted Area,Center(C),Less Than 8 ft.,1,-1,12,1,1,20231217,PHX,WAS
Shot Chart Detail,0022300347,287,1628398,Kyle Kuzma,1610612764,Washington Wizards,2,1,45,Missed Shot,Jump Shot,3PT Field Goal,Left Corner 3,Left Side(L),24+ ft.,23,-237,16,1,0,20231217,PHX,WAS
Shot Chart Detail,0022300347,304,1628398,Kyle Kuzma,1610612764,Washington Wizards,2,0,48,Missed Shot,Jump Shot,3PT Field Goal,Above the Break 3,Center(C),24+ ft.,26,10,269,1,0,20231217,PHX,WAS
Shot Chart Detail,0022300347,308,1628398,Kyle Kuzma,1610612764,Washington Wizards,2,0,6,Missed Shot,Fadeaway Bank shot,3PT Field Goal,Above the Break 3,Left Side Center(LC),24+ ft.,25,-219,131,1,0,20231217,PHX,WAS
Shot Chart Detail,0022300347,328,1628398,Kyle Kuzma,1610612764,Washington Wizards,3,11,44,Missed Shot,Jump Shot,3PT Field Goal,Above the Break 3,Left Side Center(LC),24+ ft.,25,-196,161,1,0,20231217,PHX,WAS
Shot Chart Detail,0022300347,381,1628398,Kyle Kuzma,1610612764,Washington Wizards,3,8,23,Made Shot,Jump Shot,3PT Field Goal,Above the Break 3,Left Side Center(LC),24+ ft.,26,-97,242,1,1,20231217,PHX,WAS
Shot Chart Detail,0022300347,396,1628398,Kyle Kuzma,1610612764,Washington Wizards,3,7,40,Made Shot,Driving Hook Shot,2PT Field Goal,In The Paint (Non-RA),Center(C),Less Than 8 ft.,4,-37,31,1,1,20231217,PHX,WAS
Shot Chart Detail,0022300347,469,1628398,Kyle Kuzma,1610612764,Washington Wizards,3,3,1,Missed Shot,Pullup Jump shot,3PT Field Goal,Above the Break 3,Right Side Center(RC),24+ ft.,29,134,263,1,0,20231217,PHX,WAS
Shot Chart Detail,0022300347,495,1628398,Kyle Kuzma,1610612764,Washington Wizards,3,0,54,Missed Shot,Jump Shot,3PT Field Goal,Left Corner 3,Left Side(L),24+ ft.,22,-223,2,1,0,20231217,PHX,WAS
Shot Chart Detail,0022300347,654,1628398,Kyle Kuzma,1610612764,Washington Wizards,4,1,29,Missed Shot,Running Jump Shot,3PT Field Goal,Left Corner 3,Left Side(L),24+ ft.,22,-221,25,1,0,20231217,PHX,WAS
Shot Chart Detail,0022300347,691,1628398,Kyle Kuzma,1610612764,Washington Wizards,4,0,17,Missed Shot,Hook Shot,2PT Field Goal,In The Paint (Non-RA),Center(C),8-16 ft.,12,1,120,1,0,20231217,PHX,WAS
Shot Chart Detail,0022300358,7,1628398,Kyle Kuzma,1610612764,Washington Wizards,1,11,46,Missed Shot,Turnaround Hook Shot,2PT Field Goal,In The Paint (Non-RA),Right Side(R),8-16 ft.,9,80,59,1,0,20231218,SAC,WAS
Shot Chart Detail,0022300358,11,1628398,Kyle Kuzma,1610612764,Washington Wizards,1,11,21,Missed Shot,Driving Floating Bank Jump Shot,2PT Field Goal,In The Paint (Non-RA),Center(C),Less Than 8 ft.,6,-13,59,1,0,20231218,SAC,WAS
Shot Chart Detail,0022300358,47,1628398,Kyle Kuzma,1610612764,Washington Wizards,1,8,12,Made Shot,Jump Shot,3PT Field Goal,Above the Break 3,Right Side Center(RC),24+ ft.,25,141,213,1,1,20231218,SAC,WAS
Shot Chart Detail,0022300358,64,1628398,Kyle Kuzma,1610612764,Washington Wizards,1,6,18,Made Shot,Jump Shot,3PT Field Goal,Above the Break 3,Left Side Center(LC),24+ ft.,26,-172,201,1,1,20231218,SAC,WAS
Shot Chart Detail,0022300358,85,1628398,Kyle Kuzma,1610612764,Washington Wizards,1,5,2,Made Shot,Driving Layup Shot,2PT Field Goal,In The Paint (Non-RA),Center(C),Less Than 8 ft.,5,37,46,1,1,20231218,SAC,WAS
Shot Chart Detail,0022300358,96,1628398,Kyle Kuzma,1610612764,Washington Wizards,1,3,50,Missed Shot,Driving Floating Bank Jump Shot,2PT Field Goal,In The Paint (Non-RA),Right Side(R),8-16 ft.,8,76,25,1,0,20231218,SAC,WAS
Shot Chart Detail,0022300358,100,1628398,Kyle Kuzma,1610612764,Washington Wizards,1,3,22,Missed Shot,Pullup Jump shot,3PT Field Goal,Above the Break 3,Center(C),24+ ft.,27,62,268,1,0,20231218,SAC,WAS
Shot Chart Detail,0022300358,253,1628398,Kyle Kuzma,1610612764,Washington Wizards,2,6,28,Missed Shot,Jump Bank Shot,3PT Field Goal,Above the Break 3,Left Side Center(LC),24+ ft.,27,-161,220,1,0,20231218,SAC,WAS
Shot Chart Detail,0022300358,279,1628398,Kyle Kuzma,1610612764,Washington Wizards,2,5,1,Missed Shot,Jump Shot,3PT Field Goal,Above the Break 3,Left Side Center(LC),24+ ft.,25,-102,234,1,0,20231218,SAC,WAS
Shot Chart Detail,0022300358,348,1628398,Kyle Kuzma,1610612764,Washington Wizards,2,0,6,Missed Shot,Jump Shot,3PT Field Goal,Above the Break 3,Left Side Center(LC),24+ ft.,27,-127,247,1,0,20231218,SAC,WAS
Shot Chart Detail,0022300358,436,1628398,Kyle Kuzma,1610612764,Washington Wizards,3,6,46,Made Shot,Driving Layup Shot,2PT Field Goal,Restricted Area,Center(C),Less Than 8 ft.,3,34,16,1,1,20231218,SAC,WAS
Shot Chart Detail,0022300358,472,1628398,Kyle Kuzma,1610612764,Washington Wizards,3,4,43,Made Shot,Running Layup Shot,2PT Field Goal,Restricted Area,Center(C),Less Than 8 ft.,2,16,12,1,1,20231218,SAC,WAS
Shot Chart Detail,0022300358,486,1628398,Kyle Kuzma,1610612764,Washington Wizards,3,3,42,Made Shot,Turnaround Fadeaway shot,2PT Field Goal,Mid-Range,Right Side(R),8-16 ft.,14,107,94,1,1,20231218,SAC,WAS
Shot Chart Detail,0022300358,645,1628398,Kyle Kuzma,1610612764,Washington Wizards,4,6,37,Made Shot,Driving Layup Shot,2PT Field Goal,Restricted Area,Center(C),Less Than 8 ft.,3,28,16,1,1,20231218,SAC,WAS
Shot Chart Detail,0022300358,656,1628398,Kyle Kuzma,1610612764,Washington Wizards,4,5,43,Made Shot,Step Back Jump shot,3PT Field Goal,Above the Break 3,Center(C),24+ ft.,25,16,259,1,1,20231218,SAC,WAS
Shot Chart Detail,0022300358,668,1628398,Kyle Kuzma,1610612764,Washington Wizards,4,4,51,Missed Shot,Driving Floating Jump Shot,2PT Field Goal,In The Paint (Non-RA),Center(C),Less Than 8 ft.,7,26,75,1,0,20231218,SAC,WAS
Shot Chart Detail,0022300381,14,1628398,Kyle Kuzma,1610612764,Washington Wizards,1,10,36,Missed Shot,Jump Shot,3PT Field Goal,Left Corner 3,Left Side(L),24+ ft.,23,-233,39,1,0,20231221,POR,WAS
Shot Chart Detail,0022300381,55,1628398,Kyle Kuzma,1610612764,Washington Wizards,1,7,52,Made Shot,Running Layup Shot,2PT Field Goal,In The Paint (Non-RA),Center(C),Less Than 8 ft.,6,59,15,1,1,20231221,POR,WAS
Shot Chart Detail,0022300381,70,1628398,Kyle Kuzma,1610612764,Washington Wizards,1,6,43,Made Shot,Running Jump Shot,3PT Field Goal,Above the Break 3,Right Side Center(RC),24+ ft.,24,185,168,1,1,20231221,POR,WAS
Shot Chart Detail,0022300381,91,1628398,Kyle Kuzma,1610612764,Washington Wizards,1,5,8,Made Shot,Driving Floating Jump Shot,2PT Field Goal,In The Paint (Non-RA),Center(C),8-16 ft.,9,-4,96,1,1,20231221,POR,WAS
Shot Chart Detail,0022300381,94,1628398,Kyle Kuzma,1610612764,Washington Wizards,1,4,43,Made Shot,Driving Floating Bank Jump Shot,2PT Field Goal,In The Paint (Non-RA),Center(C),Less Than 8 ft.,5,50,23,1,1,20231221,POR,WAS
Shot Chart Detail,0022300381,124,1628398,Kyle Kuzma,1610612764,Washington Wizards,1,2,37,Made Shot,Pullup Jump shot,3PT Field Goal,Above the Break 3,Right Side Center(RC),24+ ft.,27,123,243,1,1,20231221,POR,WAS
Shot Chart Detail,0022300381,126,1628398,Kyle Kuzma,1610612764,Washington Wizards,1,2,9,Missed Shot,Pullup Jump shot,3PT Field Goal,Above the Break 3,Center(C),24+ ft.,29,-12,299,1,0,20231221,POR,WAS
Shot Chart Detail,0022300381,132,1628398,Kyle Kuzma,1610612764,Washington Wizards,1,1,52,Missed Shot,Running Layup Shot,2PT Field Goal,Restricted Area,Center(C),Less Than 8 ft.,2,5,28,1,0,20231221,POR,WAS
Shot Chart Detail,0022300381,234,1628398,Kyle Kuzma,1610612764,Washington Wizards,2,7,20,Made Shot,Driving Hook Shot,2PT Field Goal,Restricted Area,Center(C),Less Than 8 ft.,3,25,27,1,1,20231221,POR,WAS
Shot Chart Detail,0022300381,324,1628398,Kyle Kuzma,1610612764,Washington Wizards,2,1,40,Missed Shot,Jump Shot,3PT Field Goal,Above the Break 3,Right Side Center(RC),24+ ft.,24,212,118,1,0,20231221,POR,WAS
Shot Chart Detail,0022300381,332,1628398,Kyle Kuzma,1610612764,Washington Wizards,2,1,3,Made Shot,Pullup Jump shot,2PT Field Goal,Mid-Range,Right Side Center(RC),16-24 ft.,20,119,169,1,1,20231221,POR,WAS
Shot Chart Detail,0022300381,343,1628398,Kyle Kuzma,1610612764,Washington Wizards,2,0,3,Missed Shot,Pullup Jump shot,2PT Field Goal,Mid-Range,Right Side Center(RC),16-24 ft.,19,110,162,1,0,20231221,POR,WAS
Shot Chart Detail,0022300381,351,1628398,Kyle Kuzma,1610612764,Washington Wizards,3,11,27,Missed Shot,Jump Shot,3PT Field Goal,Above the Break 3,Left Side Center(LC),24+ ft.,24,-225,103,1,0,20231221,POR,WAS
Shot Chart Detail,0022300381,374,1628398,Kyle Kuzma,1610612764,Washington Wizards,3,9,3,Missed Shot,Turnaround Fadeaway shot,2PT Field Goal,In The Paint (Non-RA),Center(C),8-16 ft.,9,-42,85,1,0,20231221,POR,WAS
Shot Chart Detail,0022300381,378,1628398,Kyle Kuzma,1610612764,Washington Wizards,3,8,47,Made Shot,Running Finger Roll Layup Shot,2PT Field Goal,Restricted Area,Center(C),Less Than 8 ft.,2,5,27,1,1,20231221,POR,WAS
Shot Chart Detail,0022300381,394,1628398,Kyle Kuzma,1610612764,Washington Wizards,3,7,42,Made Shot,Running Dunk Shot,2PT Field Goal,Restricted Area,Center(C),Less Than 8 ft.,0,9,4,1,1,20231221,POR,WAS
Shot Chart Detail,0022300381,435,1628398,Kyle Kuzma,1610612764,Washington Wizards,3,5,1,Made Shot,Jump Shot,3PT Field Goal,Left Corner 3,Left Side(L),24+ ft.,22,-227,9,1,1,20231221,POR,WAS
Shot Chart Detail,0022300381,457,1628398,Kyle Kuzma,1610612764,Washington Wizards,3,3,56,Missed Shot,Driving Reverse Layup Shot,2PT Field Goal,Restricted Area,Center(C),Less Than 8 ft.,2,-20,-5,1,0,20231221,POR,WAS
Shot Chart Detail,0022300381,637,1628398,Kyle Kuzma,1610612764,Washington Wizards,4,2,26,Missed Shot,Pullup Jump shot,2PT Field Goal,Mid-Range,Right Side(R),8-16 ft.,14,82,121,1,0,20231221,POR,WAS
Shot Chart Detail,0022300381,648,1628398,Kyle Kuzma,1610612764,Washington Wizards,4,1,24,Missed Shot,Driving Floating Jump Shot,2PT Field Goal,Restricted Area,Center(C),Less Than 8 ft.,2,-18,10,1,0,20231221,POR,WAS
Shot Chart Detail,0022300381,650,1628398,Kyle Kuzma,1610612764,Washington Wizards,4,1,23,Made Shot,Putback Layup Shot,2PT Field Goal,Restricted Area,Center(C),Less Than 8 ft.,1,0,13,1,1,20231221,POR,WAS
Shot Chart Detail,0022300381,655,1628398,Kyle Kuzma,1610612764,Washington Wizards,4,0,38,Missed Shot,Fadeaway Jump Shot,2PT Field Goal,Mid-Range,Right Side(R),8-16 ft.,15,156,21,1,0,20231221,POR,WAS
Shot Chart Detail,0022300386,31,1628398,Kyle Kuzma,1610612764,Washington Wizards,1,9,15,Made Shot,Floating Jump shot,2PT Field Goal,In The Paint (Non-RA),Center(C),Less Than 8 ft.,7,-11,70,1,1,20231222,GSW,WAS
Shot Chart Detail,0022300386,48,1628398,Kyle Kuzma,1610612764,Washington Wizards,1,7,35,Made Shot,Pullup Jump shot,3PT Field Goal,Above the Break 3,Center(C),24+ ft.,26,-16,269,1,1,20231222,GSW,WAS
Shot Chart Detail,0022300386,60,1628398,Kyle Kuzma,1610612764,Washington Wizards,1,6,41,Missed Shot,Jump Shot,3PT Field Goal,Right Corner 3,Right Side(R),24+ ft.,23,221,65,1,0,20231222,GSW,WAS
Shot Chart Detail,0022300386,64,1628398,Kyle Kuzma,1610612764,Washington Wizards,1,6,12,Made Shot,Fadeaway Jump Shot,2PT Field Goal,In The Paint (Non-RA),Center(C),8-16 ft.,8,-4,81,1,1,20231222,GSW,WAS
Shot Chart Detail,0022300386,76,1628398,Kyle Kuzma,1610612764,Washington Wizards,1,5,32,Missed Shot,Fadeaway Jump Shot,3PT Field Goal,Right Corner 3,Right Side(R),24+ ft.,22,227,-6,1,0,20231222,GSW,WAS
Shot Chart Detail,0022300386,102,1628398,Kyle Kuzma,1610612764,Washington Wizards,1,3,59,Missed Shot,Driving Layup Shot,2PT Field Goal,Restricted Area,Center(C),Less Than 8 ft.,3,20,28,1,0,20231222,GSW,WAS
Shot Chart Detail,0022300386,259,1628398,Kyle Kuzma,1610612764,Washington Wizards,2,5,13,Missed Shot,Fadeaway Jump Shot,2PT Field Goal,In The Paint (Non-RA),Center(C),Less Than 8 ft.,6,-59,25,1,0,20231222,GSW,WAS
Shot Chart Detail,0022300386,325,1628398,Kyle Kuzma,1610612764,Washington Wizards,2,1,9,Missed Shot,Jump Shot,3PT Field Goal,Left Corner 3,Left Side(L),24+ ft.,22,-229,10,1,0,20231222,GSW,WAS
Shot Chart Detail,0022300386,372,1628398,Kyle Kuzma,1610612764,Washington Wizards,3,10,31,Missed Shot,Jump Shot,3PT Field Goal,Above the Break 3,Left Side Center(LC),24+ ft.,25,-156,197,1,0,20231222,GSW,WAS
Shot Chart Detail,0022300386,407,1628398,Kyle Kuzma,1610612764,Washington Wizards,3,8,3,Missed Shot,Hook Shot,2PT Field Goal,In The Paint (Non-RA),Center(C),Less Than 8 ft.,5,34,47,1,0,20231222,GSW,WAS
Shot Chart Detail,0022300386,465,1628398,Kyle Kuzma,1610612764,Washington Wizards,3,3,31,Missed Shot,Pullup Jump shot,2PT Field Goal,In The Paint (Non-RA),Center(C),Less Than 8 ft.,5,51,20,1,0,20231222,GSW,WAS
Shot Chart Detail,0022300407,14,1628398,Kyle Kuzma,1610612764,Washington Wizards,1,10,44,Missed Shot,Jump Shot,3PT Field Goal,Left Corner 3,Left Side(L),24+ ft.,22,-223,-6,1,0,20231226,WAS,ORL
Shot Chart Detail,0022300407,18,1628398,Kyle Kuzma,1610612764,Washington Wizards,1,10,10,Missed Shot,Driving Finger Roll Layup Shot,2PT Field Goal,Restricted Area,Center(C),Less Than 8 ft.,2,-17,13,1,0,20231226,WAS,ORL
Shot Chart Detail,0022300407,26,1628398,Kyle Kuzma,1610612764,Washington Wizards,1,9,36,Made Shot,Cutting Dunk Shot,2PT Field Goal,Restricted Area,Center(C),Less Than 8 ft.,1,-13,10,1,1,20231226,WAS,ORL
Shot Chart Detail,0022300407,50,1628398,Kyle Kuzma,1610612764,Washington Wizards,1,7,3,Missed Shot,Running Jump Shot,3PT Field Goal,Above the Break 3,Left Side Center(LC),24+ ft.,27,-161,227,1,0,20231226,WAS,ORL
Shot Chart Detail,0022300407,120,1628398,Kyle Kuzma,1610612764,Washington Wizards,1,1,46,Missed Shot,Step Back Jump shot,3PT Field Goal,Above the Break 3,Right Side Center(RC),24+ ft.,26,234,120,1,0,20231226,WAS,ORL
Shot Chart Detail,0022300407,274,1628398,Kyle Kuzma,1610612764,Washington Wizards,2,4,27,Missed Shot,Floating Jump shot,2PT Field Goal,In The Paint (Non-RA),Center(C),8-16 ft.,14,69,127,1,0,20231226,WAS,ORL
Shot Chart Detail,0022300407,276,1628398,Kyle Kuzma,1610612764,Washington Wizards,2,4,22,Made Shot,Turnaround Hook Shot,2PT Field Goal,In The Paint (Non-RA),Center(C),Less Than 8 ft.,6,0,62,1,1,20231226,WAS,ORL
Shot Chart Detail,0022300407,279,1628398,Kyle Kuzma,1610612764,Washington Wizards,2,3,57,Missed Shot,Driving Floating Jump Shot,2PT Field Goal,In The Paint (Non-RA),Center(C),8-16 ft.,11,-10,112,1,0,20231226,WAS,ORL
Shot Chart Detail,0022300407,327,1628398,Kyle Kuzma,1610612764,Washington Wizards,2,0,41,Missed Shot,Driving Layup Shot,2PT Field Goal,Restricted Area,Center(C),Less Than 8 ft.,3,38,12,1,0,20231226,WAS,ORL
Shot Chart Detail,0022300407,334,1628398,Kyle Kuzma,1610612764,Washington Wizards,2,0,5,Missed Shot,Driving Floating Jump Shot,2PT Field Goal,In The Paint (Non-RA),Center(C),Less Than 8 ft.,4,-16,44,1,0,20231226,WAS,ORL
Shot Chart Detail,0022300407,370,1628398,Kyle Kuzma,1610612764,Washington Wizards,3,9,36,Made Shot,Turnaround Fadeaway shot,2PT Field Goal,Mid-Range,Right Side(R),8-16 ft.,8,85,1,1,1,20231226,WAS,ORL
Shot Chart Detail,0022300407,444,1628398,Kyle Kuzma,1610612764,Washington Wizards,3,4,3,Made Shot,Driving Layup Shot,2PT Field Goal,Restricted Area,Center(C),Less Than 8 ft.,1,-6,14,1,1,20231226,WAS,ORL
Shot Chart Detail,0022300407,449,1628398,Kyle Kuzma,1610612764,Washington Wizards,3,3,23,Missed Shot,Step Back Jump shot,3PT Field Goal,Left Corner 3,Left Side(L),24+ ft.,23,-238,11,1,0,20231226,WAS,ORL
Shot Chart Detail,0022300407,570,1628398,Kyle Kuzma,1610612764,Washington Wizards,4,6,46,Made Shot,Jump Shot,3PT Field Goal,Left Corner 3,Left Side(L),24+ ft.,23,-235,-33,1,1,20231226,WAS,ORL
Shot Chart Detail,0022300407,574,1628398,Kyle Kuzma,1610612764,Washington Wizards,4,6,8,Missed Shot,Turnaround Jump Shot,2PT Field Goal,Mid-Range,Center(C),8-16 ft.,14,-34,140,1,0,20231226,WAS,ORL
Shot Chart Detail,0022300407,590,1628398,Kyle Kuzma,1610612764,Washington Wizards,4,5,37,Missed Shot,Running Jump Shot,3PT Field Goal,Left Corner 3,Left Side(L),24+ ft.,24,-238,66,1,0,20231226,WAS,ORL
Shot Chart Detail,0022300407,605,1628398,Kyle Kuzma,1610612764,Washington Wizards,4,4,20,Made Shot,Running Jump Shot,3PT Field Goal,Left Corner 3,Left Side(L),24+ ft.,22,-224,-2,1,1,20231226,WAS,ORL
Shot Chart Detail,0022300407,659,1628398,Kyle Kuzma,1610612764,Washington Wizards,4,0,29,Missed Shot,Pullup Jump shot,3PT Field Goal,Above the Break 3,Right Side Center(RC),24+ ft.,30,129,278,1,0,20231226,WAS,ORL
Shot Chart Detail,0022300416,13,1628398,Kyle Kuzma,1610612764,Washington Wizards,1,10,55,Made Shot,Pullup Jump shot,3PT Field Goal,Above the Break 3,Left Side Center(LC),24+ ft.,27,-116,252,1,1,20231227,WAS,TOR
Shot Chart Detail,0022300416,38,1628398,Kyle Kuzma,1610612764,Washington Wizards,1,8,38,Missed Shot,Jump Shot,3PT Field Goal,Right Corner 3,Right Side(R),24+ ft.,23,228,47,1,0,20231227,WAS,TOR
Shot Chart Detail,0022300416,60,1628398,Kyle Kuzma,1610612764,Washington Wizards,1,6,9,Missed Shot,Jump Shot,3PT Field Goal,Above the Break 3,Left Side Center(LC),24+ ft.,27,-211,179,1,0,20231227,WAS,TOR
Shot Chart Detail,0022300416,252,1628398,Kyle Kuzma,1610612764,Washington Wizards,2,4,37,Made Shot,Driving Floating Jump Shot,2PT Field Goal,Restricted Area,Center(C),Less Than 8 ft.,2,-2,27,1,1,20231227,WAS,TOR
Shot Chart Detail,0022300416,255,1628398,Kyle Kuzma,1610612764,Washington Wizards,2,4,22,Missed Shot,Running Jump Shot,3PT Field Goal,Above the Break 3,Right Side Center(RC),24+ ft.,30,174,248,1,0,20231227,WAS,TOR
Shot Chart Detail,0022300416,277,1628398,Kyle Kuzma,1610612764,Washington Wizards,2,3,13,Missed Shot,Running Jump Shot,2PT Field Goal,Mid-Range,Left Side(L),16-24 ft.,22,-183,127,1,0,20231227,WAS,TOR
Shot Chart Detail,0022300416,308,1628398,Kyle Kuzma,1610612764,Washington Wizards,2,1,16,Made Shot,Driving Layup Shot,2PT Field Goal,Restricted Area,Center(C),Less Than 8 ft.,2,23,-2,1,1,20231227,WAS,TOR
Shot Chart Detail,0022300416,387,1628398,Kyle Kuzma,1610612764,Washington Wizards,3,8,17,Missed Shot,Driving Layup Shot,2PT Field Goal,In The Paint (Non-RA),Center(C),Less Than 8 ft.,5,-55,13,1,0,20231227,WAS,TOR
Shot Chart Detail,0022300416,404,1628398,Kyle Kuzma,1610612764,Washington Wizards,3,7,27,Made Shot,Running Layup Shot,2PT Field Goal,Restricted Area,Center(C),Less Than 8 ft.,1,16,-9,1,1,20231227,WAS,TOR
Shot Chart Detail,0022300416,418,1628398,Kyle Kuzma,1610612764,Washington Wizards,3,5,38,Made Shot,Driving Finger Roll Layup Shot,2PT Field Goal,Restricted Area,Center(C),Less Than 8 ft.,2,-12,25,1,1,20231227,WAS,TOR
Shot Chart Detail,0022300416,438,1628398,Kyle Kuzma,1610612764,Washington Wizards,3,4,6,Missed Shot,Fadeaway Jump Shot,2PT Field Goal,Mid-Range,Left Side Center(LC),16-24 ft.,16,-119,110,1,0,20231227,WAS,TOR
Shot Chart Detail,0022300416,528,1628398,Kyle Kuzma,1610612764,Washington Wizards,4,9,31,Missed Shot,Jump Shot,3PT Field Goal,Left Corner 3,Left Side(L),24+ ft.,24,-241,-14,1,0,20231227,WAS,TOR
Shot Chart Detail,0022300416,543,1628398,Kyle Kuzma,1610612764,Washington Wizards,4,8,52,Made Shot,Driving Bank Hook Shot,2PT Field Goal,Restricted Area,Center(C),Less Than 8 ft.,2,20,12,1,1,20231227,WAS,TOR
Shot Chart Detail,0022300430,10,1628398,Kyle Kuzma,1610612764,Washington Wizards,1,11,23,Made Shot,Step Back Jump shot,3PT Field Goal,Above the Break 3,Center(C),24+ ft.,28,45,284,1,1,20231229,WAS,BKN
Shot Chart Detail,0022300430,14,1628398,Kyle Kuzma,1610612764,Washington Wizards,1,10,57,Missed Shot,Jump Shot,3PT Field Goal,Above the Break 3,Left Side Center(LC),24+ ft.,28,-110,258,1,0,20231229,WAS,BKN
Shot Chart Detail,0022300430,51,1628398,Kyle Kuzma,1610612764,Washington Wizards,1,7,10,Made Shot,Driving Finger Roll Layup Shot,2PT Field Goal,Restricted Area,Center(C),Less Than 8 ft.,3,-6,31,1,1,20231229,WAS,BKN
Shot Chart Detail,0022300430,65,1628398,Kyle Kuzma,1610612764,Washington Wizards,1,6,4,Made Shot,Turnaround Fadeaway shot,2PT Field Goal,Mid-Range,Left Side(L),8-16 ft.,15,-140,62,1,1,20231229,WAS,BKN
Shot Chart Detail,0022300430,80,1628398,Kyle Kuzma,1610612764,Washington Wizards,1,5,5,Made Shot,Pullup Jump shot,2PT Field Goal,In The Paint (Non-RA),Center(C),Less Than 8 ft.,7,6,73,1,1,20231229,WAS,BKN
Shot Chart Detail,0022300430,84,1628398,Kyle Kuzma,1610612764,Washington Wizards,1,4,25,Missed Shot,Pullup Jump shot,3PT Field Goal,Above the Break 3,Left Side Center(LC),24+ ft.,27,-180,208,1,0,20231229,WAS,BKN
Shot Chart Detail,0022300430,98,1628398,Kyle Kuzma,1610612764,Washington Wizards,1,3,1,Missed Shot,Jump Shot,3PT Field Goal,Above the Break 3,Center(C),24+ ft.,30,-82,290,1,0,20231229,WAS,BKN
Shot Chart Detail,0022300430,254,1628398,Kyle Kuzma,1610612764,Washington Wizards,2,3,42,Missed Shot,Pullup Jump shot,2PT Field Goal,Mid-Range,Center(C),16-24 ft.,16,4,169,1,0,20231229,WAS,BKN
Shot Chart Detail,0022300430,269,1628398,Kyle Kuzma,1610612764,Washington Wizards,2,2,13,Missed Shot,Step Back Jump shot,2PT Field Goal,Mid-Range,Left Side Center(LC),16-24 ft.,22,-119,192,1,0,20231229,WAS,BKN
Shot Chart Detail,0022300430,319,1628398,Kyle Kuzma,1610612764,Washington Wizards,3,11,41,Missed Shot,Pullup Jump shot,3PT Field Goal,Above the Break 3,Left Side Center(LC),24+ ft.,28,-94,264,1,0,20231229,WAS,BKN
Shot Chart Detail,0022300430,323,1628398,Kyle Kuzma,1610612764,Washington Wizards,3,11,6,Missed Shot,Turnaround Fadeaway shot,2PT Field Goal,In The Paint (Non-RA),Center(C),8-16 ft.,14,-43,136,1,0,20231229,WAS,BKN
Shot Chart Detail,0022300430,338,1628398,Kyle Kuzma,1610612764,Washington Wizards,3,9,31,Missed Shot,Jump Shot,3PT Field Goal,Above the Break 3,Right Side Center(RC),24+ ft.,25,88,242,1,0,20231229,WAS,BKN
Shot Chart Detail,0022300430,379,1628398,Kyle Kuzma,1610612764,Washington Wizards,3,6,38,Made Shot,Jump Shot,3PT Field Goal,Left Corner 3,Left Side(L),24+ ft.,23,-239,4,1,1,20231229,WAS,BKN
Shot Chart Detail,0022300430,383,1628398,Kyle Kuzma,1610612764,Washington Wizards,3,5,57,Missed Shot,Jump Shot,3PT Field Goal,Above the Break 3,Left Side Center(LC),24+ ft.,27,-143,230,1,0,20231229,WAS,BKN
Shot Chart Detail,0022300430,386,1628398,Kyle Kuzma,1610612764,Washington Wizards,3,5,24,Made Shot,Jump Shot,3PT Field Goal,Above the Break 3,Right Side Center(RC),24+ ft.,24,227,90,1,1,20231229,WAS,BKN
Shot Chart Detail,0022300430,419,1628398,Kyle Kuzma,1610612764,Washington Wizards,3,2,50,Made Shot,Pullup Jump shot,2PT Field Goal,In The Paint (Non-RA),Left Side(L),8-16 ft.,10,-72,70,1,1,20231229,WAS,BKN
Shot Chart Detail,0022300430,575,1628398,Kyle Kuzma,1610612764,Washington Wizards,4,5,23,Made Shot,Turnaround Jump Shot,2PT Field Goal,Mid-Range,Right Side(R),8-16 ft.,10,82,68,1,1,20231229,WAS,BKN
Shot Chart Detail,0022300430,593,1628398,Kyle Kuzma,1610612764,Washington Wizards,4,4,31,Made Shot,Putback Layup Shot,2PT Field Goal,Restricted Area,Center(C),Less Than 8 ft.,2,-1,22,1,1,20231229,WAS,BKN
Shot Chart Detail,0022300430,590,1628398,Kyle Kuzma,1610612764,Washington Wizards,4,4,31,Missed Shot,Driving Layup Shot,2PT Field Goal,In The Paint (Non-RA),Center(C),Less Than 8 ft.,4,-12,44,1,0,20231229,WAS,BKN
Shot Chart Detail,0022300430,599,1628398,Kyle Kuzma,1610612764,Washington Wizards,4,3,58,Made Shot,Step Back Jump shot,2PT Field Goal,Mid-Range,Center(C),16-24 ft.,17,-17,174,1,1,20231229,WAS,BKN
Shot Chart Detail,0022300430,606,1628398,Kyle Kuzma,1610612764,Washington Wizards,4,3,23,Made Shot,Pullup Jump shot,3PT Field Goal,Above the Break 3,Left Side Center(LC),24+ ft.,26,-157,218,1,1,20231229,WAS,BKN
Shot Chart Detail,0022300430,628,1628398,Kyle Kuzma,1610612764,Washington Wizards,4,2,12,Missed Shot,Pullup Jump shot,2PT Field Goal,Mid-Range,Right Side(R),8-16 ft.,15,145,64,1,0,20231229,WAS,BKN
Shot Chart Detail,0022300445,23,1628398,Kyle Kuzma,1610612764,Washington Wizards,1,10,33,Missed Shot,Jump Shot,3PT Field Goal,Above the Break 3,Right Side Center(RC),24+ ft.,25,234,110,1,0,20231231,WAS,ATL
Shot Chart Detail,0022300445,31,1628398,Kyle Kuzma,1610612764,Washington Wizards,1,9,43,Made Shot,Jump Shot,3PT Field Goal,Above the Break 3,Left Side Center(LC),24+ ft.,28,-172,221,1,1,20231231,WAS,ATL
Shot Chart Detail,0022300445,50,1628398,Kyle Kuzma,1610612764,Washington Wizards,1,8,30,Missed Shot,Running Jump Shot,3PT Field Goal,Left Corner 3,Left Side(L),24+ ft.,23,-233,57,1,0,20231231,WAS,ATL
Shot Chart Detail,0022300445,58,1628398,Kyle Kuzma,1610612764,Washington Wizards,1,8,13,Made Shot,Jump Shot,3PT Field Goal,Right Corner 3,Right Side(R),24+ ft.,23,233,37,1,1,20231231,WAS,ATL
Shot Chart Detail,0022300445,64,1628398,Kyle Kuzma,1610612764,Washington Wizards,1,7,41,Made Shot,Running Alley Oop Dunk Shot,2PT Field Goal,Restricted Area,Center(C),Less Than 8 ft.,2,-28,2,1,1,20231231,WAS,ATL
Shot Chart Detail,0022300445,75,1628398,Kyle Kuzma,1610612764,Washington Wizards,1,6,39,Missed Shot,Jump Shot,3PT Field Goal,Above the Break 3,Left Side Center(LC),24+ ft.,27,-134,244,1,0,20231231,WAS,ATL
Shot Chart Detail,0022300445,79,1628398,Kyle Kuzma,1610612764,Washington Wizards,1,6,9,Made Shot,Jump Shot,3PT Field Goal,Left Corner 3,Left Side(L),24+ ft.,25,-237,80,1,1,20231231,WAS,ATL
Shot Chart Detail,0022300445,95,1628398,Kyle Kuzma,1610612764,Washington Wizards,1,5,5,Missed Shot,Pullup Jump shot,2PT Field Goal,Mid-Range,Center(C),16-24 ft.,16,49,160,1,0,20231231,WAS,ATL
Shot Chart Detail,0022300445,110,1628398,Kyle Kuzma,1610612764,Washington Wizards,1,3,38,Missed Shot,Running Pull-Up Jump Shot,2PT Field Goal,Mid-Range,Left Side(L),16-24 ft.,21,-184,116,1,0,20231231,WAS,ATL
Shot Chart Detail,0022300445,130,1628398,Kyle Kuzma,1610612764,Washington Wizards,1,3,8,Made Shot,Jump Shot,3PT Field Goal,Right Corner 3,Right Side(R),24+ ft.,23,229,-24,1,1,20231231,WAS,ATL
Shot Chart Detail,0022300445,264,1628398,Kyle Kuzma,1610612764,Washington Wizards,2,5,55,Missed Shot,Jump Shot,3PT Field Goal,Above the Break 3,Center(C),24+ ft.,28,5,280,1,0,20231231,WAS,ATL
Shot Chart Detail,0022300445,267,1628398,Kyle Kuzma,1610612764,Washington Wizards,2,5,30,Missed Shot,Jump Shot,3PT Field Goal,Right Corner 3,Right Side(R),24+ ft.,22,229,0,1,0,20231231,WAS,ATL
Shot Chart Detail,0022300445,299,1628398,Kyle Kuzma,1610612764,Washington Wizards,2,3,25,Made Shot,Jump Shot,3PT Field Goal,Left Corner 3,Left Side(L),24+ ft.,24,-241,-19,1,1,20231231,WAS,ATL
Shot Chart Detail,0022300445,302,1628398,Kyle Kuzma,1610612764,Washington Wizards,2,2,50,Missed Shot,Driving Floating Jump Shot,2PT Field Goal,Mid-Range,Left Side(L),8-16 ft.,9,-91,8,1,0,20231231,WAS,ATL
Shot Chart Detail,0022300445,311,1628398,Kyle Kuzma,1610612764,Washington Wizards,2,2,10,Made Shot,Running Dunk Shot,2PT Field Goal,Restricted Area,Center(C),Less Than 8 ft.,2,-27,6,1,1,20231231,WAS,ATL
Shot Chart Detail,0022300445,338,1628398,Kyle Kuzma,1610612764,Washington Wizards,2,0,30,Missed Shot,Jump Shot,3PT Field Goal,Above the Break 3,Center(C),24+ ft.,28,1,285,1,0,20231231,WAS,ATL
Shot Chart Detail,0022300445,347,1628398,Kyle Kuzma,1610612764,Washington Wizards,3,11,45,Made Shot,Driving Floating Jump Shot,2PT Field Goal,In The Paint (Non-RA),Center(C),8-16 ft.,10,-45,98,1,1,20231231,WAS,ATL
Shot Chart Detail,0022300445,351,1628398,Kyle Kuzma,1610612764,Washington Wizards,3,11,19,Made Shot,Driving Hook Shot,2PT Field Goal,In The Paint (Non-RA),Center(C),Less Than 8 ft.,6,1,63,1,1,20231231,WAS,ATL
Shot Chart Detail,0022300445,376,1628398,Kyle Kuzma,1610612764,Washington Wizards,3,8,59,Missed Shot,Jump Shot,3PT Field Goal,Left Corner 3,Left Side(L),24+ ft.,23,-235,37,1,0,20231231,WAS,ATL
Shot Chart Detail,0022300445,390,1628398,Kyle Kuzma,1610612764,Washington Wizards,3,8,20,Made Shot,Running Dunk Shot,2PT Field Goal,Restricted Area,Center(C),Less Than 8 ft.,1,-5,15,1,1,20231231,WAS,ATL
Shot Chart Detail,0022300445,405,1628398,Kyle Kuzma,1610612764,Washington Wizards,3,7,0,Made Shot,Step Back Jump shot,2PT Field Goal,Mid-Range,Left Side(L),16-24 ft.,17,-172,24,1,1,20231231,WAS,ATL
Shot Chart Detail,0022300445,431,1628398,Kyle Kuzma,1610612764,Washington Wizards,3,5,23,Made Shot,Jump Shot,3PT Field Goal,Above the Break 3,Center(C),24+ ft.,26,51,256,1,1,20231231,WAS,ATL
Shot Chart Detail,0022300445,443,1628398,Kyle Kuzma,1610612764,Washington Wizards,3,4,23,Missed Shot,Jump Shot,2PT Field Goal,Mid-Range,Left Side(L),8-16 ft.,15,-145,57,1,0,20231231,WAS,ATL
Shot Chart Detail,0022300445,447,1628398,Kyle Kuzma,1610612764,Washington Wizards,3,3,46,Missed Shot,Jump Shot,3PT Field Goal,Above the Break 3,Left Side Center(LC),24+ ft.,27,-185,209,1,0,20231231,WAS,ATL
Shot Chart Detail,0022300445,621,1628398,Kyle Kuzma,1610612764,Washington Wizards,4,6,11,Missed Shot,Tip Layup Shot,2PT Field Goal,Restricted Area,Center(C),Less Than 8 ft.,1,0,10,1,0,20231231,WAS,ATL
Shot Chart Detail,0022300445,580,1628398,Kyle Kuzma,1610612764,Washington Wizards,4,5,48,Made Shot,Jump Bank Shot,3PT Field Goal,Above the Break 3,Right Side Center(RC),24+ ft.,24,218,122,1,1,20231231,WAS,ATL
Shot Chart Detail,0022300445,590,1628398,Kyle Kuzma,1610612764,Washington Wizards,4,4,28,Missed Shot,Pullup Jump shot,3PT Field Goal,Above the Break 3,Center(C),24+ ft.,26,-25,266,1,0,20231231,WAS,ATL
Shot Chart Detail,0022300445,594,1628398,Kyle Kuzma,1610612764,Washington Wizards,4,3,45,Missed Shot,Step Back Jump shot,3PT Field Goal,Above the Break 3,Left Side Center(LC),24+ ft.,25,-216,138,1,0,20231231,WAS,ATL
Shot Chart Detail,0022300445,657,1628398,Kyle Kuzma,1610612764,Washington Wizards,4,0,42,Missed Shot,Jump Shot,3PT Field Goal,Left Corner 3,Left Side(L),24+ ft.,23,-234,-17,1,0,20231231,WAS,ATL
Shot Chart Detail,0022300445,680,1628398,Kyle Kuzma,1610612764,Washington Wizards,4,0,15,Made Shot,Driving Layup Shot,2PT Field Goal,Restricted Area,Center(C),Less Than 8 ft.,2,-22,11,1,1,20231231,WAS,ATL
Shot Chart Detail,0022300445,686,1628398,Kyle Kuzma,1610612764,Washington Wizards,4,0,8,Made Shot,Driving Dunk Shot,2PT Field Goal,Restricted Area,Center(C),Less Than 8 ft.,3,-20,24,1,1,20231231,WAS,ATL
Shot Chart Detail,0022300465,12,1628398,Kyle Kuzma,1610612764,Washington Wizards,1,11,17,Missed Shot,Step Back Jump shot,3PT Field Goal,Above the Break 3,Right Side Center(RC),24+ ft.,26,234,123,1,0,20240103,CLE,WAS
Shot Chart Detail,0022300465,16,1628398,Kyle Kuzma,1610612764,Washington Wizards,1,10,57,Made Shot,Driving Floating Jump Shot,2PT Field Goal,In The Paint (Non-RA),Center(C),8-16 ft.,9,44,85,1,1,20240103,CLE,WAS
Shot Chart Detail,0022300465,54,1628398,Kyle Kuzma,1610612764,Washington Wizards,1,6,49,Made Shot,Jump Shot,3PT Field Goal,Above the Break 3,Left Side Center(LC),24+ ft.,25,-131,220,1,1,20240103,CLE,WAS
Shot Chart Detail,0022300465,58,1628398,Kyle Kuzma,1610612764,Washington Wizards,1,6,17,Made Shot,Turnaround Fadeaway shot,2PT Field Goal,Mid-Range,Right Side(R),8-16 ft.,13,116,60,1,1,20240103,CLE,WAS
Shot Chart Detail,0022300465,80,1628398,Kyle Kuzma,1610612764,Washington Wizards,1,4,9,Made Shot,Jump Shot,3PT Field Goal,Above the Break 3,Left Side Center(LC),24+ ft.,31,-174,257,1,1,20240103,CLE,WAS
Shot Chart Detail,0022300465,98,1628398,Kyle Kuzma,1610612764,Washington Wizards,1,2,51,Missed Shot,Driving Floating Bank Jump Shot,2PT Field Goal,Mid-Range,Left Side(L),8-16 ft.,11,-92,62,1,0,20240103,CLE,WAS
Shot Chart Detail,0022300465,264,1628398,Kyle Kuzma,1610612764,Washington Wizards,2,3,25,Missed Shot,Jump Shot,3PT Field Goal,Above the Break 3,Left Side Center(LC),24+ ft.,28,-199,200,1,0,20240103,CLE,WAS
Shot Chart Detail,0022300465,275,1628398,Kyle Kuzma,1610612764,Washington Wizards,2,1,48,Made Shot,Step Back Bank Jump Shot,2PT Field Goal,Mid-Range,Left Side Center(LC),16-24 ft.,21,-167,143,1,1,20240103,CLE,WAS
Shot Chart Detail,0022300465,283,1628398,Kyle Kuzma,1610612764,Washington Wizards,2,1,14,Made Shot,Turnaround Hook Shot,2PT Field Goal,In The Paint (Non-RA),Center(C),Less Than 8 ft.,6,-31,60,1,1,20240103,CLE,WAS
Shot Chart Detail,0022300465,286,1628398,Kyle Kuzma,1610612764,Washington Wizards,2,0,46,Missed Shot,Jump Shot,3PT Field Goal,Above the Break 3,Left Side Center(LC),24+ ft.,28,-194,209,1,0,20240103,CLE,WAS
Shot Chart Detail,0022300465,356,1628398,Kyle Kuzma,1610612764,Washington Wizards,3,8,7,Made Shot,Pullup Jump shot,2PT Field Goal,In The Paint (Non-RA),Left Side(L),8-16 ft.,10,-74,78,1,1,20240103,CLE,WAS
Shot Chart Detail,0022300465,405,1628398,Kyle Kuzma,1610612764,Washington Wizards,3,4,39,Missed Shot,Jump Shot,3PT Field Goal,Above the Break 3,Center(C),24+ ft.,29,-12,299,1,0,20240103,CLE,WAS
Shot Chart Detail,0022300482,20,1628398,Kyle Kuzma,1610612764,Washington Wizards,1,10,25,Made Shot,Step Back Jump shot,2PT Field Goal,Mid-Range,Right Side(R),16-24 ft.,17,170,21,1,1,20240105,CLE,WAS
Shot Chart Detail,0022300482,58,1628398,Kyle Kuzma,1610612764,Washington Wizards,1,6,22,Missed Shot,Step Back Jump shot,3PT Field Goal,Above the Break 3,Left Side Center(LC),24+ ft.,26,-91,248,1,0,20240105,CLE,WAS
Shot Chart Detail,0022300482,77,1628398,Kyle Kuzma,1610612764,Washington Wizards,1,4,43,Missed Shot,Turnaround Fadeaway shot,2PT Field Goal,In The Paint (Non-RA),Center(C),8-16 ft.,10,36,100,1,0,20240105,CLE,WAS
Shot Chart Detail,0022300482,207,1628398,Kyle Kuzma,1610612764,Washington Wizards,2,7,24,Missed Shot,Driving Layup Shot,2PT Field Goal,Restricted Area,Center(C),Less Than 8 ft.,0,1,7,1,0,20240105,CLE,WAS
Shot Chart Detail,0022300482,209,1628398,Kyle Kuzma,1610612764,Washington Wizards,2,7,19,Missed Shot,Putback Layup Shot,2PT Field Goal,Restricted Area,Center(C),Less Than 8 ft.,0,0,0,1,0,20240105,CLE,WAS
Shot Chart Detail,0022300482,259,1628398,Kyle Kuzma,1610612764,Washington Wizards,2,3,46,Made Shot,Running Dunk Shot,2PT Field Goal,Restricted Area,Center(C),Less Than 8 ft.,0,0,-6,1,1,20240105,CLE,WAS
Shot Chart Detail,0022300482,266,1628398,Kyle Kuzma,1610612764,Washington Wizards,2,3,1,Missed Shot,Pullup Jump shot,3PT Field Goal,Above the Break 3,Right Side Center(RC),24+ ft.,25,143,217,1,0,20240105,CLE,WAS
Shot Chart Detail,0022300482,294,1628398,Kyle Kuzma,1610612764,Washington Wizards,2,1,0,Missed Shot,Driving Layup Shot,2PT Field Goal,Restricted Area,Center(C),Less Than 8 ft.,0,7,6,1,0,20240105,CLE,WAS
Shot Chart Detail,0022300482,298,1628398,Kyle Kuzma,1610612764,Washington Wizards,2,0,29,Made Shot,Jump Shot,3PT Field Goal,Above the Break 3,Right Side Center(RC),24+ ft.,27,109,252,1,1,20240105,CLE,WAS
Shot Chart Detail,0022300482,305,1628398,Kyle Kuzma,1610612764,Washington Wizards,2,0,0,Missed Shot,Jump Shot,3PT Field Goal,Above the Break 3,Left Side Center(LC),24+ ft.,33,-183,283,1,0,20240105,CLE,WAS
Shot Chart Detail,0022300482,332,1628398,Kyle Kuzma,1610612764,Washington Wizards,3,9,54,Missed Shot,Driving Bank Hook Shot,2PT Field Goal,In The Paint (Non-RA),Center(C),Less Than 8 ft.,5,40,34,1,0,20240105,CLE,WAS
Shot Chart Detail,0022300482,371,1628398,Kyle Kuzma,1610612764,Washington Wizards,3,7,8,Made Shot,Driving Floating Bank Jump Shot,2PT Field Goal,Restricted Area,Center(C),Less Than 8 ft.,1,-5,11,1,1,20240105,CLE,WAS
Shot Chart Detail,0022300482,395,1628398,Kyle Kuzma,1610612764,Washington Wizards,3,5,18,Missed Shot,Turnaround Fadeaway shot,2PT Field Goal,Mid-Range,Right Side(R),8-16 ft.,12,121,1,1,0,20240105,CLE,WAS
Shot Chart Detail,0022300482,435,1628398,Kyle Kuzma,1610612764,Washington Wizards,3,3,4,Missed Shot,Driving Layup Shot,2PT Field Goal,Restricted Area,Center(C),Less Than 8 ft.,2,-16,17,1,0,20240105,CLE,WAS
Shot Chart Detail,0022300494,9,1628398,Kyle Kuzma,1610612764,Washington Wizards,1,11,19,Missed Shot,Jump Shot,3PT Field Goal,Above the Break 3,Center(C),24+ ft.,27,-66,264,1,0,20240106,WAS,NYK
Shot Chart Detail,0022300494,21,1628398,Kyle Kuzma,1610612764,Washington Wizards,1,10,1,Made Shot,Cutting Layup Shot,2PT Field Goal,Restricted Area,Center(C),Less Than 8 ft.,2,23,0,1,1,20240106,WAS,NYK
Shot Chart Detail,0022300494,34,1628398,Kyle Kuzma,1610612764,Washington Wizards,1,9,16,Missed Shot,Driving Floating Jump Shot,2PT Field Goal,In The Paint (Non-RA),Center(C),8-16 ft.,11,-50,109,1,0,20240106,WAS,NYK
Shot Chart Detail,0022300494,57,1628398,Kyle Kuzma,1610612764,Washington Wizards,1,7,28,Missed Shot,Jump Shot,3PT Field Goal,Above the Break 3,Right Side Center(RC),24+ ft.,25,216,128,1,0,20240106,WAS,NYK
Shot Chart Detail,0022300494,87,1628398,Kyle Kuzma,1610612764,Washington Wizards,1,5,10,Made Shot,Turnaround Jump Shot,2PT Field Goal,In The Paint (Non-RA),Center(C),8-16 ft.,9,37,86,1,1,20240106,WAS,NYK
Shot Chart Detail,0022300494,91,1628398,Kyle Kuzma,1610612764,Washington Wizards,1,4,34,Missed Shot,Turnaround Fadeaway shot,2PT Field Goal,Mid-Range,Right Side Center(RC),16-24 ft.,20,126,157,1,0,20240106,WAS,NYK
Shot Chart Detail,0022300494,113,1628398,Kyle Kuzma,1610612764,Washington Wizards,1,3,25,Made Shot,Driving Floating Jump Shot,2PT Field Goal,In The Paint (Non-RA),Left Side(L),8-16 ft.,10,-80,65,1,1,20240106,WAS,NYK
Shot Chart Detail,0022300494,118,1628398,Kyle Kuzma,1610612764,Washington Wizards,1,2,40,Missed Shot,Driving Layup Shot,2PT Field Goal,In The Paint (Non-RA),Center(C),Less Than 8 ft.,6,-65,-1,1,0,20240106,WAS,NYK
Shot Chart Detail,0022300494,291,1628398,Kyle Kuzma,1610612764,Washington Wizards,2,3,19,Made Shot,Hook Shot,2PT Field Goal,In The Paint (Non-RA),Right Side(R),8-16 ft.,10,72,80,1,1,20240106,WAS,NYK
Shot Chart Detail,0022300494,295,1628398,Kyle Kuzma,1610612764,Washington Wizards,2,2,44,Missed Shot,Driving Floating Bank Jump Shot,2PT Field Goal,In The Paint (Non-RA),Center(C),Less Than 8 ft.,5,50,22,1,0,20240106,WAS,NYK
Shot Chart Detail,0022300494,360,1628398,Kyle Kuzma,1610612764,Washington Wizards,3,9,23,Made Shot,Pullup Jump shot,3PT Field Goal,Above the Break 3,Left Side Center(LC),24+ ft.,26,-190,182,1,1,20240106,WAS,NYK
Shot Chart Detail,0022300494,374,1628398,Kyle Kuzma,1610612764,Washington Wizards,3,8,17,Missed Shot,Running Jump Shot,3PT Field Goal,Left Corner 3,Left Side(L),24+ ft.,23,-235,25,1,0,20240106,WAS,NYK
Shot Chart Detail,0022300494,378,1628398,Kyle Kuzma,1610612764,Washington Wizards,3,7,59,Made Shot,Running Jump Shot,3PT Field Goal,Above the Break 3,Left Side Center(LC),24+ ft.,25,-208,155,1,1,20240106,WAS,NYK
Shot Chart Detail,0022300494,408,1628398,Kyle Kuzma,1610612764,Washington Wizards,3,5,26,Made Shot,Running Jump Shot,3PT Field Goal,Above the Break 3,Left Side Center(LC),24+ ft.,25,-190,166,1,1,20240106,WAS,NYK
Shot Chart Detail,0022300494,433,1628398,Kyle Kuzma,1610612764,Washington Wizards,3,3,54,Missed Shot,Jump Shot,3PT Field Goal,Above the Break 3,Left Side Center(LC),24+ ft.,25,-143,214,1,0,20240106,WAS,NYK
Shot Chart Detail,0022300494,441,1628398,Kyle Kuzma,1610612764,Washington Wizards,3,3,39,Made Shot,Floating Jump shot,2PT Field Goal,In The Paint (Non-RA),Center(C),Less Than 8 ft.,7,-5,77,1,1,20240106,WAS,NYK
Shot Chart Detail,0022300494,450,1628398,Kyle Kuzma,1610612764,Washington Wizards,3,2,53,Missed Shot,Pullup Jump shot,3PT Field Goal,Above the Break 3,Center(C),24+ ft.,26,-75,255,1,0,20240106,WAS,NYK
Shot Chart Detail,0022300494,538,1628398,Kyle Kuzma,1610612764,Washington Wizards,4,7,15,Made Shot,Cutting Layup Shot,2PT Field Goal,Restricted Area,Center(C),Less Than 8 ft.,3,27,26,1,1,20240106,WAS,NYK
Shot Chart Detail,0022300494,552,1628398,Kyle Kuzma,1610612764,Washington Wizards,4,6,37,Made Shot,Jump Shot,3PT Field Goal,Above the Break 3,Left Side Center(LC),24+ ft.,25,-206,150,1,1,20240106,WAS,NYK
Shot Chart Detail,0022300494,565,1628398,Kyle Kuzma,1610612764,Washington Wizards,4,5,45,Missed Shot,Jump Shot,3PT Field Goal,Above the Break 3,Center(C),24+ ft.,26,-56,260,1,0,20240106,WAS,NYK
Shot Chart Detail,0022300494,571,1628398,Kyle Kuzma,1610612764,Washington Wizards,4,5,5,Missed Shot,Cutting Layup Shot,2PT Field Goal,Restricted Area,Center(C),Less Than 8 ft.,2,-23,1,1,0,20240106,WAS,NYK
Shot Chart Detail,0022300508,11,1628398,Kyle Kuzma,1610612764,Washington Wizards,1,11,9,Made Shot,Turnaround Jump Shot,2PT Field Goal,Mid-Range,Left Side Center(LC),16-24 ft.,20,-69,196,1,1,20240108,WAS,OKC
Shot Chart Detail,0022300508,24,1628398,Kyle Kuzma,1610612764,Washington Wizards,1,9,47,Made Shot,Hook Shot,2PT Field Goal,Restricted Area,Center(C),Less Than 8 ft.,1,-7,16,1,1,20240108,WAS,OKC
Shot Chart Detail,0022300508,32,1628398,Kyle Kuzma,1610612764,Washington Wizards,1,8,50,Missed Shot,Jump Shot,3PT Field Goal,Above the Break 3,Right Side Center(RC),24+ ft.,27,175,216,1,0,20240108,WAS,OKC
Shot Chart Detail,0022300508,46,1628398,Kyle Kuzma,1610612764,Washington Wizards,1,7,45,Missed Shot,Alley Oop Dunk Shot,2PT Field Goal,Restricted Area,Center(C),Less Than 8 ft.,1,16,1,1,0,20240108,WAS,OKC
Shot Chart Detail,0022300508,74,1628398,Kyle Kuzma,1610612764,Washington Wizards,1,5,17,Missed Shot,Pullup Jump shot,2PT Field Goal,Mid-Range,Right Side Center(RC),16-24 ft.,18,59,174,1,0,20240108,WAS,OKC
Shot Chart Detail,0022300508,100,1628398,Kyle Kuzma,1610612764,Washington Wizards,1,4,16,Missed Shot,Running Pull-Up Jump Shot,2PT Field Goal,Mid-Range,Left Side(L),8-16 ft.,14,-108,104,1,0,20240108,WAS,OKC
Shot Chart Detail,0022300508,106,1628398,Kyle Kuzma,1610612764,Washington Wizards,1,3,46,Missed Shot,Jump Shot,3PT Field Goal,Above the Break 3,Center(C),24+ ft.,25,-74,247,1,0,20240108,WAS,OKC
Shot Chart Detail,0022300508,132,1628398,Kyle Kuzma,1610612764,Washington Wizards,1,3,1,Missed Shot,Turnaround Fadeaway shot,2PT Field Goal,Mid-Range,Right Side(R),8-16 ft.,14,141,15,1,0,20240108,WAS,OKC
Shot Chart Detail,0022300508,315,1628398,Kyle Kuzma,1610612764,Washington Wizards,2,3,40,Made Shot,Putback Layup Shot,2PT Field Goal,Restricted Area,Center(C),Less Than 8 ft.,0,0,0,1,1,20240108,WAS,OKC
Shot Chart Detail,0022300508,317,1628398,Kyle Kuzma,1610612764,Washington Wizards,2,3,27,Missed Shot,Jump Shot,3PT Field Goal,Left Corner 3,Left Side(L),24+ ft.,24,-241,44,1,0,20240108,WAS,OKC
Shot Chart Detail,0022300508,331,1628398,Kyle Kuzma,1610612764,Washington Wizards,2,2,45,Made Shot,Running Dunk Shot,2PT Field Goal,Restricted Area,Center(C),Less Than 8 ft.,1,10,-5,1,1,20240108,WAS,OKC
Shot Chart Detail,0022300508,335,1628398,Kyle Kuzma,1610612764,Washington Wizards,2,2,10,Made Shot,Turnaround Bank Hook Shot,2PT Field Goal,In The Paint (Non-RA),Center(C),Less Than 8 ft.,6,-61,15,1,1,20240108,WAS,OKC
Shot Chart Detail,0022300508,338,1628398,Kyle Kuzma,1610612764,Washington Wizards,2,1,45,Made Shot,Driving Floating Jump Shot,2PT Field Goal,Mid-Range,Center(C),8-16 ft.,15,-13,151,1,1,20240108,WAS,OKC
Shot Chart Detail,0022300508,387,1628398,Kyle Kuzma,1610612764,Washington Wizards,3,10,25,Missed Shot,Driving Floating Jump Shot,2PT Field Goal,In The Paint (Non-RA),Right Side(R),8-16 ft.,11,64,95,1,0,20240108,WAS,OKC
Shot Chart Detail,0022300508,417,1628398,Kyle Kuzma,1610612764,Washington Wizards,3,7,40,Missed Shot,Driving Layup Shot,2PT Field Goal,In The Paint (Non-RA),Center(C),Less Than 8 ft.,4,45,21,1,0,20240108,WAS,OKC
Shot Chart Detail,0022300508,452,1628398,Kyle Kuzma,1610612764,Washington Wizards,3,4,36,Missed Shot,Jump Shot,3PT Field Goal,Above the Break 3,Right Side Center(RC),24+ ft.,24,229,93,1,0,20240108,WAS,OKC
Shot Chart Detail,0022300508,456,1628398,Kyle Kuzma,1610612764,Washington Wizards,3,4,13,Made Shot,Driving Layup Shot,2PT Field Goal,Restricted Area,Center(C),Less Than 8 ft.,1,12,6,1,1,20240108,WAS,OKC
Shot Chart Detail,0022300508,479,1628398,Kyle Kuzma,1610612764,Washington Wizards,3,3,17,Missed Shot,Step Back Jump shot,3PT Field Goal,Above the Break 3,Center(C),24+ ft.,28,-28,282,1,0,20240108,WAS,OKC
Shot Chart Detail,0022300508,481,1628398,Kyle Kuzma,1610612764,Washington Wizards,3,3,5,Missed Shot,Driving Layup Shot,2PT Field Goal,In The Paint (Non-RA),Center(C),Less Than 8 ft.,5,-56,20,1,0,20240108,WAS,OKC
Shot Chart Detail,0022300508,494,1628398,Kyle Kuzma,1610612764,Washington Wizards,3,1,43,Made Shot,Tip Layup Shot,2PT Field Goal,Restricted Area,Center(C),Less Than 8 ft.,0,0,0,1,1,20240108,WAS,OKC
Shot Chart Detail,0022300508,509,1628398,Kyle Kuzma,1610612764,Washington Wizards,3,0,51,Made Shot,Layup Shot,2PT Field Goal,Restricted Area,Center(C),Less Than 8 ft.,1,5,15,1,1,20240108,WAS,OKC
Shot Chart Detail,0022300508,519,1628398,Kyle Kuzma,1610612764,Washington Wizards,3,0,4,Missed Shot,Driving Floating Jump Shot,2PT Field Goal,In The Paint (Non-RA),Center(C),8-16 ft.,12,38,119,1,0,20240108,WAS,OKC
Shot Chart Detail,0022300508,624,1628398,Kyle Kuzma,1610612764,Washington Wizards,4,3,23,Missed Shot,Driving Layup Shot,2PT Field Goal,In The Paint (Non-RA),Right Side(R),8-16 ft.,8,76,48,1,0,20240108,WAS,OKC
Shot Chart Detail,0022300508,695,1628398,Kyle Kuzma,1610612764,Washington Wizards,4,0,19,Made Shot,Driving Floating Jump Shot,2PT Field Goal,In The Paint (Non-RA),Center(C),Less Than 8 ft.,6,7,62,1,1,20240108,WAS,OKC
Shot Chart Detail,0022300520,11,1628398,Kyle Kuzma,1610612764,Washington Wizards,1,10,57,Missed Shot,Driving Reverse Layup Shot,2PT Field Goal,Restricted Area,Center(C),Less Than 8 ft.,2,21,18,1,0,20240110,IND,WAS
Shot Chart Detail,0022300520,22,1628398,Kyle Kuzma,1610612764,Washington Wizards,1,9,45,Missed Shot,Turnaround Fadeaway shot,2PT Field Goal,Mid-Range,Right Side(R),8-16 ft.,12,110,52,1,0,20240110,IND,WAS
Shot Chart Detail,0022300520,32,1628398,Kyle Kuzma,1610612764,Washington Wizards,1,8,50,Missed Shot,Running Finger Roll Layup Shot,2PT Field Goal,Restricted Area,Center(C),Less Than 8 ft.,3,17,26,1,0,20240110,IND,WAS
Shot Chart Detail,0022300520,46,1628398,Kyle Kuzma,1610612764,Washington Wizards,1,7,39,Missed Shot,Jump Shot,3PT Field Goal,Above the Break 3,Center(C),24+ ft.,25,7,256,1,0,20240110,IND,WAS
Shot Chart Detail,0022300520,57,1628398,Kyle Kuzma,1610612764,Washington Wizards,1,6,49,Made Shot,Running Dunk Shot,2PT Field Goal,Restricted Area,Center(C),Less Than 8 ft.,3,18,26,1,1,20240110,IND,WAS
Shot Chart Detail,0022300520,129,1628398,Kyle Kuzma,1610612764,Washington Wizards,1,2,20,Made Shot,Driving Finger Roll Layup Shot,2PT Field Goal,Restricted Area,Center(C),Less Than 8 ft.,3,33,18,1,1,20240110,IND,WAS
Shot Chart Detail,0022300520,151,1628398,Kyle Kuzma,1610612764,Washington Wizards,1,0,58,Missed Shot,Jump Shot,3PT Field Goal,Above the Break 3,Right Side Center(RC),24+ ft.,25,203,162,1,0,20240110,IND,WAS
Shot Chart Detail,0022300520,155,1628398,Kyle Kuzma,1610612764,Washington Wizards,1,0,32,Missed Shot,Fadeaway Jump Shot,2PT Field Goal,Mid-Range,Right Side(R),16-24 ft.,21,205,57,1,0,20240110,IND,WAS
Shot Chart Detail,0022300520,176,1628398,Kyle Kuzma,1610612764,Washington Wizards,2,11,4,Made Shot,Putback Layup Shot,2PT Field Goal,Restricted Area,Center(C),Less Than 8 ft.,2,25,7,1,1,20240110,IND,WAS
Shot Chart Detail,0022300520,364,1628398,Kyle Kuzma,1610612764,Washington Wizards,3,10,8,Missed Shot,Turnaround Bank shot,2PT Field Goal,Mid-Range,Left Side(L),8-16 ft.,11,-97,68,1,0,20240110,IND,WAS
Shot Chart Detail,0022300520,454,1628398,Kyle Kuzma,1610612764,Washington Wizards,3,4,20,Missed Shot,Turnaround Jump Shot,2PT Field Goal,In The Paint (Non-RA),Center(C),8-16 ft.,9,-16,94,1,0,20240110,IND,WAS
Shot Chart Detail,0022300520,627,1628398,Kyle Kuzma,1610612764,Washington Wizards,4,5,7,Missed Shot,Pullup Jump shot,3PT Field Goal,Above the Break 3,Left Side Center(LC),24+ ft.,27,-147,232,1,0,20240110,IND,WAS
Shot Chart Detail,0022300520,670,1628398,Kyle Kuzma,1610612764,Washington Wizards,4,1,41,Missed Shot,Jump Bank Shot,3PT Field Goal,Above the Break 3,Center(C),24+ ft.,26,6,260,1,0,20240110,IND,WAS
Shot Chart Detail,0022300520,674,1628398,Kyle Kuzma,1610612764,Washington Wizards,4,1,11,Made Shot,Running Layup Shot,2PT Field Goal,Restricted Area,Center(C),Less Than 8 ft.,3,18,26,1,1,20240110,IND,WAS
Shot Chart Detail,0022300520,680,1628398,Kyle Kuzma,1610612764,Washington Wizards,4,0,38,Missed Shot,Fadeaway Jump Shot,2PT Field Goal,Mid-Range,Right Side(R),8-16 ft.,9,97,1,1,0,20240110,IND,WAS
Shot Chart Detail,0022300543,7,1628398,Kyle Kuzma,1610612764,Washington Wizards,1,11,46,Missed Shot,Layup Shot,2PT Field Goal,In The Paint (Non-RA),Center(C),Less Than 8 ft.,6,-40,52,1,0,20240113,ATL,WAS
Shot Chart Detail,0022300543,26,1628398,Kyle Kuzma,1610612764,Washington Wizards,1,9,34,Made Shot,Jump Shot,3PT Field Goal,Right Corner 3,Right Side(R),24+ ft.,23,234,-9,1,1,20240113,ATL,WAS
Shot Chart Detail,0022300543,30,1628398,Kyle Kuzma,1610612764,Washington Wizards,1,9,13,Made Shot,Running Dunk Shot,2PT Field Goal,Restricted Area,Center(C),Less Than 8 ft.,0,2,7,1,1,20240113,ATL,WAS
Shot Chart Detail,0022300543,60,1628398,Kyle Kuzma,1610612764,Washington Wizards,1,6,52,Made Shot,Jump Shot,3PT Field Goal,Above the Break 3,Right Side Center(RC),24+ ft.,26,146,216,1,1,20240113,ATL,WAS
Shot Chart Detail,0022300543,66,1628398,Kyle Kuzma,1610612764,Washington Wizards,1,6,26,Missed Shot,Jump Shot,3PT Field Goal,Above the Break 3,Center(C),24+ ft.,26,4,263,1,0,20240113,ATL,WAS
Shot Chart Detail,0022300543,87,1628398,Kyle Kuzma,1610612764,Washington Wizards,1,4,57,Made Shot,Putback Layup Shot,2PT Field Goal,Restricted Area,Center(C),Less Than 8 ft.,1,-2,13,1,1,20240113,ATL,WAS
Shot Chart Detail,0022300543,89,1628398,Kyle Kuzma,1610612764,Washington Wizards,1,4,16,Made Shot,Fadeaway Jump Shot,2PT Field Goal,Mid-Range,Center(C),8-16 ft.,15,26,153,1,1,20240113,ATL,WAS
Shot Chart Detail,0022300543,237,1628398,Kyle Kuzma,1610612764,Washington Wizards,2,7,27,Made Shot,Step Back Jump shot,2PT Field Goal,Mid-Range,Right Side Center(RC),16-24 ft.,18,85,164,1,1,20240113,ATL,WAS
Shot Chart Detail,0022300543,240,1628398,Kyle Kuzma,1610612764,Washington Wizards,2,6,50,Missed Shot,Driving Layup Shot,2PT Field Goal,In The Paint (Non-RA),Center(C),Less Than 8 ft.,7,-34,63,1,0,20240113,ATL,WAS
Shot Chart Detail,0022300543,257,1628398,Kyle Kuzma,1610612764,Washington Wizards,2,5,51,Made Shot,Jump Shot,3PT Field Goal,Above the Break 3,Center(C),24+ ft.,26,-33,259,1,1,20240113,ATL,WAS
Shot Chart Detail,0022300543,295,1628398,Kyle Kuzma,1610612764,Washington Wizards,2,3,26,Missed Shot,Fadeaway Jump Shot,2PT Field Goal,In The Paint (Non-RA),Right Side(R),8-16 ft.,13,78,110,1,0,20240113,ATL,WAS
Shot Chart Detail,0022300543,300,1628398,Kyle Kuzma,1610612764,Washington Wizards,2,3,12,Missed Shot,Pullup Jump shot,3PT Field Goal,Above the Break 3,Left Side Center(LC),24+ ft.,25,-189,175,1,0,20240113,ATL,WAS
Shot Chart Detail,0022300543,318,1628398,Kyle Kuzma,1610612764,Washington Wizards,2,1,41,Missed Shot,Jump Shot,2PT Field Goal,Mid-Range,Right Side Center(RC),16-24 ft.,18,143,125,1,0,20240113,ATL,WAS
Shot Chart Detail,0022300543,337,1628398,Kyle Kuzma,1610612764,Washington Wizards,2,0,0,Made Shot,Driving Layup Shot,2PT Field Goal,Restricted Area,Center(C),Less Than 8 ft.,2,0,22,1,1,20240113,ATL,WAS
Shot Chart Detail,0022300543,343,1628398,Kyle Kuzma,1610612764,Washington Wizards,3,11,29,Missed Shot,Cutting Dunk Shot,2PT Field Goal,Restricted Area,Center(C),Less Than 8 ft.,0,7,4,1,0,20240113,ATL,WAS
Shot Chart Detail,0022300543,393,1628398,Kyle Kuzma,1610612764,Washington Wizards,3,8,5,Missed Shot,Fadeaway Bank shot,2PT Field Goal,Mid-Range,Left Side(L),8-16 ft.,13,-97,94,1,0,20240113,ATL,WAS
Shot Chart Detail,0022300543,401,1628398,Kyle Kuzma,1610612764,Washington Wizards,3,7,28,Missed Shot,Turnaround Hook Shot,2PT Field Goal,In The Paint (Non-RA),Center(C),Less Than 8 ft.,4,2,40,1,0,20240113,ATL,WAS
Shot Chart Detail,0022300543,427,1628398,Kyle Kuzma,1610612764,Washington Wizards,3,5,17,Missed Shot,Pullup Jump shot,2PT Field Goal,In The Paint (Non-RA),Center(C),8-16 ft.,12,6,125,1,0,20240113,ATL,WAS
Shot Chart Detail,0022300543,460,1628398,Kyle Kuzma,1610612764,Washington Wizards,3,2,55,Made Shot,Turnaround Hook Shot,2PT Field Goal,In The Paint (Non-RA),Center(C),Less Than 8 ft.,4,34,31,1,1,20240113,ATL,WAS
Shot Chart Detail,0022300543,464,1628398,Kyle Kuzma,1610612764,Washington Wizards,3,2,39,Made Shot,Running Layup Shot,2PT Field Goal,Restricted Area,Center(C),Less Than 8 ft.,1,10,6,1,1,20240113,ATL,WAS
Shot Chart Detail,0022300558,18,1628398,Kyle Kuzma,1610612764,Washington Wizards,1,10,46,Missed Shot,Jump Shot,3PT Field Goal,Right Corner 3,Right Side(R),24+ ft.,22,225,1,1,0,20240115,WAS,DET
Shot Chart Detail,0022300558,34,1628398,Kyle Kuzma,1610612764,Washington Wizards,1,8,48,Missed Shot,Pullup Jump shot,2PT Field Goal,Mid-Range,Left Side Center(LC),16-24 ft.,19,-110,167,1,0,20240115,WAS,DET
Shot Chart Detail,0022300558,87,1628398,Kyle Kuzma,1610612764,Washington Wizards,1,5,2,Missed Shot,Floating Jump shot,2PT Field Goal,In The Paint (Non-RA),Right Side(R),8-16 ft.,9,62,75,1,0,20240115,WAS,DET
Shot Chart Detail,0022300558,104,1628398,Kyle Kuzma,1610612764,Washington Wizards,1,4,3,Missed Shot,Pullup Jump shot,3PT Field Goal,Above the Break 3,Center(C),24+ ft.,27,-11,272,1,0,20240115,WAS,DET
Shot Chart Detail,0022300558,110,1628398,Kyle Kuzma,1610612764,Washington Wizards,1,3,34,Made Shot,Driving Floating Bank Jump Shot,2PT Field Goal,Mid-Range,Left Side(L),8-16 ft.,10,-99,20,1,1,20240115,WAS,DET
Shot Chart Detail,0022300558,121,1628398,Kyle Kuzma,1610612764,Washington Wizards,1,3,12,Made Shot,Driving Floating Bank Jump Shot,2PT Field Goal,Restricted Area,Center(C),Less Than 8 ft.,1,7,14,1,1,20240115,WAS,DET
Shot Chart Detail,0022300558,133,1628398,Kyle Kuzma,1610612764,Washington Wizards,1,2,18,Missed Shot,Step Back Jump shot,3PT Field Goal,Above the Break 3,Left Side Center(LC),24+ ft.,26,-147,221,1,0,20240115,WAS,DET
Shot Chart Detail,0022300558,137,1628398,Kyle Kuzma,1610612764,Washington Wizards,1,1,45,Missed Shot,Step Back Jump shot,2PT Field Goal,Mid-Range,Center(C),16-24 ft.,18,-17,183,1,0,20240115,WAS,DET
Shot Chart Detail,0022300558,318,1628398,Kyle Kuzma,1610612764,Washington Wizards,2,0,54,Missed Shot,Driving Layup Shot,2PT Field Goal,In The Paint (Non-RA),Center(C),Less Than 8 ft.,4,32,24,1,0,20240115,WAS,DET
Shot Chart Detail,0022300558,348,1628398,Kyle Kuzma,1610612764,Washington Wizards,3,10,23,Missed Shot,Driving Reverse Layup Shot,2PT Field Goal,Restricted Area,Center(C),Less Than 8 ft.,3,34,17,1,0,20240115,WAS,DET
Shot Chart Detail,0022300558,354,1628398,Kyle Kuzma,1610612764,Washington Wizards,3,9,54,Missed Shot,Driving Floating Bank Jump Shot,2PT Field Goal,In The Paint (Non-RA),Center(C),Less Than 8 ft.,5,58,2,1,0,20240115,WAS,DET
Shot Chart Detail,0022300558,381,1628398,Kyle Kuzma,1610612764,Washington Wizards,3,7,45,Made Shot,Jump Shot,3PT Field Goal,Above the Break 3,Center(C),24+ ft.,24,23,244,1,1,20240115,WAS,DET
Shot Chart Detail,0022300558,408,1628398,Kyle Kuzma,1610612764,Washington Wizards,3,5,24,Made Shot,Step Back Jump shot,3PT Field Goal,Above the Break 3,Right Side Center(RC),24+ ft.,25,156,207,1,1,20240115,WAS,DET
Shot Chart Detail,0022300558,434,1628398,Kyle Kuzma,1610612764,Washington Wizards,3,3,22,Missed Shot,Jump Shot,3PT Field Goal,Above the Break 3,Right Side Center(RC),24+ ft.,25,123,223,1,0,20240115,WAS,DET
Shot Chart Detail,0022300558,506,1628398,Kyle Kuzma,1610612764,Washington Wizards,4,9,40,Missed Shot,Pullup Jump shot,3PT Field Goal,Above the Break 3,Left Side Center(LC),24+ ft.,25,-164,199,1,0,20240115,WAS,DET
Shot Chart Detail,0022300558,516,1628398,Kyle Kuzma,1610612764,Washington Wizards,4,9,8,Missed Shot,Floating Jump shot,2PT Field Goal,In The Paint (Non-RA),Center(C),Less Than 8 ft.,5,20,48,1,0,20240115,WAS,DET
Shot Chart Detail,0022300558,538,1628398,Kyle Kuzma,1610612764,Washington Wizards,4,7,30,Made Shot,Driving Layup Shot,2PT Field Goal,Restricted Area,Center(C),Less Than 8 ft.,3,-37,10,1,1,20240115,WAS,DET
Shot Chart Detail,0022300558,561,1628398,Kyle Kuzma,1610612764,Washington Wizards,4,5,18,Missed Shot,Pullup Jump shot,3PT Field Goal,Above the Break 3,Right Side Center(RC),24+ ft.,25,86,239,1,0,20240115,WAS,DET
Shot Chart Detail,0022300558,568,1628398,Kyle Kuzma,1610612764,Washington Wizards,4,4,56,Missed Shot,Turnaround Jump Shot,2PT Field Goal,In The Paint (Non-RA),Right Side(R),8-16 ft.,8,65,53,1,0,20240115,WAS,DET
Shot Chart Detail,0022300558,577,1628398,Kyle Kuzma,1610612764,Washington Wizards,4,3,51,Made Shot,Jump Shot,3PT Field Goal,Above the Break 3,Left Side Center(LC),24+ ft.,27,-164,221,1,1,20240115,WAS,DET
Shot Chart Detail,0022300558,581,1628398,Kyle Kuzma,1610612764,Washington Wizards,4,3,23,Made Shot,Running Layup Shot,2PT Field Goal,Restricted Area,Center(C),Less Than 8 ft.,0,-6,-4,1,1,20240115,WAS,DET
Shot Chart Detail,0022300579,13,1628398,Kyle Kuzma,1610612764,Washington Wizards,1,11,12,Missed Shot,Jump Shot,3PT Field Goal,Above the Break 3,Left Side Center(LC),24+ ft.,26,-173,195,1,0,20240118,NYK,WAS
Shot Chart Detail,0022300579,107,1628398,Kyle Kuzma,1610612764,Washington Wizards,1,2,52,Made Shot,Driving Floating Jump Shot,2PT Field Goal,Restricted Area,Center(C),Less Than 8 ft.,3,21,25,1,1,20240118,NYK,WAS
Shot Chart Detail,0022300579,116,1628398,Kyle Kuzma,1610612764,Washington Wizards,1,2,18,Made Shot,Pullup Jump shot,2PT Field Goal,In The Paint (Non-RA),Center(C),Less Than 8 ft.,7,69,17,1,1,20240118,NYK,WAS
Shot Chart Detail,0022300579,257,1628398,Kyle Kuzma,1610612764,Washington Wizards,2,4,5,Made Shot,Driving Layup Shot,2PT Field Goal,Restricted Area,Center(C),Less Than 8 ft.,0,7,7,1,1,20240118,NYK,WAS
Shot Chart Detail,0022300579,280,1628398,Kyle Kuzma,1610612764,Washington Wizards,2,2,8,Made Shot,Floating Jump shot,2PT Field Goal,In The Paint (Non-RA),Center(C),8-16 ft.,9,23,95,1,1,20240118,NYK,WAS
Shot Chart Detail,0022300579,287,1628398,Kyle Kuzma,1610612764,Washington Wizards,2,1,25,Missed Shot,Pullup Jump shot,2PT Field Goal,In The Paint (Non-RA),Center(C),Less Than 8 ft.,7,-5,78,1,0,20240118,NYK,WAS
Shot Chart Detail,0022300579,302,1628398,Kyle Kuzma,1610612764,Washington Wizards,2,0,9,Missed Shot,Pullup Jump shot,3PT Field Goal,Above the Break 3,Left Side Center(LC),24+ ft.,26,-138,226,1,0,20240118,NYK,WAS
Shot Chart Detail,0022300579,320,1628398,Kyle Kuzma,1610612764,Washington Wizards,3,11,15,Missed Shot,Pullup Jump shot,2PT Field Goal,In The Paint (Non-RA),Center(C),Less Than 8 ft.,6,66,22,1,0,20240118,NYK,WAS
Shot Chart Detail,0022300579,389,1628398,Kyle Kuzma,1610612764,Washington Wizards,3,6,10,Missed Shot,Pullup Jump shot,3PT Field Goal,Above the Break 3,Left Side Center(LC),24+ ft.,25,-140,210,1,0,20240118,NYK,WAS
Shot Chart Detail,0022300579,405,1628398,Kyle Kuzma,1610612764,Washington Wizards,3,4,50,Made Shot,Running Layup Shot,2PT Field Goal,Restricted Area,Center(C),Less Than 8 ft.,1,17,5,1,1,20240118,NYK,WAS
Shot Chart Detail,0022300579,415,1628398,Kyle Kuzma,1610612764,Washington Wizards,3,3,54,Missed Shot,Running Jump Shot,3PT Field Goal,Left Corner 3,Left Side(L),24+ ft.,22,-225,-2,1,0,20240118,NYK,WAS
Shot Chart Detail,0022300579,437,1628398,Kyle Kuzma,1610612764,Washington Wizards,3,2,30,Made Shot,Running Layup Shot,2PT Field Goal,Restricted Area,Center(C),Less Than 8 ft.,1,10,9,1,1,20240118,NYK,WAS
Shot Chart Detail,0022300579,442,1628398,Kyle Kuzma,1610612764,Washington Wizards,3,1,48,Made Shot,Jump Shot,3PT Field Goal,Left Corner 3,Left Side(L),24+ ft.,22,-229,-11,1,1,20240118,NYK,WAS
Shot Chart Detail,0022300579,562,1628398,Kyle Kuzma,1610612764,Washington Wizards,4,5,28,Missed Shot,Driving Floating Jump Shot,2PT Field Goal,In The Paint (Non-RA),Right Side(R),8-16 ft.,9,60,79,1,0,20240118,NYK,WAS
Shot Chart Detail,0022300579,601,1628398,Kyle Kuzma,1610612764,Washington Wizards,4,2,2,Missed Shot,Driving Layup Shot,2PT Field Goal,Restricted Area,Center(C),Less Than 8 ft.,2,-1,20,1,0,20240118,NYK,WAS
Shot Chart Detail,0022300579,640,1628398,Kyle Kuzma,1610612764,Washington Wizards,4,0,8,Missed Shot,Driving Layup Shot,2PT Field Goal,Restricted Area,Center(C),Less Than 8 ft.,2,-21,13,1,0,20240118,NYK,WAS
Shot Chart Detail,0022300594,14,1628398,Kyle Kuzma,1610612764,Washington Wizards,1,11,3,Missed Shot,Pullup Jump shot,3PT Field Goal,Above the Break 3,Right Side Center(RC),24+ ft.,26,217,148,1,0,20240120,WAS,SAS
Shot Chart Detail,0022300594,88,1628398,Kyle Kuzma,1610612764,Washington Wizards,1,4,47,Made Shot,Turnaround Hook Shot,2PT Field Goal,In The Paint (Non-RA),Center(C),Less Than 8 ft.,5,-33,47,1,1,20240120,WAS,SAS
Shot Chart Detail,0022300594,255,1628398,Kyle Kuzma,1610612764,Washington Wizards,2,6,32,Made Shot,Turnaround Jump Shot,2PT Field Goal,Mid-Range,Right Side Center(RC),16-24 ft.,17,82,151,1,1,20240120,WAS,SAS
Shot Chart Detail,0022300594,271,1628398,Kyle Kuzma,1610612764,Washington Wizards,2,5,23,Missed Shot,Turnaround Fadeaway shot,2PT Field Goal,In The Paint (Non-RA),Center(C),8-16 ft.,12,-53,114,1,0,20240120,WAS,SAS
Shot Chart Detail,0022300594,325,1628398,Kyle Kuzma,1610612764,Washington Wizards,2,1,6,Made Shot,Turnaround Hook Shot,2PT Field Goal,In The Paint (Non-RA),Left Side(L),8-16 ft.,9,-66,67,1,1,20240120,WAS,SAS
Shot Chart Detail,0022300594,337,1628398,Kyle Kuzma,1610612764,Washington Wizards,2,0,0,Missed Shot,Turnaround Fadeaway shot,2PT Field Goal,Mid-Range,Center(C),16-24 ft.,16,-28,159,1,0,20240120,WAS,SAS
Shot Chart Detail,0022300594,378,1628398,Kyle Kuzma,1610612764,Washington Wizards,3,9,24,Missed Shot,Jump Shot,3PT Field Goal,Above the Break 3,Center(C),24+ ft.,24,-23,244,1,0,20240120,WAS,SAS
Shot Chart Detail,0022300594,392,1628398,Kyle Kuzma,1610612764,Washington Wizards,3,8,39,Made Shot,Floating Jump shot,2PT Field Goal,In The Paint (Non-RA),Right Side(R),8-16 ft.,8,45,68,1,1,20240120,WAS,SAS
Shot Chart Detail,0022300594,427,1628398,Kyle Kuzma,1610612764,Washington Wizards,3,6,6,Made Shot,Running Dunk Shot,2PT Field Goal,Restricted Area,Center(C),Less Than 8 ft.,2,-20,8,1,1,20240120,WAS,SAS
Shot Chart Detail,0022300594,460,1628398,Kyle Kuzma,1610612764,Washington Wizards,3,3,55,Missed Shot,Running Layup Shot,2PT Field Goal,In The Paint (Non-RA),Center(C),Less Than 8 ft.,5,47,25,1,0,20240120,WAS,SAS
Shot Chart Detail,0022300594,653,1628398,Kyle Kuzma,1610612764,Washington Wizards,4,3,29,Missed Shot,Layup Shot,2PT Field Goal,In The Paint (Non-RA),Center(C),Less Than 8 ft.,5,1,57,1,0,20240120,WAS,SAS
Shot Chart Detail,0022300594,664,1628398,Kyle Kuzma,1610612764,Washington Wizards,4,2,20,Missed Shot,Pullup Jump shot,3PT Field Goal,Above the Break 3,Left Side Center(LC),24+ ft.,29,-112,272,1,0,20240120,WAS,SAS
Shot Chart Detail,0022300594,705,1628398,Kyle Kuzma,1610612764,Washington Wizards,4,0,23,Missed Shot,Driving Floating Jump Shot,2PT Field Goal,Restricted Area,Center(C),Less Than 8 ft.,3,27,26,1,0,20240120,WAS,SAS
Shot Chart Detail,0022300594,713,1628398,Kyle Kuzma,1610612764,Washington Wizards,4,0,9,Missed Shot,Pullup Jump shot,3PT Field Goal,Above the Break 3,Center(C),24+ ft.,29,-12,291,1,0,20240120,WAS,SAS
Shot Chart Detail,0022300602,18,1628398,Kyle Kuzma,1610612764,Washington Wizards,1,10,43,Made Shot,Pullup Jump shot,2PT Field Goal,In The Paint (Non-RA),Center(C),Less Than 8 ft.,7,-17,68,1,1,20240121,WAS,DEN
Shot Chart Detail,0022300602,36,1628398,Kyle Kuzma,1610612764,Washington Wizards,1,9,2,Missed Shot,Fadeaway Jump Shot,2PT Field Goal,Mid-Range,Left Side(L),8-16 ft.,13,-132,4,1,0,20240121,WAS,DEN
Shot Chart Detail,0022300602,65,1628398,Kyle Kuzma,1610612764,Washington Wizards,1,6,44,Missed Shot,Driving Layup Shot,2PT Field Goal,In The Paint (Non-RA),Center(C),Less Than 8 ft.,6,-37,59,1,0,20240121,WAS,DEN
Shot Chart Detail,0022300602,241,1628398,Kyle Kuzma,1610612764,Washington Wizards,2,7,17,Missed Shot,Jump Shot,3PT Field Goal,Above the Break 3,Center(C),24+ ft.,25,7,253,1,0,20240121,WAS,DEN
Shot Chart Detail,0022300602,378,1628398,Kyle Kuzma,1610612764,Washington Wizards,3,9,34,Missed Shot,Jump Shot,3PT Field Goal,Left Corner 3,Left Side(L),24+ ft.,24,-241,-7,1,0,20240121,WAS,DEN
Shot Chart Detail,0022300602,397,1628398,Kyle Kuzma,1610612764,Washington Wizards,3,8,26,Made Shot,Driving Floating Jump Shot,2PT Field Goal,In The Paint (Non-RA),Center(C),Less Than 8 ft.,7,26,74,1,1,20240121,WAS,DEN
Shot Chart Detail,0022300602,409,1628398,Kyle Kuzma,1610612764,Washington Wizards,3,7,36,Made Shot,Driving Floating Bank Jump Shot,2PT Field Goal,In The Paint (Non-RA),Center(C),Less Than 8 ft.,7,59,43,1,1,20240121,WAS,DEN
Shot Chart Detail,0022300602,412,1628398,Kyle Kuzma,1610612764,Washington Wizards,3,7,20,Made Shot,Running Alley Oop Layup Shot,2PT Field Goal,Restricted Area,Center(C),Less Than 8 ft.,2,23,13,1,1,20240121,WAS,DEN
Shot Chart Detail,0022300602,426,1628398,Kyle Kuzma,1610612764,Washington Wizards,3,6,12,Missed Shot,Floating Jump shot,2PT Field Goal,Mid-Range,Right Side(R),8-16 ft.,13,129,41,1,0,20240121,WAS,DEN
Shot Chart Detail,0022300602,434,1628398,Kyle Kuzma,1610612764,Washington Wizards,3,5,25,Missed Shot,Floating Jump shot,2PT Field Goal,In The Paint (Non-RA),Center(C),Less Than 8 ft.,7,-2,75,1,0,20240121,WAS,DEN
Shot Chart Detail,0022300602,645,1628398,Kyle Kuzma,1610612764,Washington Wizards,4,2,59,Made Shot,Jump Shot,3PT Field Goal,Left Corner 3,Left Side(L),24+ ft.,23,-237,3,1,1,20240121,WAS,DEN
Shot Chart Detail,0022300602,649,1628398,Kyle Kuzma,1610612764,Washington Wizards,4,2,37,Made Shot,Running Jump Shot,3PT Field Goal,Above the Break 3,Center(C),24+ ft.,28,43,282,1,1,20240121,WAS,DEN
Shot Chart Detail,0022300602,682,1628398,Kyle Kuzma,1610612764,Washington Wizards,4,0,12,Made Shot,Driving Layup Shot,2PT Field Goal,In The Paint (Non-RA),Center(C),Less Than 8 ft.,5,-37,40,1,1,20240121,WAS,DEN
Shot Chart Detail,0022300620,13,1628398,Kyle Kuzma,1610612764,Washington Wizards,1,11,9,Made Shot,Cutting Dunk Shot,2PT Field Goal,Restricted Area,Center(C),Less Than 8 ft.,0,-7,1,1,1,20240124,WAS,MIN
Shot Chart Detail,0022300620,45,1628398,Kyle Kuzma,1610612764,Washington Wizards,1,8,15,Missed Shot,Jump Shot,3PT Field Goal,Above the Break 3,Center(C),24+ ft.,28,85,277,1,0,20240124,WAS,MIN
Shot Chart Detail,0022300620,72,1628398,Kyle Kuzma,1610612764,Washington Wizards,1,6,18,Missed Shot,Turnaround Fadeaway shot,2PT Field Goal,In The Paint (Non-RA),Left Side(L),8-16 ft.,12,-67,105,1,0,20240124,WAS,MIN
Shot Chart Detail,0022300620,304,1628398,Kyle Kuzma,1610612764,Washington Wizards,2,3,49,Missed Shot,Jump Shot,3PT Field Goal,Right Corner 3,Right Side(R),24+ ft.,23,228,65,1,0,20240124,WAS,MIN
Shot Chart Detail,0022300620,368,1628398,Kyle Kuzma,1610612764,Washington Wizards,2,0,37,Made Shot,Jump Shot,3PT Field Goal,Left Corner 3,Left Side(L),24+ ft.,24,-241,-13,1,1,20240124,WAS,MIN
Shot Chart Detail,0022300620,394,1628398,Kyle Kuzma,1610612764,Washington Wizards,3,11,17,Missed Shot,Running Jump Shot,3PT Field Goal,Above the Break 3,Left Side Center(LC),24+ ft.,25,-235,111,1,0,20240124,WAS,MIN
Shot Chart Detail,0022300620,438,1628398,Kyle Kuzma,1610612764,Washington Wizards,3,6,51,Missed Shot,Pullup Jump shot,3PT Field Goal,Above the Break 3,Center(C),24+ ft.,27,75,260,1,0,20240124,WAS,MIN
Shot Chart Detail,0022300620,469,1628398,Kyle Kuzma,1610612764,Washington Wizards,3,5,1,Made Shot,Running Pull-Up Jump Shot,3PT Field Goal,Above the Break 3,Right Side Center(RC),24+ ft.,26,174,204,1,1,20240124,WAS,MIN
Shot Chart Detail,0022300620,613,1628398,Kyle Kuzma,1610612764,Washington Wizards,4,6,21,Made Shot,Jump Shot,3PT Field Goal,Left Corner 3,Left Side(L),24+ ft.,23,-233,-6,1,1,20240124,WAS,MIN
Shot Chart Detail,0022300620,625,1628398,Kyle Kuzma,1610612764,Washington Wizards,4,5,50,Missed Shot,Jump Shot,3PT Field Goal,Left Corner 3,Left Side(L),24+ ft.,23,-234,-21,1,0,20240124,WAS,MIN
Shot Chart Detail,0022300620,645,1628398,Kyle Kuzma,1610612764,Washington Wizards,4,3,58,Made Shot,Floating Jump shot,2PT Field Goal,Restricted Area,Center(C),Less Than 8 ft.,2,-15,24,1,1,20240124,WAS,MIN
Shot Chart Detail,0022300628,17,1628398,Kyle Kuzma,1610612764,Washington Wizards,1,10,59,Made Shot,Driving Layup Shot,2PT Field Goal,Restricted Area,Center(C),Less Than 8 ft.,3,26,30,1,1,20240125,WAS,UTA
Shot Chart Detail,0022300628,21,1628398,Kyle Kuzma,1610612764,Washington Wizards,1,10,38,Made Shot,Jump Shot,2PT Field Goal,Mid-Range,Center(C),8-16 ft.,15,2,158,1,1,20240125,WAS,UTA
Shot Chart Detail,0022300628,25,1628398,Kyle Kuzma,1610612764,Washington Wizards,1,10,12,Made Shot,Running Reverse Layup Shot,2PT Field Goal,Restricted Area,Center(C),Less Than 8 ft.,2,-27,6,1,1,20240125,WAS,UTA
Shot Chart Detail,0022300628,43,1628398,Kyle Kuzma,1610612764,Washington Wizards,1,8,17,Missed Shot,Jump Shot,3PT Field Goal,Above the Break 3,Center(C),24+ ft.,26,81,256,1,0,20240125,WAS,UTA
Shot Chart Detail,0022300628,59,1628398,Kyle Kuzma,1610612764,Washington Wizards,1,7,10,Made Shot,Driving Floating Jump Shot,2PT Field Goal,In The Paint (Non-RA),Center(C),8-16 ft.,9,1,99,1,1,20240125,WAS,UTA
Shot Chart Detail,0022300628,69,1628398,Kyle Kuzma,1610612764,Washington Wizards,1,6,32,Missed Shot,Layup Shot,2PT Field Goal,In The Paint (Non-RA),Center(C),Less Than 8 ft.,5,-26,47,1,0,20240125,WAS,UTA
Shot Chart Detail,0022300628,251,1628398,Kyle Kuzma,1610612764,Washington Wizards,2,5,10,Missed Shot,Turnaround Fadeaway shot,2PT Field Goal,Mid-Range,Left Side(L),8-16 ft.,14,-147,26,1,0,20240125,WAS,UTA
Shot Chart Detail,0022300628,254,1628398,Kyle Kuzma,1610612764,Washington Wizards,2,4,40,Missed Shot,Pullup Jump shot,2PT Field Goal,In The Paint (Non-RA),Right Side(R),8-16 ft.,10,60,87,1,0,20240125,WAS,UTA
Shot Chart Detail,0022300628,288,1628398,Kyle Kuzma,1610612764,Washington Wizards,2,2,58,Missed Shot,Floating Jump shot,2PT Field Goal,In The Paint (Non-RA),Center(C),8-16 ft.,12,43,117,1,0,20240125,WAS,UTA
Shot Chart Detail,0022300628,296,1628398,Kyle Kuzma,1610612764,Washington Wizards,2,1,59,Missed Shot,Running Jump Shot,3PT Field Goal,Above the Break 3,Right Side Center(RC),24+ ft.,27,190,205,1,0,20240125,WAS,UTA
Shot Chart Detail,0022300628,303,1628398,Kyle Kuzma,1610612764,Washington Wizards,2,1,17,Made Shot,Turnaround Hook Shot,2PT Field Goal,In The Paint (Non-RA),Center(C),8-16 ft.,8,31,74,1,1,20240125,WAS,UTA
Shot Chart Detail,0022300628,375,1628398,Kyle Kuzma,1610612764,Washington Wizards,3,7,13,Missed Shot,Fadeaway Jump Shot,2PT Field Goal,In The Paint (Non-RA),Right Side(R),8-16 ft.,8,74,46,1,0,20240125,WAS,UTA
Shot Chart Detail,0022300628,381,1628398,Kyle Kuzma,1610612764,Washington Wizards,3,6,43,Missed Shot,Jump Shot,3PT Field Goal,Above the Break 3,Center(C),24+ ft.,26,67,253,1,0,20240125,WAS,UTA
Shot Chart Detail,0022300628,413,1628398,Kyle Kuzma,1610612764,Washington Wizards,3,5,5,Made Shot,Driving Floating Jump Shot,2PT Field Goal,In The Paint (Non-RA),Left Side(L),8-16 ft.,10,-70,84,1,1,20240125,WAS,UTA
Shot Chart Detail,0022300628,525,1628398,Kyle Kuzma,1610612764,Washington Wizards,4,8,41,Made Shot,Tip Layup Shot,2PT Field Goal,Restricted Area,Center(C),Less Than 8 ft.,0,0,0,1,1,20240125,WAS,UTA
Shot Chart Detail,0022300628,527,1628398,Kyle Kuzma,1610612764,Washington Wizards,4,8,17,Missed Shot,Jump Shot,3PT Field Goal,Left Corner 3,Left Side(L),24+ ft.,23,-237,1,1,0,20240125,WAS,UTA
Shot Chart Detail,0022300628,531,1628398,Kyle Kuzma,1610612764,Washington Wizards,4,8,11,Made Shot,Jump Shot,3PT Field Goal,Above the Break 3,Right Side Center(RC),24+ ft.,25,233,92,1,1,20240125,WAS,UTA
Shot Chart Detail,0022300628,536,1628398,Kyle Kuzma,1610612764,Washington Wizards,4,7,37,Missed Shot,Jump Shot,3PT Field Goal,Above the Break 3,Center(C),24+ ft.,26,-51,263,1,0,20240125,WAS,UTA
Shot Chart Detail,0022300628,544,1628398,Kyle Kuzma,1610612764,Washington Wizards,4,6,42,Made Shot,Floating Jump shot,2PT Field Goal,In The Paint (Non-RA),Right Side(R),8-16 ft.,8,55,59,1,1,20240125,WAS,UTA
Shot Chart Detail,0022300628,549,1628398,Kyle Kuzma,1610612764,Washington Wizards,4,6,16,Missed Shot,Running Jump Shot,3PT Field Goal,Left Corner 3,Left Side(L),24+ ft.,23,-237,11,1,0,20240125,WAS,UTA
Shot Chart Detail,0022300628,572,1628398,Kyle Kuzma,1610612764,Washington Wizards,4,4,52,Made Shot,Running Dunk Shot,2PT Field Goal,Restricted Area,Center(C),Less Than 8 ft.,0,2,-4,1,1,20240125,WAS,UTA
Shot Chart Detail,0022300628,594,1628398,Kyle Kuzma,1610612764,Washington Wizards,4,3,17,Made Shot,Turnaround Jump Shot,2PT Field Goal,In The Paint (Non-RA),Left Side(L),8-16 ft.,12,-71,100,1,1,20240125,WAS,UTA
Shot Chart Detail,0022300628,602,1628398,Kyle Kuzma,1610612764,Washington Wizards,4,2,17,Made Shot,Turnaround Jump Shot,2PT Field Goal,In The Paint (Non-RA),Left Side(L),8-16 ft.,14,-74,123,1,1,20240125,WAS,UTA
Shot Chart Detail,0022300628,606,1628398,Kyle Kuzma,1610612764,Washington Wizards,4,1,55,Missed Shot,Running Jump Shot,3PT Field Goal,Left Corner 3,Left Side(L),24+ ft.,24,-240,49,1,0,20240125,WAS,UTA
Shot Chart Detail,0022300642,9,1628398,Kyle Kuzma,1610612764,Washington Wizards,1,11,22,Missed Shot,Jump Shot,3PT Field Goal,Above the Break 3,Center(C),24+ ft.,28,-65,273,1,0,20240127,DET,WAS
Shot Chart Detail,0022300642,27,1628398,Kyle Kuzma,1610612764,Washington Wizards,1,10,4,Made Shot,Pullup Jump shot,3PT Field Goal,Above the Break 3,Center(C),24+ ft.,24,61,238,1,1,20240127,DET,WAS
Shot Chart Detail,0022300642,36,1628398,Kyle Kuzma,1610612764,Washington Wizards,1,8,57,Made Shot,Reverse Layup Shot,2PT Field Goal,Restricted Area,Center(C),Less Than 8 ft.,1,-12,-5,1,1,20240127,DET,WAS
Shot Chart Detail,0022300642,41,1628398,Kyle Kuzma,1610612764,Washington Wizards,1,8,24,Missed Shot,Hook Shot,2PT Field Goal,In The Paint (Non-RA),Center(C),Less Than 8 ft.,5,39,40,1,0,20240127,DET,WAS
Shot Chart Detail,0022300642,50,1628398,Kyle Kuzma,1610612764,Washington Wizards,1,7,26,Missed Shot,Jump Shot,3PT Field Goal,Above the Break 3,Left Side Center(LC),24+ ft.,24,-194,142,1,0,20240127,DET,WAS
Shot Chart Detail,0022300642,69,1628398,Kyle Kuzma,1610612764,Washington Wizards,1,6,22,Missed Shot,Driving Floating Jump Shot,2PT Field Goal,In The Paint (Non-RA),Center(C),Less Than 8 ft.,5,26,48,1,0,20240127,DET,WAS
Shot Chart Detail,0022300642,238,1628398,Kyle Kuzma,1610612764,Washington Wizards,2,7,24,Made Shot,Jump Shot,3PT Field Goal,Above the Break 3,Right Side Center(RC),24+ ft.,25,119,225,1,1,20240127,DET,WAS
Shot Chart Detail,0022300642,246,1628398,Kyle Kuzma,1610612764,Washington Wizards,2,6,13,Missed Shot,Jump Shot,3PT Field Goal,Left Corner 3,Left Side(L),24+ ft.,24,-228,82,1,0,20240127,DET,WAS
Shot Chart Detail,0022300642,261,1628398,Kyle Kuzma,1610612764,Washington Wizards,2,5,51,Made Shot,Driving Dunk Shot,2PT Field Goal,Restricted Area,Center(C),Less Than 8 ft.,0,6,1,1,1,20240127,DET,WAS
Shot Chart Detail,0022300642,277,1628398,Kyle Kuzma,1610612764,Washington Wizards,2,4,42,Made Shot,Hook Shot,2PT Field Goal,Restricted Area,Center(C),Less Than 8 ft.,3,22,26,1,1,20240127,DET,WAS
Shot Chart Detail,0022300642,321,1628398,Kyle Kuzma,1610612764,Washington Wizards,2,2,14,Missed Shot,Jump Shot,3PT Field Goal,Above the Break 3,Center(C),24+ ft.,25,47,248,1,0,20240127,DET,WAS
Shot Chart Detail,0022300642,339,1628398,Kyle Kuzma,1610612764,Washington Wizards,2,0,57,Missed Shot,Jump Shot,3PT Field Goal,Above the Break 3,Left Side Center(LC),24+ ft.,24,-197,143,1,0,20240127,DET,WAS
Shot Chart Detail,0022300642,348,1628398,Kyle Kuzma,1610612764,Washington Wizards,2,0,4,Made Shot,Turnaround Hook Shot,2PT Field Goal,In The Paint (Non-RA),Center(C),Less Than 8 ft.,7,34,69,1,1,20240127,DET,WAS
Shot Chart Detail,0022300642,361,1628398,Kyle Kuzma,1610612764,Washington Wizards,3,11,9,Made Shot,Turnaround Fadeaway shot,2PT Field Goal,In The Paint (Non-RA),Center(C),8-16 ft.,12,25,120,1,1,20240127,DET,WAS
Shot Chart Detail,0022300642,373,1628398,Kyle Kuzma,1610612764,Washington Wizards,3,10,3,Missed Shot,Running Pull-Up Jump Shot,3PT Field Goal,Above the Break 3,Left Side Center(LC),24+ ft.,25,-127,226,1,0,20240127,DET,WAS
Shot Chart Detail,0022300642,381,1628398,Kyle Kuzma,1610612764,Washington Wizards,3,9,36,Made Shot,Pullup Jump shot,2PT Field Goal,Mid-Range,Center(C),16-24 ft.,16,5,167,1,1,20240127,DET,WAS
Shot Chart Detail,0022300642,400,1628398,Kyle Kuzma,1610612764,Washington Wizards,3,7,49,Made Shot,Running Dunk Shot,2PT Field Goal,Restricted Area,Center(C),Less Than 8 ft.,1,10,2,1,1,20240127,DET,WAS
Shot Chart Detail,0022300642,419,1628398,Kyle Kuzma,1610612764,Washington Wizards,3,6,6,Missed Shot,Turnaround Fadeaway shot,2PT Field Goal,Mid-Range,Right Side(R),8-16 ft.,14,130,52,1,0,20240127,DET,WAS
Shot Chart Detail,0022300642,433,1628398,Kyle Kuzma,1610612764,Washington Wizards,3,4,5,Made Shot,Driving Layup Shot,2PT Field Goal,In The Paint (Non-RA),Center(C),Less Than 8 ft.,5,55,23,1,1,20240127,DET,WAS
Shot Chart Detail,0022300642,436,1628398,Kyle Kuzma,1610612764,Washington Wizards,3,3,40,Missed Shot,Driving Layup Shot,2PT Field Goal,Restricted Area,Center(C),Less Than 8 ft.,1,15,13,1,0,20240127,DET,WAS
Shot Chart Detail,0022300642,604,1628398,Kyle Kuzma,1610612764,Washington Wizards,4,5,35,Missed Shot,Jump Shot,3PT Field Goal,Above the Break 3,Left Side Center(LC),24+ ft.,29,-142,254,1,0,20240127,DET,WAS
Shot Chart Detail,0022300642,625,1628398,Kyle Kuzma,1610612764,Washington Wizards,4,4,4,Made Shot,Driving Dunk Shot,2PT Field Goal,Restricted Area,Center(C),Less Than 8 ft.,2,5,26,1,1,20240127,DET,WAS
Shot Chart Detail,0022300642,628,1628398,Kyle Kuzma,1610612764,Washington Wizards,4,3,35,Missed Shot,Jump Shot,3PT Field Goal,Above the Break 3,Center(C),24+ ft.,26,16,264,1,0,20240127,DET,WAS
Shot Chart Detail,0022300642,647,1628398,Kyle Kuzma,1610612764,Washington Wizards,4,2,42,Made Shot,Step Back Jump shot,3PT Field Goal,Above the Break 3,Right Side Center(RC),24+ ft.,26,134,226,1,1,20240127,DET,WAS
Shot Chart Detail,0022300642,654,1628398,Kyle Kuzma,1610612764,Washington Wizards,4,2,8,Made Shot,Turnaround Jump Shot,2PT Field Goal,In The Paint (Non-RA),Center(C),8-16 ft.,9,-32,88,1,1,20240127,DET,WAS
Shot Chart Detail,0022300642,664,1628398,Kyle Kuzma,1610612764,Washington Wizards,4,1,15,Missed Shot,Pullup Jump shot,3PT Field Goal,Above the Break 3,Center(C),24+ ft.,27,-40,268,1,0,20240127,DET,WAS
Shot Chart Detail,0022300642,670,1628398,Kyle Kuzma,1610612764,Washington Wizards,4,0,35,Missed Shot,Jump Shot,3PT Field Goal,Above the Break 3,Left Side Center(LC),24+ ft.,25,-100,231,1,0,20240127,DET,WAS
Shot Chart Detail,0022300665,11,1628398,Kyle Kuzma,1610612764,Washington Wizards,1,11,2,Missed Shot,Running Jump Shot,3PT Field Goal,Above the Break 3,Left Side Center(LC),24+ ft.,26,-164,210,1,0,20240129,SAS,WAS
Shot Chart Detail,0022300665,19,1628398,Kyle Kuzma,1610612764,Washington Wizards,1,10,3,Missed Shot,Jump Shot,3PT Field Goal,Above the Break 3,Right Side Center(RC),24+ ft.,25,154,204,1,0,20240129,SAS,WAS
Shot Chart Detail,0022300665,23,1628398,Kyle Kuzma,1610612764,Washington Wizards,1,9,52,Made Shot,Running Alley Oop Dunk Shot,2PT Field Goal,Restricted Area,Center(C),Less Than 8 ft.,0,9,0,1,1,20240129,SAS,WAS
Shot Chart Detail,0022300665,49,1628398,Kyle Kuzma,1610612764,Washington Wizards,1,7,9,Missed Shot,Driving Finger Roll Layup Shot,2PT Field Goal,Restricted Area,Center(C),Less Than 8 ft.,1,11,6,1,0,20240129,SAS,WAS
Shot Chart Detail,0022300665,69,1628398,Kyle Kuzma,1610612764,Washington Wizards,1,5,55,Missed Shot,Jump Shot,3PT Field Goal,Above the Break 3,Center(C),24+ ft.,25,-4,258,1,0,20240129,SAS,WAS
Shot Chart Detail,0022300665,89,1628398,Kyle Kuzma,1610612764,Washington Wizards,1,4,16,Made Shot,Running Alley Oop Dunk Shot,2PT Field Goal,Restricted Area,Center(C),Less Than 8 ft.,1,15,-2,1,1,20240129,SAS,WAS
Shot Chart Detail,0022300665,307,1628398,Kyle Kuzma,1610612764,Washington Wizards,2,3,46,Missed Shot,Running Jump Shot,3PT Field Goal,Left Corner 3,Left Side(L),24+ ft.,23,-228,50,1,0,20240129,SAS,WAS
Shot Chart Detail,0022300665,353,1628398,Kyle Kuzma,1610612764,Washington Wizards,2,0,0,Made Shot,Turnaround Jump Shot,2PT Field Goal,Mid-Range,Left Side Center(LC),16-24 ft.,17,-77,152,1,1,20240129,SAS,WAS
Shot Chart Detail,0022300665,382,1628398,Kyle Kuzma,1610612764,Washington Wizards,3,10,39,Made Shot,Running Reverse Layup Shot,2PT Field Goal,Restricted Area,Center(C),Less Than 8 ft.,1,10,11,1,1,20240129,SAS,WAS
Shot Chart Detail,0022300665,406,1628398,Kyle Kuzma,1610612764,Washington Wizards,3,9,8,Missed Shot,Driving Floating Jump Shot,2PT Field Goal,In The Paint (Non-RA),Center(C),8-16 ft.,11,9,111,1,0,20240129,SAS,WAS
Shot Chart Detail,0022300665,408,1628398,Kyle Kuzma,1610612764,Washington Wizards,3,9,7,Missed Shot,Tip Layup Shot,2PT Field Goal,Restricted Area,Center(C),Less Than 8 ft.,0,0,0,1,0,20240129,SAS,WAS
Shot Chart Detail,0022300665,441,1628398,Kyle Kuzma,1610612764,Washington Wizards,3,6,40,Missed Shot,Turnaround Jump Shot,2PT Field Goal,In The Paint (Non-RA),Left Side(L),8-16 ft.,13,-70,112,1,0,20240129,SAS,WAS
Shot Chart Detail,0022300665,451,1628398,Kyle Kuzma,1610612764,Washington Wizards,3,6,9,Missed Shot,Driving Floating Jump Shot,2PT Field Goal,In The Paint (Non-RA),Center(C),8-16 ft.,9,23,91,1,0,20240129,SAS,WAS
Shot Chart Detail,0022300665,617,1628398,Kyle Kuzma,1610612764,Washington Wizards,4,8,2,Made Shot,Cutting Finger Roll Layup Shot,2PT Field Goal,Restricted Area,Center(C),Less Than 8 ft.,2,16,23,1,1,20240129,SAS,WAS
Shot Chart Detail,0022300665,633,1628398,Kyle Kuzma,1610612764,Washington Wizards,4,5,54,Missed Shot,Driving Floating Jump Shot,2PT Field Goal,In The Paint (Non-RA),Center(C),8-16 ft.,8,-31,81,1,0,20240129,SAS,WAS
Shot Chart Detail,0022300665,652,1628398,Kyle Kuzma,1610612764,Washington Wizards,4,4,53,Made Shot,Driving Floating Jump Shot,2PT Field Goal,In The Paint (Non-RA),Center(C),Less Than 8 ft.,6,2,67,1,1,20240129,SAS,WAS
Shot Chart Detail,0022300665,688,1628398,Kyle Kuzma,1610612764,Washington Wizards,4,1,49,Made Shot,Running Finger Roll Layup Shot,2PT Field Goal,Restricted Area,Center(C),Less Than 8 ft.,2,20,21,1,1,20240129,SAS,WAS
Shot Chart Detail,0022300665,695,1628398,Kyle Kuzma,1610612764,Washington Wizards,4,0,46,Missed Shot,Jump Shot,2PT Field Goal,Mid-Range,Right Side Center(RC),16-24 ft.,21,74,200,1,0,20240129,SAS,WAS
Shot Chart Detail,0022300676,7,1628398,Kyle Kuzma,1610612764,Washington Wizards,1,11,43,Made Shot,Jump Shot,3PT Field Goal,Left Corner 3,Left Side(L),24+ ft.,24,-240,-6,1,1,20240131,WAS,LAC
Shot Chart Detail,0022300676,15,1628398,Kyle Kuzma,1610612764,Washington Wizards,1,10,33,Missed Shot,Jump Shot,3PT Field Goal,Above the Break 3,Left Side Center(LC),24+ ft.,27,-126,246,1,0,20240131,WAS,LAC
Shot Chart Detail,0022300676,31,1628398,Kyle Kuzma,1610612764,Washington Wizards,1,9,7,Made Shot,Running Layup Shot,2PT Field Goal,Restricted Area,Center(C),Less Than 8 ft.,2,-7,22,1,1,20240131,WAS,LAC
Shot Chart Detail,0022300676,36,1628398,Kyle Kuzma,1610612764,Washington Wizards,1,8,31,Made Shot,Driving Floating Jump Shot,2PT Field Goal,In The Paint (Non-RA),Center(C),8-16 ft.,11,50,100,1,1,20240131,WAS,LAC
Shot Chart Detail,0022300676,55,1628398,Kyle Kuzma,1610612764,Washington Wizards,1,6,59,Made Shot,Driving Layup Shot,2PT Field Goal,In The Paint (Non-RA),Center(C),Less Than 8 ft.,5,-48,26,1,1,20240131,WAS,LAC
Shot Chart Detail,0022300676,68,1628398,Kyle Kuzma,1610612764,Washington Wizards,1,6,23,Made Shot,Driving Finger Roll Layup Shot,2PT Field Goal,In The Paint (Non-RA),Center(C),Less Than 8 ft.,4,15,43,1,1,20240131,WAS,LAC
Shot Chart Detail,0022300676,74,1628398,Kyle Kuzma,1610612764,Washington Wizards,1,5,43,Made Shot,Driving Floating Jump Shot,2PT Field Goal,In The Paint (Non-RA),Center(C),8-16 ft.,11,40,109,1,1,20240131,WAS,LAC
Shot Chart Detail,0022300676,81,1628398,Kyle Kuzma,1610612764,Washington Wizards,1,4,48,Missed Shot,Running Jump Shot,3PT Field Goal,Above the Break 3,Center(C),24+ ft.,28,-10,281,1,0,20240131,WAS,LAC
Shot Chart Detail,0022300676,105,1628398,Kyle Kuzma,1610612764,Washington Wizards,1,2,57,Missed Shot,Step Back Jump shot,2PT Field Goal,Mid-Range,Left Side(L),16-24 ft.,19,-196,31,1,0,20240131,WAS,LAC
Shot Chart Detail,0022300676,145,1628398,Kyle Kuzma,1610612764,Washington Wizards,1,0,3,Missed Shot,Turnaround Fadeaway shot,2PT Field Goal,Mid-Range,Right Side Center(RC),16-24 ft.,16,91,135,1,0,20240131,WAS,LAC
Shot Chart Detail,0022300676,214,1628398,Kyle Kuzma,1610612764,Washington Wizards,2,7,21,Missed Shot,Turnaround Fadeaway shot,2PT Field Goal,Mid-Range,Center(C),8-16 ft.,14,-33,140,1,0,20240131,WAS,LAC
Shot Chart Detail,0022300676,225,1628398,Kyle Kuzma,1610612764,Washington Wizards,2,7,2,Made Shot,Fadeaway Jump Shot,2PT Field Goal,Mid-Range,Left Side(L),8-16 ft.,10,-100,21,1,1,20240131,WAS,LAC
Shot Chart Detail,0022300676,249,1628398,Kyle Kuzma,1610612764,Washington Wizards,2,5,17,Missed Shot,Turnaround Fadeaway shot,2PT Field Goal,In The Paint (Non-RA),Right Side(R),8-16 ft.,11,56,95,1,0,20240131,WAS,LAC
Shot Chart Detail,0022300676,285,1628398,Kyle Kuzma,1610612764,Washington Wizards,2,1,20,Made Shot,Driving Hook Shot,2PT Field Goal,In The Paint (Non-RA),Center(C),Less Than 8 ft.,5,-9,50,1,1,20240131,WAS,LAC
Shot Chart Detail,0022300676,288,1628398,Kyle Kuzma,1610612764,Washington Wizards,2,0,51,Made Shot,Pullup Jump shot,3PT Field Goal,Above the Break 3,Left Side Center(LC),24+ ft.,26,-170,205,1,1,20240131,WAS,LAC
Shot Chart Detail,0022300676,353,1628398,Kyle Kuzma,1610612764,Washington Wizards,3,8,36,Made Shot,Fadeaway Jump Shot,2PT Field Goal,Mid-Range,Left Side Center(LC),16-24 ft.,16,-116,123,1,1,20240131,WAS,LAC
Shot Chart Detail,0022300676,357,1628398,Kyle Kuzma,1610612764,Washington Wizards,3,8,12,Missed Shot,Running Pull-Up Jump Shot,2PT Field Goal,Mid-Range,Right Side Center(RC),16-24 ft.,21,82,196,1,0,20240131,WAS,LAC
Shot Chart Detail,0022300676,363,1628398,Kyle Kuzma,1610612764,Washington Wizards,3,7,47,Made Shot,Pullup Jump shot,2PT Field Goal,Mid-Range,Right Side(R),8-16 ft.,13,100,97,1,1,20240131,WAS,LAC
Shot Chart Detail,0022300676,372,1628398,Kyle Kuzma,1610612764,Washington Wizards,3,6,52,Missed Shot,Pullup Jump shot,2PT Field Goal,Mid-Range,Left Side Center(LC),16-24 ft.,17,-109,136,1,0,20240131,WAS,LAC
Shot Chart Detail,0022300676,376,1628398,Kyle Kuzma,1610612764,Washington Wizards,3,6,24,Missed Shot,Driving Floating Jump Shot,2PT Field Goal,In The Paint (Non-RA),Left Side(L),8-16 ft.,11,-70,91,1,0,20240131,WAS,LAC
Shot Chart Detail,0022300676,483,1628398,Kyle Kuzma,1610612764,Washington Wizards,4,10,48,Missed Shot,Driving Floating Jump Shot,2PT Field Goal,In The Paint (Non-RA),Center(C),Less Than 8 ft.,7,-48,52,1,0,20240131,WAS,LAC
Shot Chart Detail,0022300676,495,1628398,Kyle Kuzma,1610612764,Washington Wizards,4,9,47,Missed Shot,Driving Layup Shot,2PT Field Goal,In The Paint (Non-RA),Center(C),Less Than 8 ft.,5,22,47,1,0,20240131,WAS,LAC
Shot Chart Detail,0022300689,17,1628398,Kyle Kuzma,1610612764,Washington Wizards,1,10,27,Missed Shot,Jump Shot,3PT Field Goal,Above the Break 3,Right Side Center(RC),24+ ft.,24,205,141,1,0,20240202,WAS,MIA
Shot Chart Detail,0022300689,24,1628398,Kyle Kuzma,1610612764,Washington Wizards,1,9,31,Made Shot,Jump Shot,3PT Field Goal,Left Corner 3,Left Side(L),24+ ft.,24,-243,36,1,1,20240202,WAS,MIA
Shot Chart Detail,0022300689,66,1628398,Kyle Kuzma,1610612764,Washington Wizards,1,6,35,Made Shot,Driving Dunk Shot,2PT Field Goal,Restricted Area,Center(C),Less Than 8 ft.,0,-2,0,1,1,20240202,WAS,MIA
Shot Chart Detail,0022300689,109,1628398,Kyle Kuzma,1610612764,Washington Wizards,1,3,3,Missed Shot,Jump Shot,3PT Field Goal,Left Corner 3,Left Side(L),24+ ft.,23,-235,10,1,0,20240202,WAS,MIA
Shot Chart Detail,0022300689,232,1628398,Kyle Kuzma,1610612764,Washington Wizards,2,6,27,Made Shot,Turnaround Hook Shot,2PT Field Goal,In The Paint (Non-RA),Center(C),Less Than 8 ft.,6,10,67,1,1,20240202,WAS,MIA
Shot Chart Detail,0022300689,258,1628398,Kyle Kuzma,1610612764,Washington Wizards,2,5,26,Missed Shot,Driving Floating Jump Shot,2PT Field Goal,Mid-Range,Left Side(L),8-16 ft.,12,-85,97,1,0,20240202,WAS,MIA
Shot Chart Detail,0022300689,268,1628398,Kyle Kuzma,1610612764,Washington Wizards,2,4,4,Missed Shot,Pullup Jump shot,2PT Field Goal,Mid-Range,Center(C),8-16 ft.,15,-65,146,1,0,20240202,WAS,MIA
Shot Chart Detail,0022300689,340,1628398,Kyle Kuzma,1610612764,Washington Wizards,3,11,42,Missed Shot,Pullup Jump shot,3PT Field Goal,Above the Break 3,Right Side Center(RC),24+ ft.,27,159,226,1,0,20240202,WAS,MIA
Shot Chart Detail,0022300689,344,1628398,Kyle Kuzma,1610612764,Washington Wizards,3,11,10,Missed Shot,Driving Floating Jump Shot,2PT Field Goal,In The Paint (Non-RA),Center(C),8-16 ft.,11,-27,110,1,0,20240202,WAS,MIA
Shot Chart Detail,0022300689,353,1628398,Kyle Kuzma,1610612764,Washington Wizards,3,10,38,Missed Shot,Step Back Jump shot,2PT Field Goal,Mid-Range,Left Side(L),16-24 ft.,21,-191,94,1,0,20240202,WAS,MIA
Shot Chart Detail,0022300689,359,1628398,Kyle Kuzma,1610612764,Washington Wizards,3,10,11,Made Shot,Running Layup Shot,2PT Field Goal,In The Paint (Non-RA),Center(C),Less Than 8 ft.,4,-44,17,1,1,20240202,WAS,MIA
Shot Chart Detail,0022300689,367,1628398,Kyle Kuzma,1610612764,Washington Wizards,3,9,19,Missed Shot,Jump Shot,3PT Field Goal,Right Corner 3,Right Side(R),24+ ft.,22,225,47,1,0,20240202,WAS,MIA
Shot Chart Detail,0022300689,425,1628398,Kyle Kuzma,1610612764,Washington Wizards,3,5,23,Missed Shot,Turnaround Fadeaway shot,2PT Field Goal,Mid-Range,Right Side Center(RC),16-24 ft.,17,72,161,1,0,20240202,WAS,MIA
Shot Chart Detail,0022300689,456,1628398,Kyle Kuzma,1610612764,Washington Wizards,3,2,48,Missed Shot,Fadeaway Jump Shot,2PT Field Goal,Mid-Range,Center(C),8-16 ft.,14,33,145,1,0,20240202,WAS,MIA
Shot Chart Detail,0022300689,555,1628398,Kyle Kuzma,1610612764,Washington Wizards,4,8,4,Made Shot,Layup Shot,2PT Field Goal,Restricted Area,Center(C),Less Than 8 ft.,2,18,21,1,1,20240202,WAS,MIA
Shot Chart Detail,0022300689,586,1628398,Kyle Kuzma,1610612764,Washington Wizards,4,5,50,Missed Shot,Driving Layup Shot,2PT Field Goal,In The Paint (Non-RA),Center(C),Less Than 8 ft.,4,-26,31,1,0,20240202,WAS,MIA
Shot Chart Detail,0022300728,15,1628398,Kyle Kuzma,1610612764,Washington Wizards,1,11,4,Made Shot,Turnaround Jump Shot,2PT Field Goal,Mid-Range,Left Side Center(LC),16-24 ft.,20,-98,179,1,1,20240207,WAS,CLE
Shot Chart Detail,0022300728,30,1628398,Kyle Kuzma,1610612764,Washington Wizards,1,9,29,Missed Shot,Turnaround Jump Shot,2PT Field Goal,In The Paint (Non-RA),Center(C),8-16 ft.,13,-7,133,1,0,20240207,WAS,CLE
Shot Chart Detail,0022300728,37,1628398,Kyle Kuzma,1610612764,Washington Wizards,1,8,41,Missed Shot,Pullup Jump shot,2PT Field Goal,Mid-Range,Left Side Center(LC),16-24 ft.,16,-110,128,1,0,20240207,WAS,CLE
Shot Chart Detail,0022300728,41,1628398,Kyle Kuzma,1610612764,Washington Wizards,1,8,15,Made Shot,Jump Shot,3PT Field Goal,Above the Break 3,Center(C),24+ ft.,26,-28,260,1,1,20240207,WAS,CLE
Shot Chart Detail,0022300728,45,1628398,Kyle Kuzma,1610612764,Washington Wizards,1,7,57,Made Shot,Jump Shot,3PT Field Goal,Above the Break 3,Center(C),24+ ft.,25,-55,246,1,1,20240207,WAS,CLE
Shot Chart Detail,0022300728,50,1628398,Kyle Kuzma,1610612764,Washington Wizards,1,7,37,Missed Shot,Running Jump Shot,3PT Field Goal,Above the Break 3,Right Side Center(RC),24+ ft.,25,172,184,1,0,20240207,WAS,CLE
Shot Chart Detail,0022300728,74,1628398,Kyle Kuzma,1610612764,Washington Wizards,1,5,57,Missed Shot,Running Pull-Up Jump Shot,3PT Field Goal,Above the Break 3,Right Side Center(RC),24+ ft.,25,164,199,1,0,20240207,WAS,CLE
Shot Chart Detail,0022300728,259,1628398,Kyle Kuzma,1610612764,Washington Wizards,2,6,0,Made Shot,Turnaround Fadeaway shot,2PT Field Goal,Mid-Range,Left Side(L),8-16 ft.,12,-119,34,1,1,20240207,WAS,CLE
Shot Chart Detail,0022300728,270,1628398,Kyle Kuzma,1610612764,Washington Wizards,2,4,57,Missed Shot,Jump Shot,3PT Field Goal,Above the Break 3,Left Side Center(LC),24+ ft.,26,-104,242,1,0,20240207,WAS,CLE
Shot Chart Detail,0022300728,274,1628398,Kyle Kuzma,1610612764,Washington Wizards,2,4,25,Made Shot,Pullup Jump shot,3PT Field Goal,Above the Break 3,Center(C),24+ ft.,26,-58,262,1,1,20240207,WAS,CLE
Shot Chart Detail,0022300728,295,1628398,Kyle Kuzma,1610612764,Washington Wizards,2,3,34,Made Shot,Driving Floating Jump Shot,2PT Field Goal,Mid-Range,Left Side(L),8-16 ft.,11,-86,83,1,1,20240207,WAS,CLE
Shot Chart Detail,0022300728,308,1628398,Kyle Kuzma,1610612764,Washington Wizards,2,2,44,Made Shot,Jump Shot,3PT Field Goal,Above the Break 3,Left Side Center(LC),24+ ft.,25,-199,164,1,1,20240207,WAS,CLE
Shot Chart Detail,0022300728,326,1628398,Kyle Kuzma,1610612764,Washington Wizards,2,1,22,Missed Shot,Pullup Jump shot,3PT Field Goal,Above the Break 3,Center(C),24+ ft.,27,-66,263,1,0,20240207,WAS,CLE
Shot Chart Detail,0022300728,374,1628398,Kyle Kuzma,1610612764,Washington Wizards,3,9,49,Missed Shot,Pullup Jump shot,3PT Field Goal,Above the Break 3,Center(C),24+ ft.,26,54,261,1,0,20240207,WAS,CLE
Shot Chart Detail,0022300728,380,1628398,Kyle Kuzma,1610612764,Washington Wizards,3,9,31,Made Shot,Fadeaway Jump Shot,2PT Field Goal,Mid-Range,Left Side(L),8-16 ft.,15,-156,19,1,1,20240207,WAS,CLE
Shot Chart Detail,0022300728,383,1628398,Kyle Kuzma,1610612764,Washington Wizards,3,9,10,Made Shot,Driving Layup Shot,2PT Field Goal,Restricted Area,Center(C),Less Than 8 ft.,1,-4,15,1,1,20240207,WAS,CLE
Shot Chart Detail,0022300728,386,1628398,Kyle Kuzma,1610612764,Washington Wizards,3,8,46,Missed Shot,Jump Shot,3PT Field Goal,Left Corner 3,Left Side(L),24+ ft.,23,-234,37,1,0,20240207,WAS,CLE
Shot Chart Detail,0022300728,398,1628398,Kyle Kuzma,1610612764,Washington Wizards,3,7,46,Missed Shot,Fadeaway Jump Shot,2PT Field Goal,Mid-Range,Right Side(R),16-24 ft.,17,170,53,1,0,20240207,WAS,CLE
Shot Chart Detail,0022300728,406,1628398,Kyle Kuzma,1610612764,Washington Wizards,3,6,43,Made Shot,Jump Shot,3PT Field Goal,Above the Break 3,Left Side Center(LC),24+ ft.,26,-179,192,1,1,20240207,WAS,CLE
Shot Chart Detail,0022300728,423,1628398,Kyle Kuzma,1610612764,Washington Wizards,3,5,21,Made Shot,Driving Floating Jump Shot,2PT Field Goal,Restricted Area,Center(C),Less Than 8 ft.,1,-4,10,1,1,20240207,WAS,CLE
Shot Chart Detail,0022300728,431,1628398,Kyle Kuzma,1610612764,Washington Wizards,3,4,39,Missed Shot,Pullup Jump shot,3PT Field Goal,Above the Break 3,Left Side Center(LC),24+ ft.,27,-216,178,1,0,20240207,WAS,CLE
Shot Chart Detail,0022300728,591,1628398,Kyle Kuzma,1610612764,Washington Wizards,4,6,30,Missed Shot,Pullup Jump shot,2PT Field Goal,Mid-Range,Center(C),8-16 ft.,14,1,147,1,0,20240207,WAS,CLE
Shot Chart Detail,0022300728,594,1628398,Kyle Kuzma,1610612764,Washington Wizards,4,6,1,Missed Shot,Jump Shot,3PT Field Goal,Left Corner 3,Left Side(L),24+ ft.,23,-235,19,1,0,20240207,WAS,CLE
Shot Chart Detail,0022300728,604,1628398,Kyle Kuzma,1610612764,Washington Wizards,4,4,59,Missed Shot,Driving Layup Shot,2PT Field Goal,Restricted Area,Center(C),Less Than 8 ft.,3,-6,38,1,0,20240207,WAS,CLE
Shot Chart Detail,0022300743,50,1628398,Kyle Kuzma,1610612764,Washington Wizards,1,8,0,Missed Shot,Jump Shot,3PT Field Goal,Above the Break 3,Left Side Center(LC),24+ ft.,27,-165,215,1,0,20240209,BOS,WAS
Shot Chart Detail,0022300743,54,1628398,Kyle Kuzma,1610612764,Washington Wizards,1,7,43,Made Shot,Running Dunk Shot,2PT Field Goal,Restricted Area,Center(C),Less Than 8 ft.,1,-4,17,1,1,20240209,BOS,WAS
Shot Chart Detail,0022300743,59,1628398,Kyle Kuzma,1610612764,Washington Wizards,1,7,18,Made Shot,Running Pull-Up Jump Shot,3PT Field Goal,Left Corner 3,Left Side(L),24+ ft.,24,-239,31,1,1,20240209,BOS,WAS
Shot Chart Detail,0022300743,67,1628398,Kyle Kuzma,1610612764,Washington Wizards,1,6,43,Missed Shot,Jump Shot,3PT Field Goal,Above the Break 3,Center(C),24+ ft.,26,69,260,1,0,20240209,BOS,WAS
Shot Chart Detail,0022300743,106,1628398,Kyle Kuzma,1610612764,Washington Wizards,1,3,47,Missed Shot,Driving Floating Jump Shot,2PT Field Goal,In The Paint (Non-RA),Center(C),Less Than 8 ft.,7,9,71,1,0,20240209,BOS,WAS
Shot Chart Detail,0022300743,213,1628398,Kyle Kuzma,1610612764,Washington Wizards,2,8,38,Missed Shot,Pullup Jump shot,3PT Field Goal,Above the Break 3,Center(C),24+ ft.,27,40,272,1,0,20240209,BOS,WAS
Shot Chart Detail,0022300743,327,1628398,Kyle Kuzma,1610612764,Washington Wizards,2,0,57,Made Shot,Jump Shot,3PT Field Goal,Above the Break 3,Right Side Center(RC),24+ ft.,25,227,107,1,1,20240209,BOS,WAS
Shot Chart Detail,0022300743,378,1628398,Kyle Kuzma,1610612764,Washington Wizards,3,8,57,Missed Shot,Driving Hook Shot,2PT Field Goal,In The Paint (Non-RA),Left Side(L),8-16 ft.,9,-71,58,1,0,20240209,BOS,WAS
Shot Chart Detail,0022300743,398,1628398,Kyle Kuzma,1610612764,Washington Wizards,3,7,27,Missed Shot,Fadeaway Jump Shot,2PT Field Goal,Mid-Range,Center(C),8-16 ft.,15,-54,141,1,0,20240209,BOS,WAS
Shot Chart Detail,0022300743,513,1628398,Kyle Kuzma,1610612764,Washington Wizards,4,10,53,Missed Shot,Running Jump Shot,3PT Field Goal,Above the Break 3,Center(C),24+ ft.,26,22,262,1,0,20240209,BOS,WAS
Shot Chart Detail,0022300743,521,1628398,Kyle Kuzma,1610612764,Washington Wizards,4,10,33,Made Shot,Floating Jump shot,2PT Field Goal,In The Paint (Non-RA),Center(C),Less Than 8 ft.,6,-15,64,1,1,20240209,BOS,WAS
Shot Chart Detail,0022300743,545,1628398,Kyle Kuzma,1610612764,Washington Wizards,4,8,2,Missed Shot,Jump Shot,3PT Field Goal,Above the Break 3,Right Side Center(RC),24+ ft.,24,180,173,1,0,20240209,BOS,WAS
Shot Chart Detail,0022300743,557,1628398,Kyle Kuzma,1610612764,Washington Wizards,4,6,49,Made Shot,Driving Layup Shot,2PT Field Goal,Restricted Area,Center(C),Less Than 8 ft.,2,20,5,1,1,20240209,BOS,WAS
Shot Chart Detail,0022300743,613,1628398,Kyle Kuzma,1610612764,Washington Wizards,4,1,38,Made Shot,Running Jump Shot,3PT Field Goal,Above the Break 3,Left Side Center(LC),24+ ft.,25,-230,111,1,1,20240209,BOS,WAS
Shot Chart Detail,0022300753,45,1628398,Kyle Kuzma,1610612764,Washington Wizards,1,8,19,Missed Shot,Turnaround Fadeaway shot,2PT Field Goal,In The Paint (Non-RA),Right Side(R),8-16 ft.,8,49,67,1,0,20240210,WAS,PHI
Shot Chart Detail,0022300753,72,1628398,Kyle Kuzma,1610612764,Washington Wizards,1,6,41,Missed Shot,Jump Shot,3PT Field Goal,Above the Break 3,Right Side Center(RC),24+ ft.,25,213,146,1,0,20240210,WAS,PHI
Shot Chart Detail,0022300753,77,1628398,Kyle Kuzma,1610612764,Washington Wizards,1,6,6,Missed Shot,Turnaround Fadeaway shot,2PT Field Goal,In The Paint (Non-RA),Center(C),8-16 ft.,14,61,133,1,0,20240210,WAS,PHI
Shot Chart Detail,0022300753,317,1628398,Kyle Kuzma,1610612764,Washington Wizards,2,4,43,Made Shot,Cutting Layup Shot,2PT Field Goal,Restricted Area,Center(C),Less Than 8 ft.,1,13,7,1,1,20240210,WAS,PHI
Shot Chart Detail,0022300753,335,1628398,Kyle Kuzma,1610612764,Washington Wizards,2,3,24,Made Shot,Running Dunk Shot,2PT Field Goal,Restricted Area,Center(C),Less Than 8 ft.,0,0,6,1,1,20240210,WAS,PHI
Shot Chart Detail,0022300753,350,1628398,Kyle Kuzma,1610612764,Washington Wizards,2,1,58,Missed Shot,Turnaround Hook Shot,2PT Field Goal,In The Paint (Non-RA),Center(C),Less Than 8 ft.,5,-50,27,1,0,20240210,WAS,PHI
Shot Chart Detail,0022300753,359,1628398,Kyle Kuzma,1610612764,Washington Wizards,2,1,12,Made Shot,Jump Shot,3PT Field Goal,Right Corner 3,Right Side(R),24+ ft.,23,234,-4,1,1,20240210,WAS,PHI
Shot Chart Detail,0022300753,409,1628398,Kyle Kuzma,1610612764,Washington Wizards,3,9,10,Missed Shot,Jump Shot,3PT Field Goal,Right Corner 3,Right Side(R),24+ ft.,23,230,46,1,0,20240210,WAS,PHI
Shot Chart Detail,0022300753,588,1628398,Kyle Kuzma,1610612764,Washington Wizards,4,9,59,Made Shot,Jump Shot,3PT Field Goal,Right Corner 3,Right Side(R),24+ ft.,23,227,48,1,1,20240210,WAS,PHI
Shot Chart Detail,0022300753,601,1628398,Kyle Kuzma,1610612764,Washington Wizards,4,8,51,Made Shot,Hook Shot,2PT Field Goal,In The Paint (Non-RA),Center(C),Less Than 8 ft.,5,-20,48,1,1,20240210,WAS,PHI
Shot Chart Detail,0022300753,622,1628398,Kyle Kuzma,1610612764,Washington Wizards,4,6,59,Missed Shot,Running Jump Shot,3PT Field Goal,Left Corner 3,Left Side(L),24+ ft.,24,-233,79,1,0,20240210,WAS,PHI
Shot Chart Detail,0022300753,627,1628398,Kyle Kuzma,1610612764,Washington Wizards,4,6,30,Made Shot,Cutting Layup Shot,2PT Field Goal,In The Paint (Non-RA),Center(C),Less Than 8 ft.,6,39,56,1,1,20240210,WAS,PHI
Shot Chart Detail,0022300753,661,1628398,Kyle Kuzma,1610612764,Washington Wizards,4,3,44,Made Shot,Turnaround Hook Shot,2PT Field Goal,Mid-Range,Right Side(R),8-16 ft.,12,110,50,1,1,20240210,WAS,PHI
Shot Chart Detail,0022300753,665,1628398,Kyle Kuzma,1610612764,Washington Wizards,4,3,15,Made Shot,Driving Floating Jump Shot,2PT Field Goal,In The Paint (Non-RA),Center(C),Less Than 8 ft.,5,34,47,1,1,20240210,WAS,PHI
Shot Chart Detail,0022300753,673,1628398,Kyle Kuzma,1610612764,Washington Wizards,4,2,29,Missed Shot,Turnaround Fadeaway shot,2PT Field Goal,In The Paint (Non-RA),Center(C),Less Than 8 ft.,7,-11,71,1,0,20240210,WAS,PHI
Shot Chart Detail,0022300753,702,1628398,Kyle Kuzma,1610612764,Washington Wizards,4,0,15,Missed Shot,Jump Shot,3PT Field Goal,Above the Break 3,Right Side Center(RC),24+ ft.,30,135,273,1,0,20240210,WAS,PHI
Shot Chart Detail,0022300753,718,1628398,Kyle Kuzma,1610612764,Washington Wizards,4,0,2,Made Shot,Driving Floating Jump Shot,2PT Field Goal,In The Paint (Non-RA),Center(C),Less Than 8 ft.,5,-34,43,1,1,20240210,WAS,PHI
Shot Chart Detail,0022300768,7,1628398,Kyle Kuzma,1610612764,Washington Wizards,1,11,38,Missed Shot,Jump Shot,3PT Field Goal,Above the Break 3,Left Side Center(LC),24+ ft.,25,-98,240,1,0,20240212,DAL,WAS
Shot Chart Detail,0022300768,28,1628398,Kyle Kuzma,1610612764,Washington Wizards,1,10,5,Missed Shot,Fadeaway Jump Shot,2PT Field Goal,Mid-Range,Left Side(L),16-24 ft.,20,-199,24,1,0,20240212,DAL,WAS
Shot Chart Detail,0022300768,45,1628398,Kyle Kuzma,1610612764,Washington Wizards,1,9,13,Made Shot,Jump Shot,2PT Field Goal,Mid-Range,Right Side Center(RC),16-24 ft.,21,147,155,1,1,20240212,DAL,WAS
Shot Chart Detail,0022300768,72,1628398,Kyle Kuzma,1610612764,Washington Wizards,1,6,52,Made Shot,Driving Layup Shot,2PT Field Goal,Restricted Area,Center(C),Less Than 8 ft.,2,-6,22,1,1,20240212,DAL,WAS
Shot Chart Detail,0022300768,87,1628398,Kyle Kuzma,1610612764,Washington Wizards,1,6,27,Made Shot,Driving Finger Roll Layup Shot,2PT Field Goal,Restricted Area,Center(C),Less Than 8 ft.,1,-6,9,1,1,20240212,DAL,WAS
Shot Chart Detail,0022300768,291,1628398,Kyle Kuzma,1610612764,Washington Wizards,2,6,14,Made Shot,Running Layup Shot,2PT Field Goal,Restricted Area,Center(C),Less Than 8 ft.,1,-4,19,1,1,20240212,DAL,WAS
Shot Chart Detail,0022300768,315,1628398,Kyle Kuzma,1610612764,Washington Wizards,2,4,54,Made Shot,Jump Shot,2PT Field Goal,Mid-Range,Right Side Center(RC),16-24 ft.,22,114,190,1,1,20240212,DAL,WAS
Shot Chart Detail,0022300768,336,1628398,Kyle Kuzma,1610612764,Washington Wizards,2,3,35,Missed Shot,Driving Layup Shot,2PT Field Goal,Restricted Area,Center(C),Less Than 8 ft.,1,1,15,1,0,20240212,DAL,WAS
Shot Chart Detail,0022300768,373,1628398,Kyle Kuzma,1610612764,Washington Wizards,2,0,34,Missed Shot,Jump Shot,3PT Field Goal,Above the Break 3,Center(C),24+ ft.,28,-68,274,1,0,20240212,DAL,WAS
Shot Chart Detail,0022300768,377,1628398,Kyle Kuzma,1610612764,Washington Wizards,2,0,0,Made Shot,Jump Shot,3PT Field Goal,Left Corner 3,Left Side(L),24+ ft.,22,-223,31,1,1,20240212,DAL,WAS
Shot Chart Detail,0022300768,389,1628398,Kyle Kuzma,1610612764,Washington Wizards,3,10,34,Missed Shot,Jump Shot,3PT Field Goal,Left Corner 3,Left Side(L),24+ ft.,24,-234,54,1,0,20240212,DAL,WAS
Shot Chart Detail,0022300768,415,1628398,Kyle Kuzma,1610612764,Washington Wizards,3,8,35,Missed Shot,Fadeaway Jump Shot,3PT Field Goal,Above the Break 3,Left Side Center(LC),24+ ft.,25,-189,174,1,0,20240212,DAL,WAS
Shot Chart Detail,0022300768,452,1628398,Kyle Kuzma,1610612764,Washington Wizards,3,6,30,Made Shot,Cutting Dunk Shot,2PT Field Goal,Restricted Area,Center(C),Less Than 8 ft.,0,0,-5,1,1,20240212,DAL,WAS
Shot Chart Detail,0022300768,460,1628398,Kyle Kuzma,1610612764,Washington Wizards,3,5,32,Missed Shot,Driving Floating Jump Shot,2PT Field Goal,In The Paint (Non-RA),Center(C),Less Than 8 ft.,4,4,41,1,0,20240212,DAL,WAS
Shot Chart Detail,0022300768,635,1628398,Kyle Kuzma,1610612764,Washington Wizards,4,7,37,Missed Shot,Step Back Jump shot,3PT Field Goal,Above the Break 3,Right Side Center(RC),24+ ft.,25,88,240,1,0,20240212,DAL,WAS
Shot Chart Detail,0022300768,638,1628398,Kyle Kuzma,1610612764,Washington Wizards,4,7,6,Missed Shot,Floating Jump shot,2PT Field Goal,In The Paint (Non-RA),Center(C),Less Than 8 ft.,5,20,48,1,0,20240212,DAL,WAS
Shot Chart Detail,0022300768,652,1628398,Kyle Kuzma,1610612764,Washington Wizards,4,6,5,Missed Shot,Jump Shot,3PT Field Goal,Above the Break 3,Center(C),24+ ft.,26,64,253,1,0,20240212,DAL,WAS
Shot Chart Detail,0022300768,661,1628398,Kyle Kuzma,1610612764,Washington Wizards,4,5,4,Made Shot,Driving Layup Shot,2PT Field Goal,Restricted Area,Center(C),Less Than 8 ft.,1,6,11,1,1,20240212,DAL,WAS
Shot Chart Detail,0022300768,714,1628398,Kyle Kuzma,1610612764,Washington Wizards,4,2,0,Made Shot,Cutting Layup Shot,2PT Field Goal,Restricted Area,Center(C),Less Than 8 ft.,2,21,12,1,1,20240212,DAL,WAS
Shot Chart Detail,0022300800,17,1628398,Kyle Kuzma,1610612764,Washington Wizards,1,10,34,Missed Shot,Driving Floating Jump Shot,2PT Field Goal,Mid-Range,Right Side(R),8-16 ft.,13,108,85,1,0,20240222,DEN,WAS
Shot Chart Detail,0022300800,29,1628398,Kyle Kuzma,1610612764,Washington Wizards,1,9,11,Missed Shot,Driving Floating Bank Jump Shot,2PT Field Goal,In The Paint (Non-RA),Right Side(R),8-16 ft.,8,54,71,1,0,20240222,DEN,WAS
Shot Chart Detail,0022300800,38,1628398,Kyle Kuzma,1610612764,Washington Wizards,1,8,29,Missed Shot,Jump Shot,3PT Field Goal,Above the Break 3,Left Side Center(LC),24+ ft.,25,-112,234,1,0,20240222,DEN,WAS
Shot Chart Detail,0022300800,47,1628398,Kyle Kuzma,1610612764,Washington Wizards,1,7,34,Made Shot,Jump Shot,3PT Field Goal,Above the Break 3,Center(C),24+ ft.,25,44,251,1,1,20240222,DEN,WAS
Shot Chart Detail,0022300800,51,1628398,Kyle Kuzma,1610612764,Washington Wizards,1,7,6,Made Shot,Driving Layup Shot,2PT Field Goal,Restricted Area,Center(C),Less Than 8 ft.,3,32,19,1,1,20240222,DEN,WAS
Shot Chart Detail,0022300800,68,1628398,Kyle Kuzma,1610612764,Washington Wizards,1,5,56,Missed Shot,Jump Shot,3PT Field Goal,Above the Break 3,Center(C),24+ ft.,29,-1,292,1,0,20240222,DEN,WAS
Shot Chart Detail,0022300800,208,1628398,Kyle Kuzma,1610612764,Washington Wizards,2,9,59,Missed Shot,Tip Layup Shot,2PT Field Goal,Restricted Area,Center(C),Less Than 8 ft.,0,0,0,1,0,20240222,DEN,WAS
Shot Chart Detail,0022300800,210,1628398,Kyle Kuzma,1610612764,Washington Wizards,2,9,58,Missed Shot,Putback Layup Shot,2PT Field Goal,Restricted Area,Center(C),Less Than 8 ft.,0,0,0,1,0,20240222,DEN,WAS
Shot Chart Detail,0022300800,216,1628398,Kyle Kuzma,1610612764,Washington Wizards,2,9,30,Missed Shot,Driving Floating Jump Shot,2PT Field Goal,In The Paint (Non-RA),Center(C),Less Than 8 ft.,7,45,63,1,0,20240222,DEN,WAS
Shot Chart Detail,0022300800,356,1628398,Kyle Kuzma,1610612764,Washington Wizards,2,9,27,Made Shot,Putback Layup Shot,2PT Field Goal,Restricted Area,Center(C),Less Than 8 ft.,2,27,12,1,1,20240222,DEN,WAS
Shot Chart Detail,0022300800,230,1628398,Kyle Kuzma,1610612764,Washington Wizards,2,8,5,Made Shot,Jump Shot,3PT Field Goal,Above the Break 3,Center(C),24+ ft.,28,36,278,1,1,20240222,DEN,WAS
Shot Chart Detail,0022300800,235,1628398,Kyle Kuzma,1610612764,Washington Wizards,2,7,44,Made Shot,Cutting Layup Shot,2PT Field Goal,Restricted Area,Center(C),Less Than 8 ft.,3,17,32,1,1,20240222,DEN,WAS
Shot Chart Detail,0022300800,338,1628398,Kyle Kuzma,1610612764,Washington Wizards,2,1,9,Missed Shot,Driving Floating Jump Shot,2PT Field Goal,In The Paint (Non-RA),Center(C),Less Than 8 ft.,6,-59,16,1,0,20240222,DEN,WAS
Shot Chart Detail,0022300800,349,1628398,Kyle Kuzma,1610612764,Washington Wizards,2,0,24,Made Shot,Jump Shot,3PT Field Goal,Above the Break 3,Right Side Center(RC),24+ ft.,27,241,122,1,1,20240222,DEN,WAS
Shot Chart Detail,0022300800,363,1628398,Kyle Kuzma,1610612764,Washington Wizards,3,11,35,Missed Shot,Turnaround Fadeaway shot,2PT Field Goal,Mid-Range,Right Side Center(RC),16-24 ft.,20,70,191,1,0,20240222,DEN,WAS
Shot Chart Detail,0022300800,373,1628398,Kyle Kuzma,1610612764,Washington Wizards,3,10,37,Made Shot,Running Layup Shot,2PT Field Goal,Restricted Area,Center(C),Less Than 8 ft.,1,15,-3,1,1,20240222,DEN,WAS
Shot Chart Detail,0022300800,383,1628398,Kyle Kuzma,1610612764,Washington Wizards,3,10,16,Missed Shot,Driving Floating Jump Shot,2PT Field Goal,Mid-Range,Center(C),16-24 ft.,17,11,174,1,0,20240222,DEN,WAS
Shot Chart Detail,0022300800,394,1628398,Kyle Kuzma,1610612764,Washington Wizards,3,9,51,Missed Shot,Pullup Jump shot,2PT Field Goal,In The Paint (Non-RA),Center(C),8-16 ft.,11,13,117,1,0,20240222,DEN,WAS
Shot Chart Detail,0022300800,405,1628398,Kyle Kuzma,1610612764,Washington Wizards,3,9,9,Missed Shot,Driving Floating Jump Shot,2PT Field Goal,In The Paint (Non-RA),Center(C),8-16 ft.,8,38,76,1,0,20240222,DEN,WAS
Shot Chart Detail,0022300800,407,1628398,Kyle Kuzma,1610612764,Washington Wizards,3,8,58,Made Shot,Jump Shot,3PT Field Goal,Above the Break 3,Center(C),24+ ft.,26,-23,269,1,1,20240222,DEN,WAS
Shot Chart Detail,0022300800,410,1628398,Kyle Kuzma,1610612764,Washington Wizards,3,8,21,Made Shot,Turnaround Jump Shot,2PT Field Goal,In The Paint (Non-RA),Center(C),8-16 ft.,11,12,117,1,1,20240222,DEN,WAS
Shot Chart Detail,0022300800,419,1628398,Kyle Kuzma,1610612764,Washington Wizards,3,7,38,Made Shot,Jump Shot,3PT Field Goal,Above the Break 3,Right Side Center(RC),24+ ft.,24,221,109,1,1,20240222,DEN,WAS
Shot Chart Detail,0022300800,601,1628398,Kyle Kuzma,1610612764,Washington Wizards,4,8,44,Made Shot,Jump Shot,3PT Field Goal,Left Corner 3,Left Side(L),24+ ft.,23,-235,2,1,1,20240222,DEN,WAS
Shot Chart Detail,0022300800,623,1628398,Kyle Kuzma,1610612764,Washington Wizards,4,7,32,Made Shot,Running Dunk Shot,2PT Field Goal,Restricted Area,Center(C),Less Than 8 ft.,2,-15,20,1,1,20240222,DEN,WAS
Shot Chart Detail,0022300800,629,1628398,Kyle Kuzma,1610612764,Washington Wizards,4,6,53,Missed Shot,Running Finger Roll Layup Shot,2PT Field Goal,In The Paint (Non-RA),Center(C),Less Than 8 ft.,4,-5,41,1,0,20240222,DEN,WAS
Shot Chart Detail,0022300809,8,1628398,Kyle Kuzma,1610612764,Washington Wizards,1,11,29,Made Shot,Driving Floating Jump Shot,2PT Field Goal,In The Paint (Non-RA),Right Side(R),8-16 ft.,11,66,90,1,1,20240223,OKC,WAS
Shot Chart Detail,0022300809,12,1628398,Kyle Kuzma,1610612764,Washington Wizards,1,11,2,Missed Shot,Driving Hook Shot,2PT Field Goal,In The Paint (Non-RA),Center(C),Less Than 8 ft.,5,50,17,1,0,20240223,OKC,WAS
Shot Chart Detail,0022300809,40,1628398,Kyle Kuzma,1610612764,Washington Wizards,1,8,46,Made Shot,Cutting Dunk Shot,2PT Field Goal,Restricted Area,Center(C),Less Than 8 ft.,2,2,22,1,1,20240223,OKC,WAS
Shot Chart Detail,0022300809,43,1628398,Kyle Kuzma,1610612764,Washington Wizards,1,8,20,Made Shot,Driving Floating Jump Shot,2PT Field Goal,Restricted Area,Center(C),Less Than 8 ft.,1,6,16,1,1,20240223,OKC,WAS
Shot Chart Detail,0022300809,54,1628398,Kyle Kuzma,1610612764,Washington Wizards,1,7,1,Missed Shot,Jump Shot,3PT Field Goal,Above the Break 3,Center(C),24+ ft.,30,21,306,1,0,20240223,OKC,WAS
Shot Chart Detail,0022300809,109,1628398,Kyle Kuzma,1610612764,Washington Wizards,1,3,41,Made Shot,Pullup Jump shot,2PT Field Goal,Mid-Range,Right Side(R),8-16 ft.,10,99,42,1,1,20240223,OKC,WAS
Shot Chart Detail,0022300809,318,1628398,Kyle Kuzma,1610612764,Washington Wizards,2,2,52,Made Shot,Running Layup Shot,2PT Field Goal,Restricted Area,Center(C),Less Than 8 ft.,1,-16,4,1,1,20240223,OKC,WAS
Shot Chart Detail,0022300809,340,1628398,Kyle Kuzma,1610612764,Washington Wizards,2,0,56,Missed Shot,Pullup Jump shot,3PT Field Goal,Above the Break 3,Center(C),24+ ft.,25,-27,252,1,0,20240223,OKC,WAS
Shot Chart Detail,0022300809,344,1628398,Kyle Kuzma,1610612764,Washington Wizards,2,0,33,Missed Shot,Driving Layup Shot,2PT Field Goal,In The Paint (Non-RA),Center(C),Less Than 8 ft.,5,49,25,1,0,20240223,OKC,WAS
Shot Chart Detail,0022300809,363,1628398,Kyle Kuzma,1610612764,Washington Wizards,3,11,15,Made Shot,Running Pull-Up Jump Shot,2PT Field Goal,Mid-Range,Left Side Center(LC),16-24 ft.,21,-143,163,1,1,20240223,OKC,WAS
Shot Chart Detail,0022300809,385,1628398,Kyle Kuzma,1610612764,Washington Wizards,3,9,29,Missed Shot,Driving Bank Hook Shot,2PT Field Goal,In The Paint (Non-RA),Center(C),Less Than 8 ft.,7,69,40,1,0,20240223,OKC,WAS
Shot Chart Detail,0022300809,483,1628398,Kyle Kuzma,1610612764,Washington Wizards,3,6,32,Missed Shot,Driving Layup Shot,2PT Field Goal,Restricted Area,Center(C),Less Than 8 ft.,3,35,10,1,0,20240223,OKC,WAS
Shot Chart Detail,0022300809,447,1628398,Kyle Kuzma,1610612764,Washington Wizards,3,4,22,Missed Shot,Tip Layup Shot,2PT Field Goal,Restricted Area,Center(C),Less Than 8 ft.,0,0,0,1,0,20240223,OKC,WAS
Shot Chart Detail,0022300809,456,1628398,Kyle Kuzma,1610612764,Washington Wizards,3,4,2,Made Shot,Running Reverse Layup Shot,2PT Field Goal,Restricted Area,Center(C),Less Than 8 ft.,1,-11,1,1,1,20240223,OKC,WAS
Shot Chart Detail,0022300820,37,1628398,Kyle Kuzma,1610612764,Washington Wizards,1,9,11,Made Shot,Driving Layup Shot,2PT Field Goal,Restricted Area,Center(C),Less Than 8 ft.,2,25,6,1,1,20240225,WAS,CLE
Shot Chart Detail,0022300820,50,1628398,Kyle Kuzma,1610612764,Washington Wizards,1,8,7,Made Shot,Running Layup Shot,2PT Field Goal,Restricted Area,Center(C),Less Than 8 ft.,2,-25,6,1,1,20240225,WAS,CLE
Shot Chart Detail,0022300820,52,1628398,Kyle Kuzma,1610612764,Washington Wizards,1,7,38,Made Shot,Driving Layup Shot,2PT Field Goal,Restricted Area,Center(C),Less Than 8 ft.,0,-2,6,1,1,20240225,WAS,CLE
Shot Chart Detail,0022300820,61,1628398,Kyle Kuzma,1610612764,Washington Wizards,1,6,49,Made Shot,Driving Finger Roll Layup Shot,2PT Field Goal,Restricted Area,Center(C),Less Than 8 ft.,2,16,15,1,1,20240225,WAS,CLE
Shot Chart Detail,0022300820,65,1628398,Kyle Kuzma,1610612764,Washington Wizards,1,6,23,Made Shot,Step Back Jump shot,3PT Field Goal,Above the Break 3,Right Side Center(RC),24+ ft.,26,140,225,1,1,20240225,WAS,CLE
Shot Chart Detail,0022300820,84,1628398,Kyle Kuzma,1610612764,Washington Wizards,1,4,58,Missed Shot,Running Jump Shot,3PT Field Goal,Left Corner 3,Left Side(L),24+ ft.,23,-238,-17,1,0,20240225,WAS,CLE
Shot Chart Detail,0022300820,102,1628398,Kyle Kuzma,1610612764,Washington Wizards,1,3,57,Missed Shot,Floating Jump shot,2PT Field Goal,In The Paint (Non-RA),Center(C),Less Than 8 ft.,4,44,20,1,0,20240225,WAS,CLE
Shot Chart Detail,0022300820,136,1628398,Kyle Kuzma,1610612764,Washington Wizards,1,1,9,Missed Shot,Jump Shot,3PT Field Goal,Above the Break 3,Left Side Center(LC),24+ ft.,27,-207,178,1,0,20240225,WAS,CLE
Shot Chart Detail,0022300820,149,1628398,Kyle Kuzma,1610612764,Washington Wizards,1,0,20,Made Shot,Jump Shot,3PT Field Goal,Left Corner 3,Left Side(L),24+ ft.,23,-235,-24,1,1,20240225,WAS,CLE
Shot Chart Detail,0022300820,258,1628398,Kyle Kuzma,1610612764,Washington Wizards,2,6,27,Missed Shot,Jump Shot,3PT Field Goal,Above the Break 3,Center(C),24+ ft.,27,53,268,1,0,20240225,WAS,CLE
Shot Chart Detail,0022300820,266,1628398,Kyle Kuzma,1610612764,Washington Wizards,2,5,34,Missed Shot,Driving Floating Jump Shot,2PT Field Goal,In The Paint (Non-RA),Center(C),Less Than 8 ft.,6,6,67,1,0,20240225,WAS,CLE
Shot Chart Detail,0022300820,336,1628398,Kyle Kuzma,1610612764,Washington Wizards,2,0,1,Missed Shot,Jump Shot,3PT Field Goal,Left Corner 3,Left Side(L),24+ ft.,23,-233,-14,1,0,20240225,WAS,CLE
Shot Chart Detail,0022300820,355,1628398,Kyle Kuzma,1610612764,Washington Wizards,3,11,25,Made Shot,Running Layup Shot,2PT Field Goal,Restricted Area,Center(C),Less Than 8 ft.,3,-22,27,1,1,20240225,WAS,CLE
Shot Chart Detail,0022300820,363,1628398,Kyle Kuzma,1610612764,Washington Wizards,3,10,37,Missed Shot,Jump Shot,3PT Field Goal,Above the Break 3,Center(C),24+ ft.,28,69,276,1,0,20240225,WAS,CLE
Shot Chart Detail,0022300820,374,1628398,Kyle Kuzma,1610612764,Washington Wizards,3,9,45,Missed Shot,Jump Shot,3PT Field Goal,Left Corner 3,Left Side(L),24+ ft.,24,-243,-1,1,0,20240225,WAS,CLE
Shot Chart Detail,0022300820,402,1628398,Kyle Kuzma,1610612764,Washington Wizards,3,7,18,Missed Shot,Driving Layup Shot,2PT Field Goal,In The Paint (Non-RA),Center(C),8-16 ft.,11,56,103,1,0,20240225,WAS,CLE
Shot Chart Detail,0022300820,433,1628398,Kyle Kuzma,1610612764,Washington Wizards,3,4,56,Made Shot,Driving Layup Shot,2PT Field Goal,Restricted Area,Center(C),Less Than 8 ft.,1,11,16,1,1,20240225,WAS,CLE
Shot Chart Detail,0022300820,442,1628398,Kyle Kuzma,1610612764,Washington Wizards,3,4,25,Missed Shot,Jump Shot,3PT Field Goal,Above the Break 3,Center(C),24+ ft.,27,27,278,1,0,20240225,WAS,CLE
Shot Chart Detail,0022300820,459,1628398,Kyle Kuzma,1610612764,Washington Wizards,3,3,25,Missed Shot,Driving Floating Jump Shot,2PT Field Goal,In The Paint (Non-RA),Left Side(L),8-16 ft.,8,-59,63,1,0,20240225,WAS,CLE
Shot Chart Detail,0022300820,488,1628398,Kyle Kuzma,1610612764,Washington Wizards,3,1,25,Made Shot,Driving Layup Shot,2PT Field Goal,Restricted Area,Center(C),Less Than 8 ft.,1,10,8,1,1,20240225,WAS,CLE
Shot Chart Detail,0022300820,601,1628398,Kyle Kuzma,1610612764,Washington Wizards,4,4,47,Missed Shot,Driving Floating Bank Jump Shot,2PT Field Goal,In The Paint (Non-RA),Right Side(R),8-16 ft.,8,60,58,1,0,20240225,WAS,CLE
Shot Chart Detail,0022300820,637,1628398,Kyle Kuzma,1610612764,Washington Wizards,4,2,1,Made Shot,Cutting Dunk Shot,2PT Field Goal,Restricted Area,Center(C),Less Than 8 ft.,2,-10,26,1,1,20240225,WAS,CLE
Shot Chart Detail,0022300820,655,1628398,Kyle Kuzma,1610612764,Washington Wizards,4,0,48,Missed Shot,Pullup Jump shot,3PT Field Goal,Above the Break 3,Center(C),24+ ft.,26,11,267,1,0,20240225,WAS,CLE
Shot Chart Detail,0022300820,667,1628398,Kyle Kuzma,1610612764,Washington Wizards,4,0,14,Missed Shot,Turnaround Hook Shot,2PT Field Goal,In The Paint (Non-RA),Center(C),Less Than 8 ft.,6,-61,19,1,0,20240225,WAS,CLE
Shot Chart Detail,0022300834,7,1628398,Kyle Kuzma,1610612764,Washington Wizards,1,11,41,Made Shot,Driving Floating Bank Jump Shot,2PT Field Goal,In The Paint (Non-RA),Right Side(R),8-16 ft.,10,77,68,1,1,20240227,WAS,GSW
Shot Chart Detail,0022300834,28,1628398,Kyle Kuzma,1610612764,Washington Wizards,1,9,26,Made Shot,Turnaround Fadeaway shot,2PT Field Goal,Mid-Range,Right Side(R),8-16 ft.,14,89,120,1,1,20240227,WAS,GSW
Shot Chart Detail,0022300834,36,1628398,Kyle Kuzma,1610612764,Washington Wizards,1,8,24,Missed Shot,Turnaround Fadeaway shot,2PT Field Goal,Mid-Range,Center(C),16-24 ft.,16,-50,156,1,0,20240227,WAS,GSW
Shot Chart Detail,0022300834,47,1628398,Kyle Kuzma,1610612764,Washington Wizards,1,6,54,Made Shot,Turnaround Fadeaway shot,2PT Field Goal,Mid-Range,Center(C),16-24 ft.,21,42,209,1,1,20240227,WAS,GSW
Shot Chart Detail,0022300834,67,1628398,Kyle Kuzma,1610612764,Washington Wizards,1,5,17,Made Shot,Driving Floating Jump Shot,2PT Field Goal,In The Paint (Non-RA),Center(C),Less Than 8 ft.,5,42,36,1,1,20240227,WAS,GSW
Shot Chart Detail,0022300834,76,1628398,Kyle Kuzma,1610612764,Washington Wizards,1,4,42,Missed Shot,Running Pull-Up Jump Shot,3PT Field Goal,Above the Break 3,Right Side Center(RC),24+ ft.,26,156,211,1,0,20240227,WAS,GSW
Shot Chart Detail,0022300834,209,1628398,Kyle Kuzma,1610612764,Washington Wizards,2,7,56,Missed Shot,Floating Jump shot,2PT Field Goal,Mid-Range,Right Side Center(RC),16-24 ft.,17,64,162,1,0,20240227,WAS,GSW
Shot Chart Detail,0022300834,221,1628398,Kyle Kuzma,1610612764,Washington Wizards,2,6,28,Made Shot,Turnaround Hook Shot,2PT Field Goal,In The Paint (Non-RA),Center(C),Less Than 8 ft.,6,40,47,1,1,20240227,WAS,GSW
Shot Chart Detail,0022300834,274,1628398,Kyle Kuzma,1610612764,Washington Wizards,2,2,50,Made Shot,Running Jump Shot,3PT Field Goal,Right Corner 3,Right Side(R),24+ ft.,23,224,80,1,1,20240227,WAS,GSW
Shot Chart Detail,0022300834,309,1628398,Kyle Kuzma,1610612764,Washington Wizards,2,0,7,Made Shot,Turnaround Fadeaway shot,2PT Field Goal,Mid-Range,Left Side(L),8-16 ft.,15,-86,131,1,1,20240227,WAS,GSW
Shot Chart Detail,0022300834,333,1628398,Kyle Kuzma,1610612764,Washington Wizards,3,10,47,Missed Shot,Driving Floating Jump Shot,2PT Field Goal,In The Paint (Non-RA),Center(C),Less Than 8 ft.,7,-2,73,1,0,20240227,WAS,GSW
Shot Chart Detail,0022300834,353,1628398,Kyle Kuzma,1610612764,Washington Wizards,3,9,13,Missed Shot,Driving Layup Shot,2PT Field Goal,Mid-Range,Right Side(R),8-16 ft.,9,89,21,1,0,20240227,WAS,GSW
Shot Chart Detail,0022300834,398,1628398,Kyle Kuzma,1610612764,Washington Wizards,3,6,36,Missed Shot,Fadeaway Jump Shot,2PT Field Goal,Mid-Range,Left Side(L),8-16 ft.,12,-87,84,1,0,20240227,WAS,GSW
Shot Chart Detail,0022300834,411,1628398,Kyle Kuzma,1610612764,Washington Wizards,3,6,4,Made Shot,Running Alley Oop Dunk Shot,2PT Field Goal,Restricted Area,Center(C),Less Than 8 ft.,1,-17,2,1,1,20240227,WAS,GSW
Shot Chart Detail,0022300834,461,1628398,Kyle Kuzma,1610612764,Washington Wizards,3,2,48,Missed Shot,Driving Layup Shot,2PT Field Goal,Restricted Area,Center(C),Less Than 8 ft.,2,-11,17,1,0,20240227,WAS,GSW
Shot Chart Detail,0022300834,477,1628398,Kyle Kuzma,1610612764,Washington Wizards,3,1,44,Missed Shot,Pullup Jump shot,3PT Field Goal,Above the Break 3,Right Side Center(RC),24+ ft.,27,92,254,1,0,20240227,WAS,GSW
Shot Chart Detail,0022300834,482,1628398,Kyle Kuzma,1610612764,Washington Wizards,3,1,27,Made Shot,Running Layup Shot,2PT Field Goal,Restricted Area,Center(C),Less Than 8 ft.,3,39,-1,1,1,20240227,WAS,GSW
Shot Chart Detail,0022300834,594,1628398,Kyle Kuzma,1610612764,Washington Wizards,4,5,52,Missed Shot,Jump Shot,3PT Field Goal,Right Corner 3,Right Side(R),24+ ft.,23,234,-10,1,0,20240227,WAS,GSW
Shot Chart Detail,0022300834,625,1628398,Kyle Kuzma,1610612764,Washington Wizards,4,4,7,Made Shot,Driving Hook Shot,2PT Field Goal,In The Paint (Non-RA),Center(C),Less Than 8 ft.,4,-25,37,1,1,20240227,WAS,GSW
Shot Chart Detail,0022300834,646,1628398,Kyle Kuzma,1610612764,Washington Wizards,4,2,10,Made Shot,Driving Layup Shot,2PT Field Goal,Restricted Area,Center(C),Less Than 8 ft.,2,20,17,1,1,20240227,WAS,GSW
Shot Chart Detail,0022300834,676,1628398,Kyle Kuzma,1610612764,Washington Wizards,4,0,22,Made Shot,Driving Reverse Layup Shot,2PT Field Goal,Restricted Area,Center(C),Less Than 8 ft.,3,32,4,1,1,20240227,WAS,GSW
Shot Chart Detail,0022300856,27,1628398,Kyle Kuzma,1610612764,Washington Wizards,1,9,34,Missed Shot,Driving Layup Shot,2PT Field Goal,In The Paint (Non-RA),Center(C),Less Than 8 ft.,4,37,25,1,0,20240229,LAL,WAS
Shot Chart Detail,0022300856,85,1628398,Kyle Kuzma,1610612764,Washington Wizards,1,5,5,Missed Shot,Pullup Jump shot,2PT Field Goal,In The Paint (Non-RA),Right Side(R),8-16 ft.,9,48,79,1,0,20240229,LAL,WAS
Shot Chart Detail,0022300856,267,1628398,Kyle Kuzma,1610612764,Washington Wizards,2,4,35,Made Shot,Jump Shot,3PT Field Goal,Above the Break 3,Center(C),24+ ft.,27,38,272,1,1,20240229,LAL,WAS
Shot Chart Detail,0022300856,300,1628398,Kyle Kuzma,1610612764,Washington Wizards,2,2,38,Made Shot,Jump Shot,3PT Field Goal,Above the Break 3,Right Side Center(RC),24+ ft.,27,113,249,1,1,20240229,LAL,WAS
Shot Chart Detail,0022300856,304,1628398,Kyle Kuzma,1610612764,Washington Wizards,2,2,14,Missed Shot,Running Jump Shot,3PT Field Goal,Above the Break 3,Center(C),24+ ft.,25,-62,251,1,0,20240229,LAL,WAS
Shot Chart Detail,0022300856,308,1628398,Kyle Kuzma,1610612764,Washington Wizards,2,1,52,Made Shot,Cutting Finger Roll Layup Shot,2PT Field Goal,Restricted Area,Center(C),Less Than 8 ft.,2,12,17,1,1,20240229,LAL,WAS
Shot Chart Detail,0022300856,327,1628398,Kyle Kuzma,1610612764,Washington Wizards,2,0,12,Made Shot,Driving Dunk Shot,2PT Field Goal,Restricted Area,Center(C),Less Than 8 ft.,0,-1,-1,1,1,20240229,LAL,WAS
Shot Chart Detail,0022300856,342,1628398,Kyle Kuzma,1610612764,Washington Wizards,3,11,35,Missed Shot,Driving Floating Jump Shot,2PT Field Goal,In The Paint (Non-RA),Center(C),8-16 ft.,9,-4,93,1,0,20240229,LAL,WAS
Shot Chart Detail,0022300856,366,1628398,Kyle Kuzma,1610612764,Washington Wizards,3,9,24,Missed Shot,Driving Layup Shot,2PT Field Goal,In The Paint (Non-RA),Center(C),Less Than 8 ft.,5,18,55,1,0,20240229,LAL,WAS
Shot Chart Detail,0022300856,397,1628398,Kyle Kuzma,1610612764,Washington Wizards,3,6,29,Missed Shot,Running Jump Shot,2PT Field Goal,Mid-Range,Left Side Center(LC),16-24 ft.,22,-148,169,1,0,20240229,LAL,WAS
Shot Chart Detail,0022300856,616,1628398,Kyle Kuzma,1610612764,Washington Wizards,4,3,9,Made Shot,Jump Shot,3PT Field Goal,Right Corner 3,Right Side(R),24+ ft.,23,228,50,1,1,20240229,LAL,WAS
Shot Chart Detail,0022300856,620,1628398,Kyle Kuzma,1610612764,Washington Wizards,4,2,32,Made Shot,Driving Bank Hook Shot,2PT Field Goal,In The Paint (Non-RA),Center(C),Less Than 8 ft.,6,48,42,1,1,20240229,LAL,WAS
Shot Chart Detail,0022300856,622,1628398,Kyle Kuzma,1610612764,Washington Wizards,4,1,54,Missed Shot,Jump Shot,3PT Field Goal,Above the Break 3,Left Side Center(LC),24+ ft.,25,-131,218,1,0,20240229,LAL,WAS
Shot Chart Detail,0022300856,661,1628398,Kyle Kuzma,1610612764,Washington Wizards,5,4,17,Made Shot,Jump Shot,3PT Field Goal,Above the Break 3,Center(C),24+ ft.,26,-53,262,1,1,20240229,LAL,WAS
Shot Chart Detail,0022300856,674,1628398,Kyle Kuzma,1610612764,Washington Wizards,5,3,23,Missed Shot,Pullup Jump shot,3PT Field Goal,Above the Break 3,Center(C),24+ ft.,28,-82,271,1,0,20240229,LAL,WAS
Shot Chart Detail,0022300856,709,1628398,Kyle Kuzma,1610612764,Washington Wizards,5,0,7,Missed Shot,Pullup Jump shot,3PT Field Goal,Above the Break 3,Center(C),24+ ft.,32,-72,316,1,0,20240229,LAL,WAS
Shot Chart Detail,0022300865,10,1628398,Kyle Kuzma,1610612764,Washington Wizards,1,11,23,Made Shot,Jump Shot,3PT Field Goal,Left Corner 3,Left Side(L),24+ ft.,23,-232,41,1,1,20240301,LAC,WAS
Shot Chart Detail,0022300865,13,1628398,Kyle Kuzma,1610612764,Washington Wizards,1,10,48,Made Shot,Driving Layup Shot,2PT Field Goal,Restricted Area,Center(C),Less Than 8 ft.,1,-2,17,1,1,20240301,LAC,WAS
Shot Chart Detail,0022300865,25,1628398,Kyle Kuzma,1610612764,Washington Wizards,1,9,47,Made Shot,Running Jump Shot,3PT Field Goal,Above the Break 3,Left Side Center(LC),24+ ft.,24,-180,169,1,1,20240301,LAC,WAS
Shot Chart Detail,0022300865,37,1628398,Kyle Kuzma,1610612764,Washington Wizards,1,8,48,Missed Shot,Fadeaway Jump Shot,3PT Field Goal,Above the Break 3,Right Side Center(RC),24+ ft.,26,186,188,1,0,20240301,LAC,WAS
Shot Chart Detail,0022300865,77,1628398,Kyle Kuzma,1610612764,Washington Wizards,1,5,0,Made Shot,Jump Shot,3PT Field Goal,Above the Break 3,Left Side Center(LC),24+ ft.,27,-186,197,1,1,20240301,LAC,WAS
Shot Chart Detail,0022300865,211,1628398,Kyle Kuzma,1610612764,Washington Wizards,2,7,32,Missed Shot,Pullup Jump shot,2PT Field Goal,Mid-Range,Left Side Center(LC),16-24 ft.,22,-179,144,1,0,20240301,LAC,WAS
Shot Chart Detail,0022300865,228,1628398,Kyle Kuzma,1610612764,Washington Wizards,2,6,42,Made Shot,Driving Layup Shot,2PT Field Goal,Restricted Area,Center(C),Less Than 8 ft.,2,0,20,1,1,20240301,LAC,WAS
Shot Chart Detail,0022300865,240,1628398,Kyle Kuzma,1610612764,Washington Wizards,2,5,41,Made Shot,Driving Layup Shot,2PT Field Goal,Restricted Area,Center(C),Less Than 8 ft.,2,-2,28,1,1,20240301,LAC,WAS
Shot Chart Detail,0022300865,251,1628398,Kyle Kuzma,1610612764,Washington Wizards,2,5,19,Made Shot,Driving Dunk Shot,2PT Field Goal,Restricted Area,Center(C),Less Than 8 ft.,3,1,31,1,1,20240301,LAC,WAS
Shot Chart Detail,0022300865,265,1628398,Kyle Kuzma,1610612764,Washington Wizards,2,4,23,Missed Shot,Driving Layup Shot,2PT Field Goal,In The Paint (Non-RA),Center(C),Less Than 8 ft.,6,-2,62,1,0,20240301,LAC,WAS
Shot Chart Detail,0022300865,290,1628398,Kyle Kuzma,1610612764,Washington Wizards,2,2,8,Made Shot,Fadeaway Jump Shot,2PT Field Goal,In The Paint (Non-RA),Right Side(R),8-16 ft.,13,80,109,1,1,20240301,LAC,WAS
Shot Chart Detail,0022300865,293,1628398,Kyle Kuzma,1610612764,Washington Wizards,2,1,34,Made Shot,Jump Shot,3PT Field Goal,Above the Break 3,Right Side Center(RC),24+ ft.,26,214,149,1,1,20240301,LAC,WAS
Shot Chart Detail,0022300865,301,1628398,Kyle Kuzma,1610612764,Washington Wizards,2,1,10,Made Shot,Jump Shot,3PT Field Goal,Above the Break 3,Left Side Center(LC),24+ ft.,27,-161,220,1,1,20240301,LAC,WAS
Shot Chart Detail,0022300865,305,1628398,Kyle Kuzma,1610612764,Washington Wizards,2,0,37,Missed Shot,Jump Shot,3PT Field Goal,Above the Break 3,Left Side Center(LC),24+ ft.,27,-162,216,1,0,20240301,LAC,WAS
Shot Chart Detail,0022300865,381,1628398,Kyle Kuzma,1610612764,Washington Wizards,3,7,26,Made Shot,Driving Layup Shot,2PT Field Goal,Restricted Area,Center(C),Less Than 8 ft.,2,2,29,1,1,20240301,LAC,WAS
Shot Chart Detail,0022300865,402,1628398,Kyle Kuzma,1610612764,Washington Wizards,3,5,14,Made Shot,Turnaround Fadeaway shot,2PT Field Goal,Mid-Range,Right Side(R),8-16 ft.,14,137,37,1,1,20240301,LAC,WAS
Shot Chart Detail,0022300865,534,1628398,Kyle Kuzma,1610612764,Washington Wizards,4,9,6,Made Shot,Running Layup Shot,2PT Field Goal,In The Paint (Non-RA),Center(C),Less Than 8 ft.,4,9,42,1,1,20240301,LAC,WAS
Shot Chart Detail,0022300865,536,1628398,Kyle Kuzma,1610612764,Washington Wizards,4,8,29,Missed Shot,Driving Bank Hook Shot,2PT Field Goal,Restricted Area,Center(C),Less Than 8 ft.,2,22,11,1,0,20240301,LAC,WAS
Shot Chart Detail,0022300865,562,1628398,Kyle Kuzma,1610612764,Washington Wizards,4,6,41,Missed Shot,Running Pull-Up Jump Shot,2PT Field Goal,In The Paint (Non-RA),Left Side(L),8-16 ft.,8,-51,68,1,0,20240301,LAC,WAS
Shot Chart Detail,0022300882,7,1628398,Kyle Kuzma,1610612764,Washington Wizards,1,11,43,Made Shot,Driving Layup Shot,2PT Field Goal,Restricted Area,Center(C),Less Than 8 ft.,3,33,20,1,1,20240304,UTA,WAS
Shot Chart Detail,0022300882,15,1628398,Kyle Kuzma,1610612764,Washington Wizards,1,10,34,Missed Shot,Jump Shot,3PT Field Goal,Above the Break 3,Left Side Center(LC),24+ ft.,24,-163,188,1,0,20240304,UTA,WAS
Shot Chart Detail,0022300882,26,1628398,Kyle Kuzma,1610612764,Washington Wizards,1,9,46,Missed Shot,Driving Reverse Layup Shot,2PT Field Goal,Restricted Area,Center(C),Less Than 8 ft.,2,4,24,1,0,20240304,UTA,WAS
Shot Chart Detail,0022300882,44,1628398,Kyle Kuzma,1610612764,Washington Wizards,1,8,32,Made Shot,Jump Shot,3PT Field Goal,Right Corner 3,Right Side(R),24+ ft.,23,235,25,1,1,20240304,UTA,WAS
Shot Chart Detail,0022300882,240,1628398,Kyle Kuzma,1610612764,Washington Wizards,2,7,23,Missed Shot,Driving Floating Jump Shot,2PT Field Goal,In The Paint (Non-RA),Right Side(R),8-16 ft.,10,55,95,1,0,20240304,UTA,WAS
Shot Chart Detail,0022300882,247,1628398,Kyle Kuzma,1610612764,Washington Wizards,2,6,28,Missed Shot,Driving Layup Shot,2PT Field Goal,In The Paint (Non-RA),Center(C),Less Than 8 ft.,5,-56,19,1,0,20240304,UTA,WAS
Shot Chart Detail,0022300882,296,1628398,Kyle Kuzma,1610612764,Washington Wizards,2,3,4,Made Shot,Running Dunk Shot,2PT Field Goal,Restricted Area,Center(C),Less Than 8 ft.,3,-16,27,1,1,20240304,UTA,WAS
Shot Chart Detail,0022300882,321,1628398,Kyle Kuzma,1610612764,Washington Wizards,2,0,59,Made Shot,Driving Layup Shot,2PT Field Goal,Restricted Area,Center(C),Less Than 8 ft.,3,32,16,1,1,20240304,UTA,WAS
Shot Chart Detail,0022300882,332,1628398,Kyle Kuzma,1610612764,Washington Wizards,2,0,2,Missed Shot,Jump Shot,3PT Field Goal,Above the Break 3,Right Side Center(RC),24+ ft.,25,125,225,1,0,20240304,UTA,WAS
Shot Chart Detail,0022300882,348,1628398,Kyle Kuzma,1610612764,Washington Wizards,3,11,27,Missed Shot,Floating Jump shot,2PT Field Goal,In The Paint (Non-RA),Left Side(L),8-16 ft.,14,-75,120,1,0,20240304,UTA,WAS
Shot Chart Detail,0022300882,423,1628398,Kyle Kuzma,1610612764,Washington Wizards,3,5,51,Made Shot,Pullup Jump shot,3PT Field Goal,Above the Break 3,Center(C),24+ ft.,27,61,267,1,1,20240304,UTA,WAS
Shot Chart Detail,0022300882,502,1628398,Kyle Kuzma,1610612764,Washington Wizards,4,11,40,Made Shot,Driving Finger Roll Layup Shot,2PT Field Goal,In The Paint (Non-RA),Center(C),Less Than 8 ft.,7,-22,69,1,1,20240304,UTA,WAS
Shot Chart Detail,0022300882,516,1628398,Kyle Kuzma,1610612764,Washington Wizards,4,9,50,Missed Shot,Pullup Jump shot,2PT Field Goal,In The Paint (Non-RA),Center(C),8-16 ft.,14,56,134,1,0,20240304,UTA,WAS
Shot Chart Detail,0022300882,542,1628398,Kyle Kuzma,1610612764,Washington Wizards,4,8,4,Missed Shot,Driving Floating Bank Jump Shot,2PT Field Goal,In The Paint (Non-RA),Left Side(L),8-16 ft.,9,-70,68,1,0,20240304,UTA,WAS
Shot Chart Detail,0022300882,585,1628398,Kyle Kuzma,1610612764,Washington Wizards,4,5,21,Made Shot,Turnaround Fadeaway shot,2PT Field Goal,In The Paint (Non-RA),Center(C),8-16 ft.,10,-50,94,1,1,20240304,UTA,WAS
Shot Chart Detail,0022300882,587,1628398,Kyle Kuzma,1610612764,Washington Wizards,4,4,42,Missed Shot,Turnaround Fadeaway shot,2PT Field Goal,Mid-Range,Right Side(R),8-16 ft.,9,91,41,1,0,20240304,UTA,WAS
Shot Chart Detail,0022300882,591,1628398,Kyle Kuzma,1610612764,Washington Wizards,4,4,15,Missed Shot,Running Jump Shot,3PT Field Goal,Right Corner 3,Right Side(R),24+ ft.,23,228,39,1,0,20240304,UTA,WAS
Shot Chart Detail,0022300882,643,1628398,Kyle Kuzma,1610612764,Washington Wizards,4,0,37,Missed Shot,Jump Shot,3PT Field Goal,Left Corner 3,Left Side(L),24+ ft.,23,-230,16,1,0,20240304,UTA,WAS
Shot Chart Detail,0022300894,11,1628398,Kyle Kuzma,1610612764,Washington Wizards,1,11,3,Made Shot,Jump Shot,3PT Field Goal,Right Corner 3,Right Side(R),24+ ft.,23,229,54,1,1,20240306,WAS,ORL
Shot Chart Detail,0022300894,22,1628398,Kyle Kuzma,1610612764,Washington Wizards,1,9,39,Made Shot,Step Back Jump shot,3PT Field Goal,Above the Break 3,Center(C),24+ ft.,25,6,259,1,1,20240306,WAS,ORL
Shot Chart Detail,0022300894,47,1628398,Kyle Kuzma,1610612764,Washington Wizards,1,7,10,Missed Shot,Driving Hook Shot,2PT Field Goal,Restricted Area,Center(C),Less Than 8 ft.,3,22,29,1,0,20240306,WAS,ORL
Shot Chart Detail,0022300894,70,1628398,Kyle Kuzma,1610612764,Washington Wizards,1,5,7,Made Shot,Finger Roll Layup Shot,2PT Field Goal,Restricted Area,Center(C),Less Than 8 ft.,2,25,6,1,1,20240306,WAS,ORL
Shot Chart Detail,0022300894,81,1628398,Kyle Kuzma,1610612764,Washington Wizards,1,4,21,Made Shot,Running Layup Shot,2PT Field Goal,Restricted Area,Center(C),Less Than 8 ft.,1,17,-5,1,1,20240306,WAS,ORL
Shot Chart Detail,0022300894,215,1628398,Kyle Kuzma,1610612764,Washington Wizards,2,6,18,Made Shot,Driving Floating Jump Shot,2PT Field Goal,In The Paint (Non-RA),Right Side(R),8-16 ft.,8,62,59,1,1,20240306,WAS,ORL
Shot Chart Detail,0022300894,223,1628398,Kyle Kuzma,1610612764,Washington Wizards,2,5,49,Missed Shot,Pullup Jump shot,3PT Field Goal,Above the Break 3,Left Side Center(LC),24+ ft.,27,-169,214,1,0,20240306,WAS,ORL
Shot Chart Detail,0022300894,233,1628398,Kyle Kuzma,1610612764,Washington Wizards,2,4,36,Made Shot,Jump Shot,3PT Field Goal,Above the Break 3,Right Side Center(RC),24+ ft.,25,94,242,1,1,20240306,WAS,ORL
Shot Chart Detail,0022300894,241,1628398,Kyle Kuzma,1610612764,Washington Wizards,2,4,9,Missed Shot,Floating Jump shot,2PT Field Goal,In The Paint (Non-RA),Left Side(L),8-16 ft.,8,-80,12,1,0,20240306,WAS,ORL
Shot Chart Detail,0022300894,266,1628398,Kyle Kuzma,1610612764,Washington Wizards,2,2,8,Made Shot,Driving Layup Shot,2PT Field Goal,Restricted Area,Center(C),Less Than 8 ft.,2,22,6,1,1,20240306,WAS,ORL
Shot Chart Detail,0022300894,313,1628398,Kyle Kuzma,1610612764,Washington Wizards,3,11,27,Missed Shot,Driving Floating Jump Shot,2PT Field Goal,In The Paint (Non-RA),Center(C),Less Than 8 ft.,6,-33,58,1,0,20240306,WAS,ORL
Shot Chart Detail,0022300894,324,1628398,Kyle Kuzma,1610612764,Washington Wizards,3,9,53,Missed Shot,Fadeaway Jump Shot,2PT Field Goal,Mid-Range,Left Side(L),8-16 ft.,9,-88,27,1,0,20240306,WAS,ORL
Shot Chart Detail,0022300894,345,1628398,Kyle Kuzma,1610612764,Washington Wizards,3,7,45,Missed Shot,Pullup Jump shot,2PT Field Goal,Mid-Range,Right Side Center(RC),16-24 ft.,20,119,164,1,0,20240306,WAS,ORL
Shot Chart Detail,0022300894,364,1628398,Kyle Kuzma,1610612764,Washington Wizards,3,6,20,Made Shot,Driving Dunk Shot,2PT Field Goal,Restricted Area,Center(C),Less Than 8 ft.,2,-2,21,1,1,20240306,WAS,ORL
Shot Chart Detail,0022300894,567,1628398,Kyle Kuzma,1610612764,Washington Wizards,4,3,49,Missed Shot,Driving Bank Hook Shot,2PT Field Goal,In The Paint (Non-RA),Center(C),Less Than 8 ft.,7,60,45,1,0,20240306,WAS,ORL
Shot Chart Detail,0022300894,572,1628398,Kyle Kuzma,1610612764,Washington Wizards,4,3,17,Missed Shot,Jump Shot,3PT Field Goal,Right Corner 3,Right Side(R),24+ ft.,22,222,34,1,0,20240306,WAS,ORL
Shot Chart Detail,0022300894,574,1628398,Kyle Kuzma,1610612764,Washington Wizards,4,3,14,Missed Shot,Jump Shot,3PT Field Goal,Right Corner 3,Right Side(R),24+ ft.,23,227,71,1,0,20240306,WAS,ORL
Shot Chart Detail,0022300894,627,1628398,Kyle Kuzma,1610612764,Washington Wizards,4,1,3,Made Shot,Driving Layup Shot,2PT Field Goal,Restricted Area,Center(C),Less Than 8 ft.,3,22,22,1,1,20240306,WAS,ORL
Shot Chart Detail,0022300894,637,1628398,Kyle Kuzma,1610612764,Washington Wizards,4,0,23,Made Shot,Driving Floating Jump Shot,2PT Field Goal,In The Paint (Non-RA),Right Side(R),8-16 ft.,8,80,22,1,1,20240306,WAS,ORL
Shot Chart Detail,0022300910,9,1628398,Kyle Kuzma,1610612764,Washington Wizards,1,11,19,Missed Shot,Driving Floating Jump Shot,2PT Field Goal,In The Paint (Non-RA),Right Side(R),8-16 ft.,10,69,78,1,0,20240308,WAS,CHA
Shot Chart Detail,0022300910,96,1628398,Kyle Kuzma,1610612764,Washington Wizards,1,4,8,Missed Shot,Pullup Jump shot,3PT Field Goal,Above the Break 3,Left Side Center(LC),24+ ft.,25,-217,135,1,0,20240308,WAS,CHA
Shot Chart Detail,0022300910,100,1628398,Kyle Kuzma,1610612764,Washington Wizards,1,3,36,Made Shot,Turnaround Hook Shot,2PT Field Goal,In The Paint (Non-RA),Center(C),Less Than 8 ft.,7,49,62,1,1,20240308,WAS,CHA
Shot Chart Detail,0022300910,245,1628398,Kyle Kuzma,1610612764,Washington Wizards,2,5,12,Made Shot,Driving Layup Shot,2PT Field Goal,Restricted Area,Center(C),Less Than 8 ft.,1,12,10,1,1,20240308,WAS,CHA
Shot Chart Detail,0022300910,281,1628398,Kyle Kuzma,1610612764,Washington Wizards,2,3,8,Missed Shot,Jump Shot,3PT Field Goal,Above the Break 3,Center(C),24+ ft.,26,-47,264,1,0,20240308,WAS,CHA
Shot Chart Detail,0022300910,292,1628398,Kyle Kuzma,1610612764,Washington Wizards,2,2,23,Made Shot,Floating Jump shot,2PT Field Goal,In The Paint (Non-RA),Right Side(R),8-16 ft.,9,48,77,1,1,20240308,WAS,CHA
Shot Chart Detail,0022300910,352,1628398,Kyle Kuzma,1610612764,Washington Wizards,3,10,17,Missed Shot,Jump Shot,3PT Field Goal,Right Corner 3,Right Side(R),24+ ft.,22,229,-8,1,0,20240308,WAS,CHA
Shot Chart Detail,0022300910,365,1628398,Kyle Kuzma,1610612764,Washington Wizards,3,9,9,Made Shot,Driving Floating Bank Jump Shot,2PT Field Goal,In The Paint (Non-RA),Center(C),Less Than 8 ft.,7,-75,16,1,1,20240308,WAS,CHA
Shot Chart Detail,0022300910,368,1628398,Kyle Kuzma,1610612764,Washington Wizards,3,8,46,Missed Shot,Running Layup Shot,2PT Field Goal,In The Paint (Non-RA),Center(C),Less Than 8 ft.,5,43,39,1,0,20240308,WAS,CHA
Shot Chart Detail,0022300910,397,1628398,Kyle Kuzma,1610612764,Washington Wizards,3,6,24,Missed Shot,Jump Shot,3PT Field Goal,Above the Break 3,Left Side Center(LC),24+ ft.,29,-157,248,1,0,20240308,WAS,CHA
Shot Chart Detail,0022300910,406,1628398,Kyle Kuzma,1610612764,Washington Wizards,3,5,36,Made Shot,Driving Layup Shot,2PT Field Goal,Restricted Area,Center(C),Less Than 8 ft.,3,-38,-8,1,1,20240308,WAS,CHA
Shot Chart Detail,0022300910,420,1628398,Kyle Kuzma,1610612764,Washington Wizards,3,4,48,Missed Shot,Driving Layup Shot,2PT Field Goal,In The Paint (Non-RA),Center(C),Less Than 8 ft.,7,70,6,1,0,20240308,WAS,CHA
Shot Chart Detail,0022300910,427,1628398,Kyle Kuzma,1610612764,Washington Wizards,3,4,22,Missed Shot,Jump Shot,3PT Field Goal,Right Corner 3,Right Side(R),24+ ft.,22,224,18,1,0,20240308,WAS,CHA
Shot Chart Detail,0022300910,441,1628398,Kyle Kuzma,1610612764,Washington Wizards,3,3,56,Missed Shot,Driving Layup Shot,2PT Field Goal,In The Paint (Non-RA),Center(C),Less Than 8 ft.,4,22,43,1,0,20240308,WAS,CHA
Shot Chart Detail,0022300910,538,1628398,Kyle Kuzma,1610612764,Washington Wizards,4,8,50,Made Shot,Running Layup Shot,2PT Field Goal,Restricted Area,Center(C),Less Than 8 ft.,2,-20,-3,1,1,20240308,WAS,CHA
Shot Chart Detail,0022300910,561,1628398,Kyle Kuzma,1610612764,Washington Wizards,4,6,31,Made Shot,Driving Layup Shot,2PT Field Goal,Restricted Area,Center(C),Less Than 8 ft.,1,17,6,1,1,20240308,WAS,CHA
Shot Chart Detail,0022300910,571,1628398,Kyle Kuzma,1610612764,Washington Wizards,4,5,52,Missed Shot,Jump Shot,3PT Field Goal,Above the Break 3,Right Side Center(RC),24+ ft.,26,86,248,1,0,20240308,WAS,CHA
Shot Chart Detail,0022300910,575,1628398,Kyle Kuzma,1610612764,Washington Wizards,4,5,12,Made Shot,Driving Layup Shot,2PT Field Goal,Restricted Area,Center(C),Less Than 8 ft.,2,20,7,1,1,20240308,WAS,CHA
Shot Chart Detail,0022300910,578,1628398,Kyle Kuzma,1610612764,Washington Wizards,4,4,50,Missed Shot,Running Layup Shot,2PT Field Goal,In The Paint (Non-RA),Center(C),Less Than 8 ft.,6,53,37,1,0,20240308,WAS,CHA
Shot Chart Detail,0022300910,591,1628398,Kyle Kuzma,1610612764,Washington Wizards,4,3,47,Made Shot,Driving Layup Shot,2PT Field Goal,In The Paint (Non-RA),Center(C),Less Than 8 ft.,4,44,12,1,1,20240308,WAS,CHA
Shot Chart Detail,0022300910,608,1628398,Kyle Kuzma,1610612764,Washington Wizards,4,2,15,Missed Shot,Step Back Jump shot,3PT Field Goal,Above the Break 3,Left Side Center(LC),24+ ft.,26,-98,249,1,0,20240308,WAS,CHA
Shot Chart Detail,0022300910,612,1628398,Kyle Kuzma,1610612764,Washington Wizards,4,1,40,Made Shot,Step Back Jump shot,2PT Field Goal,Mid-Range,Left Side(L),16-24 ft.,16,-157,37,1,1,20240308,WAS,CHA
Shot Chart Detail,0022300910,640,1628398,Kyle Kuzma,1610612764,Washington Wizards,4,0,37,Made Shot,Running Layup Shot,2PT Field Goal,Restricted Area,Center(C),Less Than 8 ft.,3,36,15,1,1,20240308,WAS,CHA
Shot Chart Detail,0022300926,18,1628398,Kyle Kuzma,1610612764,Washington Wizards,1,10,41,Made Shot,Driving Layup Shot,2PT Field Goal,Restricted Area,Center(C),Less Than 8 ft.,0,2,2,1,1,20240310,MIA,WAS
Shot Chart Detail,0022300926,49,1628398,Kyle Kuzma,1610612764,Washington Wizards,1,8,9,Missed Shot,Jump Shot,3PT Field Goal,Left Corner 3,Left Side(L),24+ ft.,24,-234,71,1,0,20240310,MIA,WAS
Shot Chart Detail,0022300926,77,1628398,Kyle Kuzma,1610612764,Washington Wizards,1,5,46,Missed Shot,Driving Layup Shot,2PT Field Goal,Restricted Area,Center(C),Less Than 8 ft.,2,29,2,1,0,20240310,MIA,WAS
Shot Chart Detail,0022300926,181,1628398,Kyle Kuzma,1610612764,Washington Wizards,2,10,31,Missed Shot,Running Jump Shot,3PT Field Goal,Above the Break 3,Right Side Center(RC),24+ ft.,27,142,241,1,0,20240310,MIA,WAS
Shot Chart Detail,0022300926,199,1628398,Kyle Kuzma,1610612764,Washington Wizards,2,9,9,Made Shot,Driving Floating Jump Shot,2PT Field Goal,Restricted Area,Center(C),Less Than 8 ft.,3,13,36,1,1,20240310,MIA,WAS
Shot Chart Detail,0022300926,218,1628398,Kyle Kuzma,1610612764,Washington Wizards,2,8,33,Missed Shot,Driving Layup Shot,2PT Field Goal,Restricted Area,Center(C),Less Than 8 ft.,2,21,-5,1,0,20240310,MIA,WAS
Shot Chart Detail,0022300926,222,1628398,Kyle Kuzma,1610612764,Washington Wizards,2,7,56,Missed Shot,Step Back Jump shot,2PT Field Goal,Mid-Range,Left Side(L),8-16 ft.,10,-104,-3,1,0,20240310,MIA,WAS
Shot Chart Detail,0022300926,285,1628398,Kyle Kuzma,1610612764,Washington Wizards,2,3,32,Made Shot,Running Finger Roll Layup Shot,2PT Field Goal,Restricted Area,Center(C),Less Than 8 ft.,0,9,4,1,1,20240310,MIA,WAS
Shot Chart Detail,0022300926,291,1628398,Kyle Kuzma,1610612764,Washington Wizards,2,2,26,Missed Shot,Jump Shot,3PT Field Goal,Right Corner 3,Right Side(R),24+ ft.,22,223,13,1,0,20240310,MIA,WAS
Shot Chart Detail,0022300926,294,1628398,Kyle Kuzma,1610612764,Washington Wizards,2,2,2,Missed Shot,Turnaround Jump Shot,2PT Field Goal,Restricted Area,Center(C),Less Than 8 ft.,3,31,15,1,0,20240310,MIA,WAS
Shot Chart Detail,0022300926,301,1628398,Kyle Kuzma,1610612764,Washington Wizards,2,1,31,Missed Shot,Jump Shot,3PT Field Goal,Left Corner 3,Left Side(L),24+ ft.,25,-238,79,1,0,20240310,MIA,WAS
Shot Chart Detail,0022300926,321,1628398,Kyle Kuzma,1610612764,Washington Wizards,3,11,11,Missed Shot,Turnaround Fadeaway shot,2PT Field Goal,In The Paint (Non-RA),Center(C),8-16 ft.,9,34,94,1,0,20240310,MIA,WAS
Shot Chart Detail,0022300926,328,1628398,Kyle Kuzma,1610612764,Washington Wizards,3,10,13,Made Shot,Driving Dunk Shot,2PT Field Goal,Restricted Area,Center(C),Less Than 8 ft.,1,10,14,1,1,20240310,MIA,WAS
Shot Chart Detail,0022300926,343,1628398,Kyle Kuzma,1610612764,Washington Wizards,3,8,43,Made Shot,Driving Floating Jump Shot,2PT Field Goal,Restricted Area,Center(C),Less Than 8 ft.,2,7,27,1,1,20240310,MIA,WAS
Shot Chart Detail,0022300926,351,1628398,Kyle Kuzma,1610612764,Washington Wizards,3,7,25,Made Shot,Driving Hook Shot,2PT Field Goal,In The Paint (Non-RA),Center(C),Less Than 8 ft.,4,21,35,1,1,20240310,MIA,WAS
Shot Chart Detail,0022300926,370,1628398,Kyle Kuzma,1610612764,Washington Wizards,3,6,35,Missed Shot,Driving Layup Shot,2PT Field Goal,Restricted Area,Center(C),Less Than 8 ft.,2,-15,14,1,0,20240310,MIA,WAS
Shot Chart Detail,0022300926,531,1628398,Kyle Kuzma,1610612764,Washington Wizards,4,8,41,Made Shot,Driving Layup Shot,2PT Field Goal,Restricted Area,Center(C),Less Than 8 ft.,3,23,24,1,1,20240310,MIA,WAS
Shot Chart Detail,0022300926,538,1628398,Kyle Kuzma,1610612764,Washington Wizards,4,8,17,Made Shot,Running Pull-Up Jump Shot,3PT Field Goal,Above the Break 3,Left Side Center(LC),24+ ft.,24,-143,204,1,1,20240310,MIA,WAS
Shot Chart Detail,0022300926,553,1628398,Kyle Kuzma,1610612764,Washington Wizards,4,7,7,Missed Shot,Turnaround Jump Shot,2PT Field Goal,In The Paint (Non-RA),Center(C),Less Than 8 ft.,6,39,58,1,0,20240310,MIA,WAS
Shot Chart Detail,0022300926,556,1628398,Kyle Kuzma,1610612764,Washington Wizards,4,6,45,Missed Shot,Jump Shot,3PT Field Goal,Left Corner 3,Left Side(L),24+ ft.,22,-228,20,1,0,20240310,MIA,WAS
Shot Chart Detail,0022300926,594,1628398,Kyle Kuzma,1610612764,Washington Wizards,4,2,45,Made Shot,Jump Shot,3PT Field Goal,Above the Break 3,Left Side Center(LC),24+ ft.,26,-132,227,1,1,20240310,MIA,WAS
Shot Chart Detail,0022300926,615,1628398,Kyle Kuzma,1610612764,Washington Wizards,4,0,54,Missed Shot,Turnaround Fadeaway shot,2PT Field Goal,Mid-Range,Left Side(L),16-24 ft.,18,-188,4,1,0,20240310,MIA,WAS
Shot Chart Detail,0022300926,617,1628398,Kyle Kuzma,1610612764,Washington Wizards,4,0,49,Missed Shot,Floating Jump shot,2PT Field Goal,In The Paint (Non-RA),Center(C),8-16 ft.,8,1,88,1,0,20240310,MIA,WAS
Shot Chart Detail,0022300940,12,1628398,Kyle Kuzma,1610612764,Washington Wizards,1,10,37,Missed Shot,Turnaround Fadeaway shot,2PT Field Goal,In The Paint (Non-RA),Center(C),8-16 ft.,10,40,99,1,0,20240312,MEM,WAS
Shot Chart Detail,0022300940,30,1628398,Kyle Kuzma,1610612764,Washington Wizards,1,9,1,Made Shot,Turnaround Hook Shot,2PT Field Goal,In The Paint (Non-RA),Right Side(R),8-16 ft.,9,55,75,1,1,20240312,MEM,WAS
Shot Chart Detail,0022300940,64,1628398,Kyle Kuzma,1610612764,Washington Wizards,1,6,16,Missed Shot,Finger Roll Layup Shot,2PT Field Goal,In The Paint (Non-RA),Center(C),Less Than 8 ft.,5,-5,52,1,0,20240312,MEM,WAS
Shot Chart Detail,0022300940,200,1628398,Kyle Kuzma,1610612764,Washington Wizards,2,9,23,Made Shot,Driving Finger Roll Layup Shot,2PT Field Goal,Restricted Area,Center(C),Less Than 8 ft.,1,7,15,1,1,20240312,MEM,WAS
Shot Chart Detail,0022300940,263,1628398,Kyle Kuzma,1610612764,Washington Wizards,2,4,33,Made Shot,Driving Finger Roll Layup Shot,2PT Field Goal,Restricted Area,Center(C),Less Than 8 ft.,1,10,5,1,1,20240312,MEM,WAS
Shot Chart Detail,0022300940,359,1628398,Kyle Kuzma,1610612764,Washington Wizards,3,10,50,Missed Shot,Driving Layup Shot,2PT Field Goal,Restricted Area,Center(C),Less Than 8 ft.,0,-6,1,1,0,20240312,MEM,WAS
Shot Chart Detail,0022300940,361,1628398,Kyle Kuzma,1610612764,Washington Wizards,3,10,46,Made Shot,Putback Layup Shot,2PT Field Goal,Restricted Area,Center(C),Less Than 8 ft.,0,-9,-4,1,1,20240312,MEM,WAS
Shot Chart Detail,0022300940,364,1628398,Kyle Kuzma,1610612764,Washington Wizards,3,10,2,Missed Shot,Jump Shot,3PT Field Goal,Above the Break 3,Left Side Center(LC),24+ ft.,24,-119,219,1,0,20240312,MEM,WAS
Shot Chart Detail,0022300940,387,1628398,Kyle Kuzma,1610612764,Washington Wizards,3,7,25,Made Shot,Running Alley Oop Dunk Shot,2PT Field Goal,Restricted Area,Center(C),Less Than 8 ft.,0,-1,4,1,1,20240312,MEM,WAS
Shot Chart Detail,0022300940,400,1628398,Kyle Kuzma,1610612764,Washington Wizards,3,6,20,Made Shot,Running Jump Shot,3PT Field Goal,Above the Break 3,Center(C),24+ ft.,25,58,245,1,1,20240312,MEM,WAS
Shot Chart Detail,0022300940,421,1628398,Kyle Kuzma,1610612764,Washington Wizards,3,4,19,Missed Shot,Jump Shot,3PT Field Goal,Above the Break 3,Center(C),24+ ft.,24,44,240,1,0,20240312,MEM,WAS
Shot Chart Detail,0022300940,430,1628398,Kyle Kuzma,1610612764,Washington Wizards,3,3,49,Made Shot,Driving Reverse Layup Shot,2PT Field Goal,Restricted Area,Center(C),Less Than 8 ft.,0,-1,3,1,1,20240312,MEM,WAS
Shot Chart Detail,0022300940,439,1628398,Kyle Kuzma,1610612764,Washington Wizards,3,3,7,Missed Shot,Turnaround Fadeaway shot,2PT Field Goal,In The Paint (Non-RA),Center(C),Less Than 8 ft.,6,-62,29,1,0,20240312,MEM,WAS
Shot Chart Detail,0022300940,471,1628398,Kyle Kuzma,1610612764,Washington Wizards,3,0,49,Made Shot,Driving Layup Shot,2PT Field Goal,Restricted Area,Center(C),Less Than 8 ft.,0,-2,9,1,1,20240312,MEM,WAS
Shot Chart Detail,0022300940,482,1628398,Kyle Kuzma,1610612764,Washington Wizards,3,0,1,Missed Shot,Driving Layup Shot,2PT Field Goal,Restricted Area,Center(C),Less Than 8 ft.,3,6,36,1,0,20240312,MEM,WAS
Shot Chart Detail,0022300940,586,1628398,Kyle Kuzma,1610612764,Washington Wizards,4,5,24,Made Shot,Driving Floating Bank Jump Shot,2PT Field Goal,Restricted Area,Center(C),Less Than 8 ft.,2,17,19,1,1,20240312,MEM,WAS
Shot Chart Detail,0022300940,594,1628398,Kyle Kuzma,1610612764,Washington Wizards,4,4,52,Missed Shot,Jump Shot,3PT Field Goal,Above the Break 3,Right Side Center(RC),24+ ft.,25,124,225,1,0,20240312,MEM,WAS
Shot Chart Detail,0022300940,610,1628398,Kyle Kuzma,1610612764,Washington Wizards,4,4,1,Made Shot,Pullup Jump shot,2PT Field Goal,Mid-Range,Left Side(L),8-16 ft.,14,-99,109,1,1,20240312,MEM,WAS
Shot Chart Detail,0022300957,37,1628398,Kyle Kuzma,1610612764,Washington Wizards,1,8,34,Made Shot,Cutting Layup Shot,2PT Field Goal,Restricted Area,Center(C),Less Than 8 ft.,1,-12,15,1,1,20240314,HOU,WAS
Shot Chart Detail,0022300957,63,1628398,Kyle Kuzma,1610612764,Washington Wizards,1,6,36,Made Shot,Cutting Layup Shot,2PT Field Goal,Restricted Area,Center(C),Less Than 8 ft.,2,-16,15,1,1,20240314,HOU,WAS
Shot Chart Detail,0022300957,79,1628398,Kyle Kuzma,1610612764,Washington Wizards,1,6,7,Missed Shot,Turnaround Bank shot,2PT Field Goal,Mid-Range,Right Side(R),8-16 ft.,13,114,77,1,0,20240314,HOU,WAS
Shot Chart Detail,0022300957,82,1628398,Kyle Kuzma,1610612764,Washington Wizards,1,5,41,Made Shot,Driving Floating Jump Shot,2PT Field Goal,In The Paint (Non-RA),Center(C),Less Than 8 ft.,4,1,48,1,1,20240314,HOU,WAS
Shot Chart Detail,0022300957,293,1628398,Kyle Kuzma,1610612764,Washington Wizards,2,3,37,Made Shot,Driving Bank Hook Shot,2PT Field Goal,Restricted Area,Center(C),Less Than 8 ft.,2,17,16,1,1,20240314,HOU,WAS
Shot Chart Detail,0022300957,298,1628398,Kyle Kuzma,1610612764,Washington Wizards,2,2,34,Made Shot,Driving Reverse Dunk Shot,2PT Field Goal,Restricted Area,Center(C),Less Than 8 ft.,1,-10,8,1,1,20240314,HOU,WAS
Shot Chart Detail,0022300957,407,1628398,Kyle Kuzma,1610612764,Washington Wizards,3,6,5,Made Shot,Driving Layup Shot,2PT Field Goal,In The Paint (Non-RA),Center(C),Less Than 8 ft.,4,-47,11,1,1,20240314,HOU,WAS
Shot Chart Detail,0022300957,436,1628398,Kyle Kuzma,1610612764,Washington Wizards,3,3,54,Made Shot,Turnaround Hook Shot,2PT Field Goal,Restricted Area,Center(C),Less Than 8 ft.,2,6,27,1,1,20240314,HOU,WAS
Shot Chart Detail,0022300957,551,1628398,Kyle Kuzma,1610612764,Washington Wizards,4,6,58,Made Shot,Reverse Layup Shot,2PT Field Goal,Restricted Area,Center(C),Less Than 8 ft.,3,-33,6,1,1,20240314,HOU,WAS
Shot Chart Detail,0022300957,586,1628398,Kyle Kuzma,1610612764,Washington Wizards,4,4,20,Missed Shot,Jump Shot,3PT Field Goal,Right Corner 3,Right Side(R),24+ ft.,22,229,-15,1,0,20240314,HOU,WAS
Shot Chart Detail,0022300971,117,1628398,Kyle Kuzma,1610612764,Washington Wizards,1,3,0,Missed Shot,Driving Layup Shot,2PT Field Goal,Restricted Area,Center(C),Less Than 8 ft.,2,21,7,1,0,20240316,CHI,WAS
Shot Chart Detail,0022300971,259,1628398,Kyle Kuzma,1610612764,Washington Wizards,2,4,48,Made Shot,Running Dunk Shot,2PT Field Goal,Restricted Area,Center(C),Less Than 8 ft.,1,0,10,1,1,20240316,CHI,WAS
Shot Chart Detail,0022300971,267,1628398,Kyle Kuzma,1610612764,Washington Wizards,2,4,10,Missed Shot,Driving Dunk Shot,2PT Field Goal,In The Paint (Non-RA),Center(C),Less Than 8 ft.,4,-10,42,1,0,20240316,CHI,WAS
Shot Chart Detail,0022300971,270,1628398,Kyle Kuzma,1610612764,Washington Wizards,2,4,5,Missed Shot,Fadeaway Bank shot,2PT Field Goal,Mid-Range,Right Side(R),16-24 ft.,18,157,99,1,0,20240316,CHI,WAS
Shot Chart Detail,0022300971,277,1628398,Kyle Kuzma,1610612764,Washington Wizards,2,3,34,Made Shot,Turnaround Hook Shot,2PT Field Goal,In The Paint (Non-RA),Center(C),Less Than 8 ft.,5,33,44,1,1,20240316,CHI,WAS
Shot Chart Detail,0022300971,305,1628398,Kyle Kuzma,1610612764,Washington Wizards,2,1,46,Made Shot,Driving Floating Bank Jump Shot,2PT Field Goal,Restricted Area,Center(C),Less Than 8 ft.,2,25,1,1,1,20240316,CHI,WAS
Shot Chart Detail,0022300971,396,1628398,Kyle Kuzma,1610612764,Washington Wizards,3,7,38,Made Shot,Turnaround Hook Shot,2PT Field Goal,In The Paint (Non-RA),Center(C),Less Than 8 ft.,5,-1,52,1,1,20240316,CHI,WAS
Shot Chart Detail,0022300971,405,1628398,Kyle Kuzma,1610612764,Washington Wizards,3,6,41,Missed Shot,Driving Floating Jump Shot,2PT Field Goal,In The Paint (Non-RA),Center(C),8-16 ft.,8,-18,79,1,0,20240316,CHI,WAS
Shot Chart Detail,0022300971,425,1628398,Kyle Kuzma,1610612764,Washington Wizards,3,4,52,Missed Shot,Driving Floating Jump Shot,2PT Field Goal,In The Paint (Non-RA),Center(C),Less Than 8 ft.,5,6,52,1,0,20240316,CHI,WAS
Shot Chart Detail,0022300971,428,1628398,Kyle Kuzma,1610612764,Washington Wizards,3,4,48,Made Shot,Putback Layup Shot,2PT Field Goal,Restricted Area,Center(C),Less Than 8 ft.,0,0,0,1,1,20240316,CHI,WAS
Shot Chart Detail,0022301005,58,1628398,Kyle Kuzma,1610612764,Washington Wizards,1,7,59,Made Shot,Driving Finger Roll Layup Shot,2PT Field Goal,Restricted Area,Center(C),Less Than 8 ft.,2,-27,-8,1,1,20240321,WAS,SAC
Shot Chart Detail,0022301005,95,1628398,Kyle Kuzma,1610612764,Washington Wizards,1,4,51,Made Shot,Jump Shot,3PT Field Goal,Above the Break 3,Center(C),24+ ft.,25,-59,249,1,1,20240321,WAS,SAC
Shot Chart Detail,0022301005,99,1628398,Kyle Kuzma,1610612764,Washington Wizards,1,4,21,Made Shot,Driving Dunk Shot,2PT Field Goal,Restricted Area,Center(C),Less Than 8 ft.,1,9,12,1,1,20240321,WAS,SAC
Shot Chart Detail,0022301005,109,1628398,Kyle Kuzma,1610612764,Washington Wizards,1,3,26,Missed Shot,Pullup Jump shot,2PT Field Goal,Mid-Range,Center(C),16-24 ft.,16,5,168,1,0,20240321,WAS,SAC
Shot Chart Detail,0022301005,187,1628398,Kyle Kuzma,1610612764,Washington Wizards,2,11,1,Made Shot,Driving Floating Jump Shot,2PT Field Goal,Restricted Area,Center(C),Less Than 8 ft.,2,-1,20,1,1,20240321,WAS,SAC
Shot Chart Detail,0022301005,195,1628398,Kyle Kuzma,1610612764,Washington Wizards,2,10,0,Missed Shot,Turnaround Fadeaway shot,2PT Field Goal,Mid-Range,Left Side(L),16-24 ft.,17,-170,18,1,0,20240321,WAS,SAC
Shot Chart Detail,0022301005,240,1628398,Kyle Kuzma,1610612764,Washington Wizards,2,7,45,Made Shot,Jump Shot,3PT Field Goal,Above the Break 3,Left Side Center(LC),24+ ft.,25,-185,180,1,1,20240321,WAS,SAC
Shot Chart Detail,0022301005,252,1628398,Kyle Kuzma,1610612764,Washington Wizards,2,6,36,Made Shot,Driving Layup Shot,2PT Field Goal,Restricted Area,Center(C),Less Than 8 ft.,1,17,-1,1,1,20240321,WAS,SAC
Shot Chart Detail,0022301005,261,1628398,Kyle Kuzma,1610612764,Washington Wizards,2,6,1,Missed Shot,Driving Layup Shot,2PT Field Goal,In The Paint (Non-RA),Center(C),Less Than 8 ft.,5,-50,2,1,0,20240321,WAS,SAC
Shot Chart Detail,0022301005,265,1628398,Kyle Kuzma,1610612764,Washington Wizards,2,5,45,Made Shot,Turnaround Jump Shot,2PT Field Goal,In The Paint (Non-RA),Center(C),Less Than 8 ft.,4,-32,27,1,1,20240321,WAS,SAC
Shot Chart Detail,0022301005,290,1628398,Kyle Kuzma,1610612764,Washington Wizards,2,3,56,Missed Shot,Pullup Jump shot,3PT Field Goal,Above the Break 3,Center(C),24+ ft.,28,74,275,1,0,20240321,WAS,SAC
Shot Chart Detail,0022301005,387,1628398,Kyle Kuzma,1610612764,Washington Wizards,3,10,37,Missed Shot,Cutting Layup Shot,2PT Field Goal,In The Paint (Non-RA),Center(C),Less Than 8 ft.,4,-29,29,1,0,20240321,WAS,SAC
Shot Chart Detail,0022301005,394,1628398,Kyle Kuzma,1610612764,Washington Wizards,3,9,28,Made Shot,Driving Finger Roll Layup Shot,2PT Field Goal,In The Paint (Non-RA),Center(C),Less Than 8 ft.,7,-66,35,1,1,20240321,WAS,SAC
Shot Chart Detail,0022301005,418,1628398,Kyle Kuzma,1610612764,Washington Wizards,3,7,38,Made Shot,Driving Layup Shot,2PT Field Goal,Restricted Area,Center(C),Less Than 8 ft.,2,-28,5,1,1,20240321,WAS,SAC
Shot Chart Detail,0022301005,424,1628398,Kyle Kuzma,1610612764,Washington Wizards,3,7,16,Made Shot,Fadeaway Jump Shot,2PT Field Goal,In The Paint (Non-RA),Center(C),Less Than 8 ft.,6,-11,69,1,1,20240321,WAS,SAC
Shot Chart Detail,0022301005,431,1628398,Kyle Kuzma,1610612764,Washington Wizards,3,6,55,Missed Shot,Turnaround Jump Shot,2PT Field Goal,In The Paint (Non-RA),Center(C),Less Than 8 ft.,6,-40,48,1,0,20240321,WAS,SAC
Shot Chart Detail,0022301005,441,1628398,Kyle Kuzma,1610612764,Washington Wizards,3,6,30,Made Shot,Pullup Jump shot,2PT Field Goal,Mid-Range,Center(C),16-24 ft.,16,39,159,1,1,20240321,WAS,SAC
Shot Chart Detail,0022301005,555,1628398,Kyle Kuzma,1610612764,Washington Wizards,4,9,49,Made Shot,Pullup Jump shot,3PT Field Goal,Above the Break 3,Center(C),24+ ft.,27,4,276,1,1,20240321,WAS,SAC
Shot Chart Detail,0022301005,652,1628398,Kyle Kuzma,1610612764,Washington Wizards,4,1,53,Missed Shot,Turnaround Jump Shot,3PT Field Goal,Above the Break 3,Right Side Center(RC),24+ ft.,35,183,310,1,0,20240321,WAS,SAC
Shot Chart Detail,0022301005,658,1628398,Kyle Kuzma,1610612764,Washington Wizards,4,1,21,Made Shot,Driving Layup Shot,2PT Field Goal,Restricted Area,Center(C),Less Than 8 ft.,2,13,19,1,1,20240321,WAS,SAC
Shot Chart Detail,0022301005,666,1628398,Kyle Kuzma,1610612764,Washington Wizards,4,0,40,Missed Shot,Fadeaway Jump Shot,2PT Field Goal,Mid-Range,Right Side(R),16-24 ft.,19,197,20,1,0,20240321,WAS,SAC
Shot Chart Detail,0022301005,668,1628398,Kyle Kuzma,1610612764,Washington Wizards,4,0,27,Missed Shot,Jump Shot,3PT Field Goal,Right Corner 3,Right Side(R),24+ ft.,23,235,22,1,0,20240321,WAS,SAC
Shot Chart Detail,0022301022,9,1628398,Kyle Kuzma,1610612764,Washington Wizards,1,11,25,Missed Shot,Fadeaway Jump Shot,3PT Field Goal,Above the Break 3,Left Side Center(LC),24+ ft.,28,-103,267,1,0,20240323,WAS,TOR
Shot Chart Detail,0022301022,22,1628398,Kyle Kuzma,1610612764,Washington Wizards,1,9,50,Missed Shot,Jump Shot,3PT Field Goal,Above the Break 3,Right Side Center(RC),24+ ft.,30,119,281,1,0,20240323,WAS,TOR
Shot Chart Detail,0022301022,61,1628398,Kyle Kuzma,1610612764,Washington Wizards,1,6,30,Made Shot,Driving Floating Jump Shot,2PT Field Goal,In The Paint (Non-RA),Center(C),Less Than 8 ft.,7,-50,56,1,1,20240323,WAS,TOR
Shot Chart Detail,0022301022,92,1628398,Kyle Kuzma,1610612764,Washington Wizards,1,4,11,Missed Shot,Driving Hook Shot,2PT Field Goal,In The Paint (Non-RA),Center(C),Less Than 8 ft.,6,-22,59,1,0,20240323,WAS,TOR
Shot Chart Detail,0022301022,213,1628398,Kyle Kuzma,1610612764,Washington Wizards,2,7,38,Missed Shot,Driving Layup Shot,2PT Field Goal,Restricted Area,Center(C),Less Than 8 ft.,3,-29,20,1,0,20240323,WAS,TOR
Shot Chart Detail,0022301022,281,1628398,Kyle Kuzma,1610612764,Washington Wizards,2,3,22,Missed Shot,Turnaround Fadeaway shot,2PT Field Goal,Mid-Range,Center(C),16-24 ft.,16,-43,158,1,0,20240323,WAS,TOR
Shot Chart Detail,0022301022,318,1628398,Kyle Kuzma,1610612764,Washington Wizards,2,0,0,Made Shot,Turnaround Fadeaway shot,2PT Field Goal,In The Paint (Non-RA),Right Side(R),8-16 ft.,14,77,117,1,1,20240323,WAS,TOR
Shot Chart Detail,0022301022,332,1628398,Kyle Kuzma,1610612764,Washington Wizards,3,11,27,Missed Shot,Floating Jump shot,2PT Field Goal,In The Paint (Non-RA),Left Side(L),8-16 ft.,8,-48,68,1,0,20240323,WAS,TOR
Shot Chart Detail,0022301022,343,1628398,Kyle Kuzma,1610612764,Washington Wizards,3,9,54,Missed Shot,Turnaround Jump Shot,2PT Field Goal,In The Paint (Non-RA),Left Side(L),8-16 ft.,8,-47,76,1,0,20240323,WAS,TOR
Shot Chart Detail,0022301022,356,1628398,Kyle Kuzma,1610612764,Washington Wizards,3,8,40,Missed Shot,Turnaround Jump Shot,2PT Field Goal,In The Paint (Non-RA),Center(C),Less Than 8 ft.,6,50,38,1,0,20240323,WAS,TOR
Shot Chart Detail,0022301022,364,1628398,Kyle Kuzma,1610612764,Washington Wizards,3,8,10,Missed Shot,Floating Jump shot,2PT Field Goal,Restricted Area,Center(C),Less Than 8 ft.,2,-16,25,1,0,20240323,WAS,TOR
Shot Chart Detail,0022301022,406,1628398,Kyle Kuzma,1610612764,Washington Wizards,3,6,2,Made Shot,Driving Floating Bank Jump Shot,2PT Field Goal,In The Paint (Non-RA),Left Side(L),8-16 ft.,8,-69,50,1,1,20240323,WAS,TOR
Shot Chart Detail,0022301022,594,1628398,Kyle Kuzma,1610612764,Washington Wizards,4,6,5,Missed Shot,Jump Shot,3PT Field Goal,Above the Break 3,Right Side Center(RC),24+ ft.,28,158,238,1,0,20240323,WAS,TOR
Shot Chart Detail,0022301022,613,1628398,Kyle Kuzma,1610612764,Washington Wizards,4,5,37,Made Shot,Running Layup Shot,2PT Field Goal,Restricted Area,Center(C),Less Than 8 ft.,1,9,16,1,1,20240323,WAS,TOR
Shot Chart Detail,0022301022,633,1628398,Kyle Kuzma,1610612764,Washington Wizards,4,4,17,Made Shot,Driving Layup Shot,2PT Field Goal,In The Paint (Non-RA),Center(C),Less Than 8 ft.,5,56,8,1,1,20240323,WAS,TOR
Shot Chart Detail,0022301022,654,1628398,Kyle Kuzma,1610612764,Washington Wizards,4,2,40,Made Shot,Running Alley Oop Dunk Shot,2PT Field Goal,Restricted Area,Center(C),Less Than 8 ft.,1,15,6,1,1,20240323,WAS,TOR
Shot Chart Detail,0022301022,660,1628398,Kyle Kuzma,1610612764,Washington Wizards,4,2,10,Made Shot,Running Layup Shot,2PT Field Goal,Restricted Area,Center(C),Less Than 8 ft.,2,-29,5,1,1,20240323,WAS,TOR
Shot Chart Detail,0022301022,681,1628398,Kyle Kuzma,1610612764,Washington Wizards,4,0,54,Missed Shot,Pullup Jump shot,2PT Field Goal,Mid-Range,Center(C),8-16 ft.,15,37,148,1,0,20240323,WAS,TOR
Shot Chart Detail,0022301050,20,1628398,Kyle Kuzma,1610612764,Washington Wizards,1,9,45,Missed Shot,Turnaround Fadeaway shot,2PT Field Goal,Mid-Range,Right Side(R),8-16 ft.,15,85,125,1,0,20240327,WAS,BKN
Shot Chart Detail,0022301050,57,1628398,Kyle Kuzma,1610612764,Washington Wizards,1,5,56,Made Shot,Floating Jump shot,2PT Field Goal,In The Paint (Non-RA),Right Side(R),8-16 ft.,12,66,107,1,1,20240327,WAS,BKN
Shot Chart Detail,0022301050,74,1628398,Kyle Kuzma,1610612764,Washington Wizards,1,4,37,Made Shot,Pullup Jump shot,3PT Field Goal,Above the Break 3,Right Side Center(RC),24+ ft.,25,103,238,1,1,20240327,WAS,BKN
Shot Chart Detail,0022301050,84,1628398,Kyle Kuzma,1610612764,Washington Wizards,1,3,36,Made Shot,Fadeaway Jump Shot,2PT Field Goal,Mid-Range,Left Side(L),8-16 ft.,15,-148,31,1,1,20240327,WAS,BKN
Shot Chart Detail,0022301050,87,1628398,Kyle Kuzma,1610612764,Washington Wizards,1,2,58,Made Shot,Turnaround Jump Shot,2PT Field Goal,Mid-Range,Center(C),16-24 ft.,17,33,169,1,1,20240327,WAS,BKN
Shot Chart Detail,0022301050,272,1628398,Kyle Kuzma,1610612764,Washington Wizards,2,3,40,Missed Shot,Turnaround Jump Shot,2PT Field Goal,Mid-Range,Right Side(R),8-16 ft.,15,113,111,1,0,20240327,WAS,BKN
Shot Chart Detail,0022301050,324,1628398,Kyle Kuzma,1610612764,Washington Wizards,3,10,43,Made Shot,Floating Jump shot,2PT Field Goal,In The Paint (Non-RA),Center(C),Less Than 8 ft.,7,38,63,1,1,20240327,WAS,BKN
Shot Chart Detail,0022301050,331,1628398,Kyle Kuzma,1610612764,Washington Wizards,3,9,48,Missed Shot,Turnaround Jump Shot,2PT Field Goal,Mid-Range,Left Side(L),8-16 ft.,14,-143,26,1,0,20240327,WAS,BKN
Shot Chart Detail,0022301050,358,1628398,Kyle Kuzma,1610612764,Washington Wizards,3,7,33,Missed Shot,Turnaround Jump Shot,2PT Field Goal,In The Paint (Non-RA),Center(C),8-16 ft.,9,-36,85,1,0,20240327,WAS,BKN
Shot Chart Detail,0022301050,361,1628398,Kyle Kuzma,1610612764,Washington Wizards,3,7,3,Made Shot,Driving Reverse Layup Shot,2PT Field Goal,In The Paint (Non-RA),Center(C),Less Than 8 ft.,4,-32,26,1,1,20240327,WAS,BKN
Shot Chart Detail,0022301050,400,1628398,Kyle Kuzma,1610612764,Washington Wizards,3,4,23,Made Shot,Running Layup Shot,2PT Field Goal,Restricted Area,Center(C),Less Than 8 ft.,1,12,13,1,1,20240327,WAS,BKN
Shot Chart Detail,0022301050,527,1628398,Kyle Kuzma,1610612764,Washington Wizards,4,8,13,Made Shot,Pullup Jump shot,3PT Field Goal,Above the Break 3,Right Side Center(RC),24+ ft.,28,97,266,1,1,20240327,WAS,BKN
Shot Chart Detail,0022301050,532,1628398,Kyle Kuzma,1610612764,Washington Wizards,4,7,21,Missed Shot,Turnaround Fadeaway shot,2PT Field Goal,Mid-Range,Left Side(L),8-16 ft.,15,-156,5,1,0,20240327,WAS,BKN
Shot Chart Detail,0022301050,558,1628398,Kyle Kuzma,1610612764,Washington Wizards,4,5,28,Missed Shot,Running Jump Shot,3PT Field Goal,Right Corner 3,Right Side(R),24+ ft.,23,228,45,1,0,20240327,WAS,BKN
Shot Chart Detail,0022301050,583,1628398,Kyle Kuzma,1610612764,Washington Wizards,4,1,31,Made Shot,Jump Shot,3PT Field Goal,Left Corner 3,Left Side(L),24+ ft.,24,-241,-15,1,1,20240327,WAS,BKN
Shot Chart Detail,0022301050,614,1628398,Kyle Kuzma,1610612764,Washington Wizards,5,4,21,Missed Shot,Turnaround Jump Shot,2PT Field Goal,In The Paint (Non-RA),Center(C),Less Than 8 ft.,6,1,67,1,0,20240327,WAS,BKN
Shot Chart Detail,0022301050,634,1628398,Kyle Kuzma,1610612764,Washington Wizards,5,2,25,Missed Shot,Turnaround Hook Shot,2PT Field Goal,In The Paint (Non-RA),Center(C),Less Than 8 ft.,4,-40,27,1,0,20240327,WAS,BKN
Shot Chart Detail,0022301050,643,1628398,Kyle Kuzma,1610612764,Washington Wizards,5,1,14,Made Shot,Driving Floating Jump Shot,2PT Field Goal,In The Paint (Non-RA),Center(C),8-16 ft.,8,1,89,1,1,20240327,WAS,BKN
Shot Chart Detail,0022301050,651,1628398,Kyle Kuzma,1610612764,Washington Wizards,5,0,34,Missed Shot,Turnaround Hook Shot,2PT Field Goal,In The Paint (Non-RA),Center(C),8-16 ft.,10,34,101,1,0,20240327,WAS,BKN
Shot Chart Detail,0022301065,29,1628398,Kyle Kuzma,1610612764,Washington Wizards,1,9,27,Missed Shot,Floating Jump shot,2PT Field Goal,In The Paint (Non-RA),Center(C),8-16 ft.,11,21,116,1,0,20240329,WAS,DET
Shot Chart Detail,0022301065,73,1628398,Kyle Kuzma,1610612764,Washington Wizards,1,6,4,Missed Shot,Driving Floating Jump Shot,2PT Field Goal,Mid-Range,Left Side(L),8-16 ft.,13,-85,106,1,0,20240329,WAS,DET
Shot Chart Detail,0022301065,181,1628398,Kyle Kuzma,1610612764,Washington Wizards,2,11,11,Made Shot,Driving Floating Jump Shot,2PT Field Goal,In The Paint (Non-RA),Right Side(R),8-16 ft.,12,77,96,1,1,20240329,WAS,DET
Shot Chart Detail,0022301065,190,1628398,Kyle Kuzma,1610612764,Washington Wizards,2,10,4,Missed Shot,Driving Floating Jump Shot,2PT Field Goal,In The Paint (Non-RA),Center(C),Less Than 8 ft.,6,-20,64,1,0,20240329,WAS,DET
Shot Chart Detail,0022301065,237,1628398,Kyle Kuzma,1610612764,Washington Wizards,2,6,55,Missed Shot,Turnaround Hook Shot,2PT Field Goal,In The Paint (Non-RA),Center(C),Less Than 8 ft.,6,-4,69,1,0,20240329,WAS,DET
Shot Chart Detail,0022301065,258,1628398,Kyle Kuzma,1610612764,Washington Wizards,2,5,6,Missed Shot,Jump Shot,3PT Field Goal,Above the Break 3,Left Side Center(LC),24+ ft.,27,-102,260,1,0,20240329,WAS,DET
Shot Chart Detail,0022301065,265,1628398,Kyle Kuzma,1610612764,Washington Wizards,2,4,38,Missed Shot,Driving Layup Shot,2PT Field Goal,In The Paint (Non-RA),Center(C),Less Than 8 ft.,5,40,42,1,0,20240329,WAS,DET
Shot Chart Detail,0022301065,306,1628398,Kyle Kuzma,1610612764,Washington Wizards,2,0,34,Missed Shot,Driving Layup Shot,2PT Field Goal,In The Paint (Non-RA),Center(C),Less Than 8 ft.,4,-2,47,1,0,20240329,WAS,DET
Shot Chart Detail,0022301065,314,1628398,Kyle Kuzma,1610612764,Washington Wizards,2,0,1,Missed Shot,Pullup Jump shot,3PT Field Goal,Above the Break 3,Left Side Center(LC),24+ ft.,30,-153,263,1,0,20240329,WAS,DET
Shot Chart Detail,0022301065,320,1628398,Kyle Kuzma,1610612764,Washington Wizards,3,11,46,Missed Shot,Driving Layup Shot,2PT Field Goal,Restricted Area,Center(C),Less Than 8 ft.,3,26,20,1,0,20240329,WAS,DET
Shot Chart Detail,0022301065,323,1628398,Kyle Kuzma,1610612764,Washington Wizards,3,11,36,Made Shot,Turnaround Fadeaway shot,2PT Field Goal,Mid-Range,Right Side(R),8-16 ft.,15,129,91,1,1,20240329,WAS,DET
Shot Chart Detail,0022301065,348,1628398,Kyle Kuzma,1610612764,Washington Wizards,3,9,26,Made Shot,Driving Layup Shot,2PT Field Goal,Restricted Area,Center(C),Less Than 8 ft.,2,-25,8,1,1,20240329,WAS,DET
Shot Chart Detail,0022301065,367,1628398,Kyle Kuzma,1610612764,Washington Wizards,3,7,53,Made Shot,Driving Floating Jump Shot,2PT Field Goal,In The Paint (Non-RA),Center(C),Less Than 8 ft.,5,36,36,1,1,20240329,WAS,DET
Shot Chart Detail,0022301065,381,1628398,Kyle Kuzma,1610612764,Washington Wizards,3,7,1,Missed Shot,Driving Layup Shot,2PT Field Goal,Restricted Area,Center(C),Less Than 8 ft.,2,20,0,1,0,20240329,WAS,DET
Shot Chart Detail,0022301065,398,1628398,Kyle Kuzma,1610612764,Washington Wizards,3,5,37,Made Shot,Running Alley Oop Dunk Shot,2PT Field Goal,Restricted Area,Center(C),Less Than 8 ft.,1,10,15,1,1,20240329,WAS,DET
Shot Chart Detail,0022301065,419,1628398,Kyle Kuzma,1610612764,Washington Wizards,3,3,55,Missed Shot,Driving Hook Shot,2PT Field Goal,In The Paint (Non-RA),Center(C),Less Than 8 ft.,4,43,10,1,0,20240329,WAS,DET
Shot Chart Detail,0022301065,559,1628398,Kyle Kuzma,1610612764,Washington Wizards,4,5,7,Missed Shot,Jump Shot,3PT Field Goal,Above the Break 3,Left Side Center(LC),24+ ft.,28,-203,197,1,0,20240329,WAS,DET
Shot Chart Detail,0022301065,569,1628398,Kyle Kuzma,1610612764,Washington Wizards,4,4,26,Missed Shot,Step Back Jump shot,3PT Field Goal,Above the Break 3,Right Side Center(RC),24+ ft.,26,91,252,1,0,20240329,WAS,DET
Shot Chart Detail,0022301065,573,1628398,Kyle Kuzma,1610612764,Washington Wizards,4,4,21,Missed Shot,Driving Hook Shot,2PT Field Goal,In The Paint (Non-RA),Center(C),Less Than 8 ft.,6,45,44,1,0,20240329,WAS,DET
Shot Chart Detail,0022301065,593,1628398,Kyle Kuzma,1610612764,Washington Wizards,4,2,40,Missed Shot,Driving Hook Shot,2PT Field Goal,In The Paint (Non-RA),Center(C),Less Than 8 ft.,4,11,44,1,0,20240329,WAS,DET
Shot Chart Detail,0022301065,609,1628398,Kyle Kuzma,1610612764,Washington Wizards,4,1,28,Missed Shot,Running Jump Shot,3PT Field Goal,Left Corner 3,Left Side(L),24+ ft.,23,-234,42,1,0,20240329,WAS,DET
Shot Chart Detail,0022301065,622,1628398,Kyle Kuzma,1610612764,Washington Wizards,4,0,18,Missed Shot,Pullup Jump shot,3PT Field Goal,Above the Break 3,Right Side Center(RC),24+ ft.,24,170,181,1,0,20240329,WAS,DET
Shot Chart Detail,0022301103,27,1628398,Kyle Kuzma,1610612764,Washington Wizards,1,9,25,Made Shot,Alley Oop Layup shot,2PT Field Goal,Restricted Area,Center(C),Less Than 8 ft.,1,-9,8,1,1,20240403,WAS,LAL
Shot Chart Detail,0022301103,41,1628398,Kyle Kuzma,1610612764,Washington Wizards,1,7,54,Made Shot,Running Pull-Up Jump Shot,2PT Field Goal,Mid-Range,Right Side Center(RC),16-24 ft.,21,93,191,1,1,20240403,WAS,LAL
Shot Chart Detail,0022301103,235,1628398,Kyle Kuzma,1610612764,Washington Wizards,2,6,50,Made Shot,Jump Shot,3PT Field Goal,Right Corner 3,Right Side(R),24+ ft.,23,232,-16,1,1,20240403,WAS,LAL
Shot Chart Detail,0022301103,239,1628398,Kyle Kuzma,1610612764,Washington Wizards,2,6,19,Made Shot,Turnaround Bank shot,2PT Field Goal,Restricted Area,Center(C),Less Than 8 ft.,3,38,5,1,1,20240403,WAS,LAL
Shot Chart Detail,0022301103,251,1628398,Kyle Kuzma,1610612764,Washington Wizards,2,5,10,Made Shot,Pullup Jump shot,3PT Field Goal,Above the Break 3,Center(C),24+ ft.,26,-69,253,1,1,20240403,WAS,LAL
Shot Chart Detail,0022301103,260,1628398,Kyle Kuzma,1610612764,Washington Wizards,2,4,27,Missed Shot,Turnaround Fadeaway shot,2PT Field Goal,Mid-Range,Center(C),8-16 ft.,15,47,148,1,0,20240403,WAS,LAL
Shot Chart Detail,0022301103,363,1628398,Kyle Kuzma,1610612764,Washington Wizards,3,11,9,Made Shot,Driving Layup Shot,2PT Field Goal,Restricted Area,Center(C),Less Than 8 ft.,2,-9,21,1,1,20240403,WAS,LAL
Shot Chart Detail,0022301103,366,1628398,Kyle Kuzma,1610612764,Washington Wizards,3,10,45,Missed Shot,Driving Floating Bank Jump Shot,2PT Field Goal,In The Paint (Non-RA),Left Side(L),8-16 ft.,8,-64,52,1,0,20240403,WAS,LAL
Shot Chart Detail,0022301103,383,1628398,Kyle Kuzma,1610612764,Washington Wizards,3,9,23,Missed Shot,Driving Hook Shot,2PT Field Goal,In The Paint (Non-RA),Center(C),Less Than 8 ft.,4,28,34,1,0,20240403,WAS,LAL
Shot Chart Detail,0022301103,388,1628398,Kyle Kuzma,1610612764,Washington Wizards,3,9,12,Missed Shot,Jump Shot,2PT Field Goal,Mid-Range,Center(C),8-16 ft.,14,-6,143,1,0,20240403,WAS,LAL
Shot Chart Detail,0022301103,415,1628398,Kyle Kuzma,1610612764,Washington Wizards,3,7,5,Missed Shot,Jump Shot,3PT Field Goal,Above the Break 3,Right Side Center(RC),24+ ft.,27,170,215,1,0,20240403,WAS,LAL
Shot Chart Detail,0022301103,525,1628398,Kyle Kuzma,1610612764,Washington Wizards,4,10,9,Missed Shot,Running Jump Shot,3PT Field Goal,Above the Break 3,Right Side Center(RC),24+ ft.,27,184,201,1,0,20240403,WAS,LAL
Shot Chart Detail,0022301103,561,1628398,Kyle Kuzma,1610612764,Washington Wizards,4,7,47,Made Shot,Turnaround Bank shot,2PT Field Goal,Restricted Area,Center(C),Less Than 8 ft.,1,18,1,1,1,20240403,WAS,LAL
Shot Chart Detail,0022301103,574,1628398,Kyle Kuzma,1610612764,Washington Wizards,4,6,30,Missed Shot,Pullup Jump shot,3PT Field Goal,Above the Break 3,Center(C),24+ ft.,29,56,285,1,0,20240403,WAS,LAL
Shot Chart Detail,0022301103,584,1628398,Kyle Kuzma,1610612764,Washington Wizards,4,5,58,Missed Shot,Driving Layup Shot,2PT Field Goal,In The Paint (Non-RA),Center(C),Less Than 8 ft.,4,21,36,1,0,20240403,WAS,LAL
Shot Chart Detail,0022301103,616,1628398,Kyle Kuzma,1610612764,Washington Wizards,4,3,40,Missed Shot,Step Back Jump shot,2PT Field Goal,Mid-Range,Center(C),16-24 ft.,17,-16,173,1,0,20240403,WAS,LAL
Shot Chart Detail,0022301208,9,1628398,Kyle Kuzma,1610612764,Washington Wizards,1,11,26,Missed Shot,Step Back Jump shot,3PT Field Goal,Above the Break 3,Left Side Center(LC),24+ ft.,28,-134,249,1,0,20231206,WAS,PHI
Shot Chart Detail,0022301208,13,1628398,Kyle Kuzma,1610612764,Washington Wizards,1,10,59,Missed Shot,Driving Layup Shot,2PT Field Goal,Restricted Area,Center(C),Less Than 8 ft.,3,26,25,1,0,20231206,WAS,PHI
Shot Chart Detail,0022301208,44,1628398,Kyle Kuzma,1610612764,Washington Wizards,1,8,1,Made Shot,Running Dunk Shot,2PT Field Goal,Restricted Area,Center(C),Less Than 8 ft.,1,2,16,1,1,20231206,WAS,PHI
Shot Chart Detail,0022301208,59,1628398,Kyle Kuzma,1610612764,Washington Wizards,1,7,9,Missed Shot,Turnaround Bank shot,2PT Field Goal,In The Paint (Non-RA),Left Side(L),8-16 ft.,8,-77,46,1,0,20231206,WAS,PHI
Shot Chart Detail,0022301208,80,1628398,Kyle Kuzma,1610612764,Washington Wizards,1,5,30,Made Shot,Running Layup Shot,2PT Field Goal,Restricted Area,Center(C),Less Than 8 ft.,0,0,5,1,1,20231206,WAS,PHI
Shot Chart Detail,0022301208,104,1628398,Kyle Kuzma,1610612764,Washington Wizards,1,2,51,Missed Shot,Jump Shot,3PT Field Goal,Above the Break 3,Left Side Center(LC),24+ ft.,26,-161,211,1,0,20231206,WAS,PHI
Shot Chart Detail,0022301208,238,1628398,Kyle Kuzma,1610612764,Washington Wizards,2,5,49,Missed Shot,Driving Floating Jump Shot,2PT Field Goal,In The Paint (Non-RA),Center(C),8-16 ft.,13,2,131,1,0,20231206,WAS,PHI
Shot Chart Detail,0022301208,249,1628398,Kyle Kuzma,1610612764,Washington Wizards,2,4,52,Made Shot,Floating Jump shot,2PT Field Goal,In The Paint (Non-RA),Center(C),8-16 ft.,14,-62,126,1,1,20231206,WAS,PHI
Shot Chart Detail,0022301208,258,1628398,Kyle Kuzma,1610612764,Washington Wizards,2,4,0,Missed Shot,Driving Layup Shot,2PT Field Goal,In The Paint (Non-RA),Center(C),Less Than 8 ft.,4,-44,15,1,0,20231206,WAS,PHI
Shot Chart Detail,0022301208,293,1628398,Kyle Kuzma,1610612764,Washington Wizards,2,1,24,Made Shot,Driving Layup Shot,2PT Field Goal,Restricted Area,Center(C),Less Than 8 ft.,2,-11,20,1,1,20231206,WAS,PHI
Shot Chart Detail,0022301208,331,1628398,Kyle Kuzma,1610612764,Washington Wizards,3,11,2,Missed Shot,Running Jump Shot,3PT Field Goal,Above the Break 3,Left Side Center(LC),24+ ft.,27,-162,219,1,0,20231206,WAS,PHI
Shot Chart Detail,0022301208,345,1628398,Kyle Kuzma,1610612764,Washington Wizards,3,9,44,Missed Shot,Driving Dunk Shot,2PT Field Goal,Restricted Area,Center(C),Less Than 8 ft.,2,-20,19,1,0,20231206,WAS,PHI
Shot Chart Detail,0022301208,347,1628398,Kyle Kuzma,1610612764,Washington Wizards,3,9,36,Made Shot,Jump Shot,3PT Field Goal,Right Corner 3,Right Side(R),24+ ft.,23,233,37,1,1,20231206,WAS,PHI
Shot Chart Detail,0022301208,433,1628398,Kyle Kuzma,1610612764,Washington Wizards,3,3,32,Made Shot,Cutting Dunk Shot,2PT Field Goal,Restricted Area,Center(C),Less Than 8 ft.,1,-2,14,1,1,20231206,WAS,PHI
Shot Chart Detail,0022301208,579,1628398,Kyle Kuzma,1610612764,Washington Wizards,4,5,28,Missed Shot,Driving Hook Shot,2PT Field Goal,In The Paint (Non-RA),Center(C),Less Than 8 ft.,7,48,62,1,0,20231206,WAS,PHI
Shot Chart Detail,0022301208,601,1628398,Kyle Kuzma,1610612764,Washington Wizards,4,3,18,Made Shot,Jump Shot,3PT Field Goal,Above the Break 3,Left Side Center(LC),24+ ft.,26,-205,162,1,1,20231206,WAS,PHI
Shot Chart Detail,0022301219,42,1628398,Kyle Kuzma,1610612764,Washington Wizards,1,8,9,Missed Shot,Jump Shot,3PT Field Goal,Above the Break 3,Left Side Center(LC),24+ ft.,26,-105,247,1,0,20231208,BKN,WAS
Shot Chart Detail,0022301219,67,1628398,Kyle Kuzma,1610612764,Washington Wizards,1,5,53,Missed Shot,Turnaround Fadeaway shot,2PT Field Goal,Mid-Range,Right Side Center(RC),16-24 ft.,21,112,184,1,0,20231208,BKN,WAS
Shot Chart Detail,0022301219,90,1628398,Kyle Kuzma,1610612764,Washington Wizards,1,4,1,Made Shot,Turnaround Fadeaway shot,2PT Field Goal,Mid-Range,Right Side(R),16-24 ft.,16,167,23,1,1,20231208,BKN,WAS
Shot Chart Detail,0022301219,246,1628398,Kyle Kuzma,1610612764,Washington Wizards,2,5,1,Missed Shot,Driving Layup Shot,2PT Field Goal,Restricted Area,Center(C),Less Than 8 ft.,3,23,26,1,0,20231208,BKN,WAS
Shot Chart Detail,0022301219,263,1628398,Kyle Kuzma,1610612764,Washington Wizards,2,4,23,Made Shot,Turnaround Hook Shot,2PT Field Goal,In The Paint (Non-RA),Center(C),Less Than 8 ft.,7,9,78,1,1,20231208,BKN,WAS
Shot Chart Detail,0022301219,286,1628398,Kyle Kuzma,1610612764,Washington Wizards,2,2,31,Missed Shot,Driving Layup Shot,2PT Field Goal,In The Paint (Non-RA),Center(C),Less Than 8 ft.,6,-36,52,1,0,20231208,BKN,WAS
Shot Chart Detail,0022301219,310,1628398,Kyle Kuzma,1610612764,Washington Wizards,2,1,27,Made Shot,Running Dunk Shot,2PT Field Goal,Restricted Area,Center(C),Less Than 8 ft.,1,-4,17,1,1,20231208,BKN,WAS
Shot Chart Detail,0022301219,324,1628398,Kyle Kuzma,1610612764,Washington Wizards,2,0,1,Made Shot,Driving Hook Shot,2PT Field Goal,Restricted Area,Center(C),Less Than 8 ft.,3,-9,32,1,1,20231208,BKN,WAS
Shot Chart Detail,0022301219,333,1628398,Kyle Kuzma,1610612764,Washington Wizards,2,0,0,Missed Shot,Turnaround Jump Shot,2PT Field Goal,Mid-Range,Right Side(R),16-24 ft.,17,147,96,1,0,20231208,BKN,WAS
Shot Chart Detail,0022301219,372,1628398,Kyle Kuzma,1610612764,Washington Wizards,3,9,39,Missed Shot,Driving Layup Shot,2PT Field Goal,In The Paint (Non-RA),Center(C),Less Than 8 ft.,6,-61,19,1,0,20231208,BKN,WAS
Shot Chart Detail,0022301219,376,1628398,Kyle Kuzma,1610612764,Washington Wizards,3,9,34,Missed Shot,Jump Shot,3PT Field Goal,Above the Break 3,Center(C),24+ ft.,31,69,305,1,0,20231208,BKN,WAS
Shot Chart Detail,0022301219,379,1628398,Kyle Kuzma,1610612764,Washington Wizards,3,8,50,Made Shot,Jump Shot,3PT Field Goal,Left Corner 3,Left Side(L),24+ ft.,23,-232,42,1,1,20231208,BKN,WAS
Shot Chart Detail,0022301219,383,1628398,Kyle Kuzma,1610612764,Washington Wizards,3,8,26,Missed Shot,Running Layup Shot,2PT Field Goal,Restricted Area,Center(C),Less Than 8 ft.,2,26,14,1,0,20231208,BKN,WAS
Shot Chart Detail,0022301219,389,1628398,Kyle Kuzma,1610612764,Washington Wizards,3,7,51,Made Shot,Driving Floating Jump Shot,2PT Field Goal,In The Paint (Non-RA),Center(C),8-16 ft.,9,-16,93,1,1,20231208,BKN,WAS
Shot Chart Detail,0022301219,431,1628398,Kyle Kuzma,1610612764,Washington Wizards,3,3,6,Made Shot,Driving Layup Shot,2PT Field Goal,Restricted Area,Center(C),Less Than 8 ft.,1,5,10,1,1,20231208,BKN,WAS
Shot Chart Detail,0022301219,568,1628398,Kyle Kuzma,1610612764,Washington Wizards,4,6,20,Made Shot,Driving Floating Bank Jump Shot,2PT Field Goal,Restricted Area,Center(C),Less Than 8 ft.,3,34,-2,1,1,20231208,BKN,WAS
Shot Chart Detail,0022301219,583,1628398,Kyle Kuzma,1610612764,Washington Wizards,4,5,13,Missed Shot,Jump Shot,3PT Field Goal,Above the Break 3,Left Side Center(LC),24+ ft.,26,-150,224,1,0,20231208,BKN,WAS
