GRID_TYPE,GAME_ID,GAME_EVENT_ID,PLAYER_ID,PLAYER_NAME,TEAM_ID,TEAM_NAME,PERIOD,MINUTES_REMAINING,SECONDS_REMAINING,EVENT_TYPE,ACTION_TYPE,SHOT_TYPE,SHOT_ZONE_BASIC,SHOT_ZONE_AREA,SHOT_ZONE_RANGE,SHOT_DISTANCE,LOC_X,LOC_Y,SHOT_ATTEMPTED_FLAG,SHOT_MADE_FLAG,GAME_DATE,HTM,VTM
Shot Chart Detail,0021400007,19,202708,Norris Cole,1610612748,Miami Heat,1,10,1,Missed Shot,Jump Shot,2PT Field Goal,Mid-Range,Right Side(R),16-24 ft.,19.0,198.0,3.0,1,0,20141029,MIA,WAS
Shot Chart Detail,0021400007,22,202708,Norris Cole,1610612748,Miami Heat,1,9,48,Missed Shot,Jump Shot,3PT Field Goal,Right Corner 3,Right Side(R),24+ ft.,24.0,241.0,20.0,1,0,20141029,MIA,WAS
Shot Chart Detail,0021400007,64,202708,Norris Cole,1610612748,Miami Heat,1,5,13,Made Shot,Driving Layup Shot,2PT Field Goal,Restricted Area,Center(C),Less Than 8 ft.,0.0,9.0,3.0,1,1,20141029,MIA,WAS
Shot Chart Detail,0021400007,66,202708,Norris Cole,1610612748,Miami Heat,1,4,38,Made Shot,Jump Shot,3PT Field Goal,Above the Break 3,Left Side Center(LC),24+ ft.,24.0,-157.0,189.0,1,1,20141029,MIA,WAS
Shot Chart Detail,0021400007,88,202708,Norris Cole,1610612748,Miami Heat,1,2,37,Made Shot,Jump Shot,3PT Field Goal,Above the Break 3,Left Side Center(LC),24+ ft.,24.0,-175.0,175.0,1,1,20141029,MIA,WAS
Shot Chart Detail,0021400007,92,202708,Norris Cole,1610612748,Miami Heat,1,1,50,Missed Shot,Driving Reverse Layup Shot,2PT Field Goal,Restricted Area,Center(C),Less Than 8 ft.,2.0,-26.0,11.0,1,0,20141029,MIA,WAS
Shot Chart Detail,0021400007,98,202708,Norris Cole,1610612748,Miami Heat,1,0,51,Missed Shot,Jump Shot,3PT Field Goal,Above the Break 3,Left Side Center(LC),24+ ft.,24.0,-169.0,175.0,1,0,20141029,MIA,WAS
Shot Chart Detail,0021400007,239,202708,Norris Cole,1610612748,Miami Heat,2,0,0,Missed Shot,Jump Shot,3PT Field Goal,Above the Break 3,Right Side Center(RC),24+ ft.,30.0,234.0,190.0,1,0,20141029,MIA,WAS
Shot Chart Detail,0021400007,249,202708,Norris Cole,1610612748,Miami Heat,3,10,45,Made Shot,Driving Layup Shot,2PT Field Goal,Restricted Area,Center(C),Less Than 8 ft.,1.0,-10.0,4.0,1,1,20141029,MIA,WAS
Shot Chart Detail,0021400007,270,202708,Norris Cole,1610612748,Miami Heat,3,8,30,Made Shot,Driving Layup Shot,2PT Field Goal,Restricted Area,Center(C),Less Than 8 ft.,2.0,20.0,1.0,1,1,20141029,MIA,WAS
Shot Chart Detail,0021400007,279,202708,Norris Cole,1610612748,Miami Heat,3,7,59,Made Shot,Jump Shot,2PT Field Goal,Mid-Range,Left Side Center(LC),16-24 ft.,19.0,-101.0,162.0,1,1,20141029,MIA,WAS
Shot Chart Detail,0021400007,281,202708,Norris Cole,1610612748,Miami Heat,3,7,12,Missed Shot,Jump Shot,3PT Field Goal,Right Corner 3,Right Side(R),24+ ft.,24.0,241.0,7.0,1,0,20141029,MIA,WAS
Shot Chart Detail,0021400007,299,202708,Norris Cole,1610612748,Miami Heat,3,5,5,Made Shot,Jump Shot,2PT Field Goal,Mid-Range,Left Side Center(LC),16-24 ft.,16.0,-81.0,140.0,1,1,20141029,MIA,WAS
Shot Chart Detail,0021400007,307,202708,Norris Cole,1610612748,Miami Heat,3,3,29,Made Shot,Jump Shot,2PT Field Goal,Mid-Range,Left Side(L),8-16 ft.,15.0,-87.0,132.0,1,1,20141029,MIA,WAS
Shot Chart Detail,0021400007,459,202708,Norris Cole,1610612748,Miami Heat,4,2,40,Made Shot,Jump Shot,3PT Field Goal,Above the Break 3,Center(C),24+ ft.,28.0,2.0,283.0,1,1,20141029,MIA,WAS
Shot Chart Detail,0021400030,59,202708,Norris Cole,1610612748,Miami Heat,1,6,30,Missed Shot,Jump Shot,3PT Field Goal,Above the Break 3,Center(C),24+ ft.,24.0,-70.0,239.0,1,0,20141101,PHI,MIA
Shot Chart Detail,0021400030,63,202708,Norris Cole,1610612748,Miami Heat,1,5,50,Made Shot,Jump Shot,3PT Field Goal,Left Corner 3,Left Side(L),24+ ft.,23.0,-231.0,-17.0,1,1,20141101,PHI,MIA
Shot Chart Detail,0021400030,322,202708,Norris Cole,1610612748,Miami Heat,3,8,22,Made Shot,Pullup Jump shot,2PT Field Goal,Mid-Range,Center(C),16-24 ft.,17.0,-11.0,179.0,1,1,20141101,PHI,MIA
Shot Chart Detail,0021400030,358,202708,Norris Cole,1610612748,Miami Heat,3,4,42,Made Shot,Jump Shot,3PT Field Goal,Above the Break 3,Left Side Center(LC),24+ ft.,26.0,-136.0,227.0,1,1,20141101,PHI,MIA
Shot Chart Detail,0021400030,394,202708,Norris Cole,1610612748,Miami Heat,3,2,2,Missed Shot,Jump Shot,3PT Field Goal,Left Corner 3,Left Side(L),24+ ft.,23.0,-239.0,-8.0,1,0,20141101,PHI,MIA
Shot Chart Detail,0021400030,396,202708,Norris Cole,1610612748,Miami Heat,3,1,37,Missed Shot,Jump Shot,2PT Field Goal,In The Paint (Non-RA),Center(C),Less Than 8 ft.,4.0,-16.0,44.0,1,0,20141101,PHI,MIA
Shot Chart Detail,0021400030,411,202708,Norris Cole,1610612748,Miami Heat,3,0,45,Made Shot,Layup Shot,2PT Field Goal,Restricted Area,Center(C),Less Than 8 ft.,0.0,-8.0,0.0,1,1,20141101,PHI,MIA
Shot Chart Detail,0021400040,9,202708,Norris Cole,1610612748,Miami Heat,1,11,0,Missed Shot,Jump Shot,3PT Field Goal,Above the Break 3,Left Side Center(LC),24+ ft.,24.0,-141.0,198.0,1,0,20141102,MIA,TOR
Shot Chart Detail,0021400040,32,202708,Norris Cole,1610612748,Miami Heat,1,8,15,Made Shot,Driving Layup Shot,2PT Field Goal,Restricted Area,Center(C),Less Than 8 ft.,2.0,-27.0,9.0,1,1,20141102,MIA,TOR
Shot Chart Detail,0021400040,305,202708,Norris Cole,1610612748,Miami Heat,3,11,22,Missed Shot,Jump Shot,2PT Field Goal,Mid-Range,Left Side Center(LC),16-24 ft.,18.0,-116.0,148.0,1,0,20141102,MIA,TOR
Shot Chart Detail,0021400040,318,202708,Norris Cole,1610612748,Miami Heat,3,9,2,Made Shot,Jump Shot,3PT Field Goal,Above the Break 3,Left Side Center(LC),24+ ft.,27.0,-194.0,189.0,1,1,20141102,MIA,TOR
Shot Chart Detail,0021400040,388,202708,Norris Cole,1610612748,Miami Heat,3,2,5,Missed Shot,Jump Shot,3PT Field Goal,Right Corner 3,Right Side(R),24+ ft.,24.0,236.0,45.0,1,0,20141102,MIA,TOR
Shot Chart Detail,0021400050,18,202708,Norris Cole,1610612748,Miami Heat,1,9,43,Missed Shot,Pullup Jump shot,2PT Field Goal,Mid-Range,Right Side Center(RC),16-24 ft.,18.0,102.0,156.0,1,0,20141104,MIA,HOU
Shot Chart Detail,0021400050,23,202708,Norris Cole,1610612748,Miami Heat,1,8,55,Missed Shot,Driving Layup Shot,2PT Field Goal,Restricted Area,Center(C),Less Than 8 ft.,1.0,18.0,0.0,1,0,20141104,MIA,HOU
Shot Chart Detail,0021400050,31,202708,Norris Cole,1610612748,Miami Heat,1,7,52,Missed Shot,Jump Shot,2PT Field Goal,Mid-Range,Right Side(R),16-24 ft.,19.0,190.0,15.0,1,0,20141104,MIA,HOU
Shot Chart Detail,0021400050,288,202708,Norris Cole,1610612748,Miami Heat,2,0,0,Missed Shot,Jump Shot,3PT Field Goal,Above the Break 3,Center(C),24+ ft.,39.0,28.0,392.0,1,0,20141104,MIA,HOU
Shot Chart Detail,0021400057,19,202708,Norris Cole,1610612748,Miami Heat,1,9,11,Missed Shot,Jump Shot,2PT Field Goal,Mid-Range,Right Side Center(RC),16-24 ft.,20.0,165.0,126.0,1,0,20141105,CHA,MIA
Shot Chart Detail,0021400057,39,202708,Norris Cole,1610612748,Miami Heat,1,6,20,Missed Shot,Running Hook Shot,2PT Field Goal,In The Paint (Non-RA),Center(C),Less Than 8 ft.,5.0,20.0,48.0,1,0,20141105,CHA,MIA
Shot Chart Detail,0021400057,71,202708,Norris Cole,1610612748,Miami Heat,1,4,37,Missed Shot,Jump Shot,3PT Field Goal,Right Corner 3,Right Side(R),24+ ft.,23.0,234.0,6.0,1,0,20141105,CHA,MIA
Shot Chart Detail,0021400057,104,202708,Norris Cole,1610612748,Miami Heat,1,1,14,Missed Shot,Jump Shot,2PT Field Goal,In The Paint (Non-RA),Center(C),Less Than 8 ft.,5.0,-23.0,52.0,1,0,20141105,CHA,MIA
Shot Chart Detail,0021400057,243,202708,Norris Cole,1610612748,Miami Heat,3,11,39,Missed Shot,Jump Shot,3PT Field Goal,Above the Break 3,Left Side Center(LC),24+ ft.,25.0,-147.0,208.0,1,0,20141105,CHA,MIA
Shot Chart Detail,0021400057,283,202708,Norris Cole,1610612748,Miami Heat,3,7,44,Made Shot,Driving Layup Shot,2PT Field Goal,Restricted Area,Center(C),Less Than 8 ft.,1.0,7.0,14.0,1,1,20141105,CHA,MIA
Shot Chart Detail,0021400085,19,202708,Norris Cole,1610612748,Miami Heat,1,8,52,Made Shot,Jump Shot,2PT Field Goal,Mid-Range,Left Side(L),16-24 ft.,19.0,-198.0,7.0,1,1,20141108,MIA,MIN
Shot Chart Detail,0021400085,28,202708,Norris Cole,1610612748,Miami Heat,1,7,42,Made Shot,Jump Shot,3PT Field Goal,Left Corner 3,Left Side(L),24+ ft.,23.0,-234.0,4.0,1,1,20141108,MIA,MIN
Shot Chart Detail,0021400085,208,202708,Norris Cole,1610612748,Miami Heat,2,3,4,Made Shot,Layup Shot,2PT Field Goal,Restricted Area,Center(C),Less Than 8 ft.,0.0,0.0,1.0,1,1,20141108,MIA,MIN
Shot Chart Detail,0021400085,232,202708,Norris Cole,1610612748,Miami Heat,2,0,36,Made Shot,Jump Shot,2PT Field Goal,Mid-Range,Left Side(L),8-16 ft.,11.0,-116.0,6.0,1,1,20141108,MIA,MIN
Shot Chart Detail,0021400085,277,202708,Norris Cole,1610612748,Miami Heat,3,7,23,Missed Shot,Jump Shot,3PT Field Goal,Left Corner 3,Left Side(L),24+ ft.,23.0,-237.0,4.0,1,0,20141108,MIA,MIN
Shot Chart Detail,0021400085,292,202708,Norris Cole,1610612748,Miami Heat,3,6,9,Missed Shot,Jump Shot,2PT Field Goal,In The Paint (Non-RA),Center(C),Less Than 8 ft.,5.0,9.0,53.0,1,0,20141108,MIA,MIN
Shot Chart Detail,0021400094,49,202708,Norris Cole,1610612748,Miami Heat,1,6,10,Missed Shot,Jump Shot,3PT Field Goal,Above the Break 3,Left Side Center(LC),24+ ft.,24.0,-157.0,186.0,1,0,20141109,DAL,MIA
Shot Chart Detail,0021400094,61,202708,Norris Cole,1610612748,Miami Heat,1,4,34,Missed Shot,Jump Shot,2PT Field Goal,Mid-Range,Right Side(R),16-24 ft.,21.0,206.0,48.0,1,0,20141109,DAL,MIA
Shot Chart Detail,0021400094,255,202708,Norris Cole,1610612748,Miami Heat,2,0,8,Missed Shot,Jump Shot,3PT Field Goal,Above the Break 3,Right Side Center(RC),24+ ft.,26.0,151.0,214.0,1,0,20141109,DAL,MIA
Shot Chart Detail,0021400112,15,202708,Norris Cole,1610612748,Miami Heat,1,10,35,Made Shot,Driving Layup Shot,2PT Field Goal,Restricted Area,Center(C),Less Than 8 ft.,1.0,13.0,9.0,1,1,20141112,MIA,IND
Shot Chart Detail,0021400112,75,202708,Norris Cole,1610612748,Miami Heat,1,3,19,Missed Shot,Jump Shot,2PT Field Goal,In The Paint (Non-RA),Right Side(R),8-16 ft.,10.0,54.0,88.0,1,0,20141112,MIA,IND
Shot Chart Detail,0021400112,202,202708,Norris Cole,1610612748,Miami Heat,2,1,52,Missed Shot,Jump Shot,3PT Field Goal,Left Corner 3,Left Side(L),24+ ft.,23.0,-235.0,-10.0,1,0,20141112,MIA,IND
Shot Chart Detail,0021400112,239,202708,Norris Cole,1610612748,Miami Heat,3,10,16,Made Shot,Layup Shot,2PT Field Goal,Restricted Area,Center(C),Less Than 8 ft.,1.0,10.0,1.0,1,1,20141112,MIA,IND
Shot Chart Detail,0021400112,283,202708,Norris Cole,1610612748,Miami Heat,3,4,49,Made Shot,Driving Layup Shot,2PT Field Goal,Restricted Area,Center(C),Less Than 8 ft.,1.0,-15.0,3.0,1,1,20141112,MIA,IND
Shot Chart Detail,0021400112,294,202708,Norris Cole,1610612748,Miami Heat,3,3,43,Made Shot,Driving Layup Shot,2PT Field Goal,Restricted Area,Center(C),Less Than 8 ft.,0.0,-7.0,1.0,1,1,20141112,MIA,IND
Shot Chart Detail,0021400112,307,202708,Norris Cole,1610612748,Miami Heat,3,2,42,Missed Shot,Jump Shot,2PT Field Goal,Mid-Range,Left Side Center(LC),16-24 ft.,20.0,-93.0,184.0,1,0,20141112,MIA,IND
Shot Chart Detail,0021400124,49,202708,Norris Cole,1610612748,Miami Heat,1,6,57,Missed Shot,Driving Layup Shot,2PT Field Goal,Restricted Area,Center(C),Less Than 8 ft.,1.0,-8.0,15.0,1,0,20141114,ATL,MIA
Shot Chart Detail,0021400124,61,202708,Norris Cole,1610612748,Miami Heat,1,6,7,Missed Shot,Driving Layup Shot,2PT Field Goal,Restricted Area,Center(C),Less Than 8 ft.,1.0,-13.0,6.0,1,0,20141114,ATL,MIA
Shot Chart Detail,0021400124,72,202708,Norris Cole,1610612748,Miami Heat,1,5,26,Missed Shot,Jump Shot,2PT Field Goal,Mid-Range,Right Side(R),16-24 ft.,16.0,168.0,14.0,1,0,20141114,ATL,MIA
Shot Chart Detail,0021400124,223,202708,Norris Cole,1610612748,Miami Heat,2,3,28,Made Shot,Layup Shot,2PT Field Goal,Restricted Area,Center(C),Less Than 8 ft.,0.0,-5.0,3.0,1,1,20141114,ATL,MIA
Shot Chart Detail,0021400124,237,202708,Norris Cole,1610612748,Miami Heat,2,1,40,Missed Shot,Running Jump Shot,2PT Field Goal,In The Paint (Non-RA),Center(C),8-16 ft.,10.0,0.0,108.0,1,0,20141114,ATL,MIA
Shot Chart Detail,0021400124,295,202708,Norris Cole,1610612748,Miami Heat,3,9,23,Made Shot,Jump Shot,2PT Field Goal,Mid-Range,Right Side Center(RC),16-24 ft.,19.0,106.0,162.0,1,1,20141114,ATL,MIA
Shot Chart Detail,0021400124,318,202708,Norris Cole,1610612748,Miami Heat,3,5,32,Made Shot,Running Layup Shot,2PT Field Goal,Restricted Area,Center(C),Less Than 8 ft.,0.0,6.0,4.0,1,1,20141114,ATL,MIA
Shot Chart Detail,0021400143,25,202708,Norris Cole,1610612748,Miami Heat,1,8,56,Missed Shot,Jump Shot,3PT Field Goal,Right Corner 3,Right Side(R),24+ ft.,23.0,231.0,60.0,1,0,20141116,MIA,MIL
Shot Chart Detail,0021400143,47,202708,Norris Cole,1610612748,Miami Heat,1,6,27,Made Shot,Layup Shot,2PT Field Goal,Restricted Area,Center(C),Less Than 8 ft.,2.0,-23.0,11.0,1,1,20141116,MIA,MIL
Shot Chart Detail,0021400143,69,202708,Norris Cole,1610612748,Miami Heat,1,4,6,Missed Shot,Driving Reverse Layup Shot,2PT Field Goal,Restricted Area,Center(C),Less Than 8 ft.,2.0,26.0,4.0,1,0,20141116,MIA,MIL
Shot Chart Detail,0021400143,268,202708,Norris Cole,1610612748,Miami Heat,3,9,43,Missed Shot,Jump Shot,2PT Field Goal,Mid-Range,Left Side(L),16-24 ft.,19.0,-188.0,67.0,1,0,20141116,MIA,MIL
Shot Chart Detail,0021400143,294,202708,Norris Cole,1610612748,Miami Heat,3,7,27,Missed Shot,Reverse Layup Shot,2PT Field Goal,Restricted Area,Center(C),Less Than 8 ft.,1.0,17.0,9.0,1,0,20141116,MIA,MIL
Shot Chart Detail,0021400143,302,202708,Norris Cole,1610612748,Miami Heat,3,6,31,Made Shot,Jump Shot,3PT Field Goal,Above the Break 3,Right Side Center(RC),24+ ft.,24.0,136.0,209.0,1,1,20141116,MIA,MIL
Shot Chart Detail,0021400143,478,202708,Norris Cole,1610612748,Miami Heat,4,2,40,Made Shot,Jump Shot,3PT Field Goal,Above the Break 3,Right Side Center(RC),24+ ft.,25.0,220.0,123.0,1,1,20141116,MIA,MIL
Shot Chart Detail,0021400143,482,202708,Norris Cole,1610612748,Miami Heat,4,1,49,Missed Shot,Floating Jump shot,2PT Field Goal,In The Paint (Non-RA),Center(C),8-16 ft.,8.0,4.0,82.0,1,0,20141116,MIA,MIL
Shot Chart Detail,0021400143,489,202708,Norris Cole,1610612748,Miami Heat,4,0,34,Made Shot,Jump Shot,3PT Field Goal,Above the Break 3,Left Side Center(LC),24+ ft.,24.0,-202.0,134.0,1,1,20141116,MIA,MIL
Shot Chart Detail,0021400143,525,202708,Norris Cole,1610612748,Miami Heat,4,0,7,Missed Shot,Jump Shot,3PT Field Goal,Above the Break 3,Right Side Center(RC),24+ ft.,24.0,149.0,197.0,1,0,20141116,MIA,MIL
Shot Chart Detail,0021400149,7,202708,Norris Cole,1610612748,Miami Heat,1,10,49,Missed Shot,Jump Shot,3PT Field Goal,Right Corner 3,Right Side(R),24+ ft.,23.0,228.0,66.0,1,0,20141117,BKN,MIA
Shot Chart Detail,0021400149,12,202708,Norris Cole,1610612748,Miami Heat,1,9,46,Missed Shot,Layup Shot,2PT Field Goal,Restricted Area,Center(C),Less Than 8 ft.,1.0,-18.0,1.0,1,0,20141117,BKN,MIA
Shot Chart Detail,0021400149,34,202708,Norris Cole,1610612748,Miami Heat,1,6,35,Missed Shot,Pullup Jump shot,2PT Field Goal,Mid-Range,Center(C),16-24 ft.,20.0,31.0,201.0,1,0,20141117,BKN,MIA
Shot Chart Detail,0021400149,56,202708,Norris Cole,1610612748,Miami Heat,1,4,17,Made Shot,Jump Shot,2PT Field Goal,Mid-Range,Right Side Center(RC),16-24 ft.,20.0,136.0,157.0,1,1,20141117,BKN,MIA
Shot Chart Detail,0021400149,247,202708,Norris Cole,1610612748,Miami Heat,3,11,12,Missed Shot,Jump Shot,3PT Field Goal,Above the Break 3,Left Side Center(LC),24+ ft.,26.0,-168.0,203.0,1,0,20141117,BKN,MIA
Shot Chart Detail,0021400149,258,202708,Norris Cole,1610612748,Miami Heat,3,10,10,Made Shot,Jump Shot,3PT Field Goal,Above the Break 3,Left Side Center(LC),24+ ft.,24.0,-210.0,126.0,1,1,20141117,BKN,MIA
Shot Chart Detail,0021400149,286,202708,Norris Cole,1610612748,Miami Heat,3,6,36,Made Shot,Jump Shot,3PT Field Goal,Above the Break 3,Center(C),24+ ft.,25.0,-10.0,257.0,1,1,20141117,BKN,MIA
Shot Chart Detail,0021400149,289,202708,Norris Cole,1610612748,Miami Heat,3,6,2,Made Shot,Driving Reverse Layup Shot,2PT Field Goal,Restricted Area,Center(C),Less Than 8 ft.,2.0,24.0,6.0,1,1,20141117,BKN,MIA
Shot Chart Detail,0021400149,314,202708,Norris Cole,1610612748,Miami Heat,3,3,59,Missed Shot,Driving Reverse Layup Shot,2PT Field Goal,Restricted Area,Center(C),Less Than 8 ft.,2.0,29.0,-2.0,1,0,20141117,BKN,MIA
Shot Chart Detail,0021400149,428,202708,Norris Cole,1610612748,Miami Heat,4,5,52,Missed Shot,Driving Layup Shot,2PT Field Goal,Restricted Area,Center(C),Less Than 8 ft.,2.0,-27.0,4.0,1,0,20141117,BKN,MIA
Shot Chart Detail,0021400149,489,202708,Norris Cole,1610612748,Miami Heat,4,0,56,Missed Shot,Jump Shot,3PT Field Goal,Above the Break 3,Right Side Center(RC),24+ ft.,24.0,81.0,227.0,1,0,20141117,BKN,MIA
Shot Chart Detail,0021400170,36,202708,Norris Cole,1610612748,Miami Heat,1,6,59,Missed Shot,Jump Shot,2PT Field Goal,Mid-Range,Right Side Center(RC),16-24 ft.,20.0,152.0,132.0,1,0,20141120,MIA,LAC
Shot Chart Detail,0021400170,45,202708,Norris Cole,1610612748,Miami Heat,1,6,0,Missed Shot,Jump Shot,2PT Field Goal,Mid-Range,Right Side(R),8-16 ft.,8.0,84.0,3.0,1,0,20141120,MIA,LAC
Shot Chart Detail,0021400170,57,202708,Norris Cole,1610612748,Miami Heat,1,4,51,Missed Shot,Jump Shot,3PT Field Goal,Above the Break 3,Center(C),24+ ft.,24.0,2.0,242.0,1,0,20141120,MIA,LAC
Shot Chart Detail,0021400206,40,202708,Norris Cole,1610612748,Miami Heat,1,6,51,Missed Shot,Driving Layup Shot,2PT Field Goal,Restricted Area,Center(C),Less Than 8 ft.,1.0,12.0,14.0,1,0,20141125,MIA,GSW
Shot Chart Detail,0021400206,46,202708,Norris Cole,1610612748,Miami Heat,1,5,58,Missed Shot,Jump Shot,3PT Field Goal,Above the Break 3,Left Side Center(LC),24+ ft.,24.0,-204.0,138.0,1,0,20141125,MIA,GSW
Shot Chart Detail,0021400206,57,202708,Norris Cole,1610612748,Miami Heat,1,4,32,Made Shot,Driving Layup Shot,2PT Field Goal,Restricted Area,Center(C),Less Than 8 ft.,1.0,-16.0,7.0,1,1,20141125,MIA,GSW
Shot Chart Detail,0021400206,225,202708,Norris Cole,1610612748,Miami Heat,2,3,21,Missed Shot,Driving Layup Shot,2PT Field Goal,Restricted Area,Center(C),Less Than 8 ft.,2.0,-24.0,-2.0,1,0,20141125,MIA,GSW
Shot Chart Detail,0021400206,267,202708,Norris Cole,1610612748,Miami Heat,3,11,26,Missed Shot,Jump Shot,3PT Field Goal,Above the Break 3,Right Side Center(RC),24+ ft.,25.0,111.0,228.0,1,0,20141125,MIA,GSW
Shot Chart Detail,0021400206,285,202708,Norris Cole,1610612748,Miami Heat,3,8,52,Missed Shot,Jump Shot,3PT Field Goal,Above the Break 3,Right Side Center(RC),24+ ft.,25.0,105.0,228.0,1,0,20141125,MIA,GSW
Shot Chart Detail,0021400206,288,202708,Norris Cole,1610612748,Miami Heat,3,8,11,Missed Shot,Driving Layup Shot,2PT Field Goal,Restricted Area,Center(C),Less Than 8 ft.,1.0,18.0,7.0,1,0,20141125,MIA,GSW
Shot Chart Detail,0021400206,448,202708,Norris Cole,1610612748,Miami Heat,4,6,27,Missed Shot,Jump Shot,3PT Field Goal,Above the Break 3,Center(C),24+ ft.,24.0,34.0,241.0,1,0,20141125,MIA,GSW
Shot Chart Detail,0021400245,92,202708,Norris Cole,1610612748,Miami Heat,1,4,1,Missed Shot,Pullup Jump shot,2PT Field Goal,Mid-Range,Left Side(L),8-16 ft.,12.0,-86.0,96.0,1,0,20141130,NYK,MIA
Shot Chart Detail,0021400245,102,202708,Norris Cole,1610612748,Miami Heat,1,3,16,Missed Shot,Jump Shot,3PT Field Goal,Above the Break 3,Center(C),24+ ft.,25.0,-73.0,241.0,1,0,20141130,NYK,MIA
Shot Chart Detail,0021400245,297,202708,Norris Cole,1610612748,Miami Heat,3,8,52,Made Shot,Pullup Jump shot,2PT Field Goal,Mid-Range,Left Side(L),16-24 ft.,16.0,-144.0,85.0,1,1,20141130,NYK,MIA
Shot Chart Detail,0021400250,7,202708,Norris Cole,1610612748,Miami Heat,1,10,30,Made Shot,Driving Layup Shot,2PT Field Goal,Restricted Area,Center(C),Less Than 8 ft.,0.0,1.0,6.0,1,1,20141201,WAS,MIA
Shot Chart Detail,0021400250,47,202708,Norris Cole,1610612748,Miami Heat,1,6,42,Missed Shot,Jump Shot,3PT Field Goal,Above the Break 3,Left Side Center(LC),24+ ft.,25.0,-123.0,228.0,1,0,20141201,WAS,MIA
Shot Chart Detail,0021400250,217,202708,Norris Cole,1610612748,Miami Heat,2,3,56,Missed Shot,Jump Shot,2PT Field Goal,Mid-Range,Center(C),8-16 ft.,14.0,-37.0,140.0,1,0,20141201,WAS,MIA
Shot Chart Detail,0021400250,254,202708,Norris Cole,1610612748,Miami Heat,2,0,10,Made Shot,Jump Shot,3PT Field Goal,Above the Break 3,Left Side Center(LC),24+ ft.,26.0,-168.0,205.0,1,1,20141201,WAS,MIA
Shot Chart Detail,0021400250,279,202708,Norris Cole,1610612748,Miami Heat,3,9,59,Missed Shot,Layup Shot,2PT Field Goal,Restricted Area,Center(C),Less Than 8 ft.,0.0,6.0,0.0,1,0,20141201,WAS,MIA
Shot Chart Detail,0021400250,313,202708,Norris Cole,1610612748,Miami Heat,3,6,15,Made Shot,Running Layup Shot,2PT Field Goal,Restricted Area,Center(C),Less Than 8 ft.,0.0,-8.0,0.0,1,1,20141201,WAS,MIA
Shot Chart Detail,0021400250,356,202708,Norris Cole,1610612748,Miami Heat,3,2,2,Missed Shot,Jump Shot,3PT Field Goal,Above the Break 3,Right Side Center(RC),24+ ft.,26.0,189.0,189.0,1,0,20141201,WAS,MIA
Shot Chart Detail,0021400296,40,202708,Norris Cole,1610612748,Miami Heat,1,5,42,Made Shot,Driving Reverse Layup Shot,2PT Field Goal,Restricted Area,Center(C),Less Than 8 ft.,0.0,-8.0,3.0,1,1,20141207,MEM,MIA
Shot Chart Detail,0021400296,42,202708,Norris Cole,1610612748,Miami Heat,1,5,0,Missed Shot,Jump Shot,3PT Field Goal,Left Corner 3,Left Side(L),24+ ft.,23.0,-232.0,-8.0,1,0,20141207,MEM,MIA
Shot Chart Detail,0021400296,174,202708,Norris Cole,1610612748,Miami Heat,2,2,52,Missed Shot,Layup Shot,2PT Field Goal,Restricted Area,Center(C),Less Than 8 ft.,0.0,-5.0,-3.0,1,0,20141207,MEM,MIA
Shot Chart Detail,0021400296,177,202708,Norris Cole,1610612748,Miami Heat,2,2,14,Missed Shot,Jump Shot,3PT Field Goal,Above the Break 3,Right Side Center(RC),24+ ft.,29.0,91.0,279.0,1,0,20141207,MEM,MIA
Shot Chart Detail,0021400296,223,202708,Norris Cole,1610612748,Miami Heat,3,9,30,Made Shot,Driving Layup Shot,2PT Field Goal,Restricted Area,Center(C),Less Than 8 ft.,1.0,10.0,1.0,1,1,20141207,MEM,MIA
Shot Chart Detail,0021400296,252,202708,Norris Cole,1610612748,Miami Heat,3,4,35,Missed Shot,Layup Shot,2PT Field Goal,Restricted Area,Center(C),Less Than 8 ft.,2.0,21.0,3.0,1,0,20141207,MEM,MIA
Shot Chart Detail,0021400313,16,202708,Norris Cole,1610612748,Miami Heat,1,9,28,Missed Shot,Running Jump Shot,2PT Field Goal,Restricted Area,Center(C),Less Than 8 ft.,3.0,36.0,11.0,1,0,20141209,PHX,MIA
Shot Chart Detail,0021400313,28,202708,Norris Cole,1610612748,Miami Heat,1,8,7,Missed Shot,Jump Shot,3PT Field Goal,Above the Break 3,Center(C),24+ ft.,24.0,-57.0,239.0,1,0,20141209,PHX,MIA
Shot Chart Detail,0021400313,83,202708,Norris Cole,1610612748,Miami Heat,1,1,59,Made Shot,Driving Reverse Layup Shot,2PT Field Goal,Restricted Area,Center(C),Less Than 8 ft.,1.0,13.0,7.0,1,1,20141209,PHX,MIA
Shot Chart Detail,0021400313,86,202708,Norris Cole,1610612748,Miami Heat,1,1,37,Made Shot,Driving Layup Shot,2PT Field Goal,Restricted Area,Center(C),Less Than 8 ft.,1.0,12.0,14.0,1,1,20141209,PHX,MIA
Shot Chart Detail,0021400313,180,202708,Norris Cole,1610612748,Miami Heat,2,3,59,Missed Shot,Jump Shot,3PT Field Goal,Left Corner 3,Left Side(L),24+ ft.,22.0,-228.0,-11.0,1,0,20141209,PHX,MIA
Shot Chart Detail,0021400313,200,202708,Norris Cole,1610612748,Miami Heat,2,1,57,Made Shot,Layup Shot,2PT Field Goal,Restricted Area,Center(C),Less Than 8 ft.,2.0,-16.0,14.0,1,1,20141209,PHX,MIA
Shot Chart Detail,0021400313,247,202708,Norris Cole,1610612748,Miami Heat,3,10,35,Made Shot,Layup Shot,2PT Field Goal,Restricted Area,Center(C),Less Than 8 ft.,1.0,17.0,4.0,1,1,20141209,PHX,MIA
Shot Chart Detail,0021400313,269,202708,Norris Cole,1610612748,Miami Heat,3,8,2,Made Shot,Reverse Layup Shot,2PT Field Goal,Restricted Area,Center(C),Less Than 8 ft.,1.0,-5.0,11.0,1,1,20141209,PHX,MIA
Shot Chart Detail,0021400313,343,202708,Norris Cole,1610612748,Miami Heat,4,11,38,Missed Shot,Layup Shot,2PT Field Goal,Restricted Area,Center(C),Less Than 8 ft.,1.0,-13.0,4.0,1,0,20141209,PHX,MIA
Shot Chart Detail,0021400325,21,202708,Norris Cole,1610612748,Miami Heat,1,8,47,Missed Shot,Jump Shot,3PT Field Goal,Above the Break 3,Center(C),24+ ft.,25.0,-7.0,258.0,1,0,20141210,DEN,MIA
Shot Chart Detail,0021400325,23,202708,Norris Cole,1610612748,Miami Heat,1,8,36,Missed Shot,Layup Shot,2PT Field Goal,Restricted Area,Center(C),Less Than 8 ft.,1.0,-15.0,0.0,1,0,20141210,DEN,MIA
Shot Chart Detail,0021400325,67,202708,Norris Cole,1610612748,Miami Heat,1,3,50,Made Shot,Driving Layup Shot,2PT Field Goal,Restricted Area,Center(C),Less Than 8 ft.,1.0,15.0,9.0,1,1,20141210,DEN,MIA
Shot Chart Detail,0021400325,85,202708,Norris Cole,1610612748,Miami Heat,1,2,16,Missed Shot,Layup Shot,2PT Field Goal,Restricted Area,Center(C),Less Than 8 ft.,2.0,-18.0,20.0,1,0,20141210,DEN,MIA
Shot Chart Detail,0021400325,223,202708,Norris Cole,1610612748,Miami Heat,2,1,52,Made Shot,Driving Layup Shot,2PT Field Goal,Restricted Area,Center(C),Less Than 8 ft.,1.0,-10.0,0.0,1,1,20141210,DEN,MIA
Shot Chart Detail,0021400325,229,202708,Norris Cole,1610612748,Miami Heat,2,1,10,Missed Shot,Running Layup Shot,2PT Field Goal,Restricted Area,Center(C),Less Than 8 ft.,2.0,-19.0,11.0,1,0,20141210,DEN,MIA
Shot Chart Detail,0021400325,272,202708,Norris Cole,1610612748,Miami Heat,3,9,34,Made Shot,Jump Shot,2PT Field Goal,Mid-Range,Right Side Center(RC),16-24 ft.,20.0,124.0,162.0,1,1,20141210,DEN,MIA
Shot Chart Detail,0021400325,331,202708,Norris Cole,1610612748,Miami Heat,3,4,28,Missed Shot,Jump Shot,3PT Field Goal,Above the Break 3,Center(C),24+ ft.,25.0,-37.0,249.0,1,0,20141210,DEN,MIA
Shot Chart Detail,0021400338,4,202708,Norris Cole,1610612748,Miami Heat,1,11,21,Made Shot,Dunk Shot,2PT Field Goal,Restricted Area,Center(C),Less Than 8 ft.,0.0,0.0,1.0,1,1,20141212,UTA,MIA
Shot Chart Detail,0021400338,16,202708,Norris Cole,1610612748,Miami Heat,1,9,28,Made Shot,Jump Shot,3PT Field Goal,Left Corner 3,Left Side(L),24+ ft.,23.0,-235.0,7.0,1,1,20141212,UTA,MIA
Shot Chart Detail,0021400338,33,202708,Norris Cole,1610612748,Miami Heat,1,7,16,Missed Shot,Jump Shot,2PT Field Goal,Mid-Range,Left Side Center(LC),16-24 ft.,21.0,-93.0,194.0,1,0,20141212,UTA,MIA
Shot Chart Detail,0021400338,255,202708,Norris Cole,1610612748,Miami Heat,3,8,37,Missed Shot,Jump Shot,3PT Field Goal,Above the Break 3,Left Side Center(LC),24+ ft.,25.0,-139.0,211.0,1,0,20141212,UTA,MIA
Shot Chart Detail,0021400338,258,202708,Norris Cole,1610612748,Miami Heat,3,8,0,Missed Shot,Jump Shot,2PT Field Goal,Mid-Range,Right Side(R),16-24 ft.,16.0,163.0,6.0,1,0,20141212,UTA,MIA
Shot Chart Detail,0021400338,297,202708,Norris Cole,1610612748,Miami Heat,3,4,33,Made Shot,Jump Shot,2PT Field Goal,Mid-Range,Left Side(L),16-24 ft.,19.0,-198.0,-14.0,1,1,20141212,UTA,MIA
Shot Chart Detail,0021400349,108,202708,Norris Cole,1610612748,Miami Heat,1,2,8,Missed Shot,Jump Shot,2PT Field Goal,Mid-Range,Right Side Center(RC),16-24 ft.,16.0,121.0,116.0,1,0,20141214,MIA,CHI
Shot Chart Detail,0021400349,177,202708,Norris Cole,1610612748,Miami Heat,2,6,13,Missed Shot,Jump Shot,3PT Field Goal,Above the Break 3,Left Side Center(LC),24+ ft.,25.0,-101.0,235.0,1,0,20141214,MIA,CHI
Shot Chart Detail,0021400349,241,202708,Norris Cole,1610612748,Miami Heat,2,2,20,Missed Shot,Driving Layup Shot,2PT Field Goal,Restricted Area,Center(C),Less Than 8 ft.,0.0,-4.0,-3.0,1,0,20141214,MIA,CHI
Shot Chart Detail,0021400349,254,202708,Norris Cole,1610612748,Miami Heat,2,0,25,Made Shot,Jump Shot,2PT Field Goal,In The Paint (Non-RA),Center(C),Less Than 8 ft.,7.0,-30.0,64.0,1,1,20141214,MIA,CHI
Shot Chart Detail,0021400349,288,202708,Norris Cole,1610612748,Miami Heat,3,9,1,Missed Shot,Jump Shot,2PT Field Goal,Mid-Range,Center(C),16-24 ft.,17.0,18.0,173.0,1,0,20141214,MIA,CHI
Shot Chart Detail,0021400349,301,202708,Norris Cole,1610612748,Miami Heat,3,7,23,Missed Shot,Driving Layup Shot,2PT Field Goal,Restricted Area,Center(C),Less Than 8 ft.,1.0,-16.0,4.0,1,0,20141214,MIA,CHI
Shot Chart Detail,0021400349,373,202708,Norris Cole,1610612748,Miami Heat,3,1,19,Made Shot,Driving Reverse Layup Shot,2PT Field Goal,Restricted Area,Center(C),Less Than 8 ft.,1.0,-18.0,7.0,1,1,20141214,MIA,CHI
Shot Chart Detail,0021400349,450,202708,Norris Cole,1610612748,Miami Heat,4,5,57,Made Shot,Jump Shot,2PT Field Goal,Mid-Range,Left Side Center(LC),16-24 ft.,19.0,-147.0,131.0,1,1,20141214,MIA,CHI
Shot Chart Detail,0021400349,463,202708,Norris Cole,1610612748,Miami Heat,4,4,41,Missed Shot,Jump Shot,3PT Field Goal,Above the Break 3,Center(C),24+ ft.,24.0,-59.0,236.0,1,0,20141214,MIA,CHI
Shot Chart Detail,0021400349,480,202708,Norris Cole,1610612748,Miami Heat,4,2,27,Missed Shot,Driving Layup Shot,2PT Field Goal,Restricted Area,Center(C),Less Than 8 ft.,1.0,12.0,6.0,1,0,20141214,MIA,CHI
Shot Chart Detail,0021400364,14,202708,Norris Cole,1610612748,Miami Heat,1,10,27,Missed Shot,Driving Layup Shot,2PT Field Goal,Restricted Area,Center(C),Less Than 8 ft.,1.0,-16.0,0.0,1,0,20141216,BKN,MIA
Shot Chart Detail,0021400364,240,202708,Norris Cole,1610612748,Miami Heat,2,2,13,Made Shot,Jump Shot,2PT Field Goal,Mid-Range,Left Side Center(LC),16-24 ft.,19.0,-92.0,170.0,1,1,20141216,BKN,MIA
Shot Chart Detail,0021400364,242,202708,Norris Cole,1610612748,Miami Heat,2,1,36,Made Shot,Driving Layup Shot,2PT Field Goal,Restricted Area,Center(C),Less Than 8 ft.,2.0,-23.0,4.0,1,1,20141216,BKN,MIA
Shot Chart Detail,0021400364,248,202708,Norris Cole,1610612748,Miami Heat,2,0,55,Missed Shot,Jump Shot,2PT Field Goal,Mid-Range,Right Side(R),16-24 ft.,18.0,170.0,69.0,1,0,20141216,BKN,MIA
Shot Chart Detail,0021400364,275,202708,Norris Cole,1610612748,Miami Heat,2,0,1,Missed Shot,Jump Shot,3PT Field Goal,Right Corner 3,Right Side(R),24+ ft.,23.0,234.0,-8.0,1,0,20141216,BKN,MIA
Shot Chart Detail,0021400364,320,202708,Norris Cole,1610612748,Miami Heat,3,6,15,Missed Shot,Jump Shot,3PT Field Goal,Above the Break 3,Left Side Center(LC),24+ ft.,26.0,-179.0,195.0,1,0,20141216,BKN,MIA
Shot Chart Detail,0021400364,378,202708,Norris Cole,1610612748,Miami Heat,3,1,10,Missed Shot,Jump Shot,3PT Field Goal,Above the Break 3,Right Side Center(RC),24+ ft.,25.0,215.0,134.0,1,0,20141216,BKN,MIA
Shot Chart Detail,0021400364,404,202708,Norris Cole,1610612748,Miami Heat,4,11,15,Missed Shot,Jump Shot,2PT Field Goal,Mid-Range,Center(C),16-24 ft.,19.0,50.0,190.0,1,0,20141216,BKN,MIA
Shot Chart Detail,0021400373,5,202708,Norris Cole,1610612748,Miami Heat,1,11,15,Missed Shot,Jump Shot,2PT Field Goal,Mid-Range,Left Side(L),16-24 ft.,17.0,-179.0,6.0,1,0,20141217,MIA,UTA
Shot Chart Detail,0021400373,32,202708,Norris Cole,1610612748,Miami Heat,1,6,36,Missed Shot,Driving Layup Shot,2PT Field Goal,Restricted Area,Center(C),Less Than 8 ft.,1.0,-10.0,4.0,1,0,20141217,MIA,UTA
Shot Chart Detail,0021400373,311,202708,Norris Cole,1610612748,Miami Heat,3,7,55,Missed Shot,Driving Layup Shot,2PT Field Goal,Restricted Area,Center(C),Less Than 8 ft.,1.0,10.0,0.0,1,0,20141217,MIA,UTA
Shot Chart Detail,0021400373,338,202708,Norris Cole,1610612748,Miami Heat,3,6,20,Missed Shot,Jump Shot,3PT Field Goal,Above the Break 3,Left Side Center(LC),24+ ft.,24.0,-81.0,230.0,1,0,20141217,MIA,UTA
Shot Chart Detail,0021400388,60,202708,Norris Cole,1610612748,Miami Heat,1,5,13,Missed Shot,Driving Layup Shot,2PT Field Goal,Restricted Area,Center(C),Less Than 8 ft.,1.0,12.0,3.0,1,0,20141219,MIA,WAS
Shot Chart Detail,0021400388,103,202708,Norris Cole,1610612748,Miami Heat,1,0,55,Made Shot,Jump Shot,2PT Field Goal,Mid-Range,Right Side Center(RC),16-24 ft.,19.0,143.0,138.0,1,1,20141219,MIA,WAS
Shot Chart Detail,0021400388,289,202708,Norris Cole,1610612748,Miami Heat,3,6,52,Made Shot,Jump Shot,3PT Field Goal,Above the Break 3,Center(C),24+ ft.,25.0,4.0,257.0,1,1,20141219,MIA,WAS
Shot Chart Detail,0021400388,341,202708,Norris Cole,1610612748,Miami Heat,3,1,57,Missed Shot,Jump Shot,2PT Field Goal,Mid-Range,Left Side(L),16-24 ft.,17.0,-179.0,-8.0,1,0,20141219,MIA,WAS
Shot Chart Detail,0021400388,348,202708,Norris Cole,1610612748,Miami Heat,3,1,13,Missed Shot,Jump Shot,3PT Field Goal,Above the Break 3,Center(C),24+ ft.,25.0,-19.0,250.0,1,0,20141219,MIA,WAS
Shot Chart Detail,0021400388,367,202708,Norris Cole,1610612748,Miami Heat,3,0,0,Missed Shot,Driving Jump shot,2PT Field Goal,Mid-Range,Left Side(L),8-16 ft.,8.0,-82.0,19.0,1,0,20141219,MIA,WAS
Shot Chart Detail,0021400388,393,202708,Norris Cole,1610612748,Miami Heat,4,8,53,Made Shot,Jump Shot,2PT Field Goal,Mid-Range,Left Side(L),16-24 ft.,16.0,-161.0,7.0,1,1,20141219,MIA,WAS
Shot Chart Detail,0021400388,481,202708,Norris Cole,1610612748,Miami Heat,4,2,14,Missed Shot,Jump Shot,3PT Field Goal,Right Corner 3,Right Side(R),24+ ft.,24.0,236.0,55.0,1,0,20141219,MIA,WAS
Shot Chart Detail,0021400404,20,202708,Norris Cole,1610612748,Miami Heat,1,9,40,Made Shot,Driving Layup Shot,2PT Field Goal,Restricted Area,Center(C),Less Than 8 ft.,0.0,0.0,9.0,1,1,20141221,MIA,BOS
Shot Chart Detail,0021400404,67,202708,Norris Cole,1610612748,Miami Heat,1,3,34,Made Shot,Driving Layup Shot,2PT Field Goal,Restricted Area,Center(C),Less Than 8 ft.,0.0,2.0,7.0,1,1,20141221,MIA,BOS
Shot Chart Detail,0021400404,193,202708,Norris Cole,1610612748,Miami Heat,2,4,57,Made Shot,Driving Finger Roll Layup Shot,2PT Field Goal,Restricted Area,Center(C),Less Than 8 ft.,3.0,0.0,33.0,1,1,20141221,MIA,BOS
Shot Chart Detail,0021400404,216,202708,Norris Cole,1610612748,Miami Heat,2,3,4,Made Shot,Jump Shot,2PT Field Goal,In The Paint (Non-RA),Center(C),8-16 ft.,10.0,-49.0,96.0,1,1,20141221,MIA,BOS
Shot Chart Detail,0021400404,218,202708,Norris Cole,1610612748,Miami Heat,2,2,28,Missed Shot,Jump Shot,3PT Field Goal,Above the Break 3,Left Side Center(LC),24+ ft.,24.0,-210.0,134.0,1,0,20141221,MIA,BOS
Shot Chart Detail,0021400404,288,202708,Norris Cole,1610612748,Miami Heat,3,6,52,Made Shot,Driving Layup Shot,2PT Field Goal,Restricted Area,Center(C),Less Than 8 ft.,3.0,37.0,1.0,1,1,20141221,MIA,BOS
Shot Chart Detail,0021400404,297,202708,Norris Cole,1610612748,Miami Heat,3,5,42,Missed Shot,Driving Layup Shot,2PT Field Goal,Restricted Area,Center(C),Less Than 8 ft.,3.0,-27.0,19.0,1,0,20141221,MIA,BOS
Shot Chart Detail,0021400404,337,202708,Norris Cole,1610612748,Miami Heat,3,2,36,Missed Shot,Jump Shot,2PT Field Goal,In The Paint (Non-RA),Center(C),Less Than 8 ft.,7.0,69.0,28.0,1,0,20141221,MIA,BOS
Shot Chart Detail,0021400404,351,202708,Norris Cole,1610612748,Miami Heat,3,1,46,Missed Shot,Layup Shot,2PT Field Goal,Restricted Area,Center(C),Less Than 8 ft.,1.0,9.0,6.0,1,0,20141221,MIA,BOS
Shot Chart Detail,0021400404,356,202708,Norris Cole,1610612748,Miami Heat,3,1,4,Missed Shot,Jump Shot,3PT Field Goal,Above the Break 3,Left Side Center(LC),24+ ft.,24.0,-180.0,164.0,1,0,20141221,MIA,BOS
Shot Chart Detail,0021400404,452,202708,Norris Cole,1610612748,Miami Heat,4,4,19,Made Shot,Jump Shot,2PT Field Goal,Mid-Range,Right Side Center(RC),16-24 ft.,16.0,86.0,140.0,1,1,20141221,MIA,BOS
Shot Chart Detail,0021400404,462,202708,Norris Cole,1610612748,Miami Heat,4,3,29,Missed Shot,Layup Shot,2PT Field Goal,Restricted Area,Center(C),Less Than 8 ft.,0.0,2.0,1.0,1,0,20141221,MIA,BOS
Shot Chart Detail,0021400404,496,202708,Norris Cole,1610612748,Miami Heat,4,0,42,Made Shot,Floating Jump shot,2PT Field Goal,In The Paint (Non-RA),Center(C),8-16 ft.,11.0,9.0,116.0,1,1,20141221,MIA,BOS
Shot Chart Detail,0021400422,95,202708,Norris Cole,1610612748,Miami Heat,1,2,0,Missed Shot,Driving Layup Shot,2PT Field Goal,Restricted Area,Center(C),Less Than 8 ft.,1.0,-7.0,9.0,1,0,20141223,MIA,PHI
Shot Chart Detail,0021400422,98,202708,Norris Cole,1610612748,Miami Heat,1,1,50,Missed Shot,Driving Layup Shot,2PT Field Goal,Restricted Area,Center(C),Less Than 8 ft.,1.0,0.0,11.0,1,0,20141223,MIA,PHI
Shot Chart Detail,0021400422,132,202708,Norris Cole,1610612748,Miami Heat,2,10,58,Made Shot,Jump Shot,3PT Field Goal,Above the Break 3,Left Side Center(LC),24+ ft.,24.0,-149.0,198.0,1,1,20141223,MIA,PHI
Shot Chart Detail,0021400422,148,202708,Norris Cole,1610612748,Miami Heat,2,9,24,Made Shot,Driving Jump shot,2PT Field Goal,In The Paint (Non-RA),Left Side(L),8-16 ft.,8.0,-57.0,60.0,1,1,20141223,MIA,PHI
Shot Chart Detail,0021400422,194,202708,Norris Cole,1610612748,Miami Heat,2,6,29,Missed Shot,Jump Shot,2PT Field Goal,Mid-Range,Right Side Center(RC),16-24 ft.,20.0,67.0,189.0,1,0,20141223,MIA,PHI
Shot Chart Detail,0021400422,422,202708,Norris Cole,1610612748,Miami Heat,4,10,19,Missed Shot,Jump Shot,3PT Field Goal,Above the Break 3,Left Side Center(LC),24+ ft.,24.0,-190.0,157.0,1,0,20141223,MIA,PHI
Shot Chart Detail,0021400422,446,202708,Norris Cole,1610612748,Miami Heat,4,8,10,Missed Shot,Jump Shot,2PT Field Goal,Mid-Range,Left Side(L),16-24 ft.,18.0,-157.0,107.0,1,0,20141223,MIA,PHI
Shot Chart Detail,0021400422,452,202708,Norris Cole,1610612748,Miami Heat,4,7,47,Missed Shot,Jump Shot,3PT Field Goal,Left Corner 3,Left Side(L),24+ ft.,23.0,-232.0,-2.0,1,0,20141223,MIA,PHI
Shot Chart Detail,0021400429,85,202708,Norris Cole,1610612748,Miami Heat,1,2,31,Missed Shot,Running Hook Shot,2PT Field Goal,In The Paint (Non-RA),Center(C),Less Than 8 ft.,6.0,67.0,1.0,1,0,20141225,MIA,CLE
Shot Chart Detail,0021400429,119,202708,Norris Cole,1610612748,Miami Heat,1,0,2,Missed Shot,Jump Shot,2PT Field Goal,Mid-Range,Right Side(R),8-16 ft.,13.0,135.0,14.0,1,0,20141225,MIA,CLE
Shot Chart Detail,0021400429,130,202708,Norris Cole,1610612748,Miami Heat,2,11,37,Made Shot,Jump Shot,3PT Field Goal,Above the Break 3,Right Side Center(RC),24+ ft.,25.0,184.0,175.0,1,1,20141225,MIA,CLE
Shot Chart Detail,0021400429,145,202708,Norris Cole,1610612748,Miami Heat,2,10,12,Missed Shot,Jump Shot,2PT Field Goal,Mid-Range,Right Side Center(RC),16-24 ft.,21.0,146.0,151.0,1,0,20141225,MIA,CLE
Shot Chart Detail,0021400429,185,202708,Norris Cole,1610612748,Miami Heat,2,7,15,Made Shot,Jump Shot,2PT Field Goal,Mid-Range,Left Side(L),8-16 ft.,14.0,-81.0,126.0,1,1,20141225,MIA,CLE
Shot Chart Detail,0021400429,322,202708,Norris Cole,1610612748,Miami Heat,3,6,42,Missed Shot,Jump Shot,2PT Field Goal,Mid-Range,Right Side Center(RC),16-24 ft.,19.0,118.0,151.0,1,0,20141225,MIA,CLE
Shot Chart Detail,0021400429,474,202708,Norris Cole,1610612748,Miami Heat,4,5,37,Missed Shot,Jump Shot,3PT Field Goal,Above the Break 3,Left Side Center(LC),24+ ft.,25.0,-127.0,216.0,1,0,20141225,MIA,CLE
Shot Chart Detail,0021400446,38,202708,Norris Cole,1610612748,Miami Heat,1,6,40,Missed Shot,Jump Shot,3PT Field Goal,Above the Break 3,Left Side Center(LC),24+ ft.,24.0,-177.0,176.0,1,0,20141227,MIA,MEM
Shot Chart Detail,0021400446,67,202708,Norris Cole,1610612748,Miami Heat,1,3,12,Missed Shot,Reverse Layup Shot,2PT Field Goal,Restricted Area,Center(C),Less Than 8 ft.,1.0,1.0,15.0,1,0,20141227,MIA,MEM
Shot Chart Detail,0021400446,76,202708,Norris Cole,1610612748,Miami Heat,1,2,39,Missed Shot,Jump Shot,2PT Field Goal,In The Paint (Non-RA),Center(C),Less Than 8 ft.,5.0,-49.0,28.0,1,0,20141227,MIA,MEM
Shot Chart Detail,0021400446,100,202708,Norris Cole,1610612748,Miami Heat,1,0,0,Made Shot,Driving Layup Shot,2PT Field Goal,Restricted Area,Center(C),Less Than 8 ft.,0.0,-5.0,7.0,1,1,20141227,MIA,MEM
Shot Chart Detail,0021400446,137,202708,Norris Cole,1610612748,Miami Heat,2,7,53,Missed Shot,Jump Shot,3PT Field Goal,Above the Break 3,Left Side Center(LC),24+ ft.,26.0,-172.0,208.0,1,0,20141227,MIA,MEM
Shot Chart Detail,0021400446,152,202708,Norris Cole,1610612748,Miami Heat,2,6,4,Made Shot,Jump Shot,2PT Field Goal,Mid-Range,Left Side(L),16-24 ft.,20.0,-180.0,93.0,1,1,20141227,MIA,MEM
Shot Chart Detail,0021400446,213,202708,Norris Cole,1610612748,Miami Heat,2,1,1,Missed Shot,Jump Shot,3PT Field Goal,Right Corner 3,Right Side(R),24+ ft.,23.0,239.0,15.0,1,0,20141227,MIA,MEM
Shot Chart Detail,0021400446,367,202708,Norris Cole,1610612748,Miami Heat,4,11,23,Missed Shot,Jump Shot,3PT Field Goal,Above the Break 3,Right Side Center(RC),24+ ft.,25.0,187.0,167.0,1,0,20141227,MIA,MEM
Shot Chart Detail,0021400446,397,202708,Norris Cole,1610612748,Miami Heat,4,8,11,Made Shot,Jump Shot,3PT Field Goal,Above the Break 3,Right Side Center(RC),24+ ft.,25.0,110.0,228.0,1,1,20141227,MIA,MEM
Shot Chart Detail,0021400446,409,202708,Norris Cole,1610612748,Miami Heat,4,6,58,Missed Shot,Jump Shot,3PT Field Goal,Right Corner 3,Right Side(R),24+ ft.,23.0,237.0,9.0,1,0,20141227,MIA,MEM
Shot Chart Detail,0021400462,102,202708,Norris Cole,1610612748,Miami Heat,1,1,10,Missed Shot,Jump Shot,2PT Field Goal,Mid-Range,Center(C),16-24 ft.,20.0,7.0,200.0,1,0,20141229,MIA,ORL
Shot Chart Detail,0021400462,188,202708,Norris Cole,1610612748,Miami Heat,2,5,36,Missed Shot,Jump Shot,3PT Field Goal,Right Corner 3,Right Side(R),24+ ft.,23.0,234.0,7.0,1,0,20141229,MIA,ORL
Shot Chart Detail,0021400462,194,202708,Norris Cole,1610612748,Miami Heat,2,4,21,Made Shot,Jump Shot,2PT Field Goal,Mid-Range,Left Side(L),16-24 ft.,19.0,-196.0,-8.0,1,1,20141229,MIA,ORL
Shot Chart Detail,0021400462,199,202708,Norris Cole,1610612748,Miami Heat,2,3,17,Made Shot,Layup Shot,2PT Field Goal,Restricted Area,Center(C),Less Than 8 ft.,1.0,15.0,11.0,1,1,20141229,MIA,ORL
Shot Chart Detail,0021400462,370,202708,Norris Cole,1610612748,Miami Heat,4,9,46,Missed Shot,Jump Shot,3PT Field Goal,Above the Break 3,Left Side Center(LC),24+ ft.,24.0,-139.0,200.0,1,0,20141229,MIA,ORL
Shot Chart Detail,0021400476,149,202708,Norris Cole,1610612748,Miami Heat,2,8,47,Made Shot,Layup Shot,2PT Field Goal,Restricted Area,Center(C),Less Than 8 ft.,0.0,9.0,4.0,1,1,20141231,IND,MIA
Shot Chart Detail,0021400476,165,202708,Norris Cole,1610612748,Miami Heat,2,7,13,Made Shot,Floating Jump shot,2PT Field Goal,Mid-Range,Right Side(R),8-16 ft.,13.0,138.0,1.0,1,1,20141231,IND,MIA
Shot Chart Detail,0021400476,338,202708,Norris Cole,1610612748,Miami Heat,3,1,33,Missed Shot,Jump Shot,2PT Field Goal,Mid-Range,Left Side Center(LC),16-24 ft.,21.0,-160.0,143.0,1,0,20141231,IND,MIA
Shot Chart Detail,0021400476,403,202708,Norris Cole,1610612748,Miami Heat,4,8,35,Missed Shot,Jump Shot,3PT Field Goal,Above the Break 3,Left Side Center(LC),24+ ft.,26.0,-155.0,220.0,1,0,20141231,IND,MIA
Shot Chart Detail,0021400497,117,202708,Norris Cole,1610612748,Miami Heat,1,0,36,Made Shot,Jump Shot,2PT Field Goal,Mid-Range,Left Side Center(LC),16-24 ft.,23.0,-76.0,219.0,1,1,20150103,HOU,MIA
Shot Chart Detail,0021400497,139,202708,Norris Cole,1610612748,Miami Heat,2,10,50,Made Shot,Driving Layup Shot,2PT Field Goal,Restricted Area,Center(C),Less Than 8 ft.,0.0,-2.0,-5.0,1,1,20150103,HOU,MIA
Shot Chart Detail,0021400497,373,202708,Norris Cole,1610612748,Miami Heat,3,4,27,Missed Shot,Step Back Jump shot,2PT Field Goal,Mid-Range,Left Side Center(LC),16-24 ft.,16.0,-117.0,116.0,1,0,20150103,HOU,MIA
Shot Chart Detail,0021400497,428,202708,Norris Cole,1610612748,Miami Heat,3,0,38,Missed Shot,Running Reverse Layup Shot,2PT Field Goal,Restricted Area,Center(C),Less Than 8 ft.,1.0,10.0,9.0,1,0,20150103,HOU,MIA
Shot Chart Detail,0021400497,431,202708,Norris Cole,1610612748,Miami Heat,3,0,17,Missed Shot,Floating Jump shot,2PT Field Goal,In The Paint (Non-RA),Left Side(L),8-16 ft.,10.0,-54.0,86.0,1,0,20150103,HOU,MIA
Shot Chart Detail,0021400497,452,202708,Norris Cole,1610612748,Miami Heat,4,10,53,Made Shot,Driving Layup Shot,2PT Field Goal,Restricted Area,Center(C),Less Than 8 ft.,1.0,-8.0,9.0,1,1,20150103,HOU,MIA
Shot Chart Detail,0021400497,521,202708,Norris Cole,1610612748,Miami Heat,4,3,29,Missed Shot,Jump Shot,2PT Field Goal,Restricted Area,Center(C),Less Than 8 ft.,3.0,-30.0,20.0,1,0,20150103,HOU,MIA
Shot Chart Detail,0021400505,104,202708,Norris Cole,1610612748,Miami Heat,1,2,14,Made Shot,Jump Shot,3PT Field Goal,Above the Break 3,Center(C),24+ ft.,24.0,48.0,244.0,1,1,20150104,MIA,BKN
Shot Chart Detail,0021400505,155,202708,Norris Cole,1610612748,Miami Heat,2,9,51,Missed Shot,Jump Shot,3PT Field Goal,Above the Break 3,Right Side Center(RC),24+ ft.,24.0,113.0,220.0,1,0,20150104,MIA,BKN
Shot Chart Detail,0021400505,389,202708,Norris Cole,1610612748,Miami Heat,4,11,20,Made Shot,Driving Layup Shot,2PT Field Goal,Restricted Area,Center(C),Less Than 8 ft.,1.0,10.0,3.0,1,1,20150104,MIA,BKN
Shot Chart Detail,0021400537,166,202708,Norris Cole,1610612748,Miami Heat,2,6,49,Missed Shot,Jump Shot,3PT Field Goal,Above the Break 3,Right Side Center(RC),24+ ft.,26.0,152.0,216.0,1,0,20150108,POR,MIA
Shot Chart Detail,0021400537,341,202708,Norris Cole,1610612748,Miami Heat,3,1,45,Missed Shot,Jump Shot,3PT Field Goal,Above the Break 3,Center(C),24+ ft.,24.0,69.0,238.0,1,0,20150108,POR,MIA
Shot Chart Detail,0021400537,346,202708,Norris Cole,1610612748,Miami Heat,3,1,5,Made Shot,Driving Layup Shot,2PT Field Goal,Restricted Area,Center(C),Less Than 8 ft.,1.0,-19.0,-2.0,1,1,20150108,POR,MIA
Shot Chart Detail,0021400537,361,202708,Norris Cole,1610612748,Miami Heat,3,0,21,Made Shot,Running Hook Shot,2PT Field Goal,In The Paint (Non-RA),Center(C),Less Than 8 ft.,5.0,53.0,19.0,1,1,20150108,POR,MIA
Shot Chart Detail,0021400537,391,202708,Norris Cole,1610612748,Miami Heat,4,9,50,Missed Shot,Driving Layup Shot,2PT Field Goal,Restricted Area,Center(C),Less Than 8 ft.,2.0,21.0,-2.0,1,0,20150108,POR,MIA
Shot Chart Detail,0021400559,141,202708,Norris Cole,1610612748,Miami Heat,2,10,4,Made Shot,Driving Layup Shot,2PT Field Goal,Restricted Area,Center(C),Less Than 8 ft.,1.0,18.0,6.0,1,1,20150111,LAC,MIA
Shot Chart Detail,0021400559,180,202708,Norris Cole,1610612748,Miami Heat,2,6,33,Missed Shot,Jump Shot,3PT Field Goal,Right Corner 3,Right Side(R),24+ ft.,23.0,236.0,-3.0,1,0,20150111,LAC,MIA
Shot Chart Detail,0021400559,225,202708,Norris Cole,1610612748,Miami Heat,2,2,38,Made Shot,Jump Shot,3PT Field Goal,Above the Break 3,Left Side Center(LC),24+ ft.,25.0,-228.0,113.0,1,1,20150111,LAC,MIA
Shot Chart Detail,0021400559,481,202708,Norris Cole,1610612748,Miami Heat,4,2,19,Missed Shot,Jump Shot,3PT Field Goal,Left Corner 3,Left Side(L),24+ ft.,23.0,-231.0,-5.0,1,0,20150111,LAC,MIA
Shot Chart Detail,0021400573,46,202708,Norris Cole,1610612748,Miami Heat,1,6,44,Made Shot,Reverse Layup Shot,2PT Field Goal,Restricted Area,Center(C),Less Than 8 ft.,1.0,12.0,6.0,1,1,20150113,LAL,MIA
Shot Chart Detail,0021400573,247,202708,Norris Cole,1610612748,Miami Heat,2,1,39,Missed Shot,Jump Shot,3PT Field Goal,Above the Break 3,Left Side Center(LC),24+ ft.,25.0,-194.0,164.0,1,0,20150113,LAL,MIA
Shot Chart Detail,0021400573,258,202708,Norris Cole,1610612748,Miami Heat,2,1,15,Made Shot,Running Bank shot,2PT Field Goal,In The Paint (Non-RA),Center(C),Less Than 8 ft.,6.0,-46.0,42.0,1,1,20150113,LAL,MIA
Shot Chart Detail,0021400573,287,202708,Norris Cole,1610612748,Miami Heat,3,9,1,Missed Shot,Layup Shot,2PT Field Goal,Restricted Area,Center(C),Less Than 8 ft.,1.0,10.0,4.0,1,0,20150113,LAL,MIA
Shot Chart Detail,0021400573,317,202708,Norris Cole,1610612748,Miami Heat,3,5,52,Made Shot,Jump Shot,3PT Field Goal,Above the Break 3,Left Side Center(LC),24+ ft.,24.0,-131.0,208.0,1,1,20150113,LAL,MIA
Shot Chart Detail,0021400573,397,202708,Norris Cole,1610612748,Miami Heat,3,0,1,Missed Shot,Jump Shot,3PT Field Goal,Above the Break 3,Center(C),24+ ft.,26.0,-41.0,266.0,1,0,20150113,LAL,MIA
Shot Chart Detail,0021400582,87,202708,Norris Cole,1610612748,Miami Heat,1,2,22,Made Shot,Pullup Jump shot,2PT Field Goal,Mid-Range,Center(C),16-24 ft.,19.0,-52.0,186.0,1,1,20150114,GSW,MIA
Shot Chart Detail,0021400582,107,202708,Norris Cole,1610612748,Miami Heat,1,0,37,Missed Shot,Pullup Jump shot,2PT Field Goal,Mid-Range,Left Side(L),8-16 ft.,11.0,-90.0,77.0,1,0,20150114,GSW,MIA
Shot Chart Detail,0021400582,346,202708,Norris Cole,1610612748,Miami Heat,3,0,3,Missed Shot,Driving Jump shot,2PT Field Goal,In The Paint (Non-RA),Center(C),Less Than 8 ft.,7.0,-52.0,56.0,1,0,20150114,GSW,MIA
Shot Chart Detail,0021400582,351,202708,Norris Cole,1610612748,Miami Heat,4,11,47,Made Shot,Pullup Jump shot,2PT Field Goal,Mid-Range,Right Side(R),8-16 ft.,15.0,155.0,34.0,1,1,20150114,GSW,MIA
Shot Chart Detail,0021400582,396,202708,Norris Cole,1610612748,Miami Heat,4,7,34,Missed Shot,Pullup Jump shot,2PT Field Goal,Mid-Range,Left Side Center(LC),16-24 ft.,16.0,-131.0,108.0,1,0,20150114,GSW,MIA
Shot Chart Detail,0021400598,365,202708,Norris Cole,1610612748,Miami Heat,3,0,56,Missed Shot,Jump Shot,3PT Field Goal,Left Corner 3,Left Side(L),24+ ft.,23.0,-237.0,28.0,1,0,20150116,SAC,MIA
Shot Chart Detail,0021400598,381,202708,Norris Cole,1610612748,Miami Heat,4,10,50,Missed Shot,Jump Shot,2PT Field Goal,In The Paint (Non-RA),Center(C),Less Than 8 ft.,4.0,-37.0,28.0,1,0,20150116,SAC,MIA
Shot Chart Detail,0021400623,140,202708,Norris Cole,1610612748,Miami Heat,2,11,24,Missed Shot,Jump Shot,3PT Field Goal,Right Corner 3,Right Side(R),24+ ft.,24.0,242.0,4.0,1,0,20150120,MIA,OKC
Shot Chart Detail,0021400623,408,202708,Norris Cole,1610612748,Miami Heat,4,10,19,Made Shot,Driving Layup Shot,2PT Field Goal,Restricted Area,Center(C),Less Than 8 ft.,1.0,4.0,14.0,1,1,20150120,MIA,OKC
Shot Chart Detail,0021400623,428,202708,Norris Cole,1610612748,Miami Heat,4,8,5,Made Shot,Jump Shot,2PT Field Goal,Mid-Range,Left Side(L),16-24 ft.,19.0,-193.0,7.0,1,1,20150120,MIA,OKC
Shot Chart Detail,0021400623,457,202708,Norris Cole,1610612748,Miami Heat,4,4,45,Missed Shot,Jump Shot,2PT Field Goal,Mid-Range,Left Side Center(LC),16-24 ft.,17.0,-95.0,148.0,1,0,20150120,MIA,OKC
Shot Chart Detail,0021400623,481,202708,Norris Cole,1610612748,Miami Heat,4,1,57,Missed Shot,Driving Layup Shot,2PT Field Goal,Restricted Area,Center(C),Less Than 8 ft.,2.0,20.0,0.0,1,0,20150120,MIA,OKC
Shot Chart Detail,0021400625,216,202708,Norris Cole,1610612748,Miami Heat,2,4,9,Missed Shot,Driving Layup Shot,2PT Field Goal,Restricted Area,Center(C),Less Than 8 ft.,1.0,15.0,12.0,1,0,20150121,CHA,MIA
Shot Chart Detail,0021400625,236,202708,Norris Cole,1610612748,Miami Heat,2,2,34,Made Shot,Jump Shot,2PT Field Goal,Mid-Range,Right Side Center(RC),16-24 ft.,18.0,135.0,124.0,1,1,20150121,CHA,MIA
Shot Chart Detail,0021400644,183,202708,Norris Cole,1610612748,Miami Heat,2,5,47,Missed Shot,Jump Shot,2PT Field Goal,Mid-Range,Right Side(R),16-24 ft.,16.0,163.0,1.0,1,0,20150123,MIA,IND
Shot Chart Detail,0021400644,200,202708,Norris Cole,1610612748,Miami Heat,2,4,34,Missed Shot,Jump Shot,3PT Field Goal,Above the Break 3,Center(C),24+ ft.,24.0,-23.0,244.0,1,0,20150123,MIA,IND
Shot Chart Detail,0021400644,221,202708,Norris Cole,1610612748,Miami Heat,2,2,47,Made Shot,Floating Jump shot,2PT Field Goal,In The Paint (Non-RA),Left Side(L),8-16 ft.,10.0,-73.0,71.0,1,1,20150123,MIA,IND
Shot Chart Detail,0021400644,473,202708,Norris Cole,1610612748,Miami Heat,4,3,42,Missed Shot,Jump Shot,3PT Field Goal,Above the Break 3,Right Side Center(RC),24+ ft.,25.0,193.0,164.0,1,0,20150123,MIA,IND
Shot Chart Detail,0021400677,309,202708,Norris Cole,1610612748,Miami Heat,3,5,2,Missed Shot,Driving Layup Shot,2PT Field Goal,Restricted Area,Center(C),Less Than 8 ft.,1.0,18.0,6.0,1,0,20150127,MIA,MIL
Shot Chart Detail,0021400677,318,202708,Norris Cole,1610612748,Miami Heat,3,3,54,Made Shot,Jump Shot,3PT Field Goal,Above the Break 3,Center(C),24+ ft.,25.0,0.0,252.0,1,1,20150127,MIA,MIL
Shot Chart Detail,0021400677,370,202708,Norris Cole,1610612748,Miami Heat,4,11,40,Made Shot,Driving Layup Shot,2PT Field Goal,Restricted Area,Center(C),Less Than 8 ft.,1.0,-2.0,11.0,1,1,20150127,MIA,MIL
Shot Chart Detail,0021400677,375,202708,Norris Cole,1610612748,Miami Heat,4,11,3,Missed Shot,Jump Shot,3PT Field Goal,Above the Break 3,Left Side Center(LC),24+ ft.,25.0,-185.0,173.0,1,0,20150127,MIA,MIL
Shot Chart Detail,0021400677,395,202708,Norris Cole,1610612748,Miami Heat,4,9,5,Made Shot,Driving Reverse Layup Shot,2PT Field Goal,Restricted Area,Center(C),Less Than 8 ft.,1.0,15.0,11.0,1,1,20150127,MIA,MIL
Shot Chart Detail,0021400677,446,202708,Norris Cole,1610612748,Miami Heat,4,5,4,Missed Shot,Step Back Jump shot,2PT Field Goal,Mid-Range,Right Side(R),16-24 ft.,18.0,166.0,85.0,1,0,20150127,MIA,MIL
Shot Chart Detail,0021400677,449,202708,Norris Cole,1610612748,Miami Heat,4,4,22,Missed Shot,Jump Shot,3PT Field Goal,Right Corner 3,Right Side(R),24+ ft.,24.0,241.0,39.0,1,0,20150127,MIA,MIL
Shot Chart Detail,0021400702,70,202708,Norris Cole,1610612748,Miami Heat,1,5,6,Missed Shot,Jump Shot,3PT Field Goal,Right Corner 3,Right Side(R),24+ ft.,23.0,239.0,20.0,1,0,20150130,MIA,DAL
Shot Chart Detail,0021400702,80,202708,Norris Cole,1610612748,Miami Heat,1,4,17,Missed Shot,Driving Layup Shot,2PT Field Goal,Restricted Area,Center(C),Less Than 8 ft.,2.0,26.0,3.0,1,0,20150130,MIA,DAL
Shot Chart Detail,0021400702,104,202708,Norris Cole,1610612748,Miami Heat,1,3,9,Missed Shot,Driving Layup Shot,2PT Field Goal,Restricted Area,Center(C),Less Than 8 ft.,2.0,13.0,20.0,1,0,20150130,MIA,DAL
Shot Chart Detail,0021400702,127,202708,Norris Cole,1610612748,Miami Heat,1,1,13,Missed Shot,Jump Shot,2PT Field Goal,Mid-Range,Left Side Center(LC),16-24 ft.,16.0,-76.0,143.0,1,0,20150130,MIA,DAL
Shot Chart Detail,0021400702,137,202708,Norris Cole,1610612748,Miami Heat,1,0,9,Missed Shot,Jump Shot,2PT Field Goal,Mid-Range,Right Side(R),8-16 ft.,15.0,118.0,93.0,1,0,20150130,MIA,DAL
Shot Chart Detail,0021400702,165,202708,Norris Cole,1610612748,Miami Heat,2,10,7,Made Shot,Floating Jump shot,2PT Field Goal,In The Paint (Non-RA),Center(C),8-16 ft.,8.0,7.0,88.0,1,1,20150130,MIA,DAL
Shot Chart Detail,0021400702,204,202708,Norris Cole,1610612748,Miami Heat,2,6,33,Missed Shot,Jump Shot,2PT Field Goal,Mid-Range,Right Side(R),16-24 ft.,20.0,204.0,19.0,1,0,20150130,MIA,DAL
Shot Chart Detail,0021400702,362,202708,Norris Cole,1610612748,Miami Heat,3,3,41,Missed Shot,Jump Shot,2PT Field Goal,Mid-Range,Center(C),16-24 ft.,18.0,47.0,176.0,1,0,20150130,MIA,DAL
Shot Chart Detail,0021400702,396,202708,Norris Cole,1610612748,Miami Heat,3,1,3,Missed Shot,Jump Shot,2PT Field Goal,Mid-Range,Left Side(L),8-16 ft.,10.0,-101.0,7.0,1,0,20150130,MIA,DAL
Shot Chart Detail,0021400702,415,202708,Norris Cole,1610612748,Miami Heat,4,11,18,Missed Shot,Jump Shot,2PT Field Goal,Mid-Range,Right Side(R),16-24 ft.,20.0,201.0,4.0,1,0,20150130,MIA,DAL
Shot Chart Detail,0021400716,111,202708,Norris Cole,1610612748,Miami Heat,1,1,35,Missed Shot,Driving Layup Shot,2PT Field Goal,Restricted Area,Center(C),Less Than 8 ft.,2.0,-21.0,3.0,1,0,20150201,BOS,MIA
Shot Chart Detail,0021400716,159,202708,Norris Cole,1610612748,Miami Heat,2,8,31,Made Shot,Jump Shot,2PT Field Goal,Mid-Range,Right Side(R),8-16 ft.,15.0,116.0,99.0,1,1,20150201,BOS,MIA
Shot Chart Detail,0021400716,364,202708,Norris Cole,1610612748,Miami Heat,3,0,21,Missed Shot,Driving Jump shot,2PT Field Goal,In The Paint (Non-RA),Center(C),Less Than 8 ft.,4.0,-46.0,9.0,1,0,20150201,BOS,MIA
Shot Chart Detail,0021400716,427,202708,Norris Cole,1610612748,Miami Heat,4,6,2,Missed Shot,Jump Shot,2PT Field Goal,Restricted Area,Center(C),Less Than 8 ft.,3.0,29.0,19.0,1,0,20150201,BOS,MIA
Shot Chart Detail,0021400716,478,202708,Norris Cole,1610612748,Miami Heat,4,1,7,Made Shot,Jump Shot,2PT Field Goal,Mid-Range,Left Side Center(LC),16-24 ft.,20.0,-136.0,154.0,1,1,20150201,BOS,MIA
Shot Chart Detail,0021400727,100,202708,Norris Cole,1610612748,Miami Heat,1,1,48,Missed Shot,Jump Shot,2PT Field Goal,Mid-Range,Left Side(L),16-24 ft.,18.0,-182.0,41.0,1,0,20150203,DET,MIA
Shot Chart Detail,0021400727,175,202708,Norris Cole,1610612748,Miami Heat,2,5,56,Missed Shot,Jump Shot,2PT Field Goal,In The Paint (Non-RA),Center(C),Less Than 8 ft.,5.0,-49.0,12.0,1,0,20150203,DET,MIA
Shot Chart Detail,0021400727,323,202708,Norris Cole,1610612748,Miami Heat,3,1,38,Missed Shot,Jump Shot,2PT Field Goal,Mid-Range,Right Side(R),16-24 ft.,18.0,184.0,20.0,1,0,20150203,DET,MIA
Shot Chart Detail,0021400727,327,202708,Norris Cole,1610612748,Miami Heat,3,1,14,Missed Shot,Jump Shot,2PT Field Goal,In The Paint (Non-RA),Center(C),Less Than 8 ft.,5.0,-11.0,53.0,1,0,20150203,DET,MIA
Shot Chart Detail,0021400727,417,202708,Norris Cole,1610612748,Miami Heat,4,5,21,Made Shot,Driving Layup Shot,2PT Field Goal,Restricted Area,Center(C),Less Than 8 ft.,1.0,0.0,12.0,1,1,20150203,DET,MIA
Shot Chart Detail,0021400737,118,202708,Norris Cole,1610612748,Miami Heat,2,10,52,Missed Shot,Jump Shot,2PT Field Goal,Mid-Range,Right Side Center(RC),16-24 ft.,20.0,124.0,160.0,1,0,20150204,MIN,MIA
Shot Chart Detail,0021400737,123,202708,Norris Cole,1610612748,Miami Heat,2,10,24,Made Shot,Running Jump Shot,2PT Field Goal,Mid-Range,Left Side(L),8-16 ft.,9.0,-93.0,20.0,1,1,20150204,MIN,MIA
Shot Chart Detail,0021400737,132,202708,Norris Cole,1610612748,Miami Heat,2,9,28,Made Shot,Driving Layup Shot,2PT Field Goal,Restricted Area,Center(C),Less Than 8 ft.,0.0,-4.0,-3.0,1,1,20150204,MIN,MIA
Shot Chart Detail,0021400737,146,202708,Norris Cole,1610612748,Miami Heat,2,8,47,Missed Shot,Running Jump Shot,2PT Field Goal,In The Paint (Non-RA),Center(C),Less Than 8 ft.,5.0,1.0,50.0,1,0,20150204,MIN,MIA
Shot Chart Detail,0021400737,156,202708,Norris Cole,1610612748,Miami Heat,2,8,11,Made Shot,Jump Shot,2PT Field Goal,Mid-Range,Center(C),16-24 ft.,19.0,34.0,192.0,1,1,20150204,MIN,MIA
Shot Chart Detail,0021400737,374,202708,Norris Cole,1610612748,Miami Heat,3,0,40,Missed Shot,Reverse Layup Shot,2PT Field Goal,Restricted Area,Center(C),Less Than 8 ft.,2.0,23.0,0.0,1,0,20150204,MIN,MIA
Shot Chart Detail,0021400737,377,202708,Norris Cole,1610612748,Miami Heat,3,0,9,Missed Shot,Floating Jump shot,2PT Field Goal,Mid-Range,Right Side(R),8-16 ft.,11.0,110.0,47.0,1,0,20150204,MIN,MIA
Shot Chart Detail,0021400737,399,202708,Norris Cole,1610612748,Miami Heat,4,9,47,Made Shot,Jump Shot,3PT Field Goal,Right Corner 3,Right Side(R),24+ ft.,22.0,226.0,1.0,1,1,20150204,MIN,MIA
Shot Chart Detail,0021400737,406,202708,Norris Cole,1610612748,Miami Heat,4,9,16,Missed Shot,Floating Jump shot,2PT Field Goal,Mid-Range,Left Side Center(LC),16-24 ft.,20.0,-153.0,140.0,1,0,20150204,MIN,MIA
Shot Chart Detail,0021400737,484,202708,Norris Cole,1610612748,Miami Heat,4,2,35,Made Shot,Jump Shot,3PT Field Goal,Above the Break 3,Center(C),24+ ft.,24.0,29.0,246.0,1,1,20150204,MIN,MIA
Shot Chart Detail,0021400737,503,202708,Norris Cole,1610612748,Miami Heat,4,0,2,Missed Shot,Jump Shot,3PT Field Goal,Above the Break 3,Right Side Center(RC),24+ ft.,25.0,155.0,200.0,1,0,20150204,MIN,MIA
Shot Chart Detail,0021400757,116,202708,Norris Cole,1610612748,Miami Heat,2,10,42,Made Shot,Driving Layup Shot,2PT Field Goal,Restricted Area,Center(C),Less Than 8 ft.,1.0,-13.0,7.0,1,1,20150206,SAS,MIA
Shot Chart Detail,0021400757,132,202708,Norris Cole,1610612748,Miami Heat,2,8,48,Made Shot,Running Layup Shot,2PT Field Goal,Restricted Area,Center(C),Less Than 8 ft.,2.0,-27.0,9.0,1,1,20150206,SAS,MIA
Shot Chart Detail,0021400757,337,202708,Norris Cole,1610612748,Miami Heat,4,9,44,Missed Shot,Jump Shot,3PT Field Goal,Above the Break 3,Left Side Center(LC),24+ ft.,25.0,-149.0,206.0,1,0,20150206,SAS,MIA
Shot Chart Detail,0021400757,348,202708,Norris Cole,1610612748,Miami Heat,4,8,34,Missed Shot,Turnaround Bank shot,2PT Field Goal,In The Paint (Non-RA),Center(C),Less Than 8 ft.,6.0,-65.0,15.0,1,0,20150206,SAS,MIA
Shot Chart Detail,0021400777,118,202708,Norris Cole,1610612748,Miami Heat,1,0,5,Made Shot,Jump Shot,3PT Field Goal,Right Corner 3,Right Side(R),24+ ft.,24.0,242.0,-8.0,1,1,20150209,MIA,NYK
Shot Chart Detail,0021400777,143,202708,Norris Cole,1610612748,Miami Heat,2,10,12,Made Shot,Driving Layup Shot,2PT Field Goal,Restricted Area,Center(C),Less Than 8 ft.,1.0,13.0,4.0,1,1,20150209,MIA,NYK
Shot Chart Detail,0021400777,200,202708,Norris Cole,1610612748,Miami Heat,2,5,20,Made Shot,Jump Shot,3PT Field Goal,Above the Break 3,Right Side Center(RC),24+ ft.,25.0,215.0,131.0,1,1,20150209,MIA,NYK
Shot Chart Detail,0021400777,371,202708,Norris Cole,1610612748,Miami Heat,3,4,6,Missed Shot,Driving Layup Shot,2PT Field Goal,Restricted Area,Center(C),Less Than 8 ft.,1.0,-13.0,11.0,1,0,20150209,MIA,NYK
Shot Chart Detail,0021400777,469,202708,Norris Cole,1610612748,Miami Heat,4,5,54,Missed Shot,Jump Shot,3PT Field Goal,Left Corner 3,Left Side(L),24+ ft.,23.0,-234.0,6.0,1,0,20150209,MIA,NYK
Shot Chart Detail,0021400777,498,202708,Norris Cole,1610612748,Miami Heat,4,2,19,Made Shot,Jump Shot,2PT Field Goal,Restricted Area,Center(C),Less Than 8 ft.,3.0,-38.0,4.0,1,1,20150209,MIA,NYK
Shot Chart Detail,0021400796,79,202708,Norris Cole,1610612748,Miami Heat,1,2,29,Made Shot,Floating Jump shot,2PT Field Goal,In The Paint (Non-RA),Right Side(R),8-16 ft.,8.0,80.0,19.0,1,1,20150211,CLE,MIA
Shot Chart Detail,0021400796,108,202708,Norris Cole,1610612748,Miami Heat,2,11,19,Missed Shot,Jump Shot,3PT Field Goal,Above the Break 3,Left Side Center(LC),24+ ft.,25.0,-130.0,220.0,1,0,20150211,CLE,MIA
Shot Chart Detail,0021400796,125,202708,Norris Cole,1610612748,Miami Heat,2,9,57,Missed Shot,Jump Shot,2PT Field Goal,Mid-Range,Right Side(R),8-16 ft.,15.0,155.0,-10.0,1,0,20150211,CLE,MIA
Shot Chart Detail,0021400796,378,202708,Norris Cole,1610612748,Miami Heat,3,0,38,Missed Shot,Floating Jump shot,2PT Field Goal,Mid-Range,Right Side(R),8-16 ft.,12.0,110.0,60.0,1,0,20150211,CLE,MIA
Shot Chart Detail,0021400796,417,202708,Norris Cole,1610612748,Miami Heat,4,9,52,Missed Shot,Jump Shot,3PT Field Goal,Above the Break 3,Right Side Center(RC),24+ ft.,25.0,83.0,239.0,1,0,20150211,CLE,MIA
Shot Chart Detail,0021400796,434,202708,Norris Cole,1610612748,Miami Heat,4,8,43,Made Shot,Jump Shot,2PT Field Goal,Mid-Range,Right Side Center(RC),16-24 ft.,21.0,143.0,154.0,1,1,20150211,CLE,MIA
Shot Chart Detail,0021400796,471,202708,Norris Cole,1610612748,Miami Heat,4,6,0,Made Shot,Jump Shot,3PT Field Goal,Above the Break 3,Left Side Center(LC),24+ ft.,26.0,-193.0,175.0,1,1,20150211,CLE,MIA
Shot Chart Detail,0021400817,80,202708,Norris Cole,1610612740,New Orleans Pelicans,1,3,42,Missed Shot,Driving Finger Roll Layup Shot,2PT Field Goal,Restricted Area,Center(C),Less Than 8 ft.,2.0,-19.0,19.0,1,0,20150221,MIA,NOP
Shot Chart Detail,0021400817,115,202708,Norris Cole,1610612740,New Orleans Pelicans,1,1,21,Missed Shot,Jump Shot,3PT Field Goal,Above the Break 3,Right Side Center(RC),24+ ft.,25.0,184.0,173.0,1,0,20150221,MIA,NOP
Shot Chart Detail,0021400817,127,202708,Norris Cole,1610612740,New Orleans Pelicans,1,0,14,Made Shot,Jump Shot,3PT Field Goal,Left Corner 3,Left Side(L),24+ ft.,23.0,-232.0,-11.0,1,1,20150221,MIA,NOP
Shot Chart Detail,0021400817,273,202708,Norris Cole,1610612740,New Orleans Pelicans,2,0,40,Made Shot,Driving Layup Shot,2PT Field Goal,Restricted Area,Center(C),Less Than 8 ft.,0.0,-5.0,6.0,1,1,20150221,MIA,NOP
Shot Chart Detail,0021400817,418,202708,Norris Cole,1610612740,New Orleans Pelicans,3,0,47,Made Shot,Driving Layup Shot,2PT Field Goal,Restricted Area,Center(C),Less Than 8 ft.,1.0,-2.0,14.0,1,1,20150221,MIA,NOP
Shot Chart Detail,0021400817,458,202708,Norris Cole,1610612740,New Orleans Pelicans,4,8,52,Made Shot,Driving Layup Shot,2PT Field Goal,Restricted Area,Center(C),Less Than 8 ft.,1.0,-11.0,6.0,1,1,20150221,MIA,NOP
Shot Chart Detail,0021400817,465,202708,Norris Cole,1610612740,New Orleans Pelicans,4,7,56,Missed Shot,Floating Jump shot,2PT Field Goal,In The Paint (Non-RA),Center(C),Less Than 8 ft.,7.0,-46.0,63.0,1,0,20150221,MIA,NOP
Shot Chart Detail,0021400817,471,202708,Norris Cole,1610612740,New Orleans Pelicans,4,7,39,Missed Shot,Layup Shot,2PT Field Goal,Restricted Area,Center(C),Less Than 8 ft.,1.0,12.0,14.0,1,0,20150221,MIA,NOP
Shot Chart Detail,0021400817,537,202708,Norris Cole,1610612740,New Orleans Pelicans,4,3,24,Missed Shot,Jump Shot,3PT Field Goal,Right Corner 3,Right Side(R),24+ ft.,24.0,241.0,52.0,1,0,20150221,MIA,NOP
Shot Chart Detail,0021400833,95,202708,Norris Cole,1610612740,New Orleans Pelicans,1,2,14,Missed Shot,Layup Shot,2PT Field Goal,Restricted Area,Center(C),Less Than 8 ft.,2.0,-23.0,1.0,1,0,20150223,NOP,TOR
Shot Chart Detail,0021400833,100,202708,Norris Cole,1610612740,New Orleans Pelicans,1,1,52,Made Shot,Jump Shot,2PT Field Goal,Mid-Range,Right Side Center(RC),16-24 ft.,22.0,151.0,160.0,1,1,20150223,NOP,TOR
Shot Chart Detail,0021400833,114,202708,Norris Cole,1610612740,New Orleans Pelicans,1,0,53,Missed Shot,Jump Shot,2PT Field Goal,Mid-Range,Left Side Center(LC),16-24 ft.,19.0,-125.0,149.0,1,0,20150223,NOP,TOR
Shot Chart Detail,0021400833,146,202708,Norris Cole,1610612740,New Orleans Pelicans,2,9,51,Missed Shot,Jump Shot,2PT Field Goal,In The Paint (Non-RA),Center(C),8-16 ft.,8.0,-8.0,83.0,1,0,20150223,NOP,TOR
Shot Chart Detail,0021400833,396,202708,Norris Cole,1610612740,New Orleans Pelicans,4,10,56,Made Shot,Pullup Jump shot,2PT Field Goal,Mid-Range,Center(C),16-24 ft.,17.0,-21.0,176.0,1,1,20150223,NOP,TOR
Shot Chart Detail,0021400833,402,202708,Norris Cole,1610612740,New Orleans Pelicans,4,10,18,Made Shot,Jump Shot,3PT Field Goal,Above the Break 3,Right Side Center(RC),24+ ft.,26.0,233.0,124.0,1,1,20150223,NOP,TOR
Shot Chart Detail,0021400833,408,202708,Norris Cole,1610612740,New Orleans Pelicans,4,9,26,Made Shot,Layup Shot,2PT Field Goal,Restricted Area,Center(C),Less Than 8 ft.,2.0,15.0,15.0,1,1,20150223,NOP,TOR
Shot Chart Detail,0021400833,427,202708,Norris Cole,1610612740,New Orleans Pelicans,4,7,45,Made Shot,Driving Layup Shot,2PT Field Goal,Restricted Area,Center(C),Less Than 8 ft.,1.0,-11.0,12.0,1,1,20150223,NOP,TOR
Shot Chart Detail,0021400833,446,202708,Norris Cole,1610612740,New Orleans Pelicans,4,6,25,Missed Shot,Jump Shot,3PT Field Goal,Above the Break 3,Left Side Center(LC),24+ ft.,26.0,-168.0,201.0,1,0,20150223,NOP,TOR
Shot Chart Detail,0021400833,476,202708,Norris Cole,1610612740,New Orleans Pelicans,4,3,41,Made Shot,Running Jump Shot,2PT Field Goal,Mid-Range,Left Side Center(LC),16-24 ft.,18.0,-71.0,173.0,1,1,20150223,NOP,TOR
Shot Chart Detail,0021400833,478,202708,Norris Cole,1610612740,New Orleans Pelicans,4,3,13,Made Shot,Pullup Jump shot,2PT Field Goal,Mid-Range,Left Side Center(LC),16-24 ft.,18.0,-117.0,149.0,1,1,20150223,NOP,TOR
Shot Chart Detail,0021400849,115,202708,Norris Cole,1610612740,New Orleans Pelicans,1,1,25,Made Shot,Jump Shot,3PT Field Goal,Above the Break 3,Center(C),24+ ft.,25.0,45.0,246.0,1,1,20150225,NOP,BKN
Shot Chart Detail,0021400849,140,202708,Norris Cole,1610612740,New Orleans Pelicans,2,11,7,Missed Shot,Jump Shot,3PT Field Goal,Above the Break 3,Right Side Center(RC),24+ ft.,25.0,140.0,209.0,1,0,20150225,NOP,BKN
Shot Chart Detail,0021400849,191,202708,Norris Cole,1610612740,New Orleans Pelicans,2,4,44,Made Shot,Running Jump Shot,2PT Field Goal,In The Paint (Non-RA),Center(C),8-16 ft.,13.0,-56.0,123.0,1,1,20150225,NOP,BKN
Shot Chart Detail,0021400849,241,202708,Norris Cole,1610612740,New Orleans Pelicans,2,0,3,Made Shot,Jump Shot,3PT Field Goal,,,,,,,1,1,20150225,NOP,BKN
Shot Chart Detail,0021400849,406,202708,Norris Cole,1610612740,New Orleans Pelicans,4,9,32,Made Shot,Running Jump Shot,2PT Field Goal,Mid-Range,Left Side Center(LC),16-24 ft.,19.0,-125.0,156.0,1,1,20150225,NOP,BKN
Shot Chart Detail,0021400849,423,202708,Norris Cole,1610612740,New Orleans Pelicans,4,8,4,Missed Shot,Jump Shot,3PT Field Goal,Above the Break 3,Left Side Center(LC),24+ ft.,25.0,-114.0,224.0,1,0,20150225,NOP,BKN
Shot Chart Detail,0021400849,437,202708,Norris Cole,1610612740,New Orleans Pelicans,4,6,51,Missed Shot,Jump Shot,2PT Field Goal,Mid-Range,Right Side(R),16-24 ft.,21.0,212.0,14.0,1,0,20150225,NOP,BKN
Shot Chart Detail,0021400865,91,202708,Norris Cole,1610612740,New Orleans Pelicans,1,2,6,Missed Shot,Layup Shot,2PT Field Goal,Restricted Area,Center(C),Less Than 8 ft.,2.0,-15.0,17.0,1,0,20150227,NOP,MIA
Shot Chart Detail,0021400865,104,202708,Norris Cole,1610612740,New Orleans Pelicans,1,0,42,Missed Shot,Jump Shot,2PT Field Goal,Mid-Range,Left Side Center(LC),16-24 ft.,20.0,-138.0,145.0,1,0,20150227,NOP,MIA
Shot Chart Detail,0021400865,169,202708,Norris Cole,1610612740,New Orleans Pelicans,2,6,6,Missed Shot,Jump Shot,3PT Field Goal,Left Corner 3,Left Side(L),24+ ft.,23.0,-234.0,4.0,1,0,20150227,NOP,MIA
Shot Chart Detail,0021400865,174,202708,Norris Cole,1610612740,New Orleans Pelicans,2,5,19,Missed Shot,Jump Shot,3PT Field Goal,Above the Break 3,Right Side Center(RC),24+ ft.,25.0,119.0,230.0,1,0,20150227,NOP,MIA
Shot Chart Detail,0021400865,177,202708,Norris Cole,1610612740,New Orleans Pelicans,2,4,54,Missed Shot,Driving Layup Shot,2PT Field Goal,Restricted Area,Center(C),Less Than 8 ft.,2.0,7.0,22.0,1,0,20150227,NOP,MIA
Shot Chart Detail,0021400865,317,202708,Norris Cole,1610612740,New Orleans Pelicans,3,2,40,Missed Shot,Jump Shot,3PT Field Goal,Above the Break 3,Right Side Center(RC),24+ ft.,26.0,125.0,236.0,1,0,20150227,NOP,MIA
Shot Chart Detail,0021400865,357,202708,Norris Cole,1610612740,New Orleans Pelicans,3,0,3,Missed Shot,Jump Shot,2PT Field Goal,In The Paint (Non-RA),Right Side(R),8-16 ft.,9.0,59.0,78.0,1,0,20150227,NOP,MIA
Shot Chart Detail,0021400865,412,202708,Norris Cole,1610612740,New Orleans Pelicans,4,8,5,Missed Shot,Jump Shot,2PT Field Goal,Mid-Range,Left Side Center(LC),16-24 ft.,18.0,-136.0,119.0,1,0,20150227,NOP,MIA
Shot Chart Detail,0021400865,422,202708,Norris Cole,1610612740,New Orleans Pelicans,4,7,25,Missed Shot,Layup Shot,2PT Field Goal,Restricted Area,Center(C),Less Than 8 ft.,2.0,-29.0,1.0,1,0,20150227,NOP,MIA
Shot Chart Detail,0021400865,433,202708,Norris Cole,1610612740,New Orleans Pelicans,4,6,46,Missed Shot,Jump Shot,2PT Field Goal,In The Paint (Non-RA),Center(C),Less Than 8 ft.,5.0,-46.0,37.0,1,0,20150227,NOP,MIA
Shot Chart Detail,0021400884,63,202708,Norris Cole,1610612740,New Orleans Pelicans,1,3,21,Made Shot,Layup Shot,2PT Field Goal,Restricted Area,Center(C),Less Than 8 ft.,1.0,9.0,15.0,1,1,20150301,DEN,NOP
Shot Chart Detail,0021400884,70,202708,Norris Cole,1610612740,New Orleans Pelicans,1,2,52,Made Shot,Jump Shot,2PT Field Goal,Mid-Range,Left Side(L),16-24 ft.,21.0,-199.0,74.0,1,1,20150301,DEN,NOP
Shot Chart Detail,0021400884,104,202708,Norris Cole,1610612740,New Orleans Pelicans,1,0,0,Missed Shot,Jump Shot,3PT Field Goal,Backcourt,Back Court(BC),Back Court Shot,53.0,92.0,526.0,1,0,20150301,DEN,NOP
Shot Chart Detail,0021400884,127,202708,Norris Cole,1610612740,New Orleans Pelicans,2,9,23,Missed Shot,Jump Shot,3PT Field Goal,Right Corner 3,Right Side(R),24+ ft.,23.0,236.0,6.0,1,0,20150301,DEN,NOP
Shot Chart Detail,0021400884,167,202708,Norris Cole,1610612740,New Orleans Pelicans,2,5,47,Made Shot,Driving Layup Shot,2PT Field Goal,Restricted Area,Center(C),Less Than 8 ft.,2.0,-15.0,14.0,1,1,20150301,DEN,NOP
Shot Chart Detail,0021400884,183,202708,Norris Cole,1610612740,New Orleans Pelicans,2,4,0,Missed Shot,Layup Shot,2PT Field Goal,Restricted Area,Center(C),Less Than 8 ft.,1.0,-13.0,9.0,1,0,20150301,DEN,NOP
Shot Chart Detail,0021400884,296,202708,Norris Cole,1610612740,New Orleans Pelicans,3,5,33,Missed Shot,Jump Shot,3PT Field Goal,Above the Break 3,Right Side Center(RC),24+ ft.,25.0,168.0,197.0,1,0,20150301,DEN,NOP
Shot Chart Detail,0021400884,356,202708,Norris Cole,1610612740,New Orleans Pelicans,3,1,48,Made Shot,Jump Shot,2PT Field Goal,Mid-Range,Left Side(L),16-24 ft.,18.0,-179.0,39.0,1,1,20150301,DEN,NOP
Shot Chart Detail,0021400884,394,202708,Norris Cole,1610612740,New Orleans Pelicans,4,10,14,Missed Shot,Layup Shot,2PT Field Goal,Restricted Area,Center(C),Less Than 8 ft.,1.0,-15.0,6.0,1,0,20150301,DEN,NOP
Shot Chart Detail,0021400889,57,202708,Norris Cole,1610612740,New Orleans Pelicans,1,4,46,Made Shot,Jump Shot,3PT Field Goal,Above the Break 3,Left Side Center(LC),24+ ft.,25.0,-150.0,200.0,1,1,20150302,DAL,NOP
Shot Chart Detail,0021400889,122,202708,Norris Cole,1610612740,New Orleans Pelicans,2,9,35,Made Shot,Pullup Jump shot,2PT Field Goal,Mid-Range,Left Side Center(LC),16-24 ft.,20.0,-161.0,124.0,1,1,20150302,DAL,NOP
Shot Chart Detail,0021400889,141,202708,Norris Cole,1610612740,New Orleans Pelicans,2,8,29,Missed Shot,Pullup Jump shot,3PT Field Goal,Above the Break 3,Left Side Center(LC),24+ ft.,24.0,-134.0,208.0,1,0,20150302,DAL,NOP
Shot Chart Detail,0021400889,155,202708,Norris Cole,1610612740,New Orleans Pelicans,2,7,15,Made Shot,Driving Layup Shot,2PT Field Goal,Restricted Area,Center(C),Less Than 8 ft.,0.0,-8.0,-5.0,1,1,20150302,DAL,NOP
Shot Chart Detail,0021400889,207,202708,Norris Cole,1610612740,New Orleans Pelicans,2,2,38,Made Shot,Jump Shot,3PT Field Goal,Left Corner 3,Left Side(L),24+ ft.,22.0,-224.0,0.0,1,1,20150302,DAL,NOP
Shot Chart Detail,0021400889,215,202708,Norris Cole,1610612740,New Orleans Pelicans,2,2,3,Missed Shot,Jump Shot,3PT Field Goal,Above the Break 3,Left Side Center(LC),24+ ft.,25.0,-169.0,194.0,1,0,20150302,DAL,NOP
Shot Chart Detail,0021400889,232,202708,Norris Cole,1610612740,New Orleans Pelicans,2,0,31,Made Shot,Pullup Jump shot,2PT Field Goal,Mid-Range,Left Side Center(LC),16-24 ft.,18.0,-134.0,129.0,1,1,20150302,DAL,NOP
Shot Chart Detail,0021400889,290,202708,Norris Cole,1610612740,New Orleans Pelicans,3,5,59,Missed Shot,Driving Layup Shot,2PT Field Goal,Restricted Area,Center(C),Less Than 8 ft.,2.0,-19.0,17.0,1,0,20150302,DAL,NOP
Shot Chart Detail,0021400889,311,202708,Norris Cole,1610612740,New Orleans Pelicans,3,3,40,Made Shot,Pullup Jump shot,2PT Field Goal,Mid-Range,Right Side(R),16-24 ft.,20.0,173.0,113.0,1,1,20150302,DAL,NOP
Shot Chart Detail,0021400889,313,202708,Norris Cole,1610612740,New Orleans Pelicans,3,3,23,Made Shot,Running Layup Shot,2PT Field Goal,Restricted Area,Center(C),Less Than 8 ft.,0.0,9.0,1.0,1,1,20150302,DAL,NOP
Shot Chart Detail,0021400889,321,202708,Norris Cole,1610612740,New Orleans Pelicans,3,2,46,Made Shot,Driving Jump shot,2PT Field Goal,Restricted Area,Center(C),Less Than 8 ft.,3.0,28.0,23.0,1,1,20150302,DAL,NOP
Shot Chart Detail,0021400889,382,202708,Norris Cole,1610612740,New Orleans Pelicans,4,9,56,Missed Shot,Driving Jump shot,2PT Field Goal,In The Paint (Non-RA),Center(C),8-16 ft.,11.0,50.0,99.0,1,0,20150302,DAL,NOP
Shot Chart Detail,0021400903,83,202708,Norris Cole,1610612740,New Orleans Pelicans,1,2,56,Missed Shot,Jump Shot,3PT Field Goal,Left Corner 3,Left Side(L),24+ ft.,24.0,-234.0,86.0,1,0,20150304,NOP,DET
Shot Chart Detail,0021400903,165,202708,Norris Cole,1610612740,New Orleans Pelicans,2,8,20,Missed Shot,Jump Shot,2PT Field Goal,Mid-Range,Left Side(L),8-16 ft.,15.0,-153.0,39.0,1,0,20150304,NOP,DET
Shot Chart Detail,0021400903,180,202708,Norris Cole,1610612740,New Orleans Pelicans,2,6,45,Missed Shot,Jump Shot,3PT Field Goal,Above the Break 3,Center(C),24+ ft.,24.0,13.0,244.0,1,0,20150304,NOP,DET
Shot Chart Detail,0021400903,189,202708,Norris Cole,1610612740,New Orleans Pelicans,2,5,48,Made Shot,Pullup Jump shot,2PT Field Goal,Mid-Range,Center(C),16-24 ft.,19.0,1.0,194.0,1,1,20150304,NOP,DET
Shot Chart Detail,0021400903,202,202708,Norris Cole,1610612740,New Orleans Pelicans,2,5,3,Missed Shot,Jump Shot,2PT Field Goal,Mid-Range,Left Side Center(LC),16-24 ft.,20.0,-144.0,146.0,1,0,20150304,NOP,DET
Shot Chart Detail,0021400903,389,202708,Norris Cole,1610612740,New Orleans Pelicans,3,0,0,Missed Shot,Jump Shot,3PT Field Goal,Right Corner 3,Right Side(R),24+ ft.,23.0,231.0,42.0,1,0,20150304,NOP,DET
Shot Chart Detail,0021400903,442,202708,Norris Cole,1610612740,New Orleans Pelicans,4,5,55,Made Shot,Driving Layup Shot,2PT Field Goal,Restricted Area,Center(C),Less Than 8 ft.,1.0,17.0,7.0,1,1,20150304,NOP,DET
Shot Chart Detail,0021400903,456,202708,Norris Cole,1610612740,New Orleans Pelicans,4,4,33,Missed Shot,Jump Shot,2PT Field Goal,Mid-Range,Center(C),16-24 ft.,20.0,2.0,205.0,1,0,20150304,NOP,DET
Shot Chart Detail,0021400919,73,202708,Norris Cole,1610612740,New Orleans Pelicans,1,3,2,Made Shot,Floating Jump shot,2PT Field Goal,In The Paint (Non-RA),Center(C),8-16 ft.,10.0,53.0,93.0,1,1,20150306,NOP,BOS
Shot Chart Detail,0021400919,89,202708,Norris Cole,1610612740,New Orleans Pelicans,1,1,28,Missed Shot,Jump Shot,2PT Field Goal,Mid-Range,Right Side(R),8-16 ft.,10.0,97.0,48.0,1,0,20150306,NOP,BOS
Shot Chart Detail,0021400919,128,202708,Norris Cole,1610612740,New Orleans Pelicans,2,9,2,Missed Shot,Jump Shot,2PT Field Goal,Mid-Range,Right Side Center(RC),16-24 ft.,20.0,127.0,165.0,1,0,20150306,NOP,BOS
Shot Chart Detail,0021400919,135,202708,Norris Cole,1610612740,New Orleans Pelicans,2,7,36,Missed Shot,Jump Shot,3PT Field Goal,Right Corner 3,Right Side(R),24+ ft.,24.0,239.0,45.0,1,0,20150306,NOP,BOS
Shot Chart Detail,0021400919,153,202708,Norris Cole,1610612740,New Orleans Pelicans,2,5,46,Made Shot,Jump Shot,2PT Field Goal,In The Paint (Non-RA),Center(C),Less Than 8 ft.,4.0,-11.0,48.0,1,1,20150306,NOP,BOS
Shot Chart Detail,0021400919,170,202708,Norris Cole,1610612740,New Orleans Pelicans,2,4,21,Missed Shot,Jump Shot,2PT Field Goal,Mid-Range,Right Side Center(RC),16-24 ft.,19.0,133.0,143.0,1,0,20150306,NOP,BOS
Shot Chart Detail,0021400919,307,202708,Norris Cole,1610612740,New Orleans Pelicans,3,2,51,Missed Shot,Jump Shot,2PT Field Goal,Mid-Range,Center(C),16-24 ft.,17.0,-4.0,178.0,1,0,20150306,NOP,BOS
Shot Chart Detail,0021400919,345,202708,Norris Cole,1610612740,New Orleans Pelicans,3,0,3,Missed Shot,Jump Shot,3PT Field Goal,Left Corner 3,Left Side(L),24+ ft.,24.0,-243.0,6.0,1,0,20150306,NOP,BOS
Shot Chart Detail,0021400923,70,202708,Norris Cole,1610612740,New Orleans Pelicans,1,3,46,Missed Shot,Jump Shot,3PT Field Goal,Left Corner 3,Left Side(L),24+ ft.,23.0,-235.0,0.0,1,0,20150307,NOP,MEM
Shot Chart Detail,0021400923,113,202708,Norris Cole,1610612740,New Orleans Pelicans,1,0,39,Missed Shot,Jump Shot,3PT Field Goal,Above the Break 3,Center(C),24+ ft.,26.0,75.0,249.0,1,0,20150307,NOP,MEM
Shot Chart Detail,0021400923,154,202708,Norris Cole,1610612740,New Orleans Pelicans,2,10,28,Missed Shot,Driving Layup Shot,2PT Field Goal,Restricted Area,Center(C),Less Than 8 ft.,3.0,34.0,4.0,1,0,20150307,NOP,MEM
Shot Chart Detail,0021400923,176,202708,Norris Cole,1610612740,New Orleans Pelicans,2,9,1,Missed Shot,Driving Jump shot,2PT Field Goal,In The Paint (Non-RA),Center(C),Less Than 8 ft.,7.0,-70.0,33.0,1,0,20150307,NOP,MEM
Shot Chart Detail,0021400923,186,202708,Norris Cole,1610612740,New Orleans Pelicans,2,8,19,Made Shot,Pullup Jump shot,2PT Field Goal,Mid-Range,Center(C),16-24 ft.,18.0,9.0,184.0,1,1,20150307,NOP,MEM
Shot Chart Detail,0021400923,277,202708,Norris Cole,1610612740,New Orleans Pelicans,2,0,48,Missed Shot,Jump Shot,2PT Field Goal,In The Paint (Non-RA),Center(C),Less Than 8 ft.,5.0,23.0,50.0,1,0,20150307,NOP,MEM
Shot Chart Detail,0021400923,384,202708,Norris Cole,1610612740,New Orleans Pelicans,3,2,9,Made Shot,Running Jump Shot,2PT Field Goal,Mid-Range,Left Side(L),8-16 ft.,10.0,-105.0,7.0,1,1,20150307,NOP,MEM
Shot Chart Detail,0021400923,386,202708,Norris Cole,1610612740,New Orleans Pelicans,3,1,35,Missed Shot,Jump Shot,3PT Field Goal,Above the Break 3,Center(C),24+ ft.,24.0,0.0,247.0,1,0,20150307,NOP,MEM
Shot Chart Detail,0021400923,409,202708,Norris Cole,1610612740,New Orleans Pelicans,4,11,42,Missed Shot,Jump Shot,2PT Field Goal,Mid-Range,Right Side Center(RC),16-24 ft.,20.0,141.0,146.0,1,0,20150307,NOP,MEM
Shot Chart Detail,0021400923,428,202708,Norris Cole,1610612740,New Orleans Pelicans,4,8,38,Missed Shot,Jump Shot,2PT Field Goal,In The Paint (Non-RA),Center(C),8-16 ft.,11.0,-40.0,105.0,1,0,20150307,NOP,MEM
Shot Chart Detail,0021400923,451,202708,Norris Cole,1610612740,New Orleans Pelicans,4,6,14,Made Shot,Jump Shot,3PT Field Goal,Above the Break 3,Right Side Center(RC),24+ ft.,25.0,174.0,184.0,1,1,20150307,NOP,MEM
Shot Chart Detail,0021400923,459,202708,Norris Cole,1610612740,New Orleans Pelicans,4,4,40,Made Shot,Jump Shot,2PT Field Goal,Mid-Range,Center(C),16-24 ft.,19.0,-35.0,187.0,1,1,20150307,NOP,MEM
Shot Chart Detail,0021400923,481,202708,Norris Cole,1610612740,New Orleans Pelicans,4,3,13,Made Shot,Driving Jump shot,2PT Field Goal,Restricted Area,Center(C),Less Than 8 ft.,2.0,-15.0,25.0,1,1,20150307,NOP,MEM
Shot Chart Detail,0021400942,128,202708,Norris Cole,1610612740,New Orleans Pelicans,2,9,0,Made Shot,Jump Shot,3PT Field Goal,Above the Break 3,Left Side Center(LC),24+ ft.,28.0,-202.0,208.0,1,1,20150309,MIL,NOP
Shot Chart Detail,0021400942,152,202708,Norris Cole,1610612740,New Orleans Pelicans,2,6,22,Missed Shot,Jump Shot,2PT Field Goal,In The Paint (Non-RA),Center(C),Less Than 8 ft.,5.0,-49.0,17.0,1,0,20150309,MIL,NOP
Shot Chart Detail,0021400942,160,202708,Norris Cole,1610612740,New Orleans Pelicans,2,5,17,Missed Shot,Jump Shot,2PT Field Goal,Mid-Range,Left Side Center(LC),16-24 ft.,16.0,-125.0,102.0,1,0,20150309,MIL,NOP
Shot Chart Detail,0021400942,328,202708,Norris Cole,1610612740,New Orleans Pelicans,3,0,29,Made Shot,Jump Shot,2PT Field Goal,Mid-Range,Center(C),16-24 ft.,17.0,0.0,173.0,1,1,20150309,MIL,NOP
Shot Chart Detail,0021400942,342,202708,Norris Cole,1610612740,New Orleans Pelicans,4,10,51,Made Shot,Jump Shot,2PT Field Goal,Mid-Range,Center(C),16-24 ft.,17.0,-46.0,164.0,1,1,20150309,MIL,NOP
Shot Chart Detail,0021400942,359,202708,Norris Cole,1610612740,New Orleans Pelicans,4,8,57,Missed Shot,Layup Shot,2PT Field Goal,Restricted Area,Center(C),Less Than 8 ft.,0.0,0.0,6.0,1,0,20150309,MIL,NOP
Shot Chart Detail,0021400942,380,202708,Norris Cole,1610612740,New Orleans Pelicans,4,6,47,Missed Shot,Layup Shot,2PT Field Goal,Restricted Area,Center(C),Less Than 8 ft.,0.0,-7.0,1.0,1,0,20150309,MIL,NOP
Shot Chart Detail,0021400942,469,202708,Norris Cole,1610612740,New Orleans Pelicans,4,0,0,Missed Shot,Jump Shot,2PT Field Goal,Mid-Range,Left Side(L),16-24 ft.,18.0,-155.0,97.0,1,0,20150309,MIL,NOP
Shot Chart Detail,0021400947,4,202708,Norris Cole,1610612740,New Orleans Pelicans,1,10,55,Missed Shot,Jump Shot,2PT Field Goal,Mid-Range,Left Side(L),16-24 ft.,20.0,-175.0,112.0,1,0,20150310,BKN,NOP
Shot Chart Detail,0021400947,15,202708,Norris Cole,1610612740,New Orleans Pelicans,1,9,34,Missed Shot,Floating Jump shot,2PT Field Goal,In The Paint (Non-RA),Center(C),Less Than 8 ft.,5.0,-34.0,47.0,1,0,20150310,BKN,NOP
Shot Chart Detail,0021400947,47,202708,Norris Cole,1610612740,New Orleans Pelicans,1,5,39,Made Shot,Jump Shot,2PT Field Goal,Mid-Range,Left Side Center(LC),16-24 ft.,20.0,-131.0,156.0,1,1,20150310,BKN,NOP
Shot Chart Detail,0021400947,49,202708,Norris Cole,1610612740,New Orleans Pelicans,1,5,23,Made Shot,Layup Shot,2PT Field Goal,Restricted Area,Center(C),Less Than 8 ft.,1.0,0.0,-11.0,1,1,20150310,BKN,NOP
Shot Chart Detail,0021400947,56,202708,Norris Cole,1610612740,New Orleans Pelicans,1,4,50,Made Shot,Jump Shot,3PT Field Goal,Above the Break 3,Right Side Center(RC),24+ ft.,24.0,111.0,216.0,1,1,20150310,BKN,NOP
Shot Chart Detail,0021400947,211,202708,Norris Cole,1610612740,New Orleans Pelicans,2,2,48,Made Shot,Jump Shot,3PT Field Goal,Above the Break 3,Center(C),24+ ft.,25.0,-7.0,255.0,1,1,20150310,BKN,NOP
Shot Chart Detail,0021400947,295,202708,Norris Cole,1610612740,New Orleans Pelicans,3,6,25,Made Shot,Jump Shot,3PT Field Goal,Left Corner 3,Left Side(L),24+ ft.,23.0,-232.0,39.0,1,1,20150310,BKN,NOP
Shot Chart Detail,0021400947,311,202708,Norris Cole,1610612740,New Orleans Pelicans,3,4,36,Missed Shot,Jump Shot,3PT Field Goal,Left Corner 3,Left Side(L),24+ ft.,24.0,-242.0,4.0,1,0,20150310,BKN,NOP
Shot Chart Detail,0021400947,435,202708,Norris Cole,1610612740,New Orleans Pelicans,4,3,33,Made Shot,Jump Shot,3PT Field Goal,Above the Break 3,Center(C),24+ ft.,25.0,-5.0,257.0,1,1,20150310,BKN,NOP
Shot Chart Detail,0021400947,438,202708,Norris Cole,1610612740,New Orleans Pelicans,4,2,52,Missed Shot,Jump Shot,3PT Field Goal,Above the Break 3,Left Side Center(LC),24+ ft.,24.0,-152.0,194.0,1,0,20150310,BKN,NOP
Shot Chart Detail,0021400947,442,202708,Norris Cole,1610612740,New Orleans Pelicans,4,2,15,Missed Shot,Layup Shot,2PT Field Goal,Restricted Area,Center(C),Less Than 8 ft.,1.0,10.0,-3.0,1,0,20150310,BKN,NOP
Shot Chart Detail,0021400984,113,202708,Norris Cole,1610612740,New Orleans Pelicans,1,1,15,Missed Shot,Jump Shot,2PT Field Goal,In The Paint (Non-RA),Center(C),Less Than 8 ft.,4.0,-30.0,28.0,1,0,20150315,NOP,DEN
Shot Chart Detail,0021400984,127,202708,Norris Cole,1610612740,New Orleans Pelicans,2,11,17,Missed Shot,Jump Shot,3PT Field Goal,Above the Break 3,Right Side Center(RC),24+ ft.,25.0,119.0,231.0,1,0,20150315,NOP,DEN
Shot Chart Detail,0021400984,148,202708,Norris Cole,1610612740,New Orleans Pelicans,2,9,4,Made Shot,Jump Shot,2PT Field Goal,Mid-Range,Left Side Center(LC),16-24 ft.,17.0,-67.0,160.0,1,1,20150315,NOP,DEN
Shot Chart Detail,0021400984,157,202708,Norris Cole,1610612740,New Orleans Pelicans,2,8,6,Missed Shot,Jump Shot,2PT Field Goal,In The Paint (Non-RA),Center(C),Less Than 8 ft.,4.0,-43.0,22.0,1,0,20150315,NOP,DEN
Shot Chart Detail,0021400984,163,202708,Norris Cole,1610612740,New Orleans Pelicans,2,7,31,Made Shot,Running Bank shot,2PT Field Goal,Restricted Area,Center(C),Less Than 8 ft.,3.0,37.0,0.0,1,1,20150315,NOP,DEN
Shot Chart Detail,0021400984,166,202708,Norris Cole,1610612740,New Orleans Pelicans,2,7,2,Missed Shot,Jump Shot,2PT Field Goal,Mid-Range,Center(C),16-24 ft.,18.0,-2.0,181.0,1,0,20150315,NOP,DEN
Shot Chart Detail,0021400984,388,202708,Norris Cole,1610612740,New Orleans Pelicans,3,0,14,Missed Shot,Running Jump Shot,2PT Field Goal,Mid-Range,Left Side(L),8-16 ft.,11.0,-116.0,0.0,1,0,20150315,NOP,DEN
Shot Chart Detail,0021400984,515,202708,Norris Cole,1610612740,New Orleans Pelicans,5,3,2,Missed Shot,Jump Shot,3PT Field Goal,Above the Break 3,Center(C),24+ ft.,24.0,-65.0,241.0,1,0,20150315,NOP,DEN
Shot Chart Detail,0021401003,135,202708,Norris Cole,1610612740,New Orleans Pelicans,2,10,43,Missed Shot,Layup Shot,2PT Field Goal,Restricted Area,Center(C),Less Than 8 ft.,2.0,-8.0,19.0,1,0,20150317,NOP,MIL
Shot Chart Detail,0021401003,156,202708,Norris Cole,1610612740,New Orleans Pelicans,2,9,7,Missed Shot,Jump Shot,2PT Field Goal,Mid-Range,Center(C),16-24 ft.,17.0,48.0,168.0,1,0,20150317,NOP,MIL
Shot Chart Detail,0021401003,188,202708,Norris Cole,1610612740,New Orleans Pelicans,2,5,51,Missed Shot,Jump Shot,3PT Field Goal,Right Corner 3,Right Side(R),24+ ft.,24.0,241.0,61.0,1,0,20150317,NOP,MIL
Shot Chart Detail,0021401003,380,202708,Norris Cole,1610612740,New Orleans Pelicans,3,0,40,Made Shot,Jump Shot,3PT Field Goal,Right Corner 3,Right Side(R),24+ ft.,23.0,237.0,37.0,1,1,20150317,NOP,MIL
Shot Chart Detail,0021401003,418,202708,Norris Cole,1610612740,New Orleans Pelicans,4,8,58,Made Shot,Jump Shot,2PT Field Goal,Mid-Range,Left Side(L),16-24 ft.,19.0,-158.0,112.0,1,1,20150317,NOP,MIL
Shot Chart Detail,0021401003,468,202708,Norris Cole,1610612740,New Orleans Pelicans,4,5,19,Missed Shot,Jump Shot,3PT Field Goal,Above the Break 3,Right Side Center(RC),24+ ft.,25.0,163.0,200.0,1,0,20150317,NOP,MIL
Shot Chart Detail,0021401018,87,202708,Norris Cole,1610612740,New Orleans Pelicans,1,0,47,Missed Shot,Layup Shot,2PT Field Goal,Restricted Area,Center(C),Less Than 8 ft.,1.0,15.0,4.0,1,0,20150319,PHX,NOP
Shot Chart Detail,0021401018,95,202708,Norris Cole,1610612740,New Orleans Pelicans,1,0,14,Missed Shot,Jump Shot,2PT Field Goal,In The Paint (Non-RA),Center(C),8-16 ft.,15.0,-75.0,132.0,1,0,20150319,PHX,NOP
Shot Chart Detail,0021401018,105,202708,Norris Cole,1610612740,New Orleans Pelicans,2,11,26,Made Shot,Jump Shot,3PT Field Goal,Above the Break 3,Left Side Center(LC),24+ ft.,24.0,-221.0,107.0,1,1,20150319,PHX,NOP
Shot Chart Detail,0021401018,113,202708,Norris Cole,1610612740,New Orleans Pelicans,2,10,21,Made Shot,Pullup Jump shot,2PT Field Goal,Mid-Range,Right Side Center(RC),16-24 ft.,18.0,73.0,170.0,1,1,20150319,PHX,NOP
Shot Chart Detail,0021401018,171,202708,Norris Cole,1610612740,New Orleans Pelicans,2,5,11,Missed Shot,Jump Shot,2PT Field Goal,Mid-Range,Right Side(R),16-24 ft.,21.0,177.0,123.0,1,0,20150319,PHX,NOP
Shot Chart Detail,0021401018,206,202708,Norris Cole,1610612740,New Orleans Pelicans,2,3,10,Missed Shot,Jump Shot,2PT Field Goal,Mid-Range,Left Side Center(LC),16-24 ft.,21.0,-127.0,170.0,1,0,20150319,PHX,NOP
Shot Chart Detail,0021401018,349,202708,Norris Cole,1610612740,New Orleans Pelicans,3,0,51,Made Shot,Jump Shot,2PT Field Goal,Mid-Range,Center(C),8-16 ft.,15.0,1.0,159.0,1,1,20150319,PHX,NOP
Shot Chart Detail,0021401018,352,202708,Norris Cole,1610612740,New Orleans Pelicans,3,0,24,Missed Shot,Running Jump Shot,2PT Field Goal,Restricted Area,Center(C),Less Than 8 ft.,3.0,26.0,15.0,1,0,20150319,PHX,NOP
Shot Chart Detail,0021401018,375,202708,Norris Cole,1610612740,New Orleans Pelicans,4,10,40,Missed Shot,Driving Reverse Layup Shot,2PT Field Goal,Restricted Area,Center(C),Less Than 8 ft.,2.0,-19.0,7.0,1,0,20150319,PHX,NOP
Shot Chart Detail,0021401018,425,202708,Norris Cole,1610612740,New Orleans Pelicans,4,6,2,Made Shot,Jump Shot,2PT Field Goal,Mid-Range,Left Side(L),16-24 ft.,16.0,-169.0,-10.0,1,1,20150319,PHX,NOP
Shot Chart Detail,0021401018,428,202708,Norris Cole,1610612740,New Orleans Pelicans,4,5,18,Missed Shot,Jump Shot,3PT Field Goal,Above the Break 3,Right Side Center(RC),24+ ft.,25.0,217.0,132.0,1,0,20150319,PHX,NOP
Shot Chart Detail,0021401018,443,202708,Norris Cole,1610612740,New Orleans Pelicans,4,4,42,Missed Shot,Jump Shot,2PT Field Goal,Mid-Range,Left Side(L),8-16 ft.,15.0,-141.0,71.0,1,0,20150319,PHX,NOP
Shot Chart Detail,0021401018,474,202708,Norris Cole,1610612740,New Orleans Pelicans,4,1,54,Made Shot,Jump Shot,3PT Field Goal,Right Corner 3,Right Side(R),24+ ft.,23.0,230.0,36.0,1,1,20150319,PHX,NOP
Shot Chart Detail,0021401030,96,202708,Norris Cole,1610612740,New Orleans Pelicans,1,3,9,Missed Shot,Pullup Jump shot,2PT Field Goal,In The Paint (Non-RA),Left Side(L),8-16 ft.,13.0,-71.0,118.0,1,0,20150320,GSW,NOP
Shot Chart Detail,0021401030,138,202708,Norris Cole,1610612740,New Orleans Pelicans,2,11,12,Made Shot,Step Back Jump shot,2PT Field Goal,Mid-Range,Center(C),16-24 ft.,17.0,-16.0,173.0,1,1,20150320,GSW,NOP
Shot Chart Detail,0021401030,140,202708,Norris Cole,1610612740,New Orleans Pelicans,2,10,38,Missed Shot,Pullup Jump shot,2PT Field Goal,Mid-Range,Left Side Center(LC),16-24 ft.,18.0,-146.0,121.0,1,0,20150320,GSW,NOP
Shot Chart Detail,0021401030,189,202708,Norris Cole,1610612740,New Orleans Pelicans,2,5,58,Missed Shot,Jump Shot,2PT Field Goal,Mid-Range,Left Side(L),8-16 ft.,10.0,-90.0,52.0,1,0,20150320,GSW,NOP
Shot Chart Detail,0021401030,194,202708,Norris Cole,1610612740,New Orleans Pelicans,2,5,32,Missed Shot,Jump Shot,3PT Field Goal,Above the Break 3,Center(C),24+ ft.,27.0,-52.0,266.0,1,0,20150320,GSW,NOP
Shot Chart Detail,0021401030,317,202708,Norris Cole,1610612740,New Orleans Pelicans,3,6,26,Made Shot,Pullup Jump shot,2PT Field Goal,Mid-Range,Left Side Center(LC),16-24 ft.,17.0,-120.0,132.0,1,1,20150320,GSW,NOP
Shot Chart Detail,0021401030,334,202708,Norris Cole,1610612740,New Orleans Pelicans,3,4,17,Missed Shot,Jump Shot,2PT Field Goal,Mid-Range,Center(C),16-24 ft.,21.0,-62.0,203.0,1,0,20150320,GSW,NOP
Shot Chart Detail,0021401030,349,202708,Norris Cole,1610612740,New Orleans Pelicans,3,2,49,Made Shot,Pullup Jump shot,3PT Field Goal,Above the Break 3,Right Side Center(RC),24+ ft.,27.0,176.0,216.0,1,1,20150320,GSW,NOP
Shot Chart Detail,0021401030,375,202708,Norris Cole,1610612740,New Orleans Pelicans,3,0,4,Made Shot,Floating Jump shot,2PT Field Goal,In The Paint (Non-RA),Center(C),8-16 ft.,11.0,32.0,113.0,1,1,20150320,GSW,NOP
Shot Chart Detail,0021401030,406,202708,Norris Cole,1610612740,New Orleans Pelicans,4,8,49,Missed Shot,Step Back Jump shot,3PT Field Goal,Above the Break 3,Center(C),24+ ft.,26.0,9.0,268.0,1,0,20150320,GSW,NOP
Shot Chart Detail,0021401030,425,202708,Norris Cole,1610612740,New Orleans Pelicans,4,6,3,Made Shot,Pullup Jump shot,2PT Field Goal,Mid-Range,Center(C),16-24 ft.,22.0,-5.0,222.0,1,1,20150320,GSW,NOP
Shot Chart Detail,0021401030,474,202708,Norris Cole,1610612740,New Orleans Pelicans,4,1,56,Made Shot,Pullup Jump shot,2PT Field Goal,Mid-Range,Left Side Center(LC),16-24 ft.,21.0,-142.0,164.0,1,1,20150320,GSW,NOP
Shot Chart Detail,0021401030,500,202708,Norris Cole,1610612740,New Orleans Pelicans,4,0,3,Made Shot,Pullup Jump shot,3PT Field Goal,Above the Break 3,Left Side Center(LC),24+ ft.,25.0,-155.0,200.0,1,1,20150320,GSW,NOP
Shot Chart Detail,0021401040,19,202708,Norris Cole,1610612740,New Orleans Pelicans,1,8,18,Made Shot,Floating Jump shot,2PT Field Goal,In The Paint (Non-RA),Center(C),Less Than 8 ft.,6.0,-45.0,50.0,1,1,20150322,LAC,NOP
Shot Chart Detail,0021401040,36,202708,Norris Cole,1610612740,New Orleans Pelicans,1,5,41,Made Shot,Jump Shot,2PT Field Goal,Mid-Range,Center(C),16-24 ft.,21.0,-4.0,211.0,1,1,20150322,LAC,NOP
Shot Chart Detail,0021401040,44,202708,Norris Cole,1610612740,New Orleans Pelicans,1,4,36,Made Shot,Jump Shot,3PT Field Goal,Above the Break 3,Left Side Center(LC),24+ ft.,25.0,-103.0,228.0,1,1,20150322,LAC,NOP
Shot Chart Detail,0021401040,72,202708,Norris Cole,1610612740,New Orleans Pelicans,1,2,7,Missed Shot,Jump Shot,2PT Field Goal,In The Paint (Non-RA),Center(C),8-16 ft.,15.0,-78.0,138.0,1,0,20150322,LAC,NOP
Shot Chart Detail,0021401040,432,202708,Norris Cole,1610612740,New Orleans Pelicans,4,5,30,Made Shot,Jump Shot,3PT Field Goal,Above the Break 3,Center(C),24+ ft.,25.0,4.0,255.0,1,1,20150322,LAC,NOP
Shot Chart Detail,0021401040,457,202708,Norris Cole,1610612740,New Orleans Pelicans,4,4,5,Missed Shot,Layup Shot,2PT Field Goal,Restricted Area,Center(C),Less Than 8 ft.,2.0,20.0,4.0,1,0,20150322,LAC,NOP
Shot Chart Detail,0021401040,471,202708,Norris Cole,1610612740,New Orleans Pelicans,4,2,27,Missed Shot,Jump Shot,2PT Field Goal,Mid-Range,Right Side(R),16-24 ft.,21.0,203.0,77.0,1,0,20150322,LAC,NOP
Shot Chart Detail,0021401068,100,202708,Norris Cole,1610612740,New Orleans Pelicans,1,0,30,Missed Shot,Jump Shot,2PT Field Goal,Mid-Range,Center(C),16-24 ft.,18.0,-7.0,187.0,1,0,20150325,NOP,HOU
Shot Chart Detail,0021401068,138,202708,Norris Cole,1610612740,New Orleans Pelicans,2,9,16,Made Shot,Running Jump Shot,2PT Field Goal,In The Paint (Non-RA),Center(C),8-16 ft.,10.0,-10.0,102.0,1,1,20150325,NOP,HOU
Shot Chart Detail,0021401068,145,202708,Norris Cole,1610612740,New Orleans Pelicans,2,8,41,Missed Shot,Jump Shot,2PT Field Goal,In The Paint (Non-RA),Center(C),8-16 ft.,12.0,-38.0,121.0,1,0,20150325,NOP,HOU
Shot Chart Detail,0021401068,184,202708,Norris Cole,1610612740,New Orleans Pelicans,2,5,57,Missed Shot,Jump Shot,2PT Field Goal,In The Paint (Non-RA),Left Side(L),8-16 ft.,8.0,-48.0,75.0,1,0,20150325,NOP,HOU
Shot Chart Detail,0021401068,209,202708,Norris Cole,1610612740,New Orleans Pelicans,2,3,47,Missed Shot,Jump Shot,3PT Field Goal,Above the Break 3,Left Side Center(LC),24+ ft.,27.0,-87.0,266.0,1,0,20150325,NOP,HOU
Shot Chart Detail,0021401068,221,202708,Norris Cole,1610612740,New Orleans Pelicans,2,2,36,Missed Shot,Jump Shot,2PT Field Goal,In The Paint (Non-RA),Right Side(R),8-16 ft.,12.0,69.0,107.0,1,0,20150325,NOP,HOU
Shot Chart Detail,0021401068,232,202708,Norris Cole,1610612740,New Orleans Pelicans,2,1,12,Made Shot,Jump Shot,2PT Field Goal,Mid-Range,Left Side Center(LC),16-24 ft.,18.0,-112.0,143.0,1,1,20150325,NOP,HOU
Shot Chart Detail,0021401068,235,202708,Norris Cole,1610612740,New Orleans Pelicans,2,0,30,Missed Shot,Jump Shot,3PT Field Goal,Left Corner 3,Left Side(L),24+ ft.,23.0,-232.0,15.0,1,0,20150325,NOP,HOU
Shot Chart Detail,0021401068,397,202708,Norris Cole,1610612740,New Orleans Pelicans,4,8,51,Missed Shot,Jump Shot,2PT Field Goal,Mid-Range,Left Side Center(LC),16-24 ft.,21.0,-87.0,197.0,1,0,20150325,NOP,HOU
Shot Chart Detail,0021401083,133,202708,Norris Cole,1610612740,New Orleans Pelicans,2,10,36,Made Shot,Jump Shot,3PT Field Goal,Above the Break 3,Right Side Center(RC),24+ ft.,26.0,230.0,124.0,1,1,20150327,NOP,SAC
Shot Chart Detail,0021401083,140,202708,Norris Cole,1610612740,New Orleans Pelicans,2,9,57,Missed Shot,Layup Shot,2PT Field Goal,Restricted Area,Center(C),Less Than 8 ft.,2.0,24.0,14.0,1,0,20150327,NOP,SAC
Shot Chart Detail,0021401083,149,202708,Norris Cole,1610612740,New Orleans Pelicans,2,8,39,Made Shot,Jump Shot,2PT Field Goal,Mid-Range,Right Side Center(RC),16-24 ft.,19.0,83.0,175.0,1,1,20150327,NOP,SAC
Shot Chart Detail,0021401083,335,202708,Norris Cole,1610612740,New Orleans Pelicans,3,2,25,Made Shot,Jump Shot,2PT Field Goal,Mid-Range,Left Side(L),8-16 ft.,13.0,-87.0,101.0,1,1,20150327,NOP,SAC
Shot Chart Detail,0021401083,348,202708,Norris Cole,1610612740,New Orleans Pelicans,3,0,46,Missed Shot,Jump Shot,2PT Field Goal,Mid-Range,Right Side Center(RC),16-24 ft.,17.0,110.0,142.0,1,0,20150327,NOP,SAC
Shot Chart Detail,0021401083,369,202708,Norris Cole,1610612740,New Orleans Pelicans,4,10,50,Made Shot,Jump Shot,3PT Field Goal,Above the Break 3,Right Side Center(RC),24+ ft.,29.0,146.0,254.0,1,1,20150327,NOP,SAC
Shot Chart Detail,0021401083,380,202708,Norris Cole,1610612740,New Orleans Pelicans,4,9,50,Made Shot,Jump Shot,2PT Field Goal,Mid-Range,Left Side(L),16-24 ft.,18.0,-153.0,99.0,1,1,20150327,NOP,SAC
Shot Chart Detail,0021401083,453,202708,Norris Cole,1610612740,New Orleans Pelicans,4,4,13,Missed Shot,Jump Shot,3PT Field Goal,Above the Break 3,Left Side Center(LC),24+ ft.,25.0,-188.0,173.0,1,0,20150327,NOP,SAC
Shot Chart Detail,0021401094,135,202708,Norris Cole,1610612740,New Orleans Pelicans,2,10,23,Made Shot,Layup Shot,2PT Field Goal,Restricted Area,Center(C),Less Than 8 ft.,2.0,24.0,4.0,1,1,20150329,NOP,MIN
Shot Chart Detail,0021401094,152,202708,Norris Cole,1610612740,New Orleans Pelicans,2,7,48,Made Shot,Jump Shot,2PT Field Goal,In The Paint (Non-RA),Center(C),8-16 ft.,15.0,-78.0,137.0,1,1,20150329,NOP,MIN
Shot Chart Detail,0021401094,318,202708,Norris Cole,1610612740,New Orleans Pelicans,3,2,47,Missed Shot,Jump Shot,3PT Field Goal,Above the Break 3,Center(C),24+ ft.,24.0,-30.0,246.0,1,0,20150329,NOP,MIN
Shot Chart Detail,0021401094,335,202708,Norris Cole,1610612740,New Orleans Pelicans,3,1,58,Made Shot,Jump Shot,2PT Field Goal,Mid-Range,Left Side(L),16-24 ft.,19.0,-191.0,6.0,1,1,20150329,NOP,MIN
Shot Chart Detail,0021401094,347,202708,Norris Cole,1610612740,New Orleans Pelicans,3,0,7,Missed Shot,Jump Shot,3PT Field Goal,Right Corner 3,Right Side(R),24+ ft.,24.0,234.0,56.0,1,0,20150329,NOP,MIN
Shot Chart Detail,0021401094,421,202708,Norris Cole,1610612740,New Orleans Pelicans,4,7,3,Missed Shot,Jump Shot,2PT Field Goal,Mid-Range,Left Side(L),16-24 ft.,17.0,-144.0,96.0,1,0,20150329,NOP,MIN
Shot Chart Detail,0021401094,450,202708,Norris Cole,1610612740,New Orleans Pelicans,4,3,43,Made Shot,Driving Finger Roll Layup Shot,2PT Field Goal,Restricted Area,Center(C),Less Than 8 ft.,1.0,10.0,9.0,1,1,20150329,NOP,MIN
Shot Chart Detail,0021401123,102,202708,Norris Cole,1610612740,New Orleans Pelicans,1,0,43,Made Shot,Driving Hook Shot,2PT Field Goal,In The Paint (Non-RA),Center(C),Less Than 8 ft.,6.0,64.0,7.0,1,1,20150401,LAL,NOP
Shot Chart Detail,0021401123,110,202708,Norris Cole,1610612740,New Orleans Pelicans,1,0,7,Made Shot,Jump Shot,2PT Field Goal,Mid-Range,Left Side Center(LC),16-24 ft.,22.0,-76.0,213.0,1,1,20150401,LAL,NOP
Shot Chart Detail,0021401123,147,202708,Norris Cole,1610612740,New Orleans Pelicans,2,8,31,Made Shot,Floating Jump shot,2PT Field Goal,In The Paint (Non-RA),Center(C),8-16 ft.,9.0,44.0,83.0,1,1,20150401,LAL,NOP
Shot Chart Detail,0021401123,185,202708,Norris Cole,1610612740,New Orleans Pelicans,2,4,58,Missed Shot,Jump Shot,2PT Field Goal,Mid-Range,Right Side Center(RC),16-24 ft.,18.0,108.0,146.0,1,0,20150401,LAL,NOP
Shot Chart Detail,0021401123,327,202708,Norris Cole,1610612740,New Orleans Pelicans,3,2,3,Made Shot,Pullup Jump shot,2PT Field Goal,Mid-Range,Right Side Center(RC),16-24 ft.,18.0,58.0,176.0,1,1,20150401,LAL,NOP
Shot Chart Detail,0021401123,333,202708,Norris Cole,1610612740,New Orleans Pelicans,3,1,23,Missed Shot,Jump Shot,2PT Field Goal,Mid-Range,Left Side(L),8-16 ft.,9.0,-84.0,49.0,1,0,20150401,LAL,NOP
Shot Chart Detail,0021401123,343,202708,Norris Cole,1610612740,New Orleans Pelicans,3,0,1,Made Shot,Driving Layup Shot,2PT Field Goal,Restricted Area,Center(C),Less Than 8 ft.,1.0,15.0,8.0,1,1,20150401,LAL,NOP
Shot Chart Detail,0021401123,353,202708,Norris Cole,1610612740,New Orleans Pelicans,4,10,49,Made Shot,Jump Shot,3PT Field Goal,Right Corner 3,Right Side(R),24+ ft.,23.0,229.0,54.0,1,1,20150401,LAL,NOP
Shot Chart Detail,0021401123,361,202708,Norris Cole,1610612740,New Orleans Pelicans,4,9,36,Made Shot,Floating Jump shot,2PT Field Goal,In The Paint (Non-RA),Center(C),8-16 ft.,12.0,-51.0,115.0,1,1,20150401,LAL,NOP
Shot Chart Detail,0021401123,377,202708,Norris Cole,1610612740,New Orleans Pelicans,4,8,1,Made Shot,Driving Layup Shot,2PT Field Goal,Restricted Area,Center(C),Less Than 8 ft.,1.0,8.0,8.0,1,1,20150401,LAL,NOP
Shot Chart Detail,0021401123,388,202708,Norris Cole,1610612740,New Orleans Pelicans,4,6,35,Missed Shot,Layup Shot,2PT Field Goal,Restricted Area,Center(C),Less Than 8 ft.,2.0,-23.0,1.0,1,0,20150401,LAL,NOP
Shot Chart Detail,0021401123,421,202708,Norris Cole,1610612740,New Orleans Pelicans,4,3,38,Missed Shot,Jump Shot,3PT Field Goal,Above the Break 3,Right Side Center(RC),24+ ft.,25.0,111.0,232.0,1,0,20150401,LAL,NOP
Shot Chart Detail,0021401135,115,202708,Norris Cole,1610612740,New Orleans Pelicans,2,10,44,Made Shot,Jump Shot,2PT Field Goal,Mid-Range,Left Side Center(LC),16-24 ft.,19.0,-139.0,137.0,1,1,20150403,SAC,NOP
Shot Chart Detail,0021401135,133,202708,Norris Cole,1610612740,New Orleans Pelicans,2,9,18,Missed Shot,Jump Shot,3PT Field Goal,Above the Break 3,Center(C),24+ ft.,25.0,-73.0,241.0,1,0,20150403,SAC,NOP
Shot Chart Detail,0021401135,342,202708,Norris Cole,1610612740,New Orleans Pelicans,3,2,50,Missed Shot,Jump Shot,3PT Field Goal,Right Corner 3,Right Side(R),24+ ft.,23.0,234.0,42.0,1,0,20150403,SAC,NOP
Shot Chart Detail,0021401135,372,202708,Norris Cole,1610612740,New Orleans Pelicans,3,0,2,Missed Shot,Jump Shot,2PT Field Goal,Restricted Area,Center(C),Less Than 8 ft.,3.0,29.0,11.0,1,0,20150403,SAC,NOP
Shot Chart Detail,0021401135,388,202708,Norris Cole,1610612740,New Orleans Pelicans,4,10,47,Made Shot,Driving Layup Shot,2PT Field Goal,Restricted Area,Center(C),Less Than 8 ft.,0.0,0.0,3.0,1,1,20150403,SAC,NOP
Shot Chart Detail,0021401135,404,202708,Norris Cole,1610612740,New Orleans Pelicans,4,9,30,Made Shot,Jump Shot,3PT Field Goal,Right Corner 3,Right Side(R),24+ ft.,23.0,228.0,72.0,1,1,20150403,SAC,NOP
Shot Chart Detail,0021401135,419,202708,Norris Cole,1610612740,New Orleans Pelicans,4,8,45,Made Shot,Jump Shot,3PT Field Goal,Right Corner 3,Right Side(R),24+ ft.,23.0,237.0,6.0,1,1,20150403,SAC,NOP
Shot Chart Detail,0021401146,118,202708,Norris Cole,1610612740,New Orleans Pelicans,1,0,43,Missed Shot,Jump Shot,2PT Field Goal,Mid-Range,Right Side Center(RC),16-24 ft.,19.0,75.0,181.0,1,0,20150404,POR,NOP
Shot Chart Detail,0021401146,133,202708,Norris Cole,1610612740,New Orleans Pelicans,2,10,57,Made Shot,Floating Jump shot,2PT Field Goal,In The Paint (Non-RA),Center(C),8-16 ft.,11.0,-43.0,107.0,1,1,20150404,POR,NOP
Shot Chart Detail,0021401146,135,202708,Norris Cole,1610612740,New Orleans Pelicans,2,10,18,Made Shot,Turnaround Jump Shot,2PT Field Goal,Mid-Range,Left Side(L),8-16 ft.,11.0,-111.0,20.0,1,1,20150404,POR,NOP
Shot Chart Detail,0021401146,152,202708,Norris Cole,1610612740,New Orleans Pelicans,2,8,33,Missed Shot,Jump Shot,2PT Field Goal,Mid-Range,Right Side Center(RC),16-24 ft.,18.0,127.0,137.0,1,0,20150404,POR,NOP
Shot Chart Detail,0021401146,155,202708,Norris Cole,1610612740,New Orleans Pelicans,2,8,14,Made Shot,Jump Shot,2PT Field Goal,Mid-Range,Left Side(L),16-24 ft.,19.0,-163.0,110.0,1,1,20150404,POR,NOP
Shot Chart Detail,0021401146,207,202708,Norris Cole,1610612740,New Orleans Pelicans,2,3,16,Made Shot,Floating Jump shot,2PT Field Goal,Mid-Range,Left Side(L),8-16 ft.,12.0,-103.0,67.0,1,1,20150404,POR,NOP
Shot Chart Detail,0021401146,209,202708,Norris Cole,1610612740,New Orleans Pelicans,2,2,38,Missed Shot,Jump Shot,2PT Field Goal,Mid-Range,Center(C),16-24 ft.,22.0,37.0,225.0,1,0,20150404,POR,NOP
Shot Chart Detail,0021401146,383,202708,Norris Cole,1610612740,New Orleans Pelicans,3,0,0,Missed Shot,Jump Shot,2PT Field Goal,Mid-Range,Left Side Center(LC),16-24 ft.,20.0,-108.0,179.0,1,0,20150404,POR,NOP
Shot Chart Detail,0021401146,388,202708,Norris Cole,1610612740,New Orleans Pelicans,4,11,41,Made Shot,Driving Layup Shot,2PT Field Goal,Restricted Area,Center(C),Less Than 8 ft.,1.0,-13.0,1.0,1,1,20150404,POR,NOP
Shot Chart Detail,0021401146,395,202708,Norris Cole,1610612740,New Orleans Pelicans,4,10,38,Missed Shot,Pullup Jump shot,2PT Field Goal,In The Paint (Non-RA),Center(C),8-16 ft.,13.0,-2.0,138.0,1,0,20150404,POR,NOP
Shot Chart Detail,0021401146,400,202708,Norris Cole,1610612740,New Orleans Pelicans,4,9,56,Missed Shot,Step Back Jump shot,3PT Field Goal,Above the Break 3,Left Side Center(LC),24+ ft.,25.0,-119.0,230.0,1,0,20150404,POR,NOP
Shot Chart Detail,0021401156,62,202708,Norris Cole,1610612740,New Orleans Pelicans,1,6,2,Missed Shot,Jump Shot,2PT Field Goal,Mid-Range,Center(C),16-24 ft.,19.0,-13.0,192.0,1,0,20150407,NOP,GSW
Shot Chart Detail,0021401156,66,202708,Norris Cole,1610612740,New Orleans Pelicans,1,5,33,Made Shot,Jump Shot,3PT Field Goal,Above the Break 3,Left Side Center(LC),24+ ft.,25.0,-119.0,224.0,1,1,20150407,NOP,GSW
Shot Chart Detail,0021401156,84,202708,Norris Cole,1610612740,New Orleans Pelicans,1,4,10,Missed Shot,Layup Shot,2PT Field Goal,Restricted Area,Center(C),Less Than 8 ft.,1.0,-10.0,4.0,1,0,20150407,NOP,GSW
Shot Chart Detail,0021401156,157,202708,Norris Cole,1610612740,New Orleans Pelicans,2,8,34,Missed Shot,Jump Shot,2PT Field Goal,Mid-Range,Right Side(R),8-16 ft.,14.0,114.0,89.0,1,0,20150407,NOP,GSW
Shot Chart Detail,0021401156,387,202708,Norris Cole,1610612740,New Orleans Pelicans,4,10,27,Missed Shot,Driving Jump shot,2PT Field Goal,Mid-Range,Right Side(R),16-24 ft.,16.0,141.0,93.0,1,0,20150407,NOP,GSW
Shot Chart Detail,0021401156,411,202708,Norris Cole,1610612740,New Orleans Pelicans,4,7,45,Missed Shot,Jump Shot,3PT Field Goal,Above the Break 3,Left Side Center(LC),24+ ft.,26.0,-131.0,228.0,1,0,20150407,NOP,GSW
Shot Chart Detail,0021401156,425,202708,Norris Cole,1610612740,New Orleans Pelicans,4,6,44,Missed Shot,Jump Shot,2PT Field Goal,Mid-Range,Left Side(L),16-24 ft.,16.0,-141.0,93.0,1,0,20150407,NOP,GSW
Shot Chart Detail,0021401166,103,202708,Norris Cole,1610612740,New Orleans Pelicans,1,0,51,Missed Shot,Driving Jump shot,2PT Field Goal,In The Paint (Non-RA),Center(C),Less Than 8 ft.,6.0,37.0,48.0,1,0,20150408,MEM,NOP
Shot Chart Detail,0021401166,124,202708,Norris Cole,1610612740,New Orleans Pelicans,2,10,33,Missed Shot,Jump Shot,2PT Field Goal,Mid-Range,Left Side Center(LC),16-24 ft.,19.0,-139.0,142.0,1,0,20150408,MEM,NOP
Shot Chart Detail,0021401166,156,202708,Norris Cole,1610612740,New Orleans Pelicans,2,7,31,Made Shot,Pullup Jump shot,3PT Field Goal,Above the Break 3,Center(C),24+ ft.,24.0,-52.0,239.0,1,1,20150408,MEM,NOP
Shot Chart Detail,0021401166,299,202708,Norris Cole,1610612740,New Orleans Pelicans,3,2,3,Missed Shot,Pullup Jump shot,2PT Field Goal,In The Paint (Non-RA),Left Side(L),8-16 ft.,8.0,-73.0,33.0,1,0,20150408,MEM,NOP
Shot Chart Detail,0021401166,317,202708,Norris Cole,1610612740,New Orleans Pelicans,3,0,58,Missed Shot,Pullup Jump shot,2PT Field Goal,Mid-Range,Left Side Center(LC),16-24 ft.,17.0,-134.0,116.0,1,0,20150408,MEM,NOP
Shot Chart Detail,0021401166,338,202708,Norris Cole,1610612740,New Orleans Pelicans,4,11,20,Made Shot,Jump Bank Shot,2PT Field Goal,Mid-Range,Right Side(R),8-16 ft.,13.0,136.0,4.0,1,1,20150408,MEM,NOP
Shot Chart Detail,0021401166,370,202708,Norris Cole,1610612740,New Orleans Pelicans,4,7,41,Missed Shot,Step Back Jump shot,2PT Field Goal,Mid-Range,Left Side Center(LC),16-24 ft.,19.0,-146.0,135.0,1,0,20150408,MEM,NOP
Shot Chart Detail,0021401166,389,202708,Norris Cole,1610612740,New Orleans Pelicans,4,6,21,Missed Shot,Jump Shot,3PT Field Goal,Above the Break 3,Center(C),24+ ft.,25.0,-13.0,257.0,1,0,20150408,MEM,NOP
Shot Chart Detail,0021401166,393,202708,Norris Cole,1610612740,New Orleans Pelicans,4,6,11,Made Shot,Dunk Shot,2PT Field Goal,Restricted Area,Center(C),Less Than 8 ft.,0.0,0.0,1.0,1,1,20150408,MEM,NOP
Shot Chart Detail,0021401182,98,202708,Norris Cole,1610612740,New Orleans Pelicans,1,2,0,Made Shot,Jump Shot,2PT Field Goal,Mid-Range,Right Side Center(RC),16-24 ft.,20.0,84.0,186.0,1,1,20150410,NOP,PHX
Shot Chart Detail,0021401182,117,202708,Norris Cole,1610612740,New Orleans Pelicans,1,0,36,Made Shot,Jump Shot,2PT Field Goal,Mid-Range,Right Side Center(RC),16-24 ft.,20.0,99.0,184.0,1,1,20150410,NOP,PHX
Shot Chart Detail,0021401182,157,202708,Norris Cole,1610612740,New Orleans Pelicans,2,9,14,Made Shot,Jump Shot,3PT Field Goal,Left Corner 3,Left Side(L),24+ ft.,23.0,-239.0,14.0,1,1,20150410,NOP,PHX
Shot Chart Detail,0021401182,181,202708,Norris Cole,1610612740,New Orleans Pelicans,2,5,47,Made Shot,Jump Shot,2PT Field Goal,Mid-Range,Center(C),16-24 ft.,19.0,36.0,187.0,1,1,20150410,NOP,PHX
Shot Chart Detail,0021401182,395,202708,Norris Cole,1610612740,New Orleans Pelicans,4,11,21,Missed Shot,Jump Shot,3PT Field Goal,Above the Break 3,Left Side Center(LC),24+ ft.,24.0,-134.0,211.0,1,0,20150410,NOP,PHX
Shot Chart Detail,0021401182,438,202708,Norris Cole,1610612740,New Orleans Pelicans,4,7,4,Made Shot,Driving Layup Shot,2PT Field Goal,Restricted Area,Center(C),Less Than 8 ft.,2.0,23.0,3.0,1,1,20150410,NOP,PHX
Shot Chart Detail,0021401199,99,202708,Norris Cole,1610612740,New Orleans Pelicans,1,2,17,Missed Shot,Jump Shot,3PT Field Goal,Left Corner 3,Left Side(L),24+ ft.,23.0,-231.0,-3.0,1,0,20150412,HOU,NOP
Shot Chart Detail,0021401199,138,202708,Norris Cole,1610612740,New Orleans Pelicans,2,10,57,Missed Shot,Running Hook Shot,2PT Field Goal,Mid-Range,Right Side(R),8-16 ft.,9.0,88.0,26.0,1,0,20150412,HOU,NOP
Shot Chart Detail,0021401199,193,202708,Norris Cole,1610612740,New Orleans Pelicans,2,6,49,Missed Shot,Driving Reverse Layup Shot,2PT Field Goal,Restricted Area,Center(C),Less Than 8 ft.,2.0,29.0,-2.0,1,0,20150412,HOU,NOP
Shot Chart Detail,0021401199,213,202708,Norris Cole,1610612740,New Orleans Pelicans,2,5,32,Made Shot,Jump Shot,2PT Field Goal,Mid-Range,Left Side Center(LC),16-24 ft.,21.0,-153.0,149.0,1,1,20150412,HOU,NOP
Shot Chart Detail,0021401199,420,202708,Norris Cole,1610612740,New Orleans Pelicans,4,9,27,Missed Shot,Pullup Jump shot,2PT Field Goal,Mid-Range,Center(C),16-24 ft.,21.0,-15.0,213.0,1,0,20150412,HOU,NOP
Shot Chart Detail,0021401208,83,202708,Norris Cole,1610612740,New Orleans Pelicans,1,2,19,Missed Shot,Jump Shot,3PT Field Goal,Above the Break 3,Right Side Center(RC),24+ ft.,25.0,193.0,160.0,1,0,20150413,MIN,NOP
Shot Chart Detail,0021401208,95,202708,Norris Cole,1610612740,New Orleans Pelicans,1,0,37,Missed Shot,Pullup Jump shot,2PT Field Goal,Mid-Range,Right Side(R),8-16 ft.,14.0,100.0,110.0,1,0,20150413,MIN,NOP
Shot Chart Detail,0021401208,145,202708,Norris Cole,1610612740,New Orleans Pelicans,2,8,1,Missed Shot,Step Back Jump shot,2PT Field Goal,Mid-Range,Right Side(R),8-16 ft.,15.0,116.0,97.0,1,0,20150413,MIN,NOP
Shot Chart Detail,0021401208,171,202708,Norris Cole,1610612740,New Orleans Pelicans,2,6,6,Made Shot,Jump Shot,2PT Field Goal,Mid-Range,Left Side Center(LC),16-24 ft.,21.0,-109.0,190.0,1,1,20150413,MIN,NOP
Shot Chart Detail,0021401208,174,202708,Norris Cole,1610612740,New Orleans Pelicans,2,5,28,Made Shot,Jump Shot,3PT Field Goal,Right Corner 3,Right Side(R),24+ ft.,22.0,228.0,12.0,1,1,20150413,MIN,NOP
Shot Chart Detail,0021401208,334,202708,Norris Cole,1610612740,New Orleans Pelicans,3,3,48,Missed Shot,Pullup Jump shot,2PT Field Goal,Mid-Range,Center(C),16-24 ft.,18.0,7.0,187.0,1,0,20150413,MIN,NOP
Shot Chart Detail,0021401208,371,202708,Norris Cole,1610612740,New Orleans Pelicans,3,1,47,Missed Shot,Jump Shot,3PT Field Goal,Above the Break 3,Center(C),24+ ft.,25.0,75.0,241.0,1,0,20150413,MIN,NOP
Shot Chart Detail,0021401208,418,202708,Norris Cole,1610612740,New Orleans Pelicans,4,8,36,Made Shot,Driving Layup Shot,2PT Field Goal,Restricted Area,Center(C),Less Than 8 ft.,0.0,-5.0,0.0,1,1,20150413,MIN,NOP
Shot Chart Detail,0021401223,129,202708,Norris Cole,1610612740,New Orleans Pelicans,2,8,57,Made Shot,Reverse Layup Shot,2PT Field Goal,Restricted Area,Center(C),Less Than 8 ft.,1.0,-15.0,-5.0,1,1,20150415,NOP,SAS
Shot Chart Detail,0021401223,138,202708,Norris Cole,1610612740,New Orleans Pelicans,2,8,0,Made Shot,Driving Layup Shot,2PT Field Goal,Restricted Area,Center(C),Less Than 8 ft.,1.0,10.0,7.0,1,1,20150415,NOP,SAS
Shot Chart Detail,0021401223,143,202708,Norris Cole,1610612740,New Orleans Pelicans,2,7,21,Missed Shot,Jump Shot,3PT Field Goal,Above the Break 3,Left Side Center(LC),24+ ft.,25.0,-138.0,216.0,1,0,20150415,NOP,SAS
Shot Chart Detail,0021401223,159,202708,Norris Cole,1610612740,New Orleans Pelicans,2,5,38,Made Shot,Driving Layup Shot,2PT Field Goal,In The Paint (Non-RA),Center(C),Less Than 8 ft.,4.0,-29.0,31.0,1,1,20150415,NOP,SAS
Shot Chart Detail,0021401223,165,202708,Norris Cole,1610612740,New Orleans Pelicans,2,5,3,Made Shot,Floating Jump shot,2PT Field Goal,In The Paint (Non-RA),Center(C),8-16 ft.,12.0,-34.0,124.0,1,1,20150415,NOP,SAS
Shot Chart Detail,0021401223,169,202708,Norris Cole,1610612740,New Orleans Pelicans,2,4,36,Made Shot,Floating Jump shot,2PT Field Goal,In The Paint (Non-RA),Right Side(R),8-16 ft.,8.0,54.0,60.0,1,1,20150415,NOP,SAS
Shot Chart Detail,0021401223,184,202708,Norris Cole,1610612740,New Orleans Pelicans,2,3,13,Made Shot,Driving Reverse Layup Shot,2PT Field Goal,Restricted Area,Center(C),Less Than 8 ft.,2.0,17.0,20.0,1,1,20150415,NOP,SAS
Shot Chart Detail,0021401223,186,202708,Norris Cole,1610612740,New Orleans Pelicans,2,2,38,Missed Shot,Jump Shot,2PT Field Goal,Mid-Range,Left Side Center(LC),16-24 ft.,20.0,-161.0,134.0,1,0,20150415,NOP,SAS
Shot Chart Detail,0021401223,317,202708,Norris Cole,1610612740,New Orleans Pelicans,3,0,12,Missed Shot,Layup Shot,2PT Field Goal,Restricted Area,Center(C),Less Than 8 ft.,0.0,1.0,-3.0,1,0,20150415,NOP,SAS
Shot Chart Detail,0021401223,330,202708,Norris Cole,1610612740,New Orleans Pelicans,4,11,35,Missed Shot,Jump Shot,2PT Field Goal,In The Paint (Non-RA),Center(C),8-16 ft.,11.0,45.0,108.0,1,0,20150415,NOP,SAS
