GRID_TYPE,GAME_ID,GAME_EVENT_ID,PLAYER_ID,PLAYER_NAME,TEAM_ID,TEAM_NAME,PERIOD,MINUTES_REMAINING,SECONDS_REMAINING,EVENT_TYPE,ACTION_TYPE,SHOT_TYPE,SHOT_ZONE_BASIC,SHOT_ZONE_AREA,SHOT_ZONE_RANGE,SHOT_DISTANCE,LOC_X,LOC_Y,SHOT_ATTEMPTED_FLAG,SHOT_MADE_FLAG,GAME_DATE,HTM,VTM
Shot Chart Detail,0021500010,79,201147,Corey Brewer,1610612745,Houston Rockets,1,4,43,Missed Shot,Floating Jump shot,2PT Field Goal,In The Paint (Non-RA),Center(C),8-16 ft.,10.0,-37.0,95.0,1,0,20151028,HOU,DEN
Shot Chart Detail,0021500010,82,201147,Corey Brewer,1610612745,Houston Rockets,1,4,12,Missed Shot,Layup Shot,2PT Field Goal,Restricted Area,Center(C),Less Than 8 ft.,2.0,-2.0,26.0,1,0,20151028,HOU,DEN
Shot Chart Detail,0021500010,116,201147,Corey Brewer,1610612745,Houston Rockets,1,2,14,Missed Shot,Layup Shot,2PT Field Goal,Restricted Area,Center(C),Less Than 8 ft.,2.0,-25.0,8.0,1,0,20151028,HOU,DEN
Shot Chart Detail,0021500010,228,201147,Corey Brewer,1610612745,Houston Rockets,2,3,36,Missed Shot,Driving Layup Shot,2PT Field Goal,Restricted Area,Center(C),Less Than 8 ft.,3.0,35.0,0.0,1,0,20151028,HOU,DEN
Shot Chart Detail,0021500010,349,201147,Corey Brewer,1610612745,Houston Rockets,3,3,45,Missed Shot,Jump Shot,3PT Field Goal,Above the Break 3,Center(C),24+ ft.,27.0,-9.0,278.0,1,0,20151028,HOU,DEN
Shot Chart Detail,0021500010,357,201147,Corey Brewer,1610612745,Houston Rockets,3,3,11,Missed Shot,Layup Shot,2PT Field Goal,Restricted Area,Center(C),Less Than 8 ft.,1.0,15.0,2.0,1,0,20151028,HOU,DEN
Shot Chart Detail,0021500010,395,201147,Corey Brewer,1610612745,Houston Rockets,4,11,50,Missed Shot,Layup Shot,2PT Field Goal,Restricted Area,Center(C),Less Than 8 ft.,0.0,0.0,8.0,1,0,20151028,HOU,DEN
Shot Chart Detail,0021500010,411,201147,Corey Brewer,1610612745,Houston Rockets,4,10,31,Made Shot,Running Dunk Shot,2PT Field Goal,Restricted Area,Center(C),Less Than 8 ft.,0.0,0.0,1.0,1,1,20151028,HOU,DEN
Shot Chart Detail,0021500010,422,201147,Corey Brewer,1610612745,Houston Rockets,4,9,22,Made Shot,Jump Shot,3PT Field Goal,Right Corner 3,Right Side(R),24+ ft.,22.0,225.0,0.0,1,1,20151028,HOU,DEN
Shot Chart Detail,0021500010,424,201147,Corey Brewer,1610612745,Houston Rockets,4,8,58,Missed Shot,Driving Layup Shot,2PT Field Goal,Restricted Area,Center(C),Less Than 8 ft.,2.0,-27.0,2.0,1,0,20151028,HOU,DEN
Shot Chart Detail,0021500010,459,201147,Corey Brewer,1610612745,Houston Rockets,4,5,37,Missed Shot,Driving Layup Shot,2PT Field Goal,Restricted Area,Center(C),Less Than 8 ft.,2.0,-29.0,3.0,1,0,20151028,HOU,DEN
Shot Chart Detail,0021500010,473,201147,Corey Brewer,1610612745,Houston Rockets,4,4,25,Missed Shot,Jump Shot,3PT Field Goal,Left Corner 3,Left Side(L),24+ ft.,24.0,-243.0,52.0,1,0,20151028,HOU,DEN
Shot Chart Detail,0021500030,275,201147,Corey Brewer,1610612745,Houston Rockets,2,2,4,Missed Shot,Driving Layup Shot,2PT Field Goal,In The Paint (Non-RA),Center(C),Less Than 8 ft.,4.0,-38.0,21.0,1,0,20151030,HOU,GSW
Shot Chart Detail,0021500030,432,201147,Corey Brewer,1610612745,Houston Rockets,3,0,4,Missed Shot,Running Layup Shot,2PT Field Goal,Restricted Area,Center(C),Less Than 8 ft.,1.0,-11.0,16.0,1,0,20151030,HOU,GSW
Shot Chart Detail,0021500030,445,201147,Corey Brewer,1610612745,Houston Rockets,4,11,1,Made Shot,Jump Shot,3PT Field Goal,Above the Break 3,Right Side Center(RC),24+ ft.,24.0,138.0,205.0,1,1,20151030,HOU,GSW
Shot Chart Detail,0021500030,469,201147,Corey Brewer,1610612745,Houston Rockets,4,8,53,Made Shot,Floating Jump shot,2PT Field Goal,Mid-Range,Center(C),8-16 ft.,13.0,10.0,139.0,1,1,20151030,HOU,GSW
Shot Chart Detail,0021500030,523,201147,Corey Brewer,1610612745,Houston Rockets,4,4,56,Missed Shot,Jump Shot,3PT Field Goal,Left Corner 3,Left Side(L),24+ ft.,23.0,-238.0,23.0,1,0,20151030,HOU,GSW
Shot Chart Detail,0021500030,547,201147,Corey Brewer,1610612745,Houston Rockets,4,3,35,Missed Shot,Floating Jump shot,2PT Field Goal,In The Paint (Non-RA),Center(C),Less Than 8 ft.,5.0,50.0,26.0,1,0,20151030,HOU,GSW
Shot Chart Detail,0021500041,94,201147,Corey Brewer,1610612745,Houston Rockets,1,3,26,Made Shot,Reverse Layup Shot,2PT Field Goal,Restricted Area,Center(C),Less Than 8 ft.,1.0,-19.0,2.0,1,1,20151101,MIA,HOU
Shot Chart Detail,0021500041,96,201147,Corey Brewer,1610612745,Houston Rockets,1,3,2,Made Shot,Layup Shot,2PT Field Goal,Restricted Area,Center(C),Less Than 8 ft.,1.0,-12.0,13.0,1,1,20151101,MIA,HOU
Shot Chart Detail,0021500041,108,201147,Corey Brewer,1610612745,Houston Rockets,1,2,32,Missed Shot,Jump Shot,2PT Field Goal,In The Paint (Non-RA),Center(C),Less Than 8 ft.,4.0,-2.0,47.0,1,0,20151101,MIA,HOU
Shot Chart Detail,0021500041,155,201147,Corey Brewer,1610612745,Houston Rockets,2,11,43,Missed Shot,Layup Shot,2PT Field Goal,Restricted Area,Center(C),Less Than 8 ft.,1.0,-14.0,13.0,1,0,20151101,MIA,HOU
Shot Chart Detail,0021500041,166,201147,Corey Brewer,1610612745,Houston Rockets,2,10,16,Missed Shot,Jump Shot,3PT Field Goal,Right Corner 3,Right Side(R),24+ ft.,23.0,235.0,41.0,1,0,20151101,MIA,HOU
Shot Chart Detail,0021500041,172,201147,Corey Brewer,1610612745,Houston Rockets,2,9,39,Missed Shot,Jump Shot,3PT Field Goal,Left Corner 3,Left Side(L),24+ ft.,24.0,-243.0,2.0,1,0,20151101,MIA,HOU
Shot Chart Detail,0021500041,391,201147,Corey Brewer,1610612745,Houston Rockets,3,1,56,Missed Shot,Turnaround Jump Shot,2PT Field Goal,Mid-Range,Left Side(L),8-16 ft.,8.0,-88.0,13.0,1,0,20151101,MIA,HOU
Shot Chart Detail,0021500041,398,201147,Corey Brewer,1610612745,Houston Rockets,3,1,14,Missed Shot,Jump Shot,3PT Field Goal,Right Corner 3,Right Side(R),24+ ft.,24.0,241.0,18.0,1,0,20151101,MIA,HOU
Shot Chart Detail,0021500041,425,201147,Corey Brewer,1610612745,Houston Rockets,4,10,28,Made Shot,Jump Bank Shot,2PT Field Goal,In The Paint (Non-RA),Right Side(R),8-16 ft.,9.0,68.0,70.0,1,1,20151101,MIA,HOU
Shot Chart Detail,0021500041,435,201147,Corey Brewer,1610612745,Houston Rockets,4,9,2,Made Shot,Floating Jump shot,2PT Field Goal,In The Paint (Non-RA),Center(C),Less Than 8 ft.,6.0,45.0,46.0,1,1,20151101,MIA,HOU
Shot Chart Detail,0021500041,449,201147,Corey Brewer,1610612745,Houston Rockets,4,8,27,Missed Shot,Hook Shot,2PT Field Goal,In The Paint (Non-RA),Center(C),8-16 ft.,11.0,27.0,116.0,1,0,20151101,MIA,HOU
Shot Chart Detail,0021500041,521,201147,Corey Brewer,1610612745,Houston Rockets,4,1,23,Missed Shot,Driving Hook Shot,2PT Field Goal,In The Paint (Non-RA),Center(C),Less Than 8 ft.,7.0,64.0,36.0,1,0,20151101,MIA,HOU
Shot Chart Detail,0021500041,527,201147,Corey Brewer,1610612745,Houston Rockets,4,0,26,Made Shot,Driving Hook Shot,2PT Field Goal,Restricted Area,Center(C),Less Than 8 ft.,2.0,17.0,11.0,1,1,20151101,MIA,HOU
Shot Chart Detail,0021500049,118,201147,Corey Brewer,1610612745,Houston Rockets,1,0,45,Made Shot,Driving Layup Shot,2PT Field Goal,Restricted Area,Center(C),Less Than 8 ft.,1.0,10.0,8.0,1,1,20151102,HOU,OKC
Shot Chart Detail,0021500049,120,201147,Corey Brewer,1610612745,Houston Rockets,1,0,23,Missed Shot,Driving Reverse Layup Shot,2PT Field Goal,Restricted Area,Center(C),Less Than 8 ft.,1.0,-17.0,2.0,1,0,20151102,HOU,OKC
Shot Chart Detail,0021500049,124,201147,Corey Brewer,1610612745,Houston Rockets,1,0,0,Missed Shot,Jump Shot,3PT Field Goal,Backcourt,Back Court(BC),Back Court Shot,69.0,84.0,693.0,1,0,20151102,HOU,OKC
Shot Chart Detail,0021500049,131,201147,Corey Brewer,1610612745,Houston Rockets,2,11,43,Made Shot,Running Layup Shot,2PT Field Goal,Restricted Area,Center(C),Less Than 8 ft.,0.0,9.0,2.0,1,1,20151102,HOU,OKC
Shot Chart Detail,0021500049,137,201147,Corey Brewer,1610612745,Houston Rockets,2,11,18,Missed Shot,Turnaround Jump Shot,2PT Field Goal,In The Paint (Non-RA),Left Side(L),8-16 ft.,10.0,-66.0,85.0,1,0,20151102,HOU,OKC
Shot Chart Detail,0021500049,154,201147,Corey Brewer,1610612745,Houston Rockets,2,9,52,Made Shot,Cutting Layup Shot,2PT Field Goal,Restricted Area,Center(C),Less Than 8 ft.,2.0,24.0,2.0,1,1,20151102,HOU,OKC
Shot Chart Detail,0021500049,170,201147,Corey Brewer,1610612745,Houston Rockets,2,8,16,Made Shot,Running Layup Shot,2PT Field Goal,Restricted Area,Center(C),Less Than 8 ft.,1.0,14.0,7.0,1,1,20151102,HOU,OKC
Shot Chart Detail,0021500049,431,201147,Corey Brewer,1610612745,Houston Rockets,3,1,51,Missed Shot,Jump Shot,3PT Field Goal,Left Corner 3,Left Side(L),24+ ft.,24.0,-241.0,61.0,1,0,20151102,HOU,OKC
Shot Chart Detail,0021500049,464,201147,Corey Brewer,1610612745,Houston Rockets,4,10,55,Missed Shot,Jump Shot,2PT Field Goal,Restricted Area,Center(C),Less Than 8 ft.,3.0,-30.0,11.0,1,0,20151102,HOU,OKC
Shot Chart Detail,0021500049,467,201147,Corey Brewer,1610612745,Houston Rockets,4,10,43,Missed Shot,Layup Shot,2PT Field Goal,In The Paint (Non-RA),Center(C),Less Than 8 ft.,4.0,-44.0,5.0,1,0,20151102,HOU,OKC
Shot Chart Detail,0021500049,497,201147,Corey Brewer,1610612745,Houston Rockets,4,7,47,Made Shot,Cutting Layup Shot,2PT Field Goal,Restricted Area,Center(C),Less Than 8 ft.,3.0,-34.0,18.0,1,1,20151102,HOU,OKC
Shot Chart Detail,0021500064,129,201147,Corey Brewer,1610612745,Houston Rockets,1,0,3,Missed Shot,Jump Shot,3PT Field Goal,Left Corner 3,Left Side(L),24+ ft.,23.0,-238.0,16.0,1,0,20151104,HOU,ORL
Shot Chart Detail,0021500064,328,201147,Corey Brewer,1610612745,Houston Rockets,3,7,33,Made Shot,Cutting Layup Shot,2PT Field Goal,Restricted Area,Center(C),Less Than 8 ft.,1.0,-4.0,16.0,1,1,20151104,HOU,ORL
Shot Chart Detail,0021500064,364,201147,Corey Brewer,1610612745,Houston Rockets,3,3,49,Missed Shot,Driving Bank shot,2PT Field Goal,In The Paint (Non-RA),Center(C),Less Than 8 ft.,6.0,60.0,21.0,1,0,20151104,HOU,ORL
Shot Chart Detail,0021500064,395,201147,Corey Brewer,1610612745,Houston Rockets,3,2,3,Missed Shot,Jump Shot,3PT Field Goal,Left Corner 3,Left Side(L),24+ ft.,23.0,-235.0,33.0,1,0,20151104,HOU,ORL
Shot Chart Detail,0021500064,407,201147,Corey Brewer,1610612745,Houston Rockets,3,0,12,Missed Shot,Layup Shot,2PT Field Goal,Restricted Area,Center(C),Less Than 8 ft.,2.0,-29.0,7.0,1,0,20151104,HOU,ORL
Shot Chart Detail,0021500064,414,201147,Corey Brewer,1610612745,Houston Rockets,3,0,1,Missed Shot,Jump Shot,2PT Field Goal,Mid-Range,Right Side(R),8-16 ft.,8.0,87.0,11.0,1,0,20151104,HOU,ORL
Shot Chart Detail,0021500064,437,201147,Corey Brewer,1610612745,Houston Rockets,4,9,4,Missed Shot,Jump Shot,2PT Field Goal,In The Paint (Non-RA),Center(C),Less Than 8 ft.,4.0,-37.0,26.0,1,0,20151104,HOU,ORL
Shot Chart Detail,0021500084,149,201147,Corey Brewer,1610612745,Houston Rockets,1,0,38,Made Shot,Dunk Shot,2PT Field Goal,Restricted Area,Center(C),Less Than 8 ft.,0.0,0.0,1.0,1,1,20151106,SAC,HOU
Shot Chart Detail,0021500093,98,201147,Corey Brewer,1610612745,Houston Rockets,1,2,48,Missed Shot,Layup Shot,2PT Field Goal,Restricted Area,Center(C),Less Than 8 ft.,1.0,10.0,2.0,1,0,20151107,LAC,HOU
Shot Chart Detail,0021500093,159,201147,Corey Brewer,1610612745,Houston Rockets,2,9,20,Missed Shot,Jump Shot,3PT Field Goal,,,,,,,1,0,20151107,LAC,HOU
Shot Chart Detail,0021500093,184,201147,Corey Brewer,1610612745,Houston Rockets,2,7,36,Made Shot,Running Layup Shot,2PT Field Goal,Restricted Area,Center(C),Less Than 8 ft.,2.0,9.0,21.0,1,1,20151107,LAC,HOU
Shot Chart Detail,0021500093,186,201147,Corey Brewer,1610612745,Houston Rockets,2,7,13,Missed Shot,Layup Shot,2PT Field Goal,Restricted Area,Center(C),Less Than 8 ft.,2.0,10.0,23.0,1,0,20151107,LAC,HOU
Shot Chart Detail,0021500093,335,201147,Corey Brewer,1610612745,Houston Rockets,3,4,36,Missed Shot,Jump Shot,2PT Field Goal,Mid-Range,Right Side Center(RC),16-24 ft.,18.0,94.0,164.0,1,0,20151107,LAC,HOU
Shot Chart Detail,0021500093,383,201147,Corey Brewer,1610612745,Houston Rockets,3,0,1,Missed Shot,Jump Shot,3PT Field Goal,Above the Break 3,Center(C),24+ ft.,26.0,-34.0,267.0,1,0,20151107,LAC,HOU
Shot Chart Detail,0021500093,390,201147,Corey Brewer,1610612745,Houston Rockets,4,11,31,Missed Shot,Jump Shot,2PT Field Goal,In The Paint (Non-RA),Right Side(R),8-16 ft.,8.0,43.0,72.0,1,0,20151107,LAC,HOU
Shot Chart Detail,0021500093,407,201147,Corey Brewer,1610612745,Houston Rockets,4,10,4,Made Shot,Running Dunk Shot,2PT Field Goal,Restricted Area,Center(C),Less Than 8 ft.,0.0,0.0,1.0,1,1,20151107,LAC,HOU
Shot Chart Detail,0021500119,120,201147,Corey Brewer,1610612745,Houston Rockets,1,2,55,Made Shot,Running Layup Shot,2PT Field Goal,Restricted Area,Center(C),Less Than 8 ft.,2.0,20.0,2.0,1,1,20151111,HOU,BKN
Shot Chart Detail,0021500119,143,201147,Corey Brewer,1610612745,Houston Rockets,1,1,5,Missed Shot,Jump Shot,3PT Field Goal,Above the Break 3,Right Side Center(RC),24+ ft.,26.0,101.0,242.0,1,0,20151111,HOU,BKN
Shot Chart Detail,0021500119,178,201147,Corey Brewer,1610612745,Houston Rockets,2,11,13,Missed Shot,Jump Shot,2PT Field Goal,In The Paint (Non-RA),Center(C),Less Than 8 ft.,5.0,2.0,51.0,1,0,20151111,HOU,BKN
Shot Chart Detail,0021500119,195,201147,Corey Brewer,1610612745,Houston Rockets,2,10,29,Missed Shot,Floating Jump shot,2PT Field Goal,In The Paint (Non-RA),Center(C),Less Than 8 ft.,4.0,-4.0,46.0,1,0,20151111,HOU,BKN
Shot Chart Detail,0021500119,444,201147,Corey Brewer,1610612745,Houston Rockets,4,10,26,Made Shot,Driving Layup Shot,2PT Field Goal,Restricted Area,Center(C),Less Than 8 ft.,1.0,-7.0,-11.0,1,1,20151111,HOU,BKN
Shot Chart Detail,0021500119,462,201147,Corey Brewer,1610612745,Houston Rockets,4,7,48,Missed Shot,Pullup Jump shot,2PT Field Goal,Mid-Range,Left Side(L),8-16 ft.,12.0,-120.0,28.0,1,0,20151111,HOU,BKN
Shot Chart Detail,0021500136,159,201147,Corey Brewer,1610612745,Houston Rockets,1,0,1,Missed Shot,Running Finger Roll Layup Shot,2PT Field Goal,Restricted Area,Center(C),Less Than 8 ft.,2.0,22.0,11.0,1,0,20151113,DEN,HOU
Shot Chart Detail,0021500136,466,201147,Corey Brewer,1610612745,Houston Rockets,4,10,43,Missed Shot,Jump Shot,2PT Field Goal,In The Paint (Non-RA),Center(C),8-16 ft.,12.0,-2.0,121.0,1,0,20151113,DEN,HOU
Shot Chart Detail,0021500140,152,201147,Corey Brewer,1610612745,Houston Rockets,2,11,27,Missed Shot,Jump Shot,3PT Field Goal,Left Corner 3,Left Side(L),24+ ft.,23.0,-237.0,16.0,1,0,20151114,HOU,DAL
Shot Chart Detail,0021500140,157,201147,Corey Brewer,1610612745,Houston Rockets,2,11,5,Made Shot,Running Layup Shot,2PT Field Goal,Restricted Area,Center(C),Less Than 8 ft.,1.0,10.0,8.0,1,1,20151114,HOU,DAL
Shot Chart Detail,0021500140,162,201147,Corey Brewer,1610612745,Houston Rockets,2,10,14,Missed Shot,Layup Shot,2PT Field Goal,Restricted Area,Center(C),Less Than 8 ft.,1.0,10.0,16.0,1,0,20151114,HOU,DAL
Shot Chart Detail,0021500140,164,201147,Corey Brewer,1610612745,Houston Rockets,2,10,13,Missed Shot,Layup Shot,2PT Field Goal,Restricted Area,Center(C),Less Than 8 ft.,3.0,-30.0,7.0,1,0,20151114,HOU,DAL
Shot Chart Detail,0021500140,209,201147,Corey Brewer,1610612745,Houston Rockets,2,6,34,Missed Shot,Pullup Jump shot,2PT Field Goal,Mid-Range,Left Side(L),16-24 ft.,17.0,-169.0,23.0,1,0,20151114,HOU,DAL
Shot Chart Detail,0021500140,216,201147,Corey Brewer,1610612745,Houston Rockets,2,5,39,Missed Shot,Running Layup Shot,2PT Field Goal,Restricted Area,Center(C),Less Than 8 ft.,0.0,9.0,3.0,1,0,20151114,HOU,DAL
Shot Chart Detail,0021500140,449,201147,Corey Brewer,1610612745,Houston Rockets,4,8,47,Made Shot,Driving Layup Shot,2PT Field Goal,Restricted Area,Center(C),Less Than 8 ft.,1.0,15.0,11.0,1,1,20151114,HOU,DAL
Shot Chart Detail,0021500154,101,201147,Corey Brewer,1610612745,Houston Rockets,1,2,2,Missed Shot,Jump Shot,3PT Field Goal,Right Corner 3,Right Side(R),24+ ft.,22.0,225.0,3.0,1,0,20151116,HOU,BOS
Shot Chart Detail,0021500154,126,201147,Corey Brewer,1610612745,Houston Rockets,1,0,9,Made Shot,Jump Shot,3PT Field Goal,Above the Break 3,Right Side Center(RC),24+ ft.,25.0,151.0,205.0,1,1,20151116,HOU,BOS
Shot Chart Detail,0021500154,128,201147,Corey Brewer,1610612745,Houston Rockets,1,0,0,Missed Shot,Jump Shot,3PT Field Goal,Backcourt,Back Court(BC),Back Court Shot,59.0,-104.0,585.0,1,0,20151116,HOU,BOS
Shot Chart Detail,0021500154,135,201147,Corey Brewer,1610612745,Houston Rockets,2,11,32,Missed Shot,Driving Layup Shot,2PT Field Goal,Restricted Area,Center(C),Less Than 8 ft.,2.0,-16.0,23.0,1,0,20151116,HOU,BOS
Shot Chart Detail,0021500154,145,201147,Corey Brewer,1610612745,Houston Rockets,2,11,0,Missed Shot,Layup Shot,2PT Field Goal,Restricted Area,Center(C),Less Than 8 ft.,1.0,14.0,2.0,1,0,20151116,HOU,BOS
Shot Chart Detail,0021500154,161,201147,Corey Brewer,1610612745,Houston Rockets,2,9,51,Made Shot,Turnaround Bank shot,2PT Field Goal,In The Paint (Non-RA),Left Side(L),8-16 ft.,8.0,-71.0,47.0,1,1,20151116,HOU,BOS
Shot Chart Detail,0021500154,182,201147,Corey Brewer,1610612745,Houston Rockets,2,8,29,Missed Shot,Jump Shot,2PT Field Goal,Mid-Range,Right Side Center(RC),16-24 ft.,18.0,145.0,111.0,1,0,20151116,HOU,BOS
Shot Chart Detail,0021500154,265,201147,Corey Brewer,1610612745,Houston Rockets,2,2,50,Missed Shot,Jump Shot,3PT Field Goal,Right Corner 3,Right Side(R),24+ ft.,23.0,230.0,16.0,1,0,20151116,HOU,BOS
Shot Chart Detail,0021500154,412,201147,Corey Brewer,1610612745,Houston Rockets,3,2,53,Missed Shot,Jump Shot,3PT Field Goal,Above the Break 3,Left Side Center(LC),24+ ft.,25.0,-161.0,198.0,1,0,20151116,HOU,BOS
Shot Chart Detail,0021500154,417,201147,Corey Brewer,1610612745,Houston Rockets,3,2,23,Missed Shot,Jump Shot,2PT Field Goal,In The Paint (Non-RA),Center(C),Less Than 8 ft.,6.0,-63.0,16.0,1,0,20151116,HOU,BOS
Shot Chart Detail,0021500154,500,201147,Corey Brewer,1610612745,Houston Rockets,4,6,34,Missed Shot,Jump Shot,3PT Field Goal,Left Corner 3,Left Side(L),24+ ft.,23.0,-238.0,3.0,1,0,20151116,HOU,BOS
Shot Chart Detail,0021500154,540,201147,Corey Brewer,1610612745,Houston Rockets,4,3,18,Made Shot,Running Layup Shot,2PT Field Goal,Restricted Area,Center(C),Less Than 8 ft.,3.0,38.0,0.0,1,1,20151116,HOU,BOS
Shot Chart Detail,0021500154,574,201147,Corey Brewer,1610612745,Houston Rockets,4,0,39,Missed Shot,Pullup Jump shot,3PT Field Goal,Above the Break 3,Left Side Center(LC),24+ ft.,27.0,-125.0,242.0,1,0,20151116,HOU,BOS
Shot Chart Detail,0021500154,578,201147,Corey Brewer,1610612745,Houston Rockets,4,0,7,Made Shot,Driving Bank shot,2PT Field Goal,Mid-Range,Left Side(L),8-16 ft.,9.0,-86.0,36.0,1,1,20151116,HOU,BOS
Shot Chart Detail,0021500170,90,201147,Corey Brewer,1610612745,Houston Rockets,1,3,43,Made Shot,Layup Shot,2PT Field Goal,Restricted Area,Center(C),Less Than 8 ft.,1.0,10.0,0.0,1,1,20151118,HOU,POR
Shot Chart Detail,0021500170,119,201147,Corey Brewer,1610612745,Houston Rockets,1,1,45,Missed Shot,Jump Shot,3PT Field Goal,Above the Break 3,Left Side Center(LC),24+ ft.,24.0,-196.0,144.0,1,0,20151118,HOU,POR
Shot Chart Detail,0021500170,146,201147,Corey Brewer,1610612745,Houston Rockets,2,10,58,Missed Shot,Driving Reverse Layup Shot,2PT Field Goal,Restricted Area,Center(C),Less Than 8 ft.,3.0,-32.0,-1.0,1,0,20151118,HOU,POR
Shot Chart Detail,0021500170,166,201147,Corey Brewer,1610612745,Houston Rockets,2,8,21,Missed Shot,Jump Shot,3PT Field Goal,Left Corner 3,Left Side(L),24+ ft.,23.0,-238.0,-11.0,1,0,20151118,HOU,POR
Shot Chart Detail,0021500170,356,201147,Corey Brewer,1610612745,Houston Rockets,3,3,26,Missed Shot,Driving Floating Bank Jump Shot,2PT Field Goal,In The Paint (Non-RA),Right Side(R),8-16 ft.,8.0,74.0,31.0,1,0,20151118,HOU,POR
Shot Chart Detail,0021500170,387,201147,Corey Brewer,1610612745,Houston Rockets,3,1,0,Missed Shot,Running Layup Shot,2PT Field Goal,Restricted Area,Center(C),Less Than 8 ft.,3.0,-32.0,-1.0,1,0,20151118,HOU,POR
Shot Chart Detail,0021500170,422,201147,Corey Brewer,1610612745,Houston Rockets,4,10,11,Made Shot,Jump Shot,3PT Field Goal,Above the Break 3,Right Side Center(RC),24+ ft.,24.0,215.0,121.0,1,1,20151118,HOU,POR
Shot Chart Detail,0021500170,445,201147,Corey Brewer,1610612745,Houston Rockets,4,7,50,Made Shot,Jump Shot,3PT Field Goal,Above the Break 3,Left Side Center(LC),24+ ft.,24.0,-112.0,218.0,1,1,20151118,HOU,POR
Shot Chart Detail,0021500170,475,201147,Corey Brewer,1610612745,Houston Rockets,4,5,43,Made Shot,Cutting Dunk Shot,2PT Field Goal,Restricted Area,Center(C),Less Than 8 ft.,0.0,0.0,1.0,1,1,20151118,HOU,POR
Shot Chart Detail,0021500170,555,201147,Corey Brewer,1610612745,Houston Rockets,4,0,51,Missed Shot,Layup Shot,2PT Field Goal,Restricted Area,Center(C),Less Than 8 ft.,2.0,24.0,11.0,1,0,20151118,HOU,POR
Shot Chart Detail,0021500170,590,201147,Corey Brewer,1610612745,Houston Rockets,4,0,0,Made Shot,Jump Shot,3PT Field Goal,Above the Break 3,Right Side Center(RC),24+ ft.,30.0,195.0,232.0,1,1,20151118,HOU,POR
Shot Chart Detail,0021500170,614,201147,Corey Brewer,1610612745,Houston Rockets,5,2,48,Missed Shot,Jump Shot,3PT Field Goal,Above the Break 3,Center(C),24+ ft.,24.0,9.0,249.0,1,0,20151118,HOU,POR
Shot Chart Detail,0021500180,103,201147,Corey Brewer,1610612745,Houston Rockets,1,2,13,Missed Shot,Pullup Jump shot,2PT Field Goal,Mid-Range,Center(C),8-16 ft.,15.0,22.0,154.0,1,0,20151120,MEM,HOU
Shot Chart Detail,0021500180,149,201147,Corey Brewer,1610612745,Houston Rockets,2,10,21,Missed Shot,Jump Shot,3PT Field Goal,Left Corner 3,Left Side(L),24+ ft.,23.0,-233.0,-1.0,1,0,20151120,MEM,HOU
Shot Chart Detail,0021500180,291,201147,Corey Brewer,1610612745,Houston Rockets,3,11,1,Missed Shot,Jump Shot,3PT Field Goal,Above the Break 3,Left Side Center(LC),24+ ft.,24.0,-179.0,160.0,1,0,20151120,MEM,HOU
Shot Chart Detail,0021500194,183,201147,Corey Brewer,1610612745,Houston Rockets,2,7,33,Missed Shot,Jump Shot,3PT Field Goal,Above the Break 3,Left Side Center(LC),24+ ft.,25.0,-204.0,159.0,1,0,20151121,HOU,NYK
Shot Chart Detail,0021500194,350,201147,Corey Brewer,1610612745,Houston Rockets,3,4,46,Made Shot,Jump Shot,3PT Field Goal,Left Corner 3,Left Side(L),24+ ft.,22.0,-228.0,7.0,1,1,20151121,HOU,NYK
Shot Chart Detail,0021500194,360,201147,Corey Brewer,1610612745,Houston Rockets,3,3,10,Made Shot,Jump Shot,3PT Field Goal,Left Corner 3,Left Side(L),24+ ft.,23.0,-232.0,-5.0,1,1,20151121,HOU,NYK
Shot Chart Detail,0021500194,374,201147,Corey Brewer,1610612745,Houston Rockets,3,2,4,Missed Shot,Jump Shot,3PT Field Goal,Right Corner 3,Right Side(R),24+ ft.,22.0,225.0,-1.0,1,0,20151121,HOU,NYK
Shot Chart Detail,0021500194,388,201147,Corey Brewer,1610612745,Houston Rockets,3,1,23,Missed Shot,Driving Layup Shot,2PT Field Goal,In The Paint (Non-RA),Center(C),Less Than 8 ft.,4.0,40.0,2.0,1,0,20151121,HOU,NYK
Shot Chart Detail,0021500194,419,201147,Corey Brewer,1610612745,Houston Rockets,4,11,4,Missed Shot,Jump Shot,3PT Field Goal,Left Corner 3,Left Side(L),24+ ft.,23.0,-235.0,11.0,1,0,20151121,HOU,NYK
Shot Chart Detail,0021500194,467,201147,Corey Brewer,1610612745,Houston Rockets,4,7,9,Missed Shot,Jump Shot,3PT Field Goal,Left Corner 3,Left Side(L),24+ ft.,24.0,-241.0,7.0,1,0,20151121,HOU,NYK
Shot Chart Detail,0021500220,79,201147,Corey Brewer,1610612745,Houston Rockets,1,4,36,Missed Shot,Cutting Finger Roll Layup Shot,2PT Field Goal,Restricted Area,Center(C),Less Than 8 ft.,3.0,-22.0,21.0,1,0,20151125,HOU,MEM
Shot Chart Detail,0021500220,227,201147,Corey Brewer,1610612745,Houston Rockets,2,1,0,Missed Shot,Jump Shot,3PT Field Goal,Right Corner 3,Right Side(R),24+ ft.,23.0,230.0,16.0,1,0,20151125,HOU,MEM
Shot Chart Detail,0021500220,312,201147,Corey Brewer,1610612745,Houston Rockets,3,5,34,Missed Shot,Jump Shot,3PT Field Goal,Left Corner 3,Left Side(L),24+ ft.,23.0,-237.0,-14.0,1,0,20151125,HOU,MEM
Shot Chart Detail,0021500220,338,201147,Corey Brewer,1610612745,Houston Rockets,3,3,0,Missed Shot,Running Layup Shot,2PT Field Goal,Restricted Area,Center(C),Less Than 8 ft.,2.0,-20.0,11.0,1,0,20151125,HOU,MEM
Shot Chart Detail,0021500220,403,201147,Corey Brewer,1610612745,Houston Rockets,4,9,53,Missed Shot,Step Back Jump shot,3PT Field Goal,Above the Break 3,Right Side Center(RC),24+ ft.,25.0,169.0,188.0,1,0,20151125,HOU,MEM
Shot Chart Detail,0021500220,481,201147,Corey Brewer,1610612745,Houston Rockets,4,3,58,Missed Shot,Jump Shot,3PT Field Goal,Right Corner 3,Right Side(R),24+ ft.,24.0,240.0,-11.0,1,0,20151125,HOU,MEM
Shot Chart Detail,0021500220,499,201147,Corey Brewer,1610612745,Houston Rockets,4,1,27,Made Shot,Jump Shot,3PT Field Goal,Right Corner 3,Right Side(R),24+ ft.,23.0,233.0,-1.0,1,1,20151125,HOU,MEM
Shot Chart Detail,0021500220,505,201147,Corey Brewer,1610612745,Houston Rockets,4,0,59,Missed Shot,Jump Shot,3PT Field Goal,Right Corner 3,Right Side(R),24+ ft.,23.0,232.0,-15.0,1,0,20151125,HOU,MEM
Shot Chart Detail,0021500232,429,201147,Corey Brewer,1610612745,Houston Rockets,4,9,33,Made Shot,Jump Shot,3PT Field Goal,Right Corner 3,Right Side(R),24+ ft.,23.0,230.0,-6.0,1,1,20151127,HOU,PHI
Shot Chart Detail,0021500252,373,201147,Corey Brewer,1610612745,Houston Rockets,3,2,21,Made Shot,Driving Layup Shot,2PT Field Goal,Restricted Area,Center(C),Less Than 8 ft.,0.0,1.0,3.0,1,1,20151129,NYK,HOU
Shot Chart Detail,0021500254,126,201147,Corey Brewer,1610612745,Houston Rockets,2,10,47,Missed Shot,Jump Shot,2PT Field Goal,In The Paint (Non-RA),Center(C),8-16 ft.,10.0,20.0,105.0,1,0,20151130,DET,HOU
Shot Chart Detail,0021500254,142,201147,Corey Brewer,1610612745,Houston Rockets,2,9,40,Missed Shot,Layup Shot,2PT Field Goal,Restricted Area,Center(C),Less Than 8 ft.,0.0,-6.0,2.0,1,0,20151130,DET,HOU
Shot Chart Detail,0021500254,156,201147,Corey Brewer,1610612745,Houston Rockets,2,8,43,Made Shot,Driving Layup Shot,2PT Field Goal,Restricted Area,Center(C),Less Than 8 ft.,1.0,-11.0,-1.0,1,1,20151130,DET,HOU
Shot Chart Detail,0021500254,372,201147,Corey Brewer,1610612745,Houston Rockets,3,4,12,Made Shot,Floating Jump shot,2PT Field Goal,In The Paint (Non-RA),Center(C),Less Than 8 ft.,5.0,51.0,7.0,1,1,20151130,DET,HOU
Shot Chart Detail,0021500254,383,201147,Corey Brewer,1610612745,Houston Rockets,3,2,50,Missed Shot,Jump Shot,3PT Field Goal,Left Corner 3,Left Side(L),24+ ft.,24.0,-241.0,-11.0,1,0,20151130,DET,HOU
Shot Chart Detail,0021500254,393,201147,Corey Brewer,1610612745,Houston Rockets,3,1,53,Made Shot,Layup Shot,2PT Field Goal,Restricted Area,Center(C),Less Than 8 ft.,1.0,-9.0,7.0,1,1,20151130,DET,HOU
Shot Chart Detail,0021500274,70,201147,Corey Brewer,1610612745,Houston Rockets,1,4,44,Made Shot,Cutting Layup Shot,2PT Field Goal,Restricted Area,Center(C),Less Than 8 ft.,2.0,-29.0,-1.0,1,1,20151202,HOU,NOP
Shot Chart Detail,0021500274,102,201147,Corey Brewer,1610612745,Houston Rockets,1,2,47,Missed Shot,Driving Layup Shot,2PT Field Goal,Restricted Area,Center(C),Less Than 8 ft.,2.0,9.0,26.0,1,0,20151202,HOU,NOP
Shot Chart Detail,0021500274,119,201147,Corey Brewer,1610612745,Houston Rockets,1,0,44,Missed Shot,Jump Shot,3PT Field Goal,Right Corner 3,Right Side(R),24+ ft.,23.0,230.0,11.0,1,0,20151202,HOU,NOP
Shot Chart Detail,0021500274,136,201147,Corey Brewer,1610612745,Houston Rockets,2,11,33,Made Shot,Pullup Jump shot,2PT Field Goal,In The Paint (Non-RA),Center(C),8-16 ft.,13.0,60.0,120.0,1,1,20151202,HOU,NOP
Shot Chart Detail,0021500274,145,201147,Corey Brewer,1610612745,Houston Rockets,2,10,29,Missed Shot,Jump Shot,3PT Field Goal,Above the Break 3,Left Side Center(LC),24+ ft.,24.0,-158.0,193.0,1,0,20151202,HOU,NOP
Shot Chart Detail,0021500274,166,201147,Corey Brewer,1610612745,Houston Rockets,2,9,4,Missed Shot,Floating Jump shot,2PT Field Goal,In The Paint (Non-RA),Center(C),Less Than 8 ft.,4.0,-12.0,46.0,1,0,20151202,HOU,NOP
Shot Chart Detail,0021500274,440,201147,Corey Brewer,1610612745,Houston Rockets,3,2,51,Made Shot,Jump Shot,3PT Field Goal,Right Corner 3,Right Side(R),24+ ft.,23.0,232.0,-6.0,1,1,20151202,HOU,NOP
Shot Chart Detail,0021500274,470,201147,Corey Brewer,1610612745,Houston Rockets,3,0,11,Missed Shot,Turnaround Fadeaway shot,2PT Field Goal,In The Paint (Non-RA),Center(C),8-16 ft.,11.0,-45.0,101.0,1,0,20151202,HOU,NOP
Shot Chart Detail,0021500274,473,201147,Corey Brewer,1610612745,Houston Rockets,3,0,0,Missed Shot,Jump Shot,3PT Field Goal,Backcourt,Back Court(BC),Back Court Shot,44.0,-19.0,447.0,1,0,20151202,HOU,NOP
Shot Chart Detail,0021500274,486,201147,Corey Brewer,1610612745,Houston Rockets,4,10,28,Missed Shot,Jump Shot,3PT Field Goal,Left Corner 3,Left Side(L),24+ ft.,23.0,-235.0,-11.0,1,0,20151202,HOU,NOP
Shot Chart Detail,0021500274,504,201147,Corey Brewer,1610612745,Houston Rockets,4,8,42,Missed Shot,Floating Jump shot,2PT Field Goal,In The Paint (Non-RA),Center(C),Less Than 8 ft.,5.0,30.0,51.0,1,0,20151202,HOU,NOP
Shot Chart Detail,0021500274,545,201147,Corey Brewer,1610612745,Houston Rockets,4,5,51,Missed Shot,Layup Shot,2PT Field Goal,Restricted Area,Center(C),Less Than 8 ft.,1.0,-1.0,13.0,1,0,20151202,HOU,NOP
Shot Chart Detail,0021500287,80,201147,Corey Brewer,1610612745,Houston Rockets,1,3,38,Missed Shot,Jump Shot,3PT Field Goal,Left Corner 3,Left Side(L),24+ ft.,22.0,-222.0,8.0,1,0,20151204,DAL,HOU
Shot Chart Detail,0021500287,109,201147,Corey Brewer,1610612745,Houston Rockets,1,1,27,Made Shot,Jump Shot,3PT Field Goal,Left Corner 3,Left Side(L),24+ ft.,22.0,-228.0,2.0,1,1,20151204,DAL,HOU
Shot Chart Detail,0021500287,122,201147,Corey Brewer,1610612745,Houston Rockets,1,0,0,Missed Shot,Jump Shot,3PT Field Goal,Backcourt,Back Court(BC),Back Court Shot,51.0,171.0,486.0,1,0,20151204,DAL,HOU
Shot Chart Detail,0021500287,130,201147,Corey Brewer,1610612745,Houston Rockets,2,11,33,Made Shot,Turnaround Jump Shot,2PT Field Goal,In The Paint (Non-RA),Left Side(L),8-16 ft.,10.0,-61.0,90.0,1,1,20151204,DAL,HOU
Shot Chart Detail,0021500287,406,201147,Corey Brewer,1610612745,Houston Rockets,4,11,5,Missed Shot,Floating Jump shot,2PT Field Goal,In The Paint (Non-RA),Center(C),8-16 ft.,9.0,-45.0,85.0,1,0,20151204,DAL,HOU
Shot Chart Detail,0021500287,419,201147,Corey Brewer,1610612745,Houston Rockets,4,10,6,Missed Shot,Jump Shot,3PT Field Goal,Left Corner 3,Left Side(L),24+ ft.,22.0,-227.0,8.0,1,0,20151204,DAL,HOU
Shot Chart Detail,0021500287,482,201147,Corey Brewer,1610612745,Houston Rockets,4,4,48,Missed Shot,Jump Shot,3PT Field Goal,Above the Break 3,Left Side Center(LC),24+ ft.,23.0,-186.0,149.0,1,0,20151204,DAL,HOU
Shot Chart Detail,0021500287,488,201147,Corey Brewer,1610612745,Houston Rockets,4,4,5,Made Shot,Cutting Layup Shot,2PT Field Goal,Restricted Area,Center(C),Less Than 8 ft.,1.0,-14.0,7.0,1,1,20151204,DAL,HOU
Shot Chart Detail,0021500293,66,201147,Corey Brewer,1610612745,Houston Rockets,1,5,27,Missed Shot,Jump Shot,3PT Field Goal,Left Corner 3,Left Side(L),24+ ft.,24.0,-245.0,-21.0,1,0,20151205,HOU,SAC
Shot Chart Detail,0021500293,120,201147,Corey Brewer,1610612745,Houston Rockets,1,2,13,Made Shot,Running Reverse Layup Shot,2PT Field Goal,Restricted Area,Center(C),Less Than 8 ft.,1.0,-14.0,-1.0,1,1,20151205,HOU,SAC
Shot Chart Detail,0021500293,265,201147,Corey Brewer,1610612745,Houston Rockets,2,1,14,Made Shot,Jump Shot,3PT Field Goal,Right Corner 3,Right Side(R),24+ ft.,22.0,225.0,-1.0,1,1,20151205,HOU,SAC
Shot Chart Detail,0021500293,282,201147,Corey Brewer,1610612745,Houston Rockets,2,0,1,Missed Shot,Layup Shot,2PT Field Goal,Restricted Area,Center(C),Less Than 8 ft.,1.0,9.0,8.0,1,0,20151205,HOU,SAC
Shot Chart Detail,0021500293,443,201147,Corey Brewer,1610612745,Houston Rockets,4,9,40,Missed Shot,Jump Shot,3PT Field Goal,Above the Break 3,Left Side Center(LC),24+ ft.,25.0,-161.0,193.0,1,0,20151205,HOU,SAC
Shot Chart Detail,0021500293,458,201147,Corey Brewer,1610612745,Houston Rockets,4,8,29,Missed Shot,Jump Shot,3PT Field Goal,Right Corner 3,Right Side(R),24+ ft.,23.0,230.0,-21.0,1,0,20151205,HOU,SAC
Shot Chart Detail,0021500315,32,201147,Corey Brewer,1610612745,Houston Rockets,1,7,55,Missed Shot,Running Reverse Layup Shot,2PT Field Goal,Restricted Area,Center(C),Less Than 8 ft.,1.0,12.0,7.0,1,0,20151208,BKN,HOU
Shot Chart Detail,0021500315,35,201147,Corey Brewer,1610612745,Houston Rockets,1,7,41,Made Shot,Layup Shot,2PT Field Goal,Restricted Area,Center(C),Less Than 8 ft.,1.0,17.0,-6.0,1,1,20151208,BKN,HOU
Shot Chart Detail,0021500315,59,201147,Corey Brewer,1610612745,Houston Rockets,1,4,14,Missed Shot,Running Jump Shot,2PT Field Goal,In The Paint (Non-RA),Center(C),Less Than 8 ft.,7.0,43.0,61.0,1,0,20151208,BKN,HOU
Shot Chart Detail,0021500315,77,201147,Corey Brewer,1610612745,Houston Rockets,1,2,42,Made Shot,Jump Shot,3PT Field Goal,Left Corner 3,Left Side(L),24+ ft.,24.0,-245.0,-21.0,1,1,20151208,BKN,HOU
Shot Chart Detail,0021500315,85,201147,Corey Brewer,1610612745,Houston Rockets,1,2,8,Made Shot,Jump Shot,3PT Field Goal,Left Corner 3,Left Side(L),24+ ft.,23.0,-233.0,-21.0,1,1,20151208,BKN,HOU
Shot Chart Detail,0021500315,121,201147,Corey Brewer,1610612745,Houston Rockets,2,11,1,Missed Shot,Jump Shot,3PT Field Goal,Left Corner 3,Left Side(L),24+ ft.,22.0,-228.0,-26.0,1,0,20151208,BKN,HOU
Shot Chart Detail,0021500315,185,201147,Corey Brewer,1610612745,Houston Rockets,2,5,45,Made Shot,Jump Shot,3PT Field Goal,Above the Break 3,Right Side Center(RC),24+ ft.,24.0,145.0,203.0,1,1,20151208,BKN,HOU
Shot Chart Detail,0021500315,187,201147,Corey Brewer,1610612745,Houston Rockets,2,5,24,Made Shot,Running Layup Shot,2PT Field Goal,Restricted Area,Center(C),Less Than 8 ft.,2.0,25.0,7.0,1,1,20151208,BKN,HOU
Shot Chart Detail,0021500315,197,201147,Corey Brewer,1610612745,Houston Rockets,2,4,56,Missed Shot,Jump Shot,3PT Field Goal,Above the Break 3,Right Side Center(RC),24+ ft.,24.0,163.0,188.0,1,0,20151208,BKN,HOU
Shot Chart Detail,0021500315,204,201147,Corey Brewer,1610612745,Houston Rockets,2,3,50,Missed Shot,Driving Finger Roll Layup Shot,2PT Field Goal,Restricted Area,Center(C),Less Than 8 ft.,1.0,-16.0,7.0,1,0,20151208,BKN,HOU
Shot Chart Detail,0021500315,258,201147,Corey Brewer,1610612745,Houston Rockets,3,10,4,Made Shot,Layup Shot,2PT Field Goal,Restricted Area,Center(C),Less Than 8 ft.,2.0,-20.0,3.0,1,1,20151208,BKN,HOU
Shot Chart Detail,0021500315,283,201147,Corey Brewer,1610612745,Houston Rockets,3,6,59,Made Shot,Turnaround Jump Shot,2PT Field Goal,Mid-Range,Left Side(L),16-24 ft.,20.0,-205.0,-26.0,1,1,20151208,BKN,HOU
Shot Chart Detail,0021500315,303,201147,Corey Brewer,1610612745,Houston Rockets,3,4,44,Missed Shot,Jump Shot,3PT Field Goal,Right Corner 3,Right Side(R),24+ ft.,23.0,238.0,-15.0,1,0,20151208,BKN,HOU
Shot Chart Detail,0021500315,330,201147,Corey Brewer,1610612745,Houston Rockets,3,2,19,Made Shot,Jump Shot,3PT Field Goal,Right Corner 3,Right Side(R),24+ ft.,24.0,240.0,-16.0,1,1,20151208,BKN,HOU
Shot Chart Detail,0021500315,335,201147,Corey Brewer,1610612745,Houston Rockets,3,1,52,Made Shot,Reverse Layup Shot,2PT Field Goal,Restricted Area,Center(C),Less Than 8 ft.,1.0,-19.0,0.0,1,1,20151208,BKN,HOU
Shot Chart Detail,0021500315,380,201147,Corey Brewer,1610612745,Houston Rockets,4,8,10,Missed Shot,Jump Shot,3PT Field Goal,Above the Break 3,Right Side Center(RC),24+ ft.,24.0,79.0,237.0,1,0,20151208,BKN,HOU
Shot Chart Detail,0021500321,6,201147,Corey Brewer,1610612745,Houston Rockets,1,11,18,Made Shot,Jump Shot,3PT Field Goal,Right Corner 3,Right Side(R),24+ ft.,23.0,227.0,52.0,1,1,20151209,WAS,HOU
Shot Chart Detail,0021500321,19,201147,Corey Brewer,1610612745,Houston Rockets,1,10,14,Made Shot,Dunk Shot,2PT Field Goal,Restricted Area,Center(C),Less Than 8 ft.,0.0,0.0,1.0,1,1,20151209,WAS,HOU
Shot Chart Detail,0021500321,49,201147,Corey Brewer,1610612745,Houston Rockets,1,7,16,Missed Shot,Jump Shot,2PT Field Goal,Mid-Range,Right Side(R),8-16 ft.,15.0,148.0,36.0,1,0,20151209,WAS,HOU
Shot Chart Detail,0021500321,228,201147,Corey Brewer,1610612745,Houston Rockets,2,5,25,Made Shot,Floating Jump shot,2PT Field Goal,In The Paint (Non-RA),Center(C),Less Than 8 ft.,7.0,-4.0,70.0,1,1,20151209,WAS,HOU
Shot Chart Detail,0021500321,245,201147,Corey Brewer,1610612745,Houston Rockets,2,4,5,Missed Shot,Jump Shot,2PT Field Goal,In The Paint (Non-RA),Center(C),Less Than 8 ft.,4.0,33.0,36.0,1,0,20151209,WAS,HOU
Shot Chart Detail,0021500321,304,201147,Corey Brewer,1610612745,Houston Rockets,2,0,0,Missed Shot,Jump Shot,3PT Field Goal,Above the Break 3,Left Side Center(LC),24+ ft.,28.0,-233.0,169.0,1,0,20151209,WAS,HOU
Shot Chart Detail,0021500321,315,201147,Corey Brewer,1610612745,Houston Rockets,3,10,21,Made Shot,Jump Shot,2PT Field Goal,Mid-Range,Right Side Center(RC),16-24 ft.,21.0,174.0,134.0,1,1,20151209,WAS,HOU
Shot Chart Detail,0021500321,335,201147,Corey Brewer,1610612745,Houston Rockets,3,8,51,Missed Shot,Jump Shot,3PT Field Goal,Left Corner 3,Left Side(L),24+ ft.,23.0,-235.0,16.0,1,0,20151209,WAS,HOU
Shot Chart Detail,0021500321,442,201147,Corey Brewer,1610612745,Houston Rockets,3,0,42,Missed Shot,Jump Shot,3PT Field Goal,Left Corner 3,Left Side(L),24+ ft.,24.0,-240.0,8.0,1,0,20151209,WAS,HOU
Shot Chart Detail,0021500321,485,201147,Corey Brewer,1610612745,Houston Rockets,4,8,34,Made Shot,Driving Finger Roll Layup Shot,2PT Field Goal,Restricted Area,Center(C),Less Than 8 ft.,2.0,12.0,21.0,1,1,20151209,WAS,HOU
Shot Chart Detail,0021500321,528,201147,Corey Brewer,1610612745,Houston Rockets,4,4,44,Missed Shot,Layup Shot,2PT Field Goal,Restricted Area,Center(C),Less Than 8 ft.,2.0,24.0,16.0,1,0,20151209,WAS,HOU
Shot Chart Detail,0021500321,573,201147,Corey Brewer,1610612745,Houston Rockets,4,0,40,Made Shot,Driving Layup Shot,2PT Field Goal,Restricted Area,Center(C),Less Than 8 ft.,1.0,-11.0,-1.0,1,1,20151209,WAS,HOU
Shot Chart Detail,0021500349,366,201147,Corey Brewer,1610612745,Houston Rockets,3,4,58,Made Shot,Pullup Jump shot,3PT Field Goal,Above the Break 3,Right Side Center(RC),24+ ft.,24.0,169.0,178.0,1,1,20151212,HOU,LAL
Shot Chart Detail,0021500349,406,201147,Corey Brewer,1610612745,Houston Rockets,3,1,57,Made Shot,Jump Shot,3PT Field Goal,Left Corner 3,Left Side(L),24+ ft.,24.0,-240.0,-10.0,1,1,20151212,HOU,LAL
Shot Chart Detail,0021500365,92,201147,Corey Brewer,1610612745,Houston Rockets,1,1,46,Made Shot,Jump Shot,3PT Field Goal,Above the Break 3,Left Side Center(LC),24+ ft.,25.0,-184.0,175.0,1,1,20151214,DEN,HOU
Shot Chart Detail,0021500365,100,201147,Corey Brewer,1610612745,Houston Rockets,1,1,22,Missed Shot,Jump Shot,3PT Field Goal,Above the Break 3,Left Side Center(LC),24+ ft.,24.0,-129.0,214.0,1,0,20151214,DEN,HOU
Shot Chart Detail,0021500365,362,201147,Corey Brewer,1610612745,Houston Rockets,3,1,38,Missed Shot,Jump Shot,3PT Field Goal,Right Corner 3,Right Side(R),24+ ft.,22.0,227.0,21.0,1,0,20151214,DEN,HOU
Shot Chart Detail,0021500365,391,201147,Corey Brewer,1610612745,Houston Rockets,4,10,24,Missed Shot,Floating Jump shot,2PT Field Goal,In The Paint (Non-RA),Center(C),Less Than 8 ft.,5.0,-50.0,31.0,1,0,20151214,DEN,HOU
Shot Chart Detail,0021500369,113,201147,Corey Brewer,1610612745,Houston Rockets,1,2,38,Made Shot,Jump Shot,3PT Field Goal,Right Corner 3,Right Side(R),24+ ft.,23.0,233.0,26.0,1,1,20151215,SAC,HOU
Shot Chart Detail,0021500369,136,201147,Corey Brewer,1610612745,Houston Rockets,1,0,47,Made Shot,Jump Shot,3PT Field Goal,Left Corner 3,Left Side(L),24+ ft.,23.0,-238.0,23.0,1,1,20151215,SAC,HOU
Shot Chart Detail,0021500369,172,201147,Corey Brewer,1610612745,Houston Rockets,2,9,51,Missed Shot,Jump Shot,3PT Field Goal,Above the Break 3,Left Side Center(LC),24+ ft.,25.0,-227.0,110.0,1,0,20151215,SAC,HOU
Shot Chart Detail,0021500369,297,201147,Corey Brewer,1610612745,Houston Rockets,2,0,50,Missed Shot,Jump Shot,3PT Field Goal,Right Corner 3,Right Side(R),24+ ft.,23.0,232.0,16.0,1,0,20151215,SAC,HOU
Shot Chart Detail,0021500369,354,201147,Corey Brewer,1610612745,Houston Rockets,3,7,39,Missed Shot,Layup Shot,2PT Field Goal,Restricted Area,Center(C),Less Than 8 ft.,2.0,19.0,13.0,1,0,20151215,SAC,HOU
Shot Chart Detail,0021500369,366,201147,Corey Brewer,1610612745,Houston Rockets,3,6,26,Made Shot,Reverse Layup Shot,2PT Field Goal,Restricted Area,Center(C),Less Than 8 ft.,2.0,-25.0,7.0,1,1,20151215,SAC,HOU
Shot Chart Detail,0021500369,444,201147,Corey Brewer,1610612745,Houston Rockets,4,11,4,Missed Shot,Reverse Layup Shot,2PT Field Goal,Restricted Area,Center(C),Less Than 8 ft.,1.0,12.0,11.0,1,0,20151215,SAC,HOU
Shot Chart Detail,0021500385,141,201147,Corey Brewer,1610612745,Houston Rockets,2,9,47,Missed Shot,Jump Shot,3PT Field Goal,Above the Break 3,Left Side Center(LC),24+ ft.,26.0,-140.0,224.0,1,0,20151217,LAL,HOU
Shot Chart Detail,0021500385,152,201147,Corey Brewer,1610612745,Houston Rockets,2,9,2,Missed Shot,Layup Shot,2PT Field Goal,Restricted Area,Center(C),Less Than 8 ft.,2.0,-27.0,3.0,1,0,20151217,LAL,HOU
Shot Chart Detail,0021500385,375,201147,Corey Brewer,1610612745,Houston Rockets,3,2,2,Made Shot,Jump Shot,3PT Field Goal,Above the Break 3,Right Side Center(RC),24+ ft.,25.0,145.0,210.0,1,1,20151217,LAL,HOU
Shot Chart Detail,0021500385,383,201147,Corey Brewer,1610612745,Houston Rockets,3,1,7,Missed Shot,Jump Shot,2PT Field Goal,Mid-Range,Right Side(R),8-16 ft.,11.0,101.0,47.0,1,0,20151217,LAL,HOU
Shot Chart Detail,0021500385,405,201147,Corey Brewer,1610612745,Houston Rockets,4,11,38,Made Shot,Jump Shot,3PT Field Goal,Above the Break 3,Left Side Center(LC),24+ ft.,25.0,-124.0,228.0,1,1,20151217,LAL,HOU
Shot Chart Detail,0021500385,422,201147,Corey Brewer,1610612745,Houston Rockets,4,10,13,Missed Shot,Jump Shot,2PT Field Goal,Mid-Range,Center(C),16-24 ft.,18.0,55.0,173.0,1,0,20151217,LAL,HOU
Shot Chart Detail,0021500385,434,201147,Corey Brewer,1610612745,Houston Rockets,4,9,10,Missed Shot,Jump Shot,3PT Field Goal,Right Corner 3,Right Side(R),24+ ft.,22.0,227.0,3.0,1,0,20151217,LAL,HOU
Shot Chart Detail,0021500385,575,201147,Corey Brewer,1610612745,Houston Rockets,4,0,56,Missed Shot,Jump Shot,3PT Field Goal,Left Corner 3,Left Side(L),24+ ft.,24.0,-246.0,11.0,1,0,20151217,LAL,HOU
Shot Chart Detail,0021500401,203,201147,Corey Brewer,1610612745,Houston Rockets,2,10,20,Missed Shot,Jump Shot,2PT Field Goal,Mid-Range,Left Side Center(LC),16-24 ft.,19.0,-155.0,126.0,1,0,20151219,HOU,LAC
Shot Chart Detail,0021500401,217,201147,Corey Brewer,1610612745,Houston Rockets,2,9,20,Missed Shot,Jump Shot,3PT Field Goal,Above the Break 3,Left Side Center(LC),24+ ft.,25.0,-173.0,190.0,1,0,20151219,HOU,LAC
Shot Chart Detail,0021500401,484,201147,Corey Brewer,1610612745,Houston Rockets,3,2,0,Missed Shot,Jump Shot,3PT Field Goal,Left Corner 3,Left Side(L),24+ ft.,24.0,-243.0,43.0,1,0,20151219,HOU,LAC
Shot Chart Detail,0021500401,534,201147,Corey Brewer,1610612745,Houston Rockets,3,0,3,Missed Shot,Jump Shot,3PT Field Goal,Right Corner 3,Right Side(R),24+ ft.,23.0,233.0,31.0,1,0,20151219,HOU,LAC
Shot Chart Detail,0021500415,382,201147,Corey Brewer,1610612745,Houston Rockets,3,4,25,Missed Shot,Jump Shot,2PT Field Goal,Mid-Range,Left Side(L),16-24 ft.,19.0,-163.0,110.0,1,0,20151221,HOU,CHA
Shot Chart Detail,0021500415,391,201147,Corey Brewer,1610612745,Houston Rockets,3,3,34,Missed Shot,Jump Shot,3PT Field Goal,Above the Break 3,Center(C),24+ ft.,24.0,33.0,242.0,1,0,20151221,HOU,CHA
Shot Chart Detail,0021500415,582,201147,Corey Brewer,1610612745,Houston Rockets,4,0,48,Missed Shot,Jump Shot,3PT Field Goal,Right Corner 3,Right Side(R),24+ ft.,24.0,240.0,7.0,1,0,20151221,HOU,CHA
Shot Chart Detail,0021500426,115,201147,Corey Brewer,1610612745,Houston Rockets,1,1,24,Made Shot,Layup Shot,2PT Field Goal,Restricted Area,Center(C),Less Than 8 ft.,0.0,-1.0,0.0,1,1,20151223,ORL,HOU
Shot Chart Detail,0021500426,145,201147,Corey Brewer,1610612745,Houston Rockets,2,11,18,Missed Shot,Layup Shot,2PT Field Goal,Restricted Area,Center(C),Less Than 8 ft.,0.0,-4.0,2.0,1,0,20151223,ORL,HOU
Shot Chart Detail,0021500426,149,201147,Corey Brewer,1610612745,Houston Rockets,2,10,40,Missed Shot,Jump Shot,3PT Field Goal,Left Corner 3,Left Side(L),24+ ft.,24.0,-241.0,13.0,1,0,20151223,ORL,HOU
Shot Chart Detail,0021500426,156,201147,Corey Brewer,1610612745,Houston Rockets,2,10,0,Made Shot,Running Dunk Shot,2PT Field Goal,Restricted Area,Center(C),Less Than 8 ft.,0.0,0.0,1.0,1,1,20151223,ORL,HOU
Shot Chart Detail,0021500426,341,201147,Corey Brewer,1610612745,Houston Rockets,3,0,23,Missed Shot,Jump Shot,3PT Field Goal,Above the Break 3,Left Side Center(LC),24+ ft.,25.0,-142.0,208.0,1,0,20151223,ORL,HOU
Shot Chart Detail,0021500439,125,201147,Corey Brewer,1610612745,Houston Rockets,2,10,24,Made Shot,Running Jump Shot,2PT Field Goal,Restricted Area,Center(C),Less Than 8 ft.,3.0,-14.0,31.0,1,1,20151225,HOU,SAS
Shot Chart Detail,0021500439,128,201147,Corey Brewer,1610612745,Houston Rockets,2,9,54,Made Shot,Jump Shot,2PT Field Goal,Mid-Range,Left Side Center(LC),16-24 ft.,23.0,-78.0,218.0,1,1,20151225,HOU,SAS
Shot Chart Detail,0021500439,145,201147,Corey Brewer,1610612745,Houston Rockets,2,8,39,Missed Shot,Dunk Shot,2PT Field Goal,Restricted Area,Center(C),Less Than 8 ft.,0.0,0.0,1.0,1,0,20151225,HOU,SAS
Shot Chart Detail,0021500439,248,201147,Corey Brewer,1610612745,Houston Rockets,2,0,1,Missed Shot,Running Layup Shot,2PT Field Goal,Restricted Area,Center(C),Less Than 8 ft.,1.0,-12.0,7.0,1,0,20151225,HOU,SAS
Shot Chart Detail,0021500439,304,201147,Corey Brewer,1610612745,Houston Rockets,3,5,46,Missed Shot,Running Layup Shot,2PT Field Goal,Restricted Area,Center(C),Less Than 8 ft.,2.0,-24.0,11.0,1,0,20151225,HOU,SAS
Shot Chart Detail,0021500439,344,201147,Corey Brewer,1610612745,Houston Rockets,3,2,54,Missed Shot,Pullup Jump shot,2PT Field Goal,Mid-Range,Center(C),16-24 ft.,17.0,19.0,175.0,1,0,20151225,HOU,SAS
Shot Chart Detail,0021500445,99,201147,Corey Brewer,1610612745,Houston Rockets,1,2,48,Missed Shot,Jump Shot,3PT Field Goal,Above the Break 3,Left Side Center(LC),24+ ft.,25.0,-163.0,200.0,1,0,20151226,NOP,HOU
Shot Chart Detail,0021500445,151,201147,Corey Brewer,1610612745,Houston Rockets,2,11,31,Made Shot,Driving Layup Shot,2PT Field Goal,Restricted Area,Center(C),Less Than 8 ft.,2.0,17.0,13.0,1,1,20151226,NOP,HOU
Shot Chart Detail,0021500445,165,201147,Corey Brewer,1610612745,Houston Rockets,2,10,4,Missed Shot,Layup Shot,2PT Field Goal,Restricted Area,Center(C),Less Than 8 ft.,1.0,10.0,16.0,1,0,20151226,NOP,HOU
Shot Chart Detail,0021500470,160,201147,Corey Brewer,1610612745,Houston Rockets,2,9,13,Missed Shot,Driving Finger Roll Layup Shot,2PT Field Goal,Restricted Area,Center(C),Less Than 8 ft.,1.0,-4.0,16.0,1,0,20151229,HOU,ATL
Shot Chart Detail,0021500470,405,201147,Corey Brewer,1610612745,Houston Rockets,3,0,42,Missed Shot,Jump Shot,3PT Field Goal,Left Corner 3,Left Side(L),24+ ft.,24.0,-237.0,41.0,1,0,20151229,HOU,ATL
Shot Chart Detail,0021500485,114,201147,Corey Brewer,1610612745,Houston Rockets,1,2,47,Made Shot,Jump Shot,3PT Field Goal,Above the Break 3,Center(C),24+ ft.,23.0,53.0,232.0,1,1,20151231,HOU,GSW
Shot Chart Detail,0021500485,120,201147,Corey Brewer,1610612745,Houston Rockets,1,1,36,Missed Shot,Driving Layup Shot,2PT Field Goal,Restricted Area,Center(C),Less Than 8 ft.,0.0,-1.0,2.0,1,0,20151231,HOU,GSW
Shot Chart Detail,0021500485,167,201147,Corey Brewer,1610612745,Houston Rockets,2,10,36,Made Shot,Running Layup Shot,2PT Field Goal,Restricted Area,Center(C),Less Than 8 ft.,0.0,-1.0,3.0,1,1,20151231,HOU,GSW
Shot Chart Detail,0021500502,98,201147,Corey Brewer,1610612745,Houston Rockets,1,1,23,Made Shot,Layup Shot,2PT Field Goal,In The Paint (Non-RA),Center(C),Less Than 8 ft.,4.0,37.0,26.0,1,1,20160102,SAS,HOU
Shot Chart Detail,0021500502,125,201147,Corey Brewer,1610612745,Houston Rockets,1,0,0,Missed Shot,Running Layup Shot,2PT Field Goal,Restricted Area,Center(C),Less Than 8 ft.,2.0,-20.0,21.0,1,0,20160102,SAS,HOU
Shot Chart Detail,0021500502,150,201147,Corey Brewer,1610612745,Houston Rockets,2,10,57,Missed Shot,Tip Layup Shot,2PT Field Goal,Restricted Area,Center(C),Less Than 8 ft.,2.0,12.0,21.0,1,0,20160102,SAS,HOU
Shot Chart Detail,0021500502,159,201147,Corey Brewer,1610612745,Houston Rockets,2,10,15,Made Shot,Layup Shot,2PT Field Goal,Restricted Area,Center(C),Less Than 8 ft.,1.0,6.0,16.0,1,1,20160102,SAS,HOU
Shot Chart Detail,0021500502,163,201147,Corey Brewer,1610612745,Houston Rockets,2,9,50,Missed Shot,Jump Shot,2PT Field Goal,Mid-Range,Right Side Center(RC),16-24 ft.,16.0,122.0,105.0,1,0,20160102,SAS,HOU
Shot Chart Detail,0021500502,259,201147,Corey Brewer,1610612745,Houston Rockets,2,0,2,Made Shot,Jump Shot,3PT Field Goal,Above the Break 3,Right Side Center(RC),24+ ft.,24.0,158.0,193.0,1,1,20160102,SAS,HOU
Shot Chart Detail,0021500502,342,201147,Corey Brewer,1610612745,Houston Rockets,3,3,25,Missed Shot,Jump Shot,3PT Field Goal,Left Corner 3,Left Side(L),24+ ft.,23.0,-230.0,0.0,1,0,20160102,SAS,HOU
Shot Chart Detail,0021500502,379,201147,Corey Brewer,1610612745,Houston Rockets,3,1,19,Made Shot,Cutting Finger Roll Layup Shot,2PT Field Goal,Restricted Area,Center(C),Less Than 8 ft.,2.0,-22.0,7.0,1,1,20160102,SAS,HOU
Shot Chart Detail,0021500502,425,201147,Corey Brewer,1610612745,Houston Rockets,4,8,32,Missed Shot,Jump Shot,3PT Field Goal,Above the Break 3,Right Side Center(RC),24+ ft.,24.0,158.0,185.0,1,0,20160102,SAS,HOU
Shot Chart Detail,0021500502,458,201147,Corey Brewer,1610612745,Houston Rockets,4,5,44,Missed Shot,Turnaround Bank shot,2PT Field Goal,Mid-Range,Left Side(L),8-16 ft.,9.0,-89.0,33.0,1,0,20160102,SAS,HOU
Shot Chart Detail,0021500518,98,201147,Corey Brewer,1610612745,Houston Rockets,1,1,57,Made Shot,Driving Layup Shot,2PT Field Goal,Restricted Area,Center(C),Less Than 8 ft.,2.0,-20.0,-1.0,1,1,20160104,UTA,HOU
Shot Chart Detail,0021500518,113,201147,Corey Brewer,1610612745,Houston Rockets,1,0,1,Made Shot,Jump Shot,3PT Field Goal,Right Corner 3,Right Side(R),24+ ft.,22.0,223.0,-16.0,1,1,20160104,UTA,HOU
Shot Chart Detail,0021500518,136,201147,Corey Brewer,1610612745,Houston Rockets,2,9,37,Made Shot,Layup Shot,2PT Field Goal,Restricted Area,Center(C),Less Than 8 ft.,2.0,-27.0,2.0,1,1,20160104,UTA,HOU
Shot Chart Detail,0021500518,368,201147,Corey Brewer,1610612745,Houston Rockets,4,10,8,Missed Shot,Jump Shot,3PT Field Goal,Above the Break 3,Left Side Center(LC),24+ ft.,24.0,-219.0,105.0,1,0,20160104,UTA,HOU
Shot Chart Detail,0021500538,137,201147,Corey Brewer,1610612745,Houston Rockets,2,10,32,Made Shot,Pullup Jump shot,2PT Field Goal,Mid-Range,Center(C),16-24 ft.,20.0,-1.0,203.0,1,1,20160107,HOU,UTA
Shot Chart Detail,0021500538,141,201147,Corey Brewer,1610612745,Houston Rockets,2,9,55,Made Shot,Jump Shot,3PT Field Goal,Left Corner 3,Left Side(L),24+ ft.,23.0,-235.0,3.0,1,1,20160107,HOU,UTA
Shot Chart Detail,0021500561,96,201147,Corey Brewer,1610612745,Houston Rockets,1,2,32,Missed Shot,Jump Shot,3PT Field Goal,Right Corner 3,Right Side(R),24+ ft.,22.0,228.0,-1.0,1,0,20160110,HOU,IND
Shot Chart Detail,0021500561,109,201147,Corey Brewer,1610612745,Houston Rockets,1,1,20,Made Shot,Running Dunk Shot,2PT Field Goal,Restricted Area,Center(C),Less Than 8 ft.,0.0,0.0,1.0,1,1,20160110,HOU,IND
Shot Chart Detail,0021500561,147,201147,Corey Brewer,1610612745,Houston Rockets,2,10,34,Made Shot,Finger Roll Layup Shot,2PT Field Goal,Restricted Area,Center(C),Less Than 8 ft.,1.0,1.0,11.0,1,1,20160110,HOU,IND
Shot Chart Detail,0021500561,169,201147,Corey Brewer,1610612745,Houston Rockets,2,8,41,Made Shot,Jump Shot,3PT Field Goal,Above the Break 3,Right Side Center(RC),24+ ft.,25.0,228.0,106.0,1,1,20160110,HOU,IND
Shot Chart Detail,0021500561,200,201147,Corey Brewer,1610612745,Houston Rockets,2,5,13,Missed Shot,Floating Jump shot,2PT Field Goal,In The Paint (Non-RA),Center(C),8-16 ft.,11.0,46.0,100.0,1,0,20160110,HOU,IND
Shot Chart Detail,0021500561,408,201147,Corey Brewer,1610612745,Houston Rockets,4,9,27,Missed Shot,Jump Shot,3PT Field Goal,Right Corner 3,Right Side(R),24+ ft.,23.0,233.0,-10.0,1,0,20160110,HOU,IND
Shot Chart Detail,0021500561,550,201147,Corey Brewer,1610612745,Houston Rockets,5,0,40,Made Shot,Jump Shot,3PT Field Goal,Left Corner 3,Left Side(L),24+ ft.,23.0,-238.0,-16.0,1,1,20160110,HOU,IND
Shot Chart Detail,0021500572,117,201147,Corey Brewer,1610612745,Houston Rockets,2,10,58,Missed Shot,Layup Shot,2PT Field Goal,Restricted Area,Center(C),Less Than 8 ft.,2.0,27.0,-6.0,1,0,20160112,MEM,HOU
Shot Chart Detail,0021500572,375,201147,Corey Brewer,1610612745,Houston Rockets,3,0,16,Made Shot,Jump Shot,3PT Field Goal,Right Corner 3,Right Side(R),24+ ft.,23.0,232.0,-19.0,1,1,20160112,MEM,HOU
Shot Chart Detail,0021500572,398,201147,Corey Brewer,1610612745,Houston Rockets,4,10,41,Missed Shot,Layup Shot,2PT Field Goal,Restricted Area,Center(C),Less Than 8 ft.,2.0,17.0,-15.0,1,0,20160112,MEM,HOU
Shot Chart Detail,0021500572,409,201147,Corey Brewer,1610612745,Houston Rockets,4,9,38,Made Shot,Jump Shot,3PT Field Goal,Left Corner 3,Left Side(L),24+ ft.,23.0,-232.0,-15.0,1,1,20160112,MEM,HOU
Shot Chart Detail,0021500572,424,201147,Corey Brewer,1610612745,Houston Rockets,4,8,25,Missed Shot,Tip Layup Shot,2PT Field Goal,Restricted Area,Center(C),Less Than 8 ft.,0.0,4.0,2.0,1,0,20160112,MEM,HOU
Shot Chart Detail,0021500581,129,201147,Corey Brewer,1610612745,Houston Rockets,1,0,11,Made Shot,Running Finger Roll Layup Shot,2PT Field Goal,Restricted Area,Center(C),Less Than 8 ft.,2.0,-16.0,21.0,1,1,20160113,HOU,MIN
Shot Chart Detail,0021500581,162,201147,Corey Brewer,1610612745,Houston Rockets,2,9,28,Made Shot,Running Layup Shot,2PT Field Goal,Restricted Area,Center(C),Less Than 8 ft.,1.0,14.0,2.0,1,1,20160113,HOU,MIN
Shot Chart Detail,0021500581,174,201147,Corey Brewer,1610612745,Houston Rockets,2,8,4,Made Shot,Running Reverse Layup Shot,2PT Field Goal,Restricted Area,Center(C),Less Than 8 ft.,2.0,-20.0,2.0,1,1,20160113,HOU,MIN
Shot Chart Detail,0021500581,411,201147,Corey Brewer,1610612745,Houston Rockets,3,0,33,Missed Shot,Jump Shot,3PT Field Goal,Right Corner 3,Right Side(R),24+ ft.,23.0,238.0,7.0,1,0,20160113,HOU,MIN
Shot Chart Detail,0021500581,420,201147,Corey Brewer,1610612745,Houston Rockets,4,11,43,Missed Shot,Jump Shot,3PT Field Goal,Above the Break 3,Left Side Center(LC),24+ ft.,25.0,-187.0,178.0,1,0,20160113,HOU,MIN
Shot Chart Detail,0021500601,162,201147,Corey Brewer,1610612745,Houston Rockets,2,10,49,Missed Shot,Pullup Jump shot,2PT Field Goal,Mid-Range,Right Side Center(RC),16-24 ft.,16.0,68.0,149.0,1,0,20160115,HOU,CLE
Shot Chart Detail,0021500601,396,201147,Corey Brewer,1610612745,Houston Rockets,3,4,13,Missed Shot,Jump Shot,3PT Field Goal,Right Corner 3,Right Side(R),24+ ft.,22.0,223.0,-1.0,1,0,20160115,HOU,CLE
Shot Chart Detail,0021500601,460,201147,Corey Brewer,1610612745,Houston Rockets,4,11,30,Made Shot,Running Layup Shot,2PT Field Goal,Restricted Area,Center(C),Less Than 8 ft.,3.0,-29.0,11.0,1,1,20160115,HOU,CLE
Shot Chart Detail,0021500601,469,201147,Corey Brewer,1610612745,Houston Rockets,4,9,51,Missed Shot,Pullup Jump shot,2PT Field Goal,Mid-Range,Right Side Center(RC),16-24 ft.,21.0,150.0,156.0,1,0,20160115,HOU,CLE
Shot Chart Detail,0021500614,97,201147,Corey Brewer,1610612745,Houston Rockets,1,0,47,Made Shot,Driving Floating Bank Jump Shot,2PT Field Goal,In The Paint (Non-RA),Center(C),Less Than 8 ft.,5.0,-32.0,41.0,1,1,20160117,LAL,HOU
Shot Chart Detail,0021500614,123,201147,Corey Brewer,1610612745,Houston Rockets,2,9,28,Missed Shot,Jump Bank Shot,2PT Field Goal,Restricted Area,Center(C),Less Than 8 ft.,3.0,9.0,31.0,1,0,20160117,LAL,HOU
Shot Chart Detail,0021500614,153,201147,Corey Brewer,1610612745,Houston Rockets,2,7,24,Missed Shot,Running Layup Shot,2PT Field Goal,Restricted Area,Center(C),Less Than 8 ft.,0.0,-1.0,7.0,1,0,20160117,LAL,HOU
Shot Chart Detail,0021500614,176,201147,Corey Brewer,1610612745,Houston Rockets,2,5,25,Missed Shot,Jump Shot,3PT Field Goal,Above the Break 3,Left Side Center(LC),24+ ft.,26.0,-158.0,213.0,1,0,20160117,LAL,HOU
Shot Chart Detail,0021500614,348,201147,Corey Brewer,1610612745,Houston Rockets,3,2,32,Made Shot,Reverse Layup Shot,2PT Field Goal,Restricted Area,Center(C),Less Than 8 ft.,2.0,-24.0,7.0,1,1,20160117,LAL,HOU
Shot Chart Detail,0021500614,373,201147,Corey Brewer,1610612745,Houston Rockets,3,0,3,Missed Shot,Driving Bank shot,2PT Field Goal,In The Paint (Non-RA),Center(C),Less Than 8 ft.,5.0,55.0,-6.0,1,0,20160117,LAL,HOU
Shot Chart Detail,0021500614,382,201147,Corey Brewer,1610612745,Houston Rockets,4,11,17,Missed Shot,Driving Layup Shot,2PT Field Goal,Restricted Area,Center(C),Less Than 8 ft.,2.0,-27.0,11.0,1,0,20160117,LAL,HOU
Shot Chart Detail,0021500614,406,201147,Corey Brewer,1610612745,Houston Rockets,4,9,20,Missed Shot,Jump Shot,3PT Field Goal,,,,,,,1,0,20160117,LAL,HOU
Shot Chart Detail,0021500624,106,201147,Corey Brewer,1610612745,Houston Rockets,1,2,44,Missed Shot,Jump Shot,3PT Field Goal,Left Corner 3,Left Side(L),24+ ft.,23.0,-230.0,13.0,1,0,20160118,LAC,HOU
Shot Chart Detail,0021500624,153,201147,Corey Brewer,1610612745,Houston Rockets,2,10,52,Made Shot,Cutting Layup Shot,2PT Field Goal,Restricted Area,Center(C),Less Than 8 ft.,2.0,-6.0,26.0,1,1,20160118,LAC,HOU
Shot Chart Detail,0021500624,156,201147,Corey Brewer,1610612745,Houston Rockets,2,10,21,Made Shot,Driving Layup Shot,2PT Field Goal,Restricted Area,Center(C),Less Than 8 ft.,2.0,9.0,21.0,1,1,20160118,LAC,HOU
Shot Chart Detail,0021500624,168,201147,Corey Brewer,1610612745,Houston Rockets,2,8,53,Missed Shot,Jump Shot,3PT Field Goal,Above the Break 3,Right Side Center(RC),24+ ft.,25.0,81.0,239.0,1,0,20160118,LAC,HOU
Shot Chart Detail,0021500624,192,201147,Corey Brewer,1610612745,Houston Rockets,2,6,50,Missed Shot,Layup Shot,2PT Field Goal,Restricted Area,Center(C),Less Than 8 ft.,2.0,12.0,21.0,1,0,20160118,LAC,HOU
Shot Chart Detail,0021500624,195,201147,Corey Brewer,1610612745,Houston Rockets,2,6,26,Made Shot,Cutting Dunk Shot,2PT Field Goal,Restricted Area,Center(C),Less Than 8 ft.,0.0,0.0,1.0,1,1,20160118,LAC,HOU
Shot Chart Detail,0021500624,218,201147,Corey Brewer,1610612745,Houston Rockets,2,4,40,Missed Shot,Jump Shot,3PT Field Goal,Left Corner 3,Left Side(L),24+ ft.,24.0,-243.0,2.0,1,0,20160118,LAC,HOU
Shot Chart Detail,0021500624,443,201147,Corey Brewer,1610612745,Houston Rockets,3,0,47,Made Shot,Cutting Dunk Shot,2PT Field Goal,Restricted Area,Center(C),Less Than 8 ft.,0.0,0.0,1.0,1,1,20160118,LAC,HOU
Shot Chart Detail,0021500635,159,201147,Corey Brewer,1610612745,Houston Rockets,2,9,5,Missed Shot,Running Layup Shot,2PT Field Goal,In The Paint (Non-RA),Center(C),Less Than 8 ft.,4.0,-34.0,26.0,1,0,20160120,HOU,DET
Shot Chart Detail,0021500635,161,201147,Corey Brewer,1610612745,Houston Rockets,2,8,59,Missed Shot,Layup Shot,2PT Field Goal,Restricted Area,Center(C),Less Than 8 ft.,1.0,12.0,7.0,1,0,20160120,HOU,DET
Shot Chart Detail,0021500635,283,201147,Corey Brewer,1610612745,Houston Rockets,2,1,30,Missed Shot,Jump Shot,3PT Field Goal,Above the Break 3,Right Side Center(RC),24+ ft.,24.0,223.0,100.0,1,0,20160120,HOU,DET
Shot Chart Detail,0021500635,336,201147,Corey Brewer,1610612745,Houston Rockets,3,10,34,Made Shot,Jump Shot,3PT Field Goal,Above the Break 3,Right Side Center(RC),24+ ft.,24.0,171.0,178.0,1,1,20160120,HOU,DET
Shot Chart Detail,0021500635,351,201147,Corey Brewer,1610612745,Houston Rockets,3,9,52,Made Shot,Jump Shot,3PT Field Goal,Above the Break 3,Left Side Center(LC),24+ ft.,25.0,-138.0,210.0,1,1,20160120,HOU,DET
Shot Chart Detail,0021500635,374,201147,Corey Brewer,1610612745,Houston Rockets,3,8,50,Missed Shot,Layup Shot,2PT Field Goal,Restricted Area,Center(C),Less Than 8 ft.,2.0,20.0,7.0,1,0,20160120,HOU,DET
Shot Chart Detail,0021500635,391,201147,Corey Brewer,1610612745,Houston Rockets,3,6,38,Made Shot,Driving Layup Shot,2PT Field Goal,Restricted Area,Center(C),Less Than 8 ft.,1.0,14.0,-6.0,1,1,20160120,HOU,DET
Shot Chart Detail,0021500635,445,201147,Corey Brewer,1610612745,Houston Rockets,3,1,49,Missed Shot,Driving Layup Shot,2PT Field Goal,Restricted Area,Center(C),Less Than 8 ft.,3.0,32.0,7.0,1,0,20160120,HOU,DET
Shot Chart Detail,0021500635,480,201147,Corey Brewer,1610612745,Houston Rockets,4,11,41,Missed Shot,Driving Finger Roll Layup Shot,2PT Field Goal,Restricted Area,Center(C),Less Than 8 ft.,3.0,-30.0,21.0,1,0,20160120,HOU,DET
Shot Chart Detail,0021500635,485,201147,Corey Brewer,1610612745,Houston Rockets,4,11,11,Made Shot,Jump Shot,3PT Field Goal,Right Corner 3,Right Side(R),24+ ft.,22.0,228.0,-26.0,1,1,20160120,HOU,DET
Shot Chart Detail,0021500635,488,201147,Corey Brewer,1610612745,Houston Rockets,4,10,31,Missed Shot,Pullup Jump shot,3PT Field Goal,Above the Break 3,Right Side Center(RC),24+ ft.,23.0,168.0,170.0,1,0,20160120,HOU,DET
Shot Chart Detail,0021500635,596,201147,Corey Brewer,1610612745,Houston Rockets,4,5,34,Missed Shot,Pullup Jump shot,2PT Field Goal,Mid-Range,Left Side Center(LC),16-24 ft.,18.0,-129.0,139.0,1,0,20160120,HOU,DET
Shot Chart Detail,0021500650,4,201147,Corey Brewer,1610612745,Houston Rockets,1,11,34,Missed Shot,Putback Layup Shot,2PT Field Goal,Restricted Area,Center(C),Less Than 8 ft.,1.0,14.0,2.0,1,0,20160122,HOU,MIL
Shot Chart Detail,0021500650,47,201147,Corey Brewer,1610612745,Houston Rockets,1,9,37,Missed Shot,Driving Layup Shot,2PT Field Goal,Restricted Area,Center(C),Less Than 8 ft.,3.0,-34.0,-1.0,1,0,20160122,HOU,MIL
Shot Chart Detail,0021500650,153,201147,Corey Brewer,1610612745,Houston Rockets,2,10,40,Made Shot,Layup Shot,2PT Field Goal,Restricted Area,Center(C),Less Than 8 ft.,2.0,20.0,-1.0,1,1,20160122,HOU,MIL
Shot Chart Detail,0021500650,309,201147,Corey Brewer,1610612745,Houston Rockets,3,8,4,Missed Shot,Jump Shot,3PT Field Goal,Right Corner 3,Right Side(R),24+ ft.,24.0,240.0,-1.0,1,0,20160122,HOU,MIL
Shot Chart Detail,0021500650,335,201147,Corey Brewer,1610612745,Houston Rockets,3,6,37,Missed Shot,Jump Shot,3PT Field Goal,Above the Break 3,Left Side Center(LC),24+ ft.,25.0,-210.0,136.0,1,0,20160122,HOU,MIL
Shot Chart Detail,0021500650,410,201147,Corey Brewer,1610612745,Houston Rockets,4,11,15,Missed Shot,Jump Shot,2PT Field Goal,In The Paint (Non-RA),Center(C),Less Than 8 ft.,6.0,28.0,61.0,1,0,20160122,HOU,MIL
Shot Chart Detail,0021500665,14,201147,Corey Brewer,1610612745,Houston Rockets,1,9,42,Made Shot,Jump Shot,2PT Field Goal,Mid-Range,Right Side Center(RC),16-24 ft.,16.0,92.0,136.0,1,1,20160124,HOU,DAL
Shot Chart Detail,0021500665,19,201147,Corey Brewer,1610612745,Houston Rockets,1,9,12,Missed Shot,Jump Shot,3PT Field Goal,Left Corner 3,Left Side(L),24+ ft.,23.0,-235.0,2.0,1,0,20160124,HOU,DAL
Shot Chart Detail,0021500665,27,201147,Corey Brewer,1610612745,Houston Rockets,1,8,34,Missed Shot,Floating Jump shot,2PT Field Goal,In The Paint (Non-RA),Center(C),Less Than 8 ft.,6.0,-9.0,61.0,1,0,20160124,HOU,DAL
Shot Chart Detail,0021500665,35,201147,Corey Brewer,1610612745,Houston Rockets,1,7,5,Missed Shot,Fadeaway Jump Shot,2PT Field Goal,In The Paint (Non-RA),Left Side(L),8-16 ft.,10.0,-76.0,77.0,1,0,20160124,HOU,DAL
Shot Chart Detail,0021500665,124,201147,Corey Brewer,1610612745,Houston Rockets,1,0,12,Missed Shot,Jump Shot,3PT Field Goal,Left Corner 3,Left Side(L),24+ ft.,22.0,-228.0,-5.0,1,0,20160124,HOU,DAL
Shot Chart Detail,0021500665,177,201147,Corey Brewer,1610612745,Houston Rockets,2,7,55,Missed Shot,Jump Shot,3PT Field Goal,Right Corner 3,Right Side(R),24+ ft.,22.0,228.0,21.0,1,0,20160124,HOU,DAL
Shot Chart Detail,0021500665,292,201147,Corey Brewer,1610612745,Houston Rockets,3,9,38,Made Shot,Layup Shot,2PT Field Goal,Restricted Area,Center(C),Less Than 8 ft.,0.0,1.0,8.0,1,1,20160124,HOU,DAL
Shot Chart Detail,0021500665,316,201147,Corey Brewer,1610612745,Houston Rockets,3,7,46,Missed Shot,Jump Shot,3PT Field Goal,Above the Break 3,Right Side Center(RC),24+ ft.,25.0,199.0,154.0,1,0,20160124,HOU,DAL
Shot Chart Detail,0021500665,373,201147,Corey Brewer,1610612745,Houston Rockets,3,2,39,Made Shot,Layup Shot,2PT Field Goal,Restricted Area,Center(C),Less Than 8 ft.,1.0,10.0,-5.0,1,1,20160124,HOU,DAL
Shot Chart Detail,0021500665,379,201147,Corey Brewer,1610612745,Houston Rockets,3,2,8,Made Shot,Driving Layup Shot,2PT Field Goal,Restricted Area,Center(C),Less Than 8 ft.,2.0,-24.0,0.0,1,1,20160124,HOU,DAL
Shot Chart Detail,0021500665,387,201147,Corey Brewer,1610612745,Houston Rockets,3,1,39,Made Shot,Cutting Layup Shot,2PT Field Goal,Restricted Area,Center(C),Less Than 8 ft.,1.0,-19.0,2.0,1,1,20160124,HOU,DAL
Shot Chart Detail,0021500671,5,201147,Corey Brewer,1610612745,Houston Rockets,1,11,21,Missed Shot,Jump Shot,3PT Field Goal,Right Corner 3,Right Side(R),24+ ft.,23.0,232.0,11.0,1,0,20160125,NOP,HOU
Shot Chart Detail,0021500671,53,201147,Corey Brewer,1610612745,Houston Rockets,1,6,58,Made Shot,Dunk Shot,2PT Field Goal,Restricted Area,Center(C),Less Than 8 ft.,0.0,0.0,1.0,1,1,20160125,NOP,HOU
Shot Chart Detail,0021500671,147,201147,Corey Brewer,1610612745,Houston Rockets,2,10,39,Missed Shot,Jump Shot,2PT Field Goal,Mid-Range,Right Side Center(RC),16-24 ft.,20.0,104.0,178.0,1,0,20160125,NOP,HOU
Shot Chart Detail,0021500671,156,201147,Corey Brewer,1610612745,Houston Rockets,2,9,45,Missed Shot,Jump Shot,3PT Field Goal,Left Corner 3,Left Side(L),24+ ft.,23.0,-233.0,38.0,1,0,20160125,NOP,HOU
Shot Chart Detail,0021500671,403,201147,Corey Brewer,1610612745,Houston Rockets,3,0,57,Made Shot,Jump Shot,3PT Field Goal,Right Corner 3,Right Side(R),24+ ft.,23.0,235.0,-10.0,1,1,20160125,NOP,HOU
Shot Chart Detail,0021500689,33,201147,Corey Brewer,1610612745,Houston Rockets,1,8,4,Made Shot,Driving Floating Bank Jump Shot,2PT Field Goal,In The Paint (Non-RA),Center(C),Less Than 8 ft.,4.0,-4.0,41.0,1,1,20160127,SAS,HOU
Shot Chart Detail,0021500689,90,201147,Corey Brewer,1610612745,Houston Rockets,1,2,42,Made Shot,Jump Shot,2PT Field Goal,Mid-Range,Left Side(L),16-24 ft.,21.0,-217.0,-11.0,1,1,20160127,SAS,HOU
Shot Chart Detail,0021500689,103,201147,Corey Brewer,1610612745,Houston Rockets,1,1,33,Missed Shot,Jump Bank Shot,2PT Field Goal,In The Paint (Non-RA),Center(C),Less Than 8 ft.,6.0,-34.0,56.0,1,0,20160127,SAS,HOU
Shot Chart Detail,0021500689,175,201147,Corey Brewer,1610612745,Houston Rockets,2,9,48,Missed Shot,Jump Shot,3PT Field Goal,Right Corner 3,Right Side(R),24+ ft.,22.0,222.0,31.0,1,0,20160127,SAS,HOU
Shot Chart Detail,0021500689,324,201147,Corey Brewer,1610612745,Houston Rockets,3,11,34,Made Shot,Jump Shot,3PT Field Goal,Left Corner 3,Left Side(L),24+ ft.,22.0,-227.0,11.0,1,1,20160127,SAS,HOU
Shot Chart Detail,0021500689,329,201147,Corey Brewer,1610612745,Houston Rockets,3,11,1,Missed Shot,Jump Shot,3PT Field Goal,Right Corner 3,Right Side(R),24+ ft.,22.0,222.0,46.0,1,0,20160127,SAS,HOU
Shot Chart Detail,0021500701,18,201147,Corey Brewer,1610612745,Houston Rockets,1,9,59,Missed Shot,Layup Shot,2PT Field Goal,Restricted Area,Center(C),Less Than 8 ft.,2.0,-20.0,-6.0,1,0,20160129,OKC,HOU
Shot Chart Detail,0021500701,35,201147,Corey Brewer,1610612745,Houston Rockets,1,8,1,Missed Shot,Driving Layup Shot,2PT Field Goal,Restricted Area,Center(C),Less Than 8 ft.,1.0,15.0,2.0,1,0,20160129,OKC,HOU
Shot Chart Detail,0021500701,143,201147,Corey Brewer,1610612745,Houston Rockets,2,10,56,Missed Shot,Jump Shot,3PT Field Goal,Right Corner 3,Right Side(R),24+ ft.,22.0,225.0,21.0,1,0,20160129,OKC,HOU
Shot Chart Detail,0021500701,147,201147,Corey Brewer,1610612745,Houston Rockets,2,10,38,Made Shot,Running Layup Shot,2PT Field Goal,Restricted Area,Center(C),Less Than 8 ft.,0.0,-4.0,3.0,1,1,20160129,OKC,HOU
Shot Chart Detail,0021500701,276,201147,Corey Brewer,1610612745,Houston Rockets,2,1,57,Made Shot,Running Finger Roll Layup Shot,2PT Field Goal,Restricted Area,Center(C),Less Than 8 ft.,1.0,0.0,13.0,1,1,20160129,OKC,HOU
Shot Chart Detail,0021500701,324,201147,Corey Brewer,1610612745,Houston Rockets,3,11,12,Missed Shot,Jump Shot,3PT Field Goal,Above the Break 3,Right Side Center(RC),24+ ft.,24.0,135.0,203.0,1,0,20160129,OKC,HOU
Shot Chart Detail,0021500701,372,201147,Corey Brewer,1610612745,Houston Rockets,3,7,48,Missed Shot,Jump Shot,3PT Field Goal,Above the Break 3,Right Side Center(RC),24+ ft.,24.0,169.0,183.0,1,0,20160129,OKC,HOU
Shot Chart Detail,0021500701,398,201147,Corey Brewer,1610612745,Houston Rockets,3,6,50,Made Shot,Layup Shot,2PT Field Goal,Restricted Area,Center(C),Less Than 8 ft.,1.0,14.0,7.0,1,1,20160129,OKC,HOU
Shot Chart Detail,0021500701,409,201147,Corey Brewer,1610612745,Houston Rockets,3,6,29,Made Shot,Floating Jump shot,2PT Field Goal,In The Paint (Non-RA),Center(C),Less Than 8 ft.,4.0,1.0,43.0,1,1,20160129,OKC,HOU
Shot Chart Detail,0021500701,412,201147,Corey Brewer,1610612745,Houston Rockets,3,6,3,Made Shot,Layup Shot,2PT Field Goal,Restricted Area,Center(C),Less Than 8 ft.,1.0,-11.0,7.0,1,1,20160129,OKC,HOU
Shot Chart Detail,0021500701,507,201147,Corey Brewer,1610612745,Houston Rockets,4,9,54,Missed Shot,Jump Shot,3PT Field Goal,Above the Break 3,Left Side Center(LC),24+ ft.,23.0,-117.0,208.0,1,0,20160129,OKC,HOU
Shot Chart Detail,0021500701,509,201147,Corey Brewer,1610612745,Houston Rockets,4,9,47,Made Shot,Layup Shot,2PT Field Goal,Restricted Area,Center(C),Less Than 8 ft.,1.0,14.0,-5.0,1,1,20160129,OKC,HOU
Shot Chart Detail,0021500701,529,201147,Corey Brewer,1610612745,Houston Rockets,4,8,44,Missed Shot,Layup Shot,2PT Field Goal,Restricted Area,Center(C),Less Than 8 ft.,1.0,12.0,2.0,1,0,20160129,OKC,HOU
Shot Chart Detail,0021500701,624,201147,Corey Brewer,1610612745,Houston Rockets,4,1,40,Made Shot,Dunk Shot,2PT Field Goal,Restricted Area,Center(C),Less Than 8 ft.,0.0,0.0,1.0,1,1,20160129,OKC,HOU
Shot Chart Detail,0021500701,639,201147,Corey Brewer,1610612745,Houston Rockets,4,1,3,Missed Shot,Jump Shot,3PT Field Goal,Above the Break 3,Right Side Center(RC),24+ ft.,24.0,135.0,200.0,1,0,20160129,OKC,HOU
Shot Chart Detail,0021500711,76,201147,Corey Brewer,1610612745,Houston Rockets,1,3,16,Missed Shot,Reverse Layup Shot,2PT Field Goal,Restricted Area,Center(C),Less Than 8 ft.,1.0,17.0,-1.0,1,0,20160130,HOU,WAS
Shot Chart Detail,0021500711,105,201147,Corey Brewer,1610612745,Houston Rockets,1,0,42,Missed Shot,Jump Shot,3PT Field Goal,Left Corner 3,Left Side(L),24+ ft.,24.0,-240.0,-16.0,1,0,20160130,HOU,WAS
Shot Chart Detail,0021500711,150,201147,Corey Brewer,1610612745,Houston Rockets,2,8,52,Missed Shot,Jump Shot,2PT Field Goal,Mid-Range,Right Side(R),8-16 ft.,12.0,125.0,11.0,1,0,20160130,HOU,WAS
Shot Chart Detail,0021500711,253,201147,Corey Brewer,1610612745,Houston Rockets,2,1,42,Made Shot,Jump Shot,3PT Field Goal,Left Corner 3,Left Side(L),24+ ft.,24.0,-240.0,-16.0,1,1,20160130,HOU,WAS
Shot Chart Detail,0021500711,261,201147,Corey Brewer,1610612745,Houston Rockets,2,0,53,Missed Shot,Jump Shot,3PT Field Goal,Above the Break 3,Left Side Center(LC),24+ ft.,25.0,-204.0,149.0,1,0,20160130,HOU,WAS
Shot Chart Detail,0021500711,266,201147,Corey Brewer,1610612745,Houston Rockets,2,0,29,Made Shot,Cutting Layup Shot,2PT Field Goal,Restricted Area,Center(C),Less Than 8 ft.,1.0,15.0,-1.0,1,1,20160130,HOU,WAS
Shot Chart Detail,0021500711,428,201147,Corey Brewer,1610612745,Houston Rockets,4,9,13,Missed Shot,Running Layup Shot,2PT Field Goal,In The Paint (Non-RA),Center(C),Less Than 8 ft.,4.0,48.0,11.0,1,0,20160130,HOU,WAS
Shot Chart Detail,0021500731,25,201147,Corey Brewer,1610612745,Houston Rockets,1,8,53,Missed Shot,Pullup Jump shot,2PT Field Goal,Mid-Range,Center(C),16-24 ft.,18.0,32.0,178.0,1,0,20160202,HOU,MIA
Shot Chart Detail,0021500731,35,201147,Corey Brewer,1610612745,Houston Rockets,1,7,59,Missed Shot,Jump Shot,3PT Field Goal,Left Corner 3,Left Side(L),24+ ft.,23.0,-235.0,-5.0,1,0,20160202,HOU,MIA
Shot Chart Detail,0021500731,93,201147,Corey Brewer,1610612745,Houston Rockets,1,2,7,Made Shot,Driving Finger Roll Layup Shot,2PT Field Goal,Restricted Area,Center(C),Less Than 8 ft.,1.0,-7.0,11.0,1,1,20160202,HOU,MIA
Shot Chart Detail,0021500731,96,201147,Corey Brewer,1610612745,Houston Rockets,1,1,42,Made Shot,Driving Layup Shot,2PT Field Goal,Restricted Area,Center(C),Less Than 8 ft.,2.0,-24.0,11.0,1,1,20160202,HOU,MIA
Shot Chart Detail,0021500731,105,201147,Corey Brewer,1610612745,Houston Rockets,1,0,31,Missed Shot,Running Layup Shot,2PT Field Goal,Restricted Area,Center(C),Less Than 8 ft.,2.0,22.0,7.0,1,0,20160202,HOU,MIA
Shot Chart Detail,0021500731,137,201147,Corey Brewer,1610612745,Houston Rockets,2,10,24,Made Shot,Jump Shot,3PT Field Goal,Above the Break 3,Left Side Center(LC),24+ ft.,25.0,-204.0,149.0,1,1,20160202,HOU,MIA
Shot Chart Detail,0021500731,233,201147,Corey Brewer,1610612745,Houston Rockets,2,2,56,Made Shot,Jump Shot,3PT Field Goal,Right Corner 3,Right Side(R),24+ ft.,22.0,228.0,3.0,1,1,20160202,HOU,MIA
Shot Chart Detail,0021500731,296,201147,Corey Brewer,1610612745,Houston Rockets,3,8,19,Missed Shot,Jump Shot,3PT Field Goal,Right Corner 3,Right Side(R),24+ ft.,23.0,230.0,-6.0,1,0,20160202,HOU,MIA
Shot Chart Detail,0021500731,382,201147,Corey Brewer,1610612745,Houston Rockets,3,0,49,Missed Shot,Jump Shot,2PT Field Goal,Mid-Range,Right Side Center(RC),16-24 ft.,20.0,138.0,154.0,1,0,20160202,HOU,MIA
Shot Chart Detail,0021500731,389,201147,Corey Brewer,1610612745,Houston Rockets,3,0,0,Missed Shot,Jump Shot,3PT Field Goal,Backcourt,Back Court(BC),Back Court Shot,47.0,51.0,472.0,1,0,20160202,HOU,MIA
Shot Chart Detail,0021500749,26,201147,Corey Brewer,1610612745,Houston Rockets,1,10,6,Made Shot,Cutting Layup Shot,2PT Field Goal,Restricted Area,Center(C),Less Than 8 ft.,0.0,-6.0,-1.0,1,1,20160204,PHX,HOU
Shot Chart Detail,0021500749,148,201147,Corey Brewer,1610612745,Houston Rockets,2,11,22,Made Shot,Jump Bank Shot,2PT Field Goal,In The Paint (Non-RA),Center(C),8-16 ft.,9.0,-24.0,87.0,1,1,20160204,PHX,HOU
Shot Chart Detail,0021500749,162,201147,Corey Brewer,1610612745,Houston Rockets,2,9,53,Made Shot,Driving Layup Shot,2PT Field Goal,Restricted Area,Center(C),Less Than 8 ft.,1.0,-17.0,2.0,1,1,20160204,PHX,HOU
Shot Chart Detail,0021500749,322,201147,Corey Brewer,1610612745,Houston Rockets,3,11,3,Made Shot,Cutting Dunk Shot,2PT Field Goal,Restricted Area,Center(C),Less Than 8 ft.,0.0,0.0,1.0,1,1,20160204,PHX,HOU
Shot Chart Detail,0021500749,326,201147,Corey Brewer,1610612745,Houston Rockets,3,10,43,Made Shot,Layup Shot,2PT Field Goal,Restricted Area,Center(C),Less Than 8 ft.,0.0,4.0,2.0,1,1,20160204,PHX,HOU
Shot Chart Detail,0021500749,334,201147,Corey Brewer,1610612745,Houston Rockets,3,9,50,Made Shot,Cutting Layup Shot,2PT Field Goal,Restricted Area,Center(C),Less Than 8 ft.,1.0,2.0,11.0,1,1,20160204,PHX,HOU
Shot Chart Detail,0021500749,353,201147,Corey Brewer,1610612745,Houston Rockets,3,7,9,Made Shot,Jump Shot,3PT Field Goal,Left Corner 3,Left Side(L),24+ ft.,23.0,-232.0,-5.0,1,1,20160204,PHX,HOU
Shot Chart Detail,0021500749,428,201147,Corey Brewer,1610612745,Houston Rockets,3,0,49,Missed Shot,Jump Bank Shot,2PT Field Goal,In The Paint (Non-RA),Center(C),Less Than 8 ft.,4.0,-43.0,16.0,1,0,20160204,PHX,HOU
Shot Chart Detail,0021500749,452,201147,Corey Brewer,1610612745,Houston Rockets,4,11,32,Missed Shot,Jump Shot,3PT Field Goal,Right Corner 3,Right Side(R),24+ ft.,23.0,232.0,-21.0,1,0,20160204,PHX,HOU
Shot Chart Detail,0021500749,567,201147,Corey Brewer,1610612745,Houston Rockets,4,1,59,Made Shot,Jump Shot,3PT Field Goal,Left Corner 3,Left Side(L),24+ ft.,24.0,-243.0,-16.0,1,1,20160204,PHX,HOU
Shot Chart Detail,0021500749,577,201147,Corey Brewer,1610612745,Houston Rockets,4,1,10,Made Shot,Jump Shot,3PT Field Goal,Left Corner 3,Left Side(L),24+ ft.,23.0,-235.0,-11.0,1,1,20160204,PHX,HOU
Shot Chart Detail,0021500749,587,201147,Corey Brewer,1610612745,Houston Rockets,4,0,28,Missed Shot,Jump Shot,3PT Field Goal,Left Corner 3,Left Side(L),24+ ft.,23.0,-232.0,-5.0,1,0,20160204,PHX,HOU
Shot Chart Detail,0021500760,37,201147,Corey Brewer,1610612745,Houston Rockets,1,6,48,Missed Shot,Jump Shot,3PT Field Goal,Above the Break 3,Left Side Center(LC),24+ ft.,24.0,-194.0,154.0,1,0,20160206,HOU,POR
Shot Chart Detail,0021500760,297,201147,Corey Brewer,1610612745,Houston Rockets,2,0,20,Missed Shot,Turnaround Bank shot,2PT Field Goal,In The Paint (Non-RA),Center(C),Less Than 8 ft.,4.0,-42.0,7.0,1,0,20160206,HOU,POR
Shot Chart Detail,0021500760,377,201147,Corey Brewer,1610612745,Houston Rockets,3,5,50,Missed Shot,Jump Shot,3PT Field Goal,Left Corner 3,Left Side(L),24+ ft.,23.0,-230.0,2.0,1,0,20160206,HOU,POR
Shot Chart Detail,0021500760,386,201147,Corey Brewer,1610612745,Houston Rockets,3,4,39,Missed Shot,Jump Shot,3PT Field Goal,Right Corner 3,Right Side(R),24+ ft.,23.0,236.0,2.0,1,0,20160206,HOU,POR
Shot Chart Detail,0021500760,501,201147,Corey Brewer,1610612745,Houston Rockets,4,8,0,Missed Shot,Floating Jump shot,2PT Field Goal,In The Paint (Non-RA),Center(C),Less Than 8 ft.,5.0,-43.0,41.0,1,0,20160206,HOU,POR
Shot Chart Detail,0021500760,511,201147,Corey Brewer,1610612745,Houston Rockets,4,7,27,Made Shot,Running Layup Shot,2PT Field Goal,Restricted Area,Center(C),Less Than 8 ft.,1.0,-14.0,11.0,1,1,20160206,HOU,POR
Shot Chart Detail,0021500760,529,201147,Corey Brewer,1610612745,Houston Rockets,4,6,41,Made Shot,Pullup Jump shot,2PT Field Goal,Mid-Range,Center(C),8-16 ft.,14.0,32.0,139.0,1,1,20160206,HOU,POR
Shot Chart Detail,0021500760,531,201147,Corey Brewer,1610612745,Houston Rockets,4,6,8,Missed Shot,Floating Jump shot,2PT Field Goal,In The Paint (Non-RA),Right Side(R),8-16 ft.,10.0,68.0,77.0,1,0,20160206,HOU,POR
Shot Chart Detail,0021500760,534,201147,Corey Brewer,1610612745,Houston Rockets,4,5,51,Missed Shot,Running Layup Shot,2PT Field Goal,Restricted Area,Center(C),Less Than 8 ft.,2.0,24.0,16.0,1,0,20160206,HOU,POR
Shot Chart Detail,0021500760,556,201147,Corey Brewer,1610612745,Houston Rockets,4,3,46,Made Shot,Jump Shot,3PT Field Goal,Right Corner 3,Right Side(R),24+ ft.,23.0,232.0,18.0,1,1,20160206,HOU,POR
Shot Chart Detail,0021500760,598,201147,Corey Brewer,1610612745,Houston Rockets,4,0,44,Missed Shot,Pullup Jump shot,3PT Field Goal,Above the Break 3,Left Side Center(LC),24+ ft.,26.0,-145.0,223.0,1,0,20160206,HOU,POR
Shot Chart Detail,0021500788,9,201147,Corey Brewer,1610612745,Houston Rockets,1,10,42,Made Shot,Driving Layup Shot,2PT Field Goal,Restricted Area,Center(C),Less Than 8 ft.,1.0,10.0,7.0,1,1,20160209,GSW,HOU
Shot Chart Detail,0021500788,43,201147,Corey Brewer,1610612745,Houston Rockets,1,7,7,Missed Shot,Jump Shot,3PT Field Goal,Right Corner 3,Right Side(R),24+ ft.,23.0,235.0,36.0,1,0,20160209,GSW,HOU
Shot Chart Detail,0021500788,99,201147,Corey Brewer,1610612745,Houston Rockets,1,1,35,Made Shot,Driving Reverse Layup Shot,2PT Field Goal,Restricted Area,Center(C),Less Than 8 ft.,1.0,15.0,7.0,1,1,20160209,GSW,HOU
Shot Chart Detail,0021500788,128,201147,Corey Brewer,1610612745,Houston Rockets,2,10,57,Missed Shot,Jump Shot,2PT Field Goal,In The Paint (Non-RA),Center(C),Less Than 8 ft.,7.0,4.0,75.0,1,0,20160209,GSW,HOU
Shot Chart Detail,0021500788,130,201147,Corey Brewer,1610612745,Houston Rockets,2,10,49,Missed Shot,Jump Shot,3PT Field Goal,Left Corner 3,Left Side(L),24+ ft.,23.0,-237.0,11.0,1,0,20160209,GSW,HOU
Shot Chart Detail,0021500788,322,201147,Corey Brewer,1610612745,Houston Rockets,3,11,5,Made Shot,Jump Shot,3PT Field Goal,Left Corner 3,Left Side(L),24+ ft.,23.0,-235.0,-1.0,1,1,20160209,GSW,HOU
Shot Chart Detail,0021500788,334,201147,Corey Brewer,1610612745,Houston Rockets,3,9,35,Missed Shot,Jump Shot,2PT Field Goal,Mid-Range,Left Side Center(LC),16-24 ft.,17.0,-104.0,136.0,1,0,20160209,GSW,HOU
Shot Chart Detail,0021500788,413,201147,Corey Brewer,1610612745,Houston Rockets,3,1,44,Missed Shot,Jump Shot,3PT Field Goal,Left Corner 3,Left Side(L),24+ ft.,23.0,-230.0,2.0,1,0,20160209,GSW,HOU
Shot Chart Detail,0021500788,555,201147,Corey Brewer,1610612745,Houston Rockets,4,2,23,Missed Shot,Jump Shot,3PT Field Goal,Above the Break 3,Left Side Center(LC),24+ ft.,25.0,-209.0,154.0,1,0,20160209,GSW,HOU
Shot Chart Detail,0021500800,105,201147,Corey Brewer,1610612745,Houston Rockets,1,0,57,Missed Shot,Jump Shot,3PT Field Goal,Above the Break 3,Left Side Center(LC),24+ ft.,24.0,-145.0,203.0,1,0,20160210,POR,HOU
Shot Chart Detail,0021500800,117,201147,Corey Brewer,1610612745,Houston Rockets,1,0,0,Made Shot,Jump Shot,3PT Field Goal,Right Corner 3,Right Side(R),24+ ft.,22.0,223.0,0.0,1,1,20160210,POR,HOU
Shot Chart Detail,0021500800,157,201147,Corey Brewer,1610612745,Houston Rockets,2,8,25,Missed Shot,Jump Shot,3PT Field Goal,Right Corner 3,Right Side(R),24+ ft.,22.0,223.0,2.0,1,0,20160210,POR,HOU
Shot Chart Detail,0021500800,261,201147,Corey Brewer,1610612745,Houston Rockets,2,0,58,Missed Shot,Driving Reverse Layup Shot,2PT Field Goal,Restricted Area,Center(C),Less Than 8 ft.,2.0,-20.0,-10.0,1,0,20160210,POR,HOU
Shot Chart Detail,0021500800,339,201147,Corey Brewer,1610612745,Houston Rockets,3,7,37,Made Shot,Jump Shot,3PT Field Goal,Left Corner 3,Left Side(L),24+ ft.,22.0,-223.0,-1.0,1,1,20160210,POR,HOU
Shot Chart Detail,0021500800,361,201147,Corey Brewer,1610612745,Houston Rockets,3,5,43,Made Shot,Driving Layup Shot,2PT Field Goal,Restricted Area,Center(C),Less Than 8 ft.,0.0,9.0,3.0,1,1,20160210,POR,HOU
Shot Chart Detail,0021500814,608,201147,Corey Brewer,1610612745,Houston Rockets,4,4,25,Missed Shot,Running Jump Shot,2PT Field Goal,In The Paint (Non-RA),Center(C),Less Than 8 ft.,6.0,58.0,31.0,1,0,20160219,PHX,HOU
Shot Chart Detail,0021500814,655,201147,Corey Brewer,1610612745,Houston Rockets,4,1,46,Missed Shot,Jump Shot,2PT Field Goal,In The Paint (Non-RA),Center(C),8-16 ft.,9.0,12.0,90.0,1,0,20160219,PHX,HOU
Shot Chart Detail,0021500843,129,201147,Corey Brewer,1610612745,Houston Rockets,1,0,46,Missed Shot,Jump Shot,3PT Field Goal,Above the Break 3,Left Side Center(LC),24+ ft.,23.0,-168.0,170.0,1,0,20160223,UTA,HOU
Shot Chart Detail,0021500843,189,201147,Corey Brewer,1610612745,Houston Rockets,2,8,47,Missed Shot,Finger Roll Layup Shot,2PT Field Goal,Restricted Area,Center(C),Less Than 8 ft.,1.0,12.0,3.0,1,0,20160223,UTA,HOU
Shot Chart Detail,0021500843,404,201147,Corey Brewer,1610612745,Houston Rockets,3,2,59,Missed Shot,Layup Shot,2PT Field Goal,Restricted Area,Center(C),Less Than 8 ft.,2.0,-6.0,23.0,1,0,20160223,UTA,HOU
Shot Chart Detail,0021500843,514,201147,Corey Brewer,1610612745,Houston Rockets,4,4,6,Missed Shot,Jump Shot,3PT Field Goal,Left Corner 3,Left Side(L),24+ ft.,24.0,-243.0,7.0,1,0,20160223,UTA,HOU
Shot Chart Detail,0021500843,545,201147,Corey Brewer,1610612745,Houston Rockets,4,2,3,Missed Shot,Jump Shot,3PT Field Goal,Right Corner 3,Right Side(R),24+ ft.,22.0,228.0,8.0,1,0,20160223,UTA,HOU
Shot Chart Detail,0021500859,106,201147,Corey Brewer,1610612745,Houston Rockets,1,0,51,Made Shot,Running Layup Shot,2PT Field Goal,Restricted Area,Center(C),Less Than 8 ft.,1.0,19.0,-1.0,1,1,20160225,POR,HOU
Shot Chart Detail,0021500859,161,201147,Corey Brewer,1610612745,Houston Rockets,2,7,14,Missed Shot,Driving Layup Shot,2PT Field Goal,Restricted Area,Center(C),Less Than 8 ft.,2.0,-22.0,-1.0,1,0,20160225,POR,HOU
Shot Chart Detail,0021500859,446,201147,Corey Brewer,1610612745,Houston Rockets,4,8,19,Made Shot,Layup Shot,2PT Field Goal,Restricted Area,Center(C),Less Than 8 ft.,0.0,6.0,-6.0,1,1,20160225,POR,HOU
Shot Chart Detail,0021500859,462,201147,Corey Brewer,1610612745,Houston Rockets,4,6,39,Made Shot,Jump Shot,3PT Field Goal,Right Corner 3,Right Side(R),24+ ft.,22.0,222.0,-1.0,1,1,20160225,POR,HOU
Shot Chart Detail,0021500872,112,201147,Corey Brewer,1610612745,Houston Rockets,2,11,20,Made Shot,Driving Layup Shot,2PT Field Goal,Restricted Area,Center(C),Less Than 8 ft.,1.0,-19.0,2.0,1,1,20160227,HOU,SAS
Shot Chart Detail,0021500872,278,201147,Corey Brewer,1610612745,Houston Rockets,3,7,4,Missed Shot,Jump Shot,3PT Field Goal,Right Corner 3,Right Side(R),24+ ft.,23.0,232.0,11.0,1,0,20160227,HOU,SAS
Shot Chart Detail,0021500872,288,201147,Corey Brewer,1610612745,Houston Rockets,3,5,18,Missed Shot,Driving Floating Bank Jump Shot,2PT Field Goal,Restricted Area,Center(C),Less Than 8 ft.,3.0,38.0,3.0,1,0,20160227,HOU,SAS
Shot Chart Detail,0021500872,304,201147,Corey Brewer,1610612745,Houston Rockets,3,4,34,Made Shot,Driving Layup Shot,2PT Field Goal,Restricted Area,Center(C),Less Than 8 ft.,1.0,15.0,2.0,1,1,20160227,HOU,SAS
Shot Chart Detail,0021500872,430,201147,Corey Brewer,1610612745,Houston Rockets,4,6,57,Made Shot,Layup Shot,2PT Field Goal,Restricted Area,Center(C),Less Than 8 ft.,2.0,-25.0,-1.0,1,1,20160227,HOU,SAS
Shot Chart Detail,0021500872,540,201147,Corey Brewer,1610612745,Houston Rockets,4,0,53,Made Shot,Driving Finger Roll Layup Shot,2PT Field Goal,Restricted Area,Center(C),Less Than 8 ft.,2.0,25.0,7.0,1,1,20160227,HOU,SAS
Shot Chart Detail,0021500872,555,201147,Corey Brewer,1610612745,Houston Rockets,4,0,8,Made Shot,Running Dunk Shot,2PT Field Goal,Restricted Area,Center(C),Less Than 8 ft.,0.0,0.0,1.0,1,1,20160227,HOU,SAS
Shot Chart Detail,0021500887,102,201147,Corey Brewer,1610612745,Houston Rockets,1,1,57,Missed Shot,Layup Shot,2PT Field Goal,Restricted Area,Center(C),Less Than 8 ft.,2.0,10.0,20.0,1,0,20160229,MIL,HOU
Shot Chart Detail,0021500887,131,201147,Corey Brewer,1610612745,Houston Rockets,1,0,0,Missed Shot,Jump Shot,3PT Field Goal,Backcourt,Back Court(BC),Back Court Shot,47.0,132.0,454.0,1,0,20160229,MIL,HOU
Shot Chart Detail,0021500887,425,201147,Corey Brewer,1610612745,Houston Rockets,3,1,46,Missed Shot,Jump Shot,3PT Field Goal,Left Corner 3,Left Side(L),24+ ft.,24.0,-240.0,-26.0,1,0,20160229,MIL,HOU
Shot Chart Detail,0021500887,434,201147,Corey Brewer,1610612745,Houston Rockets,3,1,24,Missed Shot,Layup Shot,2PT Field Goal,Restricted Area,Center(C),Less Than 8 ft.,1.0,9.0,16.0,1,0,20160229,MIL,HOU
Shot Chart Detail,0021500901,171,201147,Corey Brewer,1610612745,Houston Rockets,2,10,2,Missed Shot,Jump Shot,3PT Field Goal,Left Corner 3,Left Side(L),24+ ft.,23.0,-233.0,7.0,1,0,20160302,HOU,NOP
Shot Chart Detail,0021500901,175,201147,Corey Brewer,1610612745,Houston Rockets,2,9,52,Made Shot,Layup Shot,2PT Field Goal,Restricted Area,Center(C),Less Than 8 ft.,2.0,-25.0,-11.0,1,1,20160302,HOU,NOP
Shot Chart Detail,0021500901,295,201147,Corey Brewer,1610612745,Houston Rockets,2,0,0,Missed Shot,Jump Shot,3PT Field Goal,Above the Break 3,Left Side Center(LC),24+ ft.,31.0,-186.0,254.0,1,0,20160302,HOU,NOP
Shot Chart Detail,0021500901,405,201147,Corey Brewer,1610612745,Houston Rockets,3,2,32,Made Shot,Running Finger Roll Layup Shot,2PT Field Goal,Restricted Area,Center(C),Less Than 8 ft.,2.0,19.0,13.0,1,1,20160302,HOU,NOP
Shot Chart Detail,0021500901,413,201147,Corey Brewer,1610612745,Houston Rockets,3,1,9,Made Shot,Pullup Jump shot,2PT Field Goal,Mid-Range,Center(C),16-24 ft.,19.0,43.0,195.0,1,1,20160302,HOU,NOP
Shot Chart Detail,0021500901,443,201147,Corey Brewer,1610612745,Houston Rockets,3,0,0,Missed Shot,Jump Shot,3PT Field Goal,Backcourt,Back Court(BC),Back Court Shot,54.0,-198.0,504.0,1,0,20160302,HOU,NOP
Shot Chart Detail,0021500901,448,201147,Corey Brewer,1610612745,Houston Rockets,4,11,37,Missed Shot,Pullup Jump shot,2PT Field Goal,Mid-Range,Left Side(L),16-24 ft.,20.0,-199.0,51.0,1,0,20160302,HOU,NOP
Shot Chart Detail,0021500901,489,201147,Corey Brewer,1610612745,Houston Rockets,4,8,46,Missed Shot,Jump Shot,3PT Field Goal,Left Corner 3,Left Side(L),24+ ft.,22.0,-227.0,31.0,1,0,20160302,HOU,NOP
Shot Chart Detail,0021500901,573,201147,Corey Brewer,1610612745,Houston Rockets,4,3,11,Made Shot,Running Dunk Shot,2PT Field Goal,Restricted Area,Center(C),Less Than 8 ft.,0.0,-4.0,2.0,1,1,20160302,HOU,NOP
Shot Chart Detail,0021500927,117,201147,Corey Brewer,1610612745,Houston Rockets,1,2,48,Made Shot,Finger Roll Layup Shot,2PT Field Goal,Restricted Area,Center(C),Less Than 8 ft.,3.0,14.0,31.0,1,1,20160305,CHI,HOU
Shot Chart Detail,0021500927,462,201147,Corey Brewer,1610612745,Houston Rockets,3,1,54,Missed Shot,Jump Shot,3PT Field Goal,Left Corner 3,Left Side(L),24+ ft.,22.0,-228.0,-16.0,1,0,20160305,CHI,HOU
Shot Chart Detail,0021500927,480,201147,Corey Brewer,1610612745,Houston Rockets,3,0,0,Made Shot,Jump Shot,3PT Field Goal,Above the Break 3,Center(C),24+ ft.,24.0,-52.0,244.0,1,1,20160305,CHI,HOU
Shot Chart Detail,0021500927,544,201147,Corey Brewer,1610612745,Houston Rockets,4,4,53,Made Shot,Jump Shot,3PT Field Goal,Left Corner 3,Left Side(L),24+ ft.,23.0,-235.0,-16.0,1,1,20160305,CHI,HOU
Shot Chart Detail,0021500927,546,201147,Corey Brewer,1610612745,Houston Rockets,4,4,30,Made Shot,Layup Shot,2PT Field Goal,Restricted Area,Center(C),Less Than 8 ft.,0.0,1.0,2.0,1,1,20160305,CHI,HOU
Shot Chart Detail,0021500936,122,201147,Corey Brewer,1610612745,Houston Rockets,1,0,32,Missed Shot,Layup Shot,2PT Field Goal,Restricted Area,Center(C),Less Than 8 ft.,2.0,-20.0,21.0,1,0,20160306,TOR,HOU
Shot Chart Detail,0021500936,155,201147,Corey Brewer,1610612745,Houston Rockets,2,11,8,Missed Shot,Running Finger Roll Layup Shot,2PT Field Goal,Restricted Area,Center(C),Less Than 8 ft.,2.0,10.0,18.0,1,0,20160306,TOR,HOU
Shot Chart Detail,0021500936,160,201147,Corey Brewer,1610612745,Houston Rockets,2,10,47,Made Shot,Pullup Jump shot,2PT Field Goal,Mid-Range,Center(C),16-24 ft.,16.0,-1.0,160.0,1,1,20160306,TOR,HOU
Shot Chart Detail,0021500936,169,201147,Corey Brewer,1610612745,Houston Rockets,2,9,37,Missed Shot,Driving Floating Bank Jump Shot,2PT Field Goal,In The Paint (Non-RA),Center(C),Less Than 8 ft.,4.0,43.0,21.0,1,0,20160306,TOR,HOU
Shot Chart Detail,0021500936,268,201147,Corey Brewer,1610612745,Houston Rockets,2,2,24,Missed Shot,Driving Floating Jump Shot,2PT Field Goal,In The Paint (Non-RA),Center(C),Less Than 8 ft.,4.0,4.0,41.0,1,0,20160306,TOR,HOU
Shot Chart Detail,0021500936,272,201147,Corey Brewer,1610612745,Houston Rockets,2,2,4,Missed Shot,Jump Shot,3PT Field Goal,Left Corner 3,Left Side(L),24+ ft.,23.0,-238.0,16.0,1,0,20160306,TOR,HOU
Shot Chart Detail,0021500936,280,201147,Corey Brewer,1610612745,Houston Rockets,2,1,36,Made Shot,Jump Shot,3PT Field Goal,Left Corner 3,Left Side(L),24+ ft.,23.0,-233.0,0.0,1,1,20160306,TOR,HOU
Shot Chart Detail,0021500936,285,201147,Corey Brewer,1610612745,Houston Rockets,2,0,48,Made Shot,Jump Bank Shot,3PT Field Goal,Above the Break 3,Right Side Center(RC),24+ ft.,24.0,166.0,175.0,1,1,20160306,TOR,HOU
Shot Chart Detail,0021500936,337,201147,Corey Brewer,1610612745,Houston Rockets,3,7,43,Made Shot,Pullup Jump shot,2PT Field Goal,Mid-Range,Right Side(R),16-24 ft.,18.0,166.0,75.0,1,1,20160306,TOR,HOU
Shot Chart Detail,0021500936,359,201147,Corey Brewer,1610612745,Houston Rockets,3,5,21,Missed Shot,Jump Shot,3PT Field Goal,Right Corner 3,Right Side(R),24+ ft.,22.0,225.0,13.0,1,0,20160306,TOR,HOU
Shot Chart Detail,0021500936,386,201147,Corey Brewer,1610612745,Houston Rockets,3,4,13,Made Shot,Jump Shot,3PT Field Goal,Right Corner 3,Right Side(R),24+ ft.,23.0,230.0,-1.0,1,1,20160306,TOR,HOU
Shot Chart Detail,0021500936,400,201147,Corey Brewer,1610612745,Houston Rockets,3,3,5,Made Shot,Jump Shot,3PT Field Goal,Above the Break 3,Left Side Center(LC),24+ ft.,24.0,-94.0,224.0,1,1,20160306,TOR,HOU
Shot Chart Detail,0021500936,434,201147,Corey Brewer,1610612745,Houston Rockets,3,0,0,Missed Shot,Jump Shot,3PT Field Goal,Above the Break 3,Right Side Center(RC),24+ ft.,36.0,228.0,287.0,1,0,20160306,TOR,HOU
Shot Chart Detail,0021500936,439,201147,Corey Brewer,1610612745,Houston Rockets,4,11,37,Made Shot,Jump Shot,3PT Field Goal,Above the Break 3,Center(C),24+ ft.,24.0,-7.0,244.0,1,1,20160306,TOR,HOU
Shot Chart Detail,0021500936,448,201147,Corey Brewer,1610612745,Houston Rockets,4,10,2,Made Shot,Driving Layup Shot,2PT Field Goal,Restricted Area,Center(C),Less Than 8 ft.,2.0,28.0,2.0,1,1,20160306,TOR,HOU
Shot Chart Detail,0021500936,450,201147,Corey Brewer,1610612745,Houston Rockets,4,9,27,Missed Shot,Jump Shot,3PT Field Goal,Above the Break 3,Left Side Center(LC),24+ ft.,24.0,-179.0,169.0,1,0,20160306,TOR,HOU
Shot Chart Detail,0021500936,494,201147,Corey Brewer,1610612745,Houston Rockets,4,5,19,Missed Shot,Jump Shot,2PT Field Goal,Mid-Range,Left Side Center(LC),16-24 ft.,22.0,-115.0,192.0,1,0,20160306,TOR,HOU
Shot Chart Detail,0021500936,511,201147,Corey Brewer,1610612745,Houston Rockets,4,3,16,Made Shot,Fadeaway Jump Shot,2PT Field Goal,In The Paint (Non-RA),Right Side(R),8-16 ft.,11.0,64.0,90.0,1,1,20160306,TOR,HOU
Shot Chart Detail,0021500936,521,201147,Corey Brewer,1610612745,Houston Rockets,4,2,21,Missed Shot,Pullup Jump shot,2PT Field Goal,Mid-Range,Center(C),8-16 ft.,15.0,4.0,159.0,1,0,20160306,TOR,HOU
Shot Chart Detail,0021500951,418,201147,Corey Brewer,1610612745,Houston Rockets,3,3,21,Made Shot,Running Dunk Shot,2PT Field Goal,Restricted Area,Center(C),Less Than 8 ft.,0.0,0.0,1.0,1,1,20160309,PHI,HOU
Shot Chart Detail,0021500951,468,201147,Corey Brewer,1610612745,Houston Rockets,3,0,29,Missed Shot,Jump Shot,3PT Field Goal,Left Corner 3,Left Side(L),24+ ft.,23.0,-235.0,-15.0,1,0,20160309,PHI,HOU
Shot Chart Detail,0021500951,513,201147,Corey Brewer,1610612745,Houston Rockets,4,9,43,Missed Shot,Jump Shot,2PT Field Goal,Mid-Range,Right Side Center(RC),16-24 ft.,17.0,120.0,129.0,1,0,20160309,PHI,HOU
Shot Chart Detail,0021500951,520,201147,Corey Brewer,1610612745,Houston Rockets,4,8,44,Missed Shot,Jump Shot,3PT Field Goal,Left Corner 3,Left Side(L),24+ ft.,23.0,-230.0,-5.0,1,0,20160309,PHI,HOU
Shot Chart Detail,0021500965,168,201147,Corey Brewer,1610612745,Houston Rockets,2,10,50,Missed Shot,Jump Shot,3PT Field Goal,Left Corner 3,Left Side(L),24+ ft.,23.0,-232.0,7.0,1,0,20160311,BOS,HOU
Shot Chart Detail,0021500965,183,201147,Corey Brewer,1610612745,Houston Rockets,2,9,12,Made Shot,Turnaround Jump Shot,2PT Field Goal,In The Paint (Non-RA),Center(C),8-16 ft.,12.0,-58.0,106.0,1,1,20160311,BOS,HOU
Shot Chart Detail,0021500965,191,201147,Corey Brewer,1610612745,Houston Rockets,2,8,14,Missed Shot,Driving Finger Roll Layup Shot,2PT Field Goal,Restricted Area,Center(C),Less Than 8 ft.,2.0,20.0,-1.0,1,0,20160311,BOS,HOU
Shot Chart Detail,0021500965,198,201147,Corey Brewer,1610612745,Houston Rockets,2,7,48,Made Shot,Driving Layup Shot,2PT Field Goal,Restricted Area,Center(C),Less Than 8 ft.,1.0,-16.0,2.0,1,1,20160311,BOS,HOU
Shot Chart Detail,0021500965,283,201147,Corey Brewer,1610612745,Houston Rockets,2,0,39,Made Shot,Layup Shot,2PT Field Goal,Restricted Area,Center(C),Less Than 8 ft.,0.0,6.0,7.0,1,1,20160311,BOS,HOU
Shot Chart Detail,0021500965,353,201147,Corey Brewer,1610612745,Houston Rockets,3,6,50,Missed Shot,Jump Shot,3PT Field Goal,Right Corner 3,Right Side(R),24+ ft.,23.0,235.0,7.0,1,0,20160311,BOS,HOU
Shot Chart Detail,0021500965,389,201147,Corey Brewer,1610612745,Houston Rockets,3,5,13,Made Shot,Jump Shot,3PT Field Goal,Left Corner 3,Left Side(L),24+ ft.,23.0,-238.0,7.0,1,1,20160311,BOS,HOU
Shot Chart Detail,0021500975,125,201147,Corey Brewer,1610612745,Houston Rockets,2,11,45,Missed Shot,Layup Shot,2PT Field Goal,Restricted Area,Center(C),Less Than 8 ft.,1.0,-12.0,11.0,1,0,20160312,CHA,HOU
Shot Chart Detail,0021500975,140,201147,Corey Brewer,1610612745,Houston Rockets,2,10,11,Made Shot,Jump Shot,3PT Field Goal,Right Corner 3,Right Side(R),24+ ft.,23.0,233.0,31.0,1,1,20160312,CHA,HOU
Shot Chart Detail,0021500975,145,201147,Corey Brewer,1610612745,Houston Rockets,2,9,10,Made Shot,Driving Layup Shot,2PT Field Goal,Restricted Area,Center(C),Less Than 8 ft.,1.0,10.0,11.0,1,1,20160312,CHA,HOU
Shot Chart Detail,0021500975,147,201147,Corey Brewer,1610612745,Houston Rockets,2,8,45,Made Shot,Running Layup Shot,2PT Field Goal,Restricted Area,Center(C),Less Than 8 ft.,0.0,6.0,2.0,1,1,20160312,CHA,HOU
Shot Chart Detail,0021500975,187,201147,Corey Brewer,1610612745,Houston Rockets,2,5,52,Missed Shot,Jump Shot,2PT Field Goal,Mid-Range,Center(C),16-24 ft.,18.0,2.0,183.0,1,0,20160312,CHA,HOU
Shot Chart Detail,0021500975,212,201147,Corey Brewer,1610612745,Houston Rockets,2,3,46,Missed Shot,Jump Shot,3PT Field Goal,Left Corner 3,Left Side(L),24+ ft.,23.0,-228.0,31.0,1,0,20160312,CHA,HOU
Shot Chart Detail,0021500975,261,201147,Corey Brewer,1610612745,Houston Rockets,2,0,1,Made Shot,Pullup Jump shot,2PT Field Goal,In The Paint (Non-RA),Center(C),8-16 ft.,11.0,45.0,105.0,1,1,20160312,CHA,HOU
Shot Chart Detail,0021500975,263,201147,Corey Brewer,1610612745,Houston Rockets,2,0,1,Missed Shot,Jump Shot,3PT Field Goal,Backcourt,Back Court(BC),Back Court Shot,71.0,46.0,712.0,1,0,20160312,CHA,HOU
Shot Chart Detail,0021500975,272,201147,Corey Brewer,1610612745,Houston Rockets,3,11,9,Made Shot,Cutting Layup Shot,2PT Field Goal,Restricted Area,Center(C),Less Than 8 ft.,0.0,4.0,7.0,1,1,20160312,CHA,HOU
Shot Chart Detail,0021500975,287,201147,Corey Brewer,1610612745,Houston Rockets,3,9,7,Made Shot,Running Layup Shot,2PT Field Goal,Restricted Area,Center(C),Less Than 8 ft.,2.0,19.0,7.0,1,1,20160312,CHA,HOU
Shot Chart Detail,0021500975,299,201147,Corey Brewer,1610612745,Houston Rockets,3,7,32,Missed Shot,Jump Shot,2PT Field Goal,Mid-Range,Left Side(L),16-24 ft.,20.0,-201.0,8.0,1,0,20160312,CHA,HOU
Shot Chart Detail,0021500975,371,201147,Corey Brewer,1610612745,Houston Rockets,3,1,36,Missed Shot,Jump Shot,3PT Field Goal,Above the Break 3,Left Side Center(LC),24+ ft.,25.0,-179.0,183.0,1,0,20160312,CHA,HOU
Shot Chart Detail,0021500975,469,201147,Corey Brewer,1610612745,Houston Rockets,4,5,23,Made Shot,Running Jump Shot,2PT Field Goal,In The Paint (Non-RA),Center(C),8-16 ft.,12.0,-38.0,115.0,1,1,20160312,CHA,HOU
Shot Chart Detail,0021500975,481,201147,Corey Brewer,1610612745,Houston Rockets,4,4,33,Made Shot,Running Jump Shot,2PT Field Goal,In The Paint (Non-RA),Center(C),8-16 ft.,10.0,2.0,105.0,1,1,20160312,CHA,HOU
Shot Chart Detail,0021500975,534,201147,Corey Brewer,1610612745,Houston Rockets,4,1,12,Made Shot,Running Reverse Layup Shot,2PT Field Goal,Restricted Area,Center(C),Less Than 8 ft.,1.0,17.0,3.0,1,1,20160312,CHA,HOU
Shot Chart Detail,0021500992,147,201147,Corey Brewer,1610612745,Houston Rockets,1,0,0,Missed Shot,Layup Shot,2PT Field Goal,Restricted Area,Center(C),Less Than 8 ft.,0.0,1.0,7.0,1,0,20160314,HOU,MEM
Shot Chart Detail,0021500992,157,201147,Corey Brewer,1610612745,Houston Rockets,2,11,12,Missed Shot,Jump Shot,2PT Field Goal,Mid-Range,Right Side Center(RC),16-24 ft.,17.0,135.0,116.0,1,0,20160314,HOU,MEM
Shot Chart Detail,0021500992,181,201147,Corey Brewer,1610612745,Houston Rockets,2,8,30,Missed Shot,Running Layup Shot,2PT Field Goal,Restricted Area,Center(C),Less Than 8 ft.,2.0,-24.0,-5.0,1,0,20160314,HOU,MEM
Shot Chart Detail,0021500992,405,201147,Corey Brewer,1610612745,Houston Rockets,3,5,57,Missed Shot,Jump Shot,3PT Field Goal,Right Corner 3,Right Side(R),24+ ft.,23.0,232.0,-6.0,1,0,20160314,HOU,MEM
Shot Chart Detail,0021501009,103,201147,Corey Brewer,1610612745,Houston Rockets,1,2,8,Missed Shot,Jump Shot,3PT Field Goal,Right Corner 3,Right Side(R),24+ ft.,23.0,233.0,-10.0,1,0,20160316,HOU,LAC
Shot Chart Detail,0021501009,138,201147,Corey Brewer,1610612745,Houston Rockets,2,10,53,Missed Shot,Running Jump Shot,2PT Field Goal,In The Paint (Non-RA),Center(C),Less Than 8 ft.,6.0,-60.0,-1.0,1,0,20160316,HOU,LAC
Shot Chart Detail,0021501009,208,201147,Corey Brewer,1610612745,Houston Rockets,2,2,47,Made Shot,Driving Layup Shot,2PT Field Goal,Restricted Area,Center(C),Less Than 8 ft.,2.0,-24.0,2.0,1,1,20160316,HOU,LAC
Shot Chart Detail,0021501009,211,201147,Corey Brewer,1610612745,Houston Rockets,2,2,16,Missed Shot,Pullup Jump shot,2PT Field Goal,In The Paint (Non-RA),Center(C),Less Than 8 ft.,6.0,-20.0,57.0,1,0,20160316,HOU,LAC
Shot Chart Detail,0021501009,344,201147,Corey Brewer,1610612745,Houston Rockets,3,7,13,Missed Shot,Jump Shot,3PT Field Goal,Above the Break 3,Right Side Center(RC),24+ ft.,25.0,194.0,164.0,1,0,20160316,HOU,LAC
Shot Chart Detail,0021501009,351,201147,Corey Brewer,1610612745,Houston Rockets,3,6,19,Made Shot,Cutting Layup Shot,2PT Field Goal,Restricted Area,Center(C),Less Than 8 ft.,1.0,-16.0,3.0,1,1,20160316,HOU,LAC
Shot Chart Detail,0021501029,118,201147,Corey Brewer,1610612745,Houston Rockets,1,0,57,Missed Shot,Jump Shot,2PT Field Goal,Mid-Range,Right Side(R),16-24 ft.,17.0,169.0,23.0,1,0,20160319,ATL,HOU
Shot Chart Detail,0021501029,127,201147,Corey Brewer,1610612745,Houston Rockets,1,0,0,Missed Shot,Running Pull-Up Jump Shot,3PT Field Goal,Backcourt,Back Court(BC),Back Court Shot,50.0,191.0,472.0,1,0,20160319,ATL,HOU
Shot Chart Detail,0021501029,431,201147,Corey Brewer,1610612745,Houston Rockets,3,0,0,Missed Shot,Jump Shot,3PT Field Goal,Backcourt,Back Court(BC),Back Court Shot,54.0,192.0,513.0,1,0,20160319,ATL,HOU
Shot Chart Detail,0021501054,71,201147,Corey Brewer,1610612745,Houston Rockets,1,4,16,Missed Shot,Jump Shot,3PT Field Goal,Above the Break 3,Left Side Center(LC),24+ ft.,24.0,-163.0,185.0,1,0,20160322,OKC,HOU
Shot Chart Detail,0021501054,112,201147,Corey Brewer,1610612745,Houston Rockets,1,1,25,Missed Shot,Jump Shot,2PT Field Goal,In The Paint (Non-RA),Center(C),8-16 ft.,8.0,-14.0,85.0,1,0,20160322,OKC,HOU
Shot Chart Detail,0021501054,120,201147,Corey Brewer,1610612745,Houston Rockets,1,1,0,Missed Shot,Layup Shot,2PT Field Goal,Restricted Area,Center(C),Less Than 8 ft.,2.0,25.0,-6.0,1,0,20160322,OKC,HOU
Shot Chart Detail,0021501054,430,201147,Corey Brewer,1610612745,Houston Rockets,4,11,24,Made Shot,Running Layup Shot,2PT Field Goal,Restricted Area,Center(C),Less Than 8 ft.,3.0,-37.0,3.0,1,1,20160322,OKC,HOU
Shot Chart Detail,0021501054,442,201147,Corey Brewer,1610612745,Houston Rockets,4,10,0,Missed Shot,Floating Jump shot,2PT Field Goal,In The Paint (Non-RA),Center(C),Less Than 8 ft.,4.0,32.0,36.0,1,0,20160322,OKC,HOU
Shot Chart Detail,0021501054,499,201147,Corey Brewer,1610612745,Houston Rockets,4,6,8,Missed Shot,Jump Shot,3PT Field Goal,Above the Break 3,Left Side Center(LC),24+ ft.,25.0,-96.0,234.0,1,0,20160322,OKC,HOU
Shot Chart Detail,0021501061,84,201147,Corey Brewer,1610612745,Houston Rockets,1,3,20,Made Shot,Running Layup Shot,2PT Field Goal,Restricted Area,Center(C),Less Than 8 ft.,1.0,14.0,-5.0,1,1,20160323,HOU,UTA
Shot Chart Detail,0021501061,125,201147,Corey Brewer,1610612745,Houston Rockets,2,11,9,Made Shot,Jump Shot,3PT Field Goal,Left Corner 3,Left Side(L),24+ ft.,23.0,-235.0,0.0,1,1,20160323,HOU,UTA
Shot Chart Detail,0021501061,371,201147,Corey Brewer,1610612745,Houston Rockets,3,1,48,Made Shot,Floating Jump shot,2PT Field Goal,In The Paint (Non-RA),Center(C),8-16 ft.,11.0,-29.0,111.0,1,1,20160323,HOU,UTA
Shot Chart Detail,0021501061,378,201147,Corey Brewer,1610612745,Houston Rockets,3,1,1,Made Shot,Jump Shot,3PT Field Goal,Left Corner 3,Left Side(L),24+ ft.,23.0,-233.0,-15.0,1,1,20160323,HOU,UTA
Shot Chart Detail,0021501061,418,201147,Corey Brewer,1610612745,Houston Rockets,4,9,14,Missed Shot,Fadeaway Jump Shot,2PT Field Goal,In The Paint (Non-RA),Center(C),Less Than 8 ft.,7.0,-73.0,31.0,1,0,20160323,HOU,UTA
Shot Chart Detail,0021501061,433,201147,Corey Brewer,1610612745,Houston Rockets,4,7,51,Missed Shot,Jump Shot,3PT Field Goal,Right Corner 3,Right Side(R),24+ ft.,22.0,227.0,-1.0,1,0,20160323,HOU,UTA
Shot Chart Detail,0021501077,122,201147,Corey Brewer,1610612745,Houston Rockets,2,9,56,Made Shot,Jump Shot,3PT Field Goal,Right Corner 3,Right Side(R),24+ ft.,23.0,233.0,-11.0,1,1,20160325,HOU,TOR
Shot Chart Detail,0021501077,387,201147,Corey Brewer,1610612745,Houston Rockets,3,1,0,Missed Shot,Running Finger Roll Layup Shot,2PT Field Goal,Restricted Area,Center(C),Less Than 8 ft.,1.0,2.0,11.0,1,0,20160325,HOU,TOR
Shot Chart Detail,0021501077,419,201147,Corey Brewer,1610612745,Houston Rockets,4,9,18,Made Shot,Running Layup Shot,2PT Field Goal,Restricted Area,Center(C),Less Than 8 ft.,3.0,38.0,3.0,1,1,20160325,HOU,TOR
Shot Chart Detail,0021501077,442,201147,Corey Brewer,1610612745,Houston Rockets,4,7,34,Made Shot,Pullup Jump shot,2PT Field Goal,Mid-Range,Left Side(L),16-24 ft.,19.0,-192.0,0.0,1,1,20160325,HOU,TOR
Shot Chart Detail,0021501077,463,201147,Corey Brewer,1610612745,Houston Rockets,4,6,18,Made Shot,Driving Layup Shot,2PT Field Goal,Restricted Area,Center(C),Less Than 8 ft.,2.0,20.0,2.0,1,1,20160325,HOU,TOR
Shot Chart Detail,0021501093,82,201147,Corey Brewer,1610612745,Houston Rockets,1,3,41,Made Shot,Driving Hook Shot,2PT Field Goal,In The Paint (Non-RA),Center(C),Less Than 8 ft.,6.0,50.0,43.0,1,1,20160327,IND,HOU
Shot Chart Detail,0021501093,100,201147,Corey Brewer,1610612745,Houston Rockets,1,2,26,Missed Shot,Running Layup Shot,2PT Field Goal,Restricted Area,Center(C),Less Than 8 ft.,2.0,-16.0,16.0,1,0,20160327,IND,HOU
Shot Chart Detail,0021501093,130,201147,Corey Brewer,1610612745,Houston Rockets,1,0,0,Missed Shot,Jump Shot,3PT Field Goal,Above the Break 3,Right Side Center(RC),24+ ft.,39.0,189.0,345.0,1,0,20160327,IND,HOU
Shot Chart Detail,0021501093,153,201147,Corey Brewer,1610612745,Houston Rockets,2,9,54,Missed Shot,Jump Shot,3PT Field Goal,Above the Break 3,Right Side Center(RC),24+ ft.,26.0,200.0,174.0,1,0,20160327,IND,HOU
Shot Chart Detail,0021501093,291,201147,Corey Brewer,1610612745,Houston Rockets,3,8,50,Missed Shot,Pullup Jump shot,2PT Field Goal,In The Paint (Non-RA),Center(C),Less Than 8 ft.,6.0,-2.0,61.0,1,0,20160327,IND,HOU
Shot Chart Detail,0021501093,298,201147,Corey Brewer,1610612745,Houston Rockets,3,8,11,Missed Shot,Driving Layup Shot,2PT Field Goal,Restricted Area,Center(C),Less Than 8 ft.,1.0,-2.0,11.0,1,0,20160327,IND,HOU
Shot Chart Detail,0021501093,308,201147,Corey Brewer,1610612745,Houston Rockets,3,7,20,Made Shot,Running Layup Shot,2PT Field Goal,Restricted Area,Center(C),Less Than 8 ft.,0.0,-1.0,2.0,1,1,20160327,IND,HOU
Shot Chart Detail,0021501093,474,201147,Corey Brewer,1610612745,Houston Rockets,4,3,39,Missed Shot,Jump Shot,3PT Field Goal,Right Corner 3,Right Side(R),24+ ft.,23.0,235.0,-16.0,1,0,20160327,IND,HOU
Shot Chart Detail,0021501093,506,201147,Corey Brewer,1610612745,Houston Rockets,4,0,56,Missed Shot,Jump Shot,3PT Field Goal,Right Corner 3,Right Side(R),24+ ft.,23.0,238.0,16.0,1,0,20160327,IND,HOU
Shot Chart Detail,0021501111,118,201147,Corey Brewer,1610612745,Houston Rockets,1,3,15,Made Shot,Pullup Jump shot,2PT Field Goal,In The Paint (Non-RA),Center(C),8-16 ft.,13.0,-16.0,134.0,1,1,20160329,CLE,HOU
Shot Chart Detail,0021501111,154,201147,Corey Brewer,1610612745,Houston Rockets,1,0,31,Missed Shot,Jump Shot,3PT Field Goal,Left Corner 3,Left Side(L),24+ ft.,23.0,-237.0,-16.0,1,0,20160329,CLE,HOU
Shot Chart Detail,0021501111,183,201147,Corey Brewer,1610612745,Houston Rockets,2,9,57,Missed Shot,Jump Shot,3PT Field Goal,Right Corner 3,Right Side(R),24+ ft.,22.0,223.0,-1.0,1,0,20160329,CLE,HOU
Shot Chart Detail,0021501111,193,201147,Corey Brewer,1610612745,Houston Rockets,2,9,21,Made Shot,Turnaround Bank shot,2PT Field Goal,In The Paint (Non-RA),Center(C),Less Than 8 ft.,7.0,73.0,11.0,1,1,20160329,CLE,HOU
Shot Chart Detail,0021501111,250,201147,Corey Brewer,1610612745,Houston Rockets,2,5,28,Missed Shot,Finger Roll Layup Shot,2PT Field Goal,Restricted Area,Center(C),Less Than 8 ft.,3.0,32.0,18.0,1,0,20160329,CLE,HOU
Shot Chart Detail,0021501124,150,201147,Corey Brewer,1610612745,Houston Rockets,2,10,17,Missed Shot,Fadeaway Jump Shot,2PT Field Goal,Mid-Range,Left Side(L),16-24 ft.,21.0,-179.0,121.0,1,0,20160331,HOU,CHI
Shot Chart Detail,0021501124,155,201147,Corey Brewer,1610612745,Houston Rockets,2,9,52,Missed Shot,Running Layup Shot,2PT Field Goal,Restricted Area,Center(C),Less Than 8 ft.,2.0,-22.0,11.0,1,0,20160331,HOU,CHI
Shot Chart Detail,0021501124,176,201147,Corey Brewer,1610612745,Houston Rockets,2,8,19,Missed Shot,Driving Layup Shot,2PT Field Goal,Restricted Area,Center(C),Less Than 8 ft.,1.0,12.0,2.0,1,0,20160331,HOU,CHI
Shot Chart Detail,0021501124,191,201147,Corey Brewer,1610612745,Houston Rockets,2,7,9,Missed Shot,Jump Shot,3PT Field Goal,Left Corner 3,Left Side(L),24+ ft.,23.0,-233.0,-11.0,1,0,20160331,HOU,CHI
Shot Chart Detail,0021501124,208,201147,Corey Brewer,1610612745,Houston Rockets,2,5,22,Missed Shot,Layup Shot,2PT Field Goal,Restricted Area,Center(C),Less Than 8 ft.,2.0,-22.0,7.0,1,0,20160331,HOU,CHI
Shot Chart Detail,0021501124,369,201147,Corey Brewer,1610612745,Houston Rockets,3,1,26,Missed Shot,Jump Shot,2PT Field Goal,Mid-Range,Right Side Center(RC),16-24 ft.,20.0,141.0,149.0,1,0,20160331,HOU,CHI
Shot Chart Detail,0021501124,428,201147,Corey Brewer,1610612745,Houston Rockets,4,7,52,Missed Shot,Jump Shot,2PT Field Goal,In The Paint (Non-RA),Center(C),Less Than 8 ft.,4.0,33.0,28.0,1,0,20160331,HOU,CHI
Shot Chart Detail,0021501145,92,201147,Corey Brewer,1610612745,Houston Rockets,1,4,36,Made Shot,Running Finger Roll Layup Shot,2PT Field Goal,In The Paint (Non-RA),Center(C),Less Than 8 ft.,4.0,-24.0,41.0,1,1,20160403,HOU,OKC
Shot Chart Detail,0021501145,175,201147,Corey Brewer,1610612745,Houston Rockets,2,10,49,Missed Shot,Floating Jump shot,2PT Field Goal,In The Paint (Non-RA),Center(C),Less Than 8 ft.,5.0,-40.0,36.0,1,0,20160403,HOU,OKC
Shot Chart Detail,0021501145,180,201147,Corey Brewer,1610612745,Houston Rockets,2,10,18,Missed Shot,Jump Shot,3PT Field Goal,Right Corner 3,Right Side(R),24+ ft.,23.0,230.0,13.0,1,0,20160403,HOU,OKC
Shot Chart Detail,0021501145,184,201147,Corey Brewer,1610612745,Houston Rockets,2,10,2,Missed Shot,Jump Shot,3PT Field Goal,Left Corner 3,Left Side(L),24+ ft.,23.0,-235.0,-1.0,1,0,20160403,HOU,OKC
Shot Chart Detail,0021501145,187,201147,Corey Brewer,1610612745,Houston Rockets,2,9,56,Missed Shot,Tip Layup Shot,2PT Field Goal,Restricted Area,Center(C),Less Than 8 ft.,0.0,6.0,7.0,1,0,20160403,HOU,OKC
Shot Chart Detail,0021501145,196,201147,Corey Brewer,1610612745,Houston Rockets,2,9,11,Missed Shot,Jump Shot,3PT Field Goal,Left Corner 3,Left Side(L),24+ ft.,23.0,-237.0,-11.0,1,0,20160403,HOU,OKC
Shot Chart Detail,0021501145,277,201147,Corey Brewer,1610612745,Houston Rockets,2,2,5,Missed Shot,Layup Shot,2PT Field Goal,Restricted Area,Center(C),Less Than 8 ft.,3.0,37.0,7.0,1,0,20160403,HOU,OKC
Shot Chart Detail,0021501145,279,201147,Corey Brewer,1610612745,Houston Rockets,2,2,4,Made Shot,Putback Layup Shot,2PT Field Goal,Restricted Area,Center(C),Less Than 8 ft.,2.0,20.0,7.0,1,1,20160403,HOU,OKC
Shot Chart Detail,0021501145,299,201147,Corey Brewer,1610612745,Houston Rockets,2,0,0,Missed Shot,Jump Shot,3PT Field Goal,Above the Break 3,Back Court(BC),Back Court Shot,40.0,-37.0,404.0,1,0,20160403,HOU,OKC
Shot Chart Detail,0021501145,529,201147,Corey Brewer,1610612745,Houston Rockets,4,6,9,Made Shot,Running Layup Shot,2PT Field Goal,Restricted Area,Center(C),Less Than 8 ft.,1.0,17.0,7.0,1,1,20160403,HOU,OKC
Shot Chart Detail,0021501170,56,201147,Corey Brewer,1610612745,Houston Rockets,1,5,52,Missed Shot,Driving Floating Bank Jump Shot,2PT Field Goal,In The Paint (Non-RA),Center(C),Less Than 8 ft.,6.0,-42.0,47.0,1,0,20160406,DAL,HOU
Shot Chart Detail,0021501170,80,201147,Corey Brewer,1610612745,Houston Rockets,1,3,43,Missed Shot,Jump Shot,3PT Field Goal,Left Corner 3,Left Side(L),24+ ft.,23.0,-232.0,16.0,1,0,20160406,DAL,HOU
Shot Chart Detail,0021501170,96,201147,Corey Brewer,1610612745,Houston Rockets,1,2,43,Missed Shot,Running Layup Shot,2PT Field Goal,Restricted Area,Center(C),Less Than 8 ft.,1.0,-7.0,8.0,1,0,20160406,DAL,HOU
Shot Chart Detail,0021501170,105,201147,Corey Brewer,1610612745,Houston Rockets,1,1,47,Made Shot,Driving Bank shot,2PT Field Goal,In The Paint (Non-RA),Center(C),Less Than 8 ft.,4.0,42.0,16.0,1,1,20160406,DAL,HOU
Shot Chart Detail,0021501170,280,201147,Corey Brewer,1610612745,Houston Rockets,3,8,24,Missed Shot,Jump Shot,3PT Field Goal,Right Corner 3,Right Side(R),24+ ft.,23.0,235.0,-1.0,1,0,20160406,DAL,HOU
Shot Chart Detail,0021501170,285,201147,Corey Brewer,1610612745,Houston Rockets,3,7,40,Missed Shot,Driving Floating Bank Jump Shot,2PT Field Goal,In The Paint (Non-RA),Center(C),Less Than 8 ft.,7.0,-58.0,43.0,1,0,20160406,DAL,HOU
Shot Chart Detail,0021501170,386,201147,Corey Brewer,1610612745,Houston Rockets,4,10,50,Missed Shot,Pullup Jump shot,2PT Field Goal,Mid-Range,Left Side(L),16-24 ft.,17.0,-151.0,95.0,1,0,20160406,DAL,HOU
Shot Chart Detail,0021501170,486,201147,Corey Brewer,1610612745,Houston Rockets,4,2,52,Missed Shot,Jump Shot,2PT Field Goal,Mid-Range,Right Side(R),16-24 ft.,17.0,166.0,38.0,1,0,20160406,DAL,HOU
Shot Chart Detail,0021501170,508,201147,Corey Brewer,1610612745,Houston Rockets,4,0,55,Missed Shot,Jump Shot,2PT Field Goal,Mid-Range,Left Side(L),16-24 ft.,17.0,-174.0,11.0,1,0,20160406,DAL,HOU
Shot Chart Detail,0021501175,91,201147,Corey Brewer,1610612745,Houston Rockets,1,2,15,Made Shot,Driving Finger Roll Layup Shot,2PT Field Goal,Restricted Area,Center(C),Less Than 8 ft.,2.0,13.0,24.0,1,1,20160407,HOU,PHX
Shot Chart Detail,0021501175,103,201147,Corey Brewer,1610612745,Houston Rockets,1,0,57,Made Shot,Running Layup Shot,2PT Field Goal,Restricted Area,Center(C),Less Than 8 ft.,1.0,14.0,3.0,1,1,20160407,HOU,PHX
Shot Chart Detail,0021501175,123,201147,Corey Brewer,1610612745,Houston Rockets,2,11,10,Missed Shot,Jump Shot,3PT Field Goal,Left Corner 3,Left Side(L),24+ ft.,23.0,-232.0,-6.0,1,0,20160407,HOU,PHX
Shot Chart Detail,0021501195,131,201147,Corey Brewer,1610612745,Houston Rockets,2,10,58,Missed Shot,Pullup Bank shot,2PT Field Goal,Mid-Range,Left Side(L),8-16 ft.,10.0,-97.0,31.0,1,0,20160410,HOU,LAL
Shot Chart Detail,0021501195,139,201147,Corey Brewer,1610612745,Houston Rockets,2,9,52,Missed Shot,Driving Floating Jump Shot,2PT Field Goal,Restricted Area,Center(C),Less Than 8 ft.,3.0,-27.0,28.0,1,0,20160410,HOU,LAL
Shot Chart Detail,0021501195,164,201147,Corey Brewer,1610612745,Houston Rockets,2,7,22,Made Shot,Layup Shot,2PT Field Goal,Restricted Area,Center(C),Less Than 8 ft.,1.0,14.0,3.0,1,1,20160410,HOU,LAL
Shot Chart Detail,0021501195,394,201147,Corey Brewer,1610612745,Houston Rockets,4,10,22,Made Shot,Cutting Layup Shot,2PT Field Goal,Restricted Area,Center(C),Less Than 8 ft.,1.0,14.0,0.0,1,1,20160410,HOU,LAL
Shot Chart Detail,0021501207,388,201147,Corey Brewer,1610612745,Houston Rockets,4,11,39,Missed Shot,Jump Shot,3PT Field Goal,Left Corner 3,Left Side(L),24+ ft.,22.0,-227.0,11.0,1,0,20160411,MIN,HOU
Shot Chart Detail,0021501207,392,201147,Corey Brewer,1610612745,Houston Rockets,4,11,18,Made Shot,Driving Layup Shot,2PT Field Goal,Restricted Area,Center(C),Less Than 8 ft.,1.0,6.0,8.0,1,1,20160411,MIN,HOU
Shot Chart Detail,0021501224,139,201147,Corey Brewer,1610612745,Houston Rockets,2,11,18,Made Shot,Running Dunk Shot,2PT Field Goal,Restricted Area,Center(C),Less Than 8 ft.,0.0,0.0,1.0,1,1,20160413,HOU,SAC
Shot Chart Detail,0021501224,361,201147,Corey Brewer,1610612745,Houston Rockets,3,2,10,Missed Shot,Jump Shot,3PT Field Goal,Right Corner 3,Right Side(R),24+ ft.,23.0,235.0,-1.0,1,0,20160413,HOU,SAC
Shot Chart Detail,0021501224,390,201147,Corey Brewer,1610612745,Houston Rockets,4,10,32,Missed Shot,Jump Shot,3PT Field Goal,Left Corner 3,Left Side(L),24+ ft.,22.0,-227.0,2.0,1,0,20160413,HOU,SAC
