GRID_TYPE,GAME_ID,GAME_EVENT_ID,PLAYER_ID,PLAYER_NAME,TEAM_ID,TEAM_NAME,PERIOD,MINUTES_REMAINING,SECONDS_REMAINING,EVENT_TYPE,ACTION_TYPE,SHOT_TYPE,SHOT_ZONE_BASIC,SHOT_ZONE_AREA,SHOT_ZONE_RANGE,SHOT_DISTANCE,LOC_X,LOC_Y,SHOT_ATTEMPTED_FLAG,SHOT_MADE_FLAG,GAME_DATE,HTM,VTM
Shot Chart Detail,0021500011,30,201145,Jeff Green,1610612763,Memphis Grizzlies,1,8,1,Missed Shot,Jump Shot,2PT Field Goal,Mid-Range,Right Side(R),16-24 ft.,17.0,173.0,-6.0,1,0,20151028,MEM,CLE
Shot Chart Detail,0021500011,41,201145,Jeff Green,1610612763,Memphis Grizzlies,1,6,35,Missed Shot,Step Back Jump shot,3PT Field Goal,Above the Break 3,Left Side Center(LC),24+ ft.,26.0,-143.0,219.0,1,0,20151028,MEM,CLE
Shot Chart Detail,0021500011,53,201145,Jeff Green,1610612763,Memphis Grizzlies,1,4,55,Missed Shot,Floating Jump shot,2PT Field Goal,Mid-Range,Right Side(R),8-16 ft.,8.0,82.0,2.0,1,0,20151028,MEM,CLE
Shot Chart Detail,0021500011,283,201145,Jeff Green,1610612763,Memphis Grizzlies,3,5,37,Missed Shot,Driving Finger Roll Layup Shot,2PT Field Goal,Restricted Area,Center(C),Less Than 8 ft.,1.0,-1.0,13.0,1,0,20151028,MEM,CLE
Shot Chart Detail,0021500011,332,201145,Jeff Green,1610612763,Memphis Grizzlies,3,1,36,Made Shot,Jump Shot,3PT Field Goal,Above the Break 3,Left Side Center(LC),24+ ft.,24.0,-130.0,208.0,1,1,20151028,MEM,CLE
Shot Chart Detail,0021500011,342,201145,Jeff Green,1610612763,Memphis Grizzlies,3,0,44,Made Shot,Jump Shot,2PT Field Goal,Mid-Range,Left Side(L),8-16 ft.,15.0,-135.0,82.0,1,1,20151028,MEM,CLE
Shot Chart Detail,0021500011,376,201145,Jeff Green,1610612763,Memphis Grizzlies,4,10,27,Made Shot,Driving Floating Jump Shot,2PT Field Goal,In The Paint (Non-RA),Center(C),Less Than 8 ft.,4.0,45.0,21.0,1,1,20151028,MEM,CLE
Shot Chart Detail,0021500011,387,201145,Jeff Green,1610612763,Memphis Grizzlies,4,9,43,Missed Shot,Jump Bank Shot,2PT Field Goal,In The Paint (Non-RA),Center(C),Less Than 8 ft.,7.0,73.0,26.0,1,0,20151028,MEM,CLE
Shot Chart Detail,0021500011,417,201145,Jeff Green,1610612763,Memphis Grizzlies,4,7,23,Missed Shot,Jump Shot,3PT Field Goal,Above the Break 3,Left Side Center(LC),24+ ft.,24.0,-191.0,151.0,1,0,20151028,MEM,CLE
Shot Chart Detail,0021500018,75,201145,Jeff Green,1610612763,Memphis Grizzlies,1,4,43,Made Shot,Jump Shot,2PT Field Goal,Mid-Range,Left Side(L),16-24 ft.,19.0,-187.0,57.0,1,1,20151029,IND,MEM
Shot Chart Detail,0021500018,407,201145,Jeff Green,1610612763,Memphis Grizzlies,4,10,14,Made Shot,Driving Finger Roll Layup Shot,2PT Field Goal,Restricted Area,Center(C),Less Than 8 ft.,1.0,17.0,-1.0,1,1,20151029,IND,MEM
Shot Chart Detail,0021500018,422,201145,Jeff Green,1610612763,Memphis Grizzlies,4,8,48,Made Shot,Pullup Jump shot,2PT Field Goal,Mid-Range,Right Side(R),8-16 ft.,15.0,110.0,111.0,1,1,20151029,IND,MEM
Shot Chart Detail,0021500018,454,201145,Jeff Green,1610612763,Memphis Grizzlies,4,6,11,Missed Shot,Driving Bank shot,2PT Field Goal,In The Paint (Non-RA),Center(C),Less Than 8 ft.,7.0,-78.0,16.0,1,0,20151029,IND,MEM
Shot Chart Detail,0021500018,486,201145,Jeff Green,1610612763,Memphis Grizzlies,4,3,23,Made Shot,Pullup Jump shot,3PT Field Goal,Above the Break 3,Left Side Center(LC),24+ ft.,26.0,-217.0,149.0,1,1,20151029,IND,MEM
Shot Chart Detail,0021500018,496,201145,Jeff Green,1610612763,Memphis Grizzlies,4,1,29,Made Shot,Jump Shot,3PT Field Goal,Above the Break 3,Left Side Center(LC),24+ ft.,26.0,-161.0,205.0,1,1,20151029,IND,MEM
Shot Chart Detail,0021500036,53,201145,Jeff Green,1610612763,Memphis Grizzlies,1,4,55,Made Shot,Running Jump Shot,3PT Field Goal,Right Corner 3,Right Side(R),24+ ft.,23.0,233.0,18.0,1,1,20151031,MEM,BKN
Shot Chart Detail,0021500036,250,201145,Jeff Green,1610612763,Memphis Grizzlies,2,1,43,Made Shot,Jump Shot,2PT Field Goal,Mid-Range,Right Side Center(RC),16-24 ft.,20.0,150.0,141.0,1,1,20151031,MEM,BKN
Shot Chart Detail,0021500036,339,201145,Jeff Green,1610612763,Memphis Grizzlies,3,3,51,Missed Shot,Jump Shot,3PT Field Goal,Above the Break 3,Left Side Center(LC),24+ ft.,25.0,-178.0,185.0,1,0,20151031,MEM,BKN
Shot Chart Detail,0021500036,438,201145,Jeff Green,1610612763,Memphis Grizzlies,4,6,37,Missed Shot,Jump Shot,2PT Field Goal,Mid-Range,Right Side Center(RC),16-24 ft.,20.0,115.0,169.0,1,0,20151031,MEM,BKN
Shot Chart Detail,0021500036,491,201145,Jeff Green,1610612763,Memphis Grizzlies,4,1,4,Missed Shot,Jump Shot,3PT Field Goal,Right Corner 3,Right Side(R),24+ ft.,23.0,233.0,11.0,1,0,20151031,MEM,BKN
Shot Chart Detail,0021500051,75,201145,Jeff Green,1610612763,Memphis Grizzlies,1,4,27,Missed Shot,Jump Shot,2PT Field Goal,Mid-Range,Right Side Center(RC),16-24 ft.,16.0,104.0,129.0,1,0,20151102,GSW,MEM
Shot Chart Detail,0021500051,106,201145,Jeff Green,1610612763,Memphis Grizzlies,1,1,9,Missed Shot,Jump Shot,3PT Field Goal,Right Corner 3,Right Side(R),24+ ft.,22.0,227.0,21.0,1,0,20151102,GSW,MEM
Shot Chart Detail,0021500051,153,201145,Jeff Green,1610612763,Memphis Grizzlies,2,8,47,Made Shot,Jump Bank Shot,2PT Field Goal,Mid-Range,Right Side(R),8-16 ft.,13.0,120.0,56.0,1,1,20151102,GSW,MEM
Shot Chart Detail,0021500051,164,201145,Jeff Green,1610612763,Memphis Grizzlies,2,7,12,Missed Shot,Jump Shot,2PT Field Goal,In The Paint (Non-RA),Center(C),Less Than 8 ft.,6.0,46.0,46.0,1,0,20151102,GSW,MEM
Shot Chart Detail,0021500051,173,201145,Jeff Green,1610612763,Memphis Grizzlies,2,6,44,Missed Shot,Driving Finger Roll Layup Shot,2PT Field Goal,Restricted Area,Center(C),Less Than 8 ft.,2.0,19.0,13.0,1,0,20151102,GSW,MEM
Shot Chart Detail,0021500051,184,201145,Jeff Green,1610612763,Memphis Grizzlies,2,5,42,Missed Shot,Step Back Jump shot,2PT Field Goal,Mid-Range,Right Side Center(RC),16-24 ft.,18.0,96.0,154.0,1,0,20151102,GSW,MEM
Shot Chart Detail,0021500051,193,201145,Jeff Green,1610612763,Memphis Grizzlies,2,5,10,Missed Shot,Jump Shot,2PT Field Goal,Restricted Area,Center(C),Less Than 8 ft.,3.0,-24.0,21.0,1,0,20151102,GSW,MEM
Shot Chart Detail,0021500051,249,201145,Jeff Green,1610612763,Memphis Grizzlies,2,1,43,Missed Shot,Jump Shot,2PT Field Goal,Restricted Area,Center(C),Less Than 8 ft.,3.0,32.0,18.0,1,0,20151102,GSW,MEM
Shot Chart Detail,0021500058,62,201145,Jeff Green,1610612763,Memphis Grizzlies,1,4,5,Made Shot,Running Jump Shot,2PT Field Goal,In The Paint (Non-RA),Center(C),Less Than 8 ft.,7.0,63.0,31.0,1,1,20151103,SAC,MEM
Shot Chart Detail,0021500058,114,201145,Jeff Green,1610612763,Memphis Grizzlies,1,0,6,Missed Shot,Jump Shot,2PT Field Goal,In The Paint (Non-RA),Center(C),8-16 ft.,10.0,-16.0,100.0,1,0,20151103,SAC,MEM
Shot Chart Detail,0021500058,127,201145,Jeff Green,1610612763,Memphis Grizzlies,2,11,25,Missed Shot,Jump Shot,2PT Field Goal,Mid-Range,Right Side Center(RC),16-24 ft.,20.0,122.0,169.0,1,0,20151103,SAC,MEM
Shot Chart Detail,0021500058,145,201145,Jeff Green,1610612763,Memphis Grizzlies,2,10,7,Missed Shot,Jump Shot,3PT Field Goal,Above the Break 3,Right Side Center(RC),24+ ft.,25.0,186.0,169.0,1,0,20151103,SAC,MEM
Shot Chart Detail,0021500058,155,201145,Jeff Green,1610612763,Memphis Grizzlies,2,9,32,Missed Shot,Running Jump Shot,2PT Field Goal,In The Paint (Non-RA),Center(C),Less Than 8 ft.,7.0,78.0,16.0,1,0,20151103,SAC,MEM
Shot Chart Detail,0021500058,431,201145,Jeff Green,1610612763,Memphis Grizzlies,3,0,55,Made Shot,Jump Shot,3PT Field Goal,Above the Break 3,Left Side Center(LC),24+ ft.,25.0,-176.0,183.0,1,1,20151103,SAC,MEM
Shot Chart Detail,0021500058,442,201145,Jeff Green,1610612763,Memphis Grizzlies,3,0,0,Missed Shot,Jump Shot,3PT Field Goal,Above the Break 3,Right Side Center(RC),24+ ft.,24.0,130.0,208.0,1,0,20151103,SAC,MEM
Shot Chart Detail,0021500058,527,201145,Jeff Green,1610612763,Memphis Grizzlies,4,4,23,Missed Shot,Jump Shot,3PT Field Goal,Right Corner 3,Right Side(R),24+ ft.,23.0,233.0,3.0,1,0,20151103,SAC,MEM
Shot Chart Detail,0021500074,103,201145,Jeff Green,1610612763,Memphis Grizzlies,1,1,48,Made Shot,Turnaround Jump Shot,2PT Field Goal,Mid-Range,Right Side Center(RC),16-24 ft.,19.0,132.0,146.0,1,1,20151105,POR,MEM
Shot Chart Detail,0021500074,123,201145,Jeff Green,1610612763,Memphis Grizzlies,2,11,6,Missed Shot,Jump Shot,3PT Field Goal,Above the Break 3,Right Side Center(RC),24+ ft.,23.0,220.0,92.0,1,0,20151105,POR,MEM
Shot Chart Detail,0021500074,127,201145,Jeff Green,1610612763,Memphis Grizzlies,2,10,43,Missed Shot,Pullup Jump shot,2PT Field Goal,Mid-Range,Right Side Center(RC),16-24 ft.,17.0,107.0,139.0,1,0,20151105,POR,MEM
Shot Chart Detail,0021500074,136,201145,Jeff Green,1610612763,Memphis Grizzlies,2,9,28,Made Shot,Pullup Jump shot,2PT Field Goal,Mid-Range,Right Side Center(RC),16-24 ft.,17.0,81.0,154.0,1,1,20151105,POR,MEM
Shot Chart Detail,0021500074,143,201145,Jeff Green,1610612763,Memphis Grizzlies,2,8,51,Missed Shot,Pullup Jump shot,3PT Field Goal,Above the Break 3,Right Side Center(RC),24+ ft.,24.0,150.0,195.0,1,0,20151105,POR,MEM
Shot Chart Detail,0021500074,175,201145,Jeff Green,1610612763,Memphis Grizzlies,2,5,27,Made Shot,Driving Reverse Layup Shot,2PT Field Goal,Restricted Area,Center(C),Less Than 8 ft.,3.0,-30.0,-6.0,1,1,20151105,POR,MEM
Shot Chart Detail,0021500074,200,201145,Jeff Green,1610612763,Memphis Grizzlies,2,2,36,Missed Shot,Floating Jump shot,2PT Field Goal,In The Paint (Non-RA),Center(C),Less Than 8 ft.,7.0,-70.0,0.0,1,0,20151105,POR,MEM
Shot Chart Detail,0021500074,318,201145,Jeff Green,1610612763,Memphis Grizzlies,3,3,23,Missed Shot,Jump Shot,3PT Field Goal,Above the Break 3,Center(C),24+ ft.,23.0,71.0,228.0,1,0,20151105,POR,MEM
Shot Chart Detail,0021500091,81,201145,Jeff Green,1610612763,Memphis Grizzlies,1,2,0,Missed Shot,Pullup Jump shot,2PT Field Goal,Mid-Range,Left Side(L),16-24 ft.,21.0,-201.0,70.0,1,0,20151107,UTA,MEM
Shot Chart Detail,0021500091,129,201145,Jeff Green,1610612763,Memphis Grizzlies,2,8,31,Made Shot,Jump Shot,2PT Field Goal,Mid-Range,Right Side Center(RC),16-24 ft.,21.0,166.0,144.0,1,1,20151107,UTA,MEM
Shot Chart Detail,0021500091,140,201145,Jeff Green,1610612763,Memphis Grizzlies,2,7,38,Made Shot,Running Dunk Shot,2PT Field Goal,Restricted Area,Center(C),Less Than 8 ft.,0.0,0.0,1.0,1,1,20151107,UTA,MEM
Shot Chart Detail,0021500091,144,201145,Jeff Green,1610612763,Memphis Grizzlies,2,7,2,Made Shot,Dunk Shot,2PT Field Goal,Restricted Area,Center(C),Less Than 8 ft.,0.0,0.0,1.0,1,1,20151107,UTA,MEM
Shot Chart Detail,0021500091,199,201145,Jeff Green,1610612763,Memphis Grizzlies,2,3,2,Missed Shot,Pullup Jump shot,3PT Field Goal,Above the Break 3,Right Side Center(RC),24+ ft.,24.0,171.0,178.0,1,0,20151107,UTA,MEM
Shot Chart Detail,0021500091,339,201145,Jeff Green,1610612763,Memphis Grizzlies,3,1,42,Missed Shot,Jump Shot,2PT Field Goal,Restricted Area,Center(C),Less Than 8 ft.,3.0,35.0,13.0,1,0,20151107,UTA,MEM
Shot Chart Detail,0021500091,365,201145,Jeff Green,1610612763,Memphis Grizzlies,4,11,15,Missed Shot,Jump Shot,2PT Field Goal,Mid-Range,Center(C),16-24 ft.,18.0,30.0,183.0,1,0,20151107,UTA,MEM
Shot Chart Detail,0021500091,369,201145,Jeff Green,1610612763,Memphis Grizzlies,4,10,50,Missed Shot,Jump Shot,2PT Field Goal,Restricted Area,Center(C),Less Than 8 ft.,3.0,-34.0,13.0,1,0,20151107,UTA,MEM
Shot Chart Detail,0021500091,371,201145,Jeff Green,1610612763,Memphis Grizzlies,4,10,46,Made Shot,Layup Shot,2PT Field Goal,Restricted Area,Center(C),Less Than 8 ft.,3.0,-30.0,0.0,1,1,20151107,UTA,MEM
Shot Chart Detail,0021500091,382,201145,Jeff Green,1610612763,Memphis Grizzlies,4,9,36,Missed Shot,Jump Shot,3PT Field Goal,Above the Break 3,Left Side Center(LC),24+ ft.,24.0,-166.0,178.0,1,0,20151107,UTA,MEM
Shot Chart Detail,0021500105,102,201145,Jeff Green,1610612763,Memphis Grizzlies,1,1,58,Missed Shot,Jump Shot,2PT Field Goal,Mid-Range,Right Side(R),8-16 ft.,15.0,158.0,21.0,1,0,20151109,LAC,MEM
Shot Chart Detail,0021500105,127,201145,Jeff Green,1610612763,Memphis Grizzlies,2,11,46,Missed Shot,Jump Shot,2PT Field Goal,Mid-Range,Center(C),16-24 ft.,18.0,51.0,183.0,1,0,20151109,LAC,MEM
Shot Chart Detail,0021500105,150,201145,Jeff Green,1610612763,Memphis Grizzlies,2,9,35,Made Shot,No Shot,2PT Field Goal,Restricted Area,Center(C),Less Than 8 ft.,0.0,0.0,1.0,1,1,20151109,LAC,MEM
Shot Chart Detail,0021500105,403,201145,Jeff Green,1610612763,Memphis Grizzlies,3,0,16,Made Shot,Dunk Shot,2PT Field Goal,Restricted Area,Center(C),Less Than 8 ft.,0.0,0.0,1.0,1,1,20151109,LAC,MEM
Shot Chart Detail,0021500105,420,201145,Jeff Green,1610612763,Memphis Grizzlies,4,11,0,Missed Shot,Jump Shot,2PT Field Goal,In The Paint (Non-RA),Left Side(L),8-16 ft.,8.0,-61.0,52.0,1,0,20151109,LAC,MEM
Shot Chart Detail,0021500105,457,201145,Jeff Green,1610612763,Memphis Grizzlies,4,9,16,Missed Shot,Jump Shot,3PT Field Goal,Right Corner 3,Right Side(R),24+ ft.,22.0,228.0,11.0,1,0,20151109,LAC,MEM
Shot Chart Detail,0021500105,480,201145,Jeff Green,1610612763,Memphis Grizzlies,4,7,22,Missed Shot,Jump Shot,2PT Field Goal,Mid-Range,Right Side(R),8-16 ft.,11.0,114.0,18.0,1,0,20151109,LAC,MEM
Shot Chart Detail,0021500120,82,201145,Jeff Green,1610612763,Memphis Grizzlies,1,3,30,Missed Shot,Pullup Jump shot,2PT Field Goal,Mid-Range,Left Side(L),8-16 ft.,15.0,-86.0,129.0,1,0,20151111,MEM,GSW
Shot Chart Detail,0021500120,558,201145,Jeff Green,1610612763,Memphis Grizzlies,4,1,21,Missed Shot,Jump Shot,3PT Field Goal,Left Corner 3,Left Side(L),24+ ft.,22.0,-228.0,-16.0,1,0,20151111,MEM,GSW
Shot Chart Detail,0021500133,66,201145,Jeff Green,1610612763,Memphis Grizzlies,1,4,13,Made Shot,Turnaround Fadeaway shot,2PT Field Goal,In The Paint (Non-RA),Center(C),8-16 ft.,9.0,1.0,90.0,1,1,20151113,MEM,POR
Shot Chart Detail,0021500133,72,201145,Jeff Green,1610612763,Memphis Grizzlies,1,3,10,Made Shot,Running Jump Shot,2PT Field Goal,In The Paint (Non-RA),Center(C),Less Than 8 ft.,6.0,-45.0,51.0,1,1,20151113,MEM,POR
Shot Chart Detail,0021500133,83,201145,Jeff Green,1610612763,Memphis Grizzlies,1,2,51,Missed Shot,Pullup Jump shot,2PT Field Goal,In The Paint (Non-RA),Right Side(R),8-16 ft.,12.0,68.0,105.0,1,0,20151113,MEM,POR
Shot Chart Detail,0021500133,149,201145,Jeff Green,1610612763,Memphis Grizzlies,2,8,21,Missed Shot,Layup Shot,2PT Field Goal,Restricted Area,Center(C),Less Than 8 ft.,2.0,25.0,-11.0,1,0,20151113,MEM,POR
Shot Chart Detail,0021500133,241,201145,Jeff Green,1610612763,Memphis Grizzlies,2,0,50,Made Shot,Reverse Layup Shot,2PT Field Goal,Restricted Area,Center(C),Less Than 8 ft.,2.0,-24.0,-1.0,1,1,20151113,MEM,POR
Shot Chart Detail,0021500133,438,201145,Jeff Green,1610612763,Memphis Grizzlies,4,6,38,Missed Shot,Jump Bank Shot,2PT Field Goal,Mid-Range,Right Side(R),8-16 ft.,12.0,117.0,28.0,1,0,20151113,MEM,POR
Shot Chart Detail,0021500133,459,201145,Jeff Green,1610612763,Memphis Grizzlies,4,4,4,Missed Shot,Layup Shot,2PT Field Goal,Restricted Area,Center(C),Less Than 8 ft.,2.0,-22.0,11.0,1,0,20151113,MEM,POR
Shot Chart Detail,0021500133,476,201145,Jeff Green,1610612763,Memphis Grizzlies,4,3,5,Missed Shot,Jump Shot,2PT Field Goal,Mid-Range,Left Side Center(LC),16-24 ft.,19.0,-101.0,169.0,1,0,20151113,MEM,POR
Shot Chart Detail,0021500133,539,201145,Jeff Green,1610612763,Memphis Grizzlies,4,0,26,Made Shot,Jump Bank Shot,2PT Field Goal,Mid-Range,Right Side(R),8-16 ft.,10.0,99.0,18.0,1,1,20151113,MEM,POR
Shot Chart Detail,0021500133,555,201145,Jeff Green,1610612763,Memphis Grizzlies,4,0,2,Missed Shot,Putback Layup Shot,2PT Field Goal,Restricted Area,Center(C),Less Than 8 ft.,2.0,23.0,14.0,1,0,20151113,MEM,POR
Shot Chart Detail,0021500146,11,201145,Jeff Green,1610612763,Memphis Grizzlies,1,10,20,Made Shot,Driving Layup Shot,2PT Field Goal,Restricted Area,Center(C),Less Than 8 ft.,1.0,10.0,8.0,1,1,20151115,MIN,MEM
Shot Chart Detail,0021500146,186,201145,Jeff Green,1610612763,Memphis Grizzlies,2,4,12,Missed Shot,Jump Shot,2PT Field Goal,Mid-Range,Left Side(L),8-16 ft.,8.0,-81.0,33.0,1,0,20151115,MIN,MEM
Shot Chart Detail,0021500146,226,201145,Jeff Green,1610612763,Memphis Grizzlies,2,0,56,Made Shot,Driving Bank shot,2PT Field Goal,In The Paint (Non-RA),Right Side(R),8-16 ft.,8.0,79.0,28.0,1,1,20151115,MIN,MEM
Shot Chart Detail,0021500146,260,201145,Jeff Green,1610612763,Memphis Grizzlies,3,9,18,Missed Shot,Jump Shot,2PT Field Goal,In The Paint (Non-RA),Center(C),Less Than 8 ft.,4.0,-17.0,43.0,1,0,20151115,MIN,MEM
Shot Chart Detail,0021500146,262,201145,Jeff Green,1610612763,Memphis Grizzlies,3,9,17,Made Shot,Hook Shot,2PT Field Goal,In The Paint (Non-RA),Center(C),Less Than 8 ft.,5.0,-14.0,52.0,1,1,20151115,MIN,MEM
Shot Chart Detail,0021500146,285,201145,Jeff Green,1610612763,Memphis Grizzlies,3,6,30,Missed Shot,Jump Shot,3PT Field Goal,Above the Break 3,Right Side Center(RC),24+ ft.,26.0,148.0,224.0,1,0,20151115,MIN,MEM
Shot Chart Detail,0021500146,312,201145,Jeff Green,1610612763,Memphis Grizzlies,3,3,10,Missed Shot,Jump Shot,3PT Field Goal,Above the Break 3,Left Side Center(LC),24+ ft.,25.0,-197.0,160.0,1,0,20151115,MIN,MEM
Shot Chart Detail,0021500146,315,201145,Jeff Green,1610612763,Memphis Grizzlies,3,2,39,Made Shot,Cutting Dunk Shot,2PT Field Goal,Restricted Area,Center(C),Less Than 8 ft.,0.0,0.0,1.0,1,1,20151115,MIN,MEM
Shot Chart Detail,0021500146,338,201145,Jeff Green,1610612763,Memphis Grizzlies,4,11,39,Missed Shot,Driving Layup Shot,2PT Field Goal,Restricted Area,Center(C),Less Than 8 ft.,2.0,-20.0,11.0,1,0,20151115,MIN,MEM
Shot Chart Detail,0021500146,341,201145,Jeff Green,1610612763,Memphis Grizzlies,4,11,29,Made Shot,Dunk Shot,2PT Field Goal,Restricted Area,Center(C),Less Than 8 ft.,0.0,0.0,1.0,1,1,20151115,MIN,MEM
Shot Chart Detail,0021500146,353,201145,Jeff Green,1610612763,Memphis Grizzlies,4,9,33,Made Shot,Driving Layup Shot,2PT Field Goal,Restricted Area,Center(C),Less Than 8 ft.,1.0,-11.0,7.0,1,1,20151115,MIN,MEM
Shot Chart Detail,0021500146,435,201145,Jeff Green,1610612763,Memphis Grizzlies,4,1,38,Made Shot,Jump Shot,3PT Field Goal,Right Corner 3,Right Side(R),24+ ft.,22.0,227.0,16.0,1,1,20151115,MIN,MEM
Shot Chart Detail,0021500155,3,201145,Jeff Green,1610612763,Memphis Grizzlies,1,11,40,Made Shot,Running Dunk Shot,2PT Field Goal,Restricted Area,Center(C),Less Than 8 ft.,0.0,0.0,1.0,1,1,20151116,MEM,OKC
Shot Chart Detail,0021500155,53,201145,Jeff Green,1610612763,Memphis Grizzlies,1,5,37,Made Shot,Running Jump Shot,3PT Field Goal,Above the Break 3,Right Side Center(RC),24+ ft.,24.0,194.0,154.0,1,1,20151116,MEM,OKC
Shot Chart Detail,0021500155,62,201145,Jeff Green,1610612763,Memphis Grizzlies,1,5,2,Missed Shot,Pullup Jump shot,2PT Field Goal,Mid-Range,Right Side Center(RC),16-24 ft.,18.0,130.0,129.0,1,0,20151116,MEM,OKC
Shot Chart Detail,0021500155,204,201145,Jeff Green,1610612763,Memphis Grizzlies,2,5,5,Made Shot,Layup Shot,2PT Field Goal,Restricted Area,Center(C),Less Than 8 ft.,0.0,-2.0,-6.0,1,1,20151116,MEM,OKC
Shot Chart Detail,0021500155,227,201145,Jeff Green,1610612763,Memphis Grizzlies,2,3,25,Made Shot,Cutting Dunk Shot,2PT Field Goal,Restricted Area,Center(C),Less Than 8 ft.,0.0,0.0,1.0,1,1,20151116,MEM,OKC
Shot Chart Detail,0021500155,242,201145,Jeff Green,1610612763,Memphis Grizzlies,2,1,41,Missed Shot,Jump Bank Shot,2PT Field Goal,In The Paint (Non-RA),Center(C),Less Than 8 ft.,6.0,61.0,16.0,1,0,20151116,MEM,OKC
Shot Chart Detail,0021500155,245,201145,Jeff Green,1610612763,Memphis Grizzlies,2,1,24,Missed Shot,Jump Shot,2PT Field Goal,Mid-Range,Right Side(R),16-24 ft.,22.0,191.0,115.0,1,0,20151116,MEM,OKC
Shot Chart Detail,0021500155,259,201145,Jeff Green,1610612763,Memphis Grizzlies,2,0,48,Missed Shot,Driving Layup Shot,2PT Field Goal,Restricted Area,Center(C),Less Than 8 ft.,2.0,25.0,0.0,1,0,20151116,MEM,OKC
Shot Chart Detail,0021500155,282,201145,Jeff Green,1610612763,Memphis Grizzlies,3,11,38,Missed Shot,Layup Shot,2PT Field Goal,Restricted Area,Center(C),Less Than 8 ft.,1.0,15.0,-11.0,1,0,20151116,MEM,OKC
Shot Chart Detail,0021500155,290,201145,Jeff Green,1610612763,Memphis Grizzlies,3,10,37,Missed Shot,Reverse Layup Shot,2PT Field Goal,Restricted Area,Center(C),Less Than 8 ft.,1.0,12.0,-1.0,1,0,20151116,MEM,OKC
Shot Chart Detail,0021500155,351,201145,Jeff Green,1610612763,Memphis Grizzlies,3,5,6,Missed Shot,Hook Shot,2PT Field Goal,In The Paint (Non-RA),Center(C),Less Than 8 ft.,4.0,-43.0,21.0,1,0,20151116,MEM,OKC
Shot Chart Detail,0021500155,404,201145,Jeff Green,1610612763,Memphis Grizzlies,3,1,26,Missed Shot,Driving Layup Shot,2PT Field Goal,Restricted Area,Center(C),Less Than 8 ft.,1.0,6.0,-16.0,1,0,20151116,MEM,OKC
Shot Chart Detail,0021500155,410,201145,Jeff Green,1610612763,Memphis Grizzlies,3,0,34,Made Shot,Jump Shot,3PT Field Goal,Left Corner 3,Left Side(L),24+ ft.,22.0,-228.0,-11.0,1,1,20151116,MEM,OKC
Shot Chart Detail,0021500180,2,201145,Jeff Green,1610612763,Memphis Grizzlies,1,11,36,Missed Shot,Pullup Jump shot,2PT Field Goal,Mid-Range,Left Side Center(LC),16-24 ft.,19.0,-135.0,134.0,1,0,20151120,MEM,HOU
Shot Chart Detail,0021500180,21,201145,Jeff Green,1610612763,Memphis Grizzlies,1,9,8,Missed Shot,Layup Shot,2PT Field Goal,Restricted Area,Center(C),Less Than 8 ft.,2.0,-17.0,-19.0,1,0,20151120,MEM,HOU
Shot Chart Detail,0021500180,30,201145,Jeff Green,1610612763,Memphis Grizzlies,1,8,5,Missed Shot,Jump Shot,2PT Field Goal,Mid-Range,Right Side(R),16-24 ft.,23.0,199.0,124.0,1,0,20151120,MEM,HOU
Shot Chart Detail,0021500180,308,201145,Jeff Green,1610612763,Memphis Grizzlies,3,9,21,Made Shot,Pullup Jump shot,2PT Field Goal,Mid-Range,Right Side(R),16-24 ft.,16.0,135.0,92.0,1,1,20151120,MEM,HOU
Shot Chart Detail,0021500180,312,201145,Jeff Green,1610612763,Memphis Grizzlies,3,7,56,Made Shot,Jump Shot,3PT Field Goal,Left Corner 3,Left Side(L),24+ ft.,23.0,-230.0,2.0,1,1,20151120,MEM,HOU
Shot Chart Detail,0021500180,317,201145,Jeff Green,1610612763,Memphis Grizzlies,3,7,27,Missed Shot,Jump Shot,3PT Field Goal,Above the Break 3,Right Side Center(RC),24+ ft.,25.0,210.0,149.0,1,0,20151120,MEM,HOU
Shot Chart Detail,0021500180,349,201145,Jeff Green,1610612763,Memphis Grizzlies,3,4,16,Missed Shot,Layup Shot,2PT Field Goal,Restricted Area,Center(C),Less Than 8 ft.,1.0,14.0,2.0,1,0,20151120,MEM,HOU
Shot Chart Detail,0021500180,482,201145,Jeff Green,1610612763,Memphis Grizzlies,4,6,16,Missed Shot,Jump Shot,3PT Field Goal,Above the Break 3,Left Side Center(LC),24+ ft.,25.0,-158.0,198.0,1,0,20151120,MEM,HOU
Shot Chart Detail,0021500180,507,201145,Jeff Green,1610612763,Memphis Grizzlies,4,4,38,Missed Shot,Jump Shot,3PT Field Goal,Left Corner 3,Left Side(L),24+ ft.,23.0,-228.0,41.0,1,0,20151120,MEM,HOU
Shot Chart Detail,0021500195,10,201145,Jeff Green,1610612763,Memphis Grizzlies,1,10,46,Missed Shot,Floating Jump shot,2PT Field Goal,In The Paint (Non-RA),Right Side(R),8-16 ft.,8.0,46.0,77.0,1,0,20151121,SAS,MEM
Shot Chart Detail,0021500195,42,201145,Jeff Green,1610612763,Memphis Grizzlies,1,6,59,Made Shot,Layup Shot,2PT Field Goal,Restricted Area,Center(C),Less Than 8 ft.,3.0,-30.0,-1.0,1,1,20151121,SAS,MEM
Shot Chart Detail,0021500195,63,201145,Jeff Green,1610612763,Memphis Grizzlies,1,4,37,Missed Shot,Jump Shot,2PT Field Goal,Mid-Range,Left Side(L),8-16 ft.,15.0,-156.0,21.0,1,0,20151121,SAS,MEM
Shot Chart Detail,0021500195,86,201145,Jeff Green,1610612763,Memphis Grizzlies,1,1,43,Missed Shot,Turnaround Fadeaway shot,2PT Field Goal,Mid-Range,Left Side(L),8-16 ft.,14.0,-140.0,-5.0,1,0,20151121,SAS,MEM
Shot Chart Detail,0021500195,211,201145,Jeff Green,1610612763,Memphis Grizzlies,2,3,11,Made Shot,Driving Layup Shot,2PT Field Goal,Restricted Area,Center(C),Less Than 8 ft.,0.0,1.0,0.0,1,1,20151121,SAS,MEM
Shot Chart Detail,0021500195,337,201145,Jeff Green,1610612763,Memphis Grizzlies,3,2,22,Made Shot,Turnaround Jump Shot,2PT Field Goal,In The Paint (Non-RA),Center(C),Less Than 8 ft.,4.0,-40.0,21.0,1,1,20151121,SAS,MEM
Shot Chart Detail,0021500195,455,201145,Jeff Green,1610612763,Memphis Grizzlies,4,0,39,Missed Shot,Running Jump Shot,2PT Field Goal,In The Paint (Non-RA),Center(C),Less Than 8 ft.,4.0,43.0,3.0,1,0,20151121,SAS,MEM
Shot Chart Detail,0021500211,4,201145,Jeff Green,1610612763,Memphis Grizzlies,1,11,36,Missed Shot,Layup Shot,2PT Field Goal,Restricted Area,Center(C),Less Than 8 ft.,2.0,-25.0,3.0,1,0,20151124,MEM,DAL
Shot Chart Detail,0021500211,7,201145,Jeff Green,1610612763,Memphis Grizzlies,1,11,25,Missed Shot,Floating Jump shot,2PT Field Goal,In The Paint (Non-RA),Center(C),Less Than 8 ft.,6.0,2.0,61.0,1,0,20151124,MEM,DAL
Shot Chart Detail,0021500211,52,201145,Jeff Green,1610612763,Memphis Grizzlies,1,5,28,Missed Shot,Driving Layup Shot,2PT Field Goal,Restricted Area,Center(C),Less Than 8 ft.,0.0,9.0,2.0,1,0,20151124,MEM,DAL
Shot Chart Detail,0021500211,130,201145,Jeff Green,1610612763,Memphis Grizzlies,2,10,47,Missed Shot,Turnaround Jump Shot,2PT Field Goal,Restricted Area,Center(C),Less Than 8 ft.,3.0,-12.0,36.0,1,0,20151124,MEM,DAL
Shot Chart Detail,0021500211,158,201145,Jeff Green,1610612763,Memphis Grizzlies,2,8,48,Made Shot,Turnaround Jump Shot,2PT Field Goal,In The Paint (Non-RA),Center(C),Less Than 8 ft.,5.0,-12.0,51.0,1,1,20151124,MEM,DAL
Shot Chart Detail,0021500211,189,201145,Jeff Green,1610612763,Memphis Grizzlies,2,6,9,Made Shot,Turnaround Hook Shot,2PT Field Goal,Restricted Area,Center(C),Less Than 8 ft.,3.0,-4.0,31.0,1,1,20151124,MEM,DAL
Shot Chart Detail,0021500211,243,201145,Jeff Green,1610612763,Memphis Grizzlies,2,1,30,Made Shot,Cutting Dunk Shot,2PT Field Goal,Restricted Area,Center(C),Less Than 8 ft.,0.0,0.0,1.0,1,1,20151124,MEM,DAL
Shot Chart Detail,0021500211,265,201145,Jeff Green,1610612763,Memphis Grizzlies,3,11,14,Made Shot,Jump Shot,3PT Field Goal,Above the Break 3,Center(C),24+ ft.,26.0,-66.0,254.0,1,1,20151124,MEM,DAL
Shot Chart Detail,0021500211,284,201145,Jeff Green,1610612763,Memphis Grizzlies,3,9,1,Missed Shot,Driving Layup Shot,2PT Field Goal,Restricted Area,Center(C),Less Than 8 ft.,0.0,-1.0,0.0,1,0,20151124,MEM,DAL
Shot Chart Detail,0021500211,294,201145,Jeff Green,1610612763,Memphis Grizzlies,3,8,27,Made Shot,Dunk Shot,2PT Field Goal,Restricted Area,Center(C),Less Than 8 ft.,0.0,0.0,1.0,1,1,20151124,MEM,DAL
Shot Chart Detail,0021500211,342,201145,Jeff Green,1610612763,Memphis Grizzlies,3,4,10,Missed Shot,Turnaround Jump Shot,2PT Field Goal,In The Paint (Non-RA),Center(C),8-16 ft.,10.0,-47.0,95.0,1,0,20151124,MEM,DAL
Shot Chart Detail,0021500211,366,201145,Jeff Green,1610612763,Memphis Grizzlies,3,3,15,Made Shot,Tip Dunk Shot,2PT Field Goal,Restricted Area,Center(C),Less Than 8 ft.,0.0,0.0,1.0,1,1,20151124,MEM,DAL
Shot Chart Detail,0021500211,369,201145,Jeff Green,1610612763,Memphis Grizzlies,3,2,55,Made Shot,Running Alley Oop Dunk Shot,2PT Field Goal,Restricted Area,Center(C),Less Than 8 ft.,0.0,0.0,1.0,1,1,20151124,MEM,DAL
Shot Chart Detail,0021500211,520,201145,Jeff Green,1610612763,Memphis Grizzlies,4,3,0,Made Shot,Turnaround Fadeaway shot,2PT Field Goal,In The Paint (Non-RA),Center(C),Less Than 8 ft.,7.0,-65.0,33.0,1,1,20151124,MEM,DAL
Shot Chart Detail,0021500220,38,201145,Jeff Green,1610612763,Memphis Grizzlies,1,8,24,Missed Shot,Jump Shot,3PT Field Goal,Right Corner 3,Right Side(R),24+ ft.,23.0,230.0,8.0,1,0,20151125,HOU,MEM
Shot Chart Detail,0021500220,49,201145,Jeff Green,1610612763,Memphis Grizzlies,1,7,28,Made Shot,Reverse Layup Shot,2PT Field Goal,Restricted Area,Center(C),Less Than 8 ft.,2.0,20.0,2.0,1,1,20151125,HOU,MEM
Shot Chart Detail,0021500220,81,201145,Jeff Green,1610612763,Memphis Grizzlies,1,4,19,Made Shot,Driving Hook Shot,2PT Field Goal,In The Paint (Non-RA),Center(C),Less Than 8 ft.,5.0,-4.0,51.0,1,1,20151125,HOU,MEM
Shot Chart Detail,0021500220,240,201145,Jeff Green,1610612763,Memphis Grizzlies,2,0,8,Made Shot,Putback Layup Shot,2PT Field Goal,Restricted Area,Center(C),Less Than 8 ft.,0.0,-4.0,2.0,1,1,20151125,HOU,MEM
Shot Chart Detail,0021500220,261,201145,Jeff Green,1610612763,Memphis Grizzlies,3,10,4,Made Shot,Driving Floating Jump Shot,2PT Field Goal,In The Paint (Non-RA),Center(C),Less Than 8 ft.,6.0,-63.0,28.0,1,1,20151125,HOU,MEM
Shot Chart Detail,0021500220,271,201145,Jeff Green,1610612763,Memphis Grizzlies,3,9,21,Made Shot,Jump Shot,2PT Field Goal,In The Paint (Non-RA),Center(C),Less Than 8 ft.,4.0,-42.0,3.0,1,1,20151125,HOU,MEM
Shot Chart Detail,0021500220,297,201145,Jeff Green,1610612763,Memphis Grizzlies,3,7,3,Missed Shot,Floating Jump shot,2PT Field Goal,Mid-Range,Left Side(L),8-16 ft.,9.0,-92.0,18.0,1,0,20151125,HOU,MEM
Shot Chart Detail,0021500220,345,201145,Jeff Green,1610612763,Memphis Grizzlies,3,2,43,Missed Shot,Driving Dunk Shot,2PT Field Goal,Restricted Area,Center(C),Less Than 8 ft.,0.0,0.0,1.0,1,0,20151125,HOU,MEM
Shot Chart Detail,0021500220,394,201145,Jeff Green,1610612763,Memphis Grizzlies,4,10,31,Missed Shot,Turnaround Jump Shot,2PT Field Goal,Mid-Range,Left Side(L),8-16 ft.,11.0,-97.0,65.0,1,0,20151125,HOU,MEM
Shot Chart Detail,0021500220,490,201145,Jeff Green,1610612763,Memphis Grizzlies,4,3,9,Missed Shot,Floating Jump shot,2PT Field Goal,In The Paint (Non-RA),Center(C),8-16 ft.,8.0,-30.0,75.0,1,0,20151125,HOU,MEM
Shot Chart Detail,0021500233,2,201145,Jeff Green,1610612763,Memphis Grizzlies,1,11,44,Made Shot,Driving Finger Roll Layup Shot,2PT Field Goal,Restricted Area,Center(C),Less Than 8 ft.,2.0,4.0,21.0,1,1,20151127,MEM,ATL
Shot Chart Detail,0021500233,36,201145,Jeff Green,1610612763,Memphis Grizzlies,1,8,21,Made Shot,Jump Shot,3PT Field Goal,Right Corner 3,Right Side(R),24+ ft.,23.0,233.0,31.0,1,1,20151127,MEM,ATL
Shot Chart Detail,0021500233,55,201145,Jeff Green,1610612763,Memphis Grizzlies,1,4,55,Made Shot,Step Back Jump shot,2PT Field Goal,Mid-Range,Center(C),8-16 ft.,15.0,-53.0,144.0,1,1,20151127,MEM,ATL
Shot Chart Detail,0021500233,354,201145,Jeff Green,1610612763,Memphis Grizzlies,3,2,45,Made Shot,Jump Shot,2PT Field Goal,Mid-Range,Center(C),16-24 ft.,18.0,-37.0,178.0,1,1,20151127,MEM,ATL
Shot Chart Detail,0021500233,387,201145,Jeff Green,1610612763,Memphis Grizzlies,3,0,25,Missed Shot,Driving Finger Roll Layup Shot,2PT Field Goal,Restricted Area,Center(C),Less Than 8 ft.,2.0,-11.0,21.0,1,0,20151127,MEM,ATL
Shot Chart Detail,0021500233,450,201145,Jeff Green,1610612763,Memphis Grizzlies,4,5,49,Missed Shot,Driving Layup Shot,2PT Field Goal,Restricted Area,Center(C),Less Than 8 ft.,0.0,9.0,2.0,1,0,20151127,MEM,ATL
Shot Chart Detail,0021500233,518,201145,Jeff Green,1610612763,Memphis Grizzlies,4,1,17,Missed Shot,Driving Layup Shot,2PT Field Goal,Restricted Area,Center(C),Less Than 8 ft.,2.0,-12.0,16.0,1,0,20151127,MEM,ATL
Shot Chart Detail,0021500251,13,201145,Jeff Green,1610612763,Memphis Grizzlies,1,10,2,Made Shot,Floating Jump shot,2PT Field Goal,In The Paint (Non-RA),Right Side(R),8-16 ft.,8.0,64.0,56.0,1,1,20151129,MEM,PHI
Shot Chart Detail,0021500251,53,201145,Jeff Green,1610612763,Memphis Grizzlies,1,5,53,Missed Shot,Step Back Jump shot,3PT Field Goal,Above the Break 3,Right Side Center(RC),24+ ft.,25.0,153.0,208.0,1,0,20151129,MEM,PHI
Shot Chart Detail,0021500251,63,201145,Jeff Green,1610612763,Memphis Grizzlies,1,4,47,Made Shot,Cutting Layup Shot,2PT Field Goal,Restricted Area,Center(C),Less Than 8 ft.,1.0,15.0,3.0,1,1,20151129,MEM,PHI
Shot Chart Detail,0021500251,257,201145,Jeff Green,1610612763,Memphis Grizzlies,2,0,41,Missed Shot,Floating Jump shot,2PT Field Goal,In The Paint (Non-RA),Center(C),8-16 ft.,12.0,58.0,115.0,1,0,20151129,MEM,PHI
Shot Chart Detail,0021500251,276,201145,Jeff Green,1610612763,Memphis Grizzlies,3,11,43,Made Shot,Driving Dunk Shot,2PT Field Goal,Restricted Area,Center(C),Less Than 8 ft.,0.0,0.0,1.0,1,1,20151129,MEM,PHI
Shot Chart Detail,0021500251,295,201145,Jeff Green,1610612763,Memphis Grizzlies,3,9,32,Missed Shot,Jump Shot,3PT Field Goal,Above the Break 3,Right Side Center(RC),24+ ft.,25.0,89.0,237.0,1,0,20151129,MEM,PHI
Shot Chart Detail,0021500251,304,201145,Jeff Green,1610612763,Memphis Grizzlies,3,8,20,Missed Shot,Jump Shot,3PT Field Goal,Above the Break 3,Right Side Center(RC),24+ ft.,24.0,233.0,90.0,1,0,20151129,MEM,PHI
Shot Chart Detail,0021500251,327,201145,Jeff Green,1610612763,Memphis Grizzlies,3,5,20,Missed Shot,Jump Shot,2PT Field Goal,In The Paint (Non-RA),Center(C),Less Than 8 ft.,6.0,64.0,21.0,1,0,20151129,MEM,PHI
Shot Chart Detail,0021500251,492,201145,Jeff Green,1610612763,Memphis Grizzlies,4,4,59,Missed Shot,Driving Layup Shot,2PT Field Goal,Restricted Area,Center(C),Less Than 8 ft.,0.0,-4.0,2.0,1,0,20151129,MEM,PHI
Shot Chart Detail,0021500251,528,201145,Jeff Green,1610612763,Memphis Grizzlies,4,2,22,Made Shot,Step Back Jump shot,3PT Field Goal,Above the Break 3,Center(C),24+ ft.,25.0,38.0,249.0,1,1,20151129,MEM,PHI
Shot Chart Detail,0021500266,2,201145,Jeff Green,1610612763,Memphis Grizzlies,1,11,39,Missed Shot,Hook Shot,2PT Field Goal,In The Paint (Non-RA),Center(C),Less Than 8 ft.,6.0,0.0,65.0,1,0,20151201,NOP,MEM
Shot Chart Detail,0021500266,43,201145,Jeff Green,1610612763,Memphis Grizzlies,1,6,17,Made Shot,Driving Layup Shot,2PT Field Goal,Restricted Area,Center(C),Less Than 8 ft.,1.0,-6.0,11.0,1,1,20151201,NOP,MEM
Shot Chart Detail,0021500266,69,201145,Jeff Green,1610612763,Memphis Grizzlies,1,4,12,Made Shot,Cutting Layup Shot,2PT Field Goal,Restricted Area,Center(C),Less Than 8 ft.,1.0,-12.0,8.0,1,1,20151201,NOP,MEM
Shot Chart Detail,0021500266,80,201145,Jeff Green,1610612763,Memphis Grizzlies,1,3,9,Missed Shot,Driving Layup Shot,2PT Field Goal,Restricted Area,Center(C),Less Than 8 ft.,2.0,-2.0,28.0,1,0,20151201,NOP,MEM
Shot Chart Detail,0021500266,82,201145,Jeff Green,1610612763,Memphis Grizzlies,1,3,1,Missed Shot,Jump Shot,3PT Field Goal,Above the Break 3,Right Side Center(RC),24+ ft.,25.0,200.0,151.0,1,0,20151201,NOP,MEM
Shot Chart Detail,0021500266,265,201145,Jeff Green,1610612763,Memphis Grizzlies,2,0,30,Missed Shot,Jump Shot,2PT Field Goal,Restricted Area,Center(C),Less Than 8 ft.,3.0,10.0,31.0,1,0,20151201,NOP,MEM
Shot Chart Detail,0021500266,341,201145,Jeff Green,1610612763,Memphis Grizzlies,3,5,16,Missed Shot,Reverse Layup Shot,2PT Field Goal,Restricted Area,Center(C),Less Than 8 ft.,1.0,17.0,8.0,1,0,20151201,NOP,MEM
Shot Chart Detail,0021500266,350,201145,Jeff Green,1610612763,Memphis Grizzlies,3,4,29,Missed Shot,Jump Shot,3PT Field Goal,Above the Break 3,Center(C),24+ ft.,25.0,58.0,247.0,1,0,20151201,NOP,MEM
Shot Chart Detail,0021500266,469,201145,Jeff Green,1610612763,Memphis Grizzlies,4,8,39,Missed Shot,Driving Reverse Layup Shot,2PT Field Goal,Restricted Area,Center(C),Less Than 8 ft.,2.0,25.0,16.0,1,0,20151201,NOP,MEM
Shot Chart Detail,0021500266,486,201145,Jeff Green,1610612763,Memphis Grizzlies,4,7,18,Missed Shot,Jump Shot,2PT Field Goal,Mid-Range,Left Side(L),8-16 ft.,15.0,-140.0,62.0,1,0,20151201,NOP,MEM
Shot Chart Detail,0021500266,550,201145,Jeff Green,1610612763,Memphis Grizzlies,4,1,50,Made Shot,Jump Shot,2PT Field Goal,Mid-Range,Left Side Center(LC),16-24 ft.,19.0,-81.0,174.0,1,1,20151201,NOP,MEM
Shot Chart Detail,0021500280,2,201145,Jeff Green,1610612763,Memphis Grizzlies,1,11,44,Made Shot,Driving Layup Shot,2PT Field Goal,Restricted Area,Center(C),Less Than 8 ft.,1.0,14.0,3.0,1,1,20151203,MEM,SAS
Shot Chart Detail,0021500280,17,201145,Jeff Green,1610612763,Memphis Grizzlies,1,10,5,Made Shot,Driving Layup Shot,2PT Field Goal,Restricted Area,Center(C),Less Than 8 ft.,1.0,14.0,2.0,1,1,20151203,MEM,SAS
Shot Chart Detail,0021500280,32,201145,Jeff Green,1610612763,Memphis Grizzlies,1,7,46,Missed Shot,Pullup Jump shot,2PT Field Goal,Mid-Range,Right Side(R),8-16 ft.,13.0,137.0,16.0,1,0,20151203,MEM,SAS
Shot Chart Detail,0021500280,45,201145,Jeff Green,1610612763,Memphis Grizzlies,1,6,44,Missed Shot,Driving Bank shot,2PT Field Goal,In The Paint (Non-RA),Left Side(L),8-16 ft.,8.0,-48.0,70.0,1,0,20151203,MEM,SAS
Shot Chart Detail,0021500280,55,201145,Jeff Green,1610612763,Memphis Grizzlies,1,5,43,Missed Shot,Turnaround Jump Shot,2PT Field Goal,In The Paint (Non-RA),Center(C),Less Than 8 ft.,5.0,0.0,56.0,1,0,20151203,MEM,SAS
Shot Chart Detail,0021500280,162,201145,Jeff Green,1610612763,Memphis Grizzlies,2,8,27,Missed Shot,Cutting Layup Shot,2PT Field Goal,Restricted Area,Center(C),Less Than 8 ft.,2.0,28.0,-6.0,1,0,20151203,MEM,SAS
Shot Chart Detail,0021500280,245,201145,Jeff Green,1610612763,Memphis Grizzlies,3,11,16,Missed Shot,Jump Shot,2PT Field Goal,In The Paint (Non-RA),Center(C),Less Than 8 ft.,4.0,28.0,41.0,1,0,20151203,MEM,SAS
Shot Chart Detail,0021500280,269,201145,Jeff Green,1610612763,Memphis Grizzlies,3,9,2,Missed Shot,Running Jump Shot,3PT Field Goal,Above the Break 3,Right Side Center(RC),24+ ft.,25.0,173.0,193.0,1,0,20151203,MEM,SAS
Shot Chart Detail,0021500280,278,201145,Jeff Green,1610612763,Memphis Grizzlies,3,8,39,Made Shot,Running Jump Shot,3PT Field Goal,Above the Break 3,Left Side Center(LC),24+ ft.,25.0,-115.0,228.0,1,1,20151203,MEM,SAS
Shot Chart Detail,0021500280,285,201145,Jeff Green,1610612763,Memphis Grizzlies,3,7,41,Missed Shot,Pullup Jump shot,2PT Field Goal,Mid-Range,Right Side Center(RC),16-24 ft.,20.0,69.0,193.0,1,0,20151203,MEM,SAS
Shot Chart Detail,0021500280,332,201145,Jeff Green,1610612763,Memphis Grizzlies,3,1,22,Made Shot,Driving Finger Roll Layup Shot,2PT Field Goal,Restricted Area,Center(C),Less Than 8 ft.,1.0,15.0,-10.0,1,1,20151203,MEM,SAS
Shot Chart Detail,0021500299,17,201145,Jeff Green,1610612763,Memphis Grizzlies,1,9,57,Missed Shot,Jump Shot,3PT Field Goal,Above the Break 3,Right Side Center(RC),24+ ft.,24.0,120.0,218.0,1,0,20151206,MEM,PHX
Shot Chart Detail,0021500299,47,201145,Jeff Green,1610612763,Memphis Grizzlies,1,6,42,Made Shot,Running Dunk Shot,2PT Field Goal,Restricted Area,Center(C),Less Than 8 ft.,0.0,0.0,1.0,1,1,20151206,MEM,PHX
Shot Chart Detail,0021500299,68,201145,Jeff Green,1610612763,Memphis Grizzlies,1,4,11,Missed Shot,Layup Shot,2PT Field Goal,Restricted Area,Center(C),Less Than 8 ft.,1.0,0.0,16.0,1,0,20151206,MEM,PHX
Shot Chart Detail,0021500299,174,201145,Jeff Green,1610612763,Memphis Grizzlies,2,5,42,Missed Shot,Pullup Jump shot,2PT Field Goal,Mid-Range,Center(C),8-16 ft.,14.0,-9.0,149.0,1,0,20151206,MEM,PHX
Shot Chart Detail,0021500299,199,201145,Jeff Green,1610612763,Memphis Grizzlies,2,2,20,Missed Shot,Turnaround Fadeaway shot,2PT Field Goal,Mid-Range,Left Side(L),8-16 ft.,13.0,-138.0,-5.0,1,0,20151206,MEM,PHX
Shot Chart Detail,0021500299,207,201145,Jeff Green,1610612763,Memphis Grizzlies,2,1,54,Made Shot,Driving Floating Jump Shot,2PT Field Goal,In The Paint (Non-RA),Center(C),Less Than 8 ft.,4.0,-12.0,41.0,1,1,20151206,MEM,PHX
Shot Chart Detail,0021500299,274,201145,Jeff Green,1610612763,Memphis Grizzlies,3,6,52,Made Shot,Reverse Layup Shot,2PT Field Goal,Restricted Area,Center(C),Less Than 8 ft.,1.0,-19.0,3.0,1,1,20151206,MEM,PHX
Shot Chart Detail,0021500299,471,201145,Jeff Green,1610612763,Memphis Grizzlies,4,3,29,Made Shot,Tip Dunk Shot,2PT Field Goal,Restricted Area,Center(C),Less Than 8 ft.,0.0,0.0,1.0,1,1,20151206,MEM,PHX
Shot Chart Detail,0021500299,474,201145,Jeff Green,1610612763,Memphis Grizzlies,4,2,41,Missed Shot,Pullup Jump shot,2PT Field Goal,Mid-Range,Center(C),16-24 ft.,18.0,53.0,175.0,1,0,20151206,MEM,PHX
Shot Chart Detail,0021500299,506,201145,Jeff Green,1610612763,Memphis Grizzlies,4,0,13,Missed Shot,Jump Shot,3PT Field Goal,Above the Break 3,Right Side Center(RC),24+ ft.,25.0,223.0,115.0,1,0,20151206,MEM,PHX
Shot Chart Detail,0021500299,536,201145,Jeff Green,1610612763,Memphis Grizzlies,4,0,0,Made Shot,Alley Oop Dunk Shot,2PT Field Goal,Restricted Area,Center(C),Less Than 8 ft.,0.0,0.0,1.0,1,1,20151206,MEM,PHX
Shot Chart Detail,0021500316,11,201145,Jeff Green,1610612763,Memphis Grizzlies,1,11,13,Missed Shot,Layup Shot,2PT Field Goal,Restricted Area,Center(C),Less Than 8 ft.,0.0,6.0,-6.0,1,0,20151208,MEM,OKC
Shot Chart Detail,0021500316,16,201145,Jeff Green,1610612763,Memphis Grizzlies,1,10,31,Missed Shot,Jump Shot,3PT Field Goal,Above the Break 3,Left Side Center(LC),24+ ft.,26.0,-233.0,116.0,1,0,20151208,MEM,OKC
Shot Chart Detail,0021500316,37,201145,Jeff Green,1610612763,Memphis Grizzlies,1,7,14,Made Shot,Finger Roll Layup Shot,2PT Field Goal,Restricted Area,Center(C),Less Than 8 ft.,0.0,0.0,3.0,1,1,20151208,MEM,OKC
Shot Chart Detail,0021500316,45,201145,Jeff Green,1610612763,Memphis Grizzlies,1,6,36,Missed Shot,Driving Layup Shot,2PT Field Goal,Restricted Area,Center(C),Less Than 8 ft.,0.0,-9.0,-1.0,1,0,20151208,MEM,OKC
Shot Chart Detail,0021500316,75,201145,Jeff Green,1610612763,Memphis Grizzlies,1,4,29,Made Shot,Dunk Shot,2PT Field Goal,Restricted Area,Center(C),Less Than 8 ft.,0.0,0.0,1.0,1,1,20151208,MEM,OKC
Shot Chart Detail,0021500316,254,201145,Jeff Green,1610612763,Memphis Grizzlies,3,11,42,Made Shot,Driving Layup Shot,2PT Field Goal,Restricted Area,Center(C),Less Than 8 ft.,2.0,25.0,2.0,1,1,20151208,MEM,OKC
Shot Chart Detail,0021500316,260,201145,Jeff Green,1610612763,Memphis Grizzlies,3,10,33,Missed Shot,Jump Shot,2PT Field Goal,Mid-Range,Right Side Center(RC),16-24 ft.,21.0,141.0,165.0,1,0,20151208,MEM,OKC
Shot Chart Detail,0021500316,281,201145,Jeff Green,1610612763,Memphis Grizzlies,3,8,9,Missed Shot,Jump Shot,2PT Field Goal,Mid-Range,Center(C),16-24 ft.,21.0,-1.0,213.0,1,0,20151208,MEM,OKC
Shot Chart Detail,0021500316,430,201145,Jeff Green,1610612763,Memphis Grizzlies,4,7,43,Made Shot,Driving Dunk Shot,2PT Field Goal,Restricted Area,Center(C),Less Than 8 ft.,0.0,0.0,1.0,1,1,20151208,MEM,OKC
Shot Chart Detail,0021500316,460,201145,Jeff Green,1610612763,Memphis Grizzlies,4,3,45,Missed Shot,Jump Shot,2PT Field Goal,In The Paint (Non-RA),Center(C),Less Than 8 ft.,7.0,-40.0,65.0,1,0,20151208,MEM,OKC
Shot Chart Detail,0021500322,32,201145,Jeff Green,1610612763,Memphis Grizzlies,1,6,35,Made Shot,Dunk Shot,2PT Field Goal,Restricted Area,Center(C),Less Than 8 ft.,0.0,0.0,1.0,1,1,20151209,DET,MEM
Shot Chart Detail,0021500322,41,201145,Jeff Green,1610612763,Memphis Grizzlies,1,5,18,Made Shot,Jump Shot,2PT Field Goal,Mid-Range,Center(C),8-16 ft.,14.0,-34.0,144.0,1,1,20151209,DET,MEM
Shot Chart Detail,0021500322,51,201145,Jeff Green,1610612763,Memphis Grizzlies,1,4,13,Made Shot,Jump Shot,2PT Field Goal,In The Paint (Non-RA),Center(C),8-16 ft.,13.0,-66.0,120.0,1,1,20151209,DET,MEM
Shot Chart Detail,0021500322,57,201145,Jeff Green,1610612763,Memphis Grizzlies,1,3,22,Made Shot,Jump Shot,2PT Field Goal,Restricted Area,Center(C),Less Than 8 ft.,3.0,-38.0,7.0,1,1,20151209,DET,MEM
Shot Chart Detail,0021500322,156,201145,Jeff Green,1610612763,Memphis Grizzlies,2,3,52,Missed Shot,Jump Shot,2PT Field Goal,Mid-Range,Right Side Center(RC),16-24 ft.,17.0,125.0,120.0,1,0,20151209,DET,MEM
Shot Chart Detail,0021500322,176,201145,Jeff Green,1610612763,Memphis Grizzlies,2,1,40,Missed Shot,Jump Shot,3PT Field Goal,Above the Break 3,Left Side Center(LC),24+ ft.,27.0,-89.0,257.0,1,0,20151209,DET,MEM
Shot Chart Detail,0021500322,243,201145,Jeff Green,1610612763,Memphis Grizzlies,3,7,41,Missed Shot,Running Jump Shot,2PT Field Goal,Mid-Range,Right Side(R),8-16 ft.,9.0,92.0,26.0,1,0,20151209,DET,MEM
Shot Chart Detail,0021500338,18,201145,Jeff Green,1610612763,Memphis Grizzlies,1,9,24,Made Shot,Driving Layup Shot,2PT Field Goal,Restricted Area,Center(C),Less Than 8 ft.,1.0,12.0,-6.0,1,1,20151211,MEM,CHA
Shot Chart Detail,0021500338,54,201145,Jeff Green,1610612763,Memphis Grizzlies,1,5,25,Missed Shot,Running Dunk Shot,2PT Field Goal,Restricted Area,Center(C),Less Than 8 ft.,0.0,0.0,1.0,1,0,20151211,MEM,CHA
Shot Chart Detail,0021500338,177,201145,Jeff Green,1610612763,Memphis Grizzlies,2,8,25,Made Shot,Jump Shot,2PT Field Goal,Mid-Range,Center(C),8-16 ft.,14.0,-30.0,144.0,1,1,20151211,MEM,CHA
Shot Chart Detail,0021500338,236,201145,Jeff Green,1610612763,Memphis Grizzlies,2,3,30,Missed Shot,Jump Shot,2PT Field Goal,In The Paint (Non-RA),Center(C),Less Than 8 ft.,7.0,-40.0,67.0,1,0,20151211,MEM,CHA
Shot Chart Detail,0021500338,261,201145,Jeff Green,1610612763,Memphis Grizzlies,2,1,13,Missed Shot,Cutting Layup Shot,2PT Field Goal,Restricted Area,Center(C),Less Than 8 ft.,0.0,2.0,3.0,1,0,20151211,MEM,CHA
Shot Chart Detail,0021500338,277,201145,Jeff Green,1610612763,Memphis Grizzlies,2,0,43,Missed Shot,Cutting Layup Shot,2PT Field Goal,Restricted Area,Center(C),Less Than 8 ft.,1.0,9.0,16.0,1,0,20151211,MEM,CHA
Shot Chart Detail,0021500338,304,201145,Jeff Green,1610612763,Memphis Grizzlies,3,9,45,Missed Shot,Jump Shot,2PT Field Goal,Mid-Range,Right Side Center(RC),16-24 ft.,18.0,107.0,151.0,1,0,20151211,MEM,CHA
Shot Chart Detail,0021500338,314,201145,Jeff Green,1610612763,Memphis Grizzlies,3,8,47,Missed Shot,Jump Shot,3PT Field Goal,Above the Break 3,Left Side Center(LC),24+ ft.,27.0,-122.0,242.0,1,0,20151211,MEM,CHA
Shot Chart Detail,0021500354,22,201145,Jeff Green,1610612763,Memphis Grizzlies,1,8,25,Missed Shot,Jump Shot,3PT Field Goal,Above the Break 3,Left Side Center(LC),24+ ft.,24.0,-115.0,218.0,1,0,20151213,MIA,MEM
Shot Chart Detail,0021500354,51,201145,Jeff Green,1610612763,Memphis Grizzlies,1,5,42,Made Shot,Dunk Shot,2PT Field Goal,Restricted Area,Center(C),Less Than 8 ft.,0.0,0.0,1.0,1,1,20151213,MIA,MEM
Shot Chart Detail,0021500354,86,201145,Jeff Green,1610612763,Memphis Grizzlies,1,2,0,Made Shot,Reverse Layup Shot,2PT Field Goal,Restricted Area,Center(C),Less Than 8 ft.,1.0,-12.0,0.0,1,1,20151213,MIA,MEM
Shot Chart Detail,0021500354,95,201145,Jeff Green,1610612763,Memphis Grizzlies,1,0,52,Made Shot,Layup Shot,2PT Field Goal,Restricted Area,Center(C),Less Than 8 ft.,1.0,14.0,7.0,1,1,20151213,MIA,MEM
Shot Chart Detail,0021500354,105,201145,Jeff Green,1610612763,Memphis Grizzlies,1,0,2,Missed Shot,Jump Shot,2PT Field Goal,Mid-Range,Right Side(R),8-16 ft.,10.0,99.0,16.0,1,0,20151213,MIA,MEM
Shot Chart Detail,0021500354,120,201145,Jeff Green,1610612763,Memphis Grizzlies,2,9,50,Made Shot,Hook Bank Shot,2PT Field Goal,Mid-Range,Right Side(R),8-16 ft.,8.0,87.0,7.0,1,1,20151213,MIA,MEM
Shot Chart Detail,0021500354,171,201145,Jeff Green,1610612763,Memphis Grizzlies,2,4,30,Missed Shot,Turnaround Hook Shot,2PT Field Goal,In The Paint (Non-RA),Center(C),8-16 ft.,9.0,9.0,90.0,1,0,20151213,MIA,MEM
Shot Chart Detail,0021500354,194,201145,Jeff Green,1610612763,Memphis Grizzlies,2,2,2,Made Shot,Running Jump Shot,2PT Field Goal,In The Paint (Non-RA),Center(C),Less Than 8 ft.,4.0,-20.0,36.0,1,1,20151213,MIA,MEM
Shot Chart Detail,0021500354,201,201145,Jeff Green,1610612763,Memphis Grizzlies,2,1,33,Made Shot,Driving Hook Shot,2PT Field Goal,In The Paint (Non-RA),Center(C),Less Than 8 ft.,5.0,-22.0,51.0,1,1,20151213,MIA,MEM
Shot Chart Detail,0021500354,258,201145,Jeff Green,1610612763,Memphis Grizzlies,3,8,1,Missed Shot,Floating Jump shot,2PT Field Goal,In The Paint (Non-RA),Center(C),Less Than 8 ft.,4.0,12.0,46.0,1,0,20151213,MIA,MEM
Shot Chart Detail,0021500354,262,201145,Jeff Green,1610612763,Memphis Grizzlies,3,7,41,Made Shot,Jump Shot,2PT Field Goal,Mid-Range,Right Side(R),16-24 ft.,21.0,200.0,65.0,1,1,20151213,MIA,MEM
Shot Chart Detail,0021500354,280,201145,Jeff Green,1610612763,Memphis Grizzlies,3,6,0,Missed Shot,Fadeaway Jump Shot,2PT Field Goal,Mid-Range,Left Side(L),8-16 ft.,13.0,-110.0,77.0,1,0,20151213,MIA,MEM
Shot Chart Detail,0021500354,294,201145,Jeff Green,1610612763,Memphis Grizzlies,3,4,7,Made Shot,Reverse Layup Shot,2PT Field Goal,Restricted Area,Center(C),Less Than 8 ft.,2.0,-22.0,-1.0,1,1,20151213,MIA,MEM
Shot Chart Detail,0021500354,316,201145,Jeff Green,1610612763,Memphis Grizzlies,3,1,0,Made Shot,Jump Shot,3PT Field Goal,Right Corner 3,Right Side(R),24+ ft.,23.0,233.0,7.0,1,1,20151213,MIA,MEM
Shot Chart Detail,0021500354,339,201145,Jeff Green,1610612763,Memphis Grizzlies,4,10,30,Missed Shot,Driving Finger Roll Layup Shot,2PT Field Goal,Restricted Area,Center(C),Less Than 8 ft.,1.0,-1.0,18.0,1,0,20151213,MIA,MEM
Shot Chart Detail,0021500354,378,201145,Jeff Green,1610612763,Memphis Grizzlies,4,7,14,Missed Shot,Jump Shot,3PT Field Goal,Right Corner 3,Right Side(R),24+ ft.,24.0,232.0,65.0,1,0,20151213,MIA,MEM
Shot Chart Detail,0021500354,397,201145,Jeff Green,1610612763,Memphis Grizzlies,4,6,21,Missed Shot,Running Jump Shot,2PT Field Goal,In The Paint (Non-RA),Center(C),Less Than 8 ft.,6.0,-11.0,61.0,1,0,20151213,MIA,MEM
Shot Chart Detail,0021500354,414,201145,Jeff Green,1610612763,Memphis Grizzlies,4,4,49,Made Shot,Jump Shot,3PT Field Goal,Above the Break 3,Left Side Center(LC),24+ ft.,24.0,-99.0,229.0,1,1,20151213,MIA,MEM
Shot Chart Detail,0021500354,417,201145,Jeff Green,1610612763,Memphis Grizzlies,4,3,51,Missed Shot,Jump Shot,3PT Field Goal,Left Corner 3,Left Side(L),24+ ft.,23.0,-233.0,-1.0,1,0,20151213,MIA,MEM
Shot Chart Detail,0021500354,467,201145,Jeff Green,1610612763,Memphis Grizzlies,4,0,36,Missed Shot,Jump Shot,3PT Field Goal,Right Corner 3,Right Side(R),24+ ft.,22.0,228.0,7.0,1,0,20151213,MIA,MEM
Shot Chart Detail,0021500362,40,201145,Jeff Green,1610612763,Memphis Grizzlies,1,6,45,Missed Shot,Jump Shot,3PT Field Goal,Above the Break 3,Right Side Center(RC),24+ ft.,26.0,128.0,232.0,1,0,20151214,MEM,WAS
Shot Chart Detail,0021500362,69,201145,Jeff Green,1610612763,Memphis Grizzlies,1,3,52,Made Shot,Layup Shot,2PT Field Goal,Restricted Area,Center(C),Less Than 8 ft.,1.0,12.0,0.0,1,1,20151214,MEM,WAS
Shot Chart Detail,0021500362,71,201145,Jeff Green,1610612763,Memphis Grizzlies,1,3,13,Made Shot,Driving Dunk Shot,2PT Field Goal,Restricted Area,Center(C),Less Than 8 ft.,0.0,0.0,1.0,1,1,20151214,MEM,WAS
Shot Chart Detail,0021500362,89,201145,Jeff Green,1610612763,Memphis Grizzlies,1,1,6,Missed Shot,Turnaround Jump Shot,2PT Field Goal,In The Paint (Non-RA),Center(C),Less Than 8 ft.,7.0,-63.0,41.0,1,0,20151214,MEM,WAS
Shot Chart Detail,0021500362,118,201145,Jeff Green,1610612763,Memphis Grizzlies,2,10,36,Made Shot,Turnaround Hook Shot,2PT Field Goal,In The Paint (Non-RA),Center(C),Less Than 8 ft.,5.0,-40.0,31.0,1,1,20151214,MEM,WAS
Shot Chart Detail,0021500362,128,201145,Jeff Green,1610612763,Memphis Grizzlies,2,9,1,Made Shot,Jump Shot,2PT Field Goal,In The Paint (Non-RA),Center(C),Less Than 8 ft.,7.0,63.0,38.0,1,1,20151214,MEM,WAS
Shot Chart Detail,0021500362,241,201145,Jeff Green,1610612763,Memphis Grizzlies,3,8,57,Missed Shot,Running Layup Shot,2PT Field Goal,Restricted Area,Center(C),Less Than 8 ft.,0.0,2.0,0.0,1,0,20151214,MEM,WAS
Shot Chart Detail,0021500362,250,201145,Jeff Green,1610612763,Memphis Grizzlies,3,7,45,Missed Shot,Layup Shot,2PT Field Goal,Restricted Area,Center(C),Less Than 8 ft.,1.0,15.0,2.0,1,0,20151214,MEM,WAS
Shot Chart Detail,0021500362,352,201145,Jeff Green,1610612763,Memphis Grizzlies,4,10,20,Made Shot,Turnaround Jump Shot,2PT Field Goal,Mid-Range,Left Side(L),8-16 ft.,15.0,-122.0,92.0,1,1,20151214,MEM,WAS
Shot Chart Detail,0021500362,374,201145,Jeff Green,1610612763,Memphis Grizzlies,4,7,53,Missed Shot,Jump Shot,2PT Field Goal,In The Paint (Non-RA),Center(C),Less Than 8 ft.,4.0,-20.0,36.0,1,0,20151214,MEM,WAS
Shot Chart Detail,0021500362,426,201145,Jeff Green,1610612763,Memphis Grizzlies,4,4,6,Made Shot,Dunk Shot,2PT Field Goal,Restricted Area,Center(C),Less Than 8 ft.,0.0,0.0,1.0,1,1,20151214,MEM,WAS
Shot Chart Detail,0021500362,445,201145,Jeff Green,1610612763,Memphis Grizzlies,4,2,18,Missed Shot,Layup Shot,2PT Field Goal,Restricted Area,Center(C),Less Than 8 ft.,1.0,-12.0,-1.0,1,0,20151214,MEM,WAS
Shot Chart Detail,0021500377,13,201145,Jeff Green,1610612763,Memphis Grizzlies,1,9,57,Made Shot,Jump Shot,2PT Field Goal,Mid-Range,Right Side(R),8-16 ft.,15.0,158.0,3.0,1,1,20151216,CHI,MEM
Shot Chart Detail,0021500377,41,201145,Jeff Green,1610612763,Memphis Grizzlies,1,6,44,Missed Shot,Driving Hook Shot,2PT Field Goal,In The Paint (Non-RA),Center(C),Less Than 8 ft.,6.0,-30.0,56.0,1,0,20151216,CHI,MEM
Shot Chart Detail,0021500377,69,201145,Jeff Green,1610612763,Memphis Grizzlies,1,3,22,Missed Shot,Jump Shot,2PT Field Goal,Mid-Range,Right Side(R),8-16 ft.,14.0,107.0,100.0,1,0,20151216,CHI,MEM
Shot Chart Detail,0021500377,87,201145,Jeff Green,1610612763,Memphis Grizzlies,1,2,27,Missed Shot,Layup Shot,2PT Field Goal,Restricted Area,Center(C),Less Than 8 ft.,2.0,28.0,3.0,1,0,20151216,CHI,MEM
Shot Chart Detail,0021500377,216,201145,Jeff Green,1610612763,Memphis Grizzlies,2,4,7,Made Shot,Jump Shot,3PT Field Goal,Above the Break 3,Right Side Center(RC),24+ ft.,24.0,97.0,224.0,1,1,20151216,CHI,MEM
Shot Chart Detail,0021500377,242,201145,Jeff Green,1610612763,Memphis Grizzlies,2,2,14,Made Shot,Finger Roll Layup Shot,2PT Field Goal,Restricted Area,Center(C),Less Than 8 ft.,2.0,15.0,16.0,1,1,20151216,CHI,MEM
Shot Chart Detail,0021500377,245,201145,Jeff Green,1610612763,Memphis Grizzlies,2,1,41,Missed Shot,Jump Shot,3PT Field Goal,Above the Break 3,Left Side Center(LC),24+ ft.,24.0,-168.0,183.0,1,0,20151216,CHI,MEM
Shot Chart Detail,0021500377,265,201145,Jeff Green,1610612763,Memphis Grizzlies,2,0,14,Made Shot,Alley Oop Layup shot,2PT Field Goal,Restricted Area,Center(C),Less Than 8 ft.,2.0,-22.0,13.0,1,1,20151216,CHI,MEM
Shot Chart Detail,0021500377,271,201145,Jeff Green,1610612763,Memphis Grizzlies,3,11,47,Missed Shot,Jump Shot,2PT Field Goal,Mid-Range,Right Side Center(RC),16-24 ft.,18.0,117.0,141.0,1,0,20151216,CHI,MEM
Shot Chart Detail,0021500377,324,201145,Jeff Green,1610612763,Memphis Grizzlies,3,5,1,Missed Shot,Layup Shot,2PT Field Goal,Restricted Area,Center(C),Less Than 8 ft.,2.0,22.0,16.0,1,0,20151216,CHI,MEM
Shot Chart Detail,0021500377,352,201145,Jeff Green,1610612763,Memphis Grizzlies,3,2,13,Missed Shot,Jump Shot,2PT Field Goal,Mid-Range,Right Side(R),16-24 ft.,17.0,171.0,-16.0,1,0,20151216,CHI,MEM
Shot Chart Detail,0021500377,515,201145,Jeff Green,1610612763,Memphis Grizzlies,4,0,30,Missed Shot,Jump Shot,3PT Field Goal,Above the Break 3,Left Side Center(LC),24+ ft.,25.0,-204.0,160.0,1,0,20151216,CHI,MEM
Shot Chart Detail,0021500394,6,201145,Jeff Green,1610612763,Memphis Grizzlies,1,11,2,Missed Shot,Pullup Jump shot,2PT Field Goal,Mid-Range,Right Side(R),16-24 ft.,18.0,163.0,82.0,1,0,20151218,DAL,MEM
Shot Chart Detail,0021500394,111,201145,Jeff Green,1610612763,Memphis Grizzlies,1,2,9,Missed Shot,Jump Shot,2PT Field Goal,In The Paint (Non-RA),Center(C),Less Than 8 ft.,6.0,-63.0,28.0,1,0,20151218,DAL,MEM
Shot Chart Detail,0021500394,316,201145,Jeff Green,1610612763,Memphis Grizzlies,3,10,5,Missed Shot,Driving Bank shot,2PT Field Goal,Restricted Area,Center(C),Less Than 8 ft.,3.0,37.0,11.0,1,0,20151218,DAL,MEM
Shot Chart Detail,0021500394,461,201145,Jeff Green,1610612763,Memphis Grizzlies,4,9,22,Missed Shot,Jump Shot,2PT Field Goal,In The Paint (Non-RA),Center(C),Less Than 8 ft.,4.0,-45.0,13.0,1,0,20151218,DAL,MEM
Shot Chart Detail,0021500394,488,201145,Jeff Green,1610612763,Memphis Grizzlies,4,7,17,Missed Shot,Jump Shot,2PT Field Goal,Mid-Range,Left Side(L),16-24 ft.,18.0,-174.0,47.0,1,0,20151218,DAL,MEM
Shot Chart Detail,0021500394,505,201145,Jeff Green,1610612763,Memphis Grizzlies,4,5,9,Missed Shot,Jump Shot,2PT Field Goal,In The Paint (Non-RA),Center(C),Less Than 8 ft.,5.0,-29.0,46.0,1,0,20151218,DAL,MEM
Shot Chart Detail,0021500394,536,201145,Jeff Green,1610612763,Memphis Grizzlies,4,2,24,Missed Shot,Jump Shot,3PT Field Goal,Above the Break 3,Right Side Center(RC),24+ ft.,24.0,86.0,228.0,1,0,20151218,DAL,MEM
Shot Chart Detail,0021500402,49,201145,Jeff Green,1610612763,Memphis Grizzlies,1,6,33,Missed Shot,Jump Shot,3PT Field Goal,Left Corner 3,Left Side(L),24+ ft.,22.0,-228.0,28.0,1,0,20151219,MEM,IND
Shot Chart Detail,0021500402,172,201145,Jeff Green,1610612763,Memphis Grizzlies,2,7,7,Missed Shot,Jump Shot,2PT Field Goal,Mid-Range,Left Side(L),16-24 ft.,18.0,-184.0,41.0,1,0,20151219,MEM,IND
Shot Chart Detail,0021500402,178,201145,Jeff Green,1610612763,Memphis Grizzlies,2,5,47,Made Shot,Reverse Layup Shot,2PT Field Goal,Restricted Area,Center(C),Less Than 8 ft.,1.0,-12.0,2.0,1,1,20151219,MEM,IND
Shot Chart Detail,0021500402,254,201145,Jeff Green,1610612763,Memphis Grizzlies,2,0,0,Missed Shot,Jump Shot,3PT Field Goal,Backcourt,Back Court(BC),Back Court Shot,46.0,-107.0,452.0,1,0,20151219,MEM,IND
Shot Chart Detail,0021500402,284,201145,Jeff Green,1610612763,Memphis Grizzlies,3,8,27,Made Shot,Layup Shot,2PT Field Goal,Restricted Area,Center(C),Less Than 8 ft.,2.0,20.0,16.0,1,1,20151219,MEM,IND
Shot Chart Detail,0021500402,383,201145,Jeff Green,1610612763,Memphis Grizzlies,3,0,10,Made Shot,Jump Shot,2PT Field Goal,In The Paint (Non-RA),Left Side(L),8-16 ft.,9.0,-71.0,70.0,1,1,20151219,MEM,IND
Shot Chart Detail,0021500402,409,201145,Jeff Green,1610612763,Memphis Grizzlies,4,10,13,Missed Shot,Jump Shot,2PT Field Goal,Mid-Range,Right Side Center(RC),16-24 ft.,18.0,117.0,144.0,1,0,20151219,MEM,IND
Shot Chart Detail,0021500402,425,201145,Jeff Green,1610612763,Memphis Grizzlies,4,9,21,Missed Shot,Alley Oop Dunk Shot,2PT Field Goal,Restricted Area,Center(C),Less Than 8 ft.,0.0,0.0,1.0,1,0,20151219,MEM,IND
Shot Chart Detail,0021500402,429,201145,Jeff Green,1610612763,Memphis Grizzlies,4,8,51,Made Shot,Driving Floating Jump Shot,2PT Field Goal,In The Paint (Non-RA),Center(C),Less Than 8 ft.,7.0,38.0,65.0,1,1,20151219,MEM,IND
Shot Chart Detail,0021500402,469,201145,Jeff Green,1610612763,Memphis Grizzlies,4,6,25,Made Shot,Running Dunk Shot,2PT Field Goal,Restricted Area,Center(C),Less Than 8 ft.,0.0,0.0,1.0,1,1,20151219,MEM,IND
Shot Chart Detail,0021500402,493,201145,Jeff Green,1610612763,Memphis Grizzlies,4,4,33,Missed Shot,Reverse Layup Shot,2PT Field Goal,Restricted Area,Center(C),Less Than 8 ft.,1.0,-11.0,2.0,1,0,20151219,MEM,IND
Shot Chart Detail,0021500419,21,201145,Jeff Green,1610612763,Memphis Grizzlies,1,9,7,Made Shot,Layup Shot,2PT Field Goal,Restricted Area,Center(C),Less Than 8 ft.,1.0,12.0,3.0,1,1,20151222,PHI,MEM
Shot Chart Detail,0021500419,113,201145,Jeff Green,1610612763,Memphis Grizzlies,1,0,0,Made Shot,Turnaround Fadeaway shot,2PT Field Goal,Mid-Range,Left Side(L),8-16 ft.,15.0,-91.0,126.0,1,1,20151222,PHI,MEM
Shot Chart Detail,0021500419,301,201145,Jeff Green,1610612763,Memphis Grizzlies,3,9,54,Made Shot,Pullup Jump shot,2PT Field Goal,Mid-Range,Center(C),16-24 ft.,16.0,-40.0,160.0,1,1,20151222,PHI,MEM
Shot Chart Detail,0021500427,10,201145,Jeff Green,1610612763,Memphis Grizzlies,1,9,59,Made Shot,Jump Shot,2PT Field Goal,Mid-Range,Left Side(L),8-16 ft.,13.0,-119.0,61.0,1,1,20151223,WAS,MEM
Shot Chart Detail,0021500427,25,201145,Jeff Green,1610612763,Memphis Grizzlies,1,8,9,Missed Shot,Jump Shot,3PT Field Goal,Right Corner 3,Right Side(R),24+ ft.,23.0,233.0,18.0,1,0,20151223,WAS,MEM
Shot Chart Detail,0021500427,256,201145,Jeff Green,1610612763,Memphis Grizzlies,2,2,16,Made Shot,Turnaround Fadeaway shot,2PT Field Goal,Mid-Range,Left Side(L),16-24 ft.,20.0,-168.0,111.0,1,1,20151223,WAS,MEM
Shot Chart Detail,0021500427,274,201145,Jeff Green,1610612763,Memphis Grizzlies,2,0,1,Made Shot,Jump Bank Shot,2PT Field Goal,Mid-Range,Right Side(R),8-16 ft.,13.0,127.0,36.0,1,1,20151223,WAS,MEM
Shot Chart Detail,0021500427,282,201145,Jeff Green,1610612763,Memphis Grizzlies,3,11,13,Missed Shot,Jump Shot,2PT Field Goal,Mid-Range,Right Side(R),16-24 ft.,20.0,176.0,111.0,1,0,20151223,WAS,MEM
Shot Chart Detail,0021500427,298,201145,Jeff Green,1610612763,Memphis Grizzlies,3,9,56,Made Shot,Driving Hook Shot,2PT Field Goal,In The Paint (Non-RA),Left Side(L),8-16 ft.,8.0,-63.0,57.0,1,1,20151223,WAS,MEM
Shot Chart Detail,0021500427,321,201145,Jeff Green,1610612763,Memphis Grizzlies,3,6,16,Missed Shot,Jump Shot,2PT Field Goal,Mid-Range,Left Side Center(LC),16-24 ft.,18.0,-94.0,154.0,1,0,20151223,WAS,MEM
Shot Chart Detail,0021500427,349,201145,Jeff Green,1610612763,Memphis Grizzlies,3,3,8,Missed Shot,Jump Shot,3PT Field Goal,Above the Break 3,Left Side Center(LC),24+ ft.,35.0,-174.0,313.0,1,0,20151223,WAS,MEM
Shot Chart Detail,0021500427,383,201145,Jeff Green,1610612763,Memphis Grizzlies,3,0,2,Made Shot,Driving Layup Shot,2PT Field Goal,Restricted Area,Center(C),Less Than 8 ft.,0.0,1.0,2.0,1,1,20151223,WAS,MEM
Shot Chart Detail,0021500427,403,201145,Jeff Green,1610612763,Memphis Grizzlies,4,10,20,Made Shot,Putback Layup Shot,2PT Field Goal,Restricted Area,Center(C),Less Than 8 ft.,2.0,-25.0,16.0,1,1,20151223,WAS,MEM
Shot Chart Detail,0021500427,417,201145,Jeff Green,1610612763,Memphis Grizzlies,4,9,42,Made Shot,Driving Finger Roll Layup Shot,2PT Field Goal,Restricted Area,Center(C),Less Than 8 ft.,1.0,-11.0,-1.0,1,1,20151223,WAS,MEM
Shot Chart Detail,0021500427,425,201145,Jeff Green,1610612763,Memphis Grizzlies,4,8,39,Made Shot,Driving Bank shot,2PT Field Goal,Mid-Range,Left Side(L),8-16 ft.,11.0,-115.0,33.0,1,1,20151223,WAS,MEM
Shot Chart Detail,0021500427,516,201145,Jeff Green,1610612763,Memphis Grizzlies,4,0,26,Missed Shot,Jump Shot,3PT Field Goal,Right Corner 3,Right Side(R),24+ ft.,22.0,228.0,-6.0,1,0,20151223,WAS,MEM
Shot Chart Detail,0021500427,519,201145,Jeff Green,1610612763,Memphis Grizzlies,4,0,0,Missed Shot,Jump Shot,3PT Field Goal,Backcourt,Back Court(BC),Back Court Shot,49.0,13.0,494.0,1,0,20151223,WAS,MEM
Shot Chart Detail,0021500443,4,201145,Jeff Green,1610612763,Memphis Grizzlies,1,11,19,Missed Shot,Jump Shot,2PT Field Goal,In The Paint (Non-RA),Center(C),Less Than 8 ft.,6.0,12.0,62.0,1,0,20151226,CHA,MEM
Shot Chart Detail,0021500443,5,201145,Jeff Green,1610612763,Memphis Grizzlies,1,11,17,Made Shot,Putback Layup Shot,2PT Field Goal,Restricted Area,Center(C),Less Than 8 ft.,0.0,0.0,3.0,1,1,20151226,CHA,MEM
Shot Chart Detail,0021500443,15,201145,Jeff Green,1610612763,Memphis Grizzlies,1,9,51,Made Shot,Jump Shot,3PT Field Goal,Above the Break 3,Left Side Center(LC),24+ ft.,25.0,-173.0,183.0,1,1,20151226,CHA,MEM
Shot Chart Detail,0021500443,85,201145,Jeff Green,1610612763,Memphis Grizzlies,1,1,38,Made Shot,Layup Shot,2PT Field Goal,Restricted Area,Center(C),Less Than 8 ft.,1.0,10.0,3.0,1,1,20151226,CHA,MEM
Shot Chart Detail,0021500443,101,201145,Jeff Green,1610612763,Memphis Grizzlies,1,0,27,Missed Shot,Layup Shot,2PT Field Goal,Restricted Area,Center(C),Less Than 8 ft.,0.0,9.0,0.0,1,0,20151226,CHA,MEM
Shot Chart Detail,0021500455,23,201145,Jeff Green,1610612763,Memphis Grizzlies,1,9,31,Missed Shot,Putback Layup Shot,2PT Field Goal,Restricted Area,Center(C),Less Than 8 ft.,0.0,9.0,0.0,1,0,20151227,MEM,LAL
Shot Chart Detail,0021500455,25,201145,Jeff Green,1610612763,Memphis Grizzlies,1,9,29,Made Shot,Tip Layup Shot,2PT Field Goal,Restricted Area,Center(C),Less Than 8 ft.,1.0,10.0,0.0,1,1,20151227,MEM,LAL
Shot Chart Detail,0021500455,29,201145,Jeff Green,1610612763,Memphis Grizzlies,1,8,57,Made Shot,Jump Shot,2PT Field Goal,Mid-Range,Left Side Center(LC),16-24 ft.,21.0,-119.0,174.0,1,1,20151227,MEM,LAL
Shot Chart Detail,0021500455,35,201145,Jeff Green,1610612763,Memphis Grizzlies,1,8,1,Missed Shot,Jump Shot,3PT Field Goal,Above the Break 3,Left Side Center(LC),24+ ft.,25.0,-155.0,208.0,1,0,20151227,MEM,LAL
Shot Chart Detail,0021500455,180,201145,Jeff Green,1610612763,Memphis Grizzlies,2,6,49,Missed Shot,Running Jump Shot,3PT Field Goal,Above the Break 3,Left Side Center(LC),24+ ft.,25.0,-209.0,149.0,1,0,20151227,MEM,LAL
Shot Chart Detail,0021500455,221,201145,Jeff Green,1610612763,Memphis Grizzlies,2,2,40,Made Shot,Cutting Finger Roll Layup Shot,2PT Field Goal,Restricted Area,Center(C),Less Than 8 ft.,1.0,12.0,13.0,1,1,20151227,MEM,LAL
Shot Chart Detail,0021500455,251,201145,Jeff Green,1610612763,Memphis Grizzlies,2,0,2,Missed Shot,Tip Layup Shot,2PT Field Goal,Restricted Area,Center(C),Less Than 8 ft.,1.0,8.0,-6.0,1,0,20151227,MEM,LAL
Shot Chart Detail,0021500455,255,201145,Jeff Green,1610612763,Memphis Grizzlies,3,11,24,Made Shot,Jump Shot,3PT Field Goal,Right Corner 3,Right Side(R),24+ ft.,23.0,230.0,-16.0,1,1,20151227,MEM,LAL
Shot Chart Detail,0021500455,280,201145,Jeff Green,1610612763,Memphis Grizzlies,3,8,50,Made Shot,Hook Shot,2PT Field Goal,In The Paint (Non-RA),Center(C),Less Than 8 ft.,4.0,-30.0,31.0,1,1,20151227,MEM,LAL
Shot Chart Detail,0021500455,313,201145,Jeff Green,1610612763,Memphis Grizzlies,3,4,18,Made Shot,Jump Shot,2PT Field Goal,Mid-Range,Left Side(L),8-16 ft.,14.0,-148.0,-10.0,1,1,20151227,MEM,LAL
Shot Chart Detail,0021500471,28,201145,Jeff Green,1610612763,Memphis Grizzlies,1,7,33,Missed Shot,Jump Shot,2PT Field Goal,Mid-Range,Center(C),16-24 ft.,19.0,-54.0,187.0,1,0,20151229,MEM,MIA
Shot Chart Detail,0021500471,31,201145,Jeff Green,1610612763,Memphis Grizzlies,1,6,37,Made Shot,Floating Jump shot,2PT Field Goal,In The Paint (Non-RA),Center(C),Less Than 8 ft.,5.0,-40.0,31.0,1,1,20151229,MEM,MIA
Shot Chart Detail,0021500471,127,201145,Jeff Green,1610612763,Memphis Grizzlies,2,10,2,Missed Shot,Step Back Jump shot,2PT Field Goal,Mid-Range,Center(C),16-24 ft.,17.0,35.0,174.0,1,0,20151229,MEM,MIA
Shot Chart Detail,0021500471,129,201145,Jeff Green,1610612763,Memphis Grizzlies,2,9,45,Made Shot,Driving Finger Roll Layup Shot,2PT Field Goal,Restricted Area,Center(C),Less Than 8 ft.,0.0,0.0,8.0,1,1,20151229,MEM,MIA
Shot Chart Detail,0021500471,160,201145,Jeff Green,1610612763,Memphis Grizzlies,2,6,33,Missed Shot,Driving Layup Shot,2PT Field Goal,Restricted Area,Center(C),Less Than 8 ft.,2.0,-22.0,2.0,1,0,20151229,MEM,MIA
Shot Chart Detail,0021500471,183,201145,Jeff Green,1610612763,Memphis Grizzlies,2,5,20,Made Shot,Driving Finger Roll Layup Shot,2PT Field Goal,Restricted Area,Center(C),Less Than 8 ft.,1.0,14.0,-1.0,1,1,20151229,MEM,MIA
Shot Chart Detail,0021500471,204,201145,Jeff Green,1610612763,Memphis Grizzlies,2,2,10,Made Shot,Cutting Layup Shot,2PT Field Goal,Restricted Area,Center(C),Less Than 8 ft.,0.0,-2.0,2.0,1,1,20151229,MEM,MIA
Shot Chart Detail,0021500471,212,201145,Jeff Green,1610612763,Memphis Grizzlies,2,1,0,Missed Shot,Jump Shot,3PT Field Goal,Above the Break 3,Left Side Center(LC),24+ ft.,24.0,-143.0,205.0,1,0,20151229,MEM,MIA
Shot Chart Detail,0021500471,242,201145,Jeff Green,1610612763,Memphis Grizzlies,3,9,54,Missed Shot,Jump Shot,3PT Field Goal,Right Corner 3,Right Side(R),24+ ft.,23.0,236.0,-1.0,1,0,20151229,MEM,MIA
Shot Chart Detail,0021500471,308,201145,Jeff Green,1610612763,Memphis Grizzlies,3,2,24,Made Shot,Driving Dunk Shot,2PT Field Goal,Restricted Area,Center(C),Less Than 8 ft.,0.0,0.0,1.0,1,1,20151229,MEM,MIA
Shot Chart Detail,0021500471,311,201145,Jeff Green,1610612763,Memphis Grizzlies,3,1,55,Missed Shot,Running Jump Shot,2PT Field Goal,In The Paint (Non-RA),Left Side(L),8-16 ft.,8.0,-76.0,26.0,1,0,20151229,MEM,MIA
Shot Chart Detail,0021500471,319,201145,Jeff Green,1610612763,Memphis Grizzlies,3,1,9,Missed Shot,Finger Roll Layup Shot,2PT Field Goal,Restricted Area,Center(C),Less Than 8 ft.,1.0,14.0,2.0,1,0,20151229,MEM,MIA
Shot Chart Detail,0021500471,331,201145,Jeff Green,1610612763,Memphis Grizzlies,3,0,3,Made Shot,Driving Finger Roll Layup Shot,2PT Field Goal,Restricted Area,Center(C),Less Than 8 ft.,2.0,22.0,0.0,1,1,20151229,MEM,MIA
Shot Chart Detail,0021500471,342,201145,Jeff Green,1610612763,Memphis Grizzlies,4,10,58,Missed Shot,Jump Shot,2PT Field Goal,Mid-Range,Right Side(R),16-24 ft.,17.0,140.0,97.0,1,0,20151229,MEM,MIA
Shot Chart Detail,0021500471,483,201145,Jeff Green,1610612763,Memphis Grizzlies,5,2,59,Made Shot,Driving Floating Bank Jump Shot,2PT Field Goal,Mid-Range,Right Side(R),8-16 ft.,10.0,87.0,56.0,1,1,20151229,MEM,MIA
Shot Chart Detail,0021500471,490,201145,Jeff Green,1610612763,Memphis Grizzlies,5,1,57,Made Shot,Putback Dunk Shot,2PT Field Goal,Restricted Area,Center(C),Less Than 8 ft.,0.0,0.0,1.0,1,1,20151229,MEM,MIA
Shot Chart Detail,0021500471,504,201145,Jeff Green,1610612763,Memphis Grizzlies,5,0,47,Missed Shot,Jump Shot,3PT Field Goal,Left Corner 3,Left Side(L),24+ ft.,23.0,-228.0,43.0,1,0,20151229,MEM,MIA
Shot Chart Detail,0021500503,25,201145,Jeff Green,1610612763,Memphis Grizzlies,1,8,25,Made Shot,Turnaround Hook Shot,2PT Field Goal,Restricted Area,Center(C),Less Than 8 ft.,3.0,-19.0,31.0,1,1,20160102,UTA,MEM
Shot Chart Detail,0021500503,42,201145,Jeff Green,1610612763,Memphis Grizzlies,1,5,34,Missed Shot,Jump Shot,3PT Field Goal,Above the Break 3,Right Side Center(RC),24+ ft.,24.0,159.0,185.0,1,0,20160102,UTA,MEM
Shot Chart Detail,0021500503,48,201145,Jeff Green,1610612763,Memphis Grizzlies,1,4,58,Missed Shot,Jump Shot,3PT Field Goal,Above the Break 3,Right Side Center(RC),24+ ft.,24.0,150.0,188.0,1,0,20160102,UTA,MEM
Shot Chart Detail,0021500503,249,201145,Jeff Green,1610612763,Memphis Grizzlies,3,10,57,Missed Shot,Layup Shot,2PT Field Goal,Restricted Area,Center(C),Less Than 8 ft.,2.0,25.0,2.0,1,0,20160102,UTA,MEM
Shot Chart Detail,0021500503,277,201145,Jeff Green,1610612763,Memphis Grizzlies,3,8,3,Missed Shot,Layup Shot,2PT Field Goal,Restricted Area,Center(C),Less Than 8 ft.,3.0,33.0,7.0,1,0,20160102,UTA,MEM
Shot Chart Detail,0021500503,280,201145,Jeff Green,1610612763,Memphis Grizzlies,3,7,30,Made Shot,Jump Shot,2PT Field Goal,Mid-Range,Right Side Center(RC),16-24 ft.,21.0,89.0,193.0,1,1,20160102,UTA,MEM
Shot Chart Detail,0021500503,294,201145,Jeff Green,1610612763,Memphis Grizzlies,3,5,41,Made Shot,Jump Shot,2PT Field Goal,Mid-Range,Center(C),16-24 ft.,17.0,-35.0,174.0,1,1,20160102,UTA,MEM
Shot Chart Detail,0021500503,322,201145,Jeff Green,1610612763,Memphis Grizzlies,3,3,4,Missed Shot,Jump Shot,3PT Field Goal,Above the Break 3,Left Side Center(LC),24+ ft.,25.0,-186.0,174.0,1,0,20160102,UTA,MEM
Shot Chart Detail,0021500503,355,201145,Jeff Green,1610612763,Memphis Grizzlies,3,0,1,Missed Shot,Jump Bank Shot,3PT Field Goal,Above the Break 3,Center(C),24+ ft.,24.0,55.0,234.0,1,0,20160102,UTA,MEM
Shot Chart Detail,0021500503,533,201145,Jeff Green,1610612763,Memphis Grizzlies,5,1,25,Missed Shot,Jump Shot,3PT Field Goal,Right Corner 3,Right Side(R),24+ ft.,24.0,232.0,75.0,1,0,20160102,UTA,MEM
Shot Chart Detail,0021500519,2,201145,Jeff Green,1610612763,Memphis Grizzlies,1,11,31,Missed Shot,Jump Shot,3PT Field Goal,Above the Break 3,Left Side Center(LC),24+ ft.,32.0,-184.0,267.0,1,0,20160104,POR,MEM
Shot Chart Detail,0021500519,18,201145,Jeff Green,1610612763,Memphis Grizzlies,1,9,35,Missed Shot,Driving Layup Shot,2PT Field Goal,Restricted Area,Center(C),Less Than 8 ft.,2.0,17.0,13.0,1,0,20160104,POR,MEM
Shot Chart Detail,0021500519,88,201145,Jeff Green,1610612763,Memphis Grizzlies,1,3,11,Made Shot,Driving Floating Jump Shot,2PT Field Goal,Restricted Area,Center(C),Less Than 8 ft.,3.0,-34.0,16.0,1,1,20160104,POR,MEM
Shot Chart Detail,0021500519,100,201145,Jeff Green,1610612763,Memphis Grizzlies,1,1,45,Made Shot,Jump Shot,2PT Field Goal,Mid-Range,Center(C),16-24 ft.,21.0,27.0,214.0,1,1,20160104,POR,MEM
Shot Chart Detail,0021500519,103,201145,Jeff Green,1610612763,Memphis Grizzlies,1,1,10,Missed Shot,Driving Finger Roll Layup Shot,2PT Field Goal,Restricted Area,Center(C),Less Than 8 ft.,2.0,-14.0,21.0,1,0,20160104,POR,MEM
Shot Chart Detail,0021500519,232,201145,Jeff Green,1610612763,Memphis Grizzlies,2,1,24,Missed Shot,Alley Oop Layup shot,2PT Field Goal,Restricted Area,Center(C),Less Than 8 ft.,1.0,-19.0,3.0,1,0,20160104,POR,MEM
Shot Chart Detail,0021500519,244,201145,Jeff Green,1610612763,Memphis Grizzlies,2,0,1,Missed Shot,Jump Shot,2PT Field Goal,In The Paint (Non-RA),Center(C),Less Than 8 ft.,4.0,-11.0,41.0,1,0,20160104,POR,MEM
Shot Chart Detail,0021500519,290,201145,Jeff Green,1610612763,Memphis Grizzlies,3,8,12,Made Shot,Pullup Jump shot,2PT Field Goal,Mid-Range,Left Side Center(LC),16-24 ft.,18.0,-135.0,124.0,1,1,20160104,POR,MEM
Shot Chart Detail,0021500519,329,201145,Jeff Green,1610612763,Memphis Grizzlies,3,5,11,Missed Shot,Jump Shot,2PT Field Goal,In The Paint (Non-RA),Center(C),Less Than 8 ft.,5.0,-4.0,57.0,1,0,20160104,POR,MEM
Shot Chart Detail,0021500519,331,201145,Jeff Green,1610612763,Memphis Grizzlies,3,5,8,Missed Shot,Putback Layup Shot,2PT Field Goal,Restricted Area,Center(C),Less Than 8 ft.,2.0,25.0,3.0,1,0,20160104,POR,MEM
Shot Chart Detail,0021500519,461,201145,Jeff Green,1610612763,Memphis Grizzlies,4,8,19,Missed Shot,Jump Shot,2PT Field Goal,In The Paint (Non-RA),Center(C),Less Than 8 ft.,4.0,9.0,43.0,1,0,20160104,POR,MEM
Shot Chart Detail,0021500519,465,201145,Jeff Green,1610612763,Memphis Grizzlies,4,8,10,Missed Shot,Jump Shot,3PT Field Goal,Above the Break 3,Left Side Center(LC),24+ ft.,24.0,-184.0,164.0,1,0,20160104,POR,MEM
Shot Chart Detail,0021500534,5,201145,Jeff Green,1610612763,Memphis Grizzlies,1,11,10,Missed Shot,Jump Shot,2PT Field Goal,Mid-Range,Right Side Center(RC),16-24 ft.,20.0,137.0,149.0,1,0,20160106,OKC,MEM
Shot Chart Detail,0021500534,30,201145,Jeff Green,1610612763,Memphis Grizzlies,1,8,13,Missed Shot,Jump Shot,2PT Field Goal,In The Paint (Non-RA),Center(C),Less Than 8 ft.,4.0,-34.0,26.0,1,0,20160106,OKC,MEM
Shot Chart Detail,0021500534,43,201145,Jeff Green,1610612763,Memphis Grizzlies,1,7,9,Missed Shot,Jump Shot,2PT Field Goal,In The Paint (Non-RA),Center(C),Less Than 8 ft.,6.0,-58.0,23.0,1,0,20160106,OKC,MEM
Shot Chart Detail,0021500534,55,201145,Jeff Green,1610612763,Memphis Grizzlies,1,6,14,Missed Shot,Pullup Jump shot,2PT Field Goal,Mid-Range,Left Side(L),8-16 ft.,13.0,-133.0,31.0,1,0,20160106,OKC,MEM
Shot Chart Detail,0021500534,65,201145,Jeff Green,1610612763,Memphis Grizzlies,1,5,37,Missed Shot,Pullup Jump shot,2PT Field Goal,Mid-Range,Right Side Center(RC),16-24 ft.,16.0,132.0,105.0,1,0,20160106,OKC,MEM
Shot Chart Detail,0021500534,81,201145,Jeff Green,1610612763,Memphis Grizzlies,1,4,11,Made Shot,Jump Shot,3PT Field Goal,Above the Break 3,Right Side Center(RC),24+ ft.,24.0,168.0,185.0,1,1,20160106,OKC,MEM
Shot Chart Detail,0021500534,106,201145,Jeff Green,1610612763,Memphis Grizzlies,1,1,54,Missed Shot,Floating Jump shot,2PT Field Goal,Mid-Range,Right Side(R),8-16 ft.,9.0,89.0,43.0,1,0,20160106,OKC,MEM
Shot Chart Detail,0021500534,241,201145,Jeff Green,1610612763,Memphis Grizzlies,2,2,38,Missed Shot,Pullup Jump shot,2PT Field Goal,In The Paint (Non-RA),Center(C),Less Than 8 ft.,5.0,4.0,51.0,1,0,20160106,OKC,MEM
Shot Chart Detail,0021500534,307,201145,Jeff Green,1610612763,Memphis Grizzlies,3,10,48,Made Shot,Floating Jump shot,2PT Field Goal,Mid-Range,Right Side(R),8-16 ft.,10.0,105.0,31.0,1,1,20160106,OKC,MEM
Shot Chart Detail,0021500534,309,201145,Jeff Green,1610612763,Memphis Grizzlies,3,10,14,Made Shot,Pullup Jump shot,3PT Field Goal,Above the Break 3,Center(C),24+ ft.,23.0,2.0,239.0,1,1,20160106,OKC,MEM
Shot Chart Detail,0021500534,375,201145,Jeff Green,1610612763,Memphis Grizzlies,3,4,10,Missed Shot,Jump Shot,3PT Field Goal,Above the Break 3,Left Side Center(LC),24+ ft.,24.0,-96.0,223.0,1,0,20160106,OKC,MEM
Shot Chart Detail,0021500534,406,201145,Jeff Green,1610612763,Memphis Grizzlies,3,1,41,Missed Shot,Driving Layup Shot,2PT Field Goal,Restricted Area,Center(C),Less Than 8 ft.,1.0,-16.0,-1.0,1,0,20160106,OKC,MEM
Shot Chart Detail,0021500542,2,201145,Jeff Green,1610612763,Memphis Grizzlies,1,11,40,Missed Shot,Jump Shot,3PT Field Goal,Right Corner 3,Right Side(R),24+ ft.,24.0,243.0,-16.0,1,0,20160108,MEM,DEN
Shot Chart Detail,0021500542,11,201145,Jeff Green,1610612763,Memphis Grizzlies,1,10,31,Missed Shot,Floating Jump shot,2PT Field Goal,In The Paint (Non-RA),Right Side(R),8-16 ft.,10.0,60.0,92.0,1,0,20160108,MEM,DEN
Shot Chart Detail,0021500542,13,201145,Jeff Green,1610612763,Memphis Grizzlies,1,10,29,Made Shot,Putback Layup Shot,2PT Field Goal,Restricted Area,Center(C),Less Than 8 ft.,0.0,0.0,2.0,1,1,20160108,MEM,DEN
Shot Chart Detail,0021500542,33,201145,Jeff Green,1610612763,Memphis Grizzlies,1,8,3,Missed Shot,Reverse Layup Shot,2PT Field Goal,Restricted Area,Center(C),Less Than 8 ft.,0.0,-9.0,-1.0,1,0,20160108,MEM,DEN
Shot Chart Detail,0021500542,47,201145,Jeff Green,1610612763,Memphis Grizzlies,1,6,15,Made Shot,Jump Shot,3PT Field Goal,Above the Break 3,Right Side Center(RC),24+ ft.,24.0,173.0,180.0,1,1,20160108,MEM,DEN
Shot Chart Detail,0021500542,53,201145,Jeff Green,1610612763,Memphis Grizzlies,1,5,21,Made Shot,Step Back Jump shot,3PT Field Goal,Above the Break 3,Right Side Center(RC),24+ ft.,25.0,182.0,180.0,1,1,20160108,MEM,DEN
Shot Chart Detail,0021500542,84,201145,Jeff Green,1610612763,Memphis Grizzlies,1,3,16,Missed Shot,Turnaround Jump Shot,2PT Field Goal,Restricted Area,Center(C),Less Than 8 ft.,3.0,14.0,36.0,1,0,20160108,MEM,DEN
Shot Chart Detail,0021500542,247,201145,Jeff Green,1610612763,Memphis Grizzlies,2,3,7,Missed Shot,Turnaround Hook Shot,2PT Field Goal,In The Paint (Non-RA),Center(C),Less Than 8 ft.,4.0,10.0,46.0,1,0,20160108,MEM,DEN
Shot Chart Detail,0021500542,393,201145,Jeff Green,1610612763,Memphis Grizzlies,3,0,51,Made Shot,Jump Shot,3PT Field Goal,Left Corner 3,Left Side(L),24+ ft.,24.0,-233.0,80.0,1,1,20160108,MEM,DEN
Shot Chart Detail,0021500542,399,201145,Jeff Green,1610612763,Memphis Grizzlies,3,0,0,Missed Shot,Jump Shot,3PT Field Goal,Above the Break 3,Left Side Center(LC),24+ ft.,37.0,-166.0,332.0,1,0,20160108,MEM,DEN
Shot Chart Detail,0021500542,421,201145,Jeff Green,1610612763,Memphis Grizzlies,4,10,2,Missed Shot,Jump Shot,3PT Field Goal,Above the Break 3,Right Side Center(RC),24+ ft.,25.0,130.0,218.0,1,0,20160108,MEM,DEN
Shot Chart Detail,0021500542,437,201145,Jeff Green,1610612763,Memphis Grizzlies,4,9,17,Missed Shot,Driving Layup Shot,2PT Field Goal,Restricted Area,Center(C),Less Than 8 ft.,0.0,2.0,2.0,1,0,20160108,MEM,DEN
Shot Chart Detail,0021500542,477,201145,Jeff Green,1610612763,Memphis Grizzlies,4,5,57,Missed Shot,Cutting Layup Shot,2PT Field Goal,Restricted Area,Center(C),Less Than 8 ft.,2.0,-17.0,18.0,1,0,20160108,MEM,DEN
Shot Chart Detail,0021500560,14,201145,Jeff Green,1610612763,Memphis Grizzlies,1,10,1,Missed Shot,Jump Shot,2PT Field Goal,Mid-Range,Right Side Center(RC),16-24 ft.,22.0,102.0,198.0,1,0,20160110,MEM,BOS
Shot Chart Detail,0021500560,173,201145,Jeff Green,1610612763,Memphis Grizzlies,2,6,19,Missed Shot,Jump Shot,2PT Field Goal,In The Paint (Non-RA),Center(C),Less Than 8 ft.,6.0,-60.0,0.0,1,0,20160110,MEM,BOS
Shot Chart Detail,0021500560,176,201145,Jeff Green,1610612763,Memphis Grizzlies,2,6,14,Missed Shot,Tip Layup Shot,2PT Field Goal,Restricted Area,Center(C),Less Than 8 ft.,1.0,-12.0,13.0,1,0,20160110,MEM,BOS
Shot Chart Detail,0021500560,193,201145,Jeff Green,1610612763,Memphis Grizzlies,2,5,7,Missed Shot,Turnaround Fadeaway shot,2PT Field Goal,In The Paint (Non-RA),Center(C),Less Than 8 ft.,7.0,-68.0,26.0,1,0,20160110,MEM,BOS
Shot Chart Detail,0021500560,384,201145,Jeff Green,1610612763,Memphis Grizzlies,3,3,36,Made Shot,Turnaround Fadeaway shot,2PT Field Goal,In The Paint (Non-RA),Right Side(R),8-16 ft.,8.0,78.0,21.0,1,1,20160110,MEM,BOS
Shot Chart Detail,0021500560,386,201145,Jeff Green,1610612763,Memphis Grizzlies,3,3,12,Missed Shot,Turnaround Hook Shot,2PT Field Goal,Restricted Area,Center(C),Less Than 8 ft.,3.0,-27.0,21.0,1,0,20160110,MEM,BOS
Shot Chart Detail,0021500560,418,201145,Jeff Green,1610612763,Memphis Grizzlies,3,0,0,Missed Shot,Driving Layup Shot,2PT Field Goal,In The Paint (Non-RA),Center(C),Less Than 8 ft.,4.0,43.0,3.0,1,0,20160110,MEM,BOS
Shot Chart Detail,0021500560,489,201145,Jeff Green,1610612763,Memphis Grizzlies,4,5,28,Made Shot,Running Finger Roll Layup Shot,2PT Field Goal,Restricted Area,Center(C),Less Than 8 ft.,1.0,2.0,13.0,1,1,20160110,MEM,BOS
Shot Chart Detail,0021500560,516,201145,Jeff Green,1610612763,Memphis Grizzlies,4,3,9,Missed Shot,Jump Shot,3PT Field Goal,Above the Break 3,Center(C),24+ ft.,25.0,46.0,249.0,1,0,20160110,MEM,BOS
Shot Chart Detail,0021500560,544,201145,Jeff Green,1610612763,Memphis Grizzlies,4,1,45,Missed Shot,Tip Dunk Shot,2PT Field Goal,Restricted Area,Center(C),Less Than 8 ft.,0.0,0.0,1.0,1,0,20160110,MEM,BOS
Shot Chart Detail,0021500560,543,201145,Jeff Green,1610612763,Memphis Grizzlies,4,1,45,Missed Shot,Cutting Layup Shot,2PT Field Goal,Restricted Area,Center(C),Less Than 8 ft.,2.0,-7.0,26.0,1,0,20160110,MEM,BOS
Shot Chart Detail,0021500572,29,201145,Jeff Green,1610612763,Memphis Grizzlies,1,7,20,Missed Shot,Jump Shot,2PT Field Goal,Mid-Range,Right Side(R),16-24 ft.,20.0,194.0,51.0,1,0,20160112,MEM,HOU
Shot Chart Detail,0021500572,41,201145,Jeff Green,1610612763,Memphis Grizzlies,1,5,21,Missed Shot,Jump Shot,2PT Field Goal,Mid-Range,Right Side(R),16-24 ft.,20.0,200.0,16.0,1,0,20160112,MEM,HOU
Shot Chart Detail,0021500589,79,201145,Jeff Green,1610612763,Memphis Grizzlies,1,2,32,Made Shot,Tip Layup Shot,2PT Field Goal,Restricted Area,Center(C),Less Than 8 ft.,0.0,-2.0,-1.0,1,1,20160114,MEM,DET
Shot Chart Detail,0021500589,122,201145,Jeff Green,1610612763,Memphis Grizzlies,2,9,59,Made Shot,Driving Layup Shot,2PT Field Goal,Restricted Area,Center(C),Less Than 8 ft.,1.0,12.0,-5.0,1,1,20160114,MEM,DET
Shot Chart Detail,0021500589,140,201145,Jeff Green,1610612763,Memphis Grizzlies,2,8,37,Missed Shot,Driving Layup Shot,2PT Field Goal,Restricted Area,Center(C),Less Than 8 ft.,1.0,-7.0,18.0,1,0,20160114,MEM,DET
Shot Chart Detail,0021500589,145,201145,Jeff Green,1610612763,Memphis Grizzlies,2,7,55,Made Shot,Jump Shot,2PT Field Goal,Mid-Range,Right Side Center(RC),16-24 ft.,16.0,58.0,151.0,1,1,20160114,MEM,DET
Shot Chart Detail,0021500589,149,201145,Jeff Green,1610612763,Memphis Grizzlies,2,7,21,Made Shot,Driving Layup Shot,2PT Field Goal,Restricted Area,Center(C),Less Than 8 ft.,1.0,-12.0,-1.0,1,1,20160114,MEM,DET
Shot Chart Detail,0021500589,182,201145,Jeff Green,1610612763,Memphis Grizzlies,2,3,54,Missed Shot,Turnaround Fadeaway shot,2PT Field Goal,Mid-Range,Left Side(L),8-16 ft.,11.0,-115.0,11.0,1,0,20160114,MEM,DET
Shot Chart Detail,0021500589,212,201145,Jeff Green,1610612763,Memphis Grizzlies,2,1,35,Made Shot,Jump Shot,3PT Field Goal,Above the Break 3,Right Side Center(RC),24+ ft.,25.0,141.0,208.0,1,1,20160114,MEM,DET
Shot Chart Detail,0021500589,340,201145,Jeff Green,1610612763,Memphis Grizzlies,3,1,53,Missed Shot,Turnaround Fadeaway shot,2PT Field Goal,Mid-Range,Left Side(L),8-16 ft.,11.0,-99.0,61.0,1,0,20160114,MEM,DET
Shot Chart Detail,0021500589,372,201145,Jeff Green,1610612763,Memphis Grizzlies,4,11,32,Made Shot,Pullup Jump shot,2PT Field Goal,Mid-Range,Right Side(R),8-16 ft.,12.0,114.0,51.0,1,1,20160114,MEM,DET
Shot Chart Detail,0021500589,403,201145,Jeff Green,1610612763,Memphis Grizzlies,4,6,45,Missed Shot,Jump Shot,3PT Field Goal,Above the Break 3,Right Side Center(RC),24+ ft.,25.0,238.0,95.0,1,0,20160114,MEM,DET
Shot Chart Detail,0021500607,83,201145,Jeff Green,1610612763,Memphis Grizzlies,1,4,18,Made Shot,Pullup Jump shot,2PT Field Goal,Mid-Range,Right Side Center(RC),16-24 ft.,17.0,81.0,160.0,1,1,20160116,MEM,NYK
Shot Chart Detail,0021500607,96,201145,Jeff Green,1610612763,Memphis Grizzlies,1,3,26,Missed Shot,Cutting Layup Shot,2PT Field Goal,Restricted Area,Center(C),Less Than 8 ft.,2.0,27.0,-6.0,1,0,20160116,MEM,NYK
Shot Chart Detail,0021500607,141,201145,Jeff Green,1610612763,Memphis Grizzlies,1,0,0,Missed Shot,Jump Shot,3PT Field Goal,Backcourt,Back Court(BC),Back Court Shot,44.0,-30.0,447.0,1,0,20160116,MEM,NYK
Shot Chart Detail,0021500607,149,201145,Jeff Green,1610612763,Memphis Grizzlies,2,11,24,Made Shot,Driving Floating Jump Shot,2PT Field Goal,In The Paint (Non-RA),Center(C),Less Than 8 ft.,7.0,76.0,3.0,1,1,20160116,MEM,NYK
Shot Chart Detail,0021500607,152,201145,Jeff Green,1610612763,Memphis Grizzlies,2,10,57,Made Shot,Turnaround Fadeaway shot,2PT Field Goal,Mid-Range,Left Side(L),8-16 ft.,12.0,-122.0,3.0,1,1,20160116,MEM,NYK
Shot Chart Detail,0021500607,158,201145,Jeff Green,1610612763,Memphis Grizzlies,2,10,13,Made Shot,Jump Shot,3PT Field Goal,Above the Break 3,Right Side Center(RC),24+ ft.,24.0,76.0,228.0,1,1,20160116,MEM,NYK
Shot Chart Detail,0021500607,167,201145,Jeff Green,1610612763,Memphis Grizzlies,2,9,20,Made Shot,Turnaround Fadeaway shot,2PT Field Goal,Mid-Range,Left Side(L),8-16 ft.,14.0,-140.0,33.0,1,1,20160116,MEM,NYK
Shot Chart Detail,0021500607,189,201145,Jeff Green,1610612763,Memphis Grizzlies,2,7,32,Missed Shot,Layup Shot,2PT Field Goal,Restricted Area,Center(C),Less Than 8 ft.,2.0,20.0,0.0,1,0,20160116,MEM,NYK
Shot Chart Detail,0021500607,234,201145,Jeff Green,1610612763,Memphis Grizzlies,2,3,50,Missed Shot,Jump Shot,2PT Field Goal,Mid-Range,Left Side(L),16-24 ft.,17.0,-155.0,90.0,1,0,20160116,MEM,NYK
Shot Chart Detail,0021500607,337,201145,Jeff Green,1610612763,Memphis Grizzlies,3,2,42,Missed Shot,Pullup Jump shot,2PT Field Goal,Mid-Range,Right Side(R),16-24 ft.,18.0,179.0,36.0,1,0,20160116,MEM,NYK
Shot Chart Detail,0021500607,391,201145,Jeff Green,1610612763,Memphis Grizzlies,4,8,52,Made Shot,Driving Floating Bank Jump Shot,2PT Field Goal,Mid-Range,Right Side(R),8-16 ft.,9.0,86.0,31.0,1,1,20160116,MEM,NYK
Shot Chart Detail,0021500607,412,201145,Jeff Green,1610612763,Memphis Grizzlies,4,8,1,Missed Shot,Jump Shot,3PT Field Goal,Right Corner 3,Right Side(R),24+ ft.,22.0,228.0,13.0,1,0,20160116,MEM,NYK
Shot Chart Detail,0021500607,436,201145,Jeff Green,1610612763,Memphis Grizzlies,4,4,35,Missed Shot,Step Back Jump shot,3PT Field Goal,Above the Break 3,Left Side Center(LC),24+ ft.,25.0,-160.0,193.0,1,0,20160116,MEM,NYK
Shot Chart Detail,0021500607,475,201145,Jeff Green,1610612763,Memphis Grizzlies,4,1,51,Made Shot,Alley Oop Dunk Shot,2PT Field Goal,Restricted Area,Center(C),Less Than 8 ft.,0.0,0.0,1.0,1,1,20160116,MEM,NYK
Shot Chart Detail,0021500618,65,201145,Jeff Green,1610612763,Memphis Grizzlies,1,3,34,Missed Shot,Jump Shot,3PT Field Goal,Above the Break 3,Left Side Center(LC),24+ ft.,25.0,-191.0,170.0,1,0,20160118,MEM,NOP
Shot Chart Detail,0021500618,84,201145,Jeff Green,1610612763,Memphis Grizzlies,1,2,26,Missed Shot,Jump Shot,2PT Field Goal,Mid-Range,Center(C),16-24 ft.,17.0,4.0,174.0,1,0,20160118,MEM,NOP
Shot Chart Detail,0021500618,105,201145,Jeff Green,1610612763,Memphis Grizzlies,1,0,36,Missed Shot,Fadeaway Jump Shot,2PT Field Goal,Mid-Range,Right Side(R),8-16 ft.,9.0,99.0,8.0,1,0,20160118,MEM,NOP
Shot Chart Detail,0021500618,131,201145,Jeff Green,1610612763,Memphis Grizzlies,2,9,53,Missed Shot,Driving Layup Shot,2PT Field Goal,Restricted Area,Center(C),Less Than 8 ft.,1.0,15.0,-1.0,1,0,20160118,MEM,NOP
Shot Chart Detail,0021500618,163,201145,Jeff Green,1610612763,Memphis Grizzlies,2,6,40,Missed Shot,Jump Shot,3PT Field Goal,Above the Break 3,Right Side Center(RC),24+ ft.,26.0,119.0,232.0,1,0,20160118,MEM,NOP
Shot Chart Detail,0021500618,167,201145,Jeff Green,1610612763,Memphis Grizzlies,2,6,18,Missed Shot,Running Jump Shot,2PT Field Goal,In The Paint (Non-RA),Center(C),Less Than 8 ft.,4.0,1.0,41.0,1,0,20160118,MEM,NOP
Shot Chart Detail,0021500618,168,201145,Jeff Green,1610612763,Memphis Grizzlies,2,6,17,Made Shot,Tip Layup Shot,2PT Field Goal,Restricted Area,Center(C),Less Than 8 ft.,0.0,6.0,-6.0,1,1,20160118,MEM,NOP
Shot Chart Detail,0021500618,188,201145,Jeff Green,1610612763,Memphis Grizzlies,2,3,55,Made Shot,Floating Jump shot,2PT Field Goal,Restricted Area,Center(C),Less Than 8 ft.,3.0,17.0,31.0,1,1,20160118,MEM,NOP
Shot Chart Detail,0021500618,349,201145,Jeff Green,1610612763,Memphis Grizzlies,3,2,0,Missed Shot,Pullup Jump shot,2PT Field Goal,Mid-Range,Right Side(R),8-16 ft.,15.0,150.0,-1.0,1,0,20160118,MEM,NOP
Shot Chart Detail,0021500618,373,201145,Jeff Green,1610612763,Memphis Grizzlies,3,0,22,Made Shot,Jump Shot,2PT Field Goal,Mid-Range,Right Side(R),16-24 ft.,16.0,156.0,41.0,1,1,20160118,MEM,NOP
Shot Chart Detail,0021500618,463,201145,Jeff Green,1610612763,Memphis Grizzlies,4,4,14,Made Shot,Jump Shot,3PT Field Goal,Above the Break 3,Left Side Center(LC),24+ ft.,26.0,-161.0,213.0,1,1,20160118,MEM,NOP
Shot Chart Detail,0021500618,479,201145,Jeff Green,1610612763,Memphis Grizzlies,4,2,13,Made Shot,Floating Jump shot,2PT Field Goal,In The Paint (Non-RA),Center(C),Less Than 8 ft.,4.0,6.0,41.0,1,1,20160118,MEM,NOP
Shot Chart Detail,0021500642,93,201145,Jeff Green,1610612763,Memphis Grizzlies,1,3,45,Made Shot,Turnaround Jump Shot,2PT Field Goal,Mid-Range,Right Side(R),16-24 ft.,17.0,174.0,33.0,1,1,20160121,DEN,MEM
Shot Chart Detail,0021500642,120,201145,Jeff Green,1610612763,Memphis Grizzlies,1,1,10,Made Shot,Jump Shot,2PT Field Goal,Mid-Range,Left Side(L),8-16 ft.,15.0,-148.0,33.0,1,1,20160121,DEN,MEM
Shot Chart Detail,0021500642,122,201145,Jeff Green,1610612763,Memphis Grizzlies,1,0,34,Made Shot,Jump Shot,3PT Field Goal,Above the Break 3,Right Side Center(RC),24+ ft.,24.0,179.0,165.0,1,1,20160121,DEN,MEM
Shot Chart Detail,0021500642,138,201145,Jeff Green,1610612763,Memphis Grizzlies,2,10,35,Missed Shot,Turnaround Jump Shot,2PT Field Goal,Mid-Range,Left Side(L),8-16 ft.,15.0,-153.0,3.0,1,0,20160121,DEN,MEM
Shot Chart Detail,0021500642,167,201145,Jeff Green,1610612763,Memphis Grizzlies,2,7,37,Missed Shot,Jump Shot,3PT Field Goal,Left Corner 3,Left Side(L),24+ ft.,23.0,-227.0,38.0,1,0,20160121,DEN,MEM
Shot Chart Detail,0021500642,173,201145,Jeff Green,1610612763,Memphis Grizzlies,2,7,8,Missed Shot,Step Back Jump shot,2PT Field Goal,Mid-Range,Left Side Center(LC),16-24 ft.,18.0,-66.0,170.0,1,0,20160121,DEN,MEM
Shot Chart Detail,0021500642,365,201145,Jeff Green,1610612763,Memphis Grizzlies,3,0,50,Missed Shot,Jump Shot,2PT Field Goal,In The Paint (Non-RA),Center(C),8-16 ft.,11.0,-37.0,105.0,1,0,20160121,DEN,MEM
Shot Chart Detail,0021500642,372,201145,Jeff Green,1610612763,Memphis Grizzlies,3,0,20,Missed Shot,Step Back Jump shot,2PT Field Goal,Mid-Range,Right Side Center(RC),16-24 ft.,20.0,145.0,146.0,1,0,20160121,DEN,MEM
Shot Chart Detail,0021500642,379,201145,Jeff Green,1610612763,Memphis Grizzlies,4,11,43,Missed Shot,Turnaround Hook Shot,2PT Field Goal,Restricted Area,Center(C),Less Than 8 ft.,3.0,-5.0,34.0,1,0,20160121,DEN,MEM
Shot Chart Detail,0021500658,53,201145,Jeff Green,1610612763,Memphis Grizzlies,1,4,14,Missed Shot,Jump Shot,3PT Field Goal,Right Corner 3,Right Side(R),24+ ft.,23.0,235.0,8.0,1,0,20160123,MIN,MEM
Shot Chart Detail,0021500658,103,201145,Jeff Green,1610612763,Memphis Grizzlies,1,0,3,Missed Shot,Jump Shot,2PT Field Goal,In The Paint (Non-RA),Center(C),Less Than 8 ft.,4.0,-32.0,36.0,1,0,20160123,MIN,MEM
Shot Chart Detail,0021500658,122,201145,Jeff Green,1610612763,Memphis Grizzlies,2,10,7,Missed Shot,Jump Shot,2PT Field Goal,Mid-Range,Right Side Center(RC),16-24 ft.,16.0,58.0,159.0,1,0,20160123,MIN,MEM
Shot Chart Detail,0021500658,134,201145,Jeff Green,1610612763,Memphis Grizzlies,2,8,57,Made Shot,Jump Shot,2PT Field Goal,Mid-Range,Center(C),8-16 ft.,15.0,14.0,159.0,1,1,20160123,MIN,MEM
Shot Chart Detail,0021500658,153,201145,Jeff Green,1610612763,Memphis Grizzlies,2,7,19,Made Shot,Jump Shot,2PT Field Goal,In The Paint (Non-RA),Center(C),Less Than 8 ft.,4.0,-22.0,43.0,1,1,20160123,MIN,MEM
Shot Chart Detail,0021500658,336,201145,Jeff Green,1610612763,Memphis Grizzlies,3,3,24,Made Shot,Running Alley Oop Dunk Shot,2PT Field Goal,Restricted Area,Center(C),Less Than 8 ft.,0.0,0.0,1.0,1,1,20160123,MIN,MEM
Shot Chart Detail,0021500658,347,201145,Jeff Green,1610612763,Memphis Grizzlies,3,1,14,Missed Shot,Turnaround Jump Shot,2PT Field Goal,In The Paint (Non-RA),Left Side(L),8-16 ft.,8.0,-60.0,65.0,1,0,20160123,MIN,MEM
Shot Chart Detail,0021500658,365,201145,Jeff Green,1610612763,Memphis Grizzlies,3,0,0,Made Shot,Jump Shot,2PT Field Goal,In The Paint (Non-RA),Center(C),Less Than 8 ft.,5.0,55.0,2.0,1,1,20160123,MIN,MEM
Shot Chart Detail,0021500658,380,201145,Jeff Green,1610612763,Memphis Grizzlies,4,10,16,Missed Shot,Jump Shot,2PT Field Goal,Mid-Range,Left Side Center(LC),16-24 ft.,18.0,-114.0,149.0,1,0,20160123,MIN,MEM
Shot Chart Detail,0021500658,441,201145,Jeff Green,1610612763,Memphis Grizzlies,4,4,56,Made Shot,Driving Layup Shot,2PT Field Goal,Restricted Area,Center(C),Less Than 8 ft.,2.0,20.0,13.0,1,1,20160123,MIN,MEM
Shot Chart Detail,0021500658,458,201145,Jeff Green,1610612763,Memphis Grizzlies,4,3,14,Missed Shot,Layup Shot,2PT Field Goal,Restricted Area,Center(C),Less Than 8 ft.,2.0,15.0,18.0,1,0,20160123,MIN,MEM
Shot Chart Detail,0021500658,506,201145,Jeff Green,1610612763,Memphis Grizzlies,4,0,2,Missed Shot,Jump Shot,3PT Field Goal,Above the Break 3,Right Side Center(RC),24+ ft.,31.0,177.0,262.0,1,0,20160123,MIN,MEM
Shot Chart Detail,0021500658,508,201145,Jeff Green,1610612763,Memphis Grizzlies,4,0,0,Missed Shot,Jump Shot,2PT Field Goal,Mid-Range,Right Side Center(RC),16-24 ft.,21.0,125.0,174.0,1,0,20160123,MIN,MEM
Shot Chart Detail,0021500670,116,201145,Jeff Green,1610612763,Memphis Grizzlies,1,0,0,Missed Shot,Jump Shot,3PT Field Goal,Backcourt,Back Court(BC),Back Court Shot,50.0,-20.0,506.0,1,0,20160125,MEM,ORL
Shot Chart Detail,0021500670,122,201145,Jeff Green,1610612763,Memphis Grizzlies,2,11,23,Made Shot,Layup Shot,2PT Field Goal,Restricted Area,Center(C),Less Than 8 ft.,3.0,-35.0,2.0,1,1,20160125,MEM,ORL
Shot Chart Detail,0021500670,130,201145,Jeff Green,1610612763,Memphis Grizzlies,2,10,24,Missed Shot,Driving Layup Shot,2PT Field Goal,Restricted Area,Center(C),Less Than 8 ft.,2.0,-29.0,7.0,1,0,20160125,MEM,ORL
Shot Chart Detail,0021500670,165,201145,Jeff Green,1610612763,Memphis Grizzlies,2,7,39,Made Shot,Driving Finger Roll Layup Shot,2PT Field Goal,Restricted Area,Center(C),Less Than 8 ft.,2.0,4.0,21.0,1,1,20160125,MEM,ORL
Shot Chart Detail,0021500670,167,201145,Jeff Green,1610612763,Memphis Grizzlies,2,7,18,Made Shot,Running Dunk Shot,2PT Field Goal,Restricted Area,Center(C),Less Than 8 ft.,0.0,0.0,1.0,1,1,20160125,MEM,ORL
Shot Chart Detail,0021500670,234,201145,Jeff Green,1610612763,Memphis Grizzlies,2,1,24,Made Shot,Jump Shot,3PT Field Goal,Left Corner 3,Left Side(L),24+ ft.,22.0,-228.0,-11.0,1,1,20160125,MEM,ORL
Shot Chart Detail,0021500670,242,201145,Jeff Green,1610612763,Memphis Grizzlies,2,0,53,Made Shot,Driving Bank shot,2PT Field Goal,In The Paint (Non-RA),Center(C),Less Than 8 ft.,5.0,45.0,23.0,1,1,20160125,MEM,ORL
Shot Chart Detail,0021500670,252,201145,Jeff Green,1610612763,Memphis Grizzlies,2,0,25,Made Shot,Jump Shot,3PT Field Goal,Right Corner 3,Right Side(R),24+ ft.,22.0,225.0,-11.0,1,1,20160125,MEM,ORL
Shot Chart Detail,0021500670,323,201145,Jeff Green,1610612763,Memphis Grizzlies,3,4,36,Made Shot,Floating Jump shot,2PT Field Goal,In The Paint (Non-RA),Center(C),Less Than 8 ft.,7.0,38.0,70.0,1,1,20160125,MEM,ORL
Shot Chart Detail,0021500670,338,201145,Jeff Green,1610612763,Memphis Grizzlies,3,2,45,Made Shot,Running Dunk Shot,2PT Field Goal,Restricted Area,Center(C),Less Than 8 ft.,0.0,0.0,1.0,1,1,20160125,MEM,ORL
Shot Chart Detail,0021500670,348,201145,Jeff Green,1610612763,Memphis Grizzlies,3,2,10,Missed Shot,Jump Shot,3PT Field Goal,Above the Break 3,Left Side Center(LC),24+ ft.,25.0,-138.0,218.0,1,0,20160125,MEM,ORL
Shot Chart Detail,0021500670,368,201145,Jeff Green,1610612763,Memphis Grizzlies,3,0,22,Missed Shot,Jump Shot,3PT Field Goal,Above the Break 3,Center(C),24+ ft.,24.0,9.0,247.0,1,0,20160125,MEM,ORL
Shot Chart Detail,0021500670,378,201145,Jeff Green,1610612763,Memphis Grizzlies,4,11,48,Missed Shot,Cutting Finger Roll Layup Shot,2PT Field Goal,Restricted Area,Center(C),Less Than 8 ft.,1.0,2.0,16.0,1,0,20160125,MEM,ORL
Shot Chart Detail,0021500670,386,201145,Jeff Green,1610612763,Memphis Grizzlies,4,11,8,Made Shot,Putback Layup Shot,2PT Field Goal,Restricted Area,Center(C),Less Than 8 ft.,2.0,14.0,21.0,1,1,20160125,MEM,ORL
Shot Chart Detail,0021500670,411,201145,Jeff Green,1610612763,Memphis Grizzlies,4,8,0,Missed Shot,Jump Shot,3PT Field Goal,Above the Break 3,Right Side Center(RC),24+ ft.,24.0,179.0,169.0,1,0,20160125,MEM,ORL
Shot Chart Detail,0021500670,483,201145,Jeff Green,1610612763,Memphis Grizzlies,4,0,14,Made Shot,Running Dunk Shot,2PT Field Goal,Restricted Area,Center(C),Less Than 8 ft.,0.0,0.0,1.0,1,1,20160125,MEM,ORL
Shot Chart Detail,0021500670,489,201145,Jeff Green,1610612763,Memphis Grizzlies,4,0,1,Made Shot,Jump Shot,2PT Field Goal,In The Paint (Non-RA),Left Side(L),8-16 ft.,11.0,-65.0,90.0,1,1,20160125,MEM,ORL
Shot Chart Detail,0021500670,529,201145,Jeff Green,1610612763,Memphis Grizzlies,5,1,50,Missed Shot,Jump Shot,2PT Field Goal,In The Paint (Non-RA),Center(C),8-16 ft.,12.0,9.0,129.0,1,0,20160125,MEM,ORL
Shot Chart Detail,0021500695,89,201145,Jeff Green,1610612763,Memphis Grizzlies,1,2,43,Missed Shot,Running Jump Shot,2PT Field Goal,Restricted Area,Center(C),Less Than 8 ft.,3.0,-2.0,36.0,1,0,20160128,MEM,MIL
Shot Chart Detail,0021500695,101,201145,Jeff Green,1610612763,Memphis Grizzlies,1,2,20,Made Shot,Driving Layup Shot,2PT Field Goal,Restricted Area,Center(C),Less Than 8 ft.,2.0,24.0,-1.0,1,1,20160128,MEM,MIL
Shot Chart Detail,0021500695,118,201145,Jeff Green,1610612763,Memphis Grizzlies,1,0,50,Made Shot,Layup Shot,2PT Field Goal,Restricted Area,Center(C),Less Than 8 ft.,0.0,6.0,2.0,1,1,20160128,MEM,MIL
Shot Chart Detail,0021500695,134,201145,Jeff Green,1610612763,Memphis Grizzlies,2,11,40,Made Shot,Jump Shot,3PT Field Goal,Above the Break 3,Right Side Center(RC),24+ ft.,25.0,143.0,210.0,1,1,20160128,MEM,MIL
Shot Chart Detail,0021500695,137,201145,Jeff Green,1610612763,Memphis Grizzlies,2,11,9,Made Shot,Dunk Shot,2PT Field Goal,Restricted Area,Center(C),Less Than 8 ft.,0.0,0.0,1.0,1,1,20160128,MEM,MIL
Shot Chart Detail,0021500695,151,201145,Jeff Green,1610612763,Memphis Grizzlies,2,10,17,Made Shot,Running Layup Shot,2PT Field Goal,Restricted Area,Center(C),Less Than 8 ft.,0.0,-6.0,3.0,1,1,20160128,MEM,MIL
Shot Chart Detail,0021500695,179,201145,Jeff Green,1610612763,Memphis Grizzlies,2,7,6,Missed Shot,Running Layup Shot,2PT Field Goal,Restricted Area,Center(C),Less Than 8 ft.,0.0,-4.0,2.0,1,0,20160128,MEM,MIL
Shot Chart Detail,0021500695,192,201145,Jeff Green,1610612763,Memphis Grizzlies,2,6,17,Missed Shot,Step Back Jump shot,3PT Field Goal,Above the Break 3,Right Side Center(RC),24+ ft.,26.0,155.0,213.0,1,0,20160128,MEM,MIL
Shot Chart Detail,0021500695,335,201145,Jeff Green,1610612763,Memphis Grizzlies,3,4,48,Made Shot,Tip Layup Shot,2PT Field Goal,Restricted Area,Center(C),Less Than 8 ft.,0.0,2.0,7.0,1,1,20160128,MEM,MIL
Shot Chart Detail,0021500695,341,201145,Jeff Green,1610612763,Memphis Grizzlies,3,3,39,Made Shot,Jump Shot,3PT Field Goal,Above the Break 3,Center(C),24+ ft.,25.0,35.0,252.0,1,1,20160128,MEM,MIL
Shot Chart Detail,0021500695,352,201145,Jeff Green,1610612763,Memphis Grizzlies,3,2,30,Missed Shot,Running Jump Shot,3PT Field Goal,Left Corner 3,Left Side(L),24+ ft.,23.0,-235.0,-11.0,1,0,20160128,MEM,MIL
Shot Chart Detail,0021500695,387,201145,Jeff Green,1610612763,Memphis Grizzlies,4,11,21,Missed Shot,Layup Shot,2PT Field Goal,Restricted Area,Center(C),Less Than 8 ft.,1.0,-14.0,7.0,1,0,20160128,MEM,MIL
Shot Chart Detail,0021500695,393,201145,Jeff Green,1610612763,Memphis Grizzlies,4,10,16,Made Shot,Jump Shot,3PT Field Goal,Left Corner 3,Left Side(L),24+ ft.,22.0,-228.0,7.0,1,1,20160128,MEM,MIL
Shot Chart Detail,0021500695,398,201145,Jeff Green,1610612763,Memphis Grizzlies,4,9,42,Made Shot,Cutting Finger Roll Layup Shot,2PT Field Goal,Restricted Area,Center(C),Less Than 8 ft.,1.0,10.0,3.0,1,1,20160128,MEM,MIL
Shot Chart Detail,0021500695,461,201145,Jeff Green,1610612763,Memphis Grizzlies,4,4,36,Missed Shot,Jump Shot,3PT Field Goal,Above the Break 3,Right Side Center(RC),24+ ft.,25.0,122.0,223.0,1,0,20160128,MEM,MIL
Shot Chart Detail,0021500712,72,201145,Jeff Green,1610612763,Memphis Grizzlies,1,4,18,Made Shot,Step Back Jump shot,2PT Field Goal,Mid-Range,Left Side(L),16-24 ft.,17.0,-163.0,70.0,1,1,20160130,MEM,SAC
Shot Chart Detail,0021500712,87,201145,Jeff Green,1610612763,Memphis Grizzlies,1,2,58,Missed Shot,Step Back Jump shot,3PT Field Goal,Above the Break 3,Center(C),24+ ft.,24.0,1.0,247.0,1,0,20160130,MEM,SAC
Shot Chart Detail,0021500712,90,201145,Jeff Green,1610612763,Memphis Grizzlies,1,2,45,Made Shot,Running Finger Roll Layup Shot,2PT Field Goal,Restricted Area,Center(C),Less Than 8 ft.,1.0,2.0,-11.0,1,1,20160130,MEM,SAC
Shot Chart Detail,0021500712,92,201145,Jeff Green,1610612763,Memphis Grizzlies,1,2,29,Made Shot,Running Layup Shot,2PT Field Goal,Restricted Area,Center(C),Less Than 8 ft.,0.0,-6.0,2.0,1,1,20160130,MEM,SAC
Shot Chart Detail,0021500712,117,201145,Jeff Green,1610612763,Memphis Grizzlies,1,0,41,Made Shot,Driving Layup Shot,2PT Field Goal,Restricted Area,Center(C),Less Than 8 ft.,0.0,4.0,-1.0,1,1,20160130,MEM,SAC
Shot Chart Detail,0021500712,155,201145,Jeff Green,1610612763,Memphis Grizzlies,2,9,40,Made Shot,Jump Shot,3PT Field Goal,Above the Break 3,Right Side Center(RC),24+ ft.,25.0,174.0,183.0,1,1,20160130,MEM,SAC
Shot Chart Detail,0021500712,189,201145,Jeff Green,1610612763,Memphis Grizzlies,2,7,21,Made Shot,Step Back Jump shot,2PT Field Goal,In The Paint (Non-RA),Center(C),8-16 ft.,11.0,-25.0,110.0,1,1,20160130,MEM,SAC
Shot Chart Detail,0021500712,191,201145,Jeff Green,1610612763,Memphis Grizzlies,2,7,10,Made Shot,Running Layup Shot,2PT Field Goal,Restricted Area,Center(C),Less Than 8 ft.,1.0,19.0,2.0,1,1,20160130,MEM,SAC
Shot Chart Detail,0021500712,255,201145,Jeff Green,1610612763,Memphis Grizzlies,2,1,55,Made Shot,Driving Finger Roll Layup Shot,2PT Field Goal,Restricted Area,Center(C),Less Than 8 ft.,1.0,15.0,-6.0,1,1,20160130,MEM,SAC
Shot Chart Detail,0021500712,405,201145,Jeff Green,1610612763,Memphis Grizzlies,3,1,36,Made Shot,Jump Shot,2PT Field Goal,Mid-Range,Left Side(L),8-16 ft.,15.0,-142.0,67.0,1,1,20160130,MEM,SAC
Shot Chart Detail,0021500712,411,201145,Jeff Green,1610612763,Memphis Grizzlies,3,0,55,Made Shot,Jump Shot,3PT Field Goal,Above the Break 3,Right Side Center(RC),24+ ft.,25.0,233.0,97.0,1,1,20160130,MEM,SAC
Shot Chart Detail,0021500712,419,201145,Jeff Green,1610612763,Memphis Grizzlies,3,0,29,Missed Shot,Jump Shot,3PT Field Goal,Above the Break 3,Right Side Center(RC),24+ ft.,24.0,107.0,219.0,1,0,20160130,MEM,SAC
Shot Chart Detail,0021500712,437,201145,Jeff Green,1610612763,Memphis Grizzlies,4,10,55,Made Shot,Jump Shot,3PT Field Goal,Left Corner 3,Left Side(L),24+ ft.,22.0,-225.0,11.0,1,1,20160130,MEM,SAC
Shot Chart Detail,0021500712,459,201145,Jeff Green,1610612763,Memphis Grizzlies,4,8,34,Missed Shot,Driving Floating Jump Shot,2PT Field Goal,In The Paint (Non-RA),Center(C),Less Than 8 ft.,6.0,58.0,18.0,1,0,20160130,MEM,SAC
Shot Chart Detail,0021500712,506,201145,Jeff Green,1610612763,Memphis Grizzlies,4,5,40,Missed Shot,Driving Floating Jump Shot,2PT Field Goal,In The Paint (Non-RA),Center(C),Less Than 8 ft.,4.0,12.0,46.0,1,0,20160130,MEM,SAC
Shot Chart Detail,0021500712,588,201145,Jeff Green,1610612763,Memphis Grizzlies,4,0,39,Missed Shot,Jump Shot,2PT Field Goal,Mid-Range,Left Side(L),16-24 ft.,18.0,-183.0,51.0,1,0,20160130,MEM,SAC
Shot Chart Detail,0021500724,92,201145,Jeff Green,1610612763,Memphis Grizzlies,1,2,0,Made Shot,Layup Shot,2PT Field Goal,Restricted Area,Center(C),Less Than 8 ft.,1.0,14.0,11.0,1,1,20160201,NOP,MEM
Shot Chart Detail,0021500724,106,201145,Jeff Green,1610612763,Memphis Grizzlies,1,0,32,Missed Shot,Layup Shot,2PT Field Goal,Restricted Area,Center(C),Less Than 8 ft.,1.0,9.0,11.0,1,0,20160201,NOP,MEM
Shot Chart Detail,0021500724,113,201145,Jeff Green,1610612763,Memphis Grizzlies,1,0,0,Missed Shot,Jump Shot,2PT Field Goal,Mid-Range,Left Side(L),16-24 ft.,16.0,-148.0,77.0,1,0,20160201,NOP,MEM
Shot Chart Detail,0021500724,130,201145,Jeff Green,1610612763,Memphis Grizzlies,2,9,52,Made Shot,Layup Shot,2PT Field Goal,Restricted Area,Center(C),Less Than 8 ft.,2.0,27.0,11.0,1,1,20160201,NOP,MEM
Shot Chart Detail,0021500724,136,201145,Jeff Green,1610612763,Memphis Grizzlies,2,9,24,Missed Shot,Layup Shot,2PT Field Goal,Restricted Area,Center(C),Less Than 8 ft.,1.0,12.0,8.0,1,0,20160201,NOP,MEM
Shot Chart Detail,0021500724,141,201145,Jeff Green,1610612763,Memphis Grizzlies,2,8,44,Made Shot,Jump Shot,3PT Field Goal,Above the Break 3,Center(C),24+ ft.,25.0,-60.0,244.0,1,1,20160201,NOP,MEM
Shot Chart Detail,0021500724,155,201145,Jeff Green,1610612763,Memphis Grizzlies,2,7,28,Missed Shot,Jump Shot,2PT Field Goal,In The Paint (Non-RA),Center(C),Less Than 8 ft.,4.0,25.0,38.0,1,0,20160201,NOP,MEM
Shot Chart Detail,0021500724,225,201145,Jeff Green,1610612763,Memphis Grizzlies,2,1,46,Made Shot,Jump Shot,3PT Field Goal,Left Corner 3,Left Side(L),24+ ft.,23.0,-233.0,0.0,1,1,20160201,NOP,MEM
Shot Chart Detail,0021500724,314,201145,Jeff Green,1610612763,Memphis Grizzlies,3,3,47,Made Shot,Jump Bank Shot,2PT Field Goal,In The Paint (Non-RA),Center(C),8-16 ft.,10.0,51.0,90.0,1,1,20160201,NOP,MEM
Shot Chart Detail,0021500724,325,201145,Jeff Green,1610612763,Memphis Grizzlies,3,2,23,Made Shot,Cutting Layup Shot,2PT Field Goal,Restricted Area,Center(C),Less Than 8 ft.,1.0,-17.0,0.0,1,1,20160201,NOP,MEM
Shot Chart Detail,0021500724,439,201145,Jeff Green,1610612763,Memphis Grizzlies,4,3,34,Made Shot,Jump Shot,3PT Field Goal,Above the Break 3,Center(C),24+ ft.,24.0,74.0,234.0,1,1,20160201,NOP,MEM
Shot Chart Detail,0021500724,463,201145,Jeff Green,1610612763,Memphis Grizzlies,4,1,24,Made Shot,Layup Shot,2PT Field Goal,Restricted Area,Center(C),Less Than 8 ft.,1.0,12.0,7.0,1,1,20160201,NOP,MEM
Shot Chart Detail,0021500724,481,201145,Jeff Green,1610612763,Memphis Grizzlies,4,0,22,Missed Shot,Jump Shot,3PT Field Goal,Above the Break 3,Center(C),24+ ft.,24.0,71.0,234.0,1,0,20160201,NOP,MEM
Shot Chart Detail,0021500756,137,201145,Jeff Green,1610612763,Memphis Grizzlies,2,11,23,Missed Shot,Fadeaway Jump Shot,2PT Field Goal,Mid-Range,Right Side(R),8-16 ft.,9.0,87.0,46.0,1,0,20160205,NYK,MEM
Shot Chart Detail,0021500756,145,201145,Jeff Green,1610612763,Memphis Grizzlies,2,9,57,Made Shot,Pullup Jump shot,2PT Field Goal,Mid-Range,Right Side Center(RC),16-24 ft.,17.0,61.0,169.0,1,1,20160205,NYK,MEM
Shot Chart Detail,0021500756,148,201145,Jeff Green,1610612763,Memphis Grizzlies,2,9,16,Missed Shot,Turnaround Jump Shot,2PT Field Goal,Mid-Range,Left Side(L),8-16 ft.,10.0,-102.0,2.0,1,0,20160205,NYK,MEM
Shot Chart Detail,0021500756,175,201145,Jeff Green,1610612763,Memphis Grizzlies,2,6,52,Made Shot,Driving Dunk Shot,2PT Field Goal,Restricted Area,Center(C),Less Than 8 ft.,0.0,-7.0,-1.0,1,1,20160205,NYK,MEM
Shot Chart Detail,0021500756,184,201145,Jeff Green,1610612763,Memphis Grizzlies,2,5,54,Made Shot,Driving Layup Shot,2PT Field Goal,Restricted Area,Center(C),Less Than 8 ft.,0.0,-4.0,7.0,1,1,20160205,NYK,MEM
Shot Chart Detail,0021500756,323,201145,Jeff Green,1610612763,Memphis Grizzlies,3,1,54,Missed Shot,Layup Shot,2PT Field Goal,Restricted Area,Center(C),Less Than 8 ft.,1.0,-12.0,7.0,1,0,20160205,NYK,MEM
Shot Chart Detail,0021500756,361,201145,Jeff Green,1610612763,Memphis Grizzlies,4,11,5,Missed Shot,Jump Shot,3PT Field Goal,Left Corner 3,Left Side(L),24+ ft.,23.0,-238.0,-1.0,1,0,20160205,NYK,MEM
Shot Chart Detail,0021500756,406,201145,Jeff Green,1610612763,Memphis Grizzlies,4,7,38,Missed Shot,Dunk Shot,2PT Field Goal,Restricted Area,Center(C),Less Than 8 ft.,0.0,0.0,1.0,1,0,20160205,NYK,MEM
Shot Chart Detail,0021500756,454,201145,Jeff Green,1610612763,Memphis Grizzlies,4,3,56,Made Shot,Hook Shot,2PT Field Goal,In The Paint (Non-RA),Center(C),Less Than 8 ft.,7.0,30.0,70.0,1,1,20160205,NYK,MEM
Shot Chart Detail,0021500756,456,201145,Jeff Green,1610612763,Memphis Grizzlies,4,3,39,Made Shot,Driving Dunk Shot,2PT Field Goal,Restricted Area,Center(C),Less Than 8 ft.,0.0,0.0,1.0,1,1,20160205,NYK,MEM
Shot Chart Detail,0021500756,469,201145,Jeff Green,1610612763,Memphis Grizzlies,4,1,44,Missed Shot,Layup Shot,2PT Field Goal,Restricted Area,Center(C),Less Than 8 ft.,2.0,-25.0,2.0,1,0,20160205,NYK,MEM
Shot Chart Detail,0021500765,107,201145,Jeff Green,1610612763,Memphis Grizzlies,1,0,36,Missed Shot,Driving Floating Jump Shot,2PT Field Goal,Restricted Area,Center(C),Less Than 8 ft.,3.0,-16.0,31.0,1,0,20160206,MEM,DAL
Shot Chart Detail,0021500765,137,201145,Jeff Green,1610612763,Memphis Grizzlies,2,11,7,Missed Shot,Turnaround Bank shot,2PT Field Goal,In The Paint (Non-RA),Center(C),Less Than 8 ft.,6.0,55.0,31.0,1,0,20160206,MEM,DAL
Shot Chart Detail,0021500765,162,201145,Jeff Green,1610612763,Memphis Grizzlies,2,9,18,Missed Shot,Jump Shot,2PT Field Goal,In The Paint (Non-RA),Center(C),8-16 ft.,11.0,-45.0,110.0,1,0,20160206,MEM,DAL
Shot Chart Detail,0021500765,184,201145,Jeff Green,1610612763,Memphis Grizzlies,2,7,52,Made Shot,Running Alley Oop Dunk Shot,2PT Field Goal,Restricted Area,Center(C),Less Than 8 ft.,0.0,0.0,1.0,1,1,20160206,MEM,DAL
Shot Chart Detail,0021500765,192,201145,Jeff Green,1610612763,Memphis Grizzlies,2,6,41,Made Shot,Dunk Shot,2PT Field Goal,Restricted Area,Center(C),Less Than 8 ft.,0.0,0.0,1.0,1,1,20160206,MEM,DAL
Shot Chart Detail,0021500765,225,201145,Jeff Green,1610612763,Memphis Grizzlies,2,3,42,Missed Shot,Pullup Jump shot,2PT Field Goal,Mid-Range,Center(C),16-24 ft.,19.0,-11.0,198.0,1,0,20160206,MEM,DAL
Shot Chart Detail,0021500765,409,201145,Jeff Green,1610612763,Memphis Grizzlies,4,11,45,Missed Shot,Turnaround Jump Shot,2PT Field Goal,In The Paint (Non-RA),Center(C),Less Than 8 ft.,4.0,-32.0,36.0,1,0,20160206,MEM,DAL
Shot Chart Detail,0021500765,412,201145,Jeff Green,1610612763,Memphis Grizzlies,4,11,13,Missed Shot,Jump Shot,2PT Field Goal,Mid-Range,Right Side Center(RC),16-24 ft.,17.0,109.0,139.0,1,0,20160206,MEM,DAL
Shot Chart Detail,0021500765,433,201145,Jeff Green,1610612763,Memphis Grizzlies,4,9,46,Missed Shot,Jump Shot,3PT Field Goal,Above the Break 3,Right Side Center(RC),24+ ft.,25.0,86.0,237.0,1,0,20160206,MEM,DAL
Shot Chart Detail,0021500765,450,201145,Jeff Green,1610612763,Memphis Grizzlies,4,8,13,Missed Shot,Running Jump Shot,3PT Field Goal,Above the Break 3,Left Side Center(LC),24+ ft.,24.0,-165.0,180.0,1,0,20160206,MEM,DAL
Shot Chart Detail,0021500765,455,201145,Jeff Green,1610612763,Memphis Grizzlies,4,7,30,Missed Shot,Jump Shot,3PT Field Goal,Above the Break 3,Left Side Center(LC),24+ ft.,25.0,-205.0,149.0,1,0,20160206,MEM,DAL
Shot Chart Detail,0021500765,465,201145,Jeff Green,1610612763,Memphis Grizzlies,4,6,35,Made Shot,Turnaround Jump Shot,2PT Field Goal,Restricted Area,Center(C),Less Than 8 ft.,3.0,37.0,13.0,1,1,20160206,MEM,DAL
Shot Chart Detail,0021500765,477,201145,Jeff Green,1610612763,Memphis Grizzlies,4,4,59,Made Shot,Alley Oop Dunk Shot,2PT Field Goal,Restricted Area,Center(C),Less Than 8 ft.,0.0,0.0,1.0,1,1,20160206,MEM,DAL
Shot Chart Detail,0021500765,544,201145,Jeff Green,1610612763,Memphis Grizzlies,5,3,49,Missed Shot,Jump Shot,3PT Field Goal,Above the Break 3,Left Side Center(LC),24+ ft.,24.0,-222.0,100.0,1,0,20160206,MEM,DAL
Shot Chart Detail,0021500781,69,201145,Jeff Green,1610612763,Memphis Grizzlies,1,2,47,Missed Shot,Jump Shot,2PT Field Goal,In The Paint (Non-RA),Center(C),Less Than 8 ft.,7.0,-65.0,46.0,1,0,20160208,MEM,POR
Shot Chart Detail,0021500781,95,201145,Jeff Green,1610612763,Memphis Grizzlies,1,0,45,Missed Shot,Jump Shot,2PT Field Goal,Mid-Range,Right Side Center(RC),16-24 ft.,20.0,155.0,139.0,1,0,20160208,MEM,POR
Shot Chart Detail,0021500781,106,201145,Jeff Green,1610612763,Memphis Grizzlies,1,0,1,Made Shot,Jump Shot,2PT Field Goal,Mid-Range,Left Side(L),8-16 ft.,15.0,-135.0,67.0,1,1,20160208,MEM,POR
Shot Chart Detail,0021500781,119,201145,Jeff Green,1610612763,Memphis Grizzlies,2,10,51,Missed Shot,Jump Shot,2PT Field Goal,In The Paint (Non-RA),Center(C),Less Than 8 ft.,5.0,48.0,33.0,1,0,20160208,MEM,POR
Shot Chart Detail,0021500781,156,201145,Jeff Green,1610612763,Memphis Grizzlies,2,6,10,Missed Shot,Turnaround Jump Shot,2PT Field Goal,In The Paint (Non-RA),Center(C),Less Than 8 ft.,6.0,-29.0,57.0,1,0,20160208,MEM,POR
Shot Chart Detail,0021500781,234,201145,Jeff Green,1610612763,Memphis Grizzlies,3,11,19,Made Shot,Jump Shot,2PT Field Goal,In The Paint (Non-RA),Center(C),8-16 ft.,11.0,-32.0,115.0,1,1,20160208,MEM,POR
Shot Chart Detail,0021500781,346,201145,Jeff Green,1610612763,Memphis Grizzlies,4,10,53,Made Shot,Jump Shot,2PT Field Goal,In The Paint (Non-RA),Center(C),8-16 ft.,8.0,4.0,85.0,1,1,20160208,MEM,POR
Shot Chart Detail,0021500781,395,201145,Jeff Green,1610612763,Memphis Grizzlies,4,6,24,Missed Shot,Jump Shot,3PT Field Goal,Left Corner 3,Left Side(L),24+ ft.,24.0,-230.0,72.0,1,0,20160208,MEM,POR
Shot Chart Detail,0021500781,422,201145,Jeff Green,1610612763,Memphis Grizzlies,4,3,16,Made Shot,Jump Shot,2PT Field Goal,Mid-Range,Right Side Center(RC),16-24 ft.,21.0,150.0,154.0,1,1,20160208,MEM,POR
Shot Chart Detail,0021500781,440,201145,Jeff Green,1610612763,Memphis Grizzlies,4,2,6,Made Shot,Jump Shot,3PT Field Goal,Above the Break 3,Center(C),24+ ft.,25.0,-9.0,252.0,1,1,20160208,MEM,POR
Shot Chart Detail,0021500781,455,201145,Jeff Green,1610612763,Memphis Grizzlies,4,0,31,Missed Shot,Turnaround Jump Shot,2PT Field Goal,Mid-Range,Right Side(R),8-16 ft.,14.0,138.0,41.0,1,0,20160208,MEM,POR
Shot Chart Detail,0021500781,510,201145,Jeff Green,1610612763,Memphis Grizzlies,5,3,6,Missed Shot,Jump Shot,3PT Field Goal,Above the Break 3,Right Side Center(RC),24+ ft.,25.0,128.0,223.0,1,0,20160208,MEM,POR
Shot Chart Detail,0021500781,545,201145,Jeff Green,1610612763,Memphis Grizzlies,5,0,8,Missed Shot,Tip Layup Shot,2PT Field Goal,Restricted Area,Center(C),Less Than 8 ft.,0.0,2.0,2.0,1,0,20160208,MEM,POR
Shot Chart Detail,0021500781,561,201145,Jeff Green,1610612763,Memphis Grizzlies,5,0,4,Missed Shot,Jump Shot,3PT Field Goal,Left Corner 3,Left Side(L),24+ ft.,22.0,-225.0,11.0,1,0,20160208,MEM,POR
Shot Chart Detail,0021500793,58,201145,Jeff Green,1610612763,Memphis Grizzlies,1,4,13,Made Shot,Running Layup Shot,2PT Field Goal,Restricted Area,Center(C),Less Than 8 ft.,2.0,27.0,2.0,1,1,20160210,BKN,MEM
Shot Chart Detail,0021500793,73,201145,Jeff Green,1610612763,Memphis Grizzlies,1,2,39,Missed Shot,Jump Shot,2PT Field Goal,Mid-Range,Left Side(L),16-24 ft.,18.0,-183.0,-11.0,1,0,20160210,BKN,MEM
Shot Chart Detail,0021500793,86,201145,Jeff Green,1610612763,Memphis Grizzlies,1,1,21,Missed Shot,Fadeaway Jump Shot,3PT Field Goal,Right Corner 3,Right Side(R),24+ ft.,23.0,232.0,28.0,1,0,20160210,BKN,MEM
Shot Chart Detail,0021500793,141,201145,Jeff Green,1610612763,Memphis Grizzlies,2,8,40,Made Shot,Cutting Dunk Shot,2PT Field Goal,Restricted Area,Center(C),Less Than 8 ft.,0.0,0.0,1.0,1,1,20160210,BKN,MEM
Shot Chart Detail,0021500793,221,201145,Jeff Green,1610612763,Memphis Grizzlies,2,0,1,Missed Shot,Tip Layup Shot,2PT Field Goal,Restricted Area,Center(C),Less Than 8 ft.,1.0,12.0,8.0,1,0,20160210,BKN,MEM
Shot Chart Detail,0021500793,274,201145,Jeff Green,1610612763,Memphis Grizzlies,3,5,49,Missed Shot,Jump Shot,3PT Field Goal,Left Corner 3,Left Side(L),24+ ft.,22.0,-227.0,-19.0,1,0,20160210,BKN,MEM
Shot Chart Detail,0021500793,306,201145,Jeff Green,1610612763,Memphis Grizzlies,3,2,58,Made Shot,Jump Shot,3PT Field Goal,Above the Break 3,Left Side Center(LC),24+ ft.,24.0,-207.0,139.0,1,1,20160210,BKN,MEM
Shot Chart Detail,0021500793,309,201145,Jeff Green,1610612763,Memphis Grizzlies,3,2,41,Made Shot,Jump Shot,3PT Field Goal,Left Corner 3,Left Side(L),24+ ft.,23.0,-228.0,51.0,1,1,20160210,BKN,MEM
Shot Chart Detail,0021500793,313,201145,Jeff Green,1610612763,Memphis Grizzlies,3,2,4,Made Shot,Jump Shot,3PT Field Goal,Above the Break 3,Center(C),24+ ft.,26.0,-14.0,267.0,1,1,20160210,BKN,MEM
Shot Chart Detail,0021500793,327,201145,Jeff Green,1610612763,Memphis Grizzlies,3,0,52,Made Shot,Running Finger Roll Layup Shot,2PT Field Goal,Restricted Area,Center(C),Less Than 8 ft.,0.0,0.0,8.0,1,1,20160210,BKN,MEM
Shot Chart Detail,0021500793,335,201145,Jeff Green,1610612763,Memphis Grizzlies,3,0,0,Missed Shot,Jump Shot,3PT Field Goal,Above the Break 3,Left Side Center(LC),24+ ft.,24.0,-222.0,110.0,1,0,20160210,BKN,MEM
Shot Chart Detail,0021500793,347,201145,Jeff Green,1610612763,Memphis Grizzlies,4,11,24,Missed Shot,Jump Shot,3PT Field Goal,Above the Break 3,Left Side Center(LC),24+ ft.,28.0,-138.0,247.0,1,0,20160210,BKN,MEM
Shot Chart Detail,0021500793,366,201145,Jeff Green,1610612763,Memphis Grizzlies,4,8,59,Missed Shot,Running Layup Shot,2PT Field Goal,Restricted Area,Center(C),Less Than 8 ft.,2.0,25.0,8.0,1,0,20160210,BKN,MEM
Shot Chart Detail,0021500793,374,201145,Jeff Green,1610612763,Memphis Grizzlies,4,8,28,Made Shot,Fadeaway Jump Shot,2PT Field Goal,Mid-Range,Right Side(R),16-24 ft.,17.0,159.0,75.0,1,1,20160210,BKN,MEM
Shot Chart Detail,0021500822,62,201145,Jeff Green,1610612746,LA Clippers,1,4,48,Missed Shot,Tip Layup Shot,2PT Field Goal,Restricted Area,Center(C),Less Than 8 ft.,1.0,-13.0,9.0,1,0,20160220,LAC,GSW
Shot Chart Detail,0021500822,193,201145,Jeff Green,1610612746,LA Clippers,2,6,43,Missed Shot,Jump Shot,3PT Field Goal,Above the Break 3,Left Side Center(LC),24+ ft.,26.0,-106.0,247.0,1,0,20160220,LAC,GSW
Shot Chart Detail,0021500822,217,201145,Jeff Green,1610612746,LA Clippers,2,4,56,Made Shot,Finger Roll Layup Shot,2PT Field Goal,Restricted Area,Center(C),Less Than 8 ft.,2.0,-9.0,21.0,1,1,20160220,LAC,GSW
Shot Chart Detail,0021500822,219,201145,Jeff Green,1610612746,LA Clippers,2,4,26,Missed Shot,Layup Shot,2PT Field Goal,Restricted Area,Center(C),Less Than 8 ft.,1.0,-7.0,16.0,1,0,20160220,LAC,GSW
Shot Chart Detail,0021500822,223,201145,Jeff Green,1610612746,LA Clippers,2,3,55,Missed Shot,Hook Shot,2PT Field Goal,Restricted Area,Center(C),Less Than 8 ft.,0.0,0.0,1.0,1,0,20160220,LAC,GSW
Shot Chart Detail,0021500822,244,201145,Jeff Green,1610612746,LA Clippers,2,2,1,Made Shot,Fadeaway Jump Shot,2PT Field Goal,Mid-Range,Right Side(R),16-24 ft.,16.0,168.0,7.0,1,1,20160220,LAC,GSW
Shot Chart Detail,0021500822,401,201145,Jeff Green,1610612746,LA Clippers,4,10,27,Missed Shot,Jump Shot,2PT Field Goal,Mid-Range,Right Side(R),16-24 ft.,20.0,168.0,111.0,1,0,20160220,LAC,GSW
Shot Chart Detail,0021500839,89,201145,Jeff Green,1610612746,LA Clippers,1,4,6,Made Shot,Turnaround Hook Shot,2PT Field Goal,In The Paint (Non-RA),Center(C),Less Than 8 ft.,5.0,-24.0,51.0,1,1,20160222,LAC,PHX
Shot Chart Detail,0021500839,107,201145,Jeff Green,1610612746,LA Clippers,1,3,6,Made Shot,Jump Shot,2PT Field Goal,Mid-Range,Center(C),16-24 ft.,22.0,-14.0,228.0,1,1,20160222,LAC,PHX
Shot Chart Detail,0021500839,134,201145,Jeff Green,1610612746,LA Clippers,1,0,57,Missed Shot,Running Layup Shot,2PT Field Goal,In The Paint (Non-RA),Center(C),Less Than 8 ft.,4.0,-7.0,47.0,1,0,20160222,LAC,PHX
Shot Chart Detail,0021500839,144,201145,Jeff Green,1610612746,LA Clippers,1,0,2,Missed Shot,Floating Jump shot,2PT Field Goal,In The Paint (Non-RA),Center(C),Less Than 8 ft.,4.0,-34.0,36.0,1,0,20160222,LAC,PHX
Shot Chart Detail,0021500839,158,201145,Jeff Green,1610612746,LA Clippers,2,11,5,Missed Shot,Driving Bank shot,2PT Field Goal,In The Paint (Non-RA),Center(C),Less Than 8 ft.,6.0,-19.0,65.0,1,0,20160222,LAC,PHX
Shot Chart Detail,0021500839,411,201145,Jeff Green,1610612746,LA Clippers,3,1,21,Missed Shot,Jump Shot,3PT Field Goal,Above the Break 3,Right Side Center(RC),24+ ft.,26.0,107.0,242.0,1,0,20160222,LAC,PHX
Shot Chart Detail,0021500839,480,201145,Jeff Green,1610612746,LA Clippers,4,8,28,Made Shot,Jump Shot,3PT Field Goal,Above the Break 3,Left Side Center(LC),24+ ft.,27.0,-138.0,242.0,1,1,20160222,LAC,PHX
Shot Chart Detail,0021500839,514,201145,Jeff Green,1610612746,LA Clippers,4,5,2,Made Shot,Driving Bank shot,2PT Field Goal,Restricted Area,Center(C),Less Than 8 ft.,3.0,-24.0,26.0,1,1,20160222,LAC,PHX
Shot Chart Detail,0021500839,532,201145,Jeff Green,1610612746,LA Clippers,4,2,56,Made Shot,Jump Shot,3PT Field Goal,Above the Break 3,Center(C),24+ ft.,25.0,-61.0,247.0,1,1,20160222,LAC,PHX
Shot Chart Detail,0021500839,551,201145,Jeff Green,1610612746,LA Clippers,4,1,12,Made Shot,Finger Roll Layup Shot,2PT Field Goal,In The Paint (Non-RA),Center(C),Less Than 8 ft.,4.0,-40.0,21.0,1,1,20160222,LAC,PHX
Shot Chart Detail,0021500853,119,201145,Jeff Green,1610612746,LA Clippers,2,11,21,Missed Shot,Driving Layup Shot,2PT Field Goal,Restricted Area,Center(C),Less Than 8 ft.,1.0,-17.0,2.0,1,0,20160224,LAC,DEN
Shot Chart Detail,0021500853,146,201145,Jeff Green,1610612746,LA Clippers,2,8,56,Missed Shot,Driving Layup Shot,2PT Field Goal,Restricted Area,Center(C),Less Than 8 ft.,0.0,9.0,2.0,1,0,20160224,LAC,DEN
Shot Chart Detail,0021500853,173,201145,Jeff Green,1610612746,LA Clippers,2,6,53,Missed Shot,Jump Shot,3PT Field Goal,Above the Break 3,Left Side Center(LC),24+ ft.,24.0,-91.0,228.0,1,0,20160224,LAC,DEN
Shot Chart Detail,0021500853,180,201145,Jeff Green,1610612746,LA Clippers,2,6,11,Missed Shot,Driving Bank shot,2PT Field Goal,In The Paint (Non-RA),Center(C),Less Than 8 ft.,6.0,-19.0,57.0,1,0,20160224,LAC,DEN
Shot Chart Detail,0021500853,382,201145,Jeff Green,1610612746,LA Clippers,3,1,47,Made Shot,Layup Shot,2PT Field Goal,Restricted Area,Center(C),Less Than 8 ft.,1.0,-6.0,8.0,1,1,20160224,LAC,DEN
Shot Chart Detail,0021500853,384,201145,Jeff Green,1610612746,LA Clippers,3,1,18,Missed Shot,Jump Shot,3PT Field Goal,Right Corner 3,Right Side(R),24+ ft.,23.0,235.0,33.0,1,0,20160224,LAC,DEN
Shot Chart Detail,0021500853,468,201145,Jeff Green,1610612746,LA Clippers,4,5,48,Missed Shot,Layup Shot,2PT Field Goal,Restricted Area,Center(C),Less Than 8 ft.,3.0,-30.0,7.0,1,0,20160224,LAC,DEN
Shot Chart Detail,0021500853,470,201145,Jeff Green,1610612746,LA Clippers,4,5,44,Made Shot,Hook Shot,2PT Field Goal,Restricted Area,Center(C),Less Than 8 ft.,3.0,1.0,31.0,1,1,20160224,LAC,DEN
Shot Chart Detail,0021500853,502,201145,Jeff Green,1610612746,LA Clippers,4,2,26,Made Shot,Driving Hook Shot,2PT Field Goal,In The Paint (Non-RA),Center(C),Less Than 8 ft.,5.0,-24.0,51.0,1,1,20160224,LAC,DEN
Shot Chart Detail,0021500853,539,201145,Jeff Green,1610612746,LA Clippers,4,0,14,Missed Shot,Jump Shot,3PT Field Goal,Above the Break 3,Left Side Center(LC),24+ ft.,24.0,-151.0,195.0,1,0,20160224,LAC,DEN
Shot Chart Detail,0021500867,4,201145,Jeff Green,1610612746,LA Clippers,1,11,4,Missed Shot,Jump Shot,2PT Field Goal,Mid-Range,Right Side(R),8-16 ft.,9.0,96.0,8.0,1,0,20160226,SAC,LAC
Shot Chart Detail,0021500867,15,201145,Jeff Green,1610612746,LA Clippers,1,10,18,Missed Shot,Running Jump Shot,2PT Field Goal,In The Paint (Non-RA),Center(C),Less Than 8 ft.,7.0,-60.0,51.0,1,0,20160226,SAC,LAC
Shot Chart Detail,0021500867,17,201145,Jeff Green,1610612746,LA Clippers,1,10,16,Made Shot,Layup Shot,2PT Field Goal,Restricted Area,Center(C),Less Than 8 ft.,2.0,-19.0,8.0,1,1,20160226,SAC,LAC
Shot Chart Detail,0021500867,21,201145,Jeff Green,1610612746,LA Clippers,1,9,30,Missed Shot,Jump Shot,3PT Field Goal,Left Corner 3,Left Side(L),24+ ft.,22.0,-224.0,24.0,1,0,20160226,SAC,LAC
Shot Chart Detail,0021500867,28,201145,Jeff Green,1610612746,LA Clippers,1,9,10,Made Shot,Driving Layup Shot,2PT Field Goal,Restricted Area,Center(C),Less Than 8 ft.,3.0,-29.0,16.0,1,1,20160226,SAC,LAC
Shot Chart Detail,0021500867,247,201145,Jeff Green,1610612746,LA Clippers,2,4,34,Made Shot,Jump Shot,2PT Field Goal,In The Paint (Non-RA),Center(C),8-16 ft.,9.0,25.0,87.0,1,1,20160226,SAC,LAC
Shot Chart Detail,0021500867,249,201145,Jeff Green,1610612746,LA Clippers,2,4,4,Made Shot,Jump Shot,3PT Field Goal,Above the Break 3,Center(C),24+ ft.,24.0,-11.0,247.0,1,1,20160226,SAC,LAC
Shot Chart Detail,0021500867,267,201145,Jeff Green,1610612746,LA Clippers,2,2,47,Made Shot,Dunk Shot,2PT Field Goal,Restricted Area,Center(C),Less Than 8 ft.,0.0,0.0,1.0,1,1,20160226,SAC,LAC
Shot Chart Detail,0021500867,313,201145,Jeff Green,1610612746,LA Clippers,3,10,47,Missed Shot,Jump Shot,2PT Field Goal,In The Paint (Non-RA),Center(C),Less Than 8 ft.,4.0,-19.0,38.0,1,0,20160226,SAC,LAC
Shot Chart Detail,0021500867,338,201145,Jeff Green,1610612746,LA Clippers,3,8,7,Made Shot,Jump Shot,3PT Field Goal,Right Corner 3,Right Side(R),24+ ft.,22.0,228.0,11.0,1,1,20160226,SAC,LAC
Shot Chart Detail,0021500867,352,201145,Jeff Green,1610612746,LA Clippers,3,6,1,Made Shot,Jump Shot,3PT Field Goal,Above the Break 3,Right Side Center(RC),24+ ft.,26.0,200.0,169.0,1,1,20160226,SAC,LAC
Shot Chart Detail,0021500867,363,201145,Jeff Green,1610612746,LA Clippers,3,4,51,Made Shot,Pullup Jump shot,3PT Field Goal,Right Corner 3,Right Side(R),24+ ft.,24.0,228.0,85.0,1,1,20160226,SAC,LAC
Shot Chart Detail,0021500867,579,201145,Jeff Green,1610612746,LA Clippers,4,0,15,Made Shot,Pullup Jump shot,2PT Field Goal,Mid-Range,Right Side Center(RC),16-24 ft.,18.0,138.0,120.0,1,1,20160226,SAC,LAC
Shot Chart Detail,0021500890,109,201145,Jeff Green,1610612746,LA Clippers,1,0,30,Missed Shot,Floating Jump shot,2PT Field Goal,Restricted Area,Center(C),Less Than 8 ft.,3.0,-1.0,36.0,1,0,20160229,LAC,BKN
Shot Chart Detail,0021500890,125,201145,Jeff Green,1610612746,LA Clippers,2,11,10,Missed Shot,Jump Shot,3PT Field Goal,Above the Break 3,Right Side Center(RC),24+ ft.,24.0,79.0,232.0,1,0,20160229,LAC,BKN
Shot Chart Detail,0021500890,131,201145,Jeff Green,1610612746,LA Clippers,2,10,21,Missed Shot,Jump Shot,2PT Field Goal,Mid-Range,Center(C),16-24 ft.,20.0,55.0,193.0,1,0,20160229,LAC,BKN
Shot Chart Detail,0021500890,221,201145,Jeff Green,1610612746,LA Clippers,2,3,32,Missed Shot,Jump Shot,3PT Field Goal,Right Corner 3,Right Side(R),24+ ft.,24.0,248.0,-5.0,1,0,20160229,LAC,BKN
Shot Chart Detail,0021500890,283,201145,Jeff Green,1610612746,LA Clippers,3,10,15,Made Shot,Jump Shot,3PT Field Goal,Right Corner 3,Right Side(R),24+ ft.,22.0,227.0,3.0,1,1,20160229,LAC,BKN
Shot Chart Detail,0021500890,310,201145,Jeff Green,1610612746,LA Clippers,3,8,27,Made Shot,Layup Shot,2PT Field Goal,Restricted Area,Center(C),Less Than 8 ft.,2.0,19.0,23.0,1,1,20160229,LAC,BKN
Shot Chart Detail,0021500890,315,201145,Jeff Green,1610612746,LA Clippers,3,7,46,Made Shot,Floating Jump shot,2PT Field Goal,In The Paint (Non-RA),Center(C),Less Than 8 ft.,6.0,60.0,11.0,1,1,20160229,LAC,BKN
Shot Chart Detail,0021500890,409,201145,Jeff Green,1610612746,LA Clippers,4,11,22,Missed Shot,Jump Bank Shot,2PT Field Goal,Restricted Area,Center(C),Less Than 8 ft.,1.0,9.0,8.0,1,0,20160229,LAC,BKN
Shot Chart Detail,0021500890,434,201145,Jeff Green,1610612746,LA Clippers,4,9,9,Missed Shot,Layup Shot,2PT Field Goal,Restricted Area,Center(C),Less Than 8 ft.,1.0,-11.0,13.0,1,0,20160229,LAC,BKN
Shot Chart Detail,0021500907,21,201145,Jeff Green,1610612746,LA Clippers,1,9,34,Missed Shot,Jump Shot,3PT Field Goal,Right Corner 3,Right Side(R),24+ ft.,24.0,238.0,70.0,1,0,20160302,LAC,OKC
Shot Chart Detail,0021500907,39,201145,Jeff Green,1610612746,LA Clippers,1,7,19,Missed Shot,Layup Shot,2PT Field Goal,Restricted Area,Center(C),Less Than 8 ft.,2.0,-14.0,23.0,1,0,20160302,LAC,OKC
Shot Chart Detail,0021500907,201,201145,Jeff Green,1610612746,LA Clippers,2,5,43,Missed Shot,Layup Shot,2PT Field Goal,Restricted Area,Center(C),Less Than 8 ft.,2.0,19.0,8.0,1,0,20160302,LAC,OKC
Shot Chart Detail,0021500907,229,201145,Jeff Green,1610612746,LA Clippers,2,3,40,Missed Shot,Jump Shot,3PT Field Goal,Above the Break 3,Left Side Center(LC),24+ ft.,26.0,-148.0,223.0,1,0,20160302,LAC,OKC
Shot Chart Detail,0021500907,246,201145,Jeff Green,1610612746,LA Clippers,2,2,0,Missed Shot,Jump Shot,2PT Field Goal,In The Paint (Non-RA),Center(C),Less Than 8 ft.,4.0,-24.0,36.0,1,0,20160302,LAC,OKC
Shot Chart Detail,0021500907,290,201145,Jeff Green,1610612746,LA Clippers,3,8,46,Missed Shot,Jump Shot,2PT Field Goal,In The Paint (Non-RA),Center(C),Less Than 8 ft.,4.0,35.0,31.0,1,0,20160302,LAC,OKC
Shot Chart Detail,0021500907,296,201145,Jeff Green,1610612746,LA Clippers,3,8,21,Missed Shot,Jump Shot,3PT Field Goal,Left Corner 3,Left Side(L),24+ ft.,24.0,-246.0,3.0,1,0,20160302,LAC,OKC
Shot Chart Detail,0021500929,4,201145,Jeff Green,1610612746,LA Clippers,1,11,37,Made Shot,Layup Shot,2PT Field Goal,Restricted Area,Center(C),Less Than 8 ft.,2.0,12.0,21.0,1,1,20160305,LAC,ATL
Shot Chart Detail,0021500929,16,201145,Jeff Green,1610612746,LA Clippers,1,9,46,Made Shot,Driving Finger Roll Layup Shot,2PT Field Goal,Restricted Area,Center(C),Less Than 8 ft.,2.0,10.0,21.0,1,1,20160305,LAC,ATL
Shot Chart Detail,0021500929,86,201145,Jeff Green,1610612746,LA Clippers,1,3,27,Made Shot,Jump Shot,3PT Field Goal,Above the Break 3,Left Side Center(LC),24+ ft.,26.0,-86.0,247.0,1,1,20160305,LAC,ATL
Shot Chart Detail,0021500929,95,201145,Jeff Green,1610612746,LA Clippers,1,2,1,Made Shot,Jump Shot,3PT Field Goal,Above the Break 3,Left Side Center(LC),24+ ft.,27.0,-209.0,183.0,1,1,20160305,LAC,ATL
Shot Chart Detail,0021500929,212,201145,Jeff Green,1610612746,LA Clippers,2,1,51,Made Shot,Driving Layup Shot,2PT Field Goal,Restricted Area,Center(C),Less Than 8 ft.,2.0,-1.0,28.0,1,1,20160305,LAC,ATL
Shot Chart Detail,0021500929,287,201145,Jeff Green,1610612746,LA Clippers,3,7,18,Missed Shot,Jump Shot,3PT Field Goal,Right Corner 3,Right Side(R),24+ ft.,24.0,246.0,-11.0,1,0,20160305,LAC,ATL
Shot Chart Detail,0021500929,400,201145,Jeff Green,1610612746,LA Clippers,4,11,39,Missed Shot,Jump Shot,3PT Field Goal,Left Corner 3,Left Side(L),24+ ft.,24.0,-245.0,-5.0,1,0,20160305,LAC,ATL
Shot Chart Detail,0021500929,443,201145,Jeff Green,1610612746,LA Clippers,4,6,44,Missed Shot,Layup Shot,2PT Field Goal,Restricted Area,Center(C),Less Than 8 ft.,2.0,-7.0,28.0,1,0,20160305,LAC,ATL
Shot Chart Detail,0021500929,516,201145,Jeff Green,1610612746,LA Clippers,4,2,27,Made Shot,Layup Shot,2PT Field Goal,Restricted Area,Center(C),Less Than 8 ft.,1.0,-2.0,16.0,1,1,20160305,LAC,ATL
Shot Chart Detail,0021500942,9,201145,Jeff Green,1610612746,LA Clippers,1,10,17,Missed Shot,Driving Finger Roll Layup Shot,2PT Field Goal,Restricted Area,Center(C),Less Than 8 ft.,2.0,-22.0,11.0,1,0,20160307,DAL,LAC
Shot Chart Detail,0021500942,31,201145,Jeff Green,1610612746,LA Clippers,1,6,50,Missed Shot,Jump Shot,3PT Field Goal,Above the Break 3,Left Side Center(LC),24+ ft.,23.0,-217.0,100.0,1,0,20160307,DAL,LAC
Shot Chart Detail,0021500942,540,201145,Jeff Green,1610612746,LA Clippers,4,2,26,Missed Shot,Fadeaway Jump Shot,2PT Field Goal,Mid-Range,Right Side(R),8-16 ft.,10.0,94.0,36.0,1,0,20160307,DAL,LAC
Shot Chart Detail,0021500942,548,201145,Jeff Green,1610612746,LA Clippers,4,1,45,Missed Shot,Floating Jump shot,2PT Field Goal,Mid-Range,Right Side(R),8-16 ft.,14.0,112.0,85.0,1,0,20160307,DAL,LAC
Shot Chart Detail,0021500942,554,201145,Jeff Green,1610612746,LA Clippers,4,1,9,Missed Shot,Jump Shot,3PT Field Goal,Left Corner 3,Left Side(L),24+ ft.,22.0,-223.0,8.0,1,0,20160307,DAL,LAC
Shot Chart Detail,0021500955,21,201145,Jeff Green,1610612746,LA Clippers,1,10,26,Made Shot,Layup Shot,2PT Field Goal,Restricted Area,Center(C),Less Than 8 ft.,0.0,-7.0,3.0,1,1,20160309,OKC,LAC
Shot Chart Detail,0021500955,35,201145,Jeff Green,1610612746,LA Clippers,1,8,35,Missed Shot,Jump Shot,2PT Field Goal,Mid-Range,Left Side Center(LC),16-24 ft.,22.0,-168.0,146.0,1,0,20160309,OKC,LAC
Shot Chart Detail,0021500955,39,201145,Jeff Green,1610612746,LA Clippers,1,8,8,Made Shot,Turnaround Jump Shot,2PT Field Goal,Restricted Area,Center(C),Less Than 8 ft.,2.0,1.0,28.0,1,1,20160309,OKC,LAC
Shot Chart Detail,0021500955,67,201145,Jeff Green,1610612746,LA Clippers,1,5,56,Missed Shot,Step Back Jump shot,3PT Field Goal,Right Corner 3,Right Side(R),24+ ft.,23.0,238.0,18.0,1,0,20160309,OKC,LAC
Shot Chart Detail,0021500955,220,201145,Jeff Green,1610612746,LA Clippers,2,4,15,Made Shot,Cutting Dunk Shot,2PT Field Goal,Restricted Area,Center(C),Less Than 8 ft.,0.0,0.0,1.0,1,1,20160309,OKC,LAC
Shot Chart Detail,0021500955,252,201145,Jeff Green,1610612746,LA Clippers,2,1,58,Made Shot,Layup Shot,2PT Field Goal,Restricted Area,Center(C),Less Than 8 ft.,1.0,17.0,2.0,1,1,20160309,OKC,LAC
Shot Chart Detail,0021500955,258,201145,Jeff Green,1610612746,LA Clippers,2,1,40,Made Shot,Turnaround Jump Shot,2PT Field Goal,In The Paint (Non-RA),Center(C),8-16 ft.,11.0,0.0,116.0,1,1,20160309,OKC,LAC
Shot Chart Detail,0021500955,262,201145,Jeff Green,1610612746,LA Clippers,2,1,16,Made Shot,Running Layup Shot,2PT Field Goal,Restricted Area,Center(C),Less Than 8 ft.,1.0,9.0,7.0,1,1,20160309,OKC,LAC
Shot Chart Detail,0021500955,283,201145,Jeff Green,1610612746,LA Clippers,2,0,1,Missed Shot,Jump Shot,3PT Field Goal,Above the Break 3,Center(C),24+ ft.,28.0,81.0,269.0,1,0,20160309,OKC,LAC
Shot Chart Detail,0021500955,293,201145,Jeff Green,1610612746,LA Clippers,3,10,46,Made Shot,Jump Shot,3PT Field Goal,Right Corner 3,Right Side(R),24+ ft.,23.0,235.0,31.0,1,1,20160309,OKC,LAC
Shot Chart Detail,0021500955,297,201145,Jeff Green,1610612746,LA Clippers,3,9,58,Made Shot,Jump Shot,3PT Field Goal,Right Corner 3,Right Side(R),24+ ft.,22.0,223.0,8.0,1,1,20160309,OKC,LAC
Shot Chart Detail,0021500955,512,201145,Jeff Green,1610612746,LA Clippers,4,1,47,Made Shot,Floating Jump shot,2PT Field Goal,In The Paint (Non-RA),Center(C),Less Than 8 ft.,4.0,22.0,41.0,1,1,20160309,OKC,LAC
Shot Chart Detail,0021500955,514,201145,Jeff Green,1610612746,LA Clippers,4,1,18,Made Shot,Jump Shot,3PT Field Goal,Above the Break 3,Center(C),24+ ft.,24.0,2.0,249.0,1,1,20160309,OKC,LAC
Shot Chart Detail,0021500972,57,201145,Jeff Green,1610612746,LA Clippers,1,5,42,Made Shot,Jump Shot,3PT Field Goal,Right Corner 3,Right Side(R),24+ ft.,23.0,235.0,2.0,1,1,20160311,LAC,NYK
Shot Chart Detail,0021500972,70,201145,Jeff Green,1610612746,LA Clippers,1,4,49,Missed Shot,Driving Layup Shot,2PT Field Goal,Restricted Area,Center(C),Less Than 8 ft.,2.0,17.0,21.0,1,0,20160311,LAC,NYK
Shot Chart Detail,0021500972,71,201145,Jeff Green,1610612746,LA Clippers,1,4,48,Made Shot,Tip Layup Shot,2PT Field Goal,Restricted Area,Center(C),Less Than 8 ft.,1.0,10.0,13.0,1,1,20160311,LAC,NYK
Shot Chart Detail,0021500972,80,201145,Jeff Green,1610612746,LA Clippers,1,3,59,Made Shot,Driving Finger Roll Layup Shot,2PT Field Goal,Restricted Area,Center(C),Less Than 8 ft.,1.0,-6.0,11.0,1,1,20160311,LAC,NYK
Shot Chart Detail,0021500972,93,201145,Jeff Green,1610612746,LA Clippers,1,2,42,Missed Shot,Jump Shot,3PT Field Goal,Above the Break 3,Left Side Center(LC),24+ ft.,24.0,-169.0,183.0,1,0,20160311,LAC,NYK
Shot Chart Detail,0021500972,152,201145,Jeff Green,1610612746,LA Clippers,2,11,23,Missed Shot,Jump Shot,2PT Field Goal,Mid-Range,Right Side(R),16-24 ft.,18.0,179.0,52.0,1,0,20160311,LAC,NYK
Shot Chart Detail,0021500972,177,201145,Jeff Green,1610612746,LA Clippers,2,9,22,Made Shot,Driving Layup Shot,2PT Field Goal,Restricted Area,Center(C),Less Than 8 ft.,1.0,15.0,7.0,1,1,20160311,LAC,NYK
Shot Chart Detail,0021500972,194,201145,Jeff Green,1610612746,LA Clippers,2,7,24,Made Shot,Floating Jump shot,2PT Field Goal,Restricted Area,Center(C),Less Than 8 ft.,3.0,22.0,23.0,1,1,20160311,LAC,NYK
Shot Chart Detail,0021500972,220,201145,Jeff Green,1610612746,LA Clippers,2,5,28,Missed Shot,Floating Jump shot,2PT Field Goal,In The Paint (Non-RA),Center(C),Less Than 8 ft.,7.0,12.0,70.0,1,0,20160311,LAC,NYK
Shot Chart Detail,0021500972,338,201145,Jeff Green,1610612746,LA Clippers,3,5,35,Missed Shot,Step Back Jump shot,2PT Field Goal,Mid-Range,Right Side(R),16-24 ft.,18.0,164.0,80.0,1,0,20160311,LAC,NYK
Shot Chart Detail,0021500972,474,201145,Jeff Green,1610612746,LA Clippers,4,4,13,Made Shot,Jump Shot,2PT Field Goal,Mid-Range,Right Side(R),16-24 ft.,16.0,150.0,65.0,1,1,20160311,LAC,NYK
Shot Chart Detail,0021500983,8,201145,Jeff Green,1610612746,LA Clippers,1,10,46,Missed Shot,Cutting Layup Shot,2PT Field Goal,Restricted Area,Center(C),Less Than 8 ft.,1.0,9.0,7.0,1,0,20160313,LAC,CLE
Shot Chart Detail,0021500983,9,201145,Jeff Green,1610612746,LA Clippers,1,10,43,Missed Shot,Tip Layup Shot,2PT Field Goal,Restricted Area,Center(C),Less Than 8 ft.,1.0,5.0,9.0,1,0,20160313,LAC,CLE
Shot Chart Detail,0021500983,27,201145,Jeff Green,1610612746,LA Clippers,1,8,24,Missed Shot,Jump Shot,3PT Field Goal,Above the Break 3,Left Side Center(LC),24+ ft.,28.0,-96.0,269.0,1,0,20160313,LAC,CLE
Shot Chart Detail,0021500983,62,201145,Jeff Green,1610612746,LA Clippers,1,5,25,Made Shot,Running Layup Shot,2PT Field Goal,Restricted Area,Center(C),Less Than 8 ft.,1.0,9.0,13.0,1,1,20160313,LAC,CLE
Shot Chart Detail,0021500983,66,201145,Jeff Green,1610612746,LA Clippers,1,4,57,Missed Shot,Jump Shot,3PT Field Goal,Above the Break 3,Right Side Center(RC),24+ ft.,26.0,125.0,229.0,1,0,20160313,LAC,CLE
Shot Chart Detail,0021500983,88,201145,Jeff Green,1610612746,LA Clippers,1,3,34,Missed Shot,Jump Shot,3PT Field Goal,Left Corner 3,Left Side(L),24+ ft.,23.0,-230.0,36.0,1,0,20160313,LAC,CLE
Shot Chart Detail,0021500983,271,201145,Jeff Green,1610612746,LA Clippers,3,10,44,Missed Shot,Jump Shot,3PT Field Goal,Above the Break 3,Left Side Center(LC),24+ ft.,27.0,-176.0,210.0,1,0,20160313,LAC,CLE
Shot Chart Detail,0021500983,288,201145,Jeff Green,1610612746,LA Clippers,3,8,14,Missed Shot,Driving Bank shot,2PT Field Goal,Restricted Area,Center(C),Less Than 8 ft.,3.0,28.0,18.0,1,0,20160313,LAC,CLE
Shot Chart Detail,0021500983,309,201145,Jeff Green,1610612746,LA Clippers,3,5,36,Missed Shot,Driving Bank shot,2PT Field Goal,In The Paint (Non-RA),Center(C),Less Than 8 ft.,4.0,-17.0,38.0,1,0,20160313,LAC,CLE
Shot Chart Detail,0021500983,444,201145,Jeff Green,1610612746,LA Clippers,4,5,32,Made Shot,Running Layup Shot,2PT Field Goal,Restricted Area,Center(C),Less Than 8 ft.,2.0,-14.0,23.0,1,1,20160313,LAC,CLE
Shot Chart Detail,0021501001,29,201145,Jeff Green,1610612746,LA Clippers,1,8,10,Missed Shot,Jump Shot,3PT Field Goal,Above the Break 3,Right Side Center(RC),24+ ft.,25.0,207.0,149.0,1,0,20160315,SAS,LAC
Shot Chart Detail,0021501001,55,201145,Jeff Green,1610612746,LA Clippers,1,5,41,Missed Shot,Jump Shot,2PT Field Goal,Mid-Range,Left Side Center(LC),16-24 ft.,19.0,-81.0,178.0,1,0,20160315,SAS,LAC
Shot Chart Detail,0021501001,61,201145,Jeff Green,1610612746,LA Clippers,1,4,59,Missed Shot,Turnaround Jump Shot,2PT Field Goal,Mid-Range,Right Side(R),8-16 ft.,11.0,82.0,80.0,1,0,20160315,SAS,LAC
Shot Chart Detail,0021501001,74,201145,Jeff Green,1610612746,LA Clippers,1,3,3,Missed Shot,Driving Hook Shot,2PT Field Goal,In The Paint (Non-RA),Center(C),Less Than 8 ft.,6.0,50.0,43.0,1,0,20160315,SAS,LAC
Shot Chart Detail,0021501001,173,201145,Jeff Green,1610612746,LA Clippers,2,6,49,Made Shot,Turnaround Jump Shot,2PT Field Goal,Mid-Range,Left Side Center(LC),16-24 ft.,17.0,-132.0,110.0,1,1,20160315,SAS,LAC
Shot Chart Detail,0021501001,180,201145,Jeff Green,1610612746,LA Clippers,2,5,32,Made Shot,Jump Shot,3PT Field Goal,Right Corner 3,Right Side(R),24+ ft.,23.0,233.0,26.0,1,1,20160315,SAS,LAC
Shot Chart Detail,0021501001,191,201145,Jeff Green,1610612746,LA Clippers,2,4,35,Missed Shot,Jump Shot,3PT Field Goal,Above the Break 3,Right Side Center(RC),24+ ft.,24.0,220.0,110.0,1,0,20160315,SAS,LAC
Shot Chart Detail,0021501001,246,201145,Jeff Green,1610612746,LA Clippers,3,11,0,Missed Shot,Jump Shot,3PT Field Goal,Above the Break 3,Right Side Center(RC),24+ ft.,25.0,137.0,214.0,1,0,20160315,SAS,LAC
Shot Chart Detail,0021501001,328,201145,Jeff Green,1610612746,LA Clippers,3,3,21,Made Shot,Jump Shot,3PT Field Goal,Above the Break 3,Left Side Center(LC),24+ ft.,25.0,-147.0,208.0,1,1,20160315,SAS,LAC
Shot Chart Detail,0021501001,334,201145,Jeff Green,1610612746,LA Clippers,3,2,32,Made Shot,Jump Shot,3PT Field Goal,Above the Break 3,Right Side Center(RC),24+ ft.,23.0,210.0,111.0,1,1,20160315,SAS,LAC
Shot Chart Detail,0021501001,338,201145,Jeff Green,1610612746,LA Clippers,3,1,48,Missed Shot,Jump Shot,2PT Field Goal,Mid-Range,Right Side(R),8-16 ft.,9.0,86.0,36.0,1,0,20160315,SAS,LAC
Shot Chart Detail,0021501001,342,201145,Jeff Green,1610612746,LA Clippers,3,1,4,Made Shot,Jump Shot,2PT Field Goal,Mid-Range,Left Side(L),16-24 ft.,16.0,-151.0,70.0,1,1,20160315,SAS,LAC
Shot Chart Detail,0021501001,404,201145,Jeff Green,1610612746,LA Clippers,4,7,6,Missed Shot,Jump Shot,3PT Field Goal,Right Corner 3,Right Side(R),24+ ft.,22.0,223.0,7.0,1,0,20160315,SAS,LAC
Shot Chart Detail,0021501009,4,201145,Jeff Green,1610612746,LA Clippers,1,11,26,Missed Shot,Driving Layup Shot,2PT Field Goal,Restricted Area,Center(C),Less Than 8 ft.,2.0,25.0,11.0,1,0,20160316,HOU,LAC
Shot Chart Detail,0021501009,33,201145,Jeff Green,1610612746,LA Clippers,1,8,7,Missed Shot,Hook Shot,2PT Field Goal,In The Paint (Non-RA),Center(C),Less Than 8 ft.,4.0,43.0,21.0,1,0,20160316,HOU,LAC
Shot Chart Detail,0021501009,307,201145,Jeff Green,1610612746,LA Clippers,3,9,36,Missed Shot,Jump Shot,3PT Field Goal,Right Corner 3,Right Side(R),24+ ft.,23.0,232.0,8.0,1,0,20160316,HOU,LAC
Shot Chart Detail,0021501009,325,201145,Jeff Green,1610612746,LA Clippers,3,8,7,Missed Shot,Jump Shot,2PT Field Goal,Mid-Range,Left Side(L),16-24 ft.,21.0,-209.0,46.0,1,0,20160316,HOU,LAC
Shot Chart Detail,0021501035,77,201145,Jeff Green,1610612746,LA Clippers,1,4,16,Made Shot,Jump Shot,3PT Field Goal,Above the Break 3,Left Side Center(LC),24+ ft.,24.0,-110.0,218.0,1,1,20160319,MEM,LAC
Shot Chart Detail,0021501035,198,201145,Jeff Green,1610612746,LA Clippers,2,4,31,Missed Shot,Jump Shot,3PT Field Goal,Left Corner 3,Left Side(L),24+ ft.,23.0,-238.0,-16.0,1,0,20160319,MEM,LAC
Shot Chart Detail,0021501035,251,201145,Jeff Green,1610612746,LA Clippers,3,11,28,Missed Shot,Running Layup Shot,2PT Field Goal,Restricted Area,Center(C),Less Than 8 ft.,2.0,-27.0,11.0,1,0,20160319,MEM,LAC
Shot Chart Detail,0021501035,263,201145,Jeff Green,1610612746,LA Clippers,3,10,0,Missed Shot,Jump Shot,3PT Field Goal,Right Corner 3,Right Side(R),24+ ft.,23.0,228.0,56.0,1,0,20160319,MEM,LAC
Shot Chart Detail,0021501035,273,201145,Jeff Green,1610612746,LA Clippers,3,8,46,Made Shot,Turnaround Jump Shot,2PT Field Goal,In The Paint (Non-RA),Center(C),Less Than 8 ft.,6.0,19.0,65.0,1,1,20160319,MEM,LAC
Shot Chart Detail,0021501066,60,201145,Jeff Green,1610612746,LA Clippers,1,6,11,Missed Shot,Jump Shot,3PT Field Goal,Right Corner 3,Right Side(R),24+ ft.,23.0,233.0,-1.0,1,0,20160323,GSW,LAC
Shot Chart Detail,0021501066,68,201145,Jeff Green,1610612746,LA Clippers,1,5,31,Made Shot,Driving Layup Shot,2PT Field Goal,Restricted Area,Center(C),Less Than 8 ft.,1.0,-2.0,13.0,1,1,20160323,GSW,LAC
Shot Chart Detail,0021501066,77,201145,Jeff Green,1610612746,LA Clippers,1,4,37,Made Shot,Pullup Jump shot,3PT Field Goal,Above the Break 3,Right Side Center(RC),24+ ft.,24.0,184.0,164.0,1,1,20160323,GSW,LAC
Shot Chart Detail,0021501066,83,201145,Jeff Green,1610612746,LA Clippers,1,3,45,Made Shot,Driving Layup Shot,2PT Field Goal,Restricted Area,Center(C),Less Than 8 ft.,2.0,10.0,18.0,1,1,20160323,GSW,LAC
Shot Chart Detail,0021501066,154,201145,Jeff Green,1610612746,LA Clippers,2,8,41,Missed Shot,Jump Shot,2PT Field Goal,In The Paint (Non-RA),Center(C),Less Than 8 ft.,5.0,-48.0,28.0,1,0,20160323,GSW,LAC
Shot Chart Detail,0021501066,280,201145,Jeff Green,1610612746,LA Clippers,3,8,13,Made Shot,Running Layup Shot,2PT Field Goal,Restricted Area,Center(C),Less Than 8 ft.,2.0,19.0,13.0,1,1,20160323,GSW,LAC
Shot Chart Detail,0021501066,349,201145,Jeff Green,1610612746,LA Clippers,3,2,17,Missed Shot,Jump Shot,2PT Field Goal,In The Paint (Non-RA),Center(C),8-16 ft.,8.0,4.0,80.0,1,0,20160323,GSW,LAC
Shot Chart Detail,0021501066,421,201145,Jeff Green,1610612746,LA Clippers,4,9,14,Missed Shot,Turnaround Hook Shot,2PT Field Goal,In The Paint (Non-RA),Center(C),8-16 ft.,9.0,9.0,92.0,1,0,20160323,GSW,LAC
Shot Chart Detail,0021501066,534,201145,Jeff Green,1610612746,LA Clippers,4,1,24,Missed Shot,Jump Shot,2PT Field Goal,Mid-Range,Right Side(R),8-16 ft.,12.0,120.0,36.0,1,0,20160323,GSW,LAC
Shot Chart Detail,0021501072,94,201145,Jeff Green,1610612746,LA Clippers,1,3,15,Missed Shot,Jump Shot,3PT Field Goal,Above the Break 3,Left Side Center(LC),24+ ft.,24.0,-140.0,198.0,1,0,20160324,LAC,POR
Shot Chart Detail,0021501072,99,201145,Jeff Green,1610612746,LA Clippers,1,2,50,Missed Shot,Hook Shot,2PT Field Goal,Restricted Area,Center(C),Less Than 8 ft.,3.0,1.0,36.0,1,0,20160324,LAC,POR
Shot Chart Detail,0021501072,165,201145,Jeff Green,1610612746,LA Clippers,2,9,40,Made Shot,Layup Shot,2PT Field Goal,Restricted Area,Center(C),Less Than 8 ft.,1.0,-14.0,2.0,1,1,20160324,LAC,POR
Shot Chart Detail,0021501072,168,201145,Jeff Green,1610612746,LA Clippers,2,9,12,Made Shot,Driving Finger Roll Layup Shot,2PT Field Goal,Restricted Area,Center(C),Less Than 8 ft.,2.0,6.0,21.0,1,1,20160324,LAC,POR
Shot Chart Detail,0021501072,430,201145,Jeff Green,1610612746,LA Clippers,3,0,45,Missed Shot,Running Reverse Layup Shot,2PT Field Goal,Restricted Area,Center(C),Less Than 8 ft.,1.0,9.0,-5.0,1,0,20160324,LAC,POR
Shot Chart Detail,0021501072,461,201145,Jeff Green,1610612746,LA Clippers,4,9,51,Missed Shot,Driving Hook Shot,2PT Field Goal,Restricted Area,Center(C),Less Than 8 ft.,3.0,35.0,18.0,1,0,20160324,LAC,POR
Shot Chart Detail,0021501072,478,201145,Jeff Green,1610612746,LA Clippers,4,8,59,Missed Shot,Jump Shot,3PT Field Goal,Right Corner 3,Right Side(R),24+ ft.,23.0,238.0,11.0,1,0,20160324,LAC,POR
Shot Chart Detail,0021501092,93,201145,Jeff Green,1610612746,LA Clippers,1,2,57,Missed Shot,Driving Bank shot,2PT Field Goal,In The Paint (Non-RA),Center(C),Less Than 8 ft.,5.0,49.0,14.0,1,0,20160327,LAC,DEN
Shot Chart Detail,0021501092,117,201145,Jeff Green,1610612746,LA Clippers,1,1,21,Made Shot,Driving Dunk Shot,2PT Field Goal,Restricted Area,Center(C),Less Than 8 ft.,0.0,0.0,1.0,1,1,20160327,LAC,DEN
Shot Chart Detail,0021501092,120,201145,Jeff Green,1610612746,LA Clippers,1,0,42,Missed Shot,Turnaround Hook Shot,2PT Field Goal,In The Paint (Non-RA),Center(C),8-16 ft.,9.0,-12.0,95.0,1,0,20160327,LAC,DEN
Shot Chart Detail,0021501092,155,201145,Jeff Green,1610612746,LA Clippers,2,8,16,Made Shot,Driving Layup Shot,2PT Field Goal,Restricted Area,Center(C),Less Than 8 ft.,1.0,4.0,11.0,1,1,20160327,LAC,DEN
Shot Chart Detail,0021501092,164,201145,Jeff Green,1610612746,LA Clippers,2,7,18,Made Shot,Cutting Dunk Shot,2PT Field Goal,Restricted Area,Center(C),Less Than 8 ft.,0.0,0.0,1.0,1,1,20160327,LAC,DEN
Shot Chart Detail,0021501092,173,201145,Jeff Green,1610612746,LA Clippers,2,6,40,Missed Shot,Layup Shot,2PT Field Goal,Restricted Area,Center(C),Less Than 8 ft.,0.0,-4.0,7.0,1,0,20160327,LAC,DEN
Shot Chart Detail,0021501092,174,201145,Jeff Green,1610612746,LA Clippers,2,6,38,Missed Shot,Tip Layup Shot,2PT Field Goal,Restricted Area,Center(C),Less Than 8 ft.,2.0,-2.0,28.0,1,0,20160327,LAC,DEN
Shot Chart Detail,0021501092,179,201145,Jeff Green,1610612746,LA Clippers,2,6,28,Missed Shot,Jump Shot,2PT Field Goal,Mid-Range,Right Side(R),8-16 ft.,8.0,81.0,33.0,1,0,20160327,LAC,DEN
Shot Chart Detail,0021501092,194,201145,Jeff Green,1610612746,LA Clippers,2,5,55,Made Shot,Running Dunk Shot,2PT Field Goal,Restricted Area,Center(C),Less Than 8 ft.,0.0,0.0,1.0,1,1,20160327,LAC,DEN
Shot Chart Detail,0021501092,393,201145,Jeff Green,1610612746,LA Clippers,3,0,37,Made Shot,Running Dunk Shot,2PT Field Goal,Restricted Area,Center(C),Less Than 8 ft.,1.0,-9.0,16.0,1,1,20160327,LAC,DEN
Shot Chart Detail,0021501092,408,201145,Jeff Green,1610612746,LA Clippers,4,10,44,Made Shot,Tip Dunk Shot,2PT Field Goal,Restricted Area,Center(C),Less Than 8 ft.,0.0,0.0,1.0,1,1,20160327,LAC,DEN
Shot Chart Detail,0021501092,490,201145,Jeff Green,1610612746,LA Clippers,4,2,2,Missed Shot,Jump Shot,2PT Field Goal,Mid-Range,Center(C),16-24 ft.,18.0,-14.0,188.0,1,0,20160327,LAC,DEN
Shot Chart Detail,0021501092,503,201145,Jeff Green,1610612746,LA Clippers,4,1,5,Missed Shot,Layup Shot,2PT Field Goal,Restricted Area,Center(C),Less Than 8 ft.,1.0,-7.0,16.0,1,0,20160327,LAC,DEN
Shot Chart Detail,0021501106,89,201145,Jeff Green,1610612746,LA Clippers,1,2,51,Missed Shot,Driving Bank shot,2PT Field Goal,Mid-Range,Left Side(L),8-16 ft.,11.0,-109.0,16.0,1,0,20160328,LAC,BOS
Shot Chart Detail,0021501106,129,201145,Jeff Green,1610612746,LA Clippers,2,11,49,Missed Shot,Jump Shot,2PT Field Goal,In The Paint (Non-RA),Center(C),Less Than 8 ft.,6.0,1.0,65.0,1,0,20160328,LAC,BOS
Shot Chart Detail,0021501106,138,201145,Jeff Green,1610612746,LA Clippers,2,10,53,Missed Shot,Jump Shot,2PT Field Goal,Mid-Range,Right Side Center(RC),16-24 ft.,20.0,73.0,193.0,1,0,20160328,LAC,BOS
Shot Chart Detail,0021501106,153,201145,Jeff Green,1610612746,LA Clippers,2,9,23,Missed Shot,Jump Bank Shot,2PT Field Goal,Mid-Range,Left Side(L),8-16 ft.,9.0,-89.0,31.0,1,0,20160328,LAC,BOS
Shot Chart Detail,0021501106,275,201145,Jeff Green,1610612746,LA Clippers,2,0,39,Made Shot,Driving Hook Shot,2PT Field Goal,In The Paint (Non-RA),Center(C),Less Than 8 ft.,7.0,-56.0,46.0,1,1,20160328,LAC,BOS
Shot Chart Detail,0021501106,414,201145,Jeff Green,1610612746,LA Clippers,3,2,25,Made Shot,Jump Shot,3PT Field Goal,Left Corner 3,Left Side(L),24+ ft.,23.0,-233.0,57.0,1,1,20160328,LAC,BOS
Shot Chart Detail,0021501106,419,201145,Jeff Green,1610612746,LA Clippers,3,1,50,Made Shot,Cutting Layup Shot,2PT Field Goal,Restricted Area,Center(C),Less Than 8 ft.,1.0,-9.0,11.0,1,1,20160328,LAC,BOS
Shot Chart Detail,0021501106,467,201145,Jeff Green,1610612746,LA Clippers,4,8,59,Made Shot,Driving Dunk Shot,2PT Field Goal,Restricted Area,Center(C),Less Than 8 ft.,1.0,9.0,8.0,1,1,20160328,LAC,BOS
Shot Chart Detail,0021501106,481,201145,Jeff Green,1610612746,LA Clippers,4,6,45,Missed Shot,Jump Bank Shot,2PT Field Goal,In The Paint (Non-RA),Right Side(R),8-16 ft.,8.0,79.0,36.0,1,0,20160328,LAC,BOS
Shot Chart Detail,0021501106,525,201145,Jeff Green,1610612746,LA Clippers,4,3,18,Missed Shot,Hook Shot,2PT Field Goal,Restricted Area,Center(C),Less Than 8 ft.,3.0,0.0,36.0,1,0,20160328,LAC,BOS
Shot Chart Detail,0021501106,541,201145,Jeff Green,1610612746,LA Clippers,4,2,4,Missed Shot,Step Back Jump shot,2PT Field Goal,Mid-Range,Right Side(R),16-24 ft.,18.0,179.0,41.0,1,0,20160328,LAC,BOS
Shot Chart Detail,0021501116,56,201145,Jeff Green,1610612746,LA Clippers,1,5,3,Missed Shot,Jump Shot,3PT Field Goal,Right Corner 3,Right Side(R),24+ ft.,22.0,228.0,16.0,1,0,20160330,MIN,LAC
Shot Chart Detail,0021501116,152,201145,Jeff Green,1610612746,LA Clippers,2,9,53,Missed Shot,Layup Shot,2PT Field Goal,Restricted Area,Center(C),Less Than 8 ft.,3.0,30.0,8.0,1,0,20160330,MIN,LAC
Shot Chart Detail,0021501116,155,201145,Jeff Green,1610612746,LA Clippers,2,9,27,Missed Shot,Floating Jump shot,2PT Field Goal,In The Paint (Non-RA),Center(C),Less Than 8 ft.,7.0,-52.0,51.0,1,0,20160330,MIN,LAC
Shot Chart Detail,0021501116,350,201145,Jeff Green,1610612746,LA Clippers,3,4,34,Missed Shot,Jump Shot,3PT Field Goal,Left Corner 3,Left Side(L),24+ ft.,23.0,-232.0,13.0,1,0,20160330,MIN,LAC
Shot Chart Detail,0021501116,354,201145,Jeff Green,1610612746,LA Clippers,3,4,17,Made Shot,Cutting Layup Shot,2PT Field Goal,Restricted Area,Center(C),Less Than 8 ft.,2.0,2.0,26.0,1,1,20160330,MIN,LAC
Shot Chart Detail,0021501116,357,201145,Jeff Green,1610612746,LA Clippers,3,3,49,Missed Shot,Floating Jump shot,2PT Field Goal,Restricted Area,Center(C),Less Than 8 ft.,3.0,15.0,36.0,1,0,20160330,MIN,LAC
Shot Chart Detail,0021501116,426,201145,Jeff Green,1610612746,LA Clippers,4,7,14,Made Shot,Driving Layup Shot,2PT Field Goal,Restricted Area,Center(C),Less Than 8 ft.,2.0,20.0,0.0,1,1,20160330,MIN,LAC
Shot Chart Detail,0021501116,431,201145,Jeff Green,1610612746,LA Clippers,4,6,45,Made Shot,Driving Layup Shot,2PT Field Goal,Restricted Area,Center(C),Less Than 8 ft.,2.0,-11.0,21.0,1,1,20160330,MIN,LAC
Shot Chart Detail,0021501116,434,201145,Jeff Green,1610612746,LA Clippers,4,6,23,Missed Shot,Jump Shot,3PT Field Goal,Above the Break 3,Left Side Center(LC),24+ ft.,24.0,-150.0,198.0,1,0,20160330,MIN,LAC
Shot Chart Detail,0021501116,444,201145,Jeff Green,1610612746,LA Clippers,4,5,56,Made Shot,Jump Shot,2PT Field Goal,Mid-Range,Left Side(L),16-24 ft.,20.0,-201.0,36.0,1,1,20160330,MIN,LAC
Shot Chart Detail,0021501126,88,201145,Jeff Green,1610612746,LA Clippers,1,1,6,Missed Shot,Pullup Jump shot,2PT Field Goal,Mid-Range,Right Side(R),8-16 ft.,14.0,96.0,110.0,1,0,20160331,OKC,LAC
Shot Chart Detail,0021501126,97,201145,Jeff Green,1610612746,LA Clippers,2,11,45,Made Shot,Driving Dunk Shot,2PT Field Goal,Restricted Area,Center(C),Less Than 8 ft.,0.0,0.0,1.0,1,1,20160331,OKC,LAC
Shot Chart Detail,0021501126,111,201145,Jeff Green,1610612746,LA Clippers,2,10,28,Missed Shot,Pullup Jump shot,2PT Field Goal,Mid-Range,Left Side Center(LC),16-24 ft.,19.0,-101.0,164.0,1,0,20160331,OKC,LAC
Shot Chart Detail,0021501126,135,201145,Jeff Green,1610612746,LA Clippers,2,8,22,Missed Shot,Turnaround Jump Shot,2PT Field Goal,Mid-Range,Right Side(R),8-16 ft.,10.0,99.0,33.0,1,0,20160331,OKC,LAC
Shot Chart Detail,0021501126,160,201145,Jeff Green,1610612746,LA Clippers,2,6,38,Made Shot,Driving Layup Shot,2PT Field Goal,Restricted Area,Center(C),Less Than 8 ft.,1.0,10.0,0.0,1,1,20160331,OKC,LAC
Shot Chart Detail,0021501126,182,201145,Jeff Green,1610612746,LA Clippers,2,5,27,Missed Shot,Jump Shot,3PT Field Goal,Above the Break 3,Center(C),24+ ft.,24.0,-55.0,242.0,1,0,20160331,OKC,LAC
Shot Chart Detail,0021501126,197,201145,Jeff Green,1610612746,LA Clippers,2,3,32,Made Shot,Reverse Layup Shot,2PT Field Goal,Restricted Area,Center(C),Less Than 8 ft.,0.0,-6.0,7.0,1,1,20160331,OKC,LAC
Shot Chart Detail,0021501126,203,201145,Jeff Green,1610612746,LA Clippers,2,3,8,Made Shot,Driving Reverse Layup Shot,2PT Field Goal,Restricted Area,Center(C),Less Than 8 ft.,2.0,-20.0,3.0,1,1,20160331,OKC,LAC
Shot Chart Detail,0021501126,211,201145,Jeff Green,1610612746,LA Clippers,2,2,28,Made Shot,Running Layup Shot,2PT Field Goal,Restricted Area,Center(C),Less Than 8 ft.,0.0,-6.0,0.0,1,1,20160331,OKC,LAC
Shot Chart Detail,0021501126,231,201145,Jeff Green,1610612746,LA Clippers,2,0,39,Missed Shot,Jump Shot,3PT Field Goal,Left Corner 3,Left Side(L),24+ ft.,22.0,-222.0,21.0,1,0,20160331,OKC,LAC
Shot Chart Detail,0021501126,360,201145,Jeff Green,1610612746,LA Clippers,3,0,5,Missed Shot,Jump Shot,3PT Field Goal,Above the Break 3,Left Side Center(LC),24+ ft.,25.0,-153.0,200.0,1,0,20160331,OKC,LAC
Shot Chart Detail,0021501126,375,201145,Jeff Green,1610612746,LA Clippers,4,10,50,Made Shot,Driving Layup Shot,2PT Field Goal,Restricted Area,Center(C),Less Than 8 ft.,0.0,4.0,2.0,1,1,20160331,OKC,LAC
Shot Chart Detail,0021501126,466,201145,Jeff Green,1610612746,LA Clippers,4,4,20,Made Shot,Jump Shot,3PT Field Goal,Left Corner 3,Left Side(L),24+ ft.,22.0,-223.0,33.0,1,1,20160331,OKC,LAC
Shot Chart Detail,0021501126,477,201145,Jeff Green,1610612746,LA Clippers,4,3,15,Missed Shot,Jump Bank Shot,2PT Field Goal,In The Paint (Non-RA),Center(C),Less Than 8 ft.,6.0,53.0,31.0,1,0,20160331,OKC,LAC
Shot Chart Detail,0021501126,480,201145,Jeff Green,1610612746,LA Clippers,4,2,41,Missed Shot,Jump Shot,3PT Field Goal,Right Corner 3,Right Side(R),24+ ft.,23.0,233.0,56.0,1,0,20160331,OKC,LAC
Shot Chart Detail,0021501147,99,201145,Jeff Green,1610612746,LA Clippers,1,2,11,Made Shot,Step Back Jump shot,2PT Field Goal,Mid-Range,Right Side Center(RC),16-24 ft.,20.0,135.0,149.0,1,1,20160403,LAC,WAS
Shot Chart Detail,0021501147,115,201145,Jeff Green,1610612746,LA Clippers,1,0,55,Missed Shot,Running Layup Shot,2PT Field Goal,Restricted Area,Center(C),Less Than 8 ft.,1.0,2.0,13.0,1,0,20160403,LAC,WAS
Shot Chart Detail,0021501147,180,201145,Jeff Green,1610612746,LA Clippers,2,7,41,Missed Shot,Jump Shot,2PT Field Goal,In The Paint (Non-RA),Left Side(L),8-16 ft.,10.0,-76.0,70.0,1,0,20160403,LAC,WAS
Shot Chart Detail,0021501147,420,201145,Jeff Green,1610612746,LA Clippers,3,0,25,Made Shot,Driving Bank shot,2PT Field Goal,In The Paint (Non-RA),Center(C),Less Than 8 ft.,6.0,63.0,26.0,1,1,20160403,LAC,WAS
Shot Chart Detail,0021501164,93,201145,Jeff Green,1610612746,LA Clippers,1,3,31,Made Shot,Cutting Finger Roll Layup Shot,2PT Field Goal,Restricted Area,Center(C),Less Than 8 ft.,2.0,-14.0,21.0,1,1,20160405,LAC,LAL
Shot Chart Detail,0021501164,132,201145,Jeff Green,1610612746,LA Clippers,1,0,49,Made Shot,Driving Dunk Shot,2PT Field Goal,Restricted Area,Center(C),Less Than 8 ft.,1.0,6.0,16.0,1,1,20160405,LAC,LAL
Shot Chart Detail,0021501164,137,201145,Jeff Green,1610612746,LA Clippers,1,0,25,Made Shot,Pullup Jump shot,2PT Field Goal,Mid-Range,Center(C),16-24 ft.,17.0,-2.0,170.0,1,1,20160405,LAC,LAL
Shot Chart Detail,0021501164,152,201145,Jeff Green,1610612746,LA Clippers,2,10,39,Missed Shot,Jump Shot,2PT Field Goal,Mid-Range,Right Side(R),16-24 ft.,19.0,168.0,90.0,1,0,20160405,LAC,LAL
Shot Chart Detail,0021501164,259,201145,Jeff Green,1610612746,LA Clippers,2,0,42,Made Shot,Jump Shot,3PT Field Goal,Right Corner 3,Right Side(R),24+ ft.,23.0,236.0,36.0,1,1,20160405,LAC,LAL
Shot Chart Detail,0021501164,336,201145,Jeff Green,1610612746,LA Clippers,3,4,39,Missed Shot,Jump Shot,3PT Field Goal,Right Corner 3,Right Side(R),24+ ft.,24.0,238.0,70.0,1,0,20160405,LAC,LAL
Shot Chart Detail,0021501164,361,201145,Jeff Green,1610612746,LA Clippers,3,2,48,Made Shot,Driving Bank shot,2PT Field Goal,Restricted Area,Center(C),Less Than 8 ft.,2.0,19.0,23.0,1,1,20160405,LAC,LAL
Shot Chart Detail,0021501164,373,201145,Jeff Green,1610612746,LA Clippers,3,0,37,Made Shot,Jump Shot,2PT Field Goal,Mid-Range,Right Side Center(RC),16-24 ft.,20.0,158.0,124.0,1,1,20160405,LAC,LAL
Shot Chart Detail,0021501164,389,201145,Jeff Green,1610612746,LA Clippers,4,11,44,Missed Shot,Driving Bank shot,2PT Field Goal,Restricted Area,Center(C),Less Than 8 ft.,2.0,-4.0,26.0,1,0,20160405,LAC,LAL
Shot Chart Detail,0021501164,434,201145,Jeff Green,1610612746,LA Clippers,4,7,21,Missed Shot,Jump Shot,2PT Field Goal,Restricted Area,Center(C),Less Than 8 ft.,3.0,6.0,38.0,1,0,20160405,LAC,LAL
Shot Chart Detail,0021501164,470,201145,Jeff Green,1610612746,LA Clippers,4,5,4,Missed Shot,Jump Shot,3PT Field Goal,Above the Break 3,Right Side Center(RC),24+ ft.,24.0,137.0,208.0,1,0,20160405,LAC,LAL
Shot Chart Detail,0021501164,493,201145,Jeff Green,1610612746,LA Clippers,4,2,8,Made Shot,Step Back Jump shot,2PT Field Goal,Mid-Range,Right Side(R),16-24 ft.,16.0,141.0,77.0,1,1,20160405,LAC,LAL
Shot Chart Detail,0021501172,99,201145,Jeff Green,1610612746,LA Clippers,1,2,18,Missed Shot,Jump Shot,3PT Field Goal,,,,,,,1,0,20160406,LAL,LAC
Shot Chart Detail,0021501172,124,201145,Jeff Green,1610612746,LA Clippers,2,10,51,Made Shot,Turnaround Jump Shot,2PT Field Goal,In The Paint (Non-RA),Center(C),8-16 ft.,10.0,15.0,100.0,1,1,20160406,LAL,LAC
Shot Chart Detail,0021501172,165,201145,Jeff Green,1610612746,LA Clippers,2,7,41,Missed Shot,Layup Shot,2PT Field Goal,Restricted Area,Center(C),Less Than 8 ft.,2.0,-24.0,16.0,1,0,20160406,LAL,LAC
Shot Chart Detail,0021501172,334,201145,Jeff Green,1610612746,LA Clippers,3,3,12,Missed Shot,Turnaround Jump Shot,2PT Field Goal,In The Paint (Non-RA),Center(C),8-16 ft.,10.0,2.0,106.0,1,0,20160406,LAL,LAC
Shot Chart Detail,0021501172,365,201145,Jeff Green,1610612746,LA Clippers,3,1,3,Missed Shot,Jump Shot,3PT Field Goal,Right Corner 3,Right Side(R),24+ ft.,24.0,248.0,-1.0,1,0,20160406,LAL,LAC
Shot Chart Detail,0021501187,68,201145,Jeff Green,1610612746,LA Clippers,1,2,46,Made Shot,Turnaround Fadeaway shot,2PT Field Goal,Mid-Range,Right Side(R),8-16 ft.,12.0,127.0,-5.0,1,1,20160408,UTA,LAC
Shot Chart Detail,0021501187,91,201145,Jeff Green,1610612746,LA Clippers,1,0,34,Missed Shot,Driving Layup Shot,2PT Field Goal,Restricted Area,Center(C),Less Than 8 ft.,2.0,20.0,2.0,1,0,20160408,UTA,LAC
Shot Chart Detail,0021501187,113,201145,Jeff Green,1610612746,LA Clippers,2,10,10,Made Shot,Driving Layup Shot,2PT Field Goal,Restricted Area,Center(C),Less Than 8 ft.,1.0,17.0,-1.0,1,1,20160408,UTA,LAC
Shot Chart Detail,0021501187,134,201145,Jeff Green,1610612746,LA Clippers,2,7,37,Missed Shot,Jump Shot,3PT Field Goal,Above the Break 3,Center(C),24+ ft.,25.0,-1.0,254.0,1,0,20160408,UTA,LAC
Shot Chart Detail,0021501187,288,201145,Jeff Green,1610612746,LA Clippers,3,4,36,Missed Shot,Layup Shot,2PT Field Goal,Restricted Area,Center(C),Less Than 8 ft.,3.0,27.0,18.0,1,0,20160408,UTA,LAC
Shot Chart Detail,0021501187,304,201145,Jeff Green,1610612746,LA Clippers,3,2,52,Missed Shot,Jump Shot,3PT Field Goal,Above the Break 3,Left Side Center(LC),24+ ft.,29.0,-127.0,267.0,1,0,20160408,UTA,LAC
Shot Chart Detail,0021501187,317,201145,Jeff Green,1610612746,LA Clippers,3,1,47,Missed Shot,Jump Shot,2PT Field Goal,Mid-Range,Center(C),16-24 ft.,17.0,37.0,170.0,1,0,20160408,UTA,LAC
Shot Chart Detail,0021501187,321,201145,Jeff Green,1610612746,LA Clippers,3,1,9,Missed Shot,Driving Bank Hook Shot,2PT Field Goal,In The Paint (Non-RA),Center(C),Less Than 8 ft.,4.0,-37.0,16.0,1,0,20160408,UTA,LAC
Shot Chart Detail,0021501187,363,201145,Jeff Green,1610612746,LA Clippers,4,11,2,Missed Shot,Jump Shot,3PT Field Goal,Right Corner 3,Right Side(R),24+ ft.,23.0,233.0,7.0,1,0,20160408,UTA,LAC
Shot Chart Detail,0021501187,368,201145,Jeff Green,1610612746,LA Clippers,4,10,22,Missed Shot,Jump Shot,2PT Field Goal,In The Paint (Non-RA),Center(C),8-16 ft.,9.0,2.0,90.0,1,0,20160408,UTA,LAC
Shot Chart Detail,0021501187,371,201145,Jeff Green,1610612746,LA Clippers,4,10,5,Missed Shot,Running Layup Shot,2PT Field Goal,Restricted Area,Center(C),Less Than 8 ft.,2.0,-11.0,18.0,1,0,20160408,UTA,LAC
Shot Chart Detail,0021501187,381,201145,Jeff Green,1610612746,LA Clippers,4,9,17,Made Shot,Floating Jump shot,2PT Field Goal,In The Paint (Non-RA),Center(C),8-16 ft.,13.0,61.0,124.0,1,1,20160408,UTA,LAC
Shot Chart Detail,0021501187,388,201145,Jeff Green,1610612746,LA Clippers,4,8,22,Missed Shot,Jump Shot,2PT Field Goal,In The Paint (Non-RA),Center(C),Less Than 8 ft.,5.0,-37.0,41.0,1,0,20160408,UTA,LAC
Shot Chart Detail,0021501187,397,201145,Jeff Green,1610612746,LA Clippers,4,7,57,Made Shot,Jump Shot,3PT Field Goal,Left Corner 3,Left Side(L),24+ ft.,22.0,-228.0,3.0,1,1,20160408,UTA,LAC
Shot Chart Detail,0021501187,402,201145,Jeff Green,1610612746,LA Clippers,4,7,20,Made Shot,Hook Shot,2PT Field Goal,In The Paint (Non-RA),Center(C),Less Than 8 ft.,5.0,-11.0,52.0,1,1,20160408,UTA,LAC
Shot Chart Detail,0021501187,441,201145,Jeff Green,1610612746,LA Clippers,4,3,57,Missed Shot,Jump Shot,3PT Field Goal,Left Corner 3,Left Side(L),24+ ft.,23.0,-238.0,-1.0,1,0,20160408,UTA,LAC
Shot Chart Detail,0021501187,457,201145,Jeff Green,1610612746,LA Clippers,4,2,47,Missed Shot,Hook Shot,2PT Field Goal,Mid-Range,Right Side(R),8-16 ft.,8.0,82.0,28.0,1,0,20160408,UTA,LAC
Shot Chart Detail,0021501187,460,201145,Jeff Green,1610612746,LA Clippers,4,2,13,Made Shot,Jump Shot,3PT Field Goal,Above the Break 3,Left Side Center(LC),24+ ft.,25.0,-94.0,237.0,1,1,20160408,UTA,LAC
Shot Chart Detail,0021501187,499,201145,Jeff Green,1610612746,LA Clippers,5,4,31,Missed Shot,Driving Bank shot,2PT Field Goal,In The Paint (Non-RA),Center(C),Less Than 8 ft.,7.0,-52.0,56.0,1,0,20160408,UTA,LAC
Shot Chart Detail,0021501187,508,201145,Jeff Green,1610612746,LA Clippers,5,2,34,Made Shot,Jump Shot,3PT Field Goal,Above the Break 3,Center(C),24+ ft.,23.0,-24.0,237.0,1,1,20160408,UTA,LAC
Shot Chart Detail,0021501187,512,201145,Jeff Green,1610612746,LA Clippers,5,1,55,Missed Shot,Fadeaway Jump Shot,2PT Field Goal,Mid-Range,Left Side(L),16-24 ft.,18.0,-178.0,46.0,1,0,20160408,UTA,LAC
Shot Chart Detail,0021501196,84,201145,Jeff Green,1610612746,LA Clippers,1,3,0,Made Shot,Running Dunk Shot,2PT Field Goal,Restricted Area,Center(C),Less Than 8 ft.,0.0,0.0,1.0,1,1,20160410,LAC,DAL
Shot Chart Detail,0021501196,101,201145,Jeff Green,1610612746,LA Clippers,1,1,40,Made Shot,Running Dunk Shot,2PT Field Goal,Restricted Area,Center(C),Less Than 8 ft.,0.0,0.0,1.0,1,1,20160410,LAC,DAL
Shot Chart Detail,0021501196,103,201145,Jeff Green,1610612746,LA Clippers,1,0,58,Missed Shot,Turnaround Hook Shot,2PT Field Goal,In The Paint (Non-RA),Center(C),Less Than 8 ft.,7.0,35.0,65.0,1,0,20160410,LAC,DAL
Shot Chart Detail,0021501196,106,201145,Jeff Green,1610612746,LA Clippers,1,0,37,Missed Shot,Jump Shot,3PT Field Goal,Above the Break 3,Center(C),24+ ft.,26.0,-81.0,257.0,1,0,20160410,LAC,DAL
Shot Chart Detail,0021501196,150,201145,Jeff Green,1610612746,LA Clippers,2,9,59,Missed Shot,Jump Shot,2PT Field Goal,Restricted Area,Center(C),Less Than 8 ft.,3.0,24.0,18.0,1,0,20160410,LAC,DAL
Shot Chart Detail,0021501196,173,201145,Jeff Green,1610612746,LA Clippers,2,8,15,Missed Shot,Driving Layup Shot,2PT Field Goal,Restricted Area,Center(C),Less Than 8 ft.,3.0,9.0,31.0,1,0,20160410,LAC,DAL
Shot Chart Detail,0021501196,404,201145,Jeff Green,1610612746,LA Clippers,3,3,24,Made Shot,Running Finger Roll Layup Shot,2PT Field Goal,Restricted Area,Center(C),Less Than 8 ft.,3.0,2.0,36.0,1,1,20160410,LAC,DAL
Shot Chart Detail,0021501196,466,201145,Jeff Green,1610612746,LA Clippers,4,11,20,Made Shot,Turnaround Fadeaway shot,2PT Field Goal,Mid-Range,Left Side(L),8-16 ft.,14.0,-142.0,-15.0,1,1,20160410,LAC,DAL
Shot Chart Detail,0021501196,468,201145,Jeff Green,1610612746,LA Clippers,4,10,30,Missed Shot,Driving Hook Shot,2PT Field Goal,In The Paint (Non-RA),Center(C),Less Than 8 ft.,7.0,-27.0,75.0,1,0,20160410,LAC,DAL
Shot Chart Detail,0021501196,475,201145,Jeff Green,1610612746,LA Clippers,4,9,47,Made Shot,Turnaround Jump Shot,2PT Field Goal,Mid-Range,Left Side(L),8-16 ft.,14.0,-101.0,106.0,1,1,20160410,LAC,DAL
Shot Chart Detail,0021501196,595,201145,Jeff Green,1610612746,LA Clippers,4,0,34,Missed Shot,Jump Shot,3PT Field Goal,Above the Break 3,Left Side Center(LC),24+ ft.,28.0,-153.0,239.0,1,0,20160410,LAC,DAL
Shot Chart Detail,0021501216,143,201145,Jeff Green,1610612746,LA Clippers,1,0,4,Missed Shot,Layup Shot,2PT Field Goal,Restricted Area,Center(C),Less Than 8 ft.,3.0,-24.0,21.0,1,0,20160412,LAC,MEM
Shot Chart Detail,0021501216,169,201145,Jeff Green,1610612746,LA Clippers,2,9,8,Made Shot,Driving Hook Shot,2PT Field Goal,In The Paint (Non-RA),Center(C),Less Than 8 ft.,4.0,10.0,46.0,1,1,20160412,LAC,MEM
Shot Chart Detail,0021501216,176,201145,Jeff Green,1610612746,LA Clippers,2,7,46,Made Shot,Turnaround Hook Shot,2PT Field Goal,In The Paint (Non-RA),Center(C),Less Than 8 ft.,6.0,-65.0,-1.0,1,1,20160412,LAC,MEM
Shot Chart Detail,0021501216,185,201145,Jeff Green,1610612746,LA Clippers,2,6,24,Made Shot,Turnaround Fadeaway shot,2PT Field Goal,In The Paint (Non-RA),Left Side(L),8-16 ft.,10.0,-55.0,95.0,1,1,20160412,LAC,MEM
Shot Chart Detail,0021501216,193,201145,Jeff Green,1610612746,LA Clippers,2,5,52,Missed Shot,Turnaround Hook Shot,2PT Field Goal,In The Paint (Non-RA),Center(C),Less Than 8 ft.,7.0,42.0,62.0,1,0,20160412,LAC,MEM
Shot Chart Detail,0021501216,217,201145,Jeff Green,1610612746,LA Clippers,2,3,32,Missed Shot,Finger Roll Layup Shot,2PT Field Goal,Restricted Area,Center(C),Less Than 8 ft.,1.0,9.0,16.0,1,0,20160412,LAC,MEM
Shot Chart Detail,0021501216,218,201145,Jeff Green,1610612746,LA Clippers,2,3,27,Made Shot,Tip Layup Shot,2PT Field Goal,Restricted Area,Center(C),Less Than 8 ft.,2.0,0.0,21.0,1,1,20160412,LAC,MEM
Shot Chart Detail,0021501216,371,201145,Jeff Green,1610612746,LA Clippers,4,11,38,Missed Shot,Turnaround Fadeaway shot,2PT Field Goal,Mid-Range,Left Side Center(LC),16-24 ft.,16.0,-120.0,112.0,1,0,20160412,LAC,MEM
Shot Chart Detail,0021501216,384,201145,Jeff Green,1610612746,LA Clippers,4,9,44,Missed Shot,Jump Shot,3PT Field Goal,Left Corner 3,Left Side(L),24+ ft.,25.0,-246.0,52.0,1,0,20160412,LAC,MEM
Shot Chart Detail,0021501216,389,201145,Jeff Green,1610612746,LA Clippers,4,8,57,Made Shot,Jump Shot,3PT Field Goal,Right Corner 3,Right Side(R),24+ ft.,23.0,232.0,8.0,1,1,20160412,LAC,MEM
Shot Chart Detail,0021501216,421,201145,Jeff Green,1610612746,LA Clippers,4,5,39,Missed Shot,Layup Shot,2PT Field Goal,Restricted Area,Center(C),Less Than 8 ft.,2.0,14.0,23.0,1,0,20160412,LAC,MEM
Shot Chart Detail,0021501216,468,201145,Jeff Green,1610612746,LA Clippers,4,0,35,Made Shot,Reverse Layup Shot,2PT Field Goal,Restricted Area,Center(C),Less Than 8 ft.,2.0,1.0,21.0,1,1,20160412,LAC,MEM
Shot Chart Detail,0021501229,162,201145,Jeff Green,1610612746,LA Clippers,2,10,17,Missed Shot,Turnaround Fadeaway shot,2PT Field Goal,Mid-Range,Right Side(R),16-24 ft.,17.0,171.0,-5.0,1,0,20160413,PHX,LAC
Shot Chart Detail,0021501229,175,201145,Jeff Green,1610612746,LA Clippers,2,9,32,Made Shot,Pullup Jump shot,2PT Field Goal,Mid-Range,Right Side(R),8-16 ft.,11.0,92.0,70.0,1,1,20160413,PHX,LAC
Shot Chart Detail,0021501229,185,201145,Jeff Green,1610612746,LA Clippers,2,8,18,Missed Shot,Driving Layup Shot,2PT Field Goal,Restricted Area,Center(C),Less Than 8 ft.,1.0,17.0,-6.0,1,0,20160413,PHX,LAC
Shot Chart Detail,0021501229,186,201145,Jeff Green,1610612746,LA Clippers,2,8,16,Made Shot,Tip Layup Shot,2PT Field Goal,Restricted Area,Center(C),Less Than 8 ft.,2.0,19.0,11.0,1,1,20160413,PHX,LAC
Shot Chart Detail,0021501229,213,201145,Jeff Green,1610612746,LA Clippers,2,6,19,Missed Shot,Step Back Jump shot,3PT Field Goal,Above the Break 3,Center(C),24+ ft.,24.0,55.0,242.0,1,0,20160413,PHX,LAC
Shot Chart Detail,0021501229,363,201145,Jeff Green,1610612746,LA Clippers,3,3,57,Missed Shot,Jump Bank Shot,2PT Field Goal,In The Paint (Non-RA),Center(C),Less Than 8 ft.,4.0,45.0,11.0,1,0,20160413,PHX,LAC
Shot Chart Detail,0021501229,391,201145,Jeff Green,1610612746,LA Clippers,3,1,47,Made Shot,Jump Shot,2PT Field Goal,Mid-Range,Center(C),16-24 ft.,18.0,9.0,180.0,1,1,20160413,PHX,LAC
Shot Chart Detail,0021501229,395,201145,Jeff Green,1610612746,LA Clippers,3,1,9,Made Shot,Driving Layup Shot,2PT Field Goal,Restricted Area,Center(C),Less Than 8 ft.,1.0,-7.0,11.0,1,1,20160413,PHX,LAC
Shot Chart Detail,0021501229,401,201145,Jeff Green,1610612746,LA Clippers,3,0,31,Made Shot,Driving Bank shot,2PT Field Goal,In The Paint (Non-RA),Center(C),Less Than 8 ft.,4.0,-43.0,3.0,1,1,20160413,PHX,LAC
Shot Chart Detail,0021501229,403,201145,Jeff Green,1610612746,LA Clippers,3,0,0,Missed Shot,Jump Shot,3PT Field Goal,Above the Break 3,Center(C),24+ ft.,25.0,40.0,247.0,1,0,20160413,PHX,LAC
Shot Chart Detail,0021501229,421,201145,Jeff Green,1610612746,LA Clippers,4,10,22,Missed Shot,Jump Shot,2PT Field Goal,Mid-Range,Center(C),16-24 ft.,18.0,53.0,175.0,1,0,20160413,PHX,LAC
