GRID_TYPE,GAME_ID,GAME_EVENT_ID,PLAYER_ID,PLAYER_NAME,TEAM_ID,TEAM_NAME,PERIOD,MINUTES_REMAINING,SECONDS_REMAINING,EVENT_TYPE,ACTION_TYPE,SHOT_TYPE,SHOT_ZONE_BASIC,SHOT_ZONE_AREA,SHOT_ZONE_RANGE,SHOT_DISTANCE,LOC_X,LOC_Y,SHOT_ATTEMPTED_FLAG,SHOT_MADE_FLAG,GAME_DATE,HTM,VTM
Shot Chart Detail,0021500002,11,2544,LeBron James,1610612739,Cleveland Cavaliers,1,10,28,Made Shot,Jump Shot,2PT Field Goal,Mid-Range,Left Side(L),16-24 ft.,20.0,-191.0,65.0,1,1,20151027,CHI,CLE
Shot Chart Detail,0021500002,16,2544,LeBron James,1610612739,Cleveland Cavaliers,1,9,47,Missed Shot,Jump Shot,2PT Field Goal,Mid-Range,Center(C),16-24 ft.,21.0,19.0,214.0,1,0,20151027,CHI,CLE
Shot Chart Detail,0021500002,19,2544,LeBron James,1610612739,Cleveland Cavaliers,1,9,16,Missed Shot,Fadeaway Jump Shot,2PT Field Goal,In The Paint (Non-RA),Center(C),Less Than 8 ft.,7.0,-27.0,65.0,1,0,20151027,CHI,CLE
Shot Chart Detail,0021500002,24,2544,LeBron James,1610612739,Cleveland Cavaliers,1,9,2,Made Shot,Running Dunk Shot,2PT Field Goal,Restricted Area,Center(C),Less Than 8 ft.,0.0,0.0,1.0,1,1,20151027,CHI,CLE
Shot Chart Detail,0021500002,35,2544,LeBron James,1610612739,Cleveland Cavaliers,1,7,57,Made Shot,Alley Oop Layup shot,2PT Field Goal,Restricted Area,Center(C),Less Than 8 ft.,2.0,19.0,21.0,1,1,20151027,CHI,CLE
Shot Chart Detail,0021500002,96,2544,LeBron James,1610612739,Cleveland Cavaliers,1,2,42,Missed Shot,Jump Shot,2PT Field Goal,Mid-Range,Left Side Center(LC),16-24 ft.,23.0,-92.0,213.0,1,0,20151027,CHI,CLE
Shot Chart Detail,0021500002,131,2544,LeBron James,1610612739,Cleveland Cavaliers,1,1,20,Made Shot,Cutting Layup Shot,2PT Field Goal,Restricted Area,Center(C),Less Than 8 ft.,2.0,22.0,7.0,1,1,20151027,CHI,CLE
Shot Chart Detail,0021500002,168,2544,LeBron James,1610612739,Cleveland Cavaliers,2,9,48,Missed Shot,Driving Layup Shot,2PT Field Goal,Restricted Area,Center(C),Less Than 8 ft.,2.0,-22.0,13.0,1,0,20151027,CHI,CLE
Shot Chart Detail,0021500002,182,2544,LeBron James,1610612739,Cleveland Cavaliers,2,8,36,Missed Shot,Pullup Jump shot,3PT Field Goal,Above the Break 3,Right Side Center(RC),24+ ft.,24.0,115.0,218.0,1,0,20151027,CHI,CLE
Shot Chart Detail,0021500002,184,2544,LeBron James,1610612739,Cleveland Cavaliers,2,8,26,Missed Shot,Driving Layup Shot,2PT Field Goal,Restricted Area,Center(C),Less Than 8 ft.,2.0,-12.0,21.0,1,0,20151027,CHI,CLE
Shot Chart Detail,0021500002,205,2544,LeBron James,1610612739,Cleveland Cavaliers,2,7,8,Made Shot,Running Finger Roll Layup Shot,2PT Field Goal,Restricted Area,Center(C),Less Than 8 ft.,1.0,4.0,13.0,1,1,20151027,CHI,CLE
Shot Chart Detail,0021500002,284,2544,LeBron James,1610612739,Cleveland Cavaliers,2,0,34,Missed Shot,Jump Shot,3PT Field Goal,Above the Break 3,Left Side Center(LC),24+ ft.,25.0,-178.0,188.0,1,0,20151027,CHI,CLE
Shot Chart Detail,0021500002,288,2544,LeBron James,1610612739,Cleveland Cavaliers,2,0,1,Made Shot,Jump Shot,3PT Field Goal,Above the Break 3,Left Side Center(LC),24+ ft.,26.0,-107.0,247.0,1,1,20151027,CHI,CLE
Shot Chart Detail,0021500002,295,2544,LeBron James,1610612739,Cleveland Cavaliers,3,11,38,Made Shot,Driving Reverse Layup Shot,2PT Field Goal,Restricted Area,Center(C),Less Than 8 ft.,2.0,20.0,3.0,1,1,20151027,CHI,CLE
Shot Chart Detail,0021500002,299,2544,LeBron James,1610612739,Cleveland Cavaliers,3,10,57,Made Shot,Running Reverse Layup Shot,2PT Field Goal,Restricted Area,Center(C),Less Than 8 ft.,2.0,19.0,8.0,1,1,20151027,CHI,CLE
Shot Chart Detail,0021500002,450,2544,LeBron James,1610612739,Cleveland Cavaliers,4,8,32,Made Shot,Driving Layup Shot,2PT Field Goal,Restricted Area,Center(C),Less Than 8 ft.,2.0,-22.0,3.0,1,1,20151027,CHI,CLE
Shot Chart Detail,0021500002,453,2544,LeBron James,1610612739,Cleveland Cavaliers,4,7,59,Made Shot,Jump Shot,2PT Field Goal,Mid-Range,Left Side Center(LC),16-24 ft.,21.0,-83.0,198.0,1,1,20151027,CHI,CLE
Shot Chart Detail,0021500002,457,2544,LeBron James,1610612739,Cleveland Cavaliers,4,7,34,Missed Shot,Jump Shot,3PT Field Goal,Above the Break 3,Left Side Center(LC),24+ ft.,24.0,-86.0,232.0,1,0,20151027,CHI,CLE
Shot Chart Detail,0021500002,482,2544,LeBron James,1610612739,Cleveland Cavaliers,4,5,32,Made Shot,Driving Floating Jump Shot,2PT Field Goal,In The Paint (Non-RA),Center(C),Less Than 8 ft.,6.0,66.0,2.0,1,1,20151027,CHI,CLE
Shot Chart Detail,0021500002,500,2544,LeBron James,1610612739,Cleveland Cavaliers,4,4,40,Made Shot,Driving Floating Jump Shot,2PT Field Goal,In The Paint (Non-RA),Center(C),Less Than 8 ft.,5.0,-7.0,52.0,1,1,20151027,CHI,CLE
Shot Chart Detail,0021500002,521,2544,LeBron James,1610612739,Cleveland Cavaliers,4,3,0,Missed Shot,Jump Shot,3PT Field Goal,Left Corner 3,Left Side(L),24+ ft.,24.0,-240.0,11.0,1,0,20151027,CHI,CLE
Shot Chart Detail,0021500002,556,2544,LeBron James,1610612739,Cleveland Cavaliers,4,0,3,Missed Shot,Driving Layup Shot,2PT Field Goal,Restricted Area,Center(C),Less Than 8 ft.,2.0,22.0,11.0,1,0,20151027,CHI,CLE
Shot Chart Detail,0021500011,25,2544,LeBron James,1610612739,Cleveland Cavaliers,1,8,45,Missed Shot,Jump Shot,2PT Field Goal,Mid-Range,Right Side(R),8-16 ft.,15.0,132.0,77.0,1,0,20151028,MEM,CLE
Shot Chart Detail,0021500011,32,2544,LeBron James,1610612739,Cleveland Cavaliers,1,7,57,Made Shot,Running Dunk Shot,2PT Field Goal,Restricted Area,Center(C),Less Than 8 ft.,0.0,0.0,1.0,1,1,20151028,MEM,CLE
Shot Chart Detail,0021500011,93,2544,LeBron James,1610612739,Cleveland Cavaliers,1,2,32,Missed Shot,Jump Shot,3PT Field Goal,Above the Break 3,Right Side Center(RC),24+ ft.,25.0,155.0,198.0,1,0,20151028,MEM,CLE
Shot Chart Detail,0021500011,110,2544,LeBron James,1610612739,Cleveland Cavaliers,1,0,23,Made Shot,Alley Oop Layup shot,2PT Field Goal,Restricted Area,Center(C),Less Than 8 ft.,0.0,2.0,-6.0,1,1,20151028,MEM,CLE
Shot Chart Detail,0021500011,113,2544,LeBron James,1610612739,Cleveland Cavaliers,1,0,0,Missed Shot,Jump Shot,2PT Field Goal,Mid-Range,Center(C),8-16 ft.,15.0,-79.0,139.0,1,0,20151028,MEM,CLE
Shot Chart Detail,0021500011,192,2544,LeBron James,1610612739,Cleveland Cavaliers,2,5,40,Missed Shot,Step Back Jump shot,2PT Field Goal,Mid-Range,Left Side Center(LC),16-24 ft.,19.0,-89.0,174.0,1,0,20151028,MEM,CLE
Shot Chart Detail,0021500011,226,2544,LeBron James,1610612739,Cleveland Cavaliers,2,1,29,Missed Shot,Jump Shot,2PT Field Goal,Mid-Range,Left Side(L),8-16 ft.,14.0,-140.0,-29.0,1,0,20151028,MEM,CLE
Shot Chart Detail,0021500011,262,2544,LeBron James,1610612739,Cleveland Cavaliers,3,8,41,Missed Shot,Jump Shot,2PT Field Goal,Mid-Range,Right Side(R),16-24 ft.,20.0,200.0,38.0,1,0,20151028,MEM,CLE
Shot Chart Detail,0021500011,266,2544,LeBron James,1610612739,Cleveland Cavaliers,3,8,5,Made Shot,Layup Shot,2PT Field Goal,Restricted Area,Center(C),Less Than 8 ft.,1.0,10.0,3.0,1,1,20151028,MEM,CLE
Shot Chart Detail,0021500011,268,2544,LeBron James,1610612739,Cleveland Cavaliers,3,7,31,Missed Shot,Jump Shot,3PT Field Goal,Above the Break 3,Left Side Center(LC),24+ ft.,24.0,-181.0,164.0,1,0,20151028,MEM,CLE
Shot Chart Detail,0021500011,290,2544,LeBron James,1610612739,Cleveland Cavaliers,3,4,55,Made Shot,Step Back Jump shot,2PT Field Goal,Mid-Range,Left Side(L),16-24 ft.,20.0,-197.0,56.0,1,1,20151028,MEM,CLE
Shot Chart Detail,0021500011,302,2544,LeBron James,1610612739,Cleveland Cavaliers,3,3,55,Missed Shot,Pullup Jump shot,2PT Field Goal,Mid-Range,Center(C),16-24 ft.,20.0,10.0,200.0,1,0,20151028,MEM,CLE
Shot Chart Detail,0021500011,402,2544,LeBron James,1610612739,Cleveland Cavaliers,4,8,2,Missed Shot,Jump Shot,3PT Field Goal,Right Corner 3,Right Side(R),24+ ft.,23.0,232.0,31.0,1,0,20151028,MEM,CLE
Shot Chart Detail,0021500021,15,2544,LeBron James,1610612739,Cleveland Cavaliers,1,10,30,Made Shot,Layup Shot,2PT Field Goal,Restricted Area,Center(C),Less Than 8 ft.,1.0,-17.0,7.0,1,1,20151030,CLE,MIA
Shot Chart Detail,0021500021,18,2544,LeBron James,1610612739,Cleveland Cavaliers,1,9,53,Made Shot,Turnaround Jump Shot,2PT Field Goal,In The Paint (Non-RA),Center(C),Less Than 8 ft.,5.0,12.0,56.0,1,1,20151030,CLE,MIA
Shot Chart Detail,0021500021,35,2544,LeBron James,1610612739,Cleveland Cavaliers,1,8,3,Missed Shot,Reverse Layup Shot,2PT Field Goal,Restricted Area,Center(C),Less Than 8 ft.,2.0,-19.0,7.0,1,0,20151030,CLE,MIA
Shot Chart Detail,0021500021,89,2544,LeBron James,1610612739,Cleveland Cavaliers,1,4,39,Made Shot,Step Back Jump shot,2PT Field Goal,In The Paint (Non-RA),Center(C),Less Than 8 ft.,7.0,-20.0,70.0,1,1,20151030,CLE,MIA
Shot Chart Detail,0021500021,94,2544,LeBron James,1610612739,Cleveland Cavaliers,1,4,1,Made Shot,Turnaround Fadeaway shot,2PT Field Goal,Mid-Range,Right Side(R),8-16 ft.,12.0,123.0,16.0,1,1,20151030,CLE,MIA
Shot Chart Detail,0021500021,163,2544,LeBron James,1610612739,Cleveland Cavaliers,2,10,8,Made Shot,Turnaround Fadeaway shot,2PT Field Goal,Mid-Range,Left Side(L),8-16 ft.,13.0,-133.0,26.0,1,1,20151030,CLE,MIA
Shot Chart Detail,0021500021,166,2544,LeBron James,1610612739,Cleveland Cavaliers,2,9,47,Made Shot,Driving Bank shot,2PT Field Goal,Mid-Range,Left Side(L),8-16 ft.,9.0,-88.0,21.0,1,1,20151030,CLE,MIA
Shot Chart Detail,0021500021,180,2544,LeBron James,1610612739,Cleveland Cavaliers,2,8,35,Missed Shot,Jump Shot,3PT Field Goal,Above the Break 3,Center(C),24+ ft.,26.0,-45.0,257.0,1,0,20151030,CLE,MIA
Shot Chart Detail,0021500021,212,2544,LeBron James,1610612739,Cleveland Cavaliers,2,5,37,Missed Shot,Tip Layup Shot,2PT Field Goal,Restricted Area,Center(C),Less Than 8 ft.,1.0,-12.0,2.0,1,0,20151030,CLE,MIA
Shot Chart Detail,0021500021,224,2544,LeBron James,1610612739,Cleveland Cavaliers,2,4,10,Made Shot,Jump Shot,2PT Field Goal,Mid-Range,Left Side(L),16-24 ft.,18.0,-176.0,61.0,1,1,20151030,CLE,MIA
Shot Chart Detail,0021500021,226,2544,LeBron James,1610612739,Cleveland Cavaliers,2,3,48,Made Shot,Jump Shot,2PT Field Goal,In The Paint (Non-RA),Center(C),Less Than 8 ft.,5.0,-17.0,56.0,1,1,20151030,CLE,MIA
Shot Chart Detail,0021500021,244,2544,LeBron James,1610612739,Cleveland Cavaliers,2,1,40,Missed Shot,Driving Hook Shot,2PT Field Goal,In The Paint (Non-RA),Center(C),Less Than 8 ft.,5.0,-4.0,51.0,1,0,20151030,CLE,MIA
Shot Chart Detail,0021500021,287,2544,LeBron James,1610612739,Cleveland Cavaliers,3,9,25,Made Shot,Dunk Shot,2PT Field Goal,Restricted Area,Center(C),Less Than 8 ft.,0.0,0.0,1.0,1,1,20151030,CLE,MIA
Shot Chart Detail,0021500021,309,2544,LeBron James,1610612739,Cleveland Cavaliers,3,8,9,Missed Shot,Jump Shot,3PT Field Goal,Left Corner 3,Left Side(L),24+ ft.,24.0,-241.0,33.0,1,0,20151030,CLE,MIA
Shot Chart Detail,0021500021,363,2544,LeBron James,1610612739,Cleveland Cavaliers,3,3,12,Made Shot,Reverse Layup Shot,2PT Field Goal,Restricted Area,Center(C),Less Than 8 ft.,1.0,-16.0,2.0,1,1,20151030,CLE,MIA
Shot Chart Detail,0021500021,442,2544,LeBron James,1610612739,Cleveland Cavaliers,4,7,43,Made Shot,Driving Layup Shot,2PT Field Goal,Restricted Area,Center(C),Less Than 8 ft.,1.0,-9.0,-11.0,1,1,20151030,CLE,MIA
Shot Chart Detail,0021500021,482,2544,LeBron James,1610612739,Cleveland Cavaliers,4,4,23,Made Shot,Step Back Jump shot,2PT Field Goal,In The Paint (Non-RA),Center(C),Less Than 8 ft.,7.0,-50.0,51.0,1,1,20151030,CLE,MIA
Shot Chart Detail,0021500021,507,2544,LeBron James,1610612739,Cleveland Cavaliers,4,2,2,Missed Shot,Reverse Layup Shot,2PT Field Goal,Restricted Area,Center(C),Less Than 8 ft.,1.0,-11.0,-1.0,1,0,20151030,CLE,MIA
Shot Chart Detail,0021500021,518,2544,LeBron James,1610612739,Cleveland Cavaliers,4,1,28,Made Shot,Jump Shot,2PT Field Goal,Mid-Range,Center(C),16-24 ft.,17.0,-7.0,170.0,1,1,20151030,CLE,MIA
Shot Chart Detail,0021500046,10,2544,LeBron James,1610612739,Cleveland Cavaliers,1,10,28,Made Shot,Layup Shot,2PT Field Goal,Restricted Area,Center(C),Less Than 8 ft.,2.0,-24.0,-1.0,1,1,20151102,PHI,CLE
Shot Chart Detail,0021500046,80,2544,LeBron James,1610612739,Cleveland Cavaliers,1,5,20,Missed Shot,Jump Shot,3PT Field Goal,Right Corner 3,Right Side(R),24+ ft.,23.0,233.0,-21.0,1,0,20151102,PHI,CLE
Shot Chart Detail,0021500046,83,2544,LeBron James,1610612739,Cleveland Cavaliers,1,4,45,Missed Shot,Jump Shot,2PT Field Goal,Mid-Range,Right Side Center(RC),16-24 ft.,17.0,79.0,156.0,1,0,20151102,PHI,CLE
Shot Chart Detail,0021500046,106,2544,LeBron James,1610612739,Cleveland Cavaliers,1,2,28,Missed Shot,Jump Shot,2PT Field Goal,Mid-Range,Left Side(L),8-16 ft.,9.0,-92.0,-31.0,1,0,20151102,PHI,CLE
Shot Chart Detail,0021500046,196,2544,LeBron James,1610612739,Cleveland Cavaliers,2,8,50,Missed Shot,Layup Shot,2PT Field Goal,Restricted Area,Center(C),Less Than 8 ft.,2.0,28.0,3.0,1,0,20151102,PHI,CLE
Shot Chart Detail,0021500046,221,2544,LeBron James,1610612739,Cleveland Cavaliers,2,6,10,Missed Shot,Jump Shot,2PT Field Goal,In The Paint (Non-RA),Center(C),Less Than 8 ft.,5.0,19.0,47.0,1,0,20151102,PHI,CLE
Shot Chart Detail,0021500046,245,2544,LeBron James,1610612739,Cleveland Cavaliers,2,3,44,Made Shot,Reverse Layup Shot,2PT Field Goal,Restricted Area,Center(C),Less Than 8 ft.,1.0,-12.0,2.0,1,1,20151102,PHI,CLE
Shot Chart Detail,0021500046,249,2544,LeBron James,1610612739,Cleveland Cavaliers,2,3,15,Missed Shot,Jump Shot,3PT Field Goal,Above the Break 3,Left Side Center(LC),24+ ft.,25.0,-176.0,190.0,1,0,20151102,PHI,CLE
Shot Chart Detail,0021500046,266,2544,LeBron James,1610612739,Cleveland Cavaliers,2,2,49,Missed Shot,Jump Shot,2PT Field Goal,Restricted Area,Center(C),Less Than 8 ft.,3.0,-22.0,31.0,1,0,20151102,PHI,CLE
Shot Chart Detail,0021500046,287,2544,LeBron James,1610612739,Cleveland Cavaliers,2,0,56,Missed Shot,Jump Shot,3PT Field Goal,Above the Break 3,Left Side Center(LC),24+ ft.,25.0,-110.0,228.0,1,0,20151102,PHI,CLE
Shot Chart Detail,0021500046,293,2544,LeBron James,1610612739,Cleveland Cavaliers,2,0,11,Made Shot,Driving Finger Roll Layup Shot,2PT Field Goal,Restricted Area,Center(C),Less Than 8 ft.,0.0,0.0,3.0,1,1,20151102,PHI,CLE
Shot Chart Detail,0021500046,340,2544,LeBron James,1610612739,Cleveland Cavaliers,3,8,22,Made Shot,Turnaround Fadeaway Bank Jump Shot,2PT Field Goal,Mid-Range,Left Side(L),8-16 ft.,15.0,-147.0,51.0,1,1,20151102,PHI,CLE
Shot Chart Detail,0021500046,403,2544,LeBron James,1610612739,Cleveland Cavaliers,3,1,11,Made Shot,Driving Dunk Shot,2PT Field Goal,Restricted Area,Center(C),Less Than 8 ft.,0.0,0.0,1.0,1,1,20151102,PHI,CLE
Shot Chart Detail,0021500046,412,2544,LeBron James,1610612739,Cleveland Cavaliers,3,0,31,Made Shot,Floating Jump shot,2PT Field Goal,In The Paint (Non-RA),Center(C),Less Than 8 ft.,5.0,-55.0,-5.0,1,1,20151102,PHI,CLE
Shot Chart Detail,0021500046,428,2544,LeBron James,1610612739,Cleveland Cavaliers,4,11,19,Made Shot,Fadeaway Jump Shot,2PT Field Goal,In The Paint (Non-RA),Center(C),Less Than 8 ft.,7.0,48.0,61.0,1,1,20151102,PHI,CLE
Shot Chart Detail,0021500046,439,2544,LeBron James,1610612739,Cleveland Cavaliers,4,10,6,Missed Shot,Jump Shot,2PT Field Goal,Mid-Range,Left Side Center(LC),16-24 ft.,18.0,-119.0,146.0,1,0,20151102,PHI,CLE
Shot Chart Detail,0021500046,442,2544,LeBron James,1610612739,Cleveland Cavaliers,4,9,23,Missed Shot,Jump Shot,2PT Field Goal,In The Paint (Non-RA),Center(C),Less Than 8 ft.,4.0,-42.0,26.0,1,0,20151102,PHI,CLE
Shot Chart Detail,0021500046,447,2544,LeBron James,1610612739,Cleveland Cavaliers,4,8,47,Made Shot,Running Alley Oop Dunk Shot,2PT Field Goal,Restricted Area,Center(C),Less Than 8 ft.,0.0,0.0,1.0,1,1,20151102,PHI,CLE
Shot Chart Detail,0021500046,457,2544,LeBron James,1610612739,Cleveland Cavaliers,4,8,7,Made Shot,Dunk Shot,2PT Field Goal,Restricted Area,Center(C),Less Than 8 ft.,0.0,0.0,1.0,1,1,20151102,PHI,CLE
Shot Chart Detail,0021500063,7,2544,LeBron James,1610612739,Cleveland Cavaliers,1,11,22,Missed Shot,Jump Shot,2PT Field Goal,Mid-Range,Left Side(L),16-24 ft.,23.0,-187.0,134.0,1,0,20151104,CLE,NYK
Shot Chart Detail,0021500063,32,2544,LeBron James,1610612739,Cleveland Cavaliers,1,8,18,Missed Shot,Jump Shot,3PT Field Goal,Above the Break 3,Left Side Center(LC),24+ ft.,27.0,-189.0,195.0,1,0,20151104,CLE,NYK
Shot Chart Detail,0021500063,63,2544,LeBron James,1610612739,Cleveland Cavaliers,1,5,46,Missed Shot,Layup Shot,2PT Field Goal,Restricted Area,Center(C),Less Than 8 ft.,1.0,-14.0,7.0,1,0,20151104,CLE,NYK
Shot Chart Detail,0021500063,78,2544,LeBron James,1610612739,Cleveland Cavaliers,1,3,56,Missed Shot,Jump Shot,3PT Field Goal,Above the Break 3,Center(C),24+ ft.,24.0,-29.0,247.0,1,0,20151104,CLE,NYK
Shot Chart Detail,0021500063,81,2544,LeBron James,1610612739,Cleveland Cavaliers,1,3,37,Made Shot,Dunk Shot,2PT Field Goal,Restricted Area,Center(C),Less Than 8 ft.,0.0,0.0,1.0,1,1,20151104,CLE,NYK
Shot Chart Detail,0021500063,89,2544,LeBron James,1610612739,Cleveland Cavaliers,1,2,21,Made Shot,Dunk Shot,2PT Field Goal,Restricted Area,Center(C),Less Than 8 ft.,0.0,0.0,1.0,1,1,20151104,CLE,NYK
Shot Chart Detail,0021500063,159,2544,LeBron James,1610612739,Cleveland Cavaliers,2,8,50,Missed Shot,Layup Shot,2PT Field Goal,Restricted Area,Center(C),Less Than 8 ft.,1.0,-16.0,8.0,1,0,20151104,CLE,NYK
Shot Chart Detail,0021500063,167,2544,LeBron James,1610612739,Cleveland Cavaliers,2,8,12,Missed Shot,Driving Layup Shot,2PT Field Goal,Restricted Area,Center(C),Less Than 8 ft.,2.0,-20.0,11.0,1,0,20151104,CLE,NYK
Shot Chart Detail,0021500063,171,2544,LeBron James,1610612739,Cleveland Cavaliers,2,8,1,Made Shot,Running Layup Shot,2PT Field Goal,Restricted Area,Center(C),Less Than 8 ft.,0.0,-4.0,-1.0,1,1,20151104,CLE,NYK
Shot Chart Detail,0021500063,181,2544,LeBron James,1610612739,Cleveland Cavaliers,2,7,36,Made Shot,Driving Layup Shot,2PT Field Goal,Restricted Area,Center(C),Less Than 8 ft.,1.0,-14.0,2.0,1,1,20151104,CLE,NYK
Shot Chart Detail,0021500063,188,2544,LeBron James,1610612739,Cleveland Cavaliers,2,7,8,Missed Shot,Jump Shot,3PT Field Goal,Above the Break 3,Left Side Center(LC),24+ ft.,26.0,-214.0,149.0,1,0,20151104,CLE,NYK
Shot Chart Detail,0021500063,298,2544,LeBron James,1610612739,Cleveland Cavaliers,3,9,24,Made Shot,Cutting Layup Shot,2PT Field Goal,Restricted Area,Center(C),Less Than 8 ft.,1.0,-11.0,2.0,1,1,20151104,CLE,NYK
Shot Chart Detail,0021500063,348,2544,LeBron James,1610612739,Cleveland Cavaliers,3,5,19,Made Shot,Layup Shot,2PT Field Goal,Restricted Area,Center(C),Less Than 8 ft.,1.0,-4.0,16.0,1,1,20151104,CLE,NYK
Shot Chart Detail,0021500063,352,2544,LeBron James,1610612739,Cleveland Cavaliers,3,4,50,Missed Shot,Layup Shot,2PT Field Goal,Restricted Area,Center(C),Less Than 8 ft.,1.0,9.0,7.0,1,0,20151104,CLE,NYK
Shot Chart Detail,0021500063,372,2544,LeBron James,1610612739,Cleveland Cavaliers,3,3,33,Missed Shot,Jump Shot,2PT Field Goal,Mid-Range,Left Side(L),16-24 ft.,21.0,-197.0,75.0,1,0,20151104,CLE,NYK
Shot Chart Detail,0021500063,463,2544,LeBron James,1610612739,Cleveland Cavaliers,4,7,47,Missed Shot,Jump Shot,2PT Field Goal,Mid-Range,Right Side Center(RC),16-24 ft.,18.0,82.0,169.0,1,0,20151104,CLE,NYK
Shot Chart Detail,0021500063,479,2544,LeBron James,1610612739,Cleveland Cavaliers,4,7,0,Made Shot,Running Dunk Shot,2PT Field Goal,Restricted Area,Center(C),Less Than 8 ft.,0.0,0.0,1.0,1,1,20151104,CLE,NYK
Shot Chart Detail,0021500063,511,2544,LeBron James,1610612739,Cleveland Cavaliers,4,4,27,Missed Shot,Step Back Jump shot,2PT Field Goal,In The Paint (Non-RA),Right Side(R),8-16 ft.,10.0,58.0,85.0,1,0,20151104,CLE,NYK
Shot Chart Detail,0021500063,514,2544,LeBron James,1610612739,Cleveland Cavaliers,4,4,1,Made Shot,Jump Shot,3PT Field Goal,Above the Break 3,Left Side Center(LC),24+ ft.,26.0,-240.0,120.0,1,1,20151104,CLE,NYK
Shot Chart Detail,0021500063,517,2544,LeBron James,1610612739,Cleveland Cavaliers,4,3,32,Missed Shot,Jump Shot,2PT Field Goal,Mid-Range,Right Side(R),8-16 ft.,15.0,137.0,65.0,1,0,20151104,CLE,NYK
Shot Chart Detail,0021500063,534,2544,LeBron James,1610612739,Cleveland Cavaliers,4,2,5,Made Shot,Cutting Dunk Shot,2PT Field Goal,Restricted Area,Center(C),Less Than 8 ft.,0.0,0.0,1.0,1,1,20151104,CLE,NYK
Shot Chart Detail,0021500063,544,2544,LeBron James,1610612739,Cleveland Cavaliers,4,1,6,Missed Shot,Jump Shot,3PT Field Goal,Above the Break 3,Center(C),24+ ft.,25.0,-12.0,252.0,1,0,20151104,CLE,NYK
Shot Chart Detail,0021500063,547,2544,LeBron James,1610612739,Cleveland Cavaliers,4,0,36,Missed Shot,Jump Shot,2PT Field Goal,In The Paint (Non-RA),Center(C),Less Than 8 ft.,5.0,-37.0,36.0,1,0,20151104,CLE,NYK
Shot Chart Detail,0021500078,24,2544,LeBron James,1610612739,Cleveland Cavaliers,1,9,41,Made Shot,Running Layup Shot,2PT Field Goal,Restricted Area,Center(C),Less Than 8 ft.,1.0,-12.0,7.0,1,1,20151106,CLE,PHI
Shot Chart Detail,0021500078,59,2544,LeBron James,1610612739,Cleveland Cavaliers,1,5,51,Missed Shot,Jump Shot,2PT Field Goal,Mid-Range,Center(C),8-16 ft.,15.0,32.0,154.0,1,0,20151106,CLE,PHI
Shot Chart Detail,0021500078,83,2544,LeBron James,1610612739,Cleveland Cavaliers,1,3,7,Missed Shot,Driving Layup Shot,2PT Field Goal,Restricted Area,Center(C),Less Than 8 ft.,1.0,-6.0,8.0,1,0,20151106,CLE,PHI
Shot Chart Detail,0021500078,186,2544,LeBron James,1610612739,Cleveland Cavaliers,2,7,56,Missed Shot,Turnaround Jump Shot,2PT Field Goal,Mid-Range,Left Side(L),8-16 ft.,13.0,-135.0,7.0,1,0,20151106,CLE,PHI
Shot Chart Detail,0021500078,190,2544,LeBron James,1610612739,Cleveland Cavaliers,2,7,36,Made Shot,Running Finger Roll Layup Shot,2PT Field Goal,Restricted Area,Center(C),Less Than 8 ft.,1.0,-12.0,3.0,1,1,20151106,CLE,PHI
Shot Chart Detail,0021500078,197,2544,LeBron James,1610612739,Cleveland Cavaliers,2,7,23,Made Shot,Driving Dunk Shot,2PT Field Goal,Restricted Area,Center(C),Less Than 8 ft.,1.0,-16.0,7.0,1,1,20151106,CLE,PHI
Shot Chart Detail,0021500078,241,2544,LeBron James,1610612739,Cleveland Cavaliers,2,3,43,Made Shot,Running Alley Oop Dunk Shot,2PT Field Goal,Restricted Area,Center(C),Less Than 8 ft.,0.0,0.0,1.0,1,1,20151106,CLE,PHI
Shot Chart Detail,0021500078,294,2544,LeBron James,1610612739,Cleveland Cavaliers,3,11,18,Made Shot,Running Finger Roll Layup Shot,2PT Field Goal,Restricted Area,Center(C),Less Than 8 ft.,1.0,-11.0,2.0,1,1,20151106,CLE,PHI
Shot Chart Detail,0021500078,299,2544,LeBron James,1610612739,Cleveland Cavaliers,3,10,41,Made Shot,Running Layup Shot,2PT Field Goal,Restricted Area,Center(C),Less Than 8 ft.,1.0,-19.0,-1.0,1,1,20151106,CLE,PHI
Shot Chart Detail,0021500078,308,2544,LeBron James,1610612739,Cleveland Cavaliers,3,10,2,Made Shot,Jump Shot,2PT Field Goal,Mid-Range,Left Side(L),16-24 ft.,16.0,-145.0,70.0,1,1,20151106,CLE,PHI
Shot Chart Detail,0021500078,324,2544,LeBron James,1610612739,Cleveland Cavaliers,3,8,22,Made Shot,Pullup Jump shot,3PT Field Goal,Above the Break 3,Left Side Center(LC),24+ ft.,25.0,-153.0,198.0,1,1,20151106,CLE,PHI
Shot Chart Detail,0021500078,327,2544,LeBron James,1610612739,Cleveland Cavaliers,3,7,47,Missed Shot,Driving Bank shot,2PT Field Goal,Mid-Range,Left Side(L),8-16 ft.,10.0,-102.0,11.0,1,0,20151106,CLE,PHI
Shot Chart Detail,0021500078,332,2544,LeBron James,1610612739,Cleveland Cavaliers,3,6,49,Made Shot,Jump Shot,3PT Field Goal,Right Corner 3,Right Side(R),24+ ft.,22.0,225.0,18.0,1,1,20151106,CLE,PHI
Shot Chart Detail,0021500078,348,2544,LeBron James,1610612739,Cleveland Cavaliers,3,5,38,Missed Shot,Floating Jump shot,3PT Field Goal,Above the Break 3,Center(C),24+ ft.,23.0,-34.0,237.0,1,0,20151106,CLE,PHI
Shot Chart Detail,0021500078,362,2544,LeBron James,1610612739,Cleveland Cavaliers,3,4,28,Made Shot,Jump Shot,3PT Field Goal,Above the Break 3,Left Side Center(LC),24+ ft.,24.0,-169.0,178.0,1,1,20151106,CLE,PHI
Shot Chart Detail,0021500078,368,2544,LeBron James,1610612739,Cleveland Cavaliers,3,3,59,Missed Shot,Jump Shot,3PT Field Goal,Above the Break 3,Left Side Center(LC),24+ ft.,25.0,-192.0,170.0,1,0,20151106,CLE,PHI
Shot Chart Detail,0021500078,372,2544,LeBron James,1610612739,Cleveland Cavaliers,3,3,31,Missed Shot,Layup Shot,2PT Field Goal,Restricted Area,Center(C),Less Than 8 ft.,2.0,-2.0,26.0,1,0,20151106,CLE,PHI
Shot Chart Detail,0021500078,426,2544,LeBron James,1610612739,Cleveland Cavaliers,4,10,35,Missed Shot,Jump Shot,2PT Field Goal,Mid-Range,Left Side Center(LC),16-24 ft.,17.0,-83.0,159.0,1,0,20151106,CLE,PHI
Shot Chart Detail,0021500078,429,2544,LeBron James,1610612739,Cleveland Cavaliers,4,9,57,Missed Shot,Jump Shot,2PT Field Goal,In The Paint (Non-RA),Center(C),Less Than 8 ft.,7.0,-66.0,26.0,1,0,20151106,CLE,PHI
Shot Chart Detail,0021500078,433,2544,LeBron James,1610612739,Cleveland Cavaliers,4,9,37,Made Shot,Driving Floating Jump Shot,2PT Field Goal,Mid-Range,Left Side(L),8-16 ft.,10.0,-101.0,16.0,1,1,20151106,CLE,PHI
Shot Chart Detail,0021500078,444,2544,LeBron James,1610612739,Cleveland Cavaliers,4,9,19,Missed Shot,Running Layup Shot,2PT Field Goal,Restricted Area,Center(C),Less Than 8 ft.,0.0,-7.0,2.0,1,0,20151106,CLE,PHI
Shot Chart Detail,0021500078,466,2544,LeBron James,1610612739,Cleveland Cavaliers,4,6,47,Made Shot,Jump Shot,2PT Field Goal,Mid-Range,Right Side(R),16-24 ft.,17.0,153.0,75.0,1,1,20151106,CLE,PHI
Shot Chart Detail,0021500094,2,2544,LeBron James,1610612739,Cleveland Cavaliers,1,11,41,Missed Shot,Jump Shot,2PT Field Goal,Mid-Range,Center(C),8-16 ft.,15.0,-45.0,149.0,1,0,20151108,CLE,IND
Shot Chart Detail,0021500094,56,2544,LeBron James,1610612739,Cleveland Cavaliers,1,7,1,Made Shot,Cutting Layup Shot,2PT Field Goal,Restricted Area,Center(C),Less Than 8 ft.,1.0,-12.0,7.0,1,1,20151108,CLE,IND
Shot Chart Detail,0021500094,73,2544,LeBron James,1610612739,Cleveland Cavaliers,1,5,16,Missed Shot,Driving Layup Shot,2PT Field Goal,Restricted Area,Center(C),Less Than 8 ft.,1.0,-17.0,7.0,1,0,20151108,CLE,IND
Shot Chart Detail,0021500094,110,2544,LeBron James,1610612739,Cleveland Cavaliers,1,1,51,Made Shot,Layup Shot,2PT Field Goal,Restricted Area,Center(C),Less Than 8 ft.,1.0,-12.0,-10.0,1,1,20151108,CLE,IND
Shot Chart Detail,0021500094,113,2544,LeBron James,1610612739,Cleveland Cavaliers,1,1,31,Missed Shot,Jump Shot,3PT Field Goal,Above the Break 3,Right Side Center(RC),24+ ft.,26.0,158.0,210.0,1,0,20151108,CLE,IND
Shot Chart Detail,0021500094,156,2544,LeBron James,1610612739,Cleveland Cavaliers,2,9,19,Made Shot,Fadeaway Jump Shot,2PT Field Goal,In The Paint (Non-RA),Center(C),Less Than 8 ft.,5.0,-17.0,56.0,1,1,20151108,CLE,IND
Shot Chart Detail,0021500094,170,2544,LeBron James,1610612739,Cleveland Cavaliers,2,8,30,Missed Shot,Turnaround Jump Shot,2PT Field Goal,Mid-Range,Left Side(L),8-16 ft.,15.0,-147.0,41.0,1,0,20151108,CLE,IND
Shot Chart Detail,0021500094,172,2544,LeBron James,1610612739,Cleveland Cavaliers,2,8,25,Made Shot,Alley Oop Layup shot,2PT Field Goal,Restricted Area,Center(C),Less Than 8 ft.,0.0,-7.0,2.0,1,1,20151108,CLE,IND
Shot Chart Detail,0021500094,195,2544,LeBron James,1610612739,Cleveland Cavaliers,2,5,42,Missed Shot,Running Jump Shot,2PT Field Goal,In The Paint (Non-RA),Center(C),Less Than 8 ft.,5.0,-9.0,51.0,1,0,20151108,CLE,IND
Shot Chart Detail,0021500094,199,2544,LeBron James,1610612739,Cleveland Cavaliers,2,5,21,Made Shot,Pullup Jump shot,2PT Field Goal,Mid-Range,Left Side(L),8-16 ft.,15.0,-158.0,7.0,1,1,20151108,CLE,IND
Shot Chart Detail,0021500094,240,2544,LeBron James,1610612739,Cleveland Cavaliers,2,1,17,Made Shot,Jump Shot,2PT Field Goal,Mid-Range,Left Side Center(LC),16-24 ft.,19.0,-137.0,136.0,1,1,20151108,CLE,IND
Shot Chart Detail,0021500094,249,2544,LeBron James,1610612739,Cleveland Cavaliers,2,0,24,Missed Shot,Reverse Layup Shot,2PT Field Goal,Restricted Area,Center(C),Less Than 8 ft.,1.0,-17.0,7.0,1,0,20151108,CLE,IND
Shot Chart Detail,0021500094,269,2544,LeBron James,1610612739,Cleveland Cavaliers,3,10,36,Made Shot,Jump Shot,2PT Field Goal,Mid-Range,Center(C),8-16 ft.,15.0,-12.0,159.0,1,1,20151108,CLE,IND
Shot Chart Detail,0021500094,311,2544,LeBron James,1610612739,Cleveland Cavaliers,3,7,45,Made Shot,Jump Shot,2PT Field Goal,Mid-Range,Right Side(R),8-16 ft.,15.0,120.0,92.0,1,1,20151108,CLE,IND
Shot Chart Detail,0021500094,354,2544,LeBron James,1610612739,Cleveland Cavaliers,3,4,12,Missed Shot,Running Layup Shot,2PT Field Goal,In The Paint (Non-RA),Center(C),Less Than 8 ft.,4.0,-38.0,23.0,1,0,20151108,CLE,IND
Shot Chart Detail,0021500094,359,2544,LeBron James,1610612739,Cleveland Cavaliers,3,3,38,Missed Shot,Alley Oop Layup shot,2PT Field Goal,Restricted Area,Center(C),Less Than 8 ft.,2.0,-12.0,23.0,1,0,20151108,CLE,IND
Shot Chart Detail,0021500094,363,2544,LeBron James,1610612739,Cleveland Cavaliers,3,3,25,Made Shot,Layup Shot,2PT Field Goal,Restricted Area,Center(C),Less Than 8 ft.,1.0,-9.0,7.0,1,1,20151108,CLE,IND
Shot Chart Detail,0021500094,373,2544,LeBron James,1610612739,Cleveland Cavaliers,3,2,10,Made Shot,Fadeaway Jump Shot,2PT Field Goal,Mid-Range,Left Side(L),16-24 ft.,18.0,-165.0,85.0,1,1,20151108,CLE,IND
Shot Chart Detail,0021500094,383,2544,LeBron James,1610612739,Cleveland Cavaliers,3,1,34,Missed Shot,Jump Shot,2PT Field Goal,Mid-Range,Left Side(L),16-24 ft.,18.0,-161.0,95.0,1,0,20151108,CLE,IND
Shot Chart Detail,0021500094,396,2544,LeBron James,1610612739,Cleveland Cavaliers,3,0,32,Missed Shot,Jump Shot,3PT Field Goal,Above the Break 3,Left Side Center(LC),24+ ft.,26.0,-178.0,193.0,1,0,20151108,CLE,IND
Shot Chart Detail,0021500094,473,2544,LeBron James,1610612739,Cleveland Cavaliers,4,4,21,Missed Shot,Jump Shot,2PT Field Goal,In The Paint (Non-RA),Center(C),Less Than 8 ft.,5.0,46.0,31.0,1,0,20151108,CLE,IND
Shot Chart Detail,0021500094,501,2544,LeBron James,1610612739,Cleveland Cavaliers,4,2,19,Missed Shot,Jump Shot,3PT Field Goal,Above the Break 3,Left Side Center(LC),24+ ft.,24.0,-202.0,136.0,1,0,20151108,CLE,IND
Shot Chart Detail,0021500094,513,2544,LeBron James,1610612739,Cleveland Cavaliers,4,0,46,Missed Shot,Floating Jump shot,2PT Field Goal,Mid-Range,Left Side(L),8-16 ft.,12.0,-115.0,41.0,1,0,20151108,CLE,IND
Shot Chart Detail,0021500106,17,2544,LeBron James,1610612739,Cleveland Cavaliers,1,9,26,Missed Shot,Jump Shot,2PT Field Goal,Mid-Range,Right Side Center(RC),16-24 ft.,20.0,143.0,149.0,1,0,20151110,CLE,UTA
Shot Chart Detail,0021500106,37,2544,LeBron James,1610612739,Cleveland Cavaliers,1,7,4,Made Shot,Cutting Dunk Shot,2PT Field Goal,Restricted Area,Center(C),Less Than 8 ft.,0.0,0.0,1.0,1,1,20151110,CLE,UTA
Shot Chart Detail,0021500106,48,2544,LeBron James,1610612739,Cleveland Cavaliers,1,5,45,Made Shot,Jump Shot,3PT Field Goal,Above the Break 3,Left Side Center(LC),24+ ft.,25.0,-192.0,170.0,1,1,20151110,CLE,UTA
Shot Chart Detail,0021500106,175,2544,LeBron James,1610612739,Cleveland Cavaliers,2,6,26,Missed Shot,Jump Shot,2PT Field Goal,Mid-Range,Right Side(R),8-16 ft.,14.0,119.0,77.0,1,0,20151110,CLE,UTA
Shot Chart Detail,0021500106,187,2544,LeBron James,1610612739,Cleveland Cavaliers,2,5,35,Missed Shot,Jump Shot,2PT Field Goal,Mid-Range,Left Side(L),16-24 ft.,17.0,-161.0,56.0,1,0,20151110,CLE,UTA
Shot Chart Detail,0021500106,234,2544,LeBron James,1610612739,Cleveland Cavaliers,2,0,44,Missed Shot,Jump Shot,3PT Field Goal,Left Corner 3,Left Side(L),24+ ft.,23.0,-233.0,36.0,1,0,20151110,CLE,UTA
Shot Chart Detail,0021500106,245,2544,LeBron James,1610612739,Cleveland Cavaliers,2,0,10,Missed Shot,Running Jump Shot,2PT Field Goal,In The Paint (Non-RA),Center(C),Less Than 8 ft.,5.0,-50.0,23.0,1,0,20151110,CLE,UTA
Shot Chart Detail,0021500106,257,2544,LeBron James,1610612739,Cleveland Cavaliers,3,11,23,Missed Shot,Turnaround Jump Shot,2PT Field Goal,Mid-Range,Left Side(L),8-16 ft.,15.0,-148.0,36.0,1,0,20151110,CLE,UTA
Shot Chart Detail,0021500106,261,2544,LeBron James,1610612739,Cleveland Cavaliers,3,10,45,Made Shot,Driving Layup Shot,2PT Field Goal,Restricted Area,Center(C),Less Than 8 ft.,0.0,-9.0,3.0,1,1,20151110,CLE,UTA
Shot Chart Detail,0021500106,280,2544,LeBron James,1610612739,Cleveland Cavaliers,3,9,14,Made Shot,Layup Shot,2PT Field Goal,Restricted Area,Center(C),Less Than 8 ft.,0.0,-7.0,0.0,1,1,20151110,CLE,UTA
Shot Chart Detail,0021500106,302,2544,LeBron James,1610612739,Cleveland Cavaliers,3,7,4,Made Shot,Putback Layup Shot,2PT Field Goal,Restricted Area,Center(C),Less Than 8 ft.,1.0,18.0,2.0,1,1,20151110,CLE,UTA
Shot Chart Detail,0021500106,442,2544,LeBron James,1610612739,Cleveland Cavaliers,4,9,43,Missed Shot,Turnaround Jump Shot,2PT Field Goal,Mid-Range,Left Side(L),8-16 ft.,8.0,-81.0,0.0,1,0,20151110,CLE,UTA
Shot Chart Detail,0021500106,445,2544,LeBron James,1610612739,Cleveland Cavaliers,4,9,9,Made Shot,Driving Layup Shot,2PT Field Goal,Restricted Area,Center(C),Less Than 8 ft.,1.0,-16.0,2.0,1,1,20151110,CLE,UTA
Shot Chart Detail,0021500106,486,2544,LeBron James,1610612739,Cleveland Cavaliers,4,6,21,Made Shot,Floating Jump shot,2PT Field Goal,In The Paint (Non-RA),Center(C),Less Than 8 ft.,5.0,2.0,54.0,1,1,20151110,CLE,UTA
Shot Chart Detail,0021500106,490,2544,LeBron James,1610612739,Cleveland Cavaliers,4,6,5,Made Shot,Running Layup Shot,2PT Field Goal,Restricted Area,Center(C),Less Than 8 ft.,1.0,-11.0,-1.0,1,1,20151110,CLE,UTA
Shot Chart Detail,0021500106,502,2544,LeBron James,1610612739,Cleveland Cavaliers,4,5,1,Missed Shot,Jump Shot,3PT Field Goal,Right Corner 3,Right Side(R),24+ ft.,22.0,225.0,11.0,1,0,20151110,CLE,UTA
Shot Chart Detail,0021500106,530,2544,LeBron James,1610612739,Cleveland Cavaliers,4,3,28,Made Shot,Driving Layup Shot,2PT Field Goal,Restricted Area,Center(C),Less Than 8 ft.,2.0,-20.0,7.0,1,1,20151110,CLE,UTA
Shot Chart Detail,0021500106,547,2544,LeBron James,1610612739,Cleveland Cavaliers,4,2,20,Made Shot,Cutting Layup Shot,2PT Field Goal,Restricted Area,Center(C),Less Than 8 ft.,1.0,-9.0,7.0,1,1,20151110,CLE,UTA
Shot Chart Detail,0021500106,569,2544,LeBron James,1610612739,Cleveland Cavaliers,4,0,49,Made Shot,Driving Bank Hook Shot,2PT Field Goal,In The Paint (Non-RA),Center(C),Less Than 8 ft.,5.0,43.0,31.0,1,1,20151110,CLE,UTA
Shot Chart Detail,0021500130,12,2544,LeBron James,1610612739,Cleveland Cavaliers,1,10,8,Missed Shot,Jump Shot,3PT Field Goal,Above the Break 3,Right Side Center(RC),24+ ft.,24.0,189.0,154.0,1,0,20151113,NYK,CLE
Shot Chart Detail,0021500130,15,2544,LeBron James,1610612739,Cleveland Cavaliers,1,9,54,Made Shot,Layup Shot,2PT Field Goal,Restricted Area,Center(C),Less Than 8 ft.,1.0,19.0,-6.0,1,1,20151113,NYK,CLE
Shot Chart Detail,0021500130,34,2544,LeBron James,1610612739,Cleveland Cavaliers,1,8,8,Made Shot,Fadeaway Jump Shot,2PT Field Goal,Mid-Range,Left Side(L),8-16 ft.,10.0,-106.0,-10.0,1,1,20151113,NYK,CLE
Shot Chart Detail,0021500130,47,2544,LeBron James,1610612739,Cleveland Cavaliers,1,6,4,Made Shot,Alley Oop Dunk Shot,2PT Field Goal,Restricted Area,Center(C),Less Than 8 ft.,0.0,0.0,1.0,1,1,20151113,NYK,CLE
Shot Chart Detail,0021500130,98,2544,LeBron James,1610612739,Cleveland Cavaliers,1,0,49,Missed Shot,Driving Layup Shot,2PT Field Goal,Restricted Area,Center(C),Less Than 8 ft.,2.0,-24.0,8.0,1,0,20151113,NYK,CLE
Shot Chart Detail,0021500130,108,2544,LeBron James,1610612739,Cleveland Cavaliers,1,0,4,Made Shot,Driving Layup Shot,2PT Field Goal,Restricted Area,Center(C),Less Than 8 ft.,1.0,12.0,2.0,1,1,20151113,NYK,CLE
Shot Chart Detail,0021500130,118,2544,LeBron James,1610612739,Cleveland Cavaliers,2,11,38,Missed Shot,Jump Shot,3PT Field Goal,Above the Break 3,Left Side Center(LC),24+ ft.,25.0,-210.0,149.0,1,0,20151113,NYK,CLE
Shot Chart Detail,0021500130,125,2544,LeBron James,1610612739,Cleveland Cavaliers,2,10,58,Missed Shot,Layup Shot,2PT Field Goal,Restricted Area,Center(C),Less Than 8 ft.,0.0,4.0,8.0,1,0,20151113,NYK,CLE
Shot Chart Detail,0021500130,214,2544,LeBron James,1610612739,Cleveland Cavaliers,2,4,44,Made Shot,Driving Layup Shot,2PT Field Goal,Restricted Area,Center(C),Less Than 8 ft.,0.0,-9.0,-1.0,1,1,20151113,NYK,CLE
Shot Chart Detail,0021500130,233,2544,LeBron James,1610612739,Cleveland Cavaliers,2,2,33,Missed Shot,Layup Shot,2PT Field Goal,Restricted Area,Center(C),Less Than 8 ft.,2.0,-25.0,16.0,1,0,20151113,NYK,CLE
Shot Chart Detail,0021500130,280,2544,LeBron James,1610612739,Cleveland Cavaliers,3,10,12,Made Shot,Turnaround Jump Shot,2PT Field Goal,Mid-Range,Left Side(L),16-24 ft.,17.0,-171.0,-5.0,1,1,20151113,NYK,CLE
Shot Chart Detail,0021500130,290,2544,LeBron James,1610612739,Cleveland Cavaliers,3,8,41,Made Shot,Jump Shot,2PT Field Goal,Mid-Range,Right Side(R),16-24 ft.,16.0,151.0,57.0,1,1,20151113,NYK,CLE
Shot Chart Detail,0021500130,322,2544,LeBron James,1610612739,Cleveland Cavaliers,3,5,31,Made Shot,Driving Layup Shot,2PT Field Goal,Restricted Area,Center(C),Less Than 8 ft.,1.0,17.0,2.0,1,1,20151113,NYK,CLE
Shot Chart Detail,0021500130,371,2544,LeBron James,1610612739,Cleveland Cavaliers,3,2,18,Missed Shot,Jump Shot,2PT Field Goal,Mid-Range,Left Side Center(LC),16-24 ft.,18.0,-115.0,144.0,1,0,20151113,NYK,CLE
Shot Chart Detail,0021500130,379,2544,LeBron James,1610612739,Cleveland Cavaliers,3,1,35,Missed Shot,Jump Shot,2PT Field Goal,Mid-Range,Left Side(L),8-16 ft.,11.0,-117.0,-15.0,1,0,20151113,NYK,CLE
Shot Chart Detail,0021500130,389,2544,LeBron James,1610612739,Cleveland Cavaliers,3,0,28,Missed Shot,Driving Layup Shot,2PT Field Goal,Restricted Area,Center(C),Less Than 8 ft.,1.0,-14.0,7.0,1,0,20151113,NYK,CLE
Shot Chart Detail,0021500130,433,2544,LeBron James,1610612739,Cleveland Cavaliers,4,8,58,Made Shot,Driving Layup Shot,2PT Field Goal,Restricted Area,Center(C),Less Than 8 ft.,1.0,-14.0,-10.0,1,1,20151113,NYK,CLE
Shot Chart Detail,0021500130,450,2544,LeBron James,1610612739,Cleveland Cavaliers,4,8,21,Missed Shot,Jump Shot,2PT Field Goal,Mid-Range,Left Side(L),16-24 ft.,16.0,-161.0,7.0,1,0,20151113,NYK,CLE
Shot Chart Detail,0021500130,508,2544,LeBron James,1610612739,Cleveland Cavaliers,4,2,39,Made Shot,Layup Shot,2PT Field Goal,Restricted Area,Center(C),Less Than 8 ft.,2.0,27.0,-6.0,1,1,20151113,NYK,CLE
Shot Chart Detail,0021500130,518,2544,LeBron James,1610612739,Cleveland Cavaliers,4,2,0,Made Shot,Driving Layup Shot,2PT Field Goal,Restricted Area,Center(C),Less Than 8 ft.,2.0,-20.0,-1.0,1,1,20151113,NYK,CLE
Shot Chart Detail,0021500130,522,2544,LeBron James,1610612739,Cleveland Cavaliers,4,1,16,Made Shot,Turnaround Fadeaway shot,2PT Field Goal,In The Paint (Non-RA),Center(C),8-16 ft.,11.0,51.0,106.0,1,1,20151113,NYK,CLE
Shot Chart Detail,0021500141,2,2544,LeBron James,1610612739,Cleveland Cavaliers,1,11,35,Missed Shot,Step Back Jump shot,2PT Field Goal,Mid-Range,Right Side(R),16-24 ft.,17.0,164.0,72.0,1,0,20151114,MIL,CLE
Shot Chart Detail,0021500141,140,2544,LeBron James,1610612739,Cleveland Cavaliers,1,0,2,Missed Shot,Jump Shot,2PT Field Goal,In The Paint (Non-RA),Center(C),Less Than 8 ft.,7.0,-70.0,23.0,1,0,20151114,MIL,CLE
Shot Chart Detail,0021500141,163,2544,LeBron James,1610612739,Cleveland Cavaliers,2,11,1,Missed Shot,Jump Shot,3PT Field Goal,Above the Break 3,Left Side Center(LC),24+ ft.,27.0,-196.0,193.0,1,0,20151114,MIL,CLE
Shot Chart Detail,0021500141,168,2544,LeBron James,1610612739,Cleveland Cavaliers,2,9,53,Made Shot,Driving Reverse Layup Shot,2PT Field Goal,Restricted Area,Center(C),Less Than 8 ft.,1.0,-6.0,8.0,1,1,20151114,MIL,CLE
Shot Chart Detail,0021500141,172,2544,LeBron James,1610612739,Cleveland Cavaliers,2,8,44,Made Shot,Driving Layup Shot,2PT Field Goal,Restricted Area,Center(C),Less Than 8 ft.,0.0,0.0,8.0,1,1,20151114,MIL,CLE
Shot Chart Detail,0021500141,179,2544,LeBron James,1610612739,Cleveland Cavaliers,2,8,4,Made Shot,Jump Shot,3PT Field Goal,Above the Break 3,Left Side Center(LC),24+ ft.,26.0,-194.0,174.0,1,1,20151114,MIL,CLE
Shot Chart Detail,0021500141,261,2544,LeBron James,1610612739,Cleveland Cavaliers,2,0,21,Missed Shot,Layup Shot,2PT Field Goal,Restricted Area,Center(C),Less Than 8 ft.,0.0,0.0,8.0,1,0,20151114,MIL,CLE
Shot Chart Detail,0021500141,323,2544,LeBron James,1610612739,Cleveland Cavaliers,3,6,24,Missed Shot,Jump Shot,2PT Field Goal,Mid-Range,Center(C),16-24 ft.,17.0,-7.0,175.0,1,0,20151114,MIL,CLE
Shot Chart Detail,0021500141,354,2544,LeBron James,1610612739,Cleveland Cavaliers,3,3,47,Made Shot,Jump Shot,3PT Field Goal,Above the Break 3,Center(C),24+ ft.,25.0,76.0,244.0,1,1,20151114,MIL,CLE
Shot Chart Detail,0021500141,363,2544,LeBron James,1610612739,Cleveland Cavaliers,3,2,49,Made Shot,Jump Shot,3PT Field Goal,Left Corner 3,Left Side(L),24+ ft.,24.0,-245.0,-15.0,1,1,20151114,MIL,CLE
Shot Chart Detail,0021500141,374,2544,LeBron James,1610612739,Cleveland Cavaliers,3,1,40,Missed Shot,Jump Shot,3PT Field Goal,Above the Break 3,Left Side Center(LC),24+ ft.,26.0,-233.0,134.0,1,0,20151114,MIL,CLE
Shot Chart Detail,0021500141,423,2544,LeBron James,1610612739,Cleveland Cavaliers,4,8,27,Missed Shot,Jump Shot,2PT Field Goal,Restricted Area,Center(C),Less Than 8 ft.,3.0,-17.0,26.0,1,0,20151114,MIL,CLE
Shot Chart Detail,0021500141,426,2544,LeBron James,1610612739,Cleveland Cavaliers,4,7,42,Missed Shot,Running Jump Shot,2PT Field Goal,Mid-Range,Left Side(L),16-24 ft.,16.0,-145.0,70.0,1,0,20151114,MIL,CLE
Shot Chart Detail,0021500141,446,2544,LeBron James,1610612739,Cleveland Cavaliers,4,5,44,Made Shot,Cutting Dunk Shot,2PT Field Goal,Restricted Area,Center(C),Less Than 8 ft.,0.0,0.0,1.0,1,1,20151114,MIL,CLE
Shot Chart Detail,0021500141,468,2544,LeBron James,1610612739,Cleveland Cavaliers,4,4,19,Made Shot,Cutting Dunk Shot,2PT Field Goal,Restricted Area,Center(C),Less Than 8 ft.,0.0,0.0,1.0,1,1,20151114,MIL,CLE
Shot Chart Detail,0021500141,493,2544,LeBron James,1610612739,Cleveland Cavaliers,4,2,1,Missed Shot,Jump Shot,3PT Field Goal,Above the Break 3,Right Side Center(RC),24+ ft.,26.0,86.0,247.0,1,0,20151114,MIL,CLE
Shot Chart Detail,0021500141,498,2544,LeBron James,1610612739,Cleveland Cavaliers,4,1,34,Made Shot,Putback Layup Shot,2PT Field Goal,Restricted Area,Center(C),Less Than 8 ft.,0.0,-7.0,0.0,1,1,20151114,MIL,CLE
Shot Chart Detail,0021500141,501,2544,LeBron James,1610612739,Cleveland Cavaliers,4,1,7,Missed Shot,Jump Shot,3PT Field Goal,,,,,,,1,0,20151114,MIL,CLE
Shot Chart Detail,0021500141,508,2544,LeBron James,1610612739,Cleveland Cavaliers,4,0,40,Missed Shot,Layup Shot,2PT Field Goal,Restricted Area,Center(C),Less Than 8 ft.,2.0,-12.0,16.0,1,0,20151114,MIL,CLE
Shot Chart Detail,0021500141,510,2544,LeBron James,1610612739,Cleveland Cavaliers,4,0,39,Made Shot,Putback Layup Shot,2PT Field Goal,Restricted Area,Center(C),Less Than 8 ft.,0.0,-7.0,7.0,1,1,20151114,MIL,CLE
Shot Chart Detail,0021500141,516,2544,LeBron James,1610612739,Cleveland Cavaliers,4,0,16,Made Shot,Driving Dunk Shot,2PT Field Goal,Restricted Area,Center(C),Less Than 8 ft.,0.0,0.0,1.0,1,1,20151114,MIL,CLE
Shot Chart Detail,0021500141,560,2544,LeBron James,1610612739,Cleveland Cavaliers,5,1,28,Made Shot,Jump Shot,3PT Field Goal,Above the Break 3,Left Side Center(LC),24+ ft.,29.0,-225.0,185.0,1,1,20151114,MIL,CLE
Shot Chart Detail,0021500141,577,2544,LeBron James,1610612739,Cleveland Cavaliers,5,0,32,Made Shot,Driving Layup Shot,2PT Field Goal,Restricted Area,Center(C),Less Than 8 ft.,1.0,-9.0,11.0,1,1,20151114,MIL,CLE
Shot Chart Detail,0021500141,594,2544,LeBron James,1610612739,Cleveland Cavaliers,5,0,0,Missed Shot,Jump Shot,3PT Field Goal,Above the Break 3,Left Side Center(LC),24+ ft.,26.0,-233.0,116.0,1,0,20151114,MIL,CLE
Shot Chart Detail,0021500141,600,2544,LeBron James,1610612739,Cleveland Cavaliers,6,4,48,Made Shot,Jump Shot,3PT Field Goal,Above the Break 3,Left Side Center(LC),24+ ft.,27.0,-187.0,208.0,1,1,20151114,MIL,CLE
Shot Chart Detail,0021500141,626,2544,LeBron James,1610612739,Cleveland Cavaliers,6,2,47,Missed Shot,Jump Shot,3PT Field Goal,Above the Break 3,Left Side Center(LC),24+ ft.,29.0,-150.0,257.0,1,0,20151114,MIL,CLE
Shot Chart Detail,0021500141,649,2544,LeBron James,1610612739,Cleveland Cavaliers,6,1,2,Missed Shot,Layup Shot,2PT Field Goal,Restricted Area,Center(C),Less Than 8 ft.,1.0,-14.0,3.0,1,0,20151114,MIL,CLE
Shot Chart Detail,0021500160,31,2544,LeBron James,1610612739,Cleveland Cavaliers,1,8,5,Made Shot,Jump Shot,3PT Field Goal,Above the Break 3,Center(C),24+ ft.,25.0,40.0,249.0,1,1,20151117,DET,CLE
Shot Chart Detail,0021500160,33,2544,LeBron James,1610612739,Cleveland Cavaliers,1,7,35,Made Shot,Driving Layup Shot,2PT Field Goal,Restricted Area,Center(C),Less Than 8 ft.,0.0,-6.0,-1.0,1,1,20151117,DET,CLE
Shot Chart Detail,0021500160,56,2544,LeBron James,1610612739,Cleveland Cavaliers,1,4,37,Missed Shot,Jump Shot,3PT Field Goal,Above the Break 3,Center(C),24+ ft.,25.0,68.0,247.0,1,0,20151117,DET,CLE
Shot Chart Detail,0021500160,61,2544,LeBron James,1610612739,Cleveland Cavaliers,1,4,5,Made Shot,Driving Layup Shot,2PT Field Goal,Restricted Area,Center(C),Less Than 8 ft.,1.0,-19.0,-1.0,1,1,20151117,DET,CLE
Shot Chart Detail,0021500160,63,2544,LeBron James,1610612739,Cleveland Cavaliers,1,3,33,Missed Shot,Layup Shot,2PT Field Goal,Restricted Area,Center(C),Less Than 8 ft.,1.0,-11.0,-5.0,1,0,20151117,DET,CLE
Shot Chart Detail,0021500160,69,2544,LeBron James,1610612739,Cleveland Cavaliers,1,3,6,Made Shot,Jump Shot,3PT Field Goal,Right Corner 3,Right Side(R),24+ ft.,23.0,232.0,16.0,1,1,20151117,DET,CLE
Shot Chart Detail,0021500160,131,2544,LeBron James,1610612739,Cleveland Cavaliers,2,9,1,Made Shot,Jump Shot,3PT Field Goal,Above the Break 3,Right Side Center(RC),24+ ft.,24.0,155.0,193.0,1,1,20151117,DET,CLE
Shot Chart Detail,0021500160,133,2544,LeBron James,1610612739,Cleveland Cavaliers,2,8,17,Missed Shot,Jump Shot,2PT Field Goal,Mid-Range,Left Side(L),8-16 ft.,13.0,-133.0,-1.0,1,0,20151117,DET,CLE
Shot Chart Detail,0021500160,139,2544,LeBron James,1610612739,Cleveland Cavaliers,2,7,56,Made Shot,Layup Shot,2PT Field Goal,Restricted Area,Center(C),Less Than 8 ft.,0.0,-9.0,-1.0,1,1,20151117,DET,CLE
Shot Chart Detail,0021500160,146,2544,LeBron James,1610612739,Cleveland Cavaliers,2,7,27,Made Shot,Jump Shot,3PT Field Goal,Above the Break 3,Center(C),24+ ft.,25.0,63.0,249.0,1,1,20151117,DET,CLE
Shot Chart Detail,0021500160,171,2544,LeBron James,1610612739,Cleveland Cavaliers,2,3,58,Made Shot,Driving Layup Shot,2PT Field Goal,Restricted Area,Center(C),Less Than 8 ft.,0.0,-7.0,0.0,1,1,20151117,DET,CLE
Shot Chart Detail,0021500160,200,2544,LeBron James,1610612739,Cleveland Cavaliers,2,2,1,Missed Shot,Jump Shot,2PT Field Goal,Mid-Range,Center(C),16-24 ft.,20.0,-61.0,195.0,1,0,20151117,DET,CLE
Shot Chart Detail,0021500160,214,2544,LeBron James,1610612739,Cleveland Cavaliers,2,0,37,Missed Shot,Jump Shot,3PT Field Goal,Above the Break 3,Right Side Center(RC),24+ ft.,25.0,145.0,208.0,1,0,20151117,DET,CLE
Shot Chart Detail,0021500160,229,2544,LeBron James,1610612739,Cleveland Cavaliers,3,11,47,Missed Shot,Layup Shot,2PT Field Goal,Restricted Area,Center(C),Less Than 8 ft.,0.0,-1.0,-5.0,1,0,20151117,DET,CLE
Shot Chart Detail,0021500160,270,2544,LeBron James,1610612739,Cleveland Cavaliers,3,7,26,Missed Shot,Fadeaway Jump Shot,2PT Field Goal,Mid-Range,Left Side(L),8-16 ft.,15.0,-156.0,7.0,1,0,20151117,DET,CLE
Shot Chart Detail,0021500160,307,2544,LeBron James,1610612739,Cleveland Cavaliers,3,4,58,Made Shot,Driving Reverse Layup Shot,2PT Field Goal,Restricted Area,Center(C),Less Than 8 ft.,0.0,-7.0,-5.0,1,1,20151117,DET,CLE
Shot Chart Detail,0021500160,391,2544,LeBron James,1610612739,Cleveland Cavaliers,4,10,13,Missed Shot,Jump Shot,3PT Field Goal,Above the Break 3,Left Side Center(LC),24+ ft.,25.0,-138.0,214.0,1,0,20151117,DET,CLE
Shot Chart Detail,0021500160,428,2544,LeBron James,1610612739,Cleveland Cavaliers,4,6,59,Made Shot,Jump Shot,2PT Field Goal,Mid-Range,Left Side(L),8-16 ft.,12.0,-119.0,47.0,1,1,20151117,DET,CLE
Shot Chart Detail,0021500160,434,2544,LeBron James,1610612739,Cleveland Cavaliers,4,5,46,Missed Shot,Jump Shot,2PT Field Goal,Mid-Range,Left Side(L),8-16 ft.,13.0,-107.0,82.0,1,0,20151117,DET,CLE
Shot Chart Detail,0021500160,494,2544,LeBron James,1610612739,Cleveland Cavaliers,4,1,8,Missed Shot,Jump Shot,2PT Field Goal,In The Paint (Non-RA),Center(C),Less Than 8 ft.,4.0,48.0,7.0,1,0,20151117,DET,CLE
Shot Chart Detail,0021500160,515,2544,LeBron James,1610612739,Cleveland Cavaliers,4,0,15,Made Shot,Driving Layup Shot,2PT Field Goal,Restricted Area,Center(C),Less Than 8 ft.,0.0,-1.0,-1.0,1,1,20151117,DET,CLE
Shot Chart Detail,0021500176,12,2544,LeBron James,1610612739,Cleveland Cavaliers,1,10,9,Made Shot,Layup Shot,2PT Field Goal,Restricted Area,Center(C),Less Than 8 ft.,0.0,-2.0,-5.0,1,1,20151119,CLE,MIL
Shot Chart Detail,0021500176,70,2544,LeBron James,1610612739,Cleveland Cavaliers,1,3,54,Made Shot,Driving Layup Shot,2PT Field Goal,Restricted Area,Center(C),Less Than 8 ft.,1.0,-11.0,2.0,1,1,20151119,CLE,MIL
Shot Chart Detail,0021500176,72,2544,LeBron James,1610612739,Cleveland Cavaliers,1,3,30,Missed Shot,Jump Shot,2PT Field Goal,In The Paint (Non-RA),Center(C),Less Than 8 ft.,7.0,-66.0,26.0,1,0,20151119,CLE,MIL
Shot Chart Detail,0021500176,170,2544,LeBron James,1610612739,Cleveland Cavaliers,2,5,38,Made Shot,Running Jump Shot,2PT Field Goal,Mid-Range,Left Side(L),8-16 ft.,11.0,-110.0,31.0,1,1,20151119,CLE,MIL
Shot Chart Detail,0021500176,173,2544,LeBron James,1610612739,Cleveland Cavaliers,2,5,9,Made Shot,Layup Shot,2PT Field Goal,Restricted Area,Center(C),Less Than 8 ft.,0.0,-4.0,3.0,1,1,20151119,CLE,MIL
Shot Chart Detail,0021500176,221,2544,LeBron James,1610612739,Cleveland Cavaliers,2,1,56,Made Shot,Layup Shot,2PT Field Goal,Restricted Area,Center(C),Less Than 8 ft.,0.0,-2.0,-1.0,1,1,20151119,CLE,MIL
Shot Chart Detail,0021500176,240,2544,LeBron James,1610612739,Cleveland Cavaliers,2,0,55,Missed Shot,Turnaround Jump Shot,2PT Field Goal,Mid-Range,Right Side(R),8-16 ft.,13.0,114.0,70.0,1,0,20151119,CLE,MIL
Shot Chart Detail,0021500176,255,2544,LeBron James,1610612739,Cleveland Cavaliers,2,0,12,Missed Shot,Driving Layup Shot,2PT Field Goal,Restricted Area,Center(C),Less Than 8 ft.,1.0,-14.0,7.0,1,0,20151119,CLE,MIL
Shot Chart Detail,0021500176,277,2544,LeBron James,1610612739,Cleveland Cavaliers,3,10,39,Made Shot,Jump Shot,2PT Field Goal,Mid-Range,Right Side Center(RC),16-24 ft.,19.0,132.0,149.0,1,1,20151119,CLE,MIL
Shot Chart Detail,0021500176,298,2544,LeBron James,1610612739,Cleveland Cavaliers,3,7,33,Made Shot,Jump Shot,2PT Field Goal,Mid-Range,Left Side Center(LC),16-24 ft.,19.0,-79.0,178.0,1,1,20151119,CLE,MIL
Shot Chart Detail,0021500176,340,2544,LeBron James,1610612739,Cleveland Cavaliers,3,4,15,Made Shot,Jump Shot,3PT Field Goal,Above the Break 3,Right Side Center(RC),24+ ft.,25.0,202.0,154.0,1,1,20151119,CLE,MIL
Shot Chart Detail,0021500176,518,2544,LeBron James,1610612739,Cleveland Cavaliers,4,1,1,Missed Shot,Jump Shot,2PT Field Goal,Mid-Range,Left Side Center(LC),16-24 ft.,19.0,-119.0,149.0,1,0,20151119,CLE,MIL
Shot Chart Detail,0021500176,522,2544,LeBron James,1610612739,Cleveland Cavaliers,4,0,34,Made Shot,Driving Layup Shot,2PT Field Goal,Restricted Area,Center(C),Less Than 8 ft.,2.0,-14.0,16.0,1,1,20151119,CLE,MIL
Shot Chart Detail,0021500191,53,2544,LeBron James,1610612739,Cleveland Cavaliers,1,5,38,Missed Shot,Jump Shot,3PT Field Goal,Left Corner 3,Left Side(L),24+ ft.,24.0,-243.0,26.0,1,0,20151121,CLE,ATL
Shot Chart Detail,0021500191,70,2544,LeBron James,1610612739,Cleveland Cavaliers,1,4,2,Missed Shot,Turnaround Jump Shot,2PT Field Goal,Mid-Range,Left Side(L),8-16 ft.,13.0,-138.0,13.0,1,0,20151121,CLE,ATL
Shot Chart Detail,0021500191,187,2544,LeBron James,1610612739,Cleveland Cavaliers,2,5,40,Made Shot,Layup Shot,2PT Field Goal,Restricted Area,Center(C),Less Than 8 ft.,1.0,-16.0,0.0,1,1,20151121,CLE,ATL
Shot Chart Detail,0021500191,198,2544,LeBron James,1610612739,Cleveland Cavaliers,2,4,53,Missed Shot,Driving Layup Shot,2PT Field Goal,Restricted Area,Center(C),Less Than 8 ft.,0.0,-7.0,2.0,1,0,20151121,CLE,ATL
Shot Chart Detail,0021500191,206,2544,LeBron James,1610612739,Cleveland Cavaliers,2,4,14,Made Shot,Jump Shot,3PT Field Goal,Above the Break 3,Left Side Center(LC),24+ ft.,25.0,-201.0,160.0,1,1,20151121,CLE,ATL
Shot Chart Detail,0021500191,260,2544,LeBron James,1610612739,Cleveland Cavaliers,2,0,5,Missed Shot,Driving Layup Shot,2PT Field Goal,Restricted Area,Center(C),Less Than 8 ft.,2.0,-20.0,7.0,1,0,20151121,CLE,ATL
Shot Chart Detail,0021500191,270,2544,LeBron James,1610612739,Cleveland Cavaliers,3,11,28,Missed Shot,Jump Shot,2PT Field Goal,In The Paint (Non-RA),Center(C),Less Than 8 ft.,5.0,-11.0,56.0,1,0,20151121,CLE,ATL
Shot Chart Detail,0021500191,289,2544,LeBron James,1610612739,Cleveland Cavaliers,3,9,57,Made Shot,Running Layup Shot,2PT Field Goal,Restricted Area,Center(C),Less Than 8 ft.,0.0,-1.0,3.0,1,1,20151121,CLE,ATL
Shot Chart Detail,0021500191,399,2544,LeBron James,1610612739,Cleveland Cavaliers,3,2,20,Made Shot,Jump Shot,2PT Field Goal,Mid-Range,Right Side(R),8-16 ft.,13.0,133.0,43.0,1,1,20151121,CLE,ATL
Shot Chart Detail,0021500191,416,2544,LeBron James,1610612739,Cleveland Cavaliers,3,0,47,Missed Shot,Step Back Jump shot,2PT Field Goal,Mid-Range,Left Side(L),16-24 ft.,22.0,-181.0,129.0,1,0,20151121,CLE,ATL
Shot Chart Detail,0021500191,429,2544,LeBron James,1610612739,Cleveland Cavaliers,4,11,41,Missed Shot,Driving Layup Shot,2PT Field Goal,Restricted Area,Center(C),Less Than 8 ft.,2.0,-20.0,7.0,1,0,20151121,CLE,ATL
Shot Chart Detail,0021500191,453,2544,LeBron James,1610612739,Cleveland Cavaliers,4,9,42,Made Shot,Driving Layup Shot,2PT Field Goal,Restricted Area,Center(C),Less Than 8 ft.,1.0,-14.0,2.0,1,1,20151121,CLE,ATL
Shot Chart Detail,0021500191,459,2544,LeBron James,1610612739,Cleveland Cavaliers,4,9,8,Made Shot,Jump Shot,2PT Field Goal,Mid-Range,Right Side Center(RC),16-24 ft.,19.0,114.0,159.0,1,1,20151121,CLE,ATL
Shot Chart Detail,0021500191,513,2544,LeBron James,1610612739,Cleveland Cavaliers,4,6,0,Made Shot,Jump Shot,2PT Field Goal,Mid-Range,Left Side(L),8-16 ft.,8.0,-86.0,0.0,1,1,20151121,CLE,ATL
Shot Chart Detail,0021500191,528,2544,LeBron James,1610612739,Cleveland Cavaliers,4,4,32,Made Shot,Jump Shot,2PT Field Goal,Mid-Range,Left Side(L),8-16 ft.,15.0,-137.0,80.0,1,1,20151121,CLE,ATL
Shot Chart Detail,0021500203,15,2544,LeBron James,1610612739,Cleveland Cavaliers,1,9,21,Made Shot,Driving Layup Shot,2PT Field Goal,Restricted Area,Center(C),Less Than 8 ft.,0.0,-2.0,7.0,1,1,20151123,CLE,ORL
Shot Chart Detail,0021500203,25,2544,LeBron James,1610612739,Cleveland Cavaliers,1,8,2,Made Shot,Floating Jump shot,2PT Field Goal,Mid-Range,Left Side(L),8-16 ft.,12.0,-120.0,46.0,1,1,20151123,CLE,ORL
Shot Chart Detail,0021500203,40,2544,LeBron James,1610612739,Cleveland Cavaliers,1,6,32,Missed Shot,Jump Shot,2PT Field Goal,Mid-Range,Left Side Center(LC),16-24 ft.,18.0,-102.0,151.0,1,0,20151123,CLE,ORL
Shot Chart Detail,0021500203,184,2544,LeBron James,1610612739,Cleveland Cavaliers,2,4,21,Missed Shot,Fadeaway Jump Shot,2PT Field Goal,Mid-Range,Right Side(R),8-16 ft.,14.0,146.0,26.0,1,0,20151123,CLE,ORL
Shot Chart Detail,0021500203,259,2544,LeBron James,1610612739,Cleveland Cavaliers,3,10,31,Made Shot,Running Jump Shot,2PT Field Goal,In The Paint (Non-RA),Center(C),Less Than 8 ft.,5.0,27.0,46.0,1,1,20151123,CLE,ORL
Shot Chart Detail,0021500203,268,2544,LeBron James,1610612739,Cleveland Cavaliers,3,9,17,Made Shot,Driving Finger Roll Layup Shot,2PT Field Goal,Restricted Area,Center(C),Less Than 8 ft.,2.0,-22.0,3.0,1,1,20151123,CLE,ORL
Shot Chart Detail,0021500203,286,2544,LeBron James,1610612739,Cleveland Cavaliers,3,7,41,Made Shot,Jump Bank Shot,2PT Field Goal,Restricted Area,Center(C),Less Than 8 ft.,3.0,27.0,26.0,1,1,20151123,CLE,ORL
Shot Chart Detail,0021500203,293,2544,LeBron James,1610612739,Cleveland Cavaliers,3,7,10,Missed Shot,Jump Shot,3PT Field Goal,Above the Break 3,Left Side Center(LC),24+ ft.,25.0,-158.0,200.0,1,0,20151123,CLE,ORL
Shot Chart Detail,0021500203,397,2544,LeBron James,1610612739,Cleveland Cavaliers,4,11,23,Missed Shot,Turnaround Jump Shot,2PT Field Goal,Mid-Range,Left Side(L),16-24 ft.,16.0,-161.0,31.0,1,0,20151123,CLE,ORL
Shot Chart Detail,0021500203,405,2544,LeBron James,1610612739,Cleveland Cavaliers,4,10,54,Made Shot,Hook Shot,2PT Field Goal,Restricted Area,Center(C),Less Than 8 ft.,3.0,14.0,36.0,1,1,20151123,CLE,ORL
Shot Chart Detail,0021500203,438,2544,LeBron James,1610612739,Cleveland Cavaliers,4,7,13,Missed Shot,Driving Layup Shot,2PT Field Goal,Restricted Area,Center(C),Less Than 8 ft.,3.0,-17.0,26.0,1,0,20151123,CLE,ORL
Shot Chart Detail,0021500203,465,2544,LeBron James,1610612739,Cleveland Cavaliers,4,6,11,Missed Shot,Turnaround Jump Shot,2PT Field Goal,Mid-Range,Left Side(L),8-16 ft.,15.0,-158.0,11.0,1,0,20151123,CLE,ORL
Shot Chart Detail,0021500203,484,2544,LeBron James,1610612739,Cleveland Cavaliers,4,5,8,Missed Shot,Jump Shot,3PT Field Goal,Left Corner 3,Left Side(L),24+ ft.,23.0,-232.0,0.0,1,0,20151123,CLE,ORL
Shot Chart Detail,0021500203,493,2544,LeBron James,1610612739,Cleveland Cavaliers,4,4,9,Made Shot,Running Dunk Shot,2PT Field Goal,Restricted Area,Center(C),Less Than 8 ft.,0.0,0.0,1.0,1,1,20151123,CLE,ORL
Shot Chart Detail,0021500219,24,2544,LeBron James,1610612739,Cleveland Cavaliers,1,8,35,Missed Shot,Jump Shot,2PT Field Goal,Mid-Range,Left Side Center(LC),16-24 ft.,21.0,-92.0,195.0,1,0,20151125,TOR,CLE
Shot Chart Detail,0021500219,32,2544,LeBron James,1610612739,Cleveland Cavaliers,1,7,35,Missed Shot,Jump Shot,3PT Field Goal,Above the Break 3,Right Side Center(RC),24+ ft.,24.0,158.0,193.0,1,0,20151125,TOR,CLE
Shot Chart Detail,0021500219,34,2544,LeBron James,1610612739,Cleveland Cavaliers,1,7,29,Missed Shot,Layup Shot,2PT Field Goal,Restricted Area,Center(C),Less Than 8 ft.,2.0,-1.0,26.0,1,0,20151125,TOR,CLE
Shot Chart Detail,0021500219,43,2544,LeBron James,1610612739,Cleveland Cavaliers,1,6,52,Made Shot,Running Dunk Shot,2PT Field Goal,Restricted Area,Center(C),Less Than 8 ft.,0.0,0.0,1.0,1,1,20151125,TOR,CLE
Shot Chart Detail,0021500219,151,2544,LeBron James,1610612739,Cleveland Cavaliers,2,7,57,Made Shot,Step Back Jump shot,3PT Field Goal,Above the Break 3,Left Side Center(LC),24+ ft.,25.0,-168.0,190.0,1,1,20151125,TOR,CLE
Shot Chart Detail,0021500219,229,2544,LeBron James,1610612739,Cleveland Cavaliers,2,1,14,Made Shot,Driving Floating Jump Shot,2PT Field Goal,In The Paint (Non-RA),Center(C),Less Than 8 ft.,5.0,-35.0,46.0,1,1,20151125,TOR,CLE
Shot Chart Detail,0021500219,266,2544,LeBron James,1610612739,Cleveland Cavaliers,3,11,4,Missed Shot,Jump Shot,3PT Field Goal,Above the Break 3,Left Side Center(LC),24+ ft.,24.0,-129.0,213.0,1,0,20151125,TOR,CLE
Shot Chart Detail,0021500219,305,2544,LeBron James,1610612739,Cleveland Cavaliers,3,5,56,Made Shot,Jump Shot,2PT Field Goal,Mid-Range,Left Side(L),16-24 ft.,23.0,-215.0,92.0,1,1,20151125,TOR,CLE
Shot Chart Detail,0021500219,318,2544,LeBron James,1610612739,Cleveland Cavaliers,3,4,31,Made Shot,Turnaround Fadeaway shot,2PT Field Goal,Mid-Range,Right Side(R),8-16 ft.,13.0,135.0,-1.0,1,1,20151125,TOR,CLE
Shot Chart Detail,0021500219,321,2544,LeBron James,1610612739,Cleveland Cavaliers,3,3,50,Missed Shot,Floating Jump shot,2PT Field Goal,In The Paint (Non-RA),Center(C),Less Than 8 ft.,4.0,-42.0,16.0,1,0,20151125,TOR,CLE
Shot Chart Detail,0021500219,325,2544,LeBron James,1610612739,Cleveland Cavaliers,3,2,47,Missed Shot,Jump Shot,3PT Field Goal,Above the Break 3,Left Side Center(LC),24+ ft.,27.0,-215.0,164.0,1,0,20151125,TOR,CLE
Shot Chart Detail,0021500219,428,2544,LeBron James,1610612739,Cleveland Cavaliers,4,8,18,Missed Shot,Pullup Jump shot,2PT Field Goal,Mid-Range,Left Side(L),16-24 ft.,19.0,-186.0,46.0,1,0,20151125,TOR,CLE
Shot Chart Detail,0021500219,435,2544,LeBron James,1610612739,Cleveland Cavaliers,4,7,29,Missed Shot,Driving Finger Roll Layup Shot,2PT Field Goal,Restricted Area,Center(C),Less Than 8 ft.,3.0,-27.0,18.0,1,0,20151125,TOR,CLE
Shot Chart Detail,0021500219,444,2544,LeBron James,1610612739,Cleveland Cavaliers,4,7,6,Missed Shot,Pullup Jump shot,3PT Field Goal,Above the Break 3,Center(C),24+ ft.,24.0,45.0,237.0,1,0,20151125,TOR,CLE
Shot Chart Detail,0021500219,459,2544,LeBron James,1610612739,Cleveland Cavaliers,4,6,6,Missed Shot,Driving Layup Shot,2PT Field Goal,Restricted Area,Center(C),Less Than 8 ft.,2.0,28.0,2.0,1,0,20151125,TOR,CLE
Shot Chart Detail,0021500219,520,2544,LeBron James,1610612739,Cleveland Cavaliers,4,1,16,Made Shot,Pullup Jump shot,2PT Field Goal,In The Paint (Non-RA),Center(C),Less Than 8 ft.,4.0,28.0,41.0,1,1,20151125,TOR,CLE
Shot Chart Detail,0021500227,10,2544,LeBron James,1610612739,Cleveland Cavaliers,1,11,13,Missed Shot,Jump Shot,2PT Field Goal,In The Paint (Non-RA),Center(C),Less Than 8 ft.,4.0,14.0,38.0,1,0,20151127,CHA,CLE
Shot Chart Detail,0021500227,41,2544,LeBron James,1610612739,Cleveland Cavaliers,1,6,10,Missed Shot,Layup Shot,2PT Field Goal,Restricted Area,Center(C),Less Than 8 ft.,2.0,14.0,26.0,1,0,20151127,CHA,CLE
Shot Chart Detail,0021500227,97,2544,LeBron James,1610612739,Cleveland Cavaliers,1,2,53,Missed Shot,Jump Shot,2PT Field Goal,Mid-Range,Right Side Center(RC),16-24 ft.,22.0,181.0,134.0,1,0,20151127,CHA,CLE
Shot Chart Detail,0021500227,112,2544,LeBron James,1610612739,Cleveland Cavaliers,1,1,50,Made Shot,Layup Shot,2PT Field Goal,Restricted Area,Center(C),Less Than 8 ft.,2.0,-7.0,21.0,1,1,20151127,CHA,CLE
Shot Chart Detail,0021500227,118,2544,LeBron James,1610612739,Cleveland Cavaliers,1,1,17,Missed Shot,Layup Shot,2PT Field Goal,Restricted Area,Center(C),Less Than 8 ft.,2.0,-7.0,28.0,1,0,20151127,CHA,CLE
Shot Chart Detail,0021500227,135,2544,LeBron James,1610612739,Cleveland Cavaliers,1,0,32,Made Shot,Layup Shot,2PT Field Goal,Restricted Area,Center(C),Less Than 8 ft.,2.0,-1.0,21.0,1,1,20151127,CHA,CLE
Shot Chart Detail,0021500227,190,2544,LeBron James,1610612739,Cleveland Cavaliers,2,8,21,Missed Shot,Reverse Layup Shot,2PT Field Goal,Restricted Area,Center(C),Less Than 8 ft.,1.0,-2.0,11.0,1,0,20151127,CHA,CLE
Shot Chart Detail,0021500227,191,2544,LeBron James,1610612739,Cleveland Cavaliers,2,8,17,Made Shot,Tip Layup Shot,2PT Field Goal,Restricted Area,Center(C),Less Than 8 ft.,1.0,0.0,16.0,1,1,20151127,CHA,CLE
Shot Chart Detail,0021500227,257,2544,LeBron James,1610612739,Cleveland Cavaliers,2,1,1,Missed Shot,Hook Shot,2PT Field Goal,In The Paint (Non-RA),Center(C),Less Than 8 ft.,7.0,-45.0,61.0,1,0,20151127,CHA,CLE
Shot Chart Detail,0021500227,266,2544,LeBron James,1610612739,Cleveland Cavaliers,2,0,7,Made Shot,Driving Layup Shot,2PT Field Goal,Restricted Area,Center(C),Less Than 8 ft.,1.0,4.0,16.0,1,1,20151127,CHA,CLE
Shot Chart Detail,0021500227,318,2544,LeBron James,1610612739,Cleveland Cavaliers,3,7,15,Made Shot,Driving Layup Shot,2PT Field Goal,Restricted Area,Center(C),Less Than 8 ft.,2.0,-17.0,13.0,1,1,20151127,CHA,CLE
Shot Chart Detail,0021500227,330,2544,LeBron James,1610612739,Cleveland Cavaliers,3,5,47,Made Shot,Jump Shot,3PT Field Goal,Above the Break 3,Left Side Center(LC),24+ ft.,27.0,-155.0,223.0,1,1,20151127,CHA,CLE
Shot Chart Detail,0021500227,336,2544,LeBron James,1610612739,Cleveland Cavaliers,3,4,57,Made Shot,Jump Shot,3PT Field Goal,Above the Break 3,Left Side Center(LC),24+ ft.,26.0,-196.0,183.0,1,1,20151127,CHA,CLE
Shot Chart Detail,0021500227,350,2544,LeBron James,1610612739,Cleveland Cavaliers,3,3,12,Missed Shot,Jump Shot,3PT Field Goal,Above the Break 3,Left Side Center(LC),24+ ft.,25.0,-207.0,149.0,1,0,20151127,CHA,CLE
Shot Chart Detail,0021500227,356,2544,LeBron James,1610612739,Cleveland Cavaliers,3,2,27,Made Shot,Dunk Shot,2PT Field Goal,Restricted Area,Center(C),Less Than 8 ft.,0.0,0.0,1.0,1,1,20151127,CHA,CLE
Shot Chart Detail,0021500227,414,2544,LeBron James,1610612739,Cleveland Cavaliers,4,9,21,Missed Shot,Step Back Jump shot,3PT Field Goal,Right Corner 3,Right Side(R),24+ ft.,23.0,222.0,80.0,1,0,20151127,CHA,CLE
Shot Chart Detail,0021500227,482,2544,LeBron James,1610612739,Cleveland Cavaliers,4,2,1,Missed Shot,Jump Shot,2PT Field Goal,Mid-Range,Left Side(L),8-16 ft.,15.0,-96.0,120.0,1,0,20151127,CHA,CLE
Shot Chart Detail,0021500227,485,2544,LeBron James,1610612739,Cleveland Cavaliers,4,1,58,Missed Shot,Jump Shot,3PT Field Goal,Above the Break 3,Left Side Center(LC),24+ ft.,26.0,-165.0,213.0,1,0,20151127,CHA,CLE
Shot Chart Detail,0021500227,495,2544,LeBron James,1610612739,Cleveland Cavaliers,4,0,40,Missed Shot,Jump Shot,2PT Field Goal,In The Paint (Non-RA),Center(C),Less Than 8 ft.,5.0,-52.0,21.0,1,0,20151127,CHA,CLE
Shot Chart Detail,0021500227,499,2544,LeBron James,1610612739,Cleveland Cavaliers,4,0,37,Missed Shot,Jump Shot,2PT Field Goal,Mid-Range,Center(C),16-24 ft.,20.0,33.0,203.0,1,0,20151127,CHA,CLE
Shot Chart Detail,0021500240,9,2544,LeBron James,1610612739,Cleveland Cavaliers,1,10,56,Missed Shot,Layup Shot,2PT Field Goal,Restricted Area,Center(C),Less Than 8 ft.,1.0,-14.0,2.0,1,0,20151128,CLE,BKN
Shot Chart Detail,0021500240,11,2544,LeBron James,1610612739,Cleveland Cavaliers,1,10,51,Made Shot,Layup Shot,2PT Field Goal,Restricted Area,Center(C),Less Than 8 ft.,0.0,-6.0,-1.0,1,1,20151128,CLE,BKN
Shot Chart Detail,0021500240,13,2544,LeBron James,1610612739,Cleveland Cavaliers,1,10,16,Missed Shot,Jump Shot,3PT Field Goal,Above the Break 3,Right Side Center(RC),24+ ft.,25.0,141.0,218.0,1,0,20151128,CLE,BKN
Shot Chart Detail,0021500240,86,2544,LeBron James,1610612739,Cleveland Cavaliers,1,2,49,Missed Shot,Driving Bank shot,2PT Field Goal,Mid-Range,Left Side(L),8-16 ft.,15.0,-151.0,43.0,1,0,20151128,CLE,BKN
Shot Chart Detail,0021500240,166,2544,LeBron James,1610612739,Cleveland Cavaliers,2,7,41,Missed Shot,Turnaround Jump Shot,2PT Field Goal,Mid-Range,Left Side(L),16-24 ft.,17.0,-173.0,26.0,1,0,20151128,CLE,BKN
Shot Chart Detail,0021500240,202,2544,LeBron James,1610612739,Cleveland Cavaliers,2,5,9,Made Shot,Driving Layup Shot,2PT Field Goal,Restricted Area,Center(C),Less Than 8 ft.,2.0,-27.0,5.0,1,1,20151128,CLE,BKN
Shot Chart Detail,0021500240,215,2544,LeBron James,1610612739,Cleveland Cavaliers,2,4,19,Missed Shot,Driving Layup Shot,2PT Field Goal,Restricted Area,Center(C),Less Than 8 ft.,1.0,-12.0,-11.0,1,0,20151128,CLE,BKN
Shot Chart Detail,0021500240,214,2544,LeBron James,1610612739,Cleveland Cavaliers,2,4,19,Missed Shot,Layup Shot,2PT Field Goal,Restricted Area,Center(C),Less Than 8 ft.,2.0,-16.0,-16.0,1,0,20151128,CLE,BKN
Shot Chart Detail,0021500240,219,2544,LeBron James,1610612739,Cleveland Cavaliers,2,4,7,Made Shot,Jump Shot,2PT Field Goal,Mid-Range,Left Side(L),16-24 ft.,19.0,-181.0,61.0,1,1,20151128,CLE,BKN
Shot Chart Detail,0021500240,253,2544,LeBron James,1610612739,Cleveland Cavaliers,2,1,45,Made Shot,Driving Layup Shot,2PT Field Goal,Restricted Area,Center(C),Less Than 8 ft.,0.0,0.0,7.0,1,1,20151128,CLE,BKN
Shot Chart Detail,0021500240,258,2544,LeBron James,1610612739,Cleveland Cavaliers,2,1,11,Made Shot,Floating Jump shot,2PT Field Goal,In The Paint (Non-RA),Center(C),Less Than 8 ft.,6.0,-34.0,61.0,1,1,20151128,CLE,BKN
Shot Chart Detail,0021500240,308,2544,LeBron James,1610612739,Cleveland Cavaliers,3,10,32,Missed Shot,Jump Shot,3PT Field Goal,Right Corner 3,Right Side(R),24+ ft.,22.0,225.0,-9.0,1,0,20151128,CLE,BKN
Shot Chart Detail,0021500240,321,2544,LeBron James,1610612739,Cleveland Cavaliers,3,8,37,Missed Shot,Jump Shot,3PT Field Goal,Above the Break 3,Right Side Center(RC),24+ ft.,24.0,148.0,190.0,1,0,20151128,CLE,BKN
Shot Chart Detail,0021500240,353,2544,LeBron James,1610612739,Cleveland Cavaliers,3,6,28,Made Shot,Floating Jump shot,2PT Field Goal,In The Paint (Non-RA),Center(C),8-16 ft.,10.0,-16.0,100.0,1,1,20151128,CLE,BKN
Shot Chart Detail,0021500240,463,2544,LeBron James,1610612739,Cleveland Cavaliers,4,8,16,Made Shot,Cutting Layup Shot,2PT Field Goal,Restricted Area,Center(C),Less Than 8 ft.,0.0,-6.0,2.0,1,1,20151128,CLE,BKN
Shot Chart Detail,0021500240,487,2544,LeBron James,1610612739,Cleveland Cavaliers,4,6,10,Missed Shot,Layup Shot,2PT Field Goal,Restricted Area,Center(C),Less Than 8 ft.,1.0,-9.0,-5.0,1,0,20151128,CLE,BKN
Shot Chart Detail,0021500240,506,2544,LeBron James,1610612739,Cleveland Cavaliers,4,4,39,Made Shot,Jump Shot,3PT Field Goal,Above the Break 3,Right Side Center(RC),24+ ft.,24.0,156.0,183.0,1,1,20151128,CLE,BKN
Shot Chart Detail,0021500240,512,2544,LeBron James,1610612739,Cleveland Cavaliers,4,3,56,Missed Shot,Jump Shot,3PT Field Goal,Above the Break 3,Right Side Center(RC),24+ ft.,24.0,207.0,134.0,1,0,20151128,CLE,BKN
Shot Chart Detail,0021500240,516,2544,LeBron James,1610612739,Cleveland Cavaliers,4,3,26,Made Shot,Driving Layup Shot,2PT Field Goal,Restricted Area,Center(C),Less Than 8 ft.,1.0,10.0,13.0,1,1,20151128,CLE,BKN
Shot Chart Detail,0021500240,534,2544,LeBron James,1610612739,Cleveland Cavaliers,4,2,11,Missed Shot,Floating Jump shot,2PT Field Goal,Mid-Range,Left Side(L),8-16 ft.,14.0,-137.0,38.0,1,0,20151128,CLE,BKN
Shot Chart Detail,0021500240,556,2544,LeBron James,1610612739,Cleveland Cavaliers,4,0,34,Missed Shot,Jump Shot,3PT Field Goal,Above the Break 3,Right Side Center(RC),24+ ft.,26.0,146.0,223.0,1,0,20151128,CLE,BKN
Shot Chart Detail,0021500240,590,2544,LeBron James,1610612739,Cleveland Cavaliers,4,0,1,Made Shot,Driving Hook Shot,2PT Field Goal,In The Paint (Non-RA),Center(C),Less Than 8 ft.,7.0,38.0,70.0,1,1,20151128,CLE,BKN
Shot Chart Detail,0021500262,20,2544,LeBron James,1610612739,Cleveland Cavaliers,1,9,31,Missed Shot,Jump Shot,2PT Field Goal,Mid-Range,Center(C),16-24 ft.,22.0,33.0,218.0,1,0,20151201,CLE,WAS
Shot Chart Detail,0021500262,27,2544,LeBron James,1610612739,Cleveland Cavaliers,1,9,7,Made Shot,Driving Layup Shot,2PT Field Goal,Restricted Area,Center(C),Less Than 8 ft.,0.0,-2.0,7.0,1,1,20151201,CLE,WAS
Shot Chart Detail,0021500262,114,2544,LeBron James,1610612739,Cleveland Cavaliers,1,0,51,Missed Shot,Floating Jump shot,2PT Field Goal,Mid-Range,Left Side(L),8-16 ft.,13.0,-125.0,41.0,1,0,20151201,CLE,WAS
Shot Chart Detail,0021500262,134,2544,LeBron James,1610612739,Cleveland Cavaliers,2,11,5,Made Shot,Cutting Layup Shot,2PT Field Goal,Restricted Area,Center(C),Less Than 8 ft.,0.0,0.0,2.0,1,1,20151201,CLE,WAS
Shot Chart Detail,0021500262,136,2544,LeBron James,1610612739,Cleveland Cavaliers,2,10,36,Missed Shot,Hook Shot,2PT Field Goal,In The Paint (Non-RA),Center(C),Less Than 8 ft.,5.0,10.0,56.0,1,0,20151201,CLE,WAS
Shot Chart Detail,0021500262,149,2544,LeBron James,1610612739,Cleveland Cavaliers,2,9,43,Made Shot,Cutting Layup Shot,2PT Field Goal,Restricted Area,Center(C),Less Than 8 ft.,1.0,-6.0,8.0,1,1,20151201,CLE,WAS
Shot Chart Detail,0021500262,160,2544,LeBron James,1610612739,Cleveland Cavaliers,2,8,48,Made Shot,Putback Layup Shot,2PT Field Goal,Restricted Area,Center(C),Less Than 8 ft.,0.0,2.0,2.0,1,1,20151201,CLE,WAS
Shot Chart Detail,0021500262,163,2544,LeBron James,1610612739,Cleveland Cavaliers,2,8,30,Made Shot,Running Finger Roll Layup Shot,2PT Field Goal,Restricted Area,Center(C),Less Than 8 ft.,0.0,-9.0,0.0,1,1,20151201,CLE,WAS
Shot Chart Detail,0021500262,257,2544,LeBron James,1610612739,Cleveland Cavaliers,2,0,1,Missed Shot,Driving Layup Shot,2PT Field Goal,Restricted Area,Center(C),Less Than 8 ft.,0.0,9.0,3.0,1,0,20151201,CLE,WAS
Shot Chart Detail,0021500262,286,2544,LeBron James,1610612739,Cleveland Cavaliers,3,9,30,Missed Shot,Jump Shot,3PT Field Goal,Above the Break 3,Left Side Center(LC),24+ ft.,24.0,-86.0,228.0,1,0,20151201,CLE,WAS
Shot Chart Detail,0021500262,303,2544,LeBron James,1610612739,Cleveland Cavaliers,3,7,40,Missed Shot,Jump Shot,2PT Field Goal,Mid-Range,Left Side Center(LC),16-24 ft.,20.0,-122.0,159.0,1,0,20151201,CLE,WAS
Shot Chart Detail,0021500262,338,2544,LeBron James,1610612739,Cleveland Cavaliers,3,4,15,Made Shot,Driving Layup Shot,2PT Field Goal,Restricted Area,Center(C),Less Than 8 ft.,0.0,-9.0,-1.0,1,1,20151201,CLE,WAS
Shot Chart Detail,0021500262,340,2544,LeBron James,1610612739,Cleveland Cavaliers,3,3,51,Missed Shot,Jump Shot,3PT Field Goal,Above the Break 3,Left Side Center(LC),24+ ft.,25.0,-143.0,208.0,1,0,20151201,CLE,WAS
Shot Chart Detail,0021500262,420,2544,LeBron James,1610612739,Cleveland Cavaliers,4,10,28,Missed Shot,Jump Shot,2PT Field Goal,In The Paint (Non-RA),Center(C),Less Than 8 ft.,7.0,-48.0,51.0,1,0,20151201,CLE,WAS
Shot Chart Detail,0021500262,422,2544,LeBron James,1610612739,Cleveland Cavaliers,4,10,24,Made Shot,Putback Layup Shot,2PT Field Goal,Restricted Area,Center(C),Less Than 8 ft.,0.0,-7.0,0.0,1,1,20151201,CLE,WAS
Shot Chart Detail,0021500262,466,2544,LeBron James,1610612739,Cleveland Cavaliers,4,6,58,Missed Shot,Jump Shot,3PT Field Goal,Above the Break 3,Right Side Center(RC),24+ ft.,25.0,123.0,218.0,1,0,20151201,CLE,WAS
Shot Chart Detail,0021500262,495,2544,LeBron James,1610612739,Cleveland Cavaliers,4,4,54,Missed Shot,Floating Jump shot,2PT Field Goal,Restricted Area,Center(C),Less Than 8 ft.,3.0,-11.0,31.0,1,0,20151201,CLE,WAS
Shot Chart Detail,0021500262,500,2544,LeBron James,1610612739,Cleveland Cavaliers,4,4,22,Made Shot,Driving Layup Shot,2PT Field Goal,Restricted Area,Center(C),Less Than 8 ft.,1.0,-4.0,-11.0,1,1,20151201,CLE,WAS
Shot Chart Detail,0021500262,522,2544,LeBron James,1610612739,Cleveland Cavaliers,4,2,19,Missed Shot,Driving Layup Shot,2PT Field Goal,Restricted Area,Center(C),Less Than 8 ft.,2.0,-20.0,11.0,1,0,20151201,CLE,WAS
Shot Chart Detail,0021500262,526,2544,LeBron James,1610612739,Cleveland Cavaliers,4,1,43,Missed Shot,Reverse Layup Shot,2PT Field Goal,Restricted Area,Center(C),Less Than 8 ft.,1.0,-17.0,3.0,1,0,20151201,CLE,WAS
Shot Chart Detail,0021500288,20,2544,LeBron James,1610612739,Cleveland Cavaliers,1,9,4,Made Shot,Running Finger Roll Layup Shot,2PT Field Goal,Restricted Area,Center(C),Less Than 8 ft.,0.0,2.0,8.0,1,1,20151204,NOP,CLE
Shot Chart Detail,0021500288,29,2544,LeBron James,1610612739,Cleveland Cavaliers,1,8,2,Made Shot,Layup Shot,2PT Field Goal,Restricted Area,Center(C),Less Than 8 ft.,0.0,9.0,2.0,1,1,20151204,NOP,CLE
Shot Chart Detail,0021500288,210,2544,LeBron James,1610612739,Cleveland Cavaliers,2,5,45,Missed Shot,Turnaround Jump Shot,2PT Field Goal,Mid-Range,Right Side(R),8-16 ft.,13.0,138.0,16.0,1,0,20151204,NOP,CLE
Shot Chart Detail,0021500288,219,2544,LeBron James,1610612739,Cleveland Cavaliers,2,4,16,Made Shot,Jump Shot,3PT Field Goal,Above the Break 3,Left Side Center(LC),24+ ft.,28.0,-124.0,252.0,1,1,20151204,NOP,CLE
Shot Chart Detail,0021500288,242,2544,LeBron James,1610612739,Cleveland Cavaliers,2,2,52,Made Shot,Dunk Shot,2PT Field Goal,Restricted Area,Center(C),Less Than 8 ft.,0.0,0.0,1.0,1,1,20151204,NOP,CLE
Shot Chart Detail,0021500288,252,2544,LeBron James,1610612739,Cleveland Cavaliers,2,2,9,Missed Shot,Jump Shot,3PT Field Goal,Above the Break 3,Left Side Center(LC),24+ ft.,29.0,-130.0,262.0,1,0,20151204,NOP,CLE
Shot Chart Detail,0021500288,261,2544,LeBron James,1610612739,Cleveland Cavaliers,2,1,35,Missed Shot,Jump Shot,2PT Field Goal,In The Paint (Non-RA),Center(C),8-16 ft.,10.0,-27.0,101.0,1,0,20151204,NOP,CLE
Shot Chart Detail,0021500288,313,2544,LeBron James,1610612739,Cleveland Cavaliers,3,9,27,Missed Shot,Jump Shot,2PT Field Goal,In The Paint (Non-RA),Center(C),8-16 ft.,8.0,-13.0,80.0,1,0,20151204,NOP,CLE
Shot Chart Detail,0021500288,316,2544,LeBron James,1610612739,Cleveland Cavaliers,3,9,9,Missed Shot,Layup Shot,2PT Field Goal,Restricted Area,Center(C),Less Than 8 ft.,0.0,0.0,8.0,1,0,20151204,NOP,CLE
Shot Chart Detail,0021500288,320,2544,LeBron James,1610612739,Cleveland Cavaliers,3,8,43,Missed Shot,Layup Shot,2PT Field Goal,Restricted Area,Center(C),Less Than 8 ft.,2.0,-22.0,0.0,1,0,20151204,NOP,CLE
Shot Chart Detail,0021500288,359,2544,LeBron James,1610612739,Cleveland Cavaliers,3,5,33,Missed Shot,Jump Shot,2PT Field Goal,Mid-Range,Left Side(L),16-24 ft.,20.0,-201.0,21.0,1,0,20151204,NOP,CLE
Shot Chart Detail,0021500288,361,2544,LeBron James,1610612739,Cleveland Cavaliers,3,5,24,Missed Shot,Layup Shot,2PT Field Goal,Restricted Area,Center(C),Less Than 8 ft.,1.0,-2.0,18.0,1,0,20151204,NOP,CLE
Shot Chart Detail,0021500288,448,2544,LeBron James,1610612739,Cleveland Cavaliers,4,10,3,Missed Shot,Jump Shot,3PT Field Goal,Above the Break 3,Left Side Center(LC),24+ ft.,26.0,-186.0,193.0,1,0,20151204,NOP,CLE
Shot Chart Detail,0021500288,460,2544,LeBron James,1610612739,Cleveland Cavaliers,4,9,12,Made Shot,Driving Layup Shot,2PT Field Goal,Restricted Area,Center(C),Less Than 8 ft.,1.0,-12.0,11.0,1,1,20151204,NOP,CLE
Shot Chart Detail,0021500288,474,2544,LeBron James,1610612739,Cleveland Cavaliers,4,8,43,Missed Shot,Jump Shot,3PT Field Goal,Above the Break 3,Center(C),24+ ft.,25.0,38.0,249.0,1,0,20151204,NOP,CLE
Shot Chart Detail,0021500288,489,2544,LeBron James,1610612739,Cleveland Cavaliers,4,6,32,Missed Shot,Layup Shot,2PT Field Goal,Restricted Area,Center(C),Less Than 8 ft.,1.0,9.0,7.0,1,0,20151204,NOP,CLE
Shot Chart Detail,0021500288,491,2544,LeBron James,1610612739,Cleveland Cavaliers,4,6,23,Made Shot,Driving Layup Shot,2PT Field Goal,Restricted Area,Center(C),Less Than 8 ft.,2.0,-24.0,11.0,1,1,20151204,NOP,CLE
Shot Chart Detail,0021500288,506,2544,LeBron James,1610612739,Cleveland Cavaliers,4,5,1,Made Shot,Driving Layup Shot,2PT Field Goal,Restricted Area,Center(C),Less Than 8 ft.,0.0,-1.0,2.0,1,1,20151204,NOP,CLE
Shot Chart Detail,0021500288,510,2544,LeBron James,1610612739,Cleveland Cavaliers,4,4,31,Made Shot,Driving Layup Shot,2PT Field Goal,Restricted Area,Center(C),Less Than 8 ft.,1.0,14.0,2.0,1,1,20151204,NOP,CLE
Shot Chart Detail,0021500288,529,2544,LeBron James,1610612739,Cleveland Cavaliers,4,3,1,Made Shot,Running Layup Shot,2PT Field Goal,Restricted Area,Center(C),Less Than 8 ft.,3.0,-37.0,11.0,1,1,20151204,NOP,CLE
Shot Chart Detail,0021500288,533,2544,LeBron James,1610612739,Cleveland Cavaliers,4,2,39,Made Shot,Layup Shot,2PT Field Goal,Restricted Area,Center(C),Less Than 8 ft.,2.0,-16.0,13.0,1,1,20151204,NOP,CLE
Shot Chart Detail,0021500288,542,2544,LeBron James,1610612739,Cleveland Cavaliers,4,2,17,Missed Shot,Jump Shot,2PT Field Goal,In The Paint (Non-RA),Center(C),Less Than 8 ft.,5.0,14.0,57.0,1,0,20151204,NOP,CLE
Shot Chart Detail,0021500288,544,2544,LeBron James,1610612739,Cleveland Cavaliers,4,2,14,Missed Shot,Putback Layup Shot,2PT Field Goal,Restricted Area,Center(C),Less Than 8 ft.,2.0,20.0,18.0,1,0,20151204,NOP,CLE
Shot Chart Detail,0021500288,550,2544,LeBron James,1610612739,Cleveland Cavaliers,4,1,47,Made Shot,Step Back Jump shot,2PT Field Goal,Mid-Range,Right Side Center(RC),16-24 ft.,16.0,82.0,146.0,1,1,20151204,NOP,CLE
Shot Chart Detail,0021500288,553,2544,LeBron James,1610612739,Cleveland Cavaliers,4,1,15,Made Shot,Driving Layup Shot,2PT Field Goal,Restricted Area,Center(C),Less Than 8 ft.,1.0,10.0,7.0,1,1,20151204,NOP,CLE
Shot Chart Detail,0021500288,569,2544,LeBron James,1610612739,Cleveland Cavaliers,4,0,34,Made Shot,Layup Shot,2PT Field Goal,Restricted Area,Center(C),Less Than 8 ft.,2.0,-22.0,11.0,1,1,20151204,NOP,CLE
Shot Chart Detail,0021500288,592,2544,LeBron James,1610612739,Cleveland Cavaliers,4,0,0,Missed Shot,Fadeaway Jump Shot,2PT Field Goal,Mid-Range,Left Side Center(LC),16-24 ft.,18.0,-132.0,136.0,1,0,20151204,NOP,CLE
Shot Chart Detail,0021500288,609,2544,LeBron James,1610612739,Cleveland Cavaliers,5,3,46,Missed Shot,Jump Shot,3PT Field Goal,Above the Break 3,Right Side Center(RC),24+ ft.,26.0,176.0,193.0,1,0,20151204,NOP,CLE
Shot Chart Detail,0021500288,612,2544,LeBron James,1610612739,Cleveland Cavaliers,5,3,17,Missed Shot,Jump Shot,2PT Field Goal,Mid-Range,Right Side(R),8-16 ft.,9.0,92.0,11.0,1,0,20151204,NOP,CLE
Shot Chart Detail,0021500313,2,2544,LeBron James,1610612739,Cleveland Cavaliers,1,11,36,Made Shot,Driving Layup Shot,2PT Field Goal,Restricted Area,Center(C),Less Than 8 ft.,1.0,-4.0,11.0,1,1,20151208,CLE,POR
Shot Chart Detail,0021500313,4,2544,LeBron James,1610612739,Cleveland Cavaliers,1,10,50,Missed Shot,Reverse Layup Shot,2PT Field Goal,Restricted Area,Center(C),Less Than 8 ft.,0.0,1.0,7.0,1,0,20151208,CLE,POR
Shot Chart Detail,0021500313,18,2544,LeBron James,1610612739,Cleveland Cavaliers,1,8,53,Missed Shot,Running Jump Shot,2PT Field Goal,In The Paint (Non-RA),Center(C),Less Than 8 ft.,4.0,1.0,41.0,1,0,20151208,CLE,POR
Shot Chart Detail,0021500313,30,2544,LeBron James,1610612739,Cleveland Cavaliers,1,6,32,Missed Shot,Turnaround Fadeaway shot,2PT Field Goal,In The Paint (Non-RA),Center(C),8-16 ft.,9.0,19.0,90.0,1,0,20151208,CLE,POR
Shot Chart Detail,0021500313,40,2544,LeBron James,1610612739,Cleveland Cavaliers,1,5,37,Missed Shot,Jump Shot,2PT Field Goal,In The Paint (Non-RA),Center(C),Less Than 8 ft.,5.0,53.0,28.0,1,0,20151208,CLE,POR
Shot Chart Detail,0021500313,65,2544,LeBron James,1610612739,Cleveland Cavaliers,1,3,7,Made Shot,Driving Layup Shot,2PT Field Goal,Restricted Area,Center(C),Less Than 8 ft.,0.0,-6.0,2.0,1,1,20151208,CLE,POR
Shot Chart Detail,0021500313,128,2544,LeBron James,1610612739,Cleveland Cavaliers,2,8,45,Made Shot,Reverse Layup Shot,2PT Field Goal,Restricted Area,Center(C),Less Than 8 ft.,0.0,1.0,-1.0,1,1,20151208,CLE,POR
Shot Chart Detail,0021500313,168,2544,LeBron James,1610612739,Cleveland Cavaliers,2,3,35,Made Shot,Cutting Layup Shot,2PT Field Goal,Restricted Area,Center(C),Less Than 8 ft.,0.0,-9.0,2.0,1,1,20151208,CLE,POR
Shot Chart Detail,0021500313,188,2544,LeBron James,1610612739,Cleveland Cavaliers,2,1,57,Made Shot,Driving Layup Shot,2PT Field Goal,Restricted Area,Center(C),Less Than 8 ft.,1.0,-17.0,8.0,1,1,20151208,CLE,POR
Shot Chart Detail,0021500313,201,2544,LeBron James,1610612739,Cleveland Cavaliers,2,1,28,Made Shot,Running Layup Shot,2PT Field Goal,Restricted Area,Center(C),Less Than 8 ft.,1.0,-6.0,11.0,1,1,20151208,CLE,POR
Shot Chart Detail,0021500313,245,2544,LeBron James,1610612739,Cleveland Cavaliers,3,10,55,Missed Shot,Jump Shot,3PT Field Goal,Left Corner 3,Left Side(L),24+ ft.,24.0,-248.0,28.0,1,0,20151208,CLE,POR
Shot Chart Detail,0021500313,247,2544,LeBron James,1610612739,Cleveland Cavaliers,3,10,49,Made Shot,Cutting Dunk Shot,2PT Field Goal,Restricted Area,Center(C),Less Than 8 ft.,0.0,0.0,1.0,1,1,20151208,CLE,POR
Shot Chart Detail,0021500313,268,2544,LeBron James,1610612739,Cleveland Cavaliers,3,8,37,Missed Shot,Layup Shot,2PT Field Goal,Restricted Area,Center(C),Less Than 8 ft.,1.0,14.0,11.0,1,0,20151208,CLE,POR
Shot Chart Detail,0021500313,270,2544,LeBron James,1610612739,Cleveland Cavaliers,3,8,35,Made Shot,Putback Layup Shot,2PT Field Goal,Restricted Area,Center(C),Less Than 8 ft.,1.0,-11.0,-1.0,1,1,20151208,CLE,POR
Shot Chart Detail,0021500313,370,2544,LeBron James,1610612739,Cleveland Cavaliers,4,10,33,Made Shot,Step Back Jump shot,2PT Field Goal,Mid-Range,Left Side Center(LC),16-24 ft.,22.0,-115.0,193.0,1,1,20151208,CLE,POR
Shot Chart Detail,0021500313,373,2544,LeBron James,1610612739,Cleveland Cavaliers,4,10,2,Missed Shot,Jump Shot,3PT Field Goal,Above the Break 3,Right Side Center(RC),24+ ft.,24.0,194.0,154.0,1,0,20151208,CLE,POR
Shot Chart Detail,0021500313,398,2544,LeBron James,1610612739,Cleveland Cavaliers,4,8,14,Made Shot,Cutting Dunk Shot,2PT Field Goal,Restricted Area,Center(C),Less Than 8 ft.,0.0,0.0,1.0,1,1,20151208,CLE,POR
Shot Chart Detail,0021500313,424,2544,LeBron James,1610612739,Cleveland Cavaliers,4,6,39,Missed Shot,Turnaround Fadeaway shot,2PT Field Goal,Mid-Range,Right Side(R),8-16 ft.,12.0,120.0,18.0,1,0,20151208,CLE,POR
Shot Chart Detail,0021500313,436,2544,LeBron James,1610612739,Cleveland Cavaliers,4,5,13,Made Shot,Turnaround Jump Shot,2PT Field Goal,In The Paint (Non-RA),Center(C),Less Than 8 ft.,7.0,-55.0,46.0,1,1,20151208,CLE,POR
Shot Chart Detail,0021500313,443,2544,LeBron James,1610612739,Cleveland Cavaliers,4,4,45,Made Shot,Driving Layup Shot,2PT Field Goal,Restricted Area,Center(C),Less Than 8 ft.,1.0,-12.0,0.0,1,1,20151208,CLE,POR
Shot Chart Detail,0021500313,445,2544,LeBron James,1610612739,Cleveland Cavaliers,4,4,6,Missed Shot,Turnaround Jump Shot,2PT Field Goal,Mid-Range,Left Side(L),16-24 ft.,16.0,-158.0,51.0,1,0,20151208,CLE,POR
Shot Chart Detail,0021500313,461,2544,LeBron James,1610612739,Cleveland Cavaliers,4,2,53,Made Shot,Jump Shot,3PT Field Goal,Above the Break 3,Left Side Center(LC),24+ ft.,26.0,-245.0,100.0,1,1,20151208,CLE,POR
Shot Chart Detail,0021500313,487,2544,LeBron James,1610612739,Cleveland Cavaliers,4,1,3,Made Shot,Running Jump Shot,2PT Field Goal,In The Paint (Non-RA),Center(C),Less Than 8 ft.,4.0,9.0,41.0,1,1,20151208,CLE,POR
Shot Chart Detail,0021500313,496,2544,LeBron James,1610612739,Cleveland Cavaliers,4,0,24,Missed Shot,Driving Layup Shot,2PT Field Goal,Restricted Area,Center(C),Less Than 8 ft.,3.0,-35.0,-1.0,1,0,20151208,CLE,POR
Shot Chart Detail,0021500334,27,2544,LeBron James,1610612739,Cleveland Cavaliers,1,7,58,Made Shot,Reverse Dunk Shot,2PT Field Goal,Restricted Area,Center(C),Less Than 8 ft.,0.0,0.0,1.0,1,1,20151211,ORL,CLE
Shot Chart Detail,0021500334,51,2544,LeBron James,1610612739,Cleveland Cavaliers,1,5,43,Missed Shot,Jump Shot,2PT Field Goal,In The Paint (Non-RA),Center(C),Less Than 8 ft.,4.0,-40.0,-21.0,1,0,20151211,ORL,CLE
Shot Chart Detail,0021500334,63,2544,LeBron James,1610612739,Cleveland Cavaliers,1,4,50,Made Shot,Driving Finger Roll Layup Shot,2PT Field Goal,Restricted Area,Center(C),Less Than 8 ft.,0.0,6.0,2.0,1,1,20151211,ORL,CLE
Shot Chart Detail,0021500334,194,2544,LeBron James,1610612739,Cleveland Cavaliers,2,4,20,Made Shot,Layup Shot,2PT Field Goal,Restricted Area,Center(C),Less Than 8 ft.,0.0,-7.0,2.0,1,1,20151211,ORL,CLE
Shot Chart Detail,0021500334,206,2544,LeBron James,1610612739,Cleveland Cavaliers,2,3,3,Made Shot,Running Layup Shot,2PT Field Goal,Restricted Area,Center(C),Less Than 8 ft.,0.0,1.0,-1.0,1,1,20151211,ORL,CLE
Shot Chart Detail,0021500334,208,2544,LeBron James,1610612739,Cleveland Cavaliers,2,2,45,Made Shot,Running Layup Shot,2PT Field Goal,Restricted Area,Center(C),Less Than 8 ft.,1.0,-11.0,2.0,1,1,20151211,ORL,CLE
Shot Chart Detail,0021500334,226,2544,LeBron James,1610612739,Cleveland Cavaliers,2,1,29,Made Shot,Layup Shot,2PT Field Goal,Restricted Area,Center(C),Less Than 8 ft.,2.0,0.0,26.0,1,1,20151211,ORL,CLE
Shot Chart Detail,0021500334,235,2544,LeBron James,1610612739,Cleveland Cavaliers,2,1,18,Made Shot,Running Layup Shot,2PT Field Goal,Restricted Area,Center(C),Less Than 8 ft.,1.0,9.0,7.0,1,1,20151211,ORL,CLE
Shot Chart Detail,0021500334,238,2544,LeBron James,1610612739,Cleveland Cavaliers,2,0,48,Made Shot,Finger Roll Layup Shot,2PT Field Goal,Restricted Area,Center(C),Less Than 8 ft.,0.0,2.0,7.0,1,1,20151211,ORL,CLE
Shot Chart Detail,0021500334,272,2544,LeBron James,1610612739,Cleveland Cavaliers,3,8,54,Missed Shot,Jump Shot,2PT Field Goal,Mid-Range,Left Side(L),16-24 ft.,17.0,-153.0,85.0,1,0,20151211,ORL,CLE
Shot Chart Detail,0021500334,328,2544,LeBron James,1610612739,Cleveland Cavaliers,3,3,31,Missed Shot,Jump Shot,3PT Field Goal,Above the Break 3,Left Side Center(LC),24+ ft.,26.0,-166.0,203.0,1,0,20151211,ORL,CLE
Shot Chart Detail,0021500334,330,2544,LeBron James,1610612739,Cleveland Cavaliers,3,3,10,Missed Shot,Jump Shot,2PT Field Goal,In The Paint (Non-RA),Center(C),8-16 ft.,10.0,-37.0,95.0,1,0,20151211,ORL,CLE
Shot Chart Detail,0021500334,338,2544,LeBron James,1610612739,Cleveland Cavaliers,3,2,40,Made Shot,Turnaround Jump Shot,2PT Field Goal,Mid-Range,Left Side(L),16-24 ft.,17.0,-174.0,23.0,1,1,20151211,ORL,CLE
Shot Chart Detail,0021500334,358,2544,LeBron James,1610612739,Cleveland Cavaliers,3,1,29,Missed Shot,Layup Shot,2PT Field Goal,Restricted Area,Center(C),Less Than 8 ft.,1.0,2.0,18.0,1,0,20151211,ORL,CLE
Shot Chart Detail,0021500334,368,2544,LeBron James,1610612739,Cleveland Cavaliers,3,0,29,Made Shot,Driving Layup Shot,2PT Field Goal,Restricted Area,Center(C),Less Than 8 ft.,1.0,-1.0,16.0,1,1,20151211,ORL,CLE
Shot Chart Detail,0021500367,4,2544,LeBron James,1610612739,Cleveland Cavaliers,1,11,25,Missed Shot,Driving Layup Shot,2PT Field Goal,Restricted Area,Center(C),Less Than 8 ft.,2.0,-20.0,13.0,1,0,20151215,BOS,CLE
Shot Chart Detail,0021500367,18,2544,LeBron James,1610612739,Cleveland Cavaliers,1,9,4,Made Shot,Layup Shot,2PT Field Goal,Restricted Area,Center(C),Less Than 8 ft.,2.0,1.0,28.0,1,1,20151215,BOS,CLE
Shot Chart Detail,0021500367,44,2544,LeBron James,1610612739,Cleveland Cavaliers,1,6,37,Missed Shot,Layup Shot,2PT Field Goal,Restricted Area,Center(C),Less Than 8 ft.,2.0,-22.0,2.0,1,0,20151215,BOS,CLE
Shot Chart Detail,0021500367,73,2544,LeBron James,1610612739,Cleveland Cavaliers,1,4,21,Made Shot,Driving Finger Roll Layup Shot,2PT Field Goal,Restricted Area,Center(C),Less Than 8 ft.,1.0,10.0,13.0,1,1,20151215,BOS,CLE
Shot Chart Detail,0021500367,75,2544,LeBron James,1610612739,Cleveland Cavaliers,1,4,2,Made Shot,Running Finger Roll Layup Shot,2PT Field Goal,Restricted Area,Center(C),Less Than 8 ft.,2.0,25.0,-1.0,1,1,20151215,BOS,CLE
Shot Chart Detail,0021500367,145,2544,LeBron James,1610612739,Cleveland Cavaliers,2,8,16,Missed Shot,Jump Shot,3PT Field Goal,Above the Break 3,Left Side Center(LC),24+ ft.,24.0,-210.0,129.0,1,0,20151215,BOS,CLE
Shot Chart Detail,0021500367,170,2544,LeBron James,1610612739,Cleveland Cavaliers,2,6,2,Made Shot,Driving Layup Shot,2PT Field Goal,Restricted Area,Center(C),Less Than 8 ft.,2.0,24.0,3.0,1,1,20151215,BOS,CLE
Shot Chart Detail,0021500367,179,2544,LeBron James,1610612739,Cleveland Cavaliers,2,5,28,Made Shot,Driving Finger Roll Layup Shot,2PT Field Goal,Restricted Area,Center(C),Less Than 8 ft.,2.0,24.0,8.0,1,1,20151215,BOS,CLE
Shot Chart Detail,0021500367,212,2544,LeBron James,1610612739,Cleveland Cavaliers,2,1,37,Missed Shot,Jump Shot,2PT Field Goal,In The Paint (Non-RA),Center(C),Less Than 8 ft.,4.0,-6.0,41.0,1,0,20151215,BOS,CLE
Shot Chart Detail,0021500367,240,2544,LeBron James,1610612739,Cleveland Cavaliers,2,0,17,Missed Shot,Driving Layup Shot,2PT Field Goal,Restricted Area,Center(C),Less Than 8 ft.,1.0,9.0,16.0,1,0,20151215,BOS,CLE
Shot Chart Detail,0021500367,256,2544,LeBron James,1610612739,Cleveland Cavaliers,3,11,38,Missed Shot,Turnaround Fadeaway shot,2PT Field Goal,Mid-Range,Right Side(R),8-16 ft.,9.0,87.0,31.0,1,0,20151215,BOS,CLE
Shot Chart Detail,0021500367,266,2544,LeBron James,1610612739,Cleveland Cavaliers,3,10,38,Missed Shot,Jump Shot,3PT Field Goal,Left Corner 3,Left Side(L),24+ ft.,22.0,-228.0,-1.0,1,0,20151215,BOS,CLE
Shot Chart Detail,0021500367,296,2544,LeBron James,1610612739,Cleveland Cavaliers,3,7,2,Made Shot,Jump Shot,2PT Field Goal,In The Paint (Non-RA),Center(C),Less Than 8 ft.,5.0,-19.0,47.0,1,1,20151215,BOS,CLE
Shot Chart Detail,0021500367,302,2544,LeBron James,1610612739,Cleveland Cavaliers,3,6,25,Made Shot,Cutting Layup Shot,2PT Field Goal,Restricted Area,Center(C),Less Than 8 ft.,2.0,22.0,2.0,1,1,20151215,BOS,CLE
Shot Chart Detail,0021500367,309,2544,LeBron James,1610612739,Cleveland Cavaliers,3,5,29,Made Shot,Running Reverse Dunk Shot,2PT Field Goal,Restricted Area,Center(C),Less Than 8 ft.,0.0,0.0,1.0,1,1,20151215,BOS,CLE
Shot Chart Detail,0021500367,331,2544,LeBron James,1610612739,Cleveland Cavaliers,3,2,52,Missed Shot,Jump Shot,2PT Field Goal,Mid-Range,Left Side(L),16-24 ft.,21.0,-201.0,80.0,1,0,20151215,BOS,CLE
Shot Chart Detail,0021500367,382,2544,LeBron James,1610612739,Cleveland Cavaliers,4,9,21,Made Shot,Cutting Finger Roll Layup Shot,2PT Field Goal,Restricted Area,Center(C),Less Than 8 ft.,2.0,-27.0,7.0,1,1,20151215,BOS,CLE
Shot Chart Detail,0021500367,407,2544,LeBron James,1610612739,Cleveland Cavaliers,4,7,31,Missed Shot,Jump Shot,3PT Field Goal,Above the Break 3,Left Side Center(LC),24+ ft.,24.0,-150.0,198.0,1,0,20151215,BOS,CLE
Shot Chart Detail,0021500367,416,2544,LeBron James,1610612739,Cleveland Cavaliers,4,6,35,Missed Shot,Turnaround Fadeaway shot,2PT Field Goal,Mid-Range,Right Side(R),8-16 ft.,12.0,128.0,3.0,1,0,20151215,BOS,CLE
Shot Chart Detail,0021500367,430,2544,LeBron James,1610612739,Cleveland Cavaliers,4,4,46,Made Shot,Turnaround Fadeaway shot,2PT Field Goal,In The Paint (Non-RA),Left Side(L),8-16 ft.,9.0,-68.0,70.0,1,1,20151215,BOS,CLE
Shot Chart Detail,0021500384,11,2544,LeBron James,1610612739,Cleveland Cavaliers,1,10,26,Made Shot,Jump Shot,3PT Field Goal,Above the Break 3,Right Side Center(RC),24+ ft.,25.0,110.0,228.0,1,1,20151217,CLE,OKC
Shot Chart Detail,0021500384,30,2544,LeBron James,1610612739,Cleveland Cavaliers,1,7,35,Made Shot,Jump Shot,3PT Field Goal,Above the Break 3,Left Side Center(LC),24+ ft.,24.0,-219.0,100.0,1,1,20151217,CLE,OKC
Shot Chart Detail,0021500384,33,2544,LeBron James,1610612739,Cleveland Cavaliers,1,7,10,Missed Shot,Fadeaway Jump Shot,3PT Field Goal,Above the Break 3,Right Side Center(RC),24+ ft.,25.0,222.0,120.0,1,0,20151217,CLE,OKC
Shot Chart Detail,0021500384,92,2544,LeBron James,1610612739,Cleveland Cavaliers,1,2,4,Missed Shot,Fadeaway Jump Shot,2PT Field Goal,Mid-Range,Left Side(L),8-16 ft.,10.0,-109.0,-1.0,1,0,20151217,CLE,OKC
Shot Chart Detail,0021500384,108,2544,LeBron James,1610612739,Cleveland Cavaliers,1,0,50,Missed Shot,Driving Layup Shot,2PT Field Goal,Restricted Area,Center(C),Less Than 8 ft.,2.0,-25.0,7.0,1,0,20151217,CLE,OKC
Shot Chart Detail,0021500384,119,2544,LeBron James,1610612739,Cleveland Cavaliers,1,0,28,Made Shot,Driving Layup Shot,2PT Field Goal,Restricted Area,Center(C),Less Than 8 ft.,0.0,-7.0,-1.0,1,1,20151217,CLE,OKC
Shot Chart Detail,0021500384,125,2544,LeBron James,1610612739,Cleveland Cavaliers,1,0,1,Missed Shot,Jump Shot,3PT Field Goal,Above the Break 3,Right Side Center(RC),24+ ft.,29.0,127.0,264.0,1,0,20151217,CLE,OKC
Shot Chart Detail,0021500384,147,2544,LeBron James,1610612739,Cleveland Cavaliers,2,9,39,Missed Shot,Pullup Jump shot,2PT Field Goal,Mid-Range,Left Side(L),16-24 ft.,17.0,-156.0,75.0,1,0,20151217,CLE,OKC
Shot Chart Detail,0021500384,168,2544,LeBron James,1610612739,Cleveland Cavaliers,2,8,44,Missed Shot,Jump Shot,2PT Field Goal,Restricted Area,Center(C),Less Than 8 ft.,3.0,-29.0,11.0,1,0,20151217,CLE,OKC
Shot Chart Detail,0021500384,171,2544,LeBron James,1610612739,Cleveland Cavaliers,2,8,24,Made Shot,Reverse Layup Shot,2PT Field Goal,Restricted Area,Center(C),Less Than 8 ft.,1.0,-11.0,-1.0,1,1,20151217,CLE,OKC
Shot Chart Detail,0021500384,192,2544,LeBron James,1610612739,Cleveland Cavaliers,2,5,52,Made Shot,Running Dunk Shot,2PT Field Goal,Restricted Area,Center(C),Less Than 8 ft.,0.0,0.0,1.0,1,1,20151217,CLE,OKC
Shot Chart Detail,0021500384,253,2544,LeBron James,1610612739,Cleveland Cavaliers,2,0,16,Missed Shot,Driving Layup Shot,2PT Field Goal,Restricted Area,Center(C),Less Than 8 ft.,3.0,6.0,31.0,1,0,20151217,CLE,OKC
Shot Chart Detail,0021500384,266,2544,LeBron James,1610612739,Cleveland Cavaliers,3,10,55,Made Shot,Driving Layup Shot,2PT Field Goal,Restricted Area,Center(C),Less Than 8 ft.,0.0,-9.0,3.0,1,1,20151217,CLE,OKC
Shot Chart Detail,0021500384,310,2544,LeBron James,1610612739,Cleveland Cavaliers,3,7,15,Made Shot,Layup Shot,2PT Field Goal,Restricted Area,Center(C),Less Than 8 ft.,0.0,-7.0,7.0,1,1,20151217,CLE,OKC
Shot Chart Detail,0021500384,318,2544,LeBron James,1610612739,Cleveland Cavaliers,3,6,28,Missed Shot,Layup Shot,2PT Field Goal,Restricted Area,Center(C),Less Than 8 ft.,2.0,-16.0,23.0,1,0,20151217,CLE,OKC
Shot Chart Detail,0021500384,325,2544,LeBron James,1610612739,Cleveland Cavaliers,3,6,0,Missed Shot,Jump Shot,2PT Field Goal,In The Paint (Non-RA),Left Side(L),8-16 ft.,9.0,-56.0,77.0,1,0,20151217,CLE,OKC
Shot Chart Detail,0021500384,333,2544,LeBron James,1610612739,Cleveland Cavaliers,3,5,24,Missed Shot,Jump Shot,2PT Field Goal,In The Paint (Non-RA),Center(C),Less Than 8 ft.,6.0,37.0,52.0,1,0,20151217,CLE,OKC
Shot Chart Detail,0021500384,347,2544,LeBron James,1610612739,Cleveland Cavaliers,3,4,19,Made Shot,Running Layup Shot,2PT Field Goal,Restricted Area,Center(C),Less Than 8 ft.,0.0,-4.0,3.0,1,1,20151217,CLE,OKC
Shot Chart Detail,0021500384,401,2544,LeBron James,1610612739,Cleveland Cavaliers,3,0,1,Missed Shot,Driving Layup Shot,2PT Field Goal,Restricted Area,Center(C),Less Than 8 ft.,0.0,-6.0,7.0,1,0,20151217,CLE,OKC
Shot Chart Detail,0021500384,418,2544,LeBron James,1610612739,Cleveland Cavaliers,4,10,54,Made Shot,Dunk Shot,2PT Field Goal,Restricted Area,Center(C),Less Than 8 ft.,0.0,0.0,1.0,1,1,20151217,CLE,OKC
Shot Chart Detail,0021500384,457,2544,LeBron James,1610612739,Cleveland Cavaliers,4,7,26,Made Shot,Cutting Layup Shot,2PT Field Goal,Restricted Area,Center(C),Less Than 8 ft.,1.0,-9.0,-10.0,1,1,20151217,CLE,OKC
Shot Chart Detail,0021500384,464,2544,LeBron James,1610612739,Cleveland Cavaliers,4,6,52,Made Shot,Jump Shot,2PT Field Goal,Mid-Range,Left Side Center(LC),16-24 ft.,21.0,-150.0,154.0,1,1,20151217,CLE,OKC
Shot Chart Detail,0021500384,495,2544,LeBron James,1610612739,Cleveland Cavaliers,4,4,29,Missed Shot,Jump Shot,2PT Field Goal,Mid-Range,Center(C),16-24 ft.,22.0,-11.0,223.0,1,0,20151217,CLE,OKC
Shot Chart Detail,0021500384,499,2544,LeBron James,1610612739,Cleveland Cavaliers,4,3,59,Missed Shot,Jump Shot,3PT Field Goal,Above the Break 3,Left Side Center(LC),24+ ft.,27.0,-245.0,124.0,1,0,20151217,CLE,OKC
Shot Chart Detail,0021500384,517,2544,LeBron James,1610612739,Cleveland Cavaliers,4,2,25,Missed Shot,Jump Shot,2PT Field Goal,Mid-Range,Left Side(L),8-16 ft.,14.0,-142.0,-33.0,1,0,20151217,CLE,OKC
Shot Chart Detail,0021500384,527,2544,LeBron James,1610612739,Cleveland Cavaliers,4,2,24,Made Shot,Layup Shot,2PT Field Goal,Restricted Area,Center(C),Less Than 8 ft.,2.0,-23.0,10.0,1,1,20151217,CLE,OKC
Shot Chart Detail,0021500384,541,2544,LeBron James,1610612739,Cleveland Cavaliers,4,0,27,Missed Shot,Floating Jump shot,2PT Field Goal,In The Paint (Non-RA),Left Side(L),8-16 ft.,8.0,-71.0,38.0,1,0,20151217,CLE,OKC
Shot Chart Detail,0021500405,7,2544,LeBron James,1610612739,Cleveland Cavaliers,1,10,52,Made Shot,Driving Layup Shot,2PT Field Goal,Restricted Area,Center(C),Less Than 8 ft.,1.0,-17.0,3.0,1,1,20151220,CLE,PHI
Shot Chart Detail,0021500405,70,2544,LeBron James,1610612739,Cleveland Cavaliers,1,4,38,Made Shot,Layup Shot,2PT Field Goal,Restricted Area,Center(C),Less Than 8 ft.,2.0,28.0,0.0,1,1,20151220,CLE,PHI
Shot Chart Detail,0021500405,72,2544,LeBron James,1610612739,Cleveland Cavaliers,1,4,6,Missed Shot,Layup Shot,2PT Field Goal,Restricted Area,Center(C),Less Than 8 ft.,1.0,-1.0,11.0,1,0,20151220,CLE,PHI
Shot Chart Detail,0021500405,82,2544,LeBron James,1610612739,Cleveland Cavaliers,1,3,22,Made Shot,Reverse Layup Shot,2PT Field Goal,Restricted Area,Center(C),Less Than 8 ft.,0.0,-7.0,0.0,1,1,20151220,CLE,PHI
Shot Chart Detail,0021500405,180,2544,LeBron James,1610612739,Cleveland Cavaliers,2,8,20,Missed Shot,Jump Shot,3PT Field Goal,Above the Break 3,Left Side Center(LC),24+ ft.,24.0,-174.0,169.0,1,0,20151220,CLE,PHI
Shot Chart Detail,0021500405,204,2544,LeBron James,1610612739,Cleveland Cavaliers,2,6,35,Made Shot,Pullup Jump shot,2PT Field Goal,Mid-Range,Left Side Center(LC),16-24 ft.,18.0,-140.0,115.0,1,1,20151220,CLE,PHI
Shot Chart Detail,0021500405,212,2544,LeBron James,1610612739,Cleveland Cavaliers,2,5,18,Missed Shot,Jump Shot,2PT Field Goal,Mid-Range,Left Side Center(LC),16-24 ft.,22.0,-163.0,160.0,1,0,20151220,CLE,PHI
Shot Chart Detail,0021500405,220,2544,LeBron James,1610612739,Cleveland Cavaliers,2,4,46,Made Shot,Jump Shot,2PT Field Goal,In The Paint (Non-RA),Center(C),Less Than 8 ft.,6.0,-14.0,61.0,1,1,20151220,CLE,PHI
Shot Chart Detail,0021500405,224,2544,LeBron James,1610612739,Cleveland Cavaliers,2,4,8,Missed Shot,Jump Shot,2PT Field Goal,In The Paint (Non-RA),Center(C),Less Than 8 ft.,7.0,53.0,56.0,1,0,20151220,CLE,PHI
Shot Chart Detail,0021500405,240,2544,LeBron James,1610612739,Cleveland Cavaliers,2,3,24,Made Shot,Running Layup Shot,2PT Field Goal,Restricted Area,Center(C),Less Than 8 ft.,0.0,-9.0,3.0,1,1,20151220,CLE,PHI
Shot Chart Detail,0021500405,242,2544,LeBron James,1610612739,Cleveland Cavaliers,2,3,2,Made Shot,Alley Oop Dunk Shot,2PT Field Goal,Restricted Area,Center(C),Less Than 8 ft.,0.0,0.0,1.0,1,1,20151220,CLE,PHI
Shot Chart Detail,0021500405,293,2544,LeBron James,1610612739,Cleveland Cavaliers,2,1,22,Made Shot,Dunk Shot,2PT Field Goal,Restricted Area,Center(C),Less Than 8 ft.,0.0,0.0,1.0,1,1,20151220,CLE,PHI
Shot Chart Detail,0021500405,300,2544,LeBron James,1610612739,Cleveland Cavaliers,2,0,21,Missed Shot,Jump Shot,3PT Field Goal,Above the Break 3,Left Side Center(LC),24+ ft.,25.0,-169.0,193.0,1,0,20151220,CLE,PHI
Shot Chart Detail,0021500405,308,2544,LeBron James,1610612739,Cleveland Cavaliers,3,11,46,Missed Shot,Floating Jump shot,2PT Field Goal,In The Paint (Non-RA),Right Side(R),8-16 ft.,8.0,66.0,51.0,1,0,20151220,CLE,PHI
Shot Chart Detail,0021500405,365,2544,LeBron James,1610612739,Cleveland Cavaliers,3,7,10,Made Shot,Driving Layup Shot,2PT Field Goal,Restricted Area,Center(C),Less Than 8 ft.,1.0,-16.0,2.0,1,1,20151220,CLE,PHI
Shot Chart Detail,0021500405,369,2544,LeBron James,1610612739,Cleveland Cavaliers,3,6,43,Made Shot,Running Alley Oop Dunk Shot,2PT Field Goal,Restricted Area,Center(C),Less Than 8 ft.,0.0,0.0,1.0,1,1,20151220,CLE,PHI
Shot Chart Detail,0021500405,372,2544,LeBron James,1610612739,Cleveland Cavaliers,3,6,18,Missed Shot,Jump Shot,3PT Field Goal,Above the Break 3,Left Side Center(LC),24+ ft.,25.0,-186.0,169.0,1,0,20151220,CLE,PHI
Shot Chart Detail,0021500424,50,2544,LeBron James,1610612739,Cleveland Cavaliers,1,6,2,Made Shot,Layup Shot,2PT Field Goal,Restricted Area,Center(C),Less Than 8 ft.,0.0,0.0,3.0,1,1,20151223,CLE,NYK
Shot Chart Detail,0021500424,57,2544,LeBron James,1610612739,Cleveland Cavaliers,1,5,6,Made Shot,Layup Shot,2PT Field Goal,Restricted Area,Center(C),Less Than 8 ft.,0.0,-1.0,7.0,1,1,20151223,CLE,NYK
Shot Chart Detail,0021500424,60,2544,LeBron James,1610612739,Cleveland Cavaliers,1,4,35,Missed Shot,Step Back Jump shot,2PT Field Goal,Mid-Range,Left Side(L),16-24 ft.,17.0,-155.0,85.0,1,0,20151223,CLE,NYK
Shot Chart Detail,0021500424,70,2544,LeBron James,1610612739,Cleveland Cavaliers,1,3,34,Made Shot,Cutting Layup Shot,2PT Field Goal,Restricted Area,Center(C),Less Than 8 ft.,2.0,-24.0,8.0,1,1,20151223,CLE,NYK
Shot Chart Detail,0021500424,140,2544,LeBron James,1610612739,Cleveland Cavaliers,2,8,46,Missed Shot,Driving Layup Shot,2PT Field Goal,Restricted Area,Center(C),Less Than 8 ft.,1.0,-9.0,7.0,1,0,20151223,CLE,NYK
Shot Chart Detail,0021500424,168,2544,LeBron James,1610612739,Cleveland Cavaliers,2,7,34,Missed Shot,Jump Shot,3PT Field Goal,Right Corner 3,Right Side(R),24+ ft.,23.0,232.0,2.0,1,0,20151223,CLE,NYK
Shot Chart Detail,0021500424,188,2544,LeBron James,1610612739,Cleveland Cavaliers,2,6,14,Missed Shot,Layup Shot,2PT Field Goal,Restricted Area,Center(C),Less Than 8 ft.,0.0,-6.0,3.0,1,0,20151223,CLE,NYK
Shot Chart Detail,0021500424,197,2544,LeBron James,1610612739,Cleveland Cavaliers,2,5,45,Missed Shot,Layup Shot,2PT Field Goal,Restricted Area,Center(C),Less Than 8 ft.,1.0,-4.0,11.0,1,0,20151223,CLE,NYK
Shot Chart Detail,0021500424,207,2544,LeBron James,1610612739,Cleveland Cavaliers,2,5,15,Missed Shot,Jump Shot,3PT Field Goal,Above the Break 3,Center(C),24+ ft.,24.0,55.0,242.0,1,0,20151223,CLE,NYK
Shot Chart Detail,0021500424,211,2544,LeBron James,1610612739,Cleveland Cavaliers,2,4,56,Made Shot,Driving Reverse Layup Shot,2PT Field Goal,Restricted Area,Center(C),Less Than 8 ft.,0.0,-2.0,-5.0,1,1,20151223,CLE,NYK
Shot Chart Detail,0021500424,245,2544,LeBron James,1610612739,Cleveland Cavaliers,2,2,42,Missed Shot,Driving Layup Shot,2PT Field Goal,Restricted Area,Center(C),Less Than 8 ft.,1.0,-9.0,8.0,1,0,20151223,CLE,NYK
Shot Chart Detail,0021500424,249,2544,LeBron James,1610612739,Cleveland Cavaliers,2,2,26,Made Shot,Running Layup Shot,2PT Field Goal,Restricted Area,Center(C),Less Than 8 ft.,1.0,12.0,11.0,1,1,20151223,CLE,NYK
Shot Chart Detail,0021500424,268,2544,LeBron James,1610612739,Cleveland Cavaliers,2,1,30,Made Shot,Layup Shot,2PT Field Goal,Restricted Area,Center(C),Less Than 8 ft.,1.0,19.0,2.0,1,1,20151223,CLE,NYK
Shot Chart Detail,0021500424,314,2544,LeBron James,1610612739,Cleveland Cavaliers,3,8,18,Missed Shot,Jump Shot,3PT Field Goal,Above the Break 3,Right Side Center(RC),24+ ft.,23.0,174.0,164.0,1,0,20151223,CLE,NYK
Shot Chart Detail,0021500424,318,2544,LeBron James,1610612739,Cleveland Cavaliers,3,8,1,Missed Shot,Running Layup Shot,2PT Field Goal,Restricted Area,Center(C),Less Than 8 ft.,2.0,-22.0,7.0,1,0,20151223,CLE,NYK
Shot Chart Detail,0021500424,437,2544,LeBron James,1610612739,Cleveland Cavaliers,4,8,51,Missed Shot,Layup Shot,2PT Field Goal,Restricted Area,Center(C),Less Than 8 ft.,2.0,-28.0,5.0,1,0,20151223,CLE,NYK
Shot Chart Detail,0021500424,439,2544,LeBron James,1610612739,Cleveland Cavaliers,4,8,40,Missed Shot,Step Back Jump shot,2PT Field Goal,Mid-Range,Left Side(L),16-24 ft.,20.0,-207.0,-6.0,1,0,20151223,CLE,NYK
Shot Chart Detail,0021500424,448,2544,LeBron James,1610612739,Cleveland Cavaliers,4,8,6,Made Shot,Layup Shot,2PT Field Goal,Restricted Area,Center(C),Less Than 8 ft.,0.0,-7.0,-1.0,1,1,20151223,CLE,NYK
Shot Chart Detail,0021500424,459,2544,LeBron James,1610612739,Cleveland Cavaliers,4,7,2,Missed Shot,Layup Shot,2PT Field Goal,Restricted Area,Center(C),Less Than 8 ft.,2.0,-20.0,2.0,1,0,20151223,CLE,NYK
Shot Chart Detail,0021500424,474,2544,LeBron James,1610612739,Cleveland Cavaliers,4,5,6,Missed Shot,Driving Layup Shot,2PT Field Goal,Restricted Area,Center(C),Less Than 8 ft.,0.0,-2.0,7.0,1,0,20151223,CLE,NYK
Shot Chart Detail,0021500424,497,2544,LeBron James,1610612739,Cleveland Cavaliers,4,3,13,Made Shot,Running Layup Shot,2PT Field Goal,Restricted Area,Center(C),Less Than 8 ft.,2.0,-20.0,-1.0,1,1,20151223,CLE,NYK
Shot Chart Detail,0021500424,518,2544,LeBron James,1610612739,Cleveland Cavaliers,4,0,51,Made Shot,Driving Dunk Shot,2PT Field Goal,Restricted Area,Center(C),Less Than 8 ft.,0.0,0.0,1.0,1,1,20151223,CLE,NYK
Shot Chart Detail,0021500438,11,2544,LeBron James,1610612739,Cleveland Cavaliers,1,10,4,Missed Shot,Driving Layup Shot,2PT Field Goal,Restricted Area,Center(C),Less Than 8 ft.,0.0,-6.0,7.0,1,0,20151225,GSW,CLE
Shot Chart Detail,0021500438,22,2544,LeBron James,1610612739,Cleveland Cavaliers,1,8,26,Made Shot,Turnaround Fadeaway shot,2PT Field Goal,In The Paint (Non-RA),Center(C),Less Than 8 ft.,7.0,38.0,70.0,1,1,20151225,GSW,CLE
Shot Chart Detail,0021500438,73,2544,LeBron James,1610612739,Cleveland Cavaliers,1,4,21,Missed Shot,Turnaround Jump Shot,2PT Field Goal,In The Paint (Non-RA),Center(C),Less Than 8 ft.,5.0,46.0,21.0,1,0,20151225,GSW,CLE
Shot Chart Detail,0021500438,97,2544,LeBron James,1610612739,Cleveland Cavaliers,1,2,41,Missed Shot,Jump Shot,3PT Field Goal,Above the Break 3,Left Side Center(LC),24+ ft.,24.0,-119.0,213.0,1,0,20151225,GSW,CLE
Shot Chart Detail,0021500438,103,2544,LeBron James,1610612739,Cleveland Cavaliers,1,1,56,Made Shot,Driving Finger Roll Layup Shot,2PT Field Goal,Restricted Area,Center(C),Less Than 8 ft.,1.0,-12.0,7.0,1,1,20151225,GSW,CLE
Shot Chart Detail,0021500438,159,2544,LeBron James,1610612739,Cleveland Cavaliers,2,9,12,Made Shot,Jump Shot,2PT Field Goal,In The Paint (Non-RA),Left Side(L),8-16 ft.,8.0,-58.0,56.0,1,1,20151225,GSW,CLE
Shot Chart Detail,0021500438,186,2544,LeBron James,1610612739,Cleveland Cavaliers,2,7,5,Made Shot,Driving Layup Shot,2PT Field Goal,Restricted Area,Center(C),Less Than 8 ft.,2.0,-9.0,26.0,1,1,20151225,GSW,CLE
Shot Chart Detail,0021500438,196,2544,LeBron James,1610612739,Cleveland Cavaliers,2,6,31,Missed Shot,Turnaround Fadeaway shot,2PT Field Goal,Mid-Range,Left Side(L),8-16 ft.,12.0,-122.0,13.0,1,0,20151225,GSW,CLE
Shot Chart Detail,0021500438,231,2544,LeBron James,1610612739,Cleveland Cavaliers,2,3,30,Missed Shot,Dunk Shot,2PT Field Goal,Restricted Area,Center(C),Less Than 8 ft.,0.0,0.0,1.0,1,0,20151225,GSW,CLE
Shot Chart Detail,0021500438,234,2544,LeBron James,1610612739,Cleveland Cavaliers,2,3,5,Missed Shot,Jump Shot,2PT Field Goal,Mid-Range,Left Side(L),16-24 ft.,20.0,-202.0,11.0,1,0,20151225,GSW,CLE
Shot Chart Detail,0021500438,247,2544,LeBron James,1610612739,Cleveland Cavaliers,2,1,50,Missed Shot,Step Back Jump shot,3PT Field Goal,Above the Break 3,Left Side Center(LC),24+ ft.,26.0,-163.0,208.0,1,0,20151225,GSW,CLE
Shot Chart Detail,0021500438,254,2544,LeBron James,1610612739,Cleveland Cavaliers,2,1,28,Missed Shot,Layup Shot,2PT Field Goal,Restricted Area,Center(C),Less Than 8 ft.,1.0,-7.0,16.0,1,0,20151225,GSW,CLE
Shot Chart Detail,0021500438,308,2544,LeBron James,1610612739,Cleveland Cavaliers,3,8,27,Made Shot,Jump Shot,3PT Field Goal,Above the Break 3,Center(C),24+ ft.,25.0,-12.0,259.0,1,1,20151225,GSW,CLE
Shot Chart Detail,0021500438,312,2544,LeBron James,1610612739,Cleveland Cavaliers,3,7,37,Missed Shot,Pullup Jump shot,3PT Field Goal,Above the Break 3,Right Side Center(RC),24+ ft.,25.0,176.0,183.0,1,0,20151225,GSW,CLE
Shot Chart Detail,0021500438,323,2544,LeBron James,1610612739,Cleveland Cavaliers,3,6,54,Made Shot,Layup Shot,2PT Field Goal,Restricted Area,Center(C),Less Than 8 ft.,1.0,10.0,11.0,1,1,20151225,GSW,CLE
Shot Chart Detail,0021500438,383,2544,LeBron James,1610612739,Cleveland Cavaliers,3,1,5,Missed Shot,Jump Shot,2PT Field Goal,Restricted Area,Center(C),Less Than 8 ft.,3.0,25.0,26.0,1,0,20151225,GSW,CLE
Shot Chart Detail,0021500438,391,2544,LeBron James,1610612739,Cleveland Cavaliers,3,0,17,Made Shot,Layup Shot,2PT Field Goal,Restricted Area,Center(C),Less Than 8 ft.,1.0,9.0,11.0,1,1,20151225,GSW,CLE
Shot Chart Detail,0021500438,397,2544,LeBron James,1610612739,Cleveland Cavaliers,4,11,38,Made Shot,Fadeaway Jump Shot,2PT Field Goal,In The Paint (Non-RA),Left Side(L),8-16 ft.,9.0,-63.0,75.0,1,1,20151225,GSW,CLE
Shot Chart Detail,0021500438,409,2544,LeBron James,1610612739,Cleveland Cavaliers,4,10,11,Missed Shot,Layup Shot,2PT Field Goal,Restricted Area,Center(C),Less Than 8 ft.,1.0,-6.0,11.0,1,0,20151225,GSW,CLE
Shot Chart Detail,0021500438,461,2544,LeBron James,1610612739,Cleveland Cavaliers,4,6,46,Missed Shot,Layup Shot,2PT Field Goal,Restricted Area,Center(C),Less Than 8 ft.,1.0,-8.0,-6.0,1,0,20151225,GSW,CLE
Shot Chart Detail,0021500438,482,2544,LeBron James,1610612739,Cleveland Cavaliers,4,4,34,Missed Shot,Layup Shot,2PT Field Goal,Restricted Area,Center(C),Less Than 8 ft.,2.0,-16.0,23.0,1,0,20151225,GSW,CLE
Shot Chart Detail,0021500438,493,2544,LeBron James,1610612739,Cleveland Cavaliers,4,3,26,Made Shot,Driving Dunk Shot,2PT Field Goal,Restricted Area,Center(C),Less Than 8 ft.,0.0,0.0,1.0,1,1,20151225,GSW,CLE
Shot Chart Detail,0021500438,498,2544,LeBron James,1610612739,Cleveland Cavaliers,4,2,55,Made Shot,Driving Dunk Shot,2PT Field Goal,Restricted Area,Center(C),Less Than 8 ft.,0.0,0.0,1.0,1,1,20151225,GSW,CLE
Shot Chart Detail,0021500438,504,2544,LeBron James,1610612739,Cleveland Cavaliers,4,2,15,Missed Shot,Driving Layup Shot,2PT Field Goal,Restricted Area,Center(C),Less Than 8 ft.,1.0,-9.0,11.0,1,0,20151225,GSW,CLE
Shot Chart Detail,0021500438,519,2544,LeBron James,1610612739,Cleveland Cavaliers,4,0,49,Missed Shot,Jump Shot,2PT Field Goal,Restricted Area,Center(C),Less Than 8 ft.,3.0,-2.0,31.0,1,0,20151225,GSW,CLE
Shot Chart Detail,0021500438,542,2544,LeBron James,1610612739,Cleveland Cavaliers,4,0,12,Missed Shot,Jump Shot,3PT Field Goal,Above the Break 3,Left Side Center(LC),24+ ft.,28.0,-196.0,203.0,1,0,20151225,GSW,CLE
Shot Chart Detail,0021500453,31,2544,LeBron James,1610612739,Cleveland Cavaliers,1,9,19,Missed Shot,Floating Jump shot,2PT Field Goal,Restricted Area,Center(C),Less Than 8 ft.,3.0,0.0,36.0,1,0,20151226,POR,CLE
Shot Chart Detail,0021500453,40,2544,LeBron James,1610612739,Cleveland Cavaliers,1,8,10,Missed Shot,Step Back Jump shot,2PT Field Goal,Mid-Range,Left Side Center(LC),16-24 ft.,18.0,-140.0,115.0,1,0,20151226,POR,CLE
Shot Chart Detail,0021500453,42,2544,LeBron James,1610612739,Cleveland Cavaliers,1,8,1,Missed Shot,Jump Shot,3PT Field Goal,Above the Break 3,Left Side Center(LC),24+ ft.,24.0,-89.0,228.0,1,0,20151226,POR,CLE
Shot Chart Detail,0021500453,60,2544,LeBron James,1610612739,Cleveland Cavaliers,1,6,9,Missed Shot,Jump Shot,2PT Field Goal,Mid-Range,Right Side Center(RC),16-24 ft.,19.0,125.0,151.0,1,0,20151226,POR,CLE
Shot Chart Detail,0021500453,74,2544,LeBron James,1610612739,Cleveland Cavaliers,1,4,59,Made Shot,Driving Layup Shot,2PT Field Goal,Restricted Area,Center(C),Less Than 8 ft.,1.0,-12.0,11.0,1,1,20151226,POR,CLE
Shot Chart Detail,0021500453,84,2544,LeBron James,1610612739,Cleveland Cavaliers,1,3,35,Missed Shot,Jump Shot,3PT Field Goal,Above the Break 3,Left Side Center(LC),24+ ft.,24.0,-97.0,229.0,1,0,20151226,POR,CLE
Shot Chart Detail,0021500453,164,2544,LeBron James,1610612739,Cleveland Cavaliers,2,7,22,Made Shot,Layup Shot,2PT Field Goal,Restricted Area,Center(C),Less Than 8 ft.,2.0,-20.0,13.0,1,1,20151226,POR,CLE
Shot Chart Detail,0021500453,172,2544,LeBron James,1610612739,Cleveland Cavaliers,2,6,16,Missed Shot,Jump Shot,2PT Field Goal,Mid-Range,Left Side Center(LC),16-24 ft.,19.0,-114.0,159.0,1,0,20151226,POR,CLE
Shot Chart Detail,0021500453,183,2544,LeBron James,1610612739,Cleveland Cavaliers,2,4,50,Missed Shot,Layup Shot,2PT Field Goal,Restricted Area,Center(C),Less Than 8 ft.,2.0,-27.0,-5.0,1,0,20151226,POR,CLE
Shot Chart Detail,0021500453,234,2544,LeBron James,1610612739,Cleveland Cavaliers,2,0,1,Missed Shot,Driving Layup Shot,2PT Field Goal,Restricted Area,Center(C),Less Than 8 ft.,1.0,-17.0,3.0,1,0,20151226,POR,CLE
Shot Chart Detail,0021500453,252,2544,LeBron James,1610612739,Cleveland Cavaliers,3,9,41,Made Shot,Dunk Shot,2PT Field Goal,Restricted Area,Center(C),Less Than 8 ft.,0.0,0.0,1.0,1,1,20151226,POR,CLE
Shot Chart Detail,0021500453,254,2544,LeBron James,1610612739,Cleveland Cavaliers,3,9,9,Missed Shot,Jump Shot,3PT Field Goal,Above the Break 3,Center(C),24+ ft.,24.0,64.0,237.0,1,0,20151226,POR,CLE
Shot Chart Detail,0021500453,272,2544,LeBron James,1610612739,Cleveland Cavaliers,3,7,22,Made Shot,Driving Reverse Layup Shot,2PT Field Goal,Restricted Area,Center(C),Less Than 8 ft.,0.0,-4.0,8.0,1,1,20151226,POR,CLE
Shot Chart Detail,0021500466,27,2544,LeBron James,1610612739,Cleveland Cavaliers,1,7,53,Missed Shot,Jump Shot,3PT Field Goal,Above the Break 3,Center(C),24+ ft.,24.0,-37.0,247.0,1,0,20151228,PHX,CLE
Shot Chart Detail,0021500466,35,2544,LeBron James,1610612739,Cleveland Cavaliers,1,6,31,Made Shot,Driving Finger Roll Layup Shot,2PT Field Goal,Restricted Area,Center(C),Less Than 8 ft.,3.0,32.0,-1.0,1,1,20151228,PHX,CLE
Shot Chart Detail,0021500466,68,2544,LeBron James,1610612739,Cleveland Cavaliers,1,3,14,Made Shot,Running Layup Shot,2PT Field Goal,Restricted Area,Center(C),Less Than 8 ft.,0.0,6.0,0.0,1,1,20151228,PHX,CLE
Shot Chart Detail,0021500466,152,2544,LeBron James,1610612739,Cleveland Cavaliers,2,8,27,Made Shot,Jump Shot,3PT Field Goal,Above the Break 3,Left Side Center(LC),24+ ft.,24.0,-115.0,213.0,1,1,20151228,PHX,CLE
Shot Chart Detail,0021500466,239,2544,LeBron James,1610612739,Cleveland Cavaliers,3,10,51,Made Shot,Jump Shot,2PT Field Goal,Mid-Range,Center(C),16-24 ft.,21.0,-2.0,213.0,1,1,20151228,PHX,CLE
Shot Chart Detail,0021500466,252,2544,LeBron James,1610612739,Cleveland Cavaliers,3,9,30,Missed Shot,Jump Shot,3PT Field Goal,Above the Break 3,Left Side Center(LC),24+ ft.,25.0,-222.0,120.0,1,0,20151228,PHX,CLE
Shot Chart Detail,0021500466,303,2544,LeBron James,1610612739,Cleveland Cavaliers,3,5,55,Missed Shot,Jump Shot,2PT Field Goal,Mid-Range,Right Side Center(RC),16-24 ft.,18.0,138.0,129.0,1,0,20151228,PHX,CLE
Shot Chart Detail,0021500466,438,2544,LeBron James,1610612739,Cleveland Cavaliers,4,5,17,Missed Shot,Jump Shot,2PT Field Goal,Mid-Range,Left Side(L),8-16 ft.,15.0,-150.0,36.0,1,0,20151228,PHX,CLE
Shot Chart Detail,0021500466,480,2544,LeBron James,1610612739,Cleveland Cavaliers,4,1,59,Missed Shot,Jump Shot,3PT Field Goal,Above the Break 3,Left Side Center(LC),24+ ft.,25.0,-228.0,120.0,1,0,20151228,PHX,CLE
Shot Chart Detail,0021500466,492,2544,LeBron James,1610612739,Cleveland Cavaliers,4,0,53,Missed Shot,Step Back Jump shot,3PT Field Goal,Above the Break 3,Left Side Center(LC),24+ ft.,25.0,-215.0,129.0,1,0,20151228,PHX,CLE
Shot Chart Detail,0021500473,4,2544,LeBron James,1610612739,Cleveland Cavaliers,1,11,24,Missed Shot,Jump Shot,2PT Field Goal,Mid-Range,Left Side(L),8-16 ft.,8.0,-83.0,11.0,1,0,20151229,DEN,CLE
Shot Chart Detail,0021500473,14,2544,LeBron James,1610612739,Cleveland Cavaliers,1,10,30,Made Shot,Jump Bank Shot,2PT Field Goal,In The Paint (Non-RA),Center(C),Less Than 8 ft.,4.0,-40.0,13.0,1,1,20151229,DEN,CLE
Shot Chart Detail,0021500473,21,2544,LeBron James,1610612739,Cleveland Cavaliers,1,9,12,Made Shot,Jump Shot,2PT Field Goal,Mid-Range,Right Side Center(RC),16-24 ft.,21.0,119.0,178.0,1,1,20151229,DEN,CLE
Shot Chart Detail,0021500473,27,2544,LeBron James,1610612739,Cleveland Cavaliers,1,8,11,Missed Shot,Fadeaway Jump Shot,2PT Field Goal,In The Paint (Non-RA),Left Side(L),8-16 ft.,9.0,-73.0,56.0,1,0,20151229,DEN,CLE
Shot Chart Detail,0021500473,41,2544,LeBron James,1610612739,Cleveland Cavaliers,1,7,6,Made Shot,Jump Shot,3PT Field Goal,Left Corner 3,Left Side(L),24+ ft.,24.0,-237.0,47.0,1,1,20151229,DEN,CLE
Shot Chart Detail,0021500473,45,2544,LeBron James,1610612739,Cleveland Cavaliers,1,6,26,Missed Shot,Jump Shot,3PT Field Goal,Left Corner 3,Left Side(L),24+ ft.,24.0,-237.0,43.0,1,0,20151229,DEN,CLE
Shot Chart Detail,0021500473,108,2544,LeBron James,1610612739,Cleveland Cavaliers,2,11,45,Missed Shot,Driving Layup Shot,2PT Field Goal,Restricted Area,Center(C),Less Than 8 ft.,0.0,-7.0,-1.0,1,0,20151229,DEN,CLE
Shot Chart Detail,0021500473,111,2544,LeBron James,1610612739,Cleveland Cavaliers,2,11,24,Missed Shot,Jump Shot,2PT Field Goal,In The Paint (Non-RA),Left Side(L),8-16 ft.,8.0,-65.0,51.0,1,0,20151229,DEN,CLE
Shot Chart Detail,0021500473,143,2544,LeBron James,1610612739,Cleveland Cavaliers,2,7,14,Made Shot,Putback Layup Shot,2PT Field Goal,Restricted Area,Center(C),Less Than 8 ft.,1.0,10.0,11.0,1,1,20151229,DEN,CLE
Shot Chart Detail,0021500473,148,2544,LeBron James,1610612739,Cleveland Cavaliers,2,6,34,Made Shot,Driving Dunk Shot,2PT Field Goal,Restricted Area,Center(C),Less Than 8 ft.,0.0,0.0,1.0,1,1,20151229,DEN,CLE
Shot Chart Detail,0021500473,155,2544,LeBron James,1610612739,Cleveland Cavaliers,2,6,4,Made Shot,Jump Shot,2PT Field Goal,Mid-Range,Right Side(R),16-24 ft.,18.0,182.0,51.0,1,1,20151229,DEN,CLE
Shot Chart Detail,0021500473,158,2544,LeBron James,1610612739,Cleveland Cavaliers,2,5,34,Made Shot,Jump Shot,2PT Field Goal,Mid-Range,Left Side Center(LC),16-24 ft.,21.0,-155.0,151.0,1,1,20151229,DEN,CLE
Shot Chart Detail,0021500473,161,2544,LeBron James,1610612739,Cleveland Cavaliers,2,5,11,Missed Shot,Step Back Jump shot,2PT Field Goal,Mid-Range,Left Side Center(LC),16-24 ft.,22.0,-174.0,139.0,1,0,20151229,DEN,CLE
Shot Chart Detail,0021500473,239,2544,LeBron James,1610612739,Cleveland Cavaliers,3,9,55,Missed Shot,Reverse Layup Shot,2PT Field Goal,Restricted Area,Center(C),Less Than 8 ft.,2.0,-20.0,21.0,1,0,20151229,DEN,CLE
Shot Chart Detail,0021500473,257,2544,LeBron James,1610612739,Cleveland Cavaliers,3,8,11,Made Shot,Jump Shot,2PT Field Goal,Mid-Range,Left Side(L),16-24 ft.,19.0,-168.0,100.0,1,1,20151229,DEN,CLE
Shot Chart Detail,0021500473,263,2544,LeBron James,1610612739,Cleveland Cavaliers,3,7,28,Missed Shot,Pullup Jump shot,3PT Field Goal,Above the Break 3,Right Side Center(RC),24+ ft.,25.0,197.0,156.0,1,0,20151229,DEN,CLE
Shot Chart Detail,0021500473,267,2544,LeBron James,1610612739,Cleveland Cavaliers,3,7,16,Made Shot,Running Dunk Shot,2PT Field Goal,Restricted Area,Center(C),Less Than 8 ft.,0.0,0.0,1.0,1,1,20151229,DEN,CLE
Shot Chart Detail,0021500473,311,2544,LeBron James,1610612739,Cleveland Cavaliers,3,2,39,Missed Shot,Layup Shot,2PT Field Goal,Restricted Area,Center(C),Less Than 8 ft.,2.0,-19.0,8.0,1,0,20151229,DEN,CLE
Shot Chart Detail,0021500473,315,2544,LeBron James,1610612739,Cleveland Cavaliers,3,2,18,Missed Shot,Jump Shot,2PT Field Goal,Mid-Range,Left Side(L),16-24 ft.,20.0,-207.0,18.0,1,0,20151229,DEN,CLE
Shot Chart Detail,0021500473,378,2544,LeBron James,1610612739,Cleveland Cavaliers,4,9,42,Made Shot,Jump Shot,2PT Field Goal,Mid-Range,Left Side(L),16-24 ft.,18.0,-176.0,51.0,1,1,20151229,DEN,CLE
Shot Chart Detail,0021500473,418,2544,LeBron James,1610612739,Cleveland Cavaliers,4,6,25,Made Shot,Jump Shot,2PT Field Goal,Mid-Range,Left Side(L),16-24 ft.,18.0,-166.0,80.0,1,1,20151229,DEN,CLE
Shot Chart Detail,0021500473,484,2544,LeBron James,1610612739,Cleveland Cavaliers,4,2,4,Missed Shot,Jump Shot,2PT Field Goal,Mid-Range,Left Side(L),16-24 ft.,21.0,-210.0,-16.0,1,0,20151229,DEN,CLE
Shot Chart Detail,0021500473,487,2544,LeBron James,1610612739,Cleveland Cavaliers,4,1,56,Made Shot,Reverse Dunk Shot,2PT Field Goal,Restricted Area,Center(C),Less Than 8 ft.,0.0,0.0,1.0,1,1,20151229,DEN,CLE
Shot Chart Detail,0021500473,513,2544,LeBron James,1610612739,Cleveland Cavaliers,4,1,12,Made Shot,Running Dunk Shot,2PT Field Goal,Restricted Area,Center(C),Less Than 8 ft.,0.0,0.0,1.0,1,1,20151229,DEN,CLE
Shot Chart Detail,0021500499,2,2544,LeBron James,1610612739,Cleveland Cavaliers,1,11,42,Made Shot,Driving Floating Jump Shot,2PT Field Goal,In The Paint (Non-RA),Left Side(L),8-16 ft.,9.0,-71.0,65.0,1,1,20160102,CLE,ORL
Shot Chart Detail,0021500499,13,2544,LeBron James,1610612739,Cleveland Cavaliers,1,9,47,Made Shot,Alley Oop Dunk Shot,2PT Field Goal,Restricted Area,Center(C),Less Than 8 ft.,0.0,0.0,1.0,1,1,20160102,CLE,ORL
Shot Chart Detail,0021500499,54,2544,LeBron James,1610612739,Cleveland Cavaliers,1,6,8,Made Shot,Jump Shot,3PT Field Goal,Above the Break 3,Center(C),24+ ft.,24.0,51.0,244.0,1,1,20160102,CLE,ORL
Shot Chart Detail,0021500499,83,2544,LeBron James,1610612739,Cleveland Cavaliers,1,3,37,Missed Shot,Jump Shot,3PT Field Goal,Right Corner 3,Right Side(R),24+ ft.,23.0,236.0,7.0,1,0,20160102,CLE,ORL
Shot Chart Detail,0021500499,158,2544,LeBron James,1610612739,Cleveland Cavaliers,2,8,25,Made Shot,Pullup Jump shot,2PT Field Goal,Mid-Range,Center(C),16-24 ft.,21.0,-12.0,213.0,1,1,20160102,CLE,ORL
Shot Chart Detail,0021500499,160,2544,LeBron James,1610612739,Cleveland Cavaliers,2,7,49,Missed Shot,Jump Shot,2PT Field Goal,Mid-Range,Right Side Center(RC),16-24 ft.,17.0,114.0,131.0,1,0,20160102,CLE,ORL
Shot Chart Detail,0021500499,164,2544,LeBron James,1610612739,Cleveland Cavaliers,2,7,25,Made Shot,Cutting Dunk Shot,2PT Field Goal,Restricted Area,Center(C),Less Than 8 ft.,0.0,0.0,1.0,1,1,20160102,CLE,ORL
Shot Chart Detail,0021500499,193,2544,LeBron James,1610612739,Cleveland Cavaliers,2,5,46,Made Shot,Jump Shot,3PT Field Goal,Above the Break 3,Left Side Center(LC),24+ ft.,26.0,-183.0,188.0,1,1,20160102,CLE,ORL
Shot Chart Detail,0021500499,228,2544,LeBron James,1610612739,Cleveland Cavaliers,2,3,24,Missed Shot,Driving Layup Shot,2PT Field Goal,Restricted Area,Center(C),Less Than 8 ft.,1.0,-14.0,7.0,1,0,20160102,CLE,ORL
Shot Chart Detail,0021500499,231,2544,LeBron James,1610612739,Cleveland Cavaliers,2,3,8,Made Shot,Running Layup Shot,2PT Field Goal,Restricted Area,Center(C),Less Than 8 ft.,1.0,-11.0,7.0,1,1,20160102,CLE,ORL
Shot Chart Detail,0021500499,249,2544,LeBron James,1610612739,Cleveland Cavaliers,2,1,55,Made Shot,Driving Dunk Shot,2PT Field Goal,Restricted Area,Center(C),Less Than 8 ft.,0.0,0.0,1.0,1,1,20160102,CLE,ORL
Shot Chart Detail,0021500499,290,2544,LeBron James,1610612739,Cleveland Cavaliers,3,10,14,Missed Shot,Jump Shot,2PT Field Goal,Mid-Range,Left Side(L),8-16 ft.,14.0,-142.0,31.0,1,0,20160102,CLE,ORL
Shot Chart Detail,0021500499,369,2544,LeBron James,1610612739,Cleveland Cavaliers,3,3,59,Made Shot,Jump Shot,2PT Field Goal,Mid-Range,Left Side(L),16-24 ft.,17.0,-163.0,75.0,1,1,20160102,CLE,ORL
Shot Chart Detail,0021500499,372,2544,LeBron James,1610612739,Cleveland Cavaliers,3,3,31,Made Shot,Jump Shot,3PT Field Goal,Above the Break 3,Right Side Center(RC),24+ ft.,25.0,128.0,219.0,1,1,20160102,CLE,ORL
Shot Chart Detail,0021500499,376,2544,LeBron James,1610612739,Cleveland Cavaliers,3,2,57,Missed Shot,Jump Shot,3PT Field Goal,Above the Break 3,Left Side Center(LC),24+ ft.,26.0,-217.0,156.0,1,0,20160102,CLE,ORL
Shot Chart Detail,0021500499,390,2544,LeBron James,1610612739,Cleveland Cavaliers,3,1,49,Made Shot,Running Jump Shot,3PT Field Goal,Above the Break 3,Left Side Center(LC),24+ ft.,25.0,-168.0,198.0,1,1,20160102,CLE,ORL
Shot Chart Detail,0021500499,403,2544,LeBron James,1610612739,Cleveland Cavaliers,3,0,33,Missed Shot,Turnaround Fadeaway shot,2PT Field Goal,Mid-Range,Left Side(L),16-24 ft.,16.0,-161.0,38.0,1,0,20160102,CLE,ORL
Shot Chart Detail,0021500499,420,2544,LeBron James,1610612739,Cleveland Cavaliers,3,0,2,Missed Shot,Jump Shot,3PT Field Goal,Above the Break 3,Center(C),24+ ft.,24.0,-24.0,247.0,1,0,20160102,CLE,ORL
Shot Chart Detail,0021500511,23,2544,LeBron James,1610612739,Cleveland Cavaliers,1,9,0,Missed Shot,Jump Shot,2PT Field Goal,Mid-Range,Left Side(L),8-16 ft.,14.0,-99.0,110.0,1,0,20160104,CLE,TOR
Shot Chart Detail,0021500511,28,2544,LeBron James,1610612739,Cleveland Cavaliers,1,8,23,Made Shot,Layup Shot,2PT Field Goal,Restricted Area,Center(C),Less Than 8 ft.,1.0,-12.0,-1.0,1,1,20160104,CLE,TOR
Shot Chart Detail,0021500511,34,2544,LeBron James,1610612739,Cleveland Cavaliers,1,7,27,Missed Shot,Jump Shot,2PT Field Goal,Mid-Range,Right Side(R),16-24 ft.,17.0,150.0,97.0,1,0,20160104,CLE,TOR
Shot Chart Detail,0021500511,45,2544,LeBron James,1610612739,Cleveland Cavaliers,1,6,32,Made Shot,Running Layup Shot,2PT Field Goal,Restricted Area,Center(C),Less Than 8 ft.,1.0,-16.0,2.0,1,1,20160104,CLE,TOR
Shot Chart Detail,0021500511,149,2544,LeBron James,1610612739,Cleveland Cavaliers,2,7,36,Missed Shot,Layup Shot,2PT Field Goal,Restricted Area,Center(C),Less Than 8 ft.,2.0,-22.0,16.0,1,0,20160104,CLE,TOR
Shot Chart Detail,0021500511,161,2544,LeBron James,1610612739,Cleveland Cavaliers,2,7,11,Made Shot,Jump Shot,2PT Field Goal,Mid-Range,Left Side(L),16-24 ft.,18.0,-176.0,38.0,1,1,20160104,CLE,TOR
Shot Chart Detail,0021500511,242,2544,LeBron James,1610612739,Cleveland Cavaliers,2,0,11,Made Shot,Driving Layup Shot,2PT Field Goal,Restricted Area,Center(C),Less Than 8 ft.,1.0,-12.0,0.0,1,1,20160104,CLE,TOR
Shot Chart Detail,0021500511,336,2544,LeBron James,1610612739,Cleveland Cavaliers,3,3,17,Made Shot,Cutting Dunk Shot,2PT Field Goal,Restricted Area,Center(C),Less Than 8 ft.,0.0,0.0,1.0,1,1,20160104,CLE,TOR
Shot Chart Detail,0021500511,343,2544,LeBron James,1610612739,Cleveland Cavaliers,3,2,26,Made Shot,Running Dunk Shot,2PT Field Goal,Restricted Area,Center(C),Less Than 8 ft.,1.0,-19.0,0.0,1,1,20160104,CLE,TOR
Shot Chart Detail,0021500511,347,2544,LeBron James,1610612739,Cleveland Cavaliers,3,1,46,Missed Shot,Jump Shot,3PT Field Goal,Above the Break 3,Left Side Center(LC),24+ ft.,26.0,-168.0,205.0,1,0,20160104,CLE,TOR
Shot Chart Detail,0021500511,366,2544,LeBron James,1610612739,Cleveland Cavaliers,3,0,11,Made Shot,Jump Shot,3PT Field Goal,Above the Break 3,Left Side Center(LC),24+ ft.,26.0,-178.0,200.0,1,1,20160104,CLE,TOR
Shot Chart Detail,0021500527,21,2544,LeBron James,1610612739,Cleveland Cavaliers,1,9,44,Made Shot,Turnaround Fadeaway shot,2PT Field Goal,Mid-Range,Left Side(L),8-16 ft.,12.0,-119.0,46.0,1,1,20160106,WAS,CLE
Shot Chart Detail,0021500527,52,2544,LeBron James,1610612739,Cleveland Cavaliers,1,6,22,Made Shot,Jump Shot,2PT Field Goal,Mid-Range,Right Side Center(RC),16-24 ft.,21.0,137.0,169.0,1,1,20160106,WAS,CLE
Shot Chart Detail,0021500527,66,2544,LeBron James,1610612739,Cleveland Cavaliers,1,5,11,Missed Shot,Jump Shot,2PT Field Goal,In The Paint (Non-RA),Center(C),8-16 ft.,9.0,2.0,97.0,1,0,20160106,WAS,CLE
Shot Chart Detail,0021500527,70,2544,LeBron James,1610612739,Cleveland Cavaliers,1,4,49,Missed Shot,Jump Shot,3PT Field Goal,Above the Break 3,Left Side Center(LC),24+ ft.,26.0,-97.0,242.0,1,0,20160106,WAS,CLE
Shot Chart Detail,0021500527,74,2544,LeBron James,1610612739,Cleveland Cavaliers,1,4,16,Missed Shot,Jump Shot,2PT Field Goal,In The Paint (Non-RA),Center(C),Less Than 8 ft.,4.0,-43.0,16.0,1,0,20160106,WAS,CLE
Shot Chart Detail,0021500527,202,2544,LeBron James,1610612739,Cleveland Cavaliers,2,6,55,Made Shot,Jump Shot,2PT Field Goal,In The Paint (Non-RA),Left Side(L),8-16 ft.,14.0,-78.0,124.0,1,1,20160106,WAS,CLE
Shot Chart Detail,0021500527,209,2544,LeBron James,1610612739,Cleveland Cavaliers,2,6,7,Missed Shot,Jump Shot,3PT Field Goal,Left Corner 3,Left Side(L),24+ ft.,23.0,-233.0,41.0,1,0,20160106,WAS,CLE
Shot Chart Detail,0021500527,238,2544,LeBron James,1610612739,Cleveland Cavaliers,2,4,31,Made Shot,Running Layup Shot,2PT Field Goal,Restricted Area,Center(C),Less Than 8 ft.,1.0,-9.0,-16.0,1,1,20160106,WAS,CLE
Shot Chart Detail,0021500527,249,2544,LeBron James,1610612739,Cleveland Cavaliers,2,3,30,Made Shot,Floating Jump shot,2PT Field Goal,Restricted Area,Center(C),Less Than 8 ft.,3.0,-11.0,31.0,1,1,20160106,WAS,CLE
Shot Chart Detail,0021500527,313,2544,LeBron James,1610612739,Cleveland Cavaliers,3,10,49,Made Shot,Jump Shot,3PT Field Goal,Above the Break 3,Left Side Center(LC),24+ ft.,29.0,-110.0,272.0,1,1,20160106,WAS,CLE
Shot Chart Detail,0021500527,316,2544,LeBron James,1610612739,Cleveland Cavaliers,3,10,28,Made Shot,Pullup Jump shot,3PT Field Goal,Above the Break 3,Left Side Center(LC),24+ ft.,29.0,-151.0,254.0,1,1,20160106,WAS,CLE
Shot Chart Detail,0021500527,318,2544,LeBron James,1610612739,Cleveland Cavaliers,3,10,5,Made Shot,Pullup Jump shot,3PT Field Goal,Above the Break 3,Left Side Center(LC),24+ ft.,26.0,-196.0,183.0,1,1,20160106,WAS,CLE
Shot Chart Detail,0021500527,321,2544,LeBron James,1610612739,Cleveland Cavaliers,3,9,37,Missed Shot,Jump Shot,3PT Field Goal,Above the Break 3,Left Side Center(LC),24+ ft.,26.0,-199.0,169.0,1,0,20160106,WAS,CLE
Shot Chart Detail,0021500527,324,2544,LeBron James,1610612739,Cleveland Cavaliers,3,9,3,Made Shot,Jump Shot,3PT Field Goal,Above the Break 3,Left Side Center(LC),24+ ft.,26.0,-142.0,223.0,1,1,20160106,WAS,CLE
Shot Chart Detail,0021500527,328,2544,LeBron James,1610612739,Cleveland Cavaliers,3,8,36,Missed Shot,Jump Shot,3PT Field Goal,Above the Break 3,Left Side Center(LC),24+ ft.,24.0,-173.0,180.0,1,0,20160106,WAS,CLE
Shot Chart Detail,0021500527,350,2544,LeBron James,1610612739,Cleveland Cavaliers,3,6,49,Made Shot,Driving Dunk Shot,2PT Field Goal,Restricted Area,Center(C),Less Than 8 ft.,0.0,0.0,1.0,1,1,20160106,WAS,CLE
Shot Chart Detail,0021500527,379,2544,LeBron James,1610612739,Cleveland Cavaliers,3,2,47,Missed Shot,Jump Shot,2PT Field Goal,In The Paint (Non-RA),Center(C),Less Than 8 ft.,7.0,78.0,-5.0,1,0,20160106,WAS,CLE
Shot Chart Detail,0021500527,396,2544,LeBron James,1610612739,Cleveland Cavaliers,3,1,2,Missed Shot,Jump Shot,3PT Field Goal,Above the Break 3,Left Side Center(LC),24+ ft.,28.0,-179.0,219.0,1,0,20160106,WAS,CLE
Shot Chart Detail,0021500527,415,2544,LeBron James,1610612739,Cleveland Cavaliers,4,11,12,Missed Shot,Layup Shot,2PT Field Goal,Restricted Area,Center(C),Less Than 8 ft.,1.0,-17.0,-5.0,1,0,20160106,WAS,CLE
Shot Chart Detail,0021500527,496,2544,LeBron James,1610612739,Cleveland Cavaliers,4,5,4,Made Shot,Driving Finger Roll Layup Shot,2PT Field Goal,Restricted Area,Center(C),Less Than 8 ft.,1.0,-19.0,2.0,1,1,20160106,WAS,CLE
Shot Chart Detail,0021500527,501,2544,LeBron James,1610612739,Cleveland Cavaliers,4,3,50,Missed Shot,Layup Shot,2PT Field Goal,Restricted Area,Center(C),Less Than 8 ft.,2.0,22.0,0.0,1,0,20160106,WAS,CLE
Shot Chart Detail,0021500527,521,2544,LeBron James,1610612739,Cleveland Cavaliers,4,0,41,Made Shot,Driving Finger Roll Layup Shot,2PT Field Goal,Restricted Area,Center(C),Less Than 8 ft.,1.0,-17.0,2.0,1,1,20160106,WAS,CLE
Shot Chart Detail,0021500543,21,2544,LeBron James,1610612739,Cleveland Cavaliers,1,8,27,Missed Shot,Jump Shot,3PT Field Goal,Above the Break 3,Center(C),24+ ft.,25.0,63.0,247.0,1,0,20160108,MIN,CLE
Shot Chart Detail,0021500543,85,2544,LeBron James,1610612739,Cleveland Cavaliers,1,2,34,Missed Shot,Jump Shot,3PT Field Goal,Above the Break 3,Left Side Center(LC),24+ ft.,24.0,-187.0,156.0,1,0,20160108,MIN,CLE
Shot Chart Detail,0021500543,89,2544,LeBron James,1610612739,Cleveland Cavaliers,1,2,22,Made Shot,Driving Dunk Shot,2PT Field Goal,Restricted Area,Center(C),Less Than 8 ft.,0.0,0.0,1.0,1,1,20160108,MIN,CLE
Shot Chart Detail,0021500543,124,2544,LeBron James,1610612739,Cleveland Cavaliers,1,0,0,Missed Shot,Running Jump Shot,3PT Field Goal,Above the Break 3,Left Side Center(LC),24+ ft.,32.0,-165.0,282.0,1,0,20160108,MIN,CLE
Shot Chart Detail,0021500543,205,2544,LeBron James,1610612739,Cleveland Cavaliers,2,6,23,Missed Shot,Jump Shot,2PT Field Goal,Mid-Range,Left Side(L),8-16 ft.,15.0,-145.0,52.0,1,0,20160108,MIN,CLE
Shot Chart Detail,0021500543,274,2544,LeBron James,1610612739,Cleveland Cavaliers,2,0,55,Missed Shot,Layup Shot,2PT Field Goal,Restricted Area,Center(C),Less Than 8 ft.,1.0,-12.0,3.0,1,0,20160108,MIN,CLE
Shot Chart Detail,0021500543,279,2544,LeBron James,1610612739,Cleveland Cavaliers,2,0,2,Made Shot,Driving Layup Shot,2PT Field Goal,Restricted Area,Center(C),Less Than 8 ft.,1.0,2.0,16.0,1,1,20160108,MIN,CLE
Shot Chart Detail,0021500543,292,2544,LeBron James,1610612739,Cleveland Cavaliers,3,10,45,Made Shot,Driving Layup Shot,2PT Field Goal,Restricted Area,Center(C),Less Than 8 ft.,2.0,0.0,21.0,1,1,20160108,MIN,CLE
Shot Chart Detail,0021500543,310,2544,LeBron James,1610612739,Cleveland Cavaliers,3,8,21,Missed Shot,Jump Shot,2PT Field Goal,Mid-Range,Center(C),16-24 ft.,21.0,-16.0,214.0,1,0,20160108,MIN,CLE
Shot Chart Detail,0021500543,323,2544,LeBron James,1610612739,Cleveland Cavaliers,3,7,12,Made Shot,Driving Layup Shot,2PT Field Goal,Restricted Area,Center(C),Less Than 8 ft.,1.0,-19.0,2.0,1,1,20160108,MIN,CLE
Shot Chart Detail,0021500543,413,2544,LeBron James,1610612739,Cleveland Cavaliers,4,10,16,Missed Shot,Jump Shot,3PT Field Goal,Above the Break 3,Right Side Center(RC),24+ ft.,24.0,120.0,210.0,1,0,20160108,MIN,CLE
Shot Chart Detail,0021500543,435,2544,LeBron James,1610612739,Cleveland Cavaliers,4,8,1,Made Shot,Turnaround Fadeaway shot,2PT Field Goal,Mid-Range,Right Side(R),8-16 ft.,12.0,128.0,13.0,1,1,20160108,MIN,CLE
Shot Chart Detail,0021500559,6,2544,LeBron James,1610612739,Cleveland Cavaliers,1,11,2,Made Shot,Jump Shot,3PT Field Goal,Above the Break 3,Left Side Center(LC),24+ ft.,25.0,-174.0,188.0,1,1,20160110,PHI,CLE
Shot Chart Detail,0021500559,26,2544,LeBron James,1610612739,Cleveland Cavaliers,1,9,15,Missed Shot,Jump Shot,2PT Field Goal,Mid-Range,Center(C),16-24 ft.,20.0,-38.0,203.0,1,0,20160110,PHI,CLE
Shot Chart Detail,0021500559,59,2544,LeBron James,1610612739,Cleveland Cavaliers,1,5,16,Made Shot,Cutting Dunk Shot,2PT Field Goal,Restricted Area,Center(C),Less Than 8 ft.,0.0,0.0,1.0,1,1,20160110,PHI,CLE
Shot Chart Detail,0021500559,185,2544,LeBron James,1610612739,Cleveland Cavaliers,2,7,4,Missed Shot,Jump Shot,2PT Field Goal,Mid-Range,Left Side(L),16-24 ft.,17.0,-145.0,101.0,1,0,20160110,PHI,CLE
Shot Chart Detail,0021500559,187,2544,LeBron James,1610612739,Cleveland Cavaliers,2,6,53,Missed Shot,Jump Shot,3PT Field Goal,Above the Break 3,Left Side Center(LC),24+ ft.,26.0,-145.0,224.0,1,0,20160110,PHI,CLE
Shot Chart Detail,0021500559,207,2544,LeBron James,1610612739,Cleveland Cavaliers,2,5,39,Made Shot,Cutting Dunk Shot,2PT Field Goal,Restricted Area,Center(C),Less Than 8 ft.,0.0,0.0,1.0,1,1,20160110,PHI,CLE
Shot Chart Detail,0021500559,224,2544,LeBron James,1610612739,Cleveland Cavaliers,2,3,54,Made Shot,Turnaround Fadeaway shot,2PT Field Goal,Mid-Range,Right Side(R),16-24 ft.,18.0,181.0,-29.0,1,1,20160110,PHI,CLE
Shot Chart Detail,0021500559,282,2544,LeBron James,1610612739,Cleveland Cavaliers,2,0,32,Made Shot,Jump Shot,2PT Field Goal,Mid-Range,Left Side Center(LC),16-24 ft.,22.0,-140.0,178.0,1,1,20160110,PHI,CLE
Shot Chart Detail,0021500559,296,2544,LeBron James,1610612739,Cleveland Cavaliers,3,10,45,Made Shot,Pullup Jump shot,2PT Field Goal,Mid-Range,Left Side(L),16-24 ft.,18.0,-151.0,101.0,1,1,20160110,PHI,CLE
Shot Chart Detail,0021500559,325,2544,LeBron James,1610612739,Cleveland Cavaliers,3,6,40,Missed Shot,Jump Shot,2PT Field Goal,Mid-Range,Right Side(R),16-24 ft.,17.0,171.0,-11.0,1,0,20160110,PHI,CLE
Shot Chart Detail,0021500559,339,2544,LeBron James,1610612739,Cleveland Cavaliers,3,5,58,Made Shot,Pullup Jump shot,2PT Field Goal,Mid-Range,Left Side(L),16-24 ft.,18.0,-165.0,92.0,1,1,20160110,PHI,CLE
Shot Chart Detail,0021500559,349,2544,LeBron James,1610612739,Cleveland Cavaliers,3,4,32,Made Shot,Driving Bank shot,2PT Field Goal,In The Paint (Non-RA),Left Side(L),8-16 ft.,8.0,-76.0,43.0,1,1,20160110,PHI,CLE
Shot Chart Detail,0021500559,367,2544,LeBron James,1610612739,Cleveland Cavaliers,3,3,41,Made Shot,Running Reverse Dunk Shot,2PT Field Goal,Restricted Area,Center(C),Less Than 8 ft.,0.0,0.0,1.0,1,1,20160110,PHI,CLE
Shot Chart Detail,0021500559,370,2544,LeBron James,1610612739,Cleveland Cavaliers,3,3,18,Made Shot,Running Pull-Up Jump Shot,3PT Field Goal,Above the Break 3,Right Side Center(RC),24+ ft.,25.0,158.0,203.0,1,1,20160110,PHI,CLE
Shot Chart Detail,0021500559,444,2544,LeBron James,1610612739,Cleveland Cavaliers,4,7,23,Made Shot,Step Back Jump shot,2PT Field Goal,Mid-Range,Left Side Center(LC),16-24 ft.,21.0,-129.0,178.0,1,1,20160110,PHI,CLE
Shot Chart Detail,0021500559,458,2544,LeBron James,1610612739,Cleveland Cavaliers,4,6,39,Made Shot,Running Reverse Layup Shot,2PT Field Goal,Restricted Area,Center(C),Less Than 8 ft.,1.0,0.0,13.0,1,1,20160110,PHI,CLE
Shot Chart Detail,0021500559,466,2544,LeBron James,1610612739,Cleveland Cavaliers,4,6,5,Made Shot,Jump Shot,3PT Field Goal,Above the Break 3,Center(C),24+ ft.,25.0,-4.0,252.0,1,1,20160110,PHI,CLE
Shot Chart Detail,0021500559,471,2544,LeBron James,1610612739,Cleveland Cavaliers,4,5,29,Missed Shot,Pullup Jump shot,2PT Field Goal,Mid-Range,Right Side(R),8-16 ft.,14.0,148.0,13.0,1,0,20160110,PHI,CLE
Shot Chart Detail,0021500559,485,2544,LeBron James,1610612739,Cleveland Cavaliers,4,4,2,Made Shot,Running Dunk Shot,2PT Field Goal,Restricted Area,Center(C),Less Than 8 ft.,0.0,0.0,1.0,1,1,20160110,PHI,CLE
Shot Chart Detail,0021500559,489,2544,LeBron James,1610612739,Cleveland Cavaliers,4,3,21,Made Shot,Step Back Jump shot,2PT Field Goal,Mid-Range,Left Side Center(LC),16-24 ft.,19.0,-145.0,124.0,1,1,20160110,PHI,CLE
Shot Chart Detail,0021500559,495,2544,LeBron James,1610612739,Cleveland Cavaliers,4,2,5,Missed Shot,Jump Shot,2PT Field Goal,Mid-Range,Left Side(L),8-16 ft.,15.0,-133.0,82.0,1,0,20160110,PHI,CLE
Shot Chart Detail,0021500559,511,2544,LeBron James,1610612739,Cleveland Cavaliers,4,0,45,Missed Shot,Jump Shot,3PT Field Goal,Above the Break 3,Left Side Center(LC),24+ ft.,25.0,-168.0,193.0,1,0,20160110,PHI,CLE
Shot Chart Detail,0021500575,20,2544,LeBron James,1610612739,Cleveland Cavaliers,1,9,12,Missed Shot,Driving Layup Shot,2PT Field Goal,Restricted Area,Center(C),Less Than 8 ft.,1.0,-11.0,2.0,1,0,20160112,DAL,CLE
Shot Chart Detail,0021500575,21,2544,LeBron James,1610612739,Cleveland Cavaliers,1,9,9,Made Shot,Putback Layup Shot,2PT Field Goal,Restricted Area,Center(C),Less Than 8 ft.,2.0,15.0,16.0,1,1,20160112,DAL,CLE
Shot Chart Detail,0021500575,25,2544,LeBron James,1610612739,Cleveland Cavaliers,1,8,34,Made Shot,Jump Shot,3PT Field Goal,Above the Break 3,Center(C),24+ ft.,24.0,-45.0,239.0,1,1,20160112,DAL,CLE
Shot Chart Detail,0021500575,51,2544,LeBron James,1610612739,Cleveland Cavaliers,1,4,45,Missed Shot,Jump Shot,3PT Field Goal,Right Corner 3,Right Side(R),24+ ft.,24.0,241.0,-1.0,1,0,20160112,DAL,CLE
Shot Chart Detail,0021500575,87,2544,LeBron James,1610612739,Cleveland Cavaliers,1,1,32,Missed Shot,Jump Shot,2PT Field Goal,Mid-Range,Right Side(R),16-24 ft.,19.0,194.0,21.0,1,0,20160112,DAL,CLE
Shot Chart Detail,0021500575,91,2544,LeBron James,1610612739,Cleveland Cavaliers,1,1,8,Made Shot,Running Dunk Shot,2PT Field Goal,Restricted Area,Center(C),Less Than 8 ft.,0.0,0.0,1.0,1,1,20160112,DAL,CLE
Shot Chart Detail,0021500575,197,2544,LeBron James,1610612739,Cleveland Cavaliers,2,4,5,Made Shot,Jump Shot,3PT Field Goal,Above the Break 3,Right Side Center(RC),24+ ft.,27.0,89.0,262.0,1,1,20160112,DAL,CLE
Shot Chart Detail,0021500575,259,2544,LeBron James,1610612739,Cleveland Cavaliers,3,8,38,Made Shot,Jump Shot,3PT Field Goal,Right Corner 3,Right Side(R),24+ ft.,24.0,236.0,62.0,1,1,20160112,DAL,CLE
Shot Chart Detail,0021500575,266,2544,LeBron James,1610612739,Cleveland Cavaliers,3,7,37,Missed Shot,Jump Shot,3PT Field Goal,Above the Break 3,Center(C),24+ ft.,25.0,48.0,249.0,1,0,20160112,DAL,CLE
Shot Chart Detail,0021500575,334,2544,LeBron James,1610612739,Cleveland Cavaliers,3,2,38,Made Shot,Driving Layup Shot,2PT Field Goal,Restricted Area,Center(C),Less Than 8 ft.,1.0,-9.0,11.0,1,1,20160112,DAL,CLE
Shot Chart Detail,0021500575,341,2544,LeBron James,1610612739,Cleveland Cavaliers,3,1,56,Missed Shot,Turnaround Fadeaway shot,2PT Field Goal,Mid-Range,Left Side(L),8-16 ft.,13.0,-132.0,2.0,1,0,20160112,DAL,CLE
Shot Chart Detail,0021500575,461,2544,LeBron James,1610612739,Cleveland Cavaliers,4,3,36,Missed Shot,Fadeaway Jump Shot,2PT Field Goal,Mid-Range,Right Side(R),16-24 ft.,17.0,171.0,21.0,1,0,20160112,DAL,CLE
Shot Chart Detail,0021500575,489,2544,LeBron James,1610612739,Cleveland Cavaliers,4,0,59,Missed Shot,Jump Shot,2PT Field Goal,Mid-Range,Left Side(L),8-16 ft.,12.0,-122.0,28.0,1,0,20160112,DAL,CLE
Shot Chart Detail,0021500575,508,2544,LeBron James,1610612739,Cleveland Cavaliers,4,0,20,Made Shot,Driving Dunk Shot,2PT Field Goal,Restricted Area,Center(C),Less Than 8 ft.,0.0,0.0,1.0,1,1,20160112,DAL,CLE
Shot Chart Detail,0021500575,524,2544,LeBron James,1610612739,Cleveland Cavaliers,5,4,36,Missed Shot,Step Back Jump shot,3PT Field Goal,Above the Break 3,Left Side Center(LC),24+ ft.,26.0,-151.0,223.0,1,0,20160112,DAL,CLE
Shot Chart Detail,0021500575,547,2544,LeBron James,1610612739,Cleveland Cavaliers,5,1,54,Made Shot,Layup Shot,2PT Field Goal,Restricted Area,Center(C),Less Than 8 ft.,1.0,0.0,11.0,1,1,20160112,DAL,CLE
Shot Chart Detail,0021500575,561,2544,LeBron James,1610612739,Cleveland Cavaliers,5,1,0,Made Shot,Driving Layup Shot,2PT Field Goal,Restricted Area,Center(C),Less Than 8 ft.,2.0,15.0,16.0,1,1,20160112,DAL,CLE
Shot Chart Detail,0021500590,22,2544,LeBron James,1610612739,Cleveland Cavaliers,1,8,55,Made Shot,Step Back Jump shot,2PT Field Goal,Mid-Range,Left Side(L),16-24 ft.,16.0,-145.0,75.0,1,1,20160114,SAS,CLE
Shot Chart Detail,0021500590,30,2544,LeBron James,1610612739,Cleveland Cavaliers,1,7,47,Missed Shot,Step Back Jump shot,2PT Field Goal,Mid-Range,Left Side Center(LC),16-24 ft.,18.0,-120.0,141.0,1,0,20160114,SAS,CLE
Shot Chart Detail,0021500590,54,2544,LeBron James,1610612739,Cleveland Cavaliers,1,5,50,Missed Shot,Hook Shot,2PT Field Goal,In The Paint (Non-RA),Center(C),Less Than 8 ft.,7.0,53.0,47.0,1,0,20160114,SAS,CLE
Shot Chart Detail,0021500590,70,2544,LeBron James,1610612739,Cleveland Cavaliers,1,4,1,Missed Shot,Driving Layup Shot,2PT Field Goal,Restricted Area,Center(C),Less Than 8 ft.,0.0,4.0,-6.0,1,0,20160114,SAS,CLE
Shot Chart Detail,0021500590,79,2544,LeBron James,1610612739,Cleveland Cavaliers,1,3,1,Made Shot,Layup Shot,2PT Field Goal,Restricted Area,Center(C),Less Than 8 ft.,1.0,4.0,11.0,1,1,20160114,SAS,CLE
Shot Chart Detail,0021500590,177,2544,LeBron James,1610612739,Cleveland Cavaliers,2,6,37,Made Shot,Driving Layup Shot,2PT Field Goal,Restricted Area,Center(C),Less Than 8 ft.,1.0,-12.0,7.0,1,1,20160114,SAS,CLE
Shot Chart Detail,0021500590,195,2544,LeBron James,1610612739,Cleveland Cavaliers,2,5,49,Made Shot,Finger Roll Layup Shot,2PT Field Goal,Restricted Area,Center(C),Less Than 8 ft.,0.0,-4.0,2.0,1,1,20160114,SAS,CLE
Shot Chart Detail,0021500590,199,2544,LeBron James,1610612739,Cleveland Cavaliers,2,5,14,Made Shot,Putback Layup Shot,2PT Field Goal,Restricted Area,Center(C),Less Than 8 ft.,1.0,0.0,11.0,1,1,20160114,SAS,CLE
Shot Chart Detail,0021500590,231,2544,LeBron James,1610612739,Cleveland Cavaliers,2,1,33,Missed Shot,Pullup Jump shot,2PT Field Goal,Mid-Range,Left Side Center(LC),16-24 ft.,17.0,-138.0,110.0,1,0,20160114,SAS,CLE
Shot Chart Detail,0021500590,235,2544,LeBron James,1610612739,Cleveland Cavaliers,2,1,9,Made Shot,Pullup Jump shot,3PT Field Goal,Above the Break 3,Left Side Center(LC),24+ ft.,26.0,-204.0,164.0,1,1,20160114,SAS,CLE
Shot Chart Detail,0021500590,266,2544,LeBron James,1610612739,Cleveland Cavaliers,3,9,13,Missed Shot,Fadeaway Jump Shot,2PT Field Goal,Mid-Range,Left Side(L),8-16 ft.,12.0,-129.0,3.0,1,0,20160114,SAS,CLE
Shot Chart Detail,0021500590,283,2544,LeBron James,1610612739,Cleveland Cavaliers,3,7,35,Made Shot,Fadeaway Jump Shot,2PT Field Goal,Mid-Range,Left Side(L),8-16 ft.,13.0,-122.0,61.0,1,1,20160114,SAS,CLE
Shot Chart Detail,0021500590,328,2544,LeBron James,1610612739,Cleveland Cavaliers,3,3,9,Missed Shot,Step Back Jump shot,3PT Field Goal,Left Corner 3,Left Side(L),24+ ft.,24.0,-241.0,-21.0,1,0,20160114,SAS,CLE
Shot Chart Detail,0021500590,409,2544,LeBron James,1610612739,Cleveland Cavaliers,4,7,52,Missed Shot,Jump Shot,3PT Field Goal,Above the Break 3,Left Side Center(LC),24+ ft.,25.0,-202.0,160.0,1,0,20160114,SAS,CLE
Shot Chart Detail,0021500590,413,2544,LeBron James,1610612739,Cleveland Cavaliers,4,7,34,Missed Shot,Turnaround Jump Shot,2PT Field Goal,Mid-Range,Left Side Center(LC),16-24 ft.,19.0,-150.0,126.0,1,0,20160114,SAS,CLE
Shot Chart Detail,0021500590,450,2544,LeBron James,1610612739,Cleveland Cavaliers,4,4,2,Made Shot,Driving Finger Roll Layup Shot,2PT Field Goal,Restricted Area,Center(C),Less Than 8 ft.,1.0,-12.0,7.0,1,1,20160114,SAS,CLE
Shot Chart Detail,0021500590,503,2544,LeBron James,1610612739,Cleveland Cavaliers,4,0,0,Made Shot,Tip Layup Shot,2PT Field Goal,Restricted Area,Center(C),Less Than 8 ft.,1.0,1.0,11.0,1,1,20160114,SAS,CLE
Shot Chart Detail,0021500601,7,2544,LeBron James,1610612739,Cleveland Cavaliers,1,10,41,Made Shot,Driving Layup Shot,2PT Field Goal,Restricted Area,Center(C),Less Than 8 ft.,1.0,-17.0,0.0,1,1,20160115,HOU,CLE
Shot Chart Detail,0021500601,21,2544,LeBron James,1610612739,Cleveland Cavaliers,1,8,38,Missed Shot,Pullup Jump shot,3PT Field Goal,Above the Break 3,Center(C),24+ ft.,24.0,-16.0,247.0,1,0,20160115,HOU,CLE
Shot Chart Detail,0021500601,26,2544,LeBron James,1610612739,Cleveland Cavaliers,1,8,7,Made Shot,Jump Shot,3PT Field Goal,Above the Break 3,Right Side Center(RC),24+ ft.,25.0,200.0,154.0,1,1,20160115,HOU,CLE
Shot Chart Detail,0021500601,43,2544,LeBron James,1610612739,Cleveland Cavaliers,1,6,18,Missed Shot,Alley Oop Dunk Shot,2PT Field Goal,Restricted Area,Center(C),Less Than 8 ft.,0.0,0.0,1.0,1,0,20160115,HOU,CLE
Shot Chart Detail,0021500601,98,2544,LeBron James,1610612739,Cleveland Cavaliers,1,2,21,Missed Shot,Layup Shot,2PT Field Goal,Restricted Area,Center(C),Less Than 8 ft.,2.0,-24.0,0.0,1,0,20160115,HOU,CLE
Shot Chart Detail,0021500601,240,2544,LeBron James,1610612739,Cleveland Cavaliers,2,4,25,Missed Shot,Jump Bank Shot,2PT Field Goal,Mid-Range,Left Side(L),8-16 ft.,13.0,-125.0,61.0,1,0,20160115,HOU,CLE
Shot Chart Detail,0021500601,242,2544,LeBron James,1610612739,Cleveland Cavaliers,2,4,23,Missed Shot,Layup Shot,2PT Field Goal,Restricted Area,Center(C),Less Than 8 ft.,2.0,-25.0,7.0,1,0,20160115,HOU,CLE
Shot Chart Detail,0021500601,275,2544,LeBron James,1610612739,Cleveland Cavaliers,2,2,42,Missed Shot,Jump Shot,2PT Field Goal,In The Paint (Non-RA),Center(C),Less Than 8 ft.,4.0,46.0,2.0,1,0,20160115,HOU,CLE
Shot Chart Detail,0021500601,284,2544,LeBron James,1610612739,Cleveland Cavaliers,2,1,46,Made Shot,Driving Layup Shot,2PT Field Goal,Restricted Area,Center(C),Less Than 8 ft.,2.0,24.0,2.0,1,1,20160115,HOU,CLE
Shot Chart Detail,0021500601,310,2544,LeBron James,1610612739,Cleveland Cavaliers,2,0,0,Made Shot,Driving Layup Shot,2PT Field Goal,Restricted Area,Center(C),Less Than 8 ft.,2.0,22.0,-1.0,1,1,20160115,HOU,CLE
Shot Chart Detail,0021500601,401,2544,LeBron James,1610612739,Cleveland Cavaliers,3,3,21,Made Shot,Driving Layup Shot,2PT Field Goal,Restricted Area,Center(C),Less Than 8 ft.,1.0,-14.0,11.0,1,1,20160115,HOU,CLE
Shot Chart Detail,0021500601,413,2544,LeBron James,1610612739,Cleveland Cavaliers,3,2,10,Made Shot,Running Layup Shot,2PT Field Goal,Restricted Area,Center(C),Less Than 8 ft.,1.0,-16.0,-1.0,1,1,20160115,HOU,CLE
Shot Chart Detail,0021500601,422,2544,LeBron James,1610612739,Cleveland Cavaliers,3,0,45,Missed Shot,Step Back Jump shot,2PT Field Goal,Mid-Range,Left Side(L),16-24 ft.,18.0,-184.0,-1.0,1,0,20160115,HOU,CLE
Shot Chart Detail,0021500601,530,2544,LeBron James,1610612739,Cleveland Cavaliers,4,4,16,Made Shot,Driving Layup Shot,2PT Field Goal,Restricted Area,Center(C),Less Than 8 ft.,1.0,17.0,3.0,1,1,20160115,HOU,CLE
Shot Chart Detail,0021500622,3,2544,LeBron James,1610612739,Cleveland Cavaliers,1,11,16,Made Shot,Driving Reverse Layup Shot,2PT Field Goal,Restricted Area,Center(C),Less Than 8 ft.,1.0,-14.0,8.0,1,1,20160118,CLE,GSW
Shot Chart Detail,0021500622,28,2544,LeBron James,1610612739,Cleveland Cavaliers,1,8,36,Missed Shot,Jump Shot,3PT Field Goal,Above the Break 3,Center(C),24+ ft.,24.0,-52.0,244.0,1,0,20160118,CLE,GSW
Shot Chart Detail,0021500622,63,2544,LeBron James,1610612739,Cleveland Cavaliers,1,4,32,Missed Shot,Jump Shot,2PT Field Goal,Mid-Range,Left Side Center(LC),16-24 ft.,20.0,-115.0,169.0,1,0,20160118,CLE,GSW
Shot Chart Detail,0021500622,69,2544,LeBron James,1610612739,Cleveland Cavaliers,1,4,3,Made Shot,Layup Shot,2PT Field Goal,Restricted Area,Center(C),Less Than 8 ft.,0.0,-9.0,3.0,1,1,20160118,CLE,GSW
Shot Chart Detail,0021500622,96,2544,LeBron James,1610612739,Cleveland Cavaliers,1,0,42,Missed Shot,Driving Layup Shot,2PT Field Goal,Restricted Area,Center(C),Less Than 8 ft.,1.0,12.0,0.0,1,0,20160118,CLE,GSW
Shot Chart Detail,0021500622,101,2544,LeBron James,1610612739,Cleveland Cavaliers,1,0,29,Made Shot,Running Dunk Shot,2PT Field Goal,Restricted Area,Center(C),Less Than 8 ft.,0.0,0.0,1.0,1,1,20160118,CLE,GSW
Shot Chart Detail,0021500622,137,2544,LeBron James,1610612739,Cleveland Cavaliers,2,8,38,Made Shot,Driving Layup Shot,2PT Field Goal,Restricted Area,Center(C),Less Than 8 ft.,2.0,-22.0,3.0,1,1,20160118,CLE,GSW
Shot Chart Detail,0021500622,148,2544,LeBron James,1610612739,Cleveland Cavaliers,2,7,18,Missed Shot,Jump Bank Shot,2PT Field Goal,Mid-Range,Left Side(L),8-16 ft.,10.0,-91.0,43.0,1,0,20160118,CLE,GSW
Shot Chart Detail,0021500622,188,2544,LeBron James,1610612739,Cleveland Cavaliers,2,3,44,Missed Shot,Jump Shot,2PT Field Goal,Restricted Area,Center(C),Less Than 8 ft.,3.0,-4.0,31.0,1,0,20160118,CLE,GSW
Shot Chart Detail,0021500622,212,2544,LeBron James,1610612739,Cleveland Cavaliers,2,2,56,Missed Shot,Layup Shot,2PT Field Goal,Restricted Area,Center(C),Less Than 8 ft.,2.0,-4.0,28.0,1,0,20160118,CLE,GSW
Shot Chart Detail,0021500622,230,2544,LeBron James,1610612739,Cleveland Cavaliers,2,1,25,Missed Shot,Turnaround Fadeaway shot,2PT Field Goal,In The Paint (Non-RA),Center(C),Less Than 8 ft.,7.0,-34.0,62.0,1,0,20160118,CLE,GSW
Shot Chart Detail,0021500622,254,2544,LeBron James,1610612739,Cleveland Cavaliers,2,0,2,Made Shot,Driving Layup Shot,2PT Field Goal,Restricted Area,Center(C),Less Than 8 ft.,1.0,-14.0,7.0,1,1,20160118,CLE,GSW
Shot Chart Detail,0021500622,279,2544,LeBron James,1610612739,Cleveland Cavaliers,3,9,57,Missed Shot,Jump Shot,3PT Field Goal,Above the Break 3,Center(C),24+ ft.,24.0,-17.0,247.0,1,0,20160118,CLE,GSW
Shot Chart Detail,0021500622,292,2544,LeBron James,1610612739,Cleveland Cavaliers,3,8,53,Missed Shot,Jump Shot,3PT Field Goal,Above the Break 3,Left Side Center(LC),24+ ft.,26.0,-210.0,159.0,1,0,20160118,CLE,GSW
Shot Chart Detail,0021500622,351,2544,LeBron James,1610612739,Cleveland Cavaliers,3,4,25,Made Shot,Driving Reverse Layup Shot,2PT Field Goal,Restricted Area,Center(C),Less Than 8 ft.,2.0,-9.0,23.0,1,1,20160118,CLE,GSW
Shot Chart Detail,0021500622,395,2544,LeBron James,1610612739,Cleveland Cavaliers,3,0,54,Made Shot,Driving Layup Shot,2PT Field Goal,Restricted Area,Center(C),Less Than 8 ft.,0.0,-7.0,-6.0,1,1,20160118,CLE,GSW
Shot Chart Detail,0021500631,9,2544,LeBron James,1610612739,Cleveland Cavaliers,1,10,39,Missed Shot,Driving Layup Shot,2PT Field Goal,Restricted Area,Center(C),Less Than 8 ft.,2.0,-29.0,-1.0,1,0,20160120,BKN,CLE
Shot Chart Detail,0021500631,20,2544,LeBron James,1610612739,Cleveland Cavaliers,1,9,25,Made Shot,Running Layup Shot,2PT Field Goal,Restricted Area,Center(C),Less Than 8 ft.,1.0,10.0,4.0,1,1,20160120,BKN,CLE
Shot Chart Detail,0021500631,62,2544,LeBron James,1610612739,Cleveland Cavaliers,1,4,8,Made Shot,Driving Finger Roll Layup Shot,2PT Field Goal,Restricted Area,Center(C),Less Than 8 ft.,1.0,9.0,16.0,1,1,20160120,BKN,CLE
Shot Chart Detail,0021500631,70,2544,LeBron James,1610612739,Cleveland Cavaliers,1,3,10,Made Shot,Dunk Shot,2PT Field Goal,Restricted Area,Center(C),Less Than 8 ft.,0.0,0.0,1.0,1,1,20160120,BKN,CLE
Shot Chart Detail,0021500631,74,2544,LeBron James,1610612739,Cleveland Cavaliers,1,2,44,Made Shot,Running Layup Shot,2PT Field Goal,Restricted Area,Center(C),Less Than 8 ft.,2.0,20.0,8.0,1,1,20160120,BKN,CLE
Shot Chart Detail,0021500631,88,2544,LeBron James,1610612739,Cleveland Cavaliers,1,0,45,Missed Shot,Jump Shot,2PT Field Goal,Mid-Range,Right Side(R),16-24 ft.,20.0,205.0,-24.0,1,0,20160120,BKN,CLE
Shot Chart Detail,0021500631,199,2544,LeBron James,1610612739,Cleveland Cavaliers,2,2,20,Made Shot,Driving Layup Shot,2PT Field Goal,Restricted Area,Center(C),Less Than 8 ft.,2.0,-22.0,2.0,1,1,20160120,BKN,CLE
Shot Chart Detail,0021500631,275,2544,LeBron James,1610612739,Cleveland Cavaliers,3,7,33,Missed Shot,Turnaround Fadeaway shot,2PT Field Goal,Mid-Range,Right Side Center(RC),16-24 ft.,17.0,120.0,134.0,1,0,20160120,BKN,CLE
Shot Chart Detail,0021500631,302,2544,LeBron James,1610612739,Cleveland Cavaliers,3,3,30,Made Shot,Jump Shot,3PT Field Goal,Above the Break 3,Left Side Center(LC),24+ ft.,26.0,-184.0,188.0,1,1,20160120,BKN,CLE
Shot Chart Detail,0021500631,322,2544,LeBron James,1610612739,Cleveland Cavaliers,3,2,9,Missed Shot,Jump Shot,2PT Field Goal,Mid-Range,Center(C),16-24 ft.,17.0,-40.0,175.0,1,0,20160120,BKN,CLE
Shot Chart Detail,0021500631,339,2544,LeBron James,1610612739,Cleveland Cavaliers,3,0,27,Made Shot,Turnaround Fadeaway shot,2PT Field Goal,Mid-Range,Left Side(L),16-24 ft.,16.0,-160.0,-10.0,1,1,20160120,BKN,CLE
Shot Chart Detail,0021500631,341,2544,LeBron James,1610612739,Cleveland Cavaliers,3,0,1,Missed Shot,Turnaround Fadeaway shot,2PT Field Goal,Mid-Range,Right Side Center(RC),16-24 ft.,21.0,119.0,174.0,1,0,20160120,BKN,CLE
Shot Chart Detail,0021500640,22,2544,LeBron James,1610612739,Cleveland Cavaliers,1,9,8,Made Shot,Running Layup Shot,2PT Field Goal,Restricted Area,Center(C),Less Than 8 ft.,0.0,9.0,-1.0,1,1,20160121,CLE,LAC
Shot Chart Detail,0021500640,54,2544,LeBron James,1610612739,Cleveland Cavaliers,1,6,25,Missed Shot,Turnaround Fadeaway shot,2PT Field Goal,Mid-Range,Left Side(L),8-16 ft.,13.0,-129.0,41.0,1,0,20160121,CLE,LAC
Shot Chart Detail,0021500640,64,2544,LeBron James,1610612739,Cleveland Cavaliers,1,5,22,Made Shot,Layup Shot,2PT Field Goal,Restricted Area,Center(C),Less Than 8 ft.,0.0,-6.0,2.0,1,1,20160121,CLE,LAC
Shot Chart Detail,0021500640,98,2544,LeBron James,1610612739,Cleveland Cavaliers,1,1,10,Missed Shot,Jump Shot,2PT Field Goal,In The Paint (Non-RA),Center(C),Less Than 8 ft.,7.0,-53.0,56.0,1,0,20160121,CLE,LAC
Shot Chart Detail,0021500640,217,2544,LeBron James,1610612739,Cleveland Cavaliers,2,3,56,Missed Shot,Jump Shot,3PT Field Goal,Above the Break 3,Right Side Center(RC),24+ ft.,25.0,119.0,223.0,1,0,20160121,CLE,LAC
Shot Chart Detail,0021500640,231,2544,LeBron James,1610612739,Cleveland Cavaliers,2,3,22,Made Shot,Reverse Layup Shot,2PT Field Goal,Restricted Area,Center(C),Less Than 8 ft.,1.0,-14.0,0.0,1,1,20160121,CLE,LAC
Shot Chart Detail,0021500640,234,2544,LeBron James,1610612739,Cleveland Cavaliers,2,2,55,Made Shot,Running Finger Roll Layup Shot,2PT Field Goal,Restricted Area,Center(C),Less Than 8 ft.,1.0,-16.0,2.0,1,1,20160121,CLE,LAC
Shot Chart Detail,0021500640,247,2544,LeBron James,1610612739,Cleveland Cavaliers,2,2,8,Missed Shot,Jump Shot,2PT Field Goal,Mid-Range,Left Side(L),16-24 ft.,21.0,-215.0,41.0,1,0,20160121,CLE,LAC
Shot Chart Detail,0021500640,303,2544,LeBron James,1610612739,Cleveland Cavaliers,3,9,55,Missed Shot,Jump Shot,3PT Field Goal,Above the Break 3,Left Side Center(LC),24+ ft.,25.0,-230.0,111.0,1,0,20160121,CLE,LAC
Shot Chart Detail,0021500640,338,2544,LeBron James,1610612739,Cleveland Cavaliers,3,7,36,Missed Shot,Jump Shot,3PT Field Goal,Above the Break 3,Right Side Center(RC),24+ ft.,24.0,127.0,212.0,1,0,20160121,CLE,LAC
Shot Chart Detail,0021500640,350,2544,LeBron James,1610612739,Cleveland Cavaliers,3,5,1,Made Shot,Cutting Layup Shot,2PT Field Goal,Restricted Area,Center(C),Less Than 8 ft.,2.0,-20.0,2.0,1,1,20160121,CLE,LAC
Shot Chart Detail,0021500640,387,2544,LeBron James,1610612739,Cleveland Cavaliers,3,2,1,Made Shot,Jump Shot,3PT Field Goal,Above the Break 3,Right Side Center(RC),24+ ft.,24.0,115.0,213.0,1,1,20160121,CLE,LAC
Shot Chart Detail,0021500640,394,2544,LeBron James,1610612739,Cleveland Cavaliers,3,1,36,Missed Shot,Reverse Layup Shot,2PT Field Goal,Restricted Area,Center(C),Less Than 8 ft.,1.0,-16.0,-1.0,1,0,20160121,CLE,LAC
Shot Chart Detail,0021500640,404,2544,LeBron James,1610612739,Cleveland Cavaliers,3,1,11,Made Shot,Layup Shot,2PT Field Goal,Restricted Area,Center(C),Less Than 8 ft.,1.0,-17.0,-6.0,1,1,20160121,CLE,LAC
Shot Chart Detail,0021500640,414,2544,LeBron James,1610612739,Cleveland Cavaliers,3,0,54,Made Shot,Jump Bank Shot,2PT Field Goal,Mid-Range,Left Side(L),8-16 ft.,9.0,-97.0,11.0,1,1,20160121,CLE,LAC
Shot Chart Detail,0021500640,492,2544,LeBron James,1610612739,Cleveland Cavaliers,4,6,24,Missed Shot,Jump Shot,2PT Field Goal,Mid-Range,Right Side Center(RC),16-24 ft.,19.0,137.0,139.0,1,0,20160121,CLE,LAC
Shot Chart Detail,0021500640,565,2544,LeBron James,1610612739,Cleveland Cavaliers,4,2,36,Made Shot,Layup Shot,2PT Field Goal,Restricted Area,Center(C),Less Than 8 ft.,1.0,-9.0,7.0,1,1,20160121,CLE,LAC
Shot Chart Detail,0021500659,3,2544,LeBron James,1610612739,Cleveland Cavaliers,1,11,34,Made Shot,Driving Layup Shot,2PT Field Goal,Restricted Area,Center(C),Less Than 8 ft.,1.0,-9.0,16.0,1,1,20160123,CLE,CHI
Shot Chart Detail,0021500659,34,2544,LeBron James,1610612739,Cleveland Cavaliers,1,7,47,Missed Shot,Jump Shot,3PT Field Goal,Above the Break 3,Right Side Center(RC),24+ ft.,26.0,138.0,228.0,1,0,20160123,CLE,CHI
Shot Chart Detail,0021500659,48,2544,LeBron James,1610612739,Cleveland Cavaliers,1,6,12,Missed Shot,Jump Shot,2PT Field Goal,Mid-Range,Left Side Center(LC),16-24 ft.,17.0,-79.0,154.0,1,0,20160123,CLE,CHI
Shot Chart Detail,0021500659,57,2544,LeBron James,1610612739,Cleveland Cavaliers,1,5,34,Missed Shot,Running Layup Shot,2PT Field Goal,Restricted Area,Center(C),Less Than 8 ft.,3.0,33.0,7.0,1,0,20160123,CLE,CHI
Shot Chart Detail,0021500659,66,2544,LeBron James,1610612739,Cleveland Cavaliers,1,5,7,Missed Shot,Driving Layup Shot,2PT Field Goal,Restricted Area,Center(C),Less Than 8 ft.,2.0,-22.0,8.0,1,0,20160123,CLE,CHI
Shot Chart Detail,0021500659,68,2544,LeBron James,1610612739,Cleveland Cavaliers,1,5,5,Missed Shot,Putback Layup Shot,2PT Field Goal,Restricted Area,Center(C),Less Than 8 ft.,2.0,-23.0,0.0,1,0,20160123,CLE,CHI
Shot Chart Detail,0021500659,82,2544,LeBron James,1610612739,Cleveland Cavaliers,1,5,3,Missed Shot,Tip Layup Shot,2PT Field Goal,Restricted Area,Center(C),Less Than 8 ft.,1.0,-18.0,-1.0,1,0,20160123,CLE,CHI
Shot Chart Detail,0021500659,202,2544,LeBron James,1610612739,Cleveland Cavaliers,2,5,23,Made Shot,Driving Bank shot,2PT Field Goal,In The Paint (Non-RA),Center(C),Less Than 8 ft.,5.0,-47.0,26.0,1,1,20160123,CLE,CHI
Shot Chart Detail,0021500659,204,2544,LeBron James,1610612739,Cleveland Cavaliers,2,4,45,Missed Shot,Jump Shot,3PT Field Goal,Above the Break 3,Left Side Center(LC),24+ ft.,25.0,-156.0,198.0,1,0,20160123,CLE,CHI
Shot Chart Detail,0021500659,209,2544,LeBron James,1610612739,Cleveland Cavaliers,2,4,20,Made Shot,Layup Shot,2PT Field Goal,Restricted Area,Center(C),Less Than 8 ft.,0.0,0.0,-1.0,1,1,20160123,CLE,CHI
Shot Chart Detail,0021500659,244,2544,LeBron James,1610612739,Cleveland Cavaliers,2,1,5,Made Shot,Driving Layup Shot,2PT Field Goal,Restricted Area,Center(C),Less Than 8 ft.,0.0,-4.0,-5.0,1,1,20160123,CLE,CHI
Shot Chart Detail,0021500659,252,2544,LeBron James,1610612739,Cleveland Cavaliers,2,0,25,Missed Shot,Jump Shot,3PT Field Goal,Above the Break 3,Left Side Center(LC),24+ ft.,25.0,-176.0,185.0,1,0,20160123,CLE,CHI
Shot Chart Detail,0021500659,263,2544,LeBron James,1610612739,Cleveland Cavaliers,3,11,36,Missed Shot,Jump Shot,2PT Field Goal,Mid-Range,Right Side(R),8-16 ft.,15.0,130.0,80.0,1,0,20160123,CLE,CHI
Shot Chart Detail,0021500659,271,2544,LeBron James,1610612739,Cleveland Cavaliers,3,10,36,Made Shot,Finger Roll Layup Shot,2PT Field Goal,Restricted Area,Center(C),Less Than 8 ft.,0.0,-9.0,2.0,1,1,20160123,CLE,CHI
Shot Chart Detail,0021500659,285,2544,LeBron James,1610612739,Cleveland Cavaliers,3,8,49,Missed Shot,Layup Shot,2PT Field Goal,Restricted Area,Center(C),Less Than 8 ft.,2.0,4.0,21.0,1,0,20160123,CLE,CHI
Shot Chart Detail,0021500659,299,2544,LeBron James,1610612739,Cleveland Cavaliers,3,7,37,Missed Shot,Driving Layup Shot,2PT Field Goal,Restricted Area,Center(C),Less Than 8 ft.,1.0,-12.0,3.0,1,0,20160123,CLE,CHI
Shot Chart Detail,0021500659,314,2544,LeBron James,1610612739,Cleveland Cavaliers,3,6,27,Missed Shot,Jump Shot,2PT Field Goal,Mid-Range,Right Side Center(RC),16-24 ft.,21.0,117.0,175.0,1,0,20160123,CLE,CHI
Shot Chart Detail,0021500659,329,2544,LeBron James,1610612739,Cleveland Cavaliers,3,5,20,Missed Shot,Jump Shot,3PT Field Goal,Above the Break 3,Left Side Center(LC),24+ ft.,25.0,-153.0,210.0,1,0,20160123,CLE,CHI
Shot Chart Detail,0021500659,396,2544,LeBron James,1610612739,Cleveland Cavaliers,3,0,31,Missed Shot,Driving Layup Shot,2PT Field Goal,Restricted Area,Center(C),Less Than 8 ft.,0.0,-1.0,2.0,1,0,20160123,CLE,CHI
Shot Chart Detail,0021500659,424,2544,LeBron James,1610612739,Cleveland Cavaliers,4,10,10,Made Shot,Driving Layup Shot,2PT Field Goal,Restricted Area,Center(C),Less Than 8 ft.,0.0,-6.0,7.0,1,1,20160123,CLE,CHI
Shot Chart Detail,0021500659,427,2544,LeBron James,1610612739,Cleveland Cavaliers,4,9,31,Missed Shot,Jump Shot,3PT Field Goal,Above the Break 3,Left Side Center(LC),24+ ft.,26.0,-155.0,210.0,1,0,20160123,CLE,CHI
Shot Chart Detail,0021500659,433,2544,LeBron James,1610612739,Cleveland Cavaliers,4,8,37,Made Shot,Driving Layup Shot,2PT Field Goal,Restricted Area,Center(C),Less Than 8 ft.,0.0,-2.0,7.0,1,1,20160123,CLE,CHI
Shot Chart Detail,0021500659,466,2544,LeBron James,1610612739,Cleveland Cavaliers,4,5,50,Made Shot,Layup Shot,2PT Field Goal,Restricted Area,Center(C),Less Than 8 ft.,1.0,-7.0,-11.0,1,1,20160123,CLE,CHI
Shot Chart Detail,0021500659,478,2544,LeBron James,1610612739,Cleveland Cavaliers,4,4,33,Made Shot,Layup Shot,2PT Field Goal,Restricted Area,Center(C),Less Than 8 ft.,1.0,-12.0,13.0,1,1,20160123,CLE,CHI
Shot Chart Detail,0021500659,497,2544,LeBron James,1610612739,Cleveland Cavaliers,4,3,10,Made Shot,Running Layup Shot,2PT Field Goal,Restricted Area,Center(C),Less Than 8 ft.,1.0,-16.0,0.0,1,1,20160123,CLE,CHI
Shot Chart Detail,0021500659,513,2544,LeBron James,1610612739,Cleveland Cavaliers,4,2,31,Missed Shot,Layup Shot,2PT Field Goal,Restricted Area,Center(C),Less Than 8 ft.,2.0,-22.0,13.0,1,0,20160123,CLE,CHI
Shot Chart Detail,0021500659,540,2544,LeBron James,1610612739,Cleveland Cavaliers,4,0,58,Made Shot,Driving Layup Shot,2PT Field Goal,Restricted Area,Center(C),Less Than 8 ft.,0.0,-7.0,2.0,1,1,20160123,CLE,CHI
Shot Chart Detail,0021500667,37,2544,LeBron James,1610612739,Cleveland Cavaliers,1,7,51,Made Shot,Pullup Jump shot,2PT Field Goal,Mid-Range,Left Side Center(LC),16-24 ft.,17.0,-73.0,159.0,1,1,20160125,CLE,MIN
Shot Chart Detail,0021500667,45,2544,LeBron James,1610612739,Cleveland Cavaliers,1,6,56,Made Shot,Cutting Dunk Shot,2PT Field Goal,Restricted Area,Center(C),Less Than 8 ft.,0.0,0.0,1.0,1,1,20160125,CLE,MIN
Shot Chart Detail,0021500667,66,2544,LeBron James,1610612739,Cleveland Cavaliers,1,4,59,Made Shot,Driving Layup Shot,2PT Field Goal,Restricted Area,Center(C),Less Than 8 ft.,1.0,-11.0,0.0,1,1,20160125,CLE,MIN
Shot Chart Detail,0021500667,77,2544,LeBron James,1610612739,Cleveland Cavaliers,1,3,43,Made Shot,Jump Shot,2PT Field Goal,Mid-Range,Right Side(R),16-24 ft.,16.0,141.0,85.0,1,1,20160125,CLE,MIN
Shot Chart Detail,0021500667,195,2544,LeBron James,1610612739,Cleveland Cavaliers,2,4,43,Missed Shot,Turnaround Jump Shot,2PT Field Goal,Mid-Range,Left Side(L),8-16 ft.,14.0,-145.0,8.0,1,0,20160125,CLE,MIN
Shot Chart Detail,0021500667,198,2544,LeBron James,1610612739,Cleveland Cavaliers,2,4,33,Made Shot,Layup Shot,2PT Field Goal,Restricted Area,Center(C),Less Than 8 ft.,0.0,6.0,7.0,1,1,20160125,CLE,MIN
Shot Chart Detail,0021500667,213,2544,LeBron James,1610612739,Cleveland Cavaliers,2,3,28,Made Shot,Driving Layup Shot,2PT Field Goal,Restricted Area,Center(C),Less Than 8 ft.,0.0,0.0,3.0,1,1,20160125,CLE,MIN
Shot Chart Detail,0021500667,234,2544,LeBron James,1610612739,Cleveland Cavaliers,2,1,7,Made Shot,Running Layup Shot,2PT Field Goal,Restricted Area,Center(C),Less Than 8 ft.,0.0,-4.0,2.0,1,1,20160125,CLE,MIN
Shot Chart Detail,0021500667,291,2544,LeBron James,1610612739,Cleveland Cavaliers,3,6,52,Missed Shot,Jump Shot,2PT Field Goal,Mid-Range,Left Side Center(LC),16-24 ft.,20.0,-70.0,188.0,1,0,20160125,CLE,MIN
Shot Chart Detail,0021500667,303,2544,LeBron James,1610612739,Cleveland Cavaliers,3,6,11,Made Shot,Running Reverse Dunk Shot,2PT Field Goal,Restricted Area,Center(C),Less Than 8 ft.,0.0,0.0,1.0,1,1,20160125,CLE,MIN
Shot Chart Detail,0021500667,305,2544,LeBron James,1610612739,Cleveland Cavaliers,3,5,31,Made Shot,Jump Shot,3PT Field Goal,Above the Break 3,Center(C),24+ ft.,24.0,-60.0,242.0,1,1,20160125,CLE,MIN
Shot Chart Detail,0021500667,386,2544,LeBron James,1610612739,Cleveland Cavaliers,4,11,23,Made Shot,Jump Shot,2PT Field Goal,Mid-Range,Right Side Center(RC),16-24 ft.,21.0,120.0,183.0,1,1,20160125,CLE,MIN
Shot Chart Detail,0021500667,445,2544,LeBron James,1610612739,Cleveland Cavaliers,4,6,13,Missed Shot,Fadeaway Jump Shot,2PT Field Goal,Mid-Range,Left Side Center(LC),16-24 ft.,17.0,-68.0,159.0,1,0,20160125,CLE,MIN
Shot Chart Detail,0021500667,478,2544,LeBron James,1610612739,Cleveland Cavaliers,4,4,6,Missed Shot,Driving Layup Shot,2PT Field Goal,Restricted Area,Center(C),Less Than 8 ft.,1.0,-14.0,-5.0,1,0,20160125,CLE,MIN
Shot Chart Detail,0021500667,542,2544,LeBron James,1610612739,Cleveland Cavaliers,4,0,19,Made Shot,Cutting Layup Shot,2PT Field Goal,Restricted Area,Center(C),Less Than 8 ft.,1.0,-14.0,7.0,1,1,20160125,CLE,MIN
Shot Chart Detail,0021500684,71,2544,LeBron James,1610612739,Cleveland Cavaliers,1,4,25,Missed Shot,Jump Shot,3PT Field Goal,Above the Break 3,Left Side Center(LC),24+ ft.,25.0,-184.0,178.0,1,0,20160127,CLE,PHX
Shot Chart Detail,0021500684,94,2544,LeBron James,1610612739,Cleveland Cavaliers,1,2,12,Made Shot,Driving Bank shot,2PT Field Goal,In The Paint (Non-RA),Center(C),Less Than 8 ft.,5.0,48.0,26.0,1,1,20160127,CLE,PHX
Shot Chart Detail,0021500684,102,2544,LeBron James,1610612739,Cleveland Cavaliers,1,1,23,Made Shot,Step Back Jump shot,2PT Field Goal,Mid-Range,Left Side(L),16-24 ft.,20.0,-209.0,7.0,1,1,20160127,CLE,PHX
Shot Chart Detail,0021500684,240,2544,LeBron James,1610612739,Cleveland Cavaliers,2,2,31,Made Shot,Cutting Layup Shot,2PT Field Goal,Restricted Area,Center(C),Less Than 8 ft.,1.0,6.0,-16.0,1,1,20160127,CLE,PHX
Shot Chart Detail,0021500684,278,2544,LeBron James,1610612739,Cleveland Cavaliers,3,10,7,Made Shot,Running Alley Oop Dunk Shot,2PT Field Goal,Restricted Area,Center(C),Less Than 8 ft.,0.0,0.0,1.0,1,1,20160127,CLE,PHX
Shot Chart Detail,0021500684,306,2544,LeBron James,1610612739,Cleveland Cavaliers,3,6,55,Made Shot,Alley Oop Dunk Shot,2PT Field Goal,Restricted Area,Center(C),Less Than 8 ft.,0.0,0.0,1.0,1,1,20160127,CLE,PHX
Shot Chart Detail,0021500684,343,2544,LeBron James,1610612739,Cleveland Cavaliers,3,1,35,Made Shot,Jump Shot,2PT Field Goal,Mid-Range,Right Side Center(RC),16-24 ft.,18.0,104.0,154.0,1,1,20160127,CLE,PHX
Shot Chart Detail,0021500684,354,2544,LeBron James,1610612739,Cleveland Cavaliers,3,0,34,Made Shot,Driving Layup Shot,2PT Field Goal,Restricted Area,Center(C),Less Than 8 ft.,0.0,-9.0,-1.0,1,1,20160127,CLE,PHX
Shot Chart Detail,0021500699,9,2544,LeBron James,1610612739,Cleveland Cavaliers,1,10,25,Made Shot,Driving Layup Shot,2PT Field Goal,Restricted Area,Center(C),Less Than 8 ft.,0.0,0.0,-5.0,1,1,20160129,DET,CLE
Shot Chart Detail,0021500699,112,2544,LeBron James,1610612739,Cleveland Cavaliers,1,0,41,Made Shot,Jump Bank Shot,2PT Field Goal,In The Paint (Non-RA),Center(C),Less Than 8 ft.,7.0,73.0,16.0,1,1,20160129,DET,CLE
Shot Chart Detail,0021500699,120,2544,LeBron James,1610612739,Cleveland Cavaliers,1,0,3,Missed Shot,Jump Shot,2PT Field Goal,Mid-Range,Right Side Center(RC),16-24 ft.,19.0,84.0,178.0,1,0,20160129,DET,CLE
Shot Chart Detail,0021500699,221,2544,LeBron James,1610612739,Cleveland Cavaliers,2,3,55,Missed Shot,Fadeaway Jump Shot,2PT Field Goal,Mid-Range,Left Side(L),8-16 ft.,14.0,-147.0,0.0,1,0,20160129,DET,CLE
Shot Chart Detail,0021500699,231,2544,LeBron James,1610612739,Cleveland Cavaliers,2,2,59,Missed Shot,Jump Shot,3PT Field Goal,Above the Break 3,Right Side Center(RC),24+ ft.,27.0,110.0,247.0,1,0,20160129,DET,CLE
Shot Chart Detail,0021500699,281,2544,LeBron James,1610612739,Cleveland Cavaliers,2,0,8,Made Shot,Jump Shot,2PT Field Goal,Mid-Range,Left Side(L),8-16 ft.,15.0,-150.0,31.0,1,1,20160129,DET,CLE
Shot Chart Detail,0021500699,286,2544,LeBron James,1610612739,Cleveland Cavaliers,3,11,42,Made Shot,Jump Shot,2PT Field Goal,Mid-Range,Left Side(L),8-16 ft.,14.0,-132.0,70.0,1,1,20160129,DET,CLE
Shot Chart Detail,0021500699,297,2544,LeBron James,1610612739,Cleveland Cavaliers,3,10,13,Missed Shot,Jump Shot,3PT Field Goal,Above the Break 3,Left Side Center(LC),24+ ft.,25.0,-142.0,213.0,1,0,20160129,DET,CLE
Shot Chart Detail,0021500699,303,2544,LeBron James,1610612739,Cleveland Cavaliers,3,9,53,Missed Shot,Layup Shot,2PT Field Goal,Restricted Area,Center(C),Less Than 8 ft.,0.0,-9.0,2.0,1,0,20160129,DET,CLE
Shot Chart Detail,0021500699,307,2544,LeBron James,1610612739,Cleveland Cavaliers,3,9,30,Made Shot,Fadeaway Jump Shot,2PT Field Goal,Mid-Range,Right Side(R),16-24 ft.,16.0,148.0,61.0,1,1,20160129,DET,CLE
Shot Chart Detail,0021500699,349,2544,LeBron James,1610612739,Cleveland Cavaliers,3,5,13,Missed Shot,Dunk Shot,2PT Field Goal,Restricted Area,Center(C),Less Than 8 ft.,0.0,0.0,1.0,1,0,20160129,DET,CLE
Shot Chart Detail,0021500699,368,2544,LeBron James,1610612739,Cleveland Cavaliers,3,2,53,Made Shot,Fadeaway Jump Shot,2PT Field Goal,Mid-Range,Left Side(L),8-16 ft.,11.0,-107.0,51.0,1,1,20160129,DET,CLE
Shot Chart Detail,0021500699,405,2544,LeBron James,1610612739,Cleveland Cavaliers,3,0,35,Missed Shot,Jump Shot,2PT Field Goal,Mid-Range,Left Side(L),8-16 ft.,14.0,-147.0,11.0,1,0,20160129,DET,CLE
Shot Chart Detail,0021500699,409,2544,LeBron James,1610612739,Cleveland Cavaliers,3,0,1,Missed Shot,Jump Bank Shot,2PT Field Goal,Mid-Range,Left Side(L),8-16 ft.,11.0,-107.0,36.0,1,0,20160129,DET,CLE
Shot Chart Detail,0021500699,455,2544,LeBron James,1610612739,Cleveland Cavaliers,4,6,28,Missed Shot,Jump Shot,2PT Field Goal,In The Paint (Non-RA),Center(C),Less Than 8 ft.,6.0,1.0,62.0,1,0,20160129,DET,CLE
Shot Chart Detail,0021500699,501,2544,LeBron James,1610612739,Cleveland Cavaliers,4,1,48,Made Shot,Jump Shot,2PT Field Goal,Mid-Range,Right Side(R),16-24 ft.,19.0,179.0,80.0,1,1,20160129,DET,CLE
Shot Chart Detail,0021500713,10,2544,LeBron James,1610612739,Cleveland Cavaliers,1,11,7,Missed Shot,Fadeaway Jump Shot,2PT Field Goal,Mid-Range,Right Side(R),8-16 ft.,12.0,123.0,13.0,1,0,20160130,CLE,SAS
Shot Chart Detail,0021500713,42,2544,LeBron James,1610612739,Cleveland Cavaliers,1,7,18,Missed Shot,Jump Shot,3PT Field Goal,Above the Break 3,Center(C),24+ ft.,27.0,79.0,262.0,1,0,20160130,CLE,SAS
Shot Chart Detail,0021500713,53,2544,LeBron James,1610612739,Cleveland Cavaliers,1,6,18,Made Shot,Driving Bank shot,2PT Field Goal,In The Paint (Non-RA),Left Side(L),8-16 ft.,8.0,-79.0,23.0,1,1,20160130,CLE,SAS
Shot Chart Detail,0021500713,175,2544,LeBron James,1610612739,Cleveland Cavaliers,2,6,58,Missed Shot,Jump Shot,2PT Field Goal,Mid-Range,Left Side(L),8-16 ft.,15.0,-110.0,106.0,1,0,20160130,CLE,SAS
Shot Chart Detail,0021500713,205,2544,LeBron James,1610612739,Cleveland Cavaliers,2,3,36,Missed Shot,Driving Finger Roll Layup Shot,2PT Field Goal,Restricted Area,Center(C),Less Than 8 ft.,1.0,-11.0,3.0,1,0,20160130,CLE,SAS
Shot Chart Detail,0021500713,268,2544,LeBron James,1610612739,Cleveland Cavaliers,2,0,5,Made Shot,Driving Finger Roll Layup Shot,2PT Field Goal,Restricted Area,Center(C),Less Than 8 ft.,0.0,-6.0,-6.0,1,1,20160130,CLE,SAS
Shot Chart Detail,0021500713,288,2544,LeBron James,1610612739,Cleveland Cavaliers,3,9,37,Missed Shot,Driving Layup Shot,2PT Field Goal,Restricted Area,Center(C),Less Than 8 ft.,2.0,-11.0,18.0,1,0,20160130,CLE,SAS
Shot Chart Detail,0021500713,297,2544,LeBron James,1610612739,Cleveland Cavaliers,3,8,41,Made Shot,Running Layup Shot,2PT Field Goal,Restricted Area,Center(C),Less Than 8 ft.,1.0,-9.0,-6.0,1,1,20160130,CLE,SAS
Shot Chart Detail,0021500713,330,2544,LeBron James,1610612739,Cleveland Cavaliers,3,5,58,Made Shot,Layup Shot,2PT Field Goal,Restricted Area,Center(C),Less Than 8 ft.,0.0,-7.0,3.0,1,1,20160130,CLE,SAS
Shot Chart Detail,0021500713,337,2544,LeBron James,1610612739,Cleveland Cavaliers,3,5,32,Missed Shot,Layup Shot,2PT Field Goal,Restricted Area,Center(C),Less Than 8 ft.,2.0,-17.0,16.0,1,0,20160130,CLE,SAS
Shot Chart Detail,0021500713,348,2544,LeBron James,1610612739,Cleveland Cavaliers,3,4,16,Missed Shot,Jump Shot,3PT Field Goal,Above the Break 3,Right Side Center(RC),24+ ft.,24.0,192.0,154.0,1,0,20160130,CLE,SAS
Shot Chart Detail,0021500713,350,2544,LeBron James,1610612739,Cleveland Cavaliers,3,4,10,Made Shot,Cutting Layup Shot,2PT Field Goal,Restricted Area,Center(C),Less Than 8 ft.,1.0,-12.0,3.0,1,1,20160130,CLE,SAS
Shot Chart Detail,0021500713,372,2544,LeBron James,1610612739,Cleveland Cavaliers,3,2,44,Made Shot,Cutting Layup Shot,2PT Field Goal,Restricted Area,Center(C),Less Than 8 ft.,1.0,-2.0,-10.0,1,1,20160130,CLE,SAS
Shot Chart Detail,0021500713,375,2544,LeBron James,1610612739,Cleveland Cavaliers,3,2,23,Made Shot,Driving Layup Shot,2PT Field Goal,Restricted Area,Center(C),Less Than 8 ft.,1.0,10.0,-6.0,1,1,20160130,CLE,SAS
Shot Chart Detail,0021500713,394,2544,LeBron James,1610612739,Cleveland Cavaliers,3,0,38,Made Shot,Turnaround Fadeaway Bank Jump Shot,2PT Field Goal,Mid-Range,Left Side(L),8-16 ft.,11.0,-112.0,28.0,1,1,20160130,CLE,SAS
Shot Chart Detail,0021500713,466,2544,LeBron James,1610612739,Cleveland Cavaliers,4,4,41,Made Shot,Running Layup Shot,2PT Field Goal,Restricted Area,Center(C),Less Than 8 ft.,1.0,-12.0,3.0,1,1,20160130,CLE,SAS
Shot Chart Detail,0021500713,489,2544,LeBron James,1610612739,Cleveland Cavaliers,4,2,25,Made Shot,Jump Shot,2PT Field Goal,Mid-Range,Right Side Center(RC),16-24 ft.,21.0,73.0,200.0,1,1,20160130,CLE,SAS
Shot Chart Detail,0021500721,21,2544,LeBron James,1610612739,Cleveland Cavaliers,1,8,58,Made Shot,Driving Layup Shot,2PT Field Goal,Restricted Area,Center(C),Less Than 8 ft.,3.0,35.0,2.0,1,1,20160201,IND,CLE
Shot Chart Detail,0021500721,65,2544,LeBron James,1610612739,Cleveland Cavaliers,1,3,57,Made Shot,Driving Layup Shot,2PT Field Goal,Restricted Area,Center(C),Less Than 8 ft.,3.0,38.0,7.0,1,1,20160201,IND,CLE
Shot Chart Detail,0021500721,137,2544,LeBron James,1610612739,Cleveland Cavaliers,2,8,53,Made Shot,Cutting Layup Shot,2PT Field Goal,In The Paint (Non-RA),Center(C),Less Than 8 ft.,4.0,-45.0,13.0,1,1,20160201,IND,CLE
Shot Chart Detail,0021500721,153,2544,LeBron James,1610612739,Cleveland Cavaliers,2,7,33,Made Shot,Driving Finger Roll Layup Shot,2PT Field Goal,Restricted Area,Center(C),Less Than 8 ft.,2.0,-27.0,-5.0,1,1,20160201,IND,CLE
Shot Chart Detail,0021500721,156,2544,LeBron James,1610612739,Cleveland Cavaliers,2,7,13,Missed Shot,Driving Finger Roll Layup Shot,2PT Field Goal,Restricted Area,Center(C),Less Than 8 ft.,2.0,-29.0,7.0,1,0,20160201,IND,CLE
Shot Chart Detail,0021500721,158,2544,LeBron James,1610612739,Cleveland Cavaliers,2,6,57,Missed Shot,Jump Shot,3PT Field Goal,Above the Break 3,Right Side Center(RC),24+ ft.,24.0,218.0,115.0,1,0,20160201,IND,CLE
Shot Chart Detail,0021500721,171,2544,LeBron James,1610612739,Cleveland Cavaliers,2,5,26,Made Shot,Step Back Jump shot,2PT Field Goal,Mid-Range,Left Side Center(LC),16-24 ft.,18.0,-132.0,134.0,1,1,20160201,IND,CLE
Shot Chart Detail,0021500721,186,2544,LeBron James,1610612739,Cleveland Cavaliers,2,4,16,Missed Shot,Turnaround Jump Shot,2PT Field Goal,Mid-Range,Right Side(R),8-16 ft.,8.0,86.0,13.0,1,0,20160201,IND,CLE
Shot Chart Detail,0021500721,189,2544,LeBron James,1610612739,Cleveland Cavaliers,2,4,7,Missed Shot,Jump Shot,2PT Field Goal,Mid-Range,Right Side Center(RC),16-24 ft.,21.0,99.0,188.0,1,0,20160201,IND,CLE
Shot Chart Detail,0021500721,226,2544,LeBron James,1610612739,Cleveland Cavaliers,2,0,55,Made Shot,Fadeaway Jump Shot,2PT Field Goal,In The Paint (Non-RA),Center(C),8-16 ft.,12.0,24.0,120.0,1,1,20160201,IND,CLE
Shot Chart Detail,0021500721,235,2544,LeBron James,1610612739,Cleveland Cavaliers,2,0,1,Made Shot,Running Dunk Shot,2PT Field Goal,In The Paint (Non-RA),Center(C),Less Than 8 ft.,4.0,-9.0,41.0,1,1,20160201,IND,CLE
Shot Chart Detail,0021500721,259,2544,LeBron James,1610612739,Cleveland Cavaliers,3,10,21,Missed Shot,Jump Shot,3PT Field Goal,Above the Break 3,Left Side Center(LC),24+ ft.,26.0,-109.0,237.0,1,0,20160201,IND,CLE
Shot Chart Detail,0021500721,272,2544,LeBron James,1610612739,Cleveland Cavaliers,3,8,45,Missed Shot,Driving Layup Shot,2PT Field Goal,Restricted Area,Center(C),Less Than 8 ft.,2.0,-16.0,21.0,1,0,20160201,IND,CLE
Shot Chart Detail,0021500721,324,2544,LeBron James,1610612739,Cleveland Cavaliers,3,3,30,Missed Shot,Jump Shot,3PT Field Goal,Right Corner 3,Right Side(R),24+ ft.,23.0,230.0,36.0,1,0,20160201,IND,CLE
Shot Chart Detail,0021500721,450,2544,LeBron James,1610612739,Cleveland Cavaliers,4,4,30,Missed Shot,Driving Dunk Shot,2PT Field Goal,Restricted Area,Center(C),Less Than 8 ft.,0.0,0.0,1.0,1,0,20160201,IND,CLE
Shot Chart Detail,0021500721,458,2544,LeBron James,1610612739,Cleveland Cavaliers,4,3,39,Missed Shot,Jump Shot,3PT Field Goal,Above the Break 3,Center(C),24+ ft.,26.0,-45.0,257.0,1,0,20160201,IND,CLE
Shot Chart Detail,0021500721,462,2544,LeBron James,1610612739,Cleveland Cavaliers,4,2,58,Missed Shot,Layup Shot,2PT Field Goal,Restricted Area,Center(C),Less Than 8 ft.,3.0,-17.0,31.0,1,0,20160201,IND,CLE
Shot Chart Detail,0021500721,486,2544,LeBron James,1610612739,Cleveland Cavaliers,4,1,16,Made Shot,Driving Bank shot,2PT Field Goal,In The Paint (Non-RA),Center(C),Less Than 8 ft.,5.0,-38.0,36.0,1,1,20160201,IND,CLE
Shot Chart Detail,0021500721,507,2544,LeBron James,1610612739,Cleveland Cavaliers,5,4,21,Missed Shot,Driving Layup Shot,2PT Field Goal,Restricted Area,Center(C),Less Than 8 ft.,3.0,-16.0,36.0,1,0,20160201,IND,CLE
Shot Chart Detail,0021500721,519,2544,LeBron James,1610612739,Cleveland Cavaliers,5,2,21,Missed Shot,Jump Shot,3PT Field Goal,Above the Break 3,Right Side Center(RC),24+ ft.,26.0,125.0,229.0,1,0,20160201,IND,CLE
Shot Chart Detail,0021500721,522,2544,LeBron James,1610612739,Cleveland Cavaliers,5,1,40,Made Shot,Jump Shot,2PT Field Goal,In The Paint (Non-RA),Center(C),8-16 ft.,10.0,-47.0,95.0,1,1,20160201,IND,CLE
Shot Chart Detail,0021500721,524,2544,LeBron James,1610612739,Cleveland Cavaliers,5,1,6,Missed Shot,Running Jump Shot,2PT Field Goal,In The Paint (Non-RA),Center(C),8-16 ft.,9.0,45.0,80.0,1,0,20160201,IND,CLE
Shot Chart Detail,0021500735,55,2544,LeBron James,1610612739,Cleveland Cavaliers,1,5,35,Missed Shot,Jump Shot,2PT Field Goal,In The Paint (Non-RA),Center(C),8-16 ft.,14.0,-70.0,129.0,1,0,20160203,CHA,CLE
Shot Chart Detail,0021500735,65,2544,LeBron James,1610612739,Cleveland Cavaliers,1,5,0,Made Shot,Running Layup Shot,2PT Field Goal,Restricted Area,Center(C),Less Than 8 ft.,1.0,-14.0,8.0,1,1,20160203,CHA,CLE
Shot Chart Detail,0021500735,101,2544,LeBron James,1610612739,Cleveland Cavaliers,1,1,23,Made Shot,Driving Layup Shot,2PT Field Goal,Restricted Area,Center(C),Less Than 8 ft.,0.0,-6.0,7.0,1,1,20160203,CHA,CLE
Shot Chart Detail,0021500735,176,2544,LeBron James,1610612739,Cleveland Cavaliers,2,6,0,Missed Shot,Running Layup Shot,2PT Field Goal,Restricted Area,Center(C),Less Than 8 ft.,0.0,3.0,-2.0,1,0,20160203,CHA,CLE
Shot Chart Detail,0021500735,194,2544,LeBron James,1610612739,Cleveland Cavaliers,2,4,10,Missed Shot,Jump Shot,2PT Field Goal,Mid-Range,Left Side(L),16-24 ft.,17.0,-156.0,75.0,1,0,20160203,CHA,CLE
Shot Chart Detail,0021500735,223,2544,LeBron James,1610612739,Cleveland Cavaliers,2,1,55,Made Shot,Layup Shot,2PT Field Goal,Restricted Area,Center(C),Less Than 8 ft.,1.0,-11.0,11.0,1,1,20160203,CHA,CLE
Shot Chart Detail,0021500735,230,2544,LeBron James,1610612739,Cleveland Cavaliers,2,0,32,Made Shot,Turnaround Jump Shot,2PT Field Goal,Mid-Range,Left Side(L),8-16 ft.,13.0,-127.0,31.0,1,1,20160203,CHA,CLE
Shot Chart Detail,0021500735,247,2544,LeBron James,1610612739,Cleveland Cavaliers,3,11,23,Missed Shot,Jump Shot,3PT Field Goal,Above the Break 3,Center(C),24+ ft.,25.0,-45.0,254.0,1,0,20160203,CHA,CLE
Shot Chart Detail,0021500735,257,2544,LeBron James,1610612739,Cleveland Cavaliers,3,10,16,Made Shot,Fadeaway Jump Shot,2PT Field Goal,In The Paint (Non-RA),Left Side(L),8-16 ft.,8.0,-71.0,51.0,1,1,20160203,CHA,CLE
Shot Chart Detail,0021500735,282,2544,LeBron James,1610612739,Cleveland Cavaliers,3,7,44,Made Shot,Turnaround Fadeaway shot,2PT Field Goal,Mid-Range,Left Side(L),8-16 ft.,14.0,-143.0,33.0,1,1,20160203,CHA,CLE
Shot Chart Detail,0021500735,290,2544,LeBron James,1610612739,Cleveland Cavaliers,3,5,56,Missed Shot,Turnaround Jump Shot,2PT Field Goal,Mid-Range,Right Side(R),8-16 ft.,13.0,104.0,80.0,1,0,20160203,CHA,CLE
Shot Chart Detail,0021500735,296,2544,LeBron James,1610612739,Cleveland Cavaliers,3,5,36,Missed Shot,Jump Shot,2PT Field Goal,Mid-Range,Left Side(L),16-24 ft.,17.0,-174.0,41.0,1,0,20160203,CHA,CLE
Shot Chart Detail,0021500735,307,2544,LeBron James,1610612739,Cleveland Cavaliers,3,4,37,Missed Shot,Jump Shot,3PT Field Goal,Above the Break 3,Left Side Center(LC),24+ ft.,24.0,-110.0,224.0,1,0,20160203,CHA,CLE
Shot Chart Detail,0021500735,311,2544,LeBron James,1610612739,Cleveland Cavaliers,3,4,9,Missed Shot,Jump Shot,2PT Field Goal,Mid-Range,Left Side(L),16-24 ft.,21.0,-204.0,77.0,1,0,20160203,CHA,CLE
Shot Chart Detail,0021500735,319,2544,LeBron James,1610612739,Cleveland Cavaliers,3,3,7,Made Shot,Jump Shot,2PT Field Goal,Mid-Range,Left Side(L),8-16 ft.,15.0,-151.0,31.0,1,1,20160203,CHA,CLE
Shot Chart Detail,0021500735,330,2544,LeBron James,1610612739,Cleveland Cavaliers,3,2,43,Missed Shot,Jump Shot,2PT Field Goal,Mid-Range,Left Side(L),8-16 ft.,14.0,-127.0,62.0,1,0,20160203,CHA,CLE
Shot Chart Detail,0021500735,353,2544,LeBron James,1610612739,Cleveland Cavaliers,3,0,8,Missed Shot,Turnaround Fadeaway shot,2PT Field Goal,Mid-Range,Left Side(L),8-16 ft.,11.0,-81.0,75.0,1,0,20160203,CHA,CLE
Shot Chart Detail,0021500735,456,2544,LeBron James,1610612739,Cleveland Cavaliers,4,3,42,Made Shot,Dunk Shot,2PT Field Goal,Restricted Area,Center(C),Less Than 8 ft.,0.0,0.0,1.0,1,1,20160203,CHA,CLE
Shot Chart Detail,0021500735,467,2544,LeBron James,1610612739,Cleveland Cavaliers,4,2,44,Made Shot,Driving Dunk Shot,2PT Field Goal,Restricted Area,Center(C),Less Than 8 ft.,0.0,0.0,1.0,1,1,20160203,CHA,CLE
Shot Chart Detail,0021500735,482,2544,LeBron James,1610612739,Cleveland Cavaliers,4,1,29,Made Shot,Driving Dunk Shot,2PT Field Goal,Restricted Area,Center(C),Less Than 8 ft.,0.0,2.0,7.0,1,1,20160203,CHA,CLE
Shot Chart Detail,0021500735,495,2544,LeBron James,1610612739,Cleveland Cavaliers,4,0,29,Missed Shot,Jump Shot,3PT Field Goal,Above the Break 3,Center(C),24+ ft.,25.0,61.0,247.0,1,0,20160203,CHA,CLE
Shot Chart Detail,0021500755,24,2544,LeBron James,1610612739,Cleveland Cavaliers,1,9,17,Made Shot,Running Layup Shot,2PT Field Goal,Restricted Area,Center(C),Less Than 8 ft.,0.0,-4.0,-5.0,1,1,20160205,CLE,BOS
Shot Chart Detail,0021500755,57,2544,LeBron James,1610612739,Cleveland Cavaliers,1,6,29,Missed Shot,Jump Shot,2PT Field Goal,Mid-Range,Left Side Center(LC),16-24 ft.,20.0,-109.0,174.0,1,0,20160205,CLE,BOS
Shot Chart Detail,0021500755,63,2544,LeBron James,1610612739,Cleveland Cavaliers,1,5,56,Missed Shot,Turnaround Fadeaway shot,2PT Field Goal,Mid-Range,Left Side(L),8-16 ft.,13.0,-135.0,13.0,1,0,20160205,CLE,BOS
Shot Chart Detail,0021500755,90,2544,LeBron James,1610612739,Cleveland Cavaliers,1,3,26,Missed Shot,Layup Shot,2PT Field Goal,Restricted Area,Center(C),Less Than 8 ft.,3.0,-30.0,11.0,1,0,20160205,CLE,BOS
Shot Chart Detail,0021500755,91,2544,LeBron James,1610612739,Cleveland Cavaliers,1,3,24,Made Shot,Tip Layup Shot,2PT Field Goal,Restricted Area,Center(C),Less Than 8 ft.,1.0,-11.0,8.0,1,1,20160205,CLE,BOS
Shot Chart Detail,0021500755,94,2544,LeBron James,1610612739,Cleveland Cavaliers,1,3,12,Made Shot,Layup Shot,2PT Field Goal,Restricted Area,Center(C),Less Than 8 ft.,1.0,-9.0,-5.0,1,1,20160205,CLE,BOS
Shot Chart Detail,0021500755,245,2544,LeBron James,1610612739,Cleveland Cavaliers,2,1,13,Missed Shot,Layup Shot,2PT Field Goal,Restricted Area,Center(C),Less Than 8 ft.,1.0,-12.0,0.0,1,0,20160205,CLE,BOS
Shot Chart Detail,0021500755,269,2544,LeBron James,1610612739,Cleveland Cavaliers,2,0,5,Missed Shot,Jump Shot,3PT Field Goal,Above the Break 3,Right Side Center(RC),24+ ft.,24.0,119.0,213.0,1,0,20160205,CLE,BOS
Shot Chart Detail,0021500755,286,2544,LeBron James,1610612739,Cleveland Cavaliers,3,10,52,Missed Shot,Jump Shot,2PT Field Goal,In The Paint (Non-RA),Center(C),Less Than 8 ft.,6.0,-35.0,56.0,1,0,20160205,CLE,BOS
Shot Chart Detail,0021500755,295,2544,LeBron James,1610612739,Cleveland Cavaliers,3,10,16,Missed Shot,Jump Shot,3PT Field Goal,Above the Break 3,Left Side Center(LC),24+ ft.,24.0,-84.0,232.0,1,0,20160205,CLE,BOS
Shot Chart Detail,0021500755,304,2544,LeBron James,1610612739,Cleveland Cavaliers,3,8,54,Made Shot,Pullup Jump shot,2PT Field Goal,Mid-Range,Left Side Center(LC),16-24 ft.,17.0,-107.0,139.0,1,1,20160205,CLE,BOS
Shot Chart Detail,0021500755,316,2544,LeBron James,1610612739,Cleveland Cavaliers,3,7,44,Made Shot,Driving Layup Shot,2PT Field Goal,Restricted Area,Center(C),Less Than 8 ft.,0.0,-2.0,2.0,1,1,20160205,CLE,BOS
Shot Chart Detail,0021500755,326,2544,LeBron James,1610612739,Cleveland Cavaliers,3,6,50,Missed Shot,Jump Shot,3PT Field Goal,Left Corner 3,Left Side(L),24+ ft.,24.0,-241.0,57.0,1,0,20160205,CLE,BOS
Shot Chart Detail,0021500755,392,2544,LeBron James,1610612739,Cleveland Cavaliers,3,1,42,Missed Shot,Driving Layup Shot,2PT Field Goal,Restricted Area,Center(C),Less Than 8 ft.,2.0,-22.0,8.0,1,0,20160205,CLE,BOS
Shot Chart Detail,0021500755,411,2544,LeBron James,1610612739,Cleveland Cavaliers,3,0,10,Missed Shot,Layup Shot,2PT Field Goal,Restricted Area,Center(C),Less Than 8 ft.,1.0,-6.0,11.0,1,0,20160205,CLE,BOS
Shot Chart Detail,0021500755,412,2544,LeBron James,1610612739,Cleveland Cavaliers,3,0,9,Missed Shot,Tip Layup Shot,2PT Field Goal,Restricted Area,Center(C),Less Than 8 ft.,1.0,-7.0,13.0,1,0,20160205,CLE,BOS
Shot Chart Detail,0021500755,414,2544,LeBron James,1610612739,Cleveland Cavaliers,3,0,6,Made Shot,Tip Layup Shot,2PT Field Goal,Restricted Area,Center(C),Less Than 8 ft.,0.0,-4.0,-1.0,1,1,20160205,CLE,BOS
Shot Chart Detail,0021500755,506,2544,LeBron James,1610612739,Cleveland Cavaliers,4,6,22,Made Shot,Running Layup Shot,2PT Field Goal,Restricted Area,Center(C),Less Than 8 ft.,0.0,-2.0,2.0,1,1,20160205,CLE,BOS
Shot Chart Detail,0021500755,521,2544,LeBron James,1610612739,Cleveland Cavaliers,4,5,21,Missed Shot,Jump Shot,3PT Field Goal,Above the Break 3,Left Side Center(LC),24+ ft.,26.0,-228.0,129.0,1,0,20160205,CLE,BOS
Shot Chart Detail,0021500755,546,2544,LeBron James,1610612739,Cleveland Cavaliers,4,3,48,Made Shot,Jump Shot,2PT Field Goal,In The Paint (Non-RA),Center(C),Less Than 8 ft.,7.0,-35.0,62.0,1,1,20160205,CLE,BOS
Shot Chart Detail,0021500755,591,2544,LeBron James,1610612739,Cleveland Cavaliers,4,1,30,Made Shot,Driving Layup Shot,2PT Field Goal,Restricted Area,Center(C),Less Than 8 ft.,0.0,0.0,2.0,1,1,20160205,CLE,BOS
Shot Chart Detail,0021500755,601,2544,LeBron James,1610612739,Cleveland Cavaliers,4,1,0,Missed Shot,Reverse Layup Shot,2PT Field Goal,Restricted Area,Center(C),Less Than 8 ft.,1.0,-12.0,7.0,1,0,20160205,CLE,BOS
Shot Chart Detail,0021500755,607,2544,LeBron James,1610612739,Cleveland Cavaliers,4,0,24,Missed Shot,Jump Shot,3PT Field Goal,Above the Break 3,Center(C),24+ ft.,24.0,37.0,247.0,1,0,20160205,CLE,BOS
Shot Chart Detail,0021500763,9,2544,LeBron James,1610612739,Cleveland Cavaliers,1,10,35,Made Shot,Driving Layup Shot,2PT Field Goal,Restricted Area,Center(C),Less Than 8 ft.,2.0,-24.0,-1.0,1,1,20160206,CLE,NOP
Shot Chart Detail,0021500763,24,2544,LeBron James,1610612739,Cleveland Cavaliers,1,8,36,Made Shot,Layup Shot,2PT Field Goal,Restricted Area,Center(C),Less Than 8 ft.,1.0,-14.0,3.0,1,1,20160206,CLE,NOP
Shot Chart Detail,0021500763,67,2544,LeBron James,1610612739,Cleveland Cavaliers,1,4,6,Missed Shot,Turnaround Jump Shot,2PT Field Goal,In The Paint (Non-RA),Center(C),Less Than 8 ft.,5.0,24.0,47.0,1,0,20160206,CLE,NOP
Shot Chart Detail,0021500763,73,2544,LeBron James,1610612739,Cleveland Cavaliers,1,3,47,Missed Shot,Jump Shot,2PT Field Goal,Mid-Range,Center(C),16-24 ft.,18.0,-9.0,180.0,1,0,20160206,CLE,NOP
Shot Chart Detail,0021500763,80,2544,LeBron James,1610612739,Cleveland Cavaliers,1,3,17,Made Shot,Driving Layup Shot,2PT Field Goal,Restricted Area,Center(C),Less Than 8 ft.,0.0,-4.0,0.0,1,1,20160206,CLE,NOP
Shot Chart Detail,0021500763,105,2544,LeBron James,1610612739,Cleveland Cavaliers,1,0,2,Made Shot,Driving Dunk Shot,2PT Field Goal,Restricted Area,Center(C),Less Than 8 ft.,0.0,0.0,1.0,1,1,20160206,CLE,NOP
Shot Chart Detail,0021500763,204,2544,LeBron James,1610612739,Cleveland Cavaliers,2,4,18,Missed Shot,Floating Jump shot,2PT Field Goal,Mid-Range,Left Side(L),8-16 ft.,8.0,-89.0,3.0,1,0,20160206,CLE,NOP
Shot Chart Detail,0021500763,236,2544,LeBron James,1610612739,Cleveland Cavaliers,2,1,33,Missed Shot,Turnaround Fadeaway shot,2PT Field Goal,Mid-Range,Right Side(R),8-16 ft.,12.0,97.0,75.0,1,0,20160206,CLE,NOP
Shot Chart Detail,0021500763,242,2544,LeBron James,1610612739,Cleveland Cavaliers,2,0,40,Missed Shot,Driving Layup Shot,2PT Field Goal,Restricted Area,Center(C),Less Than 8 ft.,0.0,-6.0,0.0,1,0,20160206,CLE,NOP
Shot Chart Detail,0021500763,265,2544,LeBron James,1610612739,Cleveland Cavaliers,3,10,37,Made Shot,Jump Shot,3PT Field Goal,Above the Break 3,Center(C),24+ ft.,23.0,-9.0,239.0,1,1,20160206,CLE,NOP
Shot Chart Detail,0021500763,267,2544,LeBron James,1610612739,Cleveland Cavaliers,3,10,9,Made Shot,Jump Shot,2PT Field Goal,In The Paint (Non-RA),Center(C),Less Than 8 ft.,7.0,58.0,46.0,1,1,20160206,CLE,NOP
Shot Chart Detail,0021500763,275,2544,LeBron James,1610612739,Cleveland Cavaliers,3,8,34,Missed Shot,Jump Shot,3PT Field Goal,Above the Break 3,Right Side Center(RC),24+ ft.,24.0,130.0,205.0,1,0,20160206,CLE,NOP
Shot Chart Detail,0021500763,283,2544,LeBron James,1610612739,Cleveland Cavaliers,3,6,57,Missed Shot,Jump Shot,3PT Field Goal,Above the Break 3,Left Side Center(LC),24+ ft.,25.0,-237.0,105.0,1,0,20160206,CLE,NOP
Shot Chart Detail,0021500763,291,2544,LeBron James,1610612739,Cleveland Cavaliers,3,6,24,Made Shot,Dunk Shot,2PT Field Goal,Restricted Area,Center(C),Less Than 8 ft.,0.0,0.0,1.0,1,1,20160206,CLE,NOP
Shot Chart Detail,0021500763,316,2544,LeBron James,1610612739,Cleveland Cavaliers,3,4,0,Made Shot,Pullup Jump shot,3PT Field Goal,Above the Break 3,Center(C),24+ ft.,24.0,24.0,242.0,1,1,20160206,CLE,NOP
Shot Chart Detail,0021500763,318,2544,LeBron James,1610612739,Cleveland Cavaliers,3,3,31,Missed Shot,Jump Shot,3PT Field Goal,Above the Break 3,Left Side Center(LC),24+ ft.,26.0,-205.0,160.0,1,0,20160206,CLE,NOP
Shot Chart Detail,0021500763,333,2544,LeBron James,1610612739,Cleveland Cavaliers,3,2,42,Missed Shot,Turnaround Fadeaway shot,2PT Field Goal,Mid-Range,Left Side(L),8-16 ft.,12.0,-127.0,23.0,1,0,20160206,CLE,NOP
Shot Chart Detail,0021500763,430,2544,LeBron James,1610612739,Cleveland Cavaliers,4,7,24,Made Shot,Turnaround Fadeaway shot,2PT Field Goal,Mid-Range,Left Side(L),8-16 ft.,14.0,-145.0,2.0,1,1,20160206,CLE,NOP
Shot Chart Detail,0021500763,439,2544,LeBron James,1610612739,Cleveland Cavaliers,4,6,23,Made Shot,Turnaround Fadeaway shot,2PT Field Goal,Mid-Range,Left Side(L),8-16 ft.,13.0,-137.0,11.0,1,1,20160206,CLE,NOP
Shot Chart Detail,0021500763,481,2544,LeBron James,1610612739,Cleveland Cavaliers,4,1,39,Made Shot,Driving Layup Shot,2PT Field Goal,Restricted Area,Center(C),Less Than 8 ft.,1.0,-12.0,-1.0,1,1,20160206,CLE,NOP
Shot Chart Detail,0021500775,20,2544,LeBron James,1610612739,Cleveland Cavaliers,1,9,5,Made Shot,Layup Shot,2PT Field Goal,Restricted Area,Center(C),Less Than 8 ft.,0.0,0.0,2.0,1,1,20160208,CLE,SAC
Shot Chart Detail,0021500775,40,2544,LeBron James,1610612739,Cleveland Cavaliers,1,7,39,Missed Shot,Turnaround Fadeaway shot,2PT Field Goal,Mid-Range,Right Side(R),8-16 ft.,12.0,120.0,33.0,1,0,20160208,CLE,SAC
Shot Chart Detail,0021500775,69,2544,LeBron James,1610612739,Cleveland Cavaliers,1,6,10,Missed Shot,Layup Shot,2PT Field Goal,Restricted Area,Center(C),Less Than 8 ft.,2.0,9.0,28.0,1,0,20160208,CLE,SAC
Shot Chart Detail,0021500775,84,2544,LeBron James,1610612739,Cleveland Cavaliers,1,4,57,Made Shot,Running Jump Shot,2PT Field Goal,In The Paint (Non-RA),Center(C),Less Than 8 ft.,4.0,33.0,23.0,1,1,20160208,CLE,SAC
Shot Chart Detail,0021500775,208,2544,LeBron James,1610612739,Cleveland Cavaliers,2,5,49,Missed Shot,Driving Layup Shot,2PT Field Goal,Restricted Area,Center(C),Less Than 8 ft.,0.0,-6.0,7.0,1,0,20160208,CLE,SAC
Shot Chart Detail,0021500775,226,2544,LeBron James,1610612739,Cleveland Cavaliers,2,4,44,Missed Shot,Step Back Jump shot,2PT Field Goal,Mid-Range,Right Side Center(RC),16-24 ft.,17.0,128.0,124.0,1,0,20160208,CLE,SAC
Shot Chart Detail,0021500775,276,2544,LeBron James,1610612739,Cleveland Cavaliers,2,1,26,Made Shot,Running Dunk Shot,2PT Field Goal,Restricted Area,Center(C),Less Than 8 ft.,0.0,0.0,1.0,1,1,20160208,CLE,SAC
Shot Chart Detail,0021500775,290,2544,LeBron James,1610612739,Cleveland Cavaliers,3,11,50,Made Shot,Jump Shot,2PT Field Goal,Mid-Range,Right Side Center(RC),16-24 ft.,16.0,102.0,131.0,1,1,20160208,CLE,SAC
Shot Chart Detail,0021500775,295,2544,LeBron James,1610612739,Cleveland Cavaliers,3,10,59,Missed Shot,Reverse Layup Shot,2PT Field Goal,Restricted Area,Center(C),Less Than 8 ft.,2.0,9.0,26.0,1,0,20160208,CLE,SAC
Shot Chart Detail,0021500775,307,2544,LeBron James,1610612739,Cleveland Cavaliers,3,10,19,Made Shot,Jump Shot,3PT Field Goal,Left Corner 3,Left Side(L),24+ ft.,23.0,-235.0,-16.0,1,1,20160208,CLE,SAC
Shot Chart Detail,0021500775,310,2544,LeBron James,1610612739,Cleveland Cavaliers,3,9,49,Made Shot,Jump Shot,2PT Field Goal,Mid-Range,Right Side(R),16-24 ft.,16.0,166.0,-19.0,1,1,20160208,CLE,SAC
Shot Chart Detail,0021500775,326,2544,LeBron James,1610612739,Cleveland Cavaliers,3,8,4,Missed Shot,Step Back Jump shot,2PT Field Goal,Mid-Range,Left Side Center(LC),16-24 ft.,18.0,-137.0,129.0,1,0,20160208,CLE,SAC
Shot Chart Detail,0021500775,367,2544,LeBron James,1610612739,Cleveland Cavaliers,3,4,0,Made Shot,Jump Shot,2PT Field Goal,Mid-Range,Right Side Center(RC),16-24 ft.,21.0,104.0,185.0,1,1,20160208,CLE,SAC
Shot Chart Detail,0021500775,378,2544,LeBron James,1610612739,Cleveland Cavaliers,3,3,12,Made Shot,Jump Shot,2PT Field Goal,Mid-Range,Right Side Center(RC),16-24 ft.,20.0,123.0,159.0,1,1,20160208,CLE,SAC
Shot Chart Detail,0021500775,385,2544,LeBron James,1610612739,Cleveland Cavaliers,3,1,47,Missed Shot,Jump Shot,3PT Field Goal,Above the Break 3,Left Side Center(LC),24+ ft.,24.0,-104.0,223.0,1,0,20160208,CLE,SAC
Shot Chart Detail,0021500775,404,2544,LeBron James,1610612739,Cleveland Cavaliers,3,0,38,Missed Shot,Step Back Jump shot,2PT Field Goal,Mid-Range,Right Side(R),16-24 ft.,18.0,171.0,75.0,1,0,20160208,CLE,SAC
Shot Chart Detail,0021500795,6,2544,LeBron James,1610612739,Cleveland Cavaliers,1,10,46,Missed Shot,Jump Shot,2PT Field Goal,Mid-Range,Right Side Center(RC),16-24 ft.,19.0,87.0,169.0,1,0,20160210,CLE,LAL
Shot Chart Detail,0021500795,30,2544,LeBron James,1610612739,Cleveland Cavaliers,1,8,4,Made Shot,Running Finger Roll Layup Shot,2PT Field Goal,Restricted Area,Center(C),Less Than 8 ft.,0.0,-2.0,-1.0,1,1,20160210,CLE,LAL
Shot Chart Detail,0021500795,39,2544,LeBron James,1610612739,Cleveland Cavaliers,1,6,45,Made Shot,Running Reverse Layup Shot,2PT Field Goal,Restricted Area,Center(C),Less Than 8 ft.,1.0,-6.0,-15.0,1,1,20160210,CLE,LAL
Shot Chart Detail,0021500795,45,2544,LeBron James,1610612739,Cleveland Cavaliers,1,6,7,Made Shot,Cutting Layup Shot,2PT Field Goal,Restricted Area,Center(C),Less Than 8 ft.,1.0,-16.0,0.0,1,1,20160210,CLE,LAL
Shot Chart Detail,0021500795,68,2544,LeBron James,1610612739,Cleveland Cavaliers,1,3,59,Made Shot,Driving Layup Shot,2PT Field Goal,Restricted Area,Center(C),Less Than 8 ft.,1.0,-11.0,-1.0,1,1,20160210,CLE,LAL
Shot Chart Detail,0021500795,70,2544,LeBron James,1610612739,Cleveland Cavaliers,1,3,42,Missed Shot,Step Back Jump shot,2PT Field Goal,Mid-Range,Left Side(L),16-24 ft.,16.0,-156.0,43.0,1,0,20160210,CLE,LAL
Shot Chart Detail,0021500795,99,2544,LeBron James,1610612739,Cleveland Cavaliers,1,2,10,Made Shot,Step Back Jump shot,2PT Field Goal,Mid-Range,Left Side(L),16-24 ft.,22.0,-179.0,129.0,1,1,20160210,CLE,LAL
Shot Chart Detail,0021500795,102,2544,LeBron James,1610612739,Cleveland Cavaliers,1,1,42,Missed Shot,Jump Shot,3PT Field Goal,Above the Break 3,Center(C),24+ ft.,24.0,-29.0,244.0,1,0,20160210,CLE,LAL
Shot Chart Detail,0021500795,212,2544,LeBron James,1610612739,Cleveland Cavaliers,2,3,22,Made Shot,Layup Shot,2PT Field Goal,Restricted Area,Center(C),Less Than 8 ft.,0.0,1.0,1.0,1,1,20160210,CLE,LAL
Shot Chart Detail,0021500795,227,2544,LeBron James,1610612739,Cleveland Cavaliers,2,1,57,Made Shot,Driving Layup Shot,2PT Field Goal,Restricted Area,Center(C),Less Than 8 ft.,0.0,9.0,-1.0,1,1,20160210,CLE,LAL
Shot Chart Detail,0021500795,255,2544,LeBron James,1610612739,Cleveland Cavaliers,2,0,24,Missed Shot,Jump Shot,2PT Field Goal,Mid-Range,Left Side Center(LC),16-24 ft.,18.0,-93.0,161.0,1,0,20160210,CLE,LAL
Shot Chart Detail,0021500795,249,2544,LeBron James,1610612739,Cleveland Cavaliers,2,0,0,Made Shot,Jump Shot,3PT Field Goal,Above the Break 3,Left Side Center(LC),24+ ft.,25.0,-197.0,169.0,1,1,20160210,CLE,LAL
Shot Chart Detail,0021500795,310,2544,LeBron James,1610612739,Cleveland Cavaliers,3,6,39,Missed Shot,Jump Shot,2PT Field Goal,Mid-Range,Right Side(R),8-16 ft.,13.0,133.0,-16.0,1,0,20160210,CLE,LAL
Shot Chart Detail,0021500795,317,2544,LeBron James,1610612739,Cleveland Cavaliers,3,5,53,Missed Shot,Step Back Jump shot,2PT Field Goal,Mid-Range,Left Side(L),8-16 ft.,13.0,-133.0,3.0,1,0,20160210,CLE,LAL
Shot Chart Detail,0021500795,323,2544,LeBron James,1610612739,Cleveland Cavaliers,3,5,37,Made Shot,Driving Finger Roll Layup Shot,2PT Field Goal,Restricted Area,Center(C),Less Than 8 ft.,1.0,-9.0,7.0,1,1,20160210,CLE,LAL
Shot Chart Detail,0021500795,367,2544,LeBron James,1610612739,Cleveland Cavaliers,3,3,1,Made Shot,Cutting Layup Shot,2PT Field Goal,Restricted Area,Center(C),Less Than 8 ft.,1.0,-7.0,-11.0,1,1,20160210,CLE,LAL
Shot Chart Detail,0021500795,382,2544,LeBron James,1610612739,Cleveland Cavaliers,3,2,7,Missed Shot,Jump Shot,3PT Field Goal,Right Corner 3,Right Side(R),24+ ft.,22.0,225.0,7.0,1,0,20160210,CLE,LAL
Shot Chart Detail,0021500795,397,2544,LeBron James,1610612739,Cleveland Cavaliers,3,1,19,Made Shot,Jump Shot,3PT Field Goal,Above the Break 3,Right Side Center(RC),24+ ft.,25.0,148.0,213.0,1,1,20160210,CLE,LAL
Shot Chart Detail,0021500795,400,2544,LeBron James,1610612739,Cleveland Cavaliers,3,0,41,Missed Shot,Jump Shot,3PT Field Goal,Above the Break 3,Left Side Center(LC),24+ ft.,25.0,-120.0,224.0,1,0,20160210,CLE,LAL
Shot Chart Detail,0021500795,522,2544,LeBron James,1610612739,Cleveland Cavaliers,4,1,53,Made Shot,Jump Shot,3PT Field Goal,Above the Break 3,Center(C),24+ ft.,24.0,-16.0,244.0,1,1,20160210,CLE,LAL
Shot Chart Detail,0021500795,524,2544,LeBron James,1610612739,Cleveland Cavaliers,4,1,22,Missed Shot,Finger Roll Layup Shot,2PT Field Goal,Restricted Area,Center(C),Less Than 8 ft.,0.0,-7.0,2.0,1,0,20160210,CLE,LAL
Shot Chart Detail,0021500795,525,2544,LeBron James,1610612739,Cleveland Cavaliers,4,1,19,Missed Shot,Tip Layup Shot,2PT Field Goal,Restricted Area,Center(C),Less Than 8 ft.,1.0,-9.0,7.0,1,0,20160210,CLE,LAL
Shot Chart Detail,0021500803,7,2544,LeBron James,1610612739,Cleveland Cavaliers,1,11,10,Made Shot,Floating Jump shot,2PT Field Goal,In The Paint (Non-RA),Center(C),Less Than 8 ft.,4.0,-11.0,41.0,1,1,20160218,CLE,CHI
Shot Chart Detail,0021500803,10,2544,LeBron James,1610612739,Cleveland Cavaliers,1,10,24,Missed Shot,Floating Jump shot,2PT Field Goal,In The Paint (Non-RA),Center(C),Less Than 8 ft.,6.0,-19.0,65.0,1,0,20160218,CLE,CHI
Shot Chart Detail,0021500803,12,2544,LeBron James,1610612739,Cleveland Cavaliers,1,10,21,Made Shot,Putback Layup Shot,2PT Field Goal,Restricted Area,Center(C),Less Than 8 ft.,1.0,-14.0,-1.0,1,1,20160218,CLE,CHI
Shot Chart Detail,0021500803,24,2544,LeBron James,1610612739,Cleveland Cavaliers,1,9,18,Made Shot,Jump Shot,2PT Field Goal,Mid-Range,Left Side(L),16-24 ft.,18.0,-174.0,51.0,1,1,20160218,CLE,CHI
Shot Chart Detail,0021500803,27,2544,LeBron James,1610612739,Cleveland Cavaliers,1,9,1,Made Shot,Driving Layup Shot,2PT Field Goal,Restricted Area,Center(C),Less Than 8 ft.,1.0,-14.0,8.0,1,1,20160218,CLE,CHI
Shot Chart Detail,0021500803,32,2544,LeBron James,1610612739,Cleveland Cavaliers,1,8,26,Missed Shot,Jump Shot,3PT Field Goal,Above the Break 3,Center(C),24+ ft.,24.0,68.0,232.0,1,0,20160218,CLE,CHI
Shot Chart Detail,0021500803,84,2544,LeBron James,1610612739,Cleveland Cavaliers,1,3,23,Missed Shot,Driving Layup Shot,2PT Field Goal,Restricted Area,Center(C),Less Than 8 ft.,0.0,0.0,-5.0,1,0,20160218,CLE,CHI
Shot Chart Detail,0021500803,218,2544,LeBron James,1610612739,Cleveland Cavaliers,2,3,33,Missed Shot,Jump Shot,2PT Field Goal,Mid-Range,Left Side Center(LC),16-24 ft.,18.0,-58.0,178.0,1,0,20160218,CLE,CHI
Shot Chart Detail,0021500803,240,2544,LeBron James,1610612739,Cleveland Cavaliers,2,1,19,Made Shot,Driving Layup Shot,2PT Field Goal,Restricted Area,Center(C),Less Than 8 ft.,1.0,-14.0,11.0,1,1,20160218,CLE,CHI
Shot Chart Detail,0021500803,302,2544,LeBron James,1610612739,Cleveland Cavaliers,3,8,51,Made Shot,Putback Layup Shot,2PT Field Goal,Restricted Area,Center(C),Less Than 8 ft.,0.0,-1.0,2.0,1,1,20160218,CLE,CHI
Shot Chart Detail,0021500803,310,2544,LeBron James,1610612739,Cleveland Cavaliers,3,7,52,Made Shot,Running Alley Oop Dunk Shot,2PT Field Goal,Restricted Area,Center(C),Less Than 8 ft.,0.0,0.0,1.0,1,1,20160218,CLE,CHI
Shot Chart Detail,0021500803,332,2544,LeBron James,1610612739,Cleveland Cavaliers,3,6,16,Missed Shot,Driving Hook Shot,2PT Field Goal,In The Paint (Non-RA),Center(C),Less Than 8 ft.,5.0,30.0,51.0,1,0,20160218,CLE,CHI
Shot Chart Detail,0021500803,369,2544,LeBron James,1610612739,Cleveland Cavaliers,3,3,27,Made Shot,Jump Shot,2PT Field Goal,Mid-Range,Right Side(R),16-24 ft.,17.0,153.0,75.0,1,1,20160218,CLE,CHI
Shot Chart Detail,0021500803,409,2544,LeBron James,1610612739,Cleveland Cavaliers,3,0,0,Missed Shot,Jump Shot,2PT Field Goal,Mid-Range,Left Side Center(LC),16-24 ft.,22.0,-147.0,165.0,1,0,20160218,CLE,CHI
Shot Chart Detail,0021500803,477,2544,LeBron James,1610612739,Cleveland Cavaliers,4,6,42,Made Shot,Jump Shot,2PT Field Goal,Mid-Range,Left Side(L),8-16 ft.,15.0,-151.0,46.0,1,1,20160218,CLE,CHI
Shot Chart Detail,0021500803,480,2544,LeBron James,1610612739,Cleveland Cavaliers,4,6,17,Missed Shot,Jump Shot,2PT Field Goal,Mid-Range,Center(C),8-16 ft.,15.0,-14.0,151.0,1,0,20160218,CLE,CHI
Shot Chart Detail,0021500803,505,2544,LeBron James,1610612739,Cleveland Cavaliers,4,4,49,Missed Shot,Jump Shot,3PT Field Goal,Left Corner 3,Left Side(L),24+ ft.,25.0,-238.0,85.0,1,0,20160218,CLE,CHI
Shot Chart Detail,0021500803,508,2544,LeBron James,1610612739,Cleveland Cavaliers,4,4,18,Made Shot,Turnaround Jump Shot,2PT Field Goal,Mid-Range,Left Side(L),8-16 ft.,14.0,-142.0,-1.0,1,1,20160218,CLE,CHI
Shot Chart Detail,0021500803,516,2544,LeBron James,1610612739,Cleveland Cavaliers,4,3,35,Made Shot,Layup Shot,2PT Field Goal,Restricted Area,Center(C),Less Than 8 ft.,1.0,9.0,7.0,1,1,20160218,CLE,CHI
Shot Chart Detail,0021500824,18,2544,LeBron James,1610612739,Cleveland Cavaliers,1,9,48,Missed Shot,Pullup Jump shot,2PT Field Goal,Mid-Range,Right Side Center(RC),16-24 ft.,18.0,105.0,149.0,1,0,20160221,OKC,CLE
Shot Chart Detail,0021500824,62,2544,LeBron James,1610612739,Cleveland Cavaliers,1,4,8,Missed Shot,Jump Shot,2PT Field Goal,Mid-Range,Right Side(R),8-16 ft.,14.0,94.0,105.0,1,0,20160221,OKC,CLE
Shot Chart Detail,0021500824,71,2544,LeBron James,1610612739,Cleveland Cavaliers,1,3,28,Made Shot,Layup Shot,2PT Field Goal,Restricted Area,Center(C),Less Than 8 ft.,1.0,1.0,11.0,1,1,20160221,OKC,CLE
Shot Chart Detail,0021500824,85,2544,LeBron James,1610612739,Cleveland Cavaliers,1,2,34,Made Shot,Layup Shot,2PT Field Goal,Restricted Area,Center(C),Less Than 8 ft.,0.0,9.0,0.0,1,1,20160221,OKC,CLE
Shot Chart Detail,0021500824,97,2544,LeBron James,1610612739,Cleveland Cavaliers,1,1,55,Made Shot,Layup Shot,2PT Field Goal,Restricted Area,Center(C),Less Than 8 ft.,0.0,9.0,3.0,1,1,20160221,OKC,CLE
Shot Chart Detail,0021500824,100,2544,LeBron James,1610612739,Cleveland Cavaliers,1,1,27,Missed Shot,Turnaround Fadeaway shot,2PT Field Goal,In The Paint (Non-RA),Center(C),Less Than 8 ft.,5.0,-32.0,46.0,1,0,20160221,OKC,CLE
Shot Chart Detail,0021500824,170,2544,LeBron James,1610612739,Cleveland Cavaliers,2,7,26,Missed Shot,Turnaround Fadeaway shot,2PT Field Goal,In The Paint (Non-RA),Right Side(R),8-16 ft.,8.0,78.0,43.0,1,0,20160221,OKC,CLE
Shot Chart Detail,0021500824,178,2544,LeBron James,1610612739,Cleveland Cavaliers,2,6,14,Made Shot,Jump Shot,3PT Field Goal,Above the Break 3,Left Side Center(LC),24+ ft.,24.0,-201.0,144.0,1,1,20160221,OKC,CLE
Shot Chart Detail,0021500824,183,2544,LeBron James,1610612739,Cleveland Cavaliers,2,5,53,Made Shot,Running Layup Shot,2PT Field Goal,Restricted Area,Center(C),Less Than 8 ft.,0.0,9.0,0.0,1,1,20160221,OKC,CLE
Shot Chart Detail,0021500824,199,2544,LeBron James,1610612739,Cleveland Cavaliers,2,4,34,Made Shot,Step Back Jump shot,2PT Field Goal,Mid-Range,Left Side(L),16-24 ft.,16.0,-165.0,16.0,1,1,20160221,OKC,CLE
Shot Chart Detail,0021500824,201,2544,LeBron James,1610612739,Cleveland Cavaliers,2,4,0,Missed Shot,Jump Shot,3PT Field Goal,Above the Break 3,Left Side Center(LC),24+ ft.,24.0,-191.0,149.0,1,0,20160221,OKC,CLE
Shot Chart Detail,0021500824,219,2544,LeBron James,1610612739,Cleveland Cavaliers,2,2,42,Made Shot,Driving Layup Shot,2PT Field Goal,Restricted Area,Center(C),Less Than 8 ft.,1.0,-14.0,7.0,1,1,20160221,OKC,CLE
Shot Chart Detail,0021500824,223,2544,LeBron James,1610612739,Cleveland Cavaliers,2,2,7,Made Shot,Jump Bank Shot,2PT Field Goal,Mid-Range,Right Side(R),8-16 ft.,10.0,94.0,52.0,1,1,20160221,OKC,CLE
Shot Chart Detail,0021500824,252,2544,LeBron James,1610612739,Cleveland Cavaliers,2,0,2,Missed Shot,Fadeaway Jump Shot,2PT Field Goal,Mid-Range,Right Side(R),8-16 ft.,11.0,119.0,7.0,1,0,20160221,OKC,CLE
Shot Chart Detail,0021500824,277,2544,LeBron James,1610612739,Cleveland Cavaliers,3,10,28,Missed Shot,Driving Layup Shot,2PT Field Goal,Restricted Area,Center(C),Less Than 8 ft.,1.0,-14.0,2.0,1,0,20160221,OKC,CLE
Shot Chart Detail,0021500824,298,2544,LeBron James,1610612739,Cleveland Cavaliers,3,9,4,Missed Shot,Fadeaway Jump Shot,2PT Field Goal,Mid-Range,Left Side(L),8-16 ft.,14.0,-138.0,41.0,1,0,20160221,OKC,CLE
Shot Chart Detail,0021500824,311,2544,LeBron James,1610612739,Cleveland Cavaliers,3,8,15,Missed Shot,Turnaround Jump Shot,2PT Field Goal,Restricted Area,Center(C),Less Than 8 ft.,3.0,-17.0,31.0,1,0,20160221,OKC,CLE
Shot Chart Detail,0021500824,363,2544,LeBron James,1610612739,Cleveland Cavaliers,3,3,30,Made Shot,Step Back Jump shot,2PT Field Goal,In The Paint (Non-RA),Center(C),8-16 ft.,14.0,-65.0,124.0,1,1,20160221,OKC,CLE
Shot Chart Detail,0021500824,377,2544,LeBron James,1610612739,Cleveland Cavaliers,3,2,23,Made Shot,Jump Shot,3PT Field Goal,Above the Break 3,Left Side Center(LC),24+ ft.,25.0,-192.0,174.0,1,1,20160221,OKC,CLE
Shot Chart Detail,0021500824,395,2544,LeBron James,1610612739,Cleveland Cavaliers,3,0,50,Missed Shot,Jump Shot,3PT Field Goal,Above the Break 3,Right Side Center(RC),24+ ft.,24.0,127.0,205.0,1,0,20160221,OKC,CLE
Shot Chart Detail,0021500824,418,2544,LeBron James,1610612739,Cleveland Cavaliers,4,11,8,Missed Shot,Jump Shot,3PT Field Goal,Above the Break 3,Center(C),24+ ft.,24.0,-70.0,237.0,1,0,20160221,OKC,CLE
Shot Chart Detail,0021500824,502,2544,LeBron James,1610612739,Cleveland Cavaliers,4,2,47,Made Shot,Jump Shot,2PT Field Goal,Mid-Range,Left Side Center(LC),16-24 ft.,22.0,-163.0,156.0,1,1,20160221,OKC,CLE
Shot Chart Detail,0021500833,16,2544,LeBron James,1610612739,Cleveland Cavaliers,1,10,6,Missed Shot,Running Layup Shot,2PT Field Goal,Restricted Area,Center(C),Less Than 8 ft.,1.0,-16.0,2.0,1,0,20160222,CLE,DET
Shot Chart Detail,0021500833,25,2544,LeBron James,1610612739,Cleveland Cavaliers,1,8,28,Made Shot,Driving Layup Shot,2PT Field Goal,Restricted Area,Center(C),Less Than 8 ft.,0.0,-4.0,3.0,1,1,20160222,CLE,DET
Shot Chart Detail,0021500833,44,2544,LeBron James,1610612739,Cleveland Cavaliers,1,6,12,Made Shot,Jump Shot,2PT Field Goal,Mid-Range,Center(C),16-24 ft.,19.0,43.0,195.0,1,1,20160222,CLE,DET
Shot Chart Detail,0021500833,56,2544,LeBron James,1610612739,Cleveland Cavaliers,1,4,23,Missed Shot,Jump Shot,2PT Field Goal,Mid-Range,Right Side(R),16-24 ft.,16.0,141.0,80.0,1,0,20160222,CLE,DET
Shot Chart Detail,0021500833,72,2544,LeBron James,1610612739,Cleveland Cavaliers,1,2,2,Missed Shot,Running Jump Shot,2PT Field Goal,In The Paint (Non-RA),Left Side(L),8-16 ft.,8.0,-48.0,67.0,1,0,20160222,CLE,DET
Shot Chart Detail,0021500833,77,2544,LeBron James,1610612739,Cleveland Cavaliers,1,1,24,Made Shot,Turnaround Bank shot,2PT Field Goal,Mid-Range,Left Side(L),8-16 ft.,10.0,-101.0,36.0,1,1,20160222,CLE,DET
Shot Chart Detail,0021500833,173,2544,LeBron James,1610612739,Cleveland Cavaliers,2,4,1,Missed Shot,Jump Shot,3PT Field Goal,Above the Break 3,Center(C),24+ ft.,24.0,58.0,237.0,1,0,20160222,CLE,DET
Shot Chart Detail,0021500833,239,2544,LeBron James,1610612739,Cleveland Cavaliers,3,11,33,Missed Shot,Jump Shot,2PT Field Goal,In The Paint (Non-RA),Center(C),Less Than 8 ft.,6.0,-11.0,67.0,1,0,20160222,CLE,DET
Shot Chart Detail,0021500833,251,2544,LeBron James,1610612739,Cleveland Cavaliers,3,10,29,Missed Shot,Jump Shot,3PT Field Goal,Above the Break 3,Right Side Center(RC),24+ ft.,24.0,107.0,219.0,1,0,20160222,CLE,DET
Shot Chart Detail,0021500833,261,2544,LeBron James,1610612739,Cleveland Cavaliers,3,9,11,Missed Shot,Jump Shot,3PT Field Goal,Above the Break 3,Center(C),24+ ft.,25.0,43.0,249.0,1,0,20160222,CLE,DET
Shot Chart Detail,0021500833,283,2544,LeBron James,1610612739,Cleveland Cavaliers,3,5,35,Missed Shot,Jump Shot,2PT Field Goal,In The Paint (Non-RA),Center(C),Less Than 8 ft.,7.0,-52.0,56.0,1,0,20160222,CLE,DET
Shot Chart Detail,0021500833,327,2544,LeBron James,1610612739,Cleveland Cavaliers,3,1,33,Missed Shot,Running Jump Shot,2PT Field Goal,Mid-Range,Left Side(L),8-16 ft.,9.0,-94.0,21.0,1,0,20160222,CLE,DET
Shot Chart Detail,0021500833,336,2544,LeBron James,1610612739,Cleveland Cavaliers,3,0,39,Made Shot,Driving Layup Shot,2PT Field Goal,Restricted Area,Center(C),Less Than 8 ft.,1.0,-14.0,2.0,1,1,20160222,CLE,DET
Shot Chart Detail,0021500833,340,2544,LeBron James,1610612739,Cleveland Cavaliers,3,0,2,Missed Shot,Driving Layup Shot,2PT Field Goal,Restricted Area,Center(C),Less Than 8 ft.,2.0,-20.0,8.0,1,0,20160222,CLE,DET
Shot Chart Detail,0021500833,384,2544,LeBron James,1610612739,Cleveland Cavaliers,4,7,48,Missed Shot,Reverse Layup Shot,2PT Field Goal,Restricted Area,Center(C),Less Than 8 ft.,1.0,-11.0,11.0,1,0,20160222,CLE,DET
Shot Chart Detail,0021500833,386,2544,LeBron James,1610612739,Cleveland Cavaliers,4,7,47,Missed Shot,Reverse Layup Shot,2PT Field Goal,Restricted Area,Center(C),Less Than 8 ft.,0.0,-6.0,0.0,1,0,20160222,CLE,DET
Shot Chart Detail,0021500833,420,2544,LeBron James,1610612739,Cleveland Cavaliers,4,4,5,Made Shot,Running Dunk Shot,2PT Field Goal,Restricted Area,Center(C),Less Than 8 ft.,0.0,0.0,1.0,1,1,20160222,CLE,DET
Shot Chart Detail,0021500833,436,2544,LeBron James,1610612739,Cleveland Cavaliers,4,2,57,Missed Shot,Jump Shot,3PT Field Goal,Above the Break 3,Left Side Center(LC),24+ ft.,24.0,-135.0,208.0,1,0,20160222,CLE,DET
Shot Chart Detail,0021500845,5,2544,LeBron James,1610612739,Cleveland Cavaliers,1,11,26,Made Shot,Driving Layup Shot,2PT Field Goal,Restricted Area,Center(C),Less Than 8 ft.,0.0,0.0,2.0,1,1,20160224,CLE,CHA
Shot Chart Detail,0021500845,17,2544,LeBron James,1610612739,Cleveland Cavaliers,1,9,58,Missed Shot,Driving Layup Shot,2PT Field Goal,Restricted Area,Center(C),Less Than 8 ft.,1.0,-4.0,-11.0,1,0,20160224,CLE,CHA
Shot Chart Detail,0021500845,22,2544,LeBron James,1610612739,Cleveland Cavaliers,1,9,6,Made Shot,Jump Shot,3PT Field Goal,Left Corner 3,Left Side(L),24+ ft.,22.0,-225.0,3.0,1,1,20160224,CLE,CHA
Shot Chart Detail,0021500845,37,2544,LeBron James,1610612739,Cleveland Cavaliers,1,7,28,Made Shot,Jump Shot,3PT Field Goal,Above the Break 3,Right Side Center(RC),24+ ft.,24.0,122.0,213.0,1,1,20160224,CLE,CHA
Shot Chart Detail,0021500845,39,2544,LeBron James,1610612739,Cleveland Cavaliers,1,6,56,Missed Shot,Jump Shot,3PT Field Goal,Above the Break 3,Right Side Center(RC),24+ ft.,24.0,97.0,228.0,1,0,20160224,CLE,CHA
Shot Chart Detail,0021500845,62,2544,LeBron James,1610612739,Cleveland Cavaliers,1,5,6,Missed Shot,Jump Shot,3PT Field Goal,Above the Break 3,Center(C),24+ ft.,24.0,17.0,242.0,1,0,20160224,CLE,CHA
Shot Chart Detail,0021500845,189,2544,LeBron James,1610612739,Cleveland Cavaliers,2,6,54,Made Shot,Layup Shot,2PT Field Goal,Restricted Area,Center(C),Less Than 8 ft.,0.0,-1.0,-1.0,1,1,20160224,CLE,CHA
Shot Chart Detail,0021500845,243,2544,LeBron James,1610612739,Cleveland Cavaliers,2,2,54,Made Shot,Running Dunk Shot,2PT Field Goal,Restricted Area,Center(C),Less Than 8 ft.,0.0,0.0,1.0,1,1,20160224,CLE,CHA
Shot Chart Detail,0021500845,286,2544,LeBron James,1610612739,Cleveland Cavaliers,2,0,0,Missed Shot,Turnaround Fadeaway shot,2PT Field Goal,Mid-Range,Left Side(L),8-16 ft.,14.0,-145.0,-15.0,1,0,20160224,CLE,CHA
Shot Chart Detail,0021500845,324,2544,LeBron James,1610612739,Cleveland Cavaliers,3,7,11,Made Shot,Running Dunk Shot,2PT Field Goal,Restricted Area,Center(C),Less Than 8 ft.,0.0,0.0,1.0,1,1,20160224,CLE,CHA
Shot Chart Detail,0021500845,330,2544,LeBron James,1610612739,Cleveland Cavaliers,3,6,8,Made Shot,Running Reverse Layup Shot,2PT Field Goal,Restricted Area,Center(C),Less Than 8 ft.,1.0,-12.0,-1.0,1,1,20160224,CLE,CHA
Shot Chart Detail,0021500845,344,2544,LeBron James,1610612739,Cleveland Cavaliers,3,4,9,Missed Shot,Driving Reverse Layup Shot,2PT Field Goal,Restricted Area,Center(C),Less Than 8 ft.,0.0,9.0,3.0,1,0,20160224,CLE,CHA
Shot Chart Detail,0021500845,355,2544,LeBron James,1610612739,Cleveland Cavaliers,3,3,52,Made Shot,Cutting Layup Shot,2PT Field Goal,Restricted Area,Center(C),Less Than 8 ft.,1.0,-7.0,-10.0,1,1,20160224,CLE,CHA
Shot Chart Detail,0021500864,35,2544,LeBron James,1610612739,Cleveland Cavaliers,1,8,13,Made Shot,Driving Bank Hook Shot,2PT Field Goal,In The Paint (Non-RA),Center(C),Less Than 8 ft.,4.0,38.0,16.0,1,1,20160226,TOR,CLE
Shot Chart Detail,0021500864,54,2544,LeBron James,1610612739,Cleveland Cavaliers,1,6,23,Missed Shot,Driving Floating Jump Shot,2PT Field Goal,In The Paint (Non-RA),Center(C),8-16 ft.,10.0,35.0,100.0,1,0,20160226,TOR,CLE
Shot Chart Detail,0021500864,58,2544,LeBron James,1610612739,Cleveland Cavaliers,1,5,42,Made Shot,Turnaround Jump Shot,2PT Field Goal,Mid-Range,Left Side(L),16-24 ft.,17.0,-176.0,23.0,1,1,20160226,TOR,CLE
Shot Chart Detail,0021500864,65,2544,LeBron James,1610612739,Cleveland Cavaliers,1,4,42,Missed Shot,Driving Reverse Layup Shot,2PT Field Goal,Restricted Area,Center(C),Less Than 8 ft.,2.0,20.0,16.0,1,0,20160226,TOR,CLE
Shot Chart Detail,0021500864,79,2544,LeBron James,1610612739,Cleveland Cavaliers,1,3,40,Missed Shot,Driving Floating Bank Jump Shot,2PT Field Goal,In The Paint (Non-RA),Center(C),Less Than 8 ft.,5.0,-45.0,36.0,1,0,20160226,TOR,CLE
Shot Chart Detail,0021500864,107,2544,LeBron James,1610612739,Cleveland Cavaliers,1,1,36,Made Shot,Pullup Jump shot,3PT Field Goal,Above the Break 3,Center(C),24+ ft.,25.0,-56.0,244.0,1,1,20160226,TOR,CLE
Shot Chart Detail,0021500864,110,2544,LeBron James,1610612739,Cleveland Cavaliers,1,1,4,Missed Shot,Pullup Jump shot,3PT Field Goal,Above the Break 3,Left Side Center(LC),24+ ft.,26.0,-165.0,203.0,1,0,20160226,TOR,CLE
Shot Chart Detail,0021500864,193,2544,LeBron James,1610612739,Cleveland Cavaliers,2,2,52,Made Shot,Driving Floating Bank Jump Shot,2PT Field Goal,In The Paint (Non-RA),Center(C),Less Than 8 ft.,4.0,-42.0,8.0,1,1,20160226,TOR,CLE
Shot Chart Detail,0021500864,204,2544,LeBron James,1610612739,Cleveland Cavaliers,2,2,2,Missed Shot,Turnaround Hook Shot,2PT Field Goal,In The Paint (Non-RA),Center(C),Less Than 8 ft.,6.0,4.0,67.0,1,0,20160226,TOR,CLE
Shot Chart Detail,0021500864,207,2544,LeBron James,1610612739,Cleveland Cavaliers,2,1,42,Missed Shot,Layup Shot,2PT Field Goal,Restricted Area,Center(C),Less Than 8 ft.,1.0,-11.0,11.0,1,0,20160226,TOR,CLE
Shot Chart Detail,0021500864,233,2544,LeBron James,1610612739,Cleveland Cavaliers,3,11,9,Made Shot,Pullup Jump shot,2PT Field Goal,Mid-Range,Left Side(L),16-24 ft.,16.0,-143.0,72.0,1,1,20160226,TOR,CLE
Shot Chart Detail,0021500864,293,2544,LeBron James,1610612739,Cleveland Cavaliers,3,7,8,Missed Shot,Driving Layup Shot,2PT Field Goal,Restricted Area,Center(C),Less Than 8 ft.,3.0,-29.0,16.0,1,0,20160226,TOR,CLE
Shot Chart Detail,0021500864,310,2544,LeBron James,1610612739,Cleveland Cavaliers,3,6,15,Made Shot,Running Pull-Up Jump Shot,3PT Field Goal,Above the Break 3,Right Side Center(RC),24+ ft.,28.0,194.0,208.0,1,1,20160226,TOR,CLE
Shot Chart Detail,0021500864,360,2544,LeBron James,1610612739,Cleveland Cavaliers,3,1,52,Made Shot,Putback Layup Shot,2PT Field Goal,Restricted Area,Center(C),Less Than 8 ft.,1.0,15.0,7.0,1,1,20160226,TOR,CLE
Shot Chart Detail,0021500864,408,2544,LeBron James,1610612739,Cleveland Cavaliers,4,10,12,Made Shot,Cutting Dunk Shot,2PT Field Goal,Restricted Area,Center(C),Less Than 8 ft.,0.0,0.0,1.0,1,1,20160226,TOR,CLE
Shot Chart Detail,0021500864,455,2544,LeBron James,1610612739,Cleveland Cavaliers,4,5,38,Made Shot,Alley Oop Dunk Shot,2PT Field Goal,Restricted Area,Center(C),Less Than 8 ft.,0.0,0.0,1.0,1,1,20160226,TOR,CLE
Shot Chart Detail,0021500864,463,2544,LeBron James,1610612739,Cleveland Cavaliers,4,4,8,Missed Shot,Driving Layup Shot,2PT Field Goal,Restricted Area,Center(C),Less Than 8 ft.,2.0,-29.0,3.0,1,0,20160226,TOR,CLE
Shot Chart Detail,0021500864,539,2544,LeBron James,1610612739,Cleveland Cavaliers,4,0,0,Missed Shot,Pullup Jump shot,3PT Field Goal,Above the Break 3,Center(C),24+ ft.,26.0,9.0,262.0,1,0,20160226,TOR,CLE
Shot Chart Detail,0021500884,19,2544,LeBron James,1610612739,Cleveland Cavaliers,1,10,16,Made Shot,Driving Finger Roll Layup Shot,2PT Field Goal,Restricted Area,Center(C),Less Than 8 ft.,1.0,-17.0,-1.0,1,1,20160229,CLE,IND
Shot Chart Detail,0021500884,26,2544,LeBron James,1610612739,Cleveland Cavaliers,1,9,19,Made Shot,Driving Layup Shot,2PT Field Goal,Restricted Area,Center(C),Less Than 8 ft.,1.0,9.0,-10.0,1,1,20160229,CLE,IND
Shot Chart Detail,0021500884,46,2544,LeBron James,1610612739,Cleveland Cavaliers,1,6,44,Made Shot,Turnaround Fadeaway shot,2PT Field Goal,Mid-Range,Left Side(L),8-16 ft.,15.0,-150.0,28.0,1,1,20160229,CLE,IND
Shot Chart Detail,0021500884,52,2544,LeBron James,1610612739,Cleveland Cavaliers,1,5,54,Made Shot,Driving Layup Shot,2PT Field Goal,Restricted Area,Center(C),Less Than 8 ft.,1.0,-12.0,-11.0,1,1,20160229,CLE,IND
Shot Chart Detail,0021500884,73,2544,LeBron James,1610612739,Cleveland Cavaliers,1,3,54,Missed Shot,Jump Shot,2PT Field Goal,In The Paint (Non-RA),Left Side(L),8-16 ft.,8.0,-60.0,61.0,1,0,20160229,CLE,IND
Shot Chart Detail,0021500884,79,2544,LeBron James,1610612739,Cleveland Cavaliers,1,3,9,Made Shot,Driving Layup Shot,2PT Field Goal,Restricted Area,Center(C),Less Than 8 ft.,0.0,-7.0,-5.0,1,1,20160229,CLE,IND
Shot Chart Detail,0021500884,81,2544,LeBron James,1610612739,Cleveland Cavaliers,1,2,32,Made Shot,Reverse Layup Shot,2PT Field Goal,Restricted Area,Center(C),Less Than 8 ft.,0.0,-7.0,3.0,1,1,20160229,CLE,IND
Shot Chart Detail,0021500884,102,2544,LeBron James,1610612739,Cleveland Cavaliers,1,0,1,Missed Shot,Fadeaway Jump Shot,2PT Field Goal,Mid-Range,Left Side(L),8-16 ft.,12.0,-114.0,51.0,1,0,20160229,CLE,IND
Shot Chart Detail,0021500884,192,2544,LeBron James,1610612739,Cleveland Cavaliers,2,3,0,Made Shot,Jump Shot,3PT Field Goal,Above the Break 3,Left Side Center(LC),24+ ft.,24.0,-165.0,185.0,1,1,20160229,CLE,IND
Shot Chart Detail,0021500884,196,2544,LeBron James,1610612739,Cleveland Cavaliers,2,2,29,Made Shot,Layup Shot,2PT Field Goal,Restricted Area,Center(C),Less Than 8 ft.,0.0,-6.0,7.0,1,1,20160229,CLE,IND
Shot Chart Detail,0021500884,221,2544,LeBron James,1610612739,Cleveland Cavaliers,2,1,17,Missed Shot,Jump Bank Shot,2PT Field Goal,In The Paint (Non-RA),Center(C),Less Than 8 ft.,5.0,-47.0,33.0,1,0,20160229,CLE,IND
Shot Chart Detail,0021500884,227,2544,LeBron James,1610612739,Cleveland Cavaliers,2,0,41,Made Shot,Jump Shot,3PT Field Goal,Above the Break 3,Right Side Center(RC),24+ ft.,24.0,205.0,126.0,1,1,20160229,CLE,IND
Shot Chart Detail,0021500884,229,2544,LeBron James,1610612739,Cleveland Cavaliers,2,0,0,Missed Shot,Jump Shot,3PT Field Goal,Left Corner 3,Left Side(L),24+ ft.,23.0,-230.0,-5.0,1,0,20160229,CLE,IND
Shot Chart Detail,0021500884,239,2544,LeBron James,1610612739,Cleveland Cavaliers,3,11,0,Missed Shot,Driving Layup Shot,2PT Field Goal,Restricted Area,Center(C),Less Than 8 ft.,1.0,-4.0,13.0,1,0,20160229,CLE,IND
Shot Chart Detail,0021500884,245,2544,LeBron James,1610612739,Cleveland Cavaliers,3,10,29,Made Shot,Driving Layup Shot,2PT Field Goal,Restricted Area,Center(C),Less Than 8 ft.,1.0,1.0,-11.0,1,1,20160229,CLE,IND
Shot Chart Detail,0021500884,278,2544,LeBron James,1610612739,Cleveland Cavaliers,3,7,9,Made Shot,Driving Layup Shot,2PT Field Goal,Restricted Area,Center(C),Less Than 8 ft.,0.0,-7.0,-1.0,1,1,20160229,CLE,IND
Shot Chart Detail,0021500884,329,2544,LeBron James,1610612739,Cleveland Cavaliers,3,3,23,Missed Shot,Turnaround Fadeaway shot,2PT Field Goal,Mid-Range,Left Side(L),8-16 ft.,12.0,-107.0,56.0,1,0,20160229,CLE,IND
Shot Chart Detail,0021500884,344,2544,LeBron James,1610612739,Cleveland Cavaliers,3,1,45,Made Shot,Cutting Layup Shot,2PT Field Goal,Restricted Area,Center(C),Less Than 8 ft.,0.0,-6.0,0.0,1,1,20160229,CLE,IND
Shot Chart Detail,0021500884,352,2544,LeBron James,1610612739,Cleveland Cavaliers,3,0,28,Made Shot,Driving Layup Shot,2PT Field Goal,Restricted Area,Center(C),Less Than 8 ft.,0.0,-9.0,2.0,1,1,20160229,CLE,IND
Shot Chart Detail,0021500884,433,2544,LeBron James,1610612739,Cleveland Cavaliers,4,5,53,Missed Shot,Jump Shot,3PT Field Goal,Right Corner 3,Right Side(R),24+ ft.,22.0,225.0,2.0,1,0,20160229,CLE,IND
Shot Chart Detail,0021500884,472,2544,LeBron James,1610612739,Cleveland Cavaliers,4,2,27,Missed Shot,Jump Bank Shot,2PT Field Goal,In The Paint (Non-RA),Left Side(L),8-16 ft.,8.0,-79.0,13.0,1,0,20160229,CLE,IND
Shot Chart Detail,0021500884,481,2544,LeBron James,1610612739,Cleveland Cavaliers,4,2,24,Made Shot,Cutting Layup Shot,2PT Field Goal,Restricted Area,Center(C),Less Than 8 ft.,0.0,-1.0,-1.0,1,1,20160229,CLE,IND
Shot Chart Detail,0021500917,6,2544,LeBron James,1610612739,Cleveland Cavaliers,1,11,11,Missed Shot,Running Layup Shot,2PT Field Goal,Restricted Area,Center(C),Less Than 8 ft.,1.0,2.0,-15.0,1,0,20160304,CLE,WAS
Shot Chart Detail,0021500917,25,2544,LeBron James,1610612739,Cleveland Cavaliers,1,8,1,Missed Shot,Driving Reverse Layup Shot,2PT Field Goal,Restricted Area,Center(C),Less Than 8 ft.,1.0,-11.0,2.0,1,0,20160304,CLE,WAS
Shot Chart Detail,0021500917,49,2544,LeBron James,1610612739,Cleveland Cavaliers,1,6,0,Made Shot,Running Dunk Shot,2PT Field Goal,Restricted Area,Center(C),Less Than 8 ft.,0.0,0.0,1.0,1,1,20160304,CLE,WAS
Shot Chart Detail,0021500917,51,2544,LeBron James,1610612739,Cleveland Cavaliers,1,5,50,Made Shot,Running Dunk Shot,2PT Field Goal,Restricted Area,Center(C),Less Than 8 ft.,0.0,0.0,1.0,1,1,20160304,CLE,WAS
Shot Chart Detail,0021500917,61,2544,LeBron James,1610612739,Cleveland Cavaliers,1,4,36,Missed Shot,Jump Shot,2PT Field Goal,Mid-Range,Right Side Center(RC),16-24 ft.,16.0,114.0,120.0,1,0,20160304,CLE,WAS
Shot Chart Detail,0021500917,96,2544,LeBron James,1610612739,Cleveland Cavaliers,1,2,19,Missed Shot,Layup Shot,2PT Field Goal,Restricted Area,Center(C),Less Than 8 ft.,1.0,-11.0,16.0,1,0,20160304,CLE,WAS
Shot Chart Detail,0021500917,192,2544,LeBron James,1610612739,Cleveland Cavaliers,2,4,50,Made Shot,Driving Hook Shot,2PT Field Goal,Restricted Area,Center(C),Less Than 8 ft.,1.0,4.0,18.0,1,1,20160304,CLE,WAS
Shot Chart Detail,0021500917,206,2544,LeBron James,1610612739,Cleveland Cavaliers,2,3,16,Made Shot,Jump Shot,3PT Field Goal,Right Corner 3,Right Side(R),24+ ft.,24.0,243.0,7.0,1,1,20160304,CLE,WAS
Shot Chart Detail,0021500917,227,2544,LeBron James,1610612739,Cleveland Cavaliers,2,0,50,Missed Shot,Jump Shot,3PT Field Goal,Above the Break 3,Left Side Center(LC),24+ ft.,25.0,-130.0,219.0,1,0,20160304,CLE,WAS
Shot Chart Detail,0021500917,233,2544,LeBron James,1610612739,Cleveland Cavaliers,2,0,35,Made Shot,Driving Layup Shot,2PT Field Goal,Restricted Area,Center(C),Less Than 8 ft.,0.0,1.0,-6.0,1,1,20160304,CLE,WAS
Shot Chart Detail,0021500917,236,2544,LeBron James,1610612739,Cleveland Cavaliers,2,0,0,Missed Shot,Jump Shot,3PT Field Goal,Above the Break 3,Left Side Center(LC),24+ ft.,26.0,-97.0,242.0,1,0,20160304,CLE,WAS
Shot Chart Detail,0021500917,264,2544,LeBron James,1610612739,Cleveland Cavaliers,3,10,5,Made Shot,Driving Layup Shot,2PT Field Goal,Restricted Area,Center(C),Less Than 8 ft.,2.0,-22.0,2.0,1,1,20160304,CLE,WAS
Shot Chart Detail,0021500917,285,2544,LeBron James,1610612739,Cleveland Cavaliers,3,7,41,Missed Shot,Jump Shot,2PT Field Goal,Mid-Range,Left Side(L),16-24 ft.,16.0,-158.0,61.0,1,0,20160304,CLE,WAS
Shot Chart Detail,0021500917,290,2544,LeBron James,1610612739,Cleveland Cavaliers,3,7,12,Missed Shot,Layup Shot,2PT Field Goal,Restricted Area,Center(C),Less Than 8 ft.,1.0,-16.0,2.0,1,0,20160304,CLE,WAS
Shot Chart Detail,0021500917,294,2544,LeBron James,1610612739,Cleveland Cavaliers,3,6,41,Missed Shot,Driving Layup Shot,2PT Field Goal,Restricted Area,Center(C),Less Than 8 ft.,1.0,-14.0,-1.0,1,0,20160304,CLE,WAS
Shot Chart Detail,0021500917,353,2544,LeBron James,1610612739,Cleveland Cavaliers,3,2,31,Missed Shot,Jump Shot,2PT Field Goal,In The Paint (Non-RA),Center(C),Less Than 8 ft.,4.0,32.0,38.0,1,0,20160304,CLE,WAS
Shot Chart Detail,0021500917,356,2544,LeBron James,1610612739,Cleveland Cavaliers,3,2,26,Missed Shot,Jump Shot,3PT Field Goal,Above the Break 3,Left Side Center(LC),24+ ft.,25.0,-137.0,219.0,1,0,20160304,CLE,WAS
Shot Chart Detail,0021500917,376,2544,LeBron James,1610612739,Cleveland Cavaliers,3,0,4,Made Shot,Driving Layup Shot,2PT Field Goal,Restricted Area,Center(C),Less Than 8 ft.,1.0,-14.0,-6.0,1,1,20160304,CLE,WAS
Shot Chart Detail,0021500922,11,2544,LeBron James,1610612739,Cleveland Cavaliers,1,9,40,Missed Shot,Jump Shot,3PT Field Goal,Above the Break 3,Right Side Center(RC),24+ ft.,24.0,220.0,105.0,1,0,20160305,CLE,BOS
Shot Chart Detail,0021500922,41,2544,LeBron James,1610612739,Cleveland Cavaliers,1,7,10,Made Shot,Driving Dunk Shot,2PT Field Goal,Restricted Area,Center(C),Less Than 8 ft.,0.0,0.0,1.0,1,1,20160305,CLE,BOS
Shot Chart Detail,0021500922,81,2544,LeBron James,1610612739,Cleveland Cavaliers,1,2,55,Made Shot,Driving Layup Shot,2PT Field Goal,Restricted Area,Center(C),Less Than 8 ft.,1.0,-1.0,-16.0,1,1,20160305,CLE,BOS
Shot Chart Detail,0021500922,201,2544,LeBron James,1610612739,Cleveland Cavaliers,2,4,40,Missed Shot,Jump Shot,3PT Field Goal,Above the Break 3,Right Side Center(RC),24+ ft.,24.0,156.0,193.0,1,0,20160305,CLE,BOS
Shot Chart Detail,0021500922,210,2544,LeBron James,1610612739,Cleveland Cavaliers,2,4,17,Made Shot,Jump Shot,2PT Field Goal,Mid-Range,Right Side Center(RC),16-24 ft.,16.0,61.0,154.0,1,1,20160305,CLE,BOS
Shot Chart Detail,0021500922,225,2544,LeBron James,1610612739,Cleveland Cavaliers,2,2,41,Missed Shot,Running Layup Shot,2PT Field Goal,Restricted Area,Center(C),Less Than 8 ft.,0.0,-6.0,2.0,1,0,20160305,CLE,BOS
Shot Chart Detail,0021500922,232,2544,LeBron James,1610612739,Cleveland Cavaliers,2,2,40,Missed Shot,Tip Layup Shot,2PT Field Goal,Restricted Area,Center(C),Less Than 8 ft.,1.0,-13.0,4.0,1,0,20160305,CLE,BOS
Shot Chart Detail,0021500922,268,2544,LeBron James,1610612739,Cleveland Cavaliers,2,0,3,Missed Shot,Driving Layup Shot,2PT Field Goal,Restricted Area,Center(C),Less Than 8 ft.,3.0,15.0,26.0,1,0,20160305,CLE,BOS
Shot Chart Detail,0021500922,328,2544,LeBron James,1610612739,Cleveland Cavaliers,3,7,38,Made Shot,Layup Shot,2PT Field Goal,Restricted Area,Center(C),Less Than 8 ft.,1.0,-16.0,8.0,1,1,20160305,CLE,BOS
Shot Chart Detail,0021500922,351,2544,LeBron James,1610612739,Cleveland Cavaliers,3,6,16,Made Shot,Jump Shot,3PT Field Goal,Above the Break 3,Left Side Center(LC),24+ ft.,24.0,-199.0,149.0,1,1,20160305,CLE,BOS
Shot Chart Detail,0021500922,375,2544,LeBron James,1610612739,Cleveland Cavaliers,3,4,43,Made Shot,Layup Shot,2PT Field Goal,Restricted Area,Center(C),Less Than 8 ft.,0.0,-2.0,-5.0,1,1,20160305,CLE,BOS
Shot Chart Detail,0021500922,379,2544,LeBron James,1610612739,Cleveland Cavaliers,3,4,19,Made Shot,Putback Layup Shot,2PT Field Goal,Restricted Area,Center(C),Less Than 8 ft.,2.0,20.0,-16.0,1,1,20160305,CLE,BOS
Shot Chart Detail,0021500922,396,2544,LeBron James,1610612739,Cleveland Cavaliers,3,3,30,Missed Shot,Step Back Jump shot,3PT Field Goal,Left Corner 3,Left Side(L),24+ ft.,24.0,-240.0,-11.0,1,0,20160305,CLE,BOS
Shot Chart Detail,0021500922,399,2544,LeBron James,1610612739,Cleveland Cavaliers,3,3,3,Made Shot,Cutting Layup Shot,2PT Field Goal,Restricted Area,Center(C),Less Than 8 ft.,0.0,1.0,0.0,1,1,20160305,CLE,BOS
Shot Chart Detail,0021500922,403,2544,LeBron James,1610612739,Cleveland Cavaliers,3,1,50,Missed Shot,Jump Shot,2PT Field Goal,Mid-Range,Left Side Center(LC),16-24 ft.,17.0,-97.0,141.0,1,0,20160305,CLE,BOS
Shot Chart Detail,0021500922,480,2544,LeBron James,1610612739,Cleveland Cavaliers,4,7,24,Made Shot,Cutting Layup Shot,2PT Field Goal,Restricted Area,Center(C),Less Than 8 ft.,1.0,12.0,7.0,1,1,20160305,CLE,BOS
Shot Chart Detail,0021500922,489,2544,LeBron James,1610612739,Cleveland Cavaliers,4,6,20,Missed Shot,Turnaround Fadeaway shot,2PT Field Goal,In The Paint (Non-RA),Center(C),Less Than 8 ft.,7.0,-25.0,75.0,1,0,20160305,CLE,BOS
Shot Chart Detail,0021500922,493,2544,LeBron James,1610612739,Cleveland Cavaliers,4,5,45,Missed Shot,Step Back Jump shot,2PT Field Goal,Mid-Range,Center(C),16-24 ft.,16.0,-1.0,160.0,1,0,20160305,CLE,BOS
Shot Chart Detail,0021500922,512,2544,LeBron James,1610612739,Cleveland Cavaliers,4,4,33,Made Shot,Driving Layup Shot,2PT Field Goal,Restricted Area,Center(C),Less Than 8 ft.,0.0,2.0,7.0,1,1,20160305,CLE,BOS
Shot Chart Detail,0021500922,536,2544,LeBron James,1610612739,Cleveland Cavaliers,4,2,58,Made Shot,Pullup Jump shot,2PT Field Goal,Mid-Range,Center(C),8-16 ft.,14.0,-14.0,141.0,1,1,20160305,CLE,BOS
Shot Chart Detail,0021500938,13,2544,LeBron James,1610612739,Cleveland Cavaliers,1,10,19,Made Shot,Cutting Layup Shot,2PT Field Goal,Restricted Area,Center(C),Less Than 8 ft.,1.0,0.0,-10.0,1,1,20160307,CLE,MEM
Shot Chart Detail,0021500938,21,2544,LeBron James,1610612739,Cleveland Cavaliers,1,9,6,Missed Shot,Layup Shot,2PT Field Goal,Restricted Area,Center(C),Less Than 8 ft.,2.0,-17.0,11.0,1,0,20160307,CLE,MEM
Shot Chart Detail,0021500938,22,2544,LeBron James,1610612739,Cleveland Cavaliers,1,9,4,Made Shot,Tip Layup Shot,2PT Field Goal,Restricted Area,Center(C),Less Than 8 ft.,1.0,8.0,9.0,1,1,20160307,CLE,MEM
Shot Chart Detail,0021500938,43,2544,LeBron James,1610612739,Cleveland Cavaliers,1,7,50,Missed Shot,Driving Reverse Layup Shot,2PT Field Goal,Restricted Area,Center(C),Less Than 8 ft.,0.0,-6.0,0.0,1,0,20160307,CLE,MEM
Shot Chart Detail,0021500938,79,2544,LeBron James,1610612739,Cleveland Cavaliers,1,4,4,Made Shot,Layup Shot,2PT Field Goal,Restricted Area,Center(C),Less Than 8 ft.,1.0,-9.0,7.0,1,1,20160307,CLE,MEM
Shot Chart Detail,0021500938,89,2544,LeBron James,1610612739,Cleveland Cavaliers,1,3,35,Made Shot,Jump Shot,3PT Field Goal,Above the Break 3,Left Side Center(LC),24+ ft.,26.0,-197.0,174.0,1,1,20160307,CLE,MEM
Shot Chart Detail,0021500938,93,2544,LeBron James,1610612739,Cleveland Cavaliers,1,3,5,Missed Shot,Jump Shot,3PT Field Goal,Above the Break 3,Left Side Center(LC),24+ ft.,25.0,-192.0,165.0,1,0,20160307,CLE,MEM
Shot Chart Detail,0021500938,119,2544,LeBron James,1610612739,Cleveland Cavaliers,1,0,33,Missed Shot,Driving Layup Shot,2PT Field Goal,Restricted Area,Center(C),Less Than 8 ft.,1.0,0.0,16.0,1,0,20160307,CLE,MEM
Shot Chart Detail,0021500938,283,2544,LeBron James,1610612739,Cleveland Cavaliers,2,2,27,Made Shot,Layup Shot,2PT Field Goal,Restricted Area,Center(C),Less Than 8 ft.,1.0,-17.0,8.0,1,1,20160307,CLE,MEM
Shot Chart Detail,0021500938,292,2544,LeBron James,1610612739,Cleveland Cavaliers,2,1,23,Made Shot,Cutting Layup Shot,2PT Field Goal,Restricted Area,Center(C),Less Than 8 ft.,0.0,-7.0,7.0,1,1,20160307,CLE,MEM
Shot Chart Detail,0021500938,298,2544,LeBron James,1610612739,Cleveland Cavaliers,2,0,54,Missed Shot,Running Jump Shot,2PT Field Goal,Restricted Area,Center(C),Less Than 8 ft.,3.0,9.0,36.0,1,0,20160307,CLE,MEM
Shot Chart Detail,0021500938,333,2544,LeBron James,1610612739,Cleveland Cavaliers,3,10,11,Made Shot,Cutting Layup Shot,2PT Field Goal,Restricted Area,Center(C),Less Than 8 ft.,2.0,-22.0,-1.0,1,1,20160307,CLE,MEM
Shot Chart Detail,0021500938,355,2544,LeBron James,1610612739,Cleveland Cavaliers,3,8,13,Missed Shot,Running Layup Shot,2PT Field Goal,Restricted Area,Center(C),Less Than 8 ft.,2.0,18.0,15.0,1,0,20160307,CLE,MEM
Shot Chart Detail,0021500938,357,2544,LeBron James,1610612739,Cleveland Cavaliers,3,8,3,Made Shot,Putback Dunk Shot,2PT Field Goal,Restricted Area,Center(C),Less Than 8 ft.,0.0,0.0,1.0,1,1,20160307,CLE,MEM
Shot Chart Detail,0021500938,434,2544,LeBron James,1610612739,Cleveland Cavaliers,3,2,11,Made Shot,Driving Dunk Shot,2PT Field Goal,Restricted Area,Center(C),Less Than 8 ft.,0.0,0.0,1.0,1,1,20160307,CLE,MEM
Shot Chart Detail,0021500938,526,2544,LeBron James,1610612739,Cleveland Cavaliers,4,3,59,Missed Shot,Driving Layup Shot,2PT Field Goal,Restricted Area,Center(C),Less Than 8 ft.,2.0,-19.0,18.0,1,0,20160307,CLE,MEM
Shot Chart Detail,0021500938,543,2544,LeBron James,1610612739,Cleveland Cavaliers,4,2,10,Missed Shot,Jump Shot,3PT Field Goal,Above the Break 3,Right Side Center(RC),24+ ft.,25.0,114.0,229.0,1,0,20160307,CLE,MEM
Shot Chart Detail,0021500938,559,2544,LeBron James,1610612739,Cleveland Cavaliers,4,0,45,Made Shot,Driving Layup Shot,2PT Field Goal,Restricted Area,Center(C),Less Than 8 ft.,2.0,-25.0,-1.0,1,1,20160307,CLE,MEM
Shot Chart Detail,0021500938,593,2544,LeBron James,1610612739,Cleveland Cavaliers,4,0,3,Made Shot,Jump Shot,3PT Field Goal,Above the Break 3,Right Side Center(RC),24+ ft.,24.0,150.0,198.0,1,1,20160307,CLE,MEM
Shot Chart Detail,0021500957,15,2544,LeBron James,1610612739,Cleveland Cavaliers,1,10,14,Made Shot,Layup Shot,2PT Field Goal,Restricted Area,Center(C),Less Than 8 ft.,2.0,-27.0,7.0,1,1,20160309,SAC,CLE
Shot Chart Detail,0021500957,27,2544,LeBron James,1610612739,Cleveland Cavaliers,1,9,21,Made Shot,Driving Layup Shot,2PT Field Goal,Restricted Area,Center(C),Less Than 8 ft.,2.0,25.0,11.0,1,1,20160309,SAC,CLE
Shot Chart Detail,0021500957,64,2544,LeBron James,1610612739,Cleveland Cavaliers,1,5,8,Made Shot,Fadeaway Jump Shot,2PT Field Goal,Mid-Range,Right Side(R),8-16 ft.,10.0,92.0,43.0,1,1,20160309,SAC,CLE
Shot Chart Detail,0021500957,67,2544,LeBron James,1610612739,Cleveland Cavaliers,1,4,41,Made Shot,Pullup Jump shot,2PT Field Goal,Mid-Range,Right Side(R),8-16 ft.,15.0,130.0,80.0,1,1,20160309,SAC,CLE
Shot Chart Detail,0021500957,96,2544,LeBron James,1610612739,Cleveland Cavaliers,1,2,19,Missed Shot,Pullup Jump shot,2PT Field Goal,Mid-Range,Left Side(L),8-16 ft.,15.0,-88.0,131.0,1,0,20160309,SAC,CLE
Shot Chart Detail,0021500957,227,2544,LeBron James,1610612739,Cleveland Cavaliers,2,3,12,Missed Shot,Layup Shot,2PT Field Goal,In The Paint (Non-RA),Center(C),Less Than 8 ft.,4.0,38.0,16.0,1,0,20160309,SAC,CLE
Shot Chart Detail,0021500957,284,2544,LeBron James,1610612739,Cleveland Cavaliers,3,10,18,Missed Shot,Pullup Jump shot,2PT Field Goal,Mid-Range,Center(C),16-24 ft.,21.0,-65.0,203.0,1,0,20160309,SAC,CLE
Shot Chart Detail,0021500957,339,2544,LeBron James,1610612739,Cleveland Cavaliers,3,6,51,Missed Shot,Jump Shot,3PT Field Goal,Right Corner 3,Right Side(R),24+ ft.,23.0,232.0,7.0,1,0,20160309,SAC,CLE
Shot Chart Detail,0021500957,351,2544,LeBron James,1610612739,Cleveland Cavaliers,3,4,54,Made Shot,Driving Layup Shot,2PT Field Goal,Restricted Area,Center(C),Less Than 8 ft.,2.0,-25.0,11.0,1,1,20160309,SAC,CLE
Shot Chart Detail,0021500957,354,2544,LeBron James,1610612739,Cleveland Cavaliers,3,4,28,Made Shot,Jump Bank Shot,2PT Field Goal,In The Paint (Non-RA),Center(C),Less Than 8 ft.,7.0,-70.0,23.0,1,1,20160309,SAC,CLE
Shot Chart Detail,0021500957,370,2544,LeBron James,1610612739,Cleveland Cavaliers,3,3,18,Missed Shot,Driving Hook Shot,2PT Field Goal,In The Paint (Non-RA),Center(C),Less Than 8 ft.,6.0,63.0,28.0,1,0,20160309,SAC,CLE
Shot Chart Detail,0021500957,378,2544,LeBron James,1610612739,Cleveland Cavaliers,3,2,54,Made Shot,Running Layup Shot,2PT Field Goal,Restricted Area,Center(C),Less Than 8 ft.,1.0,-2.0,11.0,1,1,20160309,SAC,CLE
Shot Chart Detail,0021500957,462,2544,LeBron James,1610612739,Cleveland Cavaliers,4,8,13,Missed Shot,Jump Shot,3PT Field Goal,Above the Break 3,Center(C),24+ ft.,33.0,-66.0,331.0,1,0,20160309,SAC,CLE
Shot Chart Detail,0021500957,476,2544,LeBron James,1610612739,Cleveland Cavaliers,4,7,36,Made Shot,Pullup Jump shot,3PT Field Goal,Above the Break 3,Center(C),24+ ft.,25.0,-47.0,247.0,1,1,20160309,SAC,CLE
Shot Chart Detail,0021500957,492,2544,LeBron James,1610612739,Cleveland Cavaliers,4,6,56,Missed Shot,Driving Layup Shot,2PT Field Goal,Restricted Area,Center(C),Less Than 8 ft.,2.0,22.0,-1.0,1,0,20160309,SAC,CLE
Shot Chart Detail,0021500957,497,2544,LeBron James,1610612739,Cleveland Cavaliers,4,6,32,Missed Shot,Layup Shot,2PT Field Goal,Restricted Area,Center(C),Less Than 8 ft.,2.0,22.0,19.0,1,0,20160309,SAC,CLE
Shot Chart Detail,0021500957,515,2544,LeBron James,1610612739,Cleveland Cavaliers,4,6,3,Missed Shot,Jump Shot,3PT Field Goal,Above the Break 3,Left Side Center(LC),24+ ft.,25.0,-187.0,170.0,1,0,20160309,SAC,CLE
Shot Chart Detail,0021500957,559,2544,LeBron James,1610612739,Cleveland Cavaliers,4,3,15,Missed Shot,Jump Shot,3PT Field Goal,Above the Break 3,Center(C),24+ ft.,24.0,-30.0,247.0,1,0,20160309,SAC,CLE
Shot Chart Detail,0021500957,596,2544,LeBron James,1610612739,Cleveland Cavaliers,4,0,12,Missed Shot,Floating Jump shot,2PT Field Goal,In The Paint (Non-RA),Center(C),Less Than 8 ft.,7.0,-22.0,70.0,1,0,20160309,SAC,CLE
Shot Chart Detail,0021500962,31,2544,LeBron James,1610612739,Cleveland Cavaliers,1,7,56,Made Shot,Fadeaway Jump Shot,2PT Field Goal,In The Paint (Non-RA),Center(C),Less Than 8 ft.,7.0,-56.0,51.0,1,1,20160310,LAL,CLE
Shot Chart Detail,0021500962,39,2544,LeBron James,1610612739,Cleveland Cavaliers,1,6,44,Made Shot,Driving Layup Shot,2PT Field Goal,Restricted Area,Center(C),Less Than 8 ft.,0.0,9.0,2.0,1,1,20160310,LAL,CLE
Shot Chart Detail,0021500962,88,2544,LeBron James,1610612739,Cleveland Cavaliers,1,2,34,Missed Shot,Fadeaway Jump Shot,2PT Field Goal,In The Paint (Non-RA),Center(C),Less Than 8 ft.,7.0,-40.0,65.0,1,0,20160310,LAL,CLE
Shot Chart Detail,0021500962,199,2544,LeBron James,1610612739,Cleveland Cavaliers,2,4,14,Missed Shot,Jump Shot,3PT Field Goal,Above the Break 3,Right Side Center(RC),24+ ft.,24.0,223.0,92.0,1,0,20160310,LAL,CLE
Shot Chart Detail,0021500962,216,2544,LeBron James,1610612739,Cleveland Cavaliers,2,2,25,Made Shot,Running Dunk Shot,2PT Field Goal,Restricted Area,Center(C),Less Than 8 ft.,0.0,0.0,1.0,1,1,20160310,LAL,CLE
Shot Chart Detail,0021500962,224,2544,LeBron James,1610612739,Cleveland Cavaliers,2,1,37,Made Shot,Jump Shot,3PT Field Goal,Left Corner 3,Left Side(L),24+ ft.,23.0,-237.0,11.0,1,1,20160310,LAL,CLE
Shot Chart Detail,0021500962,229,2544,LeBron James,1610612739,Cleveland Cavaliers,2,0,48,Made Shot,Driving Dunk Shot,2PT Field Goal,Restricted Area,Center(C),Less Than 8 ft.,0.0,0.0,1.0,1,1,20160310,LAL,CLE
Shot Chart Detail,0021500962,245,2544,LeBron James,1610612739,Cleveland Cavaliers,3,10,16,Missed Shot,Running Jump Shot,2PT Field Goal,Restricted Area,Center(C),Less Than 8 ft.,2.0,10.0,28.0,1,0,20160310,LAL,CLE
Shot Chart Detail,0021500962,251,2544,LeBron James,1610612739,Cleveland Cavaliers,3,9,45,Made Shot,Cutting Dunk Shot,2PT Field Goal,Restricted Area,Center(C),Less Than 8 ft.,0.0,0.0,1.0,1,1,20160310,LAL,CLE
Shot Chart Detail,0021500962,268,2544,LeBron James,1610612739,Cleveland Cavaliers,3,6,55,Missed Shot,Turnaround Jump Shot,2PT Field Goal,Mid-Range,Right Side(R),8-16 ft.,13.0,96.0,90.0,1,0,20160310,LAL,CLE
Shot Chart Detail,0021500962,271,2544,LeBron James,1610612739,Cleveland Cavaliers,3,6,48,Missed Shot,Jump Shot,3PT Field Goal,Above the Break 3,Right Side Center(RC),24+ ft.,24.0,132.0,203.0,1,0,20160310,LAL,CLE
Shot Chart Detail,0021500962,273,2544,LeBron James,1610612739,Cleveland Cavaliers,3,6,42,Made Shot,Fadeaway Jump Shot,2PT Field Goal,Mid-Range,Left Side(L),8-16 ft.,8.0,-89.0,11.0,1,1,20160310,LAL,CLE
Shot Chart Detail,0021500962,280,2544,LeBron James,1610612739,Cleveland Cavaliers,3,6,9,Missed Shot,Pullup Jump shot,2PT Field Goal,In The Paint (Non-RA),Right Side(R),8-16 ft.,8.0,45.0,70.0,1,0,20160310,LAL,CLE
Shot Chart Detail,0021500962,341,2544,LeBron James,1610612739,Cleveland Cavaliers,3,1,2,Made Shot,Driving Layup Shot,2PT Field Goal,Restricted Area,Center(C),Less Than 8 ft.,0.0,-9.0,-1.0,1,1,20160310,LAL,CLE
Shot Chart Detail,0021500962,441,2544,LeBron James,1610612739,Cleveland Cavaliers,4,4,38,Missed Shot,Fadeaway Jump Shot,2PT Field Goal,In The Paint (Non-RA),Center(C),8-16 ft.,11.0,-9.0,110.0,1,0,20160310,LAL,CLE
Shot Chart Detail,0021500962,453,2544,LeBron James,1610612739,Cleveland Cavaliers,4,4,11,Missed Shot,Layup Shot,2PT Field Goal,Restricted Area,Center(C),Less Than 8 ft.,0.0,0.0,3.0,1,0,20160310,LAL,CLE
Shot Chart Detail,0021500962,459,2544,LeBron James,1610612739,Cleveland Cavaliers,4,3,47,Missed Shot,Jump Shot,3PT Field Goal,Above the Break 3,Left Side Center(LC),24+ ft.,24.0,-86.0,229.0,1,0,20160310,LAL,CLE
Shot Chart Detail,0021500962,461,2544,LeBron James,1610612739,Cleveland Cavaliers,4,3,26,Made Shot,Layup Shot,2PT Field Goal,Restricted Area,Center(C),Less Than 8 ft.,2.0,-25.0,3.0,1,1,20160310,LAL,CLE
Shot Chart Detail,0021500983,39,2544,LeBron James,1610612739,Cleveland Cavaliers,1,7,12,Missed Shot,Driving Layup Shot,2PT Field Goal,Restricted Area,Center(C),Less Than 8 ft.,3.0,27.0,26.0,1,0,20160313,LAC,CLE
Shot Chart Detail,0021500983,103,2544,LeBron James,1610612739,Cleveland Cavaliers,1,2,24,Missed Shot,Jump Shot,2PT Field Goal,Restricted Area,Center(C),Less Than 8 ft.,3.0,-24.0,21.0,1,0,20160313,LAC,CLE
Shot Chart Detail,0021500983,105,2544,LeBron James,1610612739,Cleveland Cavaliers,1,2,21,Made Shot,Layup Shot,2PT Field Goal,Restricted Area,Center(C),Less Than 8 ft.,2.0,2.0,23.0,1,1,20160313,LAC,CLE
Shot Chart Detail,0021500983,111,2544,LeBron James,1610612739,Cleveland Cavaliers,1,1,53,Missed Shot,Driving Layup Shot,2PT Field Goal,Restricted Area,Center(C),Less Than 8 ft.,1.0,-2.0,16.0,1,0,20160313,LAC,CLE
Shot Chart Detail,0021500983,115,2544,LeBron James,1610612739,Cleveland Cavaliers,1,1,34,Made Shot,Jump Shot,3PT Field Goal,Above the Break 3,Left Side Center(LC),24+ ft.,26.0,-163.0,214.0,1,1,20160313,LAC,CLE
Shot Chart Detail,0021500983,201,2544,LeBron James,1610612739,Cleveland Cavaliers,2,4,32,Missed Shot,Turnaround Fadeaway shot,2PT Field Goal,Mid-Range,Left Side(L),8-16 ft.,15.0,-151.0,11.0,1,0,20160313,LAC,CLE
Shot Chart Detail,0021500983,208,2544,LeBron James,1610612739,Cleveland Cavaliers,2,3,53,Made Shot,Driving Layup Shot,2PT Field Goal,Restricted Area,Center(C),Less Than 8 ft.,1.0,14.0,13.0,1,1,20160313,LAC,CLE
Shot Chart Detail,0021500983,214,2544,LeBron James,1610612739,Cleveland Cavaliers,2,3,21,Made Shot,Driving Layup Shot,2PT Field Goal,Restricted Area,Center(C),Less Than 8 ft.,2.0,-6.0,23.0,1,1,20160313,LAC,CLE
Shot Chart Detail,0021500983,239,2544,LeBron James,1610612739,Cleveland Cavaliers,2,1,50,Made Shot,Running Dunk Shot,2PT Field Goal,Restricted Area,Center(C),Less Than 8 ft.,0.0,0.0,1.0,1,1,20160313,LAC,CLE
Shot Chart Detail,0021500983,261,2544,LeBron James,1610612739,Cleveland Cavaliers,2,0,6,Made Shot,Running Layup Shot,2PT Field Goal,Restricted Area,Center(C),Less Than 8 ft.,3.0,-20.0,23.0,1,1,20160313,LAC,CLE
Shot Chart Detail,0021500983,285,2544,LeBron James,1610612739,Cleveland Cavaliers,3,9,8,Made Shot,Jump Shot,3PT Field Goal,Above the Break 3,Left Side Center(LC),24+ ft.,25.0,-97.0,234.0,1,1,20160313,LAC,CLE
Shot Chart Detail,0021500983,316,2544,LeBron James,1610612739,Cleveland Cavaliers,3,5,3,Missed Shot,Driving Floating Jump Shot,2PT Field Goal,Restricted Area,Center(C),Less Than 8 ft.,3.0,-12.0,36.0,1,0,20160313,LAC,CLE
Shot Chart Detail,0021500983,332,2544,LeBron James,1610612739,Cleveland Cavaliers,3,3,11,Made Shot,Cutting Dunk Shot,2PT Field Goal,Restricted Area,Center(C),Less Than 8 ft.,0.0,0.0,1.0,1,1,20160313,LAC,CLE
Shot Chart Detail,0021500983,363,2544,LeBron James,1610612739,Cleveland Cavaliers,3,0,30,Made Shot,Jump Shot,3PT Field Goal,Above the Break 3,Left Side Center(LC),24+ ft.,25.0,-104.0,237.0,1,1,20160313,LAC,CLE
Shot Chart Detail,0021500983,369,2544,LeBron James,1610612739,Cleveland Cavaliers,3,0,3,Missed Shot,Jump Shot,3PT Field Goal,Above the Break 3,Center(C),24+ ft.,39.0,-11.0,396.0,1,0,20160313,LAC,CLE
Shot Chart Detail,0021500994,11,2544,LeBron James,1610612739,Cleveland Cavaliers,1,10,22,Made Shot,Layup Shot,2PT Field Goal,Restricted Area,Center(C),Less Than 8 ft.,2.0,-24.0,3.0,1,1,20160314,UTA,CLE
Shot Chart Detail,0021500994,23,2544,LeBron James,1610612739,Cleveland Cavaliers,1,8,40,Made Shot,Turnaround Fadeaway shot,2PT Field Goal,Mid-Range,Right Side(R),8-16 ft.,12.0,122.0,7.0,1,1,20160314,UTA,CLE
Shot Chart Detail,0021500994,25,2544,LeBron James,1610612739,Cleveland Cavaliers,1,8,21,Made Shot,Running Alley Oop Dunk Shot,2PT Field Goal,Restricted Area,Center(C),Less Than 8 ft.,0.0,0.0,1.0,1,1,20160314,UTA,CLE
Shot Chart Detail,0021500994,39,2544,LeBron James,1610612739,Cleveland Cavaliers,1,6,37,Missed Shot,Jump Shot,3PT Field Goal,Above the Break 3,Right Side Center(RC),24+ ft.,24.0,89.0,229.0,1,0,20160314,UTA,CLE
Shot Chart Detail,0021500994,82,2544,LeBron James,1610612739,Cleveland Cavaliers,1,1,56,Made Shot,Driving Layup Shot,2PT Field Goal,Restricted Area,Center(C),Less Than 8 ft.,1.0,15.0,-1.0,1,1,20160314,UTA,CLE
Shot Chart Detail,0021500994,90,2544,LeBron James,1610612739,Cleveland Cavaliers,1,0,0,Made Shot,Step Back Jump shot,3PT Field Goal,Above the Break 3,Left Side Center(LC),24+ ft.,24.0,-122.0,214.0,1,1,20160314,UTA,CLE
Shot Chart Detail,0021500994,111,2544,LeBron James,1610612739,Cleveland Cavaliers,2,10,30,Made Shot,Pullup Jump shot,2PT Field Goal,Mid-Range,Left Side Center(LC),16-24 ft.,18.0,-132.0,134.0,1,1,20160314,UTA,CLE
Shot Chart Detail,0021500994,114,2544,LeBron James,1610612739,Cleveland Cavaliers,2,10,2,Missed Shot,Jump Shot,2PT Field Goal,Mid-Range,Left Side(L),16-24 ft.,19.0,-192.0,-1.0,1,0,20160314,UTA,CLE
Shot Chart Detail,0021500994,123,2544,LeBron James,1610612739,Cleveland Cavaliers,2,8,43,Missed Shot,Driving Layup Shot,2PT Field Goal,Restricted Area,Center(C),Less Than 8 ft.,2.0,-24.0,2.0,1,0,20160314,UTA,CLE
Shot Chart Detail,0021500994,124,2544,LeBron James,1610612739,Cleveland Cavaliers,2,8,42,Missed Shot,Layup Shot,2PT Field Goal,Restricted Area,Center(C),Less Than 8 ft.,1.0,19.0,-6.0,1,0,20160314,UTA,CLE
Shot Chart Detail,0021500994,127,2544,LeBron James,1610612739,Cleveland Cavaliers,2,8,40,Missed Shot,Tip Layup Shot,2PT Field Goal,Restricted Area,Center(C),Less Than 8 ft.,2.0,22.0,-1.0,1,0,20160314,UTA,CLE
Shot Chart Detail,0021500994,196,2544,LeBron James,1610612739,Cleveland Cavaliers,2,1,45,Missed Shot,Jump Shot,2PT Field Goal,In The Paint (Non-RA),Center(C),Less Than 8 ft.,7.0,14.0,72.0,1,0,20160314,UTA,CLE
Shot Chart Detail,0021500994,262,2544,LeBron James,1610612739,Cleveland Cavaliers,3,6,9,Made Shot,Layup Shot,2PT Field Goal,Restricted Area,Center(C),Less Than 8 ft.,2.0,22.0,3.0,1,1,20160314,UTA,CLE
Shot Chart Detail,0021500994,296,2544,LeBron James,1610612739,Cleveland Cavaliers,3,1,45,Missed Shot,Fadeaway Jump Shot,2PT Field Goal,Mid-Range,Left Side(L),8-16 ft.,14.0,-147.0,-1.0,1,0,20160314,UTA,CLE
Shot Chart Detail,0021500994,314,2544,LeBron James,1610612739,Cleveland Cavaliers,3,0,31,Made Shot,Running Jump Shot,3PT Field Goal,Above the Break 3,Left Side Center(LC),24+ ft.,24.0,-186.0,160.0,1,1,20160314,UTA,CLE
Shot Chart Detail,0021500994,316,2544,LeBron James,1610612739,Cleveland Cavaliers,3,0,0,Missed Shot,Jump Shot,3PT Field Goal,Above the Break 3,Right Side Center(RC),24+ ft.,24.0,89.0,228.0,1,0,20160314,UTA,CLE
Shot Chart Detail,0021500994,361,2544,LeBron James,1610612739,Cleveland Cavaliers,4,6,4,Missed Shot,Jump Shot,3PT Field Goal,Above the Break 3,Left Side Center(LC),24+ ft.,25.0,-165.0,188.0,1,0,20160314,UTA,CLE
Shot Chart Detail,0021500994,418,2544,LeBron James,1610612739,Cleveland Cavaliers,4,1,57,Made Shot,Layup Shot,2PT Field Goal,Restricted Area,Center(C),Less Than 8 ft.,1.0,-19.0,-6.0,1,1,20160314,UTA,CLE
Shot Chart Detail,0021500994,431,2544,LeBron James,1610612739,Cleveland Cavaliers,4,1,3,Missed Shot,Jump Shot,3PT Field Goal,Left Corner 3,Left Side(L),24+ ft.,24.0,-227.0,87.0,1,0,20160314,UTA,CLE
Shot Chart Detail,0021500994,447,2544,LeBron James,1610612739,Cleveland Cavaliers,4,0,10,Made Shot,Layup Shot,2PT Field Goal,Restricted Area,Center(C),Less Than 8 ft.,2.0,-25.0,2.0,1,1,20160314,UTA,CLE
Shot Chart Detail,0021501020,11,2544,LeBron James,1610612739,Cleveland Cavaliers,1,11,0,Missed Shot,Jump Shot,3PT Field Goal,Above the Break 3,Right Side Center(RC),24+ ft.,25.0,174.0,187.0,1,0,20160318,ORL,CLE
Shot Chart Detail,0021501020,21,2544,LeBron James,1610612739,Cleveland Cavaliers,1,9,41,Made Shot,Running Layup Shot,2PT Field Goal,Restricted Area,Center(C),Less Than 8 ft.,1.0,-1.0,16.0,1,1,20160318,ORL,CLE
Shot Chart Detail,0021501020,80,2544,LeBron James,1610612739,Cleveland Cavaliers,1,3,26,Missed Shot,Floating Jump shot,2PT Field Goal,In The Paint (Non-RA),Center(C),Less Than 8 ft.,5.0,-48.0,26.0,1,0,20160318,ORL,CLE
Shot Chart Detail,0021501020,81,2544,LeBron James,1610612739,Cleveland Cavaliers,1,3,25,Missed Shot,Tip Layup Shot,2PT Field Goal,Restricted Area,Center(C),Less Than 8 ft.,0.0,-1.0,8.0,1,0,20160318,ORL,CLE
Shot Chart Detail,0021501020,99,2544,LeBron James,1610612739,Cleveland Cavaliers,1,2,34,Missed Shot,Jump Shot,2PT Field Goal,In The Paint (Non-RA),Center(C),Less Than 8 ft.,6.0,66.0,16.0,1,0,20160318,ORL,CLE
Shot Chart Detail,0021501020,216,2544,LeBron James,1610612739,Cleveland Cavaliers,2,2,39,Made Shot,Cutting Dunk Shot,2PT Field Goal,Restricted Area,Center(C),Less Than 8 ft.,0.0,0.0,1.0,1,1,20160318,ORL,CLE
Shot Chart Detail,0021501020,253,2544,LeBron James,1610612739,Cleveland Cavaliers,3,11,30,Made Shot,Driving Layup Shot,2PT Field Goal,Restricted Area,Center(C),Less Than 8 ft.,1.0,10.0,13.0,1,1,20160318,ORL,CLE
Shot Chart Detail,0021501020,317,2544,LeBron James,1610612739,Cleveland Cavaliers,3,5,33,Missed Shot,Jump Shot,3PT Field Goal,Above the Break 3,Center(C),24+ ft.,24.0,-53.0,242.0,1,0,20160318,ORL,CLE
Shot Chart Detail,0021501020,354,2544,LeBron James,1610612739,Cleveland Cavaliers,3,2,32,Made Shot,Driving Layup Shot,2PT Field Goal,Restricted Area,Center(C),Less Than 8 ft.,1.0,2.0,11.0,1,1,20160318,ORL,CLE
Shot Chart Detail,0021501020,368,2544,LeBron James,1610612739,Cleveland Cavaliers,3,0,47,Missed Shot,Jump Shot,2PT Field Goal,In The Paint (Non-RA),Center(C),Less Than 8 ft.,7.0,-50.0,56.0,1,0,20160318,ORL,CLE
Shot Chart Detail,0021501020,383,2544,LeBron James,1610612739,Cleveland Cavaliers,3,0,15,Made Shot,Running Dunk Shot,2PT Field Goal,Restricted Area,Center(C),Less Than 8 ft.,0.0,0.0,1.0,1,1,20160318,ORL,CLE
Shot Chart Detail,0021501020,468,2544,LeBron James,1610612739,Cleveland Cavaliers,4,5,40,Missed Shot,Jump Shot,2PT Field Goal,Mid-Range,Left Side Center(LC),16-24 ft.,21.0,-166.0,129.0,1,0,20160318,ORL,CLE
Shot Chart Detail,0021501020,476,2544,LeBron James,1610612739,Cleveland Cavaliers,4,4,47,Missed Shot,Running Layup Shot,2PT Field Goal,Restricted Area,Center(C),Less Than 8 ft.,1.0,-12.0,0.0,1,0,20160318,ORL,CLE
Shot Chart Detail,0021501020,478,2544,LeBron James,1610612739,Cleveland Cavaliers,4,4,42,Made Shot,Finger Roll Layup Shot,2PT Field Goal,Restricted Area,Center(C),Less Than 8 ft.,0.0,4.0,3.0,1,1,20160318,ORL,CLE
Shot Chart Detail,0021501020,526,2544,LeBron James,1610612739,Cleveland Cavaliers,4,0,47,Missed Shot,Jump Shot,3PT Field Goal,Above the Break 3,Center(C),24+ ft.,24.0,-56.0,242.0,1,0,20160318,ORL,CLE
Shot Chart Detail,0021501033,13,2544,LeBron James,1610612739,Cleveland Cavaliers,1,10,48,Made Shot,Cutting Layup Shot,2PT Field Goal,Restricted Area,Center(C),Less Than 8 ft.,1.0,17.0,7.0,1,1,20160319,MIA,CLE
Shot Chart Detail,0021501033,22,2544,LeBron James,1610612739,Cleveland Cavaliers,1,9,11,Made Shot,Cutting Layup Shot,2PT Field Goal,Restricted Area,Center(C),Less Than 8 ft.,2.0,19.0,7.0,1,1,20160319,MIA,CLE
Shot Chart Detail,0021501033,28,2544,LeBron James,1610612739,Cleveland Cavaliers,1,8,7,Missed Shot,Turnaround Fadeaway shot,2PT Field Goal,Mid-Range,Left Side(L),8-16 ft.,13.0,-137.0,7.0,1,0,20160319,MIA,CLE
Shot Chart Detail,0021501033,32,2544,LeBron James,1610612739,Cleveland Cavaliers,1,7,48,Made Shot,Running Layup Shot,2PT Field Goal,Restricted Area,Center(C),Less Than 8 ft.,1.0,10.0,8.0,1,1,20160319,MIA,CLE
Shot Chart Detail,0021501033,44,2544,LeBron James,1610612739,Cleveland Cavaliers,1,6,4,Missed Shot,Jump Shot,3PT Field Goal,Above the Break 3,Left Side Center(LC),24+ ft.,25.0,-201.0,151.0,1,0,20160319,MIA,CLE
Shot Chart Detail,0021501033,67,2544,LeBron James,1610612739,Cleveland Cavaliers,1,4,25,Made Shot,Layup Shot,2PT Field Goal,Restricted Area,Center(C),Less Than 8 ft.,1.0,12.0,3.0,1,1,20160319,MIA,CLE
Shot Chart Detail,0021501033,128,2544,LeBron James,1610612739,Cleveland Cavaliers,2,9,32,Made Shot,Reverse Dunk Shot,2PT Field Goal,Restricted Area,Center(C),Less Than 8 ft.,0.0,0.0,1.0,1,1,20160319,MIA,CLE
Shot Chart Detail,0021501033,146,2544,LeBron James,1610612739,Cleveland Cavaliers,2,7,31,Made Shot,Dunk Shot,2PT Field Goal,Restricted Area,Center(C),Less Than 8 ft.,0.0,0.0,1.0,1,1,20160319,MIA,CLE
Shot Chart Detail,0021501033,154,2544,LeBron James,1610612739,Cleveland Cavaliers,2,5,54,Missed Shot,Jump Shot,3PT Field Goal,Right Corner 3,Right Side(R),24+ ft.,24.0,240.0,16.0,1,0,20160319,MIA,CLE
Shot Chart Detail,0021501033,167,2544,LeBron James,1610612739,Cleveland Cavaliers,2,4,26,Missed Shot,Hook Shot,2PT Field Goal,In The Paint (Non-RA),Center(C),8-16 ft.,8.0,43.0,75.0,1,0,20160319,MIA,CLE
Shot Chart Detail,0021501033,178,2544,LeBron James,1610612739,Cleveland Cavaliers,2,3,49,Made Shot,Turnaround Fadeaway shot,2PT Field Goal,Mid-Range,Right Side(R),16-24 ft.,16.0,166.0,-5.0,1,1,20160319,MIA,CLE
Shot Chart Detail,0021501033,207,2544,LeBron James,1610612739,Cleveland Cavaliers,2,1,5,Made Shot,Turnaround Fadeaway shot,2PT Field Goal,Mid-Range,Center(C),8-16 ft.,15.0,74.0,141.0,1,1,20160319,MIA,CLE
Shot Chart Detail,0021501033,209,2544,LeBron James,1610612739,Cleveland Cavaliers,2,0,28,Made Shot,Cutting Layup Shot,2PT Field Goal,Restricted Area,Center(C),Less Than 8 ft.,2.0,-19.0,11.0,1,1,20160319,MIA,CLE
Shot Chart Detail,0021501033,221,2544,LeBron James,1610612739,Cleveland Cavaliers,2,0,1,Missed Shot,Layup Shot,2PT Field Goal,Restricted Area,Center(C),Less Than 8 ft.,2.0,-9.0,21.0,1,0,20160319,MIA,CLE
Shot Chart Detail,0021501033,233,2544,LeBron James,1610612739,Cleveland Cavaliers,3,11,7,Missed Shot,Driving Finger Roll Layup Shot,2PT Field Goal,Restricted Area,Center(C),Less Than 8 ft.,1.0,10.0,8.0,1,0,20160319,MIA,CLE
Shot Chart Detail,0021501033,236,2544,LeBron James,1610612739,Cleveland Cavaliers,3,10,57,Made Shot,Running Dunk Shot,2PT Field Goal,Restricted Area,Center(C),Less Than 8 ft.,0.0,0.0,1.0,1,1,20160319,MIA,CLE
Shot Chart Detail,0021501033,238,2544,LeBron James,1610612739,Cleveland Cavaliers,3,10,26,Missed Shot,Jump Shot,3PT Field Goal,Above the Break 3,Left Side Center(LC),24+ ft.,25.0,-204.0,154.0,1,0,20160319,MIA,CLE
Shot Chart Detail,0021501033,259,2544,LeBron James,1610612739,Cleveland Cavaliers,3,8,16,Made Shot,Driving Reverse Dunk Shot,2PT Field Goal,Restricted Area,Center(C),Less Than 8 ft.,0.0,0.0,1.0,1,1,20160319,MIA,CLE
Shot Chart Detail,0021501033,279,2544,LeBron James,1610612739,Cleveland Cavaliers,3,6,2,Made Shot,Driving Finger Roll Layup Shot,2PT Field Goal,Restricted Area,Center(C),Less Than 8 ft.,1.0,-14.0,2.0,1,1,20160319,MIA,CLE
Shot Chart Detail,0021501033,302,2544,LeBron James,1610612739,Cleveland Cavaliers,3,3,55,Made Shot,Jump Shot,2PT Field Goal,Mid-Range,Right Side(R),16-24 ft.,18.0,184.0,-1.0,1,1,20160319,MIA,CLE
Shot Chart Detail,0021501044,15,2544,LeBron James,1610612739,Cleveland Cavaliers,1,10,5,Missed Shot,Layup Shot,2PT Field Goal,Restricted Area,Center(C),Less Than 8 ft.,1.0,15.0,-6.0,1,0,20160321,CLE,DEN
Shot Chart Detail,0021501044,31,2544,LeBron James,1610612739,Cleveland Cavaliers,1,7,54,Made Shot,Tip Layup Shot,2PT Field Goal,Restricted Area,Center(C),Less Than 8 ft.,0.0,0.0,-1.0,1,1,20160321,CLE,DEN
Shot Chart Detail,0021501044,47,2544,LeBron James,1610612739,Cleveland Cavaliers,1,6,16,Made Shot,Driving Hook Shot,2PT Field Goal,In The Paint (Non-RA),Center(C),Less Than 8 ft.,5.0,0.0,52.0,1,1,20160321,CLE,DEN
Shot Chart Detail,0021501044,68,2544,LeBron James,1610612739,Cleveland Cavaliers,1,4,11,Made Shot,Layup Shot,2PT Field Goal,Restricted Area,Center(C),Less Than 8 ft.,0.0,-9.0,0.0,1,1,20160321,CLE,DEN
Shot Chart Detail,0021501044,113,2544,LeBron James,1610612739,Cleveland Cavaliers,1,1,42,Missed Shot,Layup Shot,2PT Field Goal,Restricted Area,Center(C),Less Than 8 ft.,2.0,-9.0,23.0,1,0,20160321,CLE,DEN
Shot Chart Detail,0021501044,115,2544,LeBron James,1610612739,Cleveland Cavaliers,1,1,38,Made Shot,Putback Layup Shot,2PT Field Goal,Restricted Area,Center(C),Less Than 8 ft.,0.0,9.0,-1.0,1,1,20160321,CLE,DEN
Shot Chart Detail,0021501044,131,2544,LeBron James,1610612739,Cleveland Cavaliers,1,0,37,Made Shot,Driving Layup Shot,2PT Field Goal,Restricted Area,Center(C),Less Than 8 ft.,0.0,-1.0,-1.0,1,1,20160321,CLE,DEN
Shot Chart Detail,0021501044,141,2544,LeBron James,1610612739,Cleveland Cavaliers,1,0,17,Made Shot,Jump Shot,3PT Field Goal,Above the Break 3,Center(C),24+ ft.,24.0,73.0,232.0,1,1,20160321,CLE,DEN
Shot Chart Detail,0021501044,209,2544,LeBron James,1610612739,Cleveland Cavaliers,2,5,43,Missed Shot,Jump Shot,2PT Field Goal,In The Paint (Non-RA),Center(C),Less Than 8 ft.,7.0,-74.0,-1.0,1,0,20160321,CLE,DEN
Shot Chart Detail,0021501044,212,2544,LeBron James,1610612739,Cleveland Cavaliers,2,5,16,Missed Shot,Driving Layup Shot,2PT Field Goal,Restricted Area,Center(C),Less Than 8 ft.,1.0,10.0,7.0,1,0,20160321,CLE,DEN
Shot Chart Detail,0021501044,227,2544,LeBron James,1610612739,Cleveland Cavaliers,2,4,27,Made Shot,Running Finger Roll Layup Shot,2PT Field Goal,Restricted Area,Center(C),Less Than 8 ft.,0.0,-6.0,7.0,1,1,20160321,CLE,DEN
Shot Chart Detail,0021501044,286,2544,LeBron James,1610612739,Cleveland Cavaliers,3,10,55,Missed Shot,Jump Shot,3PT Field Goal,Above the Break 3,Left Side Center(LC),24+ ft.,25.0,-109.0,229.0,1,0,20160321,CLE,DEN
Shot Chart Detail,0021501044,297,2544,LeBron James,1610612739,Cleveland Cavaliers,3,9,40,Made Shot,Running Alley Oop Dunk Shot,2PT Field Goal,Restricted Area,Center(C),Less Than 8 ft.,0.0,0.0,1.0,1,1,20160321,CLE,DEN
Shot Chart Detail,0021501044,312,2544,LeBron James,1610612739,Cleveland Cavaliers,3,7,23,Missed Shot,Jump Shot,2PT Field Goal,Mid-Range,Right Side Center(RC),16-24 ft.,21.0,138.0,170.0,1,0,20160321,CLE,DEN
Shot Chart Detail,0021501044,359,2544,LeBron James,1610612739,Cleveland Cavaliers,3,4,1,Made Shot,Driving Layup Shot,2PT Field Goal,Restricted Area,Center(C),Less Than 8 ft.,0.0,-7.0,-1.0,1,1,20160321,CLE,DEN
Shot Chart Detail,0021501044,415,2544,LeBron James,1610612739,Cleveland Cavaliers,4,11,7,Made Shot,Alley Oop Dunk Shot,2PT Field Goal,Restricted Area,Center(C),Less Than 8 ft.,0.0,0.0,1.0,1,1,20160321,CLE,DEN
Shot Chart Detail,0021501044,422,2544,LeBron James,1610612739,Cleveland Cavaliers,4,10,24,Missed Shot,Turnaround Fadeaway shot,2PT Field Goal,Mid-Range,Left Side(L),8-16 ft.,13.0,-132.0,16.0,1,0,20160321,CLE,DEN
Shot Chart Detail,0021501044,432,2544,LeBron James,1610612739,Cleveland Cavaliers,4,9,47,Made Shot,Alley Oop Layup shot,2PT Field Goal,Restricted Area,Center(C),Less Than 8 ft.,1.0,-9.0,8.0,1,1,20160321,CLE,DEN
Shot Chart Detail,0021501044,444,2544,LeBron James,1610612739,Cleveland Cavaliers,4,8,28,Made Shot,Driving Layup Shot,2PT Field Goal,Restricted Area,Center(C),Less Than 8 ft.,1.0,-16.0,7.0,1,1,20160321,CLE,DEN
Shot Chart Detail,0021501059,5,2544,LeBron James,1610612739,Cleveland Cavaliers,1,11,19,Made Shot,Running Dunk Shot,2PT Field Goal,Restricted Area,Center(C),Less Than 8 ft.,0.0,0.0,1.0,1,1,20160323,CLE,MIL
Shot Chart Detail,0021501059,20,2544,LeBron James,1610612739,Cleveland Cavaliers,1,9,32,Missed Shot,Tip Layup Shot,2PT Field Goal,Restricted Area,Center(C),Less Than 8 ft.,0.0,8.0,-4.0,1,0,20160323,CLE,MIL
Shot Chart Detail,0021501059,18,2544,LeBron James,1610612739,Cleveland Cavaliers,1,9,30,Made Shot,Tip Layup Shot,2PT Field Goal,Restricted Area,Center(C),Less Than 8 ft.,1.0,-12.0,3.0,1,1,20160323,CLE,MIL
Shot Chart Detail,0021501059,57,2544,LeBron James,1610612739,Cleveland Cavaliers,1,4,55,Made Shot,Running Dunk Shot,2PT Field Goal,Restricted Area,Center(C),Less Than 8 ft.,0.0,0.0,1.0,1,1,20160323,CLE,MIL
Shot Chart Detail,0021501059,96,2544,LeBron James,1610612739,Cleveland Cavaliers,1,1,21,Missed Shot,Cutting Layup Shot,2PT Field Goal,Restricted Area,Center(C),Less Than 8 ft.,2.0,24.0,7.0,1,0,20160323,CLE,MIL
Shot Chart Detail,0021501059,175,2544,LeBron James,1610612739,Cleveland Cavaliers,2,6,23,Made Shot,Dunk Shot,2PT Field Goal,Restricted Area,Center(C),Less Than 8 ft.,0.0,0.0,1.0,1,1,20160323,CLE,MIL
Shot Chart Detail,0021501059,201,2544,LeBron James,1610612739,Cleveland Cavaliers,2,4,33,Missed Shot,Alley Oop Layup shot,2PT Field Goal,Restricted Area,Center(C),Less Than 8 ft.,0.0,-4.0,7.0,1,0,20160323,CLE,MIL
Shot Chart Detail,0021501059,202,2544,LeBron James,1610612739,Cleveland Cavaliers,2,4,29,Missed Shot,Tip Layup Shot,2PT Field Goal,Restricted Area,Center(C),Less Than 8 ft.,0.0,1.0,3.0,1,0,20160323,CLE,MIL
Shot Chart Detail,0021501059,204,2544,LeBron James,1610612739,Cleveland Cavaliers,2,4,28,Missed Shot,Turnaround Jump Shot,2PT Field Goal,In The Paint (Non-RA),Center(C),Less Than 8 ft.,6.0,58.0,18.0,1,0,20160323,CLE,MIL
Shot Chart Detail,0021501059,247,2544,LeBron James,1610612739,Cleveland Cavaliers,2,0,54,Made Shot,Driving Layup Shot,2PT Field Goal,Restricted Area,Center(C),Less Than 8 ft.,0.0,-6.0,0.0,1,1,20160323,CLE,MIL
Shot Chart Detail,0021501059,251,2544,LeBron James,1610612739,Cleveland Cavaliers,2,0,3,Missed Shot,Jump Shot,3PT Field Goal,Above the Break 3,Center(C),24+ ft.,24.0,74.0,237.0,1,0,20160323,CLE,MIL
Shot Chart Detail,0021501059,269,2544,LeBron James,1610612739,Cleveland Cavaliers,3,9,57,Made Shot,Jump Shot,3PT Field Goal,Above the Break 3,Left Side Center(LC),24+ ft.,26.0,-192.0,178.0,1,1,20160323,CLE,MIL
Shot Chart Detail,0021501059,272,2544,LeBron James,1610612739,Cleveland Cavaliers,3,9,5,Missed Shot,Jump Shot,3PT Field Goal,Above the Break 3,Right Side Center(RC),24+ ft.,24.0,125.0,213.0,1,0,20160323,CLE,MIL
Shot Chart Detail,0021501059,289,2544,LeBron James,1610612739,Cleveland Cavaliers,3,7,13,Made Shot,Cutting Dunk Shot,2PT Field Goal,Restricted Area,Center(C),Less Than 8 ft.,0.0,0.0,1.0,1,1,20160323,CLE,MIL
Shot Chart Detail,0021501059,291,2544,LeBron James,1610612739,Cleveland Cavaliers,3,6,32,Made Shot,Driving Reverse Dunk Shot,2PT Field Goal,Restricted Area,Center(C),Less Than 8 ft.,0.0,0.0,1.0,1,1,20160323,CLE,MIL
Shot Chart Detail,0021501059,316,2544,LeBron James,1610612739,Cleveland Cavaliers,3,4,17,Missed Shot,Cutting Finger Roll Layup Shot,2PT Field Goal,Restricted Area,Center(C),Less Than 8 ft.,3.0,30.0,16.0,1,0,20160323,CLE,MIL
Shot Chart Detail,0021501059,320,2544,LeBron James,1610612739,Cleveland Cavaliers,3,4,3,Missed Shot,Jump Shot,3PT Field Goal,Above the Break 3,Right Side Center(RC),24+ ft.,25.0,184.0,175.0,1,0,20160323,CLE,MIL
Shot Chart Detail,0021501059,356,2544,LeBron James,1610612739,Cleveland Cavaliers,3,2,6,Missed Shot,Cutting Layup Shot,2PT Field Goal,Restricted Area,Center(C),Less Than 8 ft.,1.0,-17.0,-1.0,1,0,20160323,CLE,MIL
Shot Chart Detail,0021501059,443,2544,LeBron James,1610612739,Cleveland Cavaliers,4,6,18,Missed Shot,Layup Shot,2PT Field Goal,Restricted Area,Center(C),Less Than 8 ft.,1.0,-9.0,13.0,1,0,20160323,CLE,MIL
Shot Chart Detail,0021501059,461,2544,LeBron James,1610612739,Cleveland Cavaliers,4,4,20,Missed Shot,Jump Shot,2PT Field Goal,Mid-Range,Center(C),8-16 ft.,15.0,-63.0,144.0,1,0,20160323,CLE,MIL
Shot Chart Detail,0021501059,469,2544,LeBron James,1610612739,Cleveland Cavaliers,4,3,7,Missed Shot,Driving Dunk Shot,2PT Field Goal,Restricted Area,Center(C),Less Than 8 ft.,0.0,0.0,1.0,1,0,20160323,CLE,MIL
Shot Chart Detail,0021501059,479,2544,LeBron James,1610612739,Cleveland Cavaliers,4,2,8,Made Shot,Cutting Layup Shot,2PT Field Goal,Restricted Area,Center(C),Less Than 8 ft.,1.0,-16.0,-10.0,1,1,20160323,CLE,MIL
Shot Chart Detail,0021501069,27,2544,LeBron James,1610612739,Cleveland Cavaliers,1,9,1,Made Shot,Driving Hook Shot,2PT Field Goal,In The Paint (Non-RA),Center(C),Less Than 8 ft.,6.0,19.0,57.0,1,1,20160324,BKN,CLE
Shot Chart Detail,0021501069,38,2544,LeBron James,1610612739,Cleveland Cavaliers,1,7,43,Made Shot,Running Layup Shot,2PT Field Goal,Restricted Area,Center(C),Less Than 8 ft.,1.0,6.0,16.0,1,1,20160324,BKN,CLE
Shot Chart Detail,0021501069,88,2544,LeBron James,1610612739,Cleveland Cavaliers,1,2,15,Made Shot,Fadeaway Jump Shot,2PT Field Goal,In The Paint (Non-RA),Center(C),Less Than 8 ft.,6.0,-7.0,62.0,1,1,20160324,BKN,CLE
Shot Chart Detail,0021501069,187,2544,LeBron James,1610612739,Cleveland Cavaliers,2,5,10,Made Shot,Turnaround Fadeaway shot,2PT Field Goal,Mid-Range,Left Side(L),8-16 ft.,15.0,-150.0,23.0,1,1,20160324,BKN,CLE
Shot Chart Detail,0021501069,236,2544,LeBron James,1610612739,Cleveland Cavaliers,2,1,37,Made Shot,Finger Roll Layup Shot,2PT Field Goal,Restricted Area,Center(C),Less Than 8 ft.,2.0,20.0,0.0,1,1,20160324,BKN,CLE
Shot Chart Detail,0021501069,241,2544,LeBron James,1610612739,Cleveland Cavaliers,2,1,10,Made Shot,Driving Reverse Dunk Shot,2PT Field Goal,Restricted Area,Center(C),Less Than 8 ft.,0.0,0.0,1.0,1,1,20160324,BKN,CLE
Shot Chart Detail,0021501069,245,2544,LeBron James,1610612739,Cleveland Cavaliers,2,0,56,Made Shot,Running Layup Shot,2PT Field Goal,Restricted Area,Center(C),Less Than 8 ft.,2.0,-27.0,2.0,1,1,20160324,BKN,CLE
Shot Chart Detail,0021501069,267,2544,LeBron James,1610612739,Cleveland Cavaliers,3,10,13,Made Shot,Driving Layup Shot,2PT Field Goal,Restricted Area,Center(C),Less Than 8 ft.,1.0,-2.0,18.0,1,1,20160324,BKN,CLE
Shot Chart Detail,0021501069,273,2544,LeBron James,1610612739,Cleveland Cavaliers,3,9,36,Made Shot,Driving Reverse Layup Shot,2PT Field Goal,Restricted Area,Center(C),Less Than 8 ft.,3.0,-34.0,7.0,1,1,20160324,BKN,CLE
Shot Chart Detail,0021501069,286,2544,LeBron James,1610612739,Cleveland Cavaliers,3,8,8,Made Shot,Driving Dunk Shot,2PT Field Goal,Restricted Area,Center(C),Less Than 8 ft.,0.0,0.0,1.0,1,1,20160324,BKN,CLE
Shot Chart Detail,0021501069,339,2544,LeBron James,1610612739,Cleveland Cavaliers,3,2,59,Missed Shot,Reverse Dunk Shot,2PT Field Goal,Restricted Area,Center(C),Less Than 8 ft.,0.0,0.0,1.0,1,0,20160324,BKN,CLE
Shot Chart Detail,0021501069,350,2544,LeBron James,1610612739,Cleveland Cavaliers,3,1,1,Made Shot,Jump Bank Shot,3PT Field Goal,Above the Break 3,Center(C),24+ ft.,29.0,-25.0,296.0,1,1,20160324,BKN,CLE
Shot Chart Detail,0021501069,352,2544,LeBron James,1610612739,Cleveland Cavaliers,3,0,36,Made Shot,Driving Layup Shot,2PT Field Goal,Restricted Area,Center(C),Less Than 8 ft.,1.0,-9.0,7.0,1,1,20160324,BKN,CLE
Shot Chart Detail,0021501069,355,2544,LeBron James,1610612739,Cleveland Cavaliers,3,0,10,Made Shot,Running Layup Shot,2PT Field Goal,Restricted Area,Center(C),Less Than 8 ft.,1.0,-14.0,2.0,1,1,20160324,BKN,CLE
Shot Chart Detail,0021501069,434,2544,LeBron James,1610612739,Cleveland Cavaliers,4,5,5,Missed Shot,Cutting Layup Shot,2PT Field Goal,Restricted Area,Center(C),Less Than 8 ft.,1.0,-17.0,3.0,1,0,20160324,BKN,CLE
Shot Chart Detail,0021501069,442,2544,LeBron James,1610612739,Cleveland Cavaliers,4,3,54,Missed Shot,Jump Shot,3PT Field Goal,Above the Break 3,Left Side Center(LC),24+ ft.,25.0,-210.0,144.0,1,0,20160324,BKN,CLE
Shot Chart Detail,0021501086,19,2544,LeBron James,1610612739,Cleveland Cavaliers,1,9,24,Made Shot,Jump Shot,3PT Field Goal,Above the Break 3,Left Side Center(LC),24+ ft.,25.0,-129.0,224.0,1,1,20160326,NYK,CLE
Shot Chart Detail,0021501086,30,2544,LeBron James,1610612739,Cleveland Cavaliers,1,8,2,Missed Shot,Driving Layup Shot,2PT Field Goal,Restricted Area,Center(C),Less Than 8 ft.,1.0,14.0,8.0,1,0,20160326,NYK,CLE
Shot Chart Detail,0021501086,36,2544,LeBron James,1610612739,Cleveland Cavaliers,1,7,35,Made Shot,Driving Layup Shot,2PT Field Goal,Restricted Area,Center(C),Less Than 8 ft.,0.0,4.0,8.0,1,1,20160326,NYK,CLE
Shot Chart Detail,0021501086,96,2544,LeBron James,1610612739,Cleveland Cavaliers,1,1,29,Missed Shot,Fadeaway Jump Shot,2PT Field Goal,Restricted Area,Center(C),Less Than 8 ft.,3.0,-30.0,23.0,1,0,20160326,NYK,CLE
Shot Chart Detail,0021501086,113,2544,LeBron James,1610612739,Cleveland Cavaliers,1,0,8,Made Shot,Fadeaway Jump Shot,2PT Field Goal,Mid-Range,Left Side Center(LC),16-24 ft.,20.0,-106.0,170.0,1,1,20160326,NYK,CLE
Shot Chart Detail,0021501086,242,2544,LeBron James,1610612739,Cleveland Cavaliers,2,2,37,Missed Shot,Fadeaway Jump Shot,2PT Field Goal,Mid-Range,Right Side Center(RC),16-24 ft.,22.0,163.0,151.0,1,0,20160326,NYK,CLE
Shot Chart Detail,0021501086,265,2544,LeBron James,1610612739,Cleveland Cavaliers,2,0,1,Missed Shot,Driving Layup Shot,2PT Field Goal,Restricted Area,Center(C),Less Than 8 ft.,1.0,12.0,8.0,1,0,20160326,NYK,CLE
Shot Chart Detail,0021501086,293,2544,LeBron James,1610612739,Cleveland Cavaliers,3,9,28,Made Shot,Dunk Shot,2PT Field Goal,Restricted Area,Center(C),Less Than 8 ft.,0.0,0.0,1.0,1,1,20160326,NYK,CLE
Shot Chart Detail,0021501086,316,2544,LeBron James,1610612739,Cleveland Cavaliers,3,7,7,Missed Shot,Jump Shot,2PT Field Goal,Mid-Range,Left Side(L),16-24 ft.,20.0,-168.0,111.0,1,0,20160326,NYK,CLE
Shot Chart Detail,0021501086,336,2544,LeBron James,1610612739,Cleveland Cavaliers,3,4,8,Missed Shot,Jump Shot,2PT Field Goal,Mid-Range,Right Side(R),16-24 ft.,17.0,173.0,13.0,1,0,20160326,NYK,CLE
Shot Chart Detail,0021501086,343,2544,LeBron James,1610612739,Cleveland Cavaliers,3,3,42,Made Shot,Driving Layup Shot,2PT Field Goal,Restricted Area,Center(C),Less Than 8 ft.,0.0,9.0,2.0,1,1,20160326,NYK,CLE
Shot Chart Detail,0021501086,365,2544,LeBron James,1610612739,Cleveland Cavaliers,3,1,25,Made Shot,Jump Shot,3PT Field Goal,Above the Break 3,Left Side Center(LC),24+ ft.,25.0,-169.0,188.0,1,1,20160326,NYK,CLE
Shot Chart Detail,0021501086,368,2544,LeBron James,1610612739,Cleveland Cavaliers,3,0,41,Made Shot,Driving Layup Shot,2PT Field Goal,Restricted Area,Center(C),Less Than 8 ft.,0.0,-6.0,3.0,1,1,20160326,NYK,CLE
Shot Chart Detail,0021501086,386,2544,LeBron James,1610612739,Cleveland Cavaliers,3,0,14,Made Shot,Driving Dunk Shot,2PT Field Goal,Restricted Area,Center(C),Less Than 8 ft.,0.0,0.0,1.0,1,1,20160326,NYK,CLE
Shot Chart Detail,0021501086,459,2544,LeBron James,1610612739,Cleveland Cavaliers,4,6,49,Missed Shot,Turnaround Jump Shot,2PT Field Goal,Mid-Range,Right Side(R),16-24 ft.,17.0,174.0,8.0,1,0,20160326,NYK,CLE
Shot Chart Detail,0021501086,474,2544,LeBron James,1610612739,Cleveland Cavaliers,4,5,46,Made Shot,Driving Layup Shot,2PT Field Goal,Restricted Area,Center(C),Less Than 8 ft.,1.0,-17.0,7.0,1,1,20160326,NYK,CLE
Shot Chart Detail,0021501086,479,2544,LeBron James,1610612739,Cleveland Cavaliers,4,5,4,Missed Shot,Fadeaway Jump Shot,2PT Field Goal,Mid-Range,Center(C),16-24 ft.,16.0,-27.0,159.0,1,0,20160326,NYK,CLE
Shot Chart Detail,0021501086,487,2544,LeBron James,1610612739,Cleveland Cavaliers,4,4,29,Missed Shot,Jump Shot,3PT Field Goal,Above the Break 3,Right Side Center(RC),24+ ft.,25.0,99.0,239.0,1,0,20160326,NYK,CLE
Shot Chart Detail,0021501086,502,2544,LeBron James,1610612739,Cleveland Cavaliers,4,3,5,Made Shot,Driving Layup Shot,2PT Field Goal,Restricted Area,Center(C),Less Than 8 ft.,2.0,2.0,21.0,1,1,20160326,NYK,CLE
Shot Chart Detail,0021501086,525,2544,LeBron James,1610612739,Cleveland Cavaliers,4,2,12,Missed Shot,Jump Shot,2PT Field Goal,Mid-Range,Left Side Center(LC),16-24 ft.,22.0,-109.0,195.0,1,0,20160326,NYK,CLE
Shot Chart Detail,0021501086,532,2544,LeBron James,1610612739,Cleveland Cavaliers,4,1,42,Missed Shot,Running Jump Shot,2PT Field Goal,Restricted Area,Center(C),Less Than 8 ft.,3.0,-35.0,11.0,1,0,20160326,NYK,CLE
Shot Chart Detail,0021501122,27,2544,LeBron James,1610612739,Cleveland Cavaliers,1,9,58,Missed Shot,Layup Shot,2PT Field Goal,Restricted Area,Center(C),Less Than 8 ft.,1.0,-14.0,2.0,1,0,20160331,CLE,BKN
Shot Chart Detail,0021501122,103,2544,LeBron James,1610612739,Cleveland Cavaliers,1,4,25,Made Shot,Layup Shot,2PT Field Goal,Restricted Area,Center(C),Less Than 8 ft.,2.0,-12.0,-16.0,1,1,20160331,CLE,BKN
Shot Chart Detail,0021501122,116,2544,LeBron James,1610612739,Cleveland Cavaliers,1,3,52,Made Shot,Layup Shot,2PT Field Goal,Restricted Area,Center(C),Less Than 8 ft.,0.0,-7.0,-6.0,1,1,20160331,CLE,BKN
Shot Chart Detail,0021501122,255,2544,LeBron James,1610612739,Cleveland Cavaliers,2,4,28,Missed Shot,Jump Bank Shot,2PT Field Goal,In The Paint (Non-RA),Center(C),Less Than 8 ft.,7.0,-50.0,51.0,1,0,20160331,CLE,BKN
Shot Chart Detail,0021501122,262,2544,LeBron James,1610612739,Cleveland Cavaliers,2,4,9,Made Shot,Driving Layup Shot,2PT Field Goal,Restricted Area,Center(C),Less Than 8 ft.,0.0,-7.0,-1.0,1,1,20160331,CLE,BKN
Shot Chart Detail,0021501122,292,2544,LeBron James,1610612739,Cleveland Cavaliers,2,2,5,Made Shot,Running Dunk Shot,2PT Field Goal,Restricted Area,Center(C),Less Than 8 ft.,0.0,0.0,1.0,1,1,20160331,CLE,BKN
Shot Chart Detail,0021501122,343,2544,LeBron James,1610612739,Cleveland Cavaliers,3,9,52,Made Shot,Driving Dunk Shot,2PT Field Goal,Restricted Area,Center(C),Less Than 8 ft.,0.0,0.0,1.0,1,1,20160331,CLE,BKN
Shot Chart Detail,0021501122,378,2544,LeBron James,1610612739,Cleveland Cavaliers,3,6,37,Made Shot,Driving Layup Shot,2PT Field Goal,Restricted Area,Center(C),Less Than 8 ft.,0.0,4.0,2.0,1,1,20160331,CLE,BKN
Shot Chart Detail,0021501122,412,2544,LeBron James,1610612739,Cleveland Cavaliers,3,3,49,Missed Shot,Driving Layup Shot,2PT Field Goal,Restricted Area,Center(C),Less Than 8 ft.,1.0,-12.0,7.0,1,0,20160331,CLE,BKN
Shot Chart Detail,0021501122,428,2544,LeBron James,1610612739,Cleveland Cavaliers,3,2,46,Made Shot,Cutting Layup Shot,2PT Field Goal,Restricted Area,Center(C),Less Than 8 ft.,1.0,-9.0,-11.0,1,1,20160331,CLE,BKN
Shot Chart Detail,0021501122,463,2544,LeBron James,1610612739,Cleveland Cavaliers,3,0,39,Made Shot,Driving Layup Shot,2PT Field Goal,Restricted Area,Center(C),Less Than 8 ft.,1.0,-11.0,-1.0,1,1,20160331,CLE,BKN
Shot Chart Detail,0021501131,27,2544,LeBron James,1610612739,Cleveland Cavaliers,1,8,6,Missed Shot,Jump Shot,2PT Field Goal,Mid-Range,Left Side Center(LC),16-24 ft.,19.0,-101.0,164.0,1,0,20160401,ATL,CLE
Shot Chart Detail,0021501131,33,2544,LeBron James,1610612739,Cleveland Cavaliers,1,7,41,Made Shot,Pullup Jump shot,3PT Field Goal,Above the Break 3,Left Side Center(LC),24+ ft.,25.0,-166.0,193.0,1,1,20160401,ATL,CLE
Shot Chart Detail,0021501131,44,2544,LeBron James,1610612739,Cleveland Cavaliers,1,6,17,Made Shot,Layup Shot,2PT Field Goal,Restricted Area,Center(C),Less Than 8 ft.,0.0,-1.0,-1.0,1,1,20160401,ATL,CLE
Shot Chart Detail,0021501131,78,2544,LeBron James,1610612739,Cleveland Cavaliers,1,3,14,Missed Shot,Layup Shot,2PT Field Goal,Restricted Area,Center(C),Less Than 8 ft.,2.0,22.0,7.0,1,0,20160401,ATL,CLE
Shot Chart Detail,0021501131,84,2544,LeBron James,1610612739,Cleveland Cavaliers,1,2,52,Made Shot,Running Layup Shot,2PT Field Goal,Restricted Area,Center(C),Less Than 8 ft.,1.0,-14.0,2.0,1,1,20160401,ATL,CLE
Shot Chart Detail,0021501131,158,2544,LeBron James,1610612739,Cleveland Cavaliers,2,8,46,Missed Shot,Turnaround Fadeaway shot,2PT Field Goal,Mid-Range,Right Side(R),8-16 ft.,14.0,148.0,0.0,1,0,20160401,ATL,CLE
Shot Chart Detail,0021501131,177,2544,LeBron James,1610612739,Cleveland Cavaliers,2,7,23,Made Shot,Alley Oop Layup shot,2PT Field Goal,Restricted Area,Center(C),Less Than 8 ft.,1.0,-17.0,3.0,1,1,20160401,ATL,CLE
Shot Chart Detail,0021501131,193,2544,LeBron James,1610612739,Cleveland Cavaliers,2,6,8,Made Shot,Running Layup Shot,2PT Field Goal,Restricted Area,Center(C),Less Than 8 ft.,1.0,17.0,2.0,1,1,20160401,ATL,CLE
Shot Chart Detail,0021501131,250,2544,LeBron James,1610612739,Cleveland Cavaliers,2,2,0,Made Shot,Running Dunk Shot,2PT Field Goal,Restricted Area,Center(C),Less Than 8 ft.,0.0,0.0,1.0,1,1,20160401,ATL,CLE
Shot Chart Detail,0021501131,261,2544,LeBron James,1610612739,Cleveland Cavaliers,2,1,10,Missed Shot,Driving Floating Jump Shot,2PT Field Goal,In The Paint (Non-RA),Center(C),8-16 ft.,11.0,-16.0,110.0,1,0,20160401,ATL,CLE
Shot Chart Detail,0021501131,285,2544,LeBron James,1610612739,Cleveland Cavaliers,2,0,0,Missed Shot,Step Back Jump shot,3PT Field Goal,Above the Break 3,Right Side Center(RC),24+ ft.,25.0,101.0,229.0,1,0,20160401,ATL,CLE
Shot Chart Detail,0021501131,292,2544,LeBron James,1610612739,Cleveland Cavaliers,3,11,29,Made Shot,Jump Shot,2PT Field Goal,Mid-Range,Right Side(R),16-24 ft.,20.0,194.0,80.0,1,1,20160401,ATL,CLE
Shot Chart Detail,0021501131,309,2544,LeBron James,1610612739,Cleveland Cavaliers,3,9,17,Made Shot,Running Layup Shot,2PT Field Goal,Restricted Area,Center(C),Less Than 8 ft.,1.0,-1.0,11.0,1,1,20160401,ATL,CLE
Shot Chart Detail,0021501131,322,2544,LeBron James,1610612739,Cleveland Cavaliers,3,7,52,Missed Shot,Driving Layup Shot,2PT Field Goal,Restricted Area,Center(C),Less Than 8 ft.,0.0,-9.0,2.0,1,0,20160401,ATL,CLE
Shot Chart Detail,0021501131,350,2544,LeBron James,1610612739,Cleveland Cavaliers,3,5,45,Missed Shot,Running Pull-Up Jump Shot,3PT Field Goal,Above the Break 3,Center(C),24+ ft.,25.0,-14.0,252.0,1,0,20160401,ATL,CLE
Shot Chart Detail,0021501131,361,2544,LeBron James,1610612739,Cleveland Cavaliers,3,5,21,Missed Shot,Driving Layup Shot,2PT Field Goal,Restricted Area,Center(C),Less Than 8 ft.,0.0,-6.0,2.0,1,0,20160401,ATL,CLE
Shot Chart Detail,0021501131,366,2544,LeBron James,1610612739,Cleveland Cavaliers,3,4,42,Missed Shot,Jump Shot,3PT Field Goal,Above the Break 3,Center(C),24+ ft.,24.0,6.0,247.0,1,0,20160401,ATL,CLE
Shot Chart Detail,0021501131,407,2544,LeBron James,1610612739,Cleveland Cavaliers,3,2,14,Made Shot,Driving Layup Shot,2PT Field Goal,Restricted Area,Center(C),Less Than 8 ft.,1.0,-14.0,-1.0,1,1,20160401,ATL,CLE
Shot Chart Detail,0021501131,448,2544,LeBron James,1610612739,Cleveland Cavaliers,4,11,17,Made Shot,Driving Layup Shot,2PT Field Goal,Restricted Area,Center(C),Less Than 8 ft.,0.0,-2.0,7.0,1,1,20160401,ATL,CLE
Shot Chart Detail,0021501131,464,2544,LeBron James,1610612739,Cleveland Cavaliers,4,9,54,Made Shot,Running Dunk Shot,2PT Field Goal,Restricted Area,Center(C),Less Than 8 ft.,0.0,0.0,1.0,1,1,20160401,ATL,CLE
Shot Chart Detail,0021501131,478,2544,LeBron James,1610612739,Cleveland Cavaliers,4,8,2,Missed Shot,Driving Floating Jump Shot,2PT Field Goal,Mid-Range,Right Side(R),8-16 ft.,14.0,101.0,110.0,1,0,20160401,ATL,CLE
Shot Chart Detail,0021501131,521,2544,LeBron James,1610612739,Cleveland Cavaliers,4,3,40,Missed Shot,Jump Shot,3PT Field Goal,Above the Break 3,Center(C),24+ ft.,24.0,-55.0,239.0,1,0,20160401,ATL,CLE
Shot Chart Detail,0021501131,551,2544,LeBron James,1610612739,Cleveland Cavaliers,4,1,41,Missed Shot,Step Back Jump shot,2PT Field Goal,Mid-Range,Left Side(L),8-16 ft.,15.0,-158.0,7.0,1,0,20160401,ATL,CLE
Shot Chart Detail,0021501131,575,2544,LeBron James,1610612739,Cleveland Cavaliers,4,0,40,Made Shot,Driving Layup Shot,2PT Field Goal,Restricted Area,Center(C),Less Than 8 ft.,1.0,10.0,7.0,1,1,20160401,ATL,CLE
Shot Chart Detail,0021501131,580,2544,LeBron James,1610612739,Cleveland Cavaliers,4,0,5,Missed Shot,Step Back Jump shot,2PT Field Goal,Mid-Range,Right Side(R),16-24 ft.,17.0,177.0,11.0,1,0,20160401,ATL,CLE
Shot Chart Detail,0021501131,606,2544,LeBron James,1610612739,Cleveland Cavaliers,5,2,48,Missed Shot,Tip Layup Shot,2PT Field Goal,Restricted Area,Center(C),Less Than 8 ft.,0.0,1.0,3.0,1,0,20160401,ATL,CLE
Shot Chart Detail,0021501144,34,2544,LeBron James,1610612739,Cleveland Cavaliers,1,7,38,Made Shot,Driving Layup Shot,2PT Field Goal,Restricted Area,Center(C),Less Than 8 ft.,0.0,2.0,-6.0,1,1,20160403,CLE,CHA
Shot Chart Detail,0021501144,40,2544,LeBron James,1610612739,Cleveland Cavaliers,1,6,50,Made Shot,Layup Shot,2PT Field Goal,Restricted Area,Center(C),Less Than 8 ft.,0.0,-7.0,7.0,1,1,20160403,CLE,CHA
Shot Chart Detail,0021501144,60,2544,LeBron James,1610612739,Cleveland Cavaliers,1,4,50,Made Shot,Cutting Layup Shot,2PT Field Goal,Restricted Area,Center(C),Less Than 8 ft.,0.0,-7.0,-1.0,1,1,20160403,CLE,CHA
Shot Chart Detail,0021501144,106,2544,LeBron James,1610612739,Cleveland Cavaliers,1,1,9,Made Shot,Running Layup Shot,2PT Field Goal,Restricted Area,Center(C),Less Than 8 ft.,0.0,-9.0,3.0,1,1,20160403,CLE,CHA
Shot Chart Detail,0021501144,129,2544,LeBron James,1610612739,Cleveland Cavaliers,2,10,36,Made Shot,Floating Jump shot,2PT Field Goal,In The Paint (Non-RA),Center(C),Less Than 8 ft.,6.0,10.0,61.0,1,1,20160403,CLE,CHA
Shot Chart Detail,0021501144,140,2544,LeBron James,1610612739,Cleveland Cavaliers,2,9,28,Made Shot,Running Layup Shot,2PT Field Goal,Restricted Area,Center(C),Less Than 8 ft.,1.0,-4.0,11.0,1,1,20160403,CLE,CHA
Shot Chart Detail,0021501144,174,2544,LeBron James,1610612739,Cleveland Cavaliers,2,6,18,Missed Shot,Layup Shot,2PT Field Goal,Restricted Area,Center(C),Less Than 8 ft.,0.0,6.0,-6.0,1,0,20160403,CLE,CHA
Shot Chart Detail,0021501144,176,2544,LeBron James,1610612739,Cleveland Cavaliers,2,6,16,Made Shot,Putback Layup Shot,2PT Field Goal,Restricted Area,Center(C),Less Than 8 ft.,0.0,-7.0,2.0,1,1,20160403,CLE,CHA
Shot Chart Detail,0021501144,248,2544,LeBron James,1610612739,Cleveland Cavaliers,2,0,5,Made Shot,Fadeaway Jump Shot,2PT Field Goal,Mid-Range,Left Side(L),8-16 ft.,15.0,-158.0,8.0,1,1,20160403,CLE,CHA
Shot Chart Detail,0021501144,288,2544,LeBron James,1610612739,Cleveland Cavaliers,3,8,57,Made Shot,Jump Shot,2PT Field Goal,Mid-Range,Left Side Center(LC),16-24 ft.,22.0,-125.0,188.0,1,1,20160403,CLE,CHA
Shot Chart Detail,0021501144,304,2544,LeBron James,1610612739,Cleveland Cavaliers,3,7,47,Missed Shot,Running Layup Shot,2PT Field Goal,Restricted Area,Center(C),Less Than 8 ft.,0.0,1.0,-5.0,1,0,20160403,CLE,CHA
Shot Chart Detail,0021501144,327,2544,LeBron James,1610612739,Cleveland Cavaliers,3,5,35,Missed Shot,Step Back Jump shot,2PT Field Goal,Mid-Range,Right Side(R),8-16 ft.,14.0,119.0,75.0,1,0,20160403,CLE,CHA
Shot Chart Detail,0021501144,353,2544,LeBron James,1610612739,Cleveland Cavaliers,3,3,31,Missed Shot,Fadeaway Jump Shot,2PT Field Goal,Mid-Range,Right Side(R),8-16 ft.,11.0,92.0,65.0,1,0,20160403,CLE,CHA
Shot Chart Detail,0021501144,418,2544,LeBron James,1610612739,Cleveland Cavaliers,4,9,48,Made Shot,Layup Shot,2PT Field Goal,Restricted Area,Center(C),Less Than 8 ft.,2.0,19.0,18.0,1,1,20160403,CLE,CHA
Shot Chart Detail,0021501144,435,2544,LeBron James,1610612739,Cleveland Cavaliers,4,8,46,Missed Shot,Step Back Jump shot,2PT Field Goal,Mid-Range,Left Side(L),16-24 ft.,21.0,-217.0,7.0,1,0,20160403,CLE,CHA
Shot Chart Detail,0021501144,442,2544,LeBron James,1610612739,Cleveland Cavaliers,4,8,18,Missed Shot,Turnaround Fadeaway shot,2PT Field Goal,Mid-Range,Left Side(L),8-16 ft.,13.0,-137.0,18.0,1,0,20160403,CLE,CHA
Shot Chart Detail,0021501144,467,2544,LeBron James,1610612739,Cleveland Cavaliers,4,5,16,Missed Shot,Jump Shot,2PT Field Goal,In The Paint (Non-RA),Center(C),Less Than 8 ft.,7.0,-43.0,61.0,1,0,20160403,CLE,CHA
Shot Chart Detail,0021501144,469,2544,LeBron James,1610612739,Cleveland Cavaliers,4,5,11,Missed Shot,Driving Layup Shot,2PT Field Goal,Restricted Area,Center(C),Less Than 8 ft.,2.0,-22.0,3.0,1,0,20160403,CLE,CHA
Shot Chart Detail,0021501144,470,2544,LeBron James,1610612739,Cleveland Cavaliers,4,5,8,Made Shot,Tip Layup Shot,2PT Field Goal,Restricted Area,Center(C),Less Than 8 ft.,0.0,-9.0,0.0,1,1,20160403,CLE,CHA
Shot Chart Detail,0021501144,479,2544,LeBron James,1610612739,Cleveland Cavaliers,4,3,27,Made Shot,Cutting Layup Shot,2PT Field Goal,Restricted Area,Center(C),Less Than 8 ft.,0.0,-9.0,2.0,1,1,20160403,CLE,CHA
Shot Chart Detail,0021501144,490,2544,LeBron James,1610612739,Cleveland Cavaliers,4,2,9,Made Shot,Alley Oop Dunk Shot,2PT Field Goal,Restricted Area,Center(C),Less Than 8 ft.,0.0,0.0,1.0,1,1,20160403,CLE,CHA
Shot Chart Detail,0021501144,495,2544,LeBron James,1610612739,Cleveland Cavaliers,4,1,22,Made Shot,Cutting Layup Shot,2PT Field Goal,Restricted Area,Center(C),Less Than 8 ft.,2.0,-20.0,-11.0,1,1,20160403,CLE,CHA
Shot Chart Detail,0021501159,18,2544,LeBron James,1610612739,Cleveland Cavaliers,1,9,24,Made Shot,Cutting Dunk Shot,2PT Field Goal,Restricted Area,Center(C),Less Than 8 ft.,0.0,0.0,1.0,1,1,20160405,MIL,CLE
Shot Chart Detail,0021501159,103,2544,LeBron James,1610612739,Cleveland Cavaliers,1,0,46,Made Shot,Driving Layup Shot,2PT Field Goal,Restricted Area,Center(C),Less Than 8 ft.,1.0,9.0,8.0,1,1,20160405,MIL,CLE
Shot Chart Detail,0021501159,200,2544,LeBron James,1610612739,Cleveland Cavaliers,2,3,35,Made Shot,Cutting Dunk Shot,2PT Field Goal,Restricted Area,Center(C),Less Than 8 ft.,0.0,0.0,1.0,1,1,20160405,MIL,CLE
Shot Chart Detail,0021501159,223,2544,LeBron James,1610612739,Cleveland Cavaliers,2,0,14,Made Shot,Jump Shot,2PT Field Goal,Mid-Range,Left Side Center(LC),16-24 ft.,17.0,-70.0,159.0,1,1,20160405,MIL,CLE
Shot Chart Detail,0021501159,257,2544,LeBron James,1610612739,Cleveland Cavaliers,3,8,4,Made Shot,Running Layup Shot,2PT Field Goal,Restricted Area,Center(C),Less Than 8 ft.,0.0,6.0,-1.0,1,1,20160405,MIL,CLE
Shot Chart Detail,0021501159,278,2544,LeBron James,1610612739,Cleveland Cavaliers,3,5,45,Missed Shot,Fadeaway Jump Shot,2PT Field Goal,Mid-Range,Left Side(L),8-16 ft.,12.0,-119.0,33.0,1,0,20160405,MIL,CLE
Shot Chart Detail,0021501159,327,2544,LeBron James,1610612739,Cleveland Cavaliers,3,0,55,Made Shot,Jump Shot,3PT Field Goal,Above the Break 3,Left Side Center(LC),24+ ft.,26.0,-232.0,126.0,1,1,20160405,MIL,CLE
Shot Chart Detail,0021501159,329,2544,LeBron James,1610612739,Cleveland Cavaliers,3,0,27,Missed Shot,Step Back Jump shot,3PT Field Goal,Above the Break 3,Left Side Center(LC),24+ ft.,27.0,-184.0,203.0,1,0,20160405,MIL,CLE
Shot Chart Detail,0021501159,333,2544,LeBron James,1610612739,Cleveland Cavaliers,3,0,0,Made Shot,Pullup Jump shot,2PT Field Goal,Mid-Range,Left Side Center(LC),16-24 ft.,19.0,-102.0,169.0,1,1,20160405,MIL,CLE
Shot Chart Detail,0021501191,9,2544,LeBron James,1610612739,Cleveland Cavaliers,1,10,55,Made Shot,Jump Shot,2PT Field Goal,Mid-Range,Right Side(R),16-24 ft.,17.0,177.0,13.0,1,1,20160409,CHI,CLE
Shot Chart Detail,0021501191,12,2544,LeBron James,1610612739,Cleveland Cavaliers,1,10,23,Made Shot,Turnaround Fadeaway shot,2PT Field Goal,Mid-Range,Right Side(R),8-16 ft.,10.0,92.0,46.0,1,1,20160409,CHI,CLE
Shot Chart Detail,0021501191,14,2544,LeBron James,1610612739,Cleveland Cavaliers,1,9,43,Missed Shot,Jump Shot,2PT Field Goal,Mid-Range,Left Side(L),16-24 ft.,20.0,-201.0,11.0,1,0,20160409,CHI,CLE
Shot Chart Detail,0021501191,74,2544,LeBron James,1610612739,Cleveland Cavaliers,1,3,59,Made Shot,Driving Dunk Shot,2PT Field Goal,Restricted Area,Center(C),Less Than 8 ft.,0.0,1.0,5.0,1,1,20160409,CHI,CLE
Shot Chart Detail,0021501191,95,2544,LeBron James,1610612739,Cleveland Cavaliers,1,2,29,Made Shot,Cutting Dunk Shot,2PT Field Goal,Restricted Area,Center(C),Less Than 8 ft.,0.0,0.0,1.0,1,1,20160409,CHI,CLE
Shot Chart Detail,0021501191,180,2544,LeBron James,1610612739,Cleveland Cavaliers,2,5,43,Made Shot,Running Dunk Shot,2PT Field Goal,Restricted Area,Center(C),Less Than 8 ft.,0.0,0.0,1.0,1,1,20160409,CHI,CLE
Shot Chart Detail,0021501191,217,2544,LeBron James,1610612739,Cleveland Cavaliers,2,2,18,Missed Shot,Turnaround Fadeaway shot,2PT Field Goal,Mid-Range,Right Side(R),16-24 ft.,18.0,182.0,21.0,1,0,20160409,CHI,CLE
Shot Chart Detail,0021501191,224,2544,LeBron James,1610612739,Cleveland Cavaliers,2,1,45,Made Shot,Driving Finger Roll Layup Shot,2PT Field Goal,Restricted Area,Center(C),Less Than 8 ft.,2.0,1.0,26.0,1,1,20160409,CHI,CLE
Shot Chart Detail,0021501191,267,2544,LeBron James,1610612739,Cleveland Cavaliers,3,10,57,Made Shot,Jump Shot,3PT Field Goal,Above the Break 3,Left Side Center(LC),24+ ft.,24.0,-120.0,213.0,1,1,20160409,CHI,CLE
Shot Chart Detail,0021501191,305,2544,LeBron James,1610612739,Cleveland Cavaliers,3,7,14,Made Shot,Jump Shot,3PT Field Goal,Above the Break 3,Left Side Center(LC),24+ ft.,25.0,-151.0,203.0,1,1,20160409,CHI,CLE
Shot Chart Detail,0021501191,336,2544,LeBron James,1610612739,Cleveland Cavaliers,3,4,33,Missed Shot,Layup Shot,2PT Field Goal,Restricted Area,Center(C),Less Than 8 ft.,2.0,20.0,0.0,1,0,20160409,CHI,CLE
Shot Chart Detail,0021501191,337,2544,LeBron James,1610612739,Cleveland Cavaliers,3,4,32,Made Shot,Tip Layup Shot,2PT Field Goal,Restricted Area,Center(C),Less Than 8 ft.,0.0,1.0,7.0,1,1,20160409,CHI,CLE
Shot Chart Detail,0021501191,380,2544,LeBron James,1610612739,Cleveland Cavaliers,3,1,7,Made Shot,Jump Shot,3PT Field Goal,Above the Break 3,Left Side Center(LC),24+ ft.,24.0,-176.0,169.0,1,1,20160409,CHI,CLE
Shot Chart Detail,0021501191,386,2544,LeBron James,1610612739,Cleveland Cavaliers,3,0,1,Made Shot,Jump Shot,3PT Field Goal,Above the Break 3,Center(C),24+ ft.,24.0,-70.0,237.0,1,1,20160409,CHI,CLE
Shot Chart Detail,0021501191,466,2544,LeBron James,1610612739,Cleveland Cavaliers,4,4,28,Missed Shot,Jump Shot,3PT Field Goal,Above the Break 3,Right Side Center(RC),24+ ft.,26.0,169.0,203.0,1,0,20160409,CHI,CLE
Shot Chart Detail,0021501191,479,2544,LeBron James,1610612739,Cleveland Cavaliers,4,2,33,Made Shot,Jump Shot,2PT Field Goal,Mid-Range,Center(C),16-24 ft.,16.0,28.0,159.0,1,1,20160409,CHI,CLE
Shot Chart Detail,0021501191,507,2544,LeBron James,1610612739,Cleveland Cavaliers,4,0,30,Made Shot,Layup Shot,2PT Field Goal,Restricted Area,Center(C),Less Than 8 ft.,1.0,-12.0,-1.0,1,1,20160409,CHI,CLE
Shot Chart Detail,0021501203,19,2544,LeBron James,1610612739,Cleveland Cavaliers,1,9,53,Missed Shot,Layup Shot,2PT Field Goal,Restricted Area,Center(C),Less Than 8 ft.,1.0,-19.0,2.0,1,0,20160411,CLE,ATL
Shot Chart Detail,0021501203,26,2544,LeBron James,1610612739,Cleveland Cavaliers,1,9,9,Made Shot,Driving Dunk Shot,2PT Field Goal,Restricted Area,Center(C),Less Than 8 ft.,0.0,0.0,1.0,1,1,20160411,CLE,ATL
Shot Chart Detail,0021501203,32,2544,LeBron James,1610612739,Cleveland Cavaliers,1,8,13,Made Shot,Jump Shot,3PT Field Goal,Above the Break 3,Left Side Center(LC),24+ ft.,25.0,-127.0,223.0,1,1,20160411,CLE,ATL
Shot Chart Detail,0021501203,34,2544,LeBron James,1610612739,Cleveland Cavaliers,1,7,53,Made Shot,Running Jump Shot,3PT Field Goal,Above the Break 3,Right Side Center(RC),24+ ft.,25.0,164.0,190.0,1,1,20160411,CLE,ATL
Shot Chart Detail,0021501203,37,2544,LeBron James,1610612739,Cleveland Cavaliers,1,7,33,Missed Shot,Jump Shot,3PT Field Goal,Above the Break 3,Left Side Center(LC),24+ ft.,26.0,-142.0,228.0,1,0,20160411,CLE,ATL
Shot Chart Detail,0021501203,134,2544,LeBron James,1610612739,Cleveland Cavaliers,2,8,38,Made Shot,Cutting Dunk Shot,2PT Field Goal,Restricted Area,Center(C),Less Than 8 ft.,0.0,0.0,1.0,1,1,20160411,CLE,ATL
Shot Chart Detail,0021501203,161,2544,LeBron James,1610612739,Cleveland Cavaliers,2,6,25,Made Shot,Layup Shot,2PT Field Goal,Restricted Area,Center(C),Less Than 8 ft.,0.0,-4.0,-5.0,1,1,20160411,CLE,ATL
Shot Chart Detail,0021501203,220,2544,LeBron James,1610612739,Cleveland Cavaliers,2,1,12,Made Shot,Jump Shot,2PT Field Goal,Mid-Range,Left Side Center(LC),16-24 ft.,19.0,-161.0,117.0,1,1,20160411,CLE,ATL
Shot Chart Detail,0021501203,252,2544,LeBron James,1610612739,Cleveland Cavaliers,3,11,9,Made Shot,Driving Layup Shot,2PT Field Goal,Restricted Area,Center(C),Less Than 8 ft.,0.0,-7.0,-6.0,1,1,20160411,CLE,ATL
Shot Chart Detail,0021501203,255,2544,LeBron James,1610612739,Cleveland Cavaliers,3,10,46,Made Shot,Driving Layup Shot,2PT Field Goal,Restricted Area,Center(C),Less Than 8 ft.,0.0,-7.0,-1.0,1,1,20160411,CLE,ATL
Shot Chart Detail,0021501203,279,2544,LeBron James,1610612739,Cleveland Cavaliers,3,9,2,Made Shot,Turnaround Jump Shot,2PT Field Goal,Mid-Range,Left Side(L),8-16 ft.,12.0,-117.0,51.0,1,1,20160411,CLE,ATL
Shot Chart Detail,0021501203,298,2544,LeBron James,1610612739,Cleveland Cavaliers,3,7,27,Missed Shot,Driving Floating Jump Shot,2PT Field Goal,Mid-Range,Left Side(L),8-16 ft.,11.0,-110.0,36.0,1,0,20160411,CLE,ATL
Shot Chart Detail,0021501203,312,2544,LeBron James,1610612739,Cleveland Cavaliers,3,6,23,Made Shot,Jump Shot,3PT Field Goal,Above the Break 3,Left Side Center(LC),24+ ft.,25.0,-161.0,203.0,1,1,20160411,CLE,ATL
Shot Chart Detail,0021501203,321,2544,LeBron James,1610612739,Cleveland Cavaliers,3,5,34,Made Shot,Jump Shot,2PT Field Goal,In The Paint (Non-RA),Center(C),Less Than 8 ft.,5.0,-19.0,56.0,1,1,20160411,CLE,ATL
Shot Chart Detail,0021501203,343,2544,LeBron James,1610612739,Cleveland Cavaliers,3,4,4,Made Shot,Driving Layup Shot,2PT Field Goal,Restricted Area,Center(C),Less Than 8 ft.,0.0,-9.0,3.0,1,1,20160411,CLE,ATL
Shot Chart Detail,0021501203,361,2544,LeBron James,1610612739,Cleveland Cavaliers,3,2,58,Made Shot,Cutting Dunk Shot,2PT Field Goal,Restricted Area,Center(C),Less Than 8 ft.,0.0,0.0,1.0,1,1,20160411,CLE,ATL
