GRID_TYPE,GAME_ID,GAME_EVENT_ID,PLAYER_ID,PLAYER_NAME,TEAM_ID,TEAM_NAME,PERIOD,MINUTES_REMAINING,SECONDS_REMAINING,EVENT_TYPE,ACTION_TYPE,SHOT_TYPE,SHOT_ZONE_BASIC,SHOT_ZONE_AREA,SHOT_ZONE_RANGE,SHOT_DISTANCE,LOC_X,LOC_Y,SHOT_ATTEMPTED_FLAG,SHOT_MADE_FLAG,GAME_DATE,HTM,VTM
Shot Chart Detail,0021200003,4,1897,Metta World Peace,1610612747,Los Angeles Lakers,1,11,18,Missed Shot,Driving Layup Shot,2PT Field Goal,Restricted Area,Center(C),Less Than 8 ft.,3.0,-10.0,30.0,1,0,20121030,LAL,DAL
Shot Chart Detail,0021200003,65,1897,Metta World Peace,1610612747,Los Angeles Lakers,1,4,41,Missed Shot,Jump Shot,3PT Field Goal,Right Corner 3,Right Side(R),24+ ft.,23.0,236.0,12.0,1,0,20121030,LAL,DAL
Shot Chart Detail,0021200003,274,1897,Metta World Peace,1610612747,Los Angeles Lakers,3,7,19,Missed Shot,Jump Shot,3PT Field Goal,Above the Break 3,Center(C),24+ ft.,26.0,-34.0,263.0,1,0,20121030,LAL,DAL
Shot Chart Detail,0021200003,315,1897,Metta World Peace,1610612747,Los Angeles Lakers,3,4,19,Missed Shot,Step Back Jump shot,2PT Field Goal,In The Paint (Non-RA),Center(C),8-16 ft.,11.0,-11.0,116.0,1,0,20121030,LAL,DAL
Shot Chart Detail,0021200003,346,1897,Metta World Peace,1610612747,Los Angeles Lakers,3,1,58,Missed Shot,Jump Shot,2PT Field Goal,Restricted Area,Center(C),Less Than 8 ft.,3.0,28.0,25.0,1,0,20121030,LAL,DAL
Shot Chart Detail,0021200003,437,1897,Metta World Peace,1610612747,Los Angeles Lakers,4,8,6,Missed Shot,Jump Shot,3PT Field Goal,Above the Break 3,Right Side Center(RC),24+ ft.,27.0,207.0,178.0,1,0,20121030,LAL,DAL
Shot Chart Detail,0021200003,523,1897,Metta World Peace,1610612747,Los Angeles Lakers,4,1,25,Made Shot,Jump Shot,2PT Field Goal,Mid-Range,Left Side(L),16-24 ft.,19.0,-174.0,91.0,1,1,20121030,LAL,DAL
Shot Chart Detail,0021200003,531,1897,Metta World Peace,1610612747,Los Angeles Lakers,4,0,16,Missed Shot,Jump Shot,2PT Field Goal,Restricted Area,Center(C),Less Than 8 ft.,3.0,18.0,34.0,1,0,20121030,LAL,DAL
Shot Chart Detail,0021200012,17,1897,Metta World Peace,1610612747,Los Angeles Lakers,1,10,21,Made Shot,Layup Shot,2PT Field Goal,Restricted Area,Center(C),Less Than 8 ft.,0.0,7.0,1.0,1,1,20121031,POR,LAL
Shot Chart Detail,0021200012,219,1897,Metta World Peace,1610612747,Los Angeles Lakers,2,6,32,Made Shot,Jump Shot,3PT Field Goal,Right Corner 3,Right Side(R),24+ ft.,24.0,236.0,67.0,1,1,20121031,POR,LAL
Shot Chart Detail,0021200012,262,1897,Metta World Peace,1610612747,Los Angeles Lakers,2,1,20,Made Shot,Jump Shot,3PT Field Goal,Above the Break 3,Right Side Center(RC),24+ ft.,25.0,165.0,195.0,1,1,20121031,POR,LAL
Shot Chart Detail,0021200012,527,1897,Metta World Peace,1610612747,Los Angeles Lakers,4,2,20,Missed Shot,Jump Shot,3PT Field Goal,Above the Break 3,Right Side Center(RC),24+ ft.,24.0,118.0,217.0,1,0,20121031,POR,LAL
Shot Chart Detail,0021200012,537,1897,Metta World Peace,1610612747,Los Angeles Lakers,4,1,3,Made Shot,Driving Dunk Shot,2PT Field Goal,Restricted Area,Center(C),Less Than 8 ft.,0.0,6.0,3.0,1,1,20121031,POR,LAL
Shot Chart Detail,0021200025,7,1897,Metta World Peace,1610612747,Los Angeles Lakers,1,11,6,Missed Shot,Jump Shot,3PT Field Goal,Above the Break 3,Right Side Center(RC),24+ ft.,25.0,171.0,195.0,1,0,20121102,LAL,LAC
Shot Chart Detail,0021200025,159,1897,Metta World Peace,1610612747,Los Angeles Lakers,2,10,7,Missed Shot,Jump Shot,3PT Field Goal,Above the Break 3,Center(C),24+ ft.,24.0,-13.0,246.0,1,0,20121102,LAL,LAC
Shot Chart Detail,0021200025,190,1897,Metta World Peace,1610612747,Los Angeles Lakers,2,6,33,Made Shot,Jump Shot,3PT Field Goal,Left Corner 3,Left Side(L),24+ ft.,23.0,-234.0,23.0,1,1,20121102,LAL,LAC
Shot Chart Detail,0021200025,228,1897,Metta World Peace,1610612747,Los Angeles Lakers,2,2,45,Made Shot,Layup Shot,2PT Field Goal,Restricted Area,Center(C),Less Than 8 ft.,2.0,-2.0,26.0,1,1,20121102,LAL,LAC
Shot Chart Detail,0021200025,258,1897,Metta World Peace,1610612747,Los Angeles Lakers,3,10,19,Made Shot,Driving Layup Shot,2PT Field Goal,Restricted Area,Center(C),Less Than 8 ft.,2.0,15.0,20.0,1,1,20121102,LAL,LAC
Shot Chart Detail,0021200025,262,1897,Metta World Peace,1610612747,Los Angeles Lakers,3,9,22,Missed Shot,Jump Shot,3PT Field Goal,Above the Break 3,Left Side Center(LC),24+ ft.,28.0,-100.0,265.0,1,0,20121102,LAL,LAC
Shot Chart Detail,0021200025,306,1897,Metta World Peace,1610612747,Los Angeles Lakers,3,6,4,Missed Shot,Jump Shot,3PT Field Goal,Left Corner 3,Left Side(L),24+ ft.,24.0,-237.0,58.0,1,0,20121102,LAL,LAC
Shot Chart Detail,0021200025,388,1897,Metta World Peace,1610612747,Los Angeles Lakers,3,0,34,Missed Shot,Jump Shot,2PT Field Goal,Mid-Range,Left Side(L),8-16 ft.,10.0,-106.0,17.0,1,0,20121102,LAL,LAC
Shot Chart Detail,0021200025,439,1897,Metta World Peace,1610612747,Los Angeles Lakers,4,7,47,Missed Shot,Jump Shot,3PT Field Goal,Left Corner 3,Left Side(L),24+ ft.,24.0,-240.0,19.0,1,0,20121102,LAL,LAC
Shot Chart Detail,0021200025,498,1897,Metta World Peace,1610612747,Los Angeles Lakers,4,1,38,Missed Shot,Jump Shot,3PT Field Goal,Above the Break 3,Right Side Center(RC),24+ ft.,25.0,80.0,241.0,1,0,20121102,LAL,LAC
Shot Chart Detail,0021200041,14,1897,Metta World Peace,1610612747,Los Angeles Lakers,1,10,12,Made Shot,Jump Shot,2PT Field Goal,In The Paint (Non-RA),Center(C),Less Than 8 ft.,4.0,-45.0,17.0,1,1,20121104,LAL,DET
Shot Chart Detail,0021200041,24,1897,Metta World Peace,1610612747,Los Angeles Lakers,1,9,0,Missed Shot,Jump Shot,3PT Field Goal,Left Corner 3,Left Side(L),24+ ft.,24.0,-240.0,-2.0,1,0,20121104,LAL,DET
Shot Chart Detail,0021200041,200,1897,Metta World Peace,1610612747,Los Angeles Lakers,2,5,36,Missed Shot,Jump Shot,3PT Field Goal,Above the Break 3,Left Side Center(LC),24+ ft.,26.0,-150.0,222.0,1,0,20121104,LAL,DET
Shot Chart Detail,0021200041,225,1897,Metta World Peace,1610612747,Los Angeles Lakers,2,2,29,Made Shot,Jump Shot,2PT Field Goal,Mid-Range,Right Side(R),16-24 ft.,16.0,165.0,14.0,1,1,20121104,LAL,DET
Shot Chart Detail,0021200041,245,1897,Metta World Peace,1610612747,Los Angeles Lakers,2,1,1,Made Shot,Jump Shot,3PT Field Goal,Above the Break 3,Right Side Center(RC),24+ ft.,25.0,230.0,102.0,1,1,20121104,LAL,DET
Shot Chart Detail,0021200041,250,1897,Metta World Peace,1610612747,Los Angeles Lakers,2,0,3,Made Shot,Jump Shot,3PT Field Goal,Right Corner 3,Right Side(R),24+ ft.,23.0,231.0,4.0,1,1,20121104,LAL,DET
Shot Chart Detail,0021200041,300,1897,Metta World Peace,1610612747,Los Angeles Lakers,3,7,31,Made Shot,Layup Shot,2PT Field Goal,Restricted Area,Center(C),Less Than 8 ft.,1.0,-10.0,0.0,1,1,20121104,LAL,DET
Shot Chart Detail,0021200041,312,1897,Metta World Peace,1610612747,Los Angeles Lakers,3,6,28,Missed Shot,Jump Shot,2PT Field Goal,Restricted Area,Center(C),Less Than 8 ft.,3.0,-27.0,23.0,1,0,20121104,LAL,DET
Shot Chart Detail,0021200041,322,1897,Metta World Peace,1610612747,Los Angeles Lakers,3,5,24,Made Shot,Driving Layup Shot,2PT Field Goal,Restricted Area,Center(C),Less Than 8 ft.,2.0,23.0,3.0,1,1,20121104,LAL,DET
Shot Chart Detail,0021200041,336,1897,Metta World Peace,1610612747,Los Angeles Lakers,3,4,32,Made Shot,Jump Shot,3PT Field Goal,Above the Break 3,Left Side Center(LC),24+ ft.,26.0,-234.0,121.0,1,1,20121104,LAL,DET
Shot Chart Detail,0021200041,376,1897,Metta World Peace,1610612747,Los Angeles Lakers,3,1,57,Missed Shot,Jump Shot,3PT Field Goal,Left Corner 3,Left Side(L),24+ ft.,24.0,-235.0,80.0,1,0,20121104,LAL,DET
Shot Chart Detail,0021200062,43,1897,Metta World Peace,1610612747,Los Angeles Lakers,1,8,31,Made Shot,Jump Shot,3PT Field Goal,Above the Break 3,Left Side Center(LC),24+ ft.,25.0,-210.0,137.0,1,1,20121107,UTA,LAL
Shot Chart Detail,0021200062,59,1897,Metta World Peace,1610612747,Los Angeles Lakers,1,6,54,Made Shot,Driving Dunk Shot,2PT Field Goal,Restricted Area,Center(C),Less Than 8 ft.,0.0,6.0,0.0,1,1,20121107,UTA,LAL
Shot Chart Detail,0021200062,70,1897,Metta World Peace,1610612747,Los Angeles Lakers,1,5,13,Missed Shot,Jump Shot,2PT Field Goal,In The Paint (Non-RA),Center(C),Less Than 8 ft.,4.0,32.0,30.0,1,0,20121107,UTA,LAL
Shot Chart Detail,0021200062,141,1897,Metta World Peace,1610612747,Los Angeles Lakers,2,11,37,Missed Shot,Jump Shot,3PT Field Goal,Above the Break 3,Right Side Center(RC),24+ ft.,24.0,147.0,198.0,1,0,20121107,UTA,LAL
Shot Chart Detail,0021200062,251,1897,Metta World Peace,1610612747,Los Angeles Lakers,2,1,44,Missed Shot,Layup Shot,2PT Field Goal,Restricted Area,Center(C),Less Than 8 ft.,2.0,-21.0,19.0,1,0,20121107,UTA,LAL
Shot Chart Detail,0021200062,262,1897,Metta World Peace,1610612747,Los Angeles Lakers,2,0,31,Missed Shot,Turnaround Jump Shot,2PT Field Goal,In The Paint (Non-RA),Center(C),8-16 ft.,9.0,0.0,96.0,1,0,20121107,UTA,LAL
Shot Chart Detail,0021200062,321,1897,Metta World Peace,1610612747,Los Angeles Lakers,3,6,46,Missed Shot,Jump Shot,3PT Field Goal,Left Corner 3,Left Side(L),24+ ft.,23.0,-234.0,-5.0,1,0,20121107,UTA,LAL
Shot Chart Detail,0021200062,338,1897,Metta World Peace,1610612747,Los Angeles Lakers,3,4,45,Missed Shot,Layup Shot,2PT Field Goal,Restricted Area,Center(C),Less Than 8 ft.,2.0,24.0,17.0,1,0,20121107,UTA,LAL
Shot Chart Detail,0021200062,342,1897,Metta World Peace,1610612747,Los Angeles Lakers,3,4,24,Missed Shot,Jump Shot,3PT Field Goal,Left Corner 3,Left Side(L),24+ ft.,24.0,-226.0,85.0,1,0,20121107,UTA,LAL
Shot Chart Detail,0021200062,418,1897,Metta World Peace,1610612747,Los Angeles Lakers,4,10,4,Missed Shot,Jump Shot,2PT Field Goal,Mid-Range,Right Side Center(RC),16-24 ft.,22.0,88.0,209.0,1,0,20121107,UTA,LAL
Shot Chart Detail,0021200062,445,1897,Metta World Peace,1610612747,Los Angeles Lakers,4,7,39,Made Shot,Jump Shot,3PT Field Goal,Above the Break 3,Right Side Center(RC),24+ ft.,24.0,135.0,203.0,1,1,20121107,UTA,LAL
Shot Chart Detail,0021200062,548,1897,Metta World Peace,1610612747,Los Angeles Lakers,4,0,1,Missed Shot,Jump Shot,3PT Field Goal,Above the Break 3,Right Side Center(RC),24+ ft.,24.0,108.0,217.0,1,0,20121107,UTA,LAL
Shot Chart Detail,0021200080,22,1897,Metta World Peace,1610612747,Los Angeles Lakers,1,8,53,Missed Shot,Jump Shot,2PT Field Goal,Mid-Range,Left Side Center(LC),16-24 ft.,19.0,-97.0,167.0,1,0,20121109,LAL,GSW
Shot Chart Detail,0021200080,51,1897,Metta World Peace,1610612747,Los Angeles Lakers,1,7,10,Missed Shot,Jump Shot,3PT Field Goal,Right Corner 3,Right Side(R),24+ ft.,22.0,225.0,26.0,1,0,20121109,LAL,GSW
Shot Chart Detail,0021200080,60,1897,Metta World Peace,1610612747,Los Angeles Lakers,1,6,30,Missed Shot,Jump Shot,3PT Field Goal,Above the Break 3,Left Side Center(LC),24+ ft.,25.0,-133.0,216.0,1,0,20121109,LAL,GSW
Shot Chart Detail,0021200080,69,1897,Metta World Peace,1610612747,Los Angeles Lakers,1,5,11,Missed Shot,Jump Shot,3PT Field Goal,Above the Break 3,Right Side Center(RC),24+ ft.,26.0,118.0,238.0,1,0,20121109,LAL,GSW
Shot Chart Detail,0021200080,216,1897,Metta World Peace,1610612747,Los Angeles Lakers,2,4,34,Missed Shot,Jump Shot,3PT Field Goal,Above the Break 3,Left Side Center(LC),24+ ft.,25.0,-224.0,118.0,1,0,20121109,LAL,GSW
Shot Chart Detail,0021200080,254,1897,Metta World Peace,1610612747,Los Angeles Lakers,2,1,31,Missed Shot,Fadeaway Jump Shot,2PT Field Goal,In The Paint (Non-RA),Center(C),8-16 ft.,9.0,-15.0,94.0,1,0,20121109,LAL,GSW
Shot Chart Detail,0021200080,290,1897,Metta World Peace,1610612747,Los Angeles Lakers,3,10,39,Missed Shot,Jump Shot,3PT Field Goal,Right Corner 3,Right Side(R),24+ ft.,24.0,233.0,63.0,1,0,20121109,LAL,GSW
Shot Chart Detail,0021200080,316,1897,Metta World Peace,1610612747,Los Angeles Lakers,3,7,57,Missed Shot,Running Jump Shot,2PT Field Goal,In The Paint (Non-RA),Center(C),Less Than 8 ft.,7.0,-79.0,4.0,1,0,20121109,LAL,GSW
Shot Chart Detail,0021200080,324,1897,Metta World Peace,1610612747,Los Angeles Lakers,3,7,23,Missed Shot,Jump Bank Shot,2PT Field Goal,In The Paint (Non-RA),Center(C),Less Than 8 ft.,5.0,-51.0,11.0,1,0,20121109,LAL,GSW
Shot Chart Detail,0021200080,335,1897,Metta World Peace,1610612747,Los Angeles Lakers,3,6,46,Missed Shot,Jump Shot,2PT Field Goal,Mid-Range,Left Side(L),16-24 ft.,20.0,-205.0,42.0,1,0,20121109,LAL,GSW
Shot Chart Detail,0021200080,389,1897,Metta World Peace,1610612747,Los Angeles Lakers,3,1,20,Made Shot,Jump Shot,3PT Field Goal,Left Corner 3,Left Side(L),24+ ft.,23.0,-231.0,53.0,1,1,20121109,LAL,GSW
Shot Chart Detail,0021200080,481,1897,Metta World Peace,1610612747,Los Angeles Lakers,4,7,44,Made Shot,Driving Finger Roll Layup Shot,2PT Field Goal,Restricted Area,Center(C),Less Than 8 ft.,1.0,-15.0,7.0,1,1,20121109,LAL,GSW
Shot Chart Detail,0021200080,483,1897,Metta World Peace,1610612747,Los Angeles Lakers,4,7,11,Made Shot,Fadeaway Jump Shot,2PT Field Goal,In The Paint (Non-RA),Right Side(R),8-16 ft.,11.0,78.0,82.0,1,1,20121109,LAL,GSW
Shot Chart Detail,0021200080,520,1897,Metta World Peace,1610612747,Los Angeles Lakers,4,4,51,Missed Shot,Jump Shot,3PT Field Goal,Above the Break 3,Right Side Center(RC),24+ ft.,24.0,225.0,107.0,1,0,20121109,LAL,GSW
Shot Chart Detail,0021200094,22,1897,Metta World Peace,1610612747,Los Angeles Lakers,1,9,21,Made Shot,Layup Shot,2PT Field Goal,Restricted Area,Center(C),Less Than 8 ft.,1.0,-16.0,1.0,1,1,20121111,LAL,SAC
Shot Chart Detail,0021200094,36,1897,Metta World Peace,1610612747,Los Angeles Lakers,1,8,0,Missed Shot,Jump Shot,3PT Field Goal,Left Corner 3,Left Side(L),24+ ft.,23.0,-234.0,17.0,1,0,20121111,LAL,SAC
Shot Chart Detail,0021200094,58,1897,Metta World Peace,1610612747,Los Angeles Lakers,1,5,37,Made Shot,Jump Shot,3PT Field Goal,Left Corner 3,Left Side(L),24+ ft.,23.0,-237.0,31.0,1,1,20121111,LAL,SAC
Shot Chart Detail,0021200094,199,1897,Metta World Peace,1610612747,Los Angeles Lakers,2,6,25,Missed Shot,Jump Shot,3PT Field Goal,Left Corner 3,Left Side(L),24+ ft.,22.0,-228.0,12.0,1,0,20121111,LAL,SAC
Shot Chart Detail,0021200094,340,1897,Metta World Peace,1610612747,Los Angeles Lakers,3,5,47,Made Shot,Alley Oop Dunk Shot,2PT Field Goal,Restricted Area,Center(C),Less Than 8 ft.,1.0,18.0,-2.0,1,1,20121111,LAL,SAC
Shot Chart Detail,0021200094,345,1897,Metta World Peace,1610612747,Los Angeles Lakers,3,4,50,Missed Shot,Jump Shot,2PT Field Goal,Mid-Range,Right Side(R),8-16 ft.,15.0,146.0,52.0,1,0,20121111,LAL,SAC
Shot Chart Detail,0021200094,399,1897,Metta World Peace,1610612747,Los Angeles Lakers,3,0,29,Made Shot,Jump Shot,3PT Field Goal,Above the Break 3,Left Side Center(LC),24+ ft.,27.0,-207.0,178.0,1,1,20121111,LAL,SAC
Shot Chart Detail,0021200094,407,1897,Metta World Peace,1610612747,Los Angeles Lakers,3,0,2,Missed Shot,Jump Shot,3PT Field Goal,Above the Break 3,Right Side Center(RC),24+ ft.,25.0,168.0,189.0,1,0,20121111,LAL,SAC
Shot Chart Detail,0021200094,490,1897,Metta World Peace,1610612747,Los Angeles Lakers,4,5,3,Made Shot,Jump Shot,3PT Field Goal,Right Corner 3,Right Side(R),24+ ft.,23.0,233.0,55.0,1,1,20121111,LAL,SAC
Shot Chart Detail,0021200094,492,1897,Metta World Peace,1610612747,Los Angeles Lakers,4,4,22,Made Shot,Jump Shot,3PT Field Goal,Above the Break 3,Right Side Center(RC),24+ ft.,25.0,149.0,201.0,1,1,20121111,LAL,SAC
Shot Chart Detail,0021200094,498,1897,Metta World Peace,1610612747,Los Angeles Lakers,4,3,20,Missed Shot,Jump Shot,3PT Field Goal,Above the Break 3,Center(C),24+ ft.,27.0,2.0,272.0,1,0,20121111,LAL,SAC
Shot Chart Detail,0021200108,25,1897,Metta World Peace,1610612747,Los Angeles Lakers,1,9,1,Made Shot,Jump Shot,3PT Field Goal,Above the Break 3,Left Side Center(LC),24+ ft.,24.0,-198.0,149.0,1,1,20121113,LAL,SAS
Shot Chart Detail,0021200108,105,1897,Metta World Peace,1610612747,Los Angeles Lakers,1,1,19,Missed Shot,Jump Shot,3PT Field Goal,Above the Break 3,Left Side Center(LC),24+ ft.,26.0,-161.0,208.0,1,0,20121113,LAL,SAS
Shot Chart Detail,0021200108,109,1897,Metta World Peace,1610612747,Los Angeles Lakers,1,0,49,Missed Shot,Jump Shot,3PT Field Goal,Above the Break 3,Left Side Center(LC),24+ ft.,27.0,-97.0,252.0,1,0,20121113,LAL,SAS
Shot Chart Detail,0021200108,235,1897,Metta World Peace,1610612747,Los Angeles Lakers,2,0,5,Missed Shot,Layup Shot,2PT Field Goal,Restricted Area,Center(C),Less Than 8 ft.,2.0,-7.0,23.0,1,0,20121113,LAL,SAS
Shot Chart Detail,0021200108,245,1897,Metta World Peace,1610612747,Los Angeles Lakers,3,11,16,Missed Shot,Jump Shot,2PT Field Goal,Mid-Range,Right Side(R),16-24 ft.,17.0,174.0,-13.0,1,0,20121113,LAL,SAS
Shot Chart Detail,0021200108,322,1897,Metta World Peace,1610612747,Los Angeles Lakers,3,3,18,Made Shot,Jump Shot,3PT Field Goal,Above the Break 3,Right Side Center(RC),24+ ft.,25.0,118.0,231.0,1,1,20121113,LAL,SAS
Shot Chart Detail,0021200108,326,1897,Metta World Peace,1610612747,Los Angeles Lakers,3,2,56,Missed Shot,Driving Layup Shot,2PT Field Goal,Restricted Area,Center(C),Less Than 8 ft.,2.0,7.0,26.0,1,0,20121113,LAL,SAS
Shot Chart Detail,0021200108,328,1897,Metta World Peace,1610612747,Los Angeles Lakers,3,2,48,Missed Shot,Jump Shot,3PT Field Goal,Above the Break 3,Left Side Center(LC),24+ ft.,25.0,-212.0,138.0,1,0,20121113,LAL,SAS
Shot Chart Detail,0021200108,345,1897,Metta World Peace,1610612747,Los Angeles Lakers,3,2,21,Missed Shot,Jump Shot,2PT Field Goal,Restricted Area,Center(C),Less Than 8 ft.,3.0,-8.0,30.0,1,0,20121113,LAL,SAS
Shot Chart Detail,0021200108,347,1897,Metta World Peace,1610612747,Los Angeles Lakers,3,2,13,Made Shot,Driving Finger Roll Layup Shot,2PT Field Goal,Restricted Area,Center(C),Less Than 8 ft.,1.0,9.0,14.0,1,1,20121113,LAL,SAS
Shot Chart Detail,0021200108,369,1897,Metta World Peace,1610612747,Los Angeles Lakers,3,0,47,Missed Shot,Jump Shot,3PT Field Goal,Above the Break 3,Left Side Center(LC),24+ ft.,27.0,-152.0,227.0,1,0,20121113,LAL,SAS
Shot Chart Detail,0021200108,436,1897,Metta World Peace,1610612747,Los Angeles Lakers,4,6,9,Missed Shot,Jump Shot,3PT Field Goal,Above the Break 3,Center(C),24+ ft.,25.0,0.0,255.0,1,0,20121113,LAL,SAS
Shot Chart Detail,0021200108,462,1897,Metta World Peace,1610612747,Los Angeles Lakers,4,3,9,Made Shot,Jump Shot,2PT Field Goal,Mid-Range,Right Side Center(RC),16-24 ft.,22.0,136.0,179.0,1,1,20121113,LAL,SAS
Shot Chart Detail,0021200108,489,1897,Metta World Peace,1610612747,Los Angeles Lakers,4,0,19,Missed Shot,Jump Shot,3PT Field Goal,Above the Break 3,Right Side Center(RC),24+ ft.,24.0,220.0,116.0,1,0,20121113,LAL,SAS
Shot Chart Detail,0021200130,5,1897,Metta World Peace,1610612747,Los Angeles Lakers,1,11,20,Made Shot,Jump Shot,3PT Field Goal,Above the Break 3,Left Side Center(LC),24+ ft.,26.0,-149.0,222.0,1,1,20121116,LAL,PHX
Shot Chart Detail,0021200130,21,1897,Metta World Peace,1610612747,Los Angeles Lakers,1,8,56,Missed Shot,Layup Shot,2PT Field Goal,Restricted Area,Center(C),Less Than 8 ft.,0.0,2.0,4.0,1,0,20121116,LAL,PHX
Shot Chart Detail,0021200130,40,1897,Metta World Peace,1610612747,Los Angeles Lakers,1,7,11,Missed Shot,Jump Shot,3PT Field Goal,Left Corner 3,Left Side(L),24+ ft.,24.0,-246.0,28.0,1,0,20121116,LAL,PHX
Shot Chart Detail,0021200130,78,1897,Metta World Peace,1610612747,Los Angeles Lakers,1,2,10,Made Shot,Jump Shot,3PT Field Goal,Left Corner 3,Left Side(L),24+ ft.,23.0,-237.0,6.0,1,1,20121116,LAL,PHX
Shot Chart Detail,0021200130,80,1897,Metta World Peace,1610612747,Los Angeles Lakers,1,1,45,Made Shot,Driving Layup Shot,2PT Field Goal,Restricted Area,Center(C),Less Than 8 ft.,0.0,1.0,0.0,1,1,20121116,LAL,PHX
Shot Chart Detail,0021200130,107,1897,Metta World Peace,1610612747,Los Angeles Lakers,1,0,1,Made Shot,Jump Shot,3PT Field Goal,Right Corner 3,Right Side(R),24+ ft.,24.0,241.0,33.0,1,1,20121116,LAL,PHX
Shot Chart Detail,0021200130,226,1897,Metta World Peace,1610612747,Los Angeles Lakers,2,2,51,Made Shot,Driving Layup Shot,2PT Field Goal,Restricted Area,Center(C),Less Than 8 ft.,1.0,12.0,0.0,1,1,20121116,LAL,PHX
Shot Chart Detail,0021200130,245,1897,Metta World Peace,1610612747,Los Angeles Lakers,2,1,12,Missed Shot,Jump Shot,2PT Field Goal,In The Paint (Non-RA),Center(C),Less Than 8 ft.,7.0,0.0,74.0,1,0,20121116,LAL,PHX
Shot Chart Detail,0021200130,301,1897,Metta World Peace,1610612747,Los Angeles Lakers,3,7,55,Made Shot,Jump Shot,3PT Field Goal,Left Corner 3,Left Side(L),24+ ft.,23.0,-237.0,12.0,1,1,20121116,LAL,PHX
Shot Chart Detail,0021200130,328,1897,Metta World Peace,1610612747,Los Angeles Lakers,3,5,15,Missed Shot,Jump Shot,3PT Field Goal,Right Corner 3,Right Side(R),24+ ft.,23.0,239.0,3.0,1,0,20121116,LAL,PHX
Shot Chart Detail,0021200130,347,1897,Metta World Peace,1610612747,Los Angeles Lakers,3,3,59,Made Shot,Jump Shot,3PT Field Goal,Right Corner 3,Right Side(R),24+ ft.,24.0,234.0,63.0,1,1,20121116,LAL,PHX
Shot Chart Detail,0021200130,462,1897,Metta World Peace,1610612747,Los Angeles Lakers,4,5,59,Missed Shot,Jump Shot,3PT Field Goal,Above the Break 3,Left Side Center(LC),24+ ft.,26.0,-221.0,153.0,1,0,20121116,LAL,PHX
Shot Chart Detail,0021200130,525,1897,Metta World Peace,1610612747,Los Angeles Lakers,4,2,0,Missed Shot,Jump Shot,3PT Field Goal,Right Corner 3,Right Side(R),24+ ft.,23.0,236.0,11.0,1,0,20121116,LAL,PHX
Shot Chart Detail,0021200130,533,1897,Metta World Peace,1610612747,Los Angeles Lakers,4,0,50,Missed Shot,Jump Shot,3PT Field Goal,Above the Break 3,Right Side Center(RC),24+ ft.,26.0,141.0,225.0,1,0,20121116,LAL,PHX
Shot Chart Detail,0021200146,26,1897,Metta World Peace,1610612747,Los Angeles Lakers,1,8,25,Made Shot,Jump Shot,2PT Field Goal,Mid-Range,Right Side(R),8-16 ft.,13.0,133.0,6.0,1,1,20121118,LAL,HOU
Shot Chart Detail,0021200146,32,1897,Metta World Peace,1610612747,Los Angeles Lakers,1,7,44,Missed Shot,Driving Reverse Layup Shot,2PT Field Goal,Restricted Area,Center(C),Less Than 8 ft.,2.0,6.0,25.0,1,0,20121118,LAL,HOU
Shot Chart Detail,0021200146,43,1897,Metta World Peace,1610612747,Los Angeles Lakers,1,6,42,Made Shot,Driving Layup Shot,2PT Field Goal,Restricted Area,Center(C),Less Than 8 ft.,2.0,18.0,22.0,1,1,20121118,LAL,HOU
Shot Chart Detail,0021200146,251,1897,Metta World Peace,1610612747,Los Angeles Lakers,3,11,14,Missed Shot,Jump Shot,3PT Field Goal,Above the Break 3,Left Side Center(LC),24+ ft.,26.0,-146.0,219.0,1,0,20121118,LAL,HOU
Shot Chart Detail,0021200146,253,1897,Metta World Peace,1610612747,Los Angeles Lakers,3,11,6,Made Shot,Jump Shot,3PT Field Goal,Above the Break 3,Left Side Center(LC),24+ ft.,25.0,-152.0,203.0,1,1,20121118,LAL,HOU
Shot Chart Detail,0021200146,294,1897,Metta World Peace,1610612747,Los Angeles Lakers,3,8,8,Made Shot,Driving Finger Roll Layup Shot,2PT Field Goal,Restricted Area,Center(C),Less Than 8 ft.,2.0,-10.0,23.0,1,1,20121118,LAL,HOU
Shot Chart Detail,0021200146,299,1897,Metta World Peace,1610612747,Los Angeles Lakers,3,7,30,Made Shot,Driving Layup Shot,2PT Field Goal,In The Paint (Non-RA),Center(C),Less Than 8 ft.,4.0,-35.0,20.0,1,1,20121118,LAL,HOU
Shot Chart Detail,0021200146,331,1897,Metta World Peace,1610612747,Los Angeles Lakers,3,4,18,Missed Shot,Jump Shot,3PT Field Goal,Above the Break 3,Right Side Center(RC),24+ ft.,25.0,211.0,146.0,1,0,20121118,LAL,HOU
Shot Chart Detail,0021200156,6,1897,Metta World Peace,1610612747,Los Angeles Lakers,1,11,20,Made Shot,Driving Layup Shot,2PT Field Goal,Restricted Area,Center(C),Less Than 8 ft.,1.0,-11.0,11.0,1,1,20121120,LAL,BKN
Shot Chart Detail,0021200156,9,1897,Metta World Peace,1610612747,Los Angeles Lakers,1,10,53,Missed Shot,Jump Shot,3PT Field Goal,Left Corner 3,Left Side(L),24+ ft.,24.0,-231.0,71.0,1,0,20121120,LAL,BKN
Shot Chart Detail,0021200156,39,1897,Metta World Peace,1610612747,Los Angeles Lakers,1,8,26,Made Shot,Jump Shot,3PT Field Goal,Right Corner 3,Right Side(R),24+ ft.,23.0,234.0,45.0,1,1,20121120,LAL,BKN
Shot Chart Detail,0021200156,76,1897,Metta World Peace,1610612747,Los Angeles Lakers,1,5,28,Made Shot,Driving Layup Shot,2PT Field Goal,Restricted Area,Center(C),Less Than 8 ft.,0.0,4.0,-5.0,1,1,20121120,LAL,BKN
Shot Chart Detail,0021200156,84,1897,Metta World Peace,1610612747,Los Angeles Lakers,1,4,12,Missed Shot,Jump Shot,3PT Field Goal,Left Corner 3,Left Side(L),24+ ft.,23.0,-229.0,53.0,1,0,20121120,LAL,BKN
Shot Chart Detail,0021200156,163,1897,Metta World Peace,1610612747,Los Angeles Lakers,2,7,20,Missed Shot,Driving Layup Shot,2PT Field Goal,Restricted Area,Center(C),Less Than 8 ft.,2.0,12.0,19.0,1,0,20121120,LAL,BKN
Shot Chart Detail,0021200156,203,1897,Metta World Peace,1610612747,Los Angeles Lakers,2,5,14,Made Shot,Jump Shot,3PT Field Goal,Right Corner 3,Right Side(R),24+ ft.,22.0,228.0,12.0,1,1,20121120,LAL,BKN
Shot Chart Detail,0021200156,246,1897,Metta World Peace,1610612747,Los Angeles Lakers,2,1,29,Missed Shot,Jump Shot,3PT Field Goal,Left Corner 3,Left Side(L),24+ ft.,22.0,-226.0,9.0,1,0,20121120,LAL,BKN
Shot Chart Detail,0021200156,266,1897,Metta World Peace,1610612747,Los Angeles Lakers,2,0,11,Made Shot,Jump Shot,3PT Field Goal,Above the Break 3,Center(C),24+ ft.,26.0,0.0,263.0,1,1,20121120,LAL,BKN
Shot Chart Detail,0021200156,285,1897,Metta World Peace,1610612747,Los Angeles Lakers,3,10,11,Missed Shot,Jump Shot,3PT Field Goal,Left Corner 3,Left Side(L),24+ ft.,24.0,-232.0,78.0,1,0,20121120,LAL,BKN
Shot Chart Detail,0021200156,345,1897,Metta World Peace,1610612747,Los Angeles Lakers,3,4,59,Missed Shot,Layup Shot,2PT Field Goal,Restricted Area,Center(C),Less Than 8 ft.,1.0,13.0,7.0,1,0,20121120,LAL,BKN
Shot Chart Detail,0021200156,393,1897,Metta World Peace,1610612747,Los Angeles Lakers,4,11,39,Missed Shot,Jump Shot,3PT Field Goal,Above the Break 3,Left Side Center(LC),24+ ft.,25.0,-97.0,235.0,1,0,20121120,LAL,BKN
Shot Chart Detail,0021200156,484,1897,Metta World Peace,1610612747,Los Angeles Lakers,4,4,39,Made Shot,Jump Shot,3PT Field Goal,Left Corner 3,Left Side(L),24+ ft.,23.0,-231.0,55.0,1,1,20121120,LAL,BKN
Shot Chart Detail,0021200169,2,1897,Metta World Peace,1610612747,Los Angeles Lakers,1,11,45,Made Shot,Jump Shot,3PT Field Goal,Right Corner 3,Right Side(R),24+ ft.,22.0,228.0,14.0,1,1,20121121,SAC,LAL
Shot Chart Detail,0021200169,65,1897,Metta World Peace,1610612747,Los Angeles Lakers,1,4,31,Missed Shot,Jump Shot,3PT Field Goal,Left Corner 3,Left Side(L),24+ ft.,23.0,-234.0,11.0,1,0,20121121,SAC,LAL
Shot Chart Detail,0021200169,188,1897,Metta World Peace,1610612747,Los Angeles Lakers,2,5,30,Made Shot,Layup Shot,2PT Field Goal,Restricted Area,Center(C),Less Than 8 ft.,2.0,-23.0,11.0,1,1,20121121,SAC,LAL
Shot Chart Detail,0021200169,240,1897,Metta World Peace,1610612747,Los Angeles Lakers,2,0,19,Missed Shot,Tip Shot,2PT Field Goal,Restricted Area,Center(C),Less Than 8 ft.,0.0,6.0,0.0,1,0,20121121,SAC,LAL
Shot Chart Detail,0021200169,262,1897,Metta World Peace,1610612747,Los Angeles Lakers,3,10,31,Missed Shot,Layup Shot,2PT Field Goal,Restricted Area,Center(C),Less Than 8 ft.,2.0,-16.0,19.0,1,0,20121121,SAC,LAL
Shot Chart Detail,0021200169,270,1897,Metta World Peace,1610612747,Los Angeles Lakers,3,9,43,Missed Shot,Jump Shot,2PT Field Goal,Mid-Range,Right Side Center(RC),16-24 ft.,19.0,116.0,153.0,1,0,20121121,SAC,LAL
Shot Chart Detail,0021200169,275,1897,Metta World Peace,1610612747,Los Angeles Lakers,3,9,14,Made Shot,Jump Shot,3PT Field Goal,Left Corner 3,Left Side(L),24+ ft.,23.0,-235.0,7.0,1,1,20121121,SAC,LAL
Shot Chart Detail,0021200169,315,1897,Metta World Peace,1610612747,Los Angeles Lakers,3,5,17,Missed Shot,Jump Shot,3PT Field Goal,Above the Break 3,Left Side Center(LC),24+ ft.,24.0,-87.0,227.0,1,0,20121121,SAC,LAL
Shot Chart Detail,0021200169,414,1897,Metta World Peace,1610612747,Los Angeles Lakers,4,8,30,Missed Shot,Jump Shot,3PT Field Goal,Right Corner 3,Right Side(R),24+ ft.,22.0,225.0,26.0,1,0,20121121,SAC,LAL
Shot Chart Detail,0021200169,455,1897,Metta World Peace,1610612747,Los Angeles Lakers,4,4,43,Made Shot,Jump Shot,2PT Field Goal,Mid-Range,Left Side(L),8-16 ft.,14.0,-144.0,4.0,1,1,20121121,SAC,LAL
Shot Chart Detail,0021200177,7,1897,Metta World Peace,1610612747,Los Angeles Lakers,1,10,26,Missed Shot,Jump Shot,3PT Field Goal,Above the Break 3,Right Side Center(RC),24+ ft.,25.0,152.0,208.0,1,0,20121123,MEM,LAL
Shot Chart Detail,0021200177,144,1897,Metta World Peace,1610612747,Los Angeles Lakers,2,8,58,Made Shot,Jump Shot,3PT Field Goal,Above the Break 3,Right Side Center(RC),24+ ft.,25.0,226.0,127.0,1,1,20121123,MEM,LAL
Shot Chart Detail,0021200177,188,1897,Metta World Peace,1610612747,Los Angeles Lakers,2,5,21,Missed Shot,Jump Shot,3PT Field Goal,Right Corner 3,Right Side(R),24+ ft.,22.0,228.0,7.0,1,0,20121123,MEM,LAL
Shot Chart Detail,0021200177,286,1897,Metta World Peace,1610612747,Los Angeles Lakers,3,10,55,Made Shot,Jump Shot,2PT Field Goal,Mid-Range,Left Side(L),8-16 ft.,15.0,-93.0,119.0,1,1,20121123,MEM,LAL
Shot Chart Detail,0021200177,334,1897,Metta World Peace,1610612747,Los Angeles Lakers,3,4,43,Made Shot,Jump Shot,3PT Field Goal,Above the Break 3,Right Side Center(RC),24+ ft.,26.0,201.0,172.0,1,1,20121123,MEM,LAL
Shot Chart Detail,0021200177,355,1897,Metta World Peace,1610612747,Los Angeles Lakers,3,2,20,Made Shot,Jump Shot,2PT Field Goal,Mid-Range,Right Side Center(RC),16-24 ft.,20.0,152.0,132.0,1,1,20121123,MEM,LAL
Shot Chart Detail,0021200177,366,1897,Metta World Peace,1610612747,Los Angeles Lakers,3,1,32,Made Shot,Driving Layup Shot,2PT Field Goal,Restricted Area,Center(C),Less Than 8 ft.,2.0,-19.0,7.0,1,1,20121123,MEM,LAL
Shot Chart Detail,0021200177,442,1897,Metta World Peace,1610612747,Los Angeles Lakers,4,6,47,Missed Shot,Driving Layup Shot,2PT Field Goal,Restricted Area,Center(C),Less Than 8 ft.,1.0,-10.0,3.0,1,0,20121123,MEM,LAL
Shot Chart Detail,0021200177,471,1897,Metta World Peace,1610612747,Los Angeles Lakers,4,3,22,Missed Shot,Jump Shot,3PT Field Goal,Above the Break 3,Right Side Center(RC),24+ ft.,26.0,146.0,225.0,1,0,20121123,MEM,LAL
Shot Chart Detail,0021200187,7,1897,Metta World Peace,1610612747,Los Angeles Lakers,1,11,13,Made Shot,Jump Shot,3PT Field Goal,Above the Break 3,Left Side Center(LC),24+ ft.,24.0,-210.0,126.0,1,1,20121124,DAL,LAL
Shot Chart Detail,0021200187,12,1897,Metta World Peace,1610612747,Los Angeles Lakers,1,10,6,Made Shot,Driving Layup Shot,2PT Field Goal,Restricted Area,Center(C),Less Than 8 ft.,1.0,-10.0,12.0,1,1,20121124,DAL,LAL
Shot Chart Detail,0021200187,20,1897,Metta World Peace,1610612747,Los Angeles Lakers,1,9,20,Made Shot,Driving Layup Shot,2PT Field Goal,Restricted Area,Center(C),Less Than 8 ft.,1.0,-2.0,15.0,1,1,20121124,DAL,LAL
Shot Chart Detail,0021200187,24,1897,Metta World Peace,1610612747,Los Angeles Lakers,1,8,23,Made Shot,Jump Shot,3PT Field Goal,Above the Break 3,Left Side Center(LC),24+ ft.,24.0,-111.0,220.0,1,1,20121124,DAL,LAL
Shot Chart Detail,0021200187,79,1897,Metta World Peace,1610612747,Los Angeles Lakers,1,3,26,Made Shot,Jump Shot,3PT Field Goal,Left Corner 3,Left Side(L),24+ ft.,23.0,-234.0,14.0,1,1,20121124,DAL,LAL
Shot Chart Detail,0021200187,116,1897,Metta World Peace,1610612747,Los Angeles Lakers,1,0,33,Made Shot,Jump Shot,3PT Field Goal,Above the Break 3,Right Side Center(RC),24+ ft.,24.0,81.0,233.0,1,1,20121124,DAL,LAL
Shot Chart Detail,0021200187,121,1897,Metta World Peace,1610612747,Los Angeles Lakers,1,0,1,Missed Shot,Jump Shot,3PT Field Goal,Right Corner 3,Right Side(R),24+ ft.,24.0,231.0,78.0,1,0,20121124,DAL,LAL
Shot Chart Detail,0021200187,301,1897,Metta World Peace,1610612747,Los Angeles Lakers,3,7,53,Missed Shot,Jump Shot,3PT Field Goal,Left Corner 3,Left Side(L),24+ ft.,24.0,-234.0,82.0,1,0,20121124,DAL,LAL
Shot Chart Detail,0021200187,483,1897,Metta World Peace,1610612747,Los Angeles Lakers,4,6,34,Missed Shot,Running Layup Shot,2PT Field Goal,Restricted Area,Center(C),Less Than 8 ft.,1.0,-4.0,12.0,1,0,20121124,DAL,LAL
Shot Chart Detail,0021200187,496,1897,Metta World Peace,1610612747,Los Angeles Lakers,4,5,39,Made Shot,Jump Shot,3PT Field Goal,Left Corner 3,Left Side(L),24+ ft.,22.0,-224.0,30.0,1,1,20121124,DAL,LAL
Shot Chart Detail,0021200208,59,1897,Metta World Peace,1610612747,Los Angeles Lakers,1,5,9,Missed Shot,Jump Shot,2PT Field Goal,Mid-Range,Right Side Center(RC),16-24 ft.,21.0,75.0,206.0,1,0,20121127,LAL,IND
Shot Chart Detail,0021200208,143,1897,Metta World Peace,1610612747,Los Angeles Lakers,2,10,55,Missed Shot,Jump Shot,3PT Field Goal,Left Corner 3,Left Side(L),24+ ft.,22.0,-228.0,-6.0,1,0,20121127,LAL,IND
Shot Chart Detail,0021200208,163,1897,Metta World Peace,1610612747,Los Angeles Lakers,2,9,24,Missed Shot,Jump Shot,3PT Field Goal,Above the Break 3,Left Side Center(LC),24+ ft.,24.0,-224.0,107.0,1,0,20121127,LAL,IND
Shot Chart Detail,0021200208,301,1897,Metta World Peace,1610612747,Los Angeles Lakers,3,9,54,Made Shot,Jump Shot,3PT Field Goal,Above the Break 3,Right Side Center(RC),24+ ft.,25.0,108.0,227.0,1,1,20121127,LAL,IND
Shot Chart Detail,0021200208,305,1897,Metta World Peace,1610612747,Los Angeles Lakers,3,9,20,Missed Shot,Jump Shot,2PT Field Goal,Restricted Area,Center(C),Less Than 8 ft.,3.0,-30.0,11.0,1,0,20121127,LAL,IND
Shot Chart Detail,0021200208,344,1897,Metta World Peace,1610612747,Los Angeles Lakers,3,6,6,Missed Shot,Layup Shot,2PT Field Goal,Restricted Area,Center(C),Less Than 8 ft.,2.0,29.0,3.0,1,0,20121127,LAL,IND
Shot Chart Detail,0021200208,361,1897,Metta World Peace,1610612747,Los Angeles Lakers,3,5,21,Missed Shot,Jump Shot,3PT Field Goal,Above the Break 3,Left Side Center(LC),24+ ft.,25.0,-150.0,200.0,1,0,20121127,LAL,IND
Shot Chart Detail,0021200208,552,1897,Metta World Peace,1610612747,Los Angeles Lakers,4,5,46,Missed Shot,Jump Shot,3PT Field Goal,Above the Break 3,Right Side Center(RC),24+ ft.,26.0,121.0,233.0,1,0,20121127,LAL,IND
Shot Chart Detail,0021200232,16,1897,Metta World Peace,1610612747,Los Angeles Lakers,1,9,35,Missed Shot,Jump Shot,3PT Field Goal,Left Corner 3,Left Side(L),24+ ft.,23.0,-239.0,-11.0,1,0,20121130,LAL,DEN
Shot Chart Detail,0021200232,32,1897,Metta World Peace,1610612747,Los Angeles Lakers,1,8,21,Made Shot,Jump Shot,3PT Field Goal,Above the Break 3,Left Side Center(LC),24+ ft.,24.0,-201.0,143.0,1,1,20121130,LAL,DEN
Shot Chart Detail,0021200232,38,1897,Metta World Peace,1610612747,Los Angeles Lakers,1,8,1,Missed Shot,Jump Shot,2PT Field Goal,In The Paint (Non-RA),Center(C),Less Than 8 ft.,4.0,42.0,12.0,1,0,20121130,LAL,DEN
Shot Chart Detail,0021200232,109,1897,Metta World Peace,1610612747,Los Angeles Lakers,1,0,10,Missed Shot,Jump Shot,3PT Field Goal,Above the Break 3,Left Side Center(LC),24+ ft.,26.0,-103.0,241.0,1,0,20121130,LAL,DEN
Shot Chart Detail,0021200232,119,1897,Metta World Peace,1610612747,Los Angeles Lakers,2,11,21,Missed Shot,Jump Shot,2PT Field Goal,In The Paint (Non-RA),Center(C),Less Than 8 ft.,4.0,-41.0,25.0,1,0,20121130,LAL,DEN
Shot Chart Detail,0021200232,243,1897,Metta World Peace,1610612747,Los Angeles Lakers,2,1,41,Missed Shot,Jump Shot,3PT Field Goal,Above the Break 3,Right Side Center(RC),24+ ft.,25.0,166.0,195.0,1,0,20121130,LAL,DEN
Shot Chart Detail,0021200232,306,1897,Metta World Peace,1610612747,Los Angeles Lakers,3,7,17,Missed Shot,Jump Shot,3PT Field Goal,Left Corner 3,Left Side(L),24+ ft.,24.0,-242.0,3.0,1,0,20121130,LAL,DEN
Shot Chart Detail,0021200232,357,1897,Metta World Peace,1610612747,Los Angeles Lakers,3,3,25,Made Shot,Jump Shot,3PT Field Goal,Left Corner 3,Left Side(L),24+ ft.,23.0,-231.0,9.0,1,1,20121130,LAL,DEN
Shot Chart Detail,0021200232,396,1897,Metta World Peace,1610612747,Los Angeles Lakers,4,11,45,Made Shot,Layup Shot,2PT Field Goal,Restricted Area,Center(C),Less Than 8 ft.,2.0,-1.0,25.0,1,1,20121130,LAL,DEN
Shot Chart Detail,0021200232,460,1897,Metta World Peace,1610612747,Los Angeles Lakers,4,4,36,Missed Shot,Jump Shot,2PT Field Goal,In The Paint (Non-RA),Center(C),Less Than 8 ft.,5.0,-23.0,53.0,1,0,20121130,LAL,DEN
Shot Chart Detail,0021200232,494,1897,Metta World Peace,1610612747,Los Angeles Lakers,4,1,12,Missed Shot,Jump Shot,3PT Field Goal,Above the Break 3,Left Side Center(LC),24+ ft.,27.0,-205.0,176.0,1,0,20121130,LAL,DEN
Shot Chart Detail,0021200244,4,1897,Metta World Peace,1610612747,Los Angeles Lakers,1,11,25,Missed Shot,Jump Shot,2PT Field Goal,Mid-Range,Right Side Center(RC),16-24 ft.,21.0,130.0,165.0,1,0,20121202,LAL,ORL
Shot Chart Detail,0021200244,7,1897,Metta World Peace,1610612747,Los Angeles Lakers,1,11,5,Made Shot,Driving Slam Dunk Shot,2PT Field Goal,Restricted Area,Center(C),Less Than 8 ft.,0.0,0.0,3.0,1,1,20121202,LAL,ORL
Shot Chart Detail,0021200244,22,1897,Metta World Peace,1610612747,Los Angeles Lakers,1,9,53,Made Shot,Layup Shot,2PT Field Goal,Restricted Area,Center(C),Less Than 8 ft.,1.0,-13.0,4.0,1,1,20121202,LAL,ORL
Shot Chart Detail,0021200244,31,1897,Metta World Peace,1610612747,Los Angeles Lakers,1,8,2,Missed Shot,Jump Shot,3PT Field Goal,Above the Break 3,Right Side Center(RC),24+ ft.,25.0,230.0,99.0,1,0,20121202,LAL,ORL
Shot Chart Detail,0021200244,228,1897,Metta World Peace,1610612747,Los Angeles Lakers,2,3,9,Missed Shot,Jump Shot,3PT Field Goal,Above the Break 3,Left Side Center(LC),24+ ft.,26.0,-144.0,228.0,1,0,20121202,LAL,ORL
Shot Chart Detail,0021200244,231,1897,Metta World Peace,1610612747,Los Angeles Lakers,2,2,46,Missed Shot,Layup Shot,2PT Field Goal,Restricted Area,Center(C),Less Than 8 ft.,1.0,-13.0,-5.0,1,0,20121202,LAL,ORL
Shot Chart Detail,0021200244,286,1897,Metta World Peace,1610612747,Los Angeles Lakers,3,9,34,Made Shot,Jump Shot,3PT Field Goal,Above the Break 3,Left Side Center(LC),24+ ft.,25.0,-226.0,127.0,1,1,20121202,LAL,ORL
Shot Chart Detail,0021200244,297,1897,Metta World Peace,1610612747,Los Angeles Lakers,3,7,58,Missed Shot,Layup Shot,2PT Field Goal,Restricted Area,Center(C),Less Than 8 ft.,1.0,18.0,1.0,1,0,20121202,LAL,ORL
Shot Chart Detail,0021200244,307,1897,Metta World Peace,1610612747,Los Angeles Lakers,3,6,29,Made Shot,Jump Shot,3PT Field Goal,Above the Break 3,Left Side Center(LC),24+ ft.,26.0,-183.0,186.0,1,1,20121202,LAL,ORL
Shot Chart Detail,0021200244,354,1897,Metta World Peace,1610612747,Los Angeles Lakers,3,1,57,Made Shot,Jump Shot,3PT Field Goal,Above the Break 3,Left Side Center(LC),24+ ft.,25.0,-168.0,197.0,1,1,20121202,LAL,ORL
Shot Chart Detail,0021200244,425,1897,Metta World Peace,1610612747,Los Angeles Lakers,4,8,35,Missed Shot,Jump Shot,2PT Field Goal,In The Paint (Non-RA),Center(C),Less Than 8 ft.,4.0,15.0,42.0,1,0,20121202,LAL,ORL
Shot Chart Detail,0021200244,443,1897,Metta World Peace,1610612747,Los Angeles Lakers,4,7,2,Missed Shot,Jump Shot,2PT Field Goal,In The Paint (Non-RA),Center(C),Less Than 8 ft.,4.0,-46.0,7.0,1,0,20121202,LAL,ORL
Shot Chart Detail,0021200244,485,1897,Metta World Peace,1610612747,Los Angeles Lakers,4,3,52,Missed Shot,Jump Shot,3PT Field Goal,Above the Break 3,Left Side Center(LC),24+ ft.,27.0,-122.0,241.0,1,0,20121202,LAL,ORL
Shot Chart Detail,0021200256,155,1897,Metta World Peace,1610612747,Los Angeles Lakers,2,11,22,Made Shot,Jump Shot,2PT Field Goal,Mid-Range,Left Side(L),16-24 ft.,22.0,-209.0,77.0,1,1,20121204,HOU,LAL
Shot Chart Detail,0021200256,174,1897,Metta World Peace,1610612747,Los Angeles Lakers,2,9,13,Missed Shot,Driving Jump shot,2PT Field Goal,In The Paint (Non-RA),Center(C),Less Than 8 ft.,5.0,28.0,47.0,1,0,20121204,HOU,LAL
Shot Chart Detail,0021200256,176,1897,Metta World Peace,1610612747,Los Angeles Lakers,2,9,7,Made Shot,Jump Shot,2PT Field Goal,Mid-Range,Right Side(R),16-24 ft.,21.0,198.0,77.0,1,1,20121204,HOU,LAL
Shot Chart Detail,0021200256,199,1897,Metta World Peace,1610612747,Los Angeles Lakers,2,7,40,Made Shot,Turnaround Fadeaway shot,2PT Field Goal,In The Paint (Non-RA),Center(C),Less Than 8 ft.,6.0,-57.0,39.0,1,1,20121204,HOU,LAL
Shot Chart Detail,0021200256,342,1897,Metta World Peace,1610612747,Los Angeles Lakers,3,6,9,Made Shot,Jump Shot,3PT Field Goal,Above the Break 3,Right Side Center(RC),24+ ft.,26.0,94.0,244.0,1,1,20121204,HOU,LAL
Shot Chart Detail,0021200256,468,1897,Metta World Peace,1610612747,Los Angeles Lakers,4,8,30,Missed Shot,Jump Shot,3PT Field Goal,Above the Break 3,Right Side Center(RC),24+ ft.,25.0,94.0,235.0,1,0,20121204,HOU,LAL
Shot Chart Detail,0021200256,627,1897,Metta World Peace,1610612747,Los Angeles Lakers,4,0,1,Missed Shot,Jump Shot,2PT Field Goal,In The Paint (Non-RA),Center(C),Less Than 8 ft.,7.0,-76.0,22.0,1,0,20121204,HOU,LAL
Shot Chart Detail,0021200263,8,1897,Metta World Peace,1610612747,Los Angeles Lakers,1,10,46,Missed Shot,Jump Shot,2PT Field Goal,Restricted Area,Center(C),Less Than 8 ft.,3.0,23.0,23.0,1,0,20121205,NOH,LAL
Shot Chart Detail,0021200263,9,1897,Metta World Peace,1610612747,Los Angeles Lakers,1,10,43,Missed Shot,Layup Shot,2PT Field Goal,Restricted Area,Center(C),Less Than 8 ft.,1.0,8.0,11.0,1,0,20121205,NOH,LAL
Shot Chart Detail,0021200263,120,1897,Metta World Peace,1610612747,Los Angeles Lakers,2,11,13,Made Shot,Reverse Layup Shot,2PT Field Goal,Restricted Area,Center(C),Less Than 8 ft.,1.0,-19.0,0.0,1,1,20121205,NOH,LAL
Shot Chart Detail,0021200263,122,1897,Metta World Peace,1610612747,Los Angeles Lakers,2,10,46,Missed Shot,Jump Shot,3PT Field Goal,Above the Break 3,Center(C),24+ ft.,25.0,-65.0,247.0,1,0,20121205,NOH,LAL
Shot Chart Detail,0021200263,147,1897,Metta World Peace,1610612747,Los Angeles Lakers,2,8,26,Missed Shot,Jump Shot,3PT Field Goal,Above the Break 3,Center(C),24+ ft.,25.0,-67.0,250.0,1,0,20121205,NOH,LAL
Shot Chart Detail,0021200263,150,1897,Metta World Peace,1610612747,Los Angeles Lakers,2,7,51,Made Shot,Jump Shot,3PT Field Goal,Left Corner 3,Left Side(L),24+ ft.,23.0,-235.0,9.0,1,1,20121205,NOH,LAL
Shot Chart Detail,0021200263,177,1897,Metta World Peace,1610612747,Los Angeles Lakers,2,5,31,Missed Shot,Layup Shot,2PT Field Goal,Restricted Area,Center(C),Less Than 8 ft.,2.0,-24.0,11.0,1,0,20121205,NOH,LAL
Shot Chart Detail,0021200263,193,1897,Metta World Peace,1610612747,Los Angeles Lakers,2,4,6,Made Shot,Jump Shot,3PT Field Goal,Left Corner 3,Left Side(L),24+ ft.,23.0,-234.0,17.0,1,1,20121205,NOH,LAL
Shot Chart Detail,0021200263,196,1897,Metta World Peace,1610612747,Los Angeles Lakers,2,3,36,Missed Shot,Layup Shot,2PT Field Goal,Restricted Area,Center(C),Less Than 8 ft.,2.0,-21.0,6.0,1,0,20121205,NOH,LAL
Shot Chart Detail,0021200263,434,1897,Metta World Peace,1610612747,Los Angeles Lakers,4,7,27,Missed Shot,Jump Shot,3PT Field Goal,Above the Break 3,Right Side Center(RC),24+ ft.,24.0,174.0,168.0,1,0,20121205,NOH,LAL
Shot Chart Detail,0021200263,461,1897,Metta World Peace,1610612747,Los Angeles Lakers,4,5,37,Missed Shot,Jump Shot,3PT Field Goal,Above the Break 3,Right Side Center(RC),24+ ft.,25.0,171.0,189.0,1,0,20121205,NOH,LAL
Shot Chart Detail,0021200263,476,1897,Metta World Peace,1610612747,Los Angeles Lakers,4,2,35,Made Shot,Jump Shot,3PT Field Goal,Left Corner 3,Left Side(L),24+ ft.,24.0,-239.0,30.0,1,1,20121205,NOH,LAL
Shot Chart Detail,0021200280,19,1897,Metta World Peace,1610612747,Los Angeles Lakers,1,8,58,Missed Shot,Jump Shot,3PT Field Goal,Left Corner 3,Left Side(L),24+ ft.,22.0,-223.0,28.0,1,0,20121207,OKC,LAL
Shot Chart Detail,0021200280,64,1897,Metta World Peace,1610612747,Los Angeles Lakers,1,5,52,Made Shot,Jump Shot,3PT Field Goal,Right Corner 3,Right Side(R),24+ ft.,22.0,222.0,14.0,1,1,20121207,OKC,LAL
Shot Chart Detail,0021200280,82,1897,Metta World Peace,1610612747,Los Angeles Lakers,1,3,47,Made Shot,Layup Shot,2PT Field Goal,Restricted Area,Center(C),Less Than 8 ft.,0.0,-8.0,-3.0,1,1,20121207,OKC,LAL
Shot Chart Detail,0021200280,269,1897,Metta World Peace,1610612747,Los Angeles Lakers,2,2,29,Missed Shot,Jump Shot,3PT Field Goal,Above the Break 3,Left Side Center(LC),24+ ft.,25.0,-158.0,194.0,1,0,20121207,OKC,LAL
Shot Chart Detail,0021200280,309,1897,Metta World Peace,1610612747,Los Angeles Lakers,3,11,20,Missed Shot,Jump Shot,3PT Field Goal,Above the Break 3,Left Side Center(LC),24+ ft.,24.0,-212.0,123.0,1,0,20121207,OKC,LAL
Shot Chart Detail,0021200280,369,1897,Metta World Peace,1610612747,Los Angeles Lakers,3,4,0,Missed Shot,Jump Shot,3PT Field Goal,Above the Break 3,Left Side Center(LC),24+ ft.,23.0,-217.0,97.0,1,0,20121207,OKC,LAL
Shot Chart Detail,0021200297,14,1897,Metta World Peace,1610612747,Los Angeles Lakers,1,10,9,Missed Shot,Jump Shot,2PT Field Goal,In The Paint (Non-RA),Center(C),Less Than 8 ft.,7.0,-59.0,52.0,1,0,20121209,LAL,UTA
Shot Chart Detail,0021200297,39,1897,Metta World Peace,1610612747,Los Angeles Lakers,1,8,10,Made Shot,Jump Shot,3PT Field Goal,Left Corner 3,Left Side(L),24+ ft.,22.0,-229.0,9.0,1,1,20121209,LAL,UTA
Shot Chart Detail,0021200297,51,1897,Metta World Peace,1610612747,Los Angeles Lakers,1,6,33,Made Shot,Jump Shot,2PT Field Goal,Mid-Range,Center(C),16-24 ft.,17.0,28.0,176.0,1,1,20121209,LAL,UTA
Shot Chart Detail,0021200297,270,1897,Metta World Peace,1610612747,Los Angeles Lakers,3,10,37,Made Shot,Jump Shot,3PT Field Goal,Right Corner 3,Right Side(R),24+ ft.,23.0,230.0,-11.0,1,1,20121209,LAL,UTA
Shot Chart Detail,0021200297,273,1897,Metta World Peace,1610612747,Los Angeles Lakers,3,10,6,Made Shot,Jump Shot,2PT Field Goal,Mid-Range,Right Side Center(RC),16-24 ft.,22.0,127.0,190.0,1,1,20121209,LAL,UTA
Shot Chart Detail,0021200297,298,1897,Metta World Peace,1610612747,Los Angeles Lakers,3,6,30,Made Shot,Driving Layup Shot,2PT Field Goal,Restricted Area,Center(C),Less Than 8 ft.,2.0,23.0,6.0,1,1,20121209,LAL,UTA
Shot Chart Detail,0021200297,429,1897,Metta World Peace,1610612747,Los Angeles Lakers,4,8,14,Missed Shot,Jump Shot,3PT Field Goal,Above the Break 3,Right Side Center(RC),24+ ft.,25.0,177.0,189.0,1,0,20121209,LAL,UTA
Shot Chart Detail,0021200305,3,1897,Metta World Peace,1610612747,Los Angeles Lakers,1,11,32,Made Shot,Layup Shot,2PT Field Goal,Restricted Area,Center(C),Less Than 8 ft.,0.0,-2.0,7.0,1,1,20121211,CLE,LAL
Shot Chart Detail,0021200305,9,1897,Metta World Peace,1610612747,Los Angeles Lakers,1,10,27,Missed Shot,Jump Shot,3PT Field Goal,Left Corner 3,Left Side(L),24+ ft.,22.0,-226.0,26.0,1,0,20121211,CLE,LAL
Shot Chart Detail,0021200305,29,1897,Metta World Peace,1610612747,Los Angeles Lakers,1,7,59,Made Shot,Jump Shot,3PT Field Goal,Left Corner 3,Left Side(L),24+ ft.,24.0,-237.0,61.0,1,1,20121211,CLE,LAL
Shot Chart Detail,0021200305,156,1897,Metta World Peace,1610612747,Los Angeles Lakers,2,8,50,Missed Shot,Layup Shot,2PT Field Goal,Restricted Area,Center(C),Less Than 8 ft.,2.0,7.0,19.0,1,0,20121211,CLE,LAL
Shot Chart Detail,0021200305,214,1897,Metta World Peace,1610612747,Los Angeles Lakers,2,4,20,Missed Shot,Jump Shot,3PT Field Goal,Left Corner 3,Left Side(L),24+ ft.,23.0,-235.0,25.0,1,0,20121211,CLE,LAL
Shot Chart Detail,0021200305,261,1897,Metta World Peace,1610612747,Los Angeles Lakers,2,0,29,Missed Shot,Jump Shot,2PT Field Goal,Mid-Range,Left Side Center(LC),16-24 ft.,21.0,-144.0,164.0,1,0,20121211,CLE,LAL
Shot Chart Detail,0021200305,283,1897,Metta World Peace,1610612747,Los Angeles Lakers,3,11,2,Missed Shot,Layup Shot,2PT Field Goal,Restricted Area,Center(C),Less Than 8 ft.,0.0,4.0,7.0,1,0,20121211,CLE,LAL
Shot Chart Detail,0021200305,317,1897,Metta World Peace,1610612747,Los Angeles Lakers,3,8,37,Missed Shot,Jump Shot,3PT Field Goal,Right Corner 3,Right Side(R),24+ ft.,24.0,231.0,67.0,1,0,20121211,CLE,LAL
Shot Chart Detail,0021200305,338,1897,Metta World Peace,1610612747,Los Angeles Lakers,3,7,19,Made Shot,Putback Layup Shot,2PT Field Goal,Restricted Area,Center(C),Less Than 8 ft.,0.0,6.0,-3.0,1,1,20121211,CLE,LAL
Shot Chart Detail,0021200305,519,1897,Metta World Peace,1610612747,Los Angeles Lakers,4,3,19,Made Shot,Jump Shot,3PT Field Goal,Above the Break 3,Left Side Center(LC),24+ ft.,24.0,-205.0,132.0,1,1,20121211,CLE,LAL
Shot Chart Detail,0021200305,536,1897,Metta World Peace,1610612747,Los Angeles Lakers,4,1,33,Made Shot,Driving Layup Shot,2PT Field Goal,Restricted Area,Center(C),Less Than 8 ft.,0.0,6.0,-3.0,1,1,20121211,CLE,LAL
Shot Chart Detail,0021200305,539,1897,Metta World Peace,1610612747,Los Angeles Lakers,4,1,4,Missed Shot,Jump Shot,3PT Field Goal,Above the Break 3,Center(C),24+ ft.,25.0,53.0,254.0,1,0,20121211,CLE,LAL
Shot Chart Detail,0021200323,8,1897,Metta World Peace,1610612747,Los Angeles Lakers,1,10,18,Missed Shot,Jump Shot,3PT Field Goal,Right Corner 3,Right Side(R),24+ ft.,23.0,230.0,12.0,1,0,20121213,NYK,LAL
Shot Chart Detail,0021200323,16,1897,Metta World Peace,1610612747,Los Angeles Lakers,1,8,42,Missed Shot,Running Layup Shot,2PT Field Goal,Restricted Area,Center(C),Less Than 8 ft.,0.0,-4.0,-6.0,1,0,20121213,NYK,LAL
Shot Chart Detail,0021200323,60,1897,Metta World Peace,1610612747,Los Angeles Lakers,1,3,47,Made Shot,Pullup Jump shot,3PT Field Goal,Above the Break 3,Center(C),24+ ft.,24.0,-64.0,238.0,1,1,20121213,NYK,LAL
Shot Chart Detail,0021200323,80,1897,Metta World Peace,1610612747,Los Angeles Lakers,1,1,31,Missed Shot,Tip Shot,2PT Field Goal,Restricted Area,Center(C),Less Than 8 ft.,1.0,-11.0,15.0,1,0,20121213,NYK,LAL
Shot Chart Detail,0021200323,95,1897,Metta World Peace,1610612747,Los Angeles Lakers,1,0,47,Missed Shot,Jump Shot,3PT Field Goal,Above the Break 3,Right Side Center(RC),24+ ft.,27.0,146.0,230.0,1,0,20121213,NYK,LAL
Shot Chart Detail,0021200323,99,1897,Metta World Peace,1610612747,Los Angeles Lakers,1,0,42,Made Shot,Layup Shot,2PT Field Goal,Restricted Area,Center(C),Less Than 8 ft.,1.0,13.0,7.0,1,1,20121213,NYK,LAL
Shot Chart Detail,0021200323,247,1897,Metta World Peace,1610612747,Los Angeles Lakers,3,10,42,Missed Shot,Jump Shot,3PT Field Goal,Above the Break 3,Right Side Center(RC),24+ ft.,24.0,223.0,105.0,1,0,20121213,NYK,LAL
Shot Chart Detail,0021200323,256,1897,Metta World Peace,1610612747,Los Angeles Lakers,3,9,21,Made Shot,Jump Shot,3PT Field Goal,Right Corner 3,Right Side(R),24+ ft.,23.0,231.0,17.0,1,1,20121213,NYK,LAL
Shot Chart Detail,0021200323,277,1897,Metta World Peace,1610612747,Los Angeles Lakers,3,7,22,Missed Shot,Driving Layup Shot,2PT Field Goal,Restricted Area,Center(C),Less Than 8 ft.,1.0,-11.0,7.0,1,0,20121213,NYK,LAL
Shot Chart Detail,0021200323,333,1897,Metta World Peace,1610612747,Los Angeles Lakers,3,3,33,Made Shot,Layup Shot,2PT Field Goal,Restricted Area,Center(C),Less Than 8 ft.,1.0,-16.0,-2.0,1,1,20121213,NYK,LAL
Shot Chart Detail,0021200323,423,1897,Metta World Peace,1610612747,Los Angeles Lakers,4,8,20,Made Shot,Jump Shot,3PT Field Goal,Above the Break 3,Center(C),24+ ft.,25.0,69.0,246.0,1,1,20121213,NYK,LAL
Shot Chart Detail,0021200323,436,1897,Metta World Peace,1610612747,Los Angeles Lakers,4,7,16,Made Shot,Jump Shot,2PT Field Goal,In The Paint (Non-RA),Center(C),Less Than 8 ft.,7.0,-65.0,39.0,1,1,20121213,NYK,LAL
Shot Chart Detail,0021200323,474,1897,Metta World Peace,1610612747,Los Angeles Lakers,4,4,8,Missed Shot,Jump Shot,2PT Field Goal,Mid-Range,Left Side(L),16-24 ft.,19.0,-187.0,63.0,1,0,20121213,NYK,LAL
Shot Chart Detail,0021200323,483,1897,Metta World Peace,1610612747,Los Angeles Lakers,4,3,29,Missed Shot,Tip Shot,2PT Field Goal,Restricted Area,Center(C),Less Than 8 ft.,1.0,-1.0,19.0,1,0,20121213,NYK,LAL
Shot Chart Detail,0021200323,501,1897,Metta World Peace,1610612747,Los Angeles Lakers,4,1,27,Made Shot,Driving Layup Shot,2PT Field Goal,Restricted Area,Center(C),Less Than 8 ft.,1.0,6.0,9.0,1,1,20121213,NYK,LAL
Shot Chart Detail,0021200326,3,1897,Metta World Peace,1610612747,Los Angeles Lakers,1,11,47,Missed Shot,Jump Shot,3PT Field Goal,Left Corner 3,Left Side(L),24+ ft.,23.0,-237.0,6.0,1,0,20121214,WAS,LAL
Shot Chart Detail,0021200326,6,1897,Metta World Peace,1610612747,Los Angeles Lakers,1,11,8,Made Shot,Fadeaway Jump Shot,2PT Field Goal,Mid-Range,Right Side(R),16-24 ft.,19.0,187.0,-35.0,1,1,20121214,WAS,LAL
Shot Chart Detail,0021200326,113,1897,Metta World Peace,1610612747,Los Angeles Lakers,1,1,22,Missed Shot,Jump Shot,3PT Field Goal,Above the Break 3,Left Side Center(LC),24+ ft.,25.0,-187.0,168.0,1,0,20121214,WAS,LAL
Shot Chart Detail,0021200326,133,1897,Metta World Peace,1610612747,Los Angeles Lakers,2,11,13,Missed Shot,Jump Shot,3PT Field Goal,Right Corner 3,Right Side(R),24+ ft.,24.0,245.0,-22.0,1,0,20121214,WAS,LAL
Shot Chart Detail,0021200326,246,1897,Metta World Peace,1610612747,Los Angeles Lakers,2,0,48,Made Shot,Driving Layup Shot,2PT Field Goal,Restricted Area,Center(C),Less Than 8 ft.,1.0,-10.0,0.0,1,1,20121214,WAS,LAL
Shot Chart Detail,0021200326,258,1897,Metta World Peace,1610612747,Los Angeles Lakers,2,0,14,Made Shot,Driving Layup Shot,2PT Field Goal,Restricted Area,Center(C),Less Than 8 ft.,0.0,-7.0,0.0,1,1,20121214,WAS,LAL
Shot Chart Detail,0021200326,270,1897,Metta World Peace,1610612747,Los Angeles Lakers,3,10,56,Made Shot,Running Layup Shot,2PT Field Goal,Restricted Area,Center(C),Less Than 8 ft.,1.0,13.0,-11.0,1,1,20121214,WAS,LAL
Shot Chart Detail,0021200326,276,1897,Metta World Peace,1610612747,Los Angeles Lakers,3,10,15,Made Shot,Layup Shot,2PT Field Goal,Restricted Area,Center(C),Less Than 8 ft.,1.0,-4.0,-11.0,1,1,20121214,WAS,LAL
Shot Chart Detail,0021200326,397,1897,Metta World Peace,1610612747,Los Angeles Lakers,3,0,0,Missed Shot,Jump Shot,3PT Field Goal,Above the Break 3,Back Court(BC),Back Court Shot,44.0,-207.0,399.0,1,0,20121214,WAS,LAL
Shot Chart Detail,0021200326,409,1897,Metta World Peace,1610612747,Los Angeles Lakers,4,10,37,Missed Shot,Jump Shot,3PT Field Goal,Above the Break 3,Left Side Center(LC),24+ ft.,24.0,-229.0,99.0,1,0,20121214,WAS,LAL
Shot Chart Detail,0021200326,484,1897,Metta World Peace,1610612747,Los Angeles Lakers,4,3,37,Missed Shot,Jump Shot,3PT Field Goal,Above the Break 3,Left Side Center(LC),24+ ft.,27.0,-215.0,173.0,1,0,20121214,WAS,LAL
Shot Chart Detail,0021200347,2,1897,Metta World Peace,1610612747,Los Angeles Lakers,1,11,39,Missed Shot,Jump Shot,2PT Field Goal,Restricted Area,Center(C),Less Than 8 ft.,3.0,-30.0,-24.0,1,0,20121216,PHI,LAL
Shot Chart Detail,0021200347,4,1897,Metta World Peace,1610612747,Los Angeles Lakers,1,11,38,Missed Shot,Layup Shot,2PT Field Goal,Restricted Area,Center(C),Less Than 8 ft.,2.0,28.0,-3.0,1,0,20121216,PHI,LAL
Shot Chart Detail,0021200347,22,1897,Metta World Peace,1610612747,Los Angeles Lakers,1,10,3,Made Shot,Jump Shot,3PT Field Goal,Above the Break 3,Right Side Center(RC),24+ ft.,23.0,129.0,201.0,1,1,20121216,PHI,LAL
Shot Chart Detail,0021200347,63,1897,Metta World Peace,1610612747,Los Angeles Lakers,1,6,16,Made Shot,Jump Shot,3PT Field Goal,Above the Break 3,Right Side Center(RC),24+ ft.,25.0,119.0,220.0,1,1,20121216,PHI,LAL
Shot Chart Detail,0021200347,88,1897,Metta World Peace,1610612747,Los Angeles Lakers,1,2,38,Made Shot,Jump Shot,3PT Field Goal,Right Corner 3,Right Side(R),24+ ft.,23.0,237.0,-21.0,1,1,20121216,PHI,LAL
Shot Chart Detail,0021200347,106,1897,Metta World Peace,1610612747,Los Angeles Lakers,1,0,38,Made Shot,Putback Layup Shot,2PT Field Goal,Restricted Area,Center(C),Less Than 8 ft.,1.0,1.0,11.0,1,1,20121216,PHI,LAL
Shot Chart Detail,0021200347,253,1897,Metta World Peace,1610612747,Los Angeles Lakers,3,8,2,Missed Shot,Jump Shot,3PT Field Goal,Above the Break 3,Left Side Center(LC),24+ ft.,26.0,-160.0,211.0,1,0,20121216,PHI,LAL
Shot Chart Detail,0021200347,263,1897,Metta World Peace,1610612747,Los Angeles Lakers,3,6,48,Made Shot,Jump Shot,2PT Field Goal,Mid-Range,Right Side(R),16-24 ft.,21.0,184.0,116.0,1,1,20121216,PHI,LAL
Shot Chart Detail,0021200347,283,1897,Metta World Peace,1610612747,Los Angeles Lakers,3,2,56,Made Shot,Running Layup Shot,2PT Field Goal,Restricted Area,Center(C),Less Than 8 ft.,2.0,-27.0,6.0,1,1,20121216,PHI,LAL
Shot Chart Detail,0021200347,359,1897,Metta World Peace,1610612747,Los Angeles Lakers,4,8,57,Missed Shot,Jump Shot,2PT Field Goal,Mid-Range,Right Side(R),16-24 ft.,21.0,206.0,53.0,1,0,20121216,PHI,LAL
Shot Chart Detail,0021200364,74,1897,Metta World Peace,1610612747,Los Angeles Lakers,1,5,33,Missed Shot,Jump Shot,2PT Field Goal,Mid-Range,Right Side Center(RC),16-24 ft.,21.0,141.0,167.0,1,0,20121218,LAL,CHA
Shot Chart Detail,0021200364,98,1897,Metta World Peace,1610612747,Los Angeles Lakers,1,3,45,Made Shot,Jump Shot,3PT Field Goal,Above the Break 3,Right Side Center(RC),24+ ft.,25.0,122.0,222.0,1,1,20121218,LAL,CHA
Shot Chart Detail,0021200364,100,1897,Metta World Peace,1610612747,Los Angeles Lakers,1,3,7,Missed Shot,Jump Shot,3PT Field Goal,Left Corner 3,Left Side(L),24+ ft.,22.0,-229.0,11.0,1,0,20121218,LAL,CHA
Shot Chart Detail,0021200364,167,1897,Metta World Peace,1610612747,Los Angeles Lakers,2,9,41,Missed Shot,Jump Shot,3PT Field Goal,Above the Break 3,Left Side Center(LC),24+ ft.,25.0,-161.0,192.0,1,0,20121218,LAL,CHA
Shot Chart Detail,0021200364,179,1897,Metta World Peace,1610612747,Los Angeles Lakers,2,8,35,Made Shot,Jump Shot,2PT Field Goal,Mid-Range,Right Side Center(RC),16-24 ft.,20.0,113.0,176.0,1,1,20121218,LAL,CHA
Shot Chart Detail,0021200364,186,1897,Metta World Peace,1610612747,Los Angeles Lakers,2,7,52,Made Shot,Jump Shot,3PT Field Goal,Above the Break 3,Left Side Center(LC),24+ ft.,25.0,-179.0,176.0,1,1,20121218,LAL,CHA
Shot Chart Detail,0021200364,202,1897,Metta World Peace,1610612747,Los Angeles Lakers,2,6,49,Missed Shot,Jump Shot,3PT Field Goal,Above the Break 3,Right Side Center(RC),24+ ft.,24.0,157.0,189.0,1,0,20121218,LAL,CHA
Shot Chart Detail,0021200364,254,1897,Metta World Peace,1610612747,Los Angeles Lakers,2,1,54,Missed Shot,Running Layup Shot,2PT Field Goal,Restricted Area,Center(C),Less Than 8 ft.,1.0,-15.0,6.0,1,0,20121218,LAL,CHA
Shot Chart Detail,0021200364,323,1897,Metta World Peace,1610612747,Los Angeles Lakers,3,7,38,Missed Shot,Driving Layup Shot,2PT Field Goal,Restricted Area,Center(C),Less Than 8 ft.,2.0,15.0,17.0,1,0,20121218,LAL,CHA
Shot Chart Detail,0021200364,330,1897,Metta World Peace,1610612747,Los Angeles Lakers,3,6,48,Missed Shot,Jump Shot,3PT Field Goal,Above the Break 3,Right Side Center(RC),24+ ft.,23.0,196.0,137.0,1,0,20121218,LAL,CHA
Shot Chart Detail,0021200364,345,1897,Metta World Peace,1610612747,Los Angeles Lakers,3,5,12,Made Shot,Layup Shot,2PT Field Goal,Restricted Area,Center(C),Less Than 8 ft.,0.0,-7.0,0.0,1,1,20121218,LAL,CHA
Shot Chart Detail,0021200364,368,1897,Metta World Peace,1610612747,Los Angeles Lakers,3,3,27,Missed Shot,Jump Shot,3PT Field Goal,Above the Break 3,Left Side Center(LC),24+ ft.,25.0,-168.0,189.0,1,0,20121218,LAL,CHA
Shot Chart Detail,0021200364,372,1897,Metta World Peace,1610612747,Los Angeles Lakers,3,3,18,Missed Shot,Driving Reverse Layup Shot,2PT Field Goal,Restricted Area,Center(C),Less Than 8 ft.,2.0,-16.0,12.0,1,0,20121218,LAL,CHA
Shot Chart Detail,0021200364,374,1897,Metta World Peace,1610612747,Los Angeles Lakers,3,3,9,Missed Shot,Jump Shot,3PT Field Goal,Left Corner 3,Left Side(L),24+ ft.,22.0,-228.0,17.0,1,0,20121218,LAL,CHA
Shot Chart Detail,0021200364,438,1897,Metta World Peace,1610612747,Los Angeles Lakers,4,11,12,Made Shot,Layup Shot,2PT Field Goal,Restricted Area,Center(C),Less Than 8 ft.,2.0,-21.0,9.0,1,1,20121218,LAL,CHA
Shot Chart Detail,0021200364,459,1897,Metta World Peace,1610612747,Los Angeles Lakers,4,9,22,Missed Shot,Jump Shot,3PT Field Goal,Right Corner 3,Right Side(R),24+ ft.,23.0,231.0,30.0,1,0,20121218,LAL,CHA
Shot Chart Detail,0021200364,489,1897,Metta World Peace,1610612747,Los Angeles Lakers,4,6,39,Missed Shot,Jump Shot,3PT Field Goal,Right Corner 3,Right Side(R),24+ ft.,23.0,230.0,11.0,1,0,20121218,LAL,CHA
Shot Chart Detail,0021200364,542,1897,Metta World Peace,1610612747,Los Angeles Lakers,4,2,26,Made Shot,Floating Jump shot,2PT Field Goal,Mid-Range,Right Side Center(RC),16-24 ft.,16.0,105.0,127.0,1,1,20121218,LAL,CHA
Shot Chart Detail,0021200398,70,1897,Metta World Peace,1610612747,Los Angeles Lakers,1,5,47,Made Shot,Layup Shot,2PT Field Goal,Restricted Area,Center(C),Less Than 8 ft.,1.0,-15.0,12.0,1,1,20121222,GSW,LAL
Shot Chart Detail,0021200398,79,1897,Metta World Peace,1610612747,Los Angeles Lakers,1,4,46,Made Shot,Fadeaway Jump Shot,2PT Field Goal,Mid-Range,Left Side(L),8-16 ft.,12.0,-122.0,11.0,1,1,20121222,GSW,LAL
Shot Chart Detail,0021200398,120,1897,Metta World Peace,1610612747,Los Angeles Lakers,1,2,1,Made Shot,Pullup Jump shot,3PT Field Goal,Right Corner 3,Right Side(R),24+ ft.,22.0,228.0,-5.0,1,1,20121222,GSW,LAL
Shot Chart Detail,0021200398,157,1897,Metta World Peace,1610612747,Los Angeles Lakers,2,10,11,Made Shot,Jump Shot,3PT Field Goal,Left Corner 3,Left Side(L),24+ ft.,23.0,-232.0,31.0,1,1,20121222,GSW,LAL
Shot Chart Detail,0021200398,178,1897,Metta World Peace,1610612747,Los Angeles Lakers,2,8,19,Missed Shot,Pullup Jump shot,3PT Field Goal,Right Corner 3,Right Side(R),24+ ft.,23.0,237.0,-11.0,1,0,20121222,GSW,LAL
Shot Chart Detail,0021200398,214,1897,Metta World Peace,1610612747,Los Angeles Lakers,2,5,30,Missed Shot,Jump Shot,3PT Field Goal,Above the Break 3,Center(C),24+ ft.,24.0,-68.0,236.0,1,0,20121222,GSW,LAL
Shot Chart Detail,0021200398,227,1897,Metta World Peace,1610612747,Los Angeles Lakers,2,3,21,Missed Shot,Jump Shot,3PT Field Goal,Above the Break 3,Left Side Center(LC),24+ ft.,25.0,-229.0,113.0,1,0,20121222,GSW,LAL
Shot Chart Detail,0021200398,400,1897,Metta World Peace,1610612747,Los Angeles Lakers,3,1,4,Missed Shot,Driving Layup Shot,2PT Field Goal,Restricted Area,Center(C),Less Than 8 ft.,2.0,15.0,19.0,1,0,20121222,GSW,LAL
Shot Chart Detail,0021200398,421,1897,Metta World Peace,1610612747,Los Angeles Lakers,4,11,34,Made Shot,Driving Layup Shot,2PT Field Goal,Restricted Area,Center(C),Less Than 8 ft.,1.0,0.0,14.0,1,1,20121222,GSW,LAL
Shot Chart Detail,0021200398,429,1897,Metta World Peace,1610612747,Los Angeles Lakers,4,10,47,Missed Shot,Driving Layup Shot,2PT Field Goal,Restricted Area,Center(C),Less Than 8 ft.,2.0,-4.0,22.0,1,0,20121222,GSW,LAL
Shot Chart Detail,0021200398,456,1897,Metta World Peace,1610612747,Los Angeles Lakers,4,7,46,Made Shot,Driving Layup Shot,2PT Field Goal,Restricted Area,Center(C),Less Than 8 ft.,0.0,-2.0,6.0,1,1,20121222,GSW,LAL
Shot Chart Detail,0021200398,519,1897,Metta World Peace,1610612747,Los Angeles Lakers,4,0,24,Made Shot,Step Back Jump shot,3PT Field Goal,Left Corner 3,Left Side(L),24+ ft.,22.0,-229.0,20.0,1,1,20121222,GSW,LAL
Shot Chart Detail,0021200398,542,1897,Metta World Peace,1610612747,Los Angeles Lakers,5,4,32,Missed Shot,Fadeaway Jump Shot,2PT Field Goal,In The Paint (Non-RA),Center(C),Less Than 8 ft.,7.0,-60.0,52.0,1,0,20121222,GSW,LAL
Shot Chart Detail,0021200406,83,1897,Metta World Peace,1610612747,Los Angeles Lakers,1,2,45,Missed Shot,Jump Shot,3PT Field Goal,Above the Break 3,Left Side Center(LC),24+ ft.,26.0,-164.0,213.0,1,0,20121225,LAL,NYK
Shot Chart Detail,0021200406,173,1897,Metta World Peace,1610612747,Los Angeles Lakers,2,7,56,Made Shot,Jump Shot,3PT Field Goal,Above the Break 3,Right Side Center(RC),24+ ft.,25.0,231.0,107.0,1,1,20121225,LAL,NYK
Shot Chart Detail,0021200406,182,1897,Metta World Peace,1610612747,Los Angeles Lakers,2,7,18,Made Shot,Driving Layup Shot,2PT Field Goal,Restricted Area,Center(C),Less Than 8 ft.,2.0,-24.0,4.0,1,1,20121225,LAL,NYK
Shot Chart Detail,0021200406,234,1897,Metta World Peace,1610612747,Los Angeles Lakers,2,3,13,Made Shot,Jump Shot,3PT Field Goal,Above the Break 3,Left Side Center(LC),24+ ft.,25.0,-89.0,244.0,1,1,20121225,LAL,NYK
Shot Chart Detail,0021200406,263,1897,Metta World Peace,1610612747,Los Angeles Lakers,2,1,10,Made Shot,Jump Shot,3PT Field Goal,Above the Break 3,Left Side Center(LC),24+ ft.,25.0,-123.0,228.0,1,1,20121225,LAL,NYK
Shot Chart Detail,0021200406,286,1897,Metta World Peace,1610612747,Los Angeles Lakers,3,10,32,Missed Shot,Jump Shot,3PT Field Goal,Above the Break 3,Center(C),24+ ft.,28.0,-16.0,280.0,1,0,20121225,LAL,NYK
Shot Chart Detail,0021200406,312,1897,Metta World Peace,1610612747,Los Angeles Lakers,3,8,23,Missed Shot,Layup Shot,2PT Field Goal,Restricted Area,Center(C),Less Than 8 ft.,1.0,18.0,0.0,1,0,20121225,LAL,NYK
Shot Chart Detail,0021200406,341,1897,Metta World Peace,1610612747,Los Angeles Lakers,3,6,4,Made Shot,Driving Layup Shot,2PT Field Goal,Restricted Area,Center(C),Less Than 8 ft.,1.0,-13.0,1.0,1,1,20121225,LAL,NYK
Shot Chart Detail,0021200406,433,1897,Metta World Peace,1610612747,Los Angeles Lakers,4,10,36,Missed Shot,Jump Shot,3PT Field Goal,Above the Break 3,Left Side Center(LC),24+ ft.,29.0,-182.0,227.0,1,0,20121225,LAL,NYK
Shot Chart Detail,0021200406,453,1897,Metta World Peace,1610612747,Los Angeles Lakers,4,8,25,Missed Shot,Driving Layup Shot,2PT Field Goal,Restricted Area,Center(C),Less Than 8 ft.,0.0,2.0,-2.0,1,0,20121225,LAL,NYK
Shot Chart Detail,0021200406,455,1897,Metta World Peace,1610612747,Los Angeles Lakers,4,8,23,Made Shot,Layup Shot,2PT Field Goal,Restricted Area,Center(C),Less Than 8 ft.,0.0,-4.0,0.0,1,1,20121225,LAL,NYK
Shot Chart Detail,0021200419,62,1897,Metta World Peace,1610612747,Los Angeles Lakers,1,6,21,Missed Shot,Jump Shot,3PT Field Goal,Above the Break 3,Right Side Center(RC),24+ ft.,26.0,184.0,186.0,1,0,20121226,DEN,LAL
Shot Chart Detail,0021200419,92,1897,Metta World Peace,1610612747,Los Angeles Lakers,1,3,24,Missed Shot,Jump Shot,3PT Field Goal,Above the Break 3,Left Side Center(LC),24+ ft.,25.0,-171.0,184.0,1,0,20121226,DEN,LAL
Shot Chart Detail,0021200419,147,1897,Metta World Peace,1610612747,Los Angeles Lakers,2,11,44,Missed Shot,Floating Jump shot,2PT Field Goal,In The Paint (Non-RA),Center(C),Less Than 8 ft.,5.0,-21.0,53.0,1,0,20121226,DEN,LAL
Shot Chart Detail,0021200419,164,1897,Metta World Peace,1610612747,Los Angeles Lakers,2,9,46,Made Shot,Jump Shot,2PT Field Goal,Mid-Range,Left Side(L),16-24 ft.,16.0,-168.0,15.0,1,1,20121226,DEN,LAL
Shot Chart Detail,0021200419,217,1897,Metta World Peace,1610612747,Los Angeles Lakers,2,6,47,Missed Shot,Jump Shot,3PT Field Goal,Left Corner 3,Left Side(L),24+ ft.,23.0,-232.0,-6.0,1,0,20121226,DEN,LAL
Shot Chart Detail,0021200419,290,1897,Metta World Peace,1610612747,Los Angeles Lakers,2,0,31,Missed Shot,Jump Shot,3PT Field Goal,Above the Break 3,Left Side Center(LC),24+ ft.,25.0,-179.0,181.0,1,0,20121226,DEN,LAL
Shot Chart Detail,0021200419,352,1897,Metta World Peace,1610612747,Los Angeles Lakers,3,7,34,Made Shot,Jump Shot,3PT Field Goal,Right Corner 3,Right Side(R),24+ ft.,24.0,244.0,6.0,1,1,20121226,DEN,LAL
Shot Chart Detail,0021200419,355,1897,Metta World Peace,1610612747,Los Angeles Lakers,3,7,10,Made Shot,Driving Layup Shot,2PT Field Goal,Restricted Area,Center(C),Less Than 8 ft.,0.0,-4.0,-2.0,1,1,20121226,DEN,LAL
Shot Chart Detail,0021200419,462,1897,Metta World Peace,1610612747,Los Angeles Lakers,4,9,59,Missed Shot,Jump Shot,3PT Field Goal,Right Corner 3,Right Side(R),24+ ft.,24.0,241.0,55.0,1,0,20121226,DEN,LAL
Shot Chart Detail,0021200419,476,1897,Metta World Peace,1610612747,Los Angeles Lakers,4,8,30,Made Shot,Driving Layup Shot,2PT Field Goal,Restricted Area,Center(C),Less Than 8 ft.,1.0,12.0,1.0,1,1,20121226,DEN,LAL
Shot Chart Detail,0021200419,520,1897,Metta World Peace,1610612747,Los Angeles Lakers,4,5,36,Missed Shot,Jump Shot,3PT Field Goal,Above the Break 3,Left Side Center(LC),24+ ft.,25.0,-220.0,127.0,1,0,20121226,DEN,LAL
Shot Chart Detail,0021200419,539,1897,Metta World Peace,1610612747,Los Angeles Lakers,4,4,4,Missed Shot,Layup Shot,2PT Field Goal,Restricted Area,Center(C),Less Than 8 ft.,0.0,-4.0,1.0,1,0,20121226,DEN,LAL
Shot Chart Detail,0021200419,549,1897,Metta World Peace,1610612747,Los Angeles Lakers,4,2,56,Missed Shot,Running Jump Shot,2PT Field Goal,In The Paint (Non-RA),Center(C),Less Than 8 ft.,4.0,-37.0,26.0,1,0,20121226,DEN,LAL
Shot Chart Detail,0021200435,81,1897,Metta World Peace,1610612747,Los Angeles Lakers,1,2,47,Made Shot,Jump Shot,2PT Field Goal,In The Paint (Non-RA),Center(C),8-16 ft.,9.0,-21.0,88.0,1,1,20121228,LAL,POR
Shot Chart Detail,0021200435,106,1897,Metta World Peace,1610612747,Los Angeles Lakers,1,0,21,Missed Shot,Jump Shot,3PT Field Goal,Above the Break 3,Right Side Center(RC),24+ ft.,25.0,125.0,220.0,1,0,20121228,LAL,POR
Shot Chart Detail,0021200435,129,1897,Metta World Peace,1610612747,Los Angeles Lakers,2,9,51,Missed Shot,Jump Shot,3PT Field Goal,Above the Break 3,Right Side Center(RC),24+ ft.,24.0,217.0,116.0,1,0,20121228,LAL,POR
Shot Chart Detail,0021200435,158,1897,Metta World Peace,1610612747,Los Angeles Lakers,2,7,9,Made Shot,Pullup Jump shot,2PT Field Goal,Mid-Range,Right Side(R),8-16 ft.,13.0,125.0,44.0,1,1,20121228,LAL,POR
Shot Chart Detail,0021200435,375,1897,Metta World Peace,1610612747,Los Angeles Lakers,3,3,1,Missed Shot,Jump Shot,3PT Field Goal,Above the Break 3,Left Side Center(LC),24+ ft.,24.0,-98.0,228.0,1,0,20121228,LAL,POR
Shot Chart Detail,0021200435,400,1897,Metta World Peace,1610612747,Los Angeles Lakers,3,0,54,Made Shot,Driving Layup Shot,2PT Field Goal,Restricted Area,Center(C),Less Than 8 ft.,2.0,-21.0,7.0,1,1,20121228,LAL,POR
Shot Chart Detail,0021200435,424,1897,Metta World Peace,1610612747,Los Angeles Lakers,4,8,46,Missed Shot,Jump Shot,2PT Field Goal,In The Paint (Non-RA),Center(C),Less Than 8 ft.,6.0,-38.0,56.0,1,0,20121228,LAL,POR
Shot Chart Detail,0021200463,58,1897,Metta World Peace,1610612747,Los Angeles Lakers,1,6,47,Missed Shot,Layup Shot,2PT Field Goal,Restricted Area,Center(C),Less Than 8 ft.,2.0,-19.0,9.0,1,0,20130101,LAL,PHI
Shot Chart Detail,0021200463,70,1897,Metta World Peace,1610612747,Los Angeles Lakers,1,5,29,Missed Shot,Layup Shot,2PT Field Goal,Restricted Area,Center(C),Less Than 8 ft.,1.0,12.0,14.0,1,0,20130101,LAL,PHI
Shot Chart Detail,0021200463,107,1897,Metta World Peace,1610612747,Los Angeles Lakers,1,1,38,Missed Shot,Jump Shot,2PT Field Goal,In The Paint (Non-RA),Center(C),Less Than 8 ft.,5.0,-5.0,50.0,1,0,20130101,LAL,PHI
Shot Chart Detail,0021200463,151,1897,Metta World Peace,1610612747,Los Angeles Lakers,2,9,44,Missed Shot,Jump Shot,2PT Field Goal,Restricted Area,Center(C),Less Than 8 ft.,3.0,-30.0,6.0,1,0,20130101,LAL,PHI
Shot Chart Detail,0021200463,185,1897,Metta World Peace,1610612747,Los Angeles Lakers,2,7,40,Made Shot,Fadeaway Jump Shot,2PT Field Goal,In The Paint (Non-RA),Left Side(L),8-16 ft.,8.0,-59.0,67.0,1,1,20130101,LAL,PHI
Shot Chart Detail,0021200463,187,1897,Metta World Peace,1610612747,Los Angeles Lakers,2,6,52,Made Shot,Fadeaway Jump Shot,2PT Field Goal,In The Paint (Non-RA),Center(C),Less Than 8 ft.,7.0,-5.0,77.0,1,1,20130101,LAL,PHI
Shot Chart Detail,0021200463,314,1897,Metta World Peace,1610612747,Los Angeles Lakers,3,7,55,Missed Shot,Jump Shot,3PT Field Goal,Above the Break 3,Right Side Center(RC),24+ ft.,24.0,184.0,157.0,1,0,20130101,LAL,PHI
Shot Chart Detail,0021200463,325,1897,Metta World Peace,1610612747,Los Angeles Lakers,3,7,32,Made Shot,Layup Shot,2PT Field Goal,Restricted Area,Center(C),Less Than 8 ft.,1.0,1.0,11.0,1,1,20130101,LAL,PHI
Shot Chart Detail,0021200463,336,1897,Metta World Peace,1610612747,Los Angeles Lakers,3,6,43,Missed Shot,Layup Shot,2PT Field Goal,Restricted Area,Center(C),Less Than 8 ft.,1.0,17.0,6.0,1,0,20130101,LAL,PHI
Shot Chart Detail,0021200463,420,1897,Metta World Peace,1610612747,Los Angeles Lakers,4,11,39,Missed Shot,Jump Shot,3PT Field Goal,Above the Break 3,Center(C),24+ ft.,25.0,17.0,255.0,1,0,20130101,LAL,PHI
Shot Chart Detail,0021200463,429,1897,Metta World Peace,1610612747,Los Angeles Lakers,4,10,58,Made Shot,Driving Layup Shot,2PT Field Goal,Restricted Area,Center(C),Less Than 8 ft.,2.0,-18.0,11.0,1,1,20130101,LAL,PHI
Shot Chart Detail,0021200463,434,1897,Metta World Peace,1610612747,Los Angeles Lakers,4,10,32,Missed Shot,Jump Shot,2PT Field Goal,Mid-Range,Left Side(L),8-16 ft.,14.0,-149.0,-10.0,1,0,20130101,LAL,PHI
Shot Chart Detail,0021200463,450,1897,Metta World Peace,1610612747,Los Angeles Lakers,4,9,1,Missed Shot,Jump Shot,2PT Field Goal,Mid-Range,Left Side(L),16-24 ft.,21.0,-204.0,82.0,1,0,20130101,LAL,PHI
Shot Chart Detail,0021200463,498,1897,Metta World Peace,1610612747,Los Angeles Lakers,4,4,52,Made Shot,Jump Shot,3PT Field Goal,Left Corner 3,Left Side(L),24+ ft.,23.0,-232.0,17.0,1,1,20130101,LAL,PHI
Shot Chart Detail,0021200463,500,1897,Metta World Peace,1610612747,Los Angeles Lakers,4,4,16,Made Shot,Jump Shot,2PT Field Goal,Mid-Range,Right Side(R),16-24 ft.,18.0,189.0,11.0,1,1,20130101,LAL,PHI
Shot Chart Detail,0021200463,502,1897,Metta World Peace,1610612747,Los Angeles Lakers,4,3,30,Missed Shot,Jump Shot,2PT Field Goal,In The Paint (Non-RA),Center(C),Less Than 8 ft.,5.0,-51.0,26.0,1,0,20130101,LAL,PHI
Shot Chart Detail,0021200463,543,1897,Metta World Peace,1610612747,Los Angeles Lakers,4,0,31,Missed Shot,Jump Shot,3PT Field Goal,Right Corner 3,Right Side(R),24+ ft.,22.0,222.0,39.0,1,0,20130101,LAL,PHI
Shot Chart Detail,0021200488,28,1897,Metta World Peace,1610612747,Los Angeles Lakers,1,9,36,Missed Shot,Jump Shot,3PT Field Goal,Above the Break 3,Center(C),24+ ft.,25.0,72.0,246.0,1,0,20130104,LAC,LAL
Shot Chart Detail,0021200488,136,1897,Metta World Peace,1610612747,Los Angeles Lakers,1,1,30,Made Shot,Layup Shot,2PT Field Goal,Restricted Area,Center(C),Less Than 8 ft.,3.0,20.0,31.0,1,1,20130104,LAC,LAL
Shot Chart Detail,0021200488,141,1897,Metta World Peace,1610612747,Los Angeles Lakers,1,0,23,Missed Shot,Driving Layup Shot,2PT Field Goal,Restricted Area,Center(C),Less Than 8 ft.,3.0,-5.0,30.0,1,0,20130104,LAC,LAL
Shot Chart Detail,0021200488,172,1897,Metta World Peace,1610612747,Los Angeles Lakers,2,8,48,Missed Shot,Jump Shot,3PT Field Goal,Above the Break 3,Left Side Center(LC),24+ ft.,26.0,-160.0,209.0,1,0,20130104,LAC,LAL
Shot Chart Detail,0021200488,327,1897,Metta World Peace,1610612747,Los Angeles Lakers,3,8,9,Missed Shot,Jump Shot,3PT Field Goal,Above the Break 3,Right Side Center(RC),24+ ft.,25.0,220.0,137.0,1,0,20130104,LAC,LAL
Shot Chart Detail,0021200488,463,1897,Metta World Peace,1610612747,Los Angeles Lakers,4,8,39,Missed Shot,Jump Shot,3PT Field Goal,Right Corner 3,Right Side(R),24+ ft.,24.0,247.0,-2.0,1,0,20130104,LAC,LAL
Shot Chart Detail,0021200503,16,1897,Metta World Peace,1610612747,Los Angeles Lakers,1,10,9,Missed Shot,Jump Shot,3PT Field Goal,Above the Break 3,Left Side Center(LC),24+ ft.,27.0,-210.0,175.0,1,0,20130106,LAL,DEN
Shot Chart Detail,0021200503,57,1897,Metta World Peace,1610612747,Los Angeles Lakers,1,6,16,Made Shot,Jump Shot,3PT Field Goal,Left Corner 3,Left Side(L),24+ ft.,24.0,-245.0,-17.0,1,1,20130106,LAL,DEN
Shot Chart Detail,0021200503,59,1897,Metta World Peace,1610612747,Los Angeles Lakers,1,5,50,Made Shot,Jump Shot,3PT Field Goal,Left Corner 3,Left Side(L),24+ ft.,24.0,-240.0,-13.0,1,1,20130106,LAL,DEN
Shot Chart Detail,0021200503,157,1897,Metta World Peace,1610612747,Los Angeles Lakers,2,9,50,Missed Shot,Jump Shot,2PT Field Goal,Restricted Area,Center(C),Less Than 8 ft.,3.0,-27.0,14.0,1,0,20130106,LAL,DEN
Shot Chart Detail,0021200503,164,1897,Metta World Peace,1610612747,Los Angeles Lakers,2,9,9,Made Shot,Layup Shot,2PT Field Goal,Restricted Area,Center(C),Less Than 8 ft.,2.0,-24.0,15.0,1,1,20130106,LAL,DEN
Shot Chart Detail,0021200503,195,1897,Metta World Peace,1610612747,Los Angeles Lakers,2,6,53,Missed Shot,Driving Layup Shot,2PT Field Goal,Restricted Area,Center(C),Less Than 8 ft.,1.0,15.0,-6.0,1,0,20130106,LAL,DEN
Shot Chart Detail,0021200503,200,1897,Metta World Peace,1610612747,Los Angeles Lakers,2,6,33,Missed Shot,Jump Shot,3PT Field Goal,Above the Break 3,Right Side Center(RC),24+ ft.,24.0,212.0,131.0,1,0,20130106,LAL,DEN
Shot Chart Detail,0021200503,208,1897,Metta World Peace,1610612747,Los Angeles Lakers,2,5,48,Missed Shot,Jump Shot,2PT Field Goal,In The Paint (Non-RA),Center(C),Less Than 8 ft.,4.0,18.0,45.0,1,0,20130106,LAL,DEN
Shot Chart Detail,0021200503,210,1897,Metta World Peace,1610612747,Los Angeles Lakers,2,5,46,Missed Shot,Jump Shot,3PT Field Goal,Left Corner 3,Left Side(L),24+ ft.,23.0,-232.0,-27.0,1,0,20130106,LAL,DEN
Shot Chart Detail,0021200503,258,1897,Metta World Peace,1610612747,Los Angeles Lakers,2,2,54,Made Shot,Jump Shot,3PT Field Goal,Left Corner 3,Left Side(L),24+ ft.,24.0,-240.0,0.0,1,1,20130106,LAL,DEN
Shot Chart Detail,0021200503,321,1897,Metta World Peace,1610612747,Los Angeles Lakers,3,9,48,Made Shot,Jump Shot,3PT Field Goal,Left Corner 3,Left Side(L),24+ ft.,23.0,-239.0,4.0,1,1,20130106,LAL,DEN
Shot Chart Detail,0021200503,535,1897,Metta World Peace,1610612747,Los Angeles Lakers,4,4,32,Missed Shot,Jump Shot,3PT Field Goal,Left Corner 3,Left Side(L),24+ ft.,23.0,-239.0,3.0,1,0,20130106,LAL,DEN
Shot Chart Detail,0021200503,544,1897,Metta World Peace,1610612747,Los Angeles Lakers,4,3,16,Missed Shot,Jump Shot,3PT Field Goal,Above the Break 3,Right Side Center(RC),24+ ft.,25.0,116.0,222.0,1,0,20130106,LAL,DEN
Shot Chart Detail,0021200514,4,1897,Metta World Peace,1610612747,Los Angeles Lakers,1,11,20,Missed Shot,Jump Shot,2PT Field Goal,In The Paint (Non-RA),Center(C),Less Than 8 ft.,4.0,-38.0,15.0,1,0,20130108,HOU,LAL
Shot Chart Detail,0021200514,25,1897,Metta World Peace,1610612747,Los Angeles Lakers,1,8,52,Made Shot,Jump Shot,3PT Field Goal,Right Corner 3,Right Side(R),24+ ft.,23.0,231.0,31.0,1,1,20130108,HOU,LAL
Shot Chart Detail,0021200514,36,1897,Metta World Peace,1610612747,Los Angeles Lakers,1,8,9,Made Shot,Jump Shot,3PT Field Goal,Above the Break 3,Right Side Center(RC),24+ ft.,25.0,177.0,179.0,1,1,20130108,HOU,LAL
Shot Chart Detail,0021200514,172,1897,Metta World Peace,1610612747,Los Angeles Lakers,2,7,45,Made Shot,Fadeaway Jump Shot,2PT Field Goal,In The Paint (Non-RA),Right Side(R),8-16 ft.,10.0,73.0,82.0,1,1,20130108,HOU,LAL
Shot Chart Detail,0021200514,203,1897,Metta World Peace,1610612747,Los Angeles Lakers,2,4,25,Made Shot,Jump Shot,3PT Field Goal,Above the Break 3,Left Side Center(LC),24+ ft.,25.0,-168.0,189.0,1,1,20130108,HOU,LAL
Shot Chart Detail,0021200514,209,1897,Metta World Peace,1610612747,Los Angeles Lakers,2,3,34,Missed Shot,Fadeaway Jump Shot,2PT Field Goal,In The Paint (Non-RA),Right Side(R),8-16 ft.,9.0,59.0,77.0,1,0,20130108,HOU,LAL
Shot Chart Detail,0021200514,237,1897,Metta World Peace,1610612747,Los Angeles Lakers,2,0,45,Missed Shot,Jump Shot,2PT Field Goal,Mid-Range,Left Side(L),8-16 ft.,11.0,-86.0,77.0,1,0,20130108,HOU,LAL
Shot Chart Detail,0021200514,258,1897,Metta World Peace,1610612747,Los Angeles Lakers,3,10,52,Made Shot,Jump Shot,3PT Field Goal,Above the Break 3,Left Side Center(LC),24+ ft.,25.0,-172.0,190.0,1,1,20130108,HOU,LAL
Shot Chart Detail,0021200514,261,1897,Metta World Peace,1610612747,Los Angeles Lakers,3,9,58,Missed Shot,Jump Shot,3PT Field Goal,Above the Break 3,Left Side Center(LC),24+ ft.,27.0,-183.0,205.0,1,0,20130108,HOU,LAL
Shot Chart Detail,0021200514,276,1897,Metta World Peace,1610612747,Los Angeles Lakers,3,8,29,Made Shot,Layup Shot,2PT Field Goal,Restricted Area,Center(C),Less Than 8 ft.,0.0,-8.0,1.0,1,1,20130108,HOU,LAL
Shot Chart Detail,0021200514,437,1897,Metta World Peace,1610612747,Los Angeles Lakers,4,9,21,Made Shot,Driving Reverse Layup Shot,2PT Field Goal,Restricted Area,Center(C),Less Than 8 ft.,1.0,-7.0,9.0,1,1,20130108,HOU,LAL
Shot Chart Detail,0021200514,440,1897,Metta World Peace,1610612747,Los Angeles Lakers,4,8,39,Missed Shot,Jump Shot,2PT Field Goal,In The Paint (Non-RA),Center(C),8-16 ft.,12.0,62.0,108.0,1,0,20130108,HOU,LAL
Shot Chart Detail,0021200514,483,1897,Metta World Peace,1610612747,Los Angeles Lakers,4,4,33,Made Shot,Layup Shot,2PT Field Goal,Restricted Area,Center(C),Less Than 8 ft.,2.0,-18.0,12.0,1,1,20130108,HOU,LAL
Shot Chart Detail,0021200514,518,1897,Metta World Peace,1610612747,Los Angeles Lakers,4,2,21,Made Shot,Jump Shot,2PT Field Goal,Restricted Area,Center(C),Less Than 8 ft.,3.0,28.0,12.0,1,1,20130108,HOU,LAL
Shot Chart Detail,0021200522,11,1897,Metta World Peace,1610612747,Los Angeles Lakers,1,10,46,Made Shot,Jump Shot,3PT Field Goal,Above the Break 3,Right Side Center(RC),24+ ft.,25.0,196.0,157.0,1,1,20130109,SAS,LAL
Shot Chart Detail,0021200522,13,1897,Metta World Peace,1610612747,Los Angeles Lakers,1,10,13,Made Shot,Layup Shot,2PT Field Goal,Restricted Area,Center(C),Less Than 8 ft.,1.0,7.0,17.0,1,1,20130109,SAS,LAL
Shot Chart Detail,0021200522,23,1897,Metta World Peace,1610612747,Los Angeles Lakers,1,8,54,Missed Shot,Jump Shot,2PT Field Goal,Mid-Range,Right Side Center(RC),16-24 ft.,20.0,124.0,160.0,1,0,20130109,SAS,LAL
Shot Chart Detail,0021200522,27,1897,Metta World Peace,1610612747,Los Angeles Lakers,1,8,30,Made Shot,Reverse Layup Shot,2PT Field Goal,Restricted Area,Center(C),Less Than 8 ft.,1.0,-11.0,1.0,1,1,20130109,SAS,LAL
Shot Chart Detail,0021200522,151,1897,Metta World Peace,1610612747,Los Angeles Lakers,2,8,20,Missed Shot,Jump Shot,3PT Field Goal,Above the Break 3,Left Side Center(LC),24+ ft.,25.0,-153.0,200.0,1,0,20130109,SAS,LAL
Shot Chart Detail,0021200522,154,1897,Metta World Peace,1610612747,Los Angeles Lakers,2,7,58,Missed Shot,Layup Shot,2PT Field Goal,Restricted Area,Center(C),Less Than 8 ft.,1.0,18.0,7.0,1,0,20130109,SAS,LAL
Shot Chart Detail,0021200522,195,1897,Metta World Peace,1610612747,Los Angeles Lakers,2,3,34,Made Shot,Layup Shot,2PT Field Goal,Restricted Area,Center(C),Less Than 8 ft.,2.0,-23.0,12.0,1,1,20130109,SAS,LAL
Shot Chart Detail,0021200522,223,1897,Metta World Peace,1610612747,Los Angeles Lakers,2,1,26,Missed Shot,Layup Shot,2PT Field Goal,Restricted Area,Center(C),Less Than 8 ft.,2.0,-15.0,-17.0,1,0,20130109,SAS,LAL
Shot Chart Detail,0021200522,225,1897,Metta World Peace,1610612747,Los Angeles Lakers,2,1,24,Made Shot,Putback Layup Shot,2PT Field Goal,Restricted Area,Center(C),Less Than 8 ft.,1.0,-16.0,3.0,1,1,20130109,SAS,LAL
Shot Chart Detail,0021200522,235,1897,Metta World Peace,1610612747,Los Angeles Lakers,2,0,1,Missed Shot,Jump Shot,3PT Field Goal,Above the Break 3,Right Side Center(RC),24+ ft.,27.0,203.0,179.0,1,0,20130109,SAS,LAL
Shot Chart Detail,0021200522,254,1897,Metta World Peace,1610612747,Los Angeles Lakers,3,10,5,Made Shot,Jump Shot,3PT Field Goal,Left Corner 3,Left Side(L),24+ ft.,23.0,-232.0,1.0,1,1,20130109,SAS,LAL
Shot Chart Detail,0021200522,294,1897,Metta World Peace,1610612747,Los Angeles Lakers,3,6,28,Made Shot,Layup Shot,2PT Field Goal,Restricted Area,Center(C),Less Than 8 ft.,1.0,18.0,0.0,1,1,20130109,SAS,LAL
Shot Chart Detail,0021200522,321,1897,Metta World Peace,1610612747,Los Angeles Lakers,3,3,45,Missed Shot,Layup Shot,2PT Field Goal,Restricted Area,Center(C),Less Than 8 ft.,1.0,-18.0,1.0,1,0,20130109,SAS,LAL
Shot Chart Detail,0021200522,328,1897,Metta World Peace,1610612747,Los Angeles Lakers,3,2,38,Made Shot,Jump Shot,3PT Field Goal,Above the Break 3,Left Side Center(LC),24+ ft.,24.0,-169.0,178.0,1,1,20130109,SAS,LAL
Shot Chart Detail,0021200522,333,1897,Metta World Peace,1610612747,Los Angeles Lakers,3,2,3,Missed Shot,Jump Shot,3PT Field Goal,Above the Break 3,Right Side Center(RC),24+ ft.,25.0,189.0,173.0,1,0,20130109,SAS,LAL
Shot Chart Detail,0021200522,398,1897,Metta World Peace,1610612747,Los Angeles Lakers,4,9,3,Missed Shot,Layup Shot,2PT Field Goal,Restricted Area,Center(C),Less Than 8 ft.,2.0,-18.0,-10.0,1,0,20130109,SAS,LAL
Shot Chart Detail,0021200522,424,1897,Metta World Peace,1610612747,Los Angeles Lakers,4,6,21,Made Shot,Driving Layup Shot,2PT Field Goal,Restricted Area,Center(C),Less Than 8 ft.,1.0,9.0,-8.0,1,1,20130109,SAS,LAL
Shot Chart Detail,0021200522,438,1897,Metta World Peace,1610612747,Los Angeles Lakers,4,4,48,Missed Shot,Jump Shot,3PT Field Goal,Right Corner 3,Right Side(R),24+ ft.,23.0,234.0,6.0,1,0,20130109,SAS,LAL
Shot Chart Detail,0021200522,441,1897,Metta World Peace,1610612747,Los Angeles Lakers,4,4,30,Made Shot,Layup Shot,2PT Field Goal,Restricted Area,Center(C),Less Than 8 ft.,0.0,0.0,-8.0,1,1,20130109,SAS,LAL
Shot Chart Detail,0021200522,461,1897,Metta World Peace,1610612747,Los Angeles Lakers,4,2,36,Missed Shot,Layup Shot,2PT Field Goal,Restricted Area,Center(C),Less Than 8 ft.,1.0,15.0,7.0,1,0,20130109,SAS,LAL
Shot Chart Detail,0021200522,463,1897,Metta World Peace,1610612747,Los Angeles Lakers,4,2,28,Missed Shot,Layup Shot,2PT Field Goal,Restricted Area,Center(C),Less Than 8 ft.,0.0,4.0,0.0,1,0,20130109,SAS,LAL
Shot Chart Detail,0021200522,469,1897,Metta World Peace,1610612747,Los Angeles Lakers,4,1,40,Missed Shot,Jump Shot,3PT Field Goal,Left Corner 3,Left Side(L),24+ ft.,24.0,-237.0,52.0,1,0,20130109,SAS,LAL
Shot Chart Detail,0021200539,8,1897,Metta World Peace,1610612747,Los Angeles Lakers,1,11,7,Missed Shot,Layup Shot,2PT Field Goal,Restricted Area,Center(C),Less Than 8 ft.,1.0,15.0,0.0,1,0,20130111,LAL,OKC
Shot Chart Detail,0021200539,14,1897,Metta World Peace,1610612747,Los Angeles Lakers,1,10,30,Missed Shot,Jump Shot,2PT Field Goal,Mid-Range,Left Side Center(LC),16-24 ft.,21.0,-164.0,134.0,1,0,20130111,LAL,OKC
Shot Chart Detail,0021200539,30,1897,Metta World Peace,1610612747,Los Angeles Lakers,1,8,24,Missed Shot,Jump Shot,3PT Field Goal,Above the Break 3,Right Side Center(RC),24+ ft.,24.0,209.0,126.0,1,0,20130111,LAL,OKC
Shot Chart Detail,0021200539,38,1897,Metta World Peace,1610612747,Los Angeles Lakers,1,7,18,Missed Shot,Driving Layup Shot,2PT Field Goal,Restricted Area,Center(C),Less Than 8 ft.,1.0,-16.0,11.0,1,0,20130111,LAL,OKC
Shot Chart Detail,0021200539,39,1897,Metta World Peace,1610612747,Los Angeles Lakers,1,7,15,Made Shot,Layup Shot,2PT Field Goal,Restricted Area,Center(C),Less Than 8 ft.,2.0,-21.0,15.0,1,1,20130111,LAL,OKC
Shot Chart Detail,0021200539,52,1897,Metta World Peace,1610612747,Los Angeles Lakers,1,5,49,Missed Shot,Jump Shot,3PT Field Goal,Above the Break 3,Center(C),24+ ft.,24.0,-27.0,246.0,1,0,20130111,LAL,OKC
Shot Chart Detail,0021200539,66,1897,Metta World Peace,1610612747,Los Angeles Lakers,1,5,6,Missed Shot,Jump Shot,3PT Field Goal,Above the Break 3,Left Side Center(LC),24+ ft.,24.0,-147.0,200.0,1,0,20130111,LAL,OKC
Shot Chart Detail,0021200539,173,1897,Metta World Peace,1610612747,Los Angeles Lakers,2,8,40,Missed Shot,Jump Shot,3PT Field Goal,Left Corner 3,Left Side(L),24+ ft.,23.0,-228.0,74.0,1,0,20130111,LAL,OKC
Shot Chart Detail,0021200539,182,1897,Metta World Peace,1610612747,Los Angeles Lakers,2,7,59,Missed Shot,Driving Layup Shot,2PT Field Goal,Restricted Area,Center(C),Less Than 8 ft.,0.0,9.0,4.0,1,0,20130111,LAL,OKC
Shot Chart Detail,0021200539,185,1897,Metta World Peace,1610612747,Los Angeles Lakers,2,7,27,Made Shot,Step Back Jump shot,2PT Field Goal,Mid-Range,Center(C),16-24 ft.,16.0,-13.0,160.0,1,1,20130111,LAL,OKC
Shot Chart Detail,0021200539,187,1897,Metta World Peace,1610612747,Los Angeles Lakers,2,6,58,Made Shot,Driving Layup Shot,2PT Field Goal,Restricted Area,Center(C),Less Than 8 ft.,2.0,-24.0,9.0,1,1,20130111,LAL,OKC
Shot Chart Detail,0021200539,198,1897,Metta World Peace,1610612747,Los Angeles Lakers,2,6,29,Made Shot,Driving Layup Shot,2PT Field Goal,Restricted Area,Center(C),Less Than 8 ft.,2.0,-29.0,1.0,1,1,20130111,LAL,OKC
Shot Chart Detail,0021200539,250,1897,Metta World Peace,1610612747,Los Angeles Lakers,2,2,50,Missed Shot,Driving Layup Shot,2PT Field Goal,Restricted Area,Center(C),Less Than 8 ft.,2.0,-24.0,9.0,1,0,20130111,LAL,OKC
Shot Chart Detail,0021200539,265,1897,Metta World Peace,1610612747,Los Angeles Lakers,2,1,45,Missed Shot,Jump Shot,3PT Field Goal,Above the Break 3,Center(C),24+ ft.,25.0,-5.0,250.0,1,0,20130111,LAL,OKC
Shot Chart Detail,0021200539,320,1897,Metta World Peace,1610612747,Los Angeles Lakers,3,9,40,Missed Shot,Jump Shot,3PT Field Goal,Above the Break 3,Left Side Center(LC),24+ ft.,25.0,-175.0,181.0,1,0,20130111,LAL,OKC
Shot Chart Detail,0021200539,356,1897,Metta World Peace,1610612747,Los Angeles Lakers,3,6,9,Missed Shot,Jump Shot,3PT Field Goal,Above the Break 3,Left Side Center(LC),24+ ft.,24.0,-185.0,168.0,1,0,20130111,LAL,OKC
Shot Chart Detail,0021200539,476,1897,Metta World Peace,1610612747,Los Angeles Lakers,4,9,12,Made Shot,Jump Shot,3PT Field Goal,Right Corner 3,Right Side(R),24+ ft.,22.0,225.0,36.0,1,1,20130111,LAL,OKC
Shot Chart Detail,0021200539,491,1897,Metta World Peace,1610612747,Los Angeles Lakers,4,7,38,Missed Shot,Jump Shot,3PT Field Goal,Above the Break 3,Left Side Center(LC),24+ ft.,25.0,-108.0,230.0,1,0,20130111,LAL,OKC
Shot Chart Detail,0021200555,18,1897,Metta World Peace,1610612747,Los Angeles Lakers,1,10,9,Missed Shot,Jump Shot,3PT Field Goal,Above the Break 3,Left Side Center(LC),24+ ft.,26.0,-98.0,249.0,1,0,20130113,LAL,CLE
Shot Chart Detail,0021200555,195,1897,Metta World Peace,1610612747,Los Angeles Lakers,2,4,50,Missed Shot,Jump Shot,3PT Field Goal,Right Corner 3,Right Side(R),24+ ft.,22.0,226.0,-22.0,1,0,20130113,LAL,CLE
Shot Chart Detail,0021200555,250,1897,Metta World Peace,1610612747,Los Angeles Lakers,2,0,0,Missed Shot,Jump Shot,3PT Field Goal,Above the Break 3,Left Side Center(LC),24+ ft.,34.0,-147.0,313.0,1,0,20130113,LAL,CLE
Shot Chart Detail,0021200555,291,1897,Metta World Peace,1610612747,Los Angeles Lakers,3,8,42,Made Shot,Jump Shot,3PT Field Goal,Left Corner 3,Left Side(L),24+ ft.,24.0,-248.0,12.0,1,1,20130113,LAL,CLE
Shot Chart Detail,0021200555,293,1897,Metta World Peace,1610612747,Los Angeles Lakers,3,8,27,Made Shot,Driving Dunk Shot,2PT Field Goal,Restricted Area,Center(C),Less Than 8 ft.,2.0,-8.0,22.0,1,1,20130113,LAL,CLE
Shot Chart Detail,0021200569,17,1897,Metta World Peace,1610612747,Los Angeles Lakers,1,10,24,Made Shot,Jump Shot,3PT Field Goal,Above the Break 3,Right Side Center(RC),24+ ft.,24.0,212.0,124.0,1,1,20130115,LAL,MIL
Shot Chart Detail,0021200569,27,1897,Metta World Peace,1610612747,Los Angeles Lakers,1,9,16,Made Shot,Jump Shot,3PT Field Goal,Left Corner 3,Left Side(L),24+ ft.,24.0,-246.0,0.0,1,1,20130115,LAL,MIL
Shot Chart Detail,0021200569,174,1897,Metta World Peace,1610612747,Los Angeles Lakers,2,9,43,Missed Shot,Jump Shot,3PT Field Goal,Right Corner 3,Right Side(R),24+ ft.,22.0,222.0,-2.0,1,0,20130115,LAL,MIL
Shot Chart Detail,0021200569,215,1897,Metta World Peace,1610612747,Los Angeles Lakers,2,5,34,Missed Shot,Jump Shot,3PT Field Goal,Above the Break 3,Left Side Center(LC),24+ ft.,26.0,-141.0,219.0,1,0,20130115,LAL,MIL
Shot Chart Detail,0021200569,259,1897,Metta World Peace,1610612747,Los Angeles Lakers,2,0,38,Made Shot,Jump Shot,2PT Field Goal,Mid-Range,Right Side(R),16-24 ft.,18.0,187.0,-14.0,1,1,20130115,LAL,MIL
Shot Chart Detail,0021200569,296,1897,Metta World Peace,1610612747,Los Angeles Lakers,3,9,50,Made Shot,Driving Finger Roll Layup Shot,2PT Field Goal,Restricted Area,Center(C),Less Than 8 ft.,0.0,-5.0,0.0,1,1,20130115,LAL,MIL
Shot Chart Detail,0021200569,320,1897,Metta World Peace,1610612747,Los Angeles Lakers,3,6,47,Missed Shot,Jump Shot,3PT Field Goal,Above the Break 3,Right Side Center(RC),24+ ft.,24.0,185.0,164.0,1,0,20130115,LAL,MIL
Shot Chart Detail,0021200569,425,1897,Metta World Peace,1610612747,Los Angeles Lakers,4,11,17,Made Shot,Jump Shot,2PT Field Goal,Mid-Range,Left Side(L),16-24 ft.,17.0,-179.0,-3.0,1,1,20130115,LAL,MIL
Shot Chart Detail,0021200569,526,1897,Metta World Peace,1610612747,Los Angeles Lakers,4,2,48,Missed Shot,Jump Shot,2PT Field Goal,Mid-Range,Left Side Center(LC),16-24 ft.,18.0,-109.0,153.0,1,0,20130115,LAL,MIL
Shot Chart Detail,0021200569,531,1897,Metta World Peace,1610612747,Los Angeles Lakers,4,2,4,Missed Shot,Jump Shot,3PT Field Goal,Left Corner 3,Left Side(L),24+ ft.,23.0,-237.0,-8.0,1,0,20130115,LAL,MIL
Shot Chart Detail,0021200583,7,1897,Metta World Peace,1610612747,Los Angeles Lakers,1,11,2,Made Shot,Driving Layup Shot,2PT Field Goal,Restricted Area,Center(C),Less Than 8 ft.,2.0,-26.0,11.0,1,1,20130117,LAL,MIA
Shot Chart Detail,0021200583,13,1897,Metta World Peace,1610612747,Los Angeles Lakers,1,10,12,Missed Shot,Driving Finger Roll Layup Shot,2PT Field Goal,Restricted Area,Center(C),Less Than 8 ft.,1.0,-15.0,-5.0,1,0,20130117,LAL,MIA
Shot Chart Detail,0021200583,33,1897,Metta World Peace,1610612747,Los Angeles Lakers,1,8,7,Missed Shot,Jump Shot,3PT Field Goal,Right Corner 3,Right Side(R),24+ ft.,23.0,236.0,-16.0,1,0,20130117,LAL,MIA
Shot Chart Detail,0021200583,89,1897,Metta World Peace,1610612747,Los Angeles Lakers,1,3,6,Made Shot,Jump Shot,3PT Field Goal,Left Corner 3,Left Side(L),24+ ft.,24.0,-240.0,45.0,1,1,20130117,LAL,MIA
Shot Chart Detail,0021200583,243,1897,Metta World Peace,1610612747,Los Angeles Lakers,2,2,14,Made Shot,Jump Shot,3PT Field Goal,Left Corner 3,Left Side(L),24+ ft.,25.0,-245.0,60.0,1,1,20130117,LAL,MIA
Shot Chart Detail,0021200583,252,1897,Metta World Peace,1610612747,Los Angeles Lakers,2,1,31,Missed Shot,Jump Shot,3PT Field Goal,Above the Break 3,Left Side Center(LC),24+ ft.,25.0,-226.0,126.0,1,0,20130117,LAL,MIA
Shot Chart Detail,0021200583,293,1897,Metta World Peace,1610612747,Los Angeles Lakers,3,11,20,Missed Shot,Driving Layup Shot,2PT Field Goal,Restricted Area,Center(C),Less Than 8 ft.,2.0,-19.0,19.0,1,0,20130117,LAL,MIA
Shot Chart Detail,0021200583,310,1897,Metta World Peace,1610612747,Los Angeles Lakers,3,10,35,Made Shot,Pullup Jump shot,2PT Field Goal,Mid-Range,Left Side(L),8-16 ft.,14.0,-84.0,124.0,1,1,20130117,LAL,MIA
Shot Chart Detail,0021200583,329,1897,Metta World Peace,1610612747,Los Angeles Lakers,3,8,55,Missed Shot,Jump Shot,2PT Field Goal,Mid-Range,Left Side Center(LC),16-24 ft.,16.0,-122.0,115.0,1,0,20130117,LAL,MIA
Shot Chart Detail,0021200583,437,1897,Metta World Peace,1610612747,Los Angeles Lakers,4,10,45,Made Shot,Layup Shot,2PT Field Goal,Restricted Area,Center(C),Less Than 8 ft.,2.0,-21.0,19.0,1,1,20130117,LAL,MIA
Shot Chart Detail,0021200583,525,1897,Metta World Peace,1610612747,Los Angeles Lakers,4,0,33,Missed Shot,Jump Shot,2PT Field Goal,Right Corner 3,Right Side(R),24+ ft.,22.0,220.0,-14.0,1,0,20130117,LAL,MIA
Shot Chart Detail,0021200601,21,1897,Metta World Peace,1610612747,Los Angeles Lakers,1,8,51,Missed Shot,Jump Shot,3PT Field Goal,Left Corner 3,Left Side(L),24+ ft.,22.0,-223.0,14.0,1,0,20130120,TOR,LAL
Shot Chart Detail,0021200601,27,1897,Metta World Peace,1610612747,Los Angeles Lakers,1,8,25,Missed Shot,Jump Shot,3PT Field Goal,Left Corner 3,Left Side(L),24+ ft.,22.0,-224.0,3.0,1,0,20130120,TOR,LAL
Shot Chart Detail,0021200601,222,1897,Metta World Peace,1610612747,Los Angeles Lakers,2,3,5,Made Shot,Jump Shot,3PT Field Goal,Left Corner 3,Left Side(L),24+ ft.,23.0,-226.0,78.0,1,1,20130120,TOR,LAL
Shot Chart Detail,0021200601,230,1897,Metta World Peace,1610612747,Los Angeles Lakers,2,1,47,Missed Shot,Fadeaway Jump Shot,2PT Field Goal,Mid-Range,Right Side(R),8-16 ft.,10.0,108.0,9.0,1,0,20130120,TOR,LAL
Shot Chart Detail,0021200601,234,1897,Metta World Peace,1610612747,Los Angeles Lakers,2,1,19,Made Shot,Driving Layup Shot,2PT Field Goal,Restricted Area,Center(C),Less Than 8 ft.,1.0,17.0,7.0,1,1,20130120,TOR,LAL
Shot Chart Detail,0021200601,245,1897,Metta World Peace,1610612747,Los Angeles Lakers,2,0,21,Made Shot,Jump Shot,3PT Field Goal,Right Corner 3,Right Side(R),24+ ft.,23.0,230.0,42.0,1,1,20130120,TOR,LAL
Shot Chart Detail,0021200601,370,1897,Metta World Peace,1610612747,Los Angeles Lakers,3,0,59,Missed Shot,Jump Shot,3PT Field Goal,Above the Break 3,Right Side Center(RC),24+ ft.,25.0,122.0,222.0,1,0,20130120,TOR,LAL
Shot Chart Detail,0021200601,411,1897,Metta World Peace,1610612747,Los Angeles Lakers,4,9,21,Missed Shot,Jump Shot,3PT Field Goal,Above the Break 3,Left Side Center(LC),24+ ft.,24.0,-185.0,159.0,1,0,20130120,TOR,LAL
Shot Chart Detail,0021200601,419,1897,Metta World Peace,1610612747,Los Angeles Lakers,4,8,51,Missed Shot,Layup Shot,2PT Field Goal,Restricted Area,Center(C),Less Than 8 ft.,1.0,-11.0,15.0,1,0,20130120,TOR,LAL
Shot Chart Detail,0021200612,15,1897,Metta World Peace,1610612747,Los Angeles Lakers,1,9,41,Missed Shot,Jump Shot,3PT Field Goal,Above the Break 3,Right Side Center(RC),24+ ft.,25.0,193.0,172.0,1,0,20130121,CHI,LAL
Shot Chart Detail,0021200612,188,1897,Metta World Peace,1610612747,Los Angeles Lakers,2,4,46,Missed Shot,Jump Shot,2PT Field Goal,In The Paint (Non-RA),Center(C),Less Than 8 ft.,7.0,75.0,20.0,1,0,20130121,CHI,LAL
Shot Chart Detail,0021200612,190,1897,Metta World Peace,1610612747,Los Angeles Lakers,2,4,44,Made Shot,Putback Layup Shot,2PT Field Goal,Restricted Area,Center(C),Less Than 8 ft.,3.0,24.0,20.0,1,1,20130121,CHI,LAL
Shot Chart Detail,0021200612,207,1897,Metta World Peace,1610612747,Los Angeles Lakers,2,2,9,Missed Shot,Jump Shot,2PT Field Goal,Restricted Area,Center(C),Less Than 8 ft.,3.0,-34.0,-14.0,1,0,20130121,CHI,LAL
Shot Chart Detail,0021200612,211,1897,Metta World Peace,1610612747,Los Angeles Lakers,2,1,41,Missed Shot,Jump Shot,3PT Field Goal,Above the Break 3,Right Side Center(RC),24+ ft.,25.0,174.0,184.0,1,0,20130121,CHI,LAL
Shot Chart Detail,0021200612,257,1897,Metta World Peace,1610612747,Los Angeles Lakers,3,10,19,Missed Shot,Jump Shot,3PT Field Goal,Above the Break 3,Center(C),24+ ft.,26.0,80.0,250.0,1,0,20130121,CHI,LAL
Shot Chart Detail,0021200612,272,1897,Metta World Peace,1610612747,Los Angeles Lakers,3,9,5,Made Shot,Jump Shot,2PT Field Goal,Mid-Range,Left Side(L),8-16 ft.,15.0,-158.0,0.0,1,1,20130121,CHI,LAL
Shot Chart Detail,0021200612,275,1897,Metta World Peace,1610612747,Los Angeles Lakers,3,8,41,Made Shot,Layup Shot,2PT Field Goal,Restricted Area,Center(C),Less Than 8 ft.,1.0,-17.0,4.0,1,1,20130121,CHI,LAL
Shot Chart Detail,0021200612,291,1897,Metta World Peace,1610612747,Los Angeles Lakers,3,7,2,Missed Shot,Jump Shot,2PT Field Goal,Mid-Range,Left Side Center(LC),16-24 ft.,19.0,-120.0,148.0,1,0,20130121,CHI,LAL
Shot Chart Detail,0021200612,323,1897,Metta World Peace,1610612747,Los Angeles Lakers,3,4,7,Made Shot,Jump Shot,3PT Field Goal,Above the Break 3,Left Side Center(LC),24+ ft.,24.0,-196.0,142.0,1,1,20130121,CHI,LAL
Shot Chart Detail,0021200612,409,1897,Metta World Peace,1610612747,Los Angeles Lakers,4,7,48,Missed Shot,Jump Shot,2PT Field Goal,Mid-Range,Right Side Center(RC),16-24 ft.,19.0,99.0,173.0,1,0,20130121,CHI,LAL
Shot Chart Detail,0021200621,21,1897,Metta World Peace,1610612747,Los Angeles Lakers,1,9,25,Made Shot,Layup Shot,2PT Field Goal,Restricted Area,Center(C),Less Than 8 ft.,0.0,-4.0,6.0,1,1,20130123,MEM,LAL
Shot Chart Detail,0021200621,78,1897,Metta World Peace,1610612747,Los Angeles Lakers,1,4,30,Missed Shot,Jump Shot,3PT Field Goal,Above the Break 3,Right Side Center(RC),24+ ft.,25.0,162.0,197.0,1,0,20130123,MEM,LAL
Shot Chart Detail,0021200621,203,1897,Metta World Peace,1610612747,Los Angeles Lakers,2,4,4,Made Shot,Jump Shot,3PT Field Goal,Left Corner 3,Left Side(L),24+ ft.,22.0,-226.0,-17.0,1,1,20130123,MEM,LAL
Shot Chart Detail,0021200621,298,1897,Metta World Peace,1610612747,Los Angeles Lakers,3,6,28,Made Shot,Jump Shot,3PT Field Goal,Above the Break 3,Center(C),24+ ft.,25.0,-16.0,257.0,1,1,20130123,MEM,LAL
Shot Chart Detail,0021200621,322,1897,Metta World Peace,1610612747,Los Angeles Lakers,3,4,23,Made Shot,Jump Shot,3PT Field Goal,Above the Break 3,Right Side Center(RC),24+ ft.,24.0,215.0,118.0,1,1,20130123,MEM,LAL
Shot Chart Detail,0021200621,385,1897,Metta World Peace,1610612747,Los Angeles Lakers,4,11,40,Missed Shot,Jump Shot,3PT Field Goal,Above the Break 3,Left Side Center(LC),24+ ft.,24.0,-128.0,213.0,1,0,20130123,MEM,LAL
Shot Chart Detail,0021200621,387,1897,Metta World Peace,1610612747,Los Angeles Lakers,4,11,36,Missed Shot,Jump Shot,3PT Field Goal,Above the Break 3,Left Side Center(LC),24+ ft.,24.0,-155.0,195.0,1,0,20130123,MEM,LAL
Shot Chart Detail,0021200621,418,1897,Metta World Peace,1610612747,Los Angeles Lakers,4,8,29,Missed Shot,Jump Shot,3PT Field Goal,Above the Break 3,Left Side Center(LC),24+ ft.,25.0,-89.0,236.0,1,0,20130123,MEM,LAL
Shot Chart Detail,0021200621,475,1897,Metta World Peace,1610612747,Los Angeles Lakers,4,3,38,Missed Shot,Step Back Jump shot,3PT Field Goal,Left Corner 3,Left Side(L),24+ ft.,22.0,-224.0,-5.0,1,0,20130123,MEM,LAL
Shot Chart Detail,0021200641,3,1897,Metta World Peace,1610612747,Los Angeles Lakers,1,11,36,Made Shot,Jump Shot,3PT Field Goal,Above the Break 3,Left Side Center(LC),24+ ft.,25.0,-90.0,236.0,1,1,20130125,LAL,UTA
Shot Chart Detail,0021200641,17,1897,Metta World Peace,1610612747,Los Angeles Lakers,1,9,45,Missed Shot,Jump Shot,3PT Field Goal,Above the Break 3,Center(C),24+ ft.,24.0,1.0,247.0,1,0,20130125,LAL,UTA
Shot Chart Detail,0021200641,36,1897,Metta World Peace,1610612747,Los Angeles Lakers,1,7,58,Made Shot,Jump Shot,3PT Field Goal,Right Corner 3,Right Side(R),24+ ft.,22.0,226.0,28.0,1,1,20130125,LAL,UTA
Shot Chart Detail,0021200641,72,1897,Metta World Peace,1610612747,Los Angeles Lakers,1,3,38,Missed Shot,Jump Shot,3PT Field Goal,Left Corner 3,Left Side(L),24+ ft.,23.0,-239.0,11.0,1,0,20130125,LAL,UTA
Shot Chart Detail,0021200641,122,1897,Metta World Peace,1610612747,Los Angeles Lakers,2,11,9,Missed Shot,Jump Bank Shot,2PT Field Goal,In The Paint (Non-RA),Center(C),Less Than 8 ft.,6.0,31.0,60.0,1,0,20130125,LAL,UTA
Shot Chart Detail,0021200641,155,1897,Metta World Peace,1610612747,Los Angeles Lakers,2,6,50,Missed Shot,Jump Shot,3PT Field Goal,Above the Break 3,Left Side Center(LC),24+ ft.,24.0,-152.0,190.0,1,0,20130125,LAL,UTA
Shot Chart Detail,0021200641,163,1897,Metta World Peace,1610612747,Los Angeles Lakers,2,5,41,Missed Shot,Jump Shot,2PT Field Goal,Mid-Range,Left Side Center(LC),16-24 ft.,23.0,-160.0,167.0,1,0,20130125,LAL,UTA
Shot Chart Detail,0021200641,242,1897,Metta World Peace,1610612747,Los Angeles Lakers,3,9,50,Missed Shot,Jump Shot,3PT Field Goal,Above the Break 3,Left Side Center(LC),24+ ft.,25.0,-235.0,105.0,1,0,20130125,LAL,UTA
Shot Chart Detail,0021200641,254,1897,Metta World Peace,1610612747,Los Angeles Lakers,3,8,11,Missed Shot,Jump Shot,2PT Field Goal,Restricted Area,Center(C),Less Than 8 ft.,3.0,-30.0,15.0,1,0,20130125,LAL,UTA
Shot Chart Detail,0021200641,256,1897,Metta World Peace,1610612747,Los Angeles Lakers,3,8,7,Missed Shot,Reverse Layup Shot,2PT Field Goal,Restricted Area,Center(C),Less Than 8 ft.,1.0,11.0,12.0,1,0,20130125,LAL,UTA
Shot Chart Detail,0021200641,257,1897,Metta World Peace,1610612747,Los Angeles Lakers,3,8,6,Missed Shot,Tip Shot,2PT Field Goal,Restricted Area,Center(C),Less Than 8 ft.,0.0,1.0,1.0,1,0,20130125,LAL,UTA
Shot Chart Detail,0021200641,317,1897,Metta World Peace,1610612747,Los Angeles Lakers,3,1,38,Made Shot,Jump Shot,3PT Field Goal,Left Corner 3,Left Side(L),24+ ft.,23.0,-237.0,25.0,1,1,20130125,LAL,UTA
Shot Chart Detail,0021200641,319,1897,Metta World Peace,1610612747,Los Angeles Lakers,3,1,0,Made Shot,Jump Shot,3PT Field Goal,Above the Break 3,Left Side Center(LC),24+ ft.,25.0,-158.0,194.0,1,1,20130125,LAL,UTA
Shot Chart Detail,0021200641,372,1897,Metta World Peace,1610612747,Los Angeles Lakers,4,8,34,Made Shot,Jump Shot,3PT Field Goal,Above the Break 3,Left Side Center(LC),24+ ft.,24.0,-106.0,224.0,1,1,20130125,LAL,UTA
Shot Chart Detail,0021200641,412,1897,Metta World Peace,1610612747,Los Angeles Lakers,4,4,31,Missed Shot,Jump Shot,3PT Field Goal,Above the Break 3,Right Side Center(RC),24+ ft.,25.0,129.0,219.0,1,0,20130125,LAL,UTA
Shot Chart Detail,0021200641,419,1897,Metta World Peace,1610612747,Los Angeles Lakers,4,3,40,Missed Shot,Jump Shot,3PT Field Goal,Left Corner 3,Left Side(L),24+ ft.,23.0,-235.0,37.0,1,0,20130125,LAL,UTA
Shot Chart Detail,0021200653,2,1897,Metta World Peace,1610612747,Los Angeles Lakers,1,11,41,Made Shot,Jump Shot,3PT Field Goal,Above the Break 3,Left Side Center(LC),24+ ft.,25.0,-146.0,208.0,1,1,20130127,LAL,OKC
Shot Chart Detail,0021200653,21,1897,Metta World Peace,1610612747,Los Angeles Lakers,1,10,7,Missed Shot,Jump Shot,3PT Field Goal,Left Corner 3,Left Side(L),24+ ft.,25.0,-242.0,71.0,1,0,20130127,LAL,OKC
Shot Chart Detail,0021200653,42,1897,Metta World Peace,1610612747,Los Angeles Lakers,1,8,6,Missed Shot,Jump Shot,2PT Field Goal,In The Paint (Non-RA),Center(C),8-16 ft.,12.0,54.0,113.0,1,0,20130127,LAL,OKC
Shot Chart Detail,0021200653,101,1897,Metta World Peace,1610612747,Los Angeles Lakers,1,3,29,Made Shot,Reverse Layup Shot,2PT Field Goal,Restricted Area,Center(C),Less Than 8 ft.,3.0,-26.0,20.0,1,1,20130127,LAL,OKC
Shot Chart Detail,0021200653,146,1897,Metta World Peace,1610612747,Los Angeles Lakers,2,11,3,Missed Shot,Jump Shot,2PT Field Goal,Mid-Range,Left Side(L),8-16 ft.,14.0,-146.0,23.0,1,0,20130127,LAL,OKC
Shot Chart Detail,0021200653,224,1897,Metta World Peace,1610612747,Los Angeles Lakers,2,5,19,Made Shot,Jump Shot,3PT Field Goal,,,,,,,1,1,20130127,LAL,OKC
Shot Chart Detail,0021200653,226,1897,Metta World Peace,1610612747,Los Angeles Lakers,2,4,50,Missed Shot,Jump Shot,3PT Field Goal,Right Corner 3,Right Side(R),24+ ft.,23.0,231.0,34.0,1,0,20130127,LAL,OKC
Shot Chart Detail,0021200653,230,1897,Metta World Peace,1610612747,Los Angeles Lakers,2,4,26,Missed Shot,Jump Shot,2PT Field Goal,Restricted Area,Center(C),Less Than 8 ft.,3.0,36.0,12.0,1,0,20130127,LAL,OKC
Shot Chart Detail,0021200653,248,1897,Metta World Peace,1610612747,Los Angeles Lakers,2,2,41,Made Shot,Jump Shot,2PT Field Goal,Mid-Range,Left Side(L),16-24 ft.,16.0,-131.0,93.0,1,1,20130127,LAL,OKC
Shot Chart Detail,0021200653,293,1897,Metta World Peace,1610612747,Los Angeles Lakers,3,10,27,Missed Shot,Jump Shot,3PT Field Goal,Above the Break 3,Right Side Center(RC),24+ ft.,25.0,119.0,225.0,1,0,20130127,LAL,OKC
Shot Chart Detail,0021200653,323,1897,Metta World Peace,1610612747,Los Angeles Lakers,3,7,5,Missed Shot,Jump Shot,3PT Field Goal,Above the Break 3,Left Side Center(LC),24+ ft.,27.0,-90.0,255.0,1,0,20130127,LAL,OKC
Shot Chart Detail,0021200653,422,1897,Metta World Peace,1610612747,Los Angeles Lakers,4,9,42,Made Shot,Jump Shot,3PT Field Goal,Above the Break 3,Left Side Center(LC),24+ ft.,27.0,-205.0,189.0,1,1,20130127,LAL,OKC
Shot Chart Detail,0021200653,436,1897,Metta World Peace,1610612747,Los Angeles Lakers,4,7,52,Missed Shot,Jump Shot,3PT Field Goal,Above the Break 3,Center(C),24+ ft.,25.0,67.0,249.0,1,0,20130127,LAL,OKC
Shot Chart Detail,0021200653,450,1897,Metta World Peace,1610612747,Los Angeles Lakers,4,6,15,Made Shot,Step Back Jump shot,2PT Field Goal,Mid-Range,Left Side(L),8-16 ft.,8.0,-86.0,7.0,1,1,20130127,LAL,OKC
Shot Chart Detail,0021200669,11,1897,Metta World Peace,1610612747,Los Angeles Lakers,1,10,19,Missed Shot,Jump Shot,3PT Field Goal,Left Corner 3,Left Side(L),24+ ft.,24.0,-242.0,44.0,1,0,20130129,LAL,NOH
Shot Chart Detail,0021200669,49,1897,Metta World Peace,1610612747,Los Angeles Lakers,1,6,0,Missed Shot,Jump Shot,3PT Field Goal,Above the Break 3,Left Side Center(LC),24+ ft.,27.0,-106.0,254.0,1,0,20130129,LAL,NOH
Shot Chart Detail,0021200669,153,1897,Metta World Peace,1610612747,Los Angeles Lakers,2,7,28,Missed Shot,Fadeaway Jump Shot,2PT Field Goal,In The Paint (Non-RA),Left Side(L),8-16 ft.,10.0,-67.0,85.0,1,0,20130129,LAL,NOH
Shot Chart Detail,0021200669,198,1897,Metta World Peace,1610612747,Los Angeles Lakers,2,3,33,Made Shot,Jump Shot,3PT Field Goal,Left Corner 3,Left Side(L),24+ ft.,23.0,-237.0,9.0,1,1,20130129,LAL,NOH
Shot Chart Detail,0021200669,244,1897,Metta World Peace,1610612747,Los Angeles Lakers,2,0,6,Missed Shot,Turnaround Jump Shot,2PT Field Goal,In The Paint (Non-RA),Center(C),Less Than 8 ft.,4.0,17.0,44.0,1,0,20130129,LAL,NOH
Shot Chart Detail,0021200669,276,1897,Metta World Peace,1610612747,Los Angeles Lakers,3,9,29,Missed Shot,Jump Shot,3PT Field Goal,Right Corner 3,Right Side(R),24+ ft.,23.0,234.0,0.0,1,0,20130129,LAL,NOH
Shot Chart Detail,0021200669,293,1897,Metta World Peace,1610612747,Los Angeles Lakers,3,7,30,Missed Shot,Jump Shot,3PT Field Goal,Right Corner 3,Right Side(R),24+ ft.,22.0,228.0,17.0,1,0,20130129,LAL,NOH
Shot Chart Detail,0021200669,351,1897,Metta World Peace,1610612747,Los Angeles Lakers,3,4,10,Missed Shot,Jump Shot,3PT Field Goal,Above the Break 3,Left Side Center(LC),24+ ft.,27.0,-175.0,214.0,1,0,20130129,LAL,NOH
Shot Chart Detail,0021200681,23,1897,Metta World Peace,1610612747,Los Angeles Lakers,1,9,33,Missed Shot,Jump Shot,2PT Field Goal,Mid-Range,Right Side(R),16-24 ft.,20.0,196.0,69.0,1,0,20130130,PHX,LAL
Shot Chart Detail,0021200681,32,1897,Metta World Peace,1610612747,Los Angeles Lakers,1,8,25,Made Shot,Layup Shot,2PT Field Goal,Restricted Area,Center(C),Less Than 8 ft.,0.0,-7.0,3.0,1,1,20130130,PHX,LAL
Shot Chart Detail,0021200681,34,1897,Metta World Peace,1610612747,Los Angeles Lakers,1,7,41,Made Shot,Jump Shot,3PT Field Goal,Above the Break 3,Left Side Center(LC),24+ ft.,24.0,-228.0,93.0,1,1,20130130,PHX,LAL
Shot Chart Detail,0021200681,52,1897,Metta World Peace,1610612747,Los Angeles Lakers,1,6,8,Missed Shot,Jump Shot,3PT Field Goal,Left Corner 3,Left Side(L),24+ ft.,24.0,-232.0,66.0,1,0,20130130,PHX,LAL
Shot Chart Detail,0021200681,54,1897,Metta World Peace,1610612747,Los Angeles Lakers,1,6,3,Missed Shot,Jump Shot,3PT Field Goal,Left Corner 3,Left Side(L),24+ ft.,23.0,-232.0,12.0,1,0,20130130,PHX,LAL
Shot Chart Detail,0021200681,186,1897,Metta World Peace,1610612747,Los Angeles Lakers,2,5,8,Missed Shot,Jump Shot,2PT Field Goal,Mid-Range,Left Side(L),8-16 ft.,11.0,-112.0,-17.0,1,0,20130130,PHX,LAL
Shot Chart Detail,0021200681,224,1897,Metta World Peace,1610612747,Los Angeles Lakers,2,1,41,Made Shot,Reverse Layup Shot,2PT Field Goal,Restricted Area,Center(C),Less Than 8 ft.,1.0,-18.0,0.0,1,1,20130130,PHX,LAL
Shot Chart Detail,0021200681,238,1897,Metta World Peace,1610612747,Los Angeles Lakers,2,0,0,Missed Shot,Jump Shot,3PT Field Goal,Left Corner 3,Left Side(L),24+ ft.,24.0,-232.0,69.0,1,0,20130130,PHX,LAL
Shot Chart Detail,0021200681,244,1897,Metta World Peace,1610612747,Los Angeles Lakers,3,11,30,Made Shot,Jump Shot,3PT Field Goal,Above the Break 3,Right Side Center(RC),24+ ft.,25.0,214.0,137.0,1,1,20130130,PHX,LAL
Shot Chart Detail,0021200681,261,1897,Metta World Peace,1610612747,Los Angeles Lakers,3,10,4,Made Shot,Jump Shot,3PT Field Goal,Above the Break 3,Right Side Center(RC),24+ ft.,25.0,222.0,115.0,1,1,20130130,PHX,LAL
Shot Chart Detail,0021200681,277,1897,Metta World Peace,1610612747,Los Angeles Lakers,3,8,9,Missed Shot,Jump Shot,3PT Field Goal,Right Corner 3,Right Side(R),24+ ft.,23.0,230.0,-14.0,1,0,20130130,PHX,LAL
Shot Chart Detail,0021200681,321,1897,Metta World Peace,1610612747,Los Angeles Lakers,3,3,26,Made Shot,Layup Shot,2PT Field Goal,Restricted Area,Center(C),Less Than 8 ft.,1.0,17.0,-2.0,1,1,20130130,PHX,LAL
Shot Chart Detail,0021200681,382,1897,Metta World Peace,1610612747,Los Angeles Lakers,4,8,47,Missed Shot,Jump Shot,2PT Field Goal,Mid-Range,Center(C),16-24 ft.,21.0,18.0,211.0,1,0,20130130,PHX,LAL
Shot Chart Detail,0021200681,384,1897,Metta World Peace,1610612747,Los Angeles Lakers,4,8,40,Missed Shot,Jump Shot,2PT Field Goal,Mid-Range,Left Side(L),8-16 ft.,11.0,-114.0,17.0,1,0,20130130,PHX,LAL
Shot Chart Detail,0021200681,402,1897,Metta World Peace,1610612747,Los Angeles Lakers,4,7,27,Missed Shot,Jump Shot,3PT Field Goal,Left Corner 3,Left Side(L),24+ ft.,24.0,-239.0,36.0,1,0,20130130,PHX,LAL
Shot Chart Detail,0021200681,406,1897,Metta World Peace,1610612747,Los Angeles Lakers,4,6,58,Missed Shot,Jump Shot,3PT Field Goal,Left Corner 3,Left Side(L),24+ ft.,24.0,-239.0,36.0,1,0,20130130,PHX,LAL
Shot Chart Detail,0021200681,415,1897,Metta World Peace,1610612747,Los Angeles Lakers,4,6,38,Missed Shot,Jump Shot,3PT Field Goal,Right Corner 3,Right Side(R),24+ ft.,23.0,230.0,37.0,1,0,20130130,PHX,LAL
Shot Chart Detail,0021200695,44,1897,Metta World Peace,1610612747,Los Angeles Lakers,1,5,35,Made Shot,Jump Shot,2PT Field Goal,Mid-Range,Left Side Center(LC),16-24 ft.,21.0,-163.0,142.0,1,1,20130201,MIN,LAL
Shot Chart Detail,0021200695,58,1897,Metta World Peace,1610612747,Los Angeles Lakers,1,3,38,Missed Shot,Jump Shot,3PT Field Goal,Right Corner 3,Right Side(R),24+ ft.,22.0,223.0,56.0,1,0,20130201,MIN,LAL
Shot Chart Detail,0021200695,60,1897,Metta World Peace,1610612747,Los Angeles Lakers,1,3,33,Made Shot,Jump Shot,3PT Field Goal,Right Corner 3,Right Side(R),24+ ft.,23.0,230.0,44.0,1,1,20130201,MIN,LAL
Shot Chart Detail,0021200695,195,1897,Metta World Peace,1610612747,Los Angeles Lakers,2,2,22,Missed Shot,Jump Shot,2PT Field Goal,Mid-Range,Right Side Center(RC),16-24 ft.,21.0,91.0,192.0,1,0,20130201,MIN,LAL
Shot Chart Detail,0021200695,216,1897,Metta World Peace,1610612747,Los Angeles Lakers,2,0,0,Missed Shot,Jump Shot,3PT Field Goal,Above the Break 3,Left Side Center(LC),24+ ft.,34.0,-128.0,315.0,1,0,20130201,MIN,LAL
Shot Chart Detail,0021200695,265,1897,Metta World Peace,1610612747,Los Angeles Lakers,3,7,54,Missed Shot,Jump Shot,3PT Field Goal,Right Corner 3,Right Side(R),24+ ft.,22.0,225.0,15.0,1,0,20130201,MIN,LAL
Shot Chart Detail,0021200695,267,1897,Metta World Peace,1610612747,Los Angeles Lakers,3,7,49,Missed Shot,Jump Shot,2PT Field Goal,In The Paint (Non-RA),Center(C),8-16 ft.,8.0,18.0,83.0,1,0,20130201,MIN,LAL
Shot Chart Detail,0021200695,341,1897,Metta World Peace,1610612747,Los Angeles Lakers,3,2,0,Missed Shot,Jump Shot,3PT Field Goal,Right Corner 3,Right Side(R),24+ ft.,22.0,222.0,44.0,1,0,20130201,MIN,LAL
Shot Chart Detail,0021200695,394,1897,Metta World Peace,1610612747,Los Angeles Lakers,4,10,44,Missed Shot,Jump Shot,3PT Field Goal,Left Corner 3,Left Side(L),24+ ft.,23.0,-231.0,11.0,1,0,20130201,MIN,LAL
Shot Chart Detail,0021200695,398,1897,Metta World Peace,1610612747,Los Angeles Lakers,4,10,30,Missed Shot,Layup Shot,2PT Field Goal,Restricted Area,Center(C),Less Than 8 ft.,1.0,-2.0,-10.0,1,0,20130201,MIN,LAL
Shot Chart Detail,0021200695,405,1897,Metta World Peace,1610612747,Los Angeles Lakers,4,9,25,Missed Shot,Jump Shot,2PT Field Goal,Mid-Range,Left Side Center(LC),16-24 ft.,21.0,-153.0,156.0,1,0,20130201,MIN,LAL
Shot Chart Detail,0021200706,15,1897,Metta World Peace,1610612747,Los Angeles Lakers,1,10,0,Made Shot,Jump Shot,3PT Field Goal,Above the Break 3,Left Side Center(LC),24+ ft.,27.0,-182.0,200.0,1,1,20130203,DET,LAL
Shot Chart Detail,0021200706,113,1897,Metta World Peace,1610612747,Los Angeles Lakers,2,11,26,Missed Shot,Jump Shot,2PT Field Goal,Restricted Area,Center(C),Less Than 8 ft.,3.0,-26.0,23.0,1,0,20130203,DET,LAL
Shot Chart Detail,0021200706,179,1897,Metta World Peace,1610612747,Los Angeles Lakers,2,5,21,Made Shot,Layup Shot,2PT Field Goal,Restricted Area,Center(C),Less Than 8 ft.,0.0,1.0,1.0,1,1,20130203,DET,LAL
Shot Chart Detail,0021200706,196,1897,Metta World Peace,1610612747,Los Angeles Lakers,2,4,13,Missed Shot,Jump Shot,3PT Field Goal,Right Corner 3,Right Side(R),24+ ft.,22.0,228.0,11.0,1,0,20130203,DET,LAL
Shot Chart Detail,0021200706,234,1897,Metta World Peace,1610612747,Los Angeles Lakers,2,1,4,Missed Shot,Tip Shot,2PT Field Goal,Restricted Area,Center(C),Less Than 8 ft.,0.0,0.0,-9.0,1,0,20130203,DET,LAL
Shot Chart Detail,0021200706,278,1897,Metta World Peace,1610612747,Los Angeles Lakers,3,10,33,Missed Shot,Jump Shot,3PT Field Goal,Above the Break 3,Left Side Center(LC),24+ ft.,25.0,-207.0,153.0,1,0,20130203,DET,LAL
Shot Chart Detail,0021200706,376,1897,Metta World Peace,1610612747,Los Angeles Lakers,4,11,6,Made Shot,Fadeaway Jump Shot,2PT Field Goal,Mid-Range,Left Side(L),8-16 ft.,15.0,-133.0,78.0,1,1,20130203,DET,LAL
Shot Chart Detail,0021200706,411,1897,Metta World Peace,1610612747,Los Angeles Lakers,4,7,32,Missed Shot,Jump Shot,3PT Field Goal,Above the Break 3,Right Side Center(RC),24+ ft.,25.0,231.0,101.0,1,0,20130203,DET,LAL
Shot Chart Detail,0021200733,3,1897,Metta World Peace,1610612747,Los Angeles Lakers,1,11,19,Missed Shot,Jump Shot,3PT Field Goal,Above the Break 3,Left Side Center(LC),24+ ft.,24.0,-119.0,209.0,1,0,20130207,BOS,LAL
Shot Chart Detail,0021200733,16,1897,Metta World Peace,1610612747,Los Angeles Lakers,1,9,52,Missed Shot,Jump Shot,3PT Field Goal,Left Corner 3,Left Side(L),24+ ft.,23.0,-226.0,58.0,1,0,20130207,BOS,LAL
Shot Chart Detail,0021200733,52,1897,Metta World Peace,1610612747,Los Angeles Lakers,1,7,28,Made Shot,Layup Shot,2PT Field Goal,Restricted Area,Center(C),Less Than 8 ft.,0.0,0.0,6.0,1,1,20130207,BOS,LAL
Shot Chart Detail,0021200733,55,1897,Metta World Peace,1610612747,Los Angeles Lakers,1,7,10,Missed Shot,Jump Shot,2PT Field Goal,Mid-Range,Left Side(L),16-24 ft.,18.0,-183.0,0.0,1,0,20130207,BOS,LAL
Shot Chart Detail,0021200733,312,1897,Metta World Peace,1610612747,Los Angeles Lakers,3,11,2,Missed Shot,Jump Shot,3PT Field Goal,Above the Break 3,Right Side Center(RC),24+ ft.,24.0,107.0,218.0,1,0,20130207,BOS,LAL
Shot Chart Detail,0021200733,333,1897,Metta World Peace,1610612747,Los Angeles Lakers,3,8,26,Missed Shot,Running Bank shot,2PT Field Goal,In The Paint (Non-RA),Left Side(L),8-16 ft.,9.0,-75.0,52.0,1,0,20130207,BOS,LAL
Shot Chart Detail,0021200733,338,1897,Metta World Peace,1610612747,Los Angeles Lakers,3,7,54,Missed Shot,Layup Shot,2PT Field Goal,Restricted Area,Center(C),Less Than 8 ft.,1.0,-15.0,9.0,1,0,20130207,BOS,LAL
Shot Chart Detail,0021200733,341,1897,Metta World Peace,1610612747,Los Angeles Lakers,3,7,36,Missed Shot,Layup Shot,2PT Field Goal,Restricted Area,Center(C),Less Than 8 ft.,1.0,-13.0,9.0,1,0,20130207,BOS,LAL
Shot Chart Detail,0021200733,364,1897,Metta World Peace,1610612747,Los Angeles Lakers,3,5,6,Made Shot,Layup Shot,2PT Field Goal,Restricted Area,Center(C),Less Than 8 ft.,2.0,20.0,7.0,1,1,20130207,BOS,LAL
Shot Chart Detail,0021200733,402,1897,Metta World Peace,1610612747,Los Angeles Lakers,3,1,30,Missed Shot,Layup Shot,2PT Field Goal,Restricted Area,Center(C),Less Than 8 ft.,2.0,12.0,17.0,1,0,20130207,BOS,LAL
Shot Chart Detail,0021200733,415,1897,Metta World Peace,1610612747,Los Angeles Lakers,3,0,22,Missed Shot,Jump Shot,3PT Field Goal,Above the Break 3,Left Side Center(LC),24+ ft.,25.0,-164.0,194.0,1,0,20130207,BOS,LAL
Shot Chart Detail,0021200733,424,1897,Metta World Peace,1610612747,Los Angeles Lakers,4,11,26,Missed Shot,Jump Shot,3PT Field Goal,Above the Break 3,Right Side Center(RC),24+ ft.,24.0,192.0,159.0,1,0,20130207,BOS,LAL
Shot Chart Detail,0021200733,443,1897,Metta World Peace,1610612747,Los Angeles Lakers,4,9,3,Missed Shot,Driving Reverse Layup Shot,2PT Field Goal,Restricted Area,Center(C),Less Than 8 ft.,0.0,-2.0,-8.0,1,0,20130207,BOS,LAL
Shot Chart Detail,0021200736,12,1897,Metta World Peace,1610612747,Los Angeles Lakers,1,10,29,Missed Shot,Jump Shot,3PT Field Goal,Above the Break 3,Left Side Center(LC),24+ ft.,25.0,-79.0,242.0,1,0,20130208,CHA,LAL
Shot Chart Detail,0021200736,34,1897,Metta World Peace,1610612747,Los Angeles Lakers,1,8,22,Missed Shot,Layup Shot,2PT Field Goal,Restricted Area,Center(C),Less Than 8 ft.,1.0,-11.0,9.0,1,0,20130208,CHA,LAL
Shot Chart Detail,0021200736,114,1897,Metta World Peace,1610612747,Los Angeles Lakers,1,1,17,Made Shot,Layup Shot,2PT Field Goal,Restricted Area,Center(C),Less Than 8 ft.,1.0,-13.0,12.0,1,1,20130208,CHA,LAL
Shot Chart Detail,0021200736,136,1897,Metta World Peace,1610612747,Los Angeles Lakers,2,10,43,Made Shot,Layup Shot,2PT Field Goal,Restricted Area,Center(C),Less Than 8 ft.,1.0,-16.0,7.0,1,1,20130208,CHA,LAL
Shot Chart Detail,0021200736,177,1897,Metta World Peace,1610612747,Los Angeles Lakers,2,6,47,Missed Shot,Tip Shot,2PT Field Goal,Restricted Area,Center(C),Less Than 8 ft.,0.0,-5.0,6.0,1,0,20130208,CHA,LAL
Shot Chart Detail,0021200736,258,1897,Metta World Peace,1610612747,Los Angeles Lakers,2,0,11,Missed Shot,Jump Shot,3PT Field Goal,Above the Break 3,Right Side Center(RC),24+ ft.,25.0,214.0,146.0,1,0,20130208,CHA,LAL
Shot Chart Detail,0021200736,274,1897,Metta World Peace,1610612747,Los Angeles Lakers,3,11,26,Made Shot,Layup Shot,2PT Field Goal,Restricted Area,Center(C),Less Than 8 ft.,0.0,0.0,4.0,1,1,20130208,CHA,LAL
Shot Chart Detail,0021200736,289,1897,Metta World Peace,1610612747,Los Angeles Lakers,3,9,36,Missed Shot,Layup Shot,2PT Field Goal,Restricted Area,Center(C),Less Than 8 ft.,1.0,13.0,4.0,1,0,20130208,CHA,LAL
Shot Chart Detail,0021200736,293,1897,Metta World Peace,1610612747,Los Angeles Lakers,3,9,13,Missed Shot,Jump Shot,3PT Field Goal,Above the Break 3,Left Side Center(LC),24+ ft.,24.0,-123.0,217.0,1,0,20130208,CHA,LAL
Shot Chart Detail,0021200736,313,1897,Metta World Peace,1610612747,Los Angeles Lakers,3,6,42,Missed Shot,Jump Shot,3PT Field Goal,Left Corner 3,Left Side(L),24+ ft.,23.0,-235.0,28.0,1,0,20130208,CHA,LAL
Shot Chart Detail,0021200736,407,1897,Metta World Peace,1610612747,Los Angeles Lakers,4,10,39,Made Shot,Jump Shot,2PT Field Goal,In The Paint (Non-RA),Center(C),8-16 ft.,8.0,6.0,80.0,1,1,20130208,CHA,LAL
Shot Chart Detail,0021200736,413,1897,Metta World Peace,1610612747,Los Angeles Lakers,4,9,48,Made Shot,Layup Shot,2PT Field Goal,Restricted Area,Center(C),Less Than 8 ft.,1.0,10.0,1.0,1,1,20130208,CHA,LAL
Shot Chart Detail,0021200736,417,1897,Metta World Peace,1610612747,Los Angeles Lakers,4,9,4,Missed Shot,Layup Shot,2PT Field Goal,Restricted Area,Center(C),Less Than 8 ft.,1.0,7.0,9.0,1,0,20130208,CHA,LAL
Shot Chart Detail,0021200736,418,1897,Metta World Peace,1610612747,Los Angeles Lakers,4,9,2,Missed Shot,Tip Shot,2PT Field Goal,Restricted Area,Center(C),Less Than 8 ft.,0.0,-2.0,9.0,1,0,20130208,CHA,LAL
Shot Chart Detail,0021200753,3,1897,Metta World Peace,1610612747,Los Angeles Lakers,1,11,18,Missed Shot,Fadeaway Jump Shot,2PT Field Goal,Mid-Range,Center(C),8-16 ft.,14.0,13.0,146.0,1,0,20130210,MIA,LAL
Shot Chart Detail,0021200753,6,1897,Metta World Peace,1610612747,Los Angeles Lakers,1,11,0,Made Shot,Driving Layup Shot,2PT Field Goal,Restricted Area,Center(C),Less Than 8 ft.,0.0,1.0,4.0,1,1,20130210,MIA,LAL
Shot Chart Detail,0021200753,18,1897,Metta World Peace,1610612747,Los Angeles Lakers,1,9,22,Missed Shot,Driving Finger Roll Layup Shot,2PT Field Goal,Restricted Area,Center(C),Less Than 8 ft.,0.0,0.0,7.0,1,0,20130210,MIA,LAL
Shot Chart Detail,0021200753,58,1897,Metta World Peace,1610612747,Los Angeles Lakers,1,4,41,Missed Shot,Jump Shot,2PT Field Goal,Mid-Range,Left Side(L),16-24 ft.,18.0,-189.0,-11.0,1,0,20130210,MIA,LAL
Shot Chart Detail,0021200753,81,1897,Metta World Peace,1610612747,Los Angeles Lakers,1,2,24,Missed Shot,Driving Layup Shot,2PT Field Goal,Restricted Area,Center(C),Less Than 8 ft.,1.0,-15.0,12.0,1,0,20130210,MIA,LAL
Shot Chart Detail,0021200753,175,1897,Metta World Peace,1610612747,Los Angeles Lakers,2,5,22,Missed Shot,Fadeaway Jump Shot,2PT Field Goal,Mid-Range,Right Side Center(RC),16-24 ft.,16.0,95.0,138.0,1,0,20130210,MIA,LAL
Shot Chart Detail,0021200753,228,1897,Metta World Peace,1610612747,Los Angeles Lakers,2,0,23,Made Shot,Jump Shot,3PT Field Goal,Above the Break 3,Center(C),24+ ft.,25.0,6.0,258.0,1,1,20130210,MIA,LAL
Shot Chart Detail,0021200753,230,1897,Metta World Peace,1610612747,Los Angeles Lakers,2,0,1,Missed Shot,Jump Shot,2PT Field Goal,Mid-Range,Left Side(L),8-16 ft.,13.0,-138.0,3.0,1,0,20130210,MIA,LAL
Shot Chart Detail,0021200753,295,1897,Metta World Peace,1610612747,Los Angeles Lakers,3,5,10,Missed Shot,Turnaround Jump Shot,2PT Field Goal,In The Paint (Non-RA),Center(C),Less Than 8 ft.,7.0,-57.0,45.0,1,0,20130210,MIA,LAL
Shot Chart Detail,0021200753,456,1897,Metta World Peace,1610612747,Los Angeles Lakers,4,1,53,Missed Shot,Jump Shot,2PT Field Goal,Mid-Range,Left Side Center(LC),16-24 ft.,21.0,-150.0,153.0,1,0,20130210,MIA,LAL
Shot Chart Detail,0021200753,465,1897,Metta World Peace,1610612747,Los Angeles Lakers,4,0,44,Made Shot,Jump Shot,3PT Field Goal,Above the Break 3,Left Side Center(LC),24+ ft.,24.0,-174.0,178.0,1,1,20130210,MIA,LAL
Shot Chart Detail,0021200773,26,1897,Metta World Peace,1610612747,Los Angeles Lakers,1,8,8,Missed Shot,Jump Shot,2PT Field Goal,Mid-Range,Left Side(L),16-24 ft.,20.0,-199.0,20.0,1,0,20130212,LAL,PHX
Shot Chart Detail,0021200773,48,1897,Metta World Peace,1610612747,Los Angeles Lakers,1,5,39,Made Shot,Jump Shot,3PT Field Goal,Left Corner 3,Left Side(L),24+ ft.,23.0,-237.0,-21.0,1,1,20130212,LAL,PHX
Shot Chart Detail,0021200773,52,1897,Metta World Peace,1610612747,Los Angeles Lakers,1,5,16,Made Shot,Driving Layup Shot,2PT Field Goal,Restricted Area,Center(C),Less Than 8 ft.,1.0,1.0,17.0,1,1,20130212,LAL,PHX
Shot Chart Detail,0021200773,58,1897,Metta World Peace,1610612747,Los Angeles Lakers,1,4,40,Made Shot,Jump Shot,2PT Field Goal,Mid-Range,Left Side(L),8-16 ft.,15.0,-90.0,131.0,1,1,20130212,LAL,PHX
Shot Chart Detail,0021200773,61,1897,Metta World Peace,1610612747,Los Angeles Lakers,1,4,17,Missed Shot,Layup Shot,2PT Field Goal,Restricted Area,Center(C),Less Than 8 ft.,1.0,7.0,11.0,1,0,20130212,LAL,PHX
Shot Chart Detail,0021200773,68,1897,Metta World Peace,1610612747,Los Angeles Lakers,1,3,58,Made Shot,Jump Shot,2PT Field Goal,Mid-Range,Left Side(L),8-16 ft.,13.0,-130.0,-5.0,1,1,20130212,LAL,PHX
Shot Chart Detail,0021200773,122,1897,Metta World Peace,1610612747,Los Angeles Lakers,2,10,23,Missed Shot,Jump Shot,2PT Field Goal,Mid-Range,Left Side Center(LC),16-24 ft.,21.0,-149.0,148.0,1,0,20130212,LAL,PHX
Shot Chart Detail,0021200773,230,1897,Metta World Peace,1610612747,Los Angeles Lakers,2,0,54,Missed Shot,Jump Shot,2PT Field Goal,In The Paint (Non-RA),Center(C),Less Than 8 ft.,5.0,6.0,58.0,1,0,20130212,LAL,PHX
Shot Chart Detail,0021200773,277,1897,Metta World Peace,1610612747,Los Angeles Lakers,3,9,21,Missed Shot,Jump Shot,2PT Field Goal,In The Paint (Non-RA),Center(C),Less Than 8 ft.,6.0,-68.0,3.0,1,0,20130212,LAL,PHX
Shot Chart Detail,0021200773,280,1897,Metta World Peace,1610612747,Los Angeles Lakers,3,8,58,Made Shot,Jump Shot,3PT Field Goal,Above the Break 3,Left Side Center(LC),24+ ft.,26.0,-213.0,160.0,1,1,20130212,LAL,PHX
Shot Chart Detail,0021200773,312,1897,Metta World Peace,1610612747,Los Angeles Lakers,3,5,42,Missed Shot,Jump Shot,2PT Field Goal,Mid-Range,Right Side(R),16-24 ft.,16.0,159.0,52.0,1,0,20130212,LAL,PHX
Shot Chart Detail,0021200773,385,1897,Metta World Peace,1610612747,Los Angeles Lakers,3,0,46,Missed Shot,Jump Shot,3PT Field Goal,Above the Break 3,Left Side Center(LC),24+ ft.,26.0,-139.0,224.0,1,0,20130212,LAL,PHX
Shot Chart Detail,0021200773,410,1897,Metta World Peace,1610612747,Los Angeles Lakers,4,10,9,Missed Shot,Jump Shot,2PT Field Goal,In The Paint (Non-RA),Center(C),Less Than 8 ft.,4.0,-4.0,41.0,1,0,20130212,LAL,PHX
Shot Chart Detail,0021200773,412,1897,Metta World Peace,1610612747,Los Angeles Lakers,4,10,6,Missed Shot,Jump Shot,2PT Field Goal,In The Paint (Non-RA),Center(C),Less Than 8 ft.,6.0,0.0,69.0,1,0,20130212,LAL,PHX
Shot Chart Detail,0021200773,414,1897,Metta World Peace,1610612747,Los Angeles Lakers,4,10,3,Made Shot,Layup Shot,2PT Field Goal,Restricted Area,Center(C),Less Than 8 ft.,2.0,7.0,23.0,1,1,20130212,LAL,PHX
Shot Chart Detail,0021200773,495,1897,Metta World Peace,1610612747,Los Angeles Lakers,4,2,17,Missed Shot,Layup Shot,2PT Field Goal,Restricted Area,Center(C),Less Than 8 ft.,1.0,-3.0,17.0,1,0,20130212,LAL,PHX
Shot Chart Detail,0021200788,21,1897,Metta World Peace,1610612747,Los Angeles Lakers,1,10,1,Missed Shot,Jump Shot,3PT Field Goal,Left Corner 3,Left Side(L),24+ ft.,23.0,-239.0,11.0,1,0,20130214,LAL,LAC
Shot Chart Detail,0021200788,23,1897,Metta World Peace,1610612747,Los Angeles Lakers,1,9,56,Missed Shot,Jump Shot,3PT Field Goal,Left Corner 3,Left Side(L),24+ ft.,23.0,-235.0,-21.0,1,0,20130214,LAL,LAC
Shot Chart Detail,0021200788,151,1897,Metta World Peace,1610612747,Los Angeles Lakers,2,8,13,Made Shot,Driving Dunk Shot,2PT Field Goal,Restricted Area,Center(C),Less Than 8 ft.,0.0,0.0,-2.0,1,1,20130214,LAL,LAC
Shot Chart Detail,0021200788,159,1897,Metta World Peace,1610612747,Los Angeles Lakers,2,6,58,Missed Shot,Jump Shot,3PT Field Goal,Above the Break 3,Left Side Center(LC),24+ ft.,26.0,-147.0,222.0,1,0,20130214,LAL,LAC
Shot Chart Detail,0021200788,165,1897,Metta World Peace,1610612747,Los Angeles Lakers,2,6,49,Made Shot,Jump Shot,2PT Field Goal,In The Paint (Non-RA),Left Side(L),8-16 ft.,9.0,-73.0,53.0,1,1,20130214,LAL,LAC
Shot Chart Detail,0021200788,174,1897,Metta World Peace,1610612747,Los Angeles Lakers,2,6,7,Missed Shot,Layup Shot,2PT Field Goal,Restricted Area,Center(C),Less Than 8 ft.,1.0,-13.0,0.0,1,0,20130214,LAL,LAC
Shot Chart Detail,0021200788,326,1897,Metta World Peace,1610612747,Los Angeles Lakers,3,6,2,Made Shot,Jump Shot,3PT Field Goal,Left Corner 3,Left Side(L),24+ ft.,23.0,-235.0,-14.0,1,1,20130214,LAL,LAC
Shot Chart Detail,0021200788,328,1897,Metta World Peace,1610612747,Los Angeles Lakers,3,5,43,Made Shot,Jump Shot,3PT Field Goal,Above the Break 3,Center(C),24+ ft.,26.0,-15.0,268.0,1,1,20130214,LAL,LAC
Shot Chart Detail,0021200788,426,1897,Metta World Peace,1610612747,Los Angeles Lakers,4,8,47,Missed Shot,Jump Shot,3PT Field Goal,Right Corner 3,Right Side(R),24+ ft.,23.0,231.0,-5.0,1,0,20130214,LAL,LAC
Shot Chart Detail,0021200807,23,1897,Metta World Peace,1610612747,Los Angeles Lakers,1,9,38,Made Shot,Jump Shot,3PT Field Goal,Above the Break 3,Right Side Center(RC),24+ ft.,24.0,129.0,206.0,1,1,20130220,LAL,BOS
Shot Chart Detail,0021200807,27,1897,Metta World Peace,1610612747,Los Angeles Lakers,1,9,0,Missed Shot,Jump Shot,3PT Field Goal,Above the Break 3,Left Side Center(LC),24+ ft.,26.0,-234.0,126.0,1,0,20130220,LAL,BOS
Shot Chart Detail,0021200807,32,1897,Metta World Peace,1610612747,Los Angeles Lakers,1,8,29,Missed Shot,Jump Shot,2PT Field Goal,Mid-Range,Left Side(L),8-16 ft.,11.0,-114.0,15.0,1,0,20130220,LAL,BOS
Shot Chart Detail,0021200807,72,1897,Metta World Peace,1610612747,Los Angeles Lakers,1,4,45,Made Shot,Driving Dunk Shot,2PT Field Goal,Restricted Area,Center(C),Less Than 8 ft.,2.0,4.0,20.0,1,1,20130220,LAL,BOS
Shot Chart Detail,0021200807,145,1897,Metta World Peace,1610612747,Los Angeles Lakers,2,10,45,Made Shot,Jump Shot,2PT Field Goal,Mid-Range,Left Side Center(LC),16-24 ft.,21.0,-134.0,162.0,1,1,20130220,LAL,BOS
Shot Chart Detail,0021200807,147,1897,Metta World Peace,1610612747,Los Angeles Lakers,2,10,5,Missed Shot,Jump Shot,2PT Field Goal,Mid-Range,Center(C),16-24 ft.,21.0,-46.0,206.0,1,0,20130220,LAL,BOS
Shot Chart Detail,0021200807,187,1897,Metta World Peace,1610612747,Los Angeles Lakers,2,7,27,Missed Shot,Jump Shot,2PT Field Goal,Right Corner 3,Right Side(R),24+ ft.,22.0,220.0,9.0,1,0,20130220,LAL,BOS
Shot Chart Detail,0021200807,240,1897,Metta World Peace,1610612747,Los Angeles Lakers,2,1,52,Made Shot,Jump Shot,3PT Field Goal,,,,,,,1,1,20130220,LAL,BOS
Shot Chart Detail,0021200807,246,1897,Metta World Peace,1610612747,Los Angeles Lakers,2,1,5,Missed Shot,Jump Shot,3PT Field Goal,Right Corner 3,Right Side(R),24+ ft.,23.0,228.0,58.0,1,0,20130220,LAL,BOS
Shot Chart Detail,0021200807,267,1897,Metta World Peace,1610612747,Los Angeles Lakers,2,0,3,Missed Shot,Jump Shot,3PT Field Goal,Right Corner 3,Right Side(R),24+ ft.,23.0,234.0,-11.0,1,0,20130220,LAL,BOS
Shot Chart Detail,0021200807,281,1897,Metta World Peace,1610612747,Los Angeles Lakers,3,10,49,Made Shot,Layup Shot,2PT Field Goal,Restricted Area,Center(C),Less Than 8 ft.,2.0,1.0,22.0,1,1,20130220,LAL,BOS
Shot Chart Detail,0021200807,320,1897,Metta World Peace,1610612747,Los Angeles Lakers,3,5,53,Missed Shot,Jump Shot,2PT Field Goal,In The Paint (Non-RA),Center(C),8-16 ft.,9.0,-15.0,89.0,1,0,20130220,LAL,BOS
Shot Chart Detail,0021200807,434,1897,Metta World Peace,1610612747,Los Angeles Lakers,4,8,32,Missed Shot,Jump Shot,3PT Field Goal,,,,,,,1,0,20130220,LAL,BOS
Shot Chart Detail,0021200807,513,1897,Metta World Peace,1610612747,Los Angeles Lakers,4,2,25,Missed Shot,Jump Shot,3PT Field Goal,Left Corner 3,Left Side(L),24+ ft.,24.0,-248.0,-6.0,1,0,20130220,LAL,BOS
Shot Chart Detail,0021200821,157,1897,Metta World Peace,1610612747,Los Angeles Lakers,2,10,2,Missed Shot,Jump Shot,3PT Field Goal,Above the Break 3,Left Side Center(LC),24+ ft.,24.0,-116.0,214.0,1,0,20130222,LAL,POR
Shot Chart Detail,0021200821,173,1897,Metta World Peace,1610612747,Los Angeles Lakers,2,8,46,Made Shot,Jump Shot,3PT Field Goal,Above the Break 3,Left Side Center(LC),24+ ft.,25.0,-142.0,208.0,1,1,20130222,LAL,POR
Shot Chart Detail,0021200821,181,1897,Metta World Peace,1610612747,Los Angeles Lakers,2,8,11,Missed Shot,Jump Shot,2PT Field Goal,Mid-Range,Right Side(R),16-24 ft.,20.0,204.0,9.0,1,0,20130222,LAL,POR
Shot Chart Detail,0021200821,185,1897,Metta World Peace,1610612747,Los Angeles Lakers,2,7,53,Missed Shot,Layup Shot,2PT Field Goal,Restricted Area,Center(C),Less Than 8 ft.,1.0,2.0,14.0,1,0,20130222,LAL,POR
Shot Chart Detail,0021200821,258,1897,Metta World Peace,1610612747,Los Angeles Lakers,2,1,57,Missed Shot,Jump Shot,2PT Field Goal,Mid-Range,Right Side(R),16-24 ft.,18.0,187.0,-6.0,1,0,20130222,LAL,POR
Shot Chart Detail,0021200821,453,1897,Metta World Peace,1610612747,Los Angeles Lakers,4,9,32,Made Shot,Jump Shot,3PT Field Goal,Above the Break 3,Right Side Center(RC),24+ ft.,24.0,121.0,216.0,1,1,20130222,LAL,POR
Shot Chart Detail,0021200821,455,1897,Metta World Peace,1610612747,Los Angeles Lakers,4,8,44,Missed Shot,Jump Shot,3PT Field Goal,Above the Break 3,Left Side Center(LC),24+ ft.,25.0,-117.0,222.0,1,0,20130222,LAL,POR
Shot Chart Detail,0021200821,471,1897,Metta World Peace,1610612747,Los Angeles Lakers,4,7,16,Made Shot,Driving Finger Roll Layup Shot,2PT Field Goal,Restricted Area,Center(C),Less Than 8 ft.,2.0,19.0,14.0,1,1,20130222,LAL,POR
Shot Chart Detail,0021200821,502,1897,Metta World Peace,1610612747,Los Angeles Lakers,4,4,49,Made Shot,Driving Layup Shot,2PT Field Goal,Restricted Area,Center(C),Less Than 8 ft.,1.0,1.0,19.0,1,1,20130222,LAL,POR
Shot Chart Detail,0021200830,17,1897,Metta World Peace,1610612747,Los Angeles Lakers,1,9,46,Missed Shot,Jump Shot,2PT Field Goal,Mid-Range,Center(C),16-24 ft.,22.0,29.0,224.0,1,0,20130224,DAL,LAL
Shot Chart Detail,0021200830,45,1897,Metta World Peace,1610612747,Los Angeles Lakers,1,7,58,Missed Shot,Jump Shot,2PT Field Goal,Mid-Range,Left Side Center(LC),16-24 ft.,19.0,-108.0,165.0,1,0,20130224,DAL,LAL
Shot Chart Detail,0021200830,236,1897,Metta World Peace,1610612747,Los Angeles Lakers,2,3,48,Missed Shot,Driving Jump shot,2PT Field Goal,Restricted Area,Center(C),Less Than 8 ft.,3.0,24.0,22.0,1,0,20130224,DAL,LAL
Shot Chart Detail,0021200830,318,1897,Metta World Peace,1610612747,Los Angeles Lakers,3,6,52,Missed Shot,Jump Shot,2PT Field Goal,Mid-Range,Right Side Center(RC),16-24 ft.,20.0,100.0,183.0,1,0,20130224,DAL,LAL
Shot Chart Detail,0021200830,434,1897,Metta World Peace,1610612747,Los Angeles Lakers,4,6,15,Missed Shot,Jump Shot,2PT Field Goal,Mid-Range,Center(C),8-16 ft.,14.0,12.0,142.0,1,0,20130224,DAL,LAL
Shot Chart Detail,0021200830,498,1897,Metta World Peace,1610612747,Los Angeles Lakers,4,1,12,Missed Shot,Jump Shot,3PT Field Goal,Above the Break 3,Right Side Center(RC),24+ ft.,24.0,92.0,231.0,1,0,20130224,DAL,LAL
Shot Chart Detail,0021200841,2,1897,Metta World Peace,1610612747,Los Angeles Lakers,1,11,38,Made Shot,Layup Shot,2PT Field Goal,Restricted Area,Center(C),Less Than 8 ft.,2.0,23.0,-6.0,1,1,20130225,DEN,LAL
Shot Chart Detail,0021200841,23,1897,Metta World Peace,1610612747,Los Angeles Lakers,1,9,20,Missed Shot,Jump Hook Shot,2PT Field Goal,In The Paint (Non-RA),Center(C),Less Than 8 ft.,5.0,23.0,53.0,1,0,20130225,DEN,LAL
Shot Chart Detail,0021200841,34,1897,Metta World Peace,1610612747,Los Angeles Lakers,1,8,0,Missed Shot,Jump Shot,3PT Field Goal,Above the Break 3,Left Side Center(LC),24+ ft.,24.0,-194.0,156.0,1,0,20130225,DEN,LAL
Shot Chart Detail,0021200841,196,1897,Metta World Peace,1610612747,Los Angeles Lakers,2,6,53,Missed Shot,Jump Shot,3PT Field Goal,Above the Break 3,Left Side Center(LC),24+ ft.,23.0,-168.0,168.0,1,0,20130225,DEN,LAL
Shot Chart Detail,0021200841,303,1897,Metta World Peace,1610612747,Los Angeles Lakers,3,11,22,Made Shot,Driving Layup Shot,2PT Field Goal,Restricted Area,Center(C),Less Than 8 ft.,1.0,-13.0,1.0,1,1,20130225,DEN,LAL
Shot Chart Detail,0021200841,306,1897,Metta World Peace,1610612747,Los Angeles Lakers,3,10,59,Made Shot,Jump Shot,3PT Field Goal,Right Corner 3,Right Side(R),24+ ft.,23.0,231.0,-6.0,1,1,20130225,DEN,LAL
Shot Chart Detail,0021200841,310,1897,Metta World Peace,1610612747,Los Angeles Lakers,3,10,34,Missed Shot,Fadeaway Jump Shot,2PT Field Goal,Mid-Range,Right Side(R),8-16 ft.,9.0,95.0,28.0,1,0,20130225,DEN,LAL
Shot Chart Detail,0021200841,413,1897,Metta World Peace,1610612747,Los Angeles Lakers,3,1,21,Made Shot,Layup Shot,2PT Field Goal,Restricted Area,Center(C),Less Than 8 ft.,2.0,21.0,-3.0,1,1,20130225,DEN,LAL
Shot Chart Detail,0021200841,451,1897,Metta World Peace,1610612747,Los Angeles Lakers,4,10,21,Missed Shot,Jump Shot,3PT Field Goal,Right Corner 3,Right Side(R),24+ ft.,23.0,239.0,-3.0,1,0,20130225,DEN,LAL
Shot Chart Detail,0021200841,521,1897,Metta World Peace,1610612747,Los Angeles Lakers,4,3,33,Made Shot,Jump Shot,2PT Field Goal,Mid-Range,Left Side(L),8-16 ft.,14.0,-117.0,83.0,1,1,20130225,DEN,LAL
Shot Chart Detail,0021200841,547,1897,Metta World Peace,1610612747,Los Angeles Lakers,4,0,30,Made Shot,Jump Shot,3PT Field Goal,Above the Break 3,Left Side Center(LC),24+ ft.,25.0,-199.0,164.0,1,1,20130225,DEN,LAL
Shot Chart Detail,0021200863,2,1897,Metta World Peace,1610612747,Los Angeles Lakers,1,11,38,Made Shot,Jump Shot,3PT Field Goal,Above the Break 3,Right Side Center(RC),24+ ft.,24.0,157.0,186.0,1,1,20130228,LAL,MIN
Shot Chart Detail,0021200863,32,1897,Metta World Peace,1610612747,Los Angeles Lakers,1,7,40,Missed Shot,Layup Shot,2PT Field Goal,Restricted Area,Center(C),Less Than 8 ft.,2.0,-4.0,20.0,1,0,20130228,LAL,MIN
Shot Chart Detail,0021200863,136,1897,Metta World Peace,1610612747,Los Angeles Lakers,2,9,49,Made Shot,Jump Shot,3PT Field Goal,Above the Break 3,Right Side Center(RC),24+ ft.,24.0,133.0,206.0,1,1,20130228,LAL,MIN
Shot Chart Detail,0021200863,169,1897,Metta World Peace,1610612747,Los Angeles Lakers,2,5,53,Missed Shot,Jump Shot,3PT Field Goal,Above the Break 3,Right Side Center(RC),24+ ft.,24.0,129.0,214.0,1,0,20130228,LAL,MIN
Shot Chart Detail,0021200863,183,1897,Metta World Peace,1610612747,Los Angeles Lakers,2,4,53,Missed Shot,Jump Shot,2PT Field Goal,Restricted Area,Center(C),Less Than 8 ft.,3.0,-27.0,15.0,1,0,20130228,LAL,MIN
Shot Chart Detail,0021200863,250,1897,Metta World Peace,1610612747,Los Angeles Lakers,3,11,9,Missed Shot,Jump Shot,3PT Field Goal,Left Corner 3,Left Side(L),24+ ft.,23.0,-235.0,-11.0,1,0,20130228,LAL,MIN
Shot Chart Detail,0021200863,424,1897,Metta World Peace,1610612747,Los Angeles Lakers,4,7,58,Missed Shot,Driving Layup Shot,2PT Field Goal,Restricted Area,Center(C),Less Than 8 ft.,0.0,1.0,0.0,1,0,20130228,LAL,MIN
Shot Chart Detail,0021200888,21,1897,Metta World Peace,1610612747,Los Angeles Lakers,1,9,49,Made Shot,Jump Shot,2PT Field Goal,Mid-Range,Left Side(L),16-24 ft.,16.0,-136.0,94.0,1,1,20130303,LAL,ATL
Shot Chart Detail,0021200888,123,1897,Metta World Peace,1610612747,Los Angeles Lakers,2,10,53,Missed Shot,Jump Shot,3PT Field Goal,Above the Break 3,Left Side Center(LC),24+ ft.,25.0,-105.0,227.0,1,0,20130303,LAL,ATL
Shot Chart Detail,0021200888,131,1897,Metta World Peace,1610612747,Los Angeles Lakers,2,9,56,Missed Shot,Floating Jump shot,2PT Field Goal,In The Paint (Non-RA),Center(C),Less Than 8 ft.,5.0,36.0,39.0,1,0,20130303,LAL,ATL
Shot Chart Detail,0021200888,258,1897,Metta World Peace,1610612747,Los Angeles Lakers,3,11,40,Made Shot,Driving Layup Shot,2PT Field Goal,Restricted Area,Center(C),Less Than 8 ft.,1.0,12.0,7.0,1,1,20130303,LAL,ATL
Shot Chart Detail,0021200888,267,1897,Metta World Peace,1610612747,Los Angeles Lakers,3,10,24,Made Shot,Driving Layup Shot,2PT Field Goal,Restricted Area,Center(C),Less Than 8 ft.,1.0,-8.0,17.0,1,1,20130303,LAL,ATL
Shot Chart Detail,0021200888,405,1897,Metta World Peace,1610612747,Los Angeles Lakers,4,9,40,Missed Shot,Jump Shot,3PT Field Goal,Left Corner 3,Left Side(L),24+ ft.,23.0,-234.0,30.0,1,0,20130303,LAL,ATL
Shot Chart Detail,0021200888,426,1897,Metta World Peace,1610612747,Los Angeles Lakers,4,7,51,Made Shot,Jump Shot,3PT Field Goal,Above the Break 3,Left Side Center(LC),24+ ft.,24.0,-106.0,224.0,1,1,20130303,LAL,ATL
Shot Chart Detail,0021200888,468,1897,Metta World Peace,1610612747,Los Angeles Lakers,4,3,26,Made Shot,Jump Shot,3PT Field Goal,Above the Break 3,Right Side Center(RC),24+ ft.,24.0,162.0,186.0,1,1,20130303,LAL,ATL
Shot Chart Detail,0021200897,57,1897,Metta World Peace,1610612747,Los Angeles Lakers,1,7,22,Missed Shot,Layup Shot,2PT Field Goal,Restricted Area,Center(C),Less Than 8 ft.,1.0,-16.0,-2.0,1,0,20130305,OKC,LAL
Shot Chart Detail,0021200897,120,1897,Metta World Peace,1610612747,Los Angeles Lakers,1,3,15,Missed Shot,Driving Layup Shot,2PT Field Goal,Restricted Area,Center(C),Less Than 8 ft.,2.0,-27.0,-2.0,1,0,20130305,OKC,LAL
Shot Chart Detail,0021200897,332,1897,Metta World Peace,1610612747,Los Angeles Lakers,3,9,57,Made Shot,Jump Shot,3PT Field Goal,Above the Break 3,Right Side Center(RC),24+ ft.,24.0,165.0,186.0,1,1,20130305,OKC,LAL
Shot Chart Detail,0021200897,339,1897,Metta World Peace,1610612747,Los Angeles Lakers,3,8,49,Missed Shot,Jump Shot,3PT Field Goal,Above the Break 3,Center(C),24+ ft.,24.0,56.0,238.0,1,0,20130305,OKC,LAL
Shot Chart Detail,0021200897,427,1897,Metta World Peace,1610612747,Los Angeles Lakers,3,1,49,Made Shot,Pullup Jump shot,2PT Field Goal,In The Paint (Non-RA),Center(C),Less Than 8 ft.,7.0,-59.0,53.0,1,1,20130305,OKC,LAL
Shot Chart Detail,0021200897,453,1897,Metta World Peace,1610612747,Los Angeles Lakers,4,11,7,Missed Shot,Jump Shot,3PT Field Goal,Above the Break 3,Left Side Center(LC),24+ ft.,24.0,-125.0,208.0,1,0,20130305,OKC,LAL
Shot Chart Detail,0021200897,475,1897,Metta World Peace,1610612747,Los Angeles Lakers,4,9,23,Made Shot,Jump Shot,3PT Field Goal,Above the Break 3,Right Side Center(RC),24+ ft.,24.0,140.0,201.0,1,1,20130305,OKC,LAL
Shot Chart Detail,0021200897,487,1897,Metta World Peace,1610612747,Los Angeles Lakers,4,7,52,Made Shot,Jump Shot,2PT Field Goal,Restricted Area,Center(C),Less Than 8 ft.,3.0,-35.0,12.0,1,1,20130305,OKC,LAL
Shot Chart Detail,0021200897,492,1897,Metta World Peace,1610612747,Los Angeles Lakers,4,6,44,Made Shot,Jump Shot,3PT Field Goal,Right Corner 3,Right Side(R),24+ ft.,22.0,225.0,14.0,1,1,20130305,OKC,LAL
Shot Chart Detail,0021200897,511,1897,Metta World Peace,1610612747,Los Angeles Lakers,4,5,17,Missed Shot,Jump Shot,3PT Field Goal,Right Corner 3,Right Side(R),24+ ft.,23.0,230.0,9.0,1,0,20130305,OKC,LAL
Shot Chart Detail,0021200897,524,1897,Metta World Peace,1610612747,Los Angeles Lakers,4,3,52,Missed Shot,Layup Shot,2PT Field Goal,Restricted Area,Center(C),Less Than 8 ft.,1.0,-16.0,-8.0,1,0,20130305,OKC,LAL
Shot Chart Detail,0021200906,2,1897,Metta World Peace,1610612747,Los Angeles Lakers,1,11,43,Made Shot,Jump Shot,3PT Field Goal,Above the Break 3,Left Side Center(LC),24+ ft.,25.0,-234.0,93.0,1,1,20130306,NOH,LAL
Shot Chart Detail,0021200906,142,1897,Metta World Peace,1610612747,Los Angeles Lakers,2,10,23,Missed Shot,Layup Shot,2PT Field Goal,In The Paint (Non-RA),Center(C),Less Than 8 ft.,4.0,-37.0,17.0,1,0,20130306,NOH,LAL
Shot Chart Detail,0021200906,160,1897,Metta World Peace,1610612747,Los Angeles Lakers,2,9,10,Missed Shot,Pullup Jump shot,2PT Field Goal,Mid-Range,Right Side(R),16-24 ft.,19.0,163.0,113.0,1,0,20130306,NOH,LAL
Shot Chart Detail,0021200906,172,1897,Metta World Peace,1610612747,Los Angeles Lakers,2,8,8,Made Shot,Fadeaway Jump Shot,2PT Field Goal,Mid-Range,Left Side(L),16-24 ft.,16.0,-166.0,11.0,1,1,20130306,NOH,LAL
Shot Chart Detail,0021200906,315,1897,Metta World Peace,1610612747,Los Angeles Lakers,3,10,19,Made Shot,Jump Shot,3PT Field Goal,Above the Break 3,Left Side Center(LC),24+ ft.,25.0,-217.0,138.0,1,1,20130306,NOH,LAL
Shot Chart Detail,0021200906,321,1897,Metta World Peace,1610612747,Los Angeles Lakers,3,9,27,Made Shot,Jump Shot,3PT Field Goal,Left Corner 3,Left Side(L),24+ ft.,23.0,-234.0,31.0,1,1,20130306,NOH,LAL
Shot Chart Detail,0021200906,340,1897,Metta World Peace,1610612747,Los Angeles Lakers,3,7,40,Missed Shot,Jump Shot,3PT Field Goal,Left Corner 3,Left Side(L),24+ ft.,23.0,-234.0,26.0,1,0,20130306,NOH,LAL
Shot Chart Detail,0021200906,498,1897,Metta World Peace,1610612747,Los Angeles Lakers,4,2,14,Missed Shot,Jump Shot,2PT Field Goal,Mid-Range,Right Side Center(RC),16-24 ft.,17.0,84.0,159.0,1,0,20130306,NOH,LAL
Shot Chart Detail,0021200906,507,1897,Metta World Peace,1610612747,Los Angeles Lakers,4,0,57,Missed Shot,Jump Shot,3PT Field Goal,Above the Break 3,Right Side Center(RC),24+ ft.,25.0,127.0,224.0,1,0,20130306,NOH,LAL
Shot Chart Detail,0021200925,4,1897,Metta World Peace,1610612747,Los Angeles Lakers,1,11,13,Made Shot,Jump Shot,3PT Field Goal,Above the Break 3,Left Side Center(LC),24+ ft.,25.0,-226.0,124.0,1,1,20130308,LAL,TOR
Shot Chart Detail,0021200925,28,1897,Metta World Peace,1610612747,Los Angeles Lakers,1,8,15,Made Shot,Running Jump Shot,2PT Field Goal,In The Paint (Non-RA),Center(C),Less Than 8 ft.,7.0,9.0,75.0,1,1,20130308,LAL,TOR
Shot Chart Detail,0021200925,136,1897,Metta World Peace,1610612747,Los Angeles Lakers,2,10,1,Missed Shot,Jump Shot,3PT Field Goal,Above the Break 3,Right Side Center(RC),24+ ft.,25.0,182.0,183.0,1,0,20130308,LAL,TOR
Shot Chart Detail,0021200925,141,1897,Metta World Peace,1610612747,Los Angeles Lakers,2,9,41,Missed Shot,Tip Shot,2PT Field Goal,Restricted Area,Center(C),Less Than 8 ft.,1.0,0.0,17.0,1,0,20130308,LAL,TOR
Shot Chart Detail,0021200925,148,1897,Metta World Peace,1610612747,Los Angeles Lakers,2,8,44,Missed Shot,Jump Shot,2PT Field Goal,Mid-Range,Center(C),16-24 ft.,21.0,-59.0,208.0,1,0,20130308,LAL,TOR
Shot Chart Detail,0021200925,179,1897,Metta World Peace,1610612747,Los Angeles Lakers,2,6,2,Missed Shot,Jump Shot,3PT Field Goal,Above the Break 3,Left Side Center(LC),24+ ft.,26.0,-127.0,235.0,1,0,20130308,LAL,TOR
Shot Chart Detail,0021200925,207,1897,Metta World Peace,1610612747,Los Angeles Lakers,2,2,37,Missed Shot,Jump Shot,3PT Field Goal,Right Corner 3,Right Side(R),24+ ft.,23.0,233.0,0.0,1,0,20130308,LAL,TOR
Shot Chart Detail,0021200925,244,1897,Metta World Peace,1610612747,Los Angeles Lakers,2,0,3,Made Shot,Tip Shot,2PT Field Goal,Restricted Area,Center(C),Less Than 8 ft.,2.0,-13.0,17.0,1,1,20130308,LAL,TOR
Shot Chart Detail,0021200925,270,1897,Metta World Peace,1610612747,Los Angeles Lakers,3,9,25,Missed Shot,Driving Layup Shot,2PT Field Goal,Restricted Area,Center(C),Less Than 8 ft.,2.0,9.0,20.0,1,0,20130308,LAL,TOR
Shot Chart Detail,0021200925,320,1897,Metta World Peace,1610612747,Los Angeles Lakers,3,3,5,Missed Shot,Jump Shot,3PT Field Goal,Above the Break 3,Right Side Center(RC),24+ ft.,25.0,86.0,242.0,1,0,20130308,LAL,TOR
Shot Chart Detail,0021200925,400,1897,Metta World Peace,1610612747,Los Angeles Lakers,4,8,2,Missed Shot,Jump Shot,2PT Field Goal,In The Paint (Non-RA),Center(C),Less Than 8 ft.,5.0,-37.0,36.0,1,0,20130308,LAL,TOR
Shot Chart Detail,0021200925,526,1897,Metta World Peace,1610612747,Los Angeles Lakers,5,3,10,Missed Shot,Jump Shot,3PT Field Goal,Left Corner 3,Left Side(L),24+ ft.,24.0,-235.0,72.0,1,0,20130308,LAL,TOR
Shot Chart Detail,0021200935,23,1897,Metta World Peace,1610612747,Los Angeles Lakers,1,9,2,Made Shot,Driving Layup Shot,2PT Field Goal,Restricted Area,Center(C),Less Than 8 ft.,2.0,-18.0,11.0,1,1,20130310,LAL,CHI
Shot Chart Detail,0021200935,50,1897,Metta World Peace,1610612747,Los Angeles Lakers,1,6,6,Missed Shot,Jump Shot,3PT Field Goal,Above the Break 3,Right Side Center(RC),24+ ft.,24.0,141.0,205.0,1,0,20130310,LAL,CHI
Shot Chart Detail,0021200935,68,1897,Metta World Peace,1610612747,Los Angeles Lakers,1,4,18,Missed Shot,Jump Shot,3PT Field Goal,Above the Break 3,Center(C),24+ ft.,24.0,62.0,241.0,1,0,20130310,LAL,CHI
Shot Chart Detail,0021200935,72,1897,Metta World Peace,1610612747,Los Angeles Lakers,1,3,47,Missed Shot,Jump Shot,3PT Field Goal,Right Corner 3,Right Side(R),24+ ft.,23.0,226.0,64.0,1,0,20130310,LAL,CHI
Shot Chart Detail,0021200935,75,1897,Metta World Peace,1610612747,Los Angeles Lakers,1,3,23,Missed Shot,Jump Shot,3PT Field Goal,Above the Break 3,Left Side Center(LC),24+ ft.,24.0,-111.0,224.0,1,0,20130310,LAL,CHI
Shot Chart Detail,0021200935,119,1897,Metta World Peace,1610612747,Los Angeles Lakers,2,11,38,Made Shot,Step Back Jump shot,2PT Field Goal,In The Paint (Non-RA),Center(C),Less Than 8 ft.,7.0,1.0,72.0,1,1,20130310,LAL,CHI
Shot Chart Detail,0021200935,152,1897,Metta World Peace,1610612747,Los Angeles Lakers,2,8,5,Made Shot,Layup Shot,2PT Field Goal,Restricted Area,Center(C),Less Than 8 ft.,2.0,-19.0,12.0,1,1,20130310,LAL,CHI
Shot Chart Detail,0021200935,176,1897,Metta World Peace,1610612747,Los Angeles Lakers,2,5,23,Missed Shot,Tip Shot,2PT Field Goal,Restricted Area,Center(C),Less Than 8 ft.,1.0,9.0,7.0,1,0,20130310,LAL,CHI
Shot Chart Detail,0021200935,195,1897,Metta World Peace,1610612747,Los Angeles Lakers,2,4,36,Missed Shot,Jump Shot,3PT Field Goal,Above the Break 3,Left Side Center(LC),24+ ft.,25.0,-139.0,209.0,1,0,20130310,LAL,CHI
Shot Chart Detail,0021200935,279,1897,Metta World Peace,1610612747,Los Angeles Lakers,3,7,38,Missed Shot,Jump Shot,2PT Field Goal,In The Paint (Non-RA),Left Side(L),8-16 ft.,14.0,-78.0,121.0,1,0,20130310,LAL,CHI
Shot Chart Detail,0021200935,291,1897,Metta World Peace,1610612747,Los Angeles Lakers,3,6,33,Missed Shot,Jump Shot,3PT Field Goal,Right Corner 3,Right Side(R),24+ ft.,22.0,225.0,3.0,1,0,20130310,LAL,CHI
Shot Chart Detail,0021200935,307,1897,Metta World Peace,1610612747,Los Angeles Lakers,3,5,26,Missed Shot,Jump Shot,2PT Field Goal,Mid-Range,Center(C),16-24 ft.,20.0,37.0,203.0,1,0,20130310,LAL,CHI
Shot Chart Detail,0021200935,352,1897,Metta World Peace,1610612747,Los Angeles Lakers,3,1,44,Made Shot,Jump Shot,2PT Field Goal,Mid-Range,Left Side Center(LC),16-24 ft.,20.0,-81.0,183.0,1,1,20130310,LAL,CHI
Shot Chart Detail,0021200935,458,1897,Metta World Peace,1610612747,Los Angeles Lakers,4,4,32,Made Shot,Jump Shot,2PT Field Goal,Mid-Range,Left Side Center(LC),16-24 ft.,21.0,-81.0,200.0,1,1,20130310,LAL,CHI
Shot Chart Detail,0021200935,468,1897,Metta World Peace,1610612747,Los Angeles Lakers,4,3,16,Made Shot,Layup Shot,2PT Field Goal,Restricted Area,Center(C),Less Than 8 ft.,1.0,-16.0,0.0,1,1,20130310,LAL,CHI
Shot Chart Detail,0021200935,484,1897,Metta World Peace,1610612747,Los Angeles Lakers,4,0,26,Missed Shot,Fadeaway Jump Shot,2PT Field Goal,In The Paint (Non-RA),Center(C),8-16 ft.,9.0,-41.0,85.0,1,0,20130310,LAL,CHI
Shot Chart Detail,0021200949,105,1897,Metta World Peace,1610612747,Los Angeles Lakers,1,1,30,Made Shot,Fadeaway Jump Shot,2PT Field Goal,Mid-Range,Left Side(L),8-16 ft.,12.0,-117.0,30.0,1,1,20130312,ORL,LAL
Shot Chart Detail,0021200949,113,1897,Metta World Peace,1610612747,Los Angeles Lakers,1,1,4,Made Shot,Tip Shot,2PT Field Goal,Restricted Area,Center(C),Less Than 8 ft.,1.0,13.0,-9.0,1,1,20130312,ORL,LAL
Shot Chart Detail,0021200949,140,1897,Metta World Peace,1610612747,Los Angeles Lakers,2,11,27,Missed Shot,Jump Shot,2PT Field Goal,Mid-Range,Left Side(L),16-24 ft.,18.0,-188.0,11.0,1,0,20130312,ORL,LAL
Shot Chart Detail,0021200949,174,1897,Metta World Peace,1610612747,Los Angeles Lakers,2,9,40,Made Shot,Layup Shot,2PT Field Goal,Restricted Area,Center(C),Less Than 8 ft.,1.0,-5.0,15.0,1,1,20130312,ORL,LAL
Shot Chart Detail,0021200949,204,1897,Metta World Peace,1610612747,Los Angeles Lakers,2,7,20,Missed Shot,Jump Shot,2PT Field Goal,Mid-Range,Right Side Center(RC),16-24 ft.,18.0,113.0,148.0,1,0,20130312,ORL,LAL
Shot Chart Detail,0021200949,213,1897,Metta World Peace,1610612747,Los Angeles Lakers,2,6,52,Made Shot,Jump Shot,3PT Field Goal,Above the Break 3,Left Side Center(LC),24+ ft.,25.0,-221.0,127.0,1,1,20130312,ORL,LAL
Shot Chart Detail,0021200949,229,1897,Metta World Peace,1610612747,Los Angeles Lakers,2,5,9,Made Shot,Jump Shot,3PT Field Goal,Right Corner 3,Right Side(R),24+ ft.,23.0,231.0,44.0,1,1,20130312,ORL,LAL
Shot Chart Detail,0021200949,294,1897,Metta World Peace,1610612747,Los Angeles Lakers,2,0,20,Missed Shot,Fadeaway Jump Shot,2PT Field Goal,In The Paint (Non-RA),Center(C),8-16 ft.,10.0,2.0,104.0,1,0,20130312,ORL,LAL
Shot Chart Detail,0021200949,308,1897,Metta World Peace,1610612747,Los Angeles Lakers,3,10,55,Missed Shot,Jump Shot,3PT Field Goal,Above the Break 3,Left Side Center(LC),24+ ft.,25.0,-193.0,167.0,1,0,20130312,ORL,LAL
Shot Chart Detail,0021200949,477,1897,Metta World Peace,1610612747,Los Angeles Lakers,4,7,56,Missed Shot,Layup Shot,2PT Field Goal,Restricted Area,Center(C),Less Than 8 ft.,1.0,-2.0,15.0,1,0,20130312,ORL,LAL
Shot Chart Detail,0021200949,499,1897,Metta World Peace,1610612747,Los Angeles Lakers,4,6,33,Missed Shot,Jump Shot,3PT Field Goal,Above the Break 3,Left Side Center(LC),24+ ft.,25.0,-108.0,230.0,1,0,20130312,ORL,LAL
Shot Chart Detail,0021200949,576,1897,Metta World Peace,1610612747,Los Angeles Lakers,4,0,59,Missed Shot,Jump Shot,2PT Field Goal,Mid-Range,Center(C),16-24 ft.,21.0,31.0,216.0,1,0,20130312,ORL,LAL
Shot Chart Detail,0021200960,16,1897,Metta World Peace,1610612747,Los Angeles Lakers,1,10,32,Made Shot,Jump Shot,3PT Field Goal,Above the Break 3,Center(C),24+ ft.,25.0,-24.0,254.0,1,1,20130313,ATL,LAL
Shot Chart Detail,0021200960,18,1897,Metta World Peace,1610612747,Los Angeles Lakers,1,10,0,Missed Shot,Jump Shot,3PT Field Goal,Above the Break 3,Left Side Center(LC),24+ ft.,24.0,-127.0,213.0,1,0,20130313,ATL,LAL
Shot Chart Detail,0021200960,59,1897,Metta World Peace,1610612747,Los Angeles Lakers,1,6,24,Missed Shot,Jump Shot,2PT Field Goal,Mid-Range,Center(C),16-24 ft.,21.0,21.0,211.0,1,0,20130313,ATL,LAL
Shot Chart Detail,0021200960,72,1897,Metta World Peace,1610612747,Los Angeles Lakers,1,5,16,Missed Shot,Jump Shot,3PT Field Goal,Left Corner 3,Left Side(L),24+ ft.,23.0,-234.0,26.0,1,0,20130313,ATL,LAL
Shot Chart Detail,0021200960,97,1897,Metta World Peace,1610612747,Los Angeles Lakers,1,2,53,Made Shot,Jump Shot,3PT Field Goal,Above the Break 3,Right Side Center(RC),24+ ft.,24.0,168.0,179.0,1,1,20130313,ATL,LAL
Shot Chart Detail,0021200960,99,1897,Metta World Peace,1610612747,Los Angeles Lakers,1,2,24,Made Shot,Driving Layup Shot,2PT Field Goal,Restricted Area,Center(C),Less Than 8 ft.,0.0,2.0,0.0,1,1,20130313,ATL,LAL
Shot Chart Detail,0021200960,177,1897,Metta World Peace,1610612747,Los Angeles Lakers,2,7,21,Missed Shot,Jump Shot,3PT Field Goal,Right Corner 3,Right Side(R),24+ ft.,24.0,241.0,34.0,1,0,20130313,ATL,LAL
Shot Chart Detail,0021200960,180,1897,Metta World Peace,1610612747,Los Angeles Lakers,2,6,59,Made Shot,Driving Layup Shot,2PT Field Goal,Restricted Area,Center(C),Less Than 8 ft.,0.0,0.0,7.0,1,1,20130313,ATL,LAL
Shot Chart Detail,0021200960,187,1897,Metta World Peace,1610612747,Los Angeles Lakers,2,6,33,Made Shot,Running Layup Shot,2PT Field Goal,Restricted Area,Center(C),Less Than 8 ft.,1.0,17.0,7.0,1,1,20130313,ATL,LAL
Shot Chart Detail,0021200960,212,1897,Metta World Peace,1610612747,Los Angeles Lakers,2,3,59,Missed Shot,Jump Shot,3PT Field Goal,Right Corner 3,Right Side(R),24+ ft.,24.0,239.0,31.0,1,0,20130313,ATL,LAL
Shot Chart Detail,0021200960,228,1897,Metta World Peace,1610612747,Los Angeles Lakers,2,2,19,Missed Shot,Running Layup Shot,2PT Field Goal,Restricted Area,Center(C),Less Than 8 ft.,0.0,-5.0,6.0,1,0,20130313,ATL,LAL
Shot Chart Detail,0021200960,238,1897,Metta World Peace,1610612747,Los Angeles Lakers,2,0,40,Missed Shot,Jump Shot,3PT Field Goal,Left Corner 3,Left Side(L),24+ ft.,23.0,-229.0,47.0,1,0,20130313,ATL,LAL
Shot Chart Detail,0021200960,324,1897,Metta World Peace,1610612747,Los Angeles Lakers,3,5,21,Made Shot,Putback Layup Shot,2PT Field Goal,Restricted Area,Center(C),Less Than 8 ft.,0.0,2.0,7.0,1,1,20130313,ATL,LAL
Shot Chart Detail,0021200960,379,1897,Metta World Peace,1610612747,Los Angeles Lakers,3,0,45,Made Shot,Driving Layup Shot,2PT Field Goal,Restricted Area,Center(C),Less Than 8 ft.,1.0,-10.0,3.0,1,1,20130313,ATL,LAL
Shot Chart Detail,0021200960,415,1897,Metta World Peace,1610612747,Los Angeles Lakers,4,9,50,Missed Shot,Jump Shot,3PT Field Goal,Right Corner 3,Right Side(R),24+ ft.,23.0,233.0,39.0,1,0,20130313,ATL,LAL
Shot Chart Detail,0021200960,428,1897,Metta World Peace,1610612747,Los Angeles Lakers,4,8,23,Missed Shot,Jump Shot,3PT Field Goal,Above the Break 3,Left Side Center(LC),24+ ft.,23.0,-97.0,219.0,1,0,20130313,ATL,LAL
Shot Chart Detail,0021200960,468,1897,Metta World Peace,1610612747,Los Angeles Lakers,4,4,48,Made Shot,Reverse Layup Shot,2PT Field Goal,Restricted Area,Center(C),Less Than 8 ft.,1.0,17.0,3.0,1,1,20130313,ATL,LAL
Shot Chart Detail,0021200960,504,1897,Metta World Peace,1610612747,Los Angeles Lakers,4,0,55,Missed Shot,Driving Layup Shot,2PT Field Goal,Restricted Area,Center(C),Less Than 8 ft.,1.0,10.0,1.0,1,0,20130313,ATL,LAL
Shot Chart Detail,0021200960,518,1897,Metta World Peace,1610612747,Los Angeles Lakers,4,0,25,Made Shot,Tip Shot,2PT Field Goal,Restricted Area,Center(C),Less Than 8 ft.,0.0,7.0,1.0,1,1,20130313,ATL,LAL
Shot Chart Detail,0021200971,93,1897,Metta World Peace,1610612747,Los Angeles Lakers,1,3,22,Missed Shot,Jump Shot,2PT Field Goal,In The Paint (Non-RA),Left Side(L),8-16 ft.,9.0,-71.0,66.0,1,0,20130315,IND,LAL
Shot Chart Detail,0021200971,107,1897,Metta World Peace,1610612747,Los Angeles Lakers,1,2,18,Made Shot,Jump Shot,3PT Field Goal,Above the Break 3,Center(C),24+ ft.,26.0,0.0,268.0,1,1,20130315,IND,LAL
Shot Chart Detail,0021200971,109,1897,Metta World Peace,1610612747,Los Angeles Lakers,1,1,56,Missed Shot,Jump Shot,3PT Field Goal,Above the Break 3,Left Side Center(LC),24+ ft.,27.0,-209.0,181.0,1,0,20130315,IND,LAL
Shot Chart Detail,0021200971,113,1897,Metta World Peace,1610612747,Los Angeles Lakers,1,1,33,Made Shot,Jump Shot,3PT Field Goal,Above the Break 3,Left Side Center(LC),24+ ft.,27.0,-191.0,195.0,1,1,20130315,IND,LAL
Shot Chart Detail,0021200971,124,1897,Metta World Peace,1610612747,Los Angeles Lakers,1,0,27,Missed Shot,Layup Shot,2PT Field Goal,Restricted Area,Center(C),Less Than 8 ft.,1.0,-10.0,0.0,1,0,20130315,IND,LAL
Shot Chart Detail,0021200971,238,1897,Metta World Peace,1610612747,Los Angeles Lakers,2,2,55,Missed Shot,Jump Shot,3PT Field Goal,Above the Break 3,Right Side Center(RC),24+ ft.,25.0,207.0,153.0,1,0,20130315,IND,LAL
Shot Chart Detail,0021200971,308,1897,Metta World Peace,1610612747,Los Angeles Lakers,3,9,32,Missed Shot,Layup Shot,2PT Field Goal,Restricted Area,Center(C),Less Than 8 ft.,1.0,-10.0,11.0,1,0,20130315,IND,LAL
Shot Chart Detail,0021200971,363,1897,Metta World Peace,1610612747,Los Angeles Lakers,3,4,49,Made Shot,Jump Shot,2PT Field Goal,In The Paint (Non-RA),Center(C),8-16 ft.,10.0,37.0,94.0,1,1,20130315,IND,LAL
Shot Chart Detail,0021200971,365,1897,Metta World Peace,1610612747,Los Angeles Lakers,3,4,29,Made Shot,Layup Shot,2PT Field Goal,Restricted Area,Center(C),Less Than 8 ft.,1.0,-16.0,3.0,1,1,20130315,IND,LAL
Shot Chart Detail,0021200971,390,1897,Metta World Peace,1610612747,Los Angeles Lakers,3,2,34,Made Shot,Layup Shot,2PT Field Goal,Restricted Area,Center(C),Less Than 8 ft.,0.0,7.0,3.0,1,1,20130315,IND,LAL
Shot Chart Detail,0021200971,453,1897,Metta World Peace,1610612747,Los Angeles Lakers,4,7,10,Missed Shot,Layup Shot,2PT Field Goal,Restricted Area,Center(C),Less Than 8 ft.,1.0,-11.0,12.0,1,0,20130315,IND,LAL
Shot Chart Detail,0021200971,459,1897,Metta World Peace,1610612747,Los Angeles Lakers,4,6,34,Made Shot,Layup Shot,2PT Field Goal,Restricted Area,Center(C),Less Than 8 ft.,0.0,4.0,1.0,1,1,20130315,IND,LAL
Shot Chart Detail,0021200992,59,1897,Metta World Peace,1610612747,Los Angeles Lakers,1,5,28,Made Shot,Jump Shot,2PT Field Goal,Restricted Area,Center(C),Less Than 8 ft.,3.0,-15.0,26.0,1,1,20130317,LAL,SAC
Shot Chart Detail,0021200992,85,1897,Metta World Peace,1610612747,Los Angeles Lakers,1,2,30,Made Shot,Jump Shot,2PT Field Goal,In The Paint (Non-RA),Center(C),8-16 ft.,9.0,-16.0,91.0,1,1,20130317,LAL,SAC
Shot Chart Detail,0021200992,94,1897,Metta World Peace,1610612747,Los Angeles Lakers,1,1,50,Made Shot,Layup Shot,2PT Field Goal,Restricted Area,Center(C),Less Than 8 ft.,2.0,-8.0,20.0,1,1,20130317,LAL,SAC
Shot Chart Detail,0021200992,195,1897,Metta World Peace,1610612747,Los Angeles Lakers,2,4,38,Made Shot,Driving Layup Shot,2PT Field Goal,Restricted Area,Center(C),Less Than 8 ft.,2.0,18.0,9.0,1,1,20130317,LAL,SAC
Shot Chart Detail,0021200992,243,1897,Metta World Peace,1610612747,Los Angeles Lakers,3,10,49,Made Shot,Jump Shot,3PT Field Goal,Right Corner 3,Right Side(R),24+ ft.,23.0,231.0,0.0,1,1,20130317,LAL,SAC
Shot Chart Detail,0021200992,247,1897,Metta World Peace,1610612747,Los Angeles Lakers,3,10,20,Made Shot,Jump Shot,2PT Field Goal,Mid-Range,Left Side Center(LC),16-24 ft.,20.0,-136.0,149.0,1,1,20130317,LAL,SAC
Shot Chart Detail,0021200992,310,1897,Metta World Peace,1610612747,Los Angeles Lakers,3,4,11,Made Shot,Layup Shot,2PT Field Goal,Restricted Area,Center(C),Less Than 8 ft.,2.0,18.0,14.0,1,1,20130317,LAL,SAC
Shot Chart Detail,0021200992,313,1897,Metta World Peace,1610612747,Los Angeles Lakers,3,3,53,Made Shot,Reverse Layup Shot,2PT Field Goal,Restricted Area,Center(C),Less Than 8 ft.,1.0,0.0,15.0,1,1,20130317,LAL,SAC
Shot Chart Detail,0021200992,325,1897,Metta World Peace,1610612747,Los Angeles Lakers,3,2,41,Missed Shot,Jump Shot,2PT Field Goal,Mid-Range,Left Side(L),16-24 ft.,18.0,-180.0,26.0,1,0,20130317,LAL,SAC
Shot Chart Detail,0021200992,407,1897,Metta World Peace,1610612747,Los Angeles Lakers,4,8,5,Missed Shot,Jump Shot,3PT Field Goal,Above the Break 3,Center(C),24+ ft.,26.0,18.0,263.0,1,0,20130317,LAL,SAC
Shot Chart Detail,0021200992,448,1897,Metta World Peace,1610612747,Los Angeles Lakers,4,3,43,Made Shot,Jump Shot,2PT Field Goal,Mid-Range,Center(C),16-24 ft.,20.0,-19.0,206.0,1,1,20130317,LAL,SAC
Shot Chart Detail,0021200992,476,1897,Metta World Peace,1610612747,Los Angeles Lakers,4,0,59,Made Shot,Fadeaway Jump Shot,2PT Field Goal,In The Paint (Non-RA),Center(C),8-16 ft.,8.0,10.0,89.0,1,1,20130317,LAL,SAC
Shot Chart Detail,0021200992,489,1897,Metta World Peace,1610612747,Los Angeles Lakers,4,0,29,Missed Shot,Jump Shot,3PT Field Goal,Above the Break 3,Left Side Center(LC),24+ ft.,26.0,-164.0,213.0,1,0,20130317,LAL,SAC
Shot Chart Detail,0021201002,5,1897,Metta World Peace,1610612747,Los Angeles Lakers,1,11,11,Missed Shot,Jump Shot,2PT Field Goal,Restricted Area,Center(C),Less Than 8 ft.,3.0,-32.0,22.0,1,0,20130318,PHX,LAL
Shot Chart Detail,0021201002,38,1897,Metta World Peace,1610612747,Los Angeles Lakers,1,8,6,Missed Shot,Jump Shot,3PT Field Goal,Above the Break 3,Right Side Center(RC),24+ ft.,25.0,220.0,134.0,1,0,20130318,PHX,LAL
Shot Chart Detail,0021201002,55,1897,Metta World Peace,1610612747,Los Angeles Lakers,1,6,54,Made Shot,Driving Reverse Layup Shot,2PT Field Goal,Restricted Area,Center(C),Less Than 8 ft.,1.0,-18.0,4.0,1,1,20130318,PHX,LAL
Shot Chart Detail,0021201002,63,1897,Metta World Peace,1610612747,Los Angeles Lakers,1,5,48,Missed Shot,Jump Shot,3PT Field Goal,Above the Break 3,Right Side Center(RC),24+ ft.,24.0,179.0,172.0,1,0,20130318,PHX,LAL
Shot Chart Detail,0021201002,115,1897,Metta World Peace,1610612747,Los Angeles Lakers,1,1,21,Missed Shot,Jump Shot,2PT Field Goal,In The Paint (Non-RA),Center(C),Less Than 8 ft.,5.0,-52.0,17.0,1,0,20130318,PHX,LAL
Shot Chart Detail,0021201002,119,1897,Metta World Peace,1610612747,Los Angeles Lakers,1,0,45,Missed Shot,Jump Shot,3PT Field Goal,Left Corner 3,Left Side(L),24+ ft.,22.0,-228.0,14.0,1,0,20130318,PHX,LAL
Shot Chart Detail,0021201002,134,1897,Metta World Peace,1610612747,Los Angeles Lakers,2,11,19,Missed Shot,Turnaround Jump Shot,2PT Field Goal,In The Paint (Non-RA),Center(C),Less Than 8 ft.,6.0,-35.0,56.0,1,0,20130318,PHX,LAL
Shot Chart Detail,0021201002,259,1897,Metta World Peace,1610612747,Los Angeles Lakers,3,11,27,Missed Shot,Jump Shot,3PT Field Goal,Above the Break 3,Right Side Center(RC),24+ ft.,26.0,124.0,230.0,1,0,20130318,PHX,LAL
Shot Chart Detail,0021201002,282,1897,Metta World Peace,1610612747,Los Angeles Lakers,3,8,51,Made Shot,Layup Shot,2PT Field Goal,Restricted Area,Center(C),Less Than 8 ft.,0.0,-2.0,-3.0,1,1,20130318,PHX,LAL
Shot Chart Detail,0021201002,289,1897,Metta World Peace,1610612747,Los Angeles Lakers,3,7,48,Made Shot,Jump Shot,3PT Field Goal,Above the Break 3,Left Side Center(LC),24+ ft.,25.0,-229.0,104.0,1,1,20130318,PHX,LAL
Shot Chart Detail,0021201002,300,1897,Metta World Peace,1610612747,Los Angeles Lakers,3,5,52,Missed Shot,Jump Bank Shot,2PT Field Goal,Mid-Range,Right Side(R),16-24 ft.,21.0,177.0,119.0,1,0,20130318,PHX,LAL
Shot Chart Detail,0021201002,303,1897,Metta World Peace,1610612747,Los Angeles Lakers,3,5,47,Missed Shot,Jump Shot,2PT Field Goal,Mid-Range,Left Side(L),16-24 ft.,17.0,-177.0,-2.0,1,0,20130318,PHX,LAL
Shot Chart Detail,0021201002,399,1897,Metta World Peace,1610612747,Los Angeles Lakers,4,9,26,Missed Shot,Jump Shot,3PT Field Goal,Above the Break 3,Left Side Center(LC),24+ ft.,25.0,-183.0,179.0,1,0,20130318,PHX,LAL
Shot Chart Detail,0021201002,434,1897,Metta World Peace,1610612747,Los Angeles Lakers,4,5,52,Missed Shot,Jump Shot,3PT Field Goal,Above the Break 3,Right Side Center(RC),24+ ft.,24.0,212.0,127.0,1,0,20130318,PHX,LAL
Shot Chart Detail,0021201002,449,1897,Metta World Peace,1610612747,Los Angeles Lakers,4,5,1,Made Shot,Jump Shot,2PT Field Goal,Mid-Range,Center(C),16-24 ft.,18.0,-4.0,183.0,1,1,20130318,PHX,LAL
Shot Chart Detail,0021201002,457,1897,Metta World Peace,1610612747,Los Angeles Lakers,4,4,19,Made Shot,Jump Shot,3PT Field Goal,Above the Break 3,Left Side Center(LC),24+ ft.,25.0,-166.0,195.0,1,1,20130318,PHX,LAL
Shot Chart Detail,0021201002,461,1897,Metta World Peace,1610612747,Los Angeles Lakers,4,3,21,Missed Shot,Jump Shot,3PT Field Goal,Above the Break 3,Left Side Center(LC),24+ ft.,27.0,-101.0,254.0,1,0,20130318,PHX,LAL
Shot Chart Detail,0021201032,4,1897,Metta World Peace,1610612747,Los Angeles Lakers,1,11,19,Made Shot,Jump Shot,3PT Field Goal,Above the Break 3,Right Side Center(RC),24+ ft.,26.0,105.0,239.0,1,1,20130322,LAL,WAS
Shot Chart Detail,0021201032,151,1897,Metta World Peace,1610612747,Los Angeles Lakers,2,9,15,Made Shot,Jump Shot,3PT Field Goal,Right Corner 3,Right Side(R),24+ ft.,22.0,228.0,23.0,1,1,20130322,LAL,WAS
Shot Chart Detail,0021201032,334,1897,Metta World Peace,1610612747,Los Angeles Lakers,3,3,30,Missed Shot,Jump Shot,3PT Field Goal,Above the Break 3,Right Side Center(RC),24+ ft.,25.0,127.0,220.0,1,0,20130322,LAL,WAS
Shot Chart Detail,0021201032,381,1897,Metta World Peace,1610612747,Los Angeles Lakers,4,10,28,Missed Shot,Jump Shot,3PT Field Goal,Above the Break 3,Left Side Center(LC),24+ ft.,27.0,-136.0,244.0,1,0,20130322,LAL,WAS
Shot Chart Detail,0021201032,419,1897,Metta World Peace,1610612747,Los Angeles Lakers,4,6,18,Missed Shot,Jump Shot,3PT Field Goal,Above the Break 3,Left Side Center(LC),24+ ft.,26.0,-223.0,145.0,1,0,20130322,LAL,WAS
Shot Chart Detail,0021201032,440,1897,Metta World Peace,1610612747,Los Angeles Lakers,4,4,24,Made Shot,Jump Shot,3PT Field Goal,Above the Break 3,Left Side Center(LC),24+ ft.,28.0,-157.0,233.0,1,1,20130322,LAL,WAS
Shot Chart Detail,0021201053,144,1897,Metta World Peace,1610612747,Los Angeles Lakers,2,8,46,Missed Shot,Jump Shot,2PT Field Goal,In The Paint (Non-RA),Center(C),8-16 ft.,13.0,67.0,121.0,1,0,20130325,GSW,LAL
Shot Chart Detail,0021201053,223,1897,Metta World Peace,1610612747,Los Angeles Lakers,2,2,26,Made Shot,Step Back Jump shot,2PT Field Goal,Mid-Range,Center(C),8-16 ft.,15.0,6.0,159.0,1,1,20130325,GSW,LAL
Shot Chart Detail,0021201053,231,1897,Metta World Peace,1610612747,Los Angeles Lakers,2,1,36,Made Shot,Jump Hook Shot,2PT Field Goal,In The Paint (Non-RA),Center(C),Less Than 8 ft.,6.0,-7.0,61.0,1,1,20130325,GSW,LAL
Shot Chart Detail,0021201162,73,1897,Metta World Peace,1610612747,Los Angeles Lakers,1,5,40,Missed Shot,Layup Shot,2PT Field Goal,Restricted Area,Center(C),Less Than 8 ft.,1.0,-15.0,6.0,1,0,20130409,LAL,NOH
Shot Chart Detail,0021201162,99,1897,Metta World Peace,1610612747,Los Angeles Lakers,1,3,24,Made Shot,Jump Shot,3PT Field Goal,Above the Break 3,Right Side Center(RC),24+ ft.,24.0,143.0,201.0,1,1,20130409,LAL,NOH
Shot Chart Detail,0021201162,104,1897,Metta World Peace,1610612747,Los Angeles Lakers,1,2,50,Missed Shot,Jump Shot,3PT Field Goal,Right Corner 3,Right Side(R),24+ ft.,22.0,223.0,25.0,1,0,20130409,LAL,NOH
Shot Chart Detail,0021201171,38,1897,Metta World Peace,1610612747,Los Angeles Lakers,1,6,34,Missed Shot,Jump Shot,3PT Field Goal,Above the Break 3,Left Side Center(LC),24+ ft.,26.0,-168.0,201.0,1,0,20130410,POR,LAL
Shot Chart Detail,0021201171,64,1897,Metta World Peace,1610612747,Los Angeles Lakers,1,5,1,Made Shot,Driving Layup Shot,2PT Field Goal,Restricted Area,Center(C),Less Than 8 ft.,0.0,-5.0,0.0,1,1,20130410,POR,LAL
Shot Chart Detail,0021201171,90,1897,Metta World Peace,1610612747,Los Angeles Lakers,1,3,2,Missed Shot,Layup Shot,2PT Field Goal,Restricted Area,Center(C),Less Than 8 ft.,2.0,-24.0,7.0,1,0,20130410,POR,LAL
Shot Chart Detail,0021201171,116,1897,Metta World Peace,1610612747,Los Angeles Lakers,1,1,1,Missed Shot,Jump Shot,3PT Field Goal,Above the Break 3,Left Side Center(LC),24+ ft.,24.0,-158.0,184.0,1,0,20130410,POR,LAL
Shot Chart Detail,0021201171,327,1897,Metta World Peace,1610612747,Los Angeles Lakers,3,2,0,Made Shot,Layup Shot,2PT Field Goal,Restricted Area,Center(C),Less Than 8 ft.,0.0,-8.0,-5.0,1,1,20130410,POR,LAL
Shot Chart Detail,0021201189,138,1897,Metta World Peace,1610612747,Los Angeles Lakers,2,10,29,Missed Shot,Jump Shot,3PT Field Goal,Left Corner 3,Left Side(L),24+ ft.,22.0,-228.0,19.0,1,0,20130412,LAL,GSW
Shot Chart Detail,0021201189,144,1897,Metta World Peace,1610612747,Los Angeles Lakers,2,10,8,Missed Shot,Layup Shot,2PT Field Goal,Restricted Area,Center(C),Less Than 8 ft.,2.0,-23.0,11.0,1,0,20130412,LAL,GSW
Shot Chart Detail,0021201189,263,1897,Metta World Peace,1610612747,Los Angeles Lakers,2,0,21,Missed Shot,Jump Shot,3PT Field Goal,Left Corner 3,Left Side(L),24+ ft.,24.0,-237.0,55.0,1,0,20130412,LAL,GSW
Shot Chart Detail,0021201189,381,1897,Metta World Peace,1610612747,Los Angeles Lakers,3,2,59,Made Shot,Jump Shot,3PT Field Goal,Right Corner 3,Right Side(R),24+ ft.,23.0,231.0,61.0,1,1,20130412,LAL,GSW
Shot Chart Detail,0021201189,410,1897,Metta World Peace,1610612747,Los Angeles Lakers,3,0,5,Made Shot,Driving Layup Shot,2PT Field Goal,Restricted Area,Center(C),Less Than 8 ft.,1.0,15.0,3.0,1,1,20130412,LAL,GSW
Shot Chart Detail,0021201201,3,1897,Metta World Peace,1610612747,Los Angeles Lakers,1,11,42,Missed Shot,Layup Shot,2PT Field Goal,Restricted Area,Center(C),Less Than 8 ft.,2.0,-29.0,4.0,1,0,20130414,LAL,SAS
Shot Chart Detail,0021201201,55,1897,Metta World Peace,1610612747,Los Angeles Lakers,1,6,0,Missed Shot,Jump Shot,3PT Field Goal,Above the Break 3,Center(C),24+ ft.,28.0,-78.0,276.0,1,0,20130414,LAL,SAS
Shot Chart Detail,0021201201,217,1897,Metta World Peace,1610612747,Los Angeles Lakers,2,5,15,Missed Shot,Jump Shot,3PT Field Goal,Above the Break 3,Left Side Center(LC),24+ ft.,27.0,-161.0,225.0,1,0,20130414,LAL,SAS
Shot Chart Detail,0021201201,219,1897,Metta World Peace,1610612747,Los Angeles Lakers,2,5,4,Missed Shot,Jump Shot,3PT Field Goal,Right Corner 3,Right Side(R),24+ ft.,22.0,226.0,-5.0,1,0,20130414,LAL,SAS
Shot Chart Detail,0021201201,293,1897,Metta World Peace,1610612747,Los Angeles Lakers,3,10,41,Made Shot,Driving Dunk Shot,2PT Field Goal,Restricted Area,Center(C),Less Than 8 ft.,0.0,4.0,7.0,1,1,20130414,LAL,SAS
Shot Chart Detail,0021201201,455,1897,Metta World Peace,1610612747,Los Angeles Lakers,4,10,56,Made Shot,Running Jump Shot,2PT Field Goal,Mid-Range,Left Side(L),8-16 ft.,13.0,-108.0,86.0,1,1,20130414,LAL,SAS
Shot Chart Detail,0021201201,475,1897,Metta World Peace,1610612747,Los Angeles Lakers,4,6,7,Missed Shot,Jump Shot,3PT Field Goal,Above the Break 3,Left Side Center(LC),24+ ft.,27.0,-133.0,239.0,1,0,20130414,LAL,SAS
Shot Chart Detail,0021201201,486,1897,Metta World Peace,1610612747,Los Angeles Lakers,4,5,3,Made Shot,Driving Layup Shot,2PT Field Goal,Restricted Area,Center(C),Less Than 8 ft.,1.0,0.0,15.0,1,1,20130414,LAL,SAS
Shot Chart Detail,0021201201,506,1897,Metta World Peace,1610612747,Los Angeles Lakers,4,2,51,Missed Shot,Jump Shot,3PT Field Goal,Above the Break 3,Right Side Center(RC),24+ ft.,25.0,102.0,239.0,1,0,20130414,LAL,SAS
Shot Chart Detail,0021201201,529,1897,Metta World Peace,1610612747,Los Angeles Lakers,4,0,59,Missed Shot,Dunk Shot,2PT Field Goal,In The Paint (Non-RA),Center(C),Less Than 8 ft.,4.0,-32.0,25.0,1,0,20130414,LAL,SAS
Shot Chart Detail,0021201228,5,1897,Metta World Peace,1610612747,Los Angeles Lakers,1,11,36,Made Shot,Jump Shot,3PT Field Goal,Above the Break 3,Left Side Center(LC),24+ ft.,26.0,-217.0,148.0,1,1,20130417,LAL,HOU
Shot Chart Detail,0021201228,36,1897,Metta World Peace,1610612747,Los Angeles Lakers,1,7,39,Missed Shot,Jump Shot,2PT Field Goal,In The Paint (Non-RA),Center(C),Less Than 8 ft.,4.0,10.0,42.0,1,0,20130417,LAL,HOU
Shot Chart Detail,0021201228,49,1897,Metta World Peace,1610612747,Los Angeles Lakers,1,7,0,Missed Shot,Jump Shot,3PT Field Goal,Right Corner 3,Right Side(R),24+ ft.,22.0,226.0,4.0,1,0,20130417,LAL,HOU
Shot Chart Detail,0021201228,82,1897,Metta World Peace,1610612747,Los Angeles Lakers,1,2,54,Missed Shot,Jump Shot,3PT Field Goal,Above the Break 3,Left Side Center(LC),24+ ft.,26.0,-205.0,160.0,1,0,20130417,LAL,HOU
Shot Chart Detail,0021201228,181,1897,Metta World Peace,1610612747,Los Angeles Lakers,2,6,44,Made Shot,Jump Shot,2PT Field Goal,Mid-Range,Right Side(R),16-24 ft.,18.0,189.0,1.0,1,1,20130417,LAL,HOU
Shot Chart Detail,0021201228,233,1897,Metta World Peace,1610612747,Los Angeles Lakers,2,0,29,Missed Shot,Jump Shot,3PT Field Goal,Above the Break 3,Center(C),24+ ft.,25.0,75.0,247.0,1,0,20130417,LAL,HOU
Shot Chart Detail,0021201228,266,1897,Metta World Peace,1610612747,Los Angeles Lakers,3,11,0,Missed Shot,Jump Shot,2PT Field Goal,Mid-Range,Left Side(L),16-24 ft.,16.0,-160.0,6.0,1,0,20130417,LAL,HOU
Shot Chart Detail,0021201228,274,1897,Metta World Peace,1610612747,Los Angeles Lakers,3,10,33,Missed Shot,Jump Shot,2PT Field Goal,Mid-Range,Left Side(L),8-16 ft.,15.0,-130.0,93.0,1,0,20130417,LAL,HOU
Shot Chart Detail,0021201228,279,1897,Metta World Peace,1610612747,Los Angeles Lakers,3,9,48,Made Shot,Jump Shot,3PT Field Goal,Right Corner 3,Right Side(R),24+ ft.,23.0,234.0,-14.0,1,1,20130417,LAL,HOU
Shot Chart Detail,0021201228,289,1897,Metta World Peace,1610612747,Los Angeles Lakers,3,7,35,Made Shot,Reverse Layup Shot,2PT Field Goal,Restricted Area,Center(C),Less Than 8 ft.,2.0,-18.0,22.0,1,1,20130417,LAL,HOU
Shot Chart Detail,0021201228,308,1897,Metta World Peace,1610612747,Los Angeles Lakers,3,6,10,Missed Shot,Jump Shot,2PT Field Goal,In The Paint (Non-RA),Center(C),Less Than 8 ft.,5.0,-27.0,50.0,1,0,20130417,LAL,HOU
