GRID_TYPE,GAME_ID,GAME_EVENT_ID,PLAYER_ID,PLAYER_NAME,TEAM_ID,TEAM_NAME,PERIOD,MINUTES_REMAINING,SECONDS_REMAINING,EVENT_TYPE,ACTION_TYPE,SHOT_TYPE,SHOT_ZONE_BASIC,SHOT_ZONE_AREA,SHOT_ZONE_RANGE,SHOT_DISTANCE,LOC_X,LOC_Y,SHOT_ATTEMPTED_FLAG,SHOT_MADE_FLAG,GAME_DATE,HTM,VTM
Shot Chart Detail,0021200005,89,201147,Corey Brewer,1610612743,Denver Nuggets,1,4,29,Missed Shot,Jump Shot,3PT Field Goal,Left Corner 3,Left Side(L),24+ ft.,23.0,-232.0,-38.0,1,0,20121031,PHI,DEN
Shot Chart Detail,0021200005,159,201147,Corey Brewer,1610612743,Denver Nuggets,2,10,53,Made Shot,Slam Dunk Shot,2PT Field Goal,Restricted Area,Center(C),Less Than 8 ft.,0.0,-4.0,-2.0,1,1,20121031,PHI,DEN
Shot Chart Detail,0021200005,162,201147,Corey Brewer,1610612743,Denver Nuggets,2,10,23,Missed Shot,Layup Shot,2PT Field Goal,Restricted Area,Center(C),Less Than 8 ft.,1.0,0.0,17.0,1,0,20121031,PHI,DEN
Shot Chart Detail,0021200005,247,201147,Corey Brewer,1610612743,Denver Nuggets,2,4,52,Missed Shot,Jump Shot,3PT Field Goal,Left Corner 3,Left Side(L),24+ ft.,23.0,-231.0,-5.0,1,0,20121031,PHI,DEN
Shot Chart Detail,0021200005,290,201147,Corey Brewer,1610612743,Denver Nuggets,2,0,22,Missed Shot,Layup Shot,2PT Field Goal,Restricted Area,Center(C),Less Than 8 ft.,2.0,28.0,0.0,1,0,20121031,PHI,DEN
Shot Chart Detail,0021200005,367,201147,Corey Brewer,1610612743,Denver Nuggets,3,4,33,Made Shot,Jump Shot,3PT Field Goal,Left Corner 3,Left Side(L),24+ ft.,24.0,-242.0,53.0,1,1,20121031,PHI,DEN
Shot Chart Detail,0021200005,413,201147,Corey Brewer,1610612743,Denver Nuggets,3,1,1,Missed Shot,Jump Shot,3PT Field Goal,Left Corner 3,Left Side(L),24+ ft.,23.0,-235.0,-43.0,1,0,20121031,PHI,DEN
Shot Chart Detail,0021200005,462,201147,Corey Brewer,1610612743,Denver Nuggets,4,8,25,Made Shot,Jump Shot,3PT Field Goal,Above the Break 3,Right Side Center(RC),24+ ft.,24.0,185.0,167.0,1,1,20121031,PHI,DEN
Shot Chart Detail,0021200005,481,201147,Corey Brewer,1610612743,Denver Nuggets,4,6,41,Missed Shot,Jump Shot,3PT Field Goal,Right Corner 3,Right Side(R),24+ ft.,22.0,228.0,-3.0,1,0,20121031,PHI,DEN
Shot Chart Detail,0021200016,89,201147,Corey Brewer,1610612743,Denver Nuggets,1,3,34,Made Shot,Jump Shot,2PT Field Goal,Mid-Range,Center(C),16-24 ft.,19.0,51.0,186.0,1,1,20121102,ORL,DEN
Shot Chart Detail,0021200016,103,201147,Corey Brewer,1610612743,Denver Nuggets,1,2,41,Missed Shot,Driving Bank shot,2PT Field Goal,Mid-Range,Right Side(R),8-16 ft.,9.0,83.0,44.0,1,0,20121102,ORL,DEN
Shot Chart Detail,0021200016,125,201147,Corey Brewer,1610612743,Denver Nuggets,1,0,44,Missed Shot,Jump Shot,2PT Field Goal,Mid-Range,Left Side Center(LC),16-24 ft.,18.0,-122.0,135.0,1,0,20121102,ORL,DEN
Shot Chart Detail,0021200016,148,201147,Corey Brewer,1610612743,Denver Nuggets,2,10,8,Missed Shot,Jump Shot,3PT Field Goal,Above the Break 3,Center(C),24+ ft.,25.0,47.0,254.0,1,0,20121102,ORL,DEN
Shot Chart Detail,0021200016,169,201147,Corey Brewer,1610612743,Denver Nuggets,2,8,10,Made Shot,Jump Shot,3PT Field Goal,Right Corner 3,Right Side(R),24+ ft.,23.0,230.0,60.0,1,1,20121102,ORL,DEN
Shot Chart Detail,0021200016,375,201147,Corey Brewer,1610612743,Denver Nuggets,3,1,52,Missed Shot,Jump Shot,3PT Field Goal,Right Corner 3,Right Side(R),24+ ft.,23.0,234.0,33.0,1,0,20121102,ORL,DEN
Shot Chart Detail,0021200016,461,201147,Corey Brewer,1610612743,Denver Nuggets,4,7,22,Missed Shot,Jump Shot,3PT Field Goal,Above the Break 3,Right Side Center(RC),24+ ft.,25.0,173.0,194.0,1,0,20121102,ORL,DEN
Shot Chart Detail,0021200016,553,201147,Corey Brewer,1610612743,Denver Nuggets,4,0,46,Made Shot,Jump Shot,3PT Field Goal,Above the Break 3,Right Side Center(RC),24+ ft.,24.0,152.0,197.0,1,1,20121102,ORL,DEN
Shot Chart Detail,0021200016,563,201147,Corey Brewer,1610612743,Denver Nuggets,4,0,0,Missed Shot,Jump Shot,3PT Field Goal,Above the Break 3,Left Side Center(LC),24+ ft.,26.0,-108.0,244.0,1,0,20121102,ORL,DEN
Shot Chart Detail,0021200030,121,201147,Corey Brewer,1610612743,Denver Nuggets,1,0,48,Made Shot,Jump Shot,3PT Field Goal,Left Corner 3,Left Side(L),24+ ft.,24.0,-243.0,19.0,1,1,20121103,MIA,DEN
Shot Chart Detail,0021200030,134,201147,Corey Brewer,1610612743,Denver Nuggets,2,11,41,Made Shot,Layup Shot,2PT Field Goal,Restricted Area,Center(C),Less Than 8 ft.,1.0,4.0,11.0,1,1,20121103,MIA,DEN
Shot Chart Detail,0021200030,150,201147,Corey Brewer,1610612743,Denver Nuggets,2,10,24,Missed Shot,Jump Shot,3PT Field Goal,Right Corner 3,Right Side(R),24+ ft.,23.0,231.0,15.0,1,0,20121103,MIA,DEN
Shot Chart Detail,0021200030,160,201147,Corey Brewer,1610612743,Denver Nuggets,2,9,6,Made Shot,Driving Jump shot,2PT Field Goal,In The Paint (Non-RA),Center(C),Less Than 8 ft.,4.0,-40.0,19.0,1,1,20121103,MIA,DEN
Shot Chart Detail,0021200030,169,201147,Corey Brewer,1610612743,Denver Nuggets,2,8,36,Missed Shot,Jump Shot,3PT Field Goal,Above the Break 3,Right Side Center(RC),24+ ft.,24.0,151.0,197.0,1,0,20121103,MIA,DEN
Shot Chart Detail,0021200030,281,201147,Corey Brewer,1610612743,Denver Nuggets,2,0,1,Missed Shot,Jump Shot,3PT Field Goal,Above the Break 3,Center(C),24+ ft.,40.0,88.0,394.0,1,0,20121103,MIA,DEN
Shot Chart Detail,0021200030,337,201147,Corey Brewer,1610612743,Denver Nuggets,3,5,3,Missed Shot,Jump Shot,2PT Field Goal,Mid-Range,Left Side(L),8-16 ft.,13.0,-131.0,15.0,1,0,20121103,MIA,DEN
Shot Chart Detail,0021200030,345,201147,Corey Brewer,1610612743,Denver Nuggets,3,4,38,Missed Shot,Jump Shot,3PT Field Goal,Above the Break 3,Left Side Center(LC),24+ ft.,24.0,-191.0,153.0,1,0,20121103,MIA,DEN
Shot Chart Detail,0021200030,368,201147,Corey Brewer,1610612743,Denver Nuggets,3,2,22,Made Shot,Jump Shot,3PT Field Goal,Left Corner 3,Left Side(L),24+ ft.,24.0,-239.0,44.0,1,1,20121103,MIA,DEN
Shot Chart Detail,0021200030,376,201147,Corey Brewer,1610612743,Denver Nuggets,3,1,8,Missed Shot,Jump Shot,3PT Field Goal,Left Corner 3,Left Side(L),24+ ft.,24.0,-243.0,14.0,1,0,20121103,MIA,DEN
Shot Chart Detail,0021200052,88,201147,Corey Brewer,1610612743,Denver Nuggets,1,0,56,Missed Shot,Jump Shot,3PT Field Goal,Right Corner 3,Right Side(R),24+ ft.,23.0,231.0,-14.0,1,0,20121106,DEN,DET
Shot Chart Detail,0021200052,107,201147,Corey Brewer,1610612743,Denver Nuggets,1,0,3,Made Shot,Jump Shot,3PT Field Goal,Left Corner 3,Left Side(L),24+ ft.,24.0,-240.0,19.0,1,1,20121106,DEN,DET
Shot Chart Detail,0021200052,143,201147,Corey Brewer,1610612743,Denver Nuggets,2,8,53,Made Shot,Jump Shot,3PT Field Goal,Above the Break 3,Left Side Center(LC),24+ ft.,25.0,-193.0,160.0,1,1,20121106,DEN,DET
Shot Chart Detail,0021200052,151,201147,Corey Brewer,1610612743,Denver Nuggets,2,7,44,Missed Shot,Jump Shot,3PT Field Goal,Left Corner 3,Left Side(L),24+ ft.,22.0,-224.0,-14.0,1,0,20121106,DEN,DET
Shot Chart Detail,0021200052,239,201147,Corey Brewer,1610612743,Denver Nuggets,2,0,5,Missed Shot,Jump Shot,3PT Field Goal,Right Corner 3,Right Side(R),24+ ft.,23.0,236.0,12.0,1,0,20121106,DEN,DET
Shot Chart Detail,0021200052,385,201147,Corey Brewer,1610612743,Denver Nuggets,3,0,54,Missed Shot,Jump Shot,2PT Field Goal,Mid-Range,Right Side(R),16-24 ft.,17.0,171.0,52.0,1,0,20121106,DEN,DET
Shot Chart Detail,0021200052,400,201147,Corey Brewer,1610612743,Denver Nuggets,3,0,2,Made Shot,Tip Shot,2PT Field Goal,Restricted Area,Center(C),Less Than 8 ft.,2.0,21.0,-13.0,1,1,20121106,DEN,DET
Shot Chart Detail,0021200052,412,201147,Corey Brewer,1610612743,Denver Nuggets,4,11,16,Missed Shot,Jump Shot,2PT Field Goal,Mid-Range,Left Side(L),8-16 ft.,13.0,-128.0,41.0,1,0,20121106,DEN,DET
Shot Chart Detail,0021200052,429,201147,Corey Brewer,1610612743,Denver Nuggets,4,9,10,Made Shot,Jump Shot,3PT Field Goal,Left Corner 3,Left Side(L),24+ ft.,23.0,-232.0,28.0,1,1,20121106,DEN,DET
Shot Chart Detail,0021200052,435,201147,Corey Brewer,1610612743,Denver Nuggets,4,8,26,Missed Shot,Jump Shot,3PT Field Goal,Right Corner 3,Right Side(R),24+ ft.,24.0,237.0,52.0,1,0,20121106,DEN,DET
Shot Chart Detail,0021200052,450,201147,Corey Brewer,1610612743,Denver Nuggets,4,6,59,Missed Shot,Running Bank shot,2PT Field Goal,Mid-Range,Right Side(R),8-16 ft.,11.0,102.0,58.0,1,0,20121106,DEN,DET
Shot Chart Detail,0021200059,185,201147,Corey Brewer,1610612743,Denver Nuggets,2,9,0,Made Shot,Layup Shot,2PT Field Goal,Restricted Area,Center(C),Less Than 8 ft.,0.0,1.0,1.0,1,1,20121107,HOU,DEN
Shot Chart Detail,0021200059,187,201147,Corey Brewer,1610612743,Denver Nuggets,2,8,41,Missed Shot,Jump Shot,2PT Field Goal,Restricted Area,Center(C),Less Than 8 ft.,3.0,31.0,9.0,1,0,20121107,HOU,DEN
Shot Chart Detail,0021200059,197,201147,Corey Brewer,1610612743,Denver Nuggets,2,8,14,Missed Shot,Jump Shot,3PT Field Goal,Left Corner 3,Left Side(L),24+ ft.,23.0,-237.0,-8.0,1,0,20121107,HOU,DEN
Shot Chart Detail,0021200059,217,201147,Corey Brewer,1610612743,Denver Nuggets,2,6,51,Made Shot,Layup Shot,2PT Field Goal,Restricted Area,Center(C),Less Than 8 ft.,0.0,1.0,1.0,1,1,20121107,HOU,DEN
Shot Chart Detail,0021200059,229,201147,Corey Brewer,1610612743,Denver Nuggets,2,6,2,Missed Shot,Jump Shot,2PT Field Goal,In The Paint (Non-RA),Center(C),Less Than 8 ft.,6.0,62.0,28.0,1,0,20121107,HOU,DEN
Shot Chart Detail,0021200059,258,201147,Corey Brewer,1610612743,Denver Nuggets,2,2,25,Made Shot,Jump Shot,3PT Field Goal,Above the Break 3,Left Side Center(LC),24+ ft.,25.0,-109.0,225.0,1,1,20121107,HOU,DEN
Shot Chart Detail,0021200059,461,201147,Corey Brewer,1610612743,Denver Nuggets,4,10,5,Made Shot,Jump Shot,3PT Field Goal,Above the Break 3,Right Side Center(RC),24+ ft.,24.0,111.0,220.0,1,1,20121107,HOU,DEN
Shot Chart Detail,0021200059,484,201147,Corey Brewer,1610612743,Denver Nuggets,4,8,46,Missed Shot,Jump Shot,3PT Field Goal,Above the Break 3,Right Side Center(RC),24+ ft.,25.0,132.0,214.0,1,0,20121107,HOU,DEN
Shot Chart Detail,0021200059,496,201147,Corey Brewer,1610612743,Denver Nuggets,4,7,48,Missed Shot,Jump Shot,3PT Field Goal,Right Corner 3,Right Side(R),24+ ft.,22.0,225.0,6.0,1,0,20121107,HOU,DEN
Shot Chart Detail,0021200079,97,201147,Corey Brewer,1610612743,Denver Nuggets,1,2,46,Made Shot,Jump Shot,2PT Field Goal,Mid-Range,Right Side Center(RC),16-24 ft.,17.0,103.0,137.0,1,1,20121109,DEN,UTA
Shot Chart Detail,0021200079,100,201147,Corey Brewer,1610612743,Denver Nuggets,1,2,25,Missed Shot,Layup Shot,2PT Field Goal,Restricted Area,Center(C),Less Than 8 ft.,1.0,15.0,-5.0,1,0,20121109,DEN,UTA
Shot Chart Detail,0021200079,104,201147,Corey Brewer,1610612743,Denver Nuggets,1,2,8,Missed Shot,Jump Shot,2PT Field Goal,Mid-Range,Left Side(L),16-24 ft.,16.0,-152.0,60.0,1,0,20121109,DEN,UTA
Shot Chart Detail,0021200079,129,201147,Corey Brewer,1610612743,Denver Nuggets,1,0,5,Made Shot,Jump Shot,3PT Field Goal,Left Corner 3,Left Side(L),24+ ft.,25.0,-239.0,86.0,1,1,20121109,DEN,UTA
Shot Chart Detail,0021200079,141,201147,Corey Brewer,1610612743,Denver Nuggets,2,11,14,Missed Shot,Driving Layup Shot,2PT Field Goal,Restricted Area,Center(C),Less Than 8 ft.,2.0,29.0,-2.0,1,0,20121109,DEN,UTA
Shot Chart Detail,0021200079,184,201147,Corey Brewer,1610612743,Denver Nuggets,2,8,10,Missed Shot,Jump Shot,3PT Field Goal,Above the Break 3,Right Side Center(RC),24+ ft.,24.0,206.0,140.0,1,0,20121109,DEN,UTA
Shot Chart Detail,0021200079,208,201147,Corey Brewer,1610612743,Denver Nuggets,2,7,1,Made Shot,Layup Shot,2PT Field Goal,Restricted Area,Center(C),Less Than 8 ft.,2.0,15.0,15.0,1,1,20121109,DEN,UTA
Shot Chart Detail,0021200079,446,201147,Corey Brewer,1610612743,Denver Nuggets,4,11,45,Missed Shot,Jump Shot,3PT Field Goal,Left Corner 3,Left Side(L),24+ ft.,23.0,-239.0,1.0,1,0,20121109,DEN,UTA
Shot Chart Detail,0021200079,457,201147,Corey Brewer,1610612743,Denver Nuggets,4,10,2,Made Shot,Jump Shot,3PT Field Goal,Right Corner 3,Right Side(R),24+ ft.,23.0,231.0,11.0,1,1,20121109,DEN,UTA
Shot Chart Detail,0021200079,459,201147,Corey Brewer,1610612743,Denver Nuggets,4,9,32,Made Shot,Jump Shot,3PT Field Goal,Left Corner 3,Left Side(L),24+ ft.,22.0,-229.0,3.0,1,1,20121109,DEN,UTA
Shot Chart Detail,0021200079,488,201147,Corey Brewer,1610612743,Denver Nuggets,4,7,6,Missed Shot,Jump Shot,3PT Field Goal,Above the Break 3,Left Side Center(LC),24+ ft.,24.0,-217.0,121.0,1,0,20121109,DEN,UTA
Shot Chart Detail,0021200079,509,201147,Corey Brewer,1610612743,Denver Nuggets,4,5,23,Missed Shot,Running Jump Shot,2PT Field Goal,In The Paint (Non-RA),Center(C),Less Than 8 ft.,6.0,18.0,58.0,1,0,20121109,DEN,UTA
Shot Chart Detail,0021200079,520,201147,Corey Brewer,1610612743,Denver Nuggets,4,4,4,Made Shot,Jump Shot,3PT Field Goal,Right Corner 3,Right Side(R),24+ ft.,22.0,226.0,36.0,1,1,20121109,DEN,UTA
Shot Chart Detail,0021200079,527,201147,Corey Brewer,1610612743,Denver Nuggets,4,3,8,Made Shot,Jump Shot,3PT Field Goal,Right Corner 3,Right Side(R),24+ ft.,23.0,239.0,11.0,1,1,20121109,DEN,UTA
Shot Chart Detail,0021200089,108,201147,Corey Brewer,1610612743,Denver Nuggets,1,2,33,Missed Shot,Jump Shot,2PT Field Goal,Restricted Area,Center(C),Less Than 8 ft.,3.0,-16.0,28.0,1,0,20121110,GSW,DEN
Shot Chart Detail,0021200089,115,201147,Corey Brewer,1610612743,Denver Nuggets,1,1,59,Missed Shot,Jump Shot,3PT Field Goal,Above the Break 3,Right Side Center(RC),24+ ft.,26.0,185.0,190.0,1,0,20121110,GSW,DEN
Shot Chart Detail,0021200089,180,201147,Corey Brewer,1610612743,Denver Nuggets,2,8,8,Missed Shot,Putback Layup Shot,2PT Field Goal,Restricted Area,Center(C),Less Than 8 ft.,1.0,4.0,19.0,1,0,20121110,GSW,DEN
Shot Chart Detail,0021200089,211,201147,Corey Brewer,1610612743,Denver Nuggets,2,5,49,Missed Shot,Pullup Jump shot,3PT Field Goal,Above the Break 3,Left Side Center(LC),24+ ft.,25.0,-105.0,230.0,1,0,20121110,GSW,DEN
Shot Chart Detail,0021200089,224,201147,Corey Brewer,1610612743,Denver Nuggets,2,5,8,Made Shot,Running Bank shot,2PT Field Goal,In The Paint (Non-RA),Center(C),Less Than 8 ft.,6.0,-7.0,61.0,1,1,20121110,GSW,DEN
Shot Chart Detail,0021200089,233,201147,Corey Brewer,1610612743,Denver Nuggets,2,4,0,Made Shot,Driving Layup Shot,2PT Field Goal,Restricted Area,Center(C),Less Than 8 ft.,1.0,1.0,12.0,1,1,20121110,GSW,DEN
Shot Chart Detail,0021200089,390,201147,Corey Brewer,1610612743,Denver Nuggets,3,1,5,Made Shot,Step Back Jump shot,2PT Field Goal,Mid-Range,Right Side Center(RC),16-24 ft.,19.0,132.0,138.0,1,1,20121110,GSW,DEN
Shot Chart Detail,0021200089,392,201147,Corey Brewer,1610612743,Denver Nuggets,3,0,32,Made Shot,Running Jump Shot,2PT Field Goal,In The Paint (Non-RA),Center(C),8-16 ft.,8.0,-29.0,85.0,1,1,20121110,GSW,DEN
Shot Chart Detail,0021200089,418,201147,Corey Brewer,1610612743,Denver Nuggets,4,11,0,Missed Shot,Jump Shot,3PT Field Goal,Above the Break 3,Left Side Center(LC),24+ ft.,27.0,-193.0,189.0,1,0,20121110,GSW,DEN
Shot Chart Detail,0021200089,441,201147,Corey Brewer,1610612743,Denver Nuggets,4,9,5,Made Shot,Driving Layup Shot,2PT Field Goal,Restricted Area,Center(C),Less Than 8 ft.,1.0,4.0,12.0,1,1,20121110,GSW,DEN
Shot Chart Detail,0021200089,638,201147,Corey Brewer,1610612743,Denver Nuggets,6,1,48,Missed Shot,Layup Shot,2PT Field Goal,Restricted Area,Center(C),Less Than 8 ft.,2.0,15.0,17.0,1,0,20121110,GSW,DEN
Shot Chart Detail,0021200089,640,201147,Corey Brewer,1610612743,Denver Nuggets,6,1,42,Missed Shot,Layup Shot,2PT Field Goal,Restricted Area,Center(C),Less Than 8 ft.,2.0,-5.0,25.0,1,0,20121110,GSW,DEN
Shot Chart Detail,0021200101,96,201147,Corey Brewer,1610612743,Denver Nuggets,1,3,0,Missed Shot,Layup Shot,2PT Field Goal,Restricted Area,Center(C),Less Than 8 ft.,2.0,26.0,14.0,1,0,20121112,PHX,DEN
Shot Chart Detail,0021200101,128,201147,Corey Brewer,1610612743,Denver Nuggets,1,0,30,Made Shot,Jump Shot,3PT Field Goal,Left Corner 3,Left Side(L),24+ ft.,22.0,-228.0,-3.0,1,1,20121112,PHX,DEN
Shot Chart Detail,0021200101,141,201147,Corey Brewer,1610612743,Denver Nuggets,2,11,34,Made Shot,Layup Shot,2PT Field Goal,Restricted Area,Center(C),Less Than 8 ft.,1.0,9.0,7.0,1,1,20121112,PHX,DEN
Shot Chart Detail,0021200101,152,201147,Corey Brewer,1610612743,Denver Nuggets,2,10,21,Missed Shot,Jump Shot,3PT Field Goal,Right Corner 3,Right Side(R),24+ ft.,23.0,231.0,4.0,1,0,20121112,PHX,DEN
Shot Chart Detail,0021200101,196,201147,Corey Brewer,1610612743,Denver Nuggets,2,7,0,Missed Shot,Layup Shot,2PT Field Goal,Restricted Area,Center(C),Less Than 8 ft.,1.0,-15.0,6.0,1,0,20121112,PHX,DEN
Shot Chart Detail,0021200101,207,201147,Corey Brewer,1610612743,Denver Nuggets,2,6,22,Missed Shot,Layup Shot,2PT Field Goal,Restricted Area,Center(C),Less Than 8 ft.,1.0,-18.0,4.0,1,0,20121112,PHX,DEN
Shot Chart Detail,0021200101,236,201147,Corey Brewer,1610612743,Denver Nuggets,2,3,14,Missed Shot,Jump Shot,2PT Field Goal,Mid-Range,Left Side Center(LC),16-24 ft.,17.0,-86.0,156.0,1,0,20121112,PHX,DEN
Shot Chart Detail,0021200101,240,201147,Corey Brewer,1610612743,Denver Nuggets,2,2,59,Made Shot,Layup Shot,2PT Field Goal,Restricted Area,Center(C),Less Than 8 ft.,0.0,-2.0,7.0,1,1,20121112,PHX,DEN
Shot Chart Detail,0021200101,362,201147,Corey Brewer,1610612743,Denver Nuggets,3,3,1,Missed Shot,Jump Shot,3PT Field Goal,Above the Break 3,Left Side Center(LC),24+ ft.,25.0,-217.0,129.0,1,0,20121112,PHX,DEN
Shot Chart Detail,0021200121,69,201147,Corey Brewer,1610612743,Denver Nuggets,1,4,15,Missed Shot,Layup Shot,2PT Field Goal,Restricted Area,Center(C),Less Than 8 ft.,1.0,7.0,9.0,1,0,20121115,DEN,MIA
Shot Chart Detail,0021200121,123,201147,Corey Brewer,1610612743,Denver Nuggets,2,9,26,Missed Shot,Jump Shot,3PT Field Goal,Above the Break 3,Right Side Center(RC),24+ ft.,24.0,129.0,205.0,1,0,20121115,DEN,MIA
Shot Chart Detail,0021200121,125,201147,Corey Brewer,1610612743,Denver Nuggets,2,9,17,Missed Shot,Turnaround Jump Shot,2PT Field Goal,Mid-Range,Left Side(L),16-24 ft.,19.0,-174.0,83.0,1,0,20121115,DEN,MIA
Shot Chart Detail,0021200121,131,201147,Corey Brewer,1610612743,Denver Nuggets,2,8,39,Missed Shot,Jump Shot,3PT Field Goal,Left Corner 3,Left Side(L),24+ ft.,24.0,-239.0,39.0,1,0,20121115,DEN,MIA
Shot Chart Detail,0021200121,135,201147,Corey Brewer,1610612743,Denver Nuggets,2,8,17,Missed Shot,Jump Shot,3PT Field Goal,Left Corner 3,Left Side(L),24+ ft.,23.0,-231.0,-8.0,1,0,20121115,DEN,MIA
Shot Chart Detail,0021200121,157,201147,Corey Brewer,1610612743,Denver Nuggets,2,6,41,Missed Shot,Running Layup Shot,2PT Field Goal,Restricted Area,Center(C),Less Than 8 ft.,0.0,0.0,7.0,1,0,20121115,DEN,MIA
Shot Chart Detail,0021200121,366,201147,Corey Brewer,1610612743,Denver Nuggets,4,11,41,Missed Shot,Jump Shot,2PT Field Goal,Mid-Range,Left Side(L),16-24 ft.,17.0,-174.0,12.0,1,0,20121115,DEN,MIA
Shot Chart Detail,0021200121,405,201147,Corey Brewer,1610612743,Denver Nuggets,4,7,20,Made Shot,Layup Shot,2PT Field Goal,Restricted Area,Center(C),Less Than 8 ft.,2.0,28.0,3.0,1,1,20121115,DEN,MIA
Shot Chart Detail,0021200137,126,201147,Corey Brewer,1610612743,Denver Nuggets,1,0,1,Missed Shot,Jump Shot,2PT Field Goal,In The Paint (Non-RA),Center(C),Less Than 8 ft.,5.0,-52.0,0.0,1,0,20121117,SAS,DEN
Shot Chart Detail,0021200137,169,201147,Corey Brewer,1610612743,Denver Nuggets,2,7,58,Made Shot,Jump Shot,3PT Field Goal,Above the Break 3,Right Side Center(RC),24+ ft.,25.0,181.0,179.0,1,1,20121117,SAS,DEN
Shot Chart Detail,0021200137,178,201147,Corey Brewer,1610612743,Denver Nuggets,2,6,51,Missed Shot,Jump Shot,3PT Field Goal,Left Corner 3,Left Side(L),24+ ft.,23.0,-234.0,4.0,1,0,20121117,SAS,DEN
Shot Chart Detail,0021200137,318,201147,Corey Brewer,1610612743,Denver Nuggets,3,6,2,Missed Shot,Layup Shot,2PT Field Goal,Restricted Area,Center(C),Less Than 8 ft.,1.0,7.0,12.0,1,0,20121117,SAS,DEN
Shot Chart Detail,0021200137,373,201147,Corey Brewer,1610612743,Denver Nuggets,3,1,28,Missed Shot,Layup Shot,2PT Field Goal,Restricted Area,Center(C),Less Than 8 ft.,2.0,-10.0,28.0,1,0,20121117,SAS,DEN
Shot Chart Detail,0021200137,376,201147,Corey Brewer,1610612743,Denver Nuggets,3,1,18,Made Shot,Jump Shot,3PT Field Goal,Right Corner 3,Right Side(R),24+ ft.,23.0,231.0,1.0,1,1,20121117,SAS,DEN
Shot Chart Detail,0021200137,411,201147,Corey Brewer,1610612743,Denver Nuggets,4,10,19,Missed Shot,Jump Shot,2PT Field Goal,In The Paint (Non-RA),Right Side(R),8-16 ft.,8.0,69.0,55.0,1,0,20121117,SAS,DEN
Shot Chart Detail,0021200137,440,201147,Corey Brewer,1610612743,Denver Nuggets,4,8,16,Made Shot,Jump Shot,2PT Field Goal,Mid-Range,Right Side Center(RC),16-24 ft.,17.0,70.0,157.0,1,1,20121117,SAS,DEN
Shot Chart Detail,0021200137,522,201147,Corey Brewer,1610612743,Denver Nuggets,4,0,3,Made Shot,Layup Shot,2PT Field Goal,Restricted Area,Center(C),Less Than 8 ft.,0.0,6.0,3.0,1,1,20121117,SAS,DEN
Shot Chart Detail,0021200150,141,201147,Corey Brewer,1610612743,Denver Nuggets,2,10,28,Made Shot,Jump Shot,2PT Field Goal,Mid-Range,Center(C),16-24 ft.,17.0,24.0,178.0,1,1,20121119,MEM,DEN
Shot Chart Detail,0021200150,143,201147,Corey Brewer,1610612743,Denver Nuggets,2,9,50,Missed Shot,Running Jump Shot,2PT Field Goal,In The Paint (Non-RA),Center(C),Less Than 8 ft.,5.0,32.0,50.0,1,0,20121119,MEM,DEN
Shot Chart Detail,0021200150,174,201147,Corey Brewer,1610612743,Denver Nuggets,2,7,52,Missed Shot,Running Jump Shot,2PT Field Goal,In The Paint (Non-RA),Center(C),Less Than 8 ft.,4.0,-5.0,47.0,1,0,20121119,MEM,DEN
Shot Chart Detail,0021200150,185,201147,Corey Brewer,1610612743,Denver Nuggets,2,6,37,Missed Shot,Jump Shot,2PT Field Goal,Mid-Range,Left Side(L),8-16 ft.,14.0,-146.0,15.0,1,0,20121119,MEM,DEN
Shot Chart Detail,0021200150,338,201147,Corey Brewer,1610612743,Denver Nuggets,3,0,7,Made Shot,Jump Shot,3PT Field Goal,Left Corner 3,Left Side(L),24+ ft.,23.0,-237.0,-3.0,1,1,20121119,MEM,DEN
Shot Chart Detail,0021200150,374,201147,Corey Brewer,1610612743,Denver Nuggets,4,10,10,Made Shot,Dunk Shot,2PT Field Goal,Restricted Area,Center(C),Less Than 8 ft.,0.0,-1.0,1.0,1,1,20121119,MEM,DEN
Shot Chart Detail,0021200150,389,201147,Corey Brewer,1610612743,Denver Nuggets,4,8,48,Missed Shot,Jump Shot,3PT Field Goal,Left Corner 3,Left Side(L),24+ ft.,23.0,-232.0,0.0,1,0,20121119,MEM,DEN
Shot Chart Detail,0021200166,123,201147,Corey Brewer,1610612743,Denver Nuggets,2,11,30,Made Shot,Layup Shot,2PT Field Goal,Restricted Area,Center(C),Less Than 8 ft.,1.0,0.0,11.0,1,1,20121121,MIN,DEN
Shot Chart Detail,0021200166,138,201147,Corey Brewer,1610612743,Denver Nuggets,2,10,5,Missed Shot,Pullup Jump shot,2PT Field Goal,Mid-Range,Left Side(L),16-24 ft.,19.0,-175.0,91.0,1,0,20121121,MIN,DEN
Shot Chart Detail,0021200166,143,201147,Corey Brewer,1610612743,Denver Nuggets,2,9,38,Made Shot,Driving Reverse Layup Shot,2PT Field Goal,Restricted Area,Center(C),Less Than 8 ft.,1.0,12.0,-2.0,1,1,20121121,MIN,DEN
Shot Chart Detail,0021200166,147,201147,Corey Brewer,1610612743,Denver Nuggets,2,9,11,Missed Shot,Jump Shot,2PT Field Goal,Mid-Range,Right Side Center(RC),16-24 ft.,19.0,70.0,179.0,1,0,20121121,MIN,DEN
Shot Chart Detail,0021200166,440,201147,Corey Brewer,1610612743,Denver Nuggets,4,9,9,Missed Shot,Jump Shot,3PT Field Goal,Left Corner 3,Left Side(L),24+ ft.,23.0,-235.0,17.0,1,0,20121121,MIN,DEN
Shot Chart Detail,0021200166,450,201147,Corey Brewer,1610612743,Denver Nuggets,4,8,23,Made Shot,Layup Shot,2PT Field Goal,Restricted Area,Center(C),Less Than 8 ft.,0.0,-7.0,-2.0,1,1,20121121,MIN,DEN
Shot Chart Detail,0021200179,92,201147,Corey Brewer,1610612743,Denver Nuggets,1,3,13,Missed Shot,Layup Shot,2PT Field Goal,Restricted Area,Center(C),Less Than 8 ft.,1.0,-5.0,17.0,1,0,20121123,DEN,GSW
Shot Chart Detail,0021200179,102,201147,Corey Brewer,1610612743,Denver Nuggets,1,2,41,Missed Shot,Jump Shot,3PT Field Goal,Above the Break 3,Left Side Center(LC),24+ ft.,26.0,-185.0,184.0,1,0,20121123,DEN,GSW
Shot Chart Detail,0021200179,139,201147,Corey Brewer,1610612743,Denver Nuggets,1,0,3,Made Shot,Reverse Layup Shot,2PT Field Goal,Restricted Area,Center(C),Less Than 8 ft.,1.0,18.0,-6.0,1,1,20121123,DEN,GSW
Shot Chart Detail,0021200179,151,201147,Corey Brewer,1610612743,Denver Nuggets,2,10,46,Made Shot,Reverse Layup Shot,2PT Field Goal,Restricted Area,Center(C),Less Than 8 ft.,2.0,24.0,6.0,1,1,20121123,DEN,GSW
Shot Chart Detail,0021200179,153,201147,Corey Brewer,1610612743,Denver Nuggets,2,10,6,Missed Shot,Running Jump Shot,2PT Field Goal,In The Paint (Non-RA),Center(C),Less Than 8 ft.,7.0,-38.0,63.0,1,0,20121123,DEN,GSW
Shot Chart Detail,0021200179,432,201147,Corey Brewer,1610612743,Denver Nuggets,3,0,4,Missed Shot,Jump Shot,3PT Field Goal,Left Corner 3,Left Side(L),24+ ft.,22.0,-228.0,-5.0,1,0,20121123,DEN,GSW
Shot Chart Detail,0021200179,434,201147,Corey Brewer,1610612743,Denver Nuggets,3,0,3,Made Shot,Jump Shot,2PT Field Goal,Mid-Range,Left Side(L),8-16 ft.,14.0,-139.0,42.0,1,1,20121123,DEN,GSW
Shot Chart Detail,0021200179,459,201147,Corey Brewer,1610612743,Denver Nuggets,4,8,49,Missed Shot,Layup Shot,2PT Field Goal,Restricted Area,Center(C),Less Than 8 ft.,2.0,-27.0,3.0,1,0,20121123,DEN,GSW
Shot Chart Detail,0021200179,484,201147,Corey Brewer,1610612743,Denver Nuggets,4,6,52,Made Shot,Driving Reverse Layup Shot,2PT Field Goal,Restricted Area,Center(C),Less Than 8 ft.,2.0,-21.0,4.0,1,1,20121123,DEN,GSW
Shot Chart Detail,0021200179,537,201147,Corey Brewer,1610612743,Denver Nuggets,4,1,14,Missed Shot,Jump Shot,3PT Field Goal,Right Corner 3,Right Side(R),24+ ft.,23.0,234.0,52.0,1,0,20121123,DEN,GSW
Shot Chart Detail,0021200196,76,201147,Corey Brewer,1610612743,Denver Nuggets,1,1,43,Missed Shot,Layup Shot,2PT Field Goal,Restricted Area,Center(C),Less Than 8 ft.,2.0,-23.0,1.0,1,0,20121125,DEN,NOH
Shot Chart Detail,0021200196,106,201147,Corey Brewer,1610612743,Denver Nuggets,2,10,12,Missed Shot,Reverse Layup Shot,2PT Field Goal,Restricted Area,Center(C),Less Than 8 ft.,1.0,17.0,3.0,1,0,20121125,DEN,NOH
Shot Chart Detail,0021200196,121,201147,Corey Brewer,1610612743,Denver Nuggets,2,8,55,Made Shot,Layup Shot,2PT Field Goal,Restricted Area,Center(C),Less Than 8 ft.,1.0,15.0,-2.0,1,1,20121125,DEN,NOH
Shot Chart Detail,0021200196,124,201147,Corey Brewer,1610612743,Denver Nuggets,2,8,27,Missed Shot,Layup Shot,2PT Field Goal,Restricted Area,Center(C),Less Than 8 ft.,0.0,7.0,0.0,1,0,20121125,DEN,NOH
Shot Chart Detail,0021200196,341,201147,Corey Brewer,1610612743,Denver Nuggets,3,2,4,Made Shot,Dunk Shot,2PT Field Goal,Restricted Area,Center(C),Less Than 8 ft.,0.0,9.0,-3.0,1,1,20121125,DEN,NOH
Shot Chart Detail,0021200196,382,201147,Corey Brewer,1610612743,Denver Nuggets,4,10,9,Missed Shot,Floating Jump shot,2PT Field Goal,In The Paint (Non-RA),Center(C),8-16 ft.,8.0,1.0,83.0,1,0,20121125,DEN,NOH
Shot Chart Detail,0021200196,411,201147,Corey Brewer,1610612743,Denver Nuggets,4,7,40,Missed Shot,Jump Shot,2PT Field Goal,Mid-Range,Center(C),16-24 ft.,22.0,-26.0,228.0,1,0,20121125,DEN,NOH
Shot Chart Detail,0021200196,426,201147,Corey Brewer,1610612743,Denver Nuggets,4,5,35,Missed Shot,Jump Shot,3PT Field Goal,Right Corner 3,Right Side(R),24+ ft.,23.0,233.0,26.0,1,0,20121125,DEN,NOH
Shot Chart Detail,0021200196,452,201147,Corey Brewer,1610612743,Denver Nuggets,4,3,30,Made Shot,Layup Shot,2PT Field Goal,Restricted Area,Center(C),Less Than 8 ft.,1.0,-10.0,0.0,1,1,20121125,DEN,NOH
Shot Chart Detail,0021200196,470,201147,Corey Brewer,1610612743,Denver Nuggets,4,1,44,Missed Shot,Jump Shot,2PT Field Goal,Mid-Range,Right Side Center(RC),16-24 ft.,19.0,130.0,142.0,1,0,20121125,DEN,NOH
Shot Chart Detail,0021200202,49,201147,Corey Brewer,1610612743,Denver Nuggets,1,5,19,Made Shot,Layup Shot,2PT Field Goal,Restricted Area,Center(C),Less Than 8 ft.,2.0,24.0,4.0,1,1,20121126,UTA,DEN
Shot Chart Detail,0021200202,272,201147,Corey Brewer,1610612743,Denver Nuggets,3,9,30,Made Shot,Jump Shot,3PT Field Goal,Right Corner 3,Right Side(R),24+ ft.,23.0,231.0,34.0,1,1,20121126,UTA,DEN
Shot Chart Detail,0021200202,275,201147,Corey Brewer,1610612743,Denver Nuggets,3,9,1,Made Shot,Jump Shot,3PT Field Goal,Right Corner 3,Right Side(R),24+ ft.,22.0,225.0,44.0,1,1,20121126,UTA,DEN
Shot Chart Detail,0021200202,286,201147,Corey Brewer,1610612743,Denver Nuggets,3,7,27,Made Shot,Jump Shot,2PT Field Goal,Restricted Area,Center(C),Less Than 8 ft.,3.0,32.0,3.0,1,1,20121126,UTA,DEN
Shot Chart Detail,0021200202,288,201147,Corey Brewer,1610612743,Denver Nuggets,3,7,1,Missed Shot,Running Bank shot,2PT Field Goal,Restricted Area,Center(C),Less Than 8 ft.,3.0,2.0,30.0,1,0,20121126,UTA,DEN
Shot Chart Detail,0021200221,46,201147,Corey Brewer,1610612743,Denver Nuggets,1,7,11,Missed Shot,Jump Shot,3PT Field Goal,Above the Break 3,Right Side Center(RC),24+ ft.,26.0,192.0,184.0,1,0,20121129,GSW,DEN
Shot Chart Detail,0021200221,48,201147,Corey Brewer,1610612743,Denver Nuggets,1,7,7,Missed Shot,Jump Shot,2PT Field Goal,Restricted Area,Center(C),Less Than 8 ft.,3.0,7.0,30.0,1,0,20121129,GSW,DEN
Shot Chart Detail,0021200221,60,201147,Corey Brewer,1610612743,Denver Nuggets,1,5,43,Made Shot,Jump Shot,2PT Field Goal,Mid-Range,Left Side Center(LC),16-24 ft.,22.0,-155.0,164.0,1,1,20121129,GSW,DEN
Shot Chart Detail,0021200221,78,201147,Corey Brewer,1610612743,Denver Nuggets,1,4,12,Missed Shot,Jump Shot,2PT Field Goal,Mid-Range,Right Side(R),8-16 ft.,15.0,151.0,17.0,1,0,20121129,GSW,DEN
Shot Chart Detail,0021200221,101,201147,Corey Brewer,1610612743,Denver Nuggets,1,1,53,Made Shot,Driving Layup Shot,2PT Field Goal,Restricted Area,Center(C),Less Than 8 ft.,1.0,-13.0,1.0,1,1,20121129,GSW,DEN
Shot Chart Detail,0021200221,106,201147,Corey Brewer,1610612743,Denver Nuggets,1,1,31,Made Shot,Step Back Jump shot,3PT Field Goal,Right Corner 3,Right Side(R),24+ ft.,23.0,230.0,-6.0,1,1,20121129,GSW,DEN
Shot Chart Detail,0021200221,110,201147,Corey Brewer,1610612743,Denver Nuggets,1,0,53,Missed Shot,Jump Shot,3PT Field Goal,Above the Break 3,Right Side Center(RC),24+ ft.,26.0,179.0,192.0,1,0,20121129,GSW,DEN
Shot Chart Detail,0021200221,116,201147,Corey Brewer,1610612743,Denver Nuggets,1,0,29,Missed Shot,Jump Shot,2PT Field Goal,Mid-Range,Left Side(L),8-16 ft.,10.0,-105.0,6.0,1,0,20121129,GSW,DEN
Shot Chart Detail,0021200221,354,201147,Corey Brewer,1610612743,Denver Nuggets,4,11,0,Made Shot,Jump Shot,3PT Field Goal,Above the Break 3,Right Side Center(RC),24+ ft.,26.0,163.0,206.0,1,1,20121129,GSW,DEN
Shot Chart Detail,0021200221,394,201147,Corey Brewer,1610612743,Denver Nuggets,4,7,23,Missed Shot,Jump Shot,3PT Field Goal,Above the Break 3,Left Side Center(LC),24+ ft.,25.0,-180.0,186.0,1,0,20121129,GSW,DEN
Shot Chart Detail,0021200221,414,201147,Corey Brewer,1610612743,Denver Nuggets,4,5,15,Missed Shot,Jump Shot,2PT Field Goal,Mid-Range,Left Side(L),16-24 ft.,20.0,-204.0,-3.0,1,0,20121129,GSW,DEN
Shot Chart Detail,0021200221,465,201147,Corey Brewer,1610612743,Denver Nuggets,4,2,2,Missed Shot,Pullup Jump shot,3PT Field Goal,Left Corner 3,Left Side(L),24+ ft.,23.0,-234.0,12.0,1,0,20121129,GSW,DEN
Shot Chart Detail,0021200232,92,201147,Corey Brewer,1610612743,Denver Nuggets,1,1,14,Made Shot,Running Jump Shot,2PT Field Goal,In The Paint (Non-RA),Center(C),Less Than 8 ft.,4.0,-4.0,44.0,1,1,20121130,LAL,DEN
Shot Chart Detail,0021200232,157,201147,Corey Brewer,1610612743,Denver Nuggets,2,6,59,Missed Shot,Jump Shot,2PT Field Goal,In The Paint (Non-RA),Center(C),8-16 ft.,14.0,-71.0,127.0,1,0,20121130,LAL,DEN
Shot Chart Detail,0021200232,366,201147,Corey Brewer,1610612743,Denver Nuggets,3,2,29,Made Shot,Jump Shot,3PT Field Goal,Left Corner 3,Left Side(L),24+ ft.,24.0,-248.0,-19.0,1,1,20121130,LAL,DEN
Shot Chart Detail,0021200232,389,201147,Corey Brewer,1610612743,Denver Nuggets,3,0,26,Made Shot,Jump Shot,3PT Field Goal,Left Corner 3,Left Side(L),24+ ft.,23.0,-235.0,36.0,1,1,20121130,LAL,DEN
Shot Chart Detail,0021200232,402,201147,Corey Brewer,1610612743,Denver Nuggets,4,10,51,Missed Shot,Jump Shot,2PT Field Goal,In The Paint (Non-RA),Right Side(R),8-16 ft.,12.0,62.0,104.0,1,0,20121130,LAL,DEN
Shot Chart Detail,0021200232,419,201147,Corey Brewer,1610612743,Denver Nuggets,4,9,1,Missed Shot,Layup Shot,2PT Field Goal,Restricted Area,Center(C),Less Than 8 ft.,2.0,-8.0,20.0,1,0,20121130,LAL,DEN
Shot Chart Detail,0021200232,424,201147,Corey Brewer,1610612743,Denver Nuggets,4,8,28,Missed Shot,Jump Shot,3PT Field Goal,Left Corner 3,Left Side(L),24+ ft.,23.0,-239.0,4.0,1,0,20121130,LAL,DEN
Shot Chart Detail,0021200248,108,201147,Corey Brewer,1610612743,Denver Nuggets,1,2,27,Missed Shot,Jump Shot,2PT Field Goal,In The Paint (Non-RA),Left Side(L),8-16 ft.,10.0,-54.0,88.0,1,0,20121203,DEN,TOR
Shot Chart Detail,0021200248,116,201147,Corey Brewer,1610612743,Denver Nuggets,1,1,45,Made Shot,Dunk Shot,2PT Field Goal,Restricted Area,Center(C),Less Than 8 ft.,1.0,9.0,7.0,1,1,20121203,DEN,TOR
Shot Chart Detail,0021200248,119,201147,Corey Brewer,1610612743,Denver Nuggets,1,1,21,Made Shot,Dunk Shot,2PT Field Goal,Restricted Area,Center(C),Less Than 8 ft.,0.0,0.0,6.0,1,1,20121203,DEN,TOR
Shot Chart Detail,0021200248,133,201147,Corey Brewer,1610612743,Denver Nuggets,1,0,34,Made Shot,Layup Shot,2PT Field Goal,Restricted Area,Center(C),Less Than 8 ft.,0.0,-2.0,-5.0,1,1,20121203,DEN,TOR
Shot Chart Detail,0021200248,143,201147,Corey Brewer,1610612743,Denver Nuggets,2,11,2,Made Shot,Dunk Shot,2PT Field Goal,Restricted Area,Center(C),Less Than 8 ft.,1.0,-8.0,11.0,1,1,20121203,DEN,TOR
Shot Chart Detail,0021200248,158,201147,Corey Brewer,1610612743,Denver Nuggets,2,9,30,Made Shot,Reverse Layup Shot,2PT Field Goal,Restricted Area,Center(C),Less Than 8 ft.,2.0,15.0,22.0,1,1,20121203,DEN,TOR
Shot Chart Detail,0021200248,168,201147,Corey Brewer,1610612743,Denver Nuggets,2,8,30,Missed Shot,Jump Shot,2PT Field Goal,Mid-Range,Left Side(L),16-24 ft.,16.0,-169.0,12.0,1,0,20121203,DEN,TOR
Shot Chart Detail,0021200248,176,201147,Corey Brewer,1610612743,Denver Nuggets,2,7,16,Made Shot,Jump Shot,3PT Field Goal,Left Corner 3,Left Side(L),24+ ft.,22.0,-226.0,-5.0,1,1,20121203,DEN,TOR
Shot Chart Detail,0021200248,182,201147,Corey Brewer,1610612743,Denver Nuggets,2,6,54,Missed Shot,Layup Shot,2PT Field Goal,Restricted Area,Center(C),Less Than 8 ft.,0.0,9.0,1.0,1,0,20121203,DEN,TOR
Shot Chart Detail,0021200248,189,201147,Corey Brewer,1610612743,Denver Nuggets,2,6,52,Missed Shot,Putback Layup Shot,2PT Field Goal,Restricted Area,Center(C),Less Than 8 ft.,0.0,8.0,3.0,1,0,20121203,DEN,TOR
Shot Chart Detail,0021200248,183,201147,Corey Brewer,1610612743,Denver Nuggets,2,6,51,Made Shot,Tip Shot,2PT Field Goal,Restricted Area,Center(C),Less Than 8 ft.,1.0,15.0,11.0,1,1,20121203,DEN,TOR
Shot Chart Detail,0021200248,423,201147,Corey Brewer,1610612743,Denver Nuggets,4,11,41,Missed Shot,Jump Shot,2PT Field Goal,Mid-Range,Center(C),16-24 ft.,16.0,1.0,165.0,1,0,20121203,DEN,TOR
Shot Chart Detail,0021200248,438,201147,Corey Brewer,1610612743,Denver Nuggets,4,10,49,Made Shot,Slam Dunk Shot,2PT Field Goal,Restricted Area,Center(C),Less Than 8 ft.,1.0,9.0,-5.0,1,1,20121203,DEN,TOR
Shot Chart Detail,0021200248,451,201147,Corey Brewer,1610612743,Denver Nuggets,4,9,6,Made Shot,Reverse Layup Shot,2PT Field Goal,Restricted Area,Center(C),Less Than 8 ft.,2.0,21.0,-6.0,1,1,20121203,DEN,TOR
Shot Chart Detail,0021200248,454,201147,Corey Brewer,1610612743,Denver Nuggets,4,8,29,Missed Shot,Jump Shot,3PT Field Goal,Left Corner 3,Left Side(L),24+ ft.,22.0,-229.0,4.0,1,0,20121203,DEN,TOR
Shot Chart Detail,0021200260,80,201147,Corey Brewer,1610612743,Denver Nuggets,1,3,48,Made Shot,Running Dunk Shot,2PT Field Goal,Restricted Area,Center(C),Less Than 8 ft.,1.0,10.0,1.0,1,1,20121205,ATL,DEN
Shot Chart Detail,0021200260,98,201147,Corey Brewer,1610612743,Denver Nuggets,1,2,17,Made Shot,Running Layup Shot,2PT Field Goal,Restricted Area,Center(C),Less Than 8 ft.,0.0,-5.0,0.0,1,1,20121205,ATL,DEN
Shot Chart Detail,0021200260,115,201147,Corey Brewer,1610612743,Denver Nuggets,1,0,52,Missed Shot,Jump Shot,2PT Field Goal,Mid-Range,Right Side Center(RC),16-24 ft.,21.0,100.0,189.0,1,0,20121205,ATL,DEN
Shot Chart Detail,0021200260,137,201147,Corey Brewer,1610612743,Denver Nuggets,2,11,20,Made Shot,Driving Jump shot,2PT Field Goal,In The Paint (Non-RA),Center(C),Less Than 8 ft.,4.0,-32.0,31.0,1,1,20121205,ATL,DEN
Shot Chart Detail,0021200260,152,201147,Corey Brewer,1610612743,Denver Nuggets,2,9,59,Made Shot,Running Layup Shot,2PT Field Goal,Restricted Area,Center(C),Less Than 8 ft.,0.0,2.0,1.0,1,1,20121205,ATL,DEN
Shot Chart Detail,0021200260,170,201147,Corey Brewer,1610612743,Denver Nuggets,2,8,29,Missed Shot,Jump Shot,3PT Field Goal,Left Corner 3,Left Side(L),24+ ft.,23.0,-232.0,6.0,1,0,20121205,ATL,DEN
Shot Chart Detail,0021200260,235,201147,Corey Brewer,1610612743,Denver Nuggets,2,2,58,Missed Shot,Jump Shot,3PT Field Goal,Right Corner 3,Right Side(R),24+ ft.,24.0,244.0,19.0,1,0,20121205,ATL,DEN
Shot Chart Detail,0021200260,248,201147,Corey Brewer,1610612743,Denver Nuggets,2,2,28,Made Shot,Running Dunk Shot,2PT Field Goal,Restricted Area,Center(C),Less Than 8 ft.,1.0,13.0,4.0,1,1,20121205,ATL,DEN
Shot Chart Detail,0021200260,262,201147,Corey Brewer,1610612743,Denver Nuggets,2,0,59,Made Shot,Running Layup Shot,2PT Field Goal,Restricted Area,Center(C),Less Than 8 ft.,2.0,21.0,17.0,1,1,20121205,ATL,DEN
Shot Chart Detail,0021200260,265,201147,Corey Brewer,1610612743,Denver Nuggets,2,0,33,Missed Shot,Driving Jump shot,2PT Field Goal,In The Paint (Non-RA),Center(C),Less Than 8 ft.,5.0,-5.0,56.0,1,0,20121205,ATL,DEN
Shot Chart Detail,0021200260,335,201147,Corey Brewer,1610612743,Denver Nuggets,3,7,6,Missed Shot,Jump Shot,3PT Field Goal,Left Corner 3,Left Side(L),24+ ft.,22.0,-224.0,19.0,1,0,20121205,ATL,DEN
Shot Chart Detail,0021200260,347,201147,Corey Brewer,1610612743,Denver Nuggets,3,6,24,Missed Shot,Layup Shot,2PT Field Goal,Restricted Area,Center(C),Less Than 8 ft.,0.0,6.0,1.0,1,0,20121205,ATL,DEN
Shot Chart Detail,0021200260,383,201147,Corey Brewer,1610612743,Denver Nuggets,3,3,27,Made Shot,Jump Shot,2PT Field Goal,Mid-Range,Right Side(R),16-24 ft.,17.0,179.0,-6.0,1,1,20121205,ATL,DEN
Shot Chart Detail,0021200260,405,201147,Corey Brewer,1610612743,Denver Nuggets,3,0,52,Made Shot,Jump Shot,3PT Field Goal,Left Corner 3,Left Side(L),24+ ft.,23.0,-231.0,31.0,1,1,20121205,ATL,DEN
Shot Chart Detail,0021200260,417,201147,Corey Brewer,1610612743,Denver Nuggets,3,0,0,Missed Shot,Jump Shot,3PT Field Goal,Above the Break 3,Right Side Center(RC),24+ ft.,25.0,198.0,165.0,1,0,20121205,ATL,DEN
Shot Chart Detail,0021200271,52,201147,Corey Brewer,1610612743,Denver Nuggets,1,6,22,Missed Shot,Jump Shot,2PT Field Goal,In The Paint (Non-RA),Center(C),8-16 ft.,8.0,6.0,89.0,1,0,20121207,IND,DEN
Shot Chart Detail,0021200271,72,201147,Corey Brewer,1610612743,Denver Nuggets,1,4,18,Missed Shot,Jump Shot,2PT Field Goal,Mid-Range,Right Side(R),8-16 ft.,11.0,97.0,53.0,1,0,20121207,IND,DEN
Shot Chart Detail,0021200271,96,201147,Corey Brewer,1610612743,Denver Nuggets,1,1,29,Missed Shot,Jump Shot,3PT Field Goal,Left Corner 3,Left Side(L),24+ ft.,22.0,-229.0,12.0,1,0,20121207,IND,DEN
Shot Chart Detail,0021200271,108,201147,Corey Brewer,1610612743,Denver Nuggets,1,0,15,Made Shot,Slam Dunk Shot,2PT Field Goal,Restricted Area,Center(C),Less Than 8 ft.,2.0,2.0,28.0,1,1,20121207,IND,DEN
Shot Chart Detail,0021200271,128,201147,Corey Brewer,1610612743,Denver Nuggets,2,10,30,Made Shot,Jump Shot,3PT Field Goal,Above the Break 3,Right Side Center(RC),24+ ft.,24.0,203.0,143.0,1,1,20121207,IND,DEN
Shot Chart Detail,0021200271,138,201147,Corey Brewer,1610612743,Denver Nuggets,2,8,54,Made Shot,Driving Layup Shot,2PT Field Goal,Restricted Area,Center(C),Less Than 8 ft.,3.0,-18.0,25.0,1,1,20121207,IND,DEN
Shot Chart Detail,0021200271,213,201147,Corey Brewer,1610612743,Denver Nuggets,2,3,8,Made Shot,Layup Shot,2PT Field Goal,Restricted Area,Center(C),Less Than 8 ft.,1.0,13.0,4.0,1,1,20121207,IND,DEN
Shot Chart Detail,0021200271,216,201147,Corey Brewer,1610612743,Denver Nuggets,2,2,38,Missed Shot,Jump Shot,3PT Field Goal,Above the Break 3,Left Side Center(LC),24+ ft.,26.0,-231.0,127.0,1,0,20121207,IND,DEN
Shot Chart Detail,0021200271,219,201147,Corey Brewer,1610612743,Denver Nuggets,2,2,9,Made Shot,Jump Shot,3PT Field Goal,Left Corner 3,Left Side(L),24+ ft.,24.0,-240.0,19.0,1,1,20121207,IND,DEN
Shot Chart Detail,0021200271,230,201147,Corey Brewer,1610612743,Denver Nuggets,2,1,39,Missed Shot,Layup Shot,2PT Field Goal,Restricted Area,Center(C),Less Than 8 ft.,0.0,1.0,6.0,1,0,20121207,IND,DEN
Shot Chart Detail,0021200271,304,201147,Corey Brewer,1610612743,Denver Nuggets,3,5,0,Made Shot,Layup Shot,2PT Field Goal,Restricted Area,Center(C),Less Than 8 ft.,1.0,-2.0,17.0,1,1,20121207,IND,DEN
Shot Chart Detail,0021200271,307,201147,Corey Brewer,1610612743,Denver Nuggets,3,4,33,Missed Shot,Jump Shot,3PT Field Goal,Left Corner 3,Left Side(L),24+ ft.,24.0,-242.0,17.0,1,0,20121207,IND,DEN
Shot Chart Detail,0021200271,329,201147,Corey Brewer,1610612743,Denver Nuggets,3,3,40,Made Shot,Driving Slam Dunk Shot,2PT Field Goal,Restricted Area,Center(C),Less Than 8 ft.,2.0,-2.0,23.0,1,1,20121207,IND,DEN
Shot Chart Detail,0021200271,386,201147,Corey Brewer,1610612743,Denver Nuggets,4,10,43,Made Shot,Turnaround Jump Shot,2PT Field Goal,Mid-Range,Right Side(R),8-16 ft.,9.0,97.0,22.0,1,1,20121207,IND,DEN
Shot Chart Detail,0021200271,426,201147,Corey Brewer,1610612743,Denver Nuggets,4,6,3,Made Shot,Driving Layup Shot,2PT Field Goal,Restricted Area,Center(C),Less Than 8 ft.,3.0,-18.0,34.0,1,1,20121207,IND,DEN
Shot Chart Detail,0021200271,428,201147,Corey Brewer,1610612743,Denver Nuggets,4,5,25,Missed Shot,Layup Shot,2PT Field Goal,Restricted Area,Center(C),Less Than 8 ft.,1.0,-15.0,9.0,1,0,20121207,IND,DEN
Shot Chart Detail,0021200295,129,201147,Corey Brewer,1610612743,Denver Nuggets,1,0,44,Made Shot,Jump Shot,2PT Field Goal,Mid-Range,Right Side(R),16-24 ft.,18.0,187.0,0.0,1,1,20121209,NYK,DEN
Shot Chart Detail,0021200295,133,201147,Corey Brewer,1610612743,Denver Nuggets,1,0,12,Made Shot,Hook Bank Shot,2PT Field Goal,In The Paint (Non-RA),Center(C),Less Than 8 ft.,7.0,75.0,19.0,1,1,20121209,NYK,DEN
Shot Chart Detail,0021200295,140,201147,Corey Brewer,1610612743,Denver Nuggets,2,11,26,Made Shot,Jump Bank Shot,2PT Field Goal,In The Paint (Non-RA),Right Side(R),8-16 ft.,8.0,78.0,36.0,1,1,20121209,NYK,DEN
Shot Chart Detail,0021200295,145,201147,Corey Brewer,1610612743,Denver Nuggets,2,10,36,Missed Shot,Jump Shot,3PT Field Goal,Above the Break 3,Right Side Center(RC),24+ ft.,25.0,220.0,119.0,1,0,20121209,NYK,DEN
Shot Chart Detail,0021200295,163,201147,Corey Brewer,1610612743,Denver Nuggets,2,9,9,Missed Shot,Layup Shot,2PT Field Goal,Restricted Area,Center(C),Less Than 8 ft.,2.0,-24.0,15.0,1,0,20121209,NYK,DEN
Shot Chart Detail,0021200295,171,201147,Corey Brewer,1610612743,Denver Nuggets,2,8,52,Missed Shot,Jump Shot,3PT Field Goal,Left Corner 3,Left Side(L),24+ ft.,22.0,-229.0,0.0,1,0,20121209,NYK,DEN
Shot Chart Detail,0021200295,198,201147,Corey Brewer,1610612743,Denver Nuggets,2,7,20,Made Shot,Hook Bank Shot,2PT Field Goal,Mid-Range,Right Side(R),8-16 ft.,9.0,95.0,28.0,1,1,20121209,NYK,DEN
Shot Chart Detail,0021200295,210,201147,Corey Brewer,1610612743,Denver Nuggets,2,5,42,Missed Shot,Layup Shot,2PT Field Goal,Restricted Area,Center(C),Less Than 8 ft.,2.0,-19.0,7.0,1,0,20121209,NYK,DEN
Shot Chart Detail,0021200295,364,201147,Corey Brewer,1610612743,Denver Nuggets,3,5,29,Missed Shot,Jump Shot,3PT Field Goal,Left Corner 3,Left Side(L),24+ ft.,22.0,-228.0,0.0,1,0,20121209,NYK,DEN
Shot Chart Detail,0021200295,373,201147,Corey Brewer,1610612743,Denver Nuggets,3,4,36,Made Shot,Putback Layup Shot,2PT Field Goal,Restricted Area,Center(C),Less Than 8 ft.,2.0,13.0,17.0,1,1,20121209,NYK,DEN
Shot Chart Detail,0021200295,377,201147,Corey Brewer,1610612743,Denver Nuggets,3,4,4,Missed Shot,Jump Shot,3PT Field Goal,Left Corner 3,Left Side(L),24+ ft.,23.0,-232.0,-10.0,1,0,20121209,NYK,DEN
Shot Chart Detail,0021200295,449,201147,Corey Brewer,1610612743,Denver Nuggets,4,11,39,Made Shot,Floating Jump shot,2PT Field Goal,In The Paint (Non-RA),Left Side(L),8-16 ft.,8.0,-67.0,60.0,1,1,20121209,NYK,DEN
Shot Chart Detail,0021200295,452,201147,Corey Brewer,1610612743,Denver Nuggets,4,11,13,Made Shot,Layup Shot,2PT Field Goal,Restricted Area,Center(C),Less Than 8 ft.,2.0,-29.0,3.0,1,1,20121209,NYK,DEN
Shot Chart Detail,0021200306,65,201147,Corey Brewer,1610612743,Denver Nuggets,1,6,53,Missed Shot,Layup Shot,2PT Field Goal,Restricted Area,Center(C),Less Than 8 ft.,2.0,-23.0,19.0,1,0,20121211,DET,DEN
Shot Chart Detail,0021200306,100,201147,Corey Brewer,1610612743,Denver Nuggets,1,3,19,Missed Shot,Jump Shot,2PT Field Goal,Mid-Range,Left Side Center(LC),16-24 ft.,19.0,-152.0,116.0,1,0,20121211,DET,DEN
Shot Chart Detail,0021200306,113,201147,Corey Brewer,1610612743,Denver Nuggets,1,2,18,Made Shot,Jump Shot,3PT Field Goal,Left Corner 3,Left Side(L),24+ ft.,22.0,-228.0,22.0,1,1,20121211,DET,DEN
Shot Chart Detail,0021200306,133,201147,Corey Brewer,1610612743,Denver Nuggets,1,0,20,Missed Shot,Jump Shot,2PT Field Goal,Mid-Range,Left Side Center(LC),16-24 ft.,16.0,-127.0,112.0,1,0,20121211,DET,DEN
Shot Chart Detail,0021200306,149,201147,Corey Brewer,1610612743,Denver Nuggets,2,10,44,Made Shot,Jump Shot,3PT Field Goal,Left Corner 3,Left Side(L),24+ ft.,24.0,-234.0,60.0,1,1,20121211,DET,DEN
Shot Chart Detail,0021200306,152,201147,Corey Brewer,1610612743,Denver Nuggets,2,10,8,Made Shot,Reverse Layup Shot,2PT Field Goal,Restricted Area,Center(C),Less Than 8 ft.,1.0,13.0,6.0,1,1,20121211,DET,DEN
Shot Chart Detail,0021200306,172,201147,Corey Brewer,1610612743,Denver Nuggets,2,8,0,Missed Shot,Jump Shot,3PT Field Goal,Right Corner 3,Right Side(R),24+ ft.,23.0,236.0,20.0,1,0,20121211,DET,DEN
Shot Chart Detail,0021200306,394,201147,Corey Brewer,1610612743,Denver Nuggets,3,0,30,Missed Shot,Jump Shot,3PT Field Goal,Right Corner 3,Right Side(R),24+ ft.,24.0,241.0,26.0,1,0,20121211,DET,DEN
Shot Chart Detail,0021200306,457,201147,Corey Brewer,1610612743,Denver Nuggets,4,6,44,Made Shot,Jump Shot,3PT Field Goal,Right Corner 3,Right Side(R),24+ ft.,24.0,241.0,20.0,1,1,20121211,DET,DEN
Shot Chart Detail,0021200306,464,201147,Corey Brewer,1610612743,Denver Nuggets,4,5,49,Made Shot,Layup Shot,2PT Field Goal,Restricted Area,Center(C),Less Than 8 ft.,0.0,0.0,9.0,1,1,20121211,DET,DEN
Shot Chart Detail,0021200306,477,201147,Corey Brewer,1610612743,Denver Nuggets,4,4,50,Made Shot,Layup Shot,2PT Field Goal,Restricted Area,Center(C),Less Than 8 ft.,0.0,1.0,0.0,1,1,20121211,DET,DEN
Shot Chart Detail,0021200319,92,201147,Corey Brewer,1610612743,Denver Nuggets,1,2,58,Made Shot,Driving Layup Shot,2PT Field Goal,Restricted Area,Center(C),Less Than 8 ft.,0.0,-5.0,-2.0,1,1,20121212,MIN,DEN
Shot Chart Detail,0021200319,123,201147,Corey Brewer,1610612743,Denver Nuggets,1,0,1,Missed Shot,Jump Shot,2PT Field Goal,Mid-Range,Right Side(R),16-24 ft.,21.0,215.0,45.0,1,0,20121212,MIN,DEN
Shot Chart Detail,0021200319,134,201147,Corey Brewer,1610612743,Denver Nuggets,2,10,45,Made Shot,Driving Layup Shot,2PT Field Goal,Restricted Area,Center(C),Less Than 8 ft.,1.0,-4.0,-17.0,1,1,20121212,MIN,DEN
Shot Chart Detail,0021200319,176,201147,Corey Brewer,1610612743,Denver Nuggets,2,6,45,Missed Shot,Jump Shot,2PT Field Goal,In The Paint (Non-RA),Center(C),8-16 ft.,12.0,-49.0,116.0,1,0,20121212,MIN,DEN
Shot Chart Detail,0021200319,438,201147,Corey Brewer,1610612743,Denver Nuggets,4,10,56,Missed Shot,Jump Shot,3PT Field Goal,Right Corner 3,Right Side(R),24+ ft.,22.0,222.0,28.0,1,0,20121212,MIN,DEN
Shot Chart Detail,0021200319,444,201147,Corey Brewer,1610612743,Denver Nuggets,4,10,33,Missed Shot,Layup Shot,2PT Field Goal,Restricted Area,Center(C),Less Than 8 ft.,1.0,9.0,14.0,1,0,20121212,MIN,DEN
Shot Chart Detail,0021200319,461,201147,Corey Brewer,1610612743,Denver Nuggets,4,9,6,Missed Shot,Jump Shot,3PT Field Goal,Left Corner 3,Left Side(L),24+ ft.,23.0,-235.0,37.0,1,0,20121212,MIN,DEN
Shot Chart Detail,0021200319,533,201147,Corey Brewer,1610612743,Denver Nuggets,4,1,55,Made Shot,Jump Shot,3PT Field Goal,Left Corner 3,Left Side(L),24+ ft.,22.0,-228.0,15.0,1,1,20121212,MIN,DEN
Shot Chart Detail,0021200319,543,201147,Corey Brewer,1610612743,Denver Nuggets,4,1,2,Made Shot,Dunk Shot,2PT Field Goal,Restricted Area,Center(C),Less Than 8 ft.,2.0,-4.0,26.0,1,1,20121212,MIN,DEN
Shot Chart Detail,0021200319,545,201147,Corey Brewer,1610612743,Denver Nuggets,4,0,38,Made Shot,Slam Dunk Shot,2PT Field Goal,Restricted Area,Center(C),Less Than 8 ft.,0.0,-7.0,1.0,1,1,20121212,MIN,DEN
Shot Chart Detail,0021200319,568,201147,Corey Brewer,1610612743,Denver Nuggets,4,0,7,Made Shot,Jump Shot,3PT Field Goal,Above the Break 3,Left Side Center(LC),24+ ft.,24.0,-150.0,195.0,1,1,20121212,MIN,DEN
Shot Chart Detail,0021200335,87,201147,Corey Brewer,1610612743,Denver Nuggets,1,3,7,Made Shot,Layup Shot,2PT Field Goal,Restricted Area,Center(C),Less Than 8 ft.,1.0,-19.0,4.0,1,1,20121214,DEN,MEM
Shot Chart Detail,0021200335,90,201147,Corey Brewer,1610612743,Denver Nuggets,1,2,22,Made Shot,Driving Layup Shot,2PT Field Goal,Restricted Area,Center(C),Less Than 8 ft.,2.0,23.0,1.0,1,1,20121214,DEN,MEM
Shot Chart Detail,0021200335,140,201147,Corey Brewer,1610612743,Denver Nuggets,2,10,48,Missed Shot,Jump Shot,2PT Field Goal,Mid-Range,Right Side(R),16-24 ft.,19.0,173.0,88.0,1,0,20121214,DEN,MEM
Shot Chart Detail,0021200335,182,201147,Corey Brewer,1610612743,Denver Nuggets,2,6,47,Made Shot,Reverse Layup Shot,2PT Field Goal,Restricted Area,Center(C),Less Than 8 ft.,1.0,13.0,-2.0,1,1,20121214,DEN,MEM
Shot Chart Detail,0021200335,201,201147,Corey Brewer,1610612743,Denver Nuggets,2,4,48,Missed Shot,Jump Shot,3PT Field Goal,Above the Break 3,Left Side Center(LC),24+ ft.,25.0,-221.0,118.0,1,0,20121214,DEN,MEM
Shot Chart Detail,0021200335,393,201147,Corey Brewer,1610612743,Denver Nuggets,4,11,32,Missed Shot,Layup Shot,2PT Field Goal,Restricted Area,Center(C),Less Than 8 ft.,1.0,9.0,6.0,1,0,20121214,DEN,MEM
Shot Chart Detail,0021200348,153,201147,Corey Brewer,1610612743,Denver Nuggets,2,9,11,Missed Shot,Jump Shot,2PT Field Goal,Mid-Range,Left Side(L),16-24 ft.,20.0,-201.0,47.0,1,0,20121216,SAC,DEN
Shot Chart Detail,0021200348,164,201147,Corey Brewer,1610612743,Denver Nuggets,2,8,13,Missed Shot,Jump Shot,3PT Field Goal,Right Corner 3,Right Side(R),24+ ft.,22.0,223.0,22.0,1,0,20121216,SAC,DEN
Shot Chart Detail,0021200348,402,201147,Corey Brewer,1610612743,Denver Nuggets,3,1,41,Made Shot,Jump Shot,3PT Field Goal,Above the Break 3,Left Side Center(LC),24+ ft.,24.0,-183.0,167.0,1,1,20121216,SAC,DEN
Shot Chart Detail,0021200348,422,201147,Corey Brewer,1610612743,Denver Nuggets,3,0,0,Missed Shot,Jump Shot,3PT Field Goal,Above the Break 3,Left Side Center(LC),24+ ft.,25.0,-158.0,206.0,1,0,20121216,SAC,DEN
Shot Chart Detail,0021200348,459,201147,Corey Brewer,1610612743,Denver Nuggets,4,9,19,Made Shot,Jump Shot,3PT Field Goal,Left Corner 3,Left Side(L),24+ ft.,22.0,-226.0,19.0,1,1,20121216,SAC,DEN
Shot Chart Detail,0021200348,464,201147,Corey Brewer,1610612743,Denver Nuggets,4,8,55,Missed Shot,Jump Shot,2PT Field Goal,In The Paint (Non-RA),Center(C),Less Than 8 ft.,5.0,34.0,44.0,1,0,20121216,SAC,DEN
Shot Chart Detail,0021200348,474,201147,Corey Brewer,1610612743,Denver Nuggets,4,7,57,Missed Shot,Jump Shot,2PT Field Goal,Mid-Range,Right Side(R),16-24 ft.,19.0,195.0,41.0,1,0,20121216,SAC,DEN
Shot Chart Detail,0021200348,495,201147,Corey Brewer,1610612743,Denver Nuggets,4,5,53,Missed Shot,Jump Shot,2PT Field Goal,Mid-Range,Left Side Center(LC),16-24 ft.,21.0,-149.0,154.0,1,0,20121216,SAC,DEN
Shot Chart Detail,0021200348,508,201147,Corey Brewer,1610612743,Denver Nuggets,4,4,37,Missed Shot,Jump Shot,3PT Field Goal,Left Corner 3,Left Side(L),24+ ft.,23.0,-237.0,15.0,1,0,20121216,SAC,DEN
Shot Chart Detail,0021200363,91,201147,Corey Brewer,1610612743,Denver Nuggets,1,2,54,Made Shot,Jump Shot,2PT Field Goal,Mid-Range,Right Side(R),16-24 ft.,16.0,160.0,55.0,1,1,20121218,DEN,SAS
Shot Chart Detail,0021200363,122,201147,Corey Brewer,1610612743,Denver Nuggets,1,0,20,Made Shot,Layup Shot,2PT Field Goal,Restricted Area,Center(C),Less Than 8 ft.,1.0,-13.0,-2.0,1,1,20121218,DEN,SAS
Shot Chart Detail,0021200363,125,201147,Corey Brewer,1610612743,Denver Nuggets,1,0,0,Missed Shot,Running Jump Shot,3PT Field Goal,Backcourt,Back Court(BC),Back Court Shot,47.0,196.0,438.0,1,0,20121218,DEN,SAS
Shot Chart Detail,0021200363,145,201147,Corey Brewer,1610612743,Denver Nuggets,2,11,7,Made Shot,Layup Shot,2PT Field Goal,Restricted Area,Center(C),Less Than 8 ft.,1.0,10.0,11.0,1,1,20121218,DEN,SAS
Shot Chart Detail,0021200363,187,201147,Corey Brewer,1610612743,Denver Nuggets,2,7,52,Made Shot,Jump Shot,3PT Field Goal,Right Corner 3,Right Side(R),24+ ft.,23.0,230.0,56.0,1,1,20121218,DEN,SAS
Shot Chart Detail,0021200363,216,201147,Corey Brewer,1610612743,Denver Nuggets,2,5,18,Missed Shot,Jump Shot,2PT Field Goal,Mid-Range,Right Side Center(RC),16-24 ft.,16.0,114.0,121.0,1,0,20121218,DEN,SAS
Shot Chart Detail,0021200363,226,201147,Corey Brewer,1610612743,Denver Nuggets,2,3,46,Missed Shot,Layup Shot,2PT Field Goal,Restricted Area,Center(C),Less Than 8 ft.,1.0,17.0,4.0,1,0,20121218,DEN,SAS
Shot Chart Detail,0021200363,372,201147,Corey Brewer,1610612743,Denver Nuggets,3,4,44,Made Shot,Jump Shot,3PT Field Goal,Right Corner 3,Right Side(R),24+ ft.,23.0,236.0,1.0,1,1,20121218,DEN,SAS
Shot Chart Detail,0021200363,375,201147,Corey Brewer,1610612743,Denver Nuggets,3,4,19,Missed Shot,Reverse Layup Shot,2PT Field Goal,Restricted Area,Center(C),Less Than 8 ft.,1.0,-11.0,3.0,1,0,20121218,DEN,SAS
Shot Chart Detail,0021200363,379,201147,Corey Brewer,1610612743,Denver Nuggets,3,3,50,Missed Shot,Jump Shot,3PT Field Goal,Left Corner 3,Left Side(L),24+ ft.,22.0,-226.0,-3.0,1,0,20121218,DEN,SAS
Shot Chart Detail,0021200363,455,201147,Corey Brewer,1610612743,Denver Nuggets,3,0,33,Made Shot,Layup Shot,2PT Field Goal,Restricted Area,Center(C),Less Than 8 ft.,2.0,20.0,4.0,1,1,20121218,DEN,SAS
Shot Chart Detail,0021200379,66,201147,Corey Brewer,1610612743,Denver Nuggets,1,5,23,Missed Shot,Jump Shot,3PT Field Goal,Right Corner 3,Right Side(R),24+ ft.,23.0,234.0,15.0,1,0,20121220,POR,DEN
Shot Chart Detail,0021200379,88,201147,Corey Brewer,1610612743,Denver Nuggets,1,2,41,Missed Shot,Running Jump Shot,2PT Field Goal,In The Paint (Non-RA),Center(C),8-16 ft.,12.0,43.0,116.0,1,0,20121220,POR,DEN
Shot Chart Detail,0021200379,148,201147,Corey Brewer,1610612743,Denver Nuggets,2,8,1,Missed Shot,Driving Finger Roll Layup Shot,2PT Field Goal,Restricted Area,Center(C),Less Than 8 ft.,1.0,-13.0,-10.0,1,0,20121220,POR,DEN
Shot Chart Detail,0021200379,152,201147,Corey Brewer,1610612743,Denver Nuggets,2,7,48,Made Shot,Dunk Shot,2PT Field Goal,Restricted Area,Center(C),Less Than 8 ft.,0.0,7.0,0.0,1,1,20121220,POR,DEN
Shot Chart Detail,0021200379,189,201147,Corey Brewer,1610612743,Denver Nuggets,2,4,32,Made Shot,Driving Slam Dunk Shot,2PT Field Goal,Restricted Area,Center(C),Less Than 8 ft.,0.0,-2.0,-2.0,1,1,20121220,POR,DEN
Shot Chart Detail,0021200379,236,201147,Corey Brewer,1610612743,Denver Nuggets,2,1,32,Missed Shot,Jump Shot,3PT Field Goal,Left Corner 3,Left Side(L),24+ ft.,22.0,-226.0,-10.0,1,0,20121220,POR,DEN
Shot Chart Detail,0021200379,365,201147,Corey Brewer,1610612743,Denver Nuggets,3,3,20,Missed Shot,Jump Shot,3PT Field Goal,Above the Break 3,Center(C),24+ ft.,24.0,48.0,241.0,1,0,20121220,POR,DEN
Shot Chart Detail,0021200379,369,201147,Corey Brewer,1610612743,Denver Nuggets,3,2,57,Made Shot,Reverse Dunk Shot,2PT Field Goal,Restricted Area,Center(C),Less Than 8 ft.,0.0,-2.0,-8.0,1,1,20121220,POR,DEN
Shot Chart Detail,0021200379,431,201147,Corey Brewer,1610612743,Denver Nuggets,4,10,49,Made Shot,Layup Shot,2PT Field Goal,Restricted Area,Center(C),Less Than 8 ft.,1.0,10.0,-3.0,1,1,20121220,POR,DEN
Shot Chart Detail,0021200379,486,201147,Corey Brewer,1610612743,Denver Nuggets,4,4,41,Missed Shot,Reverse Layup Shot,2PT Field Goal,Restricted Area,Center(C),Less Than 8 ft.,0.0,-7.0,-3.0,1,0,20121220,POR,DEN
Shot Chart Detail,0021200396,59,201147,Corey Brewer,1610612743,Denver Nuggets,1,6,25,Missed Shot,Jump Shot,3PT Field Goal,Right Corner 3,Right Side(R),24+ ft.,23.0,233.0,44.0,1,0,20121222,DEN,CHA
Shot Chart Detail,0021200396,65,201147,Corey Brewer,1610612743,Denver Nuggets,1,5,34,Made Shot,Slam Dunk Shot,2PT Field Goal,Restricted Area,Center(C),Less Than 8 ft.,1.0,15.0,-5.0,1,1,20121222,DEN,CHA
Shot Chart Detail,0021200396,80,201147,Corey Brewer,1610612743,Denver Nuggets,1,3,52,Missed Shot,Jump Shot,2PT Field Goal,Mid-Range,Right Side(R),16-24 ft.,21.0,212.0,14.0,1,0,20121222,DEN,CHA
Shot Chart Detail,0021200396,100,201147,Corey Brewer,1610612743,Denver Nuggets,1,1,43,Made Shot,Tip Shot,2PT Field Goal,Restricted Area,Center(C),Less Than 8 ft.,0.0,1.0,1.0,1,1,20121222,DEN,CHA
Shot Chart Detail,0021200396,106,201147,Corey Brewer,1610612743,Denver Nuggets,1,1,15,Missed Shot,Jump Shot,2PT Field Goal,Mid-Range,Left Side(L),16-24 ft.,19.0,-193.0,12.0,1,0,20121222,DEN,CHA
Shot Chart Detail,0021200396,111,201147,Corey Brewer,1610612743,Denver Nuggets,1,0,31,Made Shot,Layup Shot,2PT Field Goal,Restricted Area,Center(C),Less Than 8 ft.,0.0,1.0,1.0,1,1,20121222,DEN,CHA
Shot Chart Detail,0021200396,114,201147,Corey Brewer,1610612743,Denver Nuggets,1,0,1,Missed Shot,Jump Shot,3PT Field Goal,Above the Break 3,Left Side Center(LC),24+ ft.,26.0,-105.0,239.0,1,0,20121222,DEN,CHA
Shot Chart Detail,0021200396,135,201147,Corey Brewer,1610612743,Denver Nuggets,2,10,50,Missed Shot,Driving Layup Shot,2PT Field Goal,Restricted Area,Center(C),Less Than 8 ft.,0.0,6.0,0.0,1,0,20121222,DEN,CHA
Shot Chart Detail,0021200396,233,201147,Corey Brewer,1610612743,Denver Nuggets,2,1,4,Missed Shot,Jump Shot,3PT Field Goal,Right Corner 3,Right Side(R),24+ ft.,24.0,245.0,-13.0,1,0,20121222,DEN,CHA
Shot Chart Detail,0021200396,340,201147,Corey Brewer,1610612743,Denver Nuggets,3,4,12,Made Shot,Dunk Shot,2PT Field Goal,Restricted Area,Center(C),Less Than 8 ft.,1.0,10.0,6.0,1,1,20121222,DEN,CHA
Shot Chart Detail,0021200396,383,201147,Corey Brewer,1610612743,Denver Nuggets,3,1,1,Made Shot,Jump Shot,2PT Field Goal,In The Paint (Non-RA),Center(C),Less Than 8 ft.,4.0,12.0,48.0,1,1,20121222,DEN,CHA
Shot Chart Detail,0021200409,160,201147,Corey Brewer,1610612743,Denver Nuggets,2,10,6,Missed Shot,Running Jump Shot,2PT Field Goal,In The Paint (Non-RA),Center(C),Less Than 8 ft.,7.0,4.0,75.0,1,0,20121225,LAC,DEN
Shot Chart Detail,0021200409,206,201147,Corey Brewer,1610612743,Denver Nuggets,2,6,41,Missed Shot,Jump Shot,3PT Field Goal,Left Corner 3,Left Side(L),24+ ft.,23.0,-231.0,28.0,1,0,20121225,LAC,DEN
Shot Chart Detail,0021200409,269,201147,Corey Brewer,1610612743,Denver Nuggets,2,0,59,Missed Shot,Jump Shot,3PT Field Goal,Left Corner 3,Left Side(L),24+ ft.,23.0,-234.0,0.0,1,0,20121225,LAC,DEN
Shot Chart Detail,0021200419,125,201147,Corey Brewer,1610612743,Denver Nuggets,1,0,48,Missed Shot,Layup Shot,2PT Field Goal,Restricted Area,Center(C),Less Than 8 ft.,0.0,7.0,6.0,1,0,20121226,DEN,LAL
Shot Chart Detail,0021200419,135,201147,Corey Brewer,1610612743,Denver Nuggets,1,0,9,Missed Shot,Layup Shot,2PT Field Goal,Restricted Area,Center(C),Less Than 8 ft.,1.0,18.0,1.0,1,0,20121226,DEN,LAL
Shot Chart Detail,0021200419,163,201147,Corey Brewer,1610612743,Denver Nuggets,2,9,58,Made Shot,Layup Shot,2PT Field Goal,Restricted Area,Center(C),Less Than 8 ft.,1.0,12.0,3.0,1,1,20121226,DEN,LAL
Shot Chart Detail,0021200419,199,201147,Corey Brewer,1610612743,Denver Nuggets,2,8,1,Made Shot,Dunk Shot,2PT Field Goal,Restricted Area,Center(C),Less Than 8 ft.,1.0,-11.0,6.0,1,1,20121226,DEN,LAL
Shot Chart Detail,0021200419,210,201147,Corey Brewer,1610612743,Denver Nuggets,2,7,28,Missed Shot,Layup Shot,2PT Field Goal,Restricted Area,Center(C),Less Than 8 ft.,1.0,2.0,14.0,1,0,20121226,DEN,LAL
Shot Chart Detail,0021200419,394,201147,Corey Brewer,1610612743,Denver Nuggets,3,4,27,Made Shot,Jump Shot,3PT Field Goal,Right Corner 3,Right Side(R),24+ ft.,23.0,236.0,11.0,1,1,20121226,DEN,LAL
Shot Chart Detail,0021200419,406,201147,Corey Brewer,1610612743,Denver Nuggets,3,3,17,Made Shot,Jump Shot,3PT Field Goal,Left Corner 3,Left Side(L),24+ ft.,22.0,-223.0,0.0,1,1,20121226,DEN,LAL
Shot Chart Detail,0021200419,421,201147,Corey Brewer,1610612743,Denver Nuggets,3,2,7,Made Shot,Driving Layup Shot,2PT Field Goal,Restricted Area,Center(C),Less Than 8 ft.,0.0,0.0,-2.0,1,1,20121226,DEN,LAL
Shot Chart Detail,0021200419,442,201147,Corey Brewer,1610612743,Denver Nuggets,3,0,0,Made Shot,Running Jump Shot,3PT Field Goal,Above the Break 3,Right Side Center(RC),24+ ft.,26.0,88.0,247.0,1,1,20121226,DEN,LAL
Shot Chart Detail,0021200419,450,201147,Corey Brewer,1610612743,Denver Nuggets,4,11,8,Missed Shot,Driving Layup Shot,2PT Field Goal,Restricted Area,Center(C),Less Than 8 ft.,0.0,7.0,-2.0,1,0,20121226,DEN,LAL
Shot Chart Detail,0021200419,453,201147,Corey Brewer,1610612743,Denver Nuggets,4,10,53,Missed Shot,Jump Shot,3PT Field Goal,Left Corner 3,Left Side(L),24+ ft.,23.0,-235.0,48.0,1,0,20121226,DEN,LAL
Shot Chart Detail,0021200419,455,201147,Corey Brewer,1610612743,Denver Nuggets,4,10,47,Made Shot,Jump Shot,3PT Field Goal,Left Corner 3,Left Side(L),24+ ft.,22.0,-228.0,-8.0,1,1,20121226,DEN,LAL
Shot Chart Detail,0021200419,473,201147,Corey Brewer,1610612743,Denver Nuggets,4,8,42,Missed Shot,Tip Shot,2PT Field Goal,Restricted Area,Center(C),Less Than 8 ft.,0.0,0.0,4.0,1,0,20121226,DEN,LAL
Shot Chart Detail,0021200419,533,201147,Corey Brewer,1610612743,Denver Nuggets,4,4,50,Missed Shot,Jump Shot,2PT Field Goal,Mid-Range,Right Side Center(RC),16-24 ft.,17.0,103.0,143.0,1,0,20121226,DEN,LAL
Shot Chart Detail,0021200419,571,201147,Corey Brewer,1610612743,Denver Nuggets,4,1,19,Made Shot,Jump Shot,3PT Field Goal,Left Corner 3,Left Side(L),24+ ft.,22.0,-229.0,-8.0,1,1,20121226,DEN,LAL
Shot Chart Detail,0021200419,576,201147,Corey Brewer,1610612743,Denver Nuggets,4,0,25,Made Shot,Jump Shot,3PT Field Goal,Right Corner 3,Right Side(R),24+ ft.,23.0,236.0,26.0,1,1,20121226,DEN,LAL
Shot Chart Detail,0021200431,117,201147,Corey Brewer,1610612743,Denver Nuggets,1,0,10,Missed Shot,Jump Shot,3PT Field Goal,Right Corner 3,Right Side(R),24+ ft.,23.0,236.0,28.0,1,0,20121228,DAL,DEN
Shot Chart Detail,0021200431,152,201147,Corey Brewer,1610612743,Denver Nuggets,2,9,56,Missed Shot,Pullup Jump shot,2PT Field Goal,Mid-Range,Left Side(L),8-16 ft.,13.0,-114.0,69.0,1,0,20121228,DAL,DEN
Shot Chart Detail,0021200431,164,201147,Corey Brewer,1610612743,Denver Nuggets,2,8,54,Missed Shot,Layup Shot,2PT Field Goal,Restricted Area,Center(C),Less Than 8 ft.,1.0,18.0,7.0,1,0,20121228,DAL,DEN
Shot Chart Detail,0021200431,191,201147,Corey Brewer,1610612743,Denver Nuggets,2,7,29,Missed Shot,Reverse Layup Shot,2PT Field Goal,Restricted Area,Center(C),Less Than 8 ft.,2.0,17.0,14.0,1,0,20121228,DAL,DEN
Shot Chart Detail,0021200431,218,201147,Corey Brewer,1610612743,Denver Nuggets,2,5,23,Missed Shot,Jump Shot,3PT Field Goal,Right Corner 3,Right Side(R),24+ ft.,24.0,242.0,17.0,1,0,20121228,DAL,DEN
Shot Chart Detail,0021200431,463,201147,Corey Brewer,1610612743,Denver Nuggets,4,6,41,Missed Shot,Jump Shot,3PT Field Goal,Left Corner 3,Left Side(L),24+ ft.,22.0,-228.0,12.0,1,0,20121228,DAL,DEN
Shot Chart Detail,0021200442,102,201147,Corey Brewer,1610612743,Denver Nuggets,2,11,17,Missed Shot,Layup Shot,2PT Field Goal,Restricted Area,Center(C),Less Than 8 ft.,0.0,6.0,6.0,1,0,20121229,MEM,DEN
Shot Chart Detail,0021200442,129,201147,Corey Brewer,1610612743,Denver Nuggets,2,8,30,Made Shot,Jump Shot,3PT Field Goal,Left Corner 3,Left Side(L),24+ ft.,24.0,-237.0,39.0,1,1,20121229,MEM,DEN
Shot Chart Detail,0021200442,137,201147,Corey Brewer,1610612743,Denver Nuggets,2,7,26,Made Shot,Layup Shot,2PT Field Goal,Restricted Area,Center(C),Less Than 8 ft.,0.0,0.0,6.0,1,1,20121229,MEM,DEN
Shot Chart Detail,0021200442,140,201147,Corey Brewer,1610612743,Denver Nuggets,2,6,46,Missed Shot,Jump Shot,3PT Field Goal,Above the Break 3,Right Side Center(RC),24+ ft.,26.0,132.0,224.0,1,0,20121229,MEM,DEN
Shot Chart Detail,0021200442,323,201147,Corey Brewer,1610612743,Denver Nuggets,3,1,43,Made Shot,Layup Shot,2PT Field Goal,Restricted Area,Center(C),Less Than 8 ft.,0.0,1.0,-2.0,1,1,20121229,MEM,DEN
Shot Chart Detail,0021200442,355,201147,Corey Brewer,1610612743,Denver Nuggets,4,11,0,Made Shot,Jump Shot,2PT Field Goal,Mid-Range,Left Side(L),8-16 ft.,14.0,-149.0,0.0,1,1,20121229,MEM,DEN
Shot Chart Detail,0021200442,362,201147,Corey Brewer,1610612743,Denver Nuggets,4,10,26,Missed Shot,Jump Shot,3PT Field Goal,Left Corner 3,Left Side(L),24+ ft.,23.0,-235.0,-14.0,1,0,20121229,MEM,DEN
Shot Chart Detail,0021200442,419,201147,Corey Brewer,1610612743,Denver Nuggets,4,6,1,Made Shot,Running Bank shot,2PT Field Goal,In The Paint (Non-RA),Center(C),Less Than 8 ft.,4.0,1.0,42.0,1,1,20121229,MEM,DEN
Shot Chart Detail,0021200442,441,201147,Corey Brewer,1610612743,Denver Nuggets,4,3,30,Missed Shot,Jump Shot,3PT Field Goal,Left Corner 3,Left Side(L),24+ ft.,22.0,-226.0,1.0,1,0,20121229,MEM,DEN
Shot Chart Detail,0021200442,460,201147,Corey Brewer,1610612743,Denver Nuggets,4,1,19,Missed Shot,Jump Shot,2PT Field Goal,Mid-Range,Right Side(R),16-24 ft.,20.0,201.0,11.0,1,0,20121229,MEM,DEN
Shot Chart Detail,0021200462,114,201147,Corey Brewer,1610612743,Denver Nuggets,2,11,11,Missed Shot,Jump Shot,3PT Field Goal,Above the Break 3,Left Side Center(LC),24+ ft.,24.0,-218.0,112.0,1,0,20130101,DEN,LAC
Shot Chart Detail,0021200462,124,201147,Corey Brewer,1610612743,Denver Nuggets,2,10,38,Made Shot,Layup Shot,2PT Field Goal,Restricted Area,Center(C),Less Than 8 ft.,0.0,7.0,-2.0,1,1,20130101,DEN,LAC
Shot Chart Detail,0021200462,146,201147,Corey Brewer,1610612743,Denver Nuggets,2,9,35,Missed Shot,Jump Shot,2PT Field Goal,Mid-Range,Center(C),8-16 ft.,14.0,7.0,145.0,1,0,20130101,DEN,LAC
Shot Chart Detail,0021200462,161,201147,Corey Brewer,1610612743,Denver Nuggets,2,8,14,Made Shot,Alley Oop Layup shot,2PT Field Goal,Restricted Area,Center(C),Less Than 8 ft.,1.0,18.0,1.0,1,1,20130101,DEN,LAC
Shot Chart Detail,0021200462,171,201147,Corey Brewer,1610612743,Denver Nuggets,2,7,4,Missed Shot,Jump Shot,3PT Field Goal,Right Corner 3,Right Side(R),24+ ft.,23.0,236.0,-5.0,1,0,20130101,DEN,LAC
Shot Chart Detail,0021200462,199,201147,Corey Brewer,1610612743,Denver Nuggets,2,4,34,Missed Shot,Jump Shot,3PT Field Goal,Above the Break 3,Left Side Center(LC),24+ ft.,26.0,-112.0,238.0,1,0,20130101,DEN,LAC
Shot Chart Detail,0021200462,206,201147,Corey Brewer,1610612743,Denver Nuggets,2,4,7,Missed Shot,Driving Layup Shot,2PT Field Goal,Restricted Area,Center(C),Less Than 8 ft.,0.0,7.0,0.0,1,0,20130101,DEN,LAC
Shot Chart Detail,0021200462,367,201147,Corey Brewer,1610612743,Denver Nuggets,3,2,17,Made Shot,Jump Shot,2PT Field Goal,Mid-Range,Right Side(R),8-16 ft.,15.0,157.0,4.0,1,1,20130101,DEN,LAC
Shot Chart Detail,0021200462,397,201147,Corey Brewer,1610612743,Denver Nuggets,3,0,2,Missed Shot,Jump Shot,3PT Field Goal,Above the Break 3,Left Side Center(LC),24+ ft.,26.0,-231.0,134.0,1,0,20130101,DEN,LAC
Shot Chart Detail,0021200462,447,201147,Corey Brewer,1610612743,Denver Nuggets,4,7,33,Made Shot,Jump Shot,2PT Field Goal,Mid-Range,Left Side(L),16-24 ft.,16.0,-161.0,3.0,1,1,20130101,DEN,LAC
Shot Chart Detail,0021200462,459,201147,Corey Brewer,1610612743,Denver Nuggets,4,5,51,Made Shot,Jump Shot,2PT Field Goal,Mid-Range,Right Side(R),8-16 ft.,14.0,140.0,12.0,1,1,20130101,DEN,LAC
Shot Chart Detail,0021200462,482,201147,Corey Brewer,1610612743,Denver Nuggets,4,4,2,Missed Shot,Layup Shot,2PT Field Goal,Restricted Area,Center(C),Less Than 8 ft.,0.0,-8.0,-5.0,1,0,20130101,DEN,LAC
Shot Chart Detail,0021200462,515,201147,Corey Brewer,1610612743,Denver Nuggets,4,2,5,Missed Shot,Turnaround Jump Shot,3PT Field Goal,Right Corner 3,Right Side(R),24+ ft.,24.0,241.0,19.0,1,0,20130101,DEN,LAC
Shot Chart Detail,0021200462,533,201147,Corey Brewer,1610612743,Denver Nuggets,4,0,50,Missed Shot,Jump Shot,3PT Field Goal,Left Corner 3,Left Side(L),24+ ft.,22.0,-221.0,-3.0,1,0,20130101,DEN,LAC
Shot Chart Detail,0021200477,67,201147,Corey Brewer,1610612743,Denver Nuggets,1,5,5,Made Shot,Jump Shot,2PT Field Goal,Mid-Range,Left Side(L),16-24 ft.,19.0,-185.0,48.0,1,1,20130103,DEN,MIN
Shot Chart Detail,0021200477,70,201147,Corey Brewer,1610612743,Denver Nuggets,1,4,36,Missed Shot,Jump Shot,3PT Field Goal,Above the Break 3,Left Side Center(LC),24+ ft.,25.0,-209.0,151.0,1,0,20130103,DEN,MIN
Shot Chart Detail,0021200477,81,201147,Corey Brewer,1610612743,Denver Nuggets,1,2,58,Made Shot,Jump Shot,3PT Field Goal,Right Corner 3,Right Side(R),24+ ft.,23.0,239.0,-3.0,1,1,20130103,DEN,MIN
Shot Chart Detail,0021200477,140,201147,Corey Brewer,1610612743,Denver Nuggets,1,0,0,Missed Shot,Fadeaway Jump Shot,2PT Field Goal,Mid-Range,Left Side(L),16-24 ft.,19.0,-198.0,1.0,1,0,20130103,DEN,MIN
Shot Chart Detail,0021200477,148,201147,Corey Brewer,1610612743,Denver Nuggets,2,11,4,Missed Shot,Jump Shot,2PT Field Goal,Mid-Range,Left Side(L),16-24 ft.,17.0,-171.0,3.0,1,0,20130103,DEN,MIN
Shot Chart Detail,0021200477,200,201147,Corey Brewer,1610612743,Denver Nuggets,2,6,56,Missed Shot,Jump Shot,3PT Field Goal,Right Corner 3,Right Side(R),24+ ft.,23.0,237.0,1.0,1,0,20130103,DEN,MIN
Shot Chart Detail,0021200477,389,201147,Corey Brewer,1610612743,Denver Nuggets,3,3,7,Missed Shot,Jump Shot,3PT Field Goal,Left Corner 3,Left Side(L),24+ ft.,24.0,-245.0,11.0,1,0,20130103,DEN,MIN
Shot Chart Detail,0021200477,407,201147,Corey Brewer,1610612743,Denver Nuggets,3,1,29,Made Shot,Slam Dunk Shot,2PT Field Goal,Restricted Area,Center(C),Less Than 8 ft.,0.0,0.0,-2.0,1,1,20130103,DEN,MIN
Shot Chart Detail,0021200477,423,201147,Corey Brewer,1610612743,Denver Nuggets,3,0,14,Missed Shot,Running Jump Shot,2PT Field Goal,Restricted Area,Center(C),Less Than 8 ft.,3.0,21.0,26.0,1,0,20130103,DEN,MIN
Shot Chart Detail,0021200477,433,201147,Corey Brewer,1610612743,Denver Nuggets,3,0,0,Missed Shot,Jump Shot,3PT Field Goal,Backcourt,Back Court(BC),Back Court Shot,49.0,192.0,454.0,1,0,20130103,DEN,MIN
Shot Chart Detail,0021200477,474,201147,Corey Brewer,1610612743,Denver Nuggets,4,8,25,Made Shot,Layup Shot,2PT Field Goal,Restricted Area,Center(C),Less Than 8 ft.,2.0,13.0,17.0,1,1,20130103,DEN,MIN
Shot Chart Detail,0021200477,486,201147,Corey Brewer,1610612743,Denver Nuggets,4,6,12,Made Shot,Fadeaway Jump Shot,2PT Field Goal,Mid-Range,Right Side(R),16-24 ft.,18.0,162.0,91.0,1,1,20130103,DEN,MIN
Shot Chart Detail,0021200477,496,201147,Corey Brewer,1610612743,Denver Nuggets,4,4,51,Missed Shot,Jump Shot,2PT Field Goal,In The Paint (Non-RA),Center(C),8-16 ft.,12.0,9.0,121.0,1,0,20130103,DEN,MIN
Shot Chart Detail,0021200497,91,201147,Corey Brewer,1610612743,Denver Nuggets,1,4,51,Missed Shot,Jump Shot,2PT Field Goal,Mid-Range,Right Side(R),8-16 ft.,14.0,149.0,6.0,1,0,20130105,DEN,UTA
Shot Chart Detail,0021200497,133,201147,Corey Brewer,1610612743,Denver Nuggets,1,0,56,Missed Shot,Jump Shot,2PT Field Goal,In The Paint (Non-RA),Center(C),Less Than 8 ft.,7.0,42.0,60.0,1,0,20130105,DEN,UTA
Shot Chart Detail,0021200497,141,201147,Corey Brewer,1610612743,Denver Nuggets,1,0,33,Missed Shot,Jump Shot,2PT Field Goal,Mid-Range,Left Side(L),8-16 ft.,15.0,-90.0,123.0,1,0,20130105,DEN,UTA
Shot Chart Detail,0021200497,174,201147,Corey Brewer,1610612743,Denver Nuggets,2,9,18,Made Shot,Jump Shot,3PT Field Goal,Left Corner 3,Left Side(L),24+ ft.,22.0,-228.0,-11.0,1,1,20130105,DEN,UTA
Shot Chart Detail,0021200497,465,201147,Corey Brewer,1610612743,Denver Nuggets,4,8,47,Missed Shot,Jump Shot,2PT Field Goal,Mid-Range,Right Side(R),8-16 ft.,15.0,143.0,67.0,1,0,20130105,DEN,UTA
Shot Chart Detail,0021200503,65,201147,Corey Brewer,1610612743,Denver Nuggets,1,5,28,Missed Shot,Jump Shot,3PT Field Goal,Above the Break 3,Center(C),24+ ft.,23.0,58.0,231.0,1,0,20130106,LAL,DEN
Shot Chart Detail,0021200503,67,201147,Corey Brewer,1610612743,Denver Nuggets,1,5,20,Made Shot,Floating Jump shot,2PT Field Goal,In The Paint (Non-RA),Center(C),Less Than 8 ft.,4.0,6.0,48.0,1,1,20130106,LAL,DEN
Shot Chart Detail,0021200503,69,201147,Corey Brewer,1610612743,Denver Nuggets,1,4,47,Made Shot,Floating Jump shot,2PT Field Goal,In The Paint (Non-RA),Center(C),Less Than 8 ft.,5.0,18.0,56.0,1,1,20130106,LAL,DEN
Shot Chart Detail,0021200503,87,201147,Corey Brewer,1610612743,Denver Nuggets,1,3,3,Missed Shot,Jump Shot,3PT Field Goal,Above the Break 3,Right Side Center(RC),24+ ft.,25.0,138.0,211.0,1,0,20130106,LAL,DEN
Shot Chart Detail,0021200503,104,201147,Corey Brewer,1610612743,Denver Nuggets,1,1,36,Made Shot,Jump Shot,2PT Field Goal,Mid-Range,Left Side(L),8-16 ft.,13.0,-139.0,6.0,1,1,20130106,LAL,DEN
Shot Chart Detail,0021200503,153,201147,Corey Brewer,1610612743,Denver Nuggets,2,10,16,Made Shot,Jump Shot,2PT Field Goal,Mid-Range,Left Side(L),16-24 ft.,18.0,-157.0,102.0,1,1,20130106,LAL,DEN
Shot Chart Detail,0021200503,166,201147,Corey Brewer,1610612743,Denver Nuggets,2,9,4,Made Shot,Driving Layup Shot,2PT Field Goal,Restricted Area,Center(C),Less Than 8 ft.,1.0,-3.0,16.0,1,1,20130106,LAL,DEN
Shot Chart Detail,0021200503,202,201147,Corey Brewer,1610612743,Denver Nuggets,2,6,13,Missed Shot,Jump Shot,3PT Field Goal,Above the Break 3,Left Side Center(LC),24+ ft.,26.0,-141.0,230.0,1,0,20130106,LAL,DEN
Shot Chart Detail,0021200503,273,201147,Corey Brewer,1610612743,Denver Nuggets,2,1,43,Missed Shot,Jump Shot,2PT Field Goal,Mid-Range,Right Side(R),16-24 ft.,16.0,163.0,42.0,1,0,20130106,LAL,DEN
Shot Chart Detail,0021200503,277,201147,Corey Brewer,1610612743,Denver Nuggets,2,1,10,Missed Shot,Tip Shot,2PT Field Goal,Restricted Area,Center(C),Less Than 8 ft.,1.0,-15.0,12.0,1,0,20130106,LAL,DEN
Shot Chart Detail,0021200503,371,201147,Corey Brewer,1610612743,Denver Nuggets,3,4,45,Missed Shot,Jump Shot,2PT Field Goal,In The Paint (Non-RA),Center(C),Less Than 8 ft.,4.0,-16.0,45.0,1,0,20130106,LAL,DEN
Shot Chart Detail,0021200503,436,201147,Corey Brewer,1610612743,Denver Nuggets,3,0,1,Missed Shot,Jump Shot,3PT Field Goal,Backcourt,Back Court(BC),Back Court Shot,56.0,159.0,544.0,1,0,20130106,LAL,DEN
Shot Chart Detail,0021200503,441,201147,Corey Brewer,1610612743,Denver Nuggets,4,11,43,Made Shot,Jump Shot,3PT Field Goal,Above the Break 3,Left Side Center(LC),24+ ft.,26.0,-174.0,202.0,1,1,20130106,LAL,DEN
Shot Chart Detail,0021200503,471,201147,Corey Brewer,1610612743,Denver Nuggets,4,9,31,Missed Shot,Jump Shot,3PT Field Goal,Backcourt,Back Court(BC),Back Court Shot,50.0,-122.0,485.0,1,0,20130106,LAL,DEN
Shot Chart Detail,0021200524,68,201147,Corey Brewer,1610612743,Denver Nuggets,1,3,43,Made Shot,Reverse Layup Shot,2PT Field Goal,Restricted Area,Center(C),Less Than 8 ft.,1.0,18.0,0.0,1,1,20130109,DEN,ORL
Shot Chart Detail,0021200524,89,201147,Corey Brewer,1610612743,Denver Nuggets,1,2,16,Missed Shot,Jump Shot,3PT Field Goal,Left Corner 3,Left Side(L),24+ ft.,22.0,-226.0,34.0,1,0,20130109,DEN,ORL
Shot Chart Detail,0021200524,101,201147,Corey Brewer,1610612743,Denver Nuggets,1,0,34,Made Shot,Driving Layup Shot,2PT Field Goal,Restricted Area,Center(C),Less Than 8 ft.,2.0,20.0,0.0,1,1,20130109,DEN,ORL
Shot Chart Detail,0021200524,117,201147,Corey Brewer,1610612743,Denver Nuggets,2,11,3,Missed Shot,Jump Shot,2PT Field Goal,Mid-Range,Left Side(L),16-24 ft.,16.0,-147.0,80.0,1,0,20130109,DEN,ORL
Shot Chart Detail,0021200524,128,201147,Corey Brewer,1610612743,Denver Nuggets,2,9,35,Made Shot,Reverse Layup Shot,2PT Field Goal,Restricted Area,Center(C),Less Than 8 ft.,2.0,23.0,0.0,1,1,20130109,DEN,ORL
Shot Chart Detail,0021200524,144,201147,Corey Brewer,1610612743,Denver Nuggets,2,8,18,Made Shot,Reverse Layup Shot,2PT Field Goal,Restricted Area,Center(C),Less Than 8 ft.,2.0,23.0,1.0,1,1,20130109,DEN,ORL
Shot Chart Detail,0021200524,147,201147,Corey Brewer,1610612743,Denver Nuggets,2,7,40,Made Shot,Layup Shot,2PT Field Goal,Restricted Area,Center(C),Less Than 8 ft.,1.0,15.0,-2.0,1,1,20130109,DEN,ORL
Shot Chart Detail,0021200524,154,201147,Corey Brewer,1610612743,Denver Nuggets,2,6,56,Made Shot,Driving Layup Shot,2PT Field Goal,Restricted Area,Center(C),Less Than 8 ft.,1.0,18.0,1.0,1,1,20130109,DEN,ORL
Shot Chart Detail,0021200524,160,201147,Corey Brewer,1610612743,Denver Nuggets,2,5,55,Missed Shot,Reverse Layup Shot,2PT Field Goal,Restricted Area,Center(C),Less Than 8 ft.,2.0,-23.0,1.0,1,0,20130109,DEN,ORL
Shot Chart Detail,0021200524,163,201147,Corey Brewer,1610612743,Denver Nuggets,2,5,43,Made Shot,Dunk Shot,2PT Field Goal,Restricted Area,Center(C),Less Than 8 ft.,0.0,9.0,-3.0,1,1,20130109,DEN,ORL
Shot Chart Detail,0021200524,267,201147,Corey Brewer,1610612743,Denver Nuggets,2,0,2,Missed Shot,Tip Shot,2PT Field Goal,Restricted Area,Center(C),Less Than 8 ft.,0.0,6.0,-3.0,1,0,20130109,DEN,ORL
Shot Chart Detail,0021200524,358,201147,Corey Brewer,1610612743,Denver Nuggets,3,2,48,Missed Shot,Running Jump Shot,2PT Field Goal,In The Paint (Non-RA),Center(C),Less Than 8 ft.,6.0,29.0,63.0,1,0,20130109,DEN,ORL
Shot Chart Detail,0021200524,362,201147,Corey Brewer,1610612743,Denver Nuggets,3,2,18,Missed Shot,Driving Layup Shot,2PT Field Goal,Restricted Area,Center(C),Less Than 8 ft.,1.0,15.0,7.0,1,0,20130109,DEN,ORL
Shot Chart Detail,0021200524,388,201147,Corey Brewer,1610612743,Denver Nuggets,3,0,8,Missed Shot,Layup Shot,2PT Field Goal,Restricted Area,Center(C),Less Than 8 ft.,2.0,21.0,0.0,1,0,20130109,DEN,ORL
Shot Chart Detail,0021200524,405,201147,Corey Brewer,1610612743,Denver Nuggets,4,11,3,Missed Shot,Jump Shot,2PT Field Goal,Mid-Range,Right Side(R),16-24 ft.,16.0,166.0,-5.0,1,0,20130109,DEN,ORL
Shot Chart Detail,0021200524,407,201147,Corey Brewer,1610612743,Denver Nuggets,4,10,51,Missed Shot,Reverse Layup Shot,2PT Field Goal,Restricted Area,Center(C),Less Than 8 ft.,1.0,-15.0,0.0,1,0,20130109,DEN,ORL
Shot Chart Detail,0021200524,413,201147,Corey Brewer,1610612743,Denver Nuggets,4,9,41,Missed Shot,Layup Shot,2PT Field Goal,Restricted Area,Center(C),Less Than 8 ft.,1.0,10.0,3.0,1,0,20130109,DEN,ORL
Shot Chart Detail,0021200538,36,201147,Corey Brewer,1610612743,Denver Nuggets,1,8,1,Missed Shot,Layup Shot,2PT Field Goal,Restricted Area,Center(C),Less Than 8 ft.,1.0,15.0,3.0,1,0,20130111,DEN,CLE
Shot Chart Detail,0021200538,80,201147,Corey Brewer,1610612743,Denver Nuggets,1,5,7,Missed Shot,Jump Shot,3PT Field Goal,Left Corner 3,Left Side(L),24+ ft.,24.0,-240.0,6.0,1,0,20130111,DEN,CLE
Shot Chart Detail,0021200538,393,201147,Corey Brewer,1610612743,Denver Nuggets,3,1,49,Missed Shot,Jump Shot,3PT Field Goal,Left Corner 3,Left Side(L),24+ ft.,24.0,-229.0,74.0,1,0,20130111,DEN,CLE
Shot Chart Detail,0021200538,400,201147,Corey Brewer,1610612743,Denver Nuggets,3,0,55,Missed Shot,Layup Shot,2PT Field Goal,Restricted Area,Center(C),Less Than 8 ft.,1.0,15.0,-6.0,1,0,20130111,DEN,CLE
Shot Chart Detail,0021200538,434,201147,Corey Brewer,1610612743,Denver Nuggets,4,10,59,Missed Shot,Jump Shot,2PT Field Goal,In The Paint (Non-RA),Center(C),Less Than 8 ft.,6.0,-8.0,69.0,1,0,20130111,DEN,CLE
Shot Chart Detail,0021200538,445,201147,Corey Brewer,1610612743,Denver Nuggets,4,9,51,Missed Shot,Jump Shot,3PT Field Goal,Above the Break 3,Left Side Center(LC),24+ ft.,26.0,-155.0,216.0,1,0,20130111,DEN,CLE
Shot Chart Detail,0021200553,79,201147,Corey Brewer,1610612743,Denver Nuggets,1,2,41,Made Shot,Layup Shot,2PT Field Goal,Restricted Area,Center(C),Less Than 8 ft.,0.0,7.0,1.0,1,1,20130113,DEN,GSW
Shot Chart Detail,0021200553,82,201147,Corey Brewer,1610612743,Denver Nuggets,1,1,56,Missed Shot,Turnaround Jump Shot,2PT Field Goal,Mid-Range,Left Side(L),8-16 ft.,12.0,-112.0,60.0,1,0,20130113,DEN,GSW
Shot Chart Detail,0021200553,102,201147,Corey Brewer,1610612743,Denver Nuggets,1,0,37,Made Shot,Driving Dunk Shot,2PT Field Goal,Restricted Area,Center(C),Less Than 8 ft.,1.0,13.0,0.0,1,1,20130113,DEN,GSW
Shot Chart Detail,0021200553,112,201147,Corey Brewer,1610612743,Denver Nuggets,1,0,0,Missed Shot,Running Jump Shot,3PT Field Goal,Above the Break 3,Left Side Center(LC),24+ ft.,25.0,-194.0,173.0,1,0,20130113,DEN,GSW
Shot Chart Detail,0021200553,124,201147,Corey Brewer,1610612743,Denver Nuggets,2,11,7,Missed Shot,Layup Shot,2PT Field Goal,Restricted Area,Center(C),Less Than 8 ft.,1.0,-11.0,14.0,1,0,20130113,DEN,GSW
Shot Chart Detail,0021200553,140,201147,Corey Brewer,1610612743,Denver Nuggets,2,9,41,Missed Shot,Jump Shot,3PT Field Goal,Above the Break 3,Right Side Center(RC),24+ ft.,25.0,146.0,214.0,1,0,20130113,DEN,GSW
Shot Chart Detail,0021200553,301,201147,Corey Brewer,1610612743,Denver Nuggets,3,6,2,Missed Shot,Jump Shot,3PT Field Goal,Above the Break 3,Right Side Center(RC),24+ ft.,25.0,206.0,149.0,1,0,20130113,DEN,GSW
Shot Chart Detail,0021200553,397,201147,Corey Brewer,1610612743,Denver Nuggets,4,9,45,Made Shot,Jump Shot,2PT Field Goal,Mid-Range,Right Side Center(RC),16-24 ft.,16.0,75.0,146.0,1,1,20130113,DEN,GSW
Shot Chart Detail,0021200553,415,201147,Corey Brewer,1610612743,Denver Nuggets,4,8,38,Made Shot,Layup Shot,2PT Field Goal,Restricted Area,Center(C),Less Than 8 ft.,1.0,10.0,4.0,1,1,20130113,DEN,GSW
Shot Chart Detail,0021200553,449,201147,Corey Brewer,1610612743,Denver Nuggets,4,5,50,Made Shot,Jump Shot,3PT Field Goal,Left Corner 3,Left Side(L),24+ ft.,22.0,-228.0,-11.0,1,1,20130113,DEN,GSW
Shot Chart Detail,0021200568,101,201147,Corey Brewer,1610612743,Denver Nuggets,1,3,23,Missed Shot,Jump Shot,3PT Field Goal,Above the Break 3,Left Side Center(LC),24+ ft.,24.0,-180.0,162.0,1,0,20130115,DEN,POR
Shot Chart Detail,0021200568,125,201147,Corey Brewer,1610612743,Denver Nuggets,1,1,29,Made Shot,Layup Shot,2PT Field Goal,Restricted Area,Center(C),Less Than 8 ft.,1.0,0.0,11.0,1,1,20130115,DEN,POR
Shot Chart Detail,0021200568,170,201147,Corey Brewer,1610612743,Denver Nuggets,2,8,21,Missed Shot,Jump Shot,3PT Field Goal,Left Corner 3,Left Side(L),24+ ft.,23.0,-231.0,19.0,1,0,20130115,DEN,POR
Shot Chart Detail,0021200568,356,201147,Corey Brewer,1610612743,Denver Nuggets,3,2,1,Made Shot,Jump Shot,3PT Field Goal,Left Corner 3,Left Side(L),24+ ft.,23.0,-234.0,-11.0,1,1,20130115,DEN,POR
Shot Chart Detail,0021200568,392,201147,Corey Brewer,1610612743,Denver Nuggets,4,11,13,Made Shot,Dunk Shot,2PT Field Goal,Restricted Area,Center(C),Less Than 8 ft.,2.0,23.0,1.0,1,1,20130115,DEN,POR
Shot Chart Detail,0021200568,401,201147,Corey Brewer,1610612743,Denver Nuggets,4,10,26,Missed Shot,Putback Dunk Shot,2PT Field Goal,Restricted Area,Center(C),Less Than 8 ft.,0.0,-5.0,4.0,1,0,20130115,DEN,POR
Shot Chart Detail,0021200574,73,201147,Corey Brewer,1610612743,Denver Nuggets,1,3,39,Made Shot,Jump Shot,2PT Field Goal,Mid-Range,Left Side Center(LC),16-24 ft.,17.0,-114.0,132.0,1,1,20130116,OKC,DEN
Shot Chart Detail,0021200574,101,201147,Corey Brewer,1610612743,Denver Nuggets,1,0,56,Missed Shot,Jump Shot,2PT Field Goal,Mid-Range,Center(C),16-24 ft.,23.0,39.0,228.0,1,0,20130116,OKC,DEN
Shot Chart Detail,0021200574,109,201147,Corey Brewer,1610612743,Denver Nuggets,1,0,5,Missed Shot,Jump Shot,2PT Field Goal,In The Paint (Non-RA),Center(C),Less Than 8 ft.,7.0,-70.0,20.0,1,0,20130116,OKC,DEN
Shot Chart Detail,0021200574,117,201147,Corey Brewer,1610612743,Denver Nuggets,1,0,1,Missed Shot,Pullup Jump shot,2PT Field Goal,Mid-Range,Center(C),8-16 ft.,15.0,53.0,146.0,1,0,20130116,OKC,DEN
Shot Chart Detail,0021200574,294,201147,Corey Brewer,1610612743,Denver Nuggets,2,0,0,Missed Shot,Running Jump Shot,3PT Field Goal,Above the Break 3,Back Court(BC),Back Court Shot,43.0,143.0,411.0,1,0,20130116,OKC,DEN
Shot Chart Detail,0021200574,418,201147,Corey Brewer,1610612743,Denver Nuggets,3,1,19,Missed Shot,Driving Layup Shot,2PT Field Goal,Restricted Area,Center(C),Less Than 8 ft.,3.0,19.0,27.0,1,0,20130116,OKC,DEN
Shot Chart Detail,0021200574,445,201147,Corey Brewer,1610612743,Denver Nuggets,4,11,44,Missed Shot,Jump Shot,3PT Field Goal,Above the Break 3,Left Side Center(LC),24+ ft.,24.0,-194.0,149.0,1,0,20130116,OKC,DEN
Shot Chart Detail,0021200591,84,201147,Corey Brewer,1610612743,Denver Nuggets,1,3,53,Made Shot,Jump Shot,2PT Field Goal,Mid-Range,Left Side Center(LC),16-24 ft.,17.0,-139.0,104.0,1,1,20130118,DEN,WAS
Shot Chart Detail,0021200591,98,201147,Corey Brewer,1610612743,Denver Nuggets,1,2,34,Made Shot,Driving Finger Roll Layup Shot,2PT Field Goal,Restricted Area,Center(C),Less Than 8 ft.,1.0,1.0,17.0,1,1,20130118,DEN,WAS
Shot Chart Detail,0021200591,110,201147,Corey Brewer,1610612743,Denver Nuggets,1,1,51,Made Shot,Layup Shot,2PT Field Goal,Restricted Area,Center(C),Less Than 8 ft.,2.0,26.0,0.0,1,1,20130118,DEN,WAS
Shot Chart Detail,0021200591,170,201147,Corey Brewer,1610612743,Denver Nuggets,2,8,58,Made Shot,Jump Shot,3PT Field Goal,Left Corner 3,Left Side(L),24+ ft.,22.0,-226.0,7.0,1,1,20130118,DEN,WAS
Shot Chart Detail,0021200591,195,201147,Corey Brewer,1610612743,Denver Nuggets,2,7,16,Made Shot,Jump Shot,3PT Field Goal,Right Corner 3,Right Side(R),24+ ft.,23.0,230.0,42.0,1,1,20130118,DEN,WAS
Shot Chart Detail,0021200591,258,201147,Corey Brewer,1610612743,Denver Nuggets,2,3,7,Missed Shot,Jump Shot,3PT Field Goal,Above the Break 3,Right Side Center(RC),24+ ft.,24.0,212.0,131.0,1,0,20130118,DEN,WAS
Shot Chart Detail,0021200591,262,201147,Corey Brewer,1610612743,Denver Nuggets,2,2,43,Made Shot,Driving Layup Shot,2PT Field Goal,Restricted Area,Center(C),Less Than 8 ft.,0.0,4.0,4.0,1,1,20130118,DEN,WAS
Shot Chart Detail,0021200591,270,201147,Corey Brewer,1610612743,Denver Nuggets,2,1,18,Missed Shot,Jump Shot,2PT Field Goal,Restricted Area,Center(C),Less Than 8 ft.,3.0,20.0,34.0,1,0,20130118,DEN,WAS
Shot Chart Detail,0021200591,280,201147,Corey Brewer,1610612743,Denver Nuggets,2,0,47,Missed Shot,Jump Shot,2PT Field Goal,Mid-Range,Right Side Center(RC),16-24 ft.,16.0,130.0,104.0,1,0,20130118,DEN,WAS
Shot Chart Detail,0021200591,398,201147,Corey Brewer,1610612743,Denver Nuggets,3,1,18,Missed Shot,Jump Shot,3PT Field Goal,Left Corner 3,Left Side(L),24+ ft.,24.0,-239.0,41.0,1,0,20130118,DEN,WAS
Shot Chart Detail,0021200591,434,201147,Corey Brewer,1610612743,Denver Nuggets,4,9,56,Missed Shot,Turnaround Bank shot,2PT Field Goal,In The Paint (Non-RA),Center(C),Less Than 8 ft.,7.0,62.0,34.0,1,0,20130118,DEN,WAS
Shot Chart Detail,0021200591,464,201147,Corey Brewer,1610612743,Denver Nuggets,4,6,14,Made Shot,Running Jump Shot,2PT Field Goal,In The Paint (Non-RA),Center(C),Less Than 8 ft.,5.0,-38.0,36.0,1,1,20130118,DEN,WAS
Shot Chart Detail,0021200591,467,201147,Corey Brewer,1610612743,Denver Nuggets,4,5,39,Missed Shot,Jump Shot,3PT Field Goal,Above the Break 3,Left Side Center(LC),24+ ft.,25.0,-100.0,239.0,1,0,20130118,DEN,WAS
Shot Chart Detail,0021200591,567,201147,Corey Brewer,1610612743,Denver Nuggets,4,0,0,Missed Shot,Jump Shot,3PT Field Goal,Above the Break 3,Center(C),24+ ft.,38.0,50.0,378.0,1,0,20130118,DEN,WAS
Shot Chart Detail,0021200604,92,201147,Corey Brewer,1610612743,Denver Nuggets,1,1,23,Missed Shot,Jump Shot,3PT Field Goal,Right Corner 3,Right Side(R),24+ ft.,23.0,239.0,-14.0,1,0,20130120,DEN,OKC
Shot Chart Detail,0021200604,107,201147,Corey Brewer,1610612743,Denver Nuggets,1,0,11,Made Shot,Dunk Shot,2PT Field Goal,Restricted Area,Center(C),Less Than 8 ft.,0.0,4.0,1.0,1,1,20130120,DEN,OKC
Shot Chart Detail,0021200604,168,201147,Corey Brewer,1610612743,Denver Nuggets,2,6,50,Made Shot,Floating Jump shot,2PT Field Goal,In The Paint (Non-RA),Center(C),Less Than 8 ft.,4.0,1.0,44.0,1,1,20130120,DEN,OKC
Shot Chart Detail,0021200604,178,201147,Corey Brewer,1610612743,Denver Nuggets,2,5,49,Made Shot,Driving Layup Shot,2PT Field Goal,Restricted Area,Center(C),Less Than 8 ft.,0.0,-2.0,1.0,1,1,20130120,DEN,OKC
Shot Chart Detail,0021200604,186,201147,Corey Brewer,1610612743,Denver Nuggets,2,5,20,Made Shot,Jump Hook Shot,2PT Field Goal,In The Paint (Non-RA),Center(C),Less Than 8 ft.,5.0,0.0,58.0,1,1,20130120,DEN,OKC
Shot Chart Detail,0021200604,189,201147,Corey Brewer,1610612743,Denver Nuggets,2,4,54,Missed Shot,Layup Shot,2PT Field Goal,Restricted Area,Center(C),Less Than 8 ft.,2.0,-26.0,-6.0,1,0,20130120,DEN,OKC
Shot Chart Detail,0021200604,201,201147,Corey Brewer,1610612743,Denver Nuggets,2,4,7,Made Shot,Layup Shot,2PT Field Goal,Restricted Area,Center(C),Less Than 8 ft.,1.0,18.0,1.0,1,1,20130120,DEN,OKC
Shot Chart Detail,0021200604,243,201147,Corey Brewer,1610612743,Denver Nuggets,2,0,48,Missed Shot,Driving Layup Shot,2PT Field Goal,Restricted Area,Center(C),Less Than 8 ft.,2.0,21.0,15.0,1,0,20130120,DEN,OKC
Shot Chart Detail,0021200604,262,201147,Corey Brewer,1610612743,Denver Nuggets,2,0,0,Missed Shot,Jump Shot,3PT Field Goal,Backcourt,Back Court(BC),Back Court Shot,49.0,-199.0,457.0,1,0,20130120,DEN,OKC
Shot Chart Detail,0021200604,432,201147,Corey Brewer,1610612743,Denver Nuggets,4,10,16,Made Shot,Jump Shot,3PT Field Goal,Above the Break 3,Left Side Center(LC),24+ ft.,26.0,-231.0,132.0,1,1,20130120,DEN,OKC
Shot Chart Detail,0021200604,439,201147,Corey Brewer,1610612743,Denver Nuggets,4,9,50,Made Shot,Jump Shot,3PT Field Goal,Left Corner 3,Left Side(L),24+ ft.,24.0,-235.0,50.0,1,1,20130120,DEN,OKC
Shot Chart Detail,0021200604,454,201147,Corey Brewer,1610612743,Denver Nuggets,4,8,52,Missed Shot,Layup Shot,2PT Field Goal,Restricted Area,Center(C),Less Than 8 ft.,1.0,13.0,4.0,1,0,20130120,DEN,OKC
Shot Chart Detail,0021200604,470,201147,Corey Brewer,1610612743,Denver Nuggets,4,7,42,Made Shot,Jump Shot,3PT Field Goal,Right Corner 3,Right Side(R),24+ ft.,24.0,239.0,34.0,1,1,20130120,DEN,OKC
Shot Chart Detail,0021200604,489,201147,Corey Brewer,1610612743,Denver Nuggets,4,6,41,Missed Shot,Jump Shot,3PT Field Goal,Left Corner 3,Left Side(L),24+ ft.,22.0,-224.0,-16.0,1,0,20130120,DEN,OKC
Shot Chart Detail,0021200604,521,201147,Corey Brewer,1610612743,Denver Nuggets,4,4,41,Made Shot,Layup Shot,2PT Field Goal,Restricted Area,Center(C),Less Than 8 ft.,2.0,-23.0,-5.0,1,1,20130120,DEN,OKC
Shot Chart Detail,0021200604,549,201147,Corey Brewer,1610612743,Denver Nuggets,4,2,3,Missed Shot,Jump Shot,2PT Field Goal,Mid-Range,Center(C),8-16 ft.,15.0,24.0,153.0,1,0,20130120,DEN,OKC
Shot Chart Detail,0021200604,593,201147,Corey Brewer,1610612743,Denver Nuggets,5,2,36,Missed Shot,Jump Shot,2PT Field Goal,Mid-Range,Right Side Center(RC),16-24 ft.,20.0,127.0,159.0,1,0,20130120,DEN,OKC
Shot Chart Detail,0021200622,71,201147,Corey Brewer,1610612743,Denver Nuggets,1,3,40,Missed Shot,Jump Shot,3PT Field Goal,Above the Break 3,Right Side Center(RC),24+ ft.,25.0,152.0,203.0,1,0,20130123,HOU,DEN
Shot Chart Detail,0021200622,93,201147,Corey Brewer,1610612743,Denver Nuggets,1,2,5,Missed Shot,Layup Shot,2PT Field Goal,Restricted Area,Center(C),Less Than 8 ft.,2.0,-2.0,22.0,1,0,20130123,HOU,DEN
Shot Chart Detail,0021200622,110,201147,Corey Brewer,1610612743,Denver Nuggets,1,0,13,Missed Shot,Jump Shot,3PT Field Goal,Right Corner 3,Right Side(R),24+ ft.,23.0,233.0,-17.0,1,0,20130123,HOU,DEN
Shot Chart Detail,0021200622,159,201147,Corey Brewer,1610612743,Denver Nuggets,2,6,17,Made Shot,Jump Shot,3PT Field Goal,Right Corner 3,Right Side(R),24+ ft.,23.0,239.0,-3.0,1,1,20130123,HOU,DEN
Shot Chart Detail,0021200622,204,201147,Corey Brewer,1610612743,Denver Nuggets,2,2,21,Missed Shot,Turnaround Jump Shot,3PT Field Goal,Above the Break 3,Left Side Center(LC),24+ ft.,25.0,-105.0,230.0,1,0,20130123,HOU,DEN
Shot Chart Detail,0021200622,208,201147,Corey Brewer,1610612743,Denver Nuggets,2,1,51,Missed Shot,Jump Shot,3PT Field Goal,Above the Break 3,Center(C),24+ ft.,25.0,17.0,250.0,1,0,20130123,HOU,DEN
Shot Chart Detail,0021200622,347,201147,Corey Brewer,1610612743,Denver Nuggets,3,2,16,Made Shot,Jump Bank Shot,2PT Field Goal,In The Paint (Non-RA),Center(C),Less Than 8 ft.,7.0,69.0,28.0,1,1,20130123,HOU,DEN
Shot Chart Detail,0021200622,428,201147,Corey Brewer,1610612743,Denver Nuggets,4,6,29,Made Shot,Driving Layup Shot,2PT Field Goal,Restricted Area,Center(C),Less Than 8 ft.,2.0,24.0,17.0,1,1,20130123,HOU,DEN
Shot Chart Detail,0021200649,134,201147,Corey Brewer,1610612743,Denver Nuggets,2,9,59,Missed Shot,Jump Shot,2PT Field Goal,Mid-Range,Left Side(L),16-24 ft.,18.0,-180.0,41.0,1,0,20130126,DEN,SAC
Shot Chart Detail,0021200649,138,201147,Corey Brewer,1610612743,Denver Nuggets,2,9,48,Made Shot,Jump Shot,2PT Field Goal,In The Paint (Non-RA),Center(C),Less Than 8 ft.,4.0,12.0,48.0,1,1,20130126,DEN,SAC
Shot Chart Detail,0021200649,143,201147,Corey Brewer,1610612743,Denver Nuggets,2,9,14,Missed Shot,Jump Shot,3PT Field Goal,Right Corner 3,Right Side(R),24+ ft.,23.0,230.0,11.0,1,0,20130126,DEN,SAC
Shot Chart Detail,0021200649,170,201147,Corey Brewer,1610612743,Denver Nuggets,2,7,20,Made Shot,Layup Shot,2PT Field Goal,Restricted Area,Center(C),Less Than 8 ft.,0.0,4.0,0.0,1,1,20130126,DEN,SAC
Shot Chart Detail,0021200649,177,201147,Corey Brewer,1610612743,Denver Nuggets,2,6,38,Missed Shot,Jump Shot,2PT Field Goal,Mid-Range,Right Side Center(RC),16-24 ft.,17.0,94.0,148.0,1,0,20130126,DEN,SAC
Shot Chart Detail,0021200649,188,201147,Corey Brewer,1610612743,Denver Nuggets,2,6,3,Missed Shot,Driving Finger Roll Layup Shot,2PT Field Goal,Restricted Area,Center(C),Less Than 8 ft.,1.0,18.0,7.0,1,0,20130126,DEN,SAC
Shot Chart Detail,0021200649,417,201147,Corey Brewer,1610612743,Denver Nuggets,4,11,35,Missed Shot,Reverse Layup Shot,2PT Field Goal,Restricted Area,Center(C),Less Than 8 ft.,0.0,-8.0,0.0,1,0,20130126,DEN,SAC
Shot Chart Detail,0021200664,61,201147,Corey Brewer,1610612743,Denver Nuggets,1,4,42,Missed Shot,Jump Shot,3PT Field Goal,Above the Break 3,Left Side Center(LC),24+ ft.,26.0,-166.0,205.0,1,0,20130128,DEN,IND
Shot Chart Detail,0021200664,70,201147,Corey Brewer,1610612743,Denver Nuggets,1,3,51,Made Shot,Layup Shot,2PT Field Goal,Restricted Area,Center(C),Less Than 8 ft.,0.0,9.0,-3.0,1,1,20130128,DEN,IND
Shot Chart Detail,0021200664,119,201147,Corey Brewer,1610612743,Denver Nuggets,2,11,25,Made Shot,Jump Shot,3PT Field Goal,Above the Break 3,Left Side Center(LC),24+ ft.,24.0,-218.0,118.0,1,1,20130128,DEN,IND
Shot Chart Detail,0021200664,124,201147,Corey Brewer,1610612743,Denver Nuggets,2,10,34,Missed Shot,Running Jump Shot,2PT Field Goal,In The Paint (Non-RA),Center(C),Less Than 8 ft.,4.0,-45.0,4.0,1,0,20130128,DEN,IND
Shot Chart Detail,0021200664,138,201147,Corey Brewer,1610612743,Denver Nuggets,2,8,58,Missed Shot,Jump Shot,2PT Field Goal,In The Paint (Non-RA),Center(C),8-16 ft.,13.0,62.0,116.0,1,0,20130128,DEN,IND
Shot Chart Detail,0021200664,161,201147,Corey Brewer,1610612743,Denver Nuggets,2,6,43,Made Shot,Jump Shot,3PT Field Goal,Left Corner 3,Left Side(L),24+ ft.,22.0,-228.0,-14.0,1,1,20130128,DEN,IND
Shot Chart Detail,0021200664,259,201147,Corey Brewer,1610612743,Denver Nuggets,2,0,3,Missed Shot,Jump Shot,3PT Field Goal,Left Corner 3,Left Side(L),24+ ft.,23.0,-232.0,34.0,1,0,20130128,DEN,IND
Shot Chart Detail,0021200664,353,201147,Corey Brewer,1610612743,Denver Nuggets,3,1,50,Made Shot,Jump Shot,3PT Field Goal,Left Corner 3,Left Side(L),24+ ft.,23.0,-231.0,17.0,1,1,20130128,DEN,IND
Shot Chart Detail,0021200664,421,201147,Corey Brewer,1610612743,Denver Nuggets,4,9,26,Made Shot,Running Bank shot,2PT Field Goal,In The Paint (Non-RA),Right Side(R),8-16 ft.,8.0,78.0,25.0,1,1,20130128,DEN,IND
Shot Chart Detail,0021200664,479,201147,Corey Brewer,1610612743,Denver Nuggets,4,4,1,Missed Shot,Layup Shot,2PT Field Goal,Restricted Area,Center(C),Less Than 8 ft.,1.0,-19.0,0.0,1,0,20130128,DEN,IND
Shot Chart Detail,0021200664,481,201147,Corey Brewer,1610612743,Denver Nuggets,4,3,57,Missed Shot,Layup Shot,2PT Field Goal,Restricted Area,Center(C),Less Than 8 ft.,1.0,-11.0,14.0,1,0,20130128,DEN,IND
Shot Chart Detail,0021200679,83,201147,Corey Brewer,1610612743,Denver Nuggets,1,3,35,Made Shot,Jump Shot,3PT Field Goal,Above the Break 3,Right Side Center(RC),24+ ft.,24.0,130.0,213.0,1,1,20130130,DEN,HOU
Shot Chart Detail,0021200679,108,201147,Corey Brewer,1610612743,Denver Nuggets,1,1,52,Missed Shot,Jump Shot,3PT Field Goal,Right Corner 3,Right Side(R),24+ ft.,23.0,233.0,-3.0,1,0,20130130,DEN,HOU
Shot Chart Detail,0021200679,128,201147,Corey Brewer,1610612743,Denver Nuggets,1,0,1,Missed Shot,Jump Shot,3PT Field Goal,Above the Break 3,Back Court(BC),Back Court Shot,43.0,127.0,413.0,1,0,20130130,DEN,HOU
Shot Chart Detail,0021200679,196,201147,Corey Brewer,1610612743,Denver Nuggets,2,6,47,Missed Shot,Running Jump Shot,2PT Field Goal,In The Paint (Non-RA),Center(C),Less Than 8 ft.,6.0,21.0,58.0,1,0,20130130,DEN,HOU
Shot Chart Detail,0021200679,302,201147,Corey Brewer,1610612743,Denver Nuggets,2,0,27,Missed Shot,Jump Shot,3PT Field Goal,Right Corner 3,Right Side(R),24+ ft.,23.0,236.0,-8.0,1,0,20130130,DEN,HOU
Shot Chart Detail,0021200679,361,201147,Corey Brewer,1610612743,Denver Nuggets,3,6,21,Missed Shot,Running Jump Shot,2PT Field Goal,In The Paint (Non-RA),Center(C),Less Than 8 ft.,7.0,29.0,71.0,1,0,20130130,DEN,HOU
Shot Chart Detail,0021200679,454,201147,Corey Brewer,1610612743,Denver Nuggets,3,0,4,Made Shot,Reverse Layup Shot,2PT Field Goal,Restricted Area,Center(C),Less Than 8 ft.,1.0,17.0,1.0,1,1,20130130,DEN,HOU
Shot Chart Detail,0021200679,479,201147,Corey Brewer,1610612743,Denver Nuggets,4,10,21,Missed Shot,Jump Shot,3PT Field Goal,Above the Break 3,Left Side Center(LC),24+ ft.,24.0,-177.0,172.0,1,0,20130130,DEN,HOU
Shot Chart Detail,0021200692,83,201147,Corey Brewer,1610612743,Denver Nuggets,1,1,40,Made Shot,Fadeaway Jump Shot,2PT Field Goal,Mid-Range,Right Side(R),16-24 ft.,18.0,181.0,48.0,1,1,20130201,DEN,NOH
Shot Chart Detail,0021200692,134,201147,Corey Brewer,1610612743,Denver Nuggets,2,8,33,Made Shot,Jump Shot,2PT Field Goal,Mid-Range,Right Side(R),8-16 ft.,15.0,155.0,31.0,1,1,20130201,DEN,NOH
Shot Chart Detail,0021200692,136,201147,Corey Brewer,1610612743,Denver Nuggets,2,8,4,Made Shot,Jump Shot,3PT Field Goal,Left Corner 3,Left Side(L),24+ ft.,23.0,-237.0,-21.0,1,1,20130201,DEN,NOH
Shot Chart Detail,0021200692,159,201147,Corey Brewer,1610612743,Denver Nuggets,2,6,14,Made Shot,Slam Dunk Shot,2PT Field Goal,Restricted Area,Center(C),Less Than 8 ft.,1.0,4.0,12.0,1,1,20130201,DEN,NOH
Shot Chart Detail,0021200692,161,201147,Corey Brewer,1610612743,Denver Nuggets,2,5,54,Made Shot,Dunk Shot,2PT Field Goal,Restricted Area,Center(C),Less Than 8 ft.,1.0,0.0,11.0,1,1,20130201,DEN,NOH
Shot Chart Detail,0021200692,171,201147,Corey Brewer,1610612743,Denver Nuggets,2,5,4,Missed Shot,Jump Shot,3PT Field Goal,Above the Break 3,Right Side Center(RC),24+ ft.,25.0,206.0,154.0,1,0,20130201,DEN,NOH
Shot Chart Detail,0021200692,173,201147,Corey Brewer,1610612743,Denver Nuggets,2,4,58,Made Shot,Slam Dunk Shot,2PT Field Goal,Restricted Area,Center(C),Less Than 8 ft.,0.0,4.0,1.0,1,1,20130201,DEN,NOH
Shot Chart Detail,0021200692,325,201147,Corey Brewer,1610612743,Denver Nuggets,3,2,56,Missed Shot,Running Layup Shot,2PT Field Goal,Restricted Area,Center(C),Less Than 8 ft.,2.0,-23.0,4.0,1,0,20130201,DEN,NOH
Shot Chart Detail,0021200692,351,201147,Corey Brewer,1610612743,Denver Nuggets,3,1,0,Made Shot,Running Bank shot,2PT Field Goal,In The Paint (Non-RA),Center(C),Less Than 8 ft.,7.0,47.0,52.0,1,1,20130201,DEN,NOH
Shot Chart Detail,0021200692,357,201147,Corey Brewer,1610612743,Denver Nuggets,3,0,42,Missed Shot,Jump Shot,3PT Field Goal,Left Corner 3,Left Side(L),24+ ft.,23.0,-235.0,-3.0,1,0,20130201,DEN,NOH
Shot Chart Detail,0021200692,361,201147,Corey Brewer,1610612743,Denver Nuggets,3,0,23,Made Shot,Layup Shot,2PT Field Goal,Restricted Area,Center(C),Less Than 8 ft.,1.0,17.0,-3.0,1,1,20130201,DEN,NOH
Shot Chart Detail,0021200692,398,201147,Corey Brewer,1610612743,Denver Nuggets,4,9,33,Missed Shot,Jump Shot,3PT Field Goal,Left Corner 3,Left Side(L),24+ ft.,22.0,-224.0,44.0,1,0,20130201,DEN,NOH
Shot Chart Detail,0021200719,109,201147,Corey Brewer,1610612743,Denver Nuggets,1,1,53,Made Shot,Driving Layup Shot,2PT Field Goal,Restricted Area,Center(C),Less Than 8 ft.,1.0,10.0,0.0,1,1,20130205,DEN,MIL
Shot Chart Detail,0021200719,121,201147,Corey Brewer,1610612743,Denver Nuggets,1,0,50,Missed Shot,Layup Shot,2PT Field Goal,Restricted Area,Center(C),Less Than 8 ft.,1.0,-11.0,7.0,1,0,20130205,DEN,MIL
Shot Chart Detail,0021200719,127,201147,Corey Brewer,1610612743,Denver Nuggets,1,0,17,Made Shot,Jump Shot,3PT Field Goal,Right Corner 3,Right Side(R),24+ ft.,22.0,226.0,1.0,1,1,20130205,DEN,MIL
Shot Chart Detail,0021200719,148,201147,Corey Brewer,1610612743,Denver Nuggets,2,9,36,Missed Shot,Jump Shot,3PT Field Goal,Right Corner 3,Right Side(R),24+ ft.,22.0,226.0,-14.0,1,0,20130205,DEN,MIL
Shot Chart Detail,0021200719,164,201147,Corey Brewer,1610612743,Denver Nuggets,2,8,29,Missed Shot,Layup Shot,2PT Field Goal,Restricted Area,Center(C),Less Than 8 ft.,2.0,15.0,14.0,1,0,20130205,DEN,MIL
Shot Chart Detail,0021200719,175,201147,Corey Brewer,1610612743,Denver Nuggets,2,7,49,Missed Shot,Jump Shot,2PT Field Goal,Mid-Range,Center(C),16-24 ft.,19.0,34.0,187.0,1,0,20130205,DEN,MIL
Shot Chart Detail,0021200719,196,201147,Corey Brewer,1610612743,Denver Nuggets,2,5,52,Made Shot,Driving Dunk Shot,2PT Field Goal,Restricted Area,Center(C),Less Than 8 ft.,0.0,1.0,1.0,1,1,20130205,DEN,MIL
Shot Chart Detail,0021200719,378,201147,Corey Brewer,1610612743,Denver Nuggets,3,3,34,Missed Shot,Jump Shot,2PT Field Goal,In The Paint (Non-RA),Center(C),Less Than 8 ft.,7.0,54.0,50.0,1,0,20130205,DEN,MIL
Shot Chart Detail,0021200719,427,201147,Corey Brewer,1610612743,Denver Nuggets,4,11,32,Missed Shot,Driving Layup Shot,2PT Field Goal,Restricted Area,Center(C),Less Than 8 ft.,0.0,4.0,-8.0,1,0,20130205,DEN,MIL
Shot Chart Detail,0021200719,433,201147,Corey Brewer,1610612743,Denver Nuggets,4,10,51,Made Shot,Layup Shot,2PT Field Goal,Restricted Area,Center(C),Less Than 8 ft.,1.0,-13.0,-5.0,1,1,20130205,DEN,MIL
Shot Chart Detail,0021200719,438,201147,Corey Brewer,1610612743,Denver Nuggets,4,10,6,Made Shot,Layup Shot,2PT Field Goal,Restricted Area,Center(C),Less Than 8 ft.,2.0,20.0,0.0,1,1,20130205,DEN,MIL
Shot Chart Detail,0021200719,461,201147,Corey Brewer,1610612743,Denver Nuggets,4,8,54,Missed Shot,Jump Shot,2PT Field Goal,In The Paint (Non-RA),Center(C),Less Than 8 ft.,4.0,43.0,-6.0,1,0,20130205,DEN,MIL
Shot Chart Detail,0021200719,534,201147,Corey Brewer,1610612743,Denver Nuggets,4,3,36,Made Shot,Driving Dunk Shot,2PT Field Goal,Restricted Area,Center(C),Less Than 8 ft.,1.0,10.0,0.0,1,1,20130205,DEN,MIL
Shot Chart Detail,0021200734,133,201147,Corey Brewer,1610612743,Denver Nuggets,2,10,55,Missed Shot,Jump Shot,3PT Field Goal,Above the Break 3,Right Side Center(RC),24+ ft.,25.0,193.0,159.0,1,0,20130207,DEN,CHI
Shot Chart Detail,0021200734,148,201147,Corey Brewer,1610612743,Denver Nuggets,2,9,21,Missed Shot,Jump Shot,3PT Field Goal,Right Corner 3,Right Side(R),24+ ft.,23.0,231.0,-3.0,1,0,20130207,DEN,CHI
Shot Chart Detail,0021200734,155,201147,Corey Brewer,1610612743,Denver Nuggets,2,8,33,Missed Shot,Running Jump Shot,2PT Field Goal,In The Paint (Non-RA),Center(C),Less Than 8 ft.,4.0,1.0,44.0,1,0,20130207,DEN,CHI
Shot Chart Detail,0021200734,165,201147,Corey Brewer,1610612743,Denver Nuggets,2,8,8,Missed Shot,Layup Shot,2PT Field Goal,Restricted Area,Center(C),Less Than 8 ft.,2.0,28.0,-3.0,1,0,20130207,DEN,CHI
Shot Chart Detail,0021200734,406,201147,Corey Brewer,1610612743,Denver Nuggets,3,0,0,Missed Shot,Jump Shot,3PT Field Goal,Backcourt,Back Court(BC),Back Court Shot,51.0,181.0,487.0,1,0,20130207,DEN,CHI
Shot Chart Detail,0021200734,425,201147,Corey Brewer,1610612743,Denver Nuggets,4,10,9,Made Shot,Layup Shot,2PT Field Goal,Restricted Area,Center(C),Less Than 8 ft.,1.0,13.0,9.0,1,1,20130207,DEN,CHI
Shot Chart Detail,0021200734,432,201147,Corey Brewer,1610612743,Denver Nuggets,4,9,26,Made Shot,Jump Shot,2PT Field Goal,Mid-Range,Right Side Center(RC),16-24 ft.,19.0,140.0,132.0,1,1,20130207,DEN,CHI
Shot Chart Detail,0021200734,434,201147,Corey Brewer,1610612743,Denver Nuggets,4,8,41,Made Shot,Driving Finger Roll Layup Shot,2PT Field Goal,Restricted Area,Center(C),Less Than 8 ft.,1.0,18.0,6.0,1,1,20130207,DEN,CHI
Shot Chart Detail,0021200747,184,201147,Corey Brewer,1610612743,Denver Nuggets,2,8,3,Missed Shot,Jump Shot,3PT Field Goal,Left Corner 3,Left Side(L),24+ ft.,23.0,-232.0,12.0,1,0,20130209,CLE,DEN
Shot Chart Detail,0021200747,451,201147,Corey Brewer,1610612743,Denver Nuggets,4,11,15,Missed Shot,Jump Shot,3PT Field Goal,Left Corner 3,Left Side(L),24+ ft.,23.0,-231.0,19.0,1,0,20130209,CLE,DEN
Shot Chart Detail,0021200747,458,201147,Corey Brewer,1610612743,Denver Nuggets,4,10,49,Made Shot,Driving Layup Shot,2PT Field Goal,Restricted Area,Center(C),Less Than 8 ft.,1.0,-8.0,7.0,1,1,20130209,CLE,DEN
Shot Chart Detail,0021200747,462,201147,Corey Brewer,1610612743,Denver Nuggets,4,10,11,Missed Shot,Floating Jump shot,2PT Field Goal,In The Paint (Non-RA),Center(C),Less Than 8 ft.,5.0,15.0,48.0,1,0,20130209,CLE,DEN
Shot Chart Detail,0021200747,478,201147,Corey Brewer,1610612743,Denver Nuggets,4,9,2,Made Shot,Driving Dunk Shot,2PT Field Goal,Restricted Area,Center(C),Less Than 8 ft.,0.0,-2.0,4.0,1,1,20130209,CLE,DEN
Shot Chart Detail,0021200747,503,201147,Corey Brewer,1610612743,Denver Nuggets,4,6,43,Missed Shot,Jump Shot,3PT Field Goal,Left Corner 3,Left Side(L),24+ ft.,24.0,-240.0,30.0,1,0,20130209,CLE,DEN
Shot Chart Detail,0021200754,104,201147,Corey Brewer,1610612743,Denver Nuggets,1,1,7,Missed Shot,Jump Shot,3PT Field Goal,Right Corner 3,Right Side(R),24+ ft.,22.0,226.0,39.0,1,0,20130210,BOS,DEN
Shot Chart Detail,0021200754,106,201147,Corey Brewer,1610612743,Denver Nuggets,1,0,45,Made Shot,Driving Layup Shot,2PT Field Goal,Restricted Area,Center(C),Less Than 8 ft.,1.0,-7.0,17.0,1,1,20130210,BOS,DEN
Shot Chart Detail,0021200754,110,201147,Corey Brewer,1610612743,Denver Nuggets,1,0,0,Missed Shot,Jump Shot,3PT Field Goal,Above the Break 3,Right Side Center(RC),24+ ft.,25.0,114.0,230.0,1,0,20130210,BOS,DEN
Shot Chart Detail,0021200754,137,201147,Corey Brewer,1610612743,Denver Nuggets,2,8,59,Made Shot,Driving Layup Shot,2PT Field Goal,Restricted Area,Center(C),Less Than 8 ft.,2.0,28.0,7.0,1,1,20130210,BOS,DEN
Shot Chart Detail,0021200754,176,201147,Corey Brewer,1610612743,Denver Nuggets,2,6,3,Missed Shot,Layup Shot,2PT Field Goal,Restricted Area,Center(C),Less Than 8 ft.,0.0,7.0,0.0,1,0,20130210,BOS,DEN
Shot Chart Detail,0021200754,178,201147,Corey Brewer,1610612743,Denver Nuggets,2,6,0,Made Shot,Layup Shot,2PT Field Goal,Restricted Area,Center(C),Less Than 8 ft.,0.0,0.0,3.0,1,1,20130210,BOS,DEN
Shot Chart Detail,0021200754,195,201147,Corey Brewer,1610612743,Denver Nuggets,2,5,17,Missed Shot,Jump Shot,3PT Field Goal,Left Corner 3,Left Side(L),24+ ft.,23.0,-237.0,14.0,1,0,20130210,BOS,DEN
Shot Chart Detail,0021200754,246,201147,Corey Brewer,1610612743,Denver Nuggets,2,1,1,Missed Shot,Layup Shot,2PT Field Goal,Restricted Area,Center(C),Less Than 8 ft.,0.0,0.0,1.0,1,0,20130210,BOS,DEN
Shot Chart Detail,0021200754,256,201147,Corey Brewer,1610612743,Denver Nuggets,2,0,5,Missed Shot,Jump Shot,2PT Field Goal,In The Paint (Non-RA),Center(C),Less Than 8 ft.,6.0,62.0,20.0,1,0,20130210,BOS,DEN
Shot Chart Detail,0021200754,325,201147,Corey Brewer,1610612743,Denver Nuggets,3,6,42,Made Shot,Jump Shot,2PT Field Goal,Mid-Range,Right Side Center(RC),16-24 ft.,17.0,69.0,162.0,1,1,20130210,BOS,DEN
Shot Chart Detail,0021200754,327,201147,Corey Brewer,1610612743,Denver Nuggets,3,6,27,Missed Shot,Jump Shot,2PT Field Goal,Mid-Range,Right Side Center(RC),16-24 ft.,16.0,56.0,157.0,1,0,20130210,BOS,DEN
Shot Chart Detail,0021200754,365,201147,Corey Brewer,1610612743,Denver Nuggets,3,3,24,Missed Shot,Jump Shot,3PT Field Goal,Right Corner 3,Right Side(R),24+ ft.,23.0,231.0,60.0,1,0,20130210,BOS,DEN
Shot Chart Detail,0021200754,393,201147,Corey Brewer,1610612743,Denver Nuggets,3,0,33,Missed Shot,Jump Shot,2PT Field Goal,In The Paint (Non-RA),Right Side(R),8-16 ft.,8.0,73.0,37.0,1,0,20130210,BOS,DEN
Shot Chart Detail,0021200754,395,201147,Corey Brewer,1610612743,Denver Nuggets,3,0,28,Made Shot,Layup Shot,2PT Field Goal,Restricted Area,Center(C),Less Than 8 ft.,1.0,-5.0,14.0,1,1,20130210,BOS,DEN
Shot Chart Detail,0021200754,433,201147,Corey Brewer,1610612743,Denver Nuggets,4,8,51,Missed Shot,Driving Reverse Layup Shot,2PT Field Goal,Restricted Area,Center(C),Less Than 8 ft.,0.0,-8.0,4.0,1,0,20130210,BOS,DEN
Shot Chart Detail,0021200769,7,201147,Corey Brewer,1610612743,Denver Nuggets,1,11,14,Missed Shot,Jump Shot,3PT Field Goal,Right Corner 3,Right Side(R),24+ ft.,24.0,241.0,9.0,1,0,20130212,TOR,DEN
Shot Chart Detail,0021200769,20,201147,Corey Brewer,1610612743,Denver Nuggets,1,10,4,Missed Shot,Driving Hook Shot,2PT Field Goal,Mid-Range,Right Side(R),8-16 ft.,10.0,97.0,30.0,1,0,20130212,TOR,DEN
Shot Chart Detail,0021200769,31,201147,Corey Brewer,1610612743,Denver Nuggets,1,9,26,Made Shot,Jump Shot,3PT Field Goal,Left Corner 3,Left Side(L),24+ ft.,23.0,-232.0,19.0,1,1,20130212,TOR,DEN
Shot Chart Detail,0021200769,54,201147,Corey Brewer,1610612743,Denver Nuggets,1,8,13,Missed Shot,Jump Shot,2PT Field Goal,Mid-Range,Right Side Center(RC),16-24 ft.,21.0,170.0,124.0,1,0,20130212,TOR,DEN
Shot Chart Detail,0021200769,66,201147,Corey Brewer,1610612743,Denver Nuggets,1,6,43,Missed Shot,Jump Shot,3PT Field Goal,Right Corner 3,Right Side(R),24+ ft.,23.0,236.0,20.0,1,0,20130212,TOR,DEN
Shot Chart Detail,0021200769,193,201147,Corey Brewer,1610612743,Denver Nuggets,2,6,59,Missed Shot,Jump Shot,3PT Field Goal,,,,,,,1,0,20130212,TOR,DEN
Shot Chart Detail,0021200769,201,201147,Corey Brewer,1610612743,Denver Nuggets,2,5,59,Missed Shot,Jump Shot,3PT Field Goal,Above the Break 3,Right Side Center(RC),24+ ft.,27.0,165.0,222.0,1,0,20130212,TOR,DEN
Shot Chart Detail,0021200769,306,201147,Corey Brewer,1610612743,Denver Nuggets,3,10,45,Made Shot,Jump Shot,2PT Field Goal,Mid-Range,Right Side Center(RC),16-24 ft.,17.0,124.0,127.0,1,1,20130212,TOR,DEN
Shot Chart Detail,0021200769,371,201147,Corey Brewer,1610612743,Denver Nuggets,3,3,55,Missed Shot,Jump Shot,3PT Field Goal,Above the Break 3,Right Side Center(RC),24+ ft.,27.0,116.0,250.0,1,0,20130212,TOR,DEN
Shot Chart Detail,0021200769,510,201147,Corey Brewer,1610612743,Denver Nuggets,4,3,19,Missed Shot,Jump Shot,3PT Field Goal,Right Corner 3,Right Side(R),24+ ft.,24.0,242.0,0.0,1,0,20130212,TOR,DEN
Shot Chart Detail,0021200769,514,201147,Corey Brewer,1610612743,Denver Nuggets,4,3,2,Made Shot,Reverse Layup Shot,2PT Field Goal,Restricted Area,Center(C),Less Than 8 ft.,1.0,-5.0,-19.0,1,1,20130212,TOR,DEN
Shot Chart Detail,0021200779,18,201147,Corey Brewer,1610612743,Denver Nuggets,1,8,48,Made Shot,Fadeaway Jump Shot,2PT Field Goal,Mid-Range,Right Side Center(RC),16-24 ft.,17.0,118.0,127.0,1,1,20130213,BKN,DEN
Shot Chart Detail,0021200779,20,201147,Corey Brewer,1610612743,Denver Nuggets,1,8,15,Missed Shot,Reverse Layup Shot,2PT Field Goal,Restricted Area,Center(C),Less Than 8 ft.,3.0,-35.0,0.0,1,0,20130213,BKN,DEN
Shot Chart Detail,0021200779,24,201147,Corey Brewer,1610612743,Denver Nuggets,1,7,37,Missed Shot,Jump Shot,2PT Field Goal,Mid-Range,Left Side(L),8-16 ft.,12.0,-82.0,93.0,1,0,20130213,BKN,DEN
Shot Chart Detail,0021200779,46,201147,Corey Brewer,1610612743,Denver Nuggets,1,4,54,Missed Shot,Driving Layup Shot,2PT Field Goal,Restricted Area,Center(C),Less Than 8 ft.,2.0,20.0,17.0,1,0,20130213,BKN,DEN
Shot Chart Detail,0021200779,214,201147,Corey Brewer,1610612743,Denver Nuggets,2,3,45,Made Shot,Jump Shot,3PT Field Goal,Left Corner 3,Left Side(L),24+ ft.,24.0,-240.0,4.0,1,1,20130213,BKN,DEN
Shot Chart Detail,0021200779,259,201147,Corey Brewer,1610612743,Denver Nuggets,2,0,1,Missed Shot,Jump Shot,3PT Field Goal,Above the Break 3,Right Side Center(RC),24+ ft.,30.0,215.0,214.0,1,0,20130213,BKN,DEN
Shot Chart Detail,0021200779,278,201147,Corey Brewer,1610612743,Denver Nuggets,3,10,49,Missed Shot,Jump Shot,3PT Field Goal,Above the Break 3,Left Side Center(LC),24+ ft.,24.0,-185.0,164.0,1,0,20130213,BKN,DEN
Shot Chart Detail,0021200779,293,201147,Corey Brewer,1610612743,Denver Nuggets,3,9,31,Made Shot,Driving Layup Shot,2PT Field Goal,In The Paint (Non-RA),Center(C),Less Than 8 ft.,4.0,31.0,26.0,1,1,20130213,BKN,DEN
Shot Chart Detail,0021200779,400,201147,Corey Brewer,1610612743,Denver Nuggets,4,10,13,Made Shot,Jump Shot,3PT Field Goal,Left Corner 3,Left Side(L),24+ ft.,23.0,-231.0,11.0,1,1,20130213,BKN,DEN
Shot Chart Detail,0021200779,415,201147,Corey Brewer,1610612743,Denver Nuggets,4,8,13,Made Shot,Layup Shot,2PT Field Goal,Restricted Area,Center(C),Less Than 8 ft.,1.0,18.0,6.0,1,1,20130213,BKN,DEN
Shot Chart Detail,0021200779,484,201147,Corey Brewer,1610612743,Denver Nuggets,4,1,46,Missed Shot,Jump Shot,2PT Field Goal,Mid-Range,Left Side(L),8-16 ft.,12.0,-122.0,33.0,1,0,20130213,BKN,DEN
Shot Chart Detail,0021200794,121,201147,Corey Brewer,1610612743,Denver Nuggets,2,10,5,Made Shot,Jump Shot,2PT Field Goal,Mid-Range,Right Side(R),16-24 ft.,21.0,181.0,115.0,1,1,20130219,DEN,BOS
Shot Chart Detail,0021200794,124,201147,Corey Brewer,1610612743,Denver Nuggets,2,9,38,Missed Shot,Jump Shot,3PT Field Goal,Above the Break 3,Left Side Center(LC),24+ ft.,26.0,-201.0,178.0,1,0,20130219,DEN,BOS
Shot Chart Detail,0021200794,139,201147,Corey Brewer,1610612743,Denver Nuggets,2,7,55,Missed Shot,Jump Shot,2PT Field Goal,Mid-Range,Left Side Center(LC),16-24 ft.,18.0,-117.0,149.0,1,0,20130219,DEN,BOS
Shot Chart Detail,0021200794,348,201147,Corey Brewer,1610612743,Denver Nuggets,3,1,7,Missed Shot,Jump Shot,2PT Field Goal,Mid-Range,Left Side Center(LC),16-24 ft.,18.0,-136.0,131.0,1,0,20130219,DEN,BOS
Shot Chart Detail,0021200794,352,201147,Corey Brewer,1610612743,Denver Nuggets,3,0,49,Made Shot,Layup Shot,2PT Field Goal,Restricted Area,Center(C),Less Than 8 ft.,3.0,31.0,1.0,1,1,20130219,DEN,BOS
Shot Chart Detail,0021200794,355,201147,Corey Brewer,1610612743,Denver Nuggets,3,0,22,Made Shot,Driving Layup Shot,2PT Field Goal,Restricted Area,Center(C),Less Than 8 ft.,0.0,-4.0,0.0,1,1,20130219,DEN,BOS
Shot Chart Detail,0021200794,365,201147,Corey Brewer,1610612743,Denver Nuggets,4,11,22,Missed Shot,Jump Shot,2PT Field Goal,Mid-Range,Right Side Center(RC),16-24 ft.,17.0,114.0,138.0,1,0,20130219,DEN,BOS
Shot Chart Detail,0021200794,389,201147,Corey Brewer,1610612743,Denver Nuggets,4,8,40,Missed Shot,Running Hook Shot,2PT Field Goal,In The Paint (Non-RA),Center(C),Less Than 8 ft.,4.0,18.0,36.0,1,0,20130219,DEN,BOS
Shot Chart Detail,0021200794,396,201147,Corey Brewer,1610612743,Denver Nuggets,4,8,10,Made Shot,Driving Layup Shot,2PT Field Goal,Restricted Area,Center(C),Less Than 8 ft.,2.0,21.0,9.0,1,1,20130219,DEN,BOS
Shot Chart Detail,0021200794,408,201147,Corey Brewer,1610612743,Denver Nuggets,4,7,13,Missed Shot,Layup Shot,2PT Field Goal,Restricted Area,Center(C),Less Than 8 ft.,0.0,2.0,-3.0,1,0,20130219,DEN,BOS
Shot Chart Detail,0021200812,86,201147,Corey Brewer,1610612743,Denver Nuggets,1,3,6,Missed Shot,Jump Shot,3PT Field Goal,Left Corner 3,Left Side(L),24+ ft.,23.0,-232.0,19.0,1,0,20130222,WAS,DEN
Shot Chart Detail,0021200812,100,201147,Corey Brewer,1610612743,Denver Nuggets,1,2,7,Made Shot,Running Layup Shot,2PT Field Goal,Restricted Area,Center(C),Less Than 8 ft.,0.0,1.0,4.0,1,1,20130222,WAS,DEN
Shot Chart Detail,0021200812,181,201147,Corey Brewer,1610612743,Denver Nuggets,2,7,29,Missed Shot,Jump Shot,3PT Field Goal,Right Corner 3,Right Side(R),24+ ft.,23.0,234.0,6.0,1,0,20130222,WAS,DEN
Shot Chart Detail,0021200812,261,201147,Corey Brewer,1610612743,Denver Nuggets,2,0,48,Made Shot,Layup Shot,2PT Field Goal,Restricted Area,Center(C),Less Than 8 ft.,2.0,15.0,14.0,1,1,20130222,WAS,DEN
Shot Chart Detail,0021200812,269,201147,Corey Brewer,1610612743,Denver Nuggets,2,0,15,Missed Shot,Jump Shot,3PT Field Goal,Right Corner 3,Right Side(R),24+ ft.,24.0,236.0,64.0,1,0,20130222,WAS,DEN
Shot Chart Detail,0021200812,382,201147,Corey Brewer,1610612743,Denver Nuggets,3,3,8,Made Shot,Running Bank shot,2PT Field Goal,Mid-Range,Left Side(L),8-16 ft.,10.0,-101.0,37.0,1,1,20130222,WAS,DEN
Shot Chart Detail,0021200812,390,201147,Corey Brewer,1610612743,Denver Nuggets,3,2,4,Missed Shot,Jump Shot,3PT Field Goal,Left Corner 3,Left Side(L),24+ ft.,23.0,-232.0,3.0,1,0,20130222,WAS,DEN
Shot Chart Detail,0021200812,411,201147,Corey Brewer,1610612743,Denver Nuggets,3,1,17,Missed Shot,Jump Shot,2PT Field Goal,Restricted Area,Center(C),Less Than 8 ft.,3.0,32.0,20.0,1,0,20130222,WAS,DEN
Shot Chart Detail,0021200812,457,201147,Corey Brewer,1610612743,Denver Nuggets,4,9,59,Made Shot,Pullup Jump shot,2PT Field Goal,In The Paint (Non-RA),Center(C),8-16 ft.,9.0,13.0,96.0,1,1,20130222,WAS,DEN
Shot Chart Detail,0021200812,482,201147,Corey Brewer,1610612743,Denver Nuggets,4,7,36,Made Shot,Layup Shot,2PT Field Goal,Restricted Area,Center(C),Less Than 8 ft.,0.0,-5.0,7.0,1,1,20130222,WAS,DEN
Shot Chart Detail,0021200824,33,201147,Corey Brewer,1610612743,Denver Nuggets,1,6,57,Missed Shot,Jump Shot,3PT Field Goal,Above the Break 3,Left Side Center(LC),24+ ft.,25.0,-194.0,167.0,1,0,20130223,CHA,DEN
Shot Chart Detail,0021200824,41,201147,Corey Brewer,1610612743,Denver Nuggets,1,6,25,Made Shot,Jump Shot,3PT Field Goal,Left Corner 3,Left Side(L),24+ ft.,23.0,-235.0,14.0,1,1,20130223,CHA,DEN
Shot Chart Detail,0021200824,63,201147,Corey Brewer,1610612743,Denver Nuggets,1,4,43,Missed Shot,Reverse Layup Shot,2PT Field Goal,Restricted Area,Center(C),Less Than 8 ft.,1.0,2.0,11.0,1,0,20130223,CHA,DEN
Shot Chart Detail,0021200824,77,201147,Corey Brewer,1610612743,Denver Nuggets,1,4,15,Missed Shot,Jump Shot,3PT Field Goal,Right Corner 3,Right Side(R),24+ ft.,23.0,237.0,1.0,1,0,20130223,CHA,DEN
Shot Chart Detail,0021200824,123,201147,Corey Brewer,1610612743,Denver Nuggets,1,0,0,Missed Shot,Jump Shot,3PT Field Goal,Above the Break 3,Right Side Center(RC),24+ ft.,27.0,125.0,249.0,1,0,20130223,CHA,DEN
Shot Chart Detail,0021200824,138,201147,Corey Brewer,1610612743,Denver Nuggets,2,10,43,Missed Shot,Jump Shot,2PT Field Goal,Mid-Range,Right Side Center(RC),16-24 ft.,18.0,121.0,140.0,1,0,20130223,CHA,DEN
Shot Chart Detail,0021200824,140,201147,Corey Brewer,1610612743,Denver Nuggets,2,10,36,Made Shot,Layup Shot,2PT Field Goal,Restricted Area,Center(C),Less Than 8 ft.,2.0,20.0,-2.0,1,1,20130223,CHA,DEN
Shot Chart Detail,0021200824,154,201147,Corey Brewer,1610612743,Denver Nuggets,2,9,15,Made Shot,Jump Shot,3PT Field Goal,Left Corner 3,Left Side(L),24+ ft.,22.0,-226.0,20.0,1,1,20130223,CHA,DEN
Shot Chart Detail,0021200824,156,201147,Corey Brewer,1610612743,Denver Nuggets,2,8,51,Missed Shot,Jump Shot,3PT Field Goal,Left Corner 3,Left Side(L),24+ ft.,24.0,-239.0,28.0,1,0,20130223,CHA,DEN
Shot Chart Detail,0021200824,160,201147,Corey Brewer,1610612743,Denver Nuggets,2,8,31,Missed Shot,Reverse Layup Shot,2PT Field Goal,Restricted Area,Center(C),Less Than 8 ft.,1.0,10.0,3.0,1,0,20130223,CHA,DEN
Shot Chart Detail,0021200824,304,201147,Corey Brewer,1610612743,Denver Nuggets,3,7,42,Missed Shot,Jump Shot,2PT Field Goal,In The Paint (Non-RA),Center(C),8-16 ft.,8.0,-7.0,80.0,1,0,20130223,CHA,DEN
Shot Chart Detail,0021200824,306,201147,Corey Brewer,1610612743,Denver Nuggets,3,7,30,Missed Shot,Jump Shot,3PT Field Goal,Right Corner 3,Right Side(R),24+ ft.,25.0,241.0,85.0,1,0,20130223,CHA,DEN
Shot Chart Detail,0021200824,365,201147,Corey Brewer,1610612743,Denver Nuggets,3,3,4,Made Shot,Layup Shot,2PT Field Goal,Restricted Area,Center(C),Less Than 8 ft.,1.0,-10.0,4.0,1,1,20130223,CHA,DEN
Shot Chart Detail,0021200824,375,201147,Corey Brewer,1610612743,Denver Nuggets,3,1,54,Missed Shot,Jump Shot,2PT Field Goal,Mid-Range,Left Side(L),16-24 ft.,20.0,-202.0,17.0,1,0,20130223,CHA,DEN
Shot Chart Detail,0021200824,377,201147,Corey Brewer,1610612743,Denver Nuggets,3,1,49,Made Shot,Layup Shot,2PT Field Goal,Restricted Area,Center(C),Less Than 8 ft.,1.0,-13.0,0.0,1,1,20130223,CHA,DEN
Shot Chart Detail,0021200824,390,201147,Corey Brewer,1610612743,Denver Nuggets,3,0,50,Missed Shot,Jump Shot,3PT Field Goal,Above the Break 3,Left Side Center(LC),24+ ft.,25.0,-109.0,230.0,1,0,20130223,CHA,DEN
Shot Chart Detail,0021200841,49,201147,Corey Brewer,1610612743,Denver Nuggets,1,6,45,Made Shot,Floating Jump shot,2PT Field Goal,In The Paint (Non-RA),Center(C),8-16 ft.,8.0,40.0,71.0,1,1,20130225,DEN,LAL
Shot Chart Detail,0021200841,87,201147,Corey Brewer,1610612743,Denver Nuggets,1,4,9,Missed Shot,Jump Shot,3PT Field Goal,Left Corner 3,Left Side(L),24+ ft.,24.0,-239.0,25.0,1,0,20130225,DEN,LAL
Shot Chart Detail,0021200841,109,201147,Corey Brewer,1610612743,Denver Nuggets,1,1,57,Made Shot,Dunk Shot,2PT Field Goal,Restricted Area,Center(C),Less Than 8 ft.,1.0,0.0,14.0,1,1,20130225,DEN,LAL
Shot Chart Detail,0021200841,128,201147,Corey Brewer,1610612743,Denver Nuggets,1,0,0,Made Shot,Driving Layup Shot,2PT Field Goal,Restricted Area,Center(C),Less Than 8 ft.,2.0,20.0,-10.0,1,1,20130225,DEN,LAL
Shot Chart Detail,0021200841,148,201147,Corey Brewer,1610612743,Denver Nuggets,2,10,16,Missed Shot,Layup Shot,2PT Field Goal,Restricted Area,Center(C),Less Than 8 ft.,2.0,23.0,-2.0,1,0,20130225,DEN,LAL
Shot Chart Detail,0021200841,157,201147,Corey Brewer,1610612743,Denver Nuggets,2,9,44,Made Shot,Layup Shot,2PT Field Goal,Restricted Area,Center(C),Less Than 8 ft.,1.0,9.0,7.0,1,1,20130225,DEN,LAL
Shot Chart Detail,0021200841,161,201147,Corey Brewer,1610612743,Denver Nuggets,2,9,14,Missed Shot,Driving Layup Shot,2PT Field Goal,Restricted Area,Center(C),Less Than 8 ft.,2.0,20.0,6.0,1,0,20130225,DEN,LAL
Shot Chart Detail,0021200841,198,201147,Corey Brewer,1610612743,Denver Nuggets,2,6,40,Missed Shot,Jump Shot,2PT Field Goal,Mid-Range,Center(C),16-24 ft.,20.0,-2.0,208.0,1,0,20130225,DEN,LAL
Shot Chart Detail,0021200841,284,201147,Corey Brewer,1610612743,Denver Nuggets,2,1,1,Missed Shot,Layup Shot,2PT Field Goal,Restricted Area,Center(C),Less Than 8 ft.,2.0,-29.0,3.0,1,0,20130225,DEN,LAL
Shot Chart Detail,0021200841,337,201147,Corey Brewer,1610612743,Denver Nuggets,3,7,42,Missed Shot,Jump Shot,3PT Field Goal,Left Corner 3,Left Side(L),24+ ft.,22.0,-226.0,-3.0,1,0,20130225,DEN,LAL
Shot Chart Detail,0021200841,342,201147,Corey Brewer,1610612743,Denver Nuggets,3,7,23,Made Shot,Jump Shot,2PT Field Goal,Mid-Range,Center(C),16-24 ft.,17.0,36.0,167.0,1,1,20130225,DEN,LAL
Shot Chart Detail,0021200841,357,201147,Corey Brewer,1610612743,Denver Nuggets,3,6,13,Missed Shot,Jump Shot,3PT Field Goal,Above the Break 3,Left Side Center(LC),24+ ft.,24.0,-205.0,137.0,1,0,20130225,DEN,LAL
Shot Chart Detail,0021200841,388,201147,Corey Brewer,1610612743,Denver Nuggets,3,3,40,Made Shot,Jump Shot,3PT Field Goal,Left Corner 3,Left Side(L),24+ ft.,23.0,-234.0,7.0,1,1,20130225,DEN,LAL
Shot Chart Detail,0021200841,422,201147,Corey Brewer,1610612743,Denver Nuggets,3,0,37,Missed Shot,Layup Shot,2PT Field Goal,Restricted Area,Center(C),Less Than 8 ft.,1.0,17.0,3.0,1,0,20130225,DEN,LAL
Shot Chart Detail,0021200841,431,201147,Corey Brewer,1610612743,Denver Nuggets,3,0,3,Missed Shot,Jump Shot,3PT Field Goal,Right Corner 3,Right Side(R),24+ ft.,23.0,233.0,14.0,1,0,20130225,DEN,LAL
Shot Chart Detail,0021200860,88,201147,Corey Brewer,1610612743,Denver Nuggets,1,3,19,Made Shot,Layup Shot,2PT Field Goal,Restricted Area,Center(C),Less Than 8 ft.,1.0,13.0,-2.0,1,1,20130227,POR,DEN
Shot Chart Detail,0021200860,137,201147,Corey Brewer,1610612743,Denver Nuggets,2,11,16,Made Shot,Jump Shot,2PT Field Goal,Mid-Range,Center(C),16-24 ft.,19.0,-43.0,192.0,1,1,20130227,POR,DEN
Shot Chart Detail,0021200860,173,201147,Corey Brewer,1610612743,Denver Nuggets,2,8,31,Made Shot,Running Jump Shot,2PT Field Goal,In The Paint (Non-RA),Center(C),Less Than 8 ft.,5.0,7.0,55.0,1,1,20130227,POR,DEN
Shot Chart Detail,0021200860,181,201147,Corey Brewer,1610612743,Denver Nuggets,2,7,45,Missed Shot,Reverse Layup Shot,2PT Field Goal,Restricted Area,Center(C),Less Than 8 ft.,2.0,28.0,0.0,1,0,20130227,POR,DEN
Shot Chart Detail,0021200860,381,201147,Corey Brewer,1610612743,Denver Nuggets,3,2,21,Missed Shot,Jump Shot,3PT Field Goal,Left Corner 3,Left Side(L),24+ ft.,23.0,-231.0,7.0,1,0,20130227,POR,DEN
Shot Chart Detail,0021200875,118,201147,Corey Brewer,1610612743,Denver Nuggets,2,11,33,Made Shot,Layup Shot,2PT Field Goal,Restricted Area,Center(C),Less Than 8 ft.,1.0,17.0,1.0,1,1,20130301,DEN,OKC
Shot Chart Detail,0021200875,127,201147,Corey Brewer,1610612743,Denver Nuggets,2,10,57,Missed Shot,Jump Shot,3PT Field Goal,Right Corner 3,Right Side(R),24+ ft.,22.0,225.0,6.0,1,0,20130301,DEN,OKC
Shot Chart Detail,0021200875,131,201147,Corey Brewer,1610612743,Denver Nuggets,2,10,41,Made Shot,Slam Dunk Shot,2PT Field Goal,Restricted Area,Center(C),Less Than 8 ft.,1.0,15.0,0.0,1,1,20130301,DEN,OKC
Shot Chart Detail,0021200875,151,201147,Corey Brewer,1610612743,Denver Nuggets,2,9,4,Missed Shot,Running Jump Shot,2PT Field Goal,In The Paint (Non-RA),Center(C),Less Than 8 ft.,5.0,-57.0,12.0,1,0,20130301,DEN,OKC
Shot Chart Detail,0021200875,157,201147,Corey Brewer,1610612743,Denver Nuggets,2,7,59,Missed Shot,Driving Layup Shot,2PT Field Goal,Restricted Area,Center(C),Less Than 8 ft.,1.0,12.0,0.0,1,0,20130301,DEN,OKC
Shot Chart Detail,0021200875,288,201147,Corey Brewer,1610612743,Denver Nuggets,3,9,28,Made Shot,Layup Shot,2PT Field Goal,Restricted Area,Center(C),Less Than 8 ft.,2.0,26.0,-3.0,1,1,20130301,DEN,OKC
Shot Chart Detail,0021200875,312,201147,Corey Brewer,1610612743,Denver Nuggets,3,6,39,Made Shot,Fadeaway Jump Shot,2PT Field Goal,Mid-Range,Right Side(R),8-16 ft.,8.0,84.0,1.0,1,1,20130301,DEN,OKC
Shot Chart Detail,0021200875,315,201147,Corey Brewer,1610612743,Denver Nuggets,3,6,2,Missed Shot,Running Bank shot,2PT Field Goal,In The Paint (Non-RA),Center(C),Less Than 8 ft.,6.0,53.0,34.0,1,0,20130301,DEN,OKC
Shot Chart Detail,0021200875,338,201147,Corey Brewer,1610612743,Denver Nuggets,3,4,31,Missed Shot,Jump Shot,2PT Field Goal,Mid-Range,Center(C),8-16 ft.,15.0,10.0,154.0,1,0,20130301,DEN,OKC
Shot Chart Detail,0021200875,377,201147,Corey Brewer,1610612743,Denver Nuggets,3,1,23,Made Shot,Jump Shot,2PT Field Goal,Mid-Range,Left Side(L),16-24 ft.,19.0,-196.0,-19.0,1,1,20130301,DEN,OKC
Shot Chart Detail,0021200875,390,201147,Corey Brewer,1610612743,Denver Nuggets,3,0,13,Made Shot,Fadeaway Jump Shot,2PT Field Goal,Mid-Range,Left Side(L),8-16 ft.,13.0,-98.0,94.0,1,1,20130301,DEN,OKC
Shot Chart Detail,0021200875,404,201147,Corey Brewer,1610612743,Denver Nuggets,4,10,39,Made Shot,Driving Finger Roll Layup Shot,2PT Field Goal,Restricted Area,Center(C),Less Than 8 ft.,2.0,18.0,14.0,1,1,20130301,DEN,OKC
Shot Chart Detail,0021200875,449,201147,Corey Brewer,1610612743,Denver Nuggets,4,7,12,Missed Shot,Jump Shot,3PT Field Goal,Right Corner 3,Right Side(R),24+ ft.,23.0,237.0,14.0,1,0,20130301,DEN,OKC
Shot Chart Detail,0021200893,63,201147,Corey Brewer,1610612743,Denver Nuggets,1,3,51,Made Shot,Layup Shot,2PT Field Goal,Restricted Area,Center(C),Less Than 8 ft.,0.0,-8.0,-3.0,1,1,20130304,DEN,ATL
Shot Chart Detail,0021200893,73,201147,Corey Brewer,1610612743,Denver Nuggets,1,2,36,Made Shot,Jump Hook Shot,2PT Field Goal,In The Paint (Non-RA),Center(C),Less Than 8 ft.,4.0,6.0,42.0,1,1,20130304,DEN,ATL
Shot Chart Detail,0021200893,82,201147,Corey Brewer,1610612743,Denver Nuggets,1,2,4,Missed Shot,Driving Layup Shot,2PT Field Goal,Restricted Area,Center(C),Less Than 8 ft.,2.0,-19.0,12.0,1,0,20130304,DEN,ATL
Shot Chart Detail,0021200893,98,201147,Corey Brewer,1610612743,Denver Nuggets,1,0,10,Missed Shot,Layup Shot,2PT Field Goal,Restricted Area,Center(C),Less Than 8 ft.,2.0,0.0,22.0,1,0,20130304,DEN,ATL
Shot Chart Detail,0021200893,107,201147,Corey Brewer,1610612743,Denver Nuggets,2,11,43,Missed Shot,Jump Shot,3PT Field Goal,Right Corner 3,Right Side(R),24+ ft.,24.0,241.0,14.0,1,0,20130304,DEN,ATL
Shot Chart Detail,0021200893,109,201147,Corey Brewer,1610612743,Denver Nuggets,2,11,38,Missed Shot,Layup Shot,2PT Field Goal,Restricted Area,Center(C),Less Than 8 ft.,1.0,12.0,1.0,1,0,20130304,DEN,ATL
Shot Chart Detail,0021200893,117,201147,Corey Brewer,1610612743,Denver Nuggets,2,10,29,Made Shot,Jump Shot,2PT Field Goal,Mid-Range,Right Side Center(RC),16-24 ft.,18.0,105.0,156.0,1,1,20130304,DEN,ATL
Shot Chart Detail,0021200893,142,201147,Corey Brewer,1610612743,Denver Nuggets,2,7,41,Made Shot,Driving Dunk Shot,2PT Field Goal,Restricted Area,Center(C),Less Than 8 ft.,0.0,0.0,-2.0,1,1,20130304,DEN,ATL
Shot Chart Detail,0021200893,149,201147,Corey Brewer,1610612743,Denver Nuggets,2,7,20,Made Shot,Layup Shot,2PT Field Goal,Restricted Area,Center(C),Less Than 8 ft.,0.0,-7.0,0.0,1,1,20130304,DEN,ATL
Shot Chart Detail,0021200893,155,201147,Corey Brewer,1610612743,Denver Nuggets,2,6,32,Missed Shot,Layup Shot,2PT Field Goal,Restricted Area,Center(C),Less Than 8 ft.,1.0,18.0,3.0,1,0,20130304,DEN,ATL
Shot Chart Detail,0021200893,175,201147,Corey Brewer,1610612743,Denver Nuggets,2,4,44,Missed Shot,Jump Shot,2PT Field Goal,Mid-Range,Right Side Center(RC),16-24 ft.,19.0,106.0,165.0,1,0,20130304,DEN,ATL
Shot Chart Detail,0021200893,372,201147,Corey Brewer,1610612743,Denver Nuggets,3,0,5,Made Shot,Layup Shot,2PT Field Goal,Restricted Area,Center(C),Less Than 8 ft.,1.0,18.0,0.0,1,1,20130304,DEN,ATL
Shot Chart Detail,0021200893,382,201147,Corey Brewer,1610612743,Denver Nuggets,4,11,42,Missed Shot,Jump Shot,2PT Field Goal,In The Paint (Non-RA),Center(C),Less Than 8 ft.,6.0,-17.0,61.0,1,0,20130304,DEN,ATL
Shot Chart Detail,0021200893,381,201147,Corey Brewer,1610612743,Denver Nuggets,4,11,5,Made Shot,Jump Shot,2PT Field Goal,Mid-Range,Left Side Center(LC),16-24 ft.,16.0,-71.0,154.0,1,1,20130304,DEN,ATL
Shot Chart Detail,0021200893,418,201147,Corey Brewer,1610612743,Denver Nuggets,4,7,40,Made Shot,Slam Dunk Shot,2PT Field Goal,Restricted Area,Center(C),Less Than 8 ft.,1.0,13.0,7.0,1,1,20130304,DEN,ATL
Shot Chart Detail,0021200893,421,201147,Corey Brewer,1610612743,Denver Nuggets,4,7,12,Missed Shot,Jump Shot,3PT Field Goal,Left Corner 3,Left Side(L),24+ ft.,23.0,-231.0,-13.0,1,0,20130304,DEN,ATL
Shot Chart Detail,0021200893,425,201147,Corey Brewer,1610612743,Denver Nuggets,4,6,44,Made Shot,Jump Shot,2PT Field Goal,Mid-Range,Left Side(L),16-24 ft.,17.0,-152.0,96.0,1,1,20130304,DEN,ATL
Shot Chart Detail,0021200893,438,201147,Corey Brewer,1610612743,Denver Nuggets,4,5,47,Made Shot,Reverse Layup Shot,2PT Field Goal,Restricted Area,Center(C),Less Than 8 ft.,1.0,12.0,12.0,1,1,20130304,DEN,ATL
Shot Chart Detail,0021200893,448,201147,Corey Brewer,1610612743,Denver Nuggets,4,4,59,Missed Shot,Jump Shot,3PT Field Goal,Above the Break 3,Left Side Center(LC),24+ ft.,24.0,-207.0,129.0,1,0,20130304,DEN,ATL
Shot Chart Detail,0021200893,457,201147,Corey Brewer,1610612743,Denver Nuggets,4,4,9,Made Shot,Layup Shot,2PT Field Goal,Restricted Area,Center(C),Less Than 8 ft.,0.0,6.0,7.0,1,1,20130304,DEN,ATL
Shot Chart Detail,0021200898,113,201147,Corey Brewer,1610612743,Denver Nuggets,1,1,12,Missed Shot,Jump Hook Shot,2PT Field Goal,In The Paint (Non-RA),Center(C),Less Than 8 ft.,5.0,48.0,14.0,1,0,20130305,SAC,DEN
Shot Chart Detail,0021200898,419,201147,Corey Brewer,1610612743,Denver Nuggets,4,11,27,Made Shot,Jump Shot,2PT Field Goal,Mid-Range,Left Side(L),8-16 ft.,14.0,-139.0,56.0,1,1,20130305,SAC,DEN
Shot Chart Detail,0021200898,434,201147,Corey Brewer,1610612743,Denver Nuggets,4,10,34,Missed Shot,Jump Shot,2PT Field Goal,Mid-Range,Right Side(R),8-16 ft.,15.0,81.0,131.0,1,0,20130305,SAC,DEN
Shot Chart Detail,0021200914,68,201147,Corey Brewer,1610612743,Denver Nuggets,1,3,10,Made Shot,Running Bank shot,2PT Field Goal,Restricted Area,Center(C),Less Than 8 ft.,2.0,-21.0,6.0,1,1,20130307,DEN,LAC
Shot Chart Detail,0021200914,76,201147,Corey Brewer,1610612743,Denver Nuggets,1,2,41,Missed Shot,Jump Shot,2PT Field Goal,Mid-Range,Center(C),16-24 ft.,19.0,0.0,195.0,1,0,20130307,DEN,LAC
Shot Chart Detail,0021200914,95,201147,Corey Brewer,1610612743,Denver Nuggets,1,1,31,Missed Shot,Jump Shot,3PT Field Goal,Right Corner 3,Right Side(R),24+ ft.,24.0,242.0,3.0,1,0,20130307,DEN,LAC
Shot Chart Detail,0021200914,110,201147,Corey Brewer,1610612743,Denver Nuggets,1,0,4,Missed Shot,Fadeaway Jump Shot,2PT Field Goal,Mid-Range,Center(C),16-24 ft.,19.0,2.0,192.0,1,0,20130307,DEN,LAC
Shot Chart Detail,0021200914,149,201147,Corey Brewer,1610612743,Denver Nuggets,2,8,8,Made Shot,Reverse Layup Shot,2PT Field Goal,Restricted Area,Center(C),Less Than 8 ft.,0.0,-2.0,0.0,1,1,20130307,DEN,LAC
Shot Chart Detail,0021200914,352,201147,Corey Brewer,1610612743,Denver Nuggets,3,0,39,Made Shot,Jump Shot,3PT Field Goal,Left Corner 3,Left Side(L),24+ ft.,23.0,-234.0,-5.0,1,1,20130307,DEN,LAC
Shot Chart Detail,0021200914,371,201147,Corey Brewer,1610612743,Denver Nuggets,4,11,9,Missed Shot,Driving Finger Roll Layup Shot,2PT Field Goal,Restricted Area,Center(C),Less Than 8 ft.,2.0,23.0,9.0,1,0,20130307,DEN,LAC
Shot Chart Detail,0021200914,415,201147,Corey Brewer,1610612743,Denver Nuggets,4,6,34,Made Shot,Layup Shot,2PT Field Goal,Restricted Area,Center(C),Less Than 8 ft.,1.0,12.0,-2.0,1,1,20130307,DEN,LAC
Shot Chart Detail,0021200914,417,201147,Corey Brewer,1610612743,Denver Nuggets,4,5,55,Missed Shot,Jump Shot,3PT Field Goal,Right Corner 3,Right Side(R),24+ ft.,23.0,236.0,-3.0,1,0,20130307,DEN,LAC
Shot Chart Detail,0021200914,448,201147,Corey Brewer,1610612743,Denver Nuggets,4,3,45,Made Shot,Layup Shot,2PT Field Goal,Restricted Area,Center(C),Less Than 8 ft.,1.0,-16.0,-8.0,1,1,20130307,DEN,LAC
Shot Chart Detail,0021200914,450,201147,Corey Brewer,1610612743,Denver Nuggets,4,3,10,Missed Shot,Jump Shot,2PT Field Goal,Mid-Range,Left Side(L),16-24 ft.,20.0,-209.0,-14.0,1,0,20130307,DEN,LAC
Shot Chart Detail,0021200931,100,201147,Corey Brewer,1610612743,Denver Nuggets,1,1,53,Made Shot,Running Jump Shot,2PT Field Goal,Restricted Area,Center(C),Less Than 8 ft.,3.0,-7.0,34.0,1,1,20130309,DEN,MIN
Shot Chart Detail,0021200931,106,201147,Corey Brewer,1610612743,Denver Nuggets,1,1,23,Missed Shot,Jump Shot,2PT Field Goal,Mid-Range,Right Side Center(RC),16-24 ft.,20.0,144.0,140.0,1,0,20130309,DEN,MIN
Shot Chart Detail,0021200931,110,201147,Corey Brewer,1610612743,Denver Nuggets,1,0,59,Made Shot,Slam Dunk Shot,2PT Field Goal,Restricted Area,Center(C),Less Than 8 ft.,1.0,1.0,11.0,1,1,20130309,DEN,MIN
Shot Chart Detail,0021200931,112,201147,Corey Brewer,1610612743,Denver Nuggets,1,0,38,Missed Shot,Jump Shot,3PT Field Goal,Above the Break 3,Left Side Center(LC),24+ ft.,25.0,-81.0,244.0,1,0,20130309,DEN,MIN
Shot Chart Detail,0021200931,153,201147,Corey Brewer,1610612743,Denver Nuggets,2,9,17,Made Shot,Dunk Shot,2PT Field Goal,Restricted Area,Center(C),Less Than 8 ft.,1.0,6.0,15.0,1,1,20130309,DEN,MIN
Shot Chart Detail,0021200931,232,201147,Corey Brewer,1610612743,Denver Nuggets,2,1,58,Made Shot,Jump Shot,2PT Field Goal,Mid-Range,Left Side Center(LC),16-24 ft.,17.0,-90.0,149.0,1,1,20130309,DEN,MIN
Shot Chart Detail,0021200931,234,201147,Corey Brewer,1610612743,Denver Nuggets,2,1,17,Missed Shot,Turnaround Jump Shot,2PT Field Goal,Mid-Range,Left Side(L),8-16 ft.,8.0,-81.0,37.0,1,0,20130309,DEN,MIN
Shot Chart Detail,0021200931,408,201147,Corey Brewer,1610612743,Denver Nuggets,4,11,20,Missed Shot,Jump Shot,2PT Field Goal,Mid-Range,Center(C),8-16 ft.,15.0,-51.0,151.0,1,0,20130309,DEN,MIN
Shot Chart Detail,0021200931,419,201147,Corey Brewer,1610612743,Denver Nuggets,4,10,32,Made Shot,Running Bank shot,2PT Field Goal,In The Paint (Non-RA),Center(C),Less Than 8 ft.,5.0,47.0,28.0,1,1,20130309,DEN,MIN
Shot Chart Detail,0021200931,421,201147,Corey Brewer,1610612743,Denver Nuggets,4,9,59,Missed Shot,Jump Shot,3PT Field Goal,Above the Break 3,Left Side Center(LC),24+ ft.,24.0,-196.0,154.0,1,0,20130309,DEN,MIN
Shot Chart Detail,0021200931,429,201147,Corey Brewer,1610612743,Denver Nuggets,4,9,8,Made Shot,Slam Dunk Shot,2PT Field Goal,Restricted Area,Center(C),Less Than 8 ft.,1.0,1.0,-13.0,1,1,20130309,DEN,MIN
Shot Chart Detail,0021200931,444,201147,Corey Brewer,1610612743,Denver Nuggets,4,7,24,Made Shot,Driving Finger Roll Layup Shot,2PT Field Goal,Restricted Area,Center(C),Less Than 8 ft.,2.0,21.0,6.0,1,1,20130309,DEN,MIN
Shot Chart Detail,0021200931,482,201147,Corey Brewer,1610612743,Denver Nuggets,4,4,2,Missed Shot,Layup Shot,2PT Field Goal,Restricted Area,Center(C),Less Than 8 ft.,1.0,12.0,-2.0,1,0,20130309,DEN,MIN
Shot Chart Detail,0021200946,48,201147,Corey Brewer,1610612743,Denver Nuggets,1,6,38,Missed Shot,Jump Shot,3PT Field Goal,Left Corner 3,Left Side(L),24+ ft.,23.0,-235.0,15.0,1,0,20130311,PHX,DEN
Shot Chart Detail,0021200946,78,201147,Corey Brewer,1610612743,Denver Nuggets,1,3,46,Missed Shot,Driving Layup Shot,2PT Field Goal,Restricted Area,Center(C),Less Than 8 ft.,2.0,20.0,4.0,1,0,20130311,PHX,DEN
Shot Chart Detail,0021200946,107,201147,Corey Brewer,1610612743,Denver Nuggets,1,1,40,Made Shot,Reverse Layup Shot,2PT Field Goal,Restricted Area,Center(C),Less Than 8 ft.,0.0,-2.0,4.0,1,1,20130311,PHX,DEN
Shot Chart Detail,0021200946,118,201147,Corey Brewer,1610612743,Denver Nuggets,1,1,5,Missed Shot,Jump Shot,2PT Field Goal,Mid-Range,Left Side(L),8-16 ft.,14.0,-138.0,58.0,1,0,20130311,PHX,DEN
Shot Chart Detail,0021200946,171,201147,Corey Brewer,1610612743,Denver Nuggets,2,8,31,Missed Shot,Layup Shot,2PT Field Goal,Restricted Area,Center(C),Less Than 8 ft.,2.0,-21.0,3.0,1,0,20130311,PHX,DEN
Shot Chart Detail,0021200946,265,201147,Corey Brewer,1610612743,Denver Nuggets,2,0,47,Made Shot,Alley Oop Dunk Shot,2PT Field Goal,Restricted Area,Center(C),Less Than 8 ft.,1.0,-16.0,6.0,1,1,20130311,PHX,DEN
Shot Chart Detail,0021200946,344,201147,Corey Brewer,1610612743,Denver Nuggets,3,5,52,Made Shot,Layup Shot,2PT Field Goal,Restricted Area,Center(C),Less Than 8 ft.,0.0,-8.0,3.0,1,1,20130311,PHX,DEN
Shot Chart Detail,0021200946,352,201147,Corey Brewer,1610612743,Denver Nuggets,3,4,48,Made Shot,Jump Shot,3PT Field Goal,Left Corner 3,Left Side(L),24+ ft.,23.0,-232.0,-8.0,1,1,20130311,PHX,DEN
Shot Chart Detail,0021200946,368,201147,Corey Brewer,1610612743,Denver Nuggets,3,2,50,Made Shot,Reverse Layup Shot,2PT Field Goal,Restricted Area,Center(C),Less Than 8 ft.,1.0,18.0,0.0,1,1,20130311,PHX,DEN
Shot Chart Detail,0021200946,376,201147,Corey Brewer,1610612743,Denver Nuggets,3,1,25,Made Shot,Pullup Jump shot,2PT Field Goal,Mid-Range,Left Side(L),8-16 ft.,15.0,-139.0,64.0,1,1,20130311,PHX,DEN
Shot Chart Detail,0021200946,389,201147,Corey Brewer,1610612743,Denver Nuggets,3,0,25,Missed Shot,Reverse Layup Shot,2PT Field Goal,Restricted Area,Center(C),Less Than 8 ft.,1.0,-16.0,6.0,1,0,20130311,PHX,DEN
Shot Chart Detail,0021200946,398,201147,Corey Brewer,1610612743,Denver Nuggets,4,11,41,Missed Shot,Layup Shot,2PT Field Goal,Restricted Area,Center(C),Less Than 8 ft.,0.0,0.0,1.0,1,0,20130311,PHX,DEN
Shot Chart Detail,0021200946,404,201147,Corey Brewer,1610612743,Denver Nuggets,4,10,46,Made Shot,Jump Shot,3PT Field Goal,Above the Break 3,Right Side Center(RC),24+ ft.,25.0,228.0,104.0,1,1,20130311,PHX,DEN
Shot Chart Detail,0021200946,416,201147,Corey Brewer,1610612743,Denver Nuggets,4,9,10,Missed Shot,Jump Shot,3PT Field Goal,Above the Break 3,Right Side Center(RC),24+ ft.,24.0,95.0,228.0,1,0,20130311,PHX,DEN
Shot Chart Detail,0021200946,418,201147,Corey Brewer,1610612743,Denver Nuggets,4,8,58,Missed Shot,Jump Shot,2PT Field Goal,Restricted Area,Center(C),Less Than 8 ft.,3.0,29.0,12.0,1,0,20130311,PHX,DEN
Shot Chart Detail,0021200946,451,201147,Corey Brewer,1610612743,Denver Nuggets,4,6,57,Missed Shot,Running Bank shot,2PT Field Goal,In The Paint (Non-RA),Center(C),Less Than 8 ft.,4.0,39.0,25.0,1,0,20130311,PHX,DEN
Shot Chart Detail,0021200964,108,201147,Corey Brewer,1610612743,Denver Nuggets,1,0,35,Missed Shot,Jump Shot,2PT Field Goal,In The Paint (Non-RA),Center(C),Less Than 8 ft.,4.0,-2.0,45.0,1,0,20130313,DEN,NYK
Shot Chart Detail,0021200964,127,201147,Corey Brewer,1610612743,Denver Nuggets,2,11,45,Missed Shot,Jump Shot,2PT Field Goal,Mid-Range,Center(C),16-24 ft.,19.0,4.0,190.0,1,0,20130313,DEN,NYK
Shot Chart Detail,0021200964,131,201147,Corey Brewer,1610612743,Denver Nuggets,2,11,1,Missed Shot,Running Hook Shot,2PT Field Goal,In The Paint (Non-RA),Center(C),Less Than 8 ft.,4.0,2.0,47.0,1,0,20130313,DEN,NYK
Shot Chart Detail,0021200964,141,201147,Corey Brewer,1610612743,Denver Nuggets,2,9,38,Missed Shot,Running Jump Shot,2PT Field Goal,Restricted Area,Center(C),Less Than 8 ft.,3.0,-30.0,22.0,1,0,20130313,DEN,NYK
Shot Chart Detail,0021200964,173,201147,Corey Brewer,1610612743,Denver Nuggets,2,7,56,Made Shot,Jump Shot,3PT Field Goal,Left Corner 3,Left Side(L),24+ ft.,22.0,-223.0,23.0,1,1,20130313,DEN,NYK
Shot Chart Detail,0021200964,380,201147,Corey Brewer,1610612743,Denver Nuggets,3,2,32,Made Shot,Reverse Layup Shot,2PT Field Goal,Restricted Area,Center(C),Less Than 8 ft.,1.0,-16.0,-5.0,1,1,20130313,DEN,NYK
Shot Chart Detail,0021200964,394,201147,Corey Brewer,1610612743,Denver Nuggets,3,0,53,Missed Shot,Jump Shot,3PT Field Goal,Right Corner 3,Right Side(R),24+ ft.,23.0,231.0,30.0,1,0,20130313,DEN,NYK
Shot Chart Detail,0021200964,416,201147,Corey Brewer,1610612743,Denver Nuggets,4,11,10,Made Shot,Fadeaway Jump Shot,2PT Field Goal,Mid-Range,Left Side(L),8-16 ft.,15.0,-152.0,-3.0,1,1,20130313,DEN,NYK
Shot Chart Detail,0021200964,445,201147,Corey Brewer,1610612743,Denver Nuggets,4,8,47,Missed Shot,Layup Shot,2PT Field Goal,Restricted Area,Center(C),Less Than 8 ft.,1.0,9.0,12.0,1,0,20130313,DEN,NYK
Shot Chart Detail,0021200977,108,201147,Corey Brewer,1610612743,Denver Nuggets,1,1,14,Missed Shot,Jump Shot,2PT Field Goal,In The Paint (Non-RA),Center(C),Less Than 8 ft.,7.0,20.0,72.0,1,0,20130315,DEN,MEM
Shot Chart Detail,0021200977,126,201147,Corey Brewer,1610612743,Denver Nuggets,2,11,45,Missed Shot,Jump Shot,2PT Field Goal,Mid-Range,Left Side Center(LC),16-24 ft.,19.0,-127.0,154.0,1,0,20130315,DEN,MEM
Shot Chart Detail,0021200977,253,201147,Corey Brewer,1610612743,Denver Nuggets,2,0,1,Missed Shot,Jump Shot,3PT Field Goal,Above the Break 3,Center(C),24+ ft.,28.0,-27.0,285.0,1,0,20130315,DEN,MEM
Shot Chart Detail,0021200977,347,201147,Corey Brewer,1610612743,Denver Nuggets,3,4,1,Made Shot,Layup Shot,2PT Field Goal,Restricted Area,Center(C),Less Than 8 ft.,2.0,15.0,15.0,1,1,20130315,DEN,MEM
Shot Chart Detail,0021200977,364,201147,Corey Brewer,1610612743,Denver Nuggets,3,1,25,Missed Shot,Running Jump Shot,2PT Field Goal,In The Paint (Non-RA),Right Side(R),8-16 ft.,9.0,62.0,69.0,1,0,20130315,DEN,MEM
Shot Chart Detail,0021200977,389,201147,Corey Brewer,1610612743,Denver Nuggets,4,11,27,Made Shot,Layup Shot,2PT Field Goal,Restricted Area,Center(C),Less Than 8 ft.,1.0,15.0,7.0,1,1,20130315,DEN,MEM
Shot Chart Detail,0021200977,459,201147,Corey Brewer,1610612743,Denver Nuggets,4,6,25,Missed Shot,Layup Shot,2PT Field Goal,Restricted Area,Center(C),Less Than 8 ft.,1.0,9.0,12.0,1,0,20130315,DEN,MEM
Shot Chart Detail,0021200977,469,201147,Corey Brewer,1610612743,Denver Nuggets,4,5,45,Made Shot,Jump Shot,2PT Field Goal,Mid-Range,Center(C),16-24 ft.,16.0,-15.0,167.0,1,1,20130315,DEN,MEM
Shot Chart Detail,0021200999,89,201147,Corey Brewer,1610612743,Denver Nuggets,1,2,9,Missed Shot,Jump Shot,3PT Field Goal,Above the Break 3,Left Side Center(LC),24+ ft.,24.0,-111.0,219.0,1,0,20130318,CHI,DEN
Shot Chart Detail,0021200999,134,201147,Corey Brewer,1610612743,Denver Nuggets,2,10,23,Made Shot,Running Layup Shot,2PT Field Goal,Restricted Area,Center(C),Less Than 8 ft.,2.0,10.0,25.0,1,1,20130318,CHI,DEN
Shot Chart Detail,0021200999,145,201147,Corey Brewer,1610612743,Denver Nuggets,2,8,31,Made Shot,Alley Oop Dunk Shot,2PT Field Goal,Restricted Area,Center(C),Less Than 8 ft.,1.0,10.0,7.0,1,1,20130318,CHI,DEN
Shot Chart Detail,0021200999,155,201147,Corey Brewer,1610612743,Denver Nuggets,2,7,27,Made Shot,Jump Shot,3PT Field Goal,Left Corner 3,Left Side(L),24+ ft.,22.0,-226.0,-14.0,1,1,20130318,CHI,DEN
Shot Chart Detail,0021200999,321,201147,Corey Brewer,1610612743,Denver Nuggets,3,3,29,Missed Shot,Jump Shot,3PT Field Goal,Left Corner 3,Left Side(L),24+ ft.,23.0,-232.0,-16.0,1,0,20130318,CHI,DEN
Shot Chart Detail,0021200999,324,201147,Corey Brewer,1610612743,Denver Nuggets,3,2,59,Missed Shot,Running Layup Shot,2PT Field Goal,Restricted Area,Center(C),Less Than 8 ft.,2.0,-23.0,1.0,1,0,20130318,CHI,DEN
Shot Chart Detail,0021200999,338,201147,Corey Brewer,1610612743,Denver Nuggets,3,1,44,Made Shot,Running Slam Dunk Shot,2PT Field Goal,Restricted Area,Center(C),Less Than 8 ft.,0.0,2.0,3.0,1,1,20130318,CHI,DEN
Shot Chart Detail,0021200999,357,201147,Corey Brewer,1610612743,Denver Nuggets,3,0,0,Missed Shot,Jump Shot,3PT Field Goal,Backcourt,Back Court(BC),Back Court Shot,57.0,143.0,559.0,1,0,20130318,CHI,DEN
Shot Chart Detail,0021200999,375,201147,Corey Brewer,1610612743,Denver Nuggets,4,11,1,Made Shot,Running Layup Shot,2PT Field Goal,Restricted Area,Center(C),Less Than 8 ft.,2.0,21.0,-2.0,1,1,20130318,CHI,DEN
Shot Chart Detail,0021200999,401,201147,Corey Brewer,1610612743,Denver Nuggets,4,8,6,Made Shot,Jump Shot,3PT Field Goal,Right Corner 3,Right Side(R),24+ ft.,23.0,230.0,7.0,1,1,20130318,CHI,DEN
Shot Chart Detail,0021200999,415,201147,Corey Brewer,1610612743,Denver Nuggets,4,7,8,Made Shot,Running Slam Dunk Shot,2PT Field Goal,Restricted Area,Center(C),Less Than 8 ft.,2.0,2.0,23.0,1,1,20130318,CHI,DEN
Shot Chart Detail,0021200999,426,201147,Corey Brewer,1610612743,Denver Nuggets,4,6,21,Missed Shot,Tip Shot,2PT Field Goal,Restricted Area,Center(C),Less Than 8 ft.,2.0,-5.0,22.0,1,0,20130318,CHI,DEN
Shot Chart Detail,0021200999,462,201147,Corey Brewer,1610612743,Denver Nuggets,4,3,58,Missed Shot,Jump Shot,3PT Field Goal,Above the Break 3,Left Side Center(LC),24+ ft.,25.0,-112.0,228.0,1,0,20130318,CHI,DEN
Shot Chart Detail,0021201006,76,201147,Corey Brewer,1610612743,Denver Nuggets,1,3,57,Missed Shot,Jump Shot,2PT Field Goal,In The Paint (Non-RA),Center(C),8-16 ft.,12.0,0.0,129.0,1,0,20130319,OKC,DEN
Shot Chart Detail,0021201006,95,201147,Corey Brewer,1610612743,Denver Nuggets,1,2,14,Made Shot,Jump Shot,2PT Field Goal,Mid-Range,Left Side(L),16-24 ft.,17.0,-166.0,63.0,1,1,20130319,OKC,DEN
Shot Chart Detail,0021201006,135,201147,Corey Brewer,1610612743,Denver Nuggets,2,10,44,Made Shot,Driving Bank shot,2PT Field Goal,In The Paint (Non-RA),Center(C),Less Than 8 ft.,5.0,51.0,6.0,1,1,20130319,OKC,DEN
Shot Chart Detail,0021201006,148,201147,Corey Brewer,1610612743,Denver Nuggets,2,8,47,Made Shot,Dunk Shot,2PT Field Goal,Restricted Area,Center(C),Less Than 8 ft.,1.0,10.0,-2.0,1,1,20130319,OKC,DEN
Shot Chart Detail,0021201006,177,201147,Corey Brewer,1610612743,Denver Nuggets,2,6,44,Missed Shot,Jump Shot,3PT Field Goal,Left Corner 3,Left Side(L),24+ ft.,22.0,-223.0,7.0,1,0,20130319,OKC,DEN
Shot Chart Detail,0021201006,387,201147,Corey Brewer,1610612743,Denver Nuggets,3,3,34,Made Shot,Turnaround Bank shot,2PT Field Goal,In The Paint (Non-RA),Right Side(R),8-16 ft.,8.0,69.0,44.0,1,1,20130319,OKC,DEN
Shot Chart Detail,0021201006,423,201147,Corey Brewer,1610612743,Denver Nuggets,3,0,0,Missed Shot,Jump Shot,3PT Field Goal,Above the Break 3,Left Side Center(LC),24+ ft.,24.0,-82.0,228.0,1,0,20130319,OKC,DEN
Shot Chart Detail,0021201006,431,201147,Corey Brewer,1610612743,Denver Nuggets,4,11,5,Made Shot,Jump Bank Shot,2PT Field Goal,Restricted Area,Center(C),Less Than 8 ft.,3.0,-38.0,11.0,1,1,20130319,OKC,DEN
Shot Chart Detail,0021201006,434,201147,Corey Brewer,1610612743,Denver Nuggets,4,10,32,Missed Shot,Jump Shot,2PT Field Goal,Mid-Range,Left Side(L),16-24 ft.,16.0,-168.0,-3.0,1,0,20130319,OKC,DEN
Shot Chart Detail,0021201006,465,201147,Corey Brewer,1610612743,Denver Nuggets,4,7,50,Missed Shot,Fadeaway Jump Shot,2PT Field Goal,In The Paint (Non-RA),Center(C),8-16 ft.,13.0,7.0,131.0,1,0,20130319,OKC,DEN
Shot Chart Detail,0021201006,513,201147,Corey Brewer,1610612743,Denver Nuggets,4,4,58,Missed Shot,Jump Shot,3PT Field Goal,Right Corner 3,Right Side(R),24+ ft.,22.0,226.0,6.0,1,0,20130319,OKC,DEN
Shot Chart Detail,0021201020,54,201147,Corey Brewer,1610612743,Denver Nuggets,1,5,57,Made Shot,Jump Shot,2PT Field Goal,Mid-Range,Right Side Center(RC),16-24 ft.,18.0,102.0,157.0,1,1,20130321,DEN,PHI
Shot Chart Detail,0021201020,127,201147,Corey Brewer,1610612743,Denver Nuggets,2,11,15,Made Shot,Jump Shot,3PT Field Goal,Right Corner 3,Right Side(R),24+ ft.,22.0,223.0,12.0,1,1,20130321,DEN,PHI
Shot Chart Detail,0021201020,129,201147,Corey Brewer,1610612743,Denver Nuggets,2,10,50,Made Shot,Driving Dunk Shot,2PT Field Goal,Restricted Area,Center(C),Less Than 8 ft.,1.0,6.0,14.0,1,1,20130321,DEN,PHI
Shot Chart Detail,0021201020,131,201147,Corey Brewer,1610612743,Denver Nuggets,2,10,17,Made Shot,Jump Shot,3PT Field Goal,Above the Break 3,Right Side Center(RC),24+ ft.,25.0,103.0,238.0,1,1,20130321,DEN,PHI
Shot Chart Detail,0021201020,140,201147,Corey Brewer,1610612743,Denver Nuggets,2,9,6,Missed Shot,Jump Shot,3PT Field Goal,Above the Break 3,Right Side Center(RC),24+ ft.,24.0,190.0,154.0,1,0,20130321,DEN,PHI
Shot Chart Detail,0021201020,157,201147,Corey Brewer,1610612743,Denver Nuggets,2,7,55,Missed Shot,Jump Shot,2PT Field Goal,Mid-Range,Right Side(R),8-16 ft.,15.0,157.0,11.0,1,0,20130321,DEN,PHI
Shot Chart Detail,0021201020,178,201147,Corey Brewer,1610612743,Denver Nuggets,2,6,18,Made Shot,Jump Shot,3PT Field Goal,Left Corner 3,Left Side(L),24+ ft.,23.0,-231.0,25.0,1,1,20130321,DEN,PHI
Shot Chart Detail,0021201020,183,201147,Corey Brewer,1610612743,Denver Nuggets,2,5,54,Missed Shot,Jump Shot,2PT Field Goal,Mid-Range,Left Side(L),16-24 ft.,21.0,-188.0,104.0,1,0,20130321,DEN,PHI
Shot Chart Detail,0021201020,192,201147,Corey Brewer,1610612743,Denver Nuggets,2,5,14,Made Shot,Driving Layup Shot,2PT Field Goal,Restricted Area,Center(C),Less Than 8 ft.,2.0,23.0,-2.0,1,1,20130321,DEN,PHI
Shot Chart Detail,0021201020,267,201147,Corey Brewer,1610612743,Denver Nuggets,3,6,49,Missed Shot,Layup Shot,2PT Field Goal,Restricted Area,Center(C),Less Than 8 ft.,2.0,9.0,20.0,1,0,20130321,DEN,PHI
Shot Chart Detail,0021201020,278,201147,Corey Brewer,1610612743,Denver Nuggets,3,5,54,Missed Shot,Driving Layup Shot,2PT Field Goal,Restricted Area,Center(C),Less Than 8 ft.,1.0,18.0,0.0,1,0,20130321,DEN,PHI
Shot Chart Detail,0021201020,311,201147,Corey Brewer,1610612743,Denver Nuggets,3,3,36,Made Shot,Jump Shot,3PT Field Goal,Right Corner 3,Right Side(R),24+ ft.,23.0,236.0,14.0,1,1,20130321,DEN,PHI
Shot Chart Detail,0021201020,316,201147,Corey Brewer,1610612743,Denver Nuggets,3,3,4,Missed Shot,Driving Layup Shot,2PT Field Goal,Restricted Area,Center(C),Less Than 8 ft.,2.0,23.0,6.0,1,0,20130321,DEN,PHI
Shot Chart Detail,0021201020,357,201147,Corey Brewer,1610612743,Denver Nuggets,4,11,42,Missed Shot,Jump Shot,2PT Field Goal,Mid-Range,Center(C),16-24 ft.,16.0,-10.0,162.0,1,0,20130321,DEN,PHI
Shot Chart Detail,0021201020,419,201147,Corey Brewer,1610612743,Denver Nuggets,4,5,48,Made Shot,Layup Shot,2PT Field Goal,Restricted Area,Center(C),Less Than 8 ft.,0.0,4.0,4.0,1,1,20130321,DEN,PHI
Shot Chart Detail,0021201020,421,201147,Corey Brewer,1610612743,Denver Nuggets,4,5,15,Missed Shot,Jump Shot,2PT Field Goal,Mid-Range,Center(C),16-24 ft.,18.0,-46.0,176.0,1,0,20130321,DEN,PHI
Shot Chart Detail,0021201020,436,201147,Corey Brewer,1610612743,Denver Nuggets,4,3,38,Made Shot,Jump Shot,2PT Field Goal,Mid-Range,Center(C),8-16 ft.,15.0,1.0,153.0,1,1,20130321,DEN,PHI
Shot Chart Detail,0021201020,494,201147,Corey Brewer,1610612743,Denver Nuggets,4,0,9,Made Shot,Jump Shot,3PT Field Goal,Above the Break 3,Left Side Center(LC),24+ ft.,25.0,-228.0,118.0,1,1,20130321,DEN,PHI
Shot Chart Detail,0021201037,112,201147,Corey Brewer,1610612743,Denver Nuggets,1,1,7,Missed Shot,Jump Shot,3PT Field Goal,Right Corner 3,Right Side(R),24+ ft.,23.0,231.0,30.0,1,0,20130323,DEN,SAC
Shot Chart Detail,0021201037,132,201147,Corey Brewer,1610612743,Denver Nuggets,2,11,40,Missed Shot,Fadeaway Jump Shot,2PT Field Goal,Mid-Range,Right Side(R),8-16 ft.,11.0,103.0,48.0,1,0,20130323,DEN,SAC
Shot Chart Detail,0021201037,185,201147,Corey Brewer,1610612743,Denver Nuggets,2,8,1,Missed Shot,Driving Layup Shot,2PT Field Goal,Restricted Area,Center(C),Less Than 8 ft.,2.0,15.0,20.0,1,0,20130323,DEN,SAC
Shot Chart Detail,0021201037,189,201147,Corey Brewer,1610612743,Denver Nuggets,2,7,29,Missed Shot,Jump Shot,3PT Field Goal,Left Corner 3,Left Side(L),24+ ft.,22.0,-224.0,19.0,1,0,20130323,DEN,SAC
Shot Chart Detail,0021201037,216,201147,Corey Brewer,1610612743,Denver Nuggets,2,5,26,Missed Shot,Fadeaway Jump Shot,2PT Field Goal,Mid-Range,Left Side(L),8-16 ft.,12.0,-97.0,71.0,1,0,20130323,DEN,SAC
Shot Chart Detail,0021201037,410,201147,Corey Brewer,1610612743,Denver Nuggets,3,1,58,Made Shot,Jump Shot,2PT Field Goal,In The Paint (Non-RA),Center(C),8-16 ft.,13.0,-5.0,132.0,1,1,20130323,DEN,SAC
Shot Chart Detail,0021201037,452,201147,Corey Brewer,1610612743,Denver Nuggets,4,10,12,Missed Shot,Running Jump Shot,2PT Field Goal,In The Paint (Non-RA),Center(C),Less Than 8 ft.,6.0,50.0,47.0,1,0,20130323,DEN,SAC
Shot Chart Detail,0021201037,483,201147,Corey Brewer,1610612743,Denver Nuggets,4,7,30,Missed Shot,Jump Shot,2PT Field Goal,Mid-Range,Right Side(R),16-24 ft.,17.0,171.0,31.0,1,0,20130323,DEN,SAC
Shot Chart Detail,0021201051,88,201147,Corey Brewer,1610612743,Denver Nuggets,1,4,6,Missed Shot,Jump Shot,3PT Field Goal,Right Corner 3,Right Side(R),24+ ft.,23.0,230.0,6.0,1,0,20130325,NOH,DEN
Shot Chart Detail,0021201051,97,201147,Corey Brewer,1610612743,Denver Nuggets,1,3,7,Missed Shot,Dunk Shot,2PT Field Goal,Restricted Area,Center(C),Less Than 8 ft.,2.0,-19.0,14.0,1,0,20130325,NOH,DEN
Shot Chart Detail,0021201051,108,201147,Corey Brewer,1610612743,Denver Nuggets,1,2,14,Missed Shot,Jump Shot,3PT Field Goal,Above the Break 3,Left Side Center(LC),24+ ft.,25.0,-122.0,219.0,1,0,20130325,NOH,DEN
Shot Chart Detail,0021201051,113,201147,Corey Brewer,1610612743,Denver Nuggets,1,1,42,Made Shot,Driving Layup Shot,2PT Field Goal,Restricted Area,Center(C),Less Than 8 ft.,2.0,-16.0,12.0,1,1,20130325,NOH,DEN
Shot Chart Detail,0021201051,127,201147,Corey Brewer,1610612743,Denver Nuggets,1,0,20,Made Shot,Fadeaway Jump Shot,2PT Field Goal,In The Paint (Non-RA),Center(C),Less Than 8 ft.,7.0,-73.0,12.0,1,1,20130325,NOH,DEN
Shot Chart Detail,0021201051,129,201147,Corey Brewer,1610612743,Denver Nuggets,1,0,0,Missed Shot,Layup Shot,2PT Field Goal,Restricted Area,Center(C),Less Than 8 ft.,2.0,-11.0,22.0,1,0,20130325,NOH,DEN
Shot Chart Detail,0021201051,382,201147,Corey Brewer,1610612743,Denver Nuggets,3,2,40,Missed Shot,Layup Shot,2PT Field Goal,Restricted Area,Center(C),Less Than 8 ft.,1.0,-16.0,7.0,1,0,20130325,NOH,DEN
Shot Chart Detail,0021201051,403,201147,Corey Brewer,1610612743,Denver Nuggets,3,1,7,Missed Shot,Jump Shot,3PT Field Goal,Left Corner 3,Left Side(L),24+ ft.,22.0,-223.0,0.0,1,0,20130325,NOH,DEN
Shot Chart Detail,0021201051,419,201147,Corey Brewer,1610612743,Denver Nuggets,4,11,46,Missed Shot,Jump Shot,2PT Field Goal,In The Paint (Non-RA),Left Side(L),8-16 ft.,14.0,-79.0,126.0,1,0,20130325,NOH,DEN
Shot Chart Detail,0021201051,450,201147,Corey Brewer,1610612743,Denver Nuggets,4,8,33,Missed Shot,Layup Shot,2PT Field Goal,Restricted Area,Center(C),Less Than 8 ft.,2.0,21.0,6.0,1,0,20130325,NOH,DEN
Shot Chart Detail,0021201051,467,201147,Corey Brewer,1610612743,Denver Nuggets,4,7,38,Made Shot,Layup Shot,2PT Field Goal,Restricted Area,Center(C),Less Than 8 ft.,2.0,17.0,14.0,1,1,20130325,NOH,DEN
Shot Chart Detail,0021201051,469,201147,Corey Brewer,1610612743,Denver Nuggets,4,7,20,Made Shot,Layup Shot,2PT Field Goal,Restricted Area,Center(C),Less Than 8 ft.,1.0,-18.0,7.0,1,1,20130325,NOH,DEN
Shot Chart Detail,0021201067,61,201147,Corey Brewer,1610612743,Denver Nuggets,1,3,36,Missed Shot,Layup Shot,2PT Field Goal,Restricted Area,Center(C),Less Than 8 ft.,1.0,13.0,3.0,1,0,20130327,SAS,DEN
Shot Chart Detail,0021201067,68,201147,Corey Brewer,1610612743,Denver Nuggets,1,3,1,Missed Shot,Jump Shot,2PT Field Goal,Mid-Range,Right Side Center(RC),16-24 ft.,19.0,78.0,175.0,1,0,20130327,SAS,DEN
Shot Chart Detail,0021201067,75,201147,Corey Brewer,1610612743,Denver Nuggets,1,2,8,Made Shot,Layup Shot,2PT Field Goal,Restricted Area,Center(C),Less Than 8 ft.,1.0,6.0,-13.0,1,1,20130327,SAS,DEN
Shot Chart Detail,0021201067,121,201147,Corey Brewer,1610612743,Denver Nuggets,2,9,41,Made Shot,Jump Shot,2PT Field Goal,Mid-Range,Right Side Center(RC),16-24 ft.,18.0,106.0,148.0,1,1,20130327,SAS,DEN
Shot Chart Detail,0021201067,137,201147,Corey Brewer,1610612743,Denver Nuggets,2,8,6,Made Shot,Jump Shot,2PT Field Goal,Mid-Range,Left Side Center(LC),16-24 ft.,18.0,-90.0,162.0,1,1,20130327,SAS,DEN
Shot Chart Detail,0021201067,224,201147,Corey Brewer,1610612743,Denver Nuggets,2,0,5,Missed Shot,Jump Shot,2PT Field Goal,Mid-Range,Right Side Center(RC),16-24 ft.,22.0,102.0,203.0,1,0,20130327,SAS,DEN
Shot Chart Detail,0021201067,364,201147,Corey Brewer,1610612743,Denver Nuggets,3,0,1,Missed Shot,Jump Shot,3PT Field Goal,Above the Break 3,Left Side Center(LC),24+ ft.,39.0,-194.0,345.0,1,0,20130327,SAS,DEN
Shot Chart Detail,0021201067,369,201147,Corey Brewer,1610612743,Denver Nuggets,4,11,34,Missed Shot,Jump Shot,3PT Field Goal,Above the Break 3,Left Side Center(LC),24+ ft.,24.0,-207.0,126.0,1,0,20130327,SAS,DEN
Shot Chart Detail,0021201067,382,201147,Corey Brewer,1610612743,Denver Nuggets,4,10,29,Missed Shot,Jump Shot,3PT Field Goal,Left Corner 3,Left Side(L),24+ ft.,23.0,-232.0,-2.0,1,0,20130327,SAS,DEN
Shot Chart Detail,0021201067,411,201147,Corey Brewer,1610612743,Denver Nuggets,4,8,26,Missed Shot,Layup Shot,2PT Field Goal,Restricted Area,Center(C),Less Than 8 ft.,3.0,31.0,11.0,1,0,20130327,SAS,DEN
Shot Chart Detail,0021201083,78,201147,Corey Brewer,1610612743,Denver Nuggets,1,2,50,Made Shot,Jump Shot,2PT Field Goal,Mid-Range,Right Side Center(RC),16-24 ft.,16.0,130.0,97.0,1,1,20130329,DEN,BKN
Shot Chart Detail,0021201083,94,201147,Corey Brewer,1610612743,Denver Nuggets,1,1,10,Made Shot,Driving Dunk Shot,2PT Field Goal,Restricted Area,Center(C),Less Than 8 ft.,0.0,7.0,6.0,1,1,20130329,DEN,BKN
Shot Chart Detail,0021201083,132,201147,Corey Brewer,1610612743,Denver Nuggets,2,9,43,Missed Shot,Jump Shot,3PT Field Goal,Above the Break 3,Right Side Center(RC),24+ ft.,25.0,195.0,157.0,1,0,20130329,DEN,BKN
Shot Chart Detail,0021201083,186,201147,Corey Brewer,1610612743,Denver Nuggets,2,6,8,Missed Shot,Driving Dunk Shot,2PT Field Goal,Restricted Area,Center(C),Less Than 8 ft.,1.0,10.0,6.0,1,0,20130329,DEN,BKN
Shot Chart Detail,0021201083,222,201147,Corey Brewer,1610612743,Denver Nuggets,2,3,30,Made Shot,Dunk Shot,2PT Field Goal,Restricted Area,Center(C),Less Than 8 ft.,1.0,17.0,4.0,1,1,20130329,DEN,BKN
Shot Chart Detail,0021201083,377,201147,Corey Brewer,1610612743,Denver Nuggets,3,3,3,Made Shot,Jump Shot,3PT Field Goal,Left Corner 3,Left Side(L),24+ ft.,23.0,-235.0,-19.0,1,1,20130329,DEN,BKN
Shot Chart Detail,0021201083,407,201147,Corey Brewer,1610612743,Denver Nuggets,3,0,57,Missed Shot,Jump Shot,3PT Field Goal,Above the Break 3,Right Side Center(RC),24+ ft.,24.0,160.0,183.0,1,0,20130329,DEN,BKN
Shot Chart Detail,0021201083,427,201147,Corey Brewer,1610612743,Denver Nuggets,4,10,30,Missed Shot,Jump Shot,3PT Field Goal,Right Corner 3,Right Side(R),24+ ft.,23.0,233.0,1.0,1,0,20130329,DEN,BKN
Shot Chart Detail,0021201083,434,201147,Corey Brewer,1610612743,Denver Nuggets,4,9,16,Made Shot,Jump Shot,2PT Field Goal,Mid-Range,Right Side(R),16-24 ft.,19.0,190.0,12.0,1,1,20130329,DEN,BKN
Shot Chart Detail,0021201118,72,201147,Corey Brewer,1610612743,Denver Nuggets,1,3,23,Made Shot,Turnaround Jump Shot,2PT Field Goal,Mid-Range,Left Side(L),8-16 ft.,14.0,-128.0,74.0,1,1,20130403,UTA,DEN
Shot Chart Detail,0021201118,85,201147,Corey Brewer,1610612743,Denver Nuggets,1,2,0,Missed Shot,Jump Shot,3PT Field Goal,Right Corner 3,Right Side(R),24+ ft.,24.0,236.0,72.0,1,0,20130403,UTA,DEN
Shot Chart Detail,0021201118,134,201147,Corey Brewer,1610612743,Denver Nuggets,2,10,28,Made Shot,Slam Dunk Shot,2PT Field Goal,Restricted Area,Center(C),Less Than 8 ft.,0.0,0.0,3.0,1,1,20130403,UTA,DEN
Shot Chart Detail,0021201118,205,201147,Corey Brewer,1610612743,Denver Nuggets,2,2,34,Made Shot,Jump Shot,2PT Field Goal,Mid-Range,Left Side(L),16-24 ft.,21.0,-210.0,48.0,1,1,20130403,UTA,DEN
Shot Chart Detail,0021201118,309,201147,Corey Brewer,1610612743,Denver Nuggets,3,3,34,Missed Shot,Jump Shot,3PT Field Goal,Right Corner 3,Right Side(R),24+ ft.,23.0,233.0,28.0,1,0,20130403,UTA,DEN
Shot Chart Detail,0021201118,334,201147,Corey Brewer,1610612743,Denver Nuggets,3,1,19,Made Shot,Jump Shot,3PT Field Goal,Above the Break 3,Left Side Center(LC),24+ ft.,24.0,-207.0,129.0,1,1,20130403,UTA,DEN
Shot Chart Detail,0021201118,423,201147,Corey Brewer,1610612743,Denver Nuggets,4,3,43,Missed Shot,Jump Shot,2PT Field Goal,In The Paint (Non-RA),Left Side(L),8-16 ft.,8.0,-79.0,14.0,1,0,20130403,UTA,DEN
Shot Chart Detail,0021201124,105,201147,Corey Brewer,1610612743,Denver Nuggets,1,1,43,Missed Shot,Jump Shot,2PT Field Goal,Mid-Range,Center(C),16-24 ft.,19.0,-60.0,187.0,1,0,20130404,DEN,DAL
Shot Chart Detail,0021201124,131,201147,Corey Brewer,1610612743,Denver Nuggets,2,11,28,Made Shot,Jump Shot,3PT Field Goal,Left Corner 3,Left Side(L),24+ ft.,22.0,-226.0,-6.0,1,1,20130404,DEN,DAL
Shot Chart Detail,0021201124,176,201147,Corey Brewer,1610612743,Denver Nuggets,2,8,22,Missed Shot,Jump Shot,3PT Field Goal,Above the Break 3,Right Side Center(RC),24+ ft.,25.0,217.0,135.0,1,0,20130404,DEN,DAL
Shot Chart Detail,0021201124,198,201147,Corey Brewer,1610612743,Denver Nuggets,2,6,41,Missed Shot,Running Jump Shot,2PT Field Goal,Restricted Area,Center(C),Less Than 8 ft.,3.0,32.0,9.0,1,0,20130404,DEN,DAL
Shot Chart Detail,0021201124,236,201147,Corey Brewer,1610612743,Denver Nuggets,2,3,35,Made Shot,Finger Roll Layup Shot,2PT Field Goal,Restricted Area,Center(C),Less Than 8 ft.,2.0,21.0,0.0,1,1,20130404,DEN,DAL
Shot Chart Detail,0021201124,239,201147,Corey Brewer,1610612743,Denver Nuggets,2,3,1,Made Shot,Jump Shot,3PT Field Goal,Left Corner 3,Left Side(L),24+ ft.,22.0,-229.0,-3.0,1,1,20130404,DEN,DAL
Shot Chart Detail,0021201124,247,201147,Corey Brewer,1610612743,Denver Nuggets,2,2,10,Missed Shot,Running Jump Shot,2PT Field Goal,In The Paint (Non-RA),Center(C),Less Than 8 ft.,6.0,1.0,61.0,1,0,20130404,DEN,DAL
Shot Chart Detail,0021201124,304,201147,Corey Brewer,1610612743,Denver Nuggets,3,9,33,Made Shot,Jump Shot,2PT Field Goal,Mid-Range,Center(C),16-24 ft.,17.0,37.0,168.0,1,1,20130404,DEN,DAL
Shot Chart Detail,0021201124,308,201147,Corey Brewer,1610612743,Denver Nuggets,3,8,24,Missed Shot,Jump Shot,3PT Field Goal,Left Corner 3,Left Side(L),24+ ft.,22.0,-229.0,20.0,1,0,20130404,DEN,DAL
Shot Chart Detail,0021201124,323,201147,Corey Brewer,1610612743,Denver Nuggets,3,5,56,Made Shot,Jump Shot,2PT Field Goal,Mid-Range,Left Side(L),16-24 ft.,18.0,-164.0,91.0,1,1,20130404,DEN,DAL
Shot Chart Detail,0021201124,325,201147,Corey Brewer,1610612743,Denver Nuggets,3,5,21,Missed Shot,Jump Shot,3PT Field Goal,Above the Break 3,Right Side Center(RC),24+ ft.,25.0,152.0,200.0,1,0,20130404,DEN,DAL
Shot Chart Detail,0021201124,401,201147,Corey Brewer,1610612743,Denver Nuggets,4,11,41,Made Shot,Jump Shot,2PT Field Goal,Mid-Range,Left Side(L),8-16 ft.,11.0,-95.0,58.0,1,1,20130404,DEN,DAL
Shot Chart Detail,0021201124,410,201147,Corey Brewer,1610612743,Denver Nuggets,4,10,42,Missed Shot,Jump Shot,2PT Field Goal,In The Paint (Non-RA),Right Side(R),8-16 ft.,12.0,64.0,105.0,1,0,20130404,DEN,DAL
Shot Chart Detail,0021201124,420,201147,Corey Brewer,1610612743,Denver Nuggets,4,9,46,Missed Shot,Jump Shot,2PT Field Goal,Mid-Range,Left Side(L),16-24 ft.,20.0,-209.0,6.0,1,0,20130404,DEN,DAL
Shot Chart Detail,0021201124,426,201147,Corey Brewer,1610612743,Denver Nuggets,4,9,20,Made Shot,Layup Shot,2PT Field Goal,Restricted Area,Center(C),Less Than 8 ft.,1.0,15.0,4.0,1,1,20130404,DEN,DAL
Shot Chart Detail,0021201124,458,201147,Corey Brewer,1610612743,Denver Nuggets,4,6,51,Missed Shot,Jump Shot,2PT Field Goal,Mid-Range,Right Side(R),8-16 ft.,15.0,102.0,115.0,1,0,20130404,DEN,DAL
Shot Chart Detail,0021201124,514,201147,Corey Brewer,1610612743,Denver Nuggets,4,1,2,Missed Shot,Jump Shot,2PT Field Goal,Mid-Range,Left Side(L),16-24 ft.,20.0,-207.0,-10.0,1,0,20130404,DEN,DAL
Shot Chart Detail,0021201144,58,201147,Corey Brewer,1610612743,Denver Nuggets,1,5,33,Missed Shot,Jump Shot,3PT Field Goal,Left Corner 3,Left Side(L),24+ ft.,23.0,-232.0,20.0,1,0,20130406,DEN,HOU
Shot Chart Detail,0021201144,68,201147,Corey Brewer,1610612743,Denver Nuggets,1,5,9,Missed Shot,Driving Layup Shot,2PT Field Goal,Restricted Area,Center(C),Less Than 8 ft.,1.0,10.0,15.0,1,0,20130406,DEN,HOU
Shot Chart Detail,0021201144,86,201147,Corey Brewer,1610612743,Denver Nuggets,1,4,19,Made Shot,Layup Shot,2PT Field Goal,Restricted Area,Center(C),Less Than 8 ft.,1.0,-11.0,0.0,1,1,20130406,DEN,HOU
Shot Chart Detail,0021201144,114,201147,Corey Brewer,1610612743,Denver Nuggets,1,1,55,Missed Shot,Layup Shot,2PT Field Goal,Restricted Area,Center(C),Less Than 8 ft.,0.0,2.0,1.0,1,0,20130406,DEN,HOU
Shot Chart Detail,0021201144,162,201147,Corey Brewer,1610612743,Denver Nuggets,2,10,45,Made Shot,Layup Shot,2PT Field Goal,Restricted Area,Center(C),Less Than 8 ft.,0.0,-5.0,4.0,1,1,20130406,DEN,HOU
Shot Chart Detail,0021201144,169,201147,Corey Brewer,1610612743,Denver Nuggets,2,9,37,Made Shot,Driving Layup Shot,2PT Field Goal,Restricted Area,Center(C),Less Than 8 ft.,2.0,20.0,-2.0,1,1,20130406,DEN,HOU
Shot Chart Detail,0021201144,227,201147,Corey Brewer,1610612743,Denver Nuggets,2,4,28,Made Shot,Jump Shot,2PT Field Goal,Mid-Range,Right Side Center(RC),16-24 ft.,18.0,91.0,157.0,1,1,20130406,DEN,HOU
Shot Chart Detail,0021201144,245,201147,Corey Brewer,1610612743,Denver Nuggets,2,3,9,Missed Shot,Jump Shot,2PT Field Goal,In The Paint (Non-RA),Center(C),8-16 ft.,13.0,6.0,137.0,1,0,20130406,DEN,HOU
Shot Chart Detail,0021201144,253,201147,Corey Brewer,1610612743,Denver Nuggets,2,2,10,Missed Shot,Jump Shot,2PT Field Goal,Mid-Range,Left Side Center(LC),16-24 ft.,18.0,-68.0,172.0,1,0,20130406,DEN,HOU
Shot Chart Detail,0021201144,392,201147,Corey Brewer,1610612743,Denver Nuggets,3,2,38,Missed Shot,Running Jump Shot,2PT Field Goal,In The Paint (Non-RA),Center(C),Less Than 8 ft.,5.0,45.0,33.0,1,0,20130406,DEN,HOU
Shot Chart Detail,0021201144,431,201147,Corey Brewer,1610612743,Denver Nuggets,4,10,54,Made Shot,Jump Shot,3PT Field Goal,Left Corner 3,Left Side(L),24+ ft.,23.0,-232.0,28.0,1,1,20130406,DEN,HOU
Shot Chart Detail,0021201144,436,201147,Corey Brewer,1610612743,Denver Nuggets,4,9,49,Missed Shot,Jump Shot,3PT Field Goal,Above the Break 3,Right Side Center(RC),24+ ft.,25.0,190.0,170.0,1,0,20130406,DEN,HOU
Shot Chart Detail,0021201144,456,201147,Corey Brewer,1610612743,Denver Nuggets,4,8,14,Made Shot,Jump Shot,3PT Field Goal,Left Corner 3,Left Side(L),24+ ft.,23.0,-237.0,19.0,1,1,20130406,DEN,HOU
Shot Chart Detail,0021201144,458,201147,Corey Brewer,1610612743,Denver Nuggets,4,7,54,Made Shot,Dunk Shot,2PT Field Goal,Restricted Area,Center(C),Less Than 8 ft.,1.0,10.0,4.0,1,1,20130406,DEN,HOU
Shot Chart Detail,0021201144,473,201147,Corey Brewer,1610612743,Denver Nuggets,4,7,5,Missed Shot,Jump Shot,2PT Field Goal,Mid-Range,Right Side Center(RC),16-24 ft.,21.0,165.0,135.0,1,0,20130406,DEN,HOU
Shot Chart Detail,0021201144,478,201147,Corey Brewer,1610612743,Denver Nuggets,4,6,20,Missed Shot,Jump Shot,2PT Field Goal,Mid-Range,Left Side Center(LC),16-24 ft.,18.0,-98.0,162.0,1,0,20130406,DEN,HOU
Shot Chart Detail,0021201172,63,201147,Corey Brewer,1610612743,Denver Nuggets,1,4,29,Missed Shot,Jump Shot,2PT Field Goal,Mid-Range,Right Side(R),16-24 ft.,16.0,166.0,36.0,1,0,20130410,DEN,SAS
Shot Chart Detail,0021201172,70,201147,Corey Brewer,1610612743,Denver Nuggets,1,3,17,Missed Shot,Driving Layup Shot,2PT Field Goal,Restricted Area,Center(C),Less Than 8 ft.,2.0,23.0,0.0,1,0,20130410,DEN,SAS
Shot Chart Detail,0021201172,93,201147,Corey Brewer,1610612743,Denver Nuggets,1,2,7,Missed Shot,Jump Shot,2PT Field Goal,Restricted Area,Center(C),Less Than 8 ft.,3.0,-35.0,9.0,1,0,20130410,DEN,SAS
Shot Chart Detail,0021201172,98,201147,Corey Brewer,1610612743,Denver Nuggets,1,1,49,Missed Shot,Jump Shot,3PT Field Goal,Left Corner 3,Left Side(L),24+ ft.,22.0,-223.0,-16.0,1,0,20130410,DEN,SAS
Shot Chart Detail,0021201172,100,201147,Corey Brewer,1610612743,Denver Nuggets,1,1,45,Made Shot,Jump Shot,3PT Field Goal,Left Corner 3,Left Side(L),24+ ft.,23.0,-234.0,-10.0,1,1,20130410,DEN,SAS
Shot Chart Detail,0021201172,121,201147,Corey Brewer,1610612743,Denver Nuggets,1,0,26,Made Shot,Layup Shot,2PT Field Goal,Restricted Area,Center(C),Less Than 8 ft.,1.0,13.0,7.0,1,1,20130410,DEN,SAS
Shot Chart Detail,0021201172,129,201147,Corey Brewer,1610612743,Denver Nuggets,1,0,0,Missed Shot,Jump Shot,2PT Field Goal,Mid-Range,Right Side Center(RC),16-24 ft.,19.0,84.0,179.0,1,0,20130410,DEN,SAS
Shot Chart Detail,0021201172,153,201147,Corey Brewer,1610612743,Denver Nuggets,2,10,6,Missed Shot,Jump Shot,3PT Field Goal,Left Corner 3,Left Side(L),24+ ft.,23.0,-231.0,-3.0,1,0,20130410,DEN,SAS
Shot Chart Detail,0021201172,157,201147,Corey Brewer,1610612743,Denver Nuggets,2,9,50,Made Shot,Driving Layup Shot,2PT Field Goal,Restricted Area,Center(C),Less Than 8 ft.,1.0,17.0,9.0,1,1,20130410,DEN,SAS
Shot Chart Detail,0021201172,166,201147,Corey Brewer,1610612743,Denver Nuggets,2,9,16,Missed Shot,Jump Shot,2PT Field Goal,Restricted Area,Center(C),Less Than 8 ft.,3.0,21.0,34.0,1,0,20130410,DEN,SAS
Shot Chart Detail,0021201172,177,201147,Corey Brewer,1610612743,Denver Nuggets,2,7,42,Missed Shot,Jump Shot,3PT Field Goal,Right Corner 3,Right Side(R),24+ ft.,23.0,233.0,19.0,1,0,20130410,DEN,SAS
Shot Chart Detail,0021201172,184,201147,Corey Brewer,1610612743,Denver Nuggets,2,7,17,Made Shot,Alley Oop Dunk Shot,2PT Field Goal,Restricted Area,Center(C),Less Than 8 ft.,1.0,15.0,-6.0,1,1,20130410,DEN,SAS
Shot Chart Detail,0021201172,202,201147,Corey Brewer,1610612743,Denver Nuggets,2,5,44,Made Shot,Jump Shot,3PT Field Goal,Left Corner 3,Left Side(L),24+ ft.,23.0,-237.0,-10.0,1,1,20130410,DEN,SAS
Shot Chart Detail,0021201172,309,201147,Corey Brewer,1610612743,Denver Nuggets,3,7,7,Missed Shot,Jump Shot,2PT Field Goal,Mid-Range,Right Side(R),16-24 ft.,19.0,193.0,9.0,1,0,20130410,DEN,SAS
Shot Chart Detail,0021201172,318,201147,Corey Brewer,1610612743,Denver Nuggets,3,6,46,Made Shot,Layup Shot,2PT Field Goal,Restricted Area,Center(C),Less Than 8 ft.,1.0,15.0,0.0,1,1,20130410,DEN,SAS
Shot Chart Detail,0021201172,328,201147,Corey Brewer,1610612743,Denver Nuggets,3,5,29,Missed Shot,Driving Layup Shot,2PT Field Goal,Restricted Area,Center(C),Less Than 8 ft.,2.0,24.0,12.0,1,0,20130410,DEN,SAS
Shot Chart Detail,0021201172,368,201147,Corey Brewer,1610612743,Denver Nuggets,3,1,46,Made Shot,Running Jump Shot,2PT Field Goal,In The Paint (Non-RA),Center(C),Less Than 8 ft.,5.0,29.0,44.0,1,1,20130410,DEN,SAS
Shot Chart Detail,0021201172,371,201147,Corey Brewer,1610612743,Denver Nuggets,3,1,21,Made Shot,Layup Shot,2PT Field Goal,Restricted Area,Center(C),Less Than 8 ft.,2.0,24.0,9.0,1,1,20130410,DEN,SAS
Shot Chart Detail,0021201172,373,201147,Corey Brewer,1610612743,Denver Nuggets,3,0,46,Made Shot,Jump Shot,2PT Field Goal,Mid-Range,Center(C),16-24 ft.,17.0,9.0,178.0,1,1,20130410,DEN,SAS
Shot Chart Detail,0021201172,408,201147,Corey Brewer,1610612743,Denver Nuggets,4,9,45,Missed Shot,Jump Shot,2PT Field Goal,Mid-Range,Right Side(R),16-24 ft.,17.0,179.0,12.0,1,0,20130410,DEN,SAS
Shot Chart Detail,0021201172,425,201147,Corey Brewer,1610612743,Denver Nuggets,4,8,8,Made Shot,Driving Layup Shot,2PT Field Goal,Restricted Area,Center(C),Less Than 8 ft.,0.0,2.0,6.0,1,1,20130410,DEN,SAS
Shot Chart Detail,0021201172,435,201147,Corey Brewer,1610612743,Denver Nuggets,4,6,40,Made Shot,Layup Shot,2PT Field Goal,Restricted Area,Center(C),Less Than 8 ft.,2.0,21.0,1.0,1,1,20130410,DEN,SAS
Shot Chart Detail,0021201172,468,201147,Corey Brewer,1610612743,Denver Nuggets,4,3,26,Missed Shot,Jump Shot,2PT Field Goal,Mid-Range,Left Side(L),16-24 ft.,21.0,-182.0,107.0,1,0,20130410,DEN,SAS
Shot Chart Detail,0021201172,487,201147,Corey Brewer,1610612743,Denver Nuggets,4,2,14,Made Shot,Jump Shot,2PT Field Goal,Mid-Range,Center(C),16-24 ft.,17.0,-32.0,170.0,1,1,20130410,DEN,SAS
Shot Chart Detail,0021201172,493,201147,Corey Brewer,1610612743,Denver Nuggets,4,1,41,Missed Shot,Jump Shot,2PT Field Goal,Mid-Range,Left Side(L),16-24 ft.,16.0,-160.0,25.0,1,0,20130410,DEN,SAS
Shot Chart Detail,0021201185,57,201147,Corey Brewer,1610612743,Denver Nuggets,1,4,31,Missed Shot,Jump Shot,3PT Field Goal,Above the Break 3,Right Side Center(RC),24+ ft.,26.0,214.0,154.0,1,0,20130412,DAL,DEN
Shot Chart Detail,0021201185,86,201147,Corey Brewer,1610612743,Denver Nuggets,1,2,13,Missed Shot,Jump Shot,2PT Field Goal,Mid-Range,Right Side Center(RC),16-24 ft.,17.0,102.0,137.0,1,0,20130412,DAL,DEN
Shot Chart Detail,0021201185,110,201147,Corey Brewer,1610612743,Denver Nuggets,1,0,32,Made Shot,Driving Layup Shot,2PT Field Goal,Restricted Area,Center(C),Less Than 8 ft.,2.0,10.0,20.0,1,1,20130412,DAL,DEN
Shot Chart Detail,0021201185,150,201147,Corey Brewer,1610612743,Denver Nuggets,2,9,36,Missed Shot,Jump Shot,3PT Field Goal,Above the Break 3,Left Side Center(LC),24+ ft.,24.0,-187.0,154.0,1,0,20130412,DAL,DEN
Shot Chart Detail,0021201185,155,201147,Corey Brewer,1610612743,Denver Nuggets,2,9,0,Made Shot,Jump Shot,3PT Field Goal,Right Corner 3,Right Side(R),24+ ft.,23.0,236.0,19.0,1,1,20130412,DAL,DEN
Shot Chart Detail,0021201185,181,201147,Corey Brewer,1610612743,Denver Nuggets,2,7,7,Missed Shot,Running Layup Shot,2PT Field Goal,Restricted Area,Center(C),Less Than 8 ft.,2.0,-7.0,20.0,1,0,20130412,DAL,DEN
Shot Chart Detail,0021201185,256,201147,Corey Brewer,1610612743,Denver Nuggets,2,0,59,Missed Shot,Jump Shot,3PT Field Goal,Left Corner 3,Left Side(L),24+ ft.,23.0,-229.0,45.0,1,0,20130412,DAL,DEN
Shot Chart Detail,0021201185,260,201147,Corey Brewer,1610612743,Denver Nuggets,2,0,35,Missed Shot,Floating Jump shot,2PT Field Goal,In The Paint (Non-RA),Center(C),Less Than 8 ft.,5.0,-19.0,47.0,1,0,20130412,DAL,DEN
Shot Chart Detail,0021201185,328,201147,Corey Brewer,1610612743,Denver Nuggets,3,4,34,Made Shot,Pullup Jump shot,2PT Field Goal,Mid-Range,Right Side Center(RC),16-24 ft.,19.0,114.0,157.0,1,1,20130412,DAL,DEN
Shot Chart Detail,0021201185,335,201147,Corey Brewer,1610612743,Denver Nuggets,3,4,0,Missed Shot,Jump Shot,2PT Field Goal,Mid-Range,Left Side(L),16-24 ft.,19.0,-198.0,22.0,1,0,20130412,DAL,DEN
Shot Chart Detail,0021201185,346,201147,Corey Brewer,1610612743,Denver Nuggets,3,2,49,Made Shot,Jump Shot,3PT Field Goal,Above the Break 3,Left Side Center(LC),24+ ft.,26.0,-111.0,236.0,1,1,20130412,DAL,DEN
Shot Chart Detail,0021201185,359,201147,Corey Brewer,1610612743,Denver Nuggets,3,2,0,Missed Shot,Jump Shot,3PT Field Goal,Above the Break 3,Right Side Center(RC),24+ ft.,24.0,168.0,174.0,1,0,20130412,DAL,DEN
Shot Chart Detail,0021201185,372,201147,Corey Brewer,1610612743,Denver Nuggets,3,0,46,Missed Shot,Floating Jump shot,2PT Field Goal,In The Paint (Non-RA),Center(C),8-16 ft.,9.0,-43.0,85.0,1,0,20130412,DAL,DEN
Shot Chart Detail,0021201185,441,201147,Corey Brewer,1610612743,Denver Nuggets,4,7,22,Missed Shot,Running Bank shot,2PT Field Goal,Restricted Area,Center(C),Less Than 8 ft.,3.0,-18.0,25.0,1,0,20130412,DAL,DEN
Shot Chart Detail,0021201185,453,201147,Corey Brewer,1610612743,Denver Nuggets,4,6,42,Missed Shot,Jump Shot,3PT Field Goal,Above the Break 3,Right Side Center(RC),24+ ft.,25.0,225.0,112.0,1,0,20130412,DAL,DEN
Shot Chart Detail,0021201185,484,201147,Corey Brewer,1610612743,Denver Nuggets,4,3,59,Missed Shot,Jump Shot,2PT Field Goal,Mid-Range,Center(C),16-24 ft.,17.0,21.0,173.0,1,0,20130412,DAL,DEN
Shot Chart Detail,0021201185,508,201147,Corey Brewer,1610612743,Denver Nuggets,4,2,22,Made Shot,Running Slam Dunk Shot,2PT Field Goal,Restricted Area,Center(C),Less Than 8 ft.,1.0,0.0,14.0,1,1,20130412,DAL,DEN
Shot Chart Detail,0021201185,516,201147,Corey Brewer,1610612743,Denver Nuggets,4,0,56,Missed Shot,Jump Shot,3PT Field Goal,Left Corner 3,Left Side(L),24+ ft.,22.0,-223.0,22.0,1,0,20130412,DAL,DEN
Shot Chart Detail,0021201185,556,201147,Corey Brewer,1610612743,Denver Nuggets,4,0,3,Made Shot,Running Layup Shot,2PT Field Goal,Restricted Area,Center(C),Less Than 8 ft.,2.0,15.0,19.0,1,1,20130412,DAL,DEN
Shot Chart Detail,0021201185,587,201147,Corey Brewer,1610612743,Denver Nuggets,5,1,37,Missed Shot,Jump Shot,3PT Field Goal,Right Corner 3,Right Side(R),24+ ft.,23.0,225.0,52.0,1,0,20130412,DAL,DEN
Shot Chart Detail,0021201198,94,201147,Corey Brewer,1610612743,Denver Nuggets,1,2,0,Made Shot,Jump Shot,3PT Field Goal,Left Corner 3,Left Side(L),24+ ft.,23.0,-231.0,0.0,1,1,20130414,DEN,POR
Shot Chart Detail,0021201198,152,201147,Corey Brewer,1610612743,Denver Nuggets,2,9,3,Missed Shot,Jump Shot,3PT Field Goal,Right Corner 3,Right Side(R),24+ ft.,23.0,231.0,0.0,1,0,20130414,DEN,POR
Shot Chart Detail,0021201198,184,201147,Corey Brewer,1610612743,Denver Nuggets,2,5,46,Missed Shot,Jump Shot,2PT Field Goal,In The Paint (Non-RA),Center(C),Less Than 8 ft.,5.0,42.0,36.0,1,0,20130414,DEN,POR
Shot Chart Detail,0021201198,373,201147,Corey Brewer,1610612743,Denver Nuggets,3,2,48,Missed Shot,Jump Shot,2PT Field Goal,In The Paint (Non-RA),Center(C),Less Than 8 ft.,6.0,28.0,60.0,1,0,20130414,DEN,POR
Shot Chart Detail,0021201198,395,201147,Corey Brewer,1610612743,Denver Nuggets,3,0,56,Missed Shot,Layup Shot,2PT Field Goal,Restricted Area,Center(C),Less Than 8 ft.,2.0,-27.0,-8.0,1,0,20130414,DEN,POR
Shot Chart Detail,0021201207,71,201147,Corey Brewer,1610612743,Denver Nuggets,1,5,16,Missed Shot,Jump Shot,3PT Field Goal,Left Corner 3,Left Side(L),24+ ft.,22.0,-229.0,3.0,1,0,20130415,MIL,DEN
Shot Chart Detail,0021201207,89,201147,Corey Brewer,1610612743,Denver Nuggets,1,4,23,Missed Shot,Jump Shot,2PT Field Goal,Mid-Range,Right Side(R),16-24 ft.,21.0,218.0,-14.0,1,0,20130415,MIL,DEN
Shot Chart Detail,0021201207,114,201147,Corey Brewer,1610612743,Denver Nuggets,1,2,45,Missed Shot,Layup Shot,2PT Field Goal,Restricted Area,Center(C),Less Than 8 ft.,0.0,1.0,0.0,1,0,20130415,MIL,DEN
Shot Chart Detail,0021201207,423,201147,Corey Brewer,1610612743,Denver Nuggets,3,2,33,Missed Shot,Jump Shot,3PT Field Goal,Left Corner 3,Left Side(L),24+ ft.,23.0,-232.0,-8.0,1,0,20130415,MIL,DEN
Shot Chart Detail,0021201207,459,201147,Corey Brewer,1610612743,Denver Nuggets,3,0,0,Missed Shot,Layup Shot,2PT Field Goal,Restricted Area,Center(C),Less Than 8 ft.,1.0,17.0,0.0,1,0,20130415,MIL,DEN
Shot Chart Detail,0021201207,506,201147,Corey Brewer,1610612743,Denver Nuggets,4,8,22,Missed Shot,Jump Shot,2PT Field Goal,In The Paint (Non-RA),Center(C),Less Than 8 ft.,4.0,20.0,45.0,1,0,20130415,MIL,DEN
Shot Chart Detail,0021201227,200,201147,Corey Brewer,1610612743,Denver Nuggets,2,8,30,Missed Shot,Jump Shot,3PT Field Goal,Left Corner 3,Left Side(L),24+ ft.,23.0,-234.0,-37.0,1,0,20130417,DEN,PHX
Shot Chart Detail,0021201227,175,201147,Corey Brewer,1610612743,Denver Nuggets,2,7,36,Made Shot,Slam Dunk Shot,2PT Field Goal,Restricted Area,Center(C),Less Than 8 ft.,0.0,1.0,1.0,1,1,20130417,DEN,PHX
Shot Chart Detail,0021201227,449,201147,Corey Brewer,1610612743,Denver Nuggets,4,9,37,Missed Shot,Jump Shot,3PT Field Goal,Right Corner 3,Right Side(R),24+ ft.,23.0,231.0,30.0,1,0,20130417,DEN,PHX
Shot Chart Detail,0021201227,455,201147,Corey Brewer,1610612743,Denver Nuggets,4,9,5,Made Shot,Jump Shot,2PT Field Goal,In The Paint (Non-RA),Center(C),8-16 ft.,13.0,-59.0,116.0,1,1,20130417,DEN,PHX
