GRID_TYPE,GAME_ID,GAME_EVENT_ID,PLAYER_ID,PLAYER_NAME,TEAM_ID,TEAM_NAME,PERIOD,MINUTES_REMAINING,SECONDS_REMAINING,EVENT_TYPE,ACTION_TYPE,SHOT_TYPE,SHOT_ZONE_BASIC,SHOT_ZONE_AREA,SHOT_ZONE_RANGE,SHOT_DISTANCE,LOC_X,LOC_Y,SHOT_ATTEMPTED_FLAG,SHOT_MADE_FLAG,GAME_DATE,HTM,VTM
Shot Chart Detail,0021200003,95,201975,Jodie Meeks,1610612747,Los Angeles Lakers,1,1,59,Made Shot,Jump Shot,3PT Field Goal,Above the Break 3,Right Side Center(RC),24+ ft.,26.0,114.0,239.0,1,1,20121030,LAL,DAL
Shot Chart Detail,0021200003,160,201975,Jodie Meeks,1610612747,Los Angeles Lakers,2,8,1,Missed Shot,Jump Shot,3PT Field Goal,Right Corner 3,Right Side(R),24+ ft.,23.0,231.0,-10.0,1,0,20121030,LAL,DAL
Shot Chart Detail,0021200003,367,201975,Jodie Meeks,1610612747,Los Angeles Lakers,3,0,19,Missed Shot,Jump Shot,3PT Field Goal,,,,,,,1,0,20121030,LAL,DAL
Shot Chart Detail,0021200012,409,201975,Jodie Meeks,1610612747,Los Angeles Lakers,3,0,21,Missed Shot,Jump Shot,2PT Field Goal,Mid-Range,Right Side(R),16-24 ft.,19.0,198.0,20.0,1,0,20121031,POR,LAL
Shot Chart Detail,0021200012,426,201975,Jodie Meeks,1610612747,Los Angeles Lakers,4,10,43,Made Shot,Jump Shot,3PT Field Goal,Above the Break 3,Right Side Center(RC),24+ ft.,24.0,84.0,230.0,1,1,20121031,POR,LAL
Shot Chart Detail,0021200041,497,201975,Jodie Meeks,1610612747,Los Angeles Lakers,4,4,7,Missed Shot,Jump Shot,2PT Field Goal,Mid-Range,Right Side Center(RC),16-24 ft.,19.0,102.0,170.0,1,0,20121104,LAL,DET
Shot Chart Detail,0021200041,514,201975,Jodie Meeks,1610612747,Los Angeles Lakers,4,2,27,Missed Shot,Jump Shot,3PT Field Goal,Above the Break 3,Right Side Center(RC),24+ ft.,24.0,222.0,113.0,1,0,20121104,LAL,DET
Shot Chart Detail,0021200080,138,201975,Jodie Meeks,1610612747,Los Angeles Lakers,2,11,10,Missed Shot,Jump Shot,3PT Field Goal,Above the Break 3,Right Side Center(RC),24+ ft.,25.0,179.0,175.0,1,0,20121109,LAL,GSW
Shot Chart Detail,0021200080,384,201975,Jodie Meeks,1610612747,Los Angeles Lakers,3,1,56,Made Shot,Jump Shot,3PT Field Goal,Above the Break 3,Right Side Center(RC),24+ ft.,25.0,113.0,224.0,1,1,20121109,LAL,GSW
Shot Chart Detail,0021200080,410,201975,Jodie Meeks,1610612747,Los Angeles Lakers,3,0,4,Missed Shot,Jump Shot,2PT Field Goal,Mid-Range,Left Side(L),16-24 ft.,17.0,-152.0,77.0,1,0,20121109,LAL,GSW
Shot Chart Detail,0021200080,434,201975,Jodie Meeks,1610612747,Los Angeles Lakers,4,10,32,Missed Shot,Jump Shot,3PT Field Goal,Above the Break 3,Right Side Center(RC),24+ ft.,26.0,146.0,220.0,1,0,20121109,LAL,GSW
Shot Chart Detail,0021200080,524,201975,Jodie Meeks,1610612747,Los Angeles Lakers,4,4,24,Missed Shot,Jump Shot,3PT Field Goal,Above the Break 3,Left Side Center(LC),24+ ft.,25.0,-123.0,225.0,1,0,20121109,LAL,GSW
Shot Chart Detail,0021200080,539,201975,Jodie Meeks,1610612747,Los Angeles Lakers,4,3,44,Missed Shot,Jump Shot,3PT Field Goal,Above the Break 3,Left Side Center(LC),24+ ft.,25.0,-150.0,201.0,1,0,20121109,LAL,GSW
Shot Chart Detail,0021200080,554,201975,Jodie Meeks,1610612747,Los Angeles Lakers,4,1,51,Made Shot,Fadeaway Jump Shot,2PT Field Goal,Mid-Range,Right Side(R),16-24 ft.,16.0,162.0,22.0,1,1,20121109,LAL,GSW
Shot Chart Detail,0021200080,556,201975,Jodie Meeks,1610612747,Los Angeles Lakers,4,1,23,Made Shot,Jump Shot,2PT Field Goal,Mid-Range,Right Side(R),16-24 ft.,19.0,179.0,86.0,1,1,20121109,LAL,GSW
Shot Chart Detail,0021200094,123,201975,Jodie Meeks,1610612747,Los Angeles Lakers,2,11,28,Missed Shot,Jump Shot,3PT Field Goal,Above the Break 3,Left Side Center(LC),24+ ft.,25.0,-90.0,239.0,1,0,20121111,LAL,SAC
Shot Chart Detail,0021200094,139,201975,Jodie Meeks,1610612747,Los Angeles Lakers,2,10,41,Missed Shot,Jump Shot,2PT Field Goal,Mid-Range,Right Side Center(RC),16-24 ft.,19.0,152.0,119.0,1,0,20121111,LAL,SAC
Shot Chart Detail,0021200094,438,201975,Jodie Meeks,1610612747,Los Angeles Lakers,4,9,34,Missed Shot,Jump Shot,3PT Field Goal,Above the Break 3,Left Side Center(LC),24+ ft.,25.0,-187.0,178.0,1,0,20121111,LAL,SAC
Shot Chart Detail,0021200094,449,201975,Jodie Meeks,1610612747,Los Angeles Lakers,4,8,30,Missed Shot,Jump Shot,3PT Field Goal,Above the Break 3,Right Side Center(RC),24+ ft.,25.0,165.0,198.0,1,0,20121111,LAL,SAC
Shot Chart Detail,0021200094,479,201975,Jodie Meeks,1610612747,Los Angeles Lakers,4,5,29,Missed Shot,Jump Shot,3PT Field Goal,Above the Break 3,Right Side Center(RC),24+ ft.,26.0,108.0,241.0,1,0,20121111,LAL,SAC
Shot Chart Detail,0021200094,545,201975,Jodie Meeks,1610612747,Los Angeles Lakers,4,0,43,Made Shot,Driving Layup Shot,2PT Field Goal,Restricted Area,Center(C),Less Than 8 ft.,0.0,-8.0,0.0,1,1,20121111,LAL,SAC
Shot Chart Detail,0021200108,139,201975,Jodie Meeks,1610612747,Los Angeles Lakers,2,9,23,Missed Shot,Jump Shot,3PT Field Goal,Above the Break 3,Right Side Center(RC),24+ ft.,27.0,110.0,252.0,1,0,20121113,LAL,SAS
Shot Chart Detail,0021200130,112,201975,Jodie Meeks,1610612747,Los Angeles Lakers,2,11,31,Made Shot,Jump Shot,3PT Field Goal,Above the Break 3,Right Side Center(RC),24+ ft.,26.0,170.0,209.0,1,1,20121116,LAL,PHX
Shot Chart Detail,0021200130,120,201975,Jodie Meeks,1610612747,Los Angeles Lakers,2,10,34,Missed Shot,Jump Shot,3PT Field Goal,Above the Break 3,Right Side Center(RC),24+ ft.,25.0,88.0,241.0,1,0,20121116,LAL,PHX
Shot Chart Detail,0021200130,127,201975,Jodie Meeks,1610612747,Los Angeles Lakers,2,10,11,Made Shot,Driving Layup Shot,2PT Field Goal,Restricted Area,Center(C),Less Than 8 ft.,2.0,28.0,0.0,1,1,20121116,LAL,PHX
Shot Chart Detail,0021200130,389,201975,Jodie Meeks,1610612747,Los Angeles Lakers,4,11,41,Made Shot,Jump Shot,2PT Field Goal,Mid-Range,Center(C),16-24 ft.,21.0,-13.0,216.0,1,1,20121116,LAL,PHX
Shot Chart Detail,0021200130,429,201975,Jodie Meeks,1610612747,Los Angeles Lakers,4,8,15,Missed Shot,Jump Shot,2PT Field Goal,Mid-Range,Right Side(R),8-16 ft.,9.0,92.0,17.0,1,0,20121116,LAL,PHX
Shot Chart Detail,0021200146,120,201975,Jodie Meeks,1610612747,Los Angeles Lakers,2,11,8,Missed Shot,Jump Shot,2PT Field Goal,Mid-Range,Center(C),16-24 ft.,17.0,-23.0,172.0,1,0,20121118,LAL,HOU
Shot Chart Detail,0021200146,143,201975,Jodie Meeks,1610612747,Los Angeles Lakers,2,9,20,Missed Shot,Layup Shot,2PT Field Goal,In The Paint (Non-RA),Center(C),Less Than 8 ft.,5.0,50.0,3.0,1,0,20121118,LAL,HOU
Shot Chart Detail,0021200146,412,201975,Jodie Meeks,1610612747,Los Angeles Lakers,4,11,16,Made Shot,Jump Shot,3PT Field Goal,Above the Break 3,Left Side Center(LC),24+ ft.,26.0,-149.0,214.0,1,1,20121118,LAL,HOU
Shot Chart Detail,0021200146,419,201975,Jodie Meeks,1610612747,Los Angeles Lakers,4,10,19,Missed Shot,Jump Shot,3PT Field Goal,Above the Break 3,Center(C),24+ ft.,25.0,50.0,249.0,1,0,20121118,LAL,HOU
Shot Chart Detail,0021200146,526,201975,Jodie Meeks,1610612747,Los Angeles Lakers,4,2,34,Missed Shot,Jump Shot,2PT Field Goal,In The Paint (Non-RA),Center(C),Less Than 8 ft.,4.0,32.0,30.0,1,0,20121118,LAL,HOU
Shot Chart Detail,0021200146,530,201975,Jodie Meeks,1610612747,Los Angeles Lakers,4,2,12,Missed Shot,Jump Shot,3PT Field Goal,Above the Break 3,Left Side Center(LC),24+ ft.,25.0,-166.0,189.0,1,0,20121118,LAL,HOU
Shot Chart Detail,0021200156,135,201975,Jodie Meeks,1610612747,Los Angeles Lakers,2,9,54,Missed Shot,Jump Shot,3PT Field Goal,Above the Break 3,Left Side Center(LC),24+ ft.,26.0,-120.0,233.0,1,0,20121120,LAL,BKN
Shot Chart Detail,0021200156,430,201975,Jodie Meeks,1610612747,Los Angeles Lakers,4,7,52,Missed Shot,Jump Shot,3PT Field Goal,Above the Break 3,Right Side Center(RC),24+ ft.,25.0,111.0,230.0,1,0,20121120,LAL,BKN
Shot Chart Detail,0021200169,115,201975,Jodie Meeks,1610612747,Los Angeles Lakers,1,1,35,Made Shot,Jump Shot,3PT Field Goal,Above the Break 3,Left Side Center(LC),24+ ft.,26.0,-160.0,211.0,1,1,20121121,SAC,LAL
Shot Chart Detail,0021200169,132,201975,Jodie Meeks,1610612747,Los Angeles Lakers,2,11,23,Missed Shot,Jump Shot,3PT Field Goal,Above the Break 3,Left Side Center(LC),24+ ft.,24.0,-161.0,184.0,1,0,20121121,SAC,LAL
Shot Chart Detail,0021200169,372,201975,Jodie Meeks,1610612747,Los Angeles Lakers,4,11,44,Made Shot,Jump Shot,2PT Field Goal,Mid-Range,Left Side Center(LC),16-24 ft.,22.0,-92.0,200.0,1,1,20121121,SAC,LAL
Shot Chart Detail,0021200169,387,201975,Jodie Meeks,1610612747,Los Angeles Lakers,4,10,37,Made Shot,Jump Shot,3PT Field Goal,Above the Break 3,Left Side Center(LC),24+ ft.,24.0,-78.0,235.0,1,1,20121121,SAC,LAL
Shot Chart Detail,0021200169,411,201975,Jodie Meeks,1610612747,Los Angeles Lakers,4,9,4,Made Shot,Jump Shot,2PT Field Goal,Mid-Range,Left Side(L),8-16 ft.,11.0,-114.0,1.0,1,1,20121121,SAC,LAL
Shot Chart Detail,0021200169,417,201975,Jodie Meeks,1610612747,Los Angeles Lakers,4,8,9,Made Shot,Jump Shot,3PT Field Goal,Above the Break 3,Left Side Center(LC),24+ ft.,24.0,-116.0,216.0,1,1,20121121,SAC,LAL
Shot Chart Detail,0021200169,444,201975,Jodie Meeks,1610612747,Los Angeles Lakers,4,6,26,Missed Shot,Jump Shot,3PT Field Goal,Above the Break 3,Center(C),24+ ft.,26.0,-4.0,261.0,1,0,20121121,SAC,LAL
Shot Chart Detail,0021200169,465,201975,Jodie Meeks,1610612747,Los Angeles Lakers,4,3,39,Missed Shot,Jump Shot,3PT Field Goal,Above the Break 3,Left Side Center(LC),24+ ft.,25.0,-212.0,137.0,1,0,20121121,SAC,LAL
Shot Chart Detail,0021200169,541,201975,Jodie Meeks,1610612747,Los Angeles Lakers,4,0,10,Missed Shot,Driving Layup Shot,2PT Field Goal,Restricted Area,Center(C),Less Than 8 ft.,2.0,20.0,12.0,1,0,20121121,SAC,LAL
Shot Chart Detail,0021200177,157,201975,Jodie Meeks,1610612747,Los Angeles Lakers,2,7,32,Missed Shot,Jump Shot,3PT Field Goal,Above the Break 3,Center(C),24+ ft.,25.0,36.0,252.0,1,0,20121123,MEM,LAL
Shot Chart Detail,0021200177,392,201975,Jodie Meeks,1610612747,Los Angeles Lakers,4,11,38,Missed Shot,Jump Shot,3PT Field Goal,Left Corner 3,Left Side(L),24+ ft.,24.0,-240.0,9.0,1,0,20121123,MEM,LAL
Shot Chart Detail,0021200177,396,201975,Jodie Meeks,1610612747,Los Angeles Lakers,4,10,53,Missed Shot,Jump Shot,3PT Field Goal,Above the Break 3,Left Side Center(LC),24+ ft.,24.0,-105.0,225.0,1,0,20121123,MEM,LAL
Shot Chart Detail,0021200177,404,201975,Jodie Meeks,1610612747,Los Angeles Lakers,4,10,20,Made Shot,Jump Shot,3PT Field Goal,Above the Break 3,Right Side Center(RC),24+ ft.,26.0,160.0,209.0,1,1,20121123,MEM,LAL
Shot Chart Detail,0021200177,406,201975,Jodie Meeks,1610612747,Los Angeles Lakers,4,9,39,Made Shot,Jump Shot,3PT Field Goal,Above the Break 3,Center(C),24+ ft.,25.0,48.0,250.0,1,1,20121123,MEM,LAL
Shot Chart Detail,0021200187,108,201975,Jodie Meeks,1610612747,Los Angeles Lakers,1,1,46,Missed Shot,Running Jump Shot,2PT Field Goal,In The Paint (Non-RA),Center(C),Less Than 8 ft.,7.0,20.0,69.0,1,0,20121124,DAL,LAL
Shot Chart Detail,0021200187,137,201975,Jodie Meeks,1610612747,Los Angeles Lakers,2,10,51,Made Shot,Jump Shot,3PT Field Goal,Above the Break 3,Center(C),24+ ft.,24.0,-75.0,233.0,1,1,20121124,DAL,LAL
Shot Chart Detail,0021200187,169,201975,Jodie Meeks,1610612747,Los Angeles Lakers,2,8,9,Made Shot,Jump Shot,3PT Field Goal,Left Corner 3,Left Side(L),24+ ft.,22.0,-224.0,22.0,1,1,20121124,DAL,LAL
Shot Chart Detail,0021200187,402,201975,Jodie Meeks,1610612747,Los Angeles Lakers,3,1,35,Missed Shot,Jump Shot,3PT Field Goal,Above the Break 3,Left Side Center(LC),24+ ft.,25.0,-142.0,216.0,1,0,20121124,DAL,LAL
Shot Chart Detail,0021200187,405,201975,Jodie Meeks,1610612747,Los Angeles Lakers,3,1,10,Missed Shot,Fadeaway Jump Shot,2PT Field Goal,In The Paint (Non-RA),Center(C),8-16 ft.,12.0,-45.0,115.0,1,0,20121124,DAL,LAL
Shot Chart Detail,0021200187,427,201975,Jodie Meeks,1610612747,Los Angeles Lakers,4,11,16,Missed Shot,Jump Shot,3PT Field Goal,Above the Break 3,Left Side Center(LC),24+ ft.,23.0,-177.0,160.0,1,0,20121124,DAL,LAL
Shot Chart Detail,0021200187,467,201975,Jodie Meeks,1610612747,Los Angeles Lakers,4,7,58,Made Shot,Jump Shot,3PT Field Goal,Left Corner 3,Left Side(L),24+ ft.,23.0,-231.0,26.0,1,1,20121124,DAL,LAL
Shot Chart Detail,0021200187,477,201975,Jodie Meeks,1610612747,Los Angeles Lakers,4,6,48,Made Shot,Driving Layup Shot,2PT Field Goal,Restricted Area,Center(C),Less Than 8 ft.,1.0,-5.0,9.0,1,1,20121124,DAL,LAL
Shot Chart Detail,0021200208,179,201975,Jodie Meeks,1610612747,Los Angeles Lakers,2,7,57,Missed Shot,Jump Shot,3PT Field Goal,Above the Break 3,Left Side Center(LC),24+ ft.,24.0,-188.0,164.0,1,0,20121127,LAL,IND
Shot Chart Detail,0021200208,422,201975,Jodie Meeks,1610612747,Los Angeles Lakers,3,2,12,Missed Shot,Jump Shot,3PT Field Goal,Above the Break 3,Center(C),24+ ft.,24.0,-75.0,238.0,1,0,20121127,LAL,IND
Shot Chart Detail,0021200208,440,201975,Jodie Meeks,1610612747,Los Angeles Lakers,3,0,57,Missed Shot,Jump Shot,3PT Field Goal,Above the Break 3,Right Side Center(RC),24+ ft.,24.0,127.0,208.0,1,0,20121127,LAL,IND
Shot Chart Detail,0021200232,125,201975,Jodie Meeks,1610612747,Los Angeles Lakers,2,10,40,Made Shot,Jump Shot,3PT Field Goal,Above the Break 3,Right Side Center(RC),24+ ft.,26.0,130.0,233.0,1,1,20121130,LAL,DEN
Shot Chart Detail,0021200232,137,201975,Jodie Meeks,1610612747,Los Angeles Lakers,2,8,46,Made Shot,Jump Shot,3PT Field Goal,Above the Break 3,Right Side Center(RC),24+ ft.,26.0,152.0,213.0,1,1,20121130,LAL,DEN
Shot Chart Detail,0021200232,139,201975,Jodie Meeks,1610612747,Los Angeles Lakers,2,8,22,Made Shot,Jump Shot,3PT Field Goal,Above the Break 3,Right Side Center(RC),24+ ft.,25.0,154.0,209.0,1,1,20121130,LAL,DEN
Shot Chart Detail,0021200232,156,201975,Jodie Meeks,1610612747,Los Angeles Lakers,2,7,15,Made Shot,Jump Shot,3PT Field Goal,Above the Break 3,Right Side Center(RC),24+ ft.,26.0,100.0,244.0,1,1,20121130,LAL,DEN
Shot Chart Detail,0021200232,159,201975,Jodie Meeks,1610612747,Los Angeles Lakers,2,6,53,Made Shot,Jump Shot,3PT Field Goal,Above the Break 3,Left Side Center(LC),24+ ft.,26.0,-174.0,203.0,1,1,20121130,LAL,DEN
Shot Chart Detail,0021200232,217,201975,Jodie Meeks,1610612747,Los Angeles Lakers,2,2,59,Missed Shot,Jump Shot,3PT Field Goal,Right Corner 3,Right Side(R),24+ ft.,23.0,239.0,-13.0,1,0,20121130,LAL,DEN
Shot Chart Detail,0021200232,401,201975,Jodie Meeks,1610612747,Los Angeles Lakers,4,11,8,Made Shot,Jump Shot,3PT Field Goal,Right Corner 3,Right Side(R),24+ ft.,23.0,231.0,17.0,1,1,20121130,LAL,DEN
Shot Chart Detail,0021200232,405,201975,Jodie Meeks,1610612747,Los Angeles Lakers,4,10,36,Missed Shot,Driving Layup Shot,2PT Field Goal,In The Paint (Non-RA),Center(C),Less Than 8 ft.,4.0,-23.0,39.0,1,0,20121130,LAL,DEN
Shot Chart Detail,0021200232,427,201975,Jodie Meeks,1610612747,Los Angeles Lakers,4,8,16,Made Shot,Jump Shot,3PT Field Goal,Above the Break 3,Left Side Center(LC),24+ ft.,26.0,-120.0,231.0,1,1,20121130,LAL,DEN
Shot Chart Detail,0021200244,141,201975,Jodie Meeks,1610612747,Los Angeles Lakers,2,9,57,Missed Shot,Jump Shot,2PT Field Goal,Restricted Area,Center(C),Less Than 8 ft.,3.0,26.0,23.0,1,0,20121202,LAL,ORL
Shot Chart Detail,0021200244,400,201975,Jodie Meeks,1610612747,Los Angeles Lakers,4,10,49,Missed Shot,Jump Shot,3PT Field Goal,Above the Break 3,Left Side Center(LC),24+ ft.,27.0,-128.0,242.0,1,0,20121202,LAL,ORL
Shot Chart Detail,0021200244,429,201975,Jodie Meeks,1610612747,Los Angeles Lakers,4,8,12,Made Shot,Jump Shot,3PT Field Goal,Above the Break 3,Left Side Center(LC),24+ ft.,26.0,-130.0,227.0,1,1,20121202,LAL,ORL
Shot Chart Detail,0021200256,118,201975,Jodie Meeks,1610612747,Los Angeles Lakers,1,1,48,Missed Shot,Jump Shot,3PT Field Goal,Above the Break 3,Left Side Center(LC),24+ ft.,25.0,-117.0,230.0,1,0,20121204,HOU,LAL
Shot Chart Detail,0021200256,143,201975,Jodie Meeks,1610612747,Los Angeles Lakers,1,0,5,Missed Shot,Jump Shot,2PT Field Goal,In The Paint (Non-RA),Center(C),Less Than 8 ft.,5.0,15.0,55.0,1,0,20121204,HOU,LAL
Shot Chart Detail,0021200256,207,201975,Jodie Meeks,1610612747,Los Angeles Lakers,2,7,10,Made Shot,Jump Shot,3PT Field Goal,Above the Break 3,Left Side Center(LC),24+ ft.,24.0,-144.0,203.0,1,1,20121204,HOU,LAL
Shot Chart Detail,0021200256,394,201975,Jodie Meeks,1610612747,Los Angeles Lakers,3,2,13,Missed Shot,Jump Shot,3PT Field Goal,Above the Break 3,Right Side Center(RC),24+ ft.,24.0,182.0,164.0,1,0,20121204,HOU,LAL
Shot Chart Detail,0021200256,411,201975,Jodie Meeks,1610612747,Los Angeles Lakers,3,0,47,Missed Shot,Jump Shot,3PT Field Goal,Above the Break 3,Left Side Center(LC),24+ ft.,24.0,-182.0,170.0,1,0,20121204,HOU,LAL
Shot Chart Detail,0021200256,443,201975,Jodie Meeks,1610612747,Los Angeles Lakers,4,11,12,Missed Shot,Driving Layup Shot,2PT Field Goal,Restricted Area,Center(C),Less Than 8 ft.,2.0,18.0,15.0,1,0,20121204,HOU,LAL
Shot Chart Detail,0021200256,449,201975,Jodie Meeks,1610612747,Los Angeles Lakers,4,10,5,Made Shot,Jump Shot,2PT Field Goal,Mid-Range,Center(C),8-16 ft.,15.0,0.0,154.0,1,1,20121204,HOU,LAL
Shot Chart Detail,0021200256,476,201975,Jodie Meeks,1610612747,Los Angeles Lakers,4,7,50,Missed Shot,Jump Shot,3PT Field Goal,Above the Break 3,Center(C),24+ ft.,24.0,-16.0,246.0,1,0,20121204,HOU,LAL
Shot Chart Detail,0021200263,73,201975,Jodie Meeks,1610612747,Los Angeles Lakers,1,3,47,Missed Shot,Jump Shot,2PT Field Goal,In The Paint (Non-RA),Center(C),8-16 ft.,9.0,17.0,89.0,1,0,20121205,NOH,LAL
Shot Chart Detail,0021200263,76,201975,Jodie Meeks,1610612747,Los Angeles Lakers,1,3,10,Made Shot,Jump Shot,3PT Field Goal,Above the Break 3,Left Side Center(LC),24+ ft.,25.0,-158.0,197.0,1,1,20121205,NOH,LAL
Shot Chart Detail,0021200263,84,201975,Jodie Meeks,1610612747,Los Angeles Lakers,1,1,49,Missed Shot,Jump Shot,3PT Field Goal,Above the Break 3,Left Side Center(LC),24+ ft.,24.0,-142.0,200.0,1,0,20121205,NOH,LAL
Shot Chart Detail,0021200263,102,201975,Jodie Meeks,1610612747,Los Angeles Lakers,1,0,35,Missed Shot,Layup Shot,2PT Field Goal,Restricted Area,Center(C),Less Than 8 ft.,2.0,17.0,15.0,1,0,20121205,NOH,LAL
Shot Chart Detail,0021200263,331,201975,Jodie Meeks,1610612747,Los Angeles Lakers,3,4,23,Missed Shot,Jump Shot,2PT Field Goal,In The Paint (Non-RA),Center(C),Less Than 8 ft.,4.0,-10.0,41.0,1,0,20121205,NOH,LAL
Shot Chart Detail,0021200263,339,201975,Jodie Meeks,1610612747,Los Angeles Lakers,3,3,43,Missed Shot,Jump Shot,3PT Field Goal,Above the Break 3,Left Side Center(LC),24+ ft.,26.0,-182.0,186.0,1,0,20121205,NOH,LAL
Shot Chart Detail,0021200263,356,201975,Jodie Meeks,1610612747,Los Angeles Lakers,3,2,10,Made Shot,Jump Shot,3PT Field Goal,Above the Break 3,Left Side Center(LC),24+ ft.,24.0,-142.0,198.0,1,1,20121205,NOH,LAL
Shot Chart Detail,0021200263,386,201975,Jodie Meeks,1610612747,Los Angeles Lakers,4,11,44,Missed Shot,Dunk Shot,2PT Field Goal,Restricted Area,Center(C),Less Than 8 ft.,1.0,15.0,6.0,1,0,20121205,NOH,LAL
Shot Chart Detail,0021200263,396,201975,Jodie Meeks,1610612747,Los Angeles Lakers,4,10,57,Made Shot,Jump Shot,3PT Field Goal,Right Corner 3,Right Side(R),24+ ft.,23.0,233.0,3.0,1,1,20121205,NOH,LAL
Shot Chart Detail,0021200263,405,201975,Jodie Meeks,1610612747,Los Angeles Lakers,4,9,56,Missed Shot,Jump Shot,3PT Field Goal,Above the Break 3,Left Side Center(LC),24+ ft.,26.0,-187.0,186.0,1,0,20121205,NOH,LAL
Shot Chart Detail,0021200263,447,201975,Jodie Meeks,1610612747,Los Angeles Lakers,4,6,11,Missed Shot,Jump Shot,2PT Field Goal,In The Paint (Non-RA),Center(C),Less Than 8 ft.,6.0,-62.0,19.0,1,0,20121205,NOH,LAL
Shot Chart Detail,0021200280,132,201975,Jodie Meeks,1610612747,Los Angeles Lakers,1,0,45,Made Shot,Jump Shot,3PT Field Goal,Above the Break 3,Left Side Center(LC),24+ ft.,24.0,-193.0,145.0,1,1,20121207,OKC,LAL
Shot Chart Detail,0021200280,164,201975,Jodie Meeks,1610612747,Los Angeles Lakers,2,9,32,Made Shot,Jump Shot,3PT Field Goal,Above the Break 3,Right Side Center(RC),24+ ft.,24.0,151.0,194.0,1,1,20121207,OKC,LAL
Shot Chart Detail,0021200280,178,201975,Jodie Meeks,1610612747,Los Angeles Lakers,2,8,48,Missed Shot,Jump Shot,3PT Field Goal,Above the Break 3,Right Side Center(RC),24+ ft.,24.0,146.0,197.0,1,0,20121207,OKC,LAL
Shot Chart Detail,0021200280,192,201975,Jodie Meeks,1610612747,Los Angeles Lakers,2,8,8,Missed Shot,Layup Shot,2PT Field Goal,Restricted Area,Center(C),Less Than 8 ft.,1.0,-7.0,11.0,1,0,20121207,OKC,LAL
Shot Chart Detail,0021200280,544,201975,Jodie Meeks,1610612747,Los Angeles Lakers,4,2,56,Missed Shot,Tip Shot,2PT Field Goal,Restricted Area,Center(C),Less Than 8 ft.,2.0,20.0,0.0,1,0,20121207,OKC,LAL
Shot Chart Detail,0021200280,571,201975,Jodie Meeks,1610612747,Los Angeles Lakers,4,1,20,Made Shot,Driving Layup Shot,2PT Field Goal,Restricted Area,Center(C),Less Than 8 ft.,1.0,13.0,-2.0,1,1,20121207,OKC,LAL
Shot Chart Detail,0021200280,574,201975,Jodie Meeks,1610612747,Los Angeles Lakers,4,0,53,Made Shot,Driving Layup Shot,2PT Field Goal,Restricted Area,Center(C),Less Than 8 ft.,1.0,18.0,3.0,1,1,20121207,OKC,LAL
Shot Chart Detail,0021200280,596,201975,Jodie Meeks,1610612747,Los Angeles Lakers,4,0,11,Missed Shot,Jump Shot,3PT Field Goal,Above the Break 3,Center(C),24+ ft.,24.0,-52.0,238.0,1,0,20121207,OKC,LAL
Shot Chart Detail,0021200297,76,201975,Jodie Meeks,1610612747,Los Angeles Lakers,1,3,10,Made Shot,Driving Layup Shot,2PT Field Goal,Restricted Area,Center(C),Less Than 8 ft.,2.0,20.0,4.0,1,1,20121209,LAL,UTA
Shot Chart Detail,0021200297,83,201975,Jodie Meeks,1610612747,Los Angeles Lakers,1,2,28,Missed Shot,Jump Shot,2PT Field Goal,Mid-Range,Left Side Center(LC),16-24 ft.,21.0,-142.0,168.0,1,0,20121209,LAL,UTA
Shot Chart Detail,0021200297,90,201975,Jodie Meeks,1610612747,Los Angeles Lakers,1,1,48,Missed Shot,Jump Shot,2PT Field Goal,In The Paint (Non-RA),Center(C),Less Than 8 ft.,5.0,-40.0,39.0,1,0,20121209,LAL,UTA
Shot Chart Detail,0021200297,114,201975,Jodie Meeks,1610612747,Los Angeles Lakers,2,11,17,Made Shot,Jump Shot,3PT Field Goal,Above the Break 3,Center(C),24+ ft.,26.0,39.0,258.0,1,1,20121209,LAL,UTA
Shot Chart Detail,0021200297,167,201975,Jodie Meeks,1610612747,Los Angeles Lakers,2,7,10,Missed Shot,Driving Layup Shot,2PT Field Goal,Restricted Area,Center(C),Less Than 8 ft.,1.0,8.0,11.0,1,0,20121209,LAL,UTA
Shot Chart Detail,0021200297,196,201975,Jodie Meeks,1610612747,Los Angeles Lakers,2,4,20,Missed Shot,Jump Shot,3PT Field Goal,Above the Break 3,Left Side Center(LC),24+ ft.,25.0,-240.0,94.0,1,0,20121209,LAL,UTA
Shot Chart Detail,0021200297,257,201975,Jodie Meeks,1610612747,Los Angeles Lakers,2,0,1,Missed Shot,Jump Shot,3PT Field Goal,Right Corner 3,Right Side(R),24+ ft.,23.0,230.0,-6.0,1,0,20121209,LAL,UTA
Shot Chart Detail,0021200297,334,201975,Jodie Meeks,1610612747,Los Angeles Lakers,3,2,33,Missed Shot,Layup Shot,2PT Field Goal,Restricted Area,Center(C),Less Than 8 ft.,2.0,-10.0,26.0,1,0,20121209,LAL,UTA
Shot Chart Detail,0021200297,354,201975,Jodie Meeks,1610612747,Los Angeles Lakers,3,1,52,Missed Shot,Jump Shot,2PT Field Goal,Restricted Area,Center(C),Less Than 8 ft.,3.0,32.0,-16.0,1,0,20121209,LAL,UTA
Shot Chart Detail,0021200297,356,201975,Jodie Meeks,1610612747,Los Angeles Lakers,3,1,47,Made Shot,Jump Shot,3PT Field Goal,Right Corner 3,Right Side(R),24+ ft.,23.0,236.0,11.0,1,1,20121209,LAL,UTA
Shot Chart Detail,0021200297,405,201975,Jodie Meeks,1610612747,Los Angeles Lakers,4,10,34,Made Shot,Jump Shot,3PT Field Goal,Left Corner 3,Left Side(L),24+ ft.,24.0,-243.0,0.0,1,1,20121209,LAL,UTA
Shot Chart Detail,0021200297,456,201975,Jodie Meeks,1610612747,Los Angeles Lakers,4,5,52,Missed Shot,Jump Shot,3PT Field Goal,Above the Break 3,Right Side Center(RC),24+ ft.,24.0,209.0,127.0,1,0,20121209,LAL,UTA
Shot Chart Detail,0021200297,472,201975,Jodie Meeks,1610612747,Los Angeles Lakers,4,4,54,Made Shot,Jump Shot,2PT Field Goal,Restricted Area,Center(C),Less Than 8 ft.,3.0,-27.0,14.0,1,1,20121209,LAL,UTA
Shot Chart Detail,0021200297,504,201975,Jodie Meeks,1610612747,Los Angeles Lakers,4,2,48,Made Shot,Jump Shot,2PT Field Goal,Mid-Range,Right Side(R),16-24 ft.,17.0,171.0,0.0,1,1,20121209,LAL,UTA
Shot Chart Detail,0021200305,93,201975,Jodie Meeks,1610612747,Los Angeles Lakers,1,2,13,Made Shot,Running Dunk Shot,2PT Field Goal,Restricted Area,Center(C),Less Than 8 ft.,0.0,4.0,6.0,1,1,20121211,CLE,LAL
Shot Chart Detail,0021200305,173,201975,Jodie Meeks,1610612747,Los Angeles Lakers,2,8,12,Made Shot,Jump Shot,3PT Field Goal,Above the Break 3,Center(C),24+ ft.,25.0,-30.0,254.0,1,1,20121211,CLE,LAL
Shot Chart Detail,0021200305,175,201975,Jodie Meeks,1610612747,Los Angeles Lakers,2,7,48,Missed Shot,Driving Layup Shot,2PT Field Goal,Restricted Area,Center(C),Less Than 8 ft.,1.0,13.0,3.0,1,0,20121211,CLE,LAL
Shot Chart Detail,0021200305,211,201975,Jodie Meeks,1610612747,Los Angeles Lakers,2,4,54,Missed Shot,Jump Shot,3PT Field Goal,Above the Break 3,Right Side Center(RC),24+ ft.,25.0,162.0,200.0,1,0,20121211,CLE,LAL
Shot Chart Detail,0021200305,414,201975,Jodie Meeks,1610612747,Los Angeles Lakers,3,1,16,Missed Shot,Jump Shot,3PT Field Goal,Above the Break 3,Left Side Center(LC),24+ ft.,24.0,-168.0,175.0,1,0,20121211,CLE,LAL
Shot Chart Detail,0021200305,462,201975,Jodie Meeks,1610612747,Los Angeles Lakers,4,7,38,Missed Shot,Jump Shot,3PT Field Goal,Right Corner 3,Right Side(R),24+ ft.,24.0,245.0,12.0,1,0,20121211,CLE,LAL
Shot Chart Detail,0021200323,86,201975,Jodie Meeks,1610612747,Los Angeles Lakers,1,1,15,Missed Shot,Jump Shot,3PT Field Goal,Above the Break 3,Left Side Center(LC),24+ ft.,25.0,-92.0,233.0,1,0,20121213,NYK,LAL
Shot Chart Detail,0021200323,97,201975,Jodie Meeks,1610612747,Los Angeles Lakers,1,0,44,Missed Shot,Jump Shot,3PT Field Goal,Above the Break 3,Left Side Center(LC),24+ ft.,24.0,-193.0,146.0,1,0,20121213,NYK,LAL
Shot Chart Detail,0021200323,111,201975,Jodie Meeks,1610612747,Los Angeles Lakers,1,0,0,Missed Shot,Jump Shot,3PT Field Goal,Backcourt,Back Court(BC),Back Court Shot,59.0,170.0,572.0,1,0,20121213,NYK,LAL
Shot Chart Detail,0021200323,145,201975,Jodie Meeks,1610612747,Los Angeles Lakers,2,8,16,Missed Shot,Jump Shot,3PT Field Goal,Above the Break 3,Left Side Center(LC),24+ ft.,25.0,-119.0,224.0,1,0,20121213,NYK,LAL
Shot Chart Detail,0021200323,160,201975,Jodie Meeks,1610612747,Los Angeles Lakers,2,6,35,Made Shot,Driving Layup Shot,2PT Field Goal,Restricted Area,Center(C),Less Than 8 ft.,0.0,2.0,6.0,1,1,20121213,NYK,LAL
Shot Chart Detail,0021200323,339,201975,Jodie Meeks,1610612747,Los Angeles Lakers,3,3,7,Made Shot,Jump Shot,3PT Field Goal,Above the Break 3,Left Side Center(LC),24+ ft.,24.0,-213.0,121.0,1,1,20121213,NYK,LAL
Shot Chart Detail,0021200323,364,201975,Jodie Meeks,1610612747,Los Angeles Lakers,3,1,37,Missed Shot,Jump Shot,2PT Field Goal,Restricted Area,Center(C),Less Than 8 ft.,3.0,20.0,28.0,1,0,20121213,NYK,LAL
Shot Chart Detail,0021200323,449,201975,Jodie Meeks,1610612747,Los Angeles Lakers,4,6,33,Missed Shot,Jump Shot,3PT Field Goal,Above the Break 3,Left Side Center(LC),24+ ft.,24.0,-174.0,172.0,1,0,20121213,NYK,LAL
Shot Chart Detail,0021200323,485,201975,Jodie Meeks,1610612747,Los Angeles Lakers,4,3,20,Made Shot,Jump Shot,3PT Field Goal,Above the Break 3,Left Side Center(LC),24+ ft.,24.0,-86.0,225.0,1,1,20121213,NYK,LAL
Shot Chart Detail,0021200323,492,201975,Jodie Meeks,1610612747,Los Angeles Lakers,4,2,12,Missed Shot,Jump Shot,3PT Field Goal,Above the Break 3,Left Side Center(LC),24+ ft.,24.0,-133.0,208.0,1,0,20121213,NYK,LAL
Shot Chart Detail,0021200323,517,201975,Jodie Meeks,1610612747,Los Angeles Lakers,4,0,15,Missed Shot,Jump Shot,3PT Field Goal,Above the Break 3,Left Side Center(LC),24+ ft.,24.0,-120.0,209.0,1,0,20121213,NYK,LAL
Shot Chart Detail,0021200326,69,201975,Jodie Meeks,1610612747,Los Angeles Lakers,1,4,34,Made Shot,Layup Shot,2PT Field Goal,Restricted Area,Center(C),Less Than 8 ft.,0.0,6.0,-2.0,1,1,20121214,WAS,LAL
Shot Chart Detail,0021200326,105,201975,Jodie Meeks,1610612747,Los Angeles Lakers,1,1,36,Missed Shot,Layup Shot,2PT Field Goal,Restricted Area,Center(C),Less Than 8 ft.,0.0,1.0,1.0,1,0,20121214,WAS,LAL
Shot Chart Detail,0021200326,152,201975,Jodie Meeks,1610612747,Los Angeles Lakers,2,10,5,Missed Shot,Jump Shot,2PT Field Goal,In The Paint (Non-RA),Center(C),Less Than 8 ft.,5.0,39.0,-35.0,1,0,20121214,WAS,LAL
Shot Chart Detail,0021200326,154,201975,Jodie Meeks,1610612747,Los Angeles Lakers,2,10,2,Made Shot,Putback Layup Shot,2PT Field Goal,Restricted Area,Center(C),Less Than 8 ft.,0.0,-8.0,4.0,1,1,20121214,WAS,LAL
Shot Chart Detail,0021200326,160,201975,Jodie Meeks,1610612747,Los Angeles Lakers,2,8,57,Missed Shot,Jump Shot,3PT Field Goal,Above the Break 3,Left Side Center(LC),24+ ft.,25.0,-207.0,145.0,1,0,20121214,WAS,LAL
Shot Chart Detail,0021200326,221,201975,Jodie Meeks,1610612747,Los Angeles Lakers,2,3,58,Made Shot,Jump Shot,3PT Field Goal,Left Corner 3,Left Side(L),24+ ft.,24.0,-240.0,9.0,1,1,20121214,WAS,LAL
Shot Chart Detail,0021200326,226,201975,Jodie Meeks,1610612747,Los Angeles Lakers,2,3,8,Made Shot,Driving Layup Shot,2PT Field Goal,Restricted Area,Center(C),Less Than 8 ft.,1.0,-15.0,-13.0,1,1,20121214,WAS,LAL
Shot Chart Detail,0021200326,228,201975,Jodie Meeks,1610612747,Los Angeles Lakers,2,2,48,Made Shot,Jump Shot,3PT Field Goal,Left Corner 3,Left Side(L),24+ ft.,23.0,-239.0,-8.0,1,1,20121214,WAS,LAL
Shot Chart Detail,0021200326,231,201975,Jodie Meeks,1610612747,Los Angeles Lakers,2,2,11,Missed Shot,Jump Shot,3PT Field Goal,Left Corner 3,Left Side(L),24+ ft.,22.0,-228.0,0.0,1,0,20121214,WAS,LAL
Shot Chart Detail,0021200326,391,201975,Jodie Meeks,1610612747,Los Angeles Lakers,3,0,53,Made Shot,Running Layup Shot,2PT Field Goal,Restricted Area,Center(C),Less Than 8 ft.,2.0,-23.0,-3.0,1,1,20121214,WAS,LAL
Shot Chart Detail,0021200326,394,201975,Jodie Meeks,1610612747,Los Angeles Lakers,3,0,15,Made Shot,Jump Shot,3PT Field Goal,Left Corner 3,Left Side(L),24+ ft.,24.0,-232.0,64.0,1,1,20121214,WAS,LAL
Shot Chart Detail,0021200326,402,201975,Jodie Meeks,1610612747,Los Angeles Lakers,4,11,38,Made Shot,Fadeaway Jump Shot,2PT Field Goal,Mid-Range,Left Side(L),16-24 ft.,17.0,-174.0,0.0,1,1,20121214,WAS,LAL
Shot Chart Detail,0021200326,404,201975,Jodie Meeks,1610612747,Los Angeles Lakers,4,11,6,Made Shot,Jump Shot,3PT Field Goal,Right Corner 3,Right Side(R),24+ ft.,23.0,231.0,-25.0,1,1,20121214,WAS,LAL
Shot Chart Detail,0021200326,449,201975,Jodie Meeks,1610612747,Los Angeles Lakers,4,6,31,Missed Shot,Jump Shot,3PT Field Goal,Above the Break 3,Left Side Center(LC),24+ ft.,24.0,-228.0,96.0,1,0,20121214,WAS,LAL
Shot Chart Detail,0021200347,103,201975,Jodie Meeks,1610612747,Los Angeles Lakers,1,0,52,Missed Shot,Jump Shot,3PT Field Goal,Above the Break 3,Left Side Center(LC),24+ ft.,26.0,-179.0,189.0,1,0,20121216,PHI,LAL
Shot Chart Detail,0021200347,157,201975,Jodie Meeks,1610612747,Los Angeles Lakers,2,6,39,Made Shot,Driving Jump shot,2PT Field Goal,Restricted Area,Center(C),Less Than 8 ft.,3.0,-27.0,-19.0,1,1,20121216,PHI,LAL
Shot Chart Detail,0021200347,159,201975,Jodie Meeks,1610612747,Los Angeles Lakers,2,6,1,Made Shot,Jump Shot,3PT Field Goal,Above the Break 3,Left Side Center(LC),24+ ft.,25.0,-193.0,160.0,1,1,20121216,PHI,LAL
Shot Chart Detail,0021200347,176,201975,Jodie Meeks,1610612747,Los Angeles Lakers,2,3,2,Made Shot,Jump Shot,3PT Field Goal,Above the Break 3,Left Side Center(LC),24+ ft.,25.0,-119.0,227.0,1,1,20121216,PHI,LAL
Shot Chart Detail,0021200347,281,201975,Jodie Meeks,1610612747,Los Angeles Lakers,3,3,7,Missed Shot,Jump Shot,3PT Field Goal,Left Corner 3,Left Side(L),24+ ft.,23.0,-234.0,-3.0,1,0,20121216,PHI,LAL
Shot Chart Detail,0021200347,293,201975,Jodie Meeks,1610612747,Los Angeles Lakers,3,2,27,Made Shot,Jump Shot,2PT Field Goal,Mid-Range,Left Side(L),16-24 ft.,20.0,-198.0,66.0,1,1,20121216,PHI,LAL
Shot Chart Detail,0021200347,307,201975,Jodie Meeks,1610612747,Los Angeles Lakers,3,1,2,Missed Shot,Jump Shot,3PT Field Goal,Left Corner 3,Left Side(L),24+ ft.,23.0,-231.0,-6.0,1,0,20121216,PHI,LAL
Shot Chart Detail,0021200347,362,201975,Jodie Meeks,1610612747,Los Angeles Lakers,4,8,46,Missed Shot,Jump Shot,3PT Field Goal,Above the Break 3,Right Side Center(RC),24+ ft.,25.0,151.0,206.0,1,0,20121216,PHI,LAL
Shot Chart Detail,0021200347,393,201975,Jodie Meeks,1610612747,Los Angeles Lakers,4,5,47,Missed Shot,Jump Shot,3PT Field Goal,Above the Break 3,Left Side Center(LC),24+ ft.,25.0,-188.0,170.0,1,0,20121216,PHI,LAL
Shot Chart Detail,0021200347,399,201975,Jodie Meeks,1610612747,Los Angeles Lakers,4,5,17,Missed Shot,Jump Shot,3PT Field Goal,Left Corner 3,Left Side(L),24+ ft.,23.0,-232.0,-22.0,1,0,20121216,PHI,LAL
Shot Chart Detail,0021200364,96,201975,Jodie Meeks,1610612747,Los Angeles Lakers,1,3,51,Missed Shot,Jump Shot,3PT Field Goal,Left Corner 3,Left Side(L),24+ ft.,23.0,-234.0,14.0,1,0,20121218,LAL,CHA
Shot Chart Detail,0021200364,146,201975,Jodie Meeks,1610612747,Los Angeles Lakers,2,11,24,Made Shot,Jump Shot,3PT Field Goal,Above the Break 3,Left Side Center(LC),24+ ft.,24.0,-86.0,227.0,1,1,20121218,LAL,CHA
Shot Chart Detail,0021200364,155,201975,Jodie Meeks,1610612747,Los Angeles Lakers,2,10,18,Missed Shot,Jump Shot,3PT Field Goal,Above the Break 3,Right Side Center(RC),24+ ft.,24.0,143.0,201.0,1,0,20121218,LAL,CHA
Shot Chart Detail,0021200364,182,201975,Jodie Meeks,1610612747,Los Angeles Lakers,2,8,13,Missed Shot,Layup Shot,2PT Field Goal,Restricted Area,Center(C),Less Than 8 ft.,2.0,2.0,25.0,1,0,20121218,LAL,CHA
Shot Chart Detail,0021200364,240,201975,Jodie Meeks,1610612747,Los Angeles Lakers,2,2,58,Made Shot,Jump Shot,3PT Field Goal,Above the Break 3,Right Side Center(RC),24+ ft.,25.0,113.0,224.0,1,1,20121218,LAL,CHA
Shot Chart Detail,0021200364,247,201975,Jodie Meeks,1610612747,Los Angeles Lakers,2,2,38,Missed Shot,Jump Shot,3PT Field Goal,Above the Break 3,Right Side Center(RC),24+ ft.,24.0,190.0,156.0,1,0,20121218,LAL,CHA
Shot Chart Detail,0021200364,294,201975,Jodie Meeks,1610612747,Los Angeles Lakers,3,10,31,Made Shot,Jump Shot,3PT Field Goal,Right Corner 3,Right Side(R),24+ ft.,22.0,228.0,-2.0,1,1,20121218,LAL,CHA
Shot Chart Detail,0021200364,308,201975,Jodie Meeks,1610612747,Los Angeles Lakers,3,8,37,Missed Shot,Jump Shot,3PT Field Goal,Above the Break 3,Center(C),24+ ft.,24.0,65.0,241.0,1,0,20121218,LAL,CHA
Shot Chart Detail,0021200364,328,201975,Jodie Meeks,1610612747,Los Angeles Lakers,3,7,19,Made Shot,Jump Shot,3PT Field Goal,Above the Break 3,Left Side Center(LC),24+ ft.,26.0,-130.0,228.0,1,1,20121218,LAL,CHA
Shot Chart Detail,0021200364,414,201975,Jodie Meeks,1610612747,Los Angeles Lakers,3,0,31,Missed Shot,Jump Shot,3PT Field Goal,Left Corner 3,Left Side(L),24+ ft.,22.0,-229.0,19.0,1,0,20121218,LAL,CHA
Shot Chart Detail,0021200364,449,201975,Jodie Meeks,1610612747,Los Angeles Lakers,4,10,17,Made Shot,Jump Shot,3PT Field Goal,Left Corner 3,Left Side(L),24+ ft.,23.0,-235.0,6.0,1,1,20121218,LAL,CHA
Shot Chart Detail,0021200364,486,201975,Jodie Meeks,1610612747,Los Angeles Lakers,4,7,10,Missed Shot,Jump Shot,3PT Field Goal,Above the Break 3,Center(C),24+ ft.,26.0,39.0,265.0,1,0,20121218,LAL,CHA
Shot Chart Detail,0021200364,533,201975,Jodie Meeks,1610612747,Los Angeles Lakers,4,3,5,Missed Shot,Jump Shot,3PT Field Goal,Above the Break 3,Center(C),24+ ft.,25.0,26.0,257.0,1,0,20121218,LAL,CHA
Shot Chart Detail,0021200398,104,201975,Jodie Meeks,1610612747,Los Angeles Lakers,1,2,51,Made Shot,Pullup Jump shot,3PT Field Goal,Right Corner 3,Right Side(R),24+ ft.,24.0,241.0,3.0,1,1,20121222,GSW,LAL
Shot Chart Detail,0021200398,139,201975,Jodie Meeks,1610612747,Los Angeles Lakers,1,0,35,Missed Shot,Pullup Jump shot,3PT Field Goal,Above the Break 3,Left Side Center(LC),24+ ft.,26.0,-128.0,230.0,1,0,20121222,GSW,LAL
Shot Chart Detail,0021200398,348,201975,Jodie Meeks,1610612747,Los Angeles Lakers,3,5,6,Missed Shot,Jump Shot,3PT Field Goal,Left Corner 3,Left Side(L),24+ ft.,23.0,-237.0,0.0,1,0,20121222,GSW,LAL
Shot Chart Detail,0021200398,405,201975,Jodie Meeks,1610612747,Los Angeles Lakers,3,0,37,Missed Shot,Jump Shot,3PT Field Goal,Above the Break 3,Right Side Center(RC),24+ ft.,25.0,200.0,165.0,1,0,20121222,GSW,LAL
Shot Chart Detail,0021200398,432,201975,Jodie Meeks,1610612747,Los Angeles Lakers,4,10,20,Made Shot,Layup Shot,2PT Field Goal,Restricted Area,Center(C),Less Than 8 ft.,2.0,10.0,23.0,1,1,20121222,GSW,LAL
Shot Chart Detail,0021200398,454,201975,Jodie Meeks,1610612747,Los Angeles Lakers,4,8,7,Missed Shot,Jump Shot,3PT Field Goal,Above the Break 3,Center(C),24+ ft.,25.0,62.0,249.0,1,0,20121222,GSW,LAL
Shot Chart Detail,0021200398,471,201975,Jodie Meeks,1610612747,Los Angeles Lakers,4,6,10,Missed Shot,Pullup Jump shot,3PT Field Goal,Above the Break 3,Left Side Center(LC),24+ ft.,25.0,-163.0,197.0,1,0,20121222,GSW,LAL
Shot Chart Detail,0021200398,478,201975,Jodie Meeks,1610612747,Los Angeles Lakers,4,5,41,Made Shot,Reverse Layup Shot,2PT Field Goal,Restricted Area,Center(C),Less Than 8 ft.,1.0,13.0,7.0,1,1,20121222,GSW,LAL
Shot Chart Detail,0021200398,486,201975,Jodie Meeks,1610612747,Los Angeles Lakers,4,3,50,Made Shot,Pullup Jump shot,3PT Field Goal,Above the Break 3,Right Side Center(RC),24+ ft.,27.0,176.0,209.0,1,1,20121222,GSW,LAL
Shot Chart Detail,0021200406,146,201975,Jodie Meeks,1610612747,Los Angeles Lakers,2,9,41,Missed Shot,Jump Shot,3PT Field Goal,Above the Break 3,Left Side Center(LC),24+ ft.,27.0,-146.0,231.0,1,0,20121225,LAL,NYK
Shot Chart Detail,0021200406,151,201975,Jodie Meeks,1610612747,Los Angeles Lakers,2,9,15,Missed Shot,Jump Shot,3PT Field Goal,Above the Break 3,Center(C),24+ ft.,25.0,-13.0,257.0,1,0,20121225,LAL,NYK
Shot Chart Detail,0021200406,155,201975,Jodie Meeks,1610612747,Los Angeles Lakers,2,8,49,Missed Shot,Jump Shot,3PT Field Goal,Above the Break 3,Left Side Center(LC),24+ ft.,26.0,-161.0,211.0,1,0,20121225,LAL,NYK
Shot Chart Detail,0021200406,225,201975,Jodie Meeks,1610612747,Los Angeles Lakers,2,4,25,Made Shot,Driving Layup Shot,2PT Field Goal,Restricted Area,Center(C),Less Than 8 ft.,1.0,-10.0,0.0,1,1,20121225,LAL,NYK
Shot Chart Detail,0021200406,379,201975,Jodie Meeks,1610612747,Los Angeles Lakers,3,2,54,Missed Shot,Jump Shot,3PT Field Goal,Above the Break 3,Right Side Center(RC),24+ ft.,26.0,114.0,241.0,1,0,20121225,LAL,NYK
Shot Chart Detail,0021200406,553,201975,Jodie Meeks,1610612747,Los Angeles Lakers,4,0,14,Missed Shot,Driving Reverse Layup Shot,2PT Field Goal,Restricted Area,Center(C),Less Than 8 ft.,2.0,24.0,6.0,1,0,20121225,LAL,NYK
Shot Chart Detail,0021200419,69,201975,Jodie Meeks,1610612747,Los Angeles Lakers,1,5,48,Made Shot,Jump Shot,3PT Field Goal,Above the Break 3,Left Side Center(LC),24+ ft.,24.0,-204.0,134.0,1,1,20121226,DEN,LAL
Shot Chart Detail,0021200419,72,201975,Jodie Meeks,1610612747,Los Angeles Lakers,1,5,18,Missed Shot,Jump Shot,3PT Field Goal,Right Corner 3,Right Side(R),24+ ft.,23.0,236.0,36.0,1,0,20121226,DEN,LAL
Shot Chart Detail,0021200419,121,201975,Jodie Meeks,1610612747,Los Angeles Lakers,1,1,8,Missed Shot,Jump Shot,3PT Field Goal,Above the Break 3,Left Side Center(LC),24+ ft.,25.0,-205.0,151.0,1,0,20121226,DEN,LAL
Shot Chart Detail,0021200419,182,201975,Jodie Meeks,1610612747,Los Angeles Lakers,2,8,40,Missed Shot,Layup Shot,2PT Field Goal,Restricted Area,Center(C),Less Than 8 ft.,1.0,-5.0,12.0,1,0,20121226,DEN,LAL
Shot Chart Detail,0021200419,255,201975,Jodie Meeks,1610612747,Los Angeles Lakers,2,3,23,Missed Shot,Layup Shot,2PT Field Goal,Restricted Area,Center(C),Less Than 8 ft.,0.0,-4.0,-3.0,1,0,20121226,DEN,LAL
Shot Chart Detail,0021200419,261,201975,Jodie Meeks,1610612747,Los Angeles Lakers,2,3,7,Missed Shot,Layup Shot,2PT Field Goal,Restricted Area,Center(C),Less Than 8 ft.,0.0,6.0,3.0,1,0,20121226,DEN,LAL
Shot Chart Detail,0021200419,265,201975,Jodie Meeks,1610612747,Los Angeles Lakers,2,2,24,Missed Shot,Jump Shot,3PT Field Goal,Left Corner 3,Left Side(L),24+ ft.,23.0,-237.0,-19.0,1,0,20121226,DEN,LAL
Shot Chart Detail,0021200419,448,201975,Jodie Meeks,1610612747,Los Angeles Lakers,4,11,17,Missed Shot,Jump Shot,3PT Field Goal,Left Corner 3,Left Side(L),24+ ft.,23.0,-234.0,25.0,1,0,20121226,DEN,LAL
Shot Chart Detail,0021200419,458,201975,Jodie Meeks,1610612747,Los Angeles Lakers,4,10,17,Missed Shot,Driving Layup Shot,2PT Field Goal,Restricted Area,Center(C),Less Than 8 ft.,1.0,-10.0,14.0,1,0,20121226,DEN,LAL
Shot Chart Detail,0021200419,535,201975,Jodie Meeks,1610612747,Los Angeles Lakers,4,4,38,Made Shot,Layup Shot,2PT Field Goal,Restricted Area,Center(C),Less Than 8 ft.,2.0,-24.0,-5.0,1,1,20121226,DEN,LAL
Shot Chart Detail,0021200419,568,201975,Jodie Meeks,1610612747,Los Angeles Lakers,4,1,37,Missed Shot,Driving Layup Shot,2PT Field Goal,Restricted Area,Center(C),Less Than 8 ft.,1.0,10.0,1.0,1,0,20121226,DEN,LAL
Shot Chart Detail,0021200435,141,201975,Jodie Meeks,1610612747,Los Angeles Lakers,2,8,56,Made Shot,Jump Shot,3PT Field Goal,Above the Break 3,Right Side Center(RC),24+ ft.,24.0,113.0,222.0,1,1,20121228,LAL,POR
Shot Chart Detail,0021200435,161,201975,Jodie Meeks,1610612747,Los Angeles Lakers,2,6,41,Made Shot,Jump Shot,3PT Field Goal,Right Corner 3,Right Side(R),24+ ft.,22.0,228.0,1.0,1,1,20121228,LAL,POR
Shot Chart Detail,0021200435,418,201975,Jodie Meeks,1610612747,Los Angeles Lakers,4,9,58,Missed Shot,Jump Shot,3PT Field Goal,Above the Break 3,Right Side Center(RC),24+ ft.,26.0,143.0,220.0,1,0,20121228,LAL,POR
Shot Chart Detail,0021200435,444,201975,Jodie Meeks,1610612747,Los Angeles Lakers,4,6,14,Missed Shot,Driving Layup Shot,2PT Field Goal,Restricted Area,Center(C),Less Than 8 ft.,1.0,2.0,12.0,1,0,20121228,LAL,POR
Shot Chart Detail,0021200435,446,201975,Jodie Meeks,1610612747,Los Angeles Lakers,4,6,10,Missed Shot,Layup Shot,2PT Field Goal,Restricted Area,Center(C),Less Than 8 ft.,1.0,-2.0,11.0,1,0,20121228,LAL,POR
Shot Chart Detail,0021200435,448,201975,Jodie Meeks,1610612747,Los Angeles Lakers,4,6,2,Made Shot,Jump Shot,3PT Field Goal,Right Corner 3,Right Side(R),24+ ft.,23.0,234.0,3.0,1,1,20121228,LAL,POR
Shot Chart Detail,0021200435,494,201975,Jodie Meeks,1610612747,Los Angeles Lakers,4,2,26,Missed Shot,Driving Layup Shot,2PT Field Goal,Restricted Area,Center(C),Less Than 8 ft.,2.0,0.0,26.0,1,0,20121228,LAL,POR
Shot Chart Detail,0021200435,502,201975,Jodie Meeks,1610612747,Los Angeles Lakers,4,1,42,Missed Shot,Jump Shot,3PT Field Goal,Above the Break 3,Left Side Center(LC),24+ ft.,25.0,-97.0,238.0,1,0,20121228,LAL,POR
Shot Chart Detail,0021200435,520,201975,Jodie Meeks,1610612747,Los Angeles Lakers,4,0,29,Missed Shot,Jump Shot,3PT Field Goal,Above the Break 3,Right Side Center(RC),24+ ft.,24.0,185.0,153.0,1,0,20121228,LAL,POR
Shot Chart Detail,0021200463,167,201975,Jodie Meeks,1610612747,Los Angeles Lakers,2,8,53,Made Shot,Jump Shot,3PT Field Goal,Above the Break 3,Left Side Center(LC),24+ ft.,24.0,-120.0,217.0,1,1,20130101,LAL,PHI
Shot Chart Detail,0021200463,210,201975,Jodie Meeks,1610612747,Los Angeles Lakers,2,4,45,Made Shot,Running Slam Dunk Shot,2PT Field Goal,Restricted Area,Center(C),Less Than 8 ft.,1.0,-16.0,4.0,1,1,20130101,LAL,PHI
Shot Chart Detail,0021200463,221,201975,Jodie Meeks,1610612747,Los Angeles Lakers,2,3,56,Missed Shot,Jump Shot,3PT Field Goal,Above the Break 3,Left Side Center(LC),24+ ft.,24.0,-164.0,186.0,1,0,20130101,LAL,PHI
Shot Chart Detail,0021200463,243,201975,Jodie Meeks,1610612747,Los Angeles Lakers,2,2,35,Made Shot,Driving Layup Shot,2PT Field Goal,Restricted Area,Center(C),Less Than 8 ft.,1.0,-2.0,19.0,1,1,20130101,LAL,PHI
Shot Chart Detail,0021200463,260,201975,Jodie Meeks,1610612747,Los Angeles Lakers,2,0,48,Missed Shot,Jump Shot,3PT Field Goal,Right Corner 3,Right Side(R),24+ ft.,22.0,225.0,25.0,1,0,20130101,LAL,PHI
Shot Chart Detail,0021200463,438,201975,Jodie Meeks,1610612747,Los Angeles Lakers,4,10,3,Missed Shot,Jump Shot,3PT Field Goal,Left Corner 3,Left Side(L),24+ ft.,23.0,-239.0,-11.0,1,0,20130101,LAL,PHI
Shot Chart Detail,0021200488,86,201975,Jodie Meeks,1610612747,Los Angeles Lakers,1,4,32,Missed Shot,Jump Shot,3PT Field Goal,Left Corner 3,Left Side(L),24+ ft.,22.0,-229.0,-10.0,1,0,20130104,LAC,LAL
Shot Chart Detail,0021200488,90,201975,Jodie Meeks,1610612747,Los Angeles Lakers,1,4,6,Missed Shot,Jump Shot,3PT Field Goal,Right Corner 3,Right Side(R),24+ ft.,23.0,233.0,0.0,1,0,20130104,LAC,LAL
Shot Chart Detail,0021200488,106,201975,Jodie Meeks,1610612747,Los Angeles Lakers,1,3,28,Missed Shot,Jump Shot,3PT Field Goal,Above the Break 3,Center(C),24+ ft.,26.0,-76.0,252.0,1,0,20130104,LAC,LAL
Shot Chart Detail,0021200488,115,201975,Jodie Meeks,1610612747,Los Angeles Lakers,1,2,24,Missed Shot,Jump Shot,2PT Field Goal,Restricted Area,Center(C),Less Than 8 ft.,3.0,29.0,17.0,1,0,20130104,LAC,LAL
Shot Chart Detail,0021200488,116,201975,Jodie Meeks,1610612747,Los Angeles Lakers,1,2,22,Missed Shot,Tip Shot,2PT Field Goal,Restricted Area,Center(C),Less Than 8 ft.,2.0,18.0,20.0,1,0,20130104,LAC,LAL
Shot Chart Detail,0021200488,168,201975,Jodie Meeks,1610612747,Los Angeles Lakers,2,9,22,Missed Shot,Jump Shot,3PT Field Goal,Left Corner 3,Left Side(L),24+ ft.,23.0,-235.0,20.0,1,0,20130104,LAC,LAL
Shot Chart Detail,0021200488,181,201975,Jodie Meeks,1610612747,Los Angeles Lakers,2,7,56,Made Shot,Jump Shot,3PT Field Goal,Above the Break 3,Center(C),24+ ft.,26.0,1.0,265.0,1,1,20130104,LAC,LAL
Shot Chart Detail,0021200488,214,201975,Jodie Meeks,1610612747,Los Angeles Lakers,2,5,49,Missed Shot,Jump Shot,3PT Field Goal,Above the Break 3,Left Side Center(LC),24+ ft.,25.0,-174.0,183.0,1,0,20130104,LAC,LAL
Shot Chart Detail,0021200488,227,201975,Jodie Meeks,1610612747,Los Angeles Lakers,2,4,27,Made Shot,Fadeaway Jump Shot,2PT Field Goal,Mid-Range,Left Side(L),8-16 ft.,8.0,-86.0,0.0,1,1,20130104,LAC,LAL
Shot Chart Detail,0021200488,397,201975,Jodie Meeks,1610612747,Los Angeles Lakers,3,2,37,Missed Shot,Layup Shot,2PT Field Goal,Restricted Area,Center(C),Less Than 8 ft.,2.0,6.0,26.0,1,0,20130104,LAC,LAL
Shot Chart Detail,0021200488,453,201975,Jodie Meeks,1610612747,Los Angeles Lakers,4,9,32,Missed Shot,Jump Shot,3PT Field Goal,Above the Break 3,Left Side Center(LC),24+ ft.,25.0,-146.0,213.0,1,0,20130104,LAC,LAL
Shot Chart Detail,0021200488,532,201975,Jodie Meeks,1610612747,Los Angeles Lakers,4,3,0,Missed Shot,Jump Shot,2PT Field Goal,In The Paint (Non-RA),Center(C),Less Than 8 ft.,7.0,65.0,31.0,1,0,20130104,LAC,LAL
Shot Chart Detail,0021200488,584,201975,Jodie Meeks,1610612747,Los Angeles Lakers,4,0,7,Made Shot,Jump Shot,3PT Field Goal,Above the Break 3,Left Side Center(LC),24+ ft.,25.0,-168.0,192.0,1,1,20130104,LAC,LAL
Shot Chart Detail,0021200503,75,201975,Jodie Meeks,1610612747,Los Angeles Lakers,1,4,4,Made Shot,Jump Shot,3PT Field Goal,Right Corner 3,Right Side(R),24+ ft.,23.0,231.0,3.0,1,1,20130106,LAL,DEN
Shot Chart Detail,0021200503,161,201975,Jodie Meeks,1610612747,Los Angeles Lakers,2,9,27,Made Shot,Jump Shot,3PT Field Goal,Above the Break 3,Right Side Center(RC),24+ ft.,24.0,147.0,197.0,1,1,20130106,LAL,DEN
Shot Chart Detail,0021200503,382,201975,Jodie Meeks,1610612747,Los Angeles Lakers,3,3,50,Made Shot,Pullup Jump shot,2PT Field Goal,Mid-Range,Right Side Center(RC),16-24 ft.,18.0,75.0,167.0,1,1,20130106,LAL,DEN
Shot Chart Detail,0021200503,397,201975,Jodie Meeks,1610612747,Los Angeles Lakers,3,2,46,Missed Shot,Jump Shot,3PT Field Goal,Above the Break 3,Right Side Center(RC),24+ ft.,26.0,154.0,211.0,1,0,20130106,LAL,DEN
Shot Chart Detail,0021200503,410,201975,Jodie Meeks,1610612747,Los Angeles Lakers,3,1,42,Missed Shot,Jump Shot,3PT Field Goal,Above the Break 3,Left Side Center(LC),24+ ft.,26.0,-134.0,227.0,1,0,20130106,LAL,DEN
Shot Chart Detail,0021200503,412,201975,Jodie Meeks,1610612747,Los Angeles Lakers,3,1,35,Missed Shot,Jump Shot,2PT Field Goal,In The Paint (Non-RA),Center(C),8-16 ft.,11.0,34.0,107.0,1,0,20130106,LAL,DEN
Shot Chart Detail,0021200503,434,201975,Jodie Meeks,1610612747,Los Angeles Lakers,3,0,2,Missed Shot,Jump Shot,3PT Field Goal,Right Corner 3,Right Side(R),24+ ft.,22.0,225.0,-30.0,1,0,20130106,LAL,DEN
Shot Chart Detail,0021200514,92,201975,Jodie Meeks,1610612747,Los Angeles Lakers,1,3,42,Missed Shot,Jump Shot,3PT Field Goal,Above the Break 3,Left Side Center(LC),24+ ft.,25.0,-234.0,105.0,1,0,20130108,HOU,LAL
Shot Chart Detail,0021200514,103,201975,Jodie Meeks,1610612747,Los Angeles Lakers,1,3,8,Made Shot,Jump Shot,3PT Field Goal,Above the Break 3,Center(C),24+ ft.,24.0,-9.0,244.0,1,1,20130108,HOU,LAL
Shot Chart Detail,0021200514,106,201975,Jodie Meeks,1610612747,Los Angeles Lakers,1,2,36,Made Shot,Layup Shot,2PT Field Goal,Restricted Area,Center(C),Less Than 8 ft.,0.0,-1.0,1.0,1,1,20130108,HOU,LAL
Shot Chart Detail,0021200514,128,201975,Jodie Meeks,1610612747,Los Angeles Lakers,1,0,49,Missed Shot,Jump Shot,2PT Field Goal,Mid-Range,Left Side(L),16-24 ft.,18.0,-182.0,12.0,1,0,20130108,HOU,LAL
Shot Chart Detail,0021200514,151,201975,Jodie Meeks,1610612747,Los Angeles Lakers,2,9,39,Missed Shot,Jump Shot,3PT Field Goal,Above the Break 3,Left Side Center(LC),24+ ft.,27.0,-196.0,187.0,1,0,20130108,HOU,LAL
Shot Chart Detail,0021200514,352,201975,Jodie Meeks,1610612747,Los Angeles Lakers,3,3,14,Missed Shot,Jump Shot,3PT Field Goal,Above the Break 3,Left Side Center(LC),24+ ft.,24.0,-187.0,164.0,1,0,20130108,HOU,LAL
Shot Chart Detail,0021200514,369,201975,Jodie Meeks,1610612747,Los Angeles Lakers,3,1,38,Missed Shot,Jump Shot,3PT Field Goal,Right Corner 3,Right Side(R),24+ ft.,23.0,233.0,6.0,1,0,20130108,HOU,LAL
Shot Chart Detail,0021200514,419,201975,Jodie Meeks,1610612747,Los Angeles Lakers,4,10,22,Made Shot,Jump Shot,3PT Field Goal,Left Corner 3,Left Side(L),24+ ft.,23.0,-235.0,14.0,1,1,20130108,HOU,LAL
Shot Chart Detail,0021200514,482,201975,Jodie Meeks,1610612747,Los Angeles Lakers,4,4,36,Missed Shot,Jump Shot,2PT Field Goal,In The Paint (Non-RA),Center(C),8-16 ft.,13.0,40.0,126.0,1,0,20130108,HOU,LAL
Shot Chart Detail,0021200514,495,201975,Jodie Meeks,1610612747,Los Angeles Lakers,4,3,28,Made Shot,Jump Shot,3PT Field Goal,Left Corner 3,Left Side(L),24+ ft.,23.0,-231.0,-6.0,1,1,20130108,HOU,LAL
Shot Chart Detail,0021200522,87,201975,Jodie Meeks,1610612747,Los Angeles Lakers,1,3,5,Made Shot,Dunk Shot,2PT Field Goal,Restricted Area,Center(C),Less Than 8 ft.,0.0,9.0,1.0,1,1,20130109,SAS,LAL
Shot Chart Detail,0021200522,102,201975,Jodie Meeks,1610612747,Los Angeles Lakers,1,0,35,Missed Shot,Driving Layup Shot,2PT Field Goal,Restricted Area,Center(C),Less Than 8 ft.,2.0,10.0,20.0,1,0,20130109,SAS,LAL
Shot Chart Detail,0021200522,117,201975,Jodie Meeks,1610612747,Los Angeles Lakers,2,11,19,Missed Shot,Jump Shot,3PT Field Goal,Above the Break 3,Center(C),24+ ft.,24.0,-11.0,246.0,1,0,20130109,SAS,LAL
Shot Chart Detail,0021200539,121,201975,Jodie Meeks,1610612747,Los Angeles Lakers,1,0,41,Made Shot,Jump Shot,2PT Field Goal,In The Paint (Non-RA),Center(C),8-16 ft.,11.0,4.0,115.0,1,1,20130111,LAL,OKC
Shot Chart Detail,0021200539,143,201975,Jodie Meeks,1610612747,Los Angeles Lakers,2,10,46,Missed Shot,Pullup Jump shot,2PT Field Goal,Mid-Range,Right Side(R),16-24 ft.,19.0,176.0,93.0,1,0,20130111,LAL,OKC
Shot Chart Detail,0021200539,467,201975,Jodie Meeks,1610612747,Los Angeles Lakers,4,9,42,Made Shot,Driving Layup Shot,2PT Field Goal,Restricted Area,Center(C),Less Than 8 ft.,0.0,-8.0,0.0,1,1,20130111,LAL,OKC
Shot Chart Detail,0021200539,527,201975,Jodie Meeks,1610612747,Los Angeles Lakers,4,4,21,Missed Shot,Jump Shot,2PT Field Goal,Mid-Range,Right Side Center(RC),16-24 ft.,21.0,173.0,126.0,1,0,20130111,LAL,OKC
Shot Chart Detail,0021200539,533,201975,Jodie Meeks,1610612747,Los Angeles Lakers,4,3,40,Missed Shot,Jump Shot,3PT Field Goal,Above the Break 3,Right Side Center(RC),24+ ft.,25.0,125.0,227.0,1,0,20130111,LAL,OKC
Shot Chart Detail,0021200539,557,201975,Jodie Meeks,1610612747,Los Angeles Lakers,4,1,33,Missed Shot,Jump Shot,3PT Field Goal,Above the Break 3,Left Side Center(LC),24+ ft.,27.0,-188.0,194.0,1,0,20130111,LAL,OKC
Shot Chart Detail,0021200555,483,201975,Jodie Meeks,1610612747,Los Angeles Lakers,4,3,20,Made Shot,Jump Shot,3PT Field Goal,Above the Break 3,Right Side Center(RC),24+ ft.,26.0,81.0,249.0,1,1,20130113,LAL,CLE
Shot Chart Detail,0021200555,490,201975,Jodie Meeks,1610612747,Los Angeles Lakers,4,2,14,Missed Shot,Jump Shot,3PT Field Goal,Above the Break 3,Right Side Center(RC),24+ ft.,26.0,105.0,244.0,1,0,20130113,LAL,CLE
Shot Chart Detail,0021200621,377,201975,Jodie Meeks,1610612747,Los Angeles Lakers,3,0,32,Made Shot,Jump Shot,3PT Field Goal,Above the Break 3,Left Side Center(LC),24+ ft.,26.0,-133.0,230.0,1,1,20130123,MEM,LAL
Shot Chart Detail,0021200621,499,201975,Jodie Meeks,1610612747,Los Angeles Lakers,4,1,41,Made Shot,Running Layup Shot,2PT Field Goal,Restricted Area,Center(C),Less Than 8 ft.,0.0,9.0,1.0,1,1,20130123,MEM,LAL
Shot Chart Detail,0021200621,516,201975,Jodie Meeks,1610612747,Los Angeles Lakers,4,0,37,Missed Shot,Jump Shot,3PT Field Goal,Above the Break 3,Right Side Center(RC),24+ ft.,26.0,174.0,195.0,1,0,20130123,MEM,LAL
Shot Chart Detail,0021200621,520,201975,Jodie Meeks,1610612747,Los Angeles Lakers,4,0,8,Made Shot,Running Layup Shot,2PT Field Goal,Restricted Area,Center(C),Less Than 8 ft.,0.0,-8.0,3.0,1,1,20130123,MEM,LAL
Shot Chart Detail,0021200641,125,201975,Jodie Meeks,1610612747,Los Angeles Lakers,2,10,29,Missed Shot,Jump Shot,3PT Field Goal,Above the Break 3,Right Side Center(RC),24+ ft.,24.0,102.0,225.0,1,0,20130125,LAL,UTA
Shot Chart Detail,0021200641,131,201975,Jodie Meeks,1610612747,Los Angeles Lakers,2,9,54,Made Shot,Jump Shot,3PT Field Goal,Above the Break 3,Left Side Center(LC),24+ ft.,24.0,-188.0,164.0,1,1,20130125,LAL,UTA
Shot Chart Detail,0021200641,138,201975,Jodie Meeks,1610612747,Los Angeles Lakers,2,8,47,Missed Shot,Driving Jump shot,2PT Field Goal,Restricted Area,Center(C),Less Than 8 ft.,3.0,29.0,11.0,1,0,20130125,LAL,UTA
Shot Chart Detail,0021200641,322,201975,Jodie Meeks,1610612747,Los Angeles Lakers,3,0,39,Made Shot,Reverse Dunk Shot,2PT Field Goal,Restricted Area,Center(C),Less Than 8 ft.,1.0,-11.0,6.0,1,1,20130125,LAL,UTA
Shot Chart Detail,0021200641,374,201975,Jodie Meeks,1610612747,Los Angeles Lakers,4,8,13,Made Shot,Driving Layup Shot,2PT Field Goal,Restricted Area,Center(C),Less Than 8 ft.,0.0,2.0,6.0,1,1,20130125,LAL,UTA
Shot Chart Detail,0021200641,483,201975,Jodie Meeks,1610612747,Los Angeles Lakers,4,0,57,Missed Shot,Jump Shot,2PT Field Goal,Mid-Range,Right Side Center(RC),16-24 ft.,17.0,105.0,137.0,1,0,20130125,LAL,UTA
Shot Chart Detail,0021200653,177,201975,Jodie Meeks,1610612747,Los Angeles Lakers,2,8,23,Missed Shot,Jump Shot,3PT Field Goal,Above the Break 3,Right Side Center(RC),24+ ft.,25.0,175.0,192.0,1,0,20130127,LAL,OKC
Shot Chart Detail,0021200653,417,201975,Jodie Meeks,1610612747,Los Angeles Lakers,4,10,54,Made Shot,Jump Shot,3PT Field Goal,Above the Break 3,Right Side Center(RC),24+ ft.,27.0,92.0,255.0,1,1,20130127,LAL,OKC
Shot Chart Detail,0021200653,420,201975,Jodie Meeks,1610612747,Los Angeles Lakers,4,10,11,Made Shot,Jump Shot,2PT Field Goal,Mid-Range,Right Side(R),8-16 ft.,13.0,88.0,96.0,1,1,20130127,LAL,OKC
Shot Chart Detail,0021200669,111,201975,Jodie Meeks,1610612747,Los Angeles Lakers,2,11,48,Made Shot,Jump Shot,3PT Field Goal,Above the Break 3,Right Side Center(RC),24+ ft.,25.0,141.0,212.0,1,1,20130129,LAL,NOH
Shot Chart Detail,0021200669,123,201975,Jodie Meeks,1610612747,Los Angeles Lakers,2,10,9,Made Shot,Jump Shot,3PT Field Goal,Above the Break 3,Left Side Center(LC),24+ ft.,26.0,-217.0,149.0,1,1,20130129,LAL,NOH
Shot Chart Detail,0021200669,157,201975,Jodie Meeks,1610612747,Los Angeles Lakers,2,7,12,Missed Shot,Jump Shot,3PT Field Goal,Above the Break 3,Right Side Center(RC),24+ ft.,25.0,122.0,227.0,1,0,20130129,LAL,NOH
Shot Chart Detail,0021200669,175,201975,Jodie Meeks,1610612747,Los Angeles Lakers,2,5,57,Missed Shot,Layup Shot,2PT Field Goal,Restricted Area,Center(C),Less Than 8 ft.,1.0,0.0,17.0,1,0,20130129,LAL,NOH
Shot Chart Detail,0021200669,368,201975,Jodie Meeks,1610612747,Los Angeles Lakers,3,3,24,Missed Shot,Jump Shot,3PT Field Goal,Left Corner 3,Left Side(L),24+ ft.,24.0,-243.0,11.0,1,0,20130129,LAL,NOH
Shot Chart Detail,0021200669,387,201975,Jodie Meeks,1610612747,Los Angeles Lakers,3,2,4,Made Shot,Driving Slam Dunk Shot,2PT Field Goal,Restricted Area,Center(C),Less Than 8 ft.,2.0,0.0,23.0,1,1,20130129,LAL,NOH
Shot Chart Detail,0021200669,419,201975,Jodie Meeks,1610612747,Los Angeles Lakers,4,11,30,Made Shot,Jump Shot,3PT Field Goal,Right Corner 3,Right Side(R),24+ ft.,22.0,226.0,15.0,1,1,20130129,LAL,NOH
Shot Chart Detail,0021200669,424,201975,Jodie Meeks,1610612747,Los Angeles Lakers,4,10,41,Missed Shot,Jump Shot,3PT Field Goal,Above the Break 3,Right Side Center(RC),24+ ft.,25.0,92.0,242.0,1,0,20130129,LAL,NOH
Shot Chart Detail,0021200669,457,201975,Jodie Meeks,1610612747,Los Angeles Lakers,4,8,21,Missed Shot,Jump Shot,3PT Field Goal,Above the Break 3,Left Side Center(LC),24+ ft.,26.0,-125.0,228.0,1,0,20130129,LAL,NOH
Shot Chart Detail,0021200669,486,201975,Jodie Meeks,1610612747,Los Angeles Lakers,4,6,17,Missed Shot,Jump Shot,3PT Field Goal,Above the Break 3,Right Side Center(RC),24+ ft.,26.0,154.0,213.0,1,0,20130129,LAL,NOH
Shot Chart Detail,0021200695,107,201975,Jodie Meeks,1610612747,Los Angeles Lakers,2,10,20,Made Shot,Jump Shot,3PT Field Goal,Above the Break 3,Center(C),24+ ft.,24.0,64.0,239.0,1,1,20130201,MIN,LAL
Shot Chart Detail,0021200695,127,201975,Jodie Meeks,1610612747,Los Angeles Lakers,2,8,2,Made Shot,Step Back Jump shot,3PT Field Goal,Above the Break 3,Left Side Center(LC),24+ ft.,24.0,-198.0,151.0,1,1,20130201,MIN,LAL
Shot Chart Detail,0021200695,162,201975,Jodie Meeks,1610612747,Los Angeles Lakers,2,5,11,Missed Shot,Jump Shot,3PT Field Goal,Right Corner 3,Right Side(R),24+ ft.,22.0,222.0,4.0,1,0,20130201,MIN,LAL
Shot Chart Detail,0021200695,175,201975,Jodie Meeks,1610612747,Los Angeles Lakers,2,3,39,Missed Shot,Jump Shot,3PT Field Goal,Above the Break 3,Left Side Center(LC),24+ ft.,25.0,-187.0,170.0,1,0,20130201,MIN,LAL
Shot Chart Detail,0021200695,187,201975,Jodie Meeks,1610612747,Los Angeles Lakers,2,2,54,Missed Shot,Jump Shot,3PT Field Goal,Above the Break 3,Left Side Center(LC),24+ ft.,24.0,-187.0,156.0,1,0,20130201,MIN,LAL
Shot Chart Detail,0021200695,333,201975,Jodie Meeks,1610612747,Los Angeles Lakers,3,2,25,Missed Shot,Jump Shot,3PT Field Goal,Above the Break 3,Left Side Center(LC),24+ ft.,23.0,-122.0,206.0,1,0,20130201,MIN,LAL
Shot Chart Detail,0021200695,461,201975,Jodie Meeks,1610612747,Los Angeles Lakers,4,4,5,Missed Shot,Jump Shot,3PT Field Goal,Above the Break 3,Left Side Center(LC),24+ ft.,25.0,-149.0,201.0,1,0,20130201,MIN,LAL
Shot Chart Detail,0021200706,135,201975,Jodie Meeks,1610612747,Los Angeles Lakers,2,9,26,Made Shot,Jump Shot,3PT Field Goal,Above the Break 3,Center(C),24+ ft.,25.0,59.0,252.0,1,1,20130203,DET,LAL
Shot Chart Detail,0021200706,137,201975,Jodie Meeks,1610612747,Los Angeles Lakers,2,9,2,Made Shot,Layup Shot,2PT Field Goal,Restricted Area,Center(C),Less Than 8 ft.,0.0,4.0,7.0,1,1,20130203,DET,LAL
Shot Chart Detail,0021200706,382,201975,Jodie Meeks,1610612747,Los Angeles Lakers,4,10,40,Missed Shot,Jump Shot,3PT Field Goal,Above the Break 3,Right Side Center(RC),24+ ft.,26.0,233.0,118.0,1,0,20130203,DET,LAL
Shot Chart Detail,0021200716,134,201975,Jodie Meeks,1610612747,Los Angeles Lakers,2,9,14,Missed Shot,Jump Shot,3PT Field Goal,Above the Break 3,Right Side Center(RC),24+ ft.,24.0,195.0,143.0,1,0,20130205,BKN,LAL
Shot Chart Detail,0021200716,166,201975,Jodie Meeks,1610612747,Los Angeles Lakers,2,7,3,Made Shot,Jump Shot,2PT Field Goal,Mid-Range,Left Side Center(LC),16-24 ft.,17.0,-97.0,145.0,1,1,20130205,BKN,LAL
Shot Chart Detail,0021200716,338,201975,Jodie Meeks,1610612747,Los Angeles Lakers,3,2,44,Missed Shot,Driving Layup Shot,2PT Field Goal,Restricted Area,Center(C),Less Than 8 ft.,3.0,-30.0,3.0,1,0,20130205,BKN,LAL
Shot Chart Detail,0021200716,351,201975,Jodie Meeks,1610612747,Los Angeles Lakers,3,1,52,Made Shot,Jump Shot,3PT Field Goal,Left Corner 3,Left Side(L),24+ ft.,22.0,-223.0,-8.0,1,1,20130205,BKN,LAL
Shot Chart Detail,0021200716,392,201975,Jodie Meeks,1610612747,Los Angeles Lakers,4,10,1,Missed Shot,Jump Shot,3PT Field Goal,Above the Break 3,Center(C),24+ ft.,23.0,-4.0,239.0,1,0,20130205,BKN,LAL
Shot Chart Detail,0021200716,399,201975,Jodie Meeks,1610612747,Los Angeles Lakers,4,9,32,Missed Shot,Jump Shot,3PT Field Goal,Above the Break 3,Center(C),24+ ft.,24.0,-5.0,249.0,1,0,20130205,BKN,LAL
Shot Chart Detail,0021200733,176,201975,Jodie Meeks,1610612747,Los Angeles Lakers,2,9,16,Made Shot,Driving Dunk Shot,2PT Field Goal,Restricted Area,Center(C),Less Than 8 ft.,0.0,0.0,-8.0,1,1,20130207,BOS,LAL
Shot Chart Detail,0021200733,191,201975,Jodie Meeks,1610612747,Los Angeles Lakers,2,7,55,Missed Shot,Jump Shot,2PT Field Goal,In The Paint (Non-RA),Center(C),Less Than 8 ft.,5.0,0.0,55.0,1,0,20130207,BOS,LAL
Shot Chart Detail,0021200733,266,201975,Jodie Meeks,1610612747,Los Angeles Lakers,2,1,18,Missed Shot,Jump Shot,3PT Field Goal,Left Corner 3,Left Side(L),24+ ft.,23.0,-235.0,6.0,1,0,20130207,BOS,LAL
Shot Chart Detail,0021200733,268,201975,Jodie Meeks,1610612747,Los Angeles Lakers,2,1,11,Missed Shot,Jump Shot,3PT Field Goal,Left Corner 3,Left Side(L),24+ ft.,23.0,-231.0,15.0,1,0,20130207,BOS,LAL
Shot Chart Detail,0021200733,272,201975,Jodie Meeks,1610612747,Los Angeles Lakers,2,0,48,Missed Shot,Jump Shot,3PT Field Goal,Right Corner 3,Right Side(R),24+ ft.,23.0,234.0,14.0,1,0,20130207,BOS,LAL
Shot Chart Detail,0021200733,289,201975,Jodie Meeks,1610612747,Los Angeles Lakers,2,0,27,Missed Shot,Jump Shot,3PT Field Goal,Left Corner 3,Left Side(L),24+ ft.,23.0,-237.0,3.0,1,0,20130207,BOS,LAL
Shot Chart Detail,0021200733,477,201975,Jodie Meeks,1610612747,Los Angeles Lakers,4,6,7,Made Shot,Running Layup Shot,2PT Field Goal,Restricted Area,Center(C),Less Than 8 ft.,1.0,-13.0,9.0,1,1,20130207,BOS,LAL
Shot Chart Detail,0021200733,483,201975,Jodie Meeks,1610612747,Los Angeles Lakers,4,5,27,Made Shot,Jump Shot,3PT Field Goal,Above the Break 3,Right Side Center(RC),24+ ft.,25.0,119.0,228.0,1,1,20130207,BOS,LAL
Shot Chart Detail,0021200733,513,201975,Jodie Meeks,1610612747,Los Angeles Lakers,4,3,24,Missed Shot,Layup Shot,2PT Field Goal,Restricted Area,Center(C),Less Than 8 ft.,2.0,18.0,14.0,1,0,20130207,BOS,LAL
Shot Chart Detail,0021200733,522,201975,Jodie Meeks,1610612747,Los Angeles Lakers,4,2,48,Made Shot,Layup Shot,2PT Field Goal,Restricted Area,Center(C),Less Than 8 ft.,0.0,0.0,3.0,1,1,20130207,BOS,LAL
Shot Chart Detail,0021200733,528,201975,Jodie Meeks,1610612747,Los Angeles Lakers,4,2,13,Missed Shot,Layup Shot,2PT Field Goal,Restricted Area,Center(C),Less Than 8 ft.,1.0,-5.0,9.0,1,0,20130207,BOS,LAL
Shot Chart Detail,0021200733,539,201975,Jodie Meeks,1610612747,Los Angeles Lakers,4,1,51,Made Shot,Driving Reverse Layup Shot,2PT Field Goal,Restricted Area,Center(C),Less Than 8 ft.,0.0,0.0,3.0,1,1,20130207,BOS,LAL
Shot Chart Detail,0021200736,96,201975,Jodie Meeks,1610612747,Los Angeles Lakers,1,2,47,Made Shot,Jump Shot,3PT Field Goal,Right Corner 3,Right Side(R),24+ ft.,23.0,230.0,17.0,1,1,20130208,CHA,LAL
Shot Chart Detail,0021200736,106,201975,Jodie Meeks,1610612747,Los Angeles Lakers,1,2,7,Made Shot,Jump Shot,3PT Field Goal,Above the Break 3,Center(C),24+ ft.,24.0,-37.0,247.0,1,1,20130208,CHA,LAL
Shot Chart Detail,0021200736,348,201975,Jodie Meeks,1610612747,Los Angeles Lakers,3,4,4,Missed Shot,Layup Shot,2PT Field Goal,Restricted Area,Center(C),Less Than 8 ft.,2.0,-16.0,12.0,1,0,20130208,CHA,LAL
Shot Chart Detail,0021200736,353,201975,Jodie Meeks,1610612747,Los Angeles Lakers,3,3,37,Made Shot,Jump Shot,3PT Field Goal,Above the Break 3,Right Side Center(RC),24+ ft.,25.0,91.0,238.0,1,1,20130208,CHA,LAL
Shot Chart Detail,0021200736,398,201975,Jodie Meeks,1610612747,Los Angeles Lakers,4,11,34,Made Shot,Jump Shot,2PT Field Goal,In The Paint (Non-RA),Center(C),8-16 ft.,11.0,-38.0,105.0,1,1,20130208,CHA,LAL
Shot Chart Detail,0021200736,400,201975,Jodie Meeks,1610612747,Los Angeles Lakers,4,11,6,Missed Shot,Layup Shot,2PT Field Goal,Restricted Area,Center(C),Less Than 8 ft.,1.0,-17.0,8.0,1,0,20130208,CHA,LAL
Shot Chart Detail,0021200736,478,201975,Jodie Meeks,1610612747,Los Angeles Lakers,4,3,2,Made Shot,Jump Shot,3PT Field Goal,Above the Break 3,Left Side Center(LC),24+ ft.,25.0,-158.0,206.0,1,1,20130208,CHA,LAL
Shot Chart Detail,0021200753,109,201975,Jodie Meeks,1610612747,Los Angeles Lakers,2,12,0,Made Shot,Jump Shot,3PT Field Goal,Left Corner 3,Left Side(L),24+ ft.,23.0,-231.0,53.0,1,1,20130210,MIA,LAL
Shot Chart Detail,0021200753,119,201975,Jodie Meeks,1610612747,Los Angeles Lakers,2,10,14,Missed Shot,Jump Shot,3PT Field Goal,Above the Break 3,Left Side Center(LC),24+ ft.,24.0,-201.0,142.0,1,0,20130210,MIA,LAL
Shot Chart Detail,0021200753,376,201975,Jodie Meeks,1610612747,Los Angeles Lakers,4,8,47,Made Shot,Jump Shot,3PT Field Goal,Above the Break 3,Left Side Center(LC),24+ ft.,25.0,-114.0,231.0,1,1,20130210,MIA,LAL
Shot Chart Detail,0021200773,333,201975,Jodie Meeks,1610612747,Los Angeles Lakers,3,4,33,Missed Shot,Jump Shot,3PT Field Goal,Above the Break 3,Left Side Center(LC),24+ ft.,26.0,-160.0,217.0,1,0,20130212,LAL,PHX
Shot Chart Detail,0021200773,337,201975,Jodie Meeks,1610612747,Los Angeles Lakers,3,4,8,Missed Shot,Jump Shot,3PT Field Goal,Above the Break 3,Left Side Center(LC),24+ ft.,27.0,-169.0,217.0,1,0,20130212,LAL,PHX
Shot Chart Detail,0021200773,397,201975,Jodie Meeks,1610612747,Los Angeles Lakers,4,11,37,Made Shot,Jump Shot,3PT Field Goal,Above the Break 3,Right Side Center(RC),24+ ft.,25.0,227.0,108.0,1,1,20130212,LAL,PHX
Shot Chart Detail,0021200773,430,201975,Jodie Meeks,1610612747,Los Angeles Lakers,4,9,13,Missed Shot,Jump Shot,3PT Field Goal,Above the Break 3,Center(C),24+ ft.,24.0,36.0,244.0,1,0,20130212,LAL,PHX
Shot Chart Detail,0021200773,435,201975,Jodie Meeks,1610612747,Los Angeles Lakers,4,8,45,Missed Shot,Layup Shot,2PT Field Goal,Restricted Area,Center(C),Less Than 8 ft.,2.0,-26.0,11.0,1,0,20130212,LAL,PHX
Shot Chart Detail,0021200773,439,201975,Jodie Meeks,1610612747,Los Angeles Lakers,4,8,39,Made Shot,Layup Shot,2PT Field Goal,Restricted Area,Center(C),Less Than 8 ft.,2.0,-7.0,28.0,1,1,20130212,LAL,PHX
Shot Chart Detail,0021200788,81,201975,Jodie Meeks,1610612747,Los Angeles Lakers,1,3,15,Missed Shot,Jump Shot,3PT Field Goal,Left Corner 3,Left Side(L),24+ ft.,24.0,-246.0,-2.0,1,0,20130214,LAL,LAC
Shot Chart Detail,0021200788,380,201975,Jodie Meeks,1610612747,Los Angeles Lakers,3,0,12,Made Shot,Jump Shot,3PT Field Goal,Above the Break 3,Right Side Center(RC),24+ ft.,26.0,189.0,179.0,1,1,20130214,LAL,LAC
Shot Chart Detail,0021200788,436,201975,Jodie Meeks,1610612747,Los Angeles Lakers,4,8,23,Made Shot,Driving Layup Shot,2PT Field Goal,Restricted Area,Center(C),Less Than 8 ft.,0.0,6.0,0.0,1,1,20130214,LAL,LAC
Shot Chart Detail,0021200788,458,201975,Jodie Meeks,1610612747,Los Angeles Lakers,4,7,0,Missed Shot,Jump Shot,3PT Field Goal,Above the Break 3,Right Side Center(RC),24+ ft.,26.0,138.0,222.0,1,0,20130214,LAL,LAC
Shot Chart Detail,0021200788,507,201975,Jodie Meeks,1610612747,Los Angeles Lakers,4,3,6,Made Shot,Jump Shot,3PT Field Goal,Above the Break 3,Left Side Center(LC),24+ ft.,26.0,-188.0,183.0,1,1,20130214,LAL,LAC
Shot Chart Detail,0021200807,160,201975,Jodie Meeks,1610612747,Los Angeles Lakers,2,9,3,Missed Shot,Driving Layup Shot,2PT Field Goal,Restricted Area,Center(C),Less Than 8 ft.,2.0,2.0,22.0,1,0,20130220,LAL,BOS
Shot Chart Detail,0021200807,400,201975,Jodie Meeks,1610612747,Los Angeles Lakers,4,11,0,Missed Shot,Layup Shot,2PT Field Goal,Restricted Area,Center(C),Less Than 8 ft.,1.0,-13.0,7.0,1,0,20130220,LAL,BOS
Shot Chart Detail,0021200807,437,201975,Jodie Meeks,1610612747,Los Angeles Lakers,4,8,24,Made Shot,Layup Shot,2PT Field Goal,Restricted Area,Center(C),Less Than 8 ft.,2.0,1.0,23.0,1,1,20130220,LAL,BOS
Shot Chart Detail,0021200821,100,201975,Jodie Meeks,1610612747,Los Angeles Lakers,1,1,49,Missed Shot,Jump Shot,3PT Field Goal,Left Corner 3,Left Side(L),24+ ft.,23.0,-234.0,-2.0,1,0,20130222,LAL,POR
Shot Chart Detail,0021200821,170,201975,Jodie Meeks,1610612747,Los Angeles Lakers,2,9,11,Made Shot,Driving Layup Shot,2PT Field Goal,Restricted Area,Center(C),Less Than 8 ft.,2.0,24.0,-11.0,1,1,20130222,LAL,POR
Shot Chart Detail,0021200821,434,201975,Jodie Meeks,1610612747,Los Angeles Lakers,4,11,32,Made Shot,Jump Shot,3PT Field Goal,Above the Break 3,Center(C),24+ ft.,24.0,18.0,241.0,1,1,20130222,LAL,POR
Shot Chart Detail,0021200821,459,201975,Jodie Meeks,1610612747,Los Angeles Lakers,4,8,13,Made Shot,Layup Shot,2PT Field Goal,Restricted Area,Center(C),Less Than 8 ft.,2.0,20.0,9.0,1,1,20130222,LAL,POR
Shot Chart Detail,0021200821,518,201975,Jodie Meeks,1610612747,Los Angeles Lakers,4,3,19,Missed Shot,Jump Shot,3PT Field Goal,Left Corner 3,Left Side(L),24+ ft.,22.0,-229.0,-3.0,1,0,20130222,LAL,POR
Shot Chart Detail,0021200830,96,201975,Jodie Meeks,1610612747,Los Angeles Lakers,1,3,45,Missed Shot,Jump Shot,3PT Field Goal,Left Corner 3,Left Side(L),24+ ft.,23.0,-232.0,9.0,1,0,20130224,DAL,LAL
Shot Chart Detail,0021200830,114,201975,Jodie Meeks,1610612747,Los Angeles Lakers,1,2,15,Missed Shot,Jump Shot,3PT Field Goal,Above the Break 3,Left Side Center(LC),24+ ft.,24.0,-106.0,222.0,1,0,20130224,DAL,LAL
Shot Chart Detail,0021200830,158,201975,Jodie Meeks,1610612747,Los Angeles Lakers,2,10,11,Made Shot,Jump Shot,3PT Field Goal,Left Corner 3,Left Side(L),24+ ft.,24.0,-242.0,19.0,1,1,20130224,DAL,LAL
Shot Chart Detail,0021200830,181,201975,Jodie Meeks,1610612747,Los Angeles Lakers,2,7,30,Missed Shot,Jump Shot,3PT Field Goal,Left Corner 3,Left Side(L),24+ ft.,23.0,-234.0,4.0,1,0,20130224,DAL,LAL
Shot Chart Detail,0021200830,379,201975,Jodie Meeks,1610612747,Los Angeles Lakers,3,0,52,Made Shot,Jump Shot,3PT Field Goal,Above the Break 3,Left Side Center(LC),24+ ft.,24.0,-84.0,228.0,1,1,20130224,DAL,LAL
Shot Chart Detail,0021200830,477,201975,Jodie Meeks,1610612747,Los Angeles Lakers,4,3,31,Missed Shot,Jump Shot,3PT Field Goal,Right Corner 3,Right Side(R),24+ ft.,22.0,228.0,0.0,1,0,20130224,DAL,LAL
Shot Chart Detail,0021200841,78,201975,Jodie Meeks,1610612747,Los Angeles Lakers,1,5,10,Made Shot,Jump Shot,3PT Field Goal,Left Corner 3,Left Side(L),24+ ft.,23.0,-234.0,-5.0,1,1,20130225,DEN,LAL
Shot Chart Detail,0021200841,91,201975,Jodie Meeks,1610612747,Los Angeles Lakers,1,3,36,Made Shot,Jump Shot,3PT Field Goal,Above the Break 3,Right Side Center(RC),24+ ft.,25.0,177.0,187.0,1,1,20130225,DEN,LAL
Shot Chart Detail,0021200841,411,201975,Jodie Meeks,1610612747,Los Angeles Lakers,3,1,25,Missed Shot,Jump Shot,3PT Field Goal,Above the Break 3,Right Side Center(RC),24+ ft.,26.0,211.0,154.0,1,0,20130225,DEN,LAL
Shot Chart Detail,0021200841,454,201975,Jodie Meeks,1610612747,Los Angeles Lakers,4,10,1,Made Shot,Floating Jump shot,2PT Field Goal,In The Paint (Non-RA),Center(C),Less Than 8 ft.,4.0,20.0,36.0,1,1,20130225,DEN,LAL
Shot Chart Detail,0021200841,494,201975,Jodie Meeks,1610612747,Los Angeles Lakers,4,6,10,Missed Shot,Jump Shot,3PT Field Goal,Above the Break 3,Left Side Center(LC),24+ ft.,24.0,-205.0,134.0,1,0,20130225,DEN,LAL
Shot Chart Detail,0021200863,73,201975,Jodie Meeks,1610612747,Los Angeles Lakers,1,3,42,Missed Shot,Jump Shot,3PT Field Goal,Right Corner 3,Right Side(R),24+ ft.,22.0,225.0,1.0,1,0,20130228,LAL,MIN
Shot Chart Detail,0021200863,76,201975,Jodie Meeks,1610612747,Los Angeles Lakers,1,3,15,Missed Shot,Jump Shot,3PT Field Goal,Above the Break 3,Left Side Center(LC),24+ ft.,24.0,-155.0,194.0,1,0,20130228,LAL,MIN
Shot Chart Detail,0021200863,144,201975,Jodie Meeks,1610612747,Los Angeles Lakers,2,9,10,Missed Shot,Jump Shot,3PT Field Goal,Right Corner 3,Right Side(R),24+ ft.,22.0,223.0,9.0,1,0,20130228,LAL,MIN
Shot Chart Detail,0021200863,327,201975,Jodie Meeks,1610612747,Los Angeles Lakers,3,4,14,Made Shot,Jump Shot,3PT Field Goal,Above the Break 3,Center(C),24+ ft.,24.0,15.0,247.0,1,1,20130228,LAL,MIN
Shot Chart Detail,0021200863,354,201975,Jodie Meeks,1610612747,Los Angeles Lakers,3,1,51,Made Shot,Jump Shot,3PT Field Goal,Above the Break 3,Right Side Center(RC),24+ ft.,24.0,162.0,187.0,1,1,20130228,LAL,MIN
Shot Chart Detail,0021200863,373,201975,Jodie Meeks,1610612747,Los Angeles Lakers,3,0,46,Made Shot,Jump Shot,3PT Field Goal,Above the Break 3,Right Side Center(RC),24+ ft.,25.0,143.0,206.0,1,1,20130228,LAL,MIN
Shot Chart Detail,0021200863,382,201975,Jodie Meeks,1610612747,Los Angeles Lakers,4,11,48,Missed Shot,Jump Shot,3PT Field Goal,Above the Break 3,Right Side Center(RC),24+ ft.,24.0,152.0,189.0,1,0,20130228,LAL,MIN
Shot Chart Detail,0021200863,386,201975,Jodie Meeks,1610612747,Los Angeles Lakers,4,11,22,Made Shot,Jump Shot,3PT Field Goal,Left Corner 3,Left Side(L),24+ ft.,23.0,-235.0,4.0,1,1,20130228,LAL,MIN
Shot Chart Detail,0021200863,416,201975,Jodie Meeks,1610612747,Los Angeles Lakers,4,9,8,Missed Shot,Jump Shot,3PT Field Goal,Right Corner 3,Right Side(R),24+ ft.,22.0,225.0,1.0,1,0,20130228,LAL,MIN
Shot Chart Detail,0021200863,425,201975,Jodie Meeks,1610612747,Los Angeles Lakers,4,7,50,Made Shot,Putback Layup Shot,2PT Field Goal,Restricted Area,Center(C),Less Than 8 ft.,1.0,2.0,14.0,1,1,20130228,LAL,MIN
Shot Chart Detail,0021200863,441,201975,Jodie Meeks,1610612747,Los Angeles Lakers,4,6,1,Missed Shot,Jump Shot,2PT Field Goal,In The Paint (Non-RA),Center(C),Less Than 8 ft.,7.0,-32.0,67.0,1,0,20130228,LAL,MIN
Shot Chart Detail,0021200888,120,201975,Jodie Meeks,1610612747,Los Angeles Lakers,2,11,11,Missed Shot,Layup Shot,2PT Field Goal,Restricted Area,Center(C),Less Than 8 ft.,2.0,18.0,12.0,1,0,20130303,LAL,ATL
Shot Chart Detail,0021200888,319,201975,Jodie Meeks,1610612747,Los Angeles Lakers,3,4,31,Missed Shot,Jump Shot,3PT Field Goal,Above the Break 3,Left Side Center(LC),24+ ft.,25.0,-193.0,159.0,1,0,20130303,LAL,ATL
Shot Chart Detail,0021200897,75,201975,Jodie Meeks,1610612747,Los Angeles Lakers,1,5,41,Made Shot,Jump Shot,3PT Field Goal,Right Corner 3,Right Side(R),24+ ft.,22.0,226.0,1.0,1,1,20130305,OKC,LAL
Shot Chart Detail,0021200897,83,201975,Jodie Meeks,1610612747,Los Angeles Lakers,1,5,11,Made Shot,Driving Finger Roll Layup Shot,2PT Field Goal,Restricted Area,Center(C),Less Than 8 ft.,1.0,0.0,11.0,1,1,20130305,OKC,LAL
Shot Chart Detail,0021200897,212,201975,Jodie Meeks,1610612747,Los Angeles Lakers,2,8,44,Missed Shot,Jump Shot,2PT Field Goal,Mid-Range,Left Side(L),16-24 ft.,23.0,-217.0,91.0,1,0,20130305,OKC,LAL
Shot Chart Detail,0021200897,456,201975,Jodie Meeks,1610612747,Los Angeles Lakers,4,10,43,Missed Shot,Jump Shot,3PT Field Goal,Right Corner 3,Right Side(R),24+ ft.,22.0,228.0,3.0,1,0,20130305,OKC,LAL
Shot Chart Detail,0021200897,566,201975,Jodie Meeks,1610612747,Los Angeles Lakers,4,1,17,Missed Shot,Jump Shot,3PT Field Goal,Above the Break 3,Center(C),24+ ft.,25.0,69.0,250.0,1,0,20130305,OKC,LAL
Shot Chart Detail,0021200897,578,201975,Jodie Meeks,1610612747,Los Angeles Lakers,4,0,20,Missed Shot,Jump Shot,2PT Field Goal,Mid-Range,Left Side(L),16-24 ft.,22.0,-212.0,80.0,1,0,20130305,OKC,LAL
Shot Chart Detail,0021200906,80,201975,Jodie Meeks,1610612747,Los Angeles Lakers,1,4,38,Missed Shot,Jump Shot,3PT Field Goal,Right Corner 3,Right Side(R),24+ ft.,23.0,234.0,0.0,1,0,20130306,NOH,LAL
Shot Chart Detail,0021200906,83,201975,Jodie Meeks,1610612747,Los Angeles Lakers,1,3,59,Made Shot,Jump Shot,3PT Field Goal,Right Corner 3,Right Side(R),24+ ft.,23.0,230.0,-8.0,1,1,20130306,NOH,LAL
Shot Chart Detail,0021200906,129,201975,Jodie Meeks,1610612747,Los Angeles Lakers,2,11,28,Missed Shot,Jump Shot,3PT Field Goal,Above the Break 3,Center(C),24+ ft.,25.0,53.0,247.0,1,0,20130306,NOH,LAL
Shot Chart Detail,0021200906,369,201975,Jodie Meeks,1610612747,Los Angeles Lakers,3,5,27,Missed Shot,Jump Shot,3PT Field Goal,Above the Break 3,Left Side Center(LC),24+ ft.,25.0,-109.0,233.0,1,0,20130306,NOH,LAL
Shot Chart Detail,0021200906,384,201975,Jodie Meeks,1610612747,Los Angeles Lakers,3,2,45,Missed Shot,Jump Shot,3PT Field Goal,Above the Break 3,Left Side Center(LC),24+ ft.,24.0,-158.0,186.0,1,0,20130306,NOH,LAL
Shot Chart Detail,0021200906,391,201975,Jodie Meeks,1610612747,Los Angeles Lakers,3,1,30,Made Shot,Layup Shot,2PT Field Goal,Restricted Area,Center(C),Less Than 8 ft.,2.0,-19.0,11.0,1,1,20130306,NOH,LAL
Shot Chart Detail,0021200906,433,201975,Jodie Meeks,1610612747,Los Angeles Lakers,4,10,4,Made Shot,Jump Shot,3PT Field Goal,Above the Break 3,Left Side Center(LC),24+ ft.,25.0,-141.0,211.0,1,1,20130306,NOH,LAL
Shot Chart Detail,0021200906,454,201975,Jodie Meeks,1610612747,Los Angeles Lakers,4,7,52,Made Shot,Jump Shot,3PT Field Goal,Above the Break 3,Left Side Center(LC),24+ ft.,25.0,-193.0,164.0,1,1,20130306,NOH,LAL
Shot Chart Detail,0021200906,474,201975,Jodie Meeks,1610612747,Los Angeles Lakers,4,5,17,Made Shot,Jump Shot,3PT Field Goal,Above the Break 3,Left Side Center(LC),24+ ft.,24.0,-210.0,126.0,1,1,20130306,NOH,LAL
Shot Chart Detail,0021200906,480,201975,Jodie Meeks,1610612747,Los Angeles Lakers,4,4,0,Missed Shot,Reverse Layup Shot,2PT Field Goal,Restricted Area,Center(C),Less Than 8 ft.,1.0,15.0,0.0,1,0,20130306,NOH,LAL
Shot Chart Detail,0021200906,492,201975,Jodie Meeks,1610612747,Los Angeles Lakers,4,3,7,Made Shot,Jump Shot,3PT Field Goal,Above the Break 3,Left Side Center(LC),24+ ft.,25.0,-228.0,123.0,1,1,20130306,NOH,LAL
Shot Chart Detail,0021200925,59,201975,Jodie Meeks,1610612747,Los Angeles Lakers,1,4,42,Missed Shot,Jump Shot,2PT Field Goal,Mid-Range,Right Side Center(RC),16-24 ft.,20.0,88.0,184.0,1,0,20130308,LAL,TOR
Shot Chart Detail,0021200925,64,201975,Jodie Meeks,1610612747,Los Angeles Lakers,1,4,16,Made Shot,Jump Shot,3PT Field Goal,Left Corner 3,Left Side(L),24+ ft.,24.0,-248.0,0.0,1,1,20130308,LAL,TOR
Shot Chart Detail,0021200925,72,201975,Jodie Meeks,1610612747,Los Angeles Lakers,1,3,16,Missed Shot,Jump Shot,3PT Field Goal,Left Corner 3,Left Side(L),24+ ft.,24.0,-243.0,7.0,1,0,20130308,LAL,TOR
Shot Chart Detail,0021200925,140,201975,Jodie Meeks,1610612747,Los Angeles Lakers,2,9,44,Missed Shot,Jump Shot,3PT Field Goal,Above the Break 3,Left Side Center(LC),24+ ft.,26.0,-179.0,200.0,1,0,20130308,LAL,TOR
Shot Chart Detail,0021200925,334,201975,Jodie Meeks,1610612747,Los Angeles Lakers,3,2,5,Made Shot,Jump Shot,3PT Field Goal,Above the Break 3,Left Side Center(LC),24+ ft.,26.0,-198.0,173.0,1,1,20130308,LAL,TOR
Shot Chart Detail,0021200925,361,201975,Jodie Meeks,1610612747,Los Angeles Lakers,3,0,1,Missed Shot,Jump Shot,3PT Field Goal,Left Corner 3,Left Side(L),24+ ft.,23.0,-239.0,4.0,1,0,20130308,LAL,TOR
Shot Chart Detail,0021200925,372,201975,Jodie Meeks,1610612747,Los Angeles Lakers,4,11,30,Made Shot,Driving Layup Shot,2PT Field Goal,Restricted Area,Center(C),Less Than 8 ft.,2.0,-7.0,25.0,1,1,20130308,LAL,TOR
Shot Chart Detail,0021200925,381,201975,Jodie Meeks,1610612747,Los Angeles Lakers,4,9,36,Missed Shot,Jump Shot,3PT Field Goal,Above the Break 3,Center(C),24+ ft.,26.0,-23.0,266.0,1,0,20130308,LAL,TOR
Shot Chart Detail,0021200925,456,201975,Jodie Meeks,1610612747,Los Angeles Lakers,4,3,16,Missed Shot,Jump Shot,3PT Field Goal,Above the Break 3,Center(C),24+ ft.,24.0,-2.0,249.0,1,0,20130308,LAL,TOR
Shot Chart Detail,0021200925,529,201975,Jodie Meeks,1610612747,Los Angeles Lakers,5,2,28,Missed Shot,Jump Shot,3PT Field Goal,Above the Break 3,Right Side Center(RC),24+ ft.,25.0,110.0,235.0,1,0,20130308,LAL,TOR
Shot Chart Detail,0021200925,545,201975,Jodie Meeks,1610612747,Los Angeles Lakers,5,1,9,Missed Shot,Jump Shot,3PT Field Goal,Above the Break 3,Center(C),24+ ft.,26.0,4.0,265.0,1,0,20130308,LAL,TOR
Shot Chart Detail,0021200935,87,201975,Jodie Meeks,1610612747,Los Angeles Lakers,1,2,47,Missed Shot,Jump Shot,3PT Field Goal,Left Corner 3,Left Side(L),24+ ft.,23.0,-234.0,28.0,1,0,20130310,LAL,CHI
Shot Chart Detail,0021200935,104,201975,Jodie Meeks,1610612747,Los Angeles Lakers,1,0,50,Made Shot,Jump Shot,2PT Field Goal,Mid-Range,Right Side Center(RC),16-24 ft.,18.0,86.0,162.0,1,1,20130310,LAL,CHI
Shot Chart Detail,0021200935,209,201975,Jodie Meeks,1610612747,Los Angeles Lakers,2,3,13,Made Shot,Jump Shot,3PT Field Goal,Left Corner 3,Left Side(L),24+ ft.,23.0,-232.0,4.0,1,1,20130310,LAL,CHI
Shot Chart Detail,0021200935,220,201975,Jodie Meeks,1610612747,Los Angeles Lakers,2,2,27,Missed Shot,Jump Shot,3PT Field Goal,Left Corner 3,Left Side(L),24+ ft.,23.0,-235.0,20.0,1,0,20130310,LAL,CHI
Shot Chart Detail,0021200935,227,201975,Jodie Meeks,1610612747,Los Angeles Lakers,2,1,35,Made Shot,Driving Layup Shot,2PT Field Goal,Restricted Area,Center(C),Less Than 8 ft.,1.0,10.0,6.0,1,1,20130310,LAL,CHI
Shot Chart Detail,0021200935,230,201975,Jodie Meeks,1610612747,Los Angeles Lakers,2,0,54,Missed Shot,Jump Shot,3PT Field Goal,Above the Break 3,Left Side Center(LC),24+ ft.,25.0,-112.0,227.0,1,0,20130310,LAL,CHI
Shot Chart Detail,0021200935,234,201975,Jodie Meeks,1610612747,Los Angeles Lakers,2,0,26,Missed Shot,Layup Shot,2PT Field Goal,Restricted Area,Center(C),Less Than 8 ft.,1.0,13.0,12.0,1,0,20130310,LAL,CHI
Shot Chart Detail,0021200935,319,201975,Jodie Meeks,1610612747,Los Angeles Lakers,3,4,5,Made Shot,Jump Shot,3PT Field Goal,Above the Break 3,Left Side Center(LC),24+ ft.,25.0,-212.0,140.0,1,1,20130310,LAL,CHI
Shot Chart Detail,0021200935,382,201975,Jodie Meeks,1610612747,Los Angeles Lakers,4,11,28,Missed Shot,Jump Shot,3PT Field Goal,Above the Break 3,Center(C),24+ ft.,24.0,42.0,244.0,1,0,20130310,LAL,CHI
Shot Chart Detail,0021200935,406,201975,Jodie Meeks,1610612747,Los Angeles Lakers,4,8,46,Missed Shot,Jump Shot,3PT Field Goal,Right Corner 3,Right Side(R),24+ ft.,22.0,223.0,6.0,1,0,20130310,LAL,CHI
Shot Chart Detail,0021200949,67,201975,Jodie Meeks,1610612747,Los Angeles Lakers,1,4,19,Missed Shot,Jump Shot,3PT Field Goal,Above the Break 3,Left Side Center(LC),24+ ft.,25.0,-224.0,118.0,1,0,20130312,ORL,LAL
Shot Chart Detail,0021200949,142,201975,Jodie Meeks,1610612747,Los Angeles Lakers,2,11,19,Made Shot,Jump Shot,2PT Field Goal,Mid-Range,Right Side Center(RC),16-24 ft.,18.0,95.0,160.0,1,1,20130312,ORL,LAL
Shot Chart Detail,0021200949,197,201975,Jodie Meeks,1610612747,Los Angeles Lakers,2,7,51,Missed Shot,Jump Shot,2PT Field Goal,Mid-Range,Right Side(R),16-24 ft.,20.0,193.0,61.0,1,0,20130312,ORL,LAL
Shot Chart Detail,0021200949,433,201975,Jodie Meeks,1610612747,Los Angeles Lakers,4,11,47,Made Shot,Jump Shot,3PT Field Goal,Right Corner 3,Right Side(R),24+ ft.,23.0,230.0,33.0,1,1,20130312,ORL,LAL
Shot Chart Detail,0021200949,509,201975,Jodie Meeks,1610612747,Los Angeles Lakers,4,5,20,Made Shot,Dunk Shot,2PT Field Goal,Restricted Area,Center(C),Less Than 8 ft.,1.0,1.0,11.0,1,1,20130312,ORL,LAL
Shot Chart Detail,0021200949,551,201975,Jodie Meeks,1610612747,Los Angeles Lakers,4,2,54,Made Shot,Jump Shot,3PT Field Goal,Left Corner 3,Left Side(L),24+ ft.,22.0,-224.0,44.0,1,1,20130312,ORL,LAL
Shot Chart Detail,0021200949,571,201975,Jodie Meeks,1610612747,Los Angeles Lakers,4,1,28,Missed Shot,Jump Shot,3PT Field Goal,Left Corner 3,Left Side(L),24+ ft.,23.0,-234.0,36.0,1,0,20130312,ORL,LAL
Shot Chart Detail,0021200960,88,201975,Jodie Meeks,1610612747,Los Angeles Lakers,1,4,15,Made Shot,Jump Shot,3PT Field Goal,Above the Break 3,Left Side Center(LC),24+ ft.,24.0,-188.0,159.0,1,1,20130313,ATL,LAL
Shot Chart Detail,0021200960,144,201975,Jodie Meeks,1610612747,Los Angeles Lakers,2,10,13,Missed Shot,Jump Shot,2PT Field Goal,Mid-Range,Left Side Center(LC),16-24 ft.,19.0,-79.0,176.0,1,0,20130313,ATL,LAL
Shot Chart Detail,0021200960,419,201975,Jodie Meeks,1610612747,Los Angeles Lakers,4,9,14,Missed Shot,Jump Shot,3PT Field Goal,Above the Break 3,Left Side Center(LC),24+ ft.,24.0,-220.0,108.0,1,0,20130313,ATL,LAL
Shot Chart Detail,0021200960,430,201975,Jodie Meeks,1610612747,Los Angeles Lakers,4,8,19,Missed Shot,Jump Shot,3PT Field Goal,Above the Break 3,Center(C),24+ ft.,25.0,39.0,252.0,1,0,20130313,ATL,LAL
Shot Chart Detail,0021200971,77,201975,Jodie Meeks,1610612747,Los Angeles Lakers,1,5,13,Missed Shot,Jump Shot,3PT Field Goal,Above the Break 3,Left Side Center(LC),24+ ft.,26.0,-196.0,172.0,1,0,20130315,IND,LAL
Shot Chart Detail,0021200971,86,201975,Jodie Meeks,1610612747,Los Angeles Lakers,1,3,59,Missed Shot,Jump Shot,2PT Field Goal,Mid-Range,Left Side(L),8-16 ft.,14.0,-133.0,53.0,1,0,20130315,IND,LAL
Shot Chart Detail,0021200971,147,201975,Jodie Meeks,1610612747,Los Angeles Lakers,2,10,59,Missed Shot,Dunk Shot,2PT Field Goal,Restricted Area,Center(C),Less Than 8 ft.,1.0,18.0,-2.0,1,0,20130315,IND,LAL
Shot Chart Detail,0021200971,151,201975,Jodie Meeks,1610612747,Los Angeles Lakers,2,10,45,Missed Shot,Layup Shot,2PT Field Goal,Restricted Area,Center(C),Less Than 8 ft.,1.0,9.0,12.0,1,0,20130315,IND,LAL
Shot Chart Detail,0021200971,157,201975,Jodie Meeks,1610612747,Los Angeles Lakers,2,10,10,Missed Shot,Jump Shot,2PT Field Goal,Mid-Range,Left Side Center(LC),16-24 ft.,19.0,-149.0,118.0,1,0,20130315,IND,LAL
Shot Chart Detail,0021200971,172,201975,Jodie Meeks,1610612747,Los Angeles Lakers,2,9,24,Missed Shot,Jump Shot,3PT Field Goal,Above the Break 3,Left Side Center(LC),24+ ft.,28.0,-182.0,216.0,1,0,20130315,IND,LAL
Shot Chart Detail,0021200971,306,201975,Jodie Meeks,1610612747,Los Angeles Lakers,3,9,34,Missed Shot,Jump Shot,3PT Field Goal,Above the Break 3,Left Side Center(LC),24+ ft.,27.0,-177.0,209.0,1,0,20130315,IND,LAL
Shot Chart Detail,0021200992,21,201975,Jodie Meeks,1610612747,Los Angeles Lakers,1,9,13,Missed Shot,Jump Shot,3PT Field Goal,Above the Break 3,Left Side Center(LC),24+ ft.,26.0,-139.0,225.0,1,0,20130317,LAL,SAC
Shot Chart Detail,0021200992,37,201975,Jodie Meeks,1610612747,Los Angeles Lakers,1,7,32,Made Shot,Driving Dunk Shot,2PT Field Goal,Restricted Area,Center(C),Less Than 8 ft.,1.0,6.0,14.0,1,1,20130317,LAL,SAC
Shot Chart Detail,0021200992,103,201975,Jodie Meeks,1610612747,Los Angeles Lakers,1,0,38,Made Shot,Jump Shot,3PT Field Goal,Above the Break 3,Left Side Center(LC),24+ ft.,25.0,-166.0,195.0,1,1,20130317,LAL,SAC
Shot Chart Detail,0021200992,169,201975,Jodie Meeks,1610612747,Los Angeles Lakers,2,6,33,Missed Shot,Jump Shot,3PT Field Goal,Above the Break 3,Left Side Center(LC),24+ ft.,26.0,-196.0,175.0,1,0,20130317,LAL,SAC
Shot Chart Detail,0021200992,183,201975,Jodie Meeks,1610612747,Los Angeles Lakers,2,5,19,Missed Shot,Jump Shot,3PT Field Goal,Above the Break 3,Left Side Center(LC),24+ ft.,26.0,-175.0,200.0,1,0,20130317,LAL,SAC
Shot Chart Detail,0021200992,185,201975,Jodie Meeks,1610612747,Los Angeles Lakers,2,5,11,Missed Shot,Jump Shot,3PT Field Goal,Right Corner 3,Right Side(R),24+ ft.,23.0,234.0,4.0,1,0,20130317,LAL,SAC
Shot Chart Detail,0021201002,34,201975,Jodie Meeks,1610612747,Los Angeles Lakers,1,8,29,Missed Shot,Layup Shot,2PT Field Goal,Restricted Area,Center(C),Less Than 8 ft.,2.0,21.0,3.0,1,0,20130318,PHX,LAL
Shot Chart Detail,0021201002,108,201975,Jodie Meeks,1610612747,Los Angeles Lakers,1,1,48,Missed Shot,Dunk Shot,2PT Field Goal,Restricted Area,Center(C),Less Than 8 ft.,0.0,0.0,1.0,1,0,20130318,PHX,LAL
Shot Chart Detail,0021201002,139,201975,Jodie Meeks,1610612747,Los Angeles Lakers,2,11,0,Missed Shot,Reverse Layup Shot,2PT Field Goal,Restricted Area,Center(C),Less Than 8 ft.,0.0,1.0,3.0,1,0,20130318,PHX,LAL
Shot Chart Detail,0021201002,146,201975,Jodie Meeks,1610612747,Los Angeles Lakers,2,10,4,Made Shot,Layup Shot,2PT Field Goal,Restricted Area,Center(C),Less Than 8 ft.,0.0,0.0,3.0,1,1,20130318,PHX,LAL
Shot Chart Detail,0021201002,228,201975,Jodie Meeks,1610612747,Los Angeles Lakers,2,1,26,Missed Shot,Jump Shot,3PT Field Goal,Above the Break 3,Center(C),24+ ft.,26.0,-51.0,257.0,1,0,20130318,PHX,LAL
Shot Chart Detail,0021201002,232,201975,Jodie Meeks,1610612747,Los Angeles Lakers,2,1,8,Made Shot,Layup Shot,2PT Field Goal,Restricted Area,Center(C),Less Than 8 ft.,0.0,-7.0,0.0,1,1,20130318,PHX,LAL
Shot Chart Detail,0021201002,273,201975,Jodie Meeks,1610612747,Los Angeles Lakers,3,10,21,Made Shot,Floating Jump shot,2PT Field Goal,In The Paint (Non-RA),Left Side(L),8-16 ft.,8.0,-71.0,45.0,1,1,20130318,PHX,LAL
Shot Chart Detail,0021201002,374,201975,Jodie Meeks,1610612747,Los Angeles Lakers,4,11,45,Missed Shot,Jump Shot,2PT Field Goal,Mid-Range,Left Side(L),16-24 ft.,19.0,-183.0,66.0,1,0,20130318,PHX,LAL
Shot Chart Detail,0021201002,380,201975,Jodie Meeks,1610612747,Los Angeles Lakers,4,10,59,Missed Shot,Jump Shot,2PT Field Goal,Mid-Range,Right Side Center(RC),16-24 ft.,20.0,151.0,138.0,1,0,20130318,PHX,LAL
Shot Chart Detail,0021201032,107,201975,Jodie Meeks,1610612747,Los Angeles Lakers,1,1,14,Made Shot,Running Layup Shot,2PT Field Goal,Restricted Area,Center(C),Less Than 8 ft.,2.0,10.0,20.0,1,1,20130322,LAL,WAS
Shot Chart Detail,0021201032,110,201975,Jodie Meeks,1610612747,Los Angeles Lakers,1,0,53,Made Shot,Jump Shot,3PT Field Goal,Left Corner 3,Left Side(L),24+ ft.,24.0,-245.0,4.0,1,1,20130322,LAL,WAS
Shot Chart Detail,0021201032,134,201975,Jodie Meeks,1610612747,Los Angeles Lakers,2,10,26,Missed Shot,Driving Layup Shot,2PT Field Goal,Restricted Area,Center(C),Less Than 8 ft.,2.0,21.0,9.0,1,0,20130322,LAL,WAS
Shot Chart Detail,0021201032,139,201975,Jodie Meeks,1610612747,Los Angeles Lakers,2,10,6,Missed Shot,Jump Shot,3PT Field Goal,Left Corner 3,Left Side(L),24+ ft.,24.0,-245.0,30.0,1,0,20130322,LAL,WAS
Shot Chart Detail,0021201032,376,201975,Jodie Meeks,1610612747,Los Angeles Lakers,4,11,26,Made Shot,Jump Shot,3PT Field Goal,Right Corner 3,Right Side(R),24+ ft.,24.0,242.0,-6.0,1,1,20130322,LAL,WAS
Shot Chart Detail,0021201032,379,201975,Jodie Meeks,1610612747,Los Angeles Lakers,4,11,2,Made Shot,Reverse Layup Shot,2PT Field Goal,Restricted Area,Center(C),Less Than 8 ft.,2.0,-23.0,17.0,1,1,20130322,LAL,WAS
Shot Chart Detail,0021201032,421,201975,Jodie Meeks,1610612747,Los Angeles Lakers,4,6,9,Made Shot,Jump Shot,3PT Field Goal,Right Corner 3,Right Side(R),24+ ft.,22.0,228.0,-10.0,1,1,20130322,LAL,WAS
Shot Chart Detail,0021201032,423,201975,Jodie Meeks,1610612747,Los Angeles Lakers,4,5,36,Missed Shot,Jump Shot,3PT Field Goal,Above the Break 3,Left Side Center(LC),24+ ft.,27.0,-171.0,213.0,1,0,20130322,LAL,WAS
Shot Chart Detail,0021201053,83,201975,Jodie Meeks,1610612747,Los Angeles Lakers,1,2,12,Missed Shot,Pullup Jump shot,3PT Field Goal,Above the Break 3,Right Side Center(RC),24+ ft.,28.0,187.0,216.0,1,0,20130325,GSW,LAL
Shot Chart Detail,0021201053,258,201975,Jodie Meeks,1610612747,Los Angeles Lakers,3,10,30,Missed Shot,Jump Shot,3PT Field Goal,Left Corner 3,Left Side(L),24+ ft.,24.0,-234.0,60.0,1,0,20130325,GSW,LAL
Shot Chart Detail,0021201053,265,201975,Jodie Meeks,1610612747,Los Angeles Lakers,3,9,39,Missed Shot,Pullup Jump shot,2PT Field Goal,Mid-Range,Left Side Center(LC),16-24 ft.,18.0,-60.0,179.0,1,0,20130325,GSW,LAL
Shot Chart Detail,0021201053,306,201975,Jodie Meeks,1610612747,Los Angeles Lakers,3,6,23,Made Shot,Layup Shot,2PT Field Goal,Restricted Area,Center(C),Less Than 8 ft.,1.0,13.0,12.0,1,1,20130325,GSW,LAL
Shot Chart Detail,0021201053,304,201975,Jodie Meeks,1610612747,Los Angeles Lakers,3,6,23,Missed Shot,Layup Shot,2PT Field Goal,Restricted Area,Center(C),Less Than 8 ft.,2.0,-10.0,20.0,1,0,20130325,GSW,LAL
Shot Chart Detail,0021201053,312,201975,Jodie Meeks,1610612747,Los Angeles Lakers,3,5,53,Missed Shot,Jump Shot,2PT Field Goal,In The Paint (Non-RA),Center(C),Less Than 8 ft.,5.0,29.0,41.0,1,0,20130325,GSW,LAL
Shot Chart Detail,0021201053,317,201975,Jodie Meeks,1610612747,Los Angeles Lakers,3,5,10,Missed Shot,Pullup Jump shot,3PT Field Goal,Above the Break 3,Left Side Center(LC),24+ ft.,26.0,-196.0,173.0,1,0,20130325,GSW,LAL
Shot Chart Detail,0021201053,427,201975,Jodie Meeks,1610612747,Los Angeles Lakers,4,10,3,Missed Shot,Turnaround Hook Shot,2PT Field Goal,In The Paint (Non-RA),Center(C),Less Than 8 ft.,6.0,-54.0,36.0,1,0,20130325,GSW,LAL
Shot Chart Detail,0021201053,437,201975,Jodie Meeks,1610612747,Los Angeles Lakers,4,8,42,Made Shot,Pullup Jump shot,3PT Field Goal,Above the Break 3,Center(C),24+ ft.,25.0,61.0,252.0,1,1,20130325,GSW,LAL
Shot Chart Detail,0021201053,465,201975,Jodie Meeks,1610612747,Los Angeles Lakers,4,7,5,Made Shot,Step Back Jump shot,3PT Field Goal,Left Corner 3,Left Side(L),24+ ft.,23.0,-231.0,-5.0,1,1,20130325,GSW,LAL
Shot Chart Detail,0021201053,486,201975,Jodie Meeks,1610612747,Los Angeles Lakers,4,5,2,Made Shot,Jump Hook Shot,2PT Field Goal,In The Paint (Non-RA),Center(C),Less Than 8 ft.,6.0,-4.0,69.0,1,1,20130325,GSW,LAL
Shot Chart Detail,0021201053,495,201975,Jodie Meeks,1610612747,Los Angeles Lakers,4,4,7,Made Shot,Layup Shot,2PT Field Goal,Restricted Area,Center(C),Less Than 8 ft.,1.0,-13.0,9.0,1,1,20130325,GSW,LAL
Shot Chart Detail,0021201053,518,201975,Jodie Meeks,1610612747,Los Angeles Lakers,4,1,1,Missed Shot,Pullup Jump shot,3PT Field Goal,Above the Break 3,Right Side Center(RC),24+ ft.,25.0,160.0,198.0,1,0,20130325,GSW,LAL
Shot Chart Detail,0021201053,535,201975,Jodie Meeks,1610612747,Los Angeles Lakers,4,0,12,Missed Shot,Jump Shot,3PT Field Goal,Above the Break 3,Left Side Center(LC),24+ ft.,27.0,-187.0,195.0,1,0,20130325,GSW,LAL
Shot Chart Detail,0021201066,53,201975,Jodie Meeks,1610612747,Los Angeles Lakers,1,5,48,Made Shot,Jump Shot,3PT Field Goal,Above the Break 3,Left Side Center(LC),24+ ft.,24.0,-224.0,102.0,1,1,20130327,MIN,LAL
Shot Chart Detail,0021201066,182,201975,Jodie Meeks,1610612747,Los Angeles Lakers,2,7,38,Missed Shot,Jump Shot,3PT Field Goal,Left Corner 3,Left Side(L),24+ ft.,23.0,-231.0,9.0,1,0,20130327,MIN,LAL
Shot Chart Detail,0021201066,303,201975,Jodie Meeks,1610612747,Los Angeles Lakers,3,9,41,Made Shot,Layup Shot,2PT Field Goal,Restricted Area,Center(C),Less Than 8 ft.,0.0,-5.0,7.0,1,1,20130327,MIN,LAL
Shot Chart Detail,0021201066,333,201975,Jodie Meeks,1610612747,Los Angeles Lakers,3,6,24,Missed Shot,Jump Shot,3PT Field Goal,Above the Break 3,Right Side Center(RC),24+ ft.,25.0,151.0,200.0,1,0,20130327,MIN,LAL
Shot Chart Detail,0021201066,437,201975,Jodie Meeks,1610612747,Los Angeles Lakers,4,7,57,Missed Shot,Jump Shot,2PT Field Goal,Mid-Range,Left Side(L),16-24 ft.,20.0,-171.0,116.0,1,0,20130327,MIN,LAL
Shot Chart Detail,0021201066,469,201975,Jodie Meeks,1610612747,Los Angeles Lakers,4,5,8,Missed Shot,Jump Shot,3PT Field Goal,Above the Break 3,Right Side Center(RC),24+ ft.,24.0,203.0,134.0,1,0,20130327,MIN,LAL
Shot Chart Detail,0021201066,556,201975,Jodie Meeks,1610612747,Los Angeles Lakers,4,0,18,Missed Shot,Jump Shot,2PT Field Goal,In The Paint (Non-RA),Center(C),Less Than 8 ft.,6.0,61.0,31.0,1,0,20130327,MIN,LAL
Shot Chart Detail,0021201071,15,201975,Jodie Meeks,1610612747,Los Angeles Lakers,1,10,19,Made Shot,Layup Shot,2PT Field Goal,Restricted Area,Center(C),Less Than 8 ft.,0.0,1.0,1.0,1,1,20130328,MIL,LAL
Shot Chart Detail,0021201071,29,201975,Jodie Meeks,1610612747,Los Angeles Lakers,1,8,43,Missed Shot,Layup Shot,2PT Field Goal,Restricted Area,Center(C),Less Than 8 ft.,0.0,0.0,-3.0,1,0,20130328,MIL,LAL
Shot Chart Detail,0021201071,33,201975,Jodie Meeks,1610612747,Los Angeles Lakers,1,8,3,Missed Shot,Jump Shot,3PT Field Goal,Right Corner 3,Right Side(R),24+ ft.,23.0,237.0,-17.0,1,0,20130328,MIL,LAL
Shot Chart Detail,0021201071,156,201975,Jodie Meeks,1610612747,Los Angeles Lakers,2,8,4,Made Shot,Jump Shot,3PT Field Goal,Above the Break 3,Right Side Center(RC),24+ ft.,26.0,214.0,148.0,1,1,20130328,MIL,LAL
Shot Chart Detail,0021201071,176,201975,Jodie Meeks,1610612747,Los Angeles Lakers,2,6,42,Made Shot,Layup Shot,2PT Field Goal,Restricted Area,Center(C),Less Than 8 ft.,0.0,1.0,1.0,1,1,20130328,MIL,LAL
Shot Chart Detail,0021201071,230,201975,Jodie Meeks,1610612747,Los Angeles Lakers,2,2,35,Missed Shot,Jump Shot,3PT Field Goal,Left Corner 3,Left Side(L),24+ ft.,22.0,-223.0,-13.0,1,0,20130328,MIL,LAL
Shot Chart Detail,0021201071,287,201975,Jodie Meeks,1610612747,Los Angeles Lakers,3,8,39,Missed Shot,Layup Shot,2PT Field Goal,Restricted Area,Center(C),Less Than 8 ft.,0.0,9.0,0.0,1,0,20130328,MIL,LAL
Shot Chart Detail,0021201071,290,201975,Jodie Meeks,1610612747,Los Angeles Lakers,3,8,28,Missed Shot,Layup Shot,2PT Field Goal,Restricted Area,Center(C),Less Than 8 ft.,1.0,2.0,14.0,1,0,20130328,MIL,LAL
Shot Chart Detail,0021201071,294,201975,Jodie Meeks,1610612747,Los Angeles Lakers,3,8,14,Missed Shot,Jump Shot,3PT Field Goal,Above the Break 3,Right Side Center(RC),24+ ft.,25.0,122.0,222.0,1,0,20130328,MIL,LAL
Shot Chart Detail,0021201071,317,201975,Jodie Meeks,1610612747,Los Angeles Lakers,3,6,1,Missed Shot,Jump Shot,3PT Field Goal,Right Corner 3,Right Side(R),24+ ft.,23.0,236.0,-3.0,1,0,20130328,MIL,LAL
Shot Chart Detail,0021201071,343,201975,Jodie Meeks,1610612747,Los Angeles Lakers,3,3,41,Made Shot,Layup Shot,2PT Field Goal,Restricted Area,Center(C),Less Than 8 ft.,1.0,-5.0,14.0,1,1,20130328,MIL,LAL
Shot Chart Detail,0021201071,435,201975,Jodie Meeks,1610612747,Los Angeles Lakers,4,7,15,Missed Shot,Jump Shot,3PT Field Goal,Above the Break 3,Right Side Center(RC),24+ ft.,25.0,86.0,244.0,1,0,20130328,MIL,LAL
Shot Chart Detail,0021201093,25,201975,Jodie Meeks,1610612747,Los Angeles Lakers,1,9,3,Missed Shot,Jump Shot,3PT Field Goal,Above the Break 3,Left Side Center(LC),24+ ft.,24.0,-158.0,181.0,1,0,20130330,SAC,LAL
Shot Chart Detail,0021201093,29,201975,Jodie Meeks,1610612747,Los Angeles Lakers,1,8,28,Made Shot,Jump Shot,3PT Field Goal,Right Corner 3,Right Side(R),24+ ft.,22.0,228.0,20.0,1,1,20130330,SAC,LAL
Shot Chart Detail,0021201093,55,201975,Jodie Meeks,1610612747,Los Angeles Lakers,1,4,37,Made Shot,Jump Shot,3PT Field Goal,Right Corner 3,Right Side(R),24+ ft.,23.0,231.0,14.0,1,1,20130330,SAC,LAL
Shot Chart Detail,0021201093,161,201975,Jodie Meeks,1610612747,Los Angeles Lakers,2,5,38,Made Shot,Dunk Shot,2PT Field Goal,Restricted Area,Center(C),Less Than 8 ft.,0.0,0.0,6.0,1,1,20130330,SAC,LAL
Shot Chart Detail,0021201093,252,201975,Jodie Meeks,1610612747,Los Angeles Lakers,3,11,5,Made Shot,Layup Shot,2PT Field Goal,Restricted Area,Center(C),Less Than 8 ft.,3.0,-27.0,15.0,1,1,20130330,SAC,LAL
Shot Chart Detail,0021201093,290,201975,Jodie Meeks,1610612747,Los Angeles Lakers,3,6,39,Missed Shot,Jump Shot,3PT Field Goal,Right Corner 3,Right Side(R),24+ ft.,23.0,233.0,50.0,1,0,20130330,SAC,LAL
Shot Chart Detail,0021201093,404,201975,Jodie Meeks,1610612747,Los Angeles Lakers,4,8,21,Made Shot,Jump Shot,3PT Field Goal,Above the Break 3,Left Side Center(LC),24+ ft.,24.0,-190.0,156.0,1,1,20130330,SAC,LAL
Shot Chart Detail,0021201093,415,201975,Jodie Meeks,1610612747,Los Angeles Lakers,4,7,20,Missed Shot,Jump Shot,3PT Field Goal,Above the Break 3,Left Side Center(LC),24+ ft.,24.0,-134.0,211.0,1,0,20130330,SAC,LAL
Shot Chart Detail,0021201093,427,201975,Jodie Meeks,1610612747,Los Angeles Lakers,4,5,17,Missed Shot,Jump Shot,3PT Field Goal,Right Corner 3,Right Side(R),24+ ft.,22.0,228.0,11.0,1,0,20130330,SAC,LAL
Shot Chart Detail,0021201093,455,201975,Jodie Meeks,1610612747,Los Angeles Lakers,4,2,10,Missed Shot,Jump Shot,3PT Field Goal,Left Corner 3,Left Side(L),24+ ft.,23.0,-231.0,56.0,1,0,20130330,SAC,LAL
Shot Chart Detail,0021201110,127,201975,Jodie Meeks,1610612747,Los Angeles Lakers,1,0,3,Missed Shot,Jump Shot,2PT Field Goal,Mid-Range,Center(C),16-24 ft.,16.0,-26.0,160.0,1,0,20130402,LAL,DAL
Shot Chart Detail,0021201110,135,201975,Jodie Meeks,1610612747,Los Angeles Lakers,2,11,28,Made Shot,Jump Shot,3PT Field Goal,Above the Break 3,Left Side Center(LC),24+ ft.,25.0,-97.0,233.0,1,1,20130402,LAL,DAL
Shot Chart Detail,0021201110,150,201975,Jodie Meeks,1610612747,Los Angeles Lakers,2,9,3,Made Shot,Jump Shot,3PT Field Goal,Above the Break 3,Left Side Center(LC),24+ ft.,24.0,-155.0,194.0,1,1,20130402,LAL,DAL
Shot Chart Detail,0021201110,224,201975,Jodie Meeks,1610612747,Los Angeles Lakers,2,2,3,Missed Shot,Jump Shot,2PT Field Goal,Mid-Range,Left Side(L),16-24 ft.,18.0,-174.0,67.0,1,0,20130402,LAL,DAL
Shot Chart Detail,0021201110,268,201975,Jodie Meeks,1610612747,Los Angeles Lakers,3,10,11,Missed Shot,Jump Shot,3PT Field Goal,Above the Break 3,Right Side Center(RC),24+ ft.,25.0,114.0,227.0,1,0,20130402,LAL,DAL
Shot Chart Detail,0021201110,298,201975,Jodie Meeks,1610612747,Los Angeles Lakers,3,6,36,Missed Shot,Jump Shot,3PT Field Goal,Left Corner 3,Left Side(L),24+ ft.,22.0,-229.0,14.0,1,0,20130402,LAL,DAL
Shot Chart Detail,0021201110,304,201975,Jodie Meeks,1610612747,Los Angeles Lakers,3,6,4,Missed Shot,Layup Shot,2PT Field Goal,Restricted Area,Center(C),Less Than 8 ft.,2.0,-26.0,7.0,1,0,20130402,LAL,DAL
Shot Chart Detail,0021201110,373,201975,Jodie Meeks,1610612747,Los Angeles Lakers,3,0,1,Missed Shot,Jump Shot,3PT Field Goal,Right Corner 3,Right Side(R),24+ ft.,22.0,223.0,0.0,1,0,20130402,LAL,DAL
Shot Chart Detail,0021201110,419,201975,Jodie Meeks,1610612747,Los Angeles Lakers,4,8,0,Missed Shot,Tip Shot,2PT Field Goal,Restricted Area,Center(C),Less Than 8 ft.,1.0,13.0,14.0,1,0,20130402,LAL,DAL
Shot Chart Detail,0021201137,3,201975,Jodie Meeks,1610612747,Los Angeles Lakers,1,11,40,Missed Shot,Jump Shot,3PT Field Goal,Above the Break 3,Right Side Center(RC),24+ ft.,25.0,127.0,224.0,1,0,20130405,LAL,MEM
Shot Chart Detail,0021201137,19,201975,Jodie Meeks,1610612747,Los Angeles Lakers,1,8,18,Missed Shot,Jump Shot,3PT Field Goal,Left Corner 3,Left Side(L),24+ ft.,24.0,-243.0,-11.0,1,0,20130405,LAL,MEM
Shot Chart Detail,0021201137,351,201975,Jodie Meeks,1610612747,Los Angeles Lakers,4,10,19,Missed Shot,Jump Shot,3PT Field Goal,Above the Break 3,Left Side Center(LC),24+ ft.,28.0,-175.0,219.0,1,0,20130405,LAL,MEM
Shot Chart Detail,0021201137,363,201975,Jodie Meeks,1610612747,Los Angeles Lakers,4,9,3,Missed Shot,Jump Shot,3PT Field Goal,Above the Break 3,Right Side Center(RC),24+ ft.,25.0,110.0,231.0,1,0,20130405,LAL,MEM
Shot Chart Detail,0021201137,372,201975,Jodie Meeks,1610612747,Los Angeles Lakers,4,7,52,Made Shot,Running Layup Shot,2PT Field Goal,Restricted Area,Center(C),Less Than 8 ft.,1.0,6.0,17.0,1,1,20130405,LAL,MEM
Shot Chart Detail,0021201146,16,201975,Jodie Meeks,1610612747,Los Angeles Lakers,1,10,19,Made Shot,Jump Shot,3PT Field Goal,Above the Break 3,Left Side Center(LC),24+ ft.,24.0,-172.0,178.0,1,1,20130407,LAC,LAL
Shot Chart Detail,0021201146,108,201975,Jodie Meeks,1610612747,Los Angeles Lakers,2,10,13,Made Shot,Jump Shot,3PT Field Goal,Above the Break 3,Left Side Center(LC),24+ ft.,25.0,-116.0,225.0,1,1,20130407,LAC,LAL
Shot Chart Detail,0021201146,131,201975,Jodie Meeks,1610612747,Los Angeles Lakers,2,8,30,Missed Shot,Jump Shot,3PT Field Goal,Above the Break 3,Center(C),24+ ft.,25.0,59.0,247.0,1,0,20130407,LAC,LAL
Shot Chart Detail,0021201146,171,201975,Jodie Meeks,1610612747,Los Angeles Lakers,2,4,16,Missed Shot,Jump Shot,3PT Field Goal,Left Corner 3,Left Side(L),24+ ft.,22.0,-228.0,-10.0,1,0,20130407,LAC,LAL
Shot Chart Detail,0021201146,250,201975,Jodie Meeks,1610612747,Los Angeles Lakers,3,8,48,Missed Shot,Jump Shot,2PT Field Goal,In The Paint (Non-RA),Left Side(L),8-16 ft.,8.0,-41.0,71.0,1,0,20130407,LAC,LAL
Shot Chart Detail,0021201162,142,201975,Jodie Meeks,1610612747,Los Angeles Lakers,1,0,25,Made Shot,Driving Finger Roll Layup Shot,2PT Field Goal,Restricted Area,Center(C),Less Than 8 ft.,2.0,-5.0,23.0,1,1,20130409,LAL,NOH
Shot Chart Detail,0021201162,149,201975,Jodie Meeks,1610612747,Los Angeles Lakers,1,0,0,Missed Shot,Jump Shot,3PT Field Goal,Above the Break 3,Left Side Center(LC),24+ ft.,26.0,-202.0,165.0,1,0,20130409,LAL,NOH
Shot Chart Detail,0021201162,167,201975,Jodie Meeks,1610612747,Los Angeles Lakers,2,10,8,Missed Shot,Jump Shot,2PT Field Goal,Mid-Range,Left Side(L),16-24 ft.,18.0,-175.0,69.0,1,0,20130409,LAL,NOH
Shot Chart Detail,0021201162,180,201975,Jodie Meeks,1610612747,Los Angeles Lakers,2,8,50,Made Shot,Jump Shot,2PT Field Goal,Mid-Range,Left Side(L),16-24 ft.,20.0,-204.0,45.0,1,1,20130409,LAL,NOH
Shot Chart Detail,0021201162,188,201975,Jodie Meeks,1610612747,Los Angeles Lakers,2,7,25,Made Shot,Jump Shot,3PT Field Goal,Above the Break 3,Center(C),24+ ft.,25.0,36.0,249.0,1,1,20130409,LAL,NOH
Shot Chart Detail,0021201162,198,201975,Jodie Meeks,1610612747,Los Angeles Lakers,2,6,36,Made Shot,Pullup Jump shot,2PT Field Goal,Mid-Range,Right Side Center(RC),16-24 ft.,18.0,105.0,149.0,1,1,20130409,LAL,NOH
Shot Chart Detail,0021201162,204,201975,Jodie Meeks,1610612747,Los Angeles Lakers,2,5,20,Missed Shot,Jump Shot,3PT Field Goal,Above the Break 3,Left Side Center(LC),24+ ft.,25.0,-182.0,181.0,1,0,20130409,LAL,NOH
Shot Chart Detail,0021201162,237,201975,Jodie Meeks,1610612747,Los Angeles Lakers,2,1,59,Missed Shot,Jump Shot,3PT Field Goal,Above the Break 3,Left Side Center(LC),24+ ft.,24.0,-217.0,121.0,1,0,20130409,LAL,NOH
Shot Chart Detail,0021201162,348,201975,Jodie Meeks,1610612747,Los Angeles Lakers,3,3,14,Missed Shot,Jump Shot,3PT Field Goal,Above the Break 3,Right Side Center(RC),24+ ft.,24.0,125.0,206.0,1,0,20130409,LAL,NOH
Shot Chart Detail,0021201171,157,201975,Jodie Meeks,1610612747,Los Angeles Lakers,2,8,13,Made Shot,Jump Shot,3PT Field Goal,Left Corner 3,Left Side(L),24+ ft.,24.0,-240.0,-8.0,1,1,20130410,POR,LAL
Shot Chart Detail,0021201171,199,201975,Jodie Meeks,1610612747,Los Angeles Lakers,2,4,0,Missed Shot,Jump Shot,2PT Field Goal,Mid-Range,Center(C),16-24 ft.,20.0,-38.0,205.0,1,0,20130410,POR,LAL
Shot Chart Detail,0021201171,218,201975,Jodie Meeks,1610612747,Los Angeles Lakers,2,1,56,Missed Shot,Jump Shot,3PT Field Goal,Above the Break 3,Right Side Center(RC),24+ ft.,24.0,171.0,172.0,1,0,20130410,POR,LAL
Shot Chart Detail,0021201189,77,201975,Jodie Meeks,1610612747,Los Angeles Lakers,1,3,46,Missed Shot,Jump Shot,3PT Field Goal,Above the Break 3,Left Side Center(LC),24+ ft.,24.0,-180.0,173.0,1,0,20130412,LAL,GSW
Shot Chart Detail,0021201189,102,201975,Jodie Meeks,1610612747,Los Angeles Lakers,1,1,30,Missed Shot,Jump Shot,2PT Field Goal,Mid-Range,Left Side(L),16-24 ft.,20.0,-198.0,37.0,1,0,20130412,LAL,GSW
Shot Chart Detail,0021201189,465,201975,Jodie Meeks,1610612747,Los Angeles Lakers,4,7,40,Made Shot,Jump Shot,3PT Field Goal,Above the Break 3,Left Side Center(LC),24+ ft.,24.0,-209.0,126.0,1,1,20130412,LAL,GSW
Shot Chart Detail,0021201201,9,201975,Jodie Meeks,1610612747,Los Angeles Lakers,1,11,6,Missed Shot,Layup Shot,2PT Field Goal,Restricted Area,Center(C),Less Than 8 ft.,2.0,-2.0,22.0,1,0,20130414,LAL,SAS
Shot Chart Detail,0021201201,27,201975,Jodie Meeks,1610612747,Los Angeles Lakers,1,9,41,Missed Shot,Jump Shot,3PT Field Goal,Above the Break 3,Center(C),24+ ft.,28.0,-82.0,268.0,1,0,20130414,LAL,SAS
Shot Chart Detail,0021201201,52,201975,Jodie Meeks,1610612747,Los Angeles Lakers,1,6,28,Missed Shot,Jump Shot,3PT Field Goal,Right Corner 3,Right Side(R),24+ ft.,22.0,226.0,-10.0,1,0,20130414,LAL,SAS
Shot Chart Detail,0021201201,184,201975,Jodie Meeks,1610612747,Los Angeles Lakers,2,7,25,Made Shot,Jump Shot,2PT Field Goal,Mid-Range,Left Side(L),16-24 ft.,21.0,-213.0,11.0,1,1,20130414,LAL,SAS
Shot Chart Detail,0021201201,249,201975,Jodie Meeks,1610612747,Los Angeles Lakers,2,2,15,Missed Shot,Layup Shot,2PT Field Goal,Restricted Area,Center(C),Less Than 8 ft.,1.0,0.0,11.0,1,0,20130414,LAL,SAS
Shot Chart Detail,0021201201,297,201975,Jodie Meeks,1610612747,Los Angeles Lakers,3,10,13,Missed Shot,Layup Shot,2PT Field Goal,Restricted Area,Center(C),Less Than 8 ft.,2.0,-16.0,17.0,1,0,20130414,LAL,SAS
Shot Chart Detail,0021201201,304,201975,Jodie Meeks,1610612747,Los Angeles Lakers,3,9,39,Missed Shot,Jump Shot,3PT Field Goal,Above the Break 3,Center(C),24+ ft.,24.0,-21.0,246.0,1,0,20130414,LAL,SAS
Shot Chart Detail,0021201201,470,201975,Jodie Meeks,1610612747,Los Angeles Lakers,4,7,33,Made Shot,Jump Shot,3PT Field Goal,Above the Break 3,Left Side Center(LC),24+ ft.,26.0,-139.0,222.0,1,1,20130414,LAL,SAS
Shot Chart Detail,0021201201,477,201975,Jodie Meeks,1610612747,Los Angeles Lakers,4,6,1,Made Shot,Jump Shot,3PT Field Goal,Above the Break 3,Right Side Center(RC),24+ ft.,25.0,136.0,213.0,1,1,20130414,LAL,SAS
Shot Chart Detail,0021201201,494,201975,Jodie Meeks,1610612747,Los Angeles Lakers,4,4,29,Missed Shot,Layup Shot,2PT Field Goal,Restricted Area,Center(C),Less Than 8 ft.,2.0,-23.0,-11.0,1,0,20130414,LAL,SAS
Shot Chart Detail,0021201201,502,201975,Jodie Meeks,1610612747,Los Angeles Lakers,4,3,27,Missed Shot,Jump Shot,3PT Field Goal,Left Corner 3,Left Side(L),24+ ft.,23.0,-239.0,17.0,1,0,20130414,LAL,SAS
Shot Chart Detail,0021201228,14,201975,Jodie Meeks,1610612747,Los Angeles Lakers,1,10,15,Missed Shot,Jump Shot,3PT Field Goal,Above the Break 3,Left Side Center(LC),24+ ft.,26.0,-163.0,205.0,1,0,20130417,LAL,HOU
Shot Chart Detail,0021201228,18,201975,Jodie Meeks,1610612747,Los Angeles Lakers,1,9,53,Made Shot,Jump Shot,3PT Field Goal,Above the Break 3,Center(C),24+ ft.,25.0,75.0,239.0,1,1,20130417,LAL,HOU
Shot Chart Detail,0021201228,25,201975,Jodie Meeks,1610612747,Los Angeles Lakers,1,9,24,Missed Shot,Jump Shot,3PT Field Goal,Left Corner 3,Left Side(L),24+ ft.,24.0,-242.0,52.0,1,0,20130417,LAL,HOU
Shot Chart Detail,0021201228,30,201975,Jodie Meeks,1610612747,Los Angeles Lakers,1,8,33,Missed Shot,Jump Shot,3PT Field Goal,Above the Break 3,Center(C),24+ ft.,24.0,56.0,242.0,1,0,20130417,LAL,HOU
Shot Chart Detail,0021201228,210,201975,Jodie Meeks,1610612747,Los Angeles Lakers,2,3,31,Missed Shot,Layup Shot,2PT Field Goal,Restricted Area,Center(C),Less Than 8 ft.,2.0,-5.0,23.0,1,0,20130417,LAL,HOU
Shot Chart Detail,0021201228,226,201975,Jodie Meeks,1610612747,Los Angeles Lakers,2,1,11,Missed Shot,Jump Shot,3PT Field Goal,Above the Break 3,Left Side Center(LC),24+ ft.,27.0,-172.0,219.0,1,0,20130417,LAL,HOU
Shot Chart Detail,0021201228,389,201975,Jodie Meeks,1610612747,Los Angeles Lakers,4,9,37,Missed Shot,Jump Shot,2PT Field Goal,Mid-Range,Left Side Center(LC),16-24 ft.,18.0,-147.0,112.0,1,0,20130417,LAL,HOU
Shot Chart Detail,0021201228,454,201975,Jodie Meeks,1610612747,Los Angeles Lakers,4,4,55,Missed Shot,Jump Shot,3PT Field Goal,Above the Break 3,Left Side Center(LC),24+ ft.,26.0,-179.0,190.0,1,0,20130417,LAL,HOU
Shot Chart Detail,0021201228,553,201975,Jodie Meeks,1610612747,Los Angeles Lakers,5,1,57,Missed Shot,Jump Shot,3PT Field Goal,Left Corner 3,Left Side(L),24+ ft.,23.0,-237.0,-8.0,1,0,20130417,LAL,HOU
Shot Chart Detail,0021201228,561,201975,Jodie Meeks,1610612747,Los Angeles Lakers,5,0,56,Made Shot,Driving Dunk Shot,2PT Field Goal,Restricted Area,Center(C),Less Than 8 ft.,1.0,13.0,6.0,1,1,20130417,LAL,HOU
