GRID_TYPE,GAME_ID,GAME_EVENT_ID,PLAYER_ID,PLAYER_NAME,TEAM_ID,TEAM_NAME,PERIOD,MINUTES_REMAINING,SECONDS_REMAINING,EVENT_TYPE,ACTION_TYPE,SHOT_TYPE,SHOT_ZONE_BASIC,SHOT_ZONE_AREA,SHOT_ZONE_RANGE,SHOT_DISTANCE,LOC_X,LOC_Y,SHOT_ATTEMPTED_FLAG,SHOT_MADE_FLAG,GAME_DATE,HTM,VTM
Shot Chart Detail,0021200002,93,951,Ray Allen,1610612748,Miami Heat,1,1,42,Made Shot,Jump Shot,3PT Field Goal,Left Corner 3,Left Side(L),24+ ft.,23.0,-235.0,17.0,1,1,20121030,MIA,BOS
Shot Chart Detail,0021200002,117,951,Ray Allen,1610612748,Miami Heat,2,11,40,Missed Shot,Jump Shot,2PT Field Goal,Mid-Range,Right Side(R),8-16 ft.,15.0,124.0,89.0,1,0,20121030,MIA,BOS
Shot Chart Detail,0021200002,195,951,Ray Allen,1610612748,Miami Heat,2,7,38,Made Shot,Jump Bank Shot,2PT Field Goal,Mid-Range,Right Side(R),8-16 ft.,14.0,121.0,85.0,1,1,20121030,MIA,BOS
Shot Chart Detail,0021200002,228,951,Ray Allen,1610612748,Miami Heat,2,5,6,Made Shot,Running Jump Shot,3PT Field Goal,Above the Break 3,Right Side Center(RC),24+ ft.,24.0,140.0,205.0,1,1,20121030,MIA,BOS
Shot Chart Detail,0021200002,278,951,Ray Allen,1610612748,Miami Heat,2,1,26,Missed Shot,Jump Shot,3PT Field Goal,Above the Break 3,Right Side Center(RC),24+ ft.,24.0,176.0,170.0,1,0,20121030,MIA,BOS
Shot Chart Detail,0021200002,393,951,Ray Allen,1610612748,Miami Heat,3,1,30,Made Shot,Jump Shot,2PT Field Goal,Mid-Range,Left Side Center(LC),16-24 ft.,22.0,-131.0,181.0,1,1,20121030,MIA,BOS
Shot Chart Detail,0021200002,417,951,Ray Allen,1610612748,Miami Heat,4,10,23,Made Shot,Driving Layup Shot,2PT Field Goal,Restricted Area,Center(C),Less Than 8 ft.,2.0,21.0,0.0,1,1,20121030,MIA,BOS
Shot Chart Detail,0021200020,30,951,Ray Allen,1610612748,Miami Heat,1,7,31,Missed Shot,Driving Layup Shot,2PT Field Goal,Restricted Area,Center(C),Less Than 8 ft.,2.0,-23.0,9.0,1,0,20121102,NYK,MIA
Shot Chart Detail,0021200020,87,951,Ray Allen,1610612748,Miami Heat,1,1,56,Missed Shot,Jump Shot,3PT Field Goal,Left Corner 3,Left Side(L),24+ ft.,23.0,-231.0,-21.0,1,0,20121102,NYK,MIA
Shot Chart Detail,0021200020,333,951,Ray Allen,1610612748,Miami Heat,3,2,56,Made Shot,Jump Shot,3PT Field Goal,Above the Break 3,Center(C),24+ ft.,25.0,60.0,249.0,1,1,20121102,NYK,MIA
Shot Chart Detail,0021200020,354,951,Ray Allen,1610612748,Miami Heat,3,0,22,Missed Shot,Jump Shot,3PT Field Goal,Right Corner 3,Right Side(R),24+ ft.,23.0,234.0,-22.0,1,0,20121102,NYK,MIA
Shot Chart Detail,0021200020,398,951,Ray Allen,1610612748,Miami Heat,4,7,28,Made Shot,Layup Shot,2PT Field Goal,Restricted Area,Center(C),Less Than 8 ft.,0.0,6.0,6.0,1,1,20121102,NYK,MIA
Shot Chart Detail,0021200030,90,951,Ray Allen,1610612748,Miami Heat,1,3,21,Made Shot,Jump Shot,3PT Field Goal,Left Corner 3,Left Side(L),24+ ft.,24.0,-242.0,1.0,1,1,20121103,MIA,DEN
Shot Chart Detail,0021200030,95,951,Ray Allen,1610612748,Miami Heat,1,2,41,Made Shot,Driving Layup Shot,2PT Field Goal,Restricted Area,Center(C),Less Than 8 ft.,0.0,-7.0,7.0,1,1,20121103,MIA,DEN
Shot Chart Detail,0021200030,117,951,Ray Allen,1610612748,Miami Heat,1,1,29,Made Shot,Jump Shot,3PT Field Goal,Above the Break 3,Right Side Center(RC),24+ ft.,25.0,116.0,222.0,1,1,20121103,MIA,DEN
Shot Chart Detail,0021200030,171,951,Ray Allen,1610612748,Miami Heat,2,8,26,Missed Shot,Jump Shot,3PT Field Goal,Right Corner 3,Right Side(R),24+ ft.,23.0,231.0,6.0,1,0,20121103,MIA,DEN
Shot Chart Detail,0021200030,354,951,Ray Allen,1610612748,Miami Heat,3,4,11,Made Shot,Jump Shot,3PT Field Goal,Above the Break 3,Left Side Center(LC),24+ ft.,24.0,-187.0,164.0,1,1,20121103,MIA,DEN
Shot Chart Detail,0021200030,387,951,Ray Allen,1610612748,Miami Heat,3,0,14,Missed Shot,Jump Shot,3PT Field Goal,Above the Break 3,Right Side Center(RC),24+ ft.,24.0,174.0,175.0,1,0,20121103,MIA,DEN
Shot Chart Detail,0021200030,425,951,Ray Allen,1610612748,Miami Heat,4,9,2,Made Shot,Running Jump Shot,2PT Field Goal,In The Paint (Non-RA),Center(C),8-16 ft.,9.0,1.0,91.0,1,1,20121103,MIA,DEN
Shot Chart Detail,0021200030,452,951,Ray Allen,1610612748,Miami Heat,4,7,22,Missed Shot,Jump Shot,3PT Field Goal,Above the Break 3,Left Side Center(LC),24+ ft.,24.0,-224.0,102.0,1,0,20121103,MIA,DEN
Shot Chart Detail,0021200030,459,951,Ray Allen,1610612748,Miami Heat,4,6,51,Made Shot,Jump Shot,3PT Field Goal,Above the Break 3,Right Side Center(RC),24+ ft.,24.0,125.0,211.0,1,1,20121103,MIA,DEN
Shot Chart Detail,0021200030,467,951,Ray Allen,1610612748,Miami Heat,4,6,10,Made Shot,Jump Shot,3PT Field Goal,Above the Break 3,Center(C),24+ ft.,25.0,42.0,247.0,1,1,20121103,MIA,DEN
Shot Chart Detail,0021200030,483,951,Ray Allen,1610612748,Miami Heat,4,4,18,Missed Shot,Jump Shot,3PT Field Goal,Above the Break 3,Right Side Center(RC),24+ ft.,24.0,182.0,168.0,1,0,20121103,MIA,DEN
Shot Chart Detail,0021200030,530,951,Ray Allen,1610612748,Miami Heat,4,0,6,Made Shot,Jump Shot,3PT Field Goal,Left Corner 3,Left Side(L),24+ ft.,23.0,-237.0,11.0,1,1,20121103,MIA,DEN
Shot Chart Detail,0021200044,76,951,Ray Allen,1610612748,Miami Heat,1,3,58,Made Shot,Jump Shot,3PT Field Goal,Left Corner 3,Left Side(L),24+ ft.,24.0,-240.0,9.0,1,1,20121105,MIA,PHX
Shot Chart Detail,0021200044,109,951,Ray Allen,1610612748,Miami Heat,1,1,5,Missed Shot,Running Dunk Shot,2PT Field Goal,Restricted Area,Center(C),Less Than 8 ft.,1.0,1.0,11.0,1,0,20121105,MIA,PHX
Shot Chart Detail,0021200044,148,951,Ray Allen,1610612748,Miami Heat,2,10,43,Made Shot,Jump Shot,3PT Field Goal,Left Corner 3,Left Side(L),24+ ft.,24.0,-243.0,14.0,1,1,20121105,MIA,PHX
Shot Chart Detail,0021200044,242,951,Ray Allen,1610612748,Miami Heat,2,4,42,Missed Shot,Jump Shot,2PT Field Goal,In The Paint (Non-RA),Center(C),Less Than 8 ft.,5.0,59.0,1.0,1,0,20121105,MIA,PHX
Shot Chart Detail,0021200044,246,951,Ray Allen,1610612748,Miami Heat,2,4,22,Made Shot,Jump Shot,3PT Field Goal,Left Corner 3,Left Side(L),24+ ft.,23.0,-237.0,3.0,1,1,20121105,MIA,PHX
Shot Chart Detail,0021200044,249,951,Ray Allen,1610612748,Miami Heat,2,3,46,Missed Shot,Jump Shot,2PT Field Goal,Mid-Range,Right Side(R),16-24 ft.,16.0,165.0,30.0,1,0,20121105,MIA,PHX
Shot Chart Detail,0021200044,429,951,Ray Allen,1610612748,Miami Heat,4,11,34,Missed Shot,Jump Shot,2PT Field Goal,Mid-Range,Left Side(L),8-16 ft.,15.0,-136.0,78.0,1,0,20121105,MIA,PHX
Shot Chart Detail,0021200044,439,951,Ray Allen,1610612748,Miami Heat,4,10,40,Missed Shot,Jump Shot,3PT Field Goal,Above the Break 3,Right Side Center(RC),24+ ft.,24.0,206.0,129.0,1,0,20121105,MIA,PHX
Shot Chart Detail,0021200044,459,951,Ray Allen,1610612748,Miami Heat,4,8,20,Made Shot,Layup Shot,2PT Field Goal,Restricted Area,Center(C),Less Than 8 ft.,1.0,15.0,6.0,1,1,20121105,MIA,PHX
Shot Chart Detail,0021200056,133,951,Ray Allen,1610612748,Miami Heat,2,11,11,Made Shot,Jump Shot,2PT Field Goal,Mid-Range,Left Side(L),8-16 ft.,15.0,-106.0,116.0,1,1,20121107,MIA,BKN
Shot Chart Detail,0021200056,137,951,Ray Allen,1610612748,Miami Heat,2,10,19,Missed Shot,Jump Shot,3PT Field Goal,Above the Break 3,Center(C),24+ ft.,24.0,31.0,246.0,1,0,20121107,MIA,BKN
Shot Chart Detail,0021200056,144,951,Ray Allen,1610612748,Miami Heat,2,9,4,Made Shot,Jump Shot,2PT Field Goal,In The Paint (Non-RA),Center(C),Less Than 8 ft.,5.0,-4.0,56.0,1,1,20121107,MIA,BKN
Shot Chart Detail,0021200056,209,951,Ray Allen,1610612748,Miami Heat,2,3,21,Made Shot,Jump Shot,2PT Field Goal,Mid-Range,Right Side Center(RC),16-24 ft.,18.0,86.0,159.0,1,1,20121107,MIA,BKN
Shot Chart Detail,0021200056,373,951,Ray Allen,1610612748,Miami Heat,4,11,1,Missed Shot,Jump Shot,2PT Field Goal,Mid-Range,Left Side Center(LC),16-24 ft.,17.0,-103.0,142.0,1,0,20121107,MIA,BKN
Shot Chart Detail,0021200056,421,951,Ray Allen,1610612748,Miami Heat,4,5,12,Made Shot,Jump Shot,3PT Field Goal,Above the Break 3,Left Side Center(LC),24+ ft.,24.0,-190.0,151.0,1,1,20121107,MIA,BKN
Shot Chart Detail,0021200072,72,951,Ray Allen,1610612748,Miami Heat,1,3,38,Made Shot,Jump Shot,3PT Field Goal,Above the Break 3,Right Side Center(RC),24+ ft.,25.0,236.0,96.0,1,1,20121109,ATL,MIA
Shot Chart Detail,0021200072,103,951,Ray Allen,1610612748,Miami Heat,1,1,13,Made Shot,Jump Shot,3PT Field Goal,Right Corner 3,Right Side(R),24+ ft.,25.0,242.0,63.0,1,1,20121109,ATL,MIA
Shot Chart Detail,0021200072,134,951,Ray Allen,1610612748,Miami Heat,2,9,19,Missed Shot,Turnaround Jump Shot,2PT Field Goal,In The Paint (Non-RA),Center(C),Less Than 8 ft.,4.0,0.0,41.0,1,0,20121109,ATL,MIA
Shot Chart Detail,0021200072,140,951,Ray Allen,1610612748,Miami Heat,2,8,41,Made Shot,Jump Shot,3PT Field Goal,Above the Break 3,Left Side Center(LC),24+ ft.,24.0,-128.0,209.0,1,1,20121109,ATL,MIA
Shot Chart Detail,0021200072,155,951,Ray Allen,1610612748,Miami Heat,2,7,47,Made Shot,Driving Jump shot,2PT Field Goal,In The Paint (Non-RA),Center(C),8-16 ft.,11.0,51.0,99.0,1,1,20121109,ATL,MIA
Shot Chart Detail,0021200072,173,951,Ray Allen,1610612748,Miami Heat,2,5,34,Missed Shot,Jump Shot,2PT Field Goal,Mid-Range,Right Side Center(RC),16-24 ft.,21.0,95.0,198.0,1,0,20121109,ATL,MIA
Shot Chart Detail,0021200072,371,951,Ray Allen,1610612748,Miami Heat,4,11,32,Missed Shot,Driving Jump shot,2PT Field Goal,In The Paint (Non-RA),Center(C),Less Than 8 ft.,6.0,13.0,60.0,1,0,20121109,ATL,MIA
Shot Chart Detail,0021200072,375,951,Ray Allen,1610612748,Miami Heat,4,11,3,Missed Shot,Jump Shot,2PT Field Goal,Mid-Range,Left Side(L),8-16 ft.,14.0,-81.0,119.0,1,0,20121109,ATL,MIA
Shot Chart Detail,0021200072,381,951,Ray Allen,1610612748,Miami Heat,4,10,1,Made Shot,Jump Shot,2PT Field Goal,Mid-Range,Left Side(L),8-16 ft.,10.0,-103.0,34.0,1,1,20121109,ATL,MIA
Shot Chart Detail,0021200072,433,951,Ray Allen,1610612748,Miami Heat,4,4,12,Missed Shot,Jump Shot,3PT Field Goal,Above the Break 3,Left Side Center(LC),24+ ft.,24.0,-161.0,190.0,1,0,20121109,ATL,MIA
Shot Chart Detail,0021200072,441,951,Ray Allen,1610612748,Miami Heat,4,3,8,Missed Shot,Jump Shot,3PT Field Goal,Right Corner 3,Right Side(R),24+ ft.,24.0,242.0,23.0,1,0,20121109,ATL,MIA
Shot Chart Detail,0021200072,466,951,Ray Allen,1610612748,Miami Heat,4,1,22,Made Shot,Jump Shot,2PT Field Goal,Mid-Range,Right Side(R),16-24 ft.,17.0,173.0,11.0,1,1,20121109,ATL,MIA
Shot Chart Detail,0021200092,116,951,Ray Allen,1610612748,Miami Heat,1,0,55,Missed Shot,Jump Shot,3PT Field Goal,Above the Break 3,Right Side Center(RC),24+ ft.,25.0,157.0,197.0,1,0,20121111,MEM,MIA
Shot Chart Detail,0021200092,150,951,Ray Allen,1610612748,Miami Heat,2,9,50,Missed Shot,Running Jump Shot,2PT Field Goal,Restricted Area,Center(C),Less Than 8 ft.,3.0,24.0,28.0,1,0,20121111,MEM,MIA
Shot Chart Detail,0021200092,191,951,Ray Allen,1610612748,Miami Heat,2,6,36,Missed Shot,Jump Shot,2PT Field Goal,Mid-Range,Right Side(R),16-24 ft.,17.0,170.0,0.0,1,0,20121111,MEM,MIA
Shot Chart Detail,0021200092,342,951,Ray Allen,1610612748,Miami Heat,3,2,54,Missed Shot,Jump Shot,3PT Field Goal,Left Corner 3,Left Side(L),24+ ft.,24.0,-242.0,0.0,1,0,20121111,MEM,MIA
Shot Chart Detail,0021200092,358,951,Ray Allen,1610612748,Miami Heat,3,2,12,Made Shot,Layup Shot,2PT Field Goal,Restricted Area,Center(C),Less Than 8 ft.,0.0,6.0,3.0,1,1,20121111,MEM,MIA
Shot Chart Detail,0021200092,409,951,Ray Allen,1610612748,Miami Heat,4,9,39,Made Shot,Jump Shot,3PT Field Goal,Left Corner 3,Left Side(L),24+ ft.,23.0,-232.0,23.0,1,1,20121111,MEM,MIA
Shot Chart Detail,0021200092,445,951,Ray Allen,1610612748,Miami Heat,4,7,27,Missed Shot,Layup Shot,2PT Field Goal,Restricted Area,Center(C),Less Than 8 ft.,1.0,12.0,12.0,1,0,20121111,MEM,MIA
Shot Chart Detail,0021200099,151,951,Ray Allen,1610612748,Miami Heat,2,10,36,Missed Shot,Jump Shot,3PT Field Goal,Above the Break 3,Right Side Center(RC),24+ ft.,24.0,217.0,116.0,1,0,20121112,HOU,MIA
Shot Chart Detail,0021200099,160,951,Ray Allen,1610612748,Miami Heat,2,9,28,Missed Shot,Jump Shot,3PT Field Goal,Above the Break 3,Left Side Center(LC),24+ ft.,25.0,-179.0,178.0,1,0,20121112,HOU,MIA
Shot Chart Detail,0021200099,424,951,Ray Allen,1610612748,Miami Heat,3,1,0,Made Shot,Driving Layup Shot,2PT Field Goal,Restricted Area,Center(C),Less Than 8 ft.,1.0,17.0,3.0,1,1,20121112,HOU,MIA
Shot Chart Detail,0021200099,426,951,Ray Allen,1610612748,Miami Heat,3,0,33,Made Shot,Jump Shot,3PT Field Goal,Left Corner 3,Left Side(L),24+ ft.,23.0,-234.0,12.0,1,1,20121112,HOU,MIA
Shot Chart Detail,0021200099,497,951,Ray Allen,1610612748,Miami Heat,4,5,43,Missed Shot,Jump Shot,3PT Field Goal,Above the Break 3,Left Side Center(LC),24+ ft.,24.0,-183.0,160.0,1,0,20121112,HOU,MIA
Shot Chart Detail,0021200099,501,951,Ray Allen,1610612748,Miami Heat,4,5,12,Missed Shot,Jump Shot,2PT Field Goal,In The Paint (Non-RA),Center(C),Less Than 8 ft.,5.0,4.0,55.0,1,0,20121112,HOU,MIA
Shot Chart Detail,0021200099,530,951,Ray Allen,1610612748,Miami Heat,4,2,46,Made Shot,Jump Shot,3PT Field Goal,Right Corner 3,Right Side(R),24+ ft.,23.0,231.0,-5.0,1,1,20121112,HOU,MIA
Shot Chart Detail,0021200117,216,951,Ray Allen,1610612748,Miami Heat,2,3,32,Made Shot,Running Jump Shot,3PT Field Goal,Above the Break 3,Right Side Center(RC),24+ ft.,27.0,162.0,216.0,1,1,20121114,LAC,MIA
Shot Chart Detail,0021200117,224,951,Ray Allen,1610612748,Miami Heat,2,2,30,Missed Shot,Jump Shot,3PT Field Goal,Left Corner 3,Left Side(L),24+ ft.,22.0,-228.0,19.0,1,0,20121114,LAC,MIA
Shot Chart Detail,0021200117,252,951,Ray Allen,1610612748,Miami Heat,2,0,9,Made Shot,Jump Shot,2PT Field Goal,Restricted Area,Center(C),Less Than 8 ft.,3.0,13.0,30.0,1,1,20121114,LAC,MIA
Shot Chart Detail,0021200117,385,951,Ray Allen,1610612748,Miami Heat,3,0,56,Made Shot,Floating Jump shot,2PT Field Goal,In The Paint (Non-RA),Left Side(L),8-16 ft.,10.0,-60.0,80.0,1,1,20121114,LAC,MIA
Shot Chart Detail,0021200117,406,951,Ray Allen,1610612748,Miami Heat,4,11,35,Missed Shot,Layup Shot,2PT Field Goal,Restricted Area,Center(C),Less Than 8 ft.,1.0,9.0,14.0,1,0,20121114,LAC,MIA
Shot Chart Detail,0021200117,511,951,Ray Allen,1610612748,Miami Heat,4,4,38,Made Shot,Running Bank shot,2PT Field Goal,In The Paint (Non-RA),Center(C),Less Than 8 ft.,5.0,-54.0,7.0,1,1,20121114,LAC,MIA
Shot Chart Detail,0021200121,89,951,Ray Allen,1610612748,Miami Heat,1,1,33,Missed Shot,Jump Shot,2PT Field Goal,Mid-Range,Left Side(L),8-16 ft.,15.0,-89.0,131.0,1,0,20121115,DEN,MIA
Shot Chart Detail,0021200121,238,951,Ray Allen,1610612748,Miami Heat,2,0,2,Made Shot,Jump Shot,3PT Field Goal,Left Corner 3,Left Side(L),24+ ft.,22.0,-226.0,20.0,1,1,20121115,DEN,MIA
Shot Chart Detail,0021200121,339,951,Ray Allen,1610612748,Miami Heat,3,2,1,Missed Shot,Jump Shot,2PT Field Goal,Mid-Range,Left Side Center(LC),16-24 ft.,19.0,-146.0,127.0,1,0,20121115,DEN,MIA
Shot Chart Detail,0021200121,347,951,Ray Allen,1610612748,Miami Heat,3,1,7,Made Shot,Layup Shot,2PT Field Goal,Restricted Area,Center(C),Less Than 8 ft.,2.0,23.0,0.0,1,1,20121115,DEN,MIA
Shot Chart Detail,0021200121,361,951,Ray Allen,1610612748,Miami Heat,3,0,0,Missed Shot,Running Jump Shot,3PT Field Goal,Above the Break 3,Left Side Center(LC),24+ ft.,26.0,-212.0,162.0,1,0,20121115,DEN,MIA
Shot Chart Detail,0021200121,386,951,Ray Allen,1610612748,Miami Heat,4,10,16,Missed Shot,Jump Shot,2PT Field Goal,Mid-Range,Left Side(L),16-24 ft.,20.0,-209.0,7.0,1,0,20121115,DEN,MIA
Shot Chart Detail,0021200121,450,951,Ray Allen,1610612748,Miami Heat,4,1,59,Missed Shot,Jump Shot,3PT Field Goal,Above the Break 3,Right Side Center(RC),24+ ft.,25.0,204.0,154.0,1,0,20121115,DEN,MIA
Shot Chart Detail,0021200121,463,951,Ray Allen,1610612748,Miami Heat,4,1,12,Missed Shot,Jump Shot,3PT Field Goal,Above the Break 3,Center(C),24+ ft.,24.0,-70.0,238.0,1,0,20121115,DEN,MIA
Shot Chart Detail,0021200138,101,951,Ray Allen,1610612748,Miami Heat,1,1,25,Made Shot,Jump Shot,2PT Field Goal,Mid-Range,Left Side(L),16-24 ft.,16.0,-163.0,-5.0,1,1,20121117,PHX,MIA
Shot Chart Detail,0021200138,119,951,Ray Allen,1610612748,Miami Heat,2,11,16,Made Shot,Jump Shot,2PT Field Goal,Mid-Range,Center(C),8-16 ft.,15.0,-52.0,146.0,1,1,20121117,PHX,MIA
Shot Chart Detail,0021200138,226,951,Ray Allen,1610612748,Miami Heat,2,0,0,Missed Shot,Jump Shot,2PT Field Goal,Mid-Range,Left Side(L),16-24 ft.,18.0,-183.0,44.0,1,0,20121117,PHX,MIA
Shot Chart Detail,0021200138,386,951,Ray Allen,1610612748,Miami Heat,4,7,32,Made Shot,Jump Bank Shot,2PT Field Goal,In The Paint (Non-RA),Left Side(L),8-16 ft.,8.0,-60.0,56.0,1,1,20121117,PHX,MIA
Shot Chart Detail,0021200163,102,951,Ray Allen,1610612748,Miami Heat,1,3,2,Missed Shot,Jump Shot,3PT Field Goal,Above the Break 3,Right Side Center(RC),24+ ft.,24.0,193.0,157.0,1,0,20121121,MIA,MIL
Shot Chart Detail,0021200163,117,951,Ray Allen,1610612748,Miami Heat,1,2,29,Made Shot,Driving Layup Shot,2PT Field Goal,Restricted Area,Center(C),Less Than 8 ft.,1.0,6.0,15.0,1,1,20121121,MIA,MIL
Shot Chart Detail,0021200163,127,951,Ray Allen,1610612748,Miami Heat,1,1,34,Missed Shot,Reverse Layup Shot,2PT Field Goal,Restricted Area,Center(C),Less Than 8 ft.,1.0,-8.0,11.0,1,0,20121121,MIA,MIL
Shot Chart Detail,0021200163,158,951,Ray Allen,1610612748,Miami Heat,2,9,33,Missed Shot,Layup Shot,2PT Field Goal,Restricted Area,Center(C),Less Than 8 ft.,1.0,-8.0,6.0,1,0,20121121,MIA,MIL
Shot Chart Detail,0021200163,172,951,Ray Allen,1610612748,Miami Heat,2,8,52,Made Shot,Jump Shot,3PT Field Goal,Above the Break 3,Right Side Center(RC),24+ ft.,24.0,185.0,164.0,1,1,20121121,MIA,MIL
Shot Chart Detail,0021200163,420,951,Ray Allen,1610612748,Miami Heat,4,8,33,Missed Shot,Jump Shot,2PT Field Goal,Mid-Range,Left Side(L),16-24 ft.,20.0,-207.0,12.0,1,0,20121121,MIA,MIL
Shot Chart Detail,0021200163,459,951,Ray Allen,1610612748,Miami Heat,4,5,38,Missed Shot,Driving Layup Shot,2PT Field Goal,Restricted Area,Center(C),Less Than 8 ft.,1.0,9.0,7.0,1,0,20121121,MIA,MIL
Shot Chart Detail,0021200163,469,951,Ray Allen,1610612748,Miami Heat,4,5,13,Missed Shot,Jump Shot,3PT Field Goal,Above the Break 3,Left Side Center(LC),24+ ft.,25.0,-78.0,238.0,1,0,20121121,MIA,MIL
Shot Chart Detail,0021200163,488,951,Ray Allen,1610612748,Miami Heat,4,2,48,Made Shot,Jump Shot,3PT Field Goal,Right Corner 3,Right Side(R),24+ ft.,23.0,231.0,17.0,1,1,20121121,MIA,MIL
Shot Chart Detail,0021200163,566,951,Ray Allen,1610612748,Miami Heat,5,1,7,Made Shot,Jump Shot,3PT Field Goal,Left Corner 3,Left Side(L),24+ ft.,22.0,-224.0,-3.0,1,1,20121121,MIA,MIL
Shot Chart Detail,0021200186,105,951,Ray Allen,1610612748,Miami Heat,1,1,43,Missed Shot,Jump Bank Shot,2PT Field Goal,Restricted Area,Center(C),Less Than 8 ft.,0.0,7.0,7.0,1,0,20121124,MIA,CLE
Shot Chart Detail,0021200186,115,951,Ray Allen,1610612748,Miami Heat,1,0,57,Missed Shot,Driving Layup Shot,2PT Field Goal,Restricted Area,Center(C),Less Than 8 ft.,1.0,-13.0,12.0,1,0,20121124,MIA,CLE
Shot Chart Detail,0021200186,163,951,Ray Allen,1610612748,Miami Heat,2,9,9,Made Shot,Running Jump Shot,2PT Field Goal,In The Paint (Non-RA),Center(C),8-16 ft.,12.0,17.0,127.0,1,1,20121124,MIA,CLE
Shot Chart Detail,0021200186,169,951,Ray Allen,1610612748,Miami Heat,2,8,51,Missed Shot,Jump Shot,3PT Field Goal,Right Corner 3,Right Side(R),24+ ft.,24.0,233.0,77.0,1,0,20121124,MIA,CLE
Shot Chart Detail,0021200186,404,951,Ray Allen,1610612748,Miami Heat,3,2,4,Missed Shot,Driving Layup Shot,2PT Field Goal,Restricted Area,Center(C),Less Than 8 ft.,0.0,2.0,9.0,1,0,20121124,MIA,CLE
Shot Chart Detail,0021200186,466,951,Ray Allen,1610612748,Miami Heat,4,8,16,Made Shot,Jump Shot,3PT Field Goal,Left Corner 3,Left Side(L),24+ ft.,23.0,-232.0,17.0,1,1,20121124,MIA,CLE
Shot Chart Detail,0021200186,486,951,Ray Allen,1610612748,Miami Heat,4,6,32,Made Shot,Jump Shot,3PT Field Goal,Above the Break 3,Left Side Center(LC),24+ ft.,25.0,-209.0,143.0,1,1,20121124,MIA,CLE
Shot Chart Detail,0021200186,498,951,Ray Allen,1610612748,Miami Heat,4,5,10,Made Shot,Layup Shot,2PT Field Goal,Restricted Area,Center(C),Less Than 8 ft.,1.0,10.0,9.0,1,1,20121124,MIA,CLE
Shot Chart Detail,0021200186,543,951,Ray Allen,1610612748,Miami Heat,4,2,15,Missed Shot,Jump Shot,3PT Field Goal,Left Corner 3,Left Side(L),24+ ft.,25.0,-240.0,75.0,1,0,20121124,MIA,CLE
Shot Chart Detail,0021200186,553,951,Ray Allen,1610612748,Miami Heat,4,1,32,Made Shot,Driving Layup Shot,2PT Field Goal,Restricted Area,Center(C),Less Than 8 ft.,0.0,-4.0,7.0,1,1,20121124,MIA,CLE
Shot Chart Detail,0021200186,568,951,Ray Allen,1610612748,Miami Heat,4,0,18,Made Shot,Jump Shot,3PT Field Goal,Above the Break 3,Right Side Center(RC),24+ ft.,25.0,195.0,160.0,1,1,20121124,MIA,CLE
Shot Chart Detail,0021200220,97,951,Ray Allen,1610612748,Miami Heat,1,2,21,Missed Shot,Jump Shot,2PT Field Goal,Mid-Range,Left Side(L),8-16 ft.,13.0,-136.0,14.0,1,0,20121129,MIA,SAS
Shot Chart Detail,0021200220,133,951,Ray Allen,1610612748,Miami Heat,2,10,39,Made Shot,Driving Finger Roll Layup Shot,2PT Field Goal,Restricted Area,Center(C),Less Than 8 ft.,1.0,0.0,11.0,1,1,20121129,MIA,SAS
Shot Chart Detail,0021200220,138,951,Ray Allen,1610612748,Miami Heat,2,9,42,Made Shot,Running Layup Shot,2PT Field Goal,Restricted Area,Center(C),Less Than 8 ft.,3.0,29.0,26.0,1,1,20121129,MIA,SAS
Shot Chart Detail,0021200220,147,951,Ray Allen,1610612748,Miami Heat,2,8,44,Missed Shot,Jump Shot,3PT Field Goal,Above the Break 3,Left Side Center(LC),24+ ft.,25.0,-213.0,142.0,1,0,20121129,MIA,SAS
Shot Chart Detail,0021200220,152,951,Ray Allen,1610612748,Miami Heat,2,8,16,Missed Shot,Turnaround Jump Shot,2PT Field Goal,In The Paint (Non-RA),Center(C),8-16 ft.,10.0,2.0,102.0,1,0,20121129,MIA,SAS
Shot Chart Detail,0021200220,208,951,Ray Allen,1610612748,Miami Heat,2,1,59,Missed Shot,Running Jump Shot,2PT Field Goal,In The Paint (Non-RA),Center(C),Less Than 8 ft.,7.0,-5.0,78.0,1,0,20121129,MIA,SAS
Shot Chart Detail,0021200220,211,951,Ray Allen,1610612748,Miami Heat,2,1,17,Missed Shot,Jump Shot,2PT Field Goal,Mid-Range,Right Side(R),16-24 ft.,16.0,168.0,11.0,1,0,20121129,MIA,SAS
Shot Chart Detail,0021200220,310,951,Ray Allen,1610612748,Miami Heat,3,2,33,Made Shot,Jump Shot,2PT Field Goal,Mid-Range,Left Side(L),16-24 ft.,17.0,-150.0,83.0,1,1,20121129,MIA,SAS
Shot Chart Detail,0021200220,312,951,Ray Allen,1610612748,Miami Heat,3,1,59,Made Shot,Running Bank shot,2PT Field Goal,In The Paint (Non-RA),Center(C),Less Than 8 ft.,6.0,58.0,20.0,1,1,20121129,MIA,SAS
Shot Chart Detail,0021200220,348,951,Ray Allen,1610612748,Miami Heat,4,11,46,Made Shot,Turnaround Jump Shot,2PT Field Goal,In The Paint (Non-RA),Center(C),Less Than 8 ft.,4.0,-11.0,39.0,1,1,20121129,MIA,SAS
Shot Chart Detail,0021200220,359,951,Ray Allen,1610612748,Miami Heat,4,10,47,Missed Shot,Finger Roll Layup Shot,2PT Field Goal,Restricted Area,Center(C),Less Than 8 ft.,1.0,4.0,19.0,1,0,20121129,MIA,SAS
Shot Chart Detail,0021200220,374,951,Ray Allen,1610612748,Miami Heat,4,9,19,Made Shot,Jump Shot,2PT Field Goal,Mid-Range,Center(C),8-16 ft.,15.0,2.0,156.0,1,1,20121129,MIA,SAS
Shot Chart Detail,0021200220,391,951,Ray Allen,1610612748,Miami Heat,4,8,26,Missed Shot,Jump Shot,2PT Field Goal,Mid-Range,Right Side(R),16-24 ft.,17.0,170.0,22.0,1,0,20121129,MIA,SAS
Shot Chart Detail,0021200220,443,951,Ray Allen,1610612748,Miami Heat,4,3,56,Missed Shot,Jump Shot,3PT Field Goal,Above the Break 3,Right Side Center(RC),24+ ft.,24.0,222.0,107.0,1,0,20121129,MIA,SAS
Shot Chart Detail,0021200220,486,951,Ray Allen,1610612748,Miami Heat,4,0,22,Made Shot,Jump Shot,3PT Field Goal,Above the Break 3,Left Side Center(LC),24+ ft.,27.0,-183.0,203.0,1,1,20121129,MIA,SAS
Shot Chart Detail,0021200233,83,951,Ray Allen,1610612748,Miami Heat,1,2,1,Made Shot,Jump Shot,2PT Field Goal,Mid-Range,Center(C),16-24 ft.,17.0,-37.0,176.0,1,1,20121201,MIA,BKN
Shot Chart Detail,0021200233,111,951,Ray Allen,1610612748,Miami Heat,2,10,44,Made Shot,Jump Shot,3PT Field Goal,Above the Break 3,Right Side Center(RC),24+ ft.,24.0,215.0,123.0,1,1,20121201,MIA,BKN
Shot Chart Detail,0021200233,334,951,Ray Allen,1610612748,Miami Heat,3,4,6,Made Shot,Jump Bank Shot,2PT Field Goal,Mid-Range,Right Side(R),8-16 ft.,12.0,110.0,53.0,1,1,20121201,MIA,BKN
Shot Chart Detail,0021200233,380,951,Ray Allen,1610612748,Miami Heat,4,11,39,Made Shot,Jump Shot,2PT Field Goal,Mid-Range,Left Side(L),8-16 ft.,8.0,-89.0,-6.0,1,1,20121201,MIA,BKN
Shot Chart Detail,0021200233,391,951,Ray Allen,1610612748,Miami Heat,4,10,27,Missed Shot,Layup Shot,2PT Field Goal,Restricted Area,Center(C),Less Than 8 ft.,2.0,23.0,12.0,1,0,20121201,MIA,BKN
Shot Chart Detail,0021200233,399,951,Ray Allen,1610612748,Miami Heat,4,9,37,Missed Shot,Jump Shot,3PT Field Goal,Left Corner 3,Left Side(L),24+ ft.,23.0,-229.0,47.0,1,0,20121201,MIA,BKN
Shot Chart Detail,0021200233,499,951,Ray Allen,1610612748,Miami Heat,4,2,11,Made Shot,Jump Shot,3PT Field Goal,Left Corner 3,Left Side(L),24+ ft.,23.0,-231.0,31.0,1,1,20121201,MIA,BKN
Shot Chart Detail,0021200252,104,951,Ray Allen,1610612748,Miami Heat,1,3,12,Missed Shot,Layup Shot,2PT Field Goal,Restricted Area,Center(C),Less Than 8 ft.,1.0,13.0,3.0,1,0,20121204,WAS,MIA
Shot Chart Detail,0021200252,139,951,Ray Allen,1610612748,Miami Heat,1,0,11,Made Shot,Jump Shot,3PT Field Goal,Above the Break 3,Left Side Center(LC),24+ ft.,26.0,-161.0,211.0,1,1,20121204,WAS,MIA
Shot Chart Detail,0021200252,141,951,Ray Allen,1610612748,Miami Heat,1,0,0,Missed Shot,Jump Shot,3PT Field Goal,Above the Break 3,Center(C),24+ ft.,36.0,7.0,364.0,1,0,20121204,WAS,MIA
Shot Chart Detail,0021200252,148,951,Ray Allen,1610612748,Miami Heat,2,11,23,Made Shot,Jump Shot,3PT Field Goal,Left Corner 3,Left Side(L),24+ ft.,23.0,-232.0,58.0,1,1,20121204,WAS,MIA
Shot Chart Detail,0021200252,154,951,Ray Allen,1610612748,Miami Heat,2,10,14,Made Shot,Layup Shot,2PT Field Goal,Restricted Area,Center(C),Less Than 8 ft.,0.0,2.0,4.0,1,1,20121204,WAS,MIA
Shot Chart Detail,0021200252,156,951,Ray Allen,1610612748,Miami Heat,2,9,47,Missed Shot,Jump Shot,2PT Field Goal,Mid-Range,Right Side(R),16-24 ft.,20.0,185.0,97.0,1,0,20121204,WAS,MIA
Shot Chart Detail,0021200252,221,951,Ray Allen,1610612748,Miami Heat,2,3,27,Missed Shot,Jump Shot,3PT Field Goal,Above the Break 3,Left Side Center(LC),24+ ft.,25.0,-139.0,208.0,1,0,20121204,WAS,MIA
Shot Chart Detail,0021200252,321,951,Ray Allen,1610612748,Miami Heat,3,4,47,Made Shot,Jump Shot,3PT Field Goal,Above the Break 3,Left Side Center(LC),24+ ft.,25.0,-229.0,121.0,1,1,20121204,WAS,MIA
Shot Chart Detail,0021200252,365,951,Ray Allen,1610612748,Miami Heat,3,0,41,Missed Shot,Jump Shot,3PT Field Goal,Above the Break 3,Left Side Center(LC),24+ ft.,24.0,-226.0,93.0,1,0,20121204,WAS,MIA
Shot Chart Detail,0021200252,442,951,Ray Allen,1610612748,Miami Heat,4,5,40,Missed Shot,Jump Shot,3PT Field Goal,Left Corner 3,Left Side(L),24+ ft.,25.0,-245.0,78.0,1,0,20121204,WAS,MIA
Shot Chart Detail,0021200252,464,951,Ray Allen,1610612748,Miami Heat,4,3,15,Missed Shot,Jump Shot,3PT Field Goal,Right Corner 3,Right Side(R),24+ ft.,24.0,238.0,55.0,1,0,20121204,WAS,MIA
Shot Chart Detail,0021200252,468,951,Ray Allen,1610612748,Miami Heat,4,2,56,Missed Shot,Jump Shot,3PT Field Goal,Above the Break 3,Center(C),24+ ft.,26.0,40.0,258.0,1,0,20121204,WAS,MIA
Shot Chart Detail,0021200268,47,951,Ray Allen,1610612748,Miami Heat,1,5,56,Missed Shot,Jump Shot,3PT Field Goal,Right Corner 3,Right Side(R),24+ ft.,23.0,230.0,23.0,1,0,20121206,MIA,NYK
Shot Chart Detail,0021200268,233,951,Ray Allen,1610612748,Miami Heat,2,2,9,Made Shot,Jump Shot,2PT Field Goal,Mid-Range,Left Side(L),16-24 ft.,16.0,-164.0,23.0,1,1,20121206,MIA,NYK
Shot Chart Detail,0021200268,335,951,Ray Allen,1610612748,Miami Heat,3,6,18,Missed Shot,Jump Shot,3PT Field Goal,Left Corner 3,Left Side(L),24+ ft.,23.0,-232.0,9.0,1,0,20121206,MIA,NYK
Shot Chart Detail,0021200268,340,951,Ray Allen,1610612748,Miami Heat,3,6,9,Made Shot,Jump Shot,2PT Field Goal,Mid-Range,Left Side(L),16-24 ft.,19.0,-191.0,4.0,1,1,20121206,MIA,NYK
Shot Chart Detail,0021200268,368,951,Ray Allen,1610612748,Miami Heat,3,4,12,Missed Shot,Jump Shot,3PT Field Goal,Above the Break 3,Right Side Center(RC),24+ ft.,24.0,170.0,181.0,1,0,20121206,MIA,NYK
Shot Chart Detail,0021200268,425,951,Ray Allen,1610612748,Miami Heat,3,0,39,Made Shot,Driving Jump shot,2PT Field Goal,Restricted Area,Center(C),Less Than 8 ft.,3.0,-29.0,11.0,1,1,20121206,MIA,NYK
Shot Chart Detail,0021200268,465,951,Ray Allen,1610612748,Miami Heat,4,9,9,Missed Shot,Driving Jump shot,2PT Field Goal,In The Paint (Non-RA),Center(C),Less Than 8 ft.,5.0,48.0,15.0,1,0,20121206,MIA,NYK
Shot Chart Detail,0021200268,480,951,Ray Allen,1610612748,Miami Heat,4,8,18,Made Shot,Jump Shot,2PT Field Goal,In The Paint (Non-RA),Center(C),8-16 ft.,14.0,53.0,138.0,1,1,20121206,MIA,NYK
Shot Chart Detail,0021200286,95,951,Ray Allen,1610612748,Miami Heat,1,2,5,Missed Shot,Jump Shot,3PT Field Goal,Above the Break 3,Right Side Center(RC),24+ ft.,23.0,201.0,129.0,1,0,20121208,MIA,NOH
Shot Chart Detail,0021200286,128,951,Ray Allen,1610612748,Miami Heat,2,10,40,Made Shot,Jump Shot,3PT Field Goal,Right Corner 3,Right Side(R),24+ ft.,23.0,234.0,17.0,1,1,20121208,MIA,NOH
Shot Chart Detail,0021200286,138,951,Ray Allen,1610612748,Miami Heat,2,9,30,Made Shot,Jump Shot,3PT Field Goal,Above the Break 3,Left Side Center(LC),24+ ft.,25.0,-182.0,181.0,1,1,20121208,MIA,NOH
Shot Chart Detail,0021200286,342,951,Ray Allen,1610612748,Miami Heat,3,2,6,Made Shot,Jump Shot,3PT Field Goal,Right Corner 3,Right Side(R),24+ ft.,22.0,226.0,14.0,1,1,20121208,MIA,NOH
Shot Chart Detail,0021200286,344,951,Ray Allen,1610612748,Miami Heat,3,1,24,Made Shot,Layup Shot,2PT Field Goal,Restricted Area,Center(C),Less Than 8 ft.,0.0,1.0,0.0,1,1,20121208,MIA,NOH
Shot Chart Detail,0021200286,391,951,Ray Allen,1610612748,Miami Heat,4,8,32,Missed Shot,Reverse Layup Shot,2PT Field Goal,Restricted Area,Center(C),Less Than 8 ft.,1.0,4.0,16.0,1,0,20121208,MIA,NOH
Shot Chart Detail,0021200300,78,951,Ray Allen,1610612748,Miami Heat,1,3,15,Missed Shot,Jump Shot,3PT Field Goal,Above the Break 3,Left Side Center(LC),24+ ft.,25.0,-218.0,126.0,1,0,20121210,MIA,ATL
Shot Chart Detail,0021200300,104,951,Ray Allen,1610612748,Miami Heat,1,1,23,Made Shot,Driving Finger Roll Layup Shot,2PT Field Goal,Restricted Area,Center(C),Less Than 8 ft.,0.0,-5.0,6.0,1,1,20121210,MIA,ATL
Shot Chart Detail,0021200300,120,951,Ray Allen,1610612748,Miami Heat,2,11,6,Missed Shot,Jump Shot,2PT Field Goal,In The Paint (Non-RA),Center(C),8-16 ft.,11.0,54.0,96.0,1,0,20121210,MIA,ATL
Shot Chart Detail,0021200300,319,951,Ray Allen,1610612748,Miami Heat,3,2,2,Missed Shot,Running Hook Shot,2PT Field Goal,In The Paint (Non-RA),Right Side(R),8-16 ft.,9.0,64.0,66.0,1,0,20121210,MIA,ATL
Shot Chart Detail,0021200300,350,951,Ray Allen,1610612748,Miami Heat,4,10,37,Missed Shot,Layup Shot,2PT Field Goal,Restricted Area,Center(C),Less Than 8 ft.,0.0,-2.0,3.0,1,0,20121210,MIA,ATL
Shot Chart Detail,0021200300,386,951,Ray Allen,1610612748,Miami Heat,4,7,29,Missed Shot,Jump Shot,2PT Field Goal,Mid-Range,Right Side Center(RC),16-24 ft.,17.0,118.0,134.0,1,0,20121210,MIA,ATL
Shot Chart Detail,0021200300,397,951,Ray Allen,1610612748,Miami Heat,4,5,52,Missed Shot,Jump Shot,3PT Field Goal,Above the Break 3,Left Side Center(LC),24+ ft.,24.0,-210.0,132.0,1,0,20121210,MIA,ATL
Shot Chart Detail,0021200300,419,951,Ray Allen,1610612748,Miami Heat,4,4,19,Missed Shot,Jump Shot,3PT Field Goal,Left Corner 3,Left Side(L),24+ ft.,24.0,-228.0,78.0,1,0,20121210,MIA,ATL
Shot Chart Detail,0021200314,93,951,Ray Allen,1610612748,Miami Heat,1,2,22,Made Shot,Driving Layup Shot,2PT Field Goal,Restricted Area,Center(C),Less Than 8 ft.,1.0,-11.0,14.0,1,1,20121212,MIA,GSW
Shot Chart Detail,0021200314,130,951,Ray Allen,1610612748,Miami Heat,2,10,29,Made Shot,Floating Jump shot,2PT Field Goal,In The Paint (Non-RA),Center(C),8-16 ft.,11.0,32.0,113.0,1,1,20121212,MIA,GSW
Shot Chart Detail,0021200314,139,951,Ray Allen,1610612748,Miami Heat,2,8,58,Made Shot,Layup Shot,2PT Field Goal,Restricted Area,Center(C),Less Than 8 ft.,1.0,10.0,6.0,1,1,20121212,MIA,GSW
Shot Chart Detail,0021200314,142,951,Ray Allen,1610612748,Miami Heat,2,8,28,Made Shot,Driving Layup Shot,2PT Field Goal,Restricted Area,Center(C),Less Than 8 ft.,1.0,-15.0,4.0,1,1,20121212,MIA,GSW
Shot Chart Detail,0021200314,152,951,Ray Allen,1610612748,Miami Heat,2,7,25,Missed Shot,Jump Shot,3PT Field Goal,Above the Break 3,Left Side Center(LC),24+ ft.,24.0,-138.0,198.0,1,0,20121212,MIA,GSW
Shot Chart Detail,0021200314,207,951,Ray Allen,1610612748,Miami Heat,2,2,23,Missed Shot,Running Jump Shot,2PT Field Goal,In The Paint (Non-RA),Center(C),Less Than 8 ft.,6.0,51.0,44.0,1,0,20121212,MIA,GSW
Shot Chart Detail,0021200314,364,951,Ray Allen,1610612748,Miami Heat,4,10,6,Made Shot,Jump Shot,2PT Field Goal,Mid-Range,Center(C),8-16 ft.,14.0,29.0,143.0,1,1,20121212,MIA,GSW
Shot Chart Detail,0021200314,375,951,Ray Allen,1610612748,Miami Heat,4,8,45,Made Shot,Jump Shot,3PT Field Goal,Above the Break 3,Left Side Center(LC),24+ ft.,24.0,-179.0,165.0,1,1,20121212,MIA,GSW
Shot Chart Detail,0021200314,433,951,Ray Allen,1610612748,Miami Heat,4,2,41,Missed Shot,Jump Shot,3PT Field Goal,Right Corner 3,Right Side(R),24+ ft.,23.0,228.0,37.0,1,0,20121212,MIA,GSW
Shot Chart Detail,0021200314,454,951,Ray Allen,1610612748,Miami Heat,4,0,46,Missed Shot,Jump Shot,3PT Field Goal,Above the Break 3,Right Side Center(RC),24+ ft.,23.0,222.0,89.0,1,0,20121212,MIA,GSW
Shot Chart Detail,0021200339,138,951,Ray Allen,1610612748,Miami Heat,2,10,9,Missed Shot,Jump Shot,3PT Field Goal,Above the Break 3,Right Side Center(RC),24+ ft.,24.0,204.0,134.0,1,0,20121215,MIA,WAS
Shot Chart Detail,0021200339,148,951,Ray Allen,1610612748,Miami Heat,2,9,25,Missed Shot,Jump Shot,2PT Field Goal,Mid-Range,Right Side Center(RC),16-24 ft.,20.0,149.0,135.0,1,0,20121215,MIA,WAS
Shot Chart Detail,0021200339,162,951,Ray Allen,1610612748,Miami Heat,2,8,18,Made Shot,Jump Shot,3PT Field Goal,Right Corner 3,Right Side(R),24+ ft.,23.0,233.0,0.0,1,1,20121215,MIA,WAS
Shot Chart Detail,0021200339,403,951,Ray Allen,1610612748,Miami Heat,4,7,36,Made Shot,Jump Shot,3PT Field Goal,Above the Break 3,Right Side Center(RC),24+ ft.,24.0,217.0,115.0,1,1,20121215,MIA,WAS
Shot Chart Detail,0021200359,96,951,Ray Allen,1610612748,Miami Heat,1,1,51,Missed Shot,Driving Layup Shot,2PT Field Goal,Restricted Area,Center(C),Less Than 8 ft.,1.0,-8.0,7.0,1,0,20121218,MIA,MIN
Shot Chart Detail,0021200359,120,951,Ray Allen,1610612748,Miami Heat,2,11,11,Missed Shot,Jump Shot,2PT Field Goal,Mid-Range,Left Side Center(LC),16-24 ft.,17.0,-92.0,143.0,1,0,20121218,MIA,MIN
Shot Chart Detail,0021200359,137,951,Ray Allen,1610612748,Miami Heat,2,9,39,Made Shot,Layup Shot,2PT Field Goal,Restricted Area,Center(C),Less Than 8 ft.,1.0,12.0,9.0,1,1,20121218,MIA,MIN
Shot Chart Detail,0021200359,155,951,Ray Allen,1610612748,Miami Heat,2,7,50,Missed Shot,Layup Shot,2PT Field Goal,Restricted Area,Center(C),Less Than 8 ft.,0.0,-3.0,6.0,1,0,20121218,MIA,MIN
Shot Chart Detail,0021200359,403,951,Ray Allen,1610612748,Miami Heat,4,11,48,Missed Shot,Jump Shot,2PT Field Goal,Mid-Range,Left Side(L),8-16 ft.,14.0,-142.0,14.0,1,0,20121218,MIA,MIN
Shot Chart Detail,0021200359,406,951,Ray Allen,1610612748,Miami Heat,4,11,22,Missed Shot,Jump Shot,3PT Field Goal,Above the Break 3,Right Side Center(RC),24+ ft.,24.0,200.0,142.0,1,0,20121218,MIA,MIN
Shot Chart Detail,0021200359,442,951,Ray Allen,1610612748,Miami Heat,4,7,58,Made Shot,Jump Shot,3PT Field Goal,Right Corner 3,Right Side(R),24+ ft.,23.0,233.0,22.0,1,1,20121218,MIA,MIN
Shot Chart Detail,0021200378,163,951,Ray Allen,1610612748,Miami Heat,2,9,3,Made Shot,Jump Shot,3PT Field Goal,Above the Break 3,Right Side Center(RC),24+ ft.,24.0,200.0,148.0,1,1,20121220,DAL,MIA
Shot Chart Detail,0021200378,376,951,Ray Allen,1610612748,Miami Heat,3,0,56,Missed Shot,Jump Shot,3PT Field Goal,Above the Break 3,Left Side Center(LC),24+ ft.,23.0,-168.0,170.0,1,0,20121220,DAL,MIA
Shot Chart Detail,0021200378,409,951,Ray Allen,1610612748,Miami Heat,4,9,18,Missed Shot,Jump Shot,3PT Field Goal,Above the Break 3,Right Side Center(RC),24+ ft.,25.0,141.0,209.0,1,0,20121220,DAL,MIA
Shot Chart Detail,0021200378,431,951,Ray Allen,1610612748,Miami Heat,4,7,59,Missed Shot,Jump Shot,3PT Field Goal,Above the Break 3,Left Side Center(LC),24+ ft.,24.0,-120.0,219.0,1,0,20121220,DAL,MIA
Shot Chart Detail,0021200378,447,951,Ray Allen,1610612748,Miami Heat,4,6,50,Made Shot,Step Back Jump shot,2PT Field Goal,Mid-Range,Left Side(L),8-16 ft.,12.0,-114.0,60.0,1,1,20121220,DAL,MIA
Shot Chart Detail,0021200378,452,951,Ray Allen,1610612748,Miami Heat,4,5,55,Made Shot,Layup Shot,2PT Field Goal,Restricted Area,Center(C),Less Than 8 ft.,1.0,12.0,15.0,1,1,20121220,DAL,MIA
Shot Chart Detail,0021200378,465,951,Ray Allen,1610612748,Miami Heat,4,4,38,Made Shot,Layup Shot,2PT Field Goal,Restricted Area,Center(C),Less Than 8 ft.,2.0,17.0,14.0,1,1,20121220,DAL,MIA
Shot Chart Detail,0021200392,87,951,Ray Allen,1610612748,Miami Heat,1,1,29,Made Shot,Jump Shot,2PT Field Goal,Mid-Range,Left Side(L),16-24 ft.,19.0,-196.0,0.0,1,1,20121222,MIA,UTA
Shot Chart Detail,0021200392,95,951,Ray Allen,1610612748,Miami Heat,1,0,19,Made Shot,Layup Shot,2PT Field Goal,Restricted Area,Center(C),Less Than 8 ft.,1.0,15.0,6.0,1,1,20121222,MIA,UTA
Shot Chart Detail,0021200392,390,951,Ray Allen,1610612748,Miami Heat,4,9,16,Missed Shot,Reverse Layup Shot,2PT Field Goal,Restricted Area,Center(C),Less Than 8 ft.,1.0,-2.0,14.0,1,0,20121222,MIA,UTA
Shot Chart Detail,0021200392,411,951,Ray Allen,1610612748,Miami Heat,4,7,18,Made Shot,Jump Shot,3PT Field Goal,Above the Break 3,Right Side Center(RC),24+ ft.,24.0,192.0,149.0,1,1,20121222,MIA,UTA
Shot Chart Detail,0021200392,452,951,Ray Allen,1610612748,Miami Heat,4,3,20,Made Shot,Jump Shot,3PT Field Goal,Left Corner 3,Left Side(L),24+ ft.,23.0,-229.0,66.0,1,1,20121222,MIA,UTA
Shot Chart Detail,0021200407,108,951,Ray Allen,1610612748,Miami Heat,1,0,36,Missed Shot,Jump Shot,3PT Field Goal,Left Corner 3,Left Side(L),24+ ft.,23.0,-232.0,15.0,1,0,20121225,MIA,OKC
Shot Chart Detail,0021200407,372,951,Ray Allen,1610612748,Miami Heat,3,1,24,Missed Shot,Jump Shot,3PT Field Goal,Above the Break 3,Left Side Center(LC),24+ ft.,25.0,-220.0,131.0,1,0,20121225,MIA,OKC
Shot Chart Detail,0021200407,391,951,Ray Allen,1610612748,Miami Heat,3,0,48,Made Shot,Jump Shot,3PT Field Goal,Above the Break 3,Left Side Center(LC),24+ ft.,24.0,-142.0,200.0,1,1,20121225,MIA,OKC
Shot Chart Detail,0021200407,461,951,Ray Allen,1610612748,Miami Heat,4,6,50,Missed Shot,Jump Shot,3PT Field Goal,Above the Break 3,Left Side Center(LC),24+ ft.,25.0,-175.0,179.0,1,0,20121225,MIA,OKC
Shot Chart Detail,0021200407,501,951,Ray Allen,1610612748,Miami Heat,4,2,56,Missed Shot,Jump Shot,3PT Field Goal,Left Corner 3,Left Side(L),24+ ft.,22.0,-224.0,-2.0,1,0,20121225,MIA,OKC
Shot Chart Detail,0021200428,73,951,Ray Allen,1610612748,Miami Heat,1,2,20,Missed Shot,Jump Shot,2PT Field Goal,Mid-Range,Right Side(R),16-24 ft.,19.0,155.0,112.0,1,0,20121228,DET,MIA
Shot Chart Detail,0021200428,82,951,Ray Allen,1610612748,Miami Heat,1,1,47,Missed Shot,Jump Shot,2PT Field Goal,Mid-Range,Right Side(R),16-24 ft.,20.0,174.0,113.0,1,0,20121228,DET,MIA
Shot Chart Detail,0021200428,106,951,Ray Allen,1610612748,Miami Heat,2,11,35,Missed Shot,Jump Shot,2PT Field Goal,In The Paint (Non-RA),Left Side(L),8-16 ft.,8.0,-52.0,67.0,1,0,20121228,DET,MIA
Shot Chart Detail,0021200428,109,951,Ray Allen,1610612748,Miami Heat,2,11,7,Missed Shot,Jump Shot,3PT Field Goal,Above the Break 3,Left Side Center(LC),24+ ft.,25.0,-193.0,165.0,1,0,20121228,DET,MIA
Shot Chart Detail,0021200428,129,951,Ray Allen,1610612748,Miami Heat,2,9,12,Missed Shot,Jump Shot,2PT Field Goal,In The Paint (Non-RA),Center(C),Less Than 8 ft.,6.0,-59.0,30.0,1,0,20121228,DET,MIA
Shot Chart Detail,0021200428,298,951,Ray Allen,1610612748,Miami Heat,3,1,32,Missed Shot,Jump Shot,3PT Field Goal,Above the Break 3,Center(C),24+ ft.,27.0,-67.0,265.0,1,0,20121228,DET,MIA
Shot Chart Detail,0021200428,324,951,Ray Allen,1610612748,Miami Heat,4,10,56,Made Shot,Jump Shot,2PT Field Goal,In The Paint (Non-RA),Center(C),8-16 ft.,13.0,6.0,132.0,1,1,20121228,DET,MIA
Shot Chart Detail,0021200428,336,951,Ray Allen,1610612748,Miami Heat,4,9,21,Missed Shot,Layup Shot,2PT Field Goal,Restricted Area,Center(C),Less Than 8 ft.,0.0,9.0,0.0,1,0,20121228,DET,MIA
Shot Chart Detail,0021200428,338,951,Ray Allen,1610612748,Miami Heat,4,9,14,Missed Shot,Jump Shot,3PT Field Goal,Above the Break 3,Left Side Center(LC),24+ ft.,24.0,-177.0,175.0,1,0,20121228,DET,MIA
Shot Chart Detail,0021200428,365,951,Ray Allen,1610612748,Miami Heat,4,6,31,Made Shot,Jump Shot,3PT Field Goal,Left Corner 3,Left Side(L),24+ ft.,22.0,-228.0,12.0,1,1,20121228,DET,MIA
Shot Chart Detail,0021200428,372,951,Ray Allen,1610612748,Miami Heat,4,5,18,Missed Shot,Jump Shot,3PT Field Goal,Above the Break 3,Right Side Center(RC),24+ ft.,26.0,217.0,149.0,1,0,20121228,DET,MIA
Shot Chart Detail,0021200428,406,951,Ray Allen,1610612748,Miami Heat,4,2,39,Made Shot,Jump Shot,3PT Field Goal,Above the Break 3,Left Side Center(LC),24+ ft.,25.0,-90.0,236.0,1,1,20121228,DET,MIA
Shot Chart Detail,0021200428,425,951,Ray Allen,1610612748,Miami Heat,4,0,52,Missed Shot,Jump Shot,3PT Field Goal,Above the Break 3,Right Side Center(RC),24+ ft.,27.0,146.0,228.0,1,0,20121228,DET,MIA
Shot Chart Detail,0021200445,94,951,Ray Allen,1610612748,Miami Heat,1,3,1,Missed Shot,Jump Shot,2PT Field Goal,Mid-Range,Right Side(R),8-16 ft.,10.0,102.0,26.0,1,0,20121229,MIL,MIA
Shot Chart Detail,0021200445,120,951,Ray Allen,1610612748,Miami Heat,1,0,13,Missed Shot,Jump Shot,3PT Field Goal,Above the Break 3,Left Side Center(LC),24+ ft.,26.0,-172.0,201.0,1,0,20121229,MIL,MIA
Shot Chart Detail,0021200445,131,951,Ray Allen,1610612748,Miami Heat,2,11,22,Made Shot,Jump Shot,2PT Field Goal,In The Paint (Non-RA),Center(C),Less Than 8 ft.,5.0,-2.0,53.0,1,1,20121229,MIL,MIA
Shot Chart Detail,0021200445,171,951,Ray Allen,1610612748,Miami Heat,2,8,44,Missed Shot,Jump Shot,2PT Field Goal,Mid-Range,Center(C),16-24 ft.,16.0,-51.0,158.0,1,0,20121229,MIL,MIA
Shot Chart Detail,0021200445,188,951,Ray Allen,1610612748,Miami Heat,2,6,37,Missed Shot,Jump Shot,2PT Field Goal,Mid-Range,Left Side(L),16-24 ft.,17.0,-144.0,104.0,1,0,20121229,MIL,MIA
Shot Chart Detail,0021200445,363,951,Ray Allen,1610612748,Miami Heat,3,1,25,Missed Shot,Jump Shot,2PT Field Goal,Mid-Range,Center(C),8-16 ft.,14.0,13.0,143.0,1,0,20121229,MIL,MIA
Shot Chart Detail,0021200454,59,951,Ray Allen,1610612748,Miami Heat,1,6,17,Made Shot,Jump Shot,3PT Field Goal,Above the Break 3,Left Side Center(LC),24+ ft.,24.0,-215.0,119.0,1,1,20121231,ORL,MIA
Shot Chart Detail,0021200454,77,951,Ray Allen,1610612748,Miami Heat,1,4,26,Made Shot,Layup Shot,2PT Field Goal,Restricted Area,Center(C),Less Than 8 ft.,2.0,21.0,0.0,1,1,20121231,ORL,MIA
Shot Chart Detail,0021200454,83,951,Ray Allen,1610612748,Miami Heat,1,3,16,Missed Shot,Jump Shot,3PT Field Goal,Right Corner 3,Right Side(R),24+ ft.,22.0,228.0,0.0,1,0,20121231,ORL,MIA
Shot Chart Detail,0021200454,85,951,Ray Allen,1610612748,Miami Heat,1,3,4,Missed Shot,Jump Shot,2PT Field Goal,Mid-Range,Right Side Center(RC),16-24 ft.,18.0,70.0,170.0,1,0,20121231,ORL,MIA
Shot Chart Detail,0021200454,89,951,Ray Allen,1610612748,Miami Heat,1,2,29,Made Shot,Jump Shot,2PT Field Goal,Mid-Range,Right Side Center(RC),16-24 ft.,18.0,149.0,116.0,1,1,20121231,ORL,MIA
Shot Chart Detail,0021200454,175,951,Ray Allen,1610612748,Miami Heat,2,7,5,Made Shot,Jump Shot,3PT Field Goal,Left Corner 3,Left Side(L),24+ ft.,23.0,-232.0,-13.0,1,1,20121231,ORL,MIA
Shot Chart Detail,0021200454,392,951,Ray Allen,1610612748,Miami Heat,4,11,43,Made Shot,Jump Shot,2PT Field Goal,Mid-Range,Left Side(L),16-24 ft.,16.0,-161.0,0.0,1,1,20121231,ORL,MIA
Shot Chart Detail,0021200454,420,951,Ray Allen,1610612748,Miami Heat,4,8,47,Made Shot,Jump Shot,3PT Field Goal,Left Corner 3,Left Side(L),24+ ft.,22.0,-226.0,3.0,1,1,20121231,ORL,MIA
Shot Chart Detail,0021200454,457,951,Ray Allen,1610612748,Miami Heat,4,5,50,Missed Shot,Jump Shot,2PT Field Goal,Restricted Area,Center(C),Less Than 8 ft.,3.0,32.0,3.0,1,0,20121231,ORL,MIA
Shot Chart Detail,0021200469,96,951,Ray Allen,1610612748,Miami Heat,1,3,32,Made Shot,Jump Shot,3PT Field Goal,Above the Break 3,Right Side Center(RC),24+ ft.,25.0,171.0,183.0,1,1,20130102,MIA,DAL
Shot Chart Detail,0021200469,109,951,Ray Allen,1610612748,Miami Heat,1,2,21,Missed Shot,Jump Shot,3PT Field Goal,Above the Break 3,Left Side Center(LC),24+ ft.,24.0,-188.0,157.0,1,0,20130102,MIA,DAL
Shot Chart Detail,0021200469,153,951,Ray Allen,1610612748,Miami Heat,2,11,44,Made Shot,Driving Reverse Layup Shot,2PT Field Goal,Restricted Area,Center(C),Less Than 8 ft.,1.0,-13.0,7.0,1,1,20130102,MIA,DAL
Shot Chart Detail,0021200469,387,951,Ray Allen,1610612748,Miami Heat,3,2,1,Missed Shot,Jump Shot,3PT Field Goal,Left Corner 3,Left Side(L),24+ ft.,23.0,-235.0,26.0,1,0,20130102,MIA,DAL
Shot Chart Detail,0021200469,419,951,Ray Allen,1610612748,Miami Heat,4,11,22,Missed Shot,Jump Shot,2PT Field Goal,In The Paint (Non-RA),Center(C),Less Than 8 ft.,7.0,9.0,71.0,1,0,20130102,MIA,DAL
Shot Chart Detail,0021200469,471,951,Ray Allen,1610612748,Miami Heat,4,5,31,Missed Shot,Jump Shot,3PT Field Goal,Above the Break 3,Left Side Center(LC),24+ ft.,24.0,-228.0,99.0,1,0,20130102,MIA,DAL
Shot Chart Detail,0021200469,496,951,Ray Allen,1610612748,Miami Heat,4,4,1,Made Shot,Jump Shot,3PT Field Goal,Above the Break 3,Left Side Center(LC),24+ ft.,24.0,-194.0,148.0,1,1,20130102,MIA,DAL
Shot Chart Detail,0021200469,532,951,Ray Allen,1610612748,Miami Heat,4,0,41,Made Shot,Layup Shot,2PT Field Goal,Restricted Area,Center(C),Less Than 8 ft.,0.0,4.0,7.0,1,1,20130102,MIA,DAL
Shot Chart Detail,0021200469,553,951,Ray Allen,1610612748,Miami Heat,5,4,32,Made Shot,Jump Shot,3PT Field Goal,Right Corner 3,Right Side(R),24+ ft.,24.0,244.0,20.0,1,1,20130102,MIA,DAL
Shot Chart Detail,0021200469,572,951,Ray Allen,1610612748,Miami Heat,5,2,7,Missed Shot,Jump Shot,2PT Field Goal,Mid-Range,Center(C),16-24 ft.,19.0,31.0,197.0,1,0,20130102,MIA,DAL
Shot Chart Detail,0021200481,112,951,Ray Allen,1610612748,Miami Heat,2,11,44,Made Shot,Layup Shot,2PT Field Goal,Restricted Area,Center(C),Less Than 8 ft.,1.0,15.0,9.0,1,1,20130104,MIA,CHI
Shot Chart Detail,0021200481,389,951,Ray Allen,1610612748,Miami Heat,4,6,55,Missed Shot,Jump Shot,3PT Field Goal,Above the Break 3,Left Side Center(LC),24+ ft.,25.0,-147.0,203.0,1,0,20130104,MIA,CHI
Shot Chart Detail,0021200481,467,951,Ray Allen,1610612748,Miami Heat,4,1,44,Made Shot,Jump Shot,3PT Field Goal,Above the Break 3,Right Side Center(RC),24+ ft.,24.0,217.0,112.0,1,1,20130104,MIA,CHI
Shot Chart Detail,0021200500,114,951,Ray Allen,1610612748,Miami Heat,1,0,49,Made Shot,Jump Shot,3PT Field Goal,Above the Break 3,Right Side Center(RC),24+ ft.,24.0,147.0,198.0,1,1,20130106,MIA,WAS
Shot Chart Detail,0021200500,153,951,Ray Allen,1610612748,Miami Heat,2,9,24,Missed Shot,Jump Shot,3PT Field Goal,Above the Break 3,Right Side Center(RC),24+ ft.,25.0,181.0,176.0,1,0,20130106,MIA,WAS
Shot Chart Detail,0021200500,156,951,Ray Allen,1610612748,Miami Heat,2,9,8,Made Shot,Jump Shot,2PT Field Goal,Mid-Range,Left Side Center(LC),16-24 ft.,17.0,-70.0,164.0,1,1,20130106,MIA,WAS
Shot Chart Detail,0021200500,169,951,Ray Allen,1610612748,Miami Heat,2,7,37,Missed Shot,Jump Shot,2PT Field Goal,Mid-Range,Left Side(L),8-16 ft.,12.0,-112.0,60.0,1,0,20130106,MIA,WAS
Shot Chart Detail,0021200500,320,951,Ray Allen,1610612748,Miami Heat,3,1,29,Missed Shot,Jump Shot,2PT Field Goal,Mid-Range,Left Side(L),16-24 ft.,21.0,-210.0,25.0,1,0,20130106,MIA,WAS
Shot Chart Detail,0021200500,331,951,Ray Allen,1610612748,Miami Heat,3,0,42,Made Shot,Driving Bank shot,2PT Field Goal,In The Paint (Non-RA),Center(C),8-16 ft.,8.0,2.0,83.0,1,1,20130106,MIA,WAS
Shot Chart Detail,0021200500,360,951,Ray Allen,1610612748,Miami Heat,4,9,55,Made Shot,Jump Shot,2PT Field Goal,Mid-Range,Center(C),16-24 ft.,16.0,7.0,162.0,1,1,20130106,MIA,WAS
Shot Chart Detail,0021200500,370,951,Ray Allen,1610612748,Miami Heat,4,8,29,Made Shot,Driving Layup Shot,2PT Field Goal,Restricted Area,Center(C),Less Than 8 ft.,0.0,6.0,4.0,1,1,20130106,MIA,WAS
Shot Chart Detail,0021200500,394,951,Ray Allen,1610612748,Miami Heat,4,5,39,Made Shot,Jump Shot,3PT Field Goal,Right Corner 3,Right Side(R),24+ ft.,23.0,230.0,33.0,1,1,20130106,MIA,WAS
Shot Chart Detail,0021200500,421,951,Ray Allen,1610612748,Miami Heat,4,4,15,Missed Shot,Floating Jump shot,2PT Field Goal,Mid-Range,Left Side(L),8-16 ft.,8.0,-82.0,4.0,1,0,20130106,MIA,WAS
Shot Chart Detail,0021200500,436,951,Ray Allen,1610612748,Miami Heat,4,2,51,Made Shot,Driving Layup Shot,2PT Field Goal,Restricted Area,Center(C),Less Than 8 ft.,1.0,12.0,1.0,1,1,20130106,MIA,WAS
Shot Chart Detail,0021200500,455,951,Ray Allen,1610612748,Miami Heat,4,0,46,Made Shot,Jump Shot,3PT Field Goal,Left Corner 3,Left Side(L),24+ ft.,23.0,-234.0,9.0,1,1,20130106,MIA,WAS
Shot Chart Detail,0021200512,161,951,Ray Allen,1610612748,Miami Heat,2,8,21,Missed Shot,Layup Shot,2PT Field Goal,Restricted Area,Center(C),Less Than 8 ft.,1.0,-13.0,9.0,1,0,20130108,IND,MIA
Shot Chart Detail,0021200512,305,951,Ray Allen,1610612748,Miami Heat,3,4,22,Missed Shot,Jump Shot,3PT Field Goal,Right Corner 3,Right Side(R),24+ ft.,22.0,228.0,-11.0,1,0,20130108,IND,MIA
Shot Chart Detail,0021200512,311,951,Ray Allen,1610612748,Miami Heat,3,3,32,Missed Shot,Jump Shot,3PT Field Goal,Above the Break 3,Left Side Center(LC),24+ ft.,27.0,-191.0,198.0,1,0,20130108,IND,MIA
Shot Chart Detail,0021200512,353,951,Ray Allen,1610612748,Miami Heat,4,11,47,Missed Shot,Jump Shot,3PT Field Goal,Above the Break 3,Left Side Center(LC),24+ ft.,26.0,-172.0,201.0,1,0,20130108,IND,MIA
Shot Chart Detail,0021200512,365,951,Ray Allen,1610612748,Miami Heat,4,10,5,Missed Shot,Jump Shot,3PT Field Goal,Above the Break 3,Right Side Center(RC),24+ ft.,26.0,119.0,233.0,1,0,20130108,IND,MIA
Shot Chart Detail,0021200529,63,951,Ray Allen,1610612748,Miami Heat,1,5,26,Missed Shot,Pullup Jump shot,2PT Field Goal,Mid-Range,Center(C),8-16 ft.,14.0,28.0,146.0,1,0,20130110,POR,MIA
Shot Chart Detail,0021200529,103,951,Ray Allen,1610612748,Miami Heat,1,0,46,Missed Shot,Driving Layup Shot,2PT Field Goal,Restricted Area,Center(C),Less Than 8 ft.,2.0,0.0,23.0,1,0,20130110,POR,MIA
Shot Chart Detail,0021200529,119,951,Ray Allen,1610612748,Miami Heat,2,11,8,Made Shot,Driving Layup Shot,2PT Field Goal,Restricted Area,Center(C),Less Than 8 ft.,1.0,18.0,0.0,1,1,20130110,POR,MIA
Shot Chart Detail,0021200529,132,951,Ray Allen,1610612748,Miami Heat,2,9,22,Made Shot,Jump Shot,3PT Field Goal,Above the Break 3,Left Side Center(LC),24+ ft.,24.0,-120.0,217.0,1,1,20130110,POR,MIA
Shot Chart Detail,0021200529,333,951,Ray Allen,1610612748,Miami Heat,3,2,28,Missed Shot,Jump Shot,2PT Field Goal,Mid-Range,Right Side Center(RC),16-24 ft.,22.0,80.0,214.0,1,0,20130110,POR,MIA
Shot Chart Detail,0021200529,340,951,Ray Allen,1610612748,Miami Heat,3,1,34,Missed Shot,Jump Shot,3PT Field Goal,Above the Break 3,Left Side Center(LC),24+ ft.,24.0,-122.0,209.0,1,0,20130110,POR,MIA
Shot Chart Detail,0021200529,360,951,Ray Allen,1610612748,Miami Heat,4,11,42,Made Shot,Layup Shot,2PT Field Goal,Restricted Area,Center(C),Less Than 8 ft.,1.0,-10.0,-2.0,1,1,20130110,POR,MIA
Shot Chart Detail,0021200529,369,951,Ray Allen,1610612748,Miami Heat,4,10,40,Made Shot,Layup Shot,2PT Field Goal,Restricted Area,Center(C),Less Than 8 ft.,1.0,15.0,0.0,1,1,20130110,POR,MIA
Shot Chart Detail,0021200529,413,951,Ray Allen,1610612748,Miami Heat,4,7,34,Missed Shot,Jump Shot,3PT Field Goal,Above the Break 3,Center(C),24+ ft.,24.0,47.0,241.0,1,0,20130110,POR,MIA
Shot Chart Detail,0021200529,457,951,Ray Allen,1610612748,Miami Heat,4,3,43,Made Shot,Jump Shot,3PT Field Goal,Above the Break 3,Left Side Center(LC),24+ ft.,24.0,-215.0,121.0,1,1,20130110,POR,MIA
Shot Chart Detail,0021200529,498,951,Ray Allen,1610612748,Miami Heat,4,0,12,Missed Shot,Jump Shot,3PT Field Goal,Above the Break 3,Center(C),24+ ft.,24.0,54.0,239.0,1,0,20130110,POR,MIA
Shot Chart Detail,0021200548,124,951,Ray Allen,1610612748,Miami Heat,1,0,39,Missed Shot,Jump Shot,3PT Field Goal,Above the Break 3,Right Side Center(RC),24+ ft.,25.0,129.0,216.0,1,0,20130112,SAC,MIA
Shot Chart Detail,0021200548,142,951,Ray Allen,1610612748,Miami Heat,2,10,54,Made Shot,Jump Shot,2PT Field Goal,Mid-Range,Left Side Center(LC),16-24 ft.,16.0,-75.0,148.0,1,1,20130112,SAC,MIA
Shot Chart Detail,0021200548,158,951,Ray Allen,1610612748,Miami Heat,2,9,48,Made Shot,Driving Reverse Layup Shot,2PT Field Goal,Restricted Area,Center(C),Less Than 8 ft.,2.0,-23.0,12.0,1,1,20130112,SAC,MIA
Shot Chart Detail,0021200548,361,951,Ray Allen,1610612748,Miami Heat,3,2,5,Made Shot,Jump Shot,3PT Field Goal,Above the Break 3,Right Side Center(RC),24+ ft.,24.0,228.0,89.0,1,1,20130112,SAC,MIA
Shot Chart Detail,0021200548,373,951,Ray Allen,1610612748,Miami Heat,3,0,35,Missed Shot,Jump Shot,3PT Field Goal,Right Corner 3,Right Side(R),24+ ft.,23.0,236.0,0.0,1,0,20130112,SAC,MIA
Shot Chart Detail,0021200548,380,951,Ray Allen,1610612748,Miami Heat,3,0,0,Missed Shot,Jump Shot,3PT Field Goal,Right Corner 3,Right Side(R),24+ ft.,23.0,239.0,9.0,1,0,20130112,SAC,MIA
Shot Chart Detail,0021200548,387,951,Ray Allen,1610612748,Miami Heat,4,11,13,Made Shot,Running Jump Shot,2PT Field Goal,Mid-Range,Right Side(R),8-16 ft.,14.0,94.0,115.0,1,1,20130112,SAC,MIA
Shot Chart Detail,0021200548,394,951,Ray Allen,1610612748,Miami Heat,4,9,50,Missed Shot,Jump Shot,3PT Field Goal,Right Corner 3,Right Side(R),24+ ft.,23.0,233.0,17.0,1,0,20130112,SAC,MIA
Shot Chart Detail,0021200548,422,951,Ray Allen,1610612748,Miami Heat,4,6,11,Missed Shot,Jump Shot,2PT Field Goal,Mid-Range,Right Side(R),8-16 ft.,15.0,155.0,25.0,1,0,20130112,SAC,MIA
Shot Chart Detail,0021200561,87,951,Ray Allen,1610612748,Miami Heat,1,3,7,Missed Shot,Jump Shot,3PT Field Goal,Above the Break 3,Left Side Center(LC),24+ ft.,24.0,-196.0,146.0,1,0,20130114,UTA,MIA
Shot Chart Detail,0021200561,313,951,Ray Allen,1610612748,Miami Heat,3,1,4,Made Shot,Jump Shot,2PT Field Goal,Mid-Range,Right Side Center(RC),16-24 ft.,17.0,130.0,124.0,1,1,20130114,UTA,MIA
Shot Chart Detail,0021200561,356,951,Ray Allen,1610612748,Miami Heat,4,9,1,Made Shot,Jump Shot,3PT Field Goal,Left Corner 3,Left Side(L),24+ ft.,22.0,-229.0,0.0,1,1,20130114,UTA,MIA
Shot Chart Detail,0021200561,375,951,Ray Allen,1610612748,Miami Heat,4,7,12,Made Shot,Jump Shot,3PT Field Goal,Above the Break 3,Left Side Center(LC),24+ ft.,25.0,-218.0,124.0,1,1,20130114,UTA,MIA
Shot Chart Detail,0021200561,397,951,Ray Allen,1610612748,Miami Heat,4,5,40,Missed Shot,Jump Shot,3PT Field Goal,Left Corner 3,Left Side(L),24+ ft.,23.0,-234.0,-2.0,1,0,20130114,UTA,MIA
Shot Chart Detail,0021200561,403,951,Ray Allen,1610612748,Miami Heat,4,4,27,Made Shot,Floating Jump shot,2PT Field Goal,In The Paint (Non-RA),Center(C),Less Than 8 ft.,6.0,-35.0,60.0,1,1,20130114,UTA,MIA
Shot Chart Detail,0021200579,138,951,Ray Allen,1610612748,Miami Heat,1,0,18,Missed Shot,Pullup Jump shot,3PT Field Goal,Left Corner 3,Left Side(L),24+ ft.,23.0,-232.0,7.0,1,0,20130116,GSW,MIA
Shot Chart Detail,0021200579,170,951,Ray Allen,1610612748,Miami Heat,2,9,15,Missed Shot,Jump Shot,3PT Field Goal,Above the Break 3,Right Side Center(RC),24+ ft.,26.0,209.0,160.0,1,0,20130116,GSW,MIA
Shot Chart Detail,0021200579,189,951,Ray Allen,1610612748,Miami Heat,2,7,25,Made Shot,Pullup Jump shot,3PT Field Goal,Left Corner 3,Left Side(L),24+ ft.,23.0,-231.0,-8.0,1,1,20130116,GSW,MIA
Shot Chart Detail,0021200579,233,951,Ray Allen,1610612748,Miami Heat,2,3,51,Missed Shot,Jump Shot,3PT Field Goal,Right Corner 3,Right Side(R),24+ ft.,22.0,226.0,-10.0,1,0,20130116,GSW,MIA
Shot Chart Detail,0021200579,270,951,Ray Allen,1610612748,Miami Heat,2,0,52,Missed Shot,Jump Shot,3PT Field Goal,Right Corner 3,Right Side(R),24+ ft.,23.0,231.0,9.0,1,0,20130116,GSW,MIA
Shot Chart Detail,0021200579,364,951,Ray Allen,1610612748,Miami Heat,3,3,17,Missed Shot,Layup Shot,2PT Field Goal,Restricted Area,Center(C),Less Than 8 ft.,0.0,7.0,4.0,1,0,20130116,GSW,MIA
Shot Chart Detail,0021200579,377,951,Ray Allen,1610612748,Miami Heat,3,2,5,Missed Shot,Jump Shot,3PT Field Goal,Above the Break 3,Left Side Center(LC),24+ ft.,25.0,-182.0,172.0,1,0,20130116,GSW,MIA
Shot Chart Detail,0021200579,385,951,Ray Allen,1610612748,Miami Heat,3,0,45,Made Shot,Driving Layup Shot,2PT Field Goal,Restricted Area,Center(C),Less Than 8 ft.,1.0,0.0,19.0,1,1,20130116,GSW,MIA
Shot Chart Detail,0021200579,398,951,Ray Allen,1610612748,Miami Heat,4,11,16,Made Shot,Pullup Jump shot,3PT Field Goal,Left Corner 3,Left Side(L),24+ ft.,23.0,-229.0,71.0,1,1,20130116,GSW,MIA
Shot Chart Detail,0021200579,427,951,Ray Allen,1610612748,Miami Heat,4,8,8,Missed Shot,Jump Shot,2PT Field Goal,Mid-Range,Right Side Center(RC),16-24 ft.,17.0,110.0,134.0,1,0,20130116,GSW,MIA
Shot Chart Detail,0021200579,443,951,Ray Allen,1610612748,Miami Heat,4,6,30,Missed Shot,Layup Shot,2PT Field Goal,Restricted Area,Center(C),Less Than 8 ft.,0.0,6.0,3.0,1,0,20130116,GSW,MIA
Shot Chart Detail,0021200583,99,951,Ray Allen,1610612748,Miami Heat,1,1,46,Missed Shot,Jump Shot,3PT Field Goal,Left Corner 3,Left Side(L),24+ ft.,24.0,-245.0,-11.0,1,0,20130117,LAL,MIA
Shot Chart Detail,0021200583,133,951,Ray Allen,1610612748,Miami Heat,2,10,16,Missed Shot,Jump Shot,2PT Field Goal,Mid-Range,Left Side Center(LC),16-24 ft.,20.0,-138.0,148.0,1,0,20130117,LAL,MIA
Shot Chart Detail,0021200583,150,951,Ray Allen,1610612748,Miami Heat,2,8,33,Missed Shot,Driving Layup Shot,2PT Field Goal,Restricted Area,Center(C),Less Than 8 ft.,3.0,-4.0,30.0,1,0,20130117,LAL,MIA
Shot Chart Detail,0021200583,367,951,Ray Allen,1610612748,Miami Heat,3,4,50,Missed Shot,Reverse Layup Shot,2PT Field Goal,Restricted Area,Center(C),Less Than 8 ft.,1.0,8.0,11.0,1,0,20130117,LAL,MIA
Shot Chart Detail,0021200583,430,951,Ray Allen,1610612748,Miami Heat,4,11,42,Missed Shot,Jump Shot,3PT Field Goal,Above the Break 3,Right Side Center(RC),24+ ft.,26.0,157.0,209.0,1,0,20130117,LAL,MIA
Shot Chart Detail,0021200583,488,951,Ray Allen,1610612748,Miami Heat,4,4,55,Made Shot,Jump Shot,3PT Field Goal,Above the Break 3,Right Side Center(RC),24+ ft.,26.0,147.0,217.0,1,1,20130117,LAL,MIA
Shot Chart Detail,0021200583,495,951,Ray Allen,1610612748,Miami Heat,4,3,15,Made Shot,Driving Layup Shot,2PT Field Goal,Restricted Area,Center(C),Less Than 8 ft.,2.0,6.0,28.0,1,1,20130117,LAL,MIA
Shot Chart Detail,0021200583,517,951,Ray Allen,1610612748,Miami Heat,4,1,30,Made Shot,Floating Jump shot,2PT Field Goal,In The Paint (Non-RA),Left Side(L),8-16 ft.,8.0,-49.0,75.0,1,1,20130117,LAL,MIA
Shot Chart Detail,0021200619,145,951,Ray Allen,1610612748,Miami Heat,2,7,54,Made Shot,Jump Shot,2PT Field Goal,Mid-Range,Left Side(L),16-24 ft.,16.0,-169.0,14.0,1,1,20130123,MIA,TOR
Shot Chart Detail,0021200619,147,951,Ray Allen,1610612748,Miami Heat,2,7,7,Made Shot,Driving Layup Shot,2PT Field Goal,Restricted Area,Center(C),Less Than 8 ft.,1.0,-16.0,1.0,1,1,20130123,MIA,TOR
Shot Chart Detail,0021200619,174,951,Ray Allen,1610612748,Miami Heat,2,5,39,Missed Shot,Jump Shot,3PT Field Goal,Right Corner 3,Right Side(R),24+ ft.,23.0,233.0,31.0,1,0,20130123,MIA,TOR
Shot Chart Detail,0021200619,361,951,Ray Allen,1610612748,Miami Heat,3,1,31,Made Shot,Jump Shot,3PT Field Goal,Right Corner 3,Right Side(R),24+ ft.,23.0,230.0,63.0,1,1,20130123,MIA,TOR
Shot Chart Detail,0021200619,391,951,Ray Allen,1610612748,Miami Heat,4,11,15,Missed Shot,Jump Shot,3PT Field Goal,Above the Break 3,Right Side Center(RC),24+ ft.,24.0,198.0,151.0,1,0,20130123,MIA,TOR
Shot Chart Detail,0021200619,426,951,Ray Allen,1610612748,Miami Heat,4,8,4,Made Shot,Jump Shot,3PT Field Goal,Left Corner 3,Left Side(L),24+ ft.,24.0,-246.0,23.0,1,1,20130123,MIA,TOR
Shot Chart Detail,0021200619,428,951,Ray Allen,1610612748,Miami Heat,4,7,20,Missed Shot,Jump Shot,3PT Field Goal,Right Corner 3,Right Side(R),24+ ft.,22.0,225.0,41.0,1,0,20130123,MIA,TOR
Shot Chart Detail,0021200619,473,951,Ray Allen,1610612748,Miami Heat,4,3,53,Made Shot,Jump Shot,2PT Field Goal,Restricted Area,Center(C),Less Than 8 ft.,3.0,0.0,31.0,1,1,20130123,MIA,TOR
Shot Chart Detail,0021200619,536,951,Ray Allen,1610612748,Miami Heat,5,3,38,Made Shot,Jump Shot,3PT Field Goal,Above the Break 3,Right Side Center(RC),24+ ft.,25.0,94.0,236.0,1,1,20130123,MIA,TOR
Shot Chart Detail,0021200619,561,951,Ray Allen,1610612748,Miami Heat,5,0,59,Made Shot,Jump Shot,3PT Field Goal,Left Corner 3,Left Side(L),24+ ft.,24.0,-240.0,9.0,1,1,20130123,MIA,TOR
Shot Chart Detail,0021200634,69,951,Ray Allen,1610612748,Miami Heat,1,3,39,Made Shot,Jump Shot,2PT Field Goal,Mid-Range,Right Side Center(RC),16-24 ft.,19.0,114.0,160.0,1,1,20130125,MIA,DET
Shot Chart Detail,0021200634,88,951,Ray Allen,1610612748,Miami Heat,1,1,56,Made Shot,Jump Shot,3PT Field Goal,Above the Break 3,Left Side Center(LC),24+ ft.,24.0,-199.0,146.0,1,1,20130125,MIA,DET
Shot Chart Detail,0021200634,337,951,Ray Allen,1610612748,Miami Heat,3,0,4,Made Shot,Jump Shot,3PT Field Goal,Right Corner 3,Right Side(R),24+ ft.,22.0,226.0,7.0,1,1,20130125,MIA,DET
Shot Chart Detail,0021200634,343,951,Ray Allen,1610612748,Miami Heat,4,11,42,Missed Shot,Layup Shot,2PT Field Goal,Restricted Area,Center(C),Less Than 8 ft.,1.0,-6.0,9.0,1,0,20130125,MIA,DET
Shot Chart Detail,0021200634,364,951,Ray Allen,1610612748,Miami Heat,4,9,20,Missed Shot,Jump Shot,3PT Field Goal,Right Corner 3,Right Side(R),24+ ft.,23.0,231.0,37.0,1,0,20130125,MIA,DET
Shot Chart Detail,0021200634,397,951,Ray Allen,1610612748,Miami Heat,4,6,29,Missed Shot,Jump Shot,2PT Field Goal,Mid-Range,Left Side Center(LC),16-24 ft.,18.0,-120.0,142.0,1,0,20130125,MIA,DET
Shot Chart Detail,0021200652,79,951,Ray Allen,1610612748,Miami Heat,1,2,2,Made Shot,Fadeaway Jump Shot,2PT Field Goal,Mid-Range,Right Side(R),8-16 ft.,15.0,154.0,-2.0,1,1,20130127,BOS,MIA
Shot Chart Detail,0021200652,103,951,Ray Allen,1610612748,Miami Heat,1,0,15,Missed Shot,Pullup Jump shot,2PT Field Goal,Mid-Range,Center(C),16-24 ft.,19.0,-5.0,197.0,1,0,20130127,BOS,MIA
Shot Chart Detail,0021200652,113,951,Ray Allen,1610612748,Miami Heat,2,11,25,Missed Shot,Jump Shot,3PT Field Goal,Left Corner 3,Left Side(L),24+ ft.,24.0,-234.0,77.0,1,0,20130127,BOS,MIA
Shot Chart Detail,0021200652,115,951,Ray Allen,1610612748,Miami Heat,2,11,5,Made Shot,Jump Shot,2PT Field Goal,Mid-Range,Left Side(L),16-24 ft.,19.0,-198.0,17.0,1,1,20130127,BOS,MIA
Shot Chart Detail,0021200652,243,951,Ray Allen,1610612748,Miami Heat,2,0,15,Made Shot,Layup Shot,2PT Field Goal,Restricted Area,Center(C),Less Than 8 ft.,1.0,-10.0,0.0,1,1,20130127,BOS,MIA
Shot Chart Detail,0021200652,302,951,Ray Allen,1610612748,Miami Heat,3,5,5,Missed Shot,Step Back Jump shot,2PT Field Goal,Mid-Range,Right Side(R),8-16 ft.,10.0,102.0,25.0,1,0,20130127,BOS,MIA
Shot Chart Detail,0021200652,380,951,Ray Allen,1610612748,Miami Heat,4,11,12,Missed Shot,Jump Shot,2PT Field Goal,Mid-Range,Right Side Center(RC),16-24 ft.,19.0,118.0,160.0,1,0,20130127,BOS,MIA
Shot Chart Detail,0021200652,385,951,Ray Allen,1610612748,Miami Heat,4,10,44,Made Shot,Driving Finger Roll Layup Shot,2PT Field Goal,Restricted Area,Center(C),Less Than 8 ft.,0.0,9.0,3.0,1,1,20130127,BOS,MIA
Shot Chart Detail,0021200652,438,951,Ray Allen,1610612748,Miami Heat,4,5,33,Missed Shot,Jump Shot,3PT Field Goal,Left Corner 3,Left Side(L),24+ ft.,23.0,-231.0,6.0,1,0,20130127,BOS,MIA
Shot Chart Detail,0021200652,444,951,Ray Allen,1610612748,Miami Heat,4,5,5,Missed Shot,Jump Shot,2PT Field Goal,Mid-Range,Right Side Center(RC),16-24 ft.,22.0,127.0,184.0,1,0,20130127,BOS,MIA
Shot Chart Detail,0021200652,449,951,Ray Allen,1610612748,Miami Heat,4,4,38,Made Shot,Jump Shot,3PT Field Goal,Above the Break 3,Left Side Center(LC),24+ ft.,24.0,-134.0,211.0,1,1,20130127,BOS,MIA
Shot Chart Detail,0021200652,467,951,Ray Allen,1610612748,Miami Heat,4,2,22,Missed Shot,Jump Shot,3PT Field Goal,Left Corner 3,Left Side(L),24+ ft.,22.0,-228.0,15.0,1,0,20130127,BOS,MIA
Shot Chart Detail,0021200652,494,951,Ray Allen,1610612748,Miami Heat,4,0,25,Made Shot,Jump Shot,3PT Field Goal,Left Corner 3,Left Side(L),24+ ft.,24.0,-243.0,4.0,1,1,20130127,BOS,MIA
Shot Chart Detail,0021200652,510,951,Ray Allen,1610612748,Miami Heat,4,0,14,Missed Shot,Jump Shot,3PT Field Goal,Left Corner 3,Left Side(L),24+ ft.,23.0,-232.0,3.0,1,0,20130127,BOS,MIA
Shot Chart Detail,0021200652,528,951,Ray Allen,1610612748,Miami Heat,5,4,7,Made Shot,Layup Shot,2PT Field Goal,Restricted Area,Center(C),Less Than 8 ft.,1.0,1.0,14.0,1,1,20130127,BOS,MIA
Shot Chart Detail,0021200652,575,951,Ray Allen,1610612748,Miami Heat,6,3,52,Missed Shot,Jump Shot,3PT Field Goal,Left Corner 3,Left Side(L),24+ ft.,22.0,-223.0,3.0,1,0,20130127,BOS,MIA
Shot Chart Detail,0021200652,586,951,Ray Allen,1610612748,Miami Heat,6,2,32,Missed Shot,Jump Shot,3PT Field Goal,Above the Break 3,Right Side Center(RC),24+ ft.,25.0,146.0,208.0,1,0,20130127,BOS,MIA
Shot Chart Detail,0021200675,69,951,Ray Allen,1610612748,Miami Heat,1,3,54,Made Shot,Jump Shot,3PT Field Goal,Above the Break 3,Right Side Center(RC),24+ ft.,24.0,182.0,165.0,1,1,20130130,BKN,MIA
Shot Chart Detail,0021200675,136,951,Ray Allen,1610612748,Miami Heat,2,11,8,Missed Shot,Jump Shot,3PT Field Goal,Above the Break 3,Left Side Center(LC),24+ ft.,25.0,-201.0,151.0,1,0,20130130,BKN,MIA
Shot Chart Detail,0021200675,340,951,Ray Allen,1610612748,Miami Heat,3,0,1,Made Shot,Jump Shot,3PT Field Goal,Above the Break 3,Left Side Center(LC),24+ ft.,26.0,-220.0,145.0,1,1,20130130,BKN,MIA
Shot Chart Detail,0021200685,99,951,Ray Allen,1610612748,Miami Heat,1,1,17,Missed Shot,Turnaround Fadeaway shot,2PT Field Goal,Mid-Range,Right Side(R),8-16 ft.,12.0,97.0,72.0,1,0,20130201,IND,MIA
Shot Chart Detail,0021200685,126,951,Ray Allen,1610612748,Miami Heat,2,11,31,Missed Shot,Jump Shot,2PT Field Goal,Mid-Range,Right Side(R),8-16 ft.,15.0,97.0,127.0,1,0,20130201,IND,MIA
Shot Chart Detail,0021200685,374,951,Ray Allen,1610612748,Miami Heat,4,10,25,Missed Shot,Jump Shot,3PT Field Goal,Right Corner 3,Right Side(R),24+ ft.,24.0,233.0,64.0,1,0,20130201,IND,MIA
Shot Chart Detail,0021200685,450,951,Ray Allen,1610612748,Miami Heat,4,2,16,Missed Shot,Floating Jump shot,2PT Field Goal,Mid-Range,Left Side(L),8-16 ft.,14.0,-146.0,14.0,1,0,20130201,IND,MIA
Shot Chart Detail,0021200707,74,951,Ray Allen,1610612748,Miami Heat,1,4,21,Missed Shot,Jump Shot,3PT Field Goal,Right Corner 3,Right Side(R),24+ ft.,24.0,237.0,39.0,1,0,20130203,TOR,MIA
Shot Chart Detail,0021200707,121,951,Ray Allen,1610612748,Miami Heat,1,0,38,Missed Shot,Jump Shot,3PT Field Goal,Left Corner 3,Left Side(L),24+ ft.,23.0,-226.0,72.0,1,0,20130203,TOR,MIA
Shot Chart Detail,0021200711,127,951,Ray Allen,1610612748,Miami Heat,1,0,1,Missed Shot,Jump Shot,2PT Field Goal,Mid-Range,Left Side(L),8-16 ft.,15.0,-123.0,97.0,1,0,20130204,MIA,CHA
Shot Chart Detail,0021200711,133,951,Ray Allen,1610612748,Miami Heat,2,11,38,Made Shot,Jump Shot,2PT Field Goal,Mid-Range,Right Side Center(RC),16-24 ft.,20.0,147.0,143.0,1,1,20130204,MIA,CHA
Shot Chart Detail,0021200711,159,951,Ray Allen,1610612748,Miami Heat,2,9,11,Missed Shot,Jump Shot,3PT Field Goal,Left Corner 3,Left Side(L),24+ ft.,23.0,-231.0,-5.0,1,0,20130204,MIA,CHA
Shot Chart Detail,0021200711,398,951,Ray Allen,1610612748,Miami Heat,4,10,29,Missed Shot,Driving Reverse Layup Shot,2PT Field Goal,Restricted Area,Center(C),Less Than 8 ft.,0.0,1.0,1.0,1,0,20130204,MIA,CHA
Shot Chart Detail,0021200711,403,951,Ray Allen,1610612748,Miami Heat,4,9,46,Missed Shot,Jump Shot,3PT Field Goal,Above the Break 3,Left Side Center(LC),24+ ft.,25.0,-213.0,132.0,1,0,20130204,MIA,CHA
Shot Chart Detail,0021200711,410,951,Ray Allen,1610612748,Miami Heat,4,9,9,Missed Shot,Jump Shot,3PT Field Goal,Above the Break 3,Left Side Center(LC),24+ ft.,23.0,-205.0,121.0,1,0,20130204,MIA,CHA
Shot Chart Detail,0021200711,437,951,Ray Allen,1610612748,Miami Heat,4,6,9,Made Shot,Driving Reverse Layup Shot,2PT Field Goal,Restricted Area,Center(C),Less Than 8 ft.,0.0,2.0,6.0,1,1,20130204,MIA,CHA
Shot Chart Detail,0021200711,486,951,Ray Allen,1610612748,Miami Heat,4,1,20,Missed Shot,Jump Shot,3PT Field Goal,Above the Break 3,Right Side Center(RC),24+ ft.,24.0,174.0,172.0,1,0,20130204,MIA,CHA
Shot Chart Detail,0021200726,118,951,Ray Allen,1610612748,Miami Heat,2,11,37,Missed Shot,Jump Shot,3PT Field Goal,Above the Break 3,Right Side Center(RC),24+ ft.,25.0,173.0,183.0,1,0,20130206,MIA,HOU
Shot Chart Detail,0021200726,135,951,Ray Allen,1610612748,Miami Heat,2,10,14,Missed Shot,Jump Shot,3PT Field Goal,Above the Break 3,Right Side Center(RC),24+ ft.,25.0,211.0,135.0,1,0,20130206,MIA,HOU
Shot Chart Detail,0021200726,152,951,Ray Allen,1610612748,Miami Heat,2,8,43,Missed Shot,Jump Shot,2PT Field Goal,Mid-Range,Center(C),8-16 ft.,15.0,50.0,149.0,1,0,20130206,MIA,HOU
Shot Chart Detail,0021200726,164,951,Ray Allen,1610612748,Miami Heat,2,6,49,Missed Shot,Jump Shot,2PT Field Goal,Mid-Range,Center(C),16-24 ft.,18.0,43.0,176.0,1,0,20130206,MIA,HOU
Shot Chart Detail,0021200726,389,951,Ray Allen,1610612748,Miami Heat,4,10,36,Missed Shot,Driving Finger Roll Layup Shot,2PT Field Goal,Restricted Area,Center(C),Less Than 8 ft.,1.0,10.0,9.0,1,0,20130206,MIA,HOU
Shot Chart Detail,0021200726,410,951,Ray Allen,1610612748,Miami Heat,4,8,35,Made Shot,Jump Shot,3PT Field Goal,Above the Break 3,Left Side Center(LC),24+ ft.,24.0,-183.0,168.0,1,1,20130206,MIA,HOU
Shot Chart Detail,0021200726,434,951,Ray Allen,1610612748,Miami Heat,4,6,11,Missed Shot,Driving Layup Shot,2PT Field Goal,Restricted Area,Center(C),Less Than 8 ft.,0.0,0.0,4.0,1,0,20130206,MIA,HOU
Shot Chart Detail,0021200726,452,951,Ray Allen,1610612748,Miami Heat,4,4,38,Missed Shot,Floating Jump shot,2PT Field Goal,In The Paint (Non-RA),Left Side(L),8-16 ft.,8.0,-46.0,74.0,1,0,20130206,MIA,HOU
Shot Chart Detail,0021200753,88,951,Ray Allen,1610612748,Miami Heat,1,2,3,Made Shot,Layup Shot,2PT Field Goal,Restricted Area,Center(C),Less Than 8 ft.,1.0,9.0,9.0,1,1,20130210,MIA,LAL
Shot Chart Detail,0021200753,131,951,Ray Allen,1610612748,Miami Heat,2,9,17,Missed Shot,Driving Layup Shot,2PT Field Goal,Restricted Area,Center(C),Less Than 8 ft.,1.0,12.0,6.0,1,0,20130210,MIA,LAL
Shot Chart Detail,0021200753,339,951,Ray Allen,1610612748,Miami Heat,3,1,30,Missed Shot,Jump Shot,2PT Field Goal,Mid-Range,Center(C),8-16 ft.,15.0,53.0,148.0,1,0,20130210,MIA,LAL
Shot Chart Detail,0021200753,359,951,Ray Allen,1610612748,Miami Heat,4,11,43,Missed Shot,Jump Shot,2PT Field Goal,In The Paint (Non-RA),Center(C),8-16 ft.,13.0,59.0,118.0,1,0,20130210,MIA,LAL
Shot Chart Detail,0021200753,416,951,Ray Allen,1610612748,Miami Heat,4,5,31,Missed Shot,Jump Shot,3PT Field Goal,Right Corner 3,Right Side(R),24+ ft.,22.0,228.0,19.0,1,0,20130210,MIA,LAL
Shot Chart Detail,0021200753,422,951,Ray Allen,1610612748,Miami Heat,4,4,49,Missed Shot,Jump Shot,3PT Field Goal,Left Corner 3,Left Side(L),24+ ft.,23.0,-231.0,41.0,1,0,20130210,MIA,LAL
Shot Chart Detail,0021200770,85,951,Ray Allen,1610612748,Miami Heat,1,2,48,Made Shot,Layup Shot,2PT Field Goal,Restricted Area,Center(C),Less Than 8 ft.,0.0,9.0,3.0,1,1,20130212,MIA,POR
Shot Chart Detail,0021200770,117,951,Ray Allen,1610612748,Miami Heat,2,10,59,Missed Shot,Jump Shot,2PT Field Goal,In The Paint (Non-RA),Center(C),8-16 ft.,14.0,70.0,129.0,1,0,20130212,MIA,POR
Shot Chart Detail,0021200770,123,951,Ray Allen,1610612748,Miami Heat,2,10,6,Made Shot,Jump Shot,3PT Field Goal,Above the Break 3,Left Side Center(LC),24+ ft.,24.0,-204.0,137.0,1,1,20130212,MIA,POR
Shot Chart Detail,0021200770,320,951,Ray Allen,1610612748,Miami Heat,3,3,29,Missed Shot,Jump Shot,3PT Field Goal,Above the Break 3,Left Side Center(LC),24+ ft.,23.0,-223.0,88.0,1,0,20130212,MIA,POR
Shot Chart Detail,0021200770,326,951,Ray Allen,1610612748,Miami Heat,3,2,17,Made Shot,Jump Shot,3PT Field Goal,Left Corner 3,Left Side(L),24+ ft.,24.0,-242.0,11.0,1,1,20130212,MIA,POR
Shot Chart Detail,0021200770,372,951,Ray Allen,1610612748,Miami Heat,4,10,11,Missed Shot,Jump Shot,3PT Field Goal,Above the Break 3,Left Side Center(LC),24+ ft.,25.0,-161.0,194.0,1,0,20130212,MIA,POR
Shot Chart Detail,0021200770,381,951,Ray Allen,1610612748,Miami Heat,4,9,34,Missed Shot,Running Hook Shot,2PT Field Goal,In The Paint (Non-RA),Center(C),Less Than 8 ft.,4.0,-21.0,45.0,1,0,20130212,MIA,POR
Shot Chart Detail,0021200770,383,951,Ray Allen,1610612748,Miami Heat,4,9,28,Made Shot,Driving Layup Shot,2PT Field Goal,Restricted Area,Center(C),Less Than 8 ft.,0.0,0.0,7.0,1,1,20130212,MIA,POR
Shot Chart Detail,0021200770,415,951,Ray Allen,1610612748,Miami Heat,4,7,2,Missed Shot,Driving Layup Shot,2PT Field Goal,Restricted Area,Center(C),Less Than 8 ft.,1.0,2.0,12.0,1,0,20130212,MIA,POR
Shot Chart Detail,0021200770,439,951,Ray Allen,1610612748,Miami Heat,4,3,37,Made Shot,Jump Shot,3PT Field Goal,Left Corner 3,Left Side(L),24+ ft.,24.0,-243.0,7.0,1,1,20130212,MIA,POR
Shot Chart Detail,0021200770,484,951,Ray Allen,1610612748,Miami Heat,4,0,31,Missed Shot,Jump Shot,3PT Field Goal,Left Corner 3,Left Side(L),24+ ft.,24.0,-245.0,9.0,1,0,20130212,MIA,POR
Shot Chart Detail,0021200787,66,951,Ray Allen,1610612748,Miami Heat,1,5,6,Missed Shot,Jump Shot,3PT Field Goal,Left Corner 3,Left Side(L),24+ ft.,22.0,-229.0,4.0,1,0,20130214,OKC,MIA
Shot Chart Detail,0021200787,91,951,Ray Allen,1610612748,Miami Heat,1,3,23,Missed Shot,Jump Shot,2PT Field Goal,In The Paint (Non-RA),Center(C),Less Than 8 ft.,7.0,28.0,72.0,1,0,20130214,OKC,MIA
Shot Chart Detail,0021200787,185,951,Ray Allen,1610612748,Miami Heat,2,8,27,Made Shot,Floating Jump shot,2PT Field Goal,Mid-Range,Left Side(L),8-16 ft.,14.0,-141.0,-2.0,1,1,20130214,OKC,MIA
Shot Chart Detail,0021200787,211,951,Ray Allen,1610612748,Miami Heat,2,6,41,Made Shot,Driving Layup Shot,2PT Field Goal,Restricted Area,Center(C),Less Than 8 ft.,1.0,-2.0,11.0,1,1,20130214,OKC,MIA
Shot Chart Detail,0021200787,228,951,Ray Allen,1610612748,Miami Heat,2,5,22,Missed Shot,Layup Shot,2PT Field Goal,Restricted Area,Center(C),Less Than 8 ft.,1.0,18.0,6.0,1,0,20130214,OKC,MIA
Shot Chart Detail,0021200787,237,951,Ray Allen,1610612748,Miami Heat,2,4,49,Made Shot,Jump Shot,3PT Field Goal,Left Corner 3,Left Side(L),24+ ft.,22.0,-226.0,3.0,1,1,20130214,OKC,MIA
Shot Chart Detail,0021200787,239,951,Ray Allen,1610612748,Miami Heat,2,4,31,Missed Shot,Jump Shot,3PT Field Goal,Right Corner 3,Right Side(R),24+ ft.,22.0,228.0,6.0,1,0,20130214,OKC,MIA
Shot Chart Detail,0021200787,261,951,Ray Allen,1610612748,Miami Heat,2,3,5,Missed Shot,Jump Shot,3PT Field Goal,Above the Break 3,Left Side Center(LC),24+ ft.,24.0,-209.0,121.0,1,0,20130214,OKC,MIA
Shot Chart Detail,0021200787,491,951,Ray Allen,1610612748,Miami Heat,4,5,10,Missed Shot,Jump Shot,3PT Field Goal,Above the Break 3,Left Side Center(LC),24+ ft.,24.0,-223.0,97.0,1,0,20130214,OKC,MIA
Shot Chart Detail,0021200802,97,951,Ray Allen,1610612748,Miami Heat,1,3,41,Missed Shot,Jump Shot,3PT Field Goal,Left Corner 3,Left Side(L),24+ ft.,23.0,-229.0,30.0,1,0,20130220,ATL,MIA
Shot Chart Detail,0021200802,132,951,Ray Allen,1610612748,Miami Heat,1,0,2,Missed Shot,Running Jump Shot,2PT Field Goal,Mid-Range,Right Side(R),8-16 ft.,8.0,84.0,22.0,1,0,20130220,ATL,MIA
Shot Chart Detail,0021200802,135,951,Ray Allen,1610612748,Miami Heat,1,0,1,Missed Shot,Turnaround Jump Shot,3PT Field Goal,Left Corner 3,Left Side(L),24+ ft.,23.0,-232.0,37.0,1,0,20130220,ATL,MIA
Shot Chart Detail,0021200802,347,951,Ray Allen,1610612748,Miami Heat,3,2,54,Made Shot,Running Jump Shot,2PT Field Goal,In The Paint (Non-RA),Center(C),8-16 ft.,11.0,-38.0,107.0,1,1,20130220,ATL,MIA
Shot Chart Detail,0021200802,361,951,Ray Allen,1610612748,Miami Heat,3,1,44,Missed Shot,Jump Shot,3PT Field Goal,Right Corner 3,Right Side(R),24+ ft.,25.0,239.0,78.0,1,0,20130220,ATL,MIA
Shot Chart Detail,0021200802,364,951,Ray Allen,1610612748,Miami Heat,3,1,15,Missed Shot,Jump Shot,3PT Field Goal,Right Corner 3,Right Side(R),24+ ft.,23.0,236.0,28.0,1,0,20130220,ATL,MIA
Shot Chart Detail,0021200802,386,951,Ray Allen,1610612748,Miami Heat,4,10,52,Made Shot,Layup Shot,2PT Field Goal,Restricted Area,Center(C),Less Than 8 ft.,1.0,18.0,-2.0,1,1,20130220,ATL,MIA
Shot Chart Detail,0021200802,398,951,Ray Allen,1610612748,Miami Heat,4,10,4,Made Shot,Reverse Layup Shot,2PT Field Goal,Restricted Area,Center(C),Less Than 8 ft.,0.0,2.0,3.0,1,1,20130220,ATL,MIA
Shot Chart Detail,0021200802,442,951,Ray Allen,1610612748,Miami Heat,4,5,37,Made Shot,Jump Shot,3PT Field Goal,Above the Break 3,Left Side Center(LC),24+ ft.,24.0,-158.0,192.0,1,1,20130220,ATL,MIA
Shot Chart Detail,0021200802,451,951,Ray Allen,1610612748,Miami Heat,4,4,37,Made Shot,Running Layup Shot,2PT Field Goal,Restricted Area,Center(C),Less Than 8 ft.,2.0,21.0,3.0,1,1,20130220,ATL,MIA
Shot Chart Detail,0021200802,458,951,Ray Allen,1610612748,Miami Heat,4,3,15,Made Shot,Jump Shot,3PT Field Goal,Right Corner 3,Right Side(R),24+ ft.,23.0,239.0,19.0,1,1,20130220,ATL,MIA
Shot Chart Detail,0021200802,487,951,Ray Allen,1610612748,Miami Heat,4,1,18,Missed Shot,Reverse Layup Shot,2PT Field Goal,Restricted Area,Center(C),Less Than 8 ft.,0.0,-2.0,1.0,1,0,20130220,ATL,MIA
Shot Chart Detail,0021200809,145,951,Ray Allen,1610612748,Miami Heat,2,9,44,Missed Shot,Jump Shot,3PT Field Goal,Above the Break 3,Right Side Center(RC),24+ ft.,24.0,122.0,217.0,1,0,20130221,CHI,MIA
Shot Chart Detail,0021200809,155,951,Ray Allen,1610612748,Miami Heat,2,7,53,Made Shot,Driving Layup Shot,2PT Field Goal,Restricted Area,Center(C),Less Than 8 ft.,1.0,-13.0,7.0,1,1,20130221,CHI,MIA
Shot Chart Detail,0021200809,172,951,Ray Allen,1610612748,Miami Heat,2,5,41,Made Shot,Driving Layup Shot,2PT Field Goal,Restricted Area,Center(C),Less Than 8 ft.,1.0,-13.0,12.0,1,1,20130221,CHI,MIA
Shot Chart Detail,0021200809,318,951,Ray Allen,1610612748,Miami Heat,3,1,25,Missed Shot,Layup Shot,2PT Field Goal,Restricted Area,Center(C),Less Than 8 ft.,2.0,0.0,22.0,1,0,20130221,CHI,MIA
Shot Chart Detail,0021200809,354,951,Ray Allen,1610612748,Miami Heat,4,10,43,Made Shot,Jump Shot,3PT Field Goal,Above the Break 3,Left Side Center(LC),24+ ft.,25.0,-198.0,165.0,1,1,20130221,CHI,MIA
Shot Chart Detail,0021200809,364,951,Ray Allen,1610612748,Miami Heat,4,9,28,Missed Shot,Jump Shot,2PT Field Goal,Mid-Range,Left Side(L),16-24 ft.,21.0,-209.0,-22.0,1,0,20130221,CHI,MIA
Shot Chart Detail,0021200809,369,951,Ray Allen,1610612748,Miami Heat,4,8,46,Made Shot,Jump Bank Shot,2PT Field Goal,Mid-Range,Left Side(L),16-24 ft.,17.0,-172.0,52.0,1,1,20130221,CHI,MIA
Shot Chart Detail,0021200809,386,951,Ray Allen,1610612748,Miami Heat,4,7,12,Missed Shot,Layup Shot,2PT Field Goal,Restricted Area,Center(C),Less Than 8 ft.,2.0,-21.0,15.0,1,0,20130221,CHI,MIA
Shot Chart Detail,0021200809,401,951,Ray Allen,1610612748,Miami Heat,4,5,51,Missed Shot,Driving Layup Shot,2PT Field Goal,Restricted Area,Center(C),Less Than 8 ft.,1.0,-11.0,3.0,1,0,20130221,CHI,MIA
Shot Chart Detail,0021200809,420,951,Ray Allen,1610612748,Miami Heat,4,3,48,Missed Shot,Jump Shot,2PT Field Goal,Mid-Range,Left Side(L),16-24 ft.,20.0,-183.0,102.0,1,0,20130221,CHI,MIA
Shot Chart Detail,0021200809,439,951,Ray Allen,1610612748,Miami Heat,4,1,17,Missed Shot,Jump Shot,3PT Field Goal,Right Corner 3,Right Side(R),24+ ft.,22.0,223.0,50.0,1,0,20130221,CHI,MIA
Shot Chart Detail,0021200826,73,951,Ray Allen,1610612748,Miami Heat,1,1,26,Missed Shot,Jump Shot,2PT Field Goal,Mid-Range,Center(C),8-16 ft.,15.0,1.0,153.0,1,0,20130223,PHI,MIA
Shot Chart Detail,0021200826,77,951,Ray Allen,1610612748,Miami Heat,1,1,9,Missed Shot,Jump Shot,3PT Field Goal,Above the Break 3,Left Side Center(LC),24+ ft.,24.0,-172.0,175.0,1,0,20130223,PHI,MIA
Shot Chart Detail,0021200826,174,951,Ray Allen,1610612748,Miami Heat,2,1,47,Made Shot,Jump Bank Shot,3PT Field Goal,Above the Break 3,Left Side Center(LC),24+ ft.,24.0,-202.0,137.0,1,1,20130223,PHI,MIA
Shot Chart Detail,0021200826,183,951,Ray Allen,1610612748,Miami Heat,2,0,32,Missed Shot,Layup Shot,2PT Field Goal,Restricted Area,Center(C),Less Than 8 ft.,1.0,-18.0,1.0,1,0,20130223,PHI,MIA
Shot Chart Detail,0021200826,194,951,Ray Allen,1610612748,Miami Heat,2,0,2,Made Shot,Jump Shot,3PT Field Goal,Left Corner 3,Left Side(L),24+ ft.,23.0,-229.0,-28.0,1,1,20130223,PHI,MIA
Shot Chart Detail,0021200826,270,951,Ray Allen,1610612748,Miami Heat,3,2,44,Made Shot,Jump Shot,3PT Field Goal,Left Corner 3,Left Side(L),24+ ft.,22.0,-229.0,-6.0,1,1,20130223,PHI,MIA
Shot Chart Detail,0021200826,303,951,Ray Allen,1610612748,Miami Heat,4,11,44,Missed Shot,Jump Shot,3PT Field Goal,Left Corner 3,Left Side(L),24+ ft.,23.0,-234.0,-11.0,1,0,20130223,PHI,MIA
Shot Chart Detail,0021200826,345,951,Ray Allen,1610612748,Miami Heat,4,7,28,Missed Shot,Layup Shot,2PT Field Goal,Restricted Area,Center(C),Less Than 8 ft.,2.0,-24.0,-6.0,1,0,20130223,PHI,MIA
Shot Chart Detail,0021200826,374,951,Ray Allen,1610612748,Miami Heat,4,4,58,Made Shot,Jump Shot,3PT Field Goal,Left Corner 3,Left Side(L),24+ ft.,22.0,-224.0,-25.0,1,1,20130223,PHI,MIA
Shot Chart Detail,0021200833,88,951,Ray Allen,1610612748,Miami Heat,1,1,43,Made Shot,Jump Shot,3PT Field Goal,Above the Break 3,Right Side Center(RC),24+ ft.,24.0,212.0,124.0,1,1,20130224,MIA,CLE
Shot Chart Detail,0021200833,125,951,Ray Allen,1610612748,Miami Heat,2,11,2,Made Shot,Jump Shot,3PT Field Goal,Right Corner 3,Right Side(R),24+ ft.,23.0,233.0,17.0,1,1,20130224,MIA,CLE
Shot Chart Detail,0021200833,150,951,Ray Allen,1610612748,Miami Heat,2,9,19,Made Shot,Jump Bank Shot,2PT Field Goal,Mid-Range,Right Side(R),8-16 ft.,9.0,92.0,17.0,1,1,20130224,MIA,CLE
Shot Chart Detail,0021200833,235,951,Ray Allen,1610612748,Miami Heat,2,2,37,Made Shot,Jump Shot,3PT Field Goal,Above the Break 3,Left Side Center(LC),24+ ft.,25.0,-169.0,186.0,1,1,20130224,MIA,CLE
Shot Chart Detail,0021200833,360,951,Ray Allen,1610612748,Miami Heat,3,2,33,Missed Shot,Jump Shot,2PT Field Goal,In The Paint (Non-RA),Center(C),8-16 ft.,11.0,2.0,115.0,1,0,20130224,MIA,CLE
Shot Chart Detail,0021200833,417,951,Ray Allen,1610612748,Miami Heat,4,7,34,Missed Shot,Jump Shot,2PT Field Goal,Mid-Range,Right Side(R),8-16 ft.,14.0,140.0,47.0,1,0,20130224,MIA,CLE
Shot Chart Detail,0021200845,91,951,Ray Allen,1610612748,Miami Heat,1,1,2,Made Shot,Jump Shot,2PT Field Goal,Mid-Range,Center(C),8-16 ft.,15.0,15.0,156.0,1,1,20130226,MIA,SAC
Shot Chart Detail,0021200845,94,951,Ray Allen,1610612748,Miami Heat,1,0,33,Missed Shot,Jump Shot,3PT Field Goal,Above the Break 3,Right Side Center(RC),24+ ft.,25.0,84.0,239.0,1,0,20130226,MIA,SAC
Shot Chart Detail,0021200845,138,951,Ray Allen,1610612748,Miami Heat,2,8,18,Missed Shot,Jump Shot,2PT Field Goal,Mid-Range,Left Side(L),16-24 ft.,17.0,-166.0,61.0,1,0,20130226,MIA,SAC
Shot Chart Detail,0021200845,213,951,Ray Allen,1610612748,Miami Heat,2,2,54,Made Shot,Jump Shot,3PT Field Goal,Above the Break 3,Right Side Center(RC),24+ ft.,24.0,136.0,206.0,1,1,20130226,MIA,SAC
Shot Chart Detail,0021200845,227,951,Ray Allen,1610612748,Miami Heat,2,1,6,Made Shot,Jump Shot,3PT Field Goal,Above the Break 3,Left Side Center(LC),24+ ft.,24.0,-213.0,112.0,1,1,20130226,MIA,SAC
Shot Chart Detail,0021200845,354,951,Ray Allen,1610612748,Miami Heat,3,2,21,Made Shot,Layup Shot,2PT Field Goal,Restricted Area,Center(C),Less Than 8 ft.,0.0,6.0,4.0,1,1,20130226,MIA,SAC
Shot Chart Detail,0021200845,377,951,Ray Allen,1610612748,Miami Heat,3,0,0,Missed Shot,Jump Shot,3PT Field Goal,Above the Break 3,Left Side Center(LC),24+ ft.,35.0,-168.0,313.0,1,0,20130226,MIA,SAC
Shot Chart Detail,0021200845,389,951,Ray Allen,1610612748,Miami Heat,4,10,27,Made Shot,Jump Shot,3PT Field Goal,Right Corner 3,Right Side(R),24+ ft.,22.0,226.0,28.0,1,1,20130226,MIA,SAC
Shot Chart Detail,0021200845,398,951,Ray Allen,1610612748,Miami Heat,4,9,28,Made Shot,Jump Shot,3PT Field Goal,Above the Break 3,Right Side Center(RC),24+ ft.,24.0,218.0,119.0,1,1,20130226,MIA,SAC
Shot Chart Detail,0021200845,403,951,Ray Allen,1610612748,Miami Heat,4,8,19,Missed Shot,Jump Shot,3PT Field Goal,Left Corner 3,Left Side(L),24+ ft.,23.0,-235.0,33.0,1,0,20130226,MIA,SAC
Shot Chart Detail,0021200845,415,951,Ray Allen,1610612748,Miami Heat,4,7,11,Missed Shot,Jump Shot,3PT Field Goal,Above the Break 3,Left Side Center(LC),24+ ft.,24.0,-215.0,113.0,1,0,20130226,MIA,SAC
Shot Chart Detail,0021200845,427,951,Ray Allen,1610612748,Miami Heat,4,5,35,Made Shot,Dunk Shot,2PT Field Goal,Restricted Area,Center(C),Less Than 8 ft.,0.0,7.0,0.0,1,1,20130226,MIA,SAC
Shot Chart Detail,0021200845,460,951,Ray Allen,1610612748,Miami Heat,4,2,45,Made Shot,Jump Shot,3PT Field Goal,Left Corner 3,Left Side(L),24+ ft.,24.0,-235.0,63.0,1,1,20130226,MIA,SAC
Shot Chart Detail,0021200845,525,951,Ray Allen,1610612748,Miami Heat,5,3,0,Missed Shot,Jump Shot,3PT Field Goal,Above the Break 3,Left Side Center(LC),24+ ft.,24.0,-218.0,118.0,1,0,20130226,MIA,SAC
Shot Chart Detail,0021200868,129,951,Ray Allen,1610612748,Miami Heat,1,0,24,Made Shot,Jump Shot,3PT Field Goal,Left Corner 3,Left Side(L),24+ ft.,23.0,-234.0,44.0,1,1,20130301,MIA,MEM
Shot Chart Detail,0021200868,151,951,Ray Allen,1610612748,Miami Heat,2,10,38,Missed Shot,Driving Layup Shot,2PT Field Goal,Restricted Area,Center(C),Less Than 8 ft.,0.0,2.0,7.0,1,0,20130301,MIA,MEM
Shot Chart Detail,0021200868,227,951,Ray Allen,1610612748,Miami Heat,2,3,59,Made Shot,Driving Reverse Layup Shot,2PT Field Goal,Restricted Area,Center(C),Less Than 8 ft.,0.0,9.0,1.0,1,1,20130301,MIA,MEM
Shot Chart Detail,0021200868,237,951,Ray Allen,1610612748,Miami Heat,2,2,16,Missed Shot,Jump Shot,3PT Field Goal,Right Corner 3,Right Side(R),24+ ft.,22.0,225.0,22.0,1,0,20130301,MIA,MEM
Shot Chart Detail,0021200868,246,951,Ray Allen,1610612748,Miami Heat,2,1,28,Made Shot,Jump Shot,3PT Field Goal,Right Corner 3,Right Side(R),24+ ft.,23.0,237.0,17.0,1,1,20130301,MIA,MEM
Shot Chart Detail,0021200868,404,951,Ray Allen,1610612748,Miami Heat,4,10,13,Missed Shot,Jump Shot,2PT Field Goal,In The Paint (Non-RA),Left Side(L),8-16 ft.,15.0,-78.0,134.0,1,0,20130301,MIA,MEM
Shot Chart Detail,0021200868,457,951,Ray Allen,1610612748,Miami Heat,4,4,35,Missed Shot,Jump Shot,3PT Field Goal,Above the Break 3,Right Side Center(RC),24+ ft.,24.0,171.0,178.0,1,0,20130301,MIA,MEM
Shot Chart Detail,0021200868,465,951,Ray Allen,1610612748,Miami Heat,4,4,2,Made Shot,Layup Shot,2PT Field Goal,Restricted Area,Center(C),Less Than 8 ft.,0.0,-4.0,4.0,1,1,20130301,MIA,MEM
Shot Chart Detail,0021200868,506,951,Ray Allen,1610612748,Miami Heat,4,1,5,Missed Shot,Jump Shot,3PT Field Goal,Above the Break 3,Center(C),24+ ft.,39.0,37.0,395.0,1,0,20130301,MIA,MEM
Shot Chart Detail,0021200880,157,951,Ray Allen,1610612748,Miami Heat,2,8,35,Missed Shot,Jump Bank Shot,2PT Field Goal,In The Paint (Non-RA),Center(C),Less Than 8 ft.,5.0,-40.0,39.0,1,0,20130303,NYK,MIA
Shot Chart Detail,0021200880,164,951,Ray Allen,1610612748,Miami Heat,2,8,17,Made Shot,Jump Shot,3PT Field Goal,Above the Break 3,Left Side Center(LC),24+ ft.,25.0,-205.0,151.0,1,1,20130303,NYK,MIA
Shot Chart Detail,0021200880,217,951,Ray Allen,1610612748,Miami Heat,2,2,36,Made Shot,Driving Bank shot,2PT Field Goal,In The Paint (Non-RA),Left Side(L),8-16 ft.,8.0,-73.0,37.0,1,1,20130303,NYK,MIA
Shot Chart Detail,0021200880,393,951,Ray Allen,1610612748,Miami Heat,3,0,50,Missed Shot,Jump Shot,3PT Field Goal,Left Corner 3,Left Side(L),24+ ft.,24.0,-240.0,28.0,1,0,20130303,NYK,MIA
Shot Chart Detail,0021200880,395,951,Ray Allen,1610612748,Miami Heat,3,0,45,Missed Shot,Jump Shot,2PT Field Goal,Mid-Range,Right Side(R),8-16 ft.,12.0,121.0,45.0,1,0,20130303,NYK,MIA
Shot Chart Detail,0021200880,407,951,Ray Allen,1610612748,Miami Heat,4,11,41,Missed Shot,Jump Shot,3PT Field Goal,Right Corner 3,Right Side(R),24+ ft.,24.0,239.0,-30.0,1,0,20130303,NYK,MIA
Shot Chart Detail,0021200880,417,951,Ray Allen,1610612748,Miami Heat,4,10,9,Missed Shot,Jump Bank Shot,2PT Field Goal,Mid-Range,Right Side(R),8-16 ft.,15.0,151.0,30.0,1,0,20130303,NYK,MIA
Shot Chart Detail,0021200892,137,951,Ray Allen,1610612748,Miami Heat,2,8,54,Made Shot,Running Jump Shot,2PT Field Goal,Restricted Area,Center(C),Less Than 8 ft.,3.0,28.0,17.0,1,1,20130304,MIN,MIA
Shot Chart Detail,0021200892,148,951,Ray Allen,1610612748,Miami Heat,2,6,54,Missed Shot,Jump Shot,3PT Field Goal,Above the Break 3,Left Side Center(LC),24+ ft.,25.0,-199.0,153.0,1,0,20130304,MIN,MIA
Shot Chart Detail,0021200892,217,951,Ray Allen,1610612748,Miami Heat,2,1,33,Made Shot,Jump Shot,2PT Field Goal,Mid-Range,Left Side Center(LC),16-24 ft.,22.0,-180.0,135.0,1,1,20130304,MIN,MIA
Shot Chart Detail,0021200892,333,951,Ray Allen,1610612748,Miami Heat,3,0,1,Missed Shot,Jump Shot,3PT Field Goal,Above the Break 3,Left Side Center(LC),24+ ft.,43.0,-193.0,392.0,1,0,20130304,MIN,MIA
Shot Chart Detail,0021200892,341,951,Ray Allen,1610612748,Miami Heat,4,11,22,Missed Shot,Layup Shot,2PT Field Goal,Restricted Area,Center(C),Less Than 8 ft.,1.0,-8.0,6.0,1,0,20130304,MIN,MIA
Shot Chart Detail,0021200892,357,951,Ray Allen,1610612748,Miami Heat,4,9,32,Missed Shot,Jump Shot,3PT Field Goal,Right Corner 3,Right Side(R),24+ ft.,23.0,237.0,28.0,1,0,20130304,MIN,MIA
Shot Chart Detail,0021200892,368,951,Ray Allen,1610612748,Miami Heat,4,8,42,Made Shot,Jump Shot,3PT Field Goal,Left Corner 3,Left Side(L),24+ ft.,23.0,-235.0,6.0,1,1,20130304,MIN,MIA
Shot Chart Detail,0021200892,396,951,Ray Allen,1610612748,Miami Heat,4,6,28,Missed Shot,Layup Shot,2PT Field Goal,Restricted Area,Center(C),Less Than 8 ft.,1.0,12.0,15.0,1,0,20130304,MIN,MIA
Shot Chart Detail,0021200892,412,951,Ray Allen,1610612748,Miami Heat,4,5,33,Missed Shot,Jump Shot,3PT Field Goal,Right Corner 3,Right Side(R),24+ ft.,22.0,228.0,6.0,1,0,20130304,MIN,MIA
Shot Chart Detail,0021200892,446,951,Ray Allen,1610612748,Miami Heat,4,2,58,Made Shot,Jump Shot,3PT Field Goal,Left Corner 3,Left Side(L),24+ ft.,23.0,-234.0,6.0,1,1,20130304,MIN,MIA
Shot Chart Detail,0021200903,97,951,Ray Allen,1610612748,Miami Heat,1,1,7,Missed Shot,Jump Shot,3PT Field Goal,Right Corner 3,Right Side(R),24+ ft.,23.0,231.0,-5.0,1,0,20130306,MIA,ORL
Shot Chart Detail,0021200903,121,951,Ray Allen,1610612748,Miami Heat,2,11,18,Made Shot,Jump Shot,3PT Field Goal,Above the Break 3,Left Side Center(LC),24+ ft.,24.0,-185.0,168.0,1,1,20130306,MIA,ORL
Shot Chart Detail,0021200903,131,951,Ray Allen,1610612748,Miami Heat,2,9,44,Missed Shot,Jump Shot,3PT Field Goal,Above the Break 3,Left Side Center(LC),24+ ft.,26.0,-182.0,186.0,1,0,20130306,MIA,ORL
Shot Chart Detail,0021200903,325,951,Ray Allen,1610612748,Miami Heat,3,3,29,Missed Shot,Jump Shot,2PT Field Goal,Mid-Range,Right Side Center(RC),16-24 ft.,18.0,58.0,172.0,1,0,20130306,MIA,ORL
Shot Chart Detail,0021200903,355,951,Ray Allen,1610612748,Miami Heat,3,0,25,Missed Shot,Jump Shot,3PT Field Goal,Above the Break 3,Left Side Center(LC),24+ ft.,24.0,-207.0,138.0,1,0,20130306,MIA,ORL
Shot Chart Detail,0021200903,402,951,Ray Allen,1610612748,Miami Heat,4,8,47,Missed Shot,Jump Shot,3PT Field Goal,Above the Break 3,Right Side Center(RC),24+ ft.,24.0,154.0,194.0,1,0,20130306,MIA,ORL
Shot Chart Detail,0021200903,489,951,Ray Allen,1610612748,Miami Heat,4,2,31,Missed Shot,Jump Shot,3PT Field Goal,Above the Break 3,Left Side Center(LC),24+ ft.,25.0,-220.0,127.0,1,0,20130306,MIA,ORL
Shot Chart Detail,0021200903,518,951,Ray Allen,1610612748,Miami Heat,4,0,39,Missed Shot,Jump Shot,3PT Field Goal,Left Corner 3,Left Side(L),24+ ft.,23.0,-237.0,14.0,1,0,20130306,MIA,ORL
Shot Chart Detail,0021200921,102,951,Ray Allen,1610612748,Miami Heat,1,1,46,Made Shot,Layup Shot,2PT Field Goal,Restricted Area,Center(C),Less Than 8 ft.,1.0,6.0,11.0,1,1,20130308,MIA,PHI
Shot Chart Detail,0021200921,111,951,Ray Allen,1610612748,Miami Heat,1,0,1,Made Shot,Jump Shot,3PT Field Goal,Left Corner 3,Left Side(L),24+ ft.,23.0,-239.0,19.0,1,1,20130308,MIA,PHI
Shot Chart Detail,0021200921,147,951,Ray Allen,1610612748,Miami Heat,2,8,13,Made Shot,Driving Reverse Layup Shot,2PT Field Goal,Restricted Area,Center(C),Less Than 8 ft.,1.0,15.0,11.0,1,1,20130308,MIA,PHI
Shot Chart Detail,0021200921,219,951,Ray Allen,1610612748,Miami Heat,2,1,50,Made Shot,Running Dunk Shot,2PT Field Goal,Restricted Area,Center(C),Less Than 8 ft.,0.0,2.0,4.0,1,1,20130308,MIA,PHI
Shot Chart Detail,0021200921,322,951,Ray Allen,1610612748,Miami Heat,3,1,54,Missed Shot,Jump Shot,3PT Field Goal,Above the Break 3,Right Side Center(RC),24+ ft.,24.0,170.0,181.0,1,0,20130308,MIA,PHI
Shot Chart Detail,0021200921,373,951,Ray Allen,1610612748,Miami Heat,4,9,29,Missed Shot,Jump Shot,3PT Field Goal,Above the Break 3,Left Side Center(LC),24+ ft.,24.0,-175.0,176.0,1,0,20130308,MIA,PHI
Shot Chart Detail,0021200921,377,951,Ray Allen,1610612748,Miami Heat,4,9,9,Made Shot,Layup Shot,2PT Field Goal,Restricted Area,Center(C),Less Than 8 ft.,0.0,-5.0,7.0,1,1,20130308,MIA,PHI
Shot Chart Detail,0021200921,409,951,Ray Allen,1610612748,Miami Heat,4,4,55,Missed Shot,Jump Shot,3PT Field Goal,Above the Break 3,Left Side Center(LC),24+ ft.,24.0,-218.0,121.0,1,0,20130308,MIA,PHI
Shot Chart Detail,0021200938,109,951,Ray Allen,1610612748,Miami Heat,1,1,21,Missed Shot,Driving Finger Roll Layup Shot,2PT Field Goal,Restricted Area,Center(C),Less Than 8 ft.,0.0,-1.0,8.0,1,0,20130310,MIA,IND
Shot Chart Detail,0021200938,111,951,Ray Allen,1610612748,Miami Heat,1,1,8,Missed Shot,Jump Shot,3PT Field Goal,Left Corner 3,Left Side(L),24+ ft.,24.0,-242.0,31.0,1,0,20130310,MIA,IND
Shot Chart Detail,0021200938,119,951,Ray Allen,1610612748,Miami Heat,1,0,42,Made Shot,Layup Shot,2PT Field Goal,Restricted Area,Center(C),Less Than 8 ft.,1.0,-15.0,12.0,1,1,20130310,MIA,IND
Shot Chart Detail,0021200938,138,951,Ray Allen,1610612748,Miami Heat,2,11,35,Made Shot,Turnaround Jump Shot,2PT Field Goal,In The Paint (Non-RA),Center(C),8-16 ft.,10.0,-15.0,104.0,1,1,20130310,MIA,IND
Shot Chart Detail,0021200938,162,951,Ray Allen,1610612748,Miami Heat,2,8,18,Missed Shot,Jump Shot,3PT Field Goal,Right Corner 3,Right Side(R),24+ ft.,22.0,226.0,33.0,1,0,20130310,MIA,IND
Shot Chart Detail,0021200938,173,951,Ray Allen,1610612748,Miami Heat,2,7,36,Made Shot,Jump Shot,3PT Field Goal,Above the Break 3,Right Side Center(RC),24+ ft.,25.0,220.0,123.0,1,1,20130310,MIA,IND
Shot Chart Detail,0021200938,343,951,Ray Allen,1610612748,Miami Heat,3,3,50,Missed Shot,Jump Shot,3PT Field Goal,Left Corner 3,Left Side(L),24+ ft.,23.0,-232.0,33.0,1,0,20130310,MIA,IND
Shot Chart Detail,0021200952,74,951,Ray Allen,1610612748,Miami Heat,1,3,56,Made Shot,Jump Shot,3PT Field Goal,Right Corner 3,Right Side(R),24+ ft.,23.0,234.0,4.0,1,1,20130312,MIA,ATL
Shot Chart Detail,0021200952,89,951,Ray Allen,1610612748,Miami Heat,1,2,47,Missed Shot,Jump Shot,2PT Field Goal,Mid-Range,Right Side(R),8-16 ft.,13.0,94.0,93.0,1,0,20130312,MIA,ATL
Shot Chart Detail,0021200952,150,951,Ray Allen,1610612748,Miami Heat,2,10,12,Missed Shot,Jump Shot,3PT Field Goal,Above the Break 3,Left Side Center(LC),24+ ft.,25.0,-168.0,186.0,1,0,20130312,MIA,ATL
Shot Chart Detail,0021200952,348,951,Ray Allen,1610612748,Miami Heat,3,2,55,Missed Shot,Layup Shot,2PT Field Goal,Restricted Area,Center(C),Less Than 8 ft.,0.0,2.0,3.0,1,0,20130312,MIA,ATL
Shot Chart Detail,0021200952,350,951,Ray Allen,1610612748,Miami Heat,3,2,48,Made Shot,Driving Finger Roll Layup Shot,2PT Field Goal,Restricted Area,Center(C),Less Than 8 ft.,1.0,-13.0,1.0,1,1,20130312,MIA,ATL
Shot Chart Detail,0021200952,418,951,Ray Allen,1610612748,Miami Heat,4,10,20,Made Shot,Jump Shot,3PT Field Goal,Right Corner 3,Right Side(R),24+ ft.,23.0,236.0,15.0,1,1,20130312,MIA,ATL
Shot Chart Detail,0021200952,473,951,Ray Allen,1610612748,Miami Heat,4,5,29,Missed Shot,Jump Shot,3PT Field Goal,Above the Break 3,Right Side Center(RC),24+ ft.,24.0,174.0,173.0,1,0,20130312,MIA,ATL
Shot Chart Detail,0021200952,484,951,Ray Allen,1610612748,Miami Heat,4,4,30,Missed Shot,Driving Layup Shot,2PT Field Goal,Restricted Area,Center(C),Less Than 8 ft.,0.0,0.0,3.0,1,0,20130312,MIA,ATL
Shot Chart Detail,0021200956,216,951,Ray Allen,1610612748,Miami Heat,2,1,46,Missed Shot,Jump Shot,3PT Field Goal,Above the Break 3,Right Side Center(RC),24+ ft.,26.0,163.0,209.0,1,0,20130313,PHI,MIA
Shot Chart Detail,0021200956,220,951,Ray Allen,1610612748,Miami Heat,2,1,22,Made Shot,Jump Shot,3PT Field Goal,Above the Break 3,Right Side Center(RC),24+ ft.,26.0,144.0,220.0,1,1,20130313,PHI,MIA
Shot Chart Detail,0021200956,235,951,Ray Allen,1610612748,Miami Heat,2,0,4,Missed Shot,Jump Shot,3PT Field Goal,Above the Break 3,Left Side Center(LC),24+ ft.,25.0,-215.0,143.0,1,0,20130313,PHI,MIA
Shot Chart Detail,0021200956,367,951,Ray Allen,1610612748,Miami Heat,4,10,19,Made Shot,Running Jump Shot,2PT Field Goal,Mid-Range,Right Side(R),8-16 ft.,12.0,86.0,89.0,1,1,20130313,PHI,MIA
Shot Chart Detail,0021200956,427,951,Ray Allen,1610612748,Miami Heat,4,3,11,Made Shot,Jump Shot,3PT Field Goal,Above the Break 3,Right Side Center(RC),24+ ft.,25.0,223.0,123.0,1,1,20130313,PHI,MIA
Shot Chart Detail,0021200975,58,951,Ray Allen,1610612748,Miami Heat,1,4,59,Made Shot,Jump Shot,2PT Field Goal,Mid-Range,Left Side Center(LC),16-24 ft.,20.0,-160.0,127.0,1,1,20130315,MIL,MIA
Shot Chart Detail,0021200975,82,951,Ray Allen,1610612748,Miami Heat,1,1,4,Missed Shot,Jump Shot,2PT Field Goal,Mid-Range,Right Side(R),8-16 ft.,9.0,94.0,-16.0,1,0,20130315,MIL,MIA
Shot Chart Detail,0021200975,108,951,Ray Allen,1610612748,Miami Heat,2,10,34,Made Shot,Jump Shot,3PT Field Goal,Above the Break 3,Left Side Center(LC),24+ ft.,25.0,-217.0,135.0,1,1,20130315,MIL,MIA
Shot Chart Detail,0021200975,368,951,Ray Allen,1610612748,Miami Heat,4,10,55,Missed Shot,Jump Shot,3PT Field Goal,Above the Break 3,Right Side Center(RC),24+ ft.,25.0,160.0,200.0,1,0,20130315,MIL,MIA
Shot Chart Detail,0021200975,407,951,Ray Allen,1610612748,Miami Heat,4,8,2,Missed Shot,Jump Shot,2PT Field Goal,Mid-Range,Right Side(R),8-16 ft.,11.0,118.0,-21.0,1,0,20130315,MIL,MIA
Shot Chart Detail,0021200975,412,951,Ray Allen,1610612748,Miami Heat,4,7,55,Missed Shot,Layup Shot,2PT Field Goal,Restricted Area,Center(C),Less Than 8 ft.,0.0,-2.0,0.0,1,0,20130315,MIL,MIA
Shot Chart Detail,0021200975,469,951,Ray Allen,1610612748,Miami Heat,4,2,2,Missed Shot,Jump Shot,3PT Field Goal,Right Corner 3,Right Side(R),24+ ft.,24.0,242.0,-6.0,1,0,20130315,MIL,MIA
Shot Chart Detail,0021200985,113,951,Ray Allen,1610612748,Miami Heat,2,11,46,Made Shot,Jump Shot,2PT Field Goal,Mid-Range,Right Side Center(RC),16-24 ft.,19.0,89.0,176.0,1,1,20130317,TOR,MIA
Shot Chart Detail,0021200985,131,951,Ray Allen,1610612748,Miami Heat,2,8,54,Missed Shot,Jump Shot,3PT Field Goal,Above the Break 3,Left Side Center(LC),24+ ft.,24.0,-185.0,164.0,1,0,20130317,TOR,MIA
Shot Chart Detail,0021200985,142,951,Ray Allen,1610612748,Miami Heat,2,7,59,Made Shot,Driving Reverse Layup Shot,2PT Field Goal,Restricted Area,Center(C),Less Than 8 ft.,2.0,20.0,9.0,1,1,20130317,TOR,MIA
Shot Chart Detail,0021200985,358,951,Ray Allen,1610612748,Miami Heat,3,0,46,Missed Shot,Pullup Jump shot,2PT Field Goal,Mid-Range,Left Side Center(LC),16-24 ft.,21.0,-120.0,178.0,1,0,20130317,TOR,MIA
Shot Chart Detail,0021200985,386,951,Ray Allen,1610612748,Miami Heat,4,10,52,Made Shot,Driving Jump shot,2PT Field Goal,In The Paint (Non-RA),Center(C),Less Than 8 ft.,6.0,-26.0,55.0,1,1,20130317,TOR,MIA
Shot Chart Detail,0021200985,394,951,Ray Allen,1610612748,Miami Heat,4,9,46,Made Shot,Jump Shot,3PT Field Goal,Above the Break 3,Right Side Center(RC),24+ ft.,24.0,111.0,219.0,1,1,20130317,TOR,MIA
Shot Chart Detail,0021200985,400,951,Ray Allen,1610612748,Miami Heat,4,9,13,Missed Shot,Jump Shot,3PT Field Goal,Above the Break 3,Right Side Center(RC),24+ ft.,24.0,192.0,160.0,1,0,20130317,TOR,MIA
Shot Chart Detail,0021200985,435,951,Ray Allen,1610612748,Miami Heat,4,6,38,Made Shot,Jump Shot,3PT Field Goal,Above the Break 3,Left Side Center(LC),24+ ft.,24.0,-224.0,110.0,1,1,20130317,TOR,MIA
Shot Chart Detail,0021200985,443,951,Ray Allen,1610612748,Miami Heat,4,6,8,Made Shot,Jump Shot,3PT Field Goal,Above the Break 3,Left Side Center(LC),24+ ft.,24.0,-209.0,132.0,1,1,20130317,TOR,MIA
Shot Chart Detail,0021200985,459,951,Ray Allen,1610612748,Miami Heat,4,5,10,Made Shot,Jump Shot,3PT Field Goal,Right Corner 3,Right Side(R),24+ ft.,23.0,233.0,7.0,1,1,20130317,TOR,MIA
Shot Chart Detail,0021200998,57,951,Ray Allen,1610612748,Miami Heat,1,5,24,Missed Shot,Jump Shot,3PT Field Goal,Above the Break 3,Left Side Center(LC),24+ ft.,25.0,-213.0,146.0,1,0,20130318,BOS,MIA
Shot Chart Detail,0021200998,59,951,Ray Allen,1610612748,Miami Heat,1,5,11,Missed Shot,Jump Shot,3PT Field Goal,Left Corner 3,Left Side(L),24+ ft.,23.0,-231.0,6.0,1,0,20130318,BOS,MIA
Shot Chart Detail,0021200998,118,951,Ray Allen,1610612748,Miami Heat,2,11,42,Made Shot,Jump Shot,2PT Field Goal,Mid-Range,Right Side Center(RC),16-24 ft.,23.0,111.0,209.0,1,1,20130318,BOS,MIA
Shot Chart Detail,0021200998,140,951,Ray Allen,1610612748,Miami Heat,2,9,19,Missed Shot,Jump Shot,3PT Field Goal,Above the Break 3,Left Side Center(LC),24+ ft.,25.0,-210.0,145.0,1,0,20130318,BOS,MIA
Shot Chart Detail,0021200998,361,951,Ray Allen,1610612748,Miami Heat,3,2,20,Made Shot,Fadeaway Jump Shot,2PT Field Goal,In The Paint (Non-RA),Center(C),8-16 ft.,8.0,-35.0,77.0,1,1,20130318,BOS,MIA
Shot Chart Detail,0021200998,364,951,Ray Allen,1610612748,Miami Heat,3,1,53,Missed Shot,Jump Shot,2PT Field Goal,Mid-Range,Left Side(L),8-16 ft.,14.0,-147.0,11.0,1,0,20130318,BOS,MIA
Shot Chart Detail,0021201009,371,951,Ray Allen,1610612748,Miami Heat,3,1,53,Missed Shot,Jump Shot,3PT Field Goal,Left Corner 3,Left Side(L),24+ ft.,23.0,-232.0,14.0,1,0,20130320,CLE,MIA
Shot Chart Detail,0021201009,390,951,Ray Allen,1610612748,Miami Heat,3,0,15,Made Shot,Jump Shot,3PT Field Goal,Above the Break 3,Left Side Center(LC),24+ ft.,24.0,-218.0,118.0,1,1,20130320,CLE,MIA
Shot Chart Detail,0021201009,430,951,Ray Allen,1610612748,Miami Heat,4,8,37,Made Shot,Jump Shot,3PT Field Goal,Above the Break 3,Center(C),24+ ft.,26.0,-51.0,257.0,1,1,20130320,CLE,MIA
Shot Chart Detail,0021201009,452,951,Ray Allen,1610612748,Miami Heat,4,6,26,Made Shot,Jump Shot,3PT Field Goal,Left Corner 3,Left Side(L),24+ ft.,24.0,-239.0,36.0,1,1,20130320,CLE,MIA
Shot Chart Detail,0021201009,458,951,Ray Allen,1610612748,Miami Heat,4,5,42,Missed Shot,Driving Layup Shot,2PT Field Goal,Restricted Area,Center(C),Less Than 8 ft.,1.0,7.0,17.0,1,0,20130320,CLE,MIA
Shot Chart Detail,0021201009,484,951,Ray Allen,1610612748,Miami Heat,4,3,5,Missed Shot,Jump Shot,3PT Field Goal,Left Corner 3,Left Side(L),24+ ft.,24.0,-240.0,22.0,1,0,20130320,CLE,MIA
Shot Chart Detail,0021201009,514,951,Ray Allen,1610612748,Miami Heat,4,1,30,Missed Shot,Jump Shot,3PT Field Goal,Right Corner 3,Right Side(R),24+ ft.,24.0,241.0,41.0,1,0,20130320,CLE,MIA
Shot Chart Detail,0021201026,63,951,Ray Allen,1610612748,Miami Heat,1,4,11,Missed Shot,Layup Shot,2PT Field Goal,Restricted Area,Center(C),Less Than 8 ft.,1.0,15.0,3.0,1,0,20130322,MIA,DET
Shot Chart Detail,0021201026,102,951,Ray Allen,1610612748,Miami Heat,1,0,45,Missed Shot,Jump Shot,2PT Field Goal,In The Paint (Non-RA),Right Side(R),8-16 ft.,11.0,77.0,86.0,1,0,20130322,MIA,DET
Shot Chart Detail,0021201026,126,951,Ray Allen,1610612748,Miami Heat,2,9,41,Made Shot,Jump Bank Shot,2PT Field Goal,Mid-Range,Right Side(R),8-16 ft.,8.0,86.0,17.0,1,1,20130322,MIA,DET
Shot Chart Detail,0021201041,102,951,Ray Allen,1610612748,Miami Heat,1,1,49,Missed Shot,Layup Shot,2PT Field Goal,Restricted Area,Center(C),Less Than 8 ft.,0.0,-7.0,3.0,1,0,20130324,MIA,CHA
Shot Chart Detail,0021201041,141,951,Ray Allen,1610612748,Miami Heat,2,9,28,Missed Shot,Jump Shot,2PT Field Goal,Restricted Area,Center(C),Less Than 8 ft.,3.0,-29.0,15.0,1,0,20130324,MIA,CHA
Shot Chart Detail,0021201041,153,951,Ray Allen,1610612748,Miami Heat,2,8,19,Made Shot,Jump Shot,3PT Field Goal,Above the Break 3,Right Side Center(RC),24+ ft.,25.0,133.0,219.0,1,1,20130324,MIA,CHA
Shot Chart Detail,0021201041,156,951,Ray Allen,1610612748,Miami Heat,2,7,44,Made Shot,Jump Shot,3PT Field Goal,Above the Break 3,Right Side Center(RC),24+ ft.,24.0,160.0,189.0,1,1,20130324,MIA,CHA
Shot Chart Detail,0021201041,168,951,Ray Allen,1610612748,Miami Heat,2,7,10,Made Shot,Driving Finger Roll Layup Shot,2PT Field Goal,Restricted Area,Center(C),Less Than 8 ft.,0.0,7.0,6.0,1,1,20130324,MIA,CHA
Shot Chart Detail,0021201041,338,951,Ray Allen,1610612748,Miami Heat,3,3,18,Missed Shot,Jump Shot,3PT Field Goal,Above the Break 3,Right Side Center(RC),24+ ft.,25.0,114.0,227.0,1,0,20130324,MIA,CHA
Shot Chart Detail,0021201041,342,951,Ray Allen,1610612748,Miami Heat,3,3,8,Missed Shot,Floating Jump shot,2PT Field Goal,In The Paint (Non-RA),Center(C),8-16 ft.,8.0,7.0,80.0,1,0,20130324,MIA,CHA
Shot Chart Detail,0021201041,403,951,Ray Allen,1610612748,Miami Heat,4,10,23,Made Shot,Jump Shot,3PT Field Goal,Above the Break 3,Right Side Center(RC),24+ ft.,25.0,155.0,198.0,1,1,20130324,MIA,CHA
Shot Chart Detail,0021201041,466,951,Ray Allen,1610612748,Miami Heat,4,4,24,Made Shot,Jump Shot,3PT Field Goal,Above the Break 3,Left Side Center(LC),24+ ft.,24.0,-202.0,143.0,1,1,20130324,MIA,CHA
Shot Chart Detail,0021201049,140,951,Ray Allen,1610612748,Miami Heat,2,9,20,Missed Shot,Running Jump Shot,2PT Field Goal,In The Paint (Non-RA),Center(C),Less Than 8 ft.,6.0,2.0,67.0,1,0,20130325,ORL,MIA
Shot Chart Detail,0021201049,384,951,Ray Allen,1610612748,Miami Heat,3,0,41,Made Shot,Jump Shot,3PT Field Goal,Above the Break 3,Right Side Center(RC),24+ ft.,25.0,223.0,115.0,1,1,20130325,ORL,MIA
Shot Chart Detail,0021201049,413,951,Ray Allen,1610612748,Miami Heat,4,11,21,Made Shot,Jump Shot,3PT Field Goal,Left Corner 3,Left Side(L),24+ ft.,23.0,-228.0,33.0,1,1,20130325,ORL,MIA
Shot Chart Detail,0021201049,419,951,Ray Allen,1610612748,Miami Heat,4,10,44,Missed Shot,Jump Shot,3PT Field Goal,Above the Break 3,Center(C),24+ ft.,25.0,-71.0,242.0,1,0,20130325,ORL,MIA
Shot Chart Detail,0021201049,424,951,Ray Allen,1610612748,Miami Heat,4,9,57,Made Shot,Jump Shot,3PT Field Goal,Above the Break 3,Left Side Center(LC),24+ ft.,24.0,-139.0,205.0,1,1,20130325,ORL,MIA
Shot Chart Detail,0021201049,438,951,Ray Allen,1610612748,Miami Heat,4,8,19,Missed Shot,Jump Shot,3PT Field Goal,Left Corner 3,Left Side(L),24+ ft.,23.0,-229.0,36.0,1,0,20130325,ORL,MIA
Shot Chart Detail,0021201049,481,951,Ray Allen,1610612748,Miami Heat,4,4,40,Made Shot,Jump Shot,3PT Field Goal,Right Corner 3,Right Side(R),24+ ft.,23.0,231.0,45.0,1,1,20130325,ORL,MIA
Shot Chart Detail,0021201062,133,951,Ray Allen,1610612748,Miami Heat,2,10,48,Made Shot,Jump Shot,2PT Field Goal,In The Paint (Non-RA),Center(C),8-16 ft.,13.0,53.0,124.0,1,1,20130327,CHI,MIA
Shot Chart Detail,0021201062,141,951,Ray Allen,1610612748,Miami Heat,2,9,22,Made Shot,Jump Shot,3PT Field Goal,Right Corner 3,Right Side(R),24+ ft.,23.0,239.0,-13.0,1,1,20130327,CHI,MIA
Shot Chart Detail,0021201062,179,951,Ray Allen,1610612748,Miami Heat,2,4,30,Missed Shot,Jump Shot,3PT Field Goal,Above the Break 3,Right Side Center(RC),24+ ft.,24.0,110.0,219.0,1,0,20130327,CHI,MIA
Shot Chart Detail,0021201062,316,951,Ray Allen,1610612748,Miami Heat,3,1,25,Missed Shot,Running Layup Shot,2PT Field Goal,Restricted Area,Center(C),Less Than 8 ft.,1.0,10.0,4.0,1,0,20130327,CHI,MIA
Shot Chart Detail,0021201062,354,951,Ray Allen,1610612748,Miami Heat,4,10,23,Missed Shot,Jump Shot,2PT Field Goal,Mid-Range,Right Side(R),8-16 ft.,12.0,129.0,9.0,1,0,20130327,CHI,MIA
Shot Chart Detail,0021201062,358,951,Ray Allen,1610612748,Miami Heat,4,9,50,Missed Shot,Jump Shot,3PT Field Goal,Above the Break 3,Left Side Center(LC),24+ ft.,24.0,-141.0,206.0,1,0,20130327,CHI,MIA
Shot Chart Detail,0021201062,466,951,Ray Allen,1610612748,Miami Heat,4,2,5,Missed Shot,Jump Shot,3PT Field Goal,Above the Break 3,Left Side Center(LC),24+ ft.,27.0,-185.0,197.0,1,0,20130327,CHI,MIA
Shot Chart Detail,0021201062,474,951,Ray Allen,1610612748,Miami Heat,4,1,22,Made Shot,Layup Shot,2PT Field Goal,Restricted Area,Center(C),Less Than 8 ft.,1.0,-17.0,3.0,1,1,20130327,CHI,MIA
Shot Chart Detail,0021201080,81,951,Ray Allen,1610612748,Miami Heat,1,4,23,Made Shot,Turnaround Jump Shot,2PT Field Goal,Mid-Range,Left Side(L),8-16 ft.,13.0,-138.0,20.0,1,1,20130329,NOH,MIA
Shot Chart Detail,0021201080,353,951,Ray Allen,1610612748,Miami Heat,3,2,54,Made Shot,Turnaround Jump Shot,2PT Field Goal,In The Paint (Non-RA),Right Side(R),8-16 ft.,14.0,77.0,126.0,1,1,20130329,NOH,MIA
Shot Chart Detail,0021201080,398,951,Ray Allen,1610612748,Miami Heat,4,8,55,Missed Shot,Jump Shot,3PT Field Goal,Above the Break 3,Right Side Center(RC),24+ ft.,25.0,135.0,214.0,1,0,20130329,NOH,MIA
Shot Chart Detail,0021201080,401,951,Ray Allen,1610612748,Miami Heat,4,8,34,Missed Shot,Layup Shot,2PT Field Goal,Restricted Area,Center(C),Less Than 8 ft.,0.0,2.0,-5.0,1,0,20130329,NOH,MIA
Shot Chart Detail,0021201080,452,951,Ray Allen,1610612748,Miami Heat,4,3,42,Made Shot,Reverse Layup Shot,2PT Field Goal,Restricted Area,Center(C),Less Than 8 ft.,2.0,-16.0,15.0,1,1,20130329,NOH,MIA
Shot Chart Detail,0021201098,83,951,Ray Allen,1610612748,Miami Heat,1,2,41,Missed Shot,Jump Shot,3PT Field Goal,Above the Break 3,Left Side Center(LC),24+ ft.,24.0,-169.0,184.0,1,0,20130331,SAS,MIA
Shot Chart Detail,0021201098,91,951,Ray Allen,1610612748,Miami Heat,1,0,42,Missed Shot,Jump Shot,2PT Field Goal,Mid-Range,Left Side Center(LC),16-24 ft.,22.0,-142.0,175.0,1,0,20130331,SAS,MIA
Shot Chart Detail,0021201098,105,951,Ray Allen,1610612748,Miami Heat,1,0,0,Missed Shot,Jump Shot,2PT Field Goal,Mid-Range,Left Side(L),16-24 ft.,19.0,-190.0,50.0,1,0,20130331,SAS,MIA
Shot Chart Detail,0021201098,116,951,Ray Allen,1610612748,Miami Heat,2,10,54,Missed Shot,Jump Shot,2PT Field Goal,Restricted Area,Center(C),Less Than 8 ft.,3.0,34.0,-2.0,1,0,20130331,SAS,MIA
Shot Chart Detail,0021201098,132,951,Ray Allen,1610612748,Miami Heat,2,9,11,Made Shot,Jump Shot,2PT Field Goal,Mid-Range,Left Side Center(LC),16-24 ft.,22.0,-79.0,208.0,1,1,20130331,SAS,MIA
Shot Chart Detail,0021201098,167,951,Ray Allen,1610612748,Miami Heat,2,6,3,Made Shot,Jump Shot,3PT Field Goal,Above the Break 3,Left Side Center(LC),24+ ft.,24.0,-169.0,181.0,1,1,20130331,SAS,MIA
Shot Chart Detail,0021201098,202,951,Ray Allen,1610612748,Miami Heat,2,2,41,Missed Shot,Jump Shot,3PT Field Goal,Left Corner 3,Left Side(L),24+ ft.,23.0,-237.0,-6.0,1,0,20130331,SAS,MIA
Shot Chart Detail,0021201098,315,951,Ray Allen,1610612748,Miami Heat,3,0,47,Made Shot,Jump Shot,2PT Field Goal,Mid-Range,Center(C),8-16 ft.,15.0,-24.0,156.0,1,1,20130331,SAS,MIA
Shot Chart Detail,0021201098,349,951,Ray Allen,1610612748,Miami Heat,4,9,36,Made Shot,Jump Shot,3PT Field Goal,Above the Break 3,Right Side Center(RC),24+ ft.,24.0,122.0,209.0,1,1,20130331,SAS,MIA
Shot Chart Detail,0021201098,364,951,Ray Allen,1610612748,Miami Heat,4,7,58,Made Shot,Layup Shot,2PT Field Goal,Restricted Area,Center(C),Less Than 8 ft.,0.0,2.0,7.0,1,1,20130331,SAS,MIA
Shot Chart Detail,0021201098,366,951,Ray Allen,1610612748,Miami Heat,4,7,23,Missed Shot,Jump Shot,3PT Field Goal,Above the Break 3,Left Side Center(LC),24+ ft.,25.0,-213.0,131.0,1,0,20130331,SAS,MIA
Shot Chart Detail,0021201098,380,951,Ray Allen,1610612748,Miami Heat,4,6,15,Made Shot,Driving Layup Shot,2PT Field Goal,Restricted Area,Center(C),Less Than 8 ft.,0.0,0.0,3.0,1,1,20130331,SAS,MIA
Shot Chart Detail,0021201109,91,951,Ray Allen,1610612748,Miami Heat,1,1,11,Missed Shot,Jump Shot,2PT Field Goal,Mid-Range,Left Side(L),16-24 ft.,19.0,-166.0,99.0,1,0,20130402,MIA,NYK
Shot Chart Detail,0021201109,123,951,Ray Allen,1610612748,Miami Heat,2,10,19,Made Shot,Jump Shot,2PT Field Goal,Mid-Range,Left Side Center(LC),16-24 ft.,16.0,-76.0,143.0,1,1,20130402,MIA,NYK
Shot Chart Detail,0021201109,133,951,Ray Allen,1610612748,Miami Heat,2,9,27,Made Shot,Driving Layup Shot,2PT Field Goal,Restricted Area,Center(C),Less Than 8 ft.,0.0,9.0,4.0,1,1,20130402,MIA,NYK
Shot Chart Detail,0021201109,155,951,Ray Allen,1610612748,Miami Heat,2,7,19,Made Shot,Jump Shot,3PT Field Goal,Above the Break 3,Right Side Center(RC),24+ ft.,25.0,174.0,187.0,1,1,20130402,MIA,NYK
Shot Chart Detail,0021201109,321,951,Ray Allen,1610612748,Miami Heat,3,1,53,Made Shot,Finger Roll Layup Shot,2PT Field Goal,Restricted Area,Center(C),Less Than 8 ft.,0.0,4.0,7.0,1,1,20130402,MIA,NYK
Shot Chart Detail,0021201109,356,951,Ray Allen,1610612748,Miami Heat,4,11,43,Made Shot,Layup Shot,2PT Field Goal,Restricted Area,Center(C),Less Than 8 ft.,0.0,1.0,7.0,1,1,20130402,MIA,NYK
Shot Chart Detail,0021201109,376,951,Ray Allen,1610612748,Miami Heat,4,9,46,Missed Shot,Fadeaway Jump Shot,2PT Field Goal,Mid-Range,Right Side(R),8-16 ft.,13.0,135.0,3.0,1,0,20130402,MIA,NYK
Shot Chart Detail,0021201140,100,951,Ray Allen,1610612748,Miami Heat,1,1,30,Missed Shot,Running Jump Shot,2PT Field Goal,In The Paint (Non-RA),Center(C),Less Than 8 ft.,7.0,-45.0,58.0,1,0,20130406,MIA,PHI
Shot Chart Detail,0021201140,142,951,Ray Allen,1610612748,Miami Heat,2,10,0,Missed Shot,Jump Shot,2PT Field Goal,Mid-Range,Center(C),16-24 ft.,18.0,4.0,186.0,1,0,20130406,MIA,PHI
Shot Chart Detail,0021201140,152,951,Ray Allen,1610612748,Miami Heat,2,8,53,Missed Shot,Jump Shot,2PT Field Goal,Mid-Range,Left Side Center(LC),16-24 ft.,20.0,-147.0,142.0,1,0,20130406,MIA,PHI
Shot Chart Detail,0021201140,167,951,Ray Allen,1610612748,Miami Heat,2,7,14,Made Shot,Jump Shot,3PT Field Goal,Right Corner 3,Right Side(R),24+ ft.,22.0,228.0,26.0,1,1,20130406,MIA,PHI
Shot Chart Detail,0021201140,318,951,Ray Allen,1610612748,Miami Heat,3,3,36,Missed Shot,Driving Layup Shot,2PT Field Goal,Restricted Area,Center(C),Less Than 8 ft.,0.0,6.0,1.0,1,0,20130406,MIA,PHI
Shot Chart Detail,0021201140,393,951,Ray Allen,1610612748,Miami Heat,4,8,26,Missed Shot,Jump Shot,2PT Field Goal,In The Paint (Non-RA),Center(C),8-16 ft.,15.0,-75.0,134.0,1,0,20130406,MIA,PHI
Shot Chart Detail,0021201140,409,951,Ray Allen,1610612748,Miami Heat,4,7,7,Made Shot,Jump Shot,3PT Field Goal,Left Corner 3,Left Side(L),24+ ft.,23.0,-234.0,0.0,1,1,20130406,MIA,PHI
Shot Chart Detail,0021201140,427,951,Ray Allen,1610612748,Miami Heat,4,6,0,Made Shot,Jump Shot,3PT Field Goal,Above the Break 3,Right Side Center(RC),24+ ft.,25.0,195.0,162.0,1,1,20130406,MIA,PHI
Shot Chart Detail,0021201157,72,951,Ray Allen,1610612748,Miami Heat,1,2,55,Missed Shot,Jump Shot,3PT Field Goal,Left Corner 3,Left Side(L),24+ ft.,23.0,-239.0,6.0,1,0,20130409,MIA,MIL
Shot Chart Detail,0021201157,76,951,Ray Allen,1610612748,Miami Heat,1,2,41,Made Shot,Driving Layup Shot,2PT Field Goal,Restricted Area,Center(C),Less Than 8 ft.,0.0,9.0,4.0,1,1,20130409,MIA,MIL
Shot Chart Detail,0021201157,138,951,Ray Allen,1610612748,Miami Heat,2,8,31,Missed Shot,Jump Shot,3PT Field Goal,,,,,,,1,0,20130409,MIA,MIL
Shot Chart Detail,0021201157,174,951,Ray Allen,1610612748,Miami Heat,2,5,15,Missed Shot,Jump Shot,3PT Field Goal,Above the Break 3,Left Side Center(LC),24+ ft.,25.0,-207.0,156.0,1,0,20130409,MIA,MIL
Shot Chart Detail,0021201157,178,951,Ray Allen,1610612748,Miami Heat,2,4,45,Missed Shot,Jump Shot,3PT Field Goal,Left Corner 3,Left Side(L),24+ ft.,23.0,-231.0,0.0,1,0,20130409,MIA,MIL
Shot Chart Detail,0021201157,345,951,Ray Allen,1610612748,Miami Heat,3,1,38,Missed Shot,Jump Shot,2PT Field Goal,Mid-Range,Left Side(L),16-24 ft.,16.0,-168.0,25.0,1,0,20130409,MIA,MIL
Shot Chart Detail,0021201157,369,951,Ray Allen,1610612748,Miami Heat,4,11,36,Made Shot,Jump Shot,3PT Field Goal,Above the Break 3,Right Side Center(RC),24+ ft.,24.0,122.0,217.0,1,1,20130409,MIA,MIL
Shot Chart Detail,0021201157,406,951,Ray Allen,1610612748,Miami Heat,4,7,34,Missed Shot,Jump Shot,3PT Field Goal,Above the Break 3,Right Side Center(RC),24+ ft.,24.0,170.0,183.0,1,0,20130409,MIA,MIL
Shot Chart Detail,0021201157,415,951,Ray Allen,1610612748,Miami Heat,4,6,34,Made Shot,Layup Shot,2PT Field Goal,Restricted Area,Center(C),Less Than 8 ft.,1.0,10.0,0.0,1,1,20130409,MIA,MIL
Shot Chart Detail,0021201157,419,951,Ray Allen,1610612748,Miami Heat,4,5,52,Missed Shot,Fadeaway Jump Shot,2PT Field Goal,In The Paint (Non-RA),Center(C),8-16 ft.,10.0,0.0,102.0,1,0,20130409,MIA,MIL
Shot Chart Detail,0021201157,430,951,Ray Allen,1610612748,Miami Heat,4,4,41,Made Shot,Jump Shot,3PT Field Goal,Above the Break 3,Right Side Center(RC),24+ ft.,25.0,207.0,143.0,1,1,20130409,MIA,MIL
Shot Chart Detail,0021201157,438,951,Ray Allen,1610612748,Miami Heat,4,3,57,Missed Shot,Fadeaway Jump Shot,2PT Field Goal,In The Paint (Non-RA),Center(C),8-16 ft.,12.0,-41.0,116.0,1,0,20130409,MIA,MIL
Shot Chart Detail,0021201157,459,951,Ray Allen,1610612748,Miami Heat,4,2,9,Missed Shot,Jump Shot,3PT Field Goal,Above the Break 3,Right Side Center(RC),24+ ft.,25.0,110.0,227.0,1,0,20130409,MIA,MIL
Shot Chart Detail,0021201165,79,951,Ray Allen,1610612748,Miami Heat,1,4,42,Made Shot,Driving Dunk Shot,2PT Field Goal,Restricted Area,Center(C),Less Than 8 ft.,0.0,0.0,-8.0,1,1,20130410,WAS,MIA
Shot Chart Detail,0021201165,88,951,Ray Allen,1610612748,Miami Heat,1,3,34,Made Shot,Layup Shot,2PT Field Goal,Restricted Area,Center(C),Less Than 8 ft.,0.0,1.0,-3.0,1,1,20130410,WAS,MIA
Shot Chart Detail,0021201165,140,951,Ray Allen,1610612748,Miami Heat,2,11,9,Missed Shot,Jump Shot,3PT Field Goal,Above the Break 3,Center(C),24+ ft.,27.0,-43.0,271.0,1,0,20130410,WAS,MIA
Shot Chart Detail,0021201165,142,951,Ray Allen,1610612748,Miami Heat,2,10,50,Missed Shot,Jump Shot,3PT Field Goal,Above the Break 3,Right Side Center(RC),24+ ft.,26.0,124.0,236.0,1,0,20130410,WAS,MIA
Shot Chart Detail,0021201165,147,951,Ray Allen,1610612748,Miami Heat,2,10,11,Made Shot,Layup Shot,2PT Field Goal,Restricted Area,Center(C),Less Than 8 ft.,1.0,18.0,4.0,1,1,20130410,WAS,MIA
Shot Chart Detail,0021201165,150,951,Ray Allen,1610612748,Miami Heat,2,9,51,Missed Shot,Jump Shot,2PT Field Goal,Mid-Range,Right Side(R),16-24 ft.,19.0,181.0,58.0,1,0,20130410,WAS,MIA
Shot Chart Detail,0021201165,154,951,Ray Allen,1610612748,Miami Heat,2,9,27,Missed Shot,Jump Shot,2PT Field Goal,In The Paint (Non-RA),Center(C),Less Than 8 ft.,5.0,20.0,50.0,1,0,20130410,WAS,MIA
Shot Chart Detail,0021201165,171,951,Ray Allen,1610612748,Miami Heat,2,7,55,Missed Shot,Jump Shot,3PT Field Goal,Left Corner 3,Left Side(L),24+ ft.,23.0,-232.0,3.0,1,0,20130410,WAS,MIA
Shot Chart Detail,0021201165,173,951,Ray Allen,1610612748,Miami Heat,2,7,42,Made Shot,Running Jump Shot,2PT Field Goal,Restricted Area,Center(C),Less Than 8 ft.,3.0,7.0,33.0,1,1,20130410,WAS,MIA
Shot Chart Detail,0021201165,259,951,Ray Allen,1610612748,Miami Heat,2,0,0,Missed Shot,Jump Shot,3PT Field Goal,Above the Break 3,Right Side Center(RC),24+ ft.,39.0,157.0,359.0,1,0,20130410,WAS,MIA
Shot Chart Detail,0021201165,341,951,Ray Allen,1610612748,Miami Heat,3,2,42,Missed Shot,Jump Shot,2PT Field Goal,Mid-Range,Right Side(R),8-16 ft.,14.0,149.0,17.0,1,0,20130410,WAS,MIA
Shot Chart Detail,0021201165,343,951,Ray Allen,1610612748,Miami Heat,3,2,35,Missed Shot,Jump Shot,2PT Field Goal,Mid-Range,Right Side(R),8-16 ft.,9.0,95.0,9.0,1,0,20130410,WAS,MIA
Shot Chart Detail,0021201165,393,951,Ray Allen,1610612748,Miami Heat,4,10,28,Missed Shot,Jump Shot,3PT Field Goal,Above the Break 3,Left Side Center(LC),24+ ft.,25.0,-213.0,138.0,1,0,20130410,WAS,MIA
Shot Chart Detail,0021201165,402,951,Ray Allen,1610612748,Miami Heat,4,9,51,Made Shot,Driving Bank shot,2PT Field Goal,In The Paint (Non-RA),Center(C),Less Than 8 ft.,5.0,-49.0,25.0,1,1,20130410,WAS,MIA
Shot Chart Detail,0021201165,409,951,Ray Allen,1610612748,Miami Heat,4,8,48,Made Shot,Reverse Layup Shot,2PT Field Goal,Restricted Area,Center(C),Less Than 8 ft.,1.0,-2.0,15.0,1,1,20130410,WAS,MIA
Shot Chart Detail,0021201165,445,951,Ray Allen,1610612748,Miami Heat,4,4,43,Made Shot,Turnaround Bank shot,2PT Field Goal,Restricted Area,Center(C),Less Than 8 ft.,3.0,-34.0,7.0,1,1,20130410,WAS,MIA
Shot Chart Detail,0021201165,452,951,Ray Allen,1610612748,Miami Heat,4,4,12,Made Shot,Step Back Jump shot,3PT Field Goal,Above the Break 3,Left Side Center(LC),24+ ft.,24.0,-122.0,214.0,1,1,20130410,WAS,MIA
Shot Chart Detail,0021201165,476,951,Ray Allen,1610612748,Miami Heat,4,1,53,Missed Shot,Jump Shot,3PT Field Goal,Above the Break 3,Left Side Center(LC),24+ ft.,25.0,-171.0,194.0,1,0,20130410,WAS,MIA
Shot Chart Detail,0021201180,145,951,Ray Allen,1610612748,Miami Heat,2,9,23,Made Shot,Layup Shot,2PT Field Goal,Restricted Area,Center(C),Less Than 8 ft.,1.0,2.0,12.0,1,1,20130412,MIA,BOS
Shot Chart Detail,0021201180,149,951,Ray Allen,1610612748,Miami Heat,2,8,59,Made Shot,Jump Shot,3PT Field Goal,Left Corner 3,Left Side(L),24+ ft.,23.0,-234.0,20.0,1,1,20130412,MIA,BOS
Shot Chart Detail,0021201180,157,951,Ray Allen,1610612748,Miami Heat,2,8,31,Made Shot,Jump Shot,3PT Field Goal,Left Corner 3,Left Side(L),24+ ft.,23.0,-234.0,9.0,1,1,20130412,MIA,BOS
Shot Chart Detail,0021201180,331,951,Ray Allen,1610612748,Miami Heat,3,2,13,Made Shot,Turnaround Jump Shot,2PT Field Goal,Mid-Range,Left Side(L),8-16 ft.,9.0,-93.0,9.0,1,1,20130412,MIA,BOS
Shot Chart Detail,0021201180,369,951,Ray Allen,1610612748,Miami Heat,4,10,21,Missed Shot,Jump Shot,3PT Field Goal,Above the Break 3,Left Side Center(LC),24+ ft.,29.0,-180.0,235.0,1,0,20130412,MIA,BOS
Shot Chart Detail,0021201180,416,951,Ray Allen,1610612748,Miami Heat,4,5,57,Made Shot,Jump Shot,3PT Field Goal,Left Corner 3,Left Side(L),24+ ft.,23.0,-231.0,3.0,1,1,20130412,MIA,BOS
Shot Chart Detail,0021201194,108,951,Ray Allen,1610612748,Miami Heat,1,3,27,Missed Shot,Jump Shot,2PT Field Goal,In The Paint (Non-RA),Center(C),8-16 ft.,10.0,-38.0,99.0,1,0,20130414,MIA,CHI
Shot Chart Detail,0021201194,164,951,Ray Allen,1610612748,Miami Heat,2,11,2,Made Shot,Jump Bank Shot,2PT Field Goal,Mid-Range,Right Side(R),8-16 ft.,14.0,97.0,107.0,1,1,20130414,MIA,CHI
Shot Chart Detail,0021201194,238,951,Ray Allen,1610612748,Miami Heat,2,4,11,Missed Shot,Jump Shot,3PT Field Goal,Above the Break 3,Right Side Center(RC),24+ ft.,24.0,193.0,149.0,1,0,20130414,MIA,CHI
Shot Chart Detail,0021201194,400,951,Ray Allen,1610612748,Miami Heat,3,1,50,Missed Shot,Layup Shot,2PT Field Goal,Restricted Area,Center(C),Less Than 8 ft.,1.0,15.0,9.0,1,0,20130414,MIA,CHI
Shot Chart Detail,0021201194,415,951,Ray Allen,1610612748,Miami Heat,3,0,32,Missed Shot,Jump Shot,2PT Field Goal,Mid-Range,Right Side Center(RC),16-24 ft.,16.0,77.0,148.0,1,0,20130414,MIA,CHI
Shot Chart Detail,0021201194,429,951,Ray Allen,1610612748,Miami Heat,4,11,33,Missed Shot,Jump Shot,2PT Field Goal,Mid-Range,Right Side(R),8-16 ft.,10.0,100.0,45.0,1,0,20130414,MIA,CHI
Shot Chart Detail,0021201204,78,951,Ray Allen,1610612748,Miami Heat,1,2,13,Missed Shot,Jump Shot,3PT Field Goal,Above the Break 3,Right Side Center(RC),24+ ft.,24.0,200.0,146.0,1,0,20130415,CLE,MIA
Shot Chart Detail,0021201204,117,951,Ray Allen,1610612748,Miami Heat,2,9,51,Made Shot,Jump Shot,3PT Field Goal,Above the Break 3,Right Side Center(RC),24+ ft.,25.0,179.0,183.0,1,1,20130415,CLE,MIA
Shot Chart Detail,0021201204,128,951,Ray Allen,1610612748,Miami Heat,2,8,17,Made Shot,Jump Shot,3PT Field Goal,Above the Break 3,Right Side Center(RC),24+ ft.,25.0,177.0,186.0,1,1,20130415,CLE,MIA
Shot Chart Detail,0021201204,130,951,Ray Allen,1610612748,Miami Heat,2,7,42,Missed Shot,Jump Bank Shot,2PT Field Goal,Mid-Range,Left Side(L),8-16 ft.,13.0,-116.0,63.0,1,0,20130415,CLE,MIA
Shot Chart Detail,0021201204,140,951,Ray Allen,1610612748,Miami Heat,2,6,55,Missed Shot,Jump Shot,3PT Field Goal,Left Corner 3,Left Side(L),24+ ft.,23.0,-228.0,45.0,1,0,20130415,CLE,MIA
Shot Chart Detail,0021201204,170,951,Ray Allen,1610612748,Miami Heat,2,5,6,Made Shot,Reverse Layup Shot,2PT Field Goal,Restricted Area,Center(C),Less Than 8 ft.,0.0,-8.0,-3.0,1,1,20130415,CLE,MIA
Shot Chart Detail,0021201204,331,951,Ray Allen,1610612748,Miami Heat,3,2,9,Missed Shot,Jump Shot,2PT Field Goal,Mid-Range,Left Side(L),16-24 ft.,20.0,-207.0,17.0,1,0,20130415,CLE,MIA
Shot Chart Detail,0021201204,408,951,Ray Allen,1610612748,Miami Heat,4,7,33,Missed Shot,Jump Shot,2PT Field Goal,In The Paint (Non-RA),Center(C),Less Than 8 ft.,5.0,43.0,31.0,1,0,20130415,CLE,MIA
Shot Chart Detail,0021201204,429,951,Ray Allen,1610612748,Miami Heat,4,5,3,Missed Shot,Jump Shot,3PT Field Goal,Above the Break 3,Right Side Center(RC),24+ ft.,24.0,220.0,110.0,1,0,20130415,CLE,MIA
Shot Chart Detail,0021201204,460,951,Ray Allen,1610612748,Miami Heat,4,2,36,Missed Shot,Jump Shot,3PT Field Goal,Left Corner 3,Left Side(L),24+ ft.,24.0,-242.0,37.0,1,0,20130415,CLE,MIA
Shot Chart Detail,0021201204,475,951,Ray Allen,1610612748,Miami Heat,4,0,53,Missed Shot,Jump Shot,3PT Field Goal,Left Corner 3,Left Side(L),24+ ft.,22.0,-229.0,11.0,1,0,20130415,CLE,MIA
Shot Chart Detail,0021201220,116,951,Ray Allen,1610612748,Miami Heat,1,1,55,Missed Shot,Jump Shot,2PT Field Goal,Mid-Range,Right Side(R),16-24 ft.,19.0,189.0,42.0,1,0,20130417,MIA,ORL
Shot Chart Detail,0021201220,131,951,Ray Allen,1610612748,Miami Heat,1,0,1,Missed Shot,Jump Shot,3PT Field Goal,Above the Break 3,Left Side Center(LC),24+ ft.,34.0,-189.0,293.0,1,0,20130417,MIA,ORL
Shot Chart Detail,0021201220,135,951,Ray Allen,1610612748,Miami Heat,2,11,44,Missed Shot,Jump Shot,3PT Field Goal,Left Corner 3,Left Side(L),24+ ft.,24.0,-243.0,6.0,1,0,20130417,MIA,ORL
Shot Chart Detail,0021201220,185,951,Ray Allen,1610612748,Miami Heat,2,5,51,Made Shot,Running Bank shot,2PT Field Goal,Mid-Range,Right Side(R),8-16 ft.,11.0,97.0,58.0,1,1,20130417,MIA,ORL
Shot Chart Detail,0021201220,321,951,Ray Allen,1610612748,Miami Heat,3,6,5,Made Shot,Jump Shot,3PT Field Goal,Left Corner 3,Left Side(L),24+ ft.,24.0,-239.0,34.0,1,1,20130417,MIA,ORL
Shot Chart Detail,0021201220,359,951,Ray Allen,1610612748,Miami Heat,3,2,38,Made Shot,Jump Shot,3PT Field Goal,Above the Break 3,Left Side Center(LC),24+ ft.,24.0,-201.0,135.0,1,1,20130417,MIA,ORL
Shot Chart Detail,0021201220,381,951,Ray Allen,1610612748,Miami Heat,3,0,2,Made Shot,Fadeaway Jump Shot,2PT Field Goal,Mid-Range,Right Side(R),16-24 ft.,17.0,173.0,15.0,1,1,20130417,MIA,ORL
Shot Chart Detail,0021201220,396,951,Ray Allen,1610612748,Miami Heat,4,10,54,Missed Shot,Jump Shot,3PT Field Goal,Above the Break 3,Right Side Center(RC),24+ ft.,25.0,94.0,235.0,1,0,20130417,MIA,ORL
Shot Chart Detail,0021201220,408,951,Ray Allen,1610612748,Miami Heat,4,9,3,Missed Shot,Driving Layup Shot,2PT Field Goal,Restricted Area,Center(C),Less Than 8 ft.,1.0,6.0,9.0,1,0,20130417,MIA,ORL
