GRID_TYPE,GAME_ID,GAME_EVENT_ID,PLAYER_ID,PLAYER_NAME,TEAM_ID,TEAM_NAME,PERIOD,MINUTES_REMAINING,SECONDS_REMAINING,EVENT_TYPE,ACTION_TYPE,SHOT_TYPE,SHOT_ZONE_BASIC,SHOT_ZONE_AREA,SHOT_ZONE_RANGE,SHOT_DISTANCE,LOC_X,LOC_Y,SHOT_ATTEMPTED_FLAG,SHOT_MADE_FLAG,GAME_DATE,HTM,VTM
Shot Chart Detail,0021100007,81,2400,Drew Gooden,1610612749,Milwaukee Bucks,1,2,48,Made Shot,Dunk Shot,2PT Field Goal,Restricted Area,Center(C),Less Than 8 ft.,1.0,7.0,15.0,1,1,20111226,CHA,MIL
Shot Chart Detail,0021100007,84,2400,Drew Gooden,1610612749,Milwaukee Bucks,1,2,19,Missed Shot,Jump Shot,3PT Field Goal,Right Corner 3,Right Side(R),24+ ft.,23.0,230.0,26.0,1,0,20111226,CHA,MIL
Shot Chart Detail,0021100007,95,2400,Drew Gooden,1610612749,Milwaukee Bucks,1,1,43,Missed Shot,Jump Shot,2PT Field Goal,Mid-Range,Left Side(L),16-24 ft.,17.0,-171.0,4.0,1,0,20111226,CHA,MIL
Shot Chart Detail,0021100007,366,2400,Drew Gooden,1610612749,Milwaukee Bucks,3,2,17,Missed Shot,Jump Shot,2PT Field Goal,Mid-Range,Left Side Center(LC),16-24 ft.,20.0,-87.0,183.0,1,0,20111226,CHA,MIL
Shot Chart Detail,0021100074,62,2400,Drew Gooden,1610612749,Milwaukee Bucks,1,5,48,Missed Shot,Jump Shot,2PT Field Goal,Mid-Range,Left Side Center(LC),16-24 ft.,20.0,-71.0,189.0,1,0,20120102,DEN,MIL
Shot Chart Detail,0021100074,78,2400,Drew Gooden,1610612749,Milwaukee Bucks,1,4,21,Missed Shot,Jump Shot,2PT Field Goal,In The Paint (Non-RA),Center(C),Less Than 8 ft.,5.0,32.0,47.0,1,0,20120102,DEN,MIL
Shot Chart Detail,0021100074,119,2400,Drew Gooden,1610612749,Milwaukee Bucks,1,1,0,Made Shot,Jump Shot,2PT Field Goal,Mid-Range,Center(C),16-24 ft.,18.0,17.0,181.0,1,1,20120102,DEN,MIL
Shot Chart Detail,0021100080,24,2400,Drew Gooden,1610612749,Milwaukee Bucks,1,9,39,Made Shot,Jump Shot,2PT Field Goal,Mid-Range,Left Side(L),16-24 ft.,18.0,-185.0,28.0,1,1,20120103,UTA,MIL
Shot Chart Detail,0021100080,30,2400,Drew Gooden,1610612749,Milwaukee Bucks,1,8,36,Missed Shot,Jump Shot,2PT Field Goal,Mid-Range,Left Side Center(LC),16-24 ft.,20.0,-75.0,189.0,1,0,20120103,UTA,MIL
Shot Chart Detail,0021100080,48,2400,Drew Gooden,1610612749,Milwaukee Bucks,1,6,53,Made Shot,Layup Shot,2PT Field Goal,Restricted Area,Center(C),Less Than 8 ft.,2.0,2.0,25.0,1,1,20120103,UTA,MIL
Shot Chart Detail,0021100080,206,2400,Drew Gooden,1610612749,Milwaukee Bucks,2,5,43,Missed Shot,Hook Shot,2PT Field Goal,In The Paint (Non-RA),Center(C),Less Than 8 ft.,5.0,-16.0,53.0,1,0,20120103,UTA,MIL
Shot Chart Detail,0021100080,210,2400,Drew Gooden,1610612749,Milwaukee Bucks,2,4,58,Missed Shot,Turnaround Fadeaway shot,2PT Field Goal,Mid-Range,Left Side(L),8-16 ft.,12.0,-120.0,11.0,1,0,20120103,UTA,MIL
Shot Chart Detail,0021100080,250,2400,Drew Gooden,1610612749,Milwaukee Bucks,2,1,54,Made Shot,Jump Shot,2PT Field Goal,In The Paint (Non-RA),Center(C),Less Than 8 ft.,4.0,-38.0,22.0,1,1,20120103,UTA,MIL
Shot Chart Detail,0021100080,257,2400,Drew Gooden,1610612749,Milwaukee Bucks,2,0,53,Made Shot,Tip Shot,2PT Field Goal,Restricted Area,Center(C),Less Than 8 ft.,1.0,12.0,4.0,1,1,20120103,UTA,MIL
Shot Chart Detail,0021100080,261,2400,Drew Gooden,1610612749,Milwaukee Bucks,2,0,12,Made Shot,Slam Dunk Shot,2PT Field Goal,Restricted Area,Center(C),Less Than 8 ft.,2.0,-18.0,15.0,1,1,20120103,UTA,MIL
Shot Chart Detail,0021100080,284,2400,Drew Gooden,1610612749,Milwaukee Bucks,3,10,51,Missed Shot,Tip Shot,2PT Field Goal,Restricted Area,Center(C),Less Than 8 ft.,2.0,-15.0,22.0,1,0,20120103,UTA,MIL
Shot Chart Detail,0021100080,286,2400,Drew Gooden,1610612749,Milwaukee Bucks,3,10,49,Made Shot,Tip Shot,2PT Field Goal,Restricted Area,Center(C),Less Than 8 ft.,2.0,-21.0,20.0,1,1,20120103,UTA,MIL
Shot Chart Detail,0021100080,304,2400,Drew Gooden,1610612749,Milwaukee Bucks,3,8,16,Made Shot,Jump Shot,2PT Field Goal,Mid-Range,Left Side Center(LC),16-24 ft.,19.0,-89.0,168.0,1,1,20120103,UTA,MIL
Shot Chart Detail,0021100080,315,2400,Drew Gooden,1610612749,Milwaukee Bucks,3,7,10,Made Shot,Jump Shot,2PT Field Goal,Mid-Range,Left Side Center(LC),16-24 ft.,21.0,-82.0,203.0,1,1,20120103,UTA,MIL
Shot Chart Detail,0021100080,331,2400,Drew Gooden,1610612749,Milwaukee Bucks,3,6,1,Missed Shot,Jump Shot,2PT Field Goal,Mid-Range,Left Side Center(LC),16-24 ft.,21.0,-114.0,184.0,1,0,20120103,UTA,MIL
Shot Chart Detail,0021100080,339,2400,Drew Gooden,1610612749,Milwaukee Bucks,3,5,16,Missed Shot,Jump Shot,3PT Field Goal,Above the Break 3,Left Side Center(LC),24+ ft.,25.0,-153.0,201.0,1,0,20120103,UTA,MIL
Shot Chart Detail,0021100080,353,2400,Drew Gooden,1610612749,Milwaukee Bucks,3,4,9,Made Shot,Jump Shot,2PT Field Goal,Mid-Range,Right Side(R),8-16 ft.,10.0,106.0,-2.0,1,1,20120103,UTA,MIL
Shot Chart Detail,0021100080,406,2400,Drew Gooden,1610612749,Milwaukee Bucks,4,11,40,Missed Shot,Running Jump Shot,2PT Field Goal,In The Paint (Non-RA),Center(C),Less Than 8 ft.,6.0,60.0,-5.0,1,0,20120103,UTA,MIL
Shot Chart Detail,0021100080,435,2400,Drew Gooden,1610612749,Milwaukee Bucks,4,9,26,Missed Shot,Jump Shot,2PT Field Goal,Mid-Range,Center(C),16-24 ft.,16.0,48.0,162.0,1,0,20120103,UTA,MIL
Shot Chart Detail,0021100080,503,2400,Drew Gooden,1610612749,Milwaukee Bucks,4,3,10,Made Shot,Jump Shot,2PT Field Goal,Mid-Range,Right Side Center(RC),16-24 ft.,20.0,121.0,160.0,1,1,20120103,UTA,MIL
Shot Chart Detail,0021100080,506,2400,Drew Gooden,1610612749,Milwaukee Bucks,4,2,36,Made Shot,Tip Shot,2PT Field Goal,Restricted Area,Center(C),Less Than 8 ft.,1.0,-4.0,17.0,1,1,20120103,UTA,MIL
Shot Chart Detail,0021100080,519,2400,Drew Gooden,1610612749,Milwaukee Bucks,4,1,27,Made Shot,Jump Shot,2PT Field Goal,Mid-Range,Left Side Center(LC),16-24 ft.,21.0,-98.0,187.0,1,1,20120103,UTA,MIL
Shot Chart Detail,0021100096,13,2400,Drew Gooden,1610612749,Milwaukee Bucks,1,10,48,Made Shot,Driving Dunk Shot,2PT Field Goal,Restricted Area,Center(C),Less Than 8 ft.,0.0,6.0,3.0,1,1,20120105,SAC,MIL
Shot Chart Detail,0021100096,39,2400,Drew Gooden,1610612749,Milwaukee Bucks,1,8,39,Missed Shot,Jump Shot,2PT Field Goal,Mid-Range,Right Side(R),8-16 ft.,14.0,146.0,14.0,1,0,20120105,SAC,MIL
Shot Chart Detail,0021100096,65,2400,Drew Gooden,1610612749,Milwaukee Bucks,1,6,47,Made Shot,Jump Shot,2PT Field Goal,Mid-Range,Center(C),16-24 ft.,21.0,-49.0,213.0,1,1,20120105,SAC,MIL
Shot Chart Detail,0021100096,101,2400,Drew Gooden,1610612749,Milwaukee Bucks,1,2,51,Made Shot,Jump Bank Shot,2PT Field Goal,In The Paint (Non-RA),Center(C),Less Than 8 ft.,6.0,-2.0,61.0,1,1,20120105,SAC,MIL
Shot Chart Detail,0021100096,205,2400,Drew Gooden,1610612749,Milwaukee Bucks,2,6,15,Missed Shot,Jump Shot,2PT Field Goal,Restricted Area,Center(C),Less Than 8 ft.,3.0,1.0,36.0,1,0,20120105,SAC,MIL
Shot Chart Detail,0021100096,211,2400,Drew Gooden,1610612749,Milwaukee Bucks,2,5,59,Made Shot,Jump Shot,2PT Field Goal,In The Paint (Non-RA),Right Side(R),8-16 ft.,9.0,69.0,67.0,1,1,20120105,SAC,MIL
Shot Chart Detail,0021100096,244,2400,Drew Gooden,1610612749,Milwaukee Bucks,2,2,41,Made Shot,Driving Layup Shot,2PT Field Goal,Restricted Area,Center(C),Less Than 8 ft.,3.0,32.0,1.0,1,1,20120105,SAC,MIL
Shot Chart Detail,0021100096,246,2400,Drew Gooden,1610612749,Milwaukee Bucks,2,2,9,Missed Shot,Jump Shot,2PT Field Goal,Mid-Range,Right Side Center(RC),16-24 ft.,19.0,132.0,142.0,1,0,20120105,SAC,MIL
Shot Chart Detail,0021100096,250,2400,Drew Gooden,1610612749,Milwaukee Bucks,2,1,14,Missed Shot,Jump Shot,2PT Field Goal,Mid-Range,Right Side(R),8-16 ft.,14.0,141.0,25.0,1,0,20120105,SAC,MIL
Shot Chart Detail,0021100096,265,2400,Drew Gooden,1610612749,Milwaukee Bucks,3,11,46,Missed Shot,Jump Shot,2PT Field Goal,Mid-Range,Right Side Center(RC),16-24 ft.,20.0,136.0,153.0,1,0,20120105,SAC,MIL
Shot Chart Detail,0021100096,284,2400,Drew Gooden,1610612749,Milwaukee Bucks,3,9,26,Made Shot,Jump Shot,2PT Field Goal,Mid-Range,Left Side(L),16-24 ft.,19.0,-194.0,26.0,1,1,20120105,SAC,MIL
Shot Chart Detail,0021100096,331,2400,Drew Gooden,1610612749,Milwaukee Bucks,3,5,54,Missed Shot,Jump Shot,2PT Field Goal,In The Paint (Non-RA),Center(C),Less Than 8 ft.,4.0,-35.0,31.0,1,0,20120105,SAC,MIL
Shot Chart Detail,0021100096,444,2400,Drew Gooden,1610612749,Milwaukee Bucks,4,8,35,Missed Shot,Jump Shot,2PT Field Goal,Mid-Range,Right Side(R),16-24 ft.,19.0,181.0,67.0,1,0,20120105,SAC,MIL
Shot Chart Detail,0021100118,9,2400,Drew Gooden,1610612749,Milwaukee Bucks,1,11,5,Missed Shot,Jump Shot,2PT Field Goal,Mid-Range,Left Side Center(LC),16-24 ft.,18.0,-90.0,165.0,1,0,20120107,LAC,MIL
Shot Chart Detail,0021100118,34,2400,Drew Gooden,1610612749,Milwaukee Bucks,1,8,40,Missed Shot,Jump Shot,2PT Field Goal,Mid-Range,Right Side(R),8-16 ft.,13.0,127.0,31.0,1,0,20120107,LAC,MIL
Shot Chart Detail,0021100118,45,2400,Drew Gooden,1610612749,Milwaukee Bucks,1,7,24,Missed Shot,Layup Shot,2PT Field Goal,Restricted Area,Center(C),Less Than 8 ft.,2.0,20.0,6.0,1,0,20120107,LAC,MIL
Shot Chart Detail,0021100118,51,2400,Drew Gooden,1610612749,Milwaukee Bucks,1,6,45,Missed Shot,Jump Shot,2PT Field Goal,Mid-Range,Right Side(R),16-24 ft.,19.0,195.0,-5.0,1,0,20120107,LAC,MIL
Shot Chart Detail,0021100118,196,2400,Drew Gooden,1610612749,Milwaukee Bucks,2,5,27,Made Shot,Tip Shot,2PT Field Goal,Restricted Area,Center(C),Less Than 8 ft.,0.0,0.0,1.0,1,1,20120107,LAC,MIL
Shot Chart Detail,0021100118,288,2400,Drew Gooden,1610612749,Milwaukee Bucks,3,11,6,Missed Shot,Jump Shot,2PT Field Goal,Mid-Range,Left Side Center(LC),16-24 ft.,19.0,-122.0,156.0,1,0,20120107,LAC,MIL
Shot Chart Detail,0021100118,291,2400,Drew Gooden,1610612749,Milwaukee Bucks,3,10,56,Made Shot,Jump Shot,2PT Field Goal,Mid-Range,Right Side Center(RC),16-24 ft.,18.0,119.0,148.0,1,1,20120107,LAC,MIL
Shot Chart Detail,0021100118,300,2400,Drew Gooden,1610612749,Milwaukee Bucks,3,9,59,Missed Shot,Layup Shot,2PT Field Goal,Restricted Area,Center(C),Less Than 8 ft.,2.0,-27.0,0.0,1,0,20120107,LAC,MIL
Shot Chart Detail,0021100118,305,2400,Drew Gooden,1610612749,Milwaukee Bucks,3,9,12,Made Shot,Tip Shot,2PT Field Goal,Restricted Area,Center(C),Less Than 8 ft.,0.0,0.0,4.0,1,1,20120107,LAC,MIL
Shot Chart Detail,0021100118,347,2400,Drew Gooden,1610612749,Milwaukee Bucks,3,5,10,Missed Shot,Jump Shot,2PT Field Goal,Mid-Range,Center(C),16-24 ft.,21.0,-46.0,209.0,1,0,20120107,LAC,MIL
Shot Chart Detail,0021100118,490,2400,Drew Gooden,1610612749,Milwaukee Bucks,4,6,13,Missed Shot,Jump Shot,2PT Field Goal,In The Paint (Non-RA),Center(C),8-16 ft.,8.0,-7.0,88.0,1,0,20120107,LAC,MIL
Shot Chart Detail,0021100118,518,2400,Drew Gooden,1610612749,Milwaukee Bucks,4,4,29,Made Shot,Layup Shot,2PT Field Goal,Restricted Area,Center(C),Less Than 8 ft.,2.0,20.0,0.0,1,1,20120107,LAC,MIL
Shot Chart Detail,0021100118,556,2400,Drew Gooden,1610612749,Milwaukee Bucks,4,1,57,Missed Shot,Jump Shot,2PT Field Goal,Mid-Range,Right Side(R),8-16 ft.,14.0,136.0,56.0,1,0,20120107,LAC,MIL
Shot Chart Detail,0021100118,571,2400,Drew Gooden,1610612749,Milwaukee Bucks,4,0,37,Made Shot,Jump Shot,3PT Field Goal,Above the Break 3,Right Side Center(RC),24+ ft.,25.0,222.0,132.0,1,1,20120107,LAC,MIL
Shot Chart Detail,0021100123,7,2400,Drew Gooden,1610612749,Milwaukee Bucks,1,10,46,Missed Shot,Jump Shot,2PT Field Goal,Restricted Area,Center(C),Less Than 8 ft.,3.0,-30.0,11.0,1,0,20120108,PHX,MIL
Shot Chart Detail,0021100123,12,2400,Drew Gooden,1610612749,Milwaukee Bucks,1,10,5,Missed Shot,Jump Shot,2PT Field Goal,Mid-Range,Left Side(L),16-24 ft.,21.0,-187.0,99.0,1,0,20120108,PHX,MIL
Shot Chart Detail,0021100123,22,2400,Drew Gooden,1610612749,Milwaukee Bucks,1,9,1,Missed Shot,Tip Shot,2PT Field Goal,Restricted Area,Center(C),Less Than 8 ft.,0.0,-7.0,4.0,1,0,20120108,PHX,MIL
Shot Chart Detail,0021100123,26,2400,Drew Gooden,1610612749,Milwaukee Bucks,1,8,51,Made Shot,Dunk Shot,2PT Field Goal,Restricted Area,Center(C),Less Than 8 ft.,0.0,-2.0,-2.0,1,1,20120108,PHX,MIL
Shot Chart Detail,0021100123,32,2400,Drew Gooden,1610612749,Milwaukee Bucks,1,8,7,Missed Shot,Jump Shot,2PT Field Goal,Mid-Range,Center(C),16-24 ft.,20.0,56.0,201.0,1,0,20120108,PHX,MIL
Shot Chart Detail,0021100123,54,2400,Drew Gooden,1610612749,Milwaukee Bucks,1,4,54,Missed Shot,Jump Shot,2PT Field Goal,Mid-Range,Right Side Center(RC),16-24 ft.,20.0,111.0,167.0,1,0,20120108,PHX,MIL
Shot Chart Detail,0021100123,189,2400,Drew Gooden,1610612749,Milwaukee Bucks,2,5,7,Made Shot,Layup Shot,2PT Field Goal,Restricted Area,Center(C),Less Than 8 ft.,1.0,13.0,6.0,1,1,20120108,PHX,MIL
Shot Chart Detail,0021100123,191,2400,Drew Gooden,1610612749,Milwaukee Bucks,2,4,30,Made Shot,Jump Shot,2PT Field Goal,Mid-Range,Right Side(R),16-24 ft.,18.0,181.0,-19.0,1,1,20120108,PHX,MIL
Shot Chart Detail,0021100123,204,2400,Drew Gooden,1610612749,Milwaukee Bucks,2,2,41,Missed Shot,Jump Shot,3PT Field Goal,Above the Break 3,Center(C),24+ ft.,25.0,-32.0,252.0,1,0,20120108,PHX,MIL
Shot Chart Detail,0021100123,213,2400,Drew Gooden,1610612749,Milwaukee Bucks,2,2,14,Missed Shot,Jump Shot,2PT Field Goal,Mid-Range,Left Side(L),8-16 ft.,15.0,-150.0,3.0,1,0,20120108,PHX,MIL
Shot Chart Detail,0021100123,228,2400,Drew Gooden,1610612749,Milwaukee Bucks,2,0,26,Missed Shot,Layup Shot,2PT Field Goal,Restricted Area,Center(C),Less Than 8 ft.,0.0,0.0,3.0,1,0,20120108,PHX,MIL
Shot Chart Detail,0021100123,239,2400,Drew Gooden,1610612749,Milwaukee Bucks,3,11,35,Missed Shot,Jump Shot,2PT Field Goal,Mid-Range,Right Side(R),8-16 ft.,8.0,89.0,-5.0,1,0,20120108,PHX,MIL
Shot Chart Detail,0021100136,90,2400,Drew Gooden,1610612749,Milwaukee Bucks,1,1,6,Missed Shot,Jump Shot,2PT Field Goal,Mid-Range,Left Side(L),16-24 ft.,16.0,-168.0,23.0,1,0,20120110,MIL,SAS
Shot Chart Detail,0021100136,108,2400,Drew Gooden,1610612749,Milwaukee Bucks,1,0,0,Missed Shot,Jump Shot,3PT Field Goal,Backcourt,Back Court(BC),Back Court Shot,73.0,-89.0,731.0,1,0,20120110,MIL,SAS
Shot Chart Detail,0021100136,118,2400,Drew Gooden,1610612749,Milwaukee Bucks,2,10,41,Missed Shot,Jump Shot,2PT Field Goal,Mid-Range,Right Side Center(RC),16-24 ft.,17.0,95.0,142.0,1,0,20120110,MIL,SAS
Shot Chart Detail,0021100136,332,2400,Drew Gooden,1610612749,Milwaukee Bucks,4,9,22,Made Shot,Layup Shot,2PT Field Goal,Restricted Area,Center(C),Less Than 8 ft.,0.0,-2.0,4.0,1,1,20120110,MIL,SAS
Shot Chart Detail,0021100165,3,2400,Drew Gooden,1610612749,Milwaukee Bucks,1,11,24,Made Shot,Driving Slam Dunk Shot,2PT Field Goal,Restricted Area,Center(C),Less Than 8 ft.,1.0,9.0,11.0,1,1,20120113,DAL,MIL
Shot Chart Detail,0021100165,46,2400,Drew Gooden,1610612749,Milwaukee Bucks,1,5,16,Made Shot,Turnaround Fadeaway shot,2PT Field Goal,In The Paint (Non-RA),Right Side(R),8-16 ft.,9.0,47.0,80.0,1,1,20120113,DAL,MIL
Shot Chart Detail,0021100165,49,2400,Drew Gooden,1610612749,Milwaukee Bucks,1,4,41,Missed Shot,Fadeaway Jump Shot,2PT Field Goal,Mid-Range,Right Side(R),8-16 ft.,13.0,136.0,17.0,1,0,20120113,DAL,MIL
Shot Chart Detail,0021100165,51,2400,Drew Gooden,1610612749,Milwaukee Bucks,1,4,36,Made Shot,Jump Shot,2PT Field Goal,Mid-Range,Center(C),16-24 ft.,16.0,23.0,167.0,1,1,20120113,DAL,MIL
Shot Chart Detail,0021100165,131,2400,Drew Gooden,1610612749,Milwaukee Bucks,2,10,4,Made Shot,Jump Shot,2PT Field Goal,Mid-Range,Center(C),16-24 ft.,16.0,40.0,162.0,1,1,20120113,DAL,MIL
Shot Chart Detail,0021100165,144,2400,Drew Gooden,1610612749,Milwaukee Bucks,2,8,45,Missed Shot,Jump Shot,2PT Field Goal,Mid-Range,Center(C),16-24 ft.,18.0,-35.0,178.0,1,0,20120113,DAL,MIL
Shot Chart Detail,0021100165,186,2400,Drew Gooden,1610612749,Milwaukee Bucks,2,4,41,Missed Shot,Layup Shot,2PT Field Goal,Restricted Area,Center(C),Less Than 8 ft.,1.0,-7.0,14.0,1,0,20120113,DAL,MIL
Shot Chart Detail,0021100165,247,2400,Drew Gooden,1610612749,Milwaukee Bucks,3,11,42,Missed Shot,Jump Shot,2PT Field Goal,Mid-Range,Right Side(R),16-24 ft.,19.0,190.0,20.0,1,0,20120113,DAL,MIL
Shot Chart Detail,0021100165,280,2400,Drew Gooden,1610612749,Milwaukee Bucks,3,8,18,Missed Shot,Jump Shot,2PT Field Goal,Mid-Range,Left Side Center(LC),16-24 ft.,18.0,-86.0,162.0,1,0,20120113,DAL,MIL
Shot Chart Detail,0021100186,106,2400,Drew Gooden,1610612749,Milwaukee Bucks,2,11,28,Made Shot,Pullup Jump shot,2PT Field Goal,Mid-Range,Left Side(L),16-24 ft.,18.0,-185.0,-35.0,1,1,20120116,PHI,MIL
Shot Chart Detail,0021100186,124,2400,Drew Gooden,1610612749,Milwaukee Bucks,2,9,10,Missed Shot,Jump Shot,2PT Field Goal,In The Paint (Non-RA),Center(C),Less Than 8 ft.,7.0,-41.0,67.0,1,0,20120116,PHI,MIL
Shot Chart Detail,0021100186,130,2400,Drew Gooden,1610612749,Milwaukee Bucks,2,8,35,Missed Shot,Jump Shot,2PT Field Goal,Mid-Range,Left Side Center(LC),16-24 ft.,19.0,-142.0,140.0,1,0,20120116,PHI,MIL
Shot Chart Detail,0021100199,98,2400,Drew Gooden,1610612749,Milwaukee Bucks,1,1,55,Missed Shot,Jump Shot,2PT Field Goal,Mid-Range,Right Side Center(RC),16-24 ft.,18.0,102.0,159.0,1,0,20120117,MIL,DEN
Shot Chart Detail,0021100199,102,2400,Drew Gooden,1610612749,Milwaukee Bucks,1,1,35,Made Shot,Alley Oop Dunk Shot,2PT Field Goal,Restricted Area,Center(C),Less Than 8 ft.,0.0,-5.0,-2.0,1,1,20120117,MIL,DEN
Shot Chart Detail,0021100199,123,2400,Drew Gooden,1610612749,Milwaukee Bucks,1,0,25,Missed Shot,Layup Shot,2PT Field Goal,Restricted Area,Center(C),Less Than 8 ft.,0.0,1.0,0.0,1,0,20120117,MIL,DEN
Shot Chart Detail,0021100199,148,2400,Drew Gooden,1610612749,Milwaukee Bucks,2,9,41,Missed Shot,Hook Shot,2PT Field Goal,In The Paint (Non-RA),Center(C),Less Than 8 ft.,7.0,70.0,0.0,1,0,20120117,MIL,DEN
Shot Chart Detail,0021100199,153,2400,Drew Gooden,1610612749,Milwaukee Bucks,2,9,22,Made Shot,Tip Shot,2PT Field Goal,Restricted Area,Center(C),Less Than 8 ft.,1.0,14.0,1.0,1,1,20120117,MIL,DEN
Shot Chart Detail,0021100199,178,2400,Drew Gooden,1610612749,Milwaukee Bucks,2,7,11,Missed Shot,Jump Shot,2PT Field Goal,In The Paint (Non-RA),Center(C),Less Than 8 ft.,5.0,45.0,30.0,1,0,20120117,MIL,DEN
Shot Chart Detail,0021100220,56,2400,Drew Gooden,1610612749,Milwaukee Bucks,1,5,27,Missed Shot,Jump Shot,2PT Field Goal,In The Paint (Non-RA),Left Side(L),8-16 ft.,8.0,-70.0,48.0,1,0,20120120,NYK,MIL
Shot Chart Detail,0021100220,92,2400,Drew Gooden,1610612749,Milwaukee Bucks,1,2,20,Missed Shot,Jump Shot,2PT Field Goal,Mid-Range,Center(C),16-24 ft.,20.0,56.0,201.0,1,0,20120120,NYK,MIL
Shot Chart Detail,0021100220,96,2400,Drew Gooden,1610612749,Milwaukee Bucks,1,1,55,Missed Shot,Jump Shot,2PT Field Goal,In The Paint (Non-RA),Center(C),Less Than 8 ft.,5.0,-52.0,23.0,1,0,20120120,NYK,MIL
Shot Chart Detail,0021100220,97,2400,Drew Gooden,1610612749,Milwaukee Bucks,1,1,54,Made Shot,Tip Shot,2PT Field Goal,Restricted Area,Center(C),Less Than 8 ft.,0.0,-8.0,1.0,1,1,20120120,NYK,MIL
Shot Chart Detail,0021100220,104,2400,Drew Gooden,1610612749,Milwaukee Bucks,1,1,10,Missed Shot,Jump Shot,2PT Field Goal,Mid-Range,Right Side Center(RC),16-24 ft.,20.0,132.0,154.0,1,0,20120120,NYK,MIL
Shot Chart Detail,0021100220,207,2400,Drew Gooden,1610612749,Milwaukee Bucks,2,3,43,Made Shot,Putback Layup Shot,2PT Field Goal,Restricted Area,Center(C),Less Than 8 ft.,1.0,0.0,12.0,1,1,20120120,NYK,MIL
Shot Chart Detail,0021100220,420,2400,Drew Gooden,1610612749,Milwaukee Bucks,4,11,1,Missed Shot,Jump Shot,2PT Field Goal,In The Paint (Non-RA),Center(C),Less Than 8 ft.,5.0,1.0,53.0,1,0,20120120,NYK,MIL
Shot Chart Detail,0021100220,434,2400,Drew Gooden,1610612749,Milwaukee Bucks,4,9,44,Missed Shot,Layup Shot,2PT Field Goal,Restricted Area,Center(C),Less Than 8 ft.,1.0,18.0,1.0,1,0,20120120,NYK,MIL
Shot Chart Detail,0021100220,445,2400,Drew Gooden,1610612749,Milwaukee Bucks,4,8,36,Missed Shot,Running Jump Shot,2PT Field Goal,In The Paint (Non-RA),Center(C),Less Than 8 ft.,6.0,65.0,4.0,1,0,20120120,NYK,MIL
Shot Chart Detail,0021100240,109,2400,Drew Gooden,1610612749,Milwaukee Bucks,1,1,52,Missed Shot,Jump Shot,2PT Field Goal,Mid-Range,Right Side Center(RC),16-24 ft.,18.0,102.0,151.0,1,0,20120122,MIA,MIL
Shot Chart Detail,0021100240,116,2400,Drew Gooden,1610612749,Milwaukee Bucks,1,1,26,Made Shot,Jump Shot,2PT Field Goal,Mid-Range,Right Side(R),16-24 ft.,19.0,198.0,0.0,1,1,20120122,MIA,MIL
Shot Chart Detail,0021100240,147,2400,Drew Gooden,1610612749,Milwaukee Bucks,2,10,11,Missed Shot,Jump Shot,2PT Field Goal,Mid-Range,Left Side(L),16-24 ft.,19.0,-196.0,4.0,1,0,20120122,MIA,MIL
Shot Chart Detail,0021100240,169,2400,Drew Gooden,1610612749,Milwaukee Bucks,2,8,49,Missed Shot,Jump Shot,2PT Field Goal,In The Paint (Non-RA),Left Side(L),8-16 ft.,9.0,-56.0,78.0,1,0,20120122,MIA,MIL
Shot Chart Detail,0021100240,463,2400,Drew Gooden,1610612749,Milwaukee Bucks,4,11,31,Missed Shot,Layup Shot,2PT Field Goal,Restricted Area,Center(C),Less Than 8 ft.,1.0,-2.0,17.0,1,0,20120122,MIA,MIL
Shot Chart Detail,0021100240,465,2400,Drew Gooden,1610612749,Milwaukee Bucks,4,11,29,Missed Shot,Layup Shot,2PT Field Goal,Restricted Area,Center(C),Less Than 8 ft.,1.0,-4.0,12.0,1,0,20120122,MIA,MIL
Shot Chart Detail,0021100245,51,2400,Drew Gooden,1610612749,Milwaukee Bucks,1,5,13,Missed Shot,Jump Shot,2PT Field Goal,Mid-Range,Left Side(L),8-16 ft.,15.0,-95.0,121.0,1,0,20120123,MIL,ATL
Shot Chart Detail,0021100245,82,2400,Drew Gooden,1610612749,Milwaukee Bucks,1,2,25,Missed Shot,Jump Shot,2PT Field Goal,Mid-Range,Left Side(L),16-24 ft.,16.0,-146.0,85.0,1,0,20120123,MIL,ATL
Shot Chart Detail,0021100245,107,2400,Drew Gooden,1610612749,Milwaukee Bucks,1,0,51,Made Shot,Layup Shot,2PT Field Goal,Restricted Area,Center(C),Less Than 8 ft.,0.0,0.0,-2.0,1,1,20120123,MIL,ATL
Shot Chart Detail,0021100245,111,2400,Drew Gooden,1610612749,Milwaukee Bucks,1,0,22,Made Shot,Layup Shot,2PT Field Goal,Restricted Area,Center(C),Less Than 8 ft.,0.0,4.0,7.0,1,1,20120123,MIL,ATL
Shot Chart Detail,0021100245,116,2400,Drew Gooden,1610612749,Milwaukee Bucks,1,0,0,Missed Shot,Jump Shot,3PT Field Goal,Above the Break 3,Left Side Center(LC),24+ ft.,40.0,-190.0,358.0,1,0,20120123,MIL,ATL
Shot Chart Detail,0021100245,334,2400,Drew Gooden,1610612749,Milwaukee Bucks,4,11,12,Made Shot,Reverse Layup Shot,2PT Field Goal,Restricted Area,Center(C),Less Than 8 ft.,1.0,9.0,6.0,1,1,20120123,MIL,ATL
Shot Chart Detail,0021100245,346,2400,Drew Gooden,1610612749,Milwaukee Bucks,4,9,57,Missed Shot,Layup Shot,2PT Field Goal,Restricted Area,Center(C),Less Than 8 ft.,0.0,4.0,0.0,1,0,20120123,MIL,ATL
Shot Chart Detail,0021100245,391,2400,Drew Gooden,1610612749,Milwaukee Bucks,4,6,32,Missed Shot,Jump Shot,2PT Field Goal,Mid-Range,Right Side Center(RC),16-24 ft.,17.0,56.0,165.0,1,0,20120123,MIL,ATL
Shot Chart Detail,0021100245,396,2400,Drew Gooden,1610612749,Milwaukee Bucks,4,6,2,Missed Shot,Jump Shot,2PT Field Goal,Mid-Range,Right Side(R),16-24 ft.,17.0,149.0,93.0,1,0,20120123,MIL,ATL
Shot Chart Detail,0021100245,461,2400,Drew Gooden,1610612749,Milwaukee Bucks,4,1,2,Made Shot,Jump Shot,3PT Field Goal,,,,,,,1,1,20120123,MIL,ATL
Shot Chart Detail,0021100262,109,2400,Drew Gooden,1610612749,Milwaukee Bucks,1,1,13,Made Shot,Jump Shot,2PT Field Goal,Mid-Range,Center(C),16-24 ft.,20.0,-40.0,201.0,1,1,20120125,HOU,MIL
Shot Chart Detail,0021100262,121,2400,Drew Gooden,1610612749,Milwaukee Bucks,1,0,7,Made Shot,Jump Shot,3PT Field Goal,Above the Break 3,Center(C),24+ ft.,24.0,2.0,247.0,1,1,20120125,HOU,MIL
Shot Chart Detail,0021100262,159,2400,Drew Gooden,1610612749,Milwaukee Bucks,2,8,7,Missed Shot,Jump Shot,3PT Field Goal,Above the Break 3,Right Side Center(RC),24+ ft.,25.0,200.0,154.0,1,0,20120125,HOU,MIL
Shot Chart Detail,0021100262,162,2400,Drew Gooden,1610612749,Milwaukee Bucks,2,7,44,Made Shot,Jump Shot,2PT Field Goal,Mid-Range,Right Side Center(RC),16-24 ft.,20.0,64.0,194.0,1,1,20120125,HOU,MIL
Shot Chart Detail,0021100262,238,2400,Drew Gooden,1610612749,Milwaukee Bucks,2,0,51,Missed Shot,Tip Shot,2PT Field Goal,Restricted Area,Center(C),Less Than 8 ft.,0.0,-5.0,0.0,1,0,20120125,HOU,MIL
Shot Chart Detail,0021100262,258,2400,Drew Gooden,1610612749,Milwaukee Bucks,3,10,49,Made Shot,Jump Shot,2PT Field Goal,Mid-Range,Left Side Center(LC),16-24 ft.,22.0,-133.0,176.0,1,1,20120125,HOU,MIL
Shot Chart Detail,0021100262,300,2400,Drew Gooden,1610612749,Milwaukee Bucks,3,5,31,Missed Shot,Jump Shot,2PT Field Goal,Mid-Range,Left Side(L),16-24 ft.,19.0,-194.0,4.0,1,0,20120125,HOU,MIL
Shot Chart Detail,0021100262,348,2400,Drew Gooden,1610612749,Milwaukee Bucks,3,2,11,Missed Shot,Jump Shot,2PT Field Goal,Mid-Range,Right Side Center(RC),16-24 ft.,21.0,67.0,205.0,1,0,20120125,HOU,MIL
Shot Chart Detail,0021100277,2,2400,Drew Gooden,1610612749,Milwaukee Bucks,1,11,53,Missed Shot,Jump Shot,2PT Field Goal,Mid-Range,Left Side Center(LC),16-24 ft.,21.0,-141.0,156.0,1,0,20120127,CHI,MIL
Shot Chart Detail,0021100277,4,2400,Drew Gooden,1610612749,Milwaukee Bucks,1,11,51,Missed Shot,Jump Shot,2PT Field Goal,Mid-Range,Right Side(R),16-24 ft.,16.0,168.0,-14.0,1,0,20120127,CHI,MIL
Shot Chart Detail,0021100277,41,2400,Drew Gooden,1610612749,Milwaukee Bucks,1,7,52,Made Shot,Turnaround Jump Shot,2PT Field Goal,In The Paint (Non-RA),Right Side(R),8-16 ft.,10.0,67.0,82.0,1,1,20120127,CHI,MIL
Shot Chart Detail,0021100277,156,2400,Drew Gooden,1610612749,Milwaukee Bucks,2,9,38,Missed Shot,Jump Shot,3PT Field Goal,Above the Break 3,Center(C),24+ ft.,24.0,-32.0,247.0,1,0,20120127,CHI,MIL
Shot Chart Detail,0021100277,166,2400,Drew Gooden,1610612749,Milwaukee Bucks,2,8,26,Missed Shot,Jump Shot,2PT Field Goal,Mid-Range,Center(C),16-24 ft.,20.0,-7.0,200.0,1,0,20120127,CHI,MIL
Shot Chart Detail,0021100277,209,2400,Drew Gooden,1610612749,Milwaukee Bucks,2,4,24,Made Shot,Layup Shot,2PT Field Goal,Restricted Area,Center(C),Less Than 8 ft.,2.0,24.0,-3.0,1,1,20120127,CHI,MIL
Shot Chart Detail,0021100277,265,2400,Drew Gooden,1610612749,Milwaukee Bucks,3,10,56,Missed Shot,Jump Shot,2PT Field Goal,Mid-Range,Center(C),16-24 ft.,23.0,13.0,230.0,1,0,20120127,CHI,MIL
Shot Chart Detail,0021100277,286,2400,Drew Gooden,1610612749,Milwaukee Bucks,3,8,11,Missed Shot,Layup Shot,2PT Field Goal,Restricted Area,Center(C),Less Than 8 ft.,2.0,-21.0,9.0,1,0,20120127,CHI,MIL
Shot Chart Detail,0021100277,306,2400,Drew Gooden,1610612749,Milwaukee Bucks,3,6,29,Missed Shot,Jump Shot,2PT Field Goal,Mid-Range,Left Side Center(LC),16-24 ft.,20.0,-141.0,153.0,1,0,20120127,CHI,MIL
Shot Chart Detail,0021100277,312,2400,Drew Gooden,1610612749,Milwaukee Bucks,3,5,52,Missed Shot,Tip Shot,2PT Field Goal,Restricted Area,Center(C),Less Than 8 ft.,2.0,-19.0,-19.0,1,0,20120127,CHI,MIL
Shot Chart Detail,0021100277,429,2400,Drew Gooden,1610612749,Milwaukee Bucks,4,7,20,Made Shot,Jump Shot,2PT Field Goal,Mid-Range,Right Side(R),8-16 ft.,15.0,155.0,-5.0,1,1,20120127,CHI,MIL
Shot Chart Detail,0021100277,455,2400,Drew Gooden,1610612749,Milwaukee Bucks,4,4,33,Made Shot,Jump Shot,3PT Field Goal,Right Corner 3,Right Side(R),24+ ft.,23.0,236.0,-16.0,1,1,20120127,CHI,MIL
Shot Chart Detail,0021100277,458,2400,Drew Gooden,1610612749,Milwaukee Bucks,4,4,1,Made Shot,Dunk Shot,2PT Field Goal,Restricted Area,Center(C),Less Than 8 ft.,0.0,4.0,-5.0,1,1,20120127,CHI,MIL
Shot Chart Detail,0021100277,500,2400,Drew Gooden,1610612749,Milwaukee Bucks,4,0,58,Made Shot,Tip Shot,2PT Field Goal,Restricted Area,Center(C),Less Than 8 ft.,1.0,0.0,-14.0,1,1,20120127,CHI,MIL
Shot Chart Detail,0021100288,2,2400,Drew Gooden,1610612749,Milwaukee Bucks,1,11,44,Missed Shot,Jump Shot,2PT Field Goal,Mid-Range,Left Side Center(LC),16-24 ft.,19.0,-147.0,127.0,1,0,20120128,MIL,LAL
Shot Chart Detail,0021100288,9,2400,Drew Gooden,1610612749,Milwaukee Bucks,1,10,50,Missed Shot,Jump Shot,2PT Field Goal,Mid-Range,Right Side(R),8-16 ft.,14.0,144.0,0.0,1,0,20120128,MIL,LAL
Shot Chart Detail,0021100288,49,2400,Drew Gooden,1610612749,Milwaukee Bucks,1,5,56,Made Shot,Jump Shot,2PT Field Goal,In The Paint (Non-RA),Center(C),Less Than 8 ft.,6.0,-64.0,14.0,1,1,20120128,MIL,LAL
Shot Chart Detail,0021100288,105,2400,Drew Gooden,1610612749,Milwaukee Bucks,1,1,47,Made Shot,Jump Shot,3PT Field Goal,Left Corner 3,Left Side(L),24+ ft.,22.0,-226.0,1.0,1,1,20120128,MIL,LAL
Shot Chart Detail,0021100288,213,2400,Drew Gooden,1610612749,Milwaukee Bucks,2,1,52,Missed Shot,Jump Shot,3PT Field Goal,Above the Break 3,Left Side Center(LC),24+ ft.,25.0,-194.0,159.0,1,0,20120128,MIL,LAL
Shot Chart Detail,0021100288,238,2400,Drew Gooden,1610612749,Milwaukee Bucks,3,11,24,Made Shot,Jump Shot,2PT Field Goal,Mid-Range,Right Side Center(RC),16-24 ft.,17.0,95.0,148.0,1,1,20120128,MIL,LAL
Shot Chart Detail,0021100288,244,2400,Drew Gooden,1610612749,Milwaukee Bucks,3,10,27,Missed Shot,Jump Shot,2PT Field Goal,Mid-Range,Left Side(L),8-16 ft.,12.0,-105.0,71.0,1,0,20120128,MIL,LAL
Shot Chart Detail,0021100288,252,2400,Drew Gooden,1610612749,Milwaukee Bucks,3,9,23,Made Shot,Layup Shot,2PT Field Goal,Restricted Area,Center(C),Less Than 8 ft.,0.0,6.0,3.0,1,1,20120128,MIL,LAL
Shot Chart Detail,0021100288,261,2400,Drew Gooden,1610612749,Milwaukee Bucks,3,8,53,Made Shot,Jump Shot,2PT Field Goal,Mid-Range,Right Side Center(RC),16-24 ft.,17.0,77.0,162.0,1,1,20120128,MIL,LAL
Shot Chart Detail,0021100288,276,2400,Drew Gooden,1610612749,Milwaukee Bucks,3,6,55,Made Shot,Layup Shot,2PT Field Goal,Restricted Area,Center(C),Less Than 8 ft.,0.0,6.0,-6.0,1,1,20120128,MIL,LAL
Shot Chart Detail,0021100288,310,2400,Drew Gooden,1610612749,Milwaukee Bucks,3,2,15,Made Shot,Running Layup Shot,2PT Field Goal,Restricted Area,Center(C),Less Than 8 ft.,0.0,7.0,1.0,1,1,20120128,MIL,LAL
Shot Chart Detail,0021100288,326,2400,Drew Gooden,1610612749,Milwaukee Bucks,3,0,36,Made Shot,Fadeaway Jump Shot,2PT Field Goal,In The Paint (Non-RA),Right Side(R),8-16 ft.,8.0,80.0,39.0,1,1,20120128,MIL,LAL
Shot Chart Detail,0021100288,405,2400,Drew Gooden,1610612749,Milwaukee Bucks,4,5,10,Missed Shot,Layup Shot,2PT Field Goal,Restricted Area,Center(C),Less Than 8 ft.,1.0,-11.0,-2.0,1,0,20120128,MIL,LAL
Shot Chart Detail,0021100288,412,2400,Drew Gooden,1610612749,Milwaukee Bucks,4,3,57,Made Shot,Turnaround Hook Shot,2PT Field Goal,In The Paint (Non-RA),Center(C),Less Than 8 ft.,6.0,65.0,0.0,1,1,20120128,MIL,LAL
Shot Chart Detail,0021100288,444,2400,Drew Gooden,1610612749,Milwaukee Bucks,4,0,52,Missed Shot,Jump Shot,3PT Field Goal,Above the Break 3,Center(C),24+ ft.,27.0,-11.0,272.0,1,0,20120128,MIL,LAL
Shot Chart Detail,0021100302,2,2400,Drew Gooden,1610612749,Milwaukee Bucks,1,11,40,Made Shot,Layup Shot,2PT Field Goal,Restricted Area,Center(C),Less Than 8 ft.,0.0,4.0,3.0,1,1,20120130,MIL,DET
Shot Chart Detail,0021100302,13,2400,Drew Gooden,1610612749,Milwaukee Bucks,1,9,39,Made Shot,Jump Shot,2PT Field Goal,Mid-Range,Center(C),16-24 ft.,19.0,4.0,198.0,1,1,20120130,MIL,DET
Shot Chart Detail,0021100302,187,2400,Drew Gooden,1610612749,Milwaukee Bucks,2,5,21,Made Shot,Jump Shot,2PT Field Goal,Mid-Range,Left Side Center(LC),16-24 ft.,18.0,-138.0,129.0,1,1,20120130,MIL,DET
Shot Chart Detail,0021100302,266,2400,Drew Gooden,1610612749,Milwaukee Bucks,3,10,38,Missed Shot,Jump Shot,3PT Field Goal,Above the Break 3,Right Side Center(RC),24+ ft.,25.0,231.0,107.0,1,0,20120130,MIL,DET
Shot Chart Detail,0021100302,274,2400,Drew Gooden,1610612749,Milwaukee Bucks,3,9,30,Made Shot,Jump Bank Shot,2PT Field Goal,Mid-Range,Right Side(R),8-16 ft.,9.0,88.0,36.0,1,1,20120130,MIL,DET
Shot Chart Detail,0021100302,286,2400,Drew Gooden,1610612749,Milwaukee Bucks,3,8,9,Made Shot,Jump Shot,2PT Field Goal,Mid-Range,Right Side Center(RC),16-24 ft.,16.0,99.0,132.0,1,1,20120130,MIL,DET
Shot Chart Detail,0021100302,288,2400,Drew Gooden,1610612749,Milwaukee Bucks,3,7,34,Made Shot,Turnaround Jump Shot,2PT Field Goal,Mid-Range,Left Side(L),8-16 ft.,10.0,-105.0,-16.0,1,1,20120130,MIL,DET
Shot Chart Detail,0021100302,309,2400,Drew Gooden,1610612749,Milwaukee Bucks,3,4,54,Missed Shot,Jump Shot,2PT Field Goal,Mid-Range,Left Side Center(LC),16-24 ft.,20.0,-149.0,134.0,1,0,20120130,MIL,DET
Shot Chart Detail,0021100302,427,2400,Drew Gooden,1610612749,Milwaukee Bucks,4,4,10,Made Shot,Jump Shot,2PT Field Goal,Mid-Range,Center(C),16-24 ft.,18.0,2.0,186.0,1,1,20120130,MIL,DET
Shot Chart Detail,0021100319,2,2400,Drew Gooden,1610612749,Milwaukee Bucks,1,11,42,Missed Shot,Jump Shot,2PT Field Goal,Mid-Range,Left Side(L),16-24 ft.,17.0,-172.0,47.0,1,0,20120201,MIL,MIA
Shot Chart Detail,0021100319,166,2400,Drew Gooden,1610612749,Milwaukee Bucks,2,7,59,Missed Shot,Jump Shot,2PT Field Goal,In The Paint (Non-RA),Center(C),Less Than 8 ft.,4.0,42.0,6.0,1,0,20120201,MIL,MIA
Shot Chart Detail,0021100319,216,2400,Drew Gooden,1610612749,Milwaukee Bucks,2,3,11,Made Shot,Tip Shot,2PT Field Goal,Restricted Area,Center(C),Less Than 8 ft.,0.0,9.0,0.0,1,1,20120201,MIL,MIA
Shot Chart Detail,0021100319,242,2400,Drew Gooden,1610612749,Milwaukee Bucks,2,0,34,Made Shot,Layup Shot,2PT Field Goal,Restricted Area,Center(C),Less Than 8 ft.,0.0,4.0,0.0,1,1,20120201,MIL,MIA
Shot Chart Detail,0021100319,268,2400,Drew Gooden,1610612749,Milwaukee Bucks,3,11,17,Made Shot,Jump Shot,2PT Field Goal,Mid-Range,Right Side(R),8-16 ft.,13.0,132.0,3.0,1,1,20120201,MIL,MIA
Shot Chart Detail,0021100319,279,2400,Drew Gooden,1610612749,Milwaukee Bucks,3,9,22,Missed Shot,Jump Shot,2PT Field Goal,Mid-Range,Left Side(L),16-24 ft.,19.0,-193.0,9.0,1,0,20120201,MIL,MIA
Shot Chart Detail,0021100319,288,2400,Drew Gooden,1610612749,Milwaukee Bucks,3,7,52,Made Shot,Layup Shot,2PT Field Goal,Restricted Area,Center(C),Less Than 8 ft.,1.0,-15.0,0.0,1,1,20120201,MIL,MIA
Shot Chart Detail,0021100319,335,2400,Drew Gooden,1610612749,Milwaukee Bucks,3,3,3,Missed Shot,Jump Shot,2PT Field Goal,Mid-Range,Right Side Center(RC),16-24 ft.,16.0,114.0,123.0,1,0,20120201,MIL,MIA
Shot Chart Detail,0021100319,355,2400,Drew Gooden,1610612749,Milwaukee Bucks,3,1,36,Made Shot,Layup Shot,2PT Field Goal,Restricted Area,Center(C),Less Than 8 ft.,0.0,-2.0,4.0,1,1,20120201,MIL,MIA
Shot Chart Detail,0021100319,357,2400,Drew Gooden,1610612749,Milwaukee Bucks,3,0,58,Made Shot,Layup Shot,2PT Field Goal,Restricted Area,Center(C),Less Than 8 ft.,0.0,0.0,3.0,1,1,20120201,MIL,MIA
Shot Chart Detail,0021100319,466,2400,Drew Gooden,1610612749,Milwaukee Bucks,4,2,32,Made Shot,Reverse Layup Shot,2PT Field Goal,Restricted Area,Center(C),Less Than 8 ft.,0.0,-2.0,-5.0,1,1,20120201,MIL,MIA
Shot Chart Detail,0021100319,475,2400,Drew Gooden,1610612749,Milwaukee Bucks,4,1,58,Missed Shot,Jump Shot,3PT Field Goal,Right Corner 3,Right Side(R),24+ ft.,23.0,234.0,-2.0,1,0,20120201,MIL,MIA
Shot Chart Detail,0021100336,15,2400,Drew Gooden,1610612749,Milwaukee Bucks,1,9,34,Made Shot,Jump Shot,2PT Field Goal,Mid-Range,Right Side Center(RC),16-24 ft.,17.0,70.0,159.0,1,1,20120203,DET,MIL
Shot Chart Detail,0021100336,19,2400,Drew Gooden,1610612749,Milwaukee Bucks,1,8,26,Missed Shot,Jump Shot,2PT Field Goal,Mid-Range,Center(C),16-24 ft.,19.0,15.0,195.0,1,0,20120203,DET,MIL
Shot Chart Detail,0021100336,33,2400,Drew Gooden,1610612749,Milwaukee Bucks,1,7,4,Missed Shot,Layup Shot,2PT Field Goal,Restricted Area,Center(C),Less Than 8 ft.,0.0,1.0,1.0,1,0,20120203,DET,MIL
Shot Chart Detail,0021100336,197,2400,Drew Gooden,1610612749,Milwaukee Bucks,2,3,25,Missed Shot,Jump Shot,2PT Field Goal,Mid-Range,Center(C),16-24 ft.,20.0,59.0,194.0,1,0,20120203,DET,MIL
Shot Chart Detail,0021100336,272,2400,Drew Gooden,1610612749,Milwaukee Bucks,3,7,57,Missed Shot,Jump Bank Shot,2PT Field Goal,Mid-Range,Left Side(L),8-16 ft.,11.0,-86.0,71.0,1,0,20120203,DET,MIL
Shot Chart Detail,0021100336,277,2400,Drew Gooden,1610612749,Milwaukee Bucks,3,7,31,Missed Shot,Jump Shot,3PT Field Goal,Left Corner 3,Left Side(L),24+ ft.,24.0,-239.0,58.0,1,0,20120203,DET,MIL
Shot Chart Detail,0021100336,285,2400,Drew Gooden,1610612749,Milwaukee Bucks,3,6,53,Missed Shot,Jump Shot,2PT Field Goal,Mid-Range,Right Side(R),16-24 ft.,18.0,176.0,41.0,1,0,20120203,DET,MIL
Shot Chart Detail,0021100336,501,2400,Drew Gooden,1610612749,Milwaukee Bucks,4,0,56,Missed Shot,Jump Shot,3PT Field Goal,Above the Break 3,Right Side Center(RC),24+ ft.,27.0,92.0,254.0,1,0,20120203,DET,MIL
Shot Chart Detail,0021100349,10,2400,Drew Gooden,1610612749,Milwaukee Bucks,1,10,3,Made Shot,Layup Shot,2PT Field Goal,Restricted Area,Center(C),Less Than 8 ft.,1.0,10.0,9.0,1,1,20120204,MIL,CHI
Shot Chart Detail,0021100349,39,2400,Drew Gooden,1610612749,Milwaukee Bucks,1,6,28,Made Shot,Layup Shot,2PT Field Goal,Restricted Area,Center(C),Less Than 8 ft.,1.0,2.0,12.0,1,1,20120204,MIL,CHI
Shot Chart Detail,0021100349,148,2400,Drew Gooden,1610612749,Milwaukee Bucks,2,7,0,Missed Shot,Jump Shot,2PT Field Goal,In The Paint (Non-RA),Center(C),Less Than 8 ft.,5.0,50.0,25.0,1,0,20120204,MIL,CHI
Shot Chart Detail,0021100349,183,2400,Drew Gooden,1610612749,Milwaukee Bucks,2,3,38,Made Shot,Jump Shot,2PT Field Goal,Mid-Range,Right Side(R),8-16 ft.,11.0,116.0,-11.0,1,1,20120204,MIL,CHI
Shot Chart Detail,0021100349,187,2400,Drew Gooden,1610612749,Milwaukee Bucks,2,3,3,Made Shot,Jump Shot,2PT Field Goal,Mid-Range,Center(C),16-24 ft.,19.0,-5.0,197.0,1,1,20120204,MIL,CHI
Shot Chart Detail,0021100349,215,2400,Drew Gooden,1610612749,Milwaukee Bucks,2,1,11,Missed Shot,Jump Shot,2PT Field Goal,Mid-Range,Left Side(L),16-24 ft.,19.0,-191.0,14.0,1,0,20120204,MIL,CHI
Shot Chart Detail,0021100349,234,2400,Drew Gooden,1610612749,Milwaukee Bucks,3,11,15,Missed Shot,Hook Shot,2PT Field Goal,In The Paint (Non-RA),Center(C),Less Than 8 ft.,4.0,29.0,33.0,1,0,20120204,MIL,CHI
Shot Chart Detail,0021100349,237,2400,Drew Gooden,1610612749,Milwaukee Bucks,3,10,44,Made Shot,Jump Shot,2PT Field Goal,Mid-Range,Right Side Center(RC),16-24 ft.,18.0,91.0,160.0,1,1,20120204,MIL,CHI
Shot Chart Detail,0021100349,239,2400,Drew Gooden,1610612749,Milwaukee Bucks,3,10,10,Made Shot,Layup Shot,2PT Field Goal,Restricted Area,Center(C),Less Than 8 ft.,0.0,7.0,0.0,1,1,20120204,MIL,CHI
Shot Chart Detail,0021100349,248,2400,Drew Gooden,1610612749,Milwaukee Bucks,3,9,23,Missed Shot,Jump Shot,3PT Field Goal,Above the Break 3,Right Side Center(RC),24+ ft.,25.0,114.0,233.0,1,0,20120204,MIL,CHI
Shot Chart Detail,0021100349,274,2400,Drew Gooden,1610612749,Milwaukee Bucks,3,5,29,Missed Shot,Jump Shot,2PT Field Goal,Mid-Range,Right Side Center(RC),16-24 ft.,19.0,146.0,127.0,1,0,20120204,MIL,CHI
Shot Chart Detail,0021100349,319,2400,Drew Gooden,1610612749,Milwaukee Bucks,3,1,46,Missed Shot,Jump Shot,2PT Field Goal,In The Paint (Non-RA),Center(C),Less Than 8 ft.,4.0,-24.0,39.0,1,0,20120204,MIL,CHI
Shot Chart Detail,0021100349,323,2400,Drew Gooden,1610612749,Milwaukee Bucks,3,1,13,Made Shot,Jump Shot,2PT Field Goal,Mid-Range,Center(C),16-24 ft.,17.0,13.0,175.0,1,1,20120204,MIL,CHI
Shot Chart Detail,0021100370,2,2400,Drew Gooden,1610612749,Milwaukee Bucks,1,11,37,Missed Shot,Jump Shot,2PT Field Goal,Mid-Range,Left Side(L),8-16 ft.,14.0,-131.0,53.0,1,0,20120207,MIL,PHX
Shot Chart Detail,0021100370,11,2400,Drew Gooden,1610612749,Milwaukee Bucks,1,10,33,Made Shot,Hook Shot,2PT Field Goal,Mid-Range,Left Side(L),8-16 ft.,8.0,-86.0,19.0,1,1,20120207,MIL,PHX
Shot Chart Detail,0021100370,25,2400,Drew Gooden,1610612749,Milwaukee Bucks,1,9,20,Made Shot,Jump Shot,2PT Field Goal,Mid-Range,Center(C),16-24 ft.,19.0,28.0,189.0,1,1,20120207,MIL,PHX
Shot Chart Detail,0021100370,27,2400,Drew Gooden,1610612749,Milwaukee Bucks,1,8,56,Made Shot,Jump Shot,2PT Field Goal,Mid-Range,Center(C),16-24 ft.,17.0,48.0,170.0,1,1,20120207,MIL,PHX
Shot Chart Detail,0021100370,31,2400,Drew Gooden,1610612749,Milwaukee Bucks,1,8,23,Made Shot,Jump Shot,2PT Field Goal,Mid-Range,Center(C),16-24 ft.,18.0,21.0,179.0,1,1,20120207,MIL,PHX
Shot Chart Detail,0021100370,37,2400,Drew Gooden,1610612749,Milwaukee Bucks,1,7,32,Missed Shot,Jump Shot,2PT Field Goal,Mid-Range,Right Side Center(RC),16-24 ft.,20.0,65.0,197.0,1,0,20120207,MIL,PHX
Shot Chart Detail,0021100370,56,2400,Drew Gooden,1610612749,Milwaukee Bucks,1,5,7,Missed Shot,Jump Shot,2PT Field Goal,Mid-Range,Center(C),8-16 ft.,14.0,-7.0,142.0,1,0,20120207,MIL,PHX
Shot Chart Detail,0021100370,87,2400,Drew Gooden,1610612749,Milwaukee Bucks,1,1,38,Missed Shot,Jump Shot,2PT Field Goal,In The Paint (Non-RA),Center(C),8-16 ft.,11.0,45.0,104.0,1,0,20120207,MIL,PHX
Shot Chart Detail,0021100370,157,2400,Drew Gooden,1610612749,Milwaukee Bucks,2,6,34,Missed Shot,Hook Shot,2PT Field Goal,In The Paint (Non-RA),Center(C),Less Than 8 ft.,4.0,-26.0,37.0,1,0,20120207,MIL,PHX
Shot Chart Detail,0021100370,174,2400,Drew Gooden,1610612749,Milwaukee Bucks,2,4,52,Made Shot,Jump Shot,2PT Field Goal,Mid-Range,Center(C),16-24 ft.,18.0,36.0,178.0,1,1,20120207,MIL,PHX
Shot Chart Detail,0021100370,177,2400,Drew Gooden,1610612749,Milwaukee Bucks,2,4,25,Missed Shot,Layup Shot,2PT Field Goal,Restricted Area,Center(C),Less Than 8 ft.,1.0,1.0,12.0,1,0,20120207,MIL,PHX
Shot Chart Detail,0021100370,179,2400,Drew Gooden,1610612749,Milwaukee Bucks,2,4,22,Missed Shot,Jump Shot,2PT Field Goal,Mid-Range,Right Side(R),8-16 ft.,10.0,108.0,-3.0,1,0,20120207,MIL,PHX
Shot Chart Detail,0021100370,234,2400,Drew Gooden,1610612749,Milwaukee Bucks,3,11,22,Made Shot,Jump Shot,2PT Field Goal,Mid-Range,Right Side Center(RC),16-24 ft.,18.0,99.0,156.0,1,1,20120207,MIL,PHX
Shot Chart Detail,0021100370,241,2400,Drew Gooden,1610612749,Milwaukee Bucks,3,9,55,Missed Shot,Jump Shot,2PT Field Goal,Mid-Range,Right Side(R),16-24 ft.,16.0,160.0,-17.0,1,0,20120207,MIL,PHX
Shot Chart Detail,0021100370,268,2400,Drew Gooden,1610612749,Milwaukee Bucks,3,7,12,Made Shot,Jump Shot,2PT Field Goal,Mid-Range,Center(C),16-24 ft.,20.0,-46.0,203.0,1,1,20120207,MIL,PHX
Shot Chart Detail,0021100370,277,2400,Drew Gooden,1610612749,Milwaukee Bucks,3,6,19,Made Shot,Tip Shot,2PT Field Goal,Restricted Area,Center(C),Less Than 8 ft.,1.0,10.0,15.0,1,1,20120207,MIL,PHX
Shot Chart Detail,0021100370,283,2400,Drew Gooden,1610612749,Milwaukee Bucks,3,5,49,Made Shot,Jump Shot,2PT Field Goal,Mid-Range,Right Side(R),8-16 ft.,8.0,86.0,-2.0,1,1,20120207,MIL,PHX
Shot Chart Detail,0021100370,318,2400,Drew Gooden,1610612749,Milwaukee Bucks,3,2,59,Made Shot,Jump Shot,2PT Field Goal,Mid-Range,Center(C),16-24 ft.,19.0,-51.0,190.0,1,1,20120207,MIL,PHX
Shot Chart Detail,0021100370,431,2400,Drew Gooden,1610612749,Milwaukee Bucks,4,3,49,Made Shot,Jump Shot,2PT Field Goal,Mid-Range,Left Side(L),16-24 ft.,19.0,-185.0,48.0,1,1,20120207,MIL,PHX
Shot Chart Detail,0021100370,442,2400,Drew Gooden,1610612749,Milwaukee Bucks,4,2,27,Missed Shot,Jump Shot,3PT Field Goal,Right Corner 3,Right Side(R),24+ ft.,23.0,236.0,-8.0,1,0,20120207,MIL,PHX
Shot Chart Detail,0021100370,445,2400,Drew Gooden,1610612749,Milwaukee Bucks,4,1,53,Made Shot,Layup Shot,2PT Field Goal,Restricted Area,Center(C),Less Than 8 ft.,0.0,7.0,0.0,1,1,20120207,MIL,PHX
Shot Chart Detail,0021100373,2,2400,Drew Gooden,1610612749,Milwaukee Bucks,1,11,43,Made Shot,Turnaround Fadeaway shot,2PT Field Goal,Mid-Range,Left Side(L),8-16 ft.,11.0,-119.0,4.0,1,1,20120208,TOR,MIL
Shot Chart Detail,0021100373,15,2400,Drew Gooden,1610612749,Milwaukee Bucks,1,9,41,Missed Shot,Driving Layup Shot,2PT Field Goal,Restricted Area,Center(C),Less Than 8 ft.,2.0,28.0,7.0,1,0,20120208,TOR,MIL
Shot Chart Detail,0021100373,42,2400,Drew Gooden,1610612749,Milwaukee Bucks,1,5,40,Made Shot,Turnaround Hook Shot,2PT Field Goal,In The Paint (Non-RA),Center(C),Less Than 8 ft.,7.0,-75.0,25.0,1,1,20120208,TOR,MIL
Shot Chart Detail,0021100373,44,2400,Drew Gooden,1610612749,Milwaukee Bucks,1,5,5,Made Shot,Jump Shot,2PT Field Goal,Mid-Range,Left Side(L),16-24 ft.,18.0,-185.0,7.0,1,1,20120208,TOR,MIL
Shot Chart Detail,0021100373,67,2400,Drew Gooden,1610612749,Milwaukee Bucks,1,3,24,Missed Shot,Driving Layup Shot,2PT Field Goal,Restricted Area,Center(C),Less Than 8 ft.,2.0,24.0,9.0,1,0,20120208,TOR,MIL
Shot Chart Detail,0021100373,73,2400,Drew Gooden,1610612749,Milwaukee Bucks,1,2,30,Made Shot,Jump Shot,2PT Field Goal,Mid-Range,Left Side(L),8-16 ft.,15.0,-157.0,6.0,1,1,20120208,TOR,MIL
Shot Chart Detail,0021100373,85,2400,Drew Gooden,1610612749,Milwaukee Bucks,1,2,4,Missed Shot,Jump Shot,2PT Field Goal,Mid-Range,Right Side Center(RC),16-24 ft.,22.0,86.0,208.0,1,0,20120208,TOR,MIL
Shot Chart Detail,0021100373,91,2400,Drew Gooden,1610612749,Milwaukee Bucks,1,1,39,Made Shot,Layup Shot,2PT Field Goal,Restricted Area,Center(C),Less Than 8 ft.,2.0,-2.0,28.0,1,1,20120208,TOR,MIL
Shot Chart Detail,0021100373,204,2400,Drew Gooden,1610612749,Milwaukee Bucks,2,3,11,Missed Shot,Jump Shot,3PT Field Goal,Above the Break 3,Center(C),24+ ft.,24.0,12.0,242.0,1,0,20120208,TOR,MIL
Shot Chart Detail,0021100373,288,2400,Drew Gooden,1610612749,Milwaukee Bucks,3,7,39,Missed Shot,Tip Shot,2PT Field Goal,Restricted Area,Center(C),Less Than 8 ft.,2.0,-22.0,16.0,1,0,20120208,TOR,MIL
Shot Chart Detail,0021100373,290,2400,Drew Gooden,1610612749,Milwaukee Bucks,3,7,37,Missed Shot,Tip Shot,2PT Field Goal,Restricted Area,Center(C),Less Than 8 ft.,1.0,14.0,14.0,1,0,20120208,TOR,MIL
Shot Chart Detail,0021100373,309,2400,Drew Gooden,1610612749,Milwaukee Bucks,3,5,44,Missed Shot,Jump Shot,2PT Field Goal,Mid-Range,Right Side(R),16-24 ft.,17.0,173.0,0.0,1,0,20120208,TOR,MIL
Shot Chart Detail,0021100373,339,2400,Drew Gooden,1610612749,Milwaukee Bucks,3,2,51,Made Shot,Hook Shot,2PT Field Goal,Restricted Area,Center(C),Less Than 8 ft.,1.0,9.0,12.0,1,1,20120208,TOR,MIL
Shot Chart Detail,0021100373,457,2400,Drew Gooden,1610612749,Milwaukee Bucks,4,4,39,Made Shot,Driving Hook Shot,2PT Field Goal,In The Paint (Non-RA),Center(C),Less Than 8 ft.,6.0,62.0,7.0,1,1,20120208,TOR,MIL
Shot Chart Detail,0021100373,465,2400,Drew Gooden,1610612749,Milwaukee Bucks,4,3,28,Missed Shot,Jump Shot,2PT Field Goal,Mid-Range,Right Side(R),16-24 ft.,20.0,209.0,1.0,1,0,20120208,TOR,MIL
Shot Chart Detail,0021100394,4,2400,Drew Gooden,1610612749,Milwaukee Bucks,1,11,17,Missed Shot,Turnaround Jump Shot,2PT Field Goal,Mid-Range,Left Side(L),16-24 ft.,16.0,-160.0,33.0,1,0,20120210,CLE,MIL
Shot Chart Detail,0021100394,26,2400,Drew Gooden,1610612749,Milwaukee Bucks,1,8,31,Missed Shot,Jump Hook Shot,2PT Field Goal,Mid-Range,Right Side(R),8-16 ft.,13.0,135.0,3.0,1,0,20120210,CLE,MIL
Shot Chart Detail,0021100394,265,2400,Drew Gooden,1610612749,Milwaukee Bucks,3,10,50,Made Shot,Jump Shot,3PT Field Goal,Right Corner 3,Right Side(R),24+ ft.,23.0,231.0,20.0,1,1,20120210,CLE,MIL
Shot Chart Detail,0021100394,281,2400,Drew Gooden,1610612749,Milwaukee Bucks,3,9,25,Missed Shot,Jump Shot,2PT Field Goal,Mid-Range,Right Side(R),8-16 ft.,14.0,144.0,3.0,1,0,20120210,CLE,MIL
Shot Chart Detail,0021100394,284,2400,Drew Gooden,1610612749,Milwaukee Bucks,3,9,22,Made Shot,Jump Shot,3PT Field Goal,Above the Break 3,Left Side Center(LC),24+ ft.,25.0,-139.0,209.0,1,1,20120210,CLE,MIL
Shot Chart Detail,0021100394,345,2400,Drew Gooden,1610612749,Milwaukee Bucks,3,5,11,Missed Shot,Jump Shot,3PT Field Goal,Left Corner 3,Left Side(L),24+ ft.,23.0,-234.0,22.0,1,0,20120210,CLE,MIL
Shot Chart Detail,0021100394,367,2400,Drew Gooden,1610612749,Milwaukee Bucks,3,2,50,Missed Shot,Jump Shot,2PT Field Goal,In The Paint (Non-RA),Right Side(R),8-16 ft.,8.0,64.0,53.0,1,0,20120210,CLE,MIL
Shot Chart Detail,0021100394,384,2400,Drew Gooden,1610612749,Milwaukee Bucks,3,2,34,Made Shot,Jump Shot,2PT Field Goal,Mid-Range,Right Side(R),16-24 ft.,17.0,154.0,75.0,1,1,20120210,CLE,MIL
Shot Chart Detail,0021100394,527,2400,Drew Gooden,1610612749,Milwaukee Bucks,4,3,56,Made Shot,Jump Shot,2PT Field Goal,Mid-Range,Right Side(R),16-24 ft.,17.0,174.0,11.0,1,1,20120210,CLE,MIL
Shot Chart Detail,0021100394,529,2400,Drew Gooden,1610612749,Milwaukee Bucks,4,3,20,Missed Shot,Jump Shot,2PT Field Goal,Mid-Range,Right Side(R),16-24 ft.,19.0,198.0,1.0,1,0,20120210,CLE,MIL
Shot Chart Detail,0021100394,601,2400,Drew Gooden,1610612749,Milwaukee Bucks,5,4,24,Made Shot,Driving Layup Shot,2PT Field Goal,Restricted Area,Center(C),Less Than 8 ft.,0.0,4.0,9.0,1,1,20120210,CLE,MIL
Shot Chart Detail,0021100394,603,2400,Drew Gooden,1610612749,Milwaukee Bucks,5,3,50,Made Shot,Jump Shot,2PT Field Goal,Mid-Range,Center(C),16-24 ft.,20.0,53.0,194.0,1,1,20120210,CLE,MIL
Shot Chart Detail,0021100394,625,2400,Drew Gooden,1610612749,Milwaukee Bucks,5,1,44,Missed Shot,Jump Shot,2PT Field Goal,In The Paint (Non-RA),Left Side(L),8-16 ft.,8.0,-67.0,45.0,1,0,20120210,CLE,MIL
Shot Chart Detail,0021100406,40,2400,Drew Gooden,1610612749,Milwaukee Bucks,1,8,5,Made Shot,Jump Shot,2PT Field Goal,Mid-Range,Center(C),16-24 ft.,19.0,7.0,197.0,1,1,20120211,MIL,ORL
Shot Chart Detail,0021100406,42,2400,Drew Gooden,1610612749,Milwaukee Bucks,1,7,35,Made Shot,Turnaround Jump Shot,2PT Field Goal,Mid-Range,Left Side(L),8-16 ft.,14.0,-147.0,20.0,1,1,20120211,MIL,ORL
Shot Chart Detail,0021100406,50,2400,Drew Gooden,1610612749,Milwaukee Bucks,1,7,6,Missed Shot,Jump Shot,2PT Field Goal,Mid-Range,Right Side Center(RC),16-24 ft.,21.0,103.0,187.0,1,0,20120211,MIL,ORL
Shot Chart Detail,0021100406,70,2400,Drew Gooden,1610612749,Milwaukee Bucks,1,5,29,Missed Shot,Jump Shot,2PT Field Goal,Mid-Range,Left Side(L),8-16 ft.,11.0,-103.0,58.0,1,0,20120211,MIL,ORL
Shot Chart Detail,0021100406,202,2400,Drew Gooden,1610612749,Milwaukee Bucks,2,4,48,Missed Shot,Jump Shot,2PT Field Goal,Mid-Range,Left Side(L),16-24 ft.,19.0,-185.0,72.0,1,0,20120211,MIL,ORL
Shot Chart Detail,0021100406,209,2400,Drew Gooden,1610612749,Milwaukee Bucks,2,3,57,Missed Shot,Jump Shot,2PT Field Goal,Restricted Area,Center(C),Less Than 8 ft.,3.0,-13.0,28.0,1,0,20120211,MIL,ORL
Shot Chart Detail,0021100406,213,2400,Drew Gooden,1610612749,Milwaukee Bucks,2,3,8,Missed Shot,Jump Shot,3PT Field Goal,Above the Break 3,Center(C),24+ ft.,25.0,-26.0,254.0,1,0,20120211,MIL,ORL
Shot Chart Detail,0021100406,232,2400,Drew Gooden,1610612749,Milwaukee Bucks,2,1,24,Made Shot,Layup Shot,2PT Field Goal,Restricted Area,Center(C),Less Than 8 ft.,0.0,0.0,7.0,1,1,20120211,MIL,ORL
Shot Chart Detail,0021100406,252,2400,Drew Gooden,1610612749,Milwaukee Bucks,3,10,47,Made Shot,Jump Shot,2PT Field Goal,Mid-Range,Right Side(R),16-24 ft.,16.0,130.0,94.0,1,1,20120211,MIL,ORL
Shot Chart Detail,0021100406,259,2400,Drew Gooden,1610612749,Milwaukee Bucks,3,9,10,Missed Shot,Hook Shot,2PT Field Goal,In The Paint (Non-RA),Center(C),Less Than 8 ft.,6.0,62.0,1.0,1,0,20120211,MIL,ORL
Shot Chart Detail,0021100406,310,2400,Drew Gooden,1610612749,Milwaukee Bucks,3,3,29,Missed Shot,Jump Shot,2PT Field Goal,In The Paint (Non-RA),Center(C),Less Than 8 ft.,4.0,42.0,1.0,1,0,20120211,MIL,ORL
Shot Chart Detail,0021100406,325,2400,Drew Gooden,1610612749,Milwaukee Bucks,3,2,16,Missed Shot,Jump Shot,2PT Field Goal,Mid-Range,Left Side(L),8-16 ft.,13.0,-139.0,-5.0,1,0,20120211,MIL,ORL
Shot Chart Detail,0021100406,338,2400,Drew Gooden,1610612749,Milwaukee Bucks,3,1,15,Made Shot,Layup Shot,2PT Field Goal,Restricted Area,Center(C),Less Than 8 ft.,1.0,11.0,3.0,1,1,20120211,MIL,ORL
Shot Chart Detail,0021100406,360,2400,Drew Gooden,1610612749,Milwaukee Bucks,4,10,51,Made Shot,Jump Shot,2PT Field Goal,Mid-Range,Left Side(L),8-16 ft.,14.0,-90.0,110.0,1,1,20120211,MIL,ORL
Shot Chart Detail,0021100406,374,2400,Drew Gooden,1610612749,Milwaukee Bucks,4,8,28,Made Shot,Jump Shot,2PT Field Goal,Mid-Range,Right Side(R),16-24 ft.,17.0,170.0,41.0,1,1,20120211,MIL,ORL
Shot Chart Detail,0021100406,379,2400,Drew Gooden,1610612749,Milwaukee Bucks,4,7,58,Missed Shot,Jump Shot,2PT Field Goal,Mid-Range,Right Side Center(RC),16-24 ft.,21.0,129.0,172.0,1,0,20120211,MIL,ORL
Shot Chart Detail,0021100406,383,2400,Drew Gooden,1610612749,Milwaukee Bucks,4,7,27,Made Shot,Jump Shot,2PT Field Goal,Mid-Range,Right Side Center(RC),16-24 ft.,19.0,99.0,173.0,1,1,20120211,MIL,ORL
Shot Chart Detail,0021100406,386,2400,Drew Gooden,1610612749,Milwaukee Bucks,4,6,47,Missed Shot,Jump Shot,2PT Field Goal,Mid-Range,Left Side(L),16-24 ft.,20.0,-202.0,-13.0,1,0,20120211,MIL,ORL
Shot Chart Detail,0021100406,422,2400,Drew Gooden,1610612749,Milwaukee Bucks,4,2,31,Missed Shot,Jump Shot,2PT Field Goal,Mid-Range,Center(C),16-24 ft.,20.0,15.0,203.0,1,0,20120211,MIL,ORL
Shot Chart Detail,0021100406,432,2400,Drew Gooden,1610612749,Milwaukee Bucks,4,1,24,Made Shot,Jump Shot,3PT Field Goal,Above the Break 3,Left Side Center(LC),24+ ft.,24.0,-220.0,108.0,1,1,20120211,MIL,ORL
Shot Chart Detail,0021100406,452,2400,Drew Gooden,1610612749,Milwaukee Bucks,4,0,11,Missed Shot,Jump Shot,3PT Field Goal,Above the Break 3,Right Side Center(RC),24+ ft.,24.0,154.0,195.0,1,0,20120211,MIL,ORL
Shot Chart Detail,0021100416,23,2400,Drew Gooden,1610612749,Milwaukee Bucks,1,9,49,Missed Shot,Jump Shot,2PT Field Goal,Mid-Range,Left Side(L),8-16 ft.,13.0,-134.0,6.0,1,0,20120213,MIL,MIA
Shot Chart Detail,0021100416,41,2400,Drew Gooden,1610612749,Milwaukee Bucks,1,7,30,Made Shot,Jump Shot,2PT Field Goal,Mid-Range,Right Side(R),8-16 ft.,14.0,124.0,69.0,1,1,20120213,MIL,MIA
Shot Chart Detail,0021100416,54,2400,Drew Gooden,1610612749,Milwaukee Bucks,1,5,30,Missed Shot,Jump Shot,2PT Field Goal,Mid-Range,Left Side(L),8-16 ft.,12.0,-128.0,-10.0,1,0,20120213,MIL,MIA
Shot Chart Detail,0021100416,72,2400,Drew Gooden,1610612749,Milwaukee Bucks,1,4,6,Missed Shot,Jump Shot,2PT Field Goal,Mid-Range,Center(C),16-24 ft.,18.0,0.0,189.0,1,0,20120213,MIL,MIA
Shot Chart Detail,0021100416,181,2400,Drew Gooden,1610612749,Milwaukee Bucks,2,3,45,Missed Shot,Jump Shot,2PT Field Goal,Mid-Range,Left Side(L),8-16 ft.,15.0,-150.0,-2.0,1,0,20120213,MIL,MIA
Shot Chart Detail,0021100416,184,2400,Drew Gooden,1610612749,Milwaukee Bucks,2,3,41,Missed Shot,Layup Shot,2PT Field Goal,Restricted Area,Center(C),Less Than 8 ft.,1.0,0.0,11.0,1,0,20120213,MIL,MIA
Shot Chart Detail,0021100416,205,2400,Drew Gooden,1610612749,Milwaukee Bucks,2,3,4,Missed Shot,Layup Shot,2PT Field Goal,Restricted Area,Center(C),Less Than 8 ft.,0.0,-5.0,3.0,1,0,20120213,MIL,MIA
Shot Chart Detail,0021100416,220,2400,Drew Gooden,1610612749,Milwaukee Bucks,2,2,28,Missed Shot,Tip Shot,2PT Field Goal,Restricted Area,Center(C),Less Than 8 ft.,0.0,-2.0,7.0,1,0,20120213,MIL,MIA
Shot Chart Detail,0021100416,260,2400,Drew Gooden,1610612749,Milwaukee Bucks,3,11,37,Missed Shot,Running Hook Shot,2PT Field Goal,In The Paint (Non-RA),Center(C),Less Than 8 ft.,6.0,69.0,-6.0,1,0,20120213,MIL,MIA
Shot Chart Detail,0021100416,263,2400,Drew Gooden,1610612749,Milwaukee Bucks,3,11,0,Missed Shot,Jump Shot,3PT Field Goal,Right Corner 3,Right Side(R),24+ ft.,25.0,250.0,-13.0,1,0,20120213,MIL,MIA
Shot Chart Detail,0021100416,273,2400,Drew Gooden,1610612749,Milwaukee Bucks,3,9,22,Missed Shot,Layup Shot,2PT Field Goal,Restricted Area,Center(C),Less Than 8 ft.,2.0,18.0,11.0,1,0,20120213,MIL,MIA
Shot Chart Detail,0021100416,275,2400,Drew Gooden,1610612749,Milwaukee Bucks,3,9,19,Missed Shot,Jump Shot,2PT Field Goal,In The Paint (Non-RA),Right Side(R),8-16 ft.,8.0,58.0,64.0,1,0,20120213,MIL,MIA
Shot Chart Detail,0021100416,305,2400,Drew Gooden,1610612749,Milwaukee Bucks,3,6,9,Missed Shot,Jump Shot,2PT Field Goal,Mid-Range,Right Side(R),8-16 ft.,14.0,149.0,-10.0,1,0,20120213,MIL,MIA
Shot Chart Detail,0021100416,329,2400,Drew Gooden,1610612749,Milwaukee Bucks,3,3,49,Made Shot,Jump Shot,2PT Field Goal,Mid-Range,Right Side(R),8-16 ft.,11.0,113.0,14.0,1,1,20120213,MIL,MIA
Shot Chart Detail,0021100435,2,2400,Drew Gooden,1610612749,Milwaukee Bucks,1,11,39,Made Shot,Hook Shot,2PT Field Goal,In The Paint (Non-RA),Center(C),Less Than 8 ft.,7.0,-71.0,4.0,1,1,20120215,MIL,NOH
Shot Chart Detail,0021100435,30,2400,Drew Gooden,1610612749,Milwaukee Bucks,1,7,0,Made Shot,Layup Shot,2PT Field Goal,Restricted Area,Center(C),Less Than 8 ft.,0.0,-4.0,6.0,1,1,20120215,MIL,NOH
Shot Chart Detail,0021100435,40,2400,Drew Gooden,1610612749,Milwaukee Bucks,1,5,33,Made Shot,Jump Shot,2PT Field Goal,Mid-Range,Center(C),16-24 ft.,18.0,-2.0,181.0,1,1,20120215,MIL,NOH
Shot Chart Detail,0021100435,59,2400,Drew Gooden,1610612749,Milwaukee Bucks,1,3,7,Made Shot,Jump Shot,3PT Field Goal,Above the Break 3,Left Side Center(LC),24+ ft.,24.0,-209.0,131.0,1,1,20120215,MIL,NOH
Shot Chart Detail,0021100435,163,2400,Drew Gooden,1610612749,Milwaukee Bucks,2,7,25,Missed Shot,Tip Shot,2PT Field Goal,Restricted Area,Center(C),Less Than 8 ft.,1.0,2.0,11.0,1,0,20120215,MIL,NOH
Shot Chart Detail,0021100435,192,2400,Drew Gooden,1610612749,Milwaukee Bucks,2,5,20,Missed Shot,Jump Shot,2PT Field Goal,In The Paint (Non-RA),Center(C),Less Than 8 ft.,5.0,56.0,7.0,1,0,20120215,MIL,NOH
Shot Chart Detail,0021100435,205,2400,Drew Gooden,1610612749,Milwaukee Bucks,2,4,44,Missed Shot,Jump Shot,2PT Field Goal,Mid-Range,Right Side(R),16-24 ft.,17.0,171.0,-2.0,1,0,20120215,MIL,NOH
Shot Chart Detail,0021100435,209,2400,Drew Gooden,1610612749,Milwaukee Bucks,2,4,10,Missed Shot,Jump Shot,2PT Field Goal,Restricted Area,Center(C),Less Than 8 ft.,3.0,-26.0,19.0,1,0,20120215,MIL,NOH
Shot Chart Detail,0021100435,281,2400,Drew Gooden,1610612749,Milwaukee Bucks,3,9,25,Missed Shot,Jump Shot,2PT Field Goal,Mid-Range,Left Side(L),8-16 ft.,15.0,-136.0,82.0,1,0,20120215,MIL,NOH
Shot Chart Detail,0021100435,293,2400,Drew Gooden,1610612749,Milwaukee Bucks,3,7,43,Made Shot,Layup Shot,2PT Field Goal,Restricted Area,Center(C),Less Than 8 ft.,0.0,9.0,0.0,1,1,20120215,MIL,NOH
Shot Chart Detail,0021100435,301,2400,Drew Gooden,1610612749,Milwaukee Bucks,3,6,13,Missed Shot,Jump Shot,2PT Field Goal,In The Paint (Non-RA),Center(C),8-16 ft.,12.0,-38.0,121.0,1,0,20120215,MIL,NOH
Shot Chart Detail,0021100435,309,2400,Drew Gooden,1610612749,Milwaukee Bucks,3,5,25,Missed Shot,Layup Shot,2PT Field Goal,Restricted Area,Center(C),Less Than 8 ft.,1.0,-13.0,9.0,1,0,20120215,MIL,NOH
Shot Chart Detail,0021100435,324,2400,Drew Gooden,1610612749,Milwaukee Bucks,3,3,35,Missed Shot,Jump Shot,2PT Field Goal,In The Paint (Non-RA),Center(C),Less Than 8 ft.,6.0,-49.0,41.0,1,0,20120215,MIL,NOH
Shot Chart Detail,0021100507,18,2400,Drew Gooden,1610612749,Milwaukee Bucks,1,8,55,Missed Shot,Jump Shot,3PT Field Goal,Above the Break 3,Right Side Center(RC),24+ ft.,25.0,160.0,201.0,1,0,20120228,MIL,WAS
Shot Chart Detail,0021100507,42,2400,Drew Gooden,1610612749,Milwaukee Bucks,1,6,59,Missed Shot,Jump Shot,2PT Field Goal,Mid-Range,Left Side(L),16-24 ft.,17.0,-172.0,-21.0,1,0,20120228,MIL,WAS
Shot Chart Detail,0021100507,46,2400,Drew Gooden,1610612749,Milwaukee Bucks,1,6,52,Made Shot,Jump Shot,2PT Field Goal,Mid-Range,Left Side(L),8-16 ft.,11.0,-87.0,72.0,1,1,20120228,MIL,WAS
Shot Chart Detail,0021100507,65,2400,Drew Gooden,1610612749,Milwaukee Bucks,1,4,44,Made Shot,Jump Shot,2PT Field Goal,Mid-Range,Right Side(R),16-24 ft.,17.0,170.0,-8.0,1,1,20120228,MIL,WAS
Shot Chart Detail,0021100507,75,2400,Drew Gooden,1610612749,Milwaukee Bucks,1,4,1,Missed Shot,Tip Shot,2PT Field Goal,Restricted Area,Center(C),Less Than 8 ft.,0.0,7.0,7.0,1,0,20120228,MIL,WAS
Shot Chart Detail,0021100507,114,2400,Drew Gooden,1610612749,Milwaukee Bucks,1,1,19,Missed Shot,Jump Shot,2PT Field Goal,In The Paint (Non-RA),Center(C),Less Than 8 ft.,7.0,-78.0,11.0,1,0,20120228,MIL,WAS
Shot Chart Detail,0021100507,121,2400,Drew Gooden,1610612749,Milwaukee Bucks,1,0,7,Made Shot,Jump Shot,2PT Field Goal,Mid-Range,Right Side Center(RC),16-24 ft.,19.0,77.0,184.0,1,1,20120228,MIL,WAS
Shot Chart Detail,0021100507,241,2400,Drew Gooden,1610612749,Milwaukee Bucks,2,2,16,Missed Shot,Jump Shot,2PT Field Goal,Mid-Range,Right Side(R),8-16 ft.,12.0,105.0,72.0,1,0,20120228,MIL,WAS
Shot Chart Detail,0021100507,294,2400,Drew Gooden,1610612749,Milwaukee Bucks,3,9,14,Missed Shot,Jump Shot,2PT Field Goal,Mid-Range,Center(C),16-24 ft.,18.0,0.0,189.0,1,0,20120228,MIL,WAS
Shot Chart Detail,0021100514,18,2400,Drew Gooden,1610612749,Milwaukee Bucks,1,9,22,Missed Shot,Turnaround Fadeaway shot,2PT Field Goal,In The Paint (Non-RA),Left Side(L),8-16 ft.,8.0,-75.0,30.0,1,0,20120229,BOS,MIL
Shot Chart Detail,0021100514,28,2400,Drew Gooden,1610612749,Milwaukee Bucks,1,8,9,Missed Shot,Jump Shot,2PT Field Goal,Mid-Range,Left Side Center(LC),16-24 ft.,21.0,-122.0,172.0,1,0,20120229,BOS,MIL
Shot Chart Detail,0021100514,67,2400,Drew Gooden,1610612749,Milwaukee Bucks,1,5,6,Missed Shot,Jump Shot,2PT Field Goal,Restricted Area,Center(C),Less Than 8 ft.,3.0,9.0,30.0,1,0,20120229,BOS,MIL
Shot Chart Detail,0021100514,94,2400,Drew Gooden,1610612749,Milwaukee Bucks,1,2,0,Missed Shot,Tip Shot,2PT Field Goal,Restricted Area,Center(C),Less Than 8 ft.,1.0,10.0,3.0,1,0,20120229,BOS,MIL
Shot Chart Detail,0021100514,100,2400,Drew Gooden,1610612749,Milwaukee Bucks,1,1,59,Missed Shot,Tip Shot,2PT Field Goal,Restricted Area,Center(C),Less Than 8 ft.,1.0,-11.0,11.0,1,0,20120229,BOS,MIL
Shot Chart Detail,0021100514,96,2400,Drew Gooden,1610612749,Milwaukee Bucks,1,1,57,Made Shot,Tip Shot,2PT Field Goal,Restricted Area,Center(C),Less Than 8 ft.,0.0,-7.0,0.0,1,1,20120229,BOS,MIL
Shot Chart Detail,0021100514,110,2400,Drew Gooden,1610612749,Milwaukee Bucks,1,1,21,Missed Shot,Hook Shot,2PT Field Goal,In The Paint (Non-RA),Center(C),Less Than 8 ft.,6.0,1.0,64.0,1,0,20120229,BOS,MIL
Shot Chart Detail,0021100514,213,2400,Drew Gooden,1610612749,Milwaukee Bucks,2,3,59,Made Shot,Jump Shot,2PT Field Goal,Mid-Range,Left Side Center(LC),16-24 ft.,16.0,-105.0,124.0,1,1,20120229,BOS,MIL
Shot Chart Detail,0021100514,217,2400,Drew Gooden,1610612749,Milwaukee Bucks,2,3,29,Made Shot,Layup Shot,2PT Field Goal,Restricted Area,Center(C),Less Than 8 ft.,1.0,13.0,1.0,1,1,20120229,BOS,MIL
Shot Chart Detail,0021100514,247,2400,Drew Gooden,1610612749,Milwaukee Bucks,2,1,9,Made Shot,Jump Shot,2PT Field Goal,Mid-Range,Right Side Center(RC),16-24 ft.,20.0,64.0,190.0,1,1,20120229,BOS,MIL
Shot Chart Detail,0021100514,250,2400,Drew Gooden,1610612749,Milwaukee Bucks,2,0,48,Made Shot,Jump Shot,2PT Field Goal,Mid-Range,Right Side Center(RC),16-24 ft.,22.0,132.0,186.0,1,1,20120229,BOS,MIL
Shot Chart Detail,0021100514,268,2400,Drew Gooden,1610612749,Milwaukee Bucks,3,11,48,Missed Shot,Jump Shot,2PT Field Goal,Mid-Range,Right Side(R),8-16 ft.,15.0,83.0,126.0,1,0,20120229,BOS,MIL
Shot Chart Detail,0021100514,321,2400,Drew Gooden,1610612749,Milwaukee Bucks,3,6,54,Missed Shot,Jump Shot,2PT Field Goal,Mid-Range,Right Side(R),16-24 ft.,17.0,170.0,1.0,1,0,20120229,BOS,MIL
Shot Chart Detail,0021100514,354,2400,Drew Gooden,1610612749,Milwaukee Bucks,3,3,35,Made Shot,Jump Shot,2PT Field Goal,Mid-Range,Left Side(L),8-16 ft.,14.0,-139.0,30.0,1,1,20120229,BOS,MIL
Shot Chart Detail,0021100514,442,2400,Drew Gooden,1610612749,Milwaukee Bucks,4,6,23,Made Shot,Layup Shot,2PT Field Goal,Restricted Area,Center(C),Less Than 8 ft.,1.0,12.0,14.0,1,1,20120229,BOS,MIL
Shot Chart Detail,0021100530,11,2400,Drew Gooden,1610612749,Milwaukee Bucks,1,11,3,Made Shot,Jump Shot,2PT Field Goal,Mid-Range,Right Side(R),8-16 ft.,15.0,95.0,118.0,1,1,20120302,ATL,MIL
Shot Chart Detail,0021100530,24,2400,Drew Gooden,1610612749,Milwaukee Bucks,1,9,51,Missed Shot,Driving Layup Shot,2PT Field Goal,Restricted Area,Center(C),Less Than 8 ft.,2.0,26.0,7.0,1,0,20120302,ATL,MIL
Shot Chart Detail,0021100530,34,2400,Drew Gooden,1610612749,Milwaukee Bucks,1,8,49,Made Shot,Jump Shot,2PT Field Goal,Mid-Range,Left Side Center(LC),16-24 ft.,21.0,-152.0,149.0,1,1,20120302,ATL,MIL
Shot Chart Detail,0021100530,43,2400,Drew Gooden,1610612749,Milwaukee Bucks,1,7,58,Made Shot,Jump Shot,2PT Field Goal,Mid-Range,Left Side(L),8-16 ft.,15.0,-147.0,37.0,1,1,20120302,ATL,MIL
Shot Chart Detail,0021100530,62,2400,Drew Gooden,1610612749,Milwaukee Bucks,1,6,26,Missed Shot,Jump Shot,2PT Field Goal,Mid-Range,Center(C),16-24 ft.,20.0,-15.0,201.0,1,0,20120302,ATL,MIL
Shot Chart Detail,0021100530,70,2400,Drew Gooden,1610612749,Milwaukee Bucks,1,5,32,Made Shot,Layup Shot,2PT Field Goal,Restricted Area,Center(C),Less Than 8 ft.,1.0,18.0,0.0,1,1,20120302,ATL,MIL
Shot Chart Detail,0021100530,98,2400,Drew Gooden,1610612749,Milwaukee Bucks,1,3,26,Missed Shot,Jump Shot,2PT Field Goal,Mid-Range,Right Side Center(RC),16-24 ft.,18.0,61.0,178.0,1,0,20120302,ATL,MIL
Shot Chart Detail,0021100530,116,2400,Drew Gooden,1610612749,Milwaukee Bucks,1,2,36,Missed Shot,Jump Shot,2PT Field Goal,Mid-Range,Right Side(R),16-24 ft.,17.0,179.0,14.0,1,0,20120302,ATL,MIL
Shot Chart Detail,0021100530,201,2400,Drew Gooden,1610612749,Milwaukee Bucks,2,6,27,Made Shot,Driving Layup Shot,2PT Field Goal,Restricted Area,Center(C),Less Than 8 ft.,0.0,-8.0,4.0,1,1,20120302,ATL,MIL
Shot Chart Detail,0021100530,206,2400,Drew Gooden,1610612749,Milwaukee Bucks,2,5,51,Missed Shot,Tip Shot,2PT Field Goal,Restricted Area,Center(C),Less Than 8 ft.,0.0,7.0,4.0,1,0,20120302,ATL,MIL
Shot Chart Detail,0021100530,221,2400,Drew Gooden,1610612749,Milwaukee Bucks,2,5,25,Missed Shot,Jump Shot,2PT Field Goal,Mid-Range,Right Side(R),16-24 ft.,18.0,149.0,105.0,1,0,20120302,ATL,MIL
Shot Chart Detail,0021100530,265,2400,Drew Gooden,1610612749,Milwaukee Bucks,2,0,13,Made Shot,Jump Shot,3PT Field Goal,Above the Break 3,Center(C),24+ ft.,24.0,7.0,247.0,1,1,20120302,ATL,MIL
Shot Chart Detail,0021100530,271,2400,Drew Gooden,1610612749,Milwaukee Bucks,3,11,37,Missed Shot,Driving Jump shot,2PT Field Goal,In The Paint (Non-RA),Center(C),Less Than 8 ft.,6.0,-51.0,42.0,1,0,20120302,ATL,MIL
Shot Chart Detail,0021100530,309,2400,Drew Gooden,1610612749,Milwaukee Bucks,3,8,7,Missed Shot,Jump Shot,2PT Field Goal,Mid-Range,Right Side(R),8-16 ft.,15.0,143.0,60.0,1,0,20120302,ATL,MIL
Shot Chart Detail,0021100530,365,2400,Drew Gooden,1610612749,Milwaukee Bucks,3,3,12,Made Shot,Reverse Layup Shot,2PT Field Goal,Restricted Area,Center(C),Less Than 8 ft.,0.0,7.0,3.0,1,1,20120302,ATL,MIL
Shot Chart Detail,0021100530,381,2400,Drew Gooden,1610612749,Milwaukee Bucks,3,2,4,Missed Shot,Layup Shot,2PT Field Goal,Restricted Area,Center(C),Less Than 8 ft.,2.0,-27.0,7.0,1,0,20120302,ATL,MIL
Shot Chart Detail,0021100530,455,2400,Drew Gooden,1610612749,Milwaukee Bucks,4,7,26,Missed Shot,Turnaround Fadeaway shot,2PT Field Goal,Mid-Range,Left Side(L),16-24 ft.,16.0,-163.0,26.0,1,0,20120302,ATL,MIL
Shot Chart Detail,0021100530,506,2400,Drew Gooden,1610612749,Milwaukee Bucks,4,3,51,Made Shot,Jump Shot,2PT Field Goal,Restricted Area,Center(C),Less Than 8 ft.,0.0,0.0,6.0,1,1,20120302,ATL,MIL
Shot Chart Detail,0021100530,527,2400,Drew Gooden,1610612749,Milwaukee Bucks,4,1,46,Missed Shot,Hook Shot,2PT Field Goal,In The Paint (Non-RA),Center(C),Less Than 8 ft.,7.0,18.0,77.0,1,0,20120302,ATL,MIL
Shot Chart Detail,0021100530,548,2400,Drew Gooden,1610612749,Milwaukee Bucks,4,0,7,Missed Shot,Turnaround Jump Shot,2PT Field Goal,In The Paint (Non-RA),Center(C),Less Than 8 ft.,5.0,-49.0,14.0,1,0,20120302,ATL,MIL
Shot Chart Detail,0021100530,563,2400,Drew Gooden,1610612749,Milwaukee Bucks,4,0,3,Missed Shot,Jump Shot,3PT Field Goal,Above the Break 3,Right Side Center(RC),24+ ft.,25.0,129.0,222.0,1,0,20120302,ATL,MIL
Shot Chart Detail,0021100541,3,2400,Drew Gooden,1610612749,Milwaukee Bucks,1,11,31,Missed Shot,Jump Shot,2PT Field Goal,Mid-Range,Left Side(L),16-24 ft.,18.0,-160.0,102.0,1,0,20120303,ORL,MIL
Shot Chart Detail,0021100541,10,2400,Drew Gooden,1610612749,Milwaukee Bucks,1,10,26,Made Shot,Layup Shot,2PT Field Goal,Restricted Area,Center(C),Less Than 8 ft.,1.0,-11.0,15.0,1,1,20120303,ORL,MIL
Shot Chart Detail,0021100541,33,2400,Drew Gooden,1610612749,Milwaukee Bucks,1,7,53,Missed Shot,Driving Layup Shot,2PT Field Goal,Restricted Area,Center(C),Less Than 8 ft.,2.0,12.0,25.0,1,0,20120303,ORL,MIL
Shot Chart Detail,0021100541,41,2400,Drew Gooden,1610612749,Milwaukee Bucks,1,7,6,Missed Shot,Jump Shot,3PT Field Goal,Above the Break 3,Left Side Center(LC),24+ ft.,24.0,-179.0,168.0,1,0,20120303,ORL,MIL
Shot Chart Detail,0021100541,196,2400,Drew Gooden,1610612749,Milwaukee Bucks,2,5,45,Made Shot,Layup Shot,2PT Field Goal,Restricted Area,Center(C),Less Than 8 ft.,1.0,12.0,6.0,1,1,20120303,ORL,MIL
Shot Chart Detail,0021100541,440,2400,Drew Gooden,1610612749,Milwaukee Bucks,4,9,54,Missed Shot,Jump Shot,2PT Field Goal,Mid-Range,Left Side(L),8-16 ft.,10.0,-106.0,3.0,1,0,20120303,ORL,MIL
Shot Chart Detail,0021100541,464,2400,Drew Gooden,1610612749,Milwaukee Bucks,4,8,39,Missed Shot,Putback Layup Shot,2PT Field Goal,Restricted Area,Center(C),Less Than 8 ft.,0.0,-7.0,3.0,1,0,20120303,ORL,MIL
Shot Chart Detail,0021100558,2,2400,Drew Gooden,1610612749,Milwaukee Bucks,1,11,43,Missed Shot,Turnaround Jump Shot,2PT Field Goal,Mid-Range,Left Side(L),8-16 ft.,14.0,-134.0,52.0,1,0,20120305,MIL,PHI
Shot Chart Detail,0021100558,17,2400,Drew Gooden,1610612749,Milwaukee Bucks,1,9,36,Made Shot,Jump Shot,2PT Field Goal,Mid-Range,Center(C),16-24 ft.,20.0,61.0,194.0,1,1,20120305,MIL,PHI
Shot Chart Detail,0021100558,23,2400,Drew Gooden,1610612749,Milwaukee Bucks,1,8,19,Missed Shot,Hook Shot,2PT Field Goal,In The Paint (Non-RA),Center(C),Less Than 8 ft.,6.0,64.0,3.0,1,0,20120305,MIL,PHI
Shot Chart Detail,0021100558,71,2400,Drew Gooden,1610612749,Milwaukee Bucks,1,4,41,Missed Shot,Jump Shot,2PT Field Goal,Mid-Range,Right Side Center(RC),16-24 ft.,20.0,84.0,189.0,1,0,20120305,MIL,PHI
Shot Chart Detail,0021100558,200,2400,Drew Gooden,1610612749,Milwaukee Bucks,2,6,14,Made Shot,Jump Shot,2PT Field Goal,Mid-Range,Left Side Center(LC),16-24 ft.,17.0,-78.0,157.0,1,1,20120305,MIL,PHI
Shot Chart Detail,0021100558,221,2400,Drew Gooden,1610612749,Milwaukee Bucks,2,3,15,Made Shot,Layup Shot,2PT Field Goal,Restricted Area,Center(C),Less Than 8 ft.,1.0,-10.0,14.0,1,1,20120305,MIL,PHI
Shot Chart Detail,0021100558,234,2400,Drew Gooden,1610612749,Milwaukee Bucks,2,2,7,Made Shot,Jump Shot,2PT Field Goal,Mid-Range,Center(C),16-24 ft.,17.0,15.0,178.0,1,1,20120305,MIL,PHI
Shot Chart Detail,0021100558,239,2400,Drew Gooden,1610612749,Milwaukee Bucks,2,1,31,Missed Shot,Jump Shot,3PT Field Goal,Above the Break 3,Left Side Center(LC),24+ ft.,25.0,-204.0,153.0,1,0,20120305,MIL,PHI
Shot Chart Detail,0021100558,248,2400,Drew Gooden,1610612749,Milwaukee Bucks,2,0,36,Made Shot,Dunk Shot,2PT Field Goal,Restricted Area,Center(C),Less Than 8 ft.,0.0,6.0,7.0,1,1,20120305,MIL,PHI
Shot Chart Detail,0021100558,254,2400,Drew Gooden,1610612749,Milwaukee Bucks,2,0,5,Missed Shot,Hook Shot,2PT Field Goal,In The Paint (Non-RA),Center(C),Less Than 8 ft.,7.0,73.0,1.0,1,0,20120305,MIL,PHI
Shot Chart Detail,0021100558,292,2400,Drew Gooden,1610612749,Milwaukee Bucks,3,9,27,Missed Shot,Jump Shot,2PT Field Goal,Restricted Area,Center(C),Less Than 8 ft.,3.0,-13.0,36.0,1,0,20120305,MIL,PHI
Shot Chart Detail,0021100558,305,2400,Drew Gooden,1610612749,Milwaukee Bucks,3,8,35,Made Shot,Jump Shot,2PT Field Goal,Mid-Range,Center(C),16-24 ft.,18.0,53.0,178.0,1,1,20120305,MIL,PHI
Shot Chart Detail,0021100558,310,2400,Drew Gooden,1610612749,Milwaukee Bucks,3,7,59,Missed Shot,Hook Shot,2PT Field Goal,In The Paint (Non-RA),Center(C),Less Than 8 ft.,6.0,61.0,-6.0,1,0,20120305,MIL,PHI
Shot Chart Detail,0021100558,320,2400,Drew Gooden,1610612749,Milwaukee Bucks,3,6,23,Missed Shot,Jump Shot,2PT Field Goal,Mid-Range,Left Side(L),16-24 ft.,17.0,-161.0,72.0,1,0,20120305,MIL,PHI
Shot Chart Detail,0021100558,330,2400,Drew Gooden,1610612749,Milwaukee Bucks,3,5,27,Missed Shot,Jump Shot,2PT Field Goal,Mid-Range,Left Side(L),16-24 ft.,18.0,-183.0,-8.0,1,0,20120305,MIL,PHI
Shot Chart Detail,0021100558,386,2400,Drew Gooden,1610612749,Milwaukee Bucks,3,0,31,Made Shot,Dunk Shot,2PT Field Goal,Restricted Area,Center(C),Less Than 8 ft.,0.0,-2.0,1.0,1,1,20120305,MIL,PHI
Shot Chart Detail,0021100558,391,2400,Drew Gooden,1610612749,Milwaukee Bucks,3,0,0,Missed Shot,Jump Shot,2PT Field Goal,In The Paint (Non-RA),Center(C),Less Than 8 ft.,4.0,28.0,30.0,1,0,20120305,MIL,PHI
Shot Chart Detail,0021100558,438,2400,Drew Gooden,1610612749,Milwaukee Bucks,4,8,16,Made Shot,Jump Shot,2PT Field Goal,Mid-Range,Right Side(R),16-24 ft.,20.0,201.0,-10.0,1,1,20120305,MIL,PHI
Shot Chart Detail,0021100558,462,2400,Drew Gooden,1610612749,Milwaukee Bucks,4,5,24,Missed Shot,Jump Shot,2PT Field Goal,Mid-Range,Center(C),16-24 ft.,19.0,-11.0,194.0,1,0,20120305,MIL,PHI
Shot Chart Detail,0021100558,489,2400,Drew Gooden,1610612749,Milwaukee Bucks,4,3,6,Made Shot,Layup Shot,2PT Field Goal,Restricted Area,Center(C),Less Than 8 ft.,1.0,13.0,14.0,1,1,20120305,MIL,PHI
Shot Chart Detail,0021100558,518,2400,Drew Gooden,1610612749,Milwaukee Bucks,4,0,30,Missed Shot,Jump Shot,2PT Field Goal,Mid-Range,Right Side Center(RC),16-24 ft.,20.0,88.0,189.0,1,0,20120305,MIL,PHI
Shot Chart Detail,0021100575,19,2400,Drew Gooden,1610612749,Milwaukee Bucks,1,9,23,Made Shot,Layup Shot,2PT Field Goal,Restricted Area,Center(C),Less Than 8 ft.,0.0,2.0,1.0,1,1,20120307,MIL,CHI
Shot Chart Detail,0021100575,21,2400,Drew Gooden,1610612749,Milwaukee Bucks,1,8,45,Made Shot,Jump Shot,2PT Field Goal,Mid-Range,Left Side Center(LC),16-24 ft.,19.0,-149.0,123.0,1,1,20120307,MIL,CHI
Shot Chart Detail,0021100575,30,2400,Drew Gooden,1610612749,Milwaukee Bucks,1,7,49,Missed Shot,Layup Shot,2PT Field Goal,Restricted Area,Center(C),Less Than 8 ft.,0.0,0.0,9.0,1,0,20120307,MIL,CHI
Shot Chart Detail,0021100575,31,2400,Drew Gooden,1610612749,Milwaukee Bucks,1,7,47,Made Shot,Layup Shot,2PT Field Goal,Restricted Area,Center(C),Less Than 8 ft.,0.0,2.0,0.0,1,1,20120307,MIL,CHI
Shot Chart Detail,0021100575,38,2400,Drew Gooden,1610612749,Milwaukee Bucks,1,7,1,Made Shot,Jump Shot,2PT Field Goal,Mid-Range,Center(C),16-24 ft.,20.0,1.0,200.0,1,1,20120307,MIL,CHI
Shot Chart Detail,0021100575,40,2400,Drew Gooden,1610612749,Milwaukee Bucks,1,6,32,Made Shot,Jump Shot,3PT Field Goal,Above the Break 3,Left Side Center(LC),24+ ft.,24.0,-198.0,149.0,1,1,20120307,MIL,CHI
Shot Chart Detail,0021100575,56,2400,Drew Gooden,1610612749,Milwaukee Bucks,1,4,27,Missed Shot,Layup Shot,2PT Field Goal,Restricted Area,Center(C),Less Than 8 ft.,1.0,0.0,15.0,1,0,20120307,MIL,CHI
Shot Chart Detail,0021100575,59,2400,Drew Gooden,1610612749,Milwaukee Bucks,1,3,48,Made Shot,Jump Shot,2PT Field Goal,Mid-Range,Right Side Center(RC),16-24 ft.,18.0,69.0,167.0,1,1,20120307,MIL,CHI
Shot Chart Detail,0021100575,87,2400,Drew Gooden,1610612749,Milwaukee Bucks,1,0,13,Missed Shot,Tip Shot,2PT Field Goal,Restricted Area,Center(C),Less Than 8 ft.,0.0,7.0,3.0,1,0,20120307,MIL,CHI
Shot Chart Detail,0021100575,190,2400,Drew Gooden,1610612749,Milwaukee Bucks,2,2,42,Missed Shot,Jump Shot,3PT Field Goal,Above the Break 3,Center(C),24+ ft.,24.0,20.0,247.0,1,0,20120307,MIL,CHI
Shot Chart Detail,0021100575,217,2400,Drew Gooden,1610612749,Milwaukee Bucks,2,0,27,Missed Shot,Jump Shot,3PT Field Goal,Right Corner 3,Right Side(R),24+ ft.,24.0,244.0,15.0,1,0,20120307,MIL,CHI
Shot Chart Detail,0021100575,235,2400,Drew Gooden,1610612749,Milwaukee Bucks,3,10,39,Missed Shot,Jump Shot,2PT Field Goal,Mid-Range,Left Side Center(LC),16-24 ft.,17.0,-105.0,143.0,1,0,20120307,MIL,CHI
Shot Chart Detail,0021100575,239,2400,Drew Gooden,1610612749,Milwaukee Bucks,3,10,9,Missed Shot,Jump Shot,2PT Field Goal,Mid-Range,Right Side Center(RC),16-24 ft.,19.0,121.0,153.0,1,0,20120307,MIL,CHI
Shot Chart Detail,0021100575,244,2400,Drew Gooden,1610612749,Milwaukee Bucks,3,9,32,Missed Shot,Tip Shot,2PT Field Goal,Restricted Area,Center(C),Less Than 8 ft.,1.0,15.0,-6.0,1,0,20120307,MIL,CHI
Shot Chart Detail,0021100575,246,2400,Drew Gooden,1610612749,Milwaukee Bucks,3,9,31,Missed Shot,Tip Shot,2PT Field Goal,Restricted Area,Center(C),Less Than 8 ft.,0.0,7.0,6.0,1,0,20120307,MIL,CHI
Shot Chart Detail,0021100575,254,2400,Drew Gooden,1610612749,Milwaukee Bucks,3,8,20,Made Shot,Layup Shot,2PT Field Goal,Restricted Area,Center(C),Less Than 8 ft.,1.0,13.0,-5.0,1,1,20120307,MIL,CHI
Shot Chart Detail,0021100575,267,2400,Drew Gooden,1610612749,Milwaukee Bucks,3,6,58,Made Shot,Hook Shot,2PT Field Goal,Restricted Area,Center(C),Less Than 8 ft.,3.0,0.0,36.0,1,1,20120307,MIL,CHI
Shot Chart Detail,0021100575,273,2400,Drew Gooden,1610612749,Milwaukee Bucks,3,5,44,Made Shot,Jump Shot,3PT Field Goal,Right Corner 3,Right Side(R),24+ ft.,24.0,241.0,4.0,1,1,20120307,MIL,CHI
Shot Chart Detail,0021100575,291,2400,Drew Gooden,1610612749,Milwaukee Bucks,3,3,15,Missed Shot,Layup Shot,2PT Field Goal,Restricted Area,Center(C),Less Than 8 ft.,2.0,6.0,23.0,1,0,20120307,MIL,CHI
Shot Chart Detail,0021100575,390,2400,Drew Gooden,1610612749,Milwaukee Bucks,4,5,16,Made Shot,Jump Shot,2PT Field Goal,Mid-Range,Left Side Center(LC),16-24 ft.,18.0,-153.0,112.0,1,1,20120307,MIL,CHI
Shot Chart Detail,0021100575,422,2400,Drew Gooden,1610612749,Milwaukee Bucks,4,2,13,Made Shot,Jump Shot,2PT Field Goal,Mid-Range,Left Side(L),8-16 ft.,11.0,-109.0,36.0,1,1,20120307,MIL,CHI
Shot Chart Detail,0021100590,19,2400,Drew Gooden,1610612749,Milwaukee Bucks,1,10,37,Made Shot,Layup Shot,2PT Field Goal,Restricted Area,Center(C),Less Than 8 ft.,0.0,6.0,-2.0,1,1,20120309,MIL,NYK
Shot Chart Detail,0021100590,22,2400,Drew Gooden,1610612749,Milwaukee Bucks,1,10,7,Made Shot,Jump Bank Shot,2PT Field Goal,Mid-Range,Left Side(L),8-16 ft.,14.0,-138.0,26.0,1,1,20120309,MIL,NYK
Shot Chart Detail,0021100590,28,2400,Drew Gooden,1610612749,Milwaukee Bucks,1,9,40,Missed Shot,Layup Shot,2PT Field Goal,Restricted Area,Center(C),Less Than 8 ft.,0.0,6.0,1.0,1,0,20120309,MIL,NYK
Shot Chart Detail,0021100590,40,2400,Drew Gooden,1610612749,Milwaukee Bucks,1,8,3,Made Shot,Running Dunk Shot,2PT Field Goal,Restricted Area,Center(C),Less Than 8 ft.,0.0,4.0,3.0,1,1,20120309,MIL,NYK
Shot Chart Detail,0021100590,46,2400,Drew Gooden,1610612749,Milwaukee Bucks,1,7,8,Missed Shot,Jump Shot,3PT Field Goal,Above the Break 3,Left Side Center(LC),24+ ft.,25.0,-172.0,186.0,1,0,20120309,MIL,NYK
Shot Chart Detail,0021100590,193,2400,Drew Gooden,1610612749,Milwaukee Bucks,2,3,57,Missed Shot,Layup Shot,2PT Field Goal,Restricted Area,Center(C),Less Than 8 ft.,0.0,-2.0,-3.0,1,0,20120309,MIL,NYK
Shot Chart Detail,0021100590,225,2400,Drew Gooden,1610612749,Milwaukee Bucks,2,1,0,Missed Shot,Jump Shot,3PT Field Goal,Left Corner 3,Left Side(L),24+ ft.,23.0,-234.0,3.0,1,0,20120309,MIL,NYK
Shot Chart Detail,0021100590,271,2400,Drew Gooden,1610612749,Milwaukee Bucks,3,8,8,Made Shot,Layup Shot,2PT Field Goal,Restricted Area,Center(C),Less Than 8 ft.,0.0,1.0,6.0,1,1,20120309,MIL,NYK
Shot Chart Detail,0021100590,424,2400,Drew Gooden,1610612749,Milwaukee Bucks,4,5,46,Missed Shot,Jump Shot,2PT Field Goal,Mid-Range,Center(C),16-24 ft.,17.0,2.0,175.0,1,0,20120309,MIL,NYK
Shot Chart Detail,0021100590,435,2400,Drew Gooden,1610612749,Milwaukee Bucks,4,4,3,Missed Shot,Layup Shot,2PT Field Goal,Restricted Area,Center(C),Less Than 8 ft.,0.0,0.0,-3.0,1,0,20120309,MIL,NYK
Shot Chart Detail,0021100590,456,2400,Drew Gooden,1610612749,Milwaukee Bucks,4,2,26,Missed Shot,Layup Shot,2PT Field Goal,Restricted Area,Center(C),Less Than 8 ft.,1.0,15.0,4.0,1,0,20120309,MIL,NYK
Shot Chart Detail,0021100590,469,2400,Drew Gooden,1610612749,Milwaukee Bucks,4,1,6,Missed Shot,Jump Shot,2PT Field Goal,Mid-Range,Right Side(R),8-16 ft.,8.0,86.0,25.0,1,0,20120309,MIL,NYK
Shot Chart Detail,0021100605,3,2400,Drew Gooden,1610612749,Milwaukee Bucks,1,11,56,Missed Shot,Jump Shot,2PT Field Goal,Mid-Range,Right Side Center(RC),16-24 ft.,19.0,125.0,148.0,1,0,20120311,TOR,MIL
Shot Chart Detail,0021100605,21,2400,Drew Gooden,1610612749,Milwaukee Bucks,1,8,55,Made Shot,Turnaround Bank shot,2PT Field Goal,In The Paint (Non-RA),Right Side(R),8-16 ft.,8.0,73.0,41.0,1,1,20120311,TOR,MIL
Shot Chart Detail,0021100605,61,2400,Drew Gooden,1610612749,Milwaukee Bucks,1,5,2,Made Shot,Layup Shot,2PT Field Goal,Restricted Area,Center(C),Less Than 8 ft.,2.0,24.0,3.0,1,1,20120311,TOR,MIL
Shot Chart Detail,0021100605,63,2400,Drew Gooden,1610612749,Milwaukee Bucks,1,4,16,Made Shot,Layup Shot,2PT Field Goal,Restricted Area,Center(C),Less Than 8 ft.,1.0,-18.0,4.0,1,1,20120311,TOR,MIL
Shot Chart Detail,0021100605,157,2400,Drew Gooden,1610612749,Milwaukee Bucks,2,8,24,Made Shot,Jump Shot,2PT Field Goal,Mid-Range,Left Side(L),16-24 ft.,18.0,-185.0,3.0,1,1,20120311,TOR,MIL
Shot Chart Detail,0021100605,164,2400,Drew Gooden,1610612749,Milwaukee Bucks,2,7,25,Missed Shot,Driving Layup Shot,2PT Field Goal,Restricted Area,Center(C),Less Than 8 ft.,2.0,-10.0,19.0,1,0,20120311,TOR,MIL
Shot Chart Detail,0021100605,233,2400,Drew Gooden,1610612749,Milwaukee Bucks,2,1,14,Missed Shot,Turnaround Jump Shot,2PT Field Goal,Mid-Range,Left Side(L),8-16 ft.,12.0,-122.0,14.0,1,0,20120311,TOR,MIL
Shot Chart Detail,0021100605,253,2400,Drew Gooden,1610612749,Milwaukee Bucks,3,11,42,Missed Shot,Driving Hook Shot,2PT Field Goal,Restricted Area,Center(C),Less Than 8 ft.,3.0,0.0,39.0,1,0,20120311,TOR,MIL
Shot Chart Detail,0021100605,286,2400,Drew Gooden,1610612749,Milwaukee Bucks,3,8,42,Made Shot,Tip Shot,2PT Field Goal,Restricted Area,Center(C),Less Than 8 ft.,1.0,0.0,14.0,1,1,20120311,TOR,MIL
Shot Chart Detail,0021100605,290,2400,Drew Gooden,1610612749,Milwaukee Bucks,3,8,9,Made Shot,Jump Shot,2PT Field Goal,Mid-Range,Left Side(L),16-24 ft.,19.0,-198.0,7.0,1,1,20120311,TOR,MIL
Shot Chart Detail,0021100605,314,2400,Drew Gooden,1610612749,Milwaukee Bucks,3,6,18,Made Shot,Running Hook Shot,2PT Field Goal,Mid-Range,Left Side(L),8-16 ft.,8.0,-86.0,19.0,1,1,20120311,TOR,MIL
Shot Chart Detail,0021100611,3,2400,Drew Gooden,1610612749,Milwaukee Bucks,1,11,29,Missed Shot,Jump Shot,2PT Field Goal,Mid-Range,Right Side Center(RC),16-24 ft.,19.0,111.0,157.0,1,0,20120312,NJN,MIL
Shot Chart Detail,0021100611,9,2400,Drew Gooden,1610612749,Milwaukee Bucks,1,10,26,Made Shot,Layup Shot,2PT Field Goal,Restricted Area,Center(C),Less Than 8 ft.,1.0,9.0,6.0,1,1,20120312,NJN,MIL
Shot Chart Detail,0021100611,34,2400,Drew Gooden,1610612749,Milwaukee Bucks,1,8,18,Made Shot,Jump Shot,2PT Field Goal,Mid-Range,Right Side Center(RC),16-24 ft.,19.0,119.0,153.0,1,1,20120312,NJN,MIL
Shot Chart Detail,0021100611,54,2400,Drew Gooden,1610612749,Milwaukee Bucks,1,6,50,Made Shot,Jump Shot,2PT Field Goal,Mid-Range,Right Side Center(RC),16-24 ft.,18.0,119.0,145.0,1,1,20120312,NJN,MIL
Shot Chart Detail,0021100611,59,2400,Drew Gooden,1610612749,Milwaukee Bucks,1,5,57,Missed Shot,Turnaround Jump Shot,2PT Field Goal,In The Paint (Non-RA),Center(C),8-16 ft.,10.0,-34.0,96.0,1,0,20120312,NJN,MIL
Shot Chart Detail,0021100611,88,2400,Drew Gooden,1610612749,Milwaukee Bucks,1,3,20,Missed Shot,Tip Shot,2PT Field Goal,Restricted Area,Center(C),Less Than 8 ft.,1.0,15.0,12.0,1,0,20120312,NJN,MIL
Shot Chart Detail,0021100611,124,2400,Drew Gooden,1610612749,Milwaukee Bucks,1,1,1,Made Shot,Jump Shot,2PT Field Goal,Mid-Range,Left Side(L),16-24 ft.,16.0,-169.0,9.0,1,1,20120312,NJN,MIL
Shot Chart Detail,0021100611,241,2400,Drew Gooden,1610612749,Milwaukee Bucks,2,2,2,Missed Shot,Jump Shot,2PT Field Goal,Mid-Range,Center(C),16-24 ft.,17.0,36.0,172.0,1,0,20120312,NJN,MIL
Shot Chart Detail,0021100611,244,2400,Drew Gooden,1610612749,Milwaukee Bucks,2,1,26,Missed Shot,Jump Shot,2PT Field Goal,In The Paint (Non-RA),Center(C),Less Than 8 ft.,4.0,23.0,42.0,1,0,20120312,NJN,MIL
Shot Chart Detail,0021100611,274,2400,Drew Gooden,1610612749,Milwaukee Bucks,3,9,37,Made Shot,Jump Shot,3PT Field Goal,Above the Break 3,Left Side Center(LC),24+ ft.,24.0,-180.0,160.0,1,1,20120312,NJN,MIL
Shot Chart Detail,0021100611,279,2400,Drew Gooden,1610612749,Milwaukee Bucks,3,8,54,Made Shot,Layup Shot,2PT Field Goal,Restricted Area,Center(C),Less Than 8 ft.,2.0,18.0,11.0,1,1,20120312,NJN,MIL
Shot Chart Detail,0021100611,296,2400,Drew Gooden,1610612749,Milwaukee Bucks,3,6,34,Missed Shot,Jump Shot,2PT Field Goal,Mid-Range,Right Side(R),8-16 ft.,15.0,159.0,4.0,1,0,20120312,NJN,MIL
Shot Chart Detail,0021100611,316,2400,Drew Gooden,1610612749,Milwaukee Bucks,3,4,46,Made Shot,Jump Shot,2PT Field Goal,Mid-Range,Center(C),16-24 ft.,20.0,11.0,204.0,1,1,20120312,NJN,MIL
Shot Chart Detail,0021100611,324,2400,Drew Gooden,1610612749,Milwaukee Bucks,3,4,2,Made Shot,Turnaround Jump Shot,2PT Field Goal,Mid-Range,Left Side Center(LC),16-24 ft.,16.0,-92.0,140.0,1,1,20120312,NJN,MIL
Shot Chart Detail,0021100611,347,2400,Drew Gooden,1610612749,Milwaukee Bucks,3,1,20,Made Shot,Layup Shot,2PT Field Goal,Restricted Area,Center(C),Less Than 8 ft.,2.0,23.0,7.0,1,1,20120312,NJN,MIL
Shot Chart Detail,0021100611,437,2400,Drew Gooden,1610612749,Milwaukee Bucks,4,4,47,Missed Shot,Jump Shot,3PT Field Goal,Above the Break 3,Center(C),24+ ft.,24.0,-2.0,249.0,1,0,20120312,NJN,MIL
Shot Chart Detail,0021100611,445,2400,Drew Gooden,1610612749,Milwaukee Bucks,4,3,26,Made Shot,Jump Bank Shot,2PT Field Goal,Mid-Range,Left Side(L),16-24 ft.,17.0,-155.0,74.0,1,1,20120312,NJN,MIL
Shot Chart Detail,0021100611,461,2400,Drew Gooden,1610612749,Milwaukee Bucks,4,2,2,Missed Shot,Turnaround Fadeaway shot,2PT Field Goal,Mid-Range,Left Side(L),16-24 ft.,17.0,-174.0,-2.0,1,0,20120312,NJN,MIL
Shot Chart Detail,0021100611,474,2400,Drew Gooden,1610612749,Milwaukee Bucks,4,1,1,Made Shot,Driving Layup Shot,2PT Field Goal,Restricted Area,Center(C),Less Than 8 ft.,1.0,6.0,15.0,1,1,20120312,NJN,MIL
Shot Chart Detail,0021100630,28,2400,Drew Gooden,1610612749,Milwaukee Bucks,1,7,52,Made Shot,Jump Shot,2PT Field Goal,Mid-Range,Right Side Center(RC),16-24 ft.,18.0,92.0,160.0,1,1,20120314,MIL,CLE
Shot Chart Detail,0021100630,161,2400,Drew Gooden,1610612749,Milwaukee Bucks,2,7,29,Made Shot,Jump Bank Shot,2PT Field Goal,Mid-Range,Left Side(L),8-16 ft.,14.0,-134.0,61.0,1,1,20120314,MIL,CLE
Shot Chart Detail,0021100630,202,2400,Drew Gooden,1610612749,Milwaukee Bucks,2,3,55,Missed Shot,Jump Shot,3PT Field Goal,Above the Break 3,Left Side Center(LC),24+ ft.,25.0,-152.0,201.0,1,0,20120314,MIL,CLE
Shot Chart Detail,0021100630,225,2400,Drew Gooden,1610612749,Milwaukee Bucks,2,2,18,Made Shot,Layup Shot,2PT Field Goal,Restricted Area,Center(C),Less Than 8 ft.,3.0,26.0,15.0,1,1,20120314,MIL,CLE
Shot Chart Detail,0021100630,227,2400,Drew Gooden,1610612749,Milwaukee Bucks,2,1,42,Made Shot,Jump Shot,2PT Field Goal,Mid-Range,Left Side(L),8-16 ft.,10.0,-103.0,0.0,1,1,20120314,MIL,CLE
Shot Chart Detail,0021100630,251,2400,Drew Gooden,1610612749,Milwaukee Bucks,3,10,38,Missed Shot,Jump Shot,2PT Field Goal,Mid-Range,Center(C),16-24 ft.,17.0,-2.0,179.0,1,0,20120314,MIL,CLE
Shot Chart Detail,0021100630,262,2400,Drew Gooden,1610612749,Milwaukee Bucks,3,9,17,Missed Shot,Jump Shot,2PT Field Goal,Mid-Range,Right Side(R),8-16 ft.,15.0,152.0,0.0,1,0,20120314,MIL,CLE
Shot Chart Detail,0021100630,281,2400,Drew Gooden,1610612749,Milwaukee Bucks,3,7,29,Made Shot,Layup Shot,2PT Field Goal,Restricted Area,Center(C),Less Than 8 ft.,0.0,4.0,4.0,1,1,20120314,MIL,CLE
Shot Chart Detail,0021100630,286,2400,Drew Gooden,1610612749,Milwaukee Bucks,3,6,18,Made Shot,Jump Shot,3PT Field Goal,Above the Break 3,Right Side Center(RC),24+ ft.,25.0,127.0,222.0,1,1,20120314,MIL,CLE
Shot Chart Detail,0021100630,297,2400,Drew Gooden,1610612749,Milwaukee Bucks,3,4,24,Missed Shot,Jump Shot,2PT Field Goal,In The Paint (Non-RA),Center(C),Less Than 8 ft.,6.0,-59.0,17.0,1,0,20120314,MIL,CLE
Shot Chart Detail,0021100630,316,2400,Drew Gooden,1610612749,Milwaukee Bucks,3,3,22,Made Shot,Jump Shot,2PT Field Goal,Mid-Range,Right Side Center(RC),16-24 ft.,17.0,121.0,131.0,1,1,20120314,MIL,CLE
Shot Chart Detail,0021100630,324,2400,Drew Gooden,1610612749,Milwaukee Bucks,3,2,3,Missed Shot,Jump Shot,3PT Field Goal,Above the Break 3,Right Side Center(RC),24+ ft.,26.0,122.0,233.0,1,0,20120314,MIL,CLE
Shot Chart Detail,0021100653,2,2400,Drew Gooden,1610612749,Milwaukee Bucks,1,11,48,Missed Shot,Jump Shot,2PT Field Goal,Mid-Range,Right Side Center(RC),16-24 ft.,17.0,127.0,121.0,1,0,20120316,GSW,MIL
Shot Chart Detail,0021100653,15,2400,Drew Gooden,1610612749,Milwaukee Bucks,1,9,43,Made Shot,Turnaround Jump Shot,2PT Field Goal,In The Paint (Non-RA),Left Side(L),8-16 ft.,13.0,-68.0,116.0,1,1,20120316,GSW,MIL
Shot Chart Detail,0021100653,24,2400,Drew Gooden,1610612749,Milwaukee Bucks,1,8,25,Made Shot,Fadeaway Jump Shot,2PT Field Goal,In The Paint (Non-RA),Center(C),Less Than 8 ft.,7.0,-71.0,17.0,1,1,20120316,GSW,MIL
Shot Chart Detail,0021100653,45,2400,Drew Gooden,1610612749,Milwaukee Bucks,1,5,45,Missed Shot,Jump Hook Shot,2PT Field Goal,In The Paint (Non-RA),Center(C),8-16 ft.,9.0,0.0,97.0,1,0,20120316,GSW,MIL
Shot Chart Detail,0021100653,123,2400,Drew Gooden,1610612749,Milwaukee Bucks,2,11,13,Missed Shot,Jump Shot,3PT Field Goal,Above the Break 3,Right Side Center(RC),24+ ft.,25.0,215.0,131.0,1,0,20120316,GSW,MIL
Shot Chart Detail,0021100653,134,2400,Drew Gooden,1610612749,Milwaukee Bucks,2,9,19,Missed Shot,Jump Hook Shot,2PT Field Goal,In The Paint (Non-RA),Center(C),Less Than 8 ft.,7.0,69.0,39.0,1,0,20120316,GSW,MIL
Shot Chart Detail,0021100653,159,2400,Drew Gooden,1610612749,Milwaukee Bucks,2,7,29,Missed Shot,Layup Shot,2PT Field Goal,Restricted Area,Center(C),Less Than 8 ft.,1.0,1.0,14.0,1,0,20120316,GSW,MIL
Shot Chart Detail,0021100653,168,2400,Drew Gooden,1610612749,Milwaukee Bucks,2,6,21,Made Shot,Tip Shot,2PT Field Goal,Restricted Area,Center(C),Less Than 8 ft.,0.0,9.0,3.0,1,1,20120316,GSW,MIL
Shot Chart Detail,0021100653,182,2400,Drew Gooden,1610612749,Milwaukee Bucks,2,4,25,Missed Shot,Jump Shot,2PT Field Goal,Restricted Area,Center(C),Less Than 8 ft.,3.0,-32.0,1.0,1,0,20120316,GSW,MIL
Shot Chart Detail,0021100653,234,2400,Drew Gooden,1610612749,Milwaukee Bucks,3,11,32,Missed Shot,Jump Shot,2PT Field Goal,Mid-Range,Left Side(L),8-16 ft.,13.0,-131.0,17.0,1,0,20120316,GSW,MIL
Shot Chart Detail,0021100653,240,2400,Drew Gooden,1610612749,Milwaukee Bucks,3,10,40,Made Shot,Jump Shot,2PT Field Goal,Mid-Range,Center(C),16-24 ft.,20.0,-30.0,205.0,1,1,20120316,GSW,MIL
Shot Chart Detail,0021100653,266,2400,Drew Gooden,1610612749,Milwaukee Bucks,3,7,16,Made Shot,Tip Shot,2PT Field Goal,Restricted Area,Center(C),Less Than 8 ft.,0.0,-5.0,0.0,1,1,20120316,GSW,MIL
Shot Chart Detail,0021100653,269,2400,Drew Gooden,1610612749,Milwaukee Bucks,3,6,48,Missed Shot,Step Back Jump shot,2PT Field Goal,Mid-Range,Right Side Center(RC),16-24 ft.,22.0,122.0,194.0,1,0,20120316,GSW,MIL
Shot Chart Detail,0021100653,280,2400,Drew Gooden,1610612749,Milwaukee Bucks,3,5,24,Made Shot,Jump Shot,2PT Field Goal,Mid-Range,Left Side Center(LC),16-24 ft.,20.0,-131.0,154.0,1,1,20120316,GSW,MIL
Shot Chart Detail,0021100682,5,2400,Drew Gooden,1610612749,Milwaukee Bucks,1,10,58,Made Shot,Driving Hook Shot,2PT Field Goal,Mid-Range,Right Side(R),8-16 ft.,8.0,86.0,9.0,1,1,20120320,POR,MIL
Shot Chart Detail,0021100682,7,2400,Drew Gooden,1610612749,Milwaukee Bucks,1,10,23,Made Shot,Step Back Jump shot,2PT Field Goal,Mid-Range,Right Side Center(RC),16-24 ft.,16.0,73.0,146.0,1,1,20120320,POR,MIL
Shot Chart Detail,0021100682,26,2400,Drew Gooden,1610612749,Milwaukee Bucks,1,8,2,Made Shot,Jump Shot,2PT Field Goal,Mid-Range,Right Side(R),16-24 ft.,20.0,173.0,104.0,1,1,20120320,POR,MIL
Shot Chart Detail,0021100682,47,2400,Drew Gooden,1610612749,Milwaukee Bucks,1,5,23,Missed Shot,Jump Shot,2PT Field Goal,Mid-Range,Center(C),16-24 ft.,21.0,-60.0,203.0,1,0,20120320,POR,MIL
Shot Chart Detail,0021100682,50,2400,Drew Gooden,1610612749,Milwaukee Bucks,1,5,1,Made Shot,Jump Shot,2PT Field Goal,Mid-Range,Right Side Center(RC),16-24 ft.,21.0,113.0,183.0,1,1,20120320,POR,MIL
Shot Chart Detail,0021100682,58,2400,Drew Gooden,1610612749,Milwaukee Bucks,1,4,18,Made Shot,Dunk Shot,2PT Field Goal,Restricted Area,Center(C),Less Than 8 ft.,0.0,1.0,0.0,1,1,20120320,POR,MIL
Shot Chart Detail,0021100682,66,2400,Drew Gooden,1610612749,Milwaukee Bucks,1,3,8,Made Shot,Jump Shot,3PT Field Goal,Above the Break 3,Center(C),24+ ft.,25.0,-64.0,246.0,1,1,20120320,POR,MIL
Shot Chart Detail,0021100682,157,2400,Drew Gooden,1610612749,Milwaukee Bucks,2,6,55,Made Shot,Jump Shot,2PT Field Goal,Mid-Range,Center(C),16-24 ft.,20.0,40.0,206.0,1,1,20120320,POR,MIL
Shot Chart Detail,0021100682,175,2400,Drew Gooden,1610612749,Milwaukee Bucks,2,4,43,Missed Shot,Jump Shot,2PT Field Goal,Mid-Range,Right Side Center(RC),16-24 ft.,18.0,103.0,159.0,1,0,20120320,POR,MIL
Shot Chart Detail,0021100682,229,2400,Drew Gooden,1610612749,Milwaukee Bucks,2,0,48,Made Shot,Running Jump Shot,2PT Field Goal,Mid-Range,Left Side(L),8-16 ft.,9.0,-92.0,30.0,1,1,20120320,POR,MIL
Shot Chart Detail,0021100682,251,2400,Drew Gooden,1610612749,Milwaukee Bucks,3,9,50,Missed Shot,Pullup Jump shot,2PT Field Goal,Mid-Range,Center(C),16-24 ft.,16.0,1.0,168.0,1,0,20120320,POR,MIL
Shot Chart Detail,0021100682,441,2400,Drew Gooden,1610612749,Milwaukee Bucks,4,4,8,Missed Shot,Jump Shot,2PT Field Goal,Mid-Range,Left Side(L),16-24 ft.,21.0,-215.0,9.0,1,0,20120320,POR,MIL
Shot Chart Detail,0021100694,2,2400,Drew Gooden,1610612749,Milwaukee Bucks,1,11,41,Missed Shot,Jump Shot,2PT Field Goal,Mid-Range,Left Side(L),16-24 ft.,19.0,-191.0,-21.0,1,0,20120322,MIL,BOS
Shot Chart Detail,0021100694,5,2400,Drew Gooden,1610612749,Milwaukee Bucks,1,11,0,Missed Shot,Jump Shot,2PT Field Goal,Mid-Range,Left Side(L),16-24 ft.,21.0,-180.0,119.0,1,0,20120322,MIL,BOS
Shot Chart Detail,0021100694,11,2400,Drew Gooden,1610612749,Milwaukee Bucks,1,9,47,Missed Shot,Layup Shot,2PT Field Goal,Restricted Area,Center(C),Less Than 8 ft.,1.0,-15.0,6.0,1,0,20120322,MIL,BOS
Shot Chart Detail,0021100694,67,2400,Drew Gooden,1610612749,Milwaukee Bucks,1,4,49,Missed Shot,Layup Shot,2PT Field Goal,Restricted Area,Center(C),Less Than 8 ft.,1.0,-13.0,12.0,1,0,20120322,MIL,BOS
Shot Chart Detail,0021100694,200,2400,Drew Gooden,1610612749,Milwaukee Bucks,2,3,19,Missed Shot,Layup Shot,2PT Field Goal,Restricted Area,Center(C),Less Than 8 ft.,1.0,1.0,17.0,1,0,20120322,MIL,BOS
Shot Chart Detail,0021100694,212,2400,Drew Gooden,1610612749,Milwaukee Bucks,2,2,28,Made Shot,Layup Shot,2PT Field Goal,Restricted Area,Center(C),Less Than 8 ft.,0.0,2.0,0.0,1,1,20120322,MIL,BOS
Shot Chart Detail,0021100694,255,2400,Drew Gooden,1610612749,Milwaukee Bucks,3,10,9,Missed Shot,Jump Shot,2PT Field Goal,Mid-Range,Left Side(L),16-24 ft.,17.0,-177.0,-16.0,1,0,20120322,MIL,BOS
Shot Chart Detail,0021100694,272,2400,Drew Gooden,1610612749,Milwaukee Bucks,3,7,35,Missed Shot,Jump Shot,2PT Field Goal,Mid-Range,Right Side(R),16-24 ft.,18.0,179.0,36.0,1,0,20120322,MIL,BOS
Shot Chart Detail,0021100694,283,2400,Drew Gooden,1610612749,Milwaukee Bucks,3,6,34,Made Shot,Layup Shot,2PT Field Goal,Restricted Area,Center(C),Less Than 8 ft.,1.0,-10.0,0.0,1,1,20120322,MIL,BOS
Shot Chart Detail,0021100694,386,2400,Drew Gooden,1610612749,Milwaukee Bucks,4,7,36,Missed Shot,Layup Shot,2PT Field Goal,Restricted Area,Center(C),Less Than 8 ft.,1.0,6.0,14.0,1,0,20120322,MIL,BOS
Shot Chart Detail,0021100694,397,2400,Drew Gooden,1610612749,Milwaukee Bucks,4,6,44,Missed Shot,Layup Shot,2PT Field Goal,Restricted Area,Center(C),Less Than 8 ft.,1.0,9.0,12.0,1,0,20120322,MIL,BOS
Shot Chart Detail,0021100694,448,2400,Drew Gooden,1610612749,Milwaukee Bucks,4,2,23,Missed Shot,Jump Shot,3PT Field Goal,Above the Break 3,Center(C),24+ ft.,26.0,-65.0,261.0,1,0,20120322,MIL,BOS
Shot Chart Detail,0021100700,13,2400,Drew Gooden,1610612749,Milwaukee Bucks,1,9,29,Missed Shot,Hook Shot,2PT Field Goal,Restricted Area,Center(C),Less Than 8 ft.,3.0,18.0,33.0,1,0,20120323,CHA,MIL
Shot Chart Detail,0021100700,40,2400,Drew Gooden,1610612749,Milwaukee Bucks,1,6,34,Missed Shot,Layup Shot,2PT Field Goal,Restricted Area,Center(C),Less Than 8 ft.,1.0,-13.0,6.0,1,0,20120323,CHA,MIL
Shot Chart Detail,0021100700,69,2400,Drew Gooden,1610612749,Milwaukee Bucks,1,4,4,Missed Shot,Jump Shot,2PT Field Goal,Mid-Range,Left Side(L),8-16 ft.,14.0,-149.0,1.0,1,0,20120323,CHA,MIL
Shot Chart Detail,0021100700,171,2400,Drew Gooden,1610612749,Milwaukee Bucks,2,5,38,Made Shot,Jump Shot,2PT Field Goal,Mid-Range,Left Side(L),16-24 ft.,17.0,-177.0,14.0,1,1,20120323,CHA,MIL
Shot Chart Detail,0021100700,174,2400,Drew Gooden,1610612749,Milwaukee Bucks,2,5,5,Missed Shot,Jump Shot,2PT Field Goal,Mid-Range,Left Side(L),8-16 ft.,15.0,-130.0,86.0,1,0,20120323,CHA,MIL
Shot Chart Detail,0021100700,221,2400,Drew Gooden,1610612749,Milwaukee Bucks,2,2,37,Made Shot,Dunk Shot,2PT Field Goal,Restricted Area,Center(C),Less Than 8 ft.,1.0,-2.0,17.0,1,1,20120323,CHA,MIL
Shot Chart Detail,0021100700,241,2400,Drew Gooden,1610612749,Milwaukee Bucks,2,0,1,Made Shot,Layup Shot,2PT Field Goal,Restricted Area,Center(C),Less Than 8 ft.,0.0,1.0,0.0,1,1,20120323,CHA,MIL
Shot Chart Detail,0021100700,261,2400,Drew Gooden,1610612749,Milwaukee Bucks,3,10,55,Made Shot,Tip Shot,2PT Field Goal,Restricted Area,Center(C),Less Than 8 ft.,1.0,10.0,14.0,1,1,20120323,CHA,MIL
Shot Chart Detail,0021100700,276,2400,Drew Gooden,1610612749,Milwaukee Bucks,3,9,14,Missed Shot,Driving Layup Shot,2PT Field Goal,Restricted Area,Center(C),Less Than 8 ft.,1.0,13.0,1.0,1,0,20120323,CHA,MIL
Shot Chart Detail,0021100700,297,2400,Drew Gooden,1610612749,Milwaukee Bucks,3,7,31,Missed Shot,Jump Shot,2PT Field Goal,Mid-Range,Left Side(L),8-16 ft.,15.0,-155.0,20.0,1,0,20120323,CHA,MIL
Shot Chart Detail,0021100700,305,2400,Drew Gooden,1610612749,Milwaukee Bucks,3,7,9,Made Shot,Hook Shot,2PT Field Goal,In The Paint (Non-RA),Center(C),Less Than 8 ft.,4.0,0.0,45.0,1,1,20120323,CHA,MIL
Shot Chart Detail,0021100700,313,2400,Drew Gooden,1610612749,Milwaukee Bucks,3,6,37,Made Shot,Tip Shot,2PT Field Goal,Restricted Area,Center(C),Less Than 8 ft.,1.0,12.0,11.0,1,1,20120323,CHA,MIL
Shot Chart Detail,0021100700,322,2400,Drew Gooden,1610612749,Milwaukee Bucks,3,5,38,Missed Shot,Layup Shot,2PT Field Goal,Restricted Area,Center(C),Less Than 8 ft.,2.0,17.0,14.0,1,0,20120323,CHA,MIL
Shot Chart Detail,0021100700,349,2400,Drew Gooden,1610612749,Milwaukee Bucks,3,3,56,Made Shot,Hook Shot,2PT Field Goal,In The Paint (Non-RA),Center(C),Less Than 8 ft.,5.0,4.0,53.0,1,1,20120323,CHA,MIL
Shot Chart Detail,0021100717,6,2400,Drew Gooden,1610612749,Milwaukee Bucks,1,10,56,Missed Shot,Layup Shot,2PT Field Goal,Restricted Area,Center(C),Less Than 8 ft.,0.0,1.0,4.0,1,0,20120324,MIL,IND
Shot Chart Detail,0021100717,11,2400,Drew Gooden,1610612749,Milwaukee Bucks,1,10,4,Missed Shot,Jump Shot,2PT Field Goal,Mid-Range,Left Side(L),16-24 ft.,17.0,-174.0,-2.0,1,0,20120324,MIL,IND
Shot Chart Detail,0021100717,16,2400,Drew Gooden,1610612749,Milwaukee Bucks,1,9,28,Made Shot,Hook Shot,2PT Field Goal,In The Paint (Non-RA),Center(C),Less Than 8 ft.,4.0,43.0,-3.0,1,1,20120324,MIL,IND
Shot Chart Detail,0021100717,26,2400,Drew Gooden,1610612749,Milwaukee Bucks,1,8,0,Missed Shot,Layup Shot,2PT Field Goal,Restricted Area,Center(C),Less Than 8 ft.,0.0,-5.0,6.0,1,0,20120324,MIL,IND
Shot Chart Detail,0021100717,27,2400,Drew Gooden,1610612749,Milwaukee Bucks,1,7,59,Made Shot,Tip Shot,2PT Field Goal,Restricted Area,Center(C),Less Than 8 ft.,0.0,0.0,1.0,1,1,20120324,MIL,IND
Shot Chart Detail,0021100717,52,2400,Drew Gooden,1610612749,Milwaukee Bucks,1,5,9,Missed Shot,Jump Shot,2PT Field Goal,In The Paint (Non-RA),Center(C),Less Than 8 ft.,4.0,-43.0,7.0,1,0,20120324,MIL,IND
Shot Chart Detail,0021100717,189,2400,Drew Gooden,1610612749,Milwaukee Bucks,2,3,25,Missed Shot,Jump Shot,2PT Field Goal,Mid-Range,Center(C),16-24 ft.,20.0,-2.0,203.0,1,0,20120324,MIL,IND
Shot Chart Detail,0021100717,199,2400,Drew Gooden,1610612749,Milwaukee Bucks,2,1,48,Missed Shot,Layup Shot,2PT Field Goal,Restricted Area,Center(C),Less Than 8 ft.,1.0,1.0,15.0,1,0,20120324,MIL,IND
Shot Chart Detail,0021100717,205,2400,Drew Gooden,1610612749,Milwaukee Bucks,2,1,39,Missed Shot,Jump Shot,2PT Field Goal,Mid-Range,Right Side(R),8-16 ft.,14.0,147.0,4.0,1,0,20120324,MIL,IND
Shot Chart Detail,0021100717,259,2400,Drew Gooden,1610612749,Milwaukee Bucks,3,9,34,Missed Shot,Jump Shot,2PT Field Goal,In The Paint (Non-RA),Center(C),Less Than 8 ft.,4.0,-34.0,36.0,1,0,20120324,MIL,IND
Shot Chart Detail,0021100717,260,2400,Drew Gooden,1610612749,Milwaukee Bucks,3,9,32,Made Shot,Tip Shot,2PT Field Goal,Restricted Area,Center(C),Less Than 8 ft.,0.0,7.0,0.0,1,1,20120324,MIL,IND
Shot Chart Detail,0021100732,69,2400,Drew Gooden,1610612749,Milwaukee Bucks,1,10,16,Missed Shot,Tip Shot,2PT Field Goal,Restricted Area,Center(C),Less Than 8 ft.,1.0,1.0,12.0,1,0,20120326,NYK,MIL
Shot Chart Detail,0021100732,25,2400,Drew Gooden,1610612749,Milwaukee Bucks,1,9,5,Missed Shot,Jump Shot,2PT Field Goal,Mid-Range,Left Side(L),16-24 ft.,18.0,-180.0,-40.0,1,0,20120326,NYK,MIL
Shot Chart Detail,0021100732,37,2400,Drew Gooden,1610612749,Milwaukee Bucks,1,7,39,Missed Shot,Jump Shot,2PT Field Goal,Mid-Range,Left Side Center(LC),16-24 ft.,19.0,-155.0,116.0,1,0,20120326,NYK,MIL
Shot Chart Detail,0021100732,270,2400,Drew Gooden,1610612749,Milwaukee Bucks,3,11,45,Missed Shot,Jump Shot,2PT Field Goal,In The Paint (Non-RA),Center(C),Less Than 8 ft.,7.0,47.0,60.0,1,0,20120326,NYK,MIL
Shot Chart Detail,0021100732,301,2400,Drew Gooden,1610612749,Milwaukee Bucks,3,9,2,Missed Shot,Jump Shot,3PT Field Goal,Right Corner 3,Right Side(R),24+ ft.,23.0,239.0,-11.0,1,0,20120326,NYK,MIL
Shot Chart Detail,0021100732,311,2400,Drew Gooden,1610612749,Milwaukee Bucks,3,8,21,Made Shot,Dunk Shot,2PT Field Goal,Restricted Area,Center(C),Less Than 8 ft.,1.0,0.0,17.0,1,1,20120326,NYK,MIL
Shot Chart Detail,0021100732,503,2400,Drew Gooden,1610612749,Milwaukee Bucks,4,4,52,Missed Shot,Putback Layup Shot,2PT Field Goal,Restricted Area,Center(C),Less Than 8 ft.,1.0,3.0,16.0,1,0,20120326,NYK,MIL
Shot Chart Detail,0021100732,506,2400,Drew Gooden,1610612749,Milwaukee Bucks,4,4,17,Missed Shot,Jump Shot,2PT Field Goal,Mid-Range,Left Side(L),16-24 ft.,17.0,-166.0,41.0,1,0,20120326,NYK,MIL
Shot Chart Detail,0021100732,526,2400,Drew Gooden,1610612749,Milwaukee Bucks,4,2,30,Made Shot,Jump Shot,2PT Field Goal,Mid-Range,Left Side(L),8-16 ft.,14.0,-105.0,93.0,1,1,20120326,NYK,MIL
Shot Chart Detail,0021100737,12,2400,Drew Gooden,1610612749,Milwaukee Bucks,1,10,25,Missed Shot,Jump Shot,2PT Field Goal,In The Paint (Non-RA),Center(C),Less Than 8 ft.,6.0,-29.0,61.0,1,0,20120327,MIL,ATL
Shot Chart Detail,0021100737,17,2400,Drew Gooden,1610612749,Milwaukee Bucks,1,9,51,Made Shot,Jump Shot,2PT Field Goal,Mid-Range,Center(C),16-24 ft.,17.0,-19.0,176.0,1,1,20120327,MIL,ATL
Shot Chart Detail,0021100737,24,2400,Drew Gooden,1610612749,Milwaukee Bucks,1,9,1,Missed Shot,Jump Shot,2PT Field Goal,Mid-Range,Right Side Center(RC),16-24 ft.,20.0,69.0,195.0,1,0,20120327,MIL,ATL
Shot Chart Detail,0021100737,31,2400,Drew Gooden,1610612749,Milwaukee Bucks,1,8,2,Missed Shot,Jump Shot,2PT Field Goal,In The Paint (Non-RA),Center(C),Less Than 8 ft.,4.0,45.0,19.0,1,0,20120327,MIL,ATL
Shot Chart Detail,0021100737,41,2400,Drew Gooden,1610612749,Milwaukee Bucks,1,6,50,Missed Shot,Jump Shot,2PT Field Goal,Mid-Range,Left Side(L),8-16 ft.,15.0,-150.0,-10.0,1,0,20120327,MIL,ATL
Shot Chart Detail,0021100737,59,2400,Drew Gooden,1610612749,Milwaukee Bucks,1,5,8,Missed Shot,Jump Shot,2PT Field Goal,Mid-Range,Left Side Center(LC),16-24 ft.,16.0,-128.0,110.0,1,0,20120327,MIL,ATL
Shot Chart Detail,0021100737,70,2400,Drew Gooden,1610612749,Milwaukee Bucks,1,3,58,Missed Shot,Tip Shot,2PT Field Goal,Restricted Area,Center(C),Less Than 8 ft.,1.0,10.0,9.0,1,0,20120327,MIL,ATL
Shot Chart Detail,0021100737,191,2400,Drew Gooden,1610612749,Milwaukee Bucks,2,6,14,Made Shot,Jump Shot,2PT Field Goal,Mid-Range,Left Side(L),16-24 ft.,17.0,-155.0,86.0,1,1,20120327,MIL,ATL
Shot Chart Detail,0021100737,193,2400,Drew Gooden,1610612749,Milwaukee Bucks,2,5,37,Made Shot,Jump Shot,2PT Field Goal,Mid-Range,Right Side Center(RC),16-24 ft.,17.0,97.0,148.0,1,1,20120327,MIL,ATL
Shot Chart Detail,0021100737,203,2400,Drew Gooden,1610612749,Milwaukee Bucks,2,4,20,Missed Shot,Jump Shot,2PT Field Goal,Mid-Range,Left Side Center(LC),16-24 ft.,18.0,-64.0,170.0,1,0,20120327,MIL,ATL
Shot Chart Detail,0021100737,241,2400,Drew Gooden,1610612749,Milwaukee Bucks,2,1,28,Made Shot,Jump Shot,2PT Field Goal,Mid-Range,Left Side(L),8-16 ft.,15.0,-155.0,-13.0,1,1,20120327,MIL,ATL
Shot Chart Detail,0021100737,243,2400,Drew Gooden,1610612749,Milwaukee Bucks,2,0,46,Missed Shot,Jump Shot,2PT Field Goal,Mid-Range,Right Side Center(RC),16-24 ft.,17.0,78.0,160.0,1,0,20120327,MIL,ATL
Shot Chart Detail,0021100737,282,2400,Drew Gooden,1610612749,Milwaukee Bucks,3,6,59,Made Shot,Jump Shot,2PT Field Goal,Mid-Range,Right Side(R),16-24 ft.,17.0,174.0,0.0,1,1,20120327,MIL,ATL
Shot Chart Detail,0021100737,298,2400,Drew Gooden,1610612749,Milwaukee Bucks,3,5,16,Missed Shot,Jump Shot,2PT Field Goal,Mid-Range,Center(C),16-24 ft.,18.0,0.0,183.0,1,0,20120327,MIL,ATL
Shot Chart Detail,0021100737,351,2400,Drew Gooden,1610612749,Milwaukee Bucks,3,1,34,Missed Shot,Layup Shot,2PT Field Goal,Restricted Area,Center(C),Less Than 8 ft.,2.0,1.0,20.0,1,0,20120327,MIL,ATL
Shot Chart Detail,0021100737,354,2400,Drew Gooden,1610612749,Milwaukee Bucks,3,1,9,Missed Shot,Jump Shot,2PT Field Goal,Mid-Range,Center(C),16-24 ft.,18.0,0.0,184.0,1,0,20120327,MIL,ATL
Shot Chart Detail,0021100761,20,2400,Drew Gooden,1610612749,Milwaukee Bucks,1,9,4,Missed Shot,Jump Shot,2PT Field Goal,Mid-Range,Right Side Center(RC),16-24 ft.,18.0,113.0,145.0,1,0,20120330,CLE,MIL
Shot Chart Detail,0021100761,36,2400,Drew Gooden,1610612749,Milwaukee Bucks,1,6,59,Made Shot,Jump Shot,2PT Field Goal,Mid-Range,Left Side Center(LC),16-24 ft.,17.0,-134.0,105.0,1,1,20120330,CLE,MIL
Shot Chart Detail,0021100761,67,2400,Drew Gooden,1610612749,Milwaukee Bucks,1,3,22,Missed Shot,Jump Shot,2PT Field Goal,In The Paint (Non-RA),Center(C),8-16 ft.,14.0,-54.0,134.0,1,0,20120330,CLE,MIL
Shot Chart Detail,0021100761,218,2400,Drew Gooden,1610612749,Milwaukee Bucks,2,3,6,Missed Shot,Jump Shot,2PT Field Goal,Mid-Range,Right Side(R),8-16 ft.,14.0,144.0,-27.0,1,0,20120330,CLE,MIL
Shot Chart Detail,0021100761,246,2400,Drew Gooden,1610612749,Milwaukee Bucks,2,0,58,Missed Shot,Jump Bank Shot,2PT Field Goal,In The Paint (Non-RA),Left Side(L),8-16 ft.,8.0,-76.0,30.0,1,0,20120330,CLE,MIL
Shot Chart Detail,0021100761,260,2400,Drew Gooden,1610612749,Milwaukee Bucks,3,11,22,Made Shot,Jump Shot,2PT Field Goal,Mid-Range,Left Side(L),16-24 ft.,20.0,-202.0,19.0,1,1,20120330,CLE,MIL
Shot Chart Detail,0021100761,268,2400,Drew Gooden,1610612749,Milwaukee Bucks,3,10,38,Missed Shot,Layup Shot,2PT Field Goal,Restricted Area,Center(C),Less Than 8 ft.,1.0,10.0,-2.0,1,0,20120330,CLE,MIL
Shot Chart Detail,0021100761,269,2400,Drew Gooden,1610612749,Milwaukee Bucks,3,10,36,Made Shot,Tip Shot,2PT Field Goal,Restricted Area,Center(C),Less Than 8 ft.,0.0,0.0,-5.0,1,1,20120330,CLE,MIL
Shot Chart Detail,0021100761,306,2400,Drew Gooden,1610612749,Milwaukee Bucks,3,6,27,Missed Shot,Jump Shot,2PT Field Goal,In The Paint (Non-RA),Center(C),Less Than 8 ft.,7.0,-71.0,25.0,1,0,20120330,CLE,MIL
Shot Chart Detail,0021100761,307,2400,Drew Gooden,1610612749,Milwaukee Bucks,3,6,26,Missed Shot,Tip Shot,2PT Field Goal,Restricted Area,Center(C),Less Than 8 ft.,0.0,1.0,3.0,1,0,20120330,CLE,MIL
Shot Chart Detail,0021100761,309,2400,Drew Gooden,1610612749,Milwaukee Bucks,3,6,23,Made Shot,Tip Shot,2PT Field Goal,Restricted Area,Center(C),Less Than 8 ft.,0.0,1.0,0.0,1,1,20120330,CLE,MIL
Shot Chart Detail,0021100773,11,2400,Drew Gooden,1610612749,Milwaukee Bucks,1,10,24,Missed Shot,Hook Shot,2PT Field Goal,In The Paint (Non-RA),Center(C),Less Than 8 ft.,5.0,32.0,42.0,1,0,20120331,MIL,MEM
Shot Chart Detail,0021100773,24,2400,Drew Gooden,1610612749,Milwaukee Bucks,1,8,19,Made Shot,Jump Shot,2PT Field Goal,Mid-Range,Center(C),16-24 ft.,19.0,18.0,194.0,1,1,20120331,MIL,MEM
Shot Chart Detail,0021100773,32,2400,Drew Gooden,1610612749,Milwaukee Bucks,1,6,48,Made Shot,Layup Shot,2PT Field Goal,Restricted Area,Center(C),Less Than 8 ft.,1.0,13.0,1.0,1,1,20120331,MIL,MEM
Shot Chart Detail,0021100773,42,2400,Drew Gooden,1610612749,Milwaukee Bucks,1,5,48,Made Shot,Layup Shot,2PT Field Goal,Restricted Area,Center(C),Less Than 8 ft.,0.0,0.0,3.0,1,1,20120331,MIL,MEM
Shot Chart Detail,0021100773,172,2400,Drew Gooden,1610612749,Milwaukee Bucks,2,5,31,Made Shot,Jump Shot,2PT Field Goal,Mid-Range,Left Side(L),16-24 ft.,21.0,-190.0,110.0,1,1,20120331,MIL,MEM
Shot Chart Detail,0021100773,176,2400,Drew Gooden,1610612749,Milwaukee Bucks,2,4,58,Missed Shot,Jump Shot,2PT Field Goal,Mid-Range,Left Side Center(LC),16-24 ft.,19.0,-90.0,168.0,1,0,20120331,MIL,MEM
Shot Chart Detail,0021100773,187,2400,Drew Gooden,1610612749,Milwaukee Bucks,2,4,22,Made Shot,Layup Shot,2PT Field Goal,Restricted Area,Center(C),Less Than 8 ft.,0.0,0.0,1.0,1,1,20120331,MIL,MEM
Shot Chart Detail,0021100773,196,2400,Drew Gooden,1610612749,Milwaukee Bucks,2,3,45,Missed Shot,Jump Shot,3PT Field Goal,Right Corner 3,Right Side(R),24+ ft.,24.0,241.0,-6.0,1,0,20120331,MIL,MEM
Shot Chart Detail,0021100773,231,2400,Drew Gooden,1610612749,Milwaukee Bucks,2,1,24,Made Shot,Layup Shot,2PT Field Goal,Restricted Area,Center(C),Less Than 8 ft.,0.0,1.0,9.0,1,1,20120331,MIL,MEM
Shot Chart Detail,0021100773,242,2400,Drew Gooden,1610612749,Milwaukee Bucks,2,0,33,Missed Shot,Jump Shot,2PT Field Goal,Mid-Range,Left Side Center(LC),16-24 ft.,19.0,-152.0,116.0,1,0,20120331,MIL,MEM
Shot Chart Detail,0021100773,255,2400,Drew Gooden,1610612749,Milwaukee Bucks,3,11,1,Missed Shot,Layup Shot,2PT Field Goal,Restricted Area,Center(C),Less Than 8 ft.,0.0,2.0,0.0,1,0,20120331,MIL,MEM
Shot Chart Detail,0021100773,275,2400,Drew Gooden,1610612749,Milwaukee Bucks,3,9,57,Missed Shot,Jump Shot,2PT Field Goal,Mid-Range,Left Side(L),16-24 ft.,17.0,-158.0,63.0,1,0,20120331,MIL,MEM
Shot Chart Detail,0021100773,289,2400,Drew Gooden,1610612749,Milwaukee Bucks,3,8,55,Made Shot,Layup Shot,2PT Field Goal,Restricted Area,Center(C),Less Than 8 ft.,1.0,9.0,-5.0,1,1,20120331,MIL,MEM
Shot Chart Detail,0021100773,318,2400,Drew Gooden,1610612749,Milwaukee Bucks,3,5,47,Missed Shot,Jump Shot,2PT Field Goal,Mid-Range,Center(C),16-24 ft.,18.0,28.0,181.0,1,0,20120331,MIL,MEM
Shot Chart Detail,0021100773,412,2400,Drew Gooden,1610612749,Milwaukee Bucks,4,11,7,Made Shot,Running Hook Shot,2PT Field Goal,In The Paint (Non-RA),Center(C),Less Than 8 ft.,5.0,45.0,30.0,1,1,20120331,MIL,MEM
Shot Chart Detail,0021100773,470,2400,Drew Gooden,1610612749,Milwaukee Bucks,4,4,37,Made Shot,Jump Shot,2PT Field Goal,Mid-Range,Left Side(L),16-24 ft.,16.0,-168.0,0.0,1,1,20120331,MIL,MEM
Shot Chart Detail,0021100785,24,2400,Drew Gooden,1610612749,Milwaukee Bucks,1,9,19,Missed Shot,Jump Shot,2PT Field Goal,Mid-Range,Right Side Center(RC),16-24 ft.,19.0,160.0,118.0,1,0,20120402,WAS,MIL
Shot Chart Detail,0021100785,49,2400,Drew Gooden,1610612749,Milwaukee Bucks,1,7,24,Made Shot,Layup Shot,2PT Field Goal,Restricted Area,Center(C),Less Than 8 ft.,0.0,0.0,-3.0,1,1,20120402,WAS,MIL
Shot Chart Detail,0021100785,84,2400,Drew Gooden,1610612749,Milwaukee Bucks,1,4,11,Made Shot,Jump Shot,2PT Field Goal,Mid-Range,Left Side(L),16-24 ft.,18.0,-177.0,47.0,1,1,20120402,WAS,MIL
Shot Chart Detail,0021100785,93,2400,Drew Gooden,1610612749,Milwaukee Bucks,1,3,24,Missed Shot,Jump Shot,2PT Field Goal,Mid-Range,Left Side(L),8-16 ft.,13.0,-134.0,-32.0,1,0,20120402,WAS,MIL
Shot Chart Detail,0021100785,106,2400,Drew Gooden,1610612749,Milwaukee Bucks,1,2,1,Made Shot,Layup Shot,2PT Field Goal,Restricted Area,Center(C),Less Than 8 ft.,1.0,0.0,-10.0,1,1,20120402,WAS,MIL
Shot Chart Detail,0021100785,299,2400,Drew Gooden,1610612749,Milwaukee Bucks,3,10,5,Made Shot,Jump Shot,2PT Field Goal,Mid-Range,Right Side Center(RC),16-24 ft.,20.0,143.0,151.0,1,1,20120402,WAS,MIL
Shot Chart Detail,0021100831,8,2400,Drew Gooden,1610612749,Milwaukee Bucks,1,10,26,Missed Shot,Jump Shot,2PT Field Goal,Mid-Range,Left Side Center(LC),16-24 ft.,17.0,-123.0,131.0,1,0,20120407,MIL,POR
Shot Chart Detail,0021100831,14,2400,Drew Gooden,1610612749,Milwaukee Bucks,1,9,21,Made Shot,Hook Shot,2PT Field Goal,In The Paint (Non-RA),Center(C),Less Than 8 ft.,7.0,72.0,-8.0,1,1,20120407,MIL,POR
Shot Chart Detail,0021100831,36,2400,Drew Gooden,1610612749,Milwaukee Bucks,1,6,23,Missed Shot,Jump Shot,2PT Field Goal,Mid-Range,Left Side(L),8-16 ft.,14.0,-134.0,44.0,1,0,20120407,MIL,POR
Shot Chart Detail,0021100831,116,2400,Drew Gooden,1610612749,Milwaukee Bucks,2,10,12,Made Shot,Dunk Shot,2PT Field Goal,Restricted Area,Center(C),Less Than 8 ft.,0.0,6.0,7.0,1,1,20120407,MIL,POR
Shot Chart Detail,0021100831,138,2400,Drew Gooden,1610612749,Milwaukee Bucks,2,8,5,Missed Shot,Jump Shot,2PT Field Goal,Mid-Range,Left Side(L),16-24 ft.,19.0,-158.0,113.0,1,0,20120407,MIL,POR
Shot Chart Detail,0021100831,146,2400,Drew Gooden,1610612749,Milwaukee Bucks,2,7,25,Missed Shot,Layup Shot,2PT Field Goal,Restricted Area,Center(C),Less Than 8 ft.,1.0,9.0,17.0,1,0,20120407,MIL,POR
Shot Chart Detail,0021100831,151,2400,Drew Gooden,1610612749,Milwaukee Bucks,2,6,54,Missed Shot,Tip Shot,2PT Field Goal,Restricted Area,Center(C),Less Than 8 ft.,1.0,15.0,4.0,1,0,20120407,MIL,POR
Shot Chart Detail,0021100831,153,2400,Drew Gooden,1610612749,Milwaukee Bucks,2,6,52,Missed Shot,Tip Shot,2PT Field Goal,Restricted Area,Center(C),Less Than 8 ft.,0.0,2.0,3.0,1,0,20120407,MIL,POR
Shot Chart Detail,0021100831,285,2400,Drew Gooden,1610612749,Milwaukee Bucks,3,7,28,Made Shot,Layup Shot,2PT Field Goal,Restricted Area,Center(C),Less Than 8 ft.,1.0,10.0,0.0,1,1,20120407,MIL,POR
Shot Chart Detail,0021100845,7,2400,Drew Gooden,1610612749,Milwaukee Bucks,1,11,17,Made Shot,Jump Shot,2PT Field Goal,Mid-Range,Left Side Center(LC),16-24 ft.,16.0,-114.0,126.0,1,1,20120409,MIL,OKC
Shot Chart Detail,0021100845,24,2400,Drew Gooden,1610612749,Milwaukee Bucks,1,9,1,Made Shot,Jump Shot,2PT Field Goal,Mid-Range,Center(C),16-24 ft.,19.0,0.0,192.0,1,1,20120409,MIL,OKC
Shot Chart Detail,0021100845,36,2400,Drew Gooden,1610612749,Milwaukee Bucks,1,8,3,Missed Shot,Jump Shot,2PT Field Goal,Mid-Range,Center(C),16-24 ft.,18.0,1.0,183.0,1,0,20120409,MIL,OKC
Shot Chart Detail,0021100845,223,2400,Drew Gooden,1610612749,Milwaukee Bucks,2,4,19,Made Shot,Layup Shot,2PT Field Goal,Restricted Area,Center(C),Less Than 8 ft.,1.0,2.0,11.0,1,1,20120409,MIL,OKC
Shot Chart Detail,0021100845,229,2400,Drew Gooden,1610612749,Milwaukee Bucks,2,3,19,Made Shot,Fadeaway Jump Shot,2PT Field Goal,In The Paint (Non-RA),Center(C),8-16 ft.,10.0,4.0,101.0,1,1,20120409,MIL,OKC
Shot Chart Detail,0021100845,244,2400,Drew Gooden,1610612749,Milwaukee Bucks,2,1,54,Made Shot,Jump Shot,3PT Field Goal,Above the Break 3,Center(C),24+ ft.,26.0,0.0,261.0,1,1,20120409,MIL,OKC
Shot Chart Detail,0021100845,265,2400,Drew Gooden,1610612749,Milwaukee Bucks,3,11,37,Made Shot,Layup Shot,2PT Field Goal,Restricted Area,Center(C),Less Than 8 ft.,0.0,-6.0,1.0,1,1,20120409,MIL,OKC
Shot Chart Detail,0021100845,302,2400,Drew Gooden,1610612749,Milwaukee Bucks,3,6,13,Missed Shot,Jump Shot,2PT Field Goal,Mid-Range,Right Side(R),8-16 ft.,13.0,136.0,28.0,1,0,20120409,MIL,OKC
Shot Chart Detail,0021100845,305,2400,Drew Gooden,1610612749,Milwaukee Bucks,3,5,56,Missed Shot,Layup Shot,2PT Field Goal,Restricted Area,Center(C),Less Than 8 ft.,0.0,-7.0,1.0,1,0,20120409,MIL,OKC
Shot Chart Detail,0021100845,311,2400,Drew Gooden,1610612749,Milwaukee Bucks,3,4,36,Missed Shot,Jump Shot,2PT Field Goal,Mid-Range,Left Side(L),16-24 ft.,16.0,-161.0,12.0,1,0,20120409,MIL,OKC
Shot Chart Detail,0021100861,21,2400,Drew Gooden,1610612749,Milwaukee Bucks,1,8,54,Missed Shot,Jump Shot,2PT Field Goal,Mid-Range,Left Side(L),16-24 ft.,17.0,-153.0,86.0,1,0,20120411,MIL,NYK
Shot Chart Detail,0021100880,31,2400,Drew Gooden,1610612749,Milwaukee Bucks,1,8,5,Made Shot,Layup Shot,2PT Field Goal,Restricted Area,Center(C),Less Than 8 ft.,0.0,6.0,-2.0,1,1,20120413,DET,MIL
Shot Chart Detail,0021100880,34,2400,Drew Gooden,1610612749,Milwaukee Bucks,1,7,39,Missed Shot,Dunk Shot,2PT Field Goal,Restricted Area,Center(C),Less Than 8 ft.,0.0,1.0,0.0,1,0,20120413,DET,MIL
Shot Chart Detail,0021100880,55,2400,Drew Gooden,1610612749,Milwaukee Bucks,1,5,28,Made Shot,Jump Shot,2PT Field Goal,Mid-Range,Center(C),16-24 ft.,17.0,0.0,173.0,1,1,20120413,DET,MIL
Shot Chart Detail,0021100880,60,2400,Drew Gooden,1610612749,Milwaukee Bucks,1,4,21,Made Shot,Layup Shot,2PT Field Goal,Restricted Area,Center(C),Less Than 8 ft.,0.0,2.0,3.0,1,1,20120413,DET,MIL
Shot Chart Detail,0021100880,160,2400,Drew Gooden,1610612749,Milwaukee Bucks,2,6,45,Made Shot,Jump Shot,2PT Field Goal,Mid-Range,Left Side(L),16-24 ft.,19.0,-191.0,33.0,1,1,20120413,DET,MIL
Shot Chart Detail,0021100880,179,2400,Drew Gooden,1610612749,Milwaukee Bucks,2,4,14,Made Shot,Jump Shot,2PT Field Goal,Mid-Range,Left Side(L),16-24 ft.,19.0,-188.0,39.0,1,1,20120413,DET,MIL
Shot Chart Detail,0021100880,197,2400,Drew Gooden,1610612749,Milwaukee Bucks,2,2,30,Made Shot,Jump Shot,2PT Field Goal,Mid-Range,Right Side(R),16-24 ft.,16.0,154.0,60.0,1,1,20120413,DET,MIL
Shot Chart Detail,0021100880,213,2400,Drew Gooden,1610612749,Milwaukee Bucks,2,0,53,Missed Shot,Jump Shot,3PT Field Goal,Above the Break 3,Left Side Center(LC),24+ ft.,26.0,-87.0,246.0,1,0,20120413,DET,MIL
Shot Chart Detail,0021100880,246,2400,Drew Gooden,1610612749,Milwaukee Bucks,3,9,56,Made Shot,Jump Bank Shot,2PT Field Goal,In The Paint (Non-RA),Center(C),Less Than 8 ft.,5.0,47.0,20.0,1,1,20120413,DET,MIL
Shot Chart Detail,0021100880,249,2400,Drew Gooden,1610612749,Milwaukee Bucks,3,9,29,Made Shot,Jump Shot,2PT Field Goal,Mid-Range,Center(C),16-24 ft.,21.0,61.0,205.0,1,1,20120413,DET,MIL
Shot Chart Detail,0021100880,254,2400,Drew Gooden,1610612749,Milwaukee Bucks,3,8,44,Missed Shot,Fadeaway Jump Shot,2PT Field Goal,Mid-Range,Right Side(R),16-24 ft.,18.0,166.0,77.0,1,0,20120413,DET,MIL
Shot Chart Detail,0021100880,273,2400,Drew Gooden,1610612749,Milwaukee Bucks,3,5,55,Made Shot,Jump Shot,2PT Field Goal,Mid-Range,Right Side Center(RC),16-24 ft.,20.0,163.0,124.0,1,1,20120413,DET,MIL
Shot Chart Detail,0021100880,285,2400,Drew Gooden,1610612749,Milwaukee Bucks,3,4,39,Made Shot,Jump Shot,2PT Field Goal,Mid-Range,Left Side(L),16-24 ft.,18.0,-180.0,60.0,1,1,20120413,DET,MIL
Shot Chart Detail,0021100880,324,2400,Drew Gooden,1610612749,Milwaukee Bucks,3,0,57,Made Shot,Jump Shot,2PT Field Goal,Mid-Range,Right Side Center(RC),16-24 ft.,21.0,92.0,189.0,1,1,20120413,DET,MIL
Shot Chart Detail,0021100880,407,2400,Drew Gooden,1610612749,Milwaukee Bucks,4,6,57,Missed Shot,Jump Shot,2PT Field Goal,Mid-Range,Right Side(R),16-24 ft.,16.0,154.0,53.0,1,0,20120413,DET,MIL
Shot Chart Detail,0021100880,415,2400,Drew Gooden,1610612749,Milwaukee Bucks,4,5,59,Missed Shot,Jump Shot,2PT Field Goal,Mid-Range,Center(C),16-24 ft.,21.0,34.0,214.0,1,0,20120413,DET,MIL
Shot Chart Detail,0021100880,419,2400,Drew Gooden,1610612749,Milwaukee Bucks,4,5,36,Made Shot,Jump Shot,2PT Field Goal,Mid-Range,Right Side Center(RC),16-24 ft.,21.0,146.0,151.0,1,1,20120413,DET,MIL
Shot Chart Detail,0021100880,429,2400,Drew Gooden,1610612749,Milwaukee Bucks,4,5,4,Missed Shot,Jump Shot,2PT Field Goal,Mid-Range,Right Side(R),16-24 ft.,21.0,179.0,121.0,1,0,20120413,DET,MIL
Shot Chart Detail,0021100891,5,2400,Drew Gooden,1610612749,Milwaukee Bucks,1,11,1,Missed Shot,Jump Shot,2PT Field Goal,Mid-Range,Right Side(R),8-16 ft.,14.0,143.0,-11.0,1,0,20120414,MIL,IND
Shot Chart Detail,0021100891,10,2400,Drew Gooden,1610612749,Milwaukee Bucks,1,9,56,Made Shot,Jump Shot,2PT Field Goal,Mid-Range,Right Side(R),16-24 ft.,16.0,159.0,-22.0,1,1,20120414,MIL,IND
Shot Chart Detail,0021100891,19,2400,Drew Gooden,1610612749,Milwaukee Bucks,1,8,17,Missed Shot,Jump Shot,2PT Field Goal,Mid-Range,Right Side Center(RC),16-24 ft.,17.0,59.0,167.0,1,0,20120414,MIL,IND
Shot Chart Detail,0021100891,183,2400,Drew Gooden,1610612749,Milwaukee Bucks,2,6,29,Missed Shot,Jump Shot,2PT Field Goal,Mid-Range,Right Side(R),16-24 ft.,16.0,166.0,12.0,1,0,20120414,MIL,IND
Shot Chart Detail,0021100891,233,2400,Drew Gooden,1610612749,Milwaukee Bucks,2,3,15,Missed Shot,Jump Shot,2PT Field Goal,Mid-Range,Left Side(L),16-24 ft.,17.0,-147.0,97.0,1,0,20120414,MIL,IND
Shot Chart Detail,0021100891,237,2400,Drew Gooden,1610612749,Milwaukee Bucks,2,2,53,Missed Shot,Jump Shot,2PT Field Goal,Mid-Range,Right Side Center(RC),16-24 ft.,17.0,133.0,116.0,1,0,20120414,MIL,IND
Shot Chart Detail,0021100891,294,2400,Drew Gooden,1610612749,Milwaukee Bucks,3,10,9,Missed Shot,Tip Shot,2PT Field Goal,Restricted Area,Center(C),Less Than 8 ft.,1.0,2.0,17.0,1,0,20120414,MIL,IND
Shot Chart Detail,0021100891,299,2400,Drew Gooden,1610612749,Milwaukee Bucks,3,9,36,Missed Shot,Jump Shot,2PT Field Goal,Mid-Range,Left Side(L),8-16 ft.,15.0,-101.0,123.0,1,0,20120414,MIL,IND
Shot Chart Detail,0021100891,327,2400,Drew Gooden,1610612749,Milwaukee Bucks,3,6,43,Missed Shot,Jump Shot,2PT Field Goal,Mid-Range,Right Side(R),8-16 ft.,15.0,86.0,123.0,1,0,20120414,MIL,IND
Shot Chart Detail,0021100891,334,2400,Drew Gooden,1610612749,Milwaukee Bucks,3,5,45,Made Shot,Layup Shot,2PT Field Goal,Restricted Area,Center(C),Less Than 8 ft.,0.0,0.0,7.0,1,1,20120414,MIL,IND
Shot Chart Detail,0021100918,4,2400,Drew Gooden,1610612749,Milwaukee Bucks,1,11,38,Made Shot,Hook Shot,2PT Field Goal,In The Paint (Non-RA),Center(C),Less Than 8 ft.,5.0,51.0,25.0,1,1,20120418,WAS,MIL
Shot Chart Detail,0021100918,12,2400,Drew Gooden,1610612749,Milwaukee Bucks,1,10,27,Missed Shot,Layup Shot,2PT Field Goal,Restricted Area,Center(C),Less Than 8 ft.,0.0,1.0,1.0,1,0,20120418,WAS,MIL
Shot Chart Detail,0021100918,28,2400,Drew Gooden,1610612749,Milwaukee Bucks,1,8,5,Missed Shot,Jump Shot,2PT Field Goal,Mid-Range,Left Side(L),8-16 ft.,8.0,-81.0,0.0,1,0,20120418,WAS,MIL
Shot Chart Detail,0021100918,37,2400,Drew Gooden,1610612749,Milwaukee Bucks,1,7,20,Made Shot,Jump Shot,2PT Field Goal,Mid-Range,Left Side Center(LC),16-24 ft.,18.0,-147.0,107.0,1,1,20120418,WAS,MIL
Shot Chart Detail,0021100918,43,2400,Drew Gooden,1610612749,Milwaukee Bucks,1,6,30,Missed Shot,Jump Shot,2PT Field Goal,Mid-Range,Right Side Center(RC),16-24 ft.,19.0,97.0,170.0,1,0,20120418,WAS,MIL
Shot Chart Detail,0021100918,71,2400,Drew Gooden,1610612749,Milwaukee Bucks,1,4,24,Missed Shot,Jump Shot,2PT Field Goal,Mid-Range,Left Side(L),16-24 ft.,16.0,-169.0,3.0,1,0,20120418,WAS,MIL
Shot Chart Detail,0021100918,173,2400,Drew Gooden,1610612749,Milwaukee Bucks,2,8,6,Made Shot,Layup Shot,2PT Field Goal,Restricted Area,Center(C),Less Than 8 ft.,0.0,-5.0,7.0,1,1,20120418,WAS,MIL
Shot Chart Detail,0021100918,302,2400,Drew Gooden,1610612749,Milwaukee Bucks,3,10,15,Missed Shot,Jump Shot,2PT Field Goal,Mid-Range,Right Side Center(RC),16-24 ft.,20.0,125.0,164.0,1,0,20120418,WAS,MIL
Shot Chart Detail,0021100918,305,2400,Drew Gooden,1610612749,Milwaukee Bucks,3,9,46,Made Shot,Running Layup Shot,2PT Field Goal,Restricted Area,Center(C),Less Than 8 ft.,0.0,-2.0,-2.0,1,1,20120418,WAS,MIL
Shot Chart Detail,0021100918,316,2400,Drew Gooden,1610612749,Milwaukee Bucks,3,7,43,Missed Shot,Jump Shot,2PT Field Goal,In The Paint (Non-RA),Center(C),Less Than 8 ft.,7.0,73.0,-19.0,1,0,20120418,WAS,MIL
Shot Chart Detail,0021100918,420,2400,Drew Gooden,1610612749,Milwaukee Bucks,4,7,58,Missed Shot,Jump Shot,2PT Field Goal,Mid-Range,Right Side(R),8-16 ft.,15.0,127.0,89.0,1,0,20120418,WAS,MIL
Shot Chart Detail,0021100918,473,2400,Drew Gooden,1610612749,Milwaukee Bucks,4,4,25,Made Shot,Jump Shot,2PT Field Goal,Mid-Range,Left Side(L),16-24 ft.,19.0,-193.0,41.0,1,1,20120418,WAS,MIL
Shot Chart Detail,0021100918,487,2400,Drew Gooden,1610612749,Milwaukee Bucks,4,3,14,Made Shot,Jump Shot,2PT Field Goal,Mid-Range,Right Side Center(RC),16-24 ft.,17.0,100.0,146.0,1,1,20120418,WAS,MIL
Shot Chart Detail,0021100918,489,2400,Drew Gooden,1610612749,Milwaukee Bucks,4,2,32,Missed Shot,Jump Shot,2PT Field Goal,Mid-Range,Right Side(R),8-16 ft.,12.0,118.0,-40.0,1,0,20120418,WAS,MIL
Shot Chart Detail,0021100918,491,2400,Drew Gooden,1610612749,Milwaukee Bucks,4,2,29,Made Shot,Layup Shot,2PT Field Goal,Restricted Area,Center(C),Less Than 8 ft.,1.0,-13.0,-10.0,1,1,20120418,WAS,MIL
Shot Chart Detail,0021100918,515,2400,Drew Gooden,1610612749,Milwaukee Bucks,4,0,39,Missed Shot,Layup Shot,2PT Field Goal,Restricted Area,Center(C),Less Than 8 ft.,1.0,-4.0,-11.0,1,0,20120418,WAS,MIL
Shot Chart Detail,0021100932,2,2400,Drew Gooden,1610612749,Milwaukee Bucks,1,11,40,Missed Shot,Jump Shot,2PT Field Goal,Mid-Range,Right Side(R),8-16 ft.,8.0,84.0,7.0,1,0,20120419,IND,MIL
Shot Chart Detail,0021100932,13,2400,Drew Gooden,1610612749,Milwaukee Bucks,1,10,26,Missed Shot,Layup Shot,2PT Field Goal,Restricted Area,Center(C),Less Than 8 ft.,0.0,1.0,-5.0,1,0,20120419,IND,MIL
Shot Chart Detail,0021100932,18,2400,Drew Gooden,1610612749,Milwaukee Bucks,1,9,40,Made Shot,Jump Hook Shot,2PT Field Goal,Mid-Range,Right Side(R),8-16 ft.,9.0,97.0,7.0,1,1,20120419,IND,MIL
Shot Chart Detail,0021100932,29,2400,Drew Gooden,1610612749,Milwaukee Bucks,1,8,7,Missed Shot,Jump Bank Shot,2PT Field Goal,Restricted Area,Center(C),Less Than 8 ft.,3.0,21.0,26.0,1,0,20120419,IND,MIL
Shot Chart Detail,0021100932,40,2400,Drew Gooden,1610612749,Milwaukee Bucks,1,7,3,Made Shot,Driving Layup Shot,2PT Field Goal,Restricted Area,Center(C),Less Than 8 ft.,0.0,1.0,1.0,1,1,20120419,IND,MIL
Shot Chart Detail,0021100932,46,2400,Drew Gooden,1610612749,Milwaukee Bucks,1,6,45,Missed Shot,Driving Layup Shot,2PT Field Goal,Restricted Area,Center(C),Less Than 8 ft.,1.0,0.0,19.0,1,0,20120419,IND,MIL
Shot Chart Detail,0021100932,289,2400,Drew Gooden,1610612749,Milwaukee Bucks,3,11,22,Missed Shot,Jump Shot,2PT Field Goal,Mid-Range,Left Side(L),16-24 ft.,19.0,-194.0,30.0,1,0,20120419,IND,MIL
Shot Chart Detail,0021100932,313,2400,Drew Gooden,1610612749,Milwaukee Bucks,3,8,32,Missed Shot,Running Layup Shot,2PT Field Goal,In The Paint (Non-RA),Center(C),Less Than 8 ft.,4.0,47.0,12.0,1,0,20120419,IND,MIL
Shot Chart Detail,0021100932,318,2400,Drew Gooden,1610612749,Milwaukee Bucks,3,8,3,Made Shot,Jump Shot,2PT Field Goal,Mid-Range,Left Side(L),16-24 ft.,19.0,-190.0,22.0,1,1,20120419,IND,MIL
Shot Chart Detail,0021100932,321,2400,Drew Gooden,1610612749,Milwaukee Bucks,3,7,25,Made Shot,Running Hook Shot,2PT Field Goal,Mid-Range,Right Side(R),8-16 ft.,12.0,127.0,15.0,1,1,20120419,IND,MIL
Shot Chart Detail,0021100932,325,2400,Drew Gooden,1610612749,Milwaukee Bucks,3,6,42,Made Shot,Jump Shot,2PT Field Goal,Mid-Range,Left Side(L),16-24 ft.,19.0,-190.0,17.0,1,1,20120419,IND,MIL
Shot Chart Detail,0021100932,338,2400,Drew Gooden,1610612749,Milwaukee Bucks,3,5,15,Missed Shot,Layup Shot,2PT Field Goal,Restricted Area,Center(C),Less Than 8 ft.,2.0,24.0,1.0,1,0,20120419,IND,MIL
Shot Chart Detail,0021100932,342,2400,Drew Gooden,1610612749,Milwaukee Bucks,3,4,24,Made Shot,Floating Jump shot,2PT Field Goal,Mid-Range,Left Side(L),8-16 ft.,13.0,-134.0,14.0,1,1,20120419,IND,MIL
Shot Chart Detail,0021100932,353,2400,Drew Gooden,1610612749,Milwaukee Bucks,3,3,30,Missed Shot,Jump Shot,3PT Field Goal,Above the Break 3,Center(C),24+ ft.,24.0,12.0,242.0,1,0,20120419,IND,MIL
Shot Chart Detail,0021100932,380,2400,Drew Gooden,1610612749,Milwaukee Bucks,3,1,57,Missed Shot,Jump Shot,2PT Field Goal,Mid-Range,Right Side(R),16-24 ft.,17.0,177.0,31.0,1,0,20120419,IND,MIL
Shot Chart Detail,0021100949,10,2400,Drew Gooden,1610612749,Milwaukee Bucks,1,10,23,Made Shot,Jump Bank Shot,2PT Field Goal,In The Paint (Non-RA),Center(C),Less Than 8 ft.,7.0,-73.0,7.0,1,1,20120421,MIL,NJN
Shot Chart Detail,0021100949,19,2400,Drew Gooden,1610612749,Milwaukee Bucks,1,9,27,Missed Shot,Jump Shot,3PT Field Goal,Above the Break 3,Right Side Center(RC),24+ ft.,26.0,111.0,236.0,1,0,20120421,MIL,NJN
Shot Chart Detail,0021100949,25,2400,Drew Gooden,1610612749,Milwaukee Bucks,1,8,48,Missed Shot,Hook Shot,2PT Field Goal,In The Paint (Non-RA),Center(C),Less Than 8 ft.,4.0,-34.0,31.0,1,0,20120421,MIL,NJN
Shot Chart Detail,0021100949,51,2400,Drew Gooden,1610612749,Milwaukee Bucks,1,5,4,Made Shot,Jump Bank Shot,2PT Field Goal,Mid-Range,Left Side(L),8-16 ft.,12.0,-122.0,12.0,1,1,20120421,MIL,NJN
Shot Chart Detail,0021100949,53,2400,Drew Gooden,1610612749,Milwaukee Bucks,1,4,30,Made Shot,Hook Shot,2PT Field Goal,Mid-Range,Right Side(R),8-16 ft.,8.0,84.0,0.0,1,1,20120421,MIL,NJN
Shot Chart Detail,0021100949,58,2400,Drew Gooden,1610612749,Milwaukee Bucks,1,3,48,Made Shot,Dunk Shot,2PT Field Goal,Restricted Area,Center(C),Less Than 8 ft.,0.0,0.0,3.0,1,1,20120421,MIL,NJN
Shot Chart Detail,0021100949,147,2400,Drew Gooden,1610612749,Milwaukee Bucks,2,7,42,Missed Shot,Jump Shot,2PT Field Goal,Mid-Range,Left Side(L),16-24 ft.,16.0,-142.0,88.0,1,0,20120421,MIL,NJN
Shot Chart Detail,0021100949,211,2400,Drew Gooden,1610612749,Milwaukee Bucks,2,1,22,Made Shot,Dunk Shot,2PT Field Goal,Restricted Area,Center(C),Less Than 8 ft.,0.0,4.0,3.0,1,1,20120421,MIL,NJN
Shot Chart Detail,0021100949,244,2400,Drew Gooden,1610612749,Milwaukee Bucks,3,11,29,Missed Shot,Jump Shot,2PT Field Goal,Mid-Range,Left Side(L),16-24 ft.,17.0,-175.0,-8.0,1,0,20120421,MIL,NJN
Shot Chart Detail,0021100949,250,2400,Drew Gooden,1610612749,Milwaukee Bucks,3,11,3,Missed Shot,Layup Shot,2PT Field Goal,Restricted Area,Center(C),Less Than 8 ft.,0.0,4.0,4.0,1,0,20120421,MIL,NJN
Shot Chart Detail,0021100949,294,2400,Drew Gooden,1610612749,Milwaukee Bucks,3,7,14,Missed Shot,Dunk Shot,2PT Field Goal,Restricted Area,Center(C),Less Than 8 ft.,0.0,4.0,-5.0,1,0,20120421,MIL,NJN
Shot Chart Detail,0021100949,327,2400,Drew Gooden,1610612749,Milwaukee Bucks,3,5,21,Missed Shot,Hook Shot,2PT Field Goal,In The Paint (Non-RA),Center(C),Less Than 8 ft.,4.0,-4.0,45.0,1,0,20120421,MIL,NJN
Shot Chart Detail,0021100949,477,2400,Drew Gooden,1610612749,Milwaukee Bucks,4,5,6,Made Shot,Layup Shot,2PT Field Goal,Restricted Area,Center(C),Less Than 8 ft.,1.0,-13.0,11.0,1,1,20120421,MIL,NJN
Shot Chart Detail,0021100963,4,2400,Drew Gooden,1610612749,Milwaukee Bucks,1,11,12,Missed Shot,Jump Shot,2PT Field Goal,Mid-Range,Left Side(L),8-16 ft.,13.0,-131.0,20.0,1,0,20120423,MIL,TOR
Shot Chart Detail,0021100963,11,2400,Drew Gooden,1610612749,Milwaukee Bucks,1,9,54,Made Shot,Jump Shot,2PT Field Goal,Mid-Range,Left Side Center(LC),16-24 ft.,19.0,-103.0,164.0,1,1,20120423,MIL,TOR
Shot Chart Detail,0021100963,13,2400,Drew Gooden,1610612749,Milwaukee Bucks,1,9,19,Missed Shot,Jump Shot,3PT Field Goal,Right Corner 3,Right Side(R),24+ ft.,23.0,239.0,-13.0,1,0,20120423,MIL,TOR
Shot Chart Detail,0021100963,19,2400,Drew Gooden,1610612749,Milwaukee Bucks,1,8,19,Missed Shot,Layup Shot,2PT Field Goal,Restricted Area,Center(C),Less Than 8 ft.,0.0,7.0,7.0,1,0,20120423,MIL,TOR
Shot Chart Detail,0021100963,20,2400,Drew Gooden,1610612749,Milwaukee Bucks,1,8,17,Missed Shot,Tip Shot,2PT Field Goal,Restricted Area,Center(C),Less Than 8 ft.,0.0,-2.0,4.0,1,0,20120423,MIL,TOR
Shot Chart Detail,0021100963,67,2400,Drew Gooden,1610612749,Milwaukee Bucks,1,4,6,Missed Shot,Tip Shot,2PT Field Goal,Restricted Area,Center(C),Less Than 8 ft.,1.0,-4.0,16.0,1,0,20120423,MIL,TOR
Shot Chart Detail,0021100963,228,2400,Drew Gooden,1610612749,Milwaukee Bucks,3,10,7,Missed Shot,Hook Shot,2PT Field Goal,In The Paint (Non-RA),Center(C),Less Than 8 ft.,6.0,62.0,-5.0,1,0,20120423,MIL,TOR
