GRID_TYPE,GAME_ID,GAME_EVENT_ID,PLAYER_ID,PLAYER_NAME,TEAM_ID,TEAM_NAME,PERIOD,MINUTES_REMAINING,SECONDS_REMAINING,EVENT_TYPE,ACTION_TYPE,SHOT_TYPE,SHOT_ZONE_BASIC,SHOT_ZONE_AREA,SHOT_ZONE_RANGE,SHOT_DISTANCE,LOC_X,LOC_Y,SHOT_ATTEMPTED_FLAG,SHOT_MADE_FLAG,GAME_DATE,HTM,VTM
Shot Chart Detail,0021600013,11,201569,Eric Gordon,1610612745,Houston Rockets,1,10,27,Made Shot,Step Back Jump shot,2PT Field Goal,In The Paint (Non-RA),Center(C),8-16 ft.,12.0,-36.0,124.0,1,1,20161026,LAL,HOU
Shot Chart Detail,0021600013,147,201569,Eric Gordon,1610612745,Houston Rockets,2,10,11,Made Shot,Driving Layup Shot,2PT Field Goal,Restricted Area,Center(C),Less Than 8 ft.,2.0,10.0,26.0,1,1,20161026,LAL,HOU
Shot Chart Detail,0021600013,150,201569,Eric Gordon,1610612745,Houston Rockets,2,9,33,Missed Shot,Jump Shot,2PT Field Goal,In The Paint (Non-RA),Center(C),Less Than 8 ft.,4.0,-16.0,41.0,1,0,20161026,LAL,HOU
Shot Chart Detail,0021600013,181,201569,Eric Gordon,1610612745,Houston Rockets,2,8,21,Made Shot,Driving Finger Roll Layup Shot,2PT Field Goal,Restricted Area,Center(C),Less Than 8 ft.,0.0,0.0,1.0,1,1,20161026,LAL,HOU
Shot Chart Detail,0021600013,193,201569,Eric Gordon,1610612745,Houston Rockets,2,6,54,Made Shot,Running Layup Shot,2PT Field Goal,Restricted Area,Center(C),Less Than 8 ft.,1.0,-13.0,11.0,1,1,20161026,LAL,HOU
Shot Chart Detail,0021600013,195,201569,Eric Gordon,1610612745,Houston Rockets,2,6,17,Missed Shot,Jump Shot,3PT Field Goal,Above the Break 3,Right Side Center(RC),24+ ft.,25.0,112.0,232.0,1,0,20161026,LAL,HOU
Shot Chart Detail,0021600013,246,201569,Eric Gordon,1610612745,Houston Rockets,2,2,6,Made Shot,Jump Shot,3PT Field Goal,Above the Break 3,Right Side Center(RC),24+ ft.,26.0,124.0,238.0,1,1,20161026,LAL,HOU
Shot Chart Detail,0021600013,254,201569,Eric Gordon,1610612745,Houston Rockets,2,0,52,Made Shot,Jump Shot,3PT Field Goal,Above the Break 3,Center(C),24+ ft.,27.0,8.0,271.0,1,1,20161026,LAL,HOU
Shot Chart Detail,0021600013,290,201569,Eric Gordon,1610612745,Houston Rockets,3,9,54,Made Shot,Driving Reverse Layup Shot,2PT Field Goal,Restricted Area,Center(C),Less Than 8 ft.,1.0,13.0,8.0,1,1,20161026,LAL,HOU
Shot Chart Detail,0021600013,305,201569,Eric Gordon,1610612745,Houston Rockets,3,8,11,Missed Shot,Jump Shot,3PT Field Goal,Right Corner 3,Right Side(R),24+ ft.,24.0,248.0,-16.0,1,0,20161026,LAL,HOU
Shot Chart Detail,0021600013,321,201569,Eric Gordon,1610612745,Houston Rockets,3,6,15,Missed Shot,Jump Shot,3PT Field Goal,Above the Break 3,Left Side Center(LC),24+ ft.,27.0,-134.0,236.0,1,0,20161026,LAL,HOU
Shot Chart Detail,0021600013,429,201569,Eric Gordon,1610612745,Houston Rockets,4,9,28,Missed Shot,Jump Shot,3PT Field Goal,Above the Break 3,Center(C),24+ ft.,26.0,-21.0,261.0,1,0,20161026,LAL,HOU
Shot Chart Detail,0021600013,509,201569,Eric Gordon,1610612745,Houston Rockets,4,3,31,Missed Shot,Cutting Layup Shot,2PT Field Goal,Restricted Area,Center(C),Less Than 8 ft.,1.0,11.0,11.0,1,0,20161026,LAL,HOU
Shot Chart Detail,0021600013,528,201569,Eric Gordon,1610612745,Houston Rockets,4,2,7,Missed Shot,Jump Shot,3PT Field Goal,Above the Break 3,Left Side Center(LC),24+ ft.,26.0,-152.0,222.0,1,0,20161026,LAL,HOU
Shot Chart Detail,0021600013,542,201569,Eric Gordon,1610612745,Houston Rockets,4,0,28,Missed Shot,Jump Shot,3PT Field Goal,Right Corner 3,Right Side(R),24+ ft.,24.0,241.0,0.0,1,0,20161026,LAL,HOU
Shot Chart Detail,0021600023,12,201569,Eric Gordon,1610612745,Houston Rockets,1,9,59,Made Shot,Jump Shot,3PT Field Goal,Above the Break 3,Right Side Center(RC),24+ ft.,24.0,200.0,141.0,1,1,20161028,DAL,HOU
Shot Chart Detail,0021600023,37,201569,Eric Gordon,1610612745,Houston Rockets,1,7,43,Made Shot,Running Layup Shot,2PT Field Goal,Restricted Area,Center(C),Less Than 8 ft.,0.0,2.0,-6.0,1,1,20161028,DAL,HOU
Shot Chart Detail,0021600023,124,201569,Eric Gordon,1610612745,Houston Rockets,2,9,34,Missed Shot,Jump Shot,2PT Field Goal,Mid-Range,Left Side Center(LC),16-24 ft.,22.0,-101.0,198.0,1,0,20161028,DAL,HOU
Shot Chart Detail,0021600023,230,201569,Eric Gordon,1610612745,Houston Rockets,2,2,5,Missed Shot,Jump Shot,3PT Field Goal,Left Corner 3,Left Side(L),24+ ft.,23.0,-233.0,11.0,1,0,20161028,DAL,HOU
Shot Chart Detail,0021600023,244,201569,Eric Gordon,1610612745,Houston Rockets,2,0,38,Made Shot,Jump Shot,3PT Field Goal,Above the Break 3,Right Side Center(RC),24+ ft.,26.0,158.0,218.0,1,1,20161028,DAL,HOU
Shot Chart Detail,0021600023,293,201569,Eric Gordon,1610612745,Houston Rockets,3,8,27,Missed Shot,Jump Shot,3PT Field Goal,Above the Break 3,Left Side Center(LC),24+ ft.,25.0,-147.0,208.0,1,0,20161028,DAL,HOU
Shot Chart Detail,0021600023,395,201569,Eric Gordon,1610612745,Houston Rockets,4,10,40,Missed Shot,Jump Shot,3PT Field Goal,Above the Break 3,Left Side Center(LC),24+ ft.,25.0,-114.0,224.0,1,0,20161028,DAL,HOU
Shot Chart Detail,0021600023,430,201569,Eric Gordon,1610612745,Houston Rockets,4,6,47,Missed Shot,Fadeaway Jump Shot,2PT Field Goal,In The Paint (Non-RA),Center(C),Less Than 8 ft.,6.0,32.0,57.0,1,0,20161028,DAL,HOU
Shot Chart Detail,0021600023,488,201569,Eric Gordon,1610612745,Houston Rockets,4,3,3,Made Shot,Jump Shot,3PT Field Goal,Above the Break 3,Right Side Center(RC),24+ ft.,25.0,179.0,180.0,1,1,20161028,DAL,HOU
Shot Chart Detail,0021600041,26,201569,Eric Gordon,1610612745,Houston Rockets,1,9,16,Missed Shot,Jump Shot,3PT Field Goal,Above the Break 3,Right Side Center(RC),24+ ft.,24.0,97.0,228.0,1,0,20161030,HOU,DAL
Shot Chart Detail,0021600041,31,201569,Eric Gordon,1610612745,Houston Rockets,1,8,40,Made Shot,Jump Shot,3PT Field Goal,Above the Break 3,Left Side Center(LC),24+ ft.,25.0,-86.0,242.0,1,1,20161030,HOU,DAL
Shot Chart Detail,0021600041,53,201569,Eric Gordon,1610612745,Houston Rockets,1,6,37,Made Shot,Jump Shot,3PT Field Goal,Above the Break 3,Left Side Center(LC),24+ ft.,25.0,-84.0,242.0,1,1,20161030,HOU,DAL
Shot Chart Detail,0021600041,134,201569,Eric Gordon,1610612745,Houston Rockets,2,11,55,Missed Shot,Layup Shot,2PT Field Goal,Restricted Area,Center(C),Less Than 8 ft.,1.0,-18.0,5.0,1,0,20161030,HOU,DAL
Shot Chart Detail,0021600041,146,201569,Eric Gordon,1610612745,Houston Rockets,2,11,36,Made Shot,Layup Shot,2PT Field Goal,Restricted Area,Center(C),Less Than 8 ft.,1.0,-10.0,-6.0,1,1,20161030,HOU,DAL
Shot Chart Detail,0021600041,570,201569,Eric Gordon,1610612745,Houston Rockets,2,11,9,Missed Shot,Jump Shot,2PT Field Goal,Mid-Range,Left Side(L),8-16 ft.,14.0,-144.0,-28.0,1,0,20161030,HOU,DAL
Shot Chart Detail,0021600041,154,201569,Eric Gordon,1610612745,Houston Rockets,2,9,40,Made Shot,Driving Layup Shot,2PT Field Goal,Restricted Area,Center(C),Less Than 8 ft.,2.0,10.0,21.0,1,1,20161030,HOU,DAL
Shot Chart Detail,0021600041,197,201569,Eric Gordon,1610612745,Houston Rockets,2,6,36,Missed Shot,Jump Shot,2PT Field Goal,Mid-Range,Center(C),16-24 ft.,21.0,48.0,210.0,1,0,20161030,HOU,DAL
Shot Chart Detail,0021600041,319,201569,Eric Gordon,1610612745,Houston Rockets,3,8,56,Missed Shot,Jump Shot,3PT Field Goal,Left Corner 3,Left Side(L),24+ ft.,23.0,-238.0,-5.0,1,0,20161030,HOU,DAL
Shot Chart Detail,0021600041,327,201569,Eric Gordon,1610612745,Houston Rockets,3,8,1,Missed Shot,Jump Shot,3PT Field Goal,Above the Break 3,Right Side Center(RC),24+ ft.,25.0,218.0,136.0,1,0,20161030,HOU,DAL
Shot Chart Detail,0021600041,354,201569,Eric Gordon,1610612745,Houston Rockets,3,5,47,Made Shot,Floating Jump shot,2PT Field Goal,In The Paint (Non-RA),Center(C),Less Than 8 ft.,7.0,12.0,75.0,1,1,20161030,HOU,DAL
Shot Chart Detail,0021600041,445,201569,Eric Gordon,1610612745,Houston Rockets,4,9,27,Missed Shot,Jump Shot,3PT Field Goal,Above the Break 3,Center(C),24+ ft.,27.0,25.0,272.0,1,0,20161030,HOU,DAL
Shot Chart Detail,0021600041,455,201569,Eric Gordon,1610612745,Houston Rockets,4,8,41,Missed Shot,Jump Shot,2PT Field Goal,In The Paint (Non-RA),Center(C),8-16 ft.,8.0,1.0,80.0,1,0,20161030,HOU,DAL
Shot Chart Detail,0021600041,461,201569,Eric Gordon,1610612745,Houston Rockets,4,7,57,Missed Shot,Jump Shot,3PT Field Goal,Above the Break 3,Right Side Center(RC),24+ ft.,24.0,122.0,218.0,1,0,20161030,HOU,DAL
Shot Chart Detail,0021600041,491,201569,Eric Gordon,1610612745,Houston Rockets,4,5,25,Missed Shot,Floating Jump shot,2PT Field Goal,In The Paint (Non-RA),Right Side(R),8-16 ft.,8.0,55.0,65.0,1,0,20161030,HOU,DAL
Shot Chart Detail,0021600041,506,201569,Eric Gordon,1610612745,Houston Rockets,4,3,35,Missed Shot,Jump Shot,3PT Field Goal,Right Corner 3,Right Side(R),24+ ft.,24.0,241.0,36.0,1,0,20161030,HOU,DAL
Shot Chart Detail,0021600047,4,201569,Eric Gordon,1610612745,Houston Rockets,1,11,23,Missed Shot,Jump Shot,3PT Field Goal,Above the Break 3,Left Side Center(LC),24+ ft.,25.0,-181.0,183.0,1,0,20161101,CLE,HOU
Shot Chart Detail,0021600047,19,201569,Eric Gordon,1610612745,Houston Rockets,1,9,27,Made Shot,Floating Jump shot,2PT Field Goal,In The Paint (Non-RA),Center(C),Less Than 8 ft.,7.0,2.0,70.0,1,1,20161101,CLE,HOU
Shot Chart Detail,0021600047,128,201569,Eric Gordon,1610612745,Houston Rockets,2,10,41,Made Shot,Step Back Jump shot,2PT Field Goal,Mid-Range,Right Side Center(RC),16-24 ft.,17.0,130.0,115.0,1,1,20161101,CLE,HOU
Shot Chart Detail,0021600047,158,201569,Eric Gordon,1610612745,Houston Rockets,2,8,3,Missed Shot,Jump Shot,3PT Field Goal,Above the Break 3,Right Side Center(RC),24+ ft.,25.0,135.0,213.0,1,0,20161101,CLE,HOU
Shot Chart Detail,0021600047,173,201569,Eric Gordon,1610612745,Houston Rockets,2,7,9,Missed Shot,Running Jump Shot,2PT Field Goal,In The Paint (Non-RA),Center(C),Less Than 8 ft.,6.0,30.0,56.0,1,0,20161101,CLE,HOU
Shot Chart Detail,0021600047,286,201569,Eric Gordon,1610612745,Houston Rockets,3,10,39,Missed Shot,Driving Reverse Layup Shot,2PT Field Goal,Restricted Area,Center(C),Less Than 8 ft.,2.0,24.0,7.0,1,0,20161101,CLE,HOU
Shot Chart Detail,0021600047,321,201569,Eric Gordon,1610612745,Houston Rockets,3,7,25,Missed Shot,Jump Shot,3PT Field Goal,Above the Break 3,Right Side Center(RC),24+ ft.,25.0,145.0,205.0,1,0,20161101,CLE,HOU
Shot Chart Detail,0021600047,450,201569,Eric Gordon,1610612745,Houston Rockets,4,9,17,Made Shot,Jump Shot,3PT Field Goal,Above the Break 3,Right Side Center(RC),24+ ft.,24.0,140.0,205.0,1,1,20161101,CLE,HOU
Shot Chart Detail,0021600047,457,201569,Eric Gordon,1610612745,Houston Rockets,4,8,43,Missed Shot,Jump Shot,3PT Field Goal,Above the Break 3,Left Side Center(LC),24+ ft.,27.0,-148.0,234.0,1,0,20161101,CLE,HOU
Shot Chart Detail,0021600047,470,201569,Eric Gordon,1610612745,Houston Rockets,4,7,25,Made Shot,Jump Shot,3PT Field Goal,Above the Break 3,Right Side Center(RC),24+ ft.,25.0,158.0,200.0,1,1,20161101,CLE,HOU
Shot Chart Detail,0021600047,510,201569,Eric Gordon,1610612745,Houston Rockets,4,3,47,Made Shot,Jump Shot,3PT Field Goal,Above the Break 3,Right Side Center(RC),24+ ft.,24.0,96.0,223.0,1,1,20161101,CLE,HOU
Shot Chart Detail,0021600047,522,201569,Eric Gordon,1610612745,Houston Rockets,4,2,47,Made Shot,Jump Shot,3PT Field Goal,Above the Break 3,Center(C),24+ ft.,25.0,50.0,252.0,1,1,20161101,CLE,HOU
Shot Chart Detail,0021600047,553,201569,Eric Gordon,1610612745,Houston Rockets,4,0,52,Missed Shot,Jump Shot,3PT Field Goal,Above the Break 3,Right Side Center(RC),24+ ft.,25.0,232.0,105.0,1,0,20161101,CLE,HOU
Shot Chart Detail,0021600058,131,201569,Eric Gordon,1610612745,Houston Rockets,2,11,35,Made Shot,Layup Shot,2PT Field Goal,Restricted Area,Center(C),Less Than 8 ft.,0.0,4.0,8.0,1,1,20161102,NYK,HOU
Shot Chart Detail,0021600058,166,201569,Eric Gordon,1610612745,Houston Rockets,2,8,38,Made Shot,Jump Shot,3PT Field Goal,Above the Break 3,Right Side Center(RC),24+ ft.,26.0,158.0,208.0,1,1,20161102,NYK,HOU
Shot Chart Detail,0021600058,202,201569,Eric Gordon,1610612745,Houston Rockets,2,6,30,Made Shot,Driving Layup Shot,2PT Field Goal,Restricted Area,Center(C),Less Than 8 ft.,1.0,-12.0,2.0,1,1,20161102,NYK,HOU
Shot Chart Detail,0021600058,205,201569,Eric Gordon,1610612745,Houston Rockets,2,6,15,Missed Shot,Jump Shot,3PT Field Goal,Above the Break 3,Right Side Center(RC),24+ ft.,25.0,153.0,208.0,1,0,20161102,NYK,HOU
Shot Chart Detail,0021600058,314,201569,Eric Gordon,1610612745,Houston Rockets,3,11,38,Made Shot,Jump Shot,3PT Field Goal,Above the Break 3,Center(C),24+ ft.,27.0,-14.0,277.0,1,1,20161102,NYK,HOU
Shot Chart Detail,0021600058,326,201569,Eric Gordon,1610612745,Houston Rockets,3,10,2,Missed Shot,Layup Shot,2PT Field Goal,Restricted Area,Center(C),Less Than 8 ft.,2.0,0.0,21.0,1,0,20161102,NYK,HOU
Shot Chart Detail,0021600058,339,201569,Eric Gordon,1610612745,Houston Rockets,3,8,19,Made Shot,Jump Shot,3PT Field Goal,Above the Break 3,Left Side Center(LC),24+ ft.,26.0,-125.0,228.0,1,1,20161102,NYK,HOU
Shot Chart Detail,0021600058,447,201569,Eric Gordon,1610612745,Houston Rockets,4,10,21,Made Shot,Jump Shot,3PT Field Goal,Above the Break 3,Right Side Center(RC),24+ ft.,26.0,132.0,229.0,1,1,20161102,NYK,HOU
Shot Chart Detail,0021600058,457,201569,Eric Gordon,1610612745,Houston Rockets,4,9,22,Missed Shot,Fadeaway Jump Shot,2PT Field Goal,In The Paint (Non-RA),Right Side(R),8-16 ft.,8.0,60.0,65.0,1,0,20161102,NYK,HOU
Shot Chart Detail,0021600058,483,201569,Eric Gordon,1610612745,Houston Rockets,4,7,57,Missed Shot,Step Back Jump shot,3PT Field Goal,Above the Break 3,Left Side Center(LC),24+ ft.,25.0,-201.0,159.0,1,0,20161102,NYK,HOU
Shot Chart Detail,0021600058,494,201569,Eric Gordon,1610612745,Houston Rockets,4,7,13,Missed Shot,Jump Shot,3PT Field Goal,Left Corner 3,Left Side(L),24+ ft.,23.0,-228.0,31.0,1,0,20161102,NYK,HOU
Shot Chart Detail,0021600084,29,201569,Eric Gordon,1610612745,Houston Rockets,1,8,2,Missed Shot,Jump Shot,3PT Field Goal,Above the Break 3,Center(C),24+ ft.,25.0,-7.0,259.0,1,0,20161105,ATL,HOU
Shot Chart Detail,0021600084,39,201569,Eric Gordon,1610612745,Houston Rockets,1,6,42,Missed Shot,Jump Shot,3PT Field Goal,Right Corner 3,Right Side(R),24+ ft.,23.0,228.0,43.0,1,0,20161105,ATL,HOU
Shot Chart Detail,0021600084,45,201569,Eric Gordon,1610612745,Houston Rockets,1,6,0,Missed Shot,Layup Shot,2PT Field Goal,Restricted Area,Center(C),Less Than 8 ft.,2.0,20.0,13.0,1,0,20161105,ATL,HOU
Shot Chart Detail,0021600084,309,201569,Eric Gordon,1610612745,Houston Rockets,3,7,51,Made Shot,Driving Layup Shot,2PT Field Goal,Restricted Area,Center(C),Less Than 8 ft.,0.0,0.0,-1.0,1,1,20161105,ATL,HOU
Shot Chart Detail,0021600084,318,201569,Eric Gordon,1610612745,Houston Rockets,3,7,1,Missed Shot,Jump Shot,3PT Field Goal,Above the Break 3,Center(C),24+ ft.,26.0,-71.0,252.0,1,0,20161105,ATL,HOU
Shot Chart Detail,0021600084,406,201569,Eric Gordon,1610612745,Houston Rockets,4,10,37,Made Shot,Running Layup Shot,2PT Field Goal,Restricted Area,Center(C),Less Than 8 ft.,1.0,19.0,-1.0,1,1,20161105,ATL,HOU
Shot Chart Detail,0021600084,410,201569,Eric Gordon,1610612745,Houston Rockets,4,10,5,Missed Shot,Driving Floating Jump Shot,2PT Field Goal,Restricted Area,Center(C),Less Than 8 ft.,2.0,-18.0,22.0,1,0,20161105,ATL,HOU
Shot Chart Detail,0021600084,433,201569,Eric Gordon,1610612745,Houston Rockets,4,7,59,Missed Shot,Pullup Jump shot,3PT Field Goal,Above the Break 3,Right Side Center(RC),24+ ft.,24.0,179.0,174.0,1,0,20161105,ATL,HOU
Shot Chart Detail,0021600084,499,201569,Eric Gordon,1610612745,Houston Rockets,4,4,59,Missed Shot,Driving Floating Bank Jump Shot,2PT Field Goal,In The Paint (Non-RA),Right Side(R),8-16 ft.,8.0,71.0,43.0,1,0,20161105,ATL,HOU
Shot Chart Detail,0021600084,503,201569,Eric Gordon,1610612745,Houston Rockets,4,4,46,Made Shot,Running Layup Shot,2PT Field Goal,Restricted Area,Center(C),Less Than 8 ft.,1.0,17.0,7.0,1,1,20161105,ATL,HOU
Shot Chart Detail,0021600084,529,201569,Eric Gordon,1610612745,Houston Rockets,4,2,21,Missed Shot,Driving Hook Shot,2PT Field Goal,In The Paint (Non-RA),Left Side(L),8-16 ft.,8.0,-53.0,67.0,1,0,20161105,ATL,HOU
Shot Chart Detail,0021600094,111,201569,Eric Gordon,1610612745,Houston Rockets,1,2,3,Made Shot,Jump Shot,3PT Field Goal,Right Corner 3,Right Side(R),24+ ft.,22.0,223.0,41.0,1,1,20161107,WAS,HOU
Shot Chart Detail,0021600094,134,201569,Eric Gordon,1610612745,Houston Rockets,1,0,1,Missed Shot,Jump Shot,3PT Field Goal,Above the Break 3,Center(C),24+ ft.,29.0,-76.0,287.0,1,0,20161107,WAS,HOU
Shot Chart Detail,0021600094,148,201569,Eric Gordon,1610612745,Houston Rockets,2,10,41,Missed Shot,Jump Shot,3PT Field Goal,Above the Break 3,Right Side Center(RC),24+ ft.,24.0,171.0,174.0,1,0,20161107,WAS,HOU
Shot Chart Detail,0021600094,162,201569,Eric Gordon,1610612745,Houston Rockets,2,8,35,Made Shot,Jump Shot,3PT Field Goal,Above the Break 3,Right Side Center(RC),24+ ft.,30.0,141.0,267.0,1,1,20161107,WAS,HOU
Shot Chart Detail,0021600094,371,201569,Eric Gordon,1610612745,Houston Rockets,3,4,46,Made Shot,Jump Shot,3PT Field Goal,Above the Break 3,Right Side Center(RC),24+ ft.,26.0,168.0,210.0,1,1,20161107,WAS,HOU
Shot Chart Detail,0021600094,378,201569,Eric Gordon,1610612745,Houston Rockets,3,3,41,Missed Shot,Jump Shot,2PT Field Goal,In The Paint (Non-RA),Center(C),Less Than 8 ft.,4.0,30.0,31.0,1,0,20161107,WAS,HOU
Shot Chart Detail,0021600094,423,201569,Eric Gordon,1610612745,Houston Rockets,3,0,37,Missed Shot,Jump Shot,2PT Field Goal,In The Paint (Non-RA),Center(C),8-16 ft.,9.0,-25.0,90.0,1,0,20161107,WAS,HOU
Shot Chart Detail,0021600094,437,201569,Eric Gordon,1610612745,Houston Rockets,4,11,38,Missed Shot,Jump Shot,2PT Field Goal,Restricted Area,Center(C),Less Than 8 ft.,3.0,35.0,-5.0,1,0,20161107,WAS,HOU
Shot Chart Detail,0021600094,440,201569,Eric Gordon,1610612745,Houston Rockets,4,11,19,Made Shot,Driving Finger Roll Layup Shot,2PT Field Goal,Restricted Area,Center(C),Less Than 8 ft.,2.0,1.0,26.0,1,1,20161107,WAS,HOU
Shot Chart Detail,0021600094,482,201569,Eric Gordon,1610612745,Houston Rockets,4,8,48,Missed Shot,Jump Shot,3PT Field Goal,Above the Break 3,Right Side Center(RC),24+ ft.,26.0,218.0,159.0,1,0,20161107,WAS,HOU
Shot Chart Detail,0021600114,57,201569,Eric Gordon,1610612745,Houston Rockets,1,5,48,Made Shot,Jump Shot,2PT Field Goal,Restricted Area,Center(C),Less Than 8 ft.,3.0,28.0,11.0,1,1,20161109,SAS,HOU
Shot Chart Detail,0021600114,97,201569,Eric Gordon,1610612745,Houston Rockets,1,3,6,Made Shot,Step Back Jump shot,2PT Field Goal,Mid-Range,Left Side Center(LC),16-24 ft.,19.0,-88.0,174.0,1,1,20161109,SAS,HOU
Shot Chart Detail,0021600114,144,201569,Eric Gordon,1610612745,Houston Rockets,2,10,54,Made Shot,Jump Shot,3PT Field Goal,Above the Break 3,Left Side Center(LC),24+ ft.,26.0,-225.0,134.0,1,1,20161109,SAS,HOU
Shot Chart Detail,0021600114,160,201569,Eric Gordon,1610612745,Houston Rockets,2,9,36,Missed Shot,Jump Shot,2PT Field Goal,Mid-Range,Center(C),16-24 ft.,16.0,35.0,164.0,1,0,20161109,SAS,HOU
Shot Chart Detail,0021600114,189,201569,Eric Gordon,1610612745,Houston Rockets,2,7,48,Missed Shot,Jump Shot,3PT Field Goal,Above the Break 3,Right Side Center(RC),24+ ft.,24.0,130.0,213.0,1,0,20161109,SAS,HOU
Shot Chart Detail,0021600114,192,201569,Eric Gordon,1610612745,Houston Rockets,2,7,14,Missed Shot,Jump Shot,3PT Field Goal,Above the Break 3,Center(C),24+ ft.,24.0,-71.0,239.0,1,0,20161109,SAS,HOU
Shot Chart Detail,0021600114,207,201569,Eric Gordon,1610612745,Houston Rockets,2,6,18,Missed Shot,Floating Jump shot,2PT Field Goal,Mid-Range,Right Side(R),8-16 ft.,9.0,94.0,28.0,1,0,20161109,SAS,HOU
Shot Chart Detail,0021600114,226,201569,Eric Gordon,1610612745,Houston Rockets,2,4,50,Made Shot,Jump Shot,3PT Field Goal,Left Corner 3,Left Side(L),24+ ft.,23.0,-232.0,41.0,1,1,20161109,SAS,HOU
Shot Chart Detail,0021600114,366,201569,Eric Gordon,1610612745,Houston Rockets,3,5,50,Made Shot,Dunk Shot,2PT Field Goal,Restricted Area,Center(C),Less Than 8 ft.,0.0,0.0,1.0,1,1,20161109,SAS,HOU
Shot Chart Detail,0021600114,371,201569,Eric Gordon,1610612745,Houston Rockets,3,5,22,Missed Shot,Jump Shot,3PT Field Goal,Left Corner 3,Left Side(L),24+ ft.,22.0,-228.0,11.0,1,0,20161109,SAS,HOU
Shot Chart Detail,0021600114,429,201569,Eric Gordon,1610612745,Houston Rockets,3,0,0,Missed Shot,Jump Shot,3PT Field Goal,Backcourt,Back Court(BC),Back Court Shot,50.0,-165.0,473.0,1,0,20161109,SAS,HOU
Shot Chart Detail,0021600114,454,201569,Eric Gordon,1610612745,Houston Rockets,4,10,11,Missed Shot,Jump Shot,3PT Field Goal,Right Corner 3,Right Side(R),24+ ft.,23.0,236.0,-1.0,1,0,20161109,SAS,HOU
Shot Chart Detail,0021600114,497,201569,Eric Gordon,1610612745,Houston Rockets,4,6,10,Missed Shot,Floating Jump shot,2PT Field Goal,Mid-Range,Left Side Center(LC),16-24 ft.,17.0,-84.0,149.0,1,0,20161109,SAS,HOU
Shot Chart Detail,0021600114,502,201569,Eric Gordon,1610612745,Houston Rockets,4,5,30,Missed Shot,Layup Shot,2PT Field Goal,Restricted Area,Center(C),Less Than 8 ft.,0.0,4.0,2.0,1,0,20161109,SAS,HOU
Shot Chart Detail,0021600134,75,201569,Eric Gordon,1610612745,Houston Rockets,1,4,45,Missed Shot,Jump Shot,3PT Field Goal,Above the Break 3,Center(C),24+ ft.,25.0,-71.0,244.0,1,0,20161112,HOU,SAS
Shot Chart Detail,0021600134,149,201569,Eric Gordon,1610612745,Houston Rockets,2,10,14,Missed Shot,Jump Shot,2PT Field Goal,In The Paint (Non-RA),Center(C),Less Than 8 ft.,5.0,30.0,46.0,1,0,20161112,HOU,SAS
Shot Chart Detail,0021600134,174,201569,Eric Gordon,1610612745,Houston Rockets,2,7,53,Made Shot,Jump Shot,3PT Field Goal,Above the Break 3,Center(C),24+ ft.,26.0,-40.0,262.0,1,1,20161112,HOU,SAS
Shot Chart Detail,0021600134,195,201569,Eric Gordon,1610612745,Houston Rockets,2,5,51,Missed Shot,Jump Shot,3PT Field Goal,Above the Break 3,Center(C),24+ ft.,25.0,-35.0,249.0,1,0,20161112,HOU,SAS
Shot Chart Detail,0021600134,314,201569,Eric Gordon,1610612745,Houston Rockets,3,7,31,Made Shot,Cutting Layup Shot,2PT Field Goal,Restricted Area,Center(C),Less Than 8 ft.,1.0,1.0,18.0,1,1,20161112,HOU,SAS
Shot Chart Detail,0021600134,318,201569,Eric Gordon,1610612745,Houston Rockets,3,6,46,Missed Shot,Jump Shot,3PT Field Goal,Above the Break 3,Right Side Center(RC),24+ ft.,26.0,179.0,198.0,1,0,20161112,HOU,SAS
Shot Chart Detail,0021600134,325,201569,Eric Gordon,1610612745,Houston Rockets,3,6,16,Made Shot,Jump Shot,3PT Field Goal,Above the Break 3,Left Side Center(LC),24+ ft.,25.0,-204.0,159.0,1,1,20161112,HOU,SAS
Shot Chart Detail,0021600134,333,201569,Eric Gordon,1610612745,Houston Rockets,3,5,15,Made Shot,Jump Shot,3PT Field Goal,Left Corner 3,Left Side(L),24+ ft.,23.0,-237.0,7.0,1,1,20161112,HOU,SAS
Shot Chart Detail,0021600134,345,201569,Eric Gordon,1610612745,Houston Rockets,3,4,21,Made Shot,Jump Shot,3PT Field Goal,Left Corner 3,Left Side(L),24+ ft.,24.0,-241.0,11.0,1,1,20161112,HOU,SAS
Shot Chart Detail,0021600134,459,201569,Eric Gordon,1610612745,Houston Rockets,4,6,58,Made Shot,Step Back Jump shot,2PT Field Goal,Mid-Range,Right Side Center(RC),16-24 ft.,19.0,151.0,120.0,1,1,20161112,HOU,SAS
Shot Chart Detail,0021600134,468,201569,Eric Gordon,1610612745,Houston Rockets,4,6,12,Made Shot,Driving Dunk Shot,2PT Field Goal,Restricted Area,Center(C),Less Than 8 ft.,0.0,0.0,1.0,1,1,20161112,HOU,SAS
Shot Chart Detail,0021600134,472,201569,Eric Gordon,1610612745,Houston Rockets,4,5,43,Made Shot,Jump Shot,3PT Field Goal,Above the Break 3,Left Side Center(LC),24+ ft.,26.0,-191.0,183.0,1,1,20161112,HOU,SAS
Shot Chart Detail,0021600134,483,201569,Eric Gordon,1610612745,Houston Rockets,4,4,43,Made Shot,Jump Shot,3PT Field Goal,Above the Break 3,Left Side Center(LC),24+ ft.,25.0,-147.0,213.0,1,1,20161112,HOU,SAS
Shot Chart Detail,0021600134,504,201569,Eric Gordon,1610612745,Houston Rockets,4,2,22,Made Shot,Jump Shot,3PT Field Goal,Left Corner 3,Left Side(L),24+ ft.,24.0,-237.0,46.0,1,1,20161112,HOU,SAS
Shot Chart Detail,0021600134,510,201569,Eric Gordon,1610612745,Houston Rockets,4,1,18,Missed Shot,Jump Shot,3PT Field Goal,Above the Break 3,Left Side Center(LC),24+ ft.,26.0,-196.0,175.0,1,0,20161112,HOU,SAS
Shot Chart Detail,0021600134,512,201569,Eric Gordon,1610612745,Houston Rockets,4,1,11,Missed Shot,Jump Shot,3PT Field Goal,Above the Break 3,Right Side Center(RC),24+ ft.,25.0,146.0,214.0,1,0,20161112,HOU,SAS
Shot Chart Detail,0021600149,6,201569,Eric Gordon,1610612745,Houston Rockets,1,11,3,Missed Shot,Jump Shot,2PT Field Goal,Mid-Range,Center(C),16-24 ft.,21.0,61.0,208.0,1,0,20161114,HOU,PHI
Shot Chart Detail,0021600149,18,201569,Eric Gordon,1610612745,Houston Rockets,1,9,44,Made Shot,Cutting Layup Shot,2PT Field Goal,Restricted Area,Center(C),Less Than 8 ft.,1.0,-19.0,3.0,1,1,20161114,HOU,PHI
Shot Chart Detail,0021600149,30,201569,Eric Gordon,1610612745,Houston Rockets,1,8,8,Missed Shot,Driving Layup Shot,2PT Field Goal,Restricted Area,Center(C),Less Than 8 ft.,3.0,6.0,33.0,1,0,20161114,HOU,PHI
Shot Chart Detail,0021600149,45,201569,Eric Gordon,1610612745,Houston Rockets,1,7,9,Made Shot,Jump Shot,3PT Field Goal,Right Corner 3,Right Side(R),24+ ft.,23.0,230.0,65.0,1,1,20161114,HOU,PHI
Shot Chart Detail,0021600149,50,201569,Eric Gordon,1610612745,Houston Rockets,1,5,56,Missed Shot,Running Jump Shot,2PT Field Goal,In The Paint (Non-RA),Center(C),Less Than 8 ft.,4.0,12.0,47.0,1,0,20161114,HOU,PHI
Shot Chart Detail,0021600149,200,201569,Eric Gordon,1610612745,Houston Rockets,2,8,24,Made Shot,Jump Shot,3PT Field Goal,Above the Break 3,Center(C),24+ ft.,25.0,58.0,247.0,1,1,20161114,HOU,PHI
Shot Chart Detail,0021600149,209,201569,Eric Gordon,1610612745,Houston Rockets,2,7,20,Made Shot,Pullup Jump shot,3PT Field Goal,Above the Break 3,Center(C),24+ ft.,26.0,2.0,267.0,1,1,20161114,HOU,PHI
Shot Chart Detail,0021600149,277,201569,Eric Gordon,1610612745,Houston Rockets,2,2,14,Made Shot,Layup Shot,2PT Field Goal,Restricted Area,Center(C),Less Than 8 ft.,1.0,-9.0,8.0,1,1,20161114,HOU,PHI
Shot Chart Detail,0021600149,307,201569,Eric Gordon,1610612745,Houston Rockets,3,11,33,Made Shot,Jump Shot,3PT Field Goal,Above the Break 3,Left Side Center(LC),24+ ft.,26.0,-147.0,219.0,1,1,20161114,HOU,PHI
Shot Chart Detail,0021600149,365,201569,Eric Gordon,1610612745,Houston Rockets,3,5,48,Missed Shot,Jump Shot,3PT Field Goal,Above the Break 3,Left Side Center(LC),24+ ft.,30.0,-187.0,244.0,1,0,20161114,HOU,PHI
Shot Chart Detail,0021600149,437,201569,Eric Gordon,1610612745,Houston Rockets,4,11,31,Missed Shot,Jump Shot,3PT Field Goal,Above the Break 3,Right Side Center(RC),24+ ft.,25.0,202.0,159.0,1,0,20161114,HOU,PHI
Shot Chart Detail,0021600149,487,201569,Eric Gordon,1610612745,Houston Rockets,4,6,43,Missed Shot,Jump Shot,3PT Field Goal,Left Corner 3,Left Side(L),24+ ft.,22.0,-228.0,7.0,1,0,20161114,HOU,PHI
Shot Chart Detail,0021600164,15,201569,Eric Gordon,1610612745,Houston Rockets,1,9,36,Missed Shot,Jump Shot,3PT Field Goal,Above the Break 3,Center(C),24+ ft.,26.0,-17.0,262.0,1,0,20161116,OKC,HOU
Shot Chart Detail,0021600164,23,201569,Eric Gordon,1610612745,Houston Rockets,1,8,34,Missed Shot,Driving Layup Shot,2PT Field Goal,Restricted Area,Center(C),Less Than 8 ft.,2.0,24.0,-1.0,1,0,20161116,OKC,HOU
Shot Chart Detail,0021600164,42,201569,Eric Gordon,1610612745,Houston Rockets,1,5,53,Missed Shot,Jump Shot,3PT Field Goal,Above the Break 3,Center(C),24+ ft.,24.0,-73.0,239.0,1,0,20161116,OKC,HOU
Shot Chart Detail,0021600164,114,201569,Eric Gordon,1610612745,Houston Rockets,2,11,47,Missed Shot,Layup Shot,2PT Field Goal,Restricted Area,Center(C),Less Than 8 ft.,0.0,9.0,3.0,1,0,20161116,OKC,HOU
Shot Chart Detail,0021600164,125,201569,Eric Gordon,1610612745,Houston Rockets,2,11,1,Made Shot,Driving Layup Shot,2PT Field Goal,Restricted Area,Center(C),Less Than 8 ft.,0.0,-4.0,7.0,1,1,20161116,OKC,HOU
Shot Chart Detail,0021600164,138,201569,Eric Gordon,1610612745,Houston Rockets,2,9,49,Missed Shot,Pullup Jump shot,3PT Field Goal,Above the Break 3,Left Side Center(LC),24+ ft.,25.0,-138.0,213.0,1,0,20161116,OKC,HOU
Shot Chart Detail,0021600164,143,201569,Eric Gordon,1610612745,Houston Rockets,2,9,17,Missed Shot,Floating Jump shot,2PT Field Goal,In The Paint (Non-RA),Center(C),Less Than 8 ft.,6.0,-58.0,36.0,1,0,20161116,OKC,HOU
Shot Chart Detail,0021600164,159,201569,Eric Gordon,1610612745,Houston Rockets,2,7,49,Made Shot,Jump Shot,3PT Field Goal,Above the Break 3,Center(C),24+ ft.,25.0,61.0,244.0,1,1,20161116,OKC,HOU
Shot Chart Detail,0021600164,162,201569,Eric Gordon,1610612745,Houston Rockets,2,7,27,Missed Shot,Jump Shot,2PT Field Goal,Restricted Area,Center(C),Less Than 8 ft.,3.0,38.0,3.0,1,0,20161116,OKC,HOU
Shot Chart Detail,0021600164,212,201569,Eric Gordon,1610612745,Houston Rockets,2,2,46,Missed Shot,Jump Shot,3PT Field Goal,Above the Break 3,Center(C),24+ ft.,26.0,-4.0,264.0,1,0,20161116,OKC,HOU
Shot Chart Detail,0021600164,265,201569,Eric Gordon,1610612745,Houston Rockets,3,9,10,Made Shot,Layup Shot,2PT Field Goal,Restricted Area,Center(C),Less Than 8 ft.,1.0,14.0,-1.0,1,1,20161116,OKC,HOU
Shot Chart Detail,0021600164,280,201569,Eric Gordon,1610612745,Houston Rockets,3,7,38,Missed Shot,Driving Floating Bank Jump Shot,2PT Field Goal,Mid-Range,Right Side(R),8-16 ft.,8.0,86.0,26.0,1,0,20161116,OKC,HOU
Shot Chart Detail,0021600164,290,201569,Eric Gordon,1610612745,Houston Rockets,3,6,39,Made Shot,Jump Shot,3PT Field Goal,Above the Break 3,Left Side Center(LC),24+ ft.,25.0,-165.0,193.0,1,1,20161116,OKC,HOU
Shot Chart Detail,0021600164,292,201569,Eric Gordon,1610612745,Houston Rockets,3,6,17,Missed Shot,Jump Shot,3PT Field Goal,Above the Break 3,Left Side Center(LC),24+ ft.,25.0,-197.0,159.0,1,0,20161116,OKC,HOU
Shot Chart Detail,0021600164,381,201569,Eric Gordon,1610612745,Houston Rockets,4,10,11,Missed Shot,Jump Shot,3PT Field Goal,Above the Break 3,Left Side Center(LC),24+ ft.,24.0,-151.0,198.0,1,0,20161116,OKC,HOU
Shot Chart Detail,0021600164,395,201569,Eric Gordon,1610612745,Houston Rockets,4,8,41,Missed Shot,Jump Shot,3PT Field Goal,Above the Break 3,Center(C),24+ ft.,24.0,-73.0,232.0,1,0,20161116,OKC,HOU
Shot Chart Detail,0021600164,451,201569,Eric Gordon,1610612745,Houston Rockets,4,3,23,Missed Shot,Jump Shot,3PT Field Goal,Above the Break 3,Center(C),24+ ft.,25.0,28.0,257.0,1,0,20161116,OKC,HOU
Shot Chart Detail,0021600164,454,201569,Eric Gordon,1610612745,Houston Rockets,4,2,32,Missed Shot,Jump Shot,3PT Field Goal,Above the Break 3,Right Side Center(RC),24+ ft.,24.0,200.0,139.0,1,0,20161116,OKC,HOU
Shot Chart Detail,0021600164,467,201569,Eric Gordon,1610612745,Houston Rockets,4,1,17,Missed Shot,Driving Layup Shot,2PT Field Goal,Restricted Area,Center(C),Less Than 8 ft.,0.0,6.0,2.0,1,0,20161116,OKC,HOU
Shot Chart Detail,0021600164,502,201569,Eric Gordon,1610612745,Houston Rockets,4,0,0,Made Shot,Step Back Jump shot,3PT Field Goal,Above the Break 3,Center(C),24+ ft.,24.0,56.0,239.0,1,1,20161116,OKC,HOU
Shot Chart Detail,0021600171,62,201569,Eric Gordon,1610612745,Houston Rockets,1,4,20,Missed Shot,Floating Jump shot,2PT Field Goal,In The Paint (Non-RA),Center(C),8-16 ft.,12.0,10.0,121.0,1,0,20161117,HOU,POR
Shot Chart Detail,0021600171,63,201569,Eric Gordon,1610612745,Houston Rockets,1,4,18,Missed Shot,Tip Layup Shot,2PT Field Goal,Restricted Area,Center(C),Less Than 8 ft.,1.0,4.0,11.0,1,0,20161117,HOU,POR
Shot Chart Detail,0021600171,65,201569,Eric Gordon,1610612745,Houston Rockets,1,4,17,Made Shot,Tip Layup Shot,2PT Field Goal,Restricted Area,Center(C),Less Than 8 ft.,1.0,-2.0,16.0,1,1,20161117,HOU,POR
Shot Chart Detail,0021600171,99,201569,Eric Gordon,1610612745,Houston Rockets,1,2,0,Missed Shot,Pullup Jump shot,3PT Field Goal,Above the Break 3,Right Side Center(RC),24+ ft.,26.0,133.0,224.0,1,0,20161117,HOU,POR
Shot Chart Detail,0021600171,104,201569,Eric Gordon,1610612745,Houston Rockets,1,1,22,Made Shot,Jump Shot,3PT Field Goal,Above the Break 3,Right Side Center(RC),24+ ft.,26.0,173.0,198.0,1,1,20161117,HOU,POR
Shot Chart Detail,0021600171,120,201569,Eric Gordon,1610612745,Houston Rockets,1,0,39,Made Shot,Pullup Jump shot,3PT Field Goal,Above the Break 3,Left Side Center(LC),24+ ft.,25.0,-115.0,223.0,1,1,20161117,HOU,POR
Shot Chart Detail,0021600171,186,201569,Eric Gordon,1610612745,Houston Rockets,2,7,39,Missed Shot,Jump Shot,3PT Field Goal,Above the Break 3,Right Side Center(RC),24+ ft.,25.0,173.0,193.0,1,0,20161117,HOU,POR
Shot Chart Detail,0021600171,207,201569,Eric Gordon,1610612745,Houston Rockets,2,6,8,Missed Shot,Pullup Jump shot,2PT Field Goal,Mid-Range,Left Side Center(LC),16-24 ft.,18.0,-125.0,136.0,1,0,20161117,HOU,POR
Shot Chart Detail,0021600171,314,201569,Eric Gordon,1610612745,Houston Rockets,3,7,38,Missed Shot,Jump Shot,3PT Field Goal,Right Corner 3,Right Side(R),24+ ft.,22.0,228.0,0.0,1,0,20161117,HOU,POR
Shot Chart Detail,0021600171,336,201569,Eric Gordon,1610612745,Houston Rockets,3,5,13,Made Shot,Step Back Jump shot,2PT Field Goal,Mid-Range,Center(C),16-24 ft.,19.0,-50.0,190.0,1,1,20161117,HOU,POR
Shot Chart Detail,0021600171,339,201569,Eric Gordon,1610612745,Houston Rockets,3,4,49,Made Shot,Driving Layup Shot,2PT Field Goal,Restricted Area,Center(C),Less Than 8 ft.,1.0,-16.0,7.0,1,1,20161117,HOU,POR
Shot Chart Detail,0021600171,424,201569,Eric Gordon,1610612745,Houston Rockets,4,10,3,Missed Shot,Driving Layup Shot,2PT Field Goal,Restricted Area,Center(C),Less Than 8 ft.,2.0,-24.0,7.0,1,0,20161117,HOU,POR
Shot Chart Detail,0021600171,430,201569,Eric Gordon,1610612745,Houston Rockets,4,9,21,Missed Shot,Jump Shot,3PT Field Goal,Above the Break 3,Right Side Center(RC),24+ ft.,27.0,215.0,178.0,1,0,20161117,HOU,POR
Shot Chart Detail,0021600171,436,201569,Eric Gordon,1610612745,Houston Rockets,4,8,55,Missed Shot,Pullup Jump shot,3PT Field Goal,Above the Break 3,Right Side Center(RC),24+ ft.,25.0,158.0,198.0,1,0,20161117,HOU,POR
Shot Chart Detail,0021600171,466,201569,Eric Gordon,1610612745,Houston Rockets,4,6,48,Made Shot,Driving Bank shot,2PT Field Goal,In The Paint (Non-RA),Center(C),Less Than 8 ft.,5.0,-35.0,38.0,1,1,20161117,HOU,POR
Shot Chart Detail,0021600184,64,201569,Eric Gordon,1610612745,Houston Rockets,1,5,24,Missed Shot,Pullup Jump shot,3PT Field Goal,Above the Break 3,Center(C),24+ ft.,25.0,-16.0,257.0,1,0,20161119,HOU,UTA
Shot Chart Detail,0021600184,118,201569,Eric Gordon,1610612745,Houston Rockets,1,0,0,Made Shot,Driving Layup Shot,2PT Field Goal,Restricted Area,Center(C),Less Than 8 ft.,2.0,28.0,0.0,1,1,20161119,HOU,UTA
Shot Chart Detail,0021600184,123,201569,Eric Gordon,1610612745,Houston Rockets,2,11,43,Missed Shot,Layup Shot,2PT Field Goal,Restricted Area,Center(C),Less Than 8 ft.,2.0,19.0,11.0,1,0,20161119,HOU,UTA
Shot Chart Detail,0021600184,142,201569,Eric Gordon,1610612745,Houston Rockets,2,9,17,Made Shot,Pullup Jump shot,3PT Field Goal,Above the Break 3,Center(C),24+ ft.,25.0,64.0,242.0,1,1,20161119,HOU,UTA
Shot Chart Detail,0021600184,145,201569,Eric Gordon,1610612745,Houston Rockets,2,8,45,Missed Shot,Driving Layup Shot,2PT Field Goal,Restricted Area,Center(C),Less Than 8 ft.,2.0,22.0,2.0,1,0,20161119,HOU,UTA
Shot Chart Detail,0021600184,151,201569,Eric Gordon,1610612745,Houston Rockets,2,7,48,Missed Shot,Jump Shot,3PT Field Goal,Above the Break 3,Right Side Center(RC),24+ ft.,26.0,182.0,188.0,1,0,20161119,HOU,UTA
Shot Chart Detail,0021600184,172,201569,Eric Gordon,1610612745,Houston Rockets,2,6,7,Made Shot,Driving Floating Jump Shot,2PT Field Goal,In The Paint (Non-RA),Center(C),8-16 ft.,8.0,-30.0,75.0,1,1,20161119,HOU,UTA
Shot Chart Detail,0021600184,200,201569,Eric Gordon,1610612745,Houston Rockets,2,3,8,Missed Shot,Jump Shot,3PT Field Goal,Above the Break 3,Right Side Center(RC),24+ ft.,27.0,158.0,223.0,1,0,20161119,HOU,UTA
Shot Chart Detail,0021600184,237,201569,Eric Gordon,1610612745,Houston Rockets,2,0,0,Missed Shot,Driving Layup Shot,2PT Field Goal,Restricted Area,Center(C),Less Than 8 ft.,2.0,24.0,7.0,1,0,20161119,HOU,UTA
Shot Chart Detail,0021600184,349,201569,Eric Gordon,1610612745,Houston Rockets,3,1,59,Made Shot,Pullup Jump shot,3PT Field Goal,Above the Break 3,Left Side Center(LC),24+ ft.,26.0,-150.0,219.0,1,1,20161119,HOU,UTA
Shot Chart Detail,0021600184,387,201569,Eric Gordon,1610612745,Houston Rockets,4,9,25,Missed Shot,Driving Layup Shot,2PT Field Goal,Restricted Area,Center(C),Less Than 8 ft.,1.0,-16.0,7.0,1,0,20161119,HOU,UTA
Shot Chart Detail,0021600184,409,201569,Eric Gordon,1610612745,Houston Rockets,4,8,0,Made Shot,Driving Layup Shot,2PT Field Goal,Restricted Area,Center(C),Less Than 8 ft.,3.0,-29.0,11.0,1,1,20161119,HOU,UTA
Shot Chart Detail,0021600184,418,201569,Eric Gordon,1610612745,Houston Rockets,4,7,14,Made Shot,Jump Shot,3PT Field Goal,Above the Break 3,Right Side Center(RC),24+ ft.,25.0,230.0,101.0,1,1,20161119,HOU,UTA
Shot Chart Detail,0021600184,432,201569,Eric Gordon,1610612745,Houston Rockets,4,5,54,Missed Shot,Jump Shot,3PT Field Goal,Above the Break 3,Right Side Center(RC),24+ ft.,26.0,158.0,213.0,1,0,20161119,HOU,UTA
Shot Chart Detail,0021600184,434,201569,Eric Gordon,1610612745,Houston Rockets,4,5,48,Made Shot,Jump Shot,3PT Field Goal,Above the Break 3,Right Side Center(RC),24+ ft.,25.0,223.0,121.0,1,1,20161119,HOU,UTA
Shot Chart Detail,0021600184,451,201569,Eric Gordon,1610612745,Houston Rockets,4,3,37,Missed Shot,Fadeaway Jump Shot,2PT Field Goal,In The Paint (Non-RA),Right Side(R),8-16 ft.,13.0,79.0,105.0,1,0,20161119,HOU,UTA
Shot Chart Detail,0021600203,125,201569,Eric Gordon,1610612745,Houston Rockets,2,10,58,Missed Shot,Jump Shot,3PT Field Goal,Above the Break 3,Left Side Center(LC),24+ ft.,27.0,-225.0,151.0,1,0,20161121,DET,HOU
Shot Chart Detail,0021600203,133,201569,Eric Gordon,1610612745,Houston Rockets,2,10,18,Missed Shot,Layup Shot,2PT Field Goal,Restricted Area,Center(C),Less Than 8 ft.,0.0,-7.0,2.0,1,0,20161121,DET,HOU
Shot Chart Detail,0021600203,411,201569,Eric Gordon,1610612745,Houston Rockets,4,11,3,Missed Shot,Floating Jump shot,2PT Field Goal,Mid-Range,Right Side(R),8-16 ft.,12.0,123.0,38.0,1,0,20161121,DET,HOU
Shot Chart Detail,0021600203,425,201569,Eric Gordon,1610612745,Houston Rockets,4,8,27,Missed Shot,Jump Shot,3PT Field Goal,Above the Break 3,Center(C),24+ ft.,26.0,32.0,262.0,1,0,20161121,DET,HOU
Shot Chart Detail,0021600203,488,201569,Eric Gordon,1610612745,Houston Rockets,4,1,26,Missed Shot,Jump Shot,3PT Field Goal,Above the Break 3,Right Side Center(RC),24+ ft.,26.0,215.0,154.0,1,0,20161121,DET,HOU
Shot Chart Detail,0021600219,92,201569,Eric Gordon,1610612745,Houston Rockets,1,2,15,Missed Shot,Jump Shot,3PT Field Goal,Above the Break 3,Left Side Center(LC),24+ ft.,25.0,-199.0,164.0,1,0,20161123,HOU,TOR
Shot Chart Detail,0021600219,120,201569,Eric Gordon,1610612745,Houston Rockets,2,11,47,Missed Shot,Driving Layup Shot,2PT Field Goal,Restricted Area,Center(C),Less Than 8 ft.,2.0,0.0,26.0,1,0,20161123,HOU,TOR
Shot Chart Detail,0021600219,143,201569,Eric Gordon,1610612745,Houston Rockets,2,9,21,Made Shot,Driving Layup Shot,2PT Field Goal,Restricted Area,Center(C),Less Than 8 ft.,2.0,14.0,23.0,1,1,20161123,HOU,TOR
Shot Chart Detail,0021600219,156,201569,Eric Gordon,1610612745,Houston Rockets,2,7,43,Missed Shot,Jump Shot,3PT Field Goal,Above the Break 3,Center(C),24+ ft.,25.0,53.0,249.0,1,0,20161123,HOU,TOR
Shot Chart Detail,0021600219,167,201569,Eric Gordon,1610612745,Houston Rockets,2,6,1,Missed Shot,Jump Shot,3PT Field Goal,Above the Break 3,Left Side Center(LC),24+ ft.,28.0,-92.0,267.0,1,0,20161123,HOU,TOR
Shot Chart Detail,0021600219,185,201569,Eric Gordon,1610612745,Houston Rockets,2,4,41,Missed Shot,Jump Shot,3PT Field Goal,Above the Break 3,Left Side Center(LC),24+ ft.,25.0,-138.0,210.0,1,0,20161123,HOU,TOR
Shot Chart Detail,0021600219,375,201569,Eric Gordon,1610612745,Houston Rockets,3,1,10,Made Shot,Jump Shot,3PT Field Goal,Above the Break 3,Right Side Center(RC),24+ ft.,25.0,217.0,139.0,1,1,20161123,HOU,TOR
Shot Chart Detail,0021600219,400,201569,Eric Gordon,1610612745,Houston Rockets,4,10,51,Made Shot,Driving Finger Roll Layup Shot,2PT Field Goal,In The Paint (Non-RA),Center(C),Less Than 8 ft.,4.0,-3.0,44.0,1,1,20161123,HOU,TOR
Shot Chart Detail,0021600219,403,201569,Eric Gordon,1610612745,Houston Rockets,4,10,23,Missed Shot,Jump Shot,3PT Field Goal,Above the Break 3,Right Side Center(RC),24+ ft.,27.0,210.0,174.0,1,0,20161123,HOU,TOR
Shot Chart Detail,0021600219,428,201569,Eric Gordon,1610612745,Houston Rockets,4,8,21,Missed Shot,Jump Shot,2PT Field Goal,Mid-Range,Right Side Center(RC),16-24 ft.,18.0,141.0,126.0,1,0,20161123,HOU,TOR
Shot Chart Detail,0021600219,456,201569,Eric Gordon,1610612745,Houston Rockets,4,5,32,Made Shot,Driving Layup Shot,2PT Field Goal,Restricted Area,Center(C),Less Than 8 ft.,3.0,6.0,36.0,1,1,20161123,HOU,TOR
Shot Chart Detail,0021600219,468,201569,Eric Gordon,1610612745,Houston Rockets,4,4,45,Missed Shot,Jump Shot,3PT Field Goal,Above the Break 3,Center(C),24+ ft.,25.0,25.0,257.0,1,0,20161123,HOU,TOR
Shot Chart Detail,0021600219,470,201569,Eric Gordon,1610612745,Houston Rockets,4,4,40,Missed Shot,Jump Shot,3PT Field Goal,Above the Break 3,Right Side Center(RC),24+ ft.,24.0,164.0,183.0,1,0,20161123,HOU,TOR
Shot Chart Detail,0021600239,70,201569,Eric Gordon,1610612745,Houston Rockets,1,4,7,Missed Shot,Jump Shot,3PT Field Goal,Right Corner 3,Right Side(R),24+ ft.,23.0,232.0,38.0,1,0,20161125,SAC,HOU
Shot Chart Detail,0021600239,79,201569,Eric Gordon,1610612745,Houston Rockets,1,3,49,Missed Shot,Jump Shot,3PT Field Goal,Right Corner 3,Right Side(R),24+ ft.,24.0,227.0,87.0,1,0,20161125,SAC,HOU
Shot Chart Detail,0021600239,87,201569,Eric Gordon,1610612745,Houston Rockets,1,3,29,Made Shot,Jump Shot,3PT Field Goal,Above the Break 3,Center(C),24+ ft.,25.0,55.0,247.0,1,1,20161125,SAC,HOU
Shot Chart Detail,0021600239,140,201569,Eric Gordon,1610612745,Houston Rockets,2,10,33,Made Shot,Jump Shot,3PT Field Goal,Above the Break 3,Center(C),24+ ft.,25.0,6.0,257.0,1,1,20161125,SAC,HOU
Shot Chart Detail,0021600239,181,201569,Eric Gordon,1610612745,Houston Rockets,2,8,4,Missed Shot,Jump Shot,3PT Field Goal,Above the Break 3,Left Side Center(LC),24+ ft.,25.0,-92.0,237.0,1,0,20161125,SAC,HOU
Shot Chart Detail,0021600239,350,201569,Eric Gordon,1610612745,Houston Rockets,3,3,48,Missed Shot,Jump Shot,3PT Field Goal,Above the Break 3,Right Side Center(RC),24+ ft.,24.0,195.0,154.0,1,0,20161125,SAC,HOU
Shot Chart Detail,0021600239,357,201569,Eric Gordon,1610612745,Houston Rockets,3,2,24,Made Shot,Cutting Layup Shot,2PT Field Goal,Restricted Area,Center(C),Less Than 8 ft.,2.0,20.0,11.0,1,1,20161125,SAC,HOU
Shot Chart Detail,0021600239,397,201569,Eric Gordon,1610612745,Houston Rockets,4,11,2,Missed Shot,Jump Shot,3PT Field Goal,Above the Break 3,Left Side Center(LC),24+ ft.,24.0,-78.0,237.0,1,0,20161125,SAC,HOU
Shot Chart Detail,0021600239,402,201569,Eric Gordon,1610612745,Houston Rockets,4,10,31,Made Shot,Pullup Jump shot,3PT Field Goal,Above the Break 3,Center(C),24+ ft.,25.0,-29.0,252.0,1,1,20161125,SAC,HOU
Shot Chart Detail,0021600239,423,201569,Eric Gordon,1610612745,Houston Rockets,4,9,26,Missed Shot,Jump Shot,3PT Field Goal,Above the Break 3,Center(C),24+ ft.,25.0,-60.0,247.0,1,0,20161125,SAC,HOU
Shot Chart Detail,0021600239,474,201569,Eric Gordon,1610612745,Houston Rockets,4,4,11,Missed Shot,Jump Shot,3PT Field Goal,Left Corner 3,Left Side(L),24+ ft.,22.0,-228.0,11.0,1,0,20161125,SAC,HOU
Shot Chart Detail,0021600239,478,201569,Eric Gordon,1610612745,Houston Rockets,4,3,53,Missed Shot,Jump Shot,3PT Field Goal,Above the Break 3,Left Side Center(LC),24+ ft.,24.0,-179.0,174.0,1,0,20161125,SAC,HOU
Shot Chart Detail,0021600239,508,201569,Eric Gordon,1610612745,Houston Rockets,4,0,51,Made Shot,Jump Shot,3PT Field Goal,Above the Break 3,Right Side Center(RC),24+ ft.,24.0,199.0,146.0,1,1,20161125,SAC,HOU
Shot Chart Detail,0021600251,60,201569,Eric Gordon,1610612745,Houston Rockets,1,3,41,Made Shot,Driving Layup Shot,2PT Field Goal,Restricted Area,Center(C),Less Than 8 ft.,0.0,-2.0,2.0,1,1,20161127,POR,HOU
Shot Chart Detail,0021600251,72,201569,Eric Gordon,1610612745,Houston Rockets,1,2,22,Missed Shot,Pullup Jump shot,3PT Field Goal,Above the Break 3,Center(C),24+ ft.,24.0,-37.0,244.0,1,0,20161127,POR,HOU
Shot Chart Detail,0021600251,93,201569,Eric Gordon,1610612745,Houston Rockets,1,1,3,Missed Shot,Jump Shot,3PT Field Goal,Above the Break 3,Center(C),24+ ft.,25.0,-73.0,247.0,1,0,20161127,POR,HOU
Shot Chart Detail,0021600251,102,201569,Eric Gordon,1610612745,Houston Rockets,1,0,27,Made Shot,Jump Shot,3PT Field Goal,Above the Break 3,Right Side Center(RC),24+ ft.,27.0,171.0,213.0,1,1,20161127,POR,HOU
Shot Chart Detail,0021600251,115,201569,Eric Gordon,1610612745,Houston Rockets,2,11,3,Made Shot,Jump Shot,3PT Field Goal,Above the Break 3,Left Side Center(LC),24+ ft.,24.0,-99.0,224.0,1,1,20161127,POR,HOU
Shot Chart Detail,0021600251,120,201569,Eric Gordon,1610612745,Houston Rockets,2,10,32,Made Shot,Driving Layup Shot,2PT Field Goal,Restricted Area,Center(C),Less Than 8 ft.,1.0,-14.0,7.0,1,1,20161127,POR,HOU
Shot Chart Detail,0021600251,137,201569,Eric Gordon,1610612745,Houston Rockets,2,9,8,Missed Shot,Jump Shot,2PT Field Goal,In The Paint (Non-RA),Center(C),8-16 ft.,10.0,35.0,95.0,1,0,20161127,POR,HOU
Shot Chart Detail,0021600251,155,201569,Eric Gordon,1610612745,Houston Rockets,2,7,16,Missed Shot,Jump Shot,3PT Field Goal,Right Corner 3,Right Side(R),24+ ft.,23.0,228.0,46.0,1,0,20161127,POR,HOU
Shot Chart Detail,0021600251,187,201569,Eric Gordon,1610612745,Houston Rockets,2,4,36,Missed Shot,Driving Hook Shot,2PT Field Goal,Restricted Area,Center(C),Less Than 8 ft.,3.0,10.0,36.0,1,0,20161127,POR,HOU
Shot Chart Detail,0021600251,323,201569,Eric Gordon,1610612745,Houston Rockets,3,4,33,Missed Shot,Layup Shot,2PT Field Goal,Restricted Area,Center(C),Less Than 8 ft.,1.0,10.0,8.0,1,0,20161127,POR,HOU
Shot Chart Detail,0021600251,334,201569,Eric Gordon,1610612745,Houston Rockets,3,3,21,Made Shot,Pullup Jump shot,2PT Field Goal,Mid-Range,Left Side Center(LC),16-24 ft.,22.0,-84.0,208.0,1,1,20161127,POR,HOU
Shot Chart Detail,0021600251,344,201569,Eric Gordon,1610612745,Houston Rockets,3,2,30,Made Shot,Pullup Jump shot,3PT Field Goal,Above the Break 3,Left Side Center(LC),24+ ft.,26.0,-130.0,232.0,1,1,20161127,POR,HOU
Shot Chart Detail,0021600251,348,201569,Eric Gordon,1610612745,Houston Rockets,3,2,1,Made Shot,Jump Shot,3PT Field Goal,Above the Break 3,Right Side Center(RC),24+ ft.,24.0,169.0,178.0,1,1,20161127,POR,HOU
Shot Chart Detail,0021600251,392,201569,Eric Gordon,1610612745,Houston Rockets,4,10,42,Made Shot,Pullup Jump shot,3PT Field Goal,Above the Break 3,Left Side Center(LC),24+ ft.,24.0,-147.0,200.0,1,1,20161127,POR,HOU
Shot Chart Detail,0021600251,395,201569,Eric Gordon,1610612745,Houston Rockets,4,10,11,Made Shot,Pullup Jump shot,3PT Field Goal,Above the Break 3,Left Side Center(LC),24+ ft.,25.0,-163.0,200.0,1,1,20161127,POR,HOU
Shot Chart Detail,0021600265,60,201569,Eric Gordon,1610612745,Houston Rockets,1,4,49,Made Shot,Jump Shot,2PT Field Goal,In The Paint (Non-RA),Center(C),8-16 ft.,15.0,-74.0,136.0,1,1,20161129,UTA,HOU
Shot Chart Detail,0021600265,66,201569,Eric Gordon,1610612745,Houston Rockets,1,4,16,Missed Shot,Driving Layup Shot,2PT Field Goal,Restricted Area,Center(C),Less Than 8 ft.,1.0,17.0,3.0,1,0,20161129,UTA,HOU
Shot Chart Detail,0021600265,69,201569,Eric Gordon,1610612745,Houston Rockets,1,3,41,Missed Shot,Jump Shot,3PT Field Goal,Above the Break 3,Right Side Center(RC),24+ ft.,24.0,82.0,232.0,1,0,20161129,UTA,HOU
Shot Chart Detail,0021600265,72,201569,Eric Gordon,1610612745,Houston Rockets,1,3,4,Missed Shot,Jump Shot,2PT Field Goal,Mid-Range,Left Side Center(LC),16-24 ft.,17.0,-119.0,126.0,1,0,20161129,UTA,HOU
Shot Chart Detail,0021600265,76,201569,Eric Gordon,1610612745,Houston Rockets,1,2,37,Missed Shot,Jump Shot,3PT Field Goal,Above the Break 3,Left Side Center(LC),24+ ft.,24.0,-120.0,213.0,1,0,20161129,UTA,HOU
Shot Chart Detail,0021600265,88,201569,Eric Gordon,1610612745,Houston Rockets,1,1,57,Made Shot,Driving Layup Shot,2PT Field Goal,Restricted Area,Center(C),Less Than 8 ft.,1.0,12.0,2.0,1,1,20161129,UTA,HOU
Shot Chart Detail,0021600265,106,201569,Eric Gordon,1610612745,Houston Rockets,1,0,0,Made Shot,Running Layup Shot,2PT Field Goal,Restricted Area,Center(C),Less Than 8 ft.,2.0,19.0,7.0,1,1,20161129,UTA,HOU
Shot Chart Detail,0021600265,119,201569,Eric Gordon,1610612745,Houston Rockets,2,10,24,Missed Shot,Running Jump Shot,3PT Field Goal,Above the Break 3,Right Side Center(RC),24+ ft.,25.0,119.0,223.0,1,0,20161129,UTA,HOU
Shot Chart Detail,0021600265,188,201569,Eric Gordon,1610612745,Houston Rockets,2,4,36,Missed Shot,Jump Shot,3PT Field Goal,Right Corner 3,Right Side(R),24+ ft.,23.0,236.0,2.0,1,0,20161129,UTA,HOU
Shot Chart Detail,0021600265,191,201569,Eric Gordon,1610612745,Houston Rockets,2,3,57,Missed Shot,Driving Layup Shot,2PT Field Goal,Restricted Area,Center(C),Less Than 8 ft.,3.0,27.0,21.0,1,0,20161129,UTA,HOU
Shot Chart Detail,0021600265,292,201569,Eric Gordon,1610612745,Houston Rockets,3,6,16,Made Shot,Jump Bank Shot,3PT Field Goal,Above the Break 3,Center(C),24+ ft.,24.0,-14.0,242.0,1,1,20161129,UTA,HOU
Shot Chart Detail,0021600265,324,201569,Eric Gordon,1610612745,Houston Rockets,3,3,43,Made Shot,Step Back Jump shot,2PT Field Goal,Mid-Range,Right Side Center(RC),16-24 ft.,20.0,64.0,195.0,1,1,20161129,UTA,HOU
Shot Chart Detail,0021600265,344,201569,Eric Gordon,1610612745,Houston Rockets,3,2,33,Missed Shot,Jump Shot,3PT Field Goal,Above the Break 3,Left Side Center(LC),24+ ft.,24.0,-209.0,129.0,1,0,20161129,UTA,HOU
Shot Chart Detail,0021600265,367,201569,Eric Gordon,1610612745,Houston Rockets,3,1,42,Made Shot,Running Jump Shot,3PT Field Goal,Above the Break 3,Right Side Center(RC),24+ ft.,25.0,140.0,210.0,1,1,20161129,UTA,HOU
Shot Chart Detail,0021600265,374,201569,Eric Gordon,1610612745,Houston Rockets,3,1,6,Made Shot,Jump Shot,3PT Field Goal,Above the Break 3,Center(C),24+ ft.,25.0,15.0,252.0,1,1,20161129,UTA,HOU
Shot Chart Detail,0021600265,402,201569,Eric Gordon,1610612745,Houston Rockets,4,10,12,Missed Shot,Jump Shot,2PT Field Goal,In The Paint (Non-RA),Center(C),Less Than 8 ft.,5.0,51.0,16.0,1,0,20161129,UTA,HOU
Shot Chart Detail,0021600265,456,201569,Eric Gordon,1610612745,Houston Rockets,4,4,26,Made Shot,Jump Shot,3PT Field Goal,Above the Break 3,Right Side Center(RC),24+ ft.,25.0,143.0,208.0,1,1,20161129,UTA,HOU
Shot Chart Detail,0021600281,101,201569,Eric Gordon,1610612745,Houston Rockets,1,2,33,Made Shot,Running Layup Shot,2PT Field Goal,Restricted Area,Center(C),Less Than 8 ft.,1.0,-1.0,11.0,1,1,20161201,GSW,HOU
Shot Chart Detail,0021600281,110,201569,Eric Gordon,1610612745,Houston Rockets,1,1,58,Made Shot,Driving Finger Roll Layup Shot,2PT Field Goal,Restricted Area,Center(C),Less Than 8 ft.,1.0,-1.0,16.0,1,1,20161201,GSW,HOU
Shot Chart Detail,0021600281,124,201569,Eric Gordon,1610612745,Houston Rockets,1,1,3,Made Shot,Step Back Jump shot,3PT Field Goal,Above the Break 3,Left Side Center(LC),24+ ft.,24.0,-125.0,213.0,1,1,20161201,GSW,HOU
Shot Chart Detail,0021600281,138,201569,Eric Gordon,1610612745,Houston Rockets,2,10,52,Missed Shot,Driving Layup Shot,2PT Field Goal,Restricted Area,Center(C),Less Than 8 ft.,2.0,9.0,26.0,1,0,20161201,GSW,HOU
Shot Chart Detail,0021600281,162,201569,Eric Gordon,1610612745,Houston Rockets,2,8,42,Made Shot,Driving Layup Shot,2PT Field Goal,Restricted Area,Center(C),Less Than 8 ft.,2.0,-7.0,26.0,1,1,20161201,GSW,HOU
Shot Chart Detail,0021600281,182,201569,Eric Gordon,1610612745,Houston Rockets,2,7,40,Made Shot,Driving Layup Shot,2PT Field Goal,Restricted Area,Center(C),Less Than 8 ft.,1.0,-11.0,11.0,1,1,20161201,GSW,HOU
Shot Chart Detail,0021600281,184,201569,Eric Gordon,1610612745,Houston Rockets,2,7,12,Missed Shot,Jump Shot,3PT Field Goal,Above the Break 3,Right Side Center(RC),24+ ft.,28.0,168.0,232.0,1,0,20161201,GSW,HOU
Shot Chart Detail,0021600281,264,201569,Eric Gordon,1610612745,Houston Rockets,2,0,34,Missed Shot,Jump Shot,2PT Field Goal,In The Paint (Non-RA),Center(C),Less Than 8 ft.,4.0,-27.0,36.0,1,0,20161201,GSW,HOU
Shot Chart Detail,0021600281,394,201569,Eric Gordon,1610612745,Houston Rockets,3,2,23,Missed Shot,Layup Shot,2PT Field Goal,Restricted Area,Center(C),Less Than 8 ft.,2.0,0.0,23.0,1,0,20161201,GSW,HOU
Shot Chart Detail,0021600281,418,201569,Eric Gordon,1610612745,Houston Rockets,4,11,36,Missed Shot,Jump Shot,2PT Field Goal,Mid-Range,Right Side(R),16-24 ft.,18.0,151.0,105.0,1,0,20161201,GSW,HOU
Shot Chart Detail,0021600281,422,201569,Eric Gordon,1610612745,Houston Rockets,4,11,10,Missed Shot,Pullup Jump shot,3PT Field Goal,Above the Break 3,Right Side Center(RC),24+ ft.,26.0,112.0,244.0,1,0,20161201,GSW,HOU
Shot Chart Detail,0021600281,429,201569,Eric Gordon,1610612745,Houston Rockets,4,10,25,Missed Shot,Driving Layup Shot,2PT Field Goal,Restricted Area,Center(C),Less Than 8 ft.,0.0,-7.0,7.0,1,0,20161201,GSW,HOU
Shot Chart Detail,0021600281,437,201569,Eric Gordon,1610612745,Houston Rockets,4,9,32,Missed Shot,Jump Shot,3PT Field Goal,Above the Break 3,Left Side Center(LC),24+ ft.,26.0,-183.0,193.0,1,0,20161201,GSW,HOU
Shot Chart Detail,0021600281,454,201569,Eric Gordon,1610612745,Houston Rockets,4,8,28,Made Shot,Pullup Jump shot,3PT Field Goal,Above the Break 3,Left Side Center(LC),24+ ft.,25.0,-202.0,151.0,1,1,20161201,GSW,HOU
Shot Chart Detail,0021600281,476,201569,Eric Gordon,1610612745,Houston Rockets,4,6,42,Missed Shot,Jump Shot,3PT Field Goal,Above the Break 3,Left Side Center(LC),24+ ft.,27.0,-209.0,174.0,1,0,20161201,GSW,HOU
Shot Chart Detail,0021600281,530,201569,Eric Gordon,1610612745,Houston Rockets,4,2,37,Made Shot,Pullup Jump shot,3PT Field Goal,Left Corner 3,Left Side(L),24+ ft.,24.0,-240.0,0.0,1,1,20161201,GSW,HOU
Shot Chart Detail,0021600281,603,201569,Eric Gordon,1610612745,Houston Rockets,5,2,7,Missed Shot,Jump Shot,3PT Field Goal,Above the Break 3,Center(C),24+ ft.,24.0,15.0,249.0,1,0,20161201,GSW,HOU
Shot Chart Detail,0021600281,609,201569,Eric Gordon,1610612745,Houston Rockets,5,1,25,Made Shot,Pullup Jump shot,3PT Field Goal,Above the Break 3,Left Side Center(LC),24+ ft.,26.0,-201.0,175.0,1,1,20161201,GSW,HOU
Shot Chart Detail,0021600281,673,201569,Eric Gordon,1610612745,Houston Rockets,6,1,53,Made Shot,Running Jump Shot,2PT Field Goal,In The Paint (Non-RA),Center(C),8-16 ft.,9.0,1.0,90.0,1,1,20161201,GSW,HOU
Shot Chart Detail,0021600290,95,201569,Eric Gordon,1610612745,Houston Rockets,1,2,28,Missed Shot,Jump Shot,3PT Field Goal,Above the Break 3,Right Side Center(RC),24+ ft.,26.0,169.0,203.0,1,0,20161202,DEN,HOU
Shot Chart Detail,0021600290,108,201569,Eric Gordon,1610612745,Houston Rockets,1,1,43,Made Shot,Jump Shot,3PT Field Goal,Above the Break 3,Center(C),24+ ft.,25.0,-1.0,257.0,1,1,20161202,DEN,HOU
Shot Chart Detail,0021600290,119,201569,Eric Gordon,1610612745,Houston Rockets,1,0,40,Made Shot,Driving Layup Shot,2PT Field Goal,Restricted Area,Center(C),Less Than 8 ft.,1.0,19.0,2.0,1,1,20161202,DEN,HOU
Shot Chart Detail,0021600290,143,201569,Eric Gordon,1610612745,Houston Rockets,2,10,29,Missed Shot,Jump Shot,3PT Field Goal,Above the Break 3,Right Side Center(RC),24+ ft.,27.0,182.0,203.0,1,0,20161202,DEN,HOU
Shot Chart Detail,0021600290,279,201569,Eric Gordon,1610612745,Houston Rockets,2,2,38,Missed Shot,Jump Shot,3PT Field Goal,Above the Break 3,Right Side Center(RC),24+ ft.,25.0,217.0,129.0,1,0,20161202,DEN,HOU
Shot Chart Detail,0021600290,293,201569,Eric Gordon,1610612745,Houston Rockets,2,1,45,Missed Shot,Jump Shot,2PT Field Goal,In The Paint (Non-RA),Center(C),Less Than 8 ft.,5.0,-14.0,51.0,1,0,20161202,DEN,HOU
Shot Chart Detail,0021600290,317,201569,Eric Gordon,1610612745,Houston Rockets,2,0,0,Made Shot,Running Layup Shot,2PT Field Goal,Restricted Area,Center(C),Less Than 8 ft.,2.0,22.0,7.0,1,1,20161202,DEN,HOU
Shot Chart Detail,0021600290,400,201569,Eric Gordon,1610612745,Houston Rockets,3,4,11,Made Shot,Jump Shot,3PT Field Goal,Above the Break 3,Right Side Center(RC),24+ ft.,28.0,151.0,247.0,1,1,20161202,DEN,HOU
Shot Chart Detail,0021600290,428,201569,Eric Gordon,1610612745,Houston Rockets,3,1,32,Missed Shot,Running Layup Shot,2PT Field Goal,Restricted Area,Center(C),Less Than 8 ft.,1.0,-11.0,7.0,1,0,20161202,DEN,HOU
Shot Chart Detail,0021600290,432,201569,Eric Gordon,1610612745,Houston Rockets,3,0,59,Made Shot,Jump Shot,3PT Field Goal,Above the Break 3,Right Side Center(RC),24+ ft.,25.0,92.0,234.0,1,1,20161202,DEN,HOU
Shot Chart Detail,0021600290,438,201569,Eric Gordon,1610612745,Houston Rockets,3,0,15,Missed Shot,Step Back Jump shot,2PT Field Goal,Mid-Range,Center(C),16-24 ft.,17.0,9.0,174.0,1,0,20161202,DEN,HOU
Shot Chart Detail,0021600290,449,201569,Eric Gordon,1610612745,Houston Rockets,4,11,20,Missed Shot,Jump Shot,3PT Field Goal,Above the Break 3,Right Side Center(RC),24+ ft.,27.0,122.0,252.0,1,0,20161202,DEN,HOU
Shot Chart Detail,0021600290,478,201569,Eric Gordon,1610612745,Houston Rockets,4,9,14,Made Shot,Jump Shot,3PT Field Goal,Above the Break 3,Right Side Center(RC),24+ ft.,26.0,125.0,228.0,1,1,20161202,DEN,HOU
Shot Chart Detail,0021600311,84,201569,Eric Gordon,1610612745,Houston Rockets,1,2,54,Missed Shot,Jump Shot,3PT Field Goal,Above the Break 3,Left Side Center(LC),24+ ft.,32.0,-210.0,242.0,1,0,20161205,HOU,BOS
Shot Chart Detail,0021600311,122,201569,Eric Gordon,1610612745,Houston Rockets,1,0,34,Made Shot,Pullup Jump shot,3PT Field Goal,Above the Break 3,Right Side Center(RC),24+ ft.,26.0,159.0,213.0,1,1,20161205,HOU,BOS
Shot Chart Detail,0021600311,134,201569,Eric Gordon,1610612745,Houston Rockets,2,10,54,Missed Shot,Jump Shot,3PT Field Goal,Above the Break 3,Right Side Center(RC),24+ ft.,25.0,112.0,228.0,1,0,20161205,HOU,BOS
Shot Chart Detail,0021600311,153,201569,Eric Gordon,1610612745,Houston Rockets,2,9,21,Missed Shot,Pullup Jump shot,3PT Field Goal,Above the Break 3,Right Side Center(RC),24+ ft.,25.0,169.0,193.0,1,0,20161205,HOU,BOS
Shot Chart Detail,0021600311,224,201569,Eric Gordon,1610612745,Houston Rockets,2,3,52,Made Shot,Jump Shot,3PT Field Goal,Above the Break 3,Right Side Center(RC),24+ ft.,26.0,177.0,198.0,1,1,20161205,HOU,BOS
Shot Chart Detail,0021600311,339,201569,Eric Gordon,1610612745,Houston Rockets,3,5,2,Missed Shot,Jump Shot,3PT Field Goal,Above the Break 3,Right Side Center(RC),24+ ft.,26.0,163.0,213.0,1,0,20161205,HOU,BOS
Shot Chart Detail,0021600311,364,201569,Eric Gordon,1610612745,Houston Rockets,3,2,20,Made Shot,Step Back Jump shot,2PT Field Goal,Mid-Range,Left Side(L),16-24 ft.,19.0,-165.0,101.0,1,1,20161205,HOU,BOS
Shot Chart Detail,0021600311,367,201569,Eric Gordon,1610612745,Houston Rockets,3,1,44,Missed Shot,Jump Shot,3PT Field Goal,Above the Break 3,Left Side Center(LC),24+ ft.,28.0,-199.0,203.0,1,0,20161205,HOU,BOS
Shot Chart Detail,0021600311,405,201569,Eric Gordon,1610612745,Houston Rockets,4,11,14,Made Shot,Jump Shot,3PT Field Goal,Above the Break 3,Right Side Center(RC),24+ ft.,26.0,197.0,183.0,1,1,20161205,HOU,BOS
Shot Chart Detail,0021600311,420,201569,Eric Gordon,1610612745,Houston Rockets,4,9,33,Made Shot,Jump Shot,3PT Field Goal,Above the Break 3,Right Side Center(RC),24+ ft.,28.0,143.0,242.0,1,1,20161205,HOU,BOS
Shot Chart Detail,0021600311,427,201569,Eric Gordon,1610612745,Houston Rockets,4,8,39,Made Shot,Jump Shot,2PT Field Goal,In The Paint (Non-RA),Left Side(L),8-16 ft.,8.0,-66.0,47.0,1,1,20161205,HOU,BOS
Shot Chart Detail,0021600326,58,201569,Eric Gordon,1610612745,Houston Rockets,1,5,53,Made Shot,Jump Shot,3PT Field Goal,Above the Break 3,Right Side Center(RC),24+ ft.,26.0,164.0,203.0,1,1,20161207,HOU,LAL
Shot Chart Detail,0021600326,123,201569,Eric Gordon,1610612745,Houston Rockets,1,1,51,Made Shot,Jump Shot,3PT Field Goal,Above the Break 3,Left Side Center(LC),24+ ft.,25.0,-163.0,198.0,1,1,20161207,HOU,LAL
Shot Chart Detail,0021600326,133,201569,Eric Gordon,1610612745,Houston Rockets,1,0,50,Made Shot,Jump Shot,3PT Field Goal,Above the Break 3,Right Side Center(RC),24+ ft.,26.0,194.0,178.0,1,1,20161207,HOU,LAL
Shot Chart Detail,0021600326,136,201569,Eric Gordon,1610612745,Houston Rockets,1,0,25,Made Shot,Jump Shot,3PT Field Goal,Above the Break 3,Right Side Center(RC),24+ ft.,27.0,87.0,262.0,1,1,20161207,HOU,LAL
Shot Chart Detail,0021600326,152,201569,Eric Gordon,1610612745,Houston Rockets,2,11,37,Made Shot,Driving Layup Shot,2PT Field Goal,Restricted Area,Center(C),Less Than 8 ft.,3.0,9.0,33.0,1,1,20161207,HOU,LAL
Shot Chart Detail,0021600326,174,201569,Eric Gordon,1610612745,Houston Rockets,2,9,33,Missed Shot,Jump Shot,3PT Field Goal,Above the Break 3,Right Side Center(RC),24+ ft.,28.0,181.0,218.0,1,0,20161207,HOU,LAL
Shot Chart Detail,0021600326,238,201569,Eric Gordon,1610612745,Houston Rockets,2,4,36,Missed Shot,Jump Shot,3PT Field Goal,Right Corner 3,Right Side(R),24+ ft.,23.0,232.0,18.0,1,0,20161207,HOU,LAL
Shot Chart Detail,0021600326,242,201569,Eric Gordon,1610612745,Houston Rockets,2,4,15,Missed Shot,Jump Shot,3PT Field Goal,Above the Break 3,Center(C),24+ ft.,27.0,6.0,272.0,1,0,20161207,HOU,LAL
Shot Chart Detail,0021600326,249,201569,Eric Gordon,1610612745,Houston Rockets,2,3,38,Made Shot,Jump Shot,3PT Field Goal,Above the Break 3,Left Side Center(LC),24+ ft.,26.0,-202.0,170.0,1,1,20161207,HOU,LAL
Shot Chart Detail,0021600326,263,201569,Eric Gordon,1610612745,Houston Rockets,2,1,57,Missed Shot,Jump Shot,3PT Field Goal,Left Corner 3,Left Side(L),24+ ft.,24.0,-238.0,65.0,1,0,20161207,HOU,LAL
Shot Chart Detail,0021600326,404,201569,Eric Gordon,1610612745,Houston Rockets,3,2,54,Made Shot,Jump Shot,3PT Field Goal,Above the Break 3,Center(C),24+ ft.,25.0,-52.0,249.0,1,1,20161207,HOU,LAL
Shot Chart Detail,0021600326,442,201569,Eric Gordon,1610612745,Houston Rockets,3,0,45,Made Shot,Jump Shot,3PT Field Goal,Above the Break 3,Left Side Center(LC),24+ ft.,29.0,-197.0,218.0,1,1,20161207,HOU,LAL
Shot Chart Detail,0021600326,446,201569,Eric Gordon,1610612745,Houston Rockets,3,0,31,Made Shot,Pullup Jump shot,3PT Field Goal,Above the Break 3,Right Side Center(RC),24+ ft.,25.0,177.0,188.0,1,1,20161207,HOU,LAL
Shot Chart Detail,0021600341,73,201569,Eric Gordon,1610612745,Houston Rockets,1,6,1,Missed Shot,Jump Shot,3PT Field Goal,Above the Break 3,Left Side Center(LC),24+ ft.,24.0,-135.0,203.0,1,0,20161209,OKC,HOU
Shot Chart Detail,0021600341,117,201569,Eric Gordon,1610612745,Houston Rockets,1,2,32,Made Shot,Jump Shot,3PT Field Goal,Above the Break 3,Left Side Center(LC),24+ ft.,24.0,-120.0,213.0,1,1,20161209,OKC,HOU
Shot Chart Detail,0021600341,122,201569,Eric Gordon,1610612745,Houston Rockets,1,1,46,Missed Shot,Jump Shot,3PT Field Goal,Above the Break 3,Left Side Center(LC),24+ ft.,25.0,-120.0,223.0,1,0,20161209,OKC,HOU
Shot Chart Detail,0021600341,166,201569,Eric Gordon,1610612745,Houston Rockets,2,10,37,Missed Shot,Layup Shot,2PT Field Goal,Restricted Area,Center(C),Less Than 8 ft.,1.0,14.0,11.0,1,0,20161209,OKC,HOU
Shot Chart Detail,0021600341,185,201569,Eric Gordon,1610612745,Houston Rockets,2,9,22,Made Shot,Jump Shot,3PT Field Goal,Above the Break 3,Center(C),24+ ft.,24.0,0.0,244.0,1,1,20161209,OKC,HOU
Shot Chart Detail,0021600341,196,201569,Eric Gordon,1610612745,Houston Rockets,2,8,34,Made Shot,Step Back Jump shot,3PT Field Goal,Above the Break 3,Left Side Center(LC),24+ ft.,25.0,-209.0,146.0,1,1,20161209,OKC,HOU
Shot Chart Detail,0021600341,282,201569,Eric Gordon,1610612745,Houston Rockets,2,1,38,Made Shot,Cutting Layup Shot,2PT Field Goal,Restricted Area,Center(C),Less Than 8 ft.,1.0,1.0,11.0,1,1,20161209,OKC,HOU
Shot Chart Detail,0021600341,385,201569,Eric Gordon,1610612745,Houston Rockets,3,2,57,Made Shot,Driving Layup Shot,2PT Field Goal,Restricted Area,Center(C),Less Than 8 ft.,1.0,-11.0,2.0,1,1,20161209,OKC,HOU
Shot Chart Detail,0021600341,476,201569,Eric Gordon,1610612745,Houston Rockets,4,7,47,Missed Shot,Pullup Jump shot,3PT Field Goal,Above the Break 3,Right Side Center(RC),24+ ft.,25.0,137.0,213.0,1,0,20161209,OKC,HOU
Shot Chart Detail,0021600341,565,201569,Eric Gordon,1610612745,Houston Rockets,4,2,1,Missed Shot,Layup Shot,2PT Field Goal,Restricted Area,Center(C),Less Than 8 ft.,2.0,-22.0,11.0,1,0,20161209,OKC,HOU
Shot Chart Detail,0021600352,63,201569,Eric Gordon,1610612745,Houston Rockets,1,5,48,Made Shot,Jump Shot,3PT Field Goal,Right Corner 3,Right Side(R),24+ ft.,23.0,228.0,41.0,1,1,20161210,HOU,DAL
Shot Chart Detail,0021600352,95,201569,Eric Gordon,1610612745,Houston Rockets,1,2,44,Made Shot,Jump Shot,3PT Field Goal,Above the Break 3,Right Side Center(RC),24+ ft.,24.0,102.0,228.0,1,1,20161210,HOU,DAL
Shot Chart Detail,0021600352,146,201569,Eric Gordon,1610612745,Houston Rockets,2,10,37,Made Shot,Jump Shot,3PT Field Goal,Above the Break 3,Center(C),24+ ft.,25.0,66.0,242.0,1,1,20161210,HOU,DAL
Shot Chart Detail,0021600352,156,201569,Eric Gordon,1610612745,Houston Rockets,2,9,27,Missed Shot,Fadeaway Jump Shot,2PT Field Goal,In The Paint (Non-RA),Left Side(L),8-16 ft.,10.0,-63.0,90.0,1,0,20161210,HOU,DAL
Shot Chart Detail,0021600352,181,201569,Eric Gordon,1610612745,Houston Rockets,2,8,15,Missed Shot,Jump Shot,3PT Field Goal,Above the Break 3,Right Side Center(RC),24+ ft.,24.0,173.0,175.0,1,0,20161210,HOU,DAL
Shot Chart Detail,0021600352,245,201569,Eric Gordon,1610612745,Houston Rockets,2,2,0,Missed Shot,Jump Shot,3PT Field Goal,Above the Break 3,Right Side Center(RC),24+ ft.,24.0,119.0,210.0,1,0,20161210,HOU,DAL
Shot Chart Detail,0021600352,249,201569,Eric Gordon,1610612745,Houston Rockets,2,1,17,Missed Shot,Driving Layup Shot,2PT Field Goal,Restricted Area,Center(C),Less Than 8 ft.,2.0,-19.0,7.0,1,0,20161210,HOU,DAL
Shot Chart Detail,0021600352,251,201569,Eric Gordon,1610612745,Houston Rockets,2,1,10,Made Shot,Jump Shot,3PT Field Goal,Left Corner 3,Left Side(L),24+ ft.,23.0,-235.0,2.0,1,1,20161210,HOU,DAL
Shot Chart Detail,0021600352,346,201569,Eric Gordon,1610612745,Houston Rockets,3,2,50,Missed Shot,Jump Shot,2PT Field Goal,Mid-Range,Right Side Center(RC),16-24 ft.,23.0,186.0,139.0,1,0,20161210,HOU,DAL
Shot Chart Detail,0021600352,352,201569,Eric Gordon,1610612745,Houston Rockets,3,2,12,Made Shot,Jump Shot,3PT Field Goal,Right Corner 3,Right Side(R),24+ ft.,23.0,232.0,18.0,1,1,20161210,HOU,DAL
Shot Chart Detail,0021600352,361,201569,Eric Gordon,1610612745,Houston Rockets,3,1,18,Missed Shot,Jump Shot,3PT Field Goal,Above the Break 3,Left Side Center(LC),24+ ft.,26.0,-110.0,237.0,1,0,20161210,HOU,DAL
Shot Chart Detail,0021600352,382,201569,Eric Gordon,1610612745,Houston Rockets,4,10,57,Missed Shot,Driving Layup Shot,2PT Field Goal,Restricted Area,Center(C),Less Than 8 ft.,1.0,14.0,2.0,1,0,20161210,HOU,DAL
Shot Chart Detail,0021600352,388,201569,Eric Gordon,1610612745,Houston Rockets,4,10,3,Missed Shot,Pullup Jump shot,2PT Field Goal,Mid-Range,Right Side Center(RC),16-24 ft.,22.0,122.0,193.0,1,0,20161210,HOU,DAL
Shot Chart Detail,0021600352,397,201569,Eric Gordon,1610612745,Houston Rockets,4,9,7,Made Shot,Jump Shot,3PT Field Goal,Above the Break 3,Right Side Center(RC),24+ ft.,25.0,182.0,183.0,1,1,20161210,HOU,DAL
Shot Chart Detail,0021600364,103,201569,Eric Gordon,1610612745,Houston Rockets,1,2,48,Missed Shot,Pullup Jump shot,2PT Field Goal,Mid-Range,Center(C),16-24 ft.,19.0,12.0,198.0,1,0,20161212,HOU,BKN
Shot Chart Detail,0021600364,111,201569,Eric Gordon,1610612745,Houston Rockets,1,2,11,Missed Shot,Jump Shot,3PT Field Goal,Above the Break 3,Left Side Center(LC),24+ ft.,27.0,-102.0,252.0,1,0,20161212,HOU,BKN
Shot Chart Detail,0021600364,151,201569,Eric Gordon,1610612745,Houston Rockets,2,10,28,Missed Shot,Pullup Jump shot,3PT Field Goal,Above the Break 3,Left Side Center(LC),24+ ft.,27.0,-140.0,232.0,1,0,20161212,HOU,BKN
Shot Chart Detail,0021600364,170,201569,Eric Gordon,1610612745,Houston Rockets,2,8,51,Made Shot,Jump Shot,3PT Field Goal,Above the Break 3,Right Side Center(RC),24+ ft.,24.0,151.0,198.0,1,1,20161212,HOU,BKN
Shot Chart Detail,0021600364,211,201569,Eric Gordon,1610612745,Houston Rockets,2,5,2,Missed Shot,Jump Shot,2PT Field Goal,Mid-Range,Right Side(R),16-24 ft.,17.0,150.0,95.0,1,0,20161212,HOU,BKN
Shot Chart Detail,0021600364,415,201569,Eric Gordon,1610612745,Houston Rockets,3,2,5,Made Shot,Jump Shot,3PT Field Goal,Above the Break 3,Center(C),24+ ft.,26.0,74.0,252.0,1,1,20161212,HOU,BKN
Shot Chart Detail,0021600364,417,201569,Eric Gordon,1610612745,Houston Rockets,3,1,32,Missed Shot,Jump Shot,2PT Field Goal,Restricted Area,Center(C),Less Than 8 ft.,3.0,19.0,31.0,1,0,20161212,HOU,BKN
Shot Chart Detail,0021600364,445,201569,Eric Gordon,1610612745,Houston Rockets,3,0,0,Missed Shot,Jump Shot,3PT Field Goal,Above the Break 3,Left Side Center(LC),24+ ft.,28.0,-147.0,239.0,1,0,20161212,HOU,BKN
Shot Chart Detail,0021600364,472,201569,Eric Gordon,1610612745,Houston Rockets,4,10,51,Made Shot,Pullup Jump shot,2PT Field Goal,Mid-Range,Left Side Center(LC),16-24 ft.,20.0,-130.0,159.0,1,1,20161212,HOU,BKN
Shot Chart Detail,0021600364,477,201569,Eric Gordon,1610612745,Houston Rockets,4,10,30,Missed Shot,Running Jump Shot,2PT Field Goal,In The Paint (Non-RA),Center(C),Less Than 8 ft.,7.0,24.0,67.0,1,0,20161212,HOU,BKN
Shot Chart Detail,0021600364,484,201569,Eric Gordon,1610612745,Houston Rockets,4,9,44,Made Shot,Jump Shot,3PT Field Goal,Above the Break 3,Right Side Center(RC),24+ ft.,27.0,194.0,198.0,1,1,20161212,HOU,BKN
Shot Chart Detail,0021600364,497,201569,Eric Gordon,1610612745,Houston Rockets,4,8,44,Made Shot,Jump Shot,3PT Field Goal,Above the Break 3,Right Side Center(RC),24+ ft.,27.0,184.0,198.0,1,1,20161212,HOU,BKN
Shot Chart Detail,0021600364,542,201569,Eric Gordon,1610612745,Houston Rockets,4,5,20,Made Shot,Jump Shot,3PT Field Goal,Above the Break 3,Left Side Center(LC),24+ ft.,27.0,-214.0,170.0,1,1,20161212,HOU,BKN
Shot Chart Detail,0021600364,544,201569,Eric Gordon,1610612745,Houston Rockets,4,4,56,Missed Shot,Jump Shot,3PT Field Goal,Above the Break 3,Left Side Center(LC),24+ ft.,26.0,-237.0,124.0,1,0,20161212,HOU,BKN
Shot Chart Detail,0021600364,597,201569,Eric Gordon,1610612745,Houston Rockets,4,1,47,Made Shot,Jump Shot,3PT Field Goal,Above the Break 3,Center(C),24+ ft.,26.0,-76.0,257.0,1,1,20161212,HOU,BKN
Shot Chart Detail,0021600380,69,201569,Eric Gordon,1610612745,Houston Rockets,1,3,37,Missed Shot,Jump Shot,3PT Field Goal,Above the Break 3,Right Side Center(RC),24+ ft.,28.0,120.0,262.0,1,0,20161214,HOU,SAC
Shot Chart Detail,0021600380,106,201569,Eric Gordon,1610612745,Houston Rockets,1,0,33,Made Shot,Jump Shot,3PT Field Goal,Above the Break 3,Left Side Center(LC),24+ ft.,25.0,-137.0,218.0,1,1,20161214,HOU,SAC
Shot Chart Detail,0021600380,109,201569,Eric Gordon,1610612745,Houston Rockets,1,0,0,Missed Shot,Jump Shot,3PT Field Goal,Above the Break 3,Left Side Center(LC),24+ ft.,28.0,-166.0,234.0,1,0,20161214,HOU,SAC
Shot Chart Detail,0021600380,127,201569,Eric Gordon,1610612745,Houston Rockets,2,10,18,Missed Shot,Turnaround Fadeaway shot,2PT Field Goal,In The Paint (Non-RA),Center(C),Less Than 8 ft.,6.0,-1.0,61.0,1,0,20161214,HOU,SAC
Shot Chart Detail,0021600380,341,201569,Eric Gordon,1610612745,Houston Rockets,3,2,59,Made Shot,Jump Shot,3PT Field Goal,Above the Break 3,Left Side Center(LC),24+ ft.,28.0,-173.0,228.0,1,1,20161214,HOU,SAC
Shot Chart Detail,0021600380,379,201569,Eric Gordon,1610612745,Houston Rockets,4,11,16,Missed Shot,Pullup Jump shot,3PT Field Goal,Above the Break 3,Right Side Center(RC),24+ ft.,25.0,194.0,170.0,1,0,20161214,HOU,SAC
Shot Chart Detail,0021600380,382,201569,Eric Gordon,1610612745,Houston Rockets,4,10,47,Missed Shot,Jump Shot,3PT Field Goal,Above the Break 3,Right Side Center(RC),24+ ft.,26.0,104.0,242.0,1,0,20161214,HOU,SAC
Shot Chart Detail,0021600380,394,201569,Eric Gordon,1610612745,Houston Rockets,4,9,36,Missed Shot,Pullup Jump shot,3PT Field Goal,Above the Break 3,Right Side Center(RC),24+ ft.,27.0,169.0,213.0,1,0,20161214,HOU,SAC
Shot Chart Detail,0021600380,402,201569,Eric Gordon,1610612745,Houston Rockets,4,8,51,Missed Shot,Jump Shot,2PT Field Goal,In The Paint (Non-RA),Center(C),Less Than 8 ft.,8.0,0.0,80.0,1,0,20161214,HOU,SAC
Shot Chart Detail,0021600380,428,201569,Eric Gordon,1610612745,Houston Rockets,4,7,32,Missed Shot,Jump Shot,3PT Field Goal,Above the Break 3,Left Side Center(LC),24+ ft.,27.0,-97.0,257.0,1,0,20161214,HOU,SAC
Shot Chart Detail,0021600380,441,201569,Eric Gordon,1610612745,Houston Rockets,4,5,55,Missed Shot,Jump Shot,2PT Field Goal,In The Paint (Non-RA),Center(C),Less Than 8 ft.,5.0,-48.0,26.0,1,0,20161214,HOU,SAC
Shot Chart Detail,0021600380,443,201569,Eric Gordon,1610612745,Houston Rockets,4,5,50,Made Shot,Jump Shot,3PT Field Goal,Left Corner 3,Left Side(L),24+ ft.,23.0,-232.0,-15.0,1,1,20161214,HOU,SAC
Shot Chart Detail,0021600395,78,201569,Eric Gordon,1610612745,Houston Rockets,1,3,57,Missed Shot,Pullup Jump shot,2PT Field Goal,Mid-Range,Center(C),16-24 ft.,16.0,45.0,154.0,1,0,20161216,HOU,NOP
Shot Chart Detail,0021600395,109,201569,Eric Gordon,1610612745,Houston Rockets,1,1,43,Missed Shot,Jump Shot,3PT Field Goal,Above the Break 3,Left Side Center(LC),24+ ft.,28.0,-132.0,247.0,1,0,20161216,HOU,NOP
Shot Chart Detail,0021600395,121,201569,Eric Gordon,1610612745,Houston Rockets,1,0,35,Missed Shot,Running Layup Shot,2PT Field Goal,Restricted Area,Center(C),Less Than 8 ft.,3.0,-29.0,18.0,1,0,20161216,HOU,NOP
Shot Chart Detail,0021600395,123,201569,Eric Gordon,1610612745,Houston Rockets,1,0,30,Made Shot,Jump Shot,3PT Field Goal,Right Corner 3,Right Side(R),24+ ft.,23.0,230.0,46.0,1,1,20161216,HOU,NOP
Shot Chart Detail,0021600395,139,201569,Eric Gordon,1610612745,Houston Rockets,2,11,20,Made Shot,Jump Shot,3PT Field Goal,Above the Break 3,Right Side Center(RC),24+ ft.,29.0,187.0,228.0,1,1,20161216,HOU,NOP
Shot Chart Detail,0021600395,164,201569,Eric Gordon,1610612745,Houston Rockets,2,9,17,Missed Shot,Jump Shot,3PT Field Goal,Above the Break 3,Center(C),24+ ft.,25.0,1.0,252.0,1,0,20161216,HOU,NOP
Shot Chart Detail,0021600395,171,201569,Eric Gordon,1610612745,Houston Rockets,2,8,44,Made Shot,Jump Shot,3PT Field Goal,Above the Break 3,Right Side Center(RC),24+ ft.,27.0,148.0,232.0,1,1,20161216,HOU,NOP
Shot Chart Detail,0021600395,186,201569,Eric Gordon,1610612745,Houston Rockets,2,7,27,Missed Shot,Jump Shot,3PT Field Goal,Above the Break 3,Left Side Center(LC),24+ ft.,26.0,-133.0,232.0,1,0,20161216,HOU,NOP
Shot Chart Detail,0021600395,207,201569,Eric Gordon,1610612745,Houston Rockets,2,6,11,Missed Shot,Jump Shot,3PT Field Goal,Above the Break 3,Right Side Center(RC),24+ ft.,25.0,187.0,174.0,1,0,20161216,HOU,NOP
Shot Chart Detail,0021600395,213,201569,Eric Gordon,1610612745,Houston Rockets,2,5,41,Made Shot,Driving Layup Shot,2PT Field Goal,Restricted Area,Center(C),Less Than 8 ft.,2.0,12.0,21.0,1,1,20161216,HOU,NOP
Shot Chart Detail,0021600395,380,201569,Eric Gordon,1610612745,Houston Rockets,3,3,11,Made Shot,Jump Shot,3PT Field Goal,Above the Break 3,Left Side Center(LC),24+ ft.,27.0,-160.0,223.0,1,1,20161216,HOU,NOP
Shot Chart Detail,0021600395,393,201569,Eric Gordon,1610612745,Houston Rockets,3,1,53,Made Shot,Driving Layup Shot,2PT Field Goal,Restricted Area,Center(C),Less Than 8 ft.,2.0,1.0,26.0,1,1,20161216,HOU,NOP
Shot Chart Detail,0021600395,398,201569,Eric Gordon,1610612745,Houston Rockets,3,0,55,Made Shot,Jump Shot,3PT Field Goal,Left Corner 3,Left Side(L),24+ ft.,23.0,-238.0,21.0,1,1,20161216,HOU,NOP
Shot Chart Detail,0021600395,444,201569,Eric Gordon,1610612745,Houston Rockets,4,10,41,Made Shot,Jump Shot,3PT Field Goal,Above the Break 3,Center(C),24+ ft.,27.0,81.0,267.0,1,1,20161216,HOU,NOP
Shot Chart Detail,0021600395,459,201569,Eric Gordon,1610612745,Houston Rockets,4,9,24,Made Shot,Jump Shot,3PT Field Goal,Above the Break 3,Center(C),24+ ft.,28.0,4.0,287.0,1,1,20161216,HOU,NOP
Shot Chart Detail,0021600395,461,201569,Eric Gordon,1610612745,Houston Rockets,4,8,57,Made Shot,Driving Finger Roll Layup Shot,2PT Field Goal,In The Paint (Non-RA),Center(C),Less Than 8 ft.,4.0,-17.0,41.0,1,1,20161216,HOU,NOP
Shot Chart Detail,0021600395,485,201569,Eric Gordon,1610612745,Houston Rockets,4,6,29,Missed Shot,Jump Shot,3PT Field Goal,Above the Break 3,Center(C),24+ ft.,26.0,-11.0,262.0,1,0,20161216,HOU,NOP
Shot Chart Detail,0021600403,120,201569,Eric Gordon,1610612745,Houston Rockets,1,0,13,Made Shot,Jump Shot,3PT Field Goal,Above the Break 3,Left Side Center(LC),24+ ft.,25.0,-150.0,210.0,1,1,20161217,MIN,HOU
Shot Chart Detail,0021600403,126,201569,Eric Gordon,1610612745,Houston Rockets,1,0,0,Missed Shot,Jump Shot,3PT Field Goal,Backcourt,Back Court(BC),Back Court Shot,67.0,-17.0,673.0,1,0,20161217,MIN,HOU
Shot Chart Detail,0021600403,133,201569,Eric Gordon,1610612745,Houston Rockets,2,11,30,Made Shot,Jump Shot,3PT Field Goal,Above the Break 3,Left Side Center(LC),24+ ft.,26.0,-179.0,195.0,1,1,20161217,MIN,HOU
Shot Chart Detail,0021600403,140,201569,Eric Gordon,1610612745,Houston Rockets,2,10,41,Missed Shot,Jump Shot,3PT Field Goal,Above the Break 3,Right Side Center(RC),24+ ft.,24.0,218.0,110.0,1,0,20161217,MIN,HOU
Shot Chart Detail,0021600403,148,201569,Eric Gordon,1610612745,Houston Rockets,2,9,51,Missed Shot,Jump Shot,3PT Field Goal,Right Corner 3,Right Side(R),24+ ft.,22.0,225.0,26.0,1,0,20161217,MIN,HOU
Shot Chart Detail,0021600403,157,201569,Eric Gordon,1610612745,Houston Rockets,2,8,39,Made Shot,Step Back Jump shot,2PT Field Goal,Mid-Range,Center(C),16-24 ft.,18.0,35.0,178.0,1,1,20161217,MIN,HOU
Shot Chart Detail,0021600403,319,201569,Eric Gordon,1610612745,Houston Rockets,3,5,0,Missed Shot,Jump Shot,2PT Field Goal,Mid-Range,Right Side Center(RC),16-24 ft.,18.0,102.0,149.0,1,0,20161217,MIN,HOU
Shot Chart Detail,0021600403,408,201569,Eric Gordon,1610612745,Houston Rockets,4,9,9,Made Shot,Jump Shot,3PT Field Goal,Above the Break 3,Left Side Center(LC),24+ ft.,24.0,-202.0,134.0,1,1,20161217,MIN,HOU
Shot Chart Detail,0021600403,411,201569,Eric Gordon,1610612745,Houston Rockets,4,8,34,Missed Shot,Jump Shot,3PT Field Goal,Above the Break 3,Center(C),24+ ft.,26.0,64.0,254.0,1,0,20161217,MIN,HOU
Shot Chart Detail,0021600403,413,201569,Eric Gordon,1610612745,Houston Rockets,4,8,29,Missed Shot,Jump Shot,3PT Field Goal,Above the Break 3,Center(C),24+ ft.,23.0,-58.0,232.0,1,0,20161217,MIN,HOU
Shot Chart Detail,0021600403,447,201569,Eric Gordon,1610612745,Houston Rockets,4,5,57,Made Shot,Jump Shot,2PT Field Goal,Restricted Area,Center(C),Less Than 8 ft.,3.0,1.0,36.0,1,1,20161217,MIN,HOU
Shot Chart Detail,0021600403,458,201569,Eric Gordon,1610612745,Houston Rockets,4,4,26,Missed Shot,Jump Shot,2PT Field Goal,In The Paint (Non-RA),Center(C),Less Than 8 ft.,5.0,-7.0,51.0,1,0,20161217,MIN,HOU
Shot Chart Detail,0021600403,483,201569,Eric Gordon,1610612745,Houston Rockets,4,0,56,Made Shot,Driving Finger Roll Layup Shot,2PT Field Goal,Restricted Area,Center(C),Less Than 8 ft.,1.0,15.0,-5.0,1,1,20161217,MIN,HOU
Shot Chart Detail,0021600403,540,201569,Eric Gordon,1610612745,Houston Rockets,5,1,58,Missed Shot,Jump Shot,3PT Field Goal,Above the Break 3,Right Side Center(RC),24+ ft.,25.0,195.0,160.0,1,0,20161217,MIN,HOU
Shot Chart Detail,0021600403,557,201569,Eric Gordon,1610612745,Houston Rockets,5,0,44,Made Shot,Jump Shot,3PT Field Goal,Above the Break 3,Right Side Center(RC),24+ ft.,27.0,94.0,259.0,1,1,20161217,MIN,HOU
Shot Chart Detail,0021600425,83,201569,Eric Gordon,1610612745,Houston Rockets,1,3,46,Missed Shot,Driving Layup Shot,2PT Field Goal,Restricted Area,Center(C),Less Than 8 ft.,1.0,17.0,3.0,1,0,20161220,HOU,SAS
Shot Chart Detail,0021600425,127,201569,Eric Gordon,1610612745,Houston Rockets,2,11,49,Missed Shot,Jump Shot,3PT Field Goal,Above the Break 3,Center(C),24+ ft.,24.0,12.0,249.0,1,0,20161220,HOU,SAS
Shot Chart Detail,0021600425,146,201569,Eric Gordon,1610612745,Houston Rockets,2,9,52,Missed Shot,Jump Shot,3PT Field Goal,Above the Break 3,Left Side Center(LC),24+ ft.,25.0,-114.0,229.0,1,0,20161220,HOU,SAS
Shot Chart Detail,0021600425,158,201569,Eric Gordon,1610612745,Houston Rockets,2,8,46,Made Shot,Pullup Jump shot,2PT Field Goal,Mid-Range,Left Side Center(LC),16-24 ft.,17.0,-83.0,159.0,1,1,20161220,HOU,SAS
Shot Chart Detail,0021600425,167,201569,Eric Gordon,1610612745,Houston Rockets,2,7,22,Missed Shot,Jump Shot,2PT Field Goal,Mid-Range,Center(C),16-24 ft.,21.0,-24.0,213.0,1,0,20161220,HOU,SAS
Shot Chart Detail,0021600425,213,201569,Eric Gordon,1610612745,Houston Rockets,2,4,20,Missed Shot,Driving Layup Shot,2PT Field Goal,Restricted Area,Center(C),Less Than 8 ft.,2.0,24.0,2.0,1,0,20161220,HOU,SAS
Shot Chart Detail,0021600425,226,201569,Eric Gordon,1610612745,Houston Rockets,2,3,4,Made Shot,Jump Shot,3PT Field Goal,Above the Break 3,Right Side Center(RC),24+ ft.,25.0,114.0,228.0,1,1,20161220,HOU,SAS
Shot Chart Detail,0021600425,236,201569,Eric Gordon,1610612745,Houston Rockets,2,1,57,Missed Shot,Jump Shot,3PT Field Goal,Above the Break 3,Right Side Center(RC),24+ ft.,25.0,105.0,237.0,1,0,20161220,HOU,SAS
Shot Chart Detail,0021600425,399,201569,Eric Gordon,1610612745,Houston Rockets,4,11,13,Missed Shot,Driving Floating Jump Shot,2PT Field Goal,In The Paint (Non-RA),Center(C),Less Than 8 ft.,4.0,-2.0,46.0,1,0,20161220,HOU,SAS
Shot Chart Detail,0021600425,430,201569,Eric Gordon,1610612745,Houston Rockets,4,8,51,Made Shot,Driving Layup Shot,2PT Field Goal,Restricted Area,Center(C),Less Than 8 ft.,1.0,-17.0,3.0,1,1,20161220,HOU,SAS
Shot Chart Detail,0021600425,433,201569,Eric Gordon,1610612745,Houston Rockets,4,8,10,Missed Shot,Jump Shot,3PT Field Goal,Above the Break 3,Right Side Center(RC),24+ ft.,27.0,138.0,237.0,1,0,20161220,HOU,SAS
Shot Chart Detail,0021600425,463,201569,Eric Gordon,1610612745,Houston Rockets,4,6,59,Missed Shot,Jump Shot,3PT Field Goal,Above the Break 3,Right Side Center(RC),24+ ft.,25.0,166.0,200.0,1,0,20161220,HOU,SAS
Shot Chart Detail,0021600425,469,201569,Eric Gordon,1610612745,Houston Rockets,4,6,12,Made Shot,Cutting Layup Shot,2PT Field Goal,Restricted Area,Center(C),Less Than 8 ft.,1.0,19.0,0.0,1,1,20161220,HOU,SAS
Shot Chart Detail,0021600425,510,201569,Eric Gordon,1610612745,Houston Rockets,4,3,12,Missed Shot,Jump Shot,3PT Field Goal,Above the Break 3,Left Side Center(LC),24+ ft.,25.0,-132.0,219.0,1,0,20161220,HOU,SAS
Shot Chart Detail,0021600425,550,201569,Eric Gordon,1610612745,Houston Rockets,4,0,4,Missed Shot,Jump Shot,3PT Field Goal,Above the Break 3,Right Side Center(RC),24+ ft.,24.0,215.0,124.0,1,0,20161220,HOU,SAS
Shot Chart Detail,0021600435,83,201569,Eric Gordon,1610612745,Houston Rockets,1,2,55,Missed Shot,Jump Shot,3PT Field Goal,Above the Break 3,Center(C),24+ ft.,26.0,81.0,257.0,1,0,20161221,PHX,HOU
Shot Chart Detail,0021600435,100,201569,Eric Gordon,1610612745,Houston Rockets,1,1,50,Missed Shot,Jump Shot,3PT Field Goal,Above the Break 3,Left Side Center(LC),24+ ft.,27.0,-163.0,218.0,1,0,20161221,PHX,HOU
Shot Chart Detail,0021600435,116,201569,Eric Gordon,1610612745,Houston Rockets,1,0,35,Missed Shot,Jump Shot,3PT Field Goal,Above the Break 3,Left Side Center(LC),24+ ft.,24.0,-215.0,121.0,1,0,20161221,PHX,HOU
Shot Chart Detail,0021600435,135,201569,Eric Gordon,1610612745,Houston Rockets,2,11,45,Made Shot,Pullup Jump shot,3PT Field Goal,Above the Break 3,Left Side Center(LC),24+ ft.,25.0,-207.0,154.0,1,1,20161221,PHX,HOU
Shot Chart Detail,0021600435,159,201569,Eric Gordon,1610612745,Houston Rockets,2,9,23,Made Shot,Jump Shot,3PT Field Goal,Above the Break 3,Right Side Center(RC),24+ ft.,27.0,148.0,232.0,1,1,20161221,PHX,HOU
Shot Chart Detail,0021600435,166,201569,Eric Gordon,1610612745,Houston Rockets,2,8,32,Missed Shot,Driving Layup Shot,2PT Field Goal,Restricted Area,Center(C),Less Than 8 ft.,2.0,-20.0,11.0,1,0,20161221,PHX,HOU
Shot Chart Detail,0021600435,192,201569,Eric Gordon,1610612745,Houston Rockets,2,7,2,Made Shot,Jump Shot,3PT Field Goal,Above the Break 3,Right Side Center(RC),24+ ft.,25.0,213.0,136.0,1,1,20161221,PHX,HOU
Shot Chart Detail,0021600435,257,201569,Eric Gordon,1610612745,Houston Rockets,2,3,3,Missed Shot,Jump Shot,3PT Field Goal,Above the Break 3,Right Side Center(RC),24+ ft.,25.0,86.0,242.0,1,0,20161221,PHX,HOU
Shot Chart Detail,0021600435,272,201569,Eric Gordon,1610612745,Houston Rockets,2,1,57,Missed Shot,Jump Shot,3PT Field Goal,Above the Break 3,Right Side Center(RC),24+ ft.,25.0,192.0,169.0,1,0,20161221,PHX,HOU
Shot Chart Detail,0021600435,276,201569,Eric Gordon,1610612745,Houston Rockets,2,1,24,Made Shot,Jump Shot,3PT Field Goal,Above the Break 3,Right Side Center(RC),24+ ft.,25.0,225.0,129.0,1,1,20161221,PHX,HOU
Shot Chart Detail,0021600435,409,201569,Eric Gordon,1610612745,Houston Rockets,3,0,57,Missed Shot,Pullup Jump shot,2PT Field Goal,Mid-Range,Right Side Center(RC),16-24 ft.,16.0,89.0,139.0,1,0,20161221,PHX,HOU
Shot Chart Detail,0021600435,411,201569,Eric Gordon,1610612745,Houston Rockets,3,0,44,Made Shot,Pullup Jump shot,2PT Field Goal,Mid-Range,Center(C),16-24 ft.,20.0,42.0,198.0,1,1,20161221,PHX,HOU
Shot Chart Detail,0021600435,428,201569,Eric Gordon,1610612745,Houston Rockets,4,11,23,Made Shot,Step Back Jump shot,3PT Field Goal,Above the Break 3,Left Side Center(LC),24+ ft.,25.0,-210.0,146.0,1,1,20161221,PHX,HOU
Shot Chart Detail,0021600435,447,201569,Eric Gordon,1610612745,Houston Rockets,4,9,17,Missed Shot,Jump Shot,3PT Field Goal,Above the Break 3,Center(C),24+ ft.,28.0,-11.0,282.0,1,0,20161221,PHX,HOU
Shot Chart Detail,0021600435,451,201569,Eric Gordon,1610612745,Houston Rockets,4,8,39,Missed Shot,Driving Layup Shot,2PT Field Goal,Restricted Area,Center(C),Less Than 8 ft.,0.0,-4.0,2.0,1,0,20161221,PHX,HOU
Shot Chart Detail,0021600435,463,201569,Eric Gordon,1610612745,Houston Rockets,4,7,6,Made Shot,Jump Shot,3PT Field Goal,Above the Break 3,Center(C),24+ ft.,28.0,-20.0,283.0,1,1,20161221,PHX,HOU
Shot Chart Detail,0021600435,466,201569,Eric Gordon,1610612745,Houston Rockets,4,6,40,Made Shot,Running Jump Shot,3PT Field Goal,Above the Break 3,Right Side Center(RC),24+ ft.,25.0,148.0,208.0,1,1,20161221,PHX,HOU
Shot Chart Detail,0021600448,100,201569,Eric Gordon,1610612745,Houston Rockets,1,0,35,Missed Shot,Jump Shot,3PT Field Goal,Above the Break 3,Right Side Center(RC),24+ ft.,25.0,158.0,203.0,1,0,20161223,MEM,HOU
Shot Chart Detail,0021600448,110,201569,Eric Gordon,1610612745,Houston Rockets,2,11,26,Missed Shot,Jump Shot,3PT Field Goal,Above the Break 3,Left Side Center(LC),24+ ft.,25.0,-120.0,228.0,1,0,20161223,MEM,HOU
Shot Chart Detail,0021600448,112,201569,Eric Gordon,1610612745,Houston Rockets,2,11,13,Missed Shot,Jump Shot,3PT Field Goal,Above the Break 3,Right Side Center(RC),24+ ft.,25.0,143.0,213.0,1,0,20161223,MEM,HOU
Shot Chart Detail,0021600448,118,201569,Eric Gordon,1610612745,Houston Rockets,2,10,46,Missed Shot,Running Jump Shot,3PT Field Goal,Above the Break 3,Left Side Center(LC),24+ ft.,26.0,-217.0,159.0,1,0,20161223,MEM,HOU
Shot Chart Detail,0021600448,137,201569,Eric Gordon,1610612745,Houston Rockets,2,9,36,Missed Shot,Jump Shot,3PT Field Goal,Above the Break 3,Right Side Center(RC),24+ ft.,24.0,177.0,174.0,1,0,20161223,MEM,HOU
Shot Chart Detail,0021600448,161,201569,Eric Gordon,1610612745,Houston Rockets,2,7,54,Made Shot,Driving Finger Roll Layup Shot,2PT Field Goal,Restricted Area,Center(C),Less Than 8 ft.,0.0,4.0,7.0,1,1,20161223,MEM,HOU
Shot Chart Detail,0021600448,209,201569,Eric Gordon,1610612745,Houston Rockets,2,3,32,Missed Shot,Jump Shot,3PT Field Goal,Above the Break 3,Left Side Center(LC),24+ ft.,25.0,-150.0,208.0,1,0,20161223,MEM,HOU
Shot Chart Detail,0021600448,212,201569,Eric Gordon,1610612745,Houston Rockets,2,3,2,Made Shot,Jump Shot,3PT Field Goal,Above the Break 3,Right Side Center(RC),24+ ft.,25.0,102.0,234.0,1,1,20161223,MEM,HOU
Shot Chart Detail,0021600448,220,201569,Eric Gordon,1610612745,Houston Rockets,2,1,33,Missed Shot,Jump Shot,3PT Field Goal,Above the Break 3,Left Side Center(LC),24+ ft.,25.0,-173.0,183.0,1,0,20161223,MEM,HOU
Shot Chart Detail,0021600448,223,201569,Eric Gordon,1610612745,Houston Rockets,2,1,1,Made Shot,Jump Shot,3PT Field Goal,Left Corner 3,Left Side(L),24+ ft.,23.0,-237.0,7.0,1,1,20161223,MEM,HOU
Shot Chart Detail,0021600448,240,201569,Eric Gordon,1610612745,Houston Rockets,2,0,1,Missed Shot,Jump Shot,3PT Field Goal,Above the Break 3,Left Side Center(LC),24+ ft.,26.0,-151.0,214.0,1,0,20161223,MEM,HOU
Shot Chart Detail,0021600448,316,201569,Eric Gordon,1610612745,Houston Rockets,3,3,53,Missed Shot,Cutting Layup Shot,2PT Field Goal,Restricted Area,Center(C),Less Than 8 ft.,1.0,14.0,2.0,1,0,20161223,MEM,HOU
Shot Chart Detail,0021600448,347,201569,Eric Gordon,1610612745,Houston Rockets,3,0,31,Missed Shot,Running Jump Shot,3PT Field Goal,Above the Break 3,Left Side Center(LC),24+ ft.,25.0,-140.0,213.0,1,0,20161223,MEM,HOU
Shot Chart Detail,0021600448,358,201569,Eric Gordon,1610612745,Houston Rockets,3,0,1,Missed Shot,Jump Shot,3PT Field Goal,Above the Break 3,Right Side Center(RC),24+ ft.,25.0,158.0,205.0,1,0,20161223,MEM,HOU
Shot Chart Detail,0021600448,381,201569,Eric Gordon,1610612745,Houston Rockets,4,8,53,Missed Shot,Jump Shot,3PT Field Goal,Above the Break 3,Right Side Center(RC),24+ ft.,26.0,153.0,214.0,1,0,20161223,MEM,HOU
Shot Chart Detail,0021600448,394,201569,Eric Gordon,1610612745,Houston Rockets,4,6,58,Missed Shot,Running Jump Shot,3PT Field Goal,Above the Break 3,Right Side Center(RC),24+ ft.,26.0,166.0,203.0,1,0,20161223,MEM,HOU
Shot Chart Detail,0021600448,449,201569,Eric Gordon,1610612745,Houston Rockets,4,3,7,Made Shot,Jump Shot,3PT Field Goal,Right Corner 3,Right Side(R),24+ ft.,23.0,232.0,-16.0,1,1,20161223,MEM,HOU
Shot Chart Detail,0021600448,462,201569,Eric Gordon,1610612745,Houston Rockets,4,1,40,Made Shot,Running Jump Shot,3PT Field Goal,Above the Break 3,Left Side Center(LC),24+ ft.,25.0,-122.0,224.0,1,1,20161223,MEM,HOU
Shot Chart Detail,0021600448,488,201569,Eric Gordon,1610612745,Houston Rockets,4,0,30,Made Shot,Driving Dunk Shot,2PT Field Goal,Restricted Area,Center(C),Less Than 8 ft.,1.0,9.0,-5.0,1,1,20161223,MEM,HOU
Shot Chart Detail,0021600467,94,201569,Eric Gordon,1610612745,Houston Rockets,1,4,21,Missed Shot,Jump Shot,3PT Field Goal,Above the Break 3,Right Side Center(RC),24+ ft.,26.0,189.0,183.0,1,0,20161226,HOU,PHX
Shot Chart Detail,0021600467,138,201569,Eric Gordon,1610612745,Houston Rockets,1,0,48,Missed Shot,Cutting Layup Shot,2PT Field Goal,Restricted Area,Center(C),Less Than 8 ft.,2.0,20.0,3.0,1,0,20161226,HOU,PHX
Shot Chart Detail,0021600467,142,201569,Eric Gordon,1610612745,Houston Rockets,1,0,26,Made Shot,Jump Shot,3PT Field Goal,Above the Break 3,Center(C),24+ ft.,25.0,69.0,242.0,1,1,20161226,HOU,PHX
Shot Chart Detail,0021600467,150,201569,Eric Gordon,1610612745,Houston Rockets,2,11,43,Missed Shot,Jump Shot,3PT Field Goal,Above the Break 3,Center(C),24+ ft.,25.0,42.0,252.0,1,0,20161226,HOU,PHX
Shot Chart Detail,0021600467,159,201569,Eric Gordon,1610612745,Houston Rockets,2,10,25,Missed Shot,Jump Shot,3PT Field Goal,Above the Break 3,Center(C),24+ ft.,25.0,-50.0,254.0,1,0,20161226,HOU,PHX
Shot Chart Detail,0021600467,176,201569,Eric Gordon,1610612745,Houston Rockets,2,8,58,Missed Shot,Driving Reverse Layup Shot,2PT Field Goal,Restricted Area,Center(C),Less Than 8 ft.,1.0,17.0,3.0,1,0,20161226,HOU,PHX
Shot Chart Detail,0021600467,282,201569,Eric Gordon,1610612745,Houston Rockets,2,0,42,Made Shot,Jump Shot,3PT Field Goal,Above the Break 3,Right Side Center(RC),24+ ft.,24.0,182.0,170.0,1,1,20161226,HOU,PHX
Shot Chart Detail,0021600467,385,201569,Eric Gordon,1610612745,Houston Rockets,3,5,30,Made Shot,Alley Oop Layup shot,2PT Field Goal,Restricted Area,Center(C),Less Than 8 ft.,1.0,17.0,8.0,1,1,20161226,HOU,PHX
Shot Chart Detail,0021600467,428,201569,Eric Gordon,1610612745,Houston Rockets,3,2,32,Missed Shot,Jump Shot,3PT Field Goal,Above the Break 3,Left Side Center(LC),24+ ft.,25.0,-197.0,169.0,1,0,20161226,HOU,PHX
Shot Chart Detail,0021600467,447,201569,Eric Gordon,1610612745,Houston Rockets,3,1,14,Missed Shot,Jump Shot,3PT Field Goal,Above the Break 3,Right Side Center(RC),24+ ft.,25.0,146.0,205.0,1,0,20161226,HOU,PHX
Shot Chart Detail,0021600467,504,201569,Eric Gordon,1610612745,Houston Rockets,4,8,53,Made Shot,Driving Dunk Shot,2PT Field Goal,Restricted Area,Center(C),Less Than 8 ft.,0.0,0.0,1.0,1,1,20161226,HOU,PHX
Shot Chart Detail,0021600467,509,201569,Eric Gordon,1610612745,Houston Rockets,4,8,24,Made Shot,Jump Shot,3PT Field Goal,Above the Break 3,Center(C),24+ ft.,24.0,51.0,242.0,1,1,20161226,HOU,PHX
Shot Chart Detail,0021600467,525,201569,Eric Gordon,1610612745,Houston Rockets,4,6,33,Missed Shot,Floating Jump shot,2PT Field Goal,In The Paint (Non-RA),Left Side(L),8-16 ft.,9.0,-48.0,82.0,1,0,20161226,HOU,PHX
Shot Chart Detail,0021600474,74,201569,Eric Gordon,1610612745,Houston Rockets,1,3,17,Missed Shot,Driving Floating Jump Shot,2PT Field Goal,In The Paint (Non-RA),Center(C),Less Than 8 ft.,4.0,-9.0,46.0,1,0,20161227,DAL,HOU
Shot Chart Detail,0021600474,111,201569,Eric Gordon,1610612745,Houston Rockets,2,11,41,Made Shot,Driving Floating Jump Shot,2PT Field Goal,Restricted Area,Center(C),Less Than 8 ft.,2.0,-6.0,26.0,1,1,20161227,DAL,HOU
Shot Chart Detail,0021600474,200,201569,Eric Gordon,1610612745,Houston Rockets,2,3,56,Missed Shot,Jump Shot,3PT Field Goal,Above the Break 3,Left Side Center(LC),24+ ft.,25.0,-122.0,224.0,1,0,20161227,DAL,HOU
Shot Chart Detail,0021600474,222,201569,Eric Gordon,1610612745,Houston Rockets,2,2,30,Missed Shot,Driving Floating Jump Shot,2PT Field Goal,In The Paint (Non-RA),Center(C),8-16 ft.,12.0,38.0,115.0,1,0,20161227,DAL,HOU
Shot Chart Detail,0021600474,242,201569,Eric Gordon,1610612745,Houston Rockets,2,1,13,Missed Shot,Jump Shot,3PT Field Goal,Above the Break 3,Right Side Center(RC),24+ ft.,25.0,227.0,106.0,1,0,20161227,DAL,HOU
Shot Chart Detail,0021600474,250,201569,Eric Gordon,1610612745,Houston Rockets,2,0,54,Made Shot,Jump Shot,3PT Field Goal,Above the Break 3,Left Side Center(LC),24+ ft.,26.0,-132.0,229.0,1,1,20161227,DAL,HOU
Shot Chart Detail,0021600474,396,201569,Eric Gordon,1610612745,Houston Rockets,3,2,52,Made Shot,Fadeaway Jump Shot,2PT Field Goal,In The Paint (Non-RA),Center(C),8-16 ft.,8.0,-27.0,82.0,1,1,20161227,DAL,HOU
Shot Chart Detail,0021600474,456,201569,Eric Gordon,1610612745,Houston Rockets,4,9,57,Made Shot,Jump Shot,3PT Field Goal,Above the Break 3,Center(C),24+ ft.,26.0,78.0,252.0,1,1,20161227,DAL,HOU
Shot Chart Detail,0021600474,472,201569,Eric Gordon,1610612745,Houston Rockets,4,8,54,Missed Shot,Step Back Jump shot,3PT Field Goal,Above the Break 3,Left Side Center(LC),24+ ft.,28.0,-183.0,223.0,1,0,20161227,DAL,HOU
Shot Chart Detail,0021600496,76,201569,Eric Gordon,1610612745,Houston Rockets,1,4,51,Made Shot,Pullup Jump shot,3PT Field Goal,Above the Break 3,Center(C),24+ ft.,25.0,25.0,257.0,1,1,20161230,HOU,LAC
Shot Chart Detail,0021600496,107,201569,Eric Gordon,1610612745,Houston Rockets,1,2,19,Made Shot,Jump Shot,3PT Field Goal,Right Corner 3,Right Side(R),24+ ft.,24.0,232.0,70.0,1,1,20161230,HOU,LAC
Shot Chart Detail,0021600496,114,201569,Eric Gordon,1610612745,Houston Rockets,1,1,4,Made Shot,Jump Shot,3PT Field Goal,Above the Break 3,Left Side Center(LC),24+ ft.,28.0,-207.0,198.0,1,1,20161230,HOU,LAC
Shot Chart Detail,0021600496,141,201569,Eric Gordon,1610612745,Houston Rockets,2,11,0,Missed Shot,Jump Shot,3PT Field Goal,Above the Break 3,Right Side Center(RC),24+ ft.,26.0,153.0,219.0,1,0,20161230,HOU,LAC
Shot Chart Detail,0021600496,472,201569,Eric Gordon,1610612745,Houston Rockets,4,10,35,Made Shot,Jump Shot,3PT Field Goal,Above the Break 3,Left Side Center(LC),24+ ft.,26.0,-140.0,223.0,1,1,20161230,HOU,LAC
Shot Chart Detail,0021600496,511,201569,Eric Gordon,1610612745,Houston Rockets,4,7,49,Made Shot,Driving Finger Roll Layup Shot,2PT Field Goal,In The Paint (Non-RA),Center(C),Less Than 8 ft.,4.0,4.0,43.0,1,1,20161230,HOU,LAC
Shot Chart Detail,0021600496,520,201569,Eric Gordon,1610612745,Houston Rockets,4,7,16,Missed Shot,Driving Finger Roll Layup Shot,2PT Field Goal,Restricted Area,Center(C),Less Than 8 ft.,3.0,14.0,33.0,1,0,20161230,HOU,LAC
Shot Chart Detail,0021600504,60,201569,Eric Gordon,1610612745,Houston Rockets,1,4,49,Missed Shot,Jump Shot,3PT Field Goal,Above the Break 3,Left Side Center(LC),24+ ft.,24.0,-194.0,146.0,1,0,20161231,HOU,NYK
Shot Chart Detail,0021600504,73,201569,Eric Gordon,1610612745,Houston Rockets,1,4,27,Made Shot,Jump Shot,3PT Field Goal,Above the Break 3,Center(C),24+ ft.,24.0,27.0,242.0,1,1,20161231,HOU,NYK
Shot Chart Detail,0021600504,78,201569,Eric Gordon,1610612745,Houston Rockets,1,3,13,Missed Shot,Jump Shot,3PT Field Goal,Above the Break 3,Left Side Center(LC),24+ ft.,25.0,-165.0,190.0,1,0,20161231,HOU,NYK
Shot Chart Detail,0021600504,92,201569,Eric Gordon,1610612745,Houston Rockets,1,1,51,Missed Shot,Jump Shot,2PT Field Goal,Mid-Range,Right Side Center(RC),16-24 ft.,17.0,73.0,159.0,1,0,20161231,HOU,NYK
Shot Chart Detail,0021600504,94,201569,Eric Gordon,1610612745,Houston Rockets,1,1,46,Made Shot,Jump Shot,3PT Field Goal,Above the Break 3,Center(C),24+ ft.,25.0,58.0,247.0,1,1,20161231,HOU,NYK
Shot Chart Detail,0021600504,106,201569,Eric Gordon,1610612745,Houston Rockets,1,0,50,Made Shot,Jump Shot,3PT Field Goal,Above the Break 3,Center(C),24+ ft.,24.0,17.0,247.0,1,1,20161231,HOU,NYK
Shot Chart Detail,0021600504,125,201569,Eric Gordon,1610612745,Houston Rockets,2,11,5,Missed Shot,Jump Shot,3PT Field Goal,Above the Break 3,Right Side Center(RC),24+ ft.,24.0,97.0,228.0,1,0,20161231,HOU,NYK
Shot Chart Detail,0021600504,138,201569,Eric Gordon,1610612745,Houston Rockets,2,9,36,Missed Shot,Jump Shot,2PT Field Goal,Mid-Range,Left Side(L),16-24 ft.,16.0,-151.0,61.0,1,0,20161231,HOU,NYK
Shot Chart Detail,0021600504,146,201569,Eric Gordon,1610612745,Houston Rockets,2,9,7,Missed Shot,Jump Shot,3PT Field Goal,Above the Break 3,Right Side Center(RC),24+ ft.,24.0,176.0,174.0,1,0,20161231,HOU,NYK
Shot Chart Detail,0021600504,361,201569,Eric Gordon,1610612745,Houston Rockets,3,4,10,Missed Shot,Jump Shot,3PT Field Goal,Above the Break 3,Right Side Center(RC),24+ ft.,24.0,204.0,141.0,1,0,20161231,HOU,NYK
Shot Chart Detail,0021600504,366,201569,Eric Gordon,1610612745,Houston Rockets,3,3,18,Missed Shot,Jump Shot,3PT Field Goal,Above the Break 3,Left Side Center(LC),24+ ft.,24.0,-181.0,169.0,1,0,20161231,HOU,NYK
Shot Chart Detail,0021600504,397,201569,Eric Gordon,1610612745,Houston Rockets,3,1,39,Made Shot,Jump Shot,3PT Field Goal,Above the Break 3,Right Side Center(RC),24+ ft.,24.0,155.0,195.0,1,1,20161231,HOU,NYK
Shot Chart Detail,0021600504,434,201569,Eric Gordon,1610612745,Houston Rockets,4,11,26,Missed Shot,Jump Shot,3PT Field Goal,Above the Break 3,Center(C),24+ ft.,24.0,-1.0,247.0,1,0,20161231,HOU,NYK
Shot Chart Detail,0021600504,447,201569,Eric Gordon,1610612745,Houston Rockets,4,10,25,Missed Shot,Floating Jump shot,2PT Field Goal,Mid-Range,Right Side(R),8-16 ft.,12.0,97.0,72.0,1,0,20161231,HOU,NYK
Shot Chart Detail,0021600504,471,201569,Eric Gordon,1610612745,Houston Rockets,4,9,10,Made Shot,Jump Shot,3PT Field Goal,Above the Break 3,Right Side Center(RC),24+ ft.,24.0,99.0,228.0,1,1,20161231,HOU,NYK
Shot Chart Detail,0021600504,478,201569,Eric Gordon,1610612745,Houston Rockets,4,8,49,Missed Shot,Jump Shot,3PT Field Goal,Above the Break 3,Right Side Center(RC),24+ ft.,25.0,192.0,170.0,1,0,20161231,HOU,NYK
Shot Chart Detail,0021600504,517,201569,Eric Gordon,1610612745,Houston Rockets,4,6,18,Missed Shot,Fadeaway Jump Shot,2PT Field Goal,In The Paint (Non-RA),Center(C),Less Than 8 ft.,4.0,-45.0,16.0,1,0,20161231,HOU,NYK
Shot Chart Detail,0021600504,580,201569,Eric Gordon,1610612745,Houston Rockets,4,1,58,Missed Shot,Jump Shot,3PT Field Goal,Above the Break 3,Left Side Center(LC),24+ ft.,25.0,-207.0,149.0,1,0,20161231,HOU,NYK
Shot Chart Detail,0021600504,605,201569,Eric Gordon,1610612745,Houston Rockets,4,0,8,Missed Shot,Jump Shot,3PT Field Goal,Right Corner 3,Right Side(R),24+ ft.,22.0,228.0,7.0,1,0,20161231,HOU,NYK
Shot Chart Detail,0021600518,84,201569,Eric Gordon,1610612745,Houston Rockets,1,1,30,Made Shot,Step Back Jump shot,2PT Field Goal,Mid-Range,Right Side Center(RC),16-24 ft.,21.0,79.0,198.0,1,1,20170102,HOU,WAS
Shot Chart Detail,0021600518,99,201569,Eric Gordon,1610612745,Houston Rockets,1,0,5,Missed Shot,Floating Jump shot,2PT Field Goal,In The Paint (Non-RA),Center(C),Less Than 8 ft.,6.0,-7.0,67.0,1,0,20170102,HOU,WAS
Shot Chart Detail,0021600518,108,201569,Eric Gordon,1610612745,Houston Rockets,2,11,45,Made Shot,Jump Shot,3PT Field Goal,Above the Break 3,Center(C),24+ ft.,26.0,14.0,267.0,1,1,20170102,HOU,WAS
Shot Chart Detail,0021600518,116,201569,Eric Gordon,1610612745,Houston Rockets,2,10,29,Made Shot,Running Layup Shot,2PT Field Goal,Restricted Area,Center(C),Less Than 8 ft.,0.0,4.0,7.0,1,1,20170102,HOU,WAS
Shot Chart Detail,0021600518,141,201569,Eric Gordon,1610612745,Houston Rockets,2,8,40,Missed Shot,Jump Shot,3PT Field Goal,Above the Break 3,Right Side Center(RC),24+ ft.,25.0,151.0,210.0,1,0,20170102,HOU,WAS
Shot Chart Detail,0021600518,165,201569,Eric Gordon,1610612745,Houston Rockets,2,6,47,Missed Shot,Jump Shot,3PT Field Goal,Right Corner 3,Right Side(R),24+ ft.,24.0,236.0,52.0,1,0,20170102,HOU,WAS
Shot Chart Detail,0021600518,182,201569,Eric Gordon,1610612745,Houston Rockets,2,5,18,Missed Shot,Jump Shot,3PT Field Goal,Above the Break 3,Right Side Center(RC),24+ ft.,26.0,200.0,169.0,1,0,20170102,HOU,WAS
Shot Chart Detail,0021600518,185,201569,Eric Gordon,1610612745,Houston Rockets,2,4,56,Made Shot,Running Layup Shot,2PT Field Goal,Restricted Area,Center(C),Less Than 8 ft.,3.0,9.0,31.0,1,1,20170102,HOU,WAS
Shot Chart Detail,0021600518,314,201569,Eric Gordon,1610612745,Houston Rockets,3,5,39,Made Shot,Running Layup Shot,2PT Field Goal,Restricted Area,Center(C),Less Than 8 ft.,1.0,1.0,13.0,1,1,20170102,HOU,WAS
Shot Chart Detail,0021600518,317,201569,Eric Gordon,1610612745,Houston Rockets,3,4,58,Made Shot,Jump Shot,3PT Field Goal,Above the Break 3,Right Side Center(RC),24+ ft.,25.0,164.0,195.0,1,1,20170102,HOU,WAS
Shot Chart Detail,0021600518,327,201569,Eric Gordon,1610612745,Houston Rockets,3,3,54,Made Shot,Pullup Jump shot,3PT Field Goal,Above the Break 3,Center(C),24+ ft.,26.0,-76.0,254.0,1,1,20170102,HOU,WAS
Shot Chart Detail,0021600518,357,201569,Eric Gordon,1610612745,Houston Rockets,3,0,36,Made Shot,Jump Shot,3PT Field Goal,Above the Break 3,Left Side Center(LC),24+ ft.,26.0,-176.0,193.0,1,1,20170102,HOU,WAS
Shot Chart Detail,0021600518,394,201569,Eric Gordon,1610612745,Houston Rockets,4,8,55,Missed Shot,Jump Shot,3PT Field Goal,Above the Break 3,Right Side Center(RC),24+ ft.,26.0,186.0,188.0,1,0,20170102,HOU,WAS
Shot Chart Detail,0021600518,396,201569,Eric Gordon,1610612745,Houston Rockets,4,8,49,Missed Shot,Jump Shot,3PT Field Goal,Above the Break 3,Right Side Center(RC),24+ ft.,26.0,205.0,170.0,1,0,20170102,HOU,WAS
Shot Chart Detail,0021600518,451,201569,Eric Gordon,1610612745,Houston Rockets,4,4,29,Made Shot,Pullup Jump shot,3PT Field Goal,Above the Break 3,Right Side Center(RC),24+ ft.,25.0,215.0,144.0,1,1,20170102,HOU,WAS
Shot Chart Detail,0021600518,484,201569,Eric Gordon,1610612745,Houston Rockets,4,2,14,Made Shot,Jump Shot,3PT Field Goal,Above the Break 3,Left Side Center(LC),24+ ft.,27.0,-179.0,208.0,1,1,20170102,HOU,WAS
Shot Chart Detail,0021600518,492,201569,Eric Gordon,1610612745,Houston Rockets,4,1,22,Missed Shot,Jump Shot,3PT Field Goal,Above the Break 3,Left Side Center(LC),24+ ft.,25.0,-212.0,144.0,1,0,20170102,HOU,WAS
Shot Chart Detail,0021600518,494,201569,Eric Gordon,1610612745,Houston Rockets,4,1,19,Made Shot,Cutting Layup Shot,2PT Field Goal,Restricted Area,Center(C),Less Than 8 ft.,2.0,0.0,21.0,1,1,20170102,HOU,WAS
Shot Chart Detail,0021600540,70,201569,Eric Gordon,1610612745,Houston Rockets,1,5,14,Missed Shot,Driving Bank shot,2PT Field Goal,In The Paint (Non-RA),Left Side(L),8-16 ft.,8.0,-71.0,41.0,1,0,20170105,HOU,OKC
Shot Chart Detail,0021600540,99,201569,Eric Gordon,1610612745,Houston Rockets,1,2,51,Made Shot,Jump Shot,3PT Field Goal,Above the Break 3,Left Side Center(LC),24+ ft.,25.0,-201.0,164.0,1,1,20170105,HOU,OKC
Shot Chart Detail,0021600540,142,201569,Eric Gordon,1610612745,Houston Rockets,2,11,1,Missed Shot,Running Layup Shot,2PT Field Goal,Restricted Area,Center(C),Less Than 8 ft.,2.0,20.0,7.0,1,0,20170105,HOU,OKC
Shot Chart Detail,0021600540,152,201569,Eric Gordon,1610612745,Houston Rockets,2,10,1,Made Shot,Driving Layup Shot,2PT Field Goal,Restricted Area,Center(C),Less Than 8 ft.,2.0,25.0,2.0,1,1,20170105,HOU,OKC
Shot Chart Detail,0021600540,155,201569,Eric Gordon,1610612745,Houston Rockets,2,9,33,Made Shot,Jump Shot,3PT Field Goal,Above the Break 3,Right Side Center(RC),24+ ft.,27.0,205.0,178.0,1,1,20170105,HOU,OKC
Shot Chart Detail,0021600540,159,201569,Eric Gordon,1610612745,Houston Rockets,2,8,58,Made Shot,Cutting Layup Shot,2PT Field Goal,Restricted Area,Center(C),Less Than 8 ft.,1.0,-1.0,13.0,1,1,20170105,HOU,OKC
Shot Chart Detail,0021600540,177,201569,Eric Gordon,1610612745,Houston Rockets,2,8,3,Missed Shot,Jump Shot,3PT Field Goal,Above the Break 3,Left Side Center(LC),24+ ft.,27.0,-166.0,214.0,1,0,20170105,HOU,OKC
Shot Chart Detail,0021600540,187,201569,Eric Gordon,1610612745,Houston Rockets,2,7,39,Made Shot,Fadeaway Jump Shot,2PT Field Goal,In The Paint (Non-RA),Center(C),Less Than 8 ft.,6.0,-14.0,67.0,1,1,20170105,HOU,OKC
Shot Chart Detail,0021600540,252,201569,Eric Gordon,1610612745,Houston Rockets,2,3,28,Missed Shot,Jump Shot,2PT Field Goal,In The Paint (Non-RA),Center(C),Less Than 8 ft.,6.0,-22.0,56.0,1,0,20170105,HOU,OKC
Shot Chart Detail,0021600540,274,201569,Eric Gordon,1610612745,Houston Rockets,2,1,29,Made Shot,Step Back Jump shot,3PT Field Goal,Above the Break 3,Right Side Center(RC),24+ ft.,24.0,84.0,234.0,1,1,20170105,HOU,OKC
Shot Chart Detail,0021600540,282,201569,Eric Gordon,1610612745,Houston Rockets,2,0,31,Missed Shot,Fadeaway Jump Shot,2PT Field Goal,In The Paint (Non-RA),Center(C),Less Than 8 ft.,6.0,-12.0,62.0,1,0,20170105,HOU,OKC
Shot Chart Detail,0021600540,360,201569,Eric Gordon,1610612745,Houston Rockets,3,4,12,Made Shot,Jump Shot,3PT Field Goal,Above the Break 3,Left Side Center(LC),24+ ft.,25.0,-205.0,154.0,1,1,20170105,HOU,OKC
Shot Chart Detail,0021600540,370,201569,Eric Gordon,1610612745,Houston Rockets,3,2,40,Made Shot,Jump Shot,3PT Field Goal,Above the Break 3,Center(C),24+ ft.,28.0,7.0,283.0,1,1,20170105,HOU,OKC
Shot Chart Detail,0021600540,374,201569,Eric Gordon,1610612745,Houston Rockets,3,1,52,Missed Shot,Layup Shot,2PT Field Goal,Restricted Area,Center(C),Less Than 8 ft.,2.0,17.0,16.0,1,0,20170105,HOU,OKC
Shot Chart Detail,0021600540,379,201569,Eric Gordon,1610612745,Houston Rockets,3,1,14,Missed Shot,Jump Bank Shot,3PT Field Goal,Above the Break 3,Left Side Center(LC),24+ ft.,29.0,-176.0,237.0,1,0,20170105,HOU,OKC
Shot Chart Detail,0021600540,417,201569,Eric Gordon,1610612745,Houston Rockets,4,10,49,Missed Shot,Driving Reverse Layup Shot,2PT Field Goal,Restricted Area,Center(C),Less Than 8 ft.,2.0,-22.0,7.0,1,0,20170105,HOU,OKC
Shot Chart Detail,0021600540,463,201569,Eric Gordon,1610612745,Houston Rockets,4,6,59,Missed Shot,Jump Shot,3PT Field Goal,Above the Break 3,Right Side Center(RC),24+ ft.,24.0,209.0,120.0,1,0,20170105,HOU,OKC
Shot Chart Detail,0021600540,527,201569,Eric Gordon,1610612745,Houston Rockets,4,2,11,Missed Shot,Jump Shot,3PT Field Goal,Above the Break 3,Right Side Center(RC),24+ ft.,27.0,115.0,247.0,1,0,20170105,HOU,OKC
Shot Chart Detail,0021600540,542,201569,Eric Gordon,1610612745,Houston Rockets,4,1,5,Missed Shot,Driving Layup Shot,2PT Field Goal,Restricted Area,Center(C),Less Than 8 ft.,1.0,15.0,-1.0,1,0,20170105,HOU,OKC
Shot Chart Detail,0021600540,546,201569,Eric Gordon,1610612745,Houston Rockets,4,0,43,Missed Shot,Jump Shot,3PT Field Goal,Above the Break 3,Left Side Center(LC),24+ ft.,25.0,-156.0,200.0,1,0,20170105,HOU,OKC
Shot Chart Detail,0021600545,60,201569,Eric Gordon,1610612745,Houston Rockets,1,5,26,Missed Shot,Jump Shot,3PT Field Goal,Above the Break 3,Right Side Center(RC),24+ ft.,27.0,245.0,115.0,1,0,20170106,ORL,HOU
Shot Chart Detail,0021600545,86,201569,Eric Gordon,1610612745,Houston Rockets,1,3,49,Made Shot,Running Jump Shot,3PT Field Goal,Above the Break 3,Left Side Center(LC),24+ ft.,24.0,-169.0,178.0,1,1,20170106,ORL,HOU
Shot Chart Detail,0021600545,93,201569,Eric Gordon,1610612745,Houston Rockets,1,2,54,Missed Shot,Jump Shot,3PT Field Goal,Above the Break 3,Left Side Center(LC),24+ ft.,26.0,-151.0,213.0,1,0,20170106,ORL,HOU
Shot Chart Detail,0021600545,97,201569,Eric Gordon,1610612745,Houston Rockets,1,2,45,Missed Shot,Jump Shot,3PT Field Goal,Above the Break 3,Left Side Center(LC),24+ ft.,24.0,-178.0,170.0,1,0,20170106,ORL,HOU
Shot Chart Detail,0021600545,134,201569,Eric Gordon,1610612745,Houston Rockets,2,11,11,Missed Shot,Jump Shot,3PT Field Goal,Above the Break 3,Left Side Center(LC),24+ ft.,25.0,-150.0,208.0,1,0,20170106,ORL,HOU
Shot Chart Detail,0021600545,145,201569,Eric Gordon,1610612745,Houston Rockets,2,10,4,Made Shot,Driving Layup Shot,2PT Field Goal,Restricted Area,Center(C),Less Than 8 ft.,3.0,32.0,11.0,1,1,20170106,ORL,HOU
Shot Chart Detail,0021600545,154,201569,Eric Gordon,1610612745,Houston Rockets,2,9,2,Missed Shot,Jump Shot,3PT Field Goal,Above the Break 3,Right Side Center(RC),24+ ft.,26.0,189.0,183.0,1,0,20170106,ORL,HOU
Shot Chart Detail,0021600545,169,201569,Eric Gordon,1610612745,Houston Rockets,2,8,17,Missed Shot,Running Jump Shot,3PT Field Goal,Above the Break 3,Left Side Center(LC),24+ ft.,28.0,-165.0,228.0,1,0,20170106,ORL,HOU
Shot Chart Detail,0021600545,174,201569,Eric Gordon,1610612745,Houston Rockets,2,7,43,Made Shot,Step Back Jump shot,3PT Field Goal,Above the Break 3,Left Side Center(LC),24+ ft.,26.0,-153.0,213.0,1,1,20170106,ORL,HOU
Shot Chart Detail,0021600545,240,201569,Eric Gordon,1610612745,Houston Rockets,2,2,15,Missed Shot,Jump Shot,3PT Field Goal,Above the Break 3,Right Side Center(RC),24+ ft.,24.0,115.0,218.0,1,0,20170106,ORL,HOU
Shot Chart Detail,0021600545,242,201569,Eric Gordon,1610612745,Houston Rockets,2,2,10,Missed Shot,Jump Shot,3PT Field Goal,Above the Break 3,Right Side Center(RC),24+ ft.,26.0,191.0,178.0,1,0,20170106,ORL,HOU
Shot Chart Detail,0021600545,247,201569,Eric Gordon,1610612745,Houston Rockets,2,1,48,Missed Shot,Jump Shot,3PT Field Goal,Left Corner 3,Left Side(L),24+ ft.,24.0,-241.0,7.0,1,0,20170106,ORL,HOU
Shot Chart Detail,0021600545,342,201569,Eric Gordon,1610612745,Houston Rockets,3,3,26,Made Shot,Jump Shot,3PT Field Goal,Left Corner 3,Left Side(L),24+ ft.,23.0,-238.0,-11.0,1,1,20170106,ORL,HOU
Shot Chart Detail,0021600545,376,201569,Eric Gordon,1610612745,Houston Rockets,3,0,32,Missed Shot,Jump Shot,3PT Field Goal,Above the Break 3,Left Side Center(LC),24+ ft.,25.0,-148.0,208.0,1,0,20170106,ORL,HOU
Shot Chart Detail,0021600545,380,201569,Eric Gordon,1610612745,Houston Rockets,3,0,2,Made Shot,Driving Layup Shot,2PT Field Goal,Restricted Area,Center(C),Less Than 8 ft.,1.0,-9.0,-11.0,1,1,20170106,ORL,HOU
Shot Chart Detail,0021600545,392,201569,Eric Gordon,1610612745,Houston Rockets,4,10,46,Missed Shot,Jump Shot,3PT Field Goal,Above the Break 3,Left Side Center(LC),24+ ft.,24.0,-173.0,174.0,1,0,20170106,ORL,HOU
Shot Chart Detail,0021600545,399,201569,Eric Gordon,1610612745,Houston Rockets,4,9,41,Made Shot,Cutting Layup Shot,2PT Field Goal,Restricted Area,Center(C),Less Than 8 ft.,1.0,12.0,8.0,1,1,20170106,ORL,HOU
Shot Chart Detail,0021600545,407,201569,Eric Gordon,1610612745,Houston Rockets,4,8,4,Made Shot,Driving Layup Shot,2PT Field Goal,Restricted Area,Center(C),Less Than 8 ft.,0.0,-9.0,3.0,1,1,20170106,ORL,HOU
Shot Chart Detail,0021600545,443,201569,Eric Gordon,1610612745,Houston Rockets,4,5,2,Missed Shot,Step Back Jump shot,3PT Field Goal,Above the Break 3,Left Side Center(LC),24+ ft.,25.0,-199.0,160.0,1,0,20170106,ORL,HOU
Shot Chart Detail,0021600545,457,201569,Eric Gordon,1610612745,Houston Rockets,4,4,9,Missed Shot,Jump Shot,3PT Field Goal,Left Corner 3,Left Side(L),24+ ft.,22.0,-225.0,31.0,1,0,20170106,ORL,HOU
Shot Chart Detail,0021600563,98,201569,Eric Gordon,1610612745,Houston Rockets,1,3,4,Made Shot,Running Jump Shot,2PT Field Goal,In The Paint (Non-RA),Center(C),Less Than 8 ft.,4.0,40.0,16.0,1,1,20170108,TOR,HOU
Shot Chart Detail,0021600563,144,201569,Eric Gordon,1610612745,Houston Rockets,1,0,13,Missed Shot,Jump Shot,3PT Field Goal,Right Corner 3,Right Side(R),24+ ft.,23.0,238.0,2.0,1,0,20170108,TOR,HOU
Shot Chart Detail,0021600563,146,201569,Eric Gordon,1610612745,Houston Rockets,1,0,9,Made Shot,Jump Shot,3PT Field Goal,Above the Break 3,Right Side Center(RC),24+ ft.,26.0,181.0,188.0,1,1,20170108,TOR,HOU
Shot Chart Detail,0021600563,158,201569,Eric Gordon,1610612745,Houston Rockets,2,11,9,Missed Shot,Running Jump Shot,3PT Field Goal,Above the Break 3,Right Side Center(RC),24+ ft.,25.0,212.0,146.0,1,0,20170108,TOR,HOU
Shot Chart Detail,0021600563,162,201569,Eric Gordon,1610612745,Houston Rockets,2,10,39,Missed Shot,Jump Shot,3PT Field Goal,Above the Break 3,Right Side Center(RC),24+ ft.,25.0,197.0,160.0,1,0,20170108,TOR,HOU
Shot Chart Detail,0021600563,200,201569,Eric Gordon,1610612745,Houston Rockets,2,7,29,Made Shot,Running Layup Shot,2PT Field Goal,Restricted Area,Center(C),Less Than 8 ft.,2.0,20.0,7.0,1,1,20170108,TOR,HOU
Shot Chart Detail,0021600563,208,201569,Eric Gordon,1610612745,Houston Rockets,2,7,9,Missed Shot,Jump Shot,3PT Field Goal,Above the Break 3,Center(C),24+ ft.,24.0,12.0,249.0,1,0,20170108,TOR,HOU
Shot Chart Detail,0021600563,283,201569,Eric Gordon,1610612745,Houston Rockets,2,1,57,Missed Shot,Jump Shot,3PT Field Goal,Right Corner 3,Right Side(R),24+ ft.,24.0,240.0,26.0,1,0,20170108,TOR,HOU
Shot Chart Detail,0021600563,426,201569,Eric Gordon,1610612745,Houston Rockets,3,2,8,Missed Shot,Jump Shot,3PT Field Goal,Above the Break 3,Left Side Center(LC),24+ ft.,25.0,-179.0,175.0,1,0,20170108,TOR,HOU
Shot Chart Detail,0021600563,428,201569,Eric Gordon,1610612745,Houston Rockets,3,2,4,Missed Shot,Jump Shot,3PT Field Goal,Above the Break 3,Left Side Center(LC),24+ ft.,25.0,-219.0,122.0,1,0,20170108,TOR,HOU
Shot Chart Detail,0021600563,460,201569,Eric Gordon,1610612745,Houston Rockets,4,11,35,Made Shot,Driving Layup Shot,2PT Field Goal,Restricted Area,Center(C),Less Than 8 ft.,3.0,33.0,11.0,1,1,20170108,TOR,HOU
Shot Chart Detail,0021600563,488,201569,Eric Gordon,1610612745,Houston Rockets,4,9,21,Made Shot,Running Layup Shot,2PT Field Goal,Restricted Area,Center(C),Less Than 8 ft.,2.0,28.0,2.0,1,1,20170108,TOR,HOU
Shot Chart Detail,0021600563,515,201569,Eric Gordon,1610612745,Houston Rockets,4,6,57,Made Shot,Driving Layup Shot,2PT Field Goal,Restricted Area,Center(C),Less Than 8 ft.,2.0,-22.0,16.0,1,1,20170108,TOR,HOU
Shot Chart Detail,0021600563,520,201569,Eric Gordon,1610612745,Houston Rockets,4,5,54,Made Shot,Driving Layup Shot,2PT Field Goal,Restricted Area,Center(C),Less Than 8 ft.,2.0,17.0,11.0,1,1,20170108,TOR,HOU
Shot Chart Detail,0021600563,565,201569,Eric Gordon,1610612745,Houston Rockets,4,2,44,Missed Shot,Pullup Jump shot,3PT Field Goal,Above the Break 3,Right Side Center(RC),24+ ft.,25.0,81.0,237.0,1,0,20170108,TOR,HOU
Shot Chart Detail,0021600563,587,201569,Eric Gordon,1610612745,Houston Rockets,4,0,41,Missed Shot,Pullup Jump shot,2PT Field Goal,Mid-Range,Right Side Center(RC),16-24 ft.,19.0,86.0,174.0,1,0,20170108,TOR,HOU
Shot Chart Detail,0021600595,27,201569,Eric Gordon,1610612745,Houston Rockets,1,9,6,Made Shot,Driving Layup Shot,2PT Field Goal,Restricted Area,Center(C),Less Than 8 ft.,2.0,-17.0,18.0,1,1,20170113,HOU,MEM
Shot Chart Detail,0021600595,163,201569,Eric Gordon,1610612745,Houston Rockets,2,10,35,Missed Shot,Jump Shot,3PT Field Goal,Above the Break 3,Left Side Center(LC),24+ ft.,27.0,-205.0,178.0,1,0,20170113,HOU,MEM
Shot Chart Detail,0021600595,190,201569,Eric Gordon,1610612745,Houston Rockets,2,8,24,Made Shot,Jump Shot,3PT Field Goal,Above the Break 3,Right Side Center(RC),24+ ft.,25.0,91.0,237.0,1,1,20170113,HOU,MEM
Shot Chart Detail,0021600595,193,201569,Eric Gordon,1610612745,Houston Rockets,2,7,49,Missed Shot,Jump Shot,3PT Field Goal,Above the Break 3,Right Side Center(RC),24+ ft.,25.0,120.0,228.0,1,0,20170113,HOU,MEM
Shot Chart Detail,0021600595,196,201569,Eric Gordon,1610612745,Houston Rockets,2,7,28,Missed Shot,Driving Layup Shot,2PT Field Goal,Restricted Area,Center(C),Less Than 8 ft.,3.0,-22.0,29.0,1,0,20170113,HOU,MEM
Shot Chart Detail,0021600595,376,201569,Eric Gordon,1610612745,Houston Rockets,3,4,47,Made Shot,Jump Shot,3PT Field Goal,Above the Break 3,Right Side Center(RC),24+ ft.,25.0,238.0,100.0,1,1,20170113,HOU,MEM
Shot Chart Detail,0021600595,379,201569,Eric Gordon,1610612745,Houston Rockets,3,4,3,Made Shot,Jump Shot,3PT Field Goal,Above the Break 3,Left Side Center(LC),24+ ft.,25.0,-129.0,219.0,1,1,20170113,HOU,MEM
Shot Chart Detail,0021600595,404,201569,Eric Gordon,1610612745,Houston Rockets,3,1,58,Missed Shot,Pullup Jump shot,3PT Field Goal,Above the Break 3,Right Side Center(RC),24+ ft.,26.0,112.0,237.0,1,0,20170113,HOU,MEM
Shot Chart Detail,0021600595,436,201569,Eric Gordon,1610612745,Houston Rockets,3,0,20,Missed Shot,Jump Shot,3PT Field Goal,Above the Break 3,Left Side Center(LC),24+ ft.,25.0,-130.0,223.0,1,0,20170113,HOU,MEM
Shot Chart Detail,0021600595,449,201569,Eric Gordon,1610612745,Houston Rockets,4,11,11,Missed Shot,Jump Shot,3PT Field Goal,Above the Break 3,Right Side Center(RC),24+ ft.,26.0,84.0,247.0,1,0,20170113,HOU,MEM
Shot Chart Detail,0021600595,508,201569,Eric Gordon,1610612745,Houston Rockets,4,6,13,Missed Shot,Jump Shot,3PT Field Goal,Above the Break 3,Left Side Center(LC),24+ ft.,26.0,-147.0,223.0,1,0,20170113,HOU,MEM
Shot Chart Detail,0021600609,62,201569,Eric Gordon,1610612745,Houston Rockets,1,5,11,Missed Shot,Running Layup Shot,2PT Field Goal,Restricted Area,Center(C),Less Than 8 ft.,3.0,32.0,8.0,1,0,20170115,BKN,HOU
Shot Chart Detail,0021600609,145,201569,Eric Gordon,1610612745,Houston Rockets,2,11,22,Made Shot,Driving Layup Shot,2PT Field Goal,Restricted Area,Center(C),Less Than 8 ft.,1.0,12.0,-6.0,1,1,20170115,BKN,HOU
Shot Chart Detail,0021600609,164,201569,Eric Gordon,1610612745,Houston Rockets,2,9,22,Made Shot,Jump Shot,3PT Field Goal,Above the Break 3,Left Side Center(LC),24+ ft.,24.0,-224.0,110.0,1,1,20170115,BKN,HOU
Shot Chart Detail,0021600609,171,201569,Eric Gordon,1610612745,Houston Rockets,2,8,38,Missed Shot,Jump Shot,3PT Field Goal,Above the Break 3,Right Side Center(RC),24+ ft.,24.0,138.0,203.0,1,0,20170115,BKN,HOU
Shot Chart Detail,0021600609,197,201569,Eric Gordon,1610612745,Houston Rockets,2,6,59,Made Shot,Driving Layup Shot,2PT Field Goal,Restricted Area,Center(C),Less Than 8 ft.,1.0,19.0,2.0,1,1,20170115,BKN,HOU
Shot Chart Detail,0021600609,204,201569,Eric Gordon,1610612745,Houston Rockets,2,6,32,Made Shot,Driving Layup Shot,2PT Field Goal,Restricted Area,Center(C),Less Than 8 ft.,2.0,20.0,11.0,1,1,20170115,BKN,HOU
Shot Chart Detail,0021600609,225,201569,Eric Gordon,1610612745,Houston Rockets,2,5,0,Made Shot,Driving Layup Shot,2PT Field Goal,Restricted Area,Center(C),Less Than 8 ft.,2.0,-20.0,3.0,1,1,20170115,BKN,HOU
Shot Chart Detail,0021600609,250,201569,Eric Gordon,1610612745,Houston Rockets,2,3,32,Made Shot,Jump Shot,3PT Field Goal,Above the Break 3,Right Side Center(RC),24+ ft.,25.0,125.0,218.0,1,1,20170115,BKN,HOU
Shot Chart Detail,0021600609,252,201569,Eric Gordon,1610612745,Houston Rockets,2,2,40,Missed Shot,Jump Shot,3PT Field Goal,Right Corner 3,Right Side(R),24+ ft.,23.0,236.0,-26.0,1,0,20170115,BKN,HOU
Shot Chart Detail,0021600609,266,201569,Eric Gordon,1610612745,Houston Rockets,2,1,20,Missed Shot,Step Back Jump shot,3PT Field Goal,Above the Break 3,Right Side Center(RC),24+ ft.,26.0,133.0,224.0,1,0,20170115,BKN,HOU
Shot Chart Detail,0021600609,407,201569,Eric Gordon,1610612745,Houston Rockets,3,2,7,Made Shot,Jump Shot,3PT Field Goal,Above the Break 3,Right Side Center(RC),24+ ft.,26.0,115.0,237.0,1,1,20170115,BKN,HOU
Shot Chart Detail,0021600609,435,201569,Eric Gordon,1610612745,Houston Rockets,4,11,12,Made Shot,Jump Shot,3PT Field Goal,Above the Break 3,Center(C),24+ ft.,26.0,73.0,259.0,1,1,20170115,BKN,HOU
Shot Chart Detail,0021600609,455,201569,Eric Gordon,1610612745,Houston Rockets,4,9,23,Made Shot,Driving Layup Shot,2PT Field Goal,Restricted Area,Center(C),Less Than 8 ft.,3.0,30.0,3.0,1,1,20170115,BKN,HOU
Shot Chart Detail,0021600609,459,201569,Eric Gordon,1610612745,Houston Rockets,4,8,41,Missed Shot,Jump Shot,3PT Field Goal,Above the Break 3,Left Side Center(LC),24+ ft.,25.0,-174.0,183.0,1,0,20170115,BKN,HOU
Shot Chart Detail,0021600623,93,201569,Eric Gordon,1610612745,Houston Rockets,1,3,0,Made Shot,Layup Shot,2PT Field Goal,Restricted Area,Center(C),Less Than 8 ft.,1.0,4.0,18.0,1,1,20170117,MIA,HOU
Shot Chart Detail,0021600623,112,201569,Eric Gordon,1610612745,Houston Rockets,1,0,56,Made Shot,Driving Layup Shot,2PT Field Goal,Restricted Area,Center(C),Less Than 8 ft.,1.0,-4.0,11.0,1,1,20170117,MIA,HOU
Shot Chart Detail,0021600623,131,201569,Eric Gordon,1610612745,Houston Rockets,2,10,46,Missed Shot,Jump Shot,3PT Field Goal,Above the Break 3,Left Side Center(LC),24+ ft.,26.0,-217.0,154.0,1,0,20170117,MIA,HOU
Shot Chart Detail,0021600623,139,201569,Eric Gordon,1610612745,Houston Rockets,2,10,27,Missed Shot,Step Back Jump shot,2PT Field Goal,Mid-Range,Right Side(R),8-16 ft.,14.0,97.0,110.0,1,0,20170117,MIA,HOU
Shot Chart Detail,0021600623,147,201569,Eric Gordon,1610612745,Houston Rockets,2,9,19,Missed Shot,Driving Layup Shot,2PT Field Goal,Restricted Area,Center(C),Less Than 8 ft.,2.0,17.0,11.0,1,0,20170117,MIA,HOU
Shot Chart Detail,0021600623,151,201569,Eric Gordon,1610612745,Houston Rockets,2,9,3,Missed Shot,Jump Shot,3PT Field Goal,Above the Break 3,Left Side Center(LC),24+ ft.,25.0,-205.0,154.0,1,0,20170117,MIA,HOU
Shot Chart Detail,0021600623,161,201569,Eric Gordon,1610612745,Houston Rockets,2,8,15,Made Shot,Jump Shot,3PT Field Goal,Above the Break 3,Right Side Center(RC),24+ ft.,25.0,153.0,205.0,1,1,20170117,MIA,HOU
Shot Chart Detail,0021600623,178,201569,Eric Gordon,1610612745,Houston Rockets,2,7,23,Missed Shot,Jump Shot,3PT Field Goal,Above the Break 3,Right Side Center(RC),24+ ft.,25.0,189.0,165.0,1,0,20170117,MIA,HOU
Shot Chart Detail,0021600623,211,201569,Eric Gordon,1610612745,Houston Rockets,2,5,16,Missed Shot,Jump Shot,3PT Field Goal,Left Corner 3,Left Side(L),24+ ft.,23.0,-228.0,31.0,1,0,20170117,MIA,HOU
Shot Chart Detail,0021600623,226,201569,Eric Gordon,1610612745,Houston Rockets,2,3,31,Missed Shot,Jump Shot,3PT Field Goal,Above the Break 3,Center(C),24+ ft.,24.0,-25.0,244.0,1,0,20170117,MIA,HOU
Shot Chart Detail,0021600623,339,201569,Eric Gordon,1610612745,Houston Rockets,3,6,17,Missed Shot,Driving Finger Roll Layup Shot,2PT Field Goal,Restricted Area,Center(C),Less Than 8 ft.,1.0,17.0,8.0,1,0,20170117,MIA,HOU
Shot Chart Detail,0021600623,379,201569,Eric Gordon,1610612745,Houston Rockets,3,3,27,Missed Shot,Jump Shot,3PT Field Goal,Above the Break 3,Left Side Center(LC),24+ ft.,23.0,-199.0,131.0,1,0,20170117,MIA,HOU
Shot Chart Detail,0021600623,408,201569,Eric Gordon,1610612745,Houston Rockets,3,0,59,Missed Shot,Jump Shot,2PT Field Goal,Mid-Range,Right Side(R),16-24 ft.,17.0,166.0,61.0,1,0,20170117,MIA,HOU
Shot Chart Detail,0021600623,426,201569,Eric Gordon,1610612745,Houston Rockets,4,11,24,Missed Shot,Jump Shot,2PT Field Goal,In The Paint (Non-RA),Center(C),Less Than 8 ft.,4.0,42.0,26.0,1,0,20170117,MIA,HOU
Shot Chart Detail,0021600623,430,201569,Eric Gordon,1610612745,Houston Rockets,4,11,8,Missed Shot,Jump Shot,3PT Field Goal,Above the Break 3,Right Side Center(RC),24+ ft.,25.0,150.0,203.0,1,0,20170117,MIA,HOU
Shot Chart Detail,0021600623,439,201569,Eric Gordon,1610612745,Houston Rockets,4,9,44,Missed Shot,Jump Shot,3PT Field Goal,Above the Break 3,Right Side Center(RC),24+ ft.,25.0,181.0,174.0,1,0,20170117,MIA,HOU
Shot Chart Detail,0021600623,518,201569,Eric Gordon,1610612745,Houston Rockets,4,3,30,Missed Shot,Jump Shot,3PT Field Goal,Above the Break 3,Right Side Center(RC),24+ ft.,24.0,89.0,229.0,1,0,20170117,MIA,HOU
Shot Chart Detail,0021600632,55,201569,Eric Gordon,1610612745,Houston Rockets,1,6,2,Missed Shot,Jump Shot,3PT Field Goal,Left Corner 3,Left Side(L),24+ ft.,23.0,-235.0,-1.0,1,0,20170118,HOU,MIL
Shot Chart Detail,0021600632,89,201569,Eric Gordon,1610612745,Houston Rockets,1,4,26,Missed Shot,Jump Shot,3PT Field Goal,Above the Break 3,Right Side Center(RC),24+ ft.,25.0,140.0,213.0,1,0,20170118,HOU,MIL
Shot Chart Detail,0021600632,101,201569,Eric Gordon,1610612745,Houston Rockets,1,2,47,Made Shot,Cutting Finger Roll Layup Shot,2PT Field Goal,Restricted Area,Center(C),Less Than 8 ft.,2.0,-4.0,21.0,1,1,20170118,HOU,MIL
Shot Chart Detail,0021600632,104,201569,Eric Gordon,1610612745,Houston Rockets,1,2,15,Made Shot,Cutting Dunk Shot,2PT Field Goal,Restricted Area,Center(C),Less Than 8 ft.,0.0,0.0,1.0,1,1,20170118,HOU,MIL
Shot Chart Detail,0021600632,114,201569,Eric Gordon,1610612745,Houston Rockets,1,1,25,Missed Shot,Jump Shot,3PT Field Goal,Above the Break 3,Center(C),24+ ft.,25.0,-16.0,259.0,1,0,20170118,HOU,MIL
Shot Chart Detail,0021600632,140,201569,Eric Gordon,1610612745,Houston Rockets,2,10,36,Missed Shot,Jump Shot,3PT Field Goal,Above the Break 3,Center(C),24+ ft.,27.0,-4.0,272.0,1,0,20170118,HOU,MIL
Shot Chart Detail,0021600632,142,201569,Eric Gordon,1610612745,Houston Rockets,2,10,28,Made Shot,Jump Shot,3PT Field Goal,Left Corner 3,Left Side(L),24+ ft.,23.0,-233.0,33.0,1,1,20170118,HOU,MIL
Shot Chart Detail,0021600632,178,201569,Eric Gordon,1610612745,Houston Rockets,2,7,25,Made Shot,Jump Shot,3PT Field Goal,Above the Break 3,Center(C),24+ ft.,26.0,27.0,259.0,1,1,20170118,HOU,MIL
Shot Chart Detail,0021600632,187,201569,Eric Gordon,1610612745,Houston Rockets,2,6,5,Missed Shot,Pullup Jump shot,3PT Field Goal,Above the Break 3,Right Side Center(RC),24+ ft.,26.0,153.0,219.0,1,0,20170118,HOU,MIL
Shot Chart Detail,0021600632,210,201569,Eric Gordon,1610612745,Houston Rockets,2,4,42,Missed Shot,Jump Shot,3PT Field Goal,Above the Break 3,Right Side Center(RC),24+ ft.,25.0,179.0,188.0,1,0,20170118,HOU,MIL
Shot Chart Detail,0021600632,223,201569,Eric Gordon,1610612745,Houston Rockets,2,3,43,Made Shot,Jump Shot,3PT Field Goal,Left Corner 3,Left Side(L),24+ ft.,23.0,-235.0,16.0,1,1,20170118,HOU,MIL
Shot Chart Detail,0021600632,341,201569,Eric Gordon,1610612745,Houston Rockets,3,5,17,Made Shot,Jump Shot,3PT Field Goal,Above the Break 3,Right Side Center(RC),24+ ft.,26.0,168.0,205.0,1,1,20170118,HOU,MIL
Shot Chart Detail,0021600632,353,201569,Eric Gordon,1610612745,Houston Rockets,3,4,27,Missed Shot,Jump Shot,3PT Field Goal,Above the Break 3,Right Side Center(RC),24+ ft.,27.0,184.0,198.0,1,0,20170118,HOU,MIL
Shot Chart Detail,0021600632,359,201569,Eric Gordon,1610612745,Houston Rockets,3,3,18,Made Shot,Jump Shot,3PT Field Goal,Right Corner 3,Right Side(R),24+ ft.,23.0,233.0,8.0,1,1,20170118,HOU,MIL
Shot Chart Detail,0021600632,385,201569,Eric Gordon,1610612745,Houston Rockets,3,0,59,Missed Shot,Jump Shot,3PT Field Goal,Above the Break 3,Right Side Center(RC),24+ ft.,26.0,169.0,200.0,1,0,20170118,HOU,MIL
Shot Chart Detail,0021600632,408,201569,Eric Gordon,1610612745,Houston Rockets,4,10,55,Missed Shot,Jump Shot,3PT Field Goal,Above the Break 3,Right Side Center(RC),24+ ft.,26.0,166.0,208.0,1,0,20170118,HOU,MIL
Shot Chart Detail,0021600632,425,201569,Eric Gordon,1610612745,Houston Rockets,4,9,33,Missed Shot,Jump Shot,2PT Field Goal,Mid-Range,Left Side(L),16-24 ft.,18.0,-183.0,43.0,1,0,20170118,HOU,MIL
Shot Chart Detail,0021600632,458,201569,Eric Gordon,1610612745,Houston Rockets,4,6,42,Missed Shot,Jump Shot,3PT Field Goal,Above the Break 3,Right Side Center(RC),24+ ft.,26.0,197.0,174.0,1,0,20170118,HOU,MIL
Shot Chart Detail,0021600632,472,201569,Eric Gordon,1610612745,Houston Rockets,4,5,27,Made Shot,Jump Shot,3PT Field Goal,Above the Break 3,Left Side Center(LC),24+ ft.,24.0,-135.0,208.0,1,1,20170118,HOU,MIL
Shot Chart Detail,0021600632,485,201569,Eric Gordon,1610612745,Houston Rockets,4,3,26,Made Shot,Jump Shot,3PT Field Goal,Above the Break 3,Left Side Center(LC),24+ ft.,26.0,-145.0,219.0,1,1,20170118,HOU,MIL
Shot Chart Detail,0021600646,80,201569,Eric Gordon,1610612745,Houston Rockets,1,3,31,Missed Shot,Driving Layup Shot,2PT Field Goal,Restricted Area,Center(C),Less Than 8 ft.,2.0,-25.0,15.0,1,0,20170120,HOU,GSW
Shot Chart Detail,0021600646,101,201569,Eric Gordon,1610612745,Houston Rockets,1,1,49,Missed Shot,Jump Shot,3PT Field Goal,Above the Break 3,Left Side Center(LC),24+ ft.,25.0,-132.0,223.0,1,0,20170120,HOU,GSW
Shot Chart Detail,0021600646,157,201569,Eric Gordon,1610612745,Houston Rockets,2,9,19,Missed Shot,Jump Shot,2PT Field Goal,In The Paint (Non-RA),Center(C),Less Than 8 ft.,6.0,55.0,33.0,1,0,20170120,HOU,GSW
Shot Chart Detail,0021600646,164,201569,Eric Gordon,1610612745,Houston Rockets,2,8,57,Missed Shot,Jump Shot,3PT Field Goal,Above the Break 3,Right Side Center(RC),24+ ft.,25.0,141.0,218.0,1,0,20170120,HOU,GSW
Shot Chart Detail,0021600646,182,201569,Eric Gordon,1610612745,Houston Rockets,2,7,59,Missed Shot,Driving Layup Shot,2PT Field Goal,Restricted Area,Center(C),Less Than 8 ft.,2.0,10.0,26.0,1,0,20170120,HOU,GSW
Shot Chart Detail,0021600646,329,201569,Eric Gordon,1610612745,Houston Rockets,3,8,3,Missed Shot,Jump Shot,3PT Field Goal,Above the Break 3,Right Side Center(RC),24+ ft.,24.0,182.0,169.0,1,0,20170120,HOU,GSW
Shot Chart Detail,0021600646,387,201569,Eric Gordon,1610612745,Houston Rockets,3,2,48,Missed Shot,Jump Shot,3PT Field Goal,Left Corner 3,Left Side(L),24+ ft.,23.0,-237.0,8.0,1,0,20170120,HOU,GSW
Shot Chart Detail,0021600646,402,201569,Eric Gordon,1610612745,Houston Rockets,3,0,53,Missed Shot,Jump Shot,3PT Field Goal,Above the Break 3,Left Side Center(LC),24+ ft.,25.0,-135.0,213.0,1,0,20170120,HOU,GSW
Shot Chart Detail,0021600646,408,201569,Eric Gordon,1610612745,Houston Rockets,3,0,23,Missed Shot,Jump Shot,3PT Field Goal,Above the Break 3,Left Side Center(LC),24+ ft.,26.0,-89.0,247.0,1,0,20170120,HOU,GSW
Shot Chart Detail,0021600646,423,201569,Eric Gordon,1610612745,Houston Rockets,4,11,12,Made Shot,Driving Layup Shot,2PT Field Goal,Restricted Area,Center(C),Less Than 8 ft.,3.0,27.0,21.0,1,1,20170120,HOU,GSW
Shot Chart Detail,0021600646,463,201569,Eric Gordon,1610612745,Houston Rockets,4,7,53,Missed Shot,Jump Shot,2PT Field Goal,In The Paint (Non-RA),Center(C),8-16 ft.,10.0,15.0,100.0,1,0,20170120,HOU,GSW
Shot Chart Detail,0021600646,465,201569,Eric Gordon,1610612745,Houston Rockets,4,7,45,Missed Shot,Jump Shot,3PT Field Goal,Above the Break 3,Right Side Center(RC),24+ ft.,24.0,161.0,183.0,1,0,20170120,HOU,GSW
Shot Chart Detail,0021600646,481,201569,Eric Gordon,1610612745,Houston Rockets,4,6,36,Missed Shot,Step Back Jump shot,2PT Field Goal,Mid-Range,Right Side Center(RC),16-24 ft.,21.0,96.0,190.0,1,0,20170120,HOU,GSW
Shot Chart Detail,0021600646,510,201569,Eric Gordon,1610612745,Houston Rockets,4,3,58,Made Shot,Driving Floating Jump Shot,2PT Field Goal,In The Paint (Non-RA),Center(C),8-16 ft.,8.0,-2.0,80.0,1,1,20170120,HOU,GSW
Shot Chart Detail,0021600656,95,201569,Eric Gordon,1610612745,Houston Rockets,1,3,33,Missed Shot,Jump Shot,3PT Field Goal,Right Corner 3,Right Side(R),24+ ft.,24.0,240.0,-5.0,1,0,20170121,MEM,HOU
Shot Chart Detail,0021600656,128,201569,Eric Gordon,1610612745,Houston Rockets,1,1,58,Made Shot,Jump Shot,3PT Field Goal,Above the Break 3,Center(C),24+ ft.,26.0,17.0,262.0,1,1,20170121,MEM,HOU
Shot Chart Detail,0021600656,139,201569,Eric Gordon,1610612745,Houston Rockets,1,0,30,Missed Shot,Jump Shot,3PT Field Goal,Left Corner 3,Left Side(L),24+ ft.,23.0,-235.0,-15.0,1,0,20170121,MEM,HOU
Shot Chart Detail,0021600656,175,201569,Eric Gordon,1610612745,Houston Rockets,2,9,22,Missed Shot,Running Jump Shot,3PT Field Goal,Above the Break 3,Left Side Center(LC),24+ ft.,26.0,-160.0,205.0,1,0,20170121,MEM,HOU
Shot Chart Detail,0021600656,205,201569,Eric Gordon,1610612745,Houston Rockets,2,7,6,Missed Shot,Jump Shot,3PT Field Goal,Above the Break 3,Center(C),24+ ft.,25.0,-6.0,259.0,1,0,20170121,MEM,HOU
Shot Chart Detail,0021600656,209,201569,Eric Gordon,1610612745,Houston Rockets,2,6,50,Made Shot,Running Layup Shot,2PT Field Goal,Restricted Area,Center(C),Less Than 8 ft.,0.0,9.0,3.0,1,1,20170121,MEM,HOU
Shot Chart Detail,0021600656,221,201569,Eric Gordon,1610612745,Houston Rockets,2,6,3,Missed Shot,Running Jump Shot,3PT Field Goal,Above the Break 3,Right Side Center(RC),24+ ft.,26.0,186.0,188.0,1,0,20170121,MEM,HOU
Shot Chart Detail,0021600656,381,201569,Eric Gordon,1610612745,Houston Rockets,3,2,36,Made Shot,Floating Jump shot,2PT Field Goal,In The Paint (Non-RA),Center(C),Less Than 8 ft.,4.0,6.0,41.0,1,1,20170121,MEM,HOU
Shot Chart Detail,0021600656,415,201569,Eric Gordon,1610612745,Houston Rockets,3,0,25,Missed Shot,Jump Shot,3PT Field Goal,Above the Break 3,Right Side Center(RC),24+ ft.,25.0,168.0,190.0,1,0,20170121,MEM,HOU
Shot Chart Detail,0021600656,426,201569,Eric Gordon,1610612745,Houston Rockets,4,11,22,Missed Shot,Jump Shot,3PT Field Goal,Above the Break 3,Right Side Center(RC),24+ ft.,25.0,232.0,115.0,1,0,20170121,MEM,HOU
Shot Chart Detail,0021600656,442,201569,Eric Gordon,1610612745,Houston Rockets,4,10,6,Missed Shot,Cutting Layup Shot,2PT Field Goal,Restricted Area,Center(C),Less Than 8 ft.,1.0,-14.0,0.0,1,0,20170121,MEM,HOU
Shot Chart Detail,0021600656,452,201569,Eric Gordon,1610612745,Houston Rockets,4,8,38,Made Shot,Driving Layup Shot,2PT Field Goal,Restricted Area,Center(C),Less Than 8 ft.,1.0,12.0,2.0,1,1,20170121,MEM,HOU
Shot Chart Detail,0021600656,461,201569,Eric Gordon,1610612745,Houston Rockets,4,7,51,Made Shot,Jump Shot,3PT Field Goal,Above the Break 3,Right Side Center(RC),24+ ft.,27.0,117.0,249.0,1,1,20170121,MEM,HOU
Shot Chart Detail,0021600656,469,201569,Eric Gordon,1610612745,Houston Rockets,4,7,29,Made Shot,Running Jump Shot,3PT Field Goal,Above the Break 3,Right Side Center(RC),24+ ft.,25.0,225.0,115.0,1,1,20170121,MEM,HOU
Shot Chart Detail,0021600656,475,201569,Eric Gordon,1610612745,Houston Rockets,4,7,2,Missed Shot,Step Back Jump shot,3PT Field Goal,Above the Break 3,Left Side Center(LC),24+ ft.,25.0,-112.0,224.0,1,0,20170121,MEM,HOU
Shot Chart Detail,0021600656,499,201569,Eric Gordon,1610612745,Houston Rockets,4,5,12,Made Shot,Driving Layup Shot,2PT Field Goal,Restricted Area,Center(C),Less Than 8 ft.,2.0,-20.0,-1.0,1,1,20170121,MEM,HOU
Shot Chart Detail,0021600670,107,201569,Eric Gordon,1610612745,Houston Rockets,1,1,16,Made Shot,Jump Shot,3PT Field Goal,Above the Break 3,Left Side Center(LC),24+ ft.,31.0,-145.0,277.0,1,1,20170123,MIL,HOU
Shot Chart Detail,0021600670,170,201569,Eric Gordon,1610612745,Houston Rockets,2,7,20,Missed Shot,Jump Shot,3PT Field Goal,Above the Break 3,Right Side Center(RC),24+ ft.,26.0,187.0,193.0,1,0,20170123,MIL,HOU
Shot Chart Detail,0021600670,260,201569,Eric Gordon,1610612745,Houston Rockets,2,0,39,Missed Shot,Jump Shot,3PT Field Goal,Above the Break 3,Left Side Center(LC),24+ ft.,27.0,-214.0,174.0,1,0,20170123,MIL,HOU
Shot Chart Detail,0021600670,262,201569,Eric Gordon,1610612745,Houston Rockets,2,0,34,Missed Shot,Jump Shot,2PT Field Goal,In The Paint (Non-RA),Center(C),Less Than 8 ft.,4.0,46.0,2.0,1,0,20170123,MIL,HOU
Shot Chart Detail,0021600670,360,201569,Eric Gordon,1610612745,Houston Rockets,3,2,50,Missed Shot,Jump Shot,3PT Field Goal,Above the Break 3,Right Side Center(RC),24+ ft.,27.0,127.0,242.0,1,0,20170123,MIL,HOU
Shot Chart Detail,0021600670,363,201569,Eric Gordon,1610612745,Houston Rockets,3,2,20,Made Shot,Jump Shot,3PT Field Goal,Above the Break 3,Center(C),24+ ft.,27.0,45.0,272.0,1,1,20170123,MIL,HOU
Shot Chart Detail,0021600670,365,201569,Eric Gordon,1610612745,Houston Rockets,3,1,54,Missed Shot,Jump Shot,3PT Field Goal,Right Corner 3,Right Side(R),24+ ft.,23.0,236.0,31.0,1,0,20170123,MIL,HOU
Shot Chart Detail,0021600670,380,201569,Eric Gordon,1610612745,Houston Rockets,3,0,57,Made Shot,Jump Shot,3PT Field Goal,Above the Break 3,Center(C),24+ ft.,28.0,20.0,282.0,1,1,20170123,MIL,HOU
Shot Chart Detail,0021600670,529,201569,Eric Gordon,1610612745,Houston Rockets,4,0,49,Missed Shot,Jump Shot,3PT Field Goal,Above the Break 3,Left Side Center(LC),24+ ft.,24.0,-157.0,192.0,1,0,20170123,MIL,HOU
Shot Chart Detail,0021600713,92,201569,Eric Gordon,1610612745,Houston Rockets,1,3,18,Missed Shot,Jump Shot,3PT Field Goal,Above the Break 3,Center(C),24+ ft.,24.0,-14.0,249.0,1,0,20170129,IND,HOU
Shot Chart Detail,0021600713,123,201569,Eric Gordon,1610612745,Houston Rockets,1,0,23,Missed Shot,Jump Shot,3PT Field Goal,Above the Break 3,Left Side Center(LC),24+ ft.,24.0,-151.0,190.0,1,0,20170129,IND,HOU
Shot Chart Detail,0021600713,147,201569,Eric Gordon,1610612745,Houston Rockets,2,9,12,Made Shot,Pullup Jump shot,2PT Field Goal,Mid-Range,Left Side Center(LC),16-24 ft.,19.0,-76.0,178.0,1,1,20170129,IND,HOU
Shot Chart Detail,0021600713,150,201569,Eric Gordon,1610612745,Houston Rockets,2,8,53,Made Shot,Jump Shot,3PT Field Goal,Above the Break 3,Right Side Center(RC),24+ ft.,26.0,207.0,164.0,1,1,20170129,IND,HOU
Shot Chart Detail,0021600713,183,201569,Eric Gordon,1610612745,Houston Rockets,2,6,27,Missed Shot,Jump Shot,3PT Field Goal,Above the Break 3,Right Side Center(RC),24+ ft.,27.0,168.0,219.0,1,0,20170129,IND,HOU
Shot Chart Detail,0021600713,351,201569,Eric Gordon,1610612745,Houston Rockets,3,4,14,Made Shot,Driving Layup Shot,2PT Field Goal,Restricted Area,Center(C),Less Than 8 ft.,1.0,1.0,13.0,1,1,20170129,IND,HOU
Shot Chart Detail,0021600713,353,201569,Eric Gordon,1610612745,Houston Rockets,3,3,53,Missed Shot,Jump Shot,3PT Field Goal,Above the Break 3,Left Side Center(LC),24+ ft.,25.0,-179.0,188.0,1,0,20170129,IND,HOU
Shot Chart Detail,0021600713,355,201569,Eric Gordon,1610612745,Houston Rockets,3,3,49,Missed Shot,Jump Shot,3PT Field Goal,Left Corner 3,Left Side(L),24+ ft.,23.0,-233.0,-21.0,1,0,20170129,IND,HOU
Shot Chart Detail,0021600713,389,201569,Eric Gordon,1610612745,Houston Rockets,3,1,51,Missed Shot,Driving Layup Shot,2PT Field Goal,Restricted Area,Center(C),Less Than 8 ft.,3.0,-30.0,19.0,1,0,20170129,IND,HOU
Shot Chart Detail,0021600713,430,201569,Eric Gordon,1610612745,Houston Rockets,4,10,7,Made Shot,Cutting Layup Shot,2PT Field Goal,Restricted Area,Center(C),Less Than 8 ft.,2.0,-14.0,16.0,1,1,20170129,IND,HOU
Shot Chart Detail,0021600713,441,201569,Eric Gordon,1610612745,Houston Rockets,4,8,7,Missed Shot,Jump Shot,3PT Field Goal,Above the Break 3,Left Side Center(LC),24+ ft.,24.0,-207.0,139.0,1,0,20170129,IND,HOU
Shot Chart Detail,0021600726,80,201569,Eric Gordon,1610612745,Houston Rockets,1,3,47,Missed Shot,Jump Shot,3PT Field Goal,Above the Break 3,Right Side Center(RC),24+ ft.,26.0,238.0,105.0,1,0,20170131,HOU,SAC
Shot Chart Detail,0021600726,100,201569,Eric Gordon,1610612745,Houston Rockets,1,2,14,Made Shot,Driving Layup Shot,2PT Field Goal,Restricted Area,Center(C),Less Than 8 ft.,0.0,-1.0,7.0,1,1,20170131,HOU,SAC
Shot Chart Detail,0021600726,130,201569,Eric Gordon,1610612745,Houston Rockets,2,11,43,Missed Shot,Jump Shot,3PT Field Goal,Above the Break 3,Left Side Center(LC),24+ ft.,27.0,-110.0,257.0,1,0,20170131,HOU,SAC
Shot Chart Detail,0021600726,138,201569,Eric Gordon,1610612745,Houston Rockets,2,10,38,Made Shot,Jump Shot,3PT Field Goal,Above the Break 3,Right Side Center(RC),24+ ft.,25.0,205.0,149.0,1,1,20170131,HOU,SAC
Shot Chart Detail,0021600726,153,201569,Eric Gordon,1610612745,Houston Rockets,2,9,14,Missed Shot,Jump Shot,2PT Field Goal,In The Paint (Non-RA),Center(C),Less Than 8 ft.,5.0,-29.0,41.0,1,0,20170131,HOU,SAC
Shot Chart Detail,0021600726,171,201569,Eric Gordon,1610612745,Houston Rockets,2,7,38,Made Shot,Jump Shot,3PT Field Goal,Above the Break 3,Center(C),24+ ft.,26.0,14.0,262.0,1,1,20170131,HOU,SAC
Shot Chart Detail,0021600726,186,201569,Eric Gordon,1610612745,Houston Rockets,2,6,44,Made Shot,Driving Layup Shot,2PT Field Goal,Restricted Area,Center(C),Less Than 8 ft.,1.0,4.0,18.0,1,1,20170131,HOU,SAC
Shot Chart Detail,0021600726,230,201569,Eric Gordon,1610612745,Houston Rockets,2,2,50,Missed Shot,Jump Shot,3PT Field Goal,Above the Break 3,Center(C),24+ ft.,25.0,14.0,254.0,1,0,20170131,HOU,SAC
Shot Chart Detail,0021600726,242,201569,Eric Gordon,1610612745,Houston Rockets,2,2,6,Made Shot,Jump Shot,3PT Field Goal,Above the Break 3,Left Side Center(LC),24+ ft.,25.0,-94.0,237.0,1,1,20170131,HOU,SAC
Shot Chart Detail,0021600726,347,201569,Eric Gordon,1610612745,Houston Rockets,3,4,10,Missed Shot,Jump Shot,3PT Field Goal,Above the Break 3,Right Side Center(RC),24+ ft.,26.0,83.0,248.0,1,0,20170131,HOU,SAC
Shot Chart Detail,0021600726,349,201569,Eric Gordon,1610612745,Houston Rockets,3,4,6,Made Shot,Driving Layup Shot,2PT Field Goal,Restricted Area,Center(C),Less Than 8 ft.,0.0,1.0,0.0,1,1,20170131,HOU,SAC
Shot Chart Detail,0021600726,369,201569,Eric Gordon,1610612745,Houston Rockets,3,2,12,Missed Shot,Jump Shot,3PT Field Goal,Right Corner 3,Right Side(R),24+ ft.,23.0,235.0,31.0,1,0,20170131,HOU,SAC
Shot Chart Detail,0021600726,390,201569,Eric Gordon,1610612745,Houston Rockets,3,0,30,Missed Shot,Jump Shot,3PT Field Goal,Above the Break 3,Right Side Center(RC),24+ ft.,27.0,177.0,214.0,1,0,20170131,HOU,SAC
Shot Chart Detail,0021600726,417,201569,Eric Gordon,1610612745,Houston Rockets,4,9,27,Made Shot,Driving Layup Shot,2PT Field Goal,Restricted Area,Center(C),Less Than 8 ft.,2.0,-7.0,21.0,1,1,20170131,HOU,SAC
Shot Chart Detail,0021600726,457,201569,Eric Gordon,1610612745,Houston Rockets,4,5,37,Missed Shot,Pullup Jump shot,3PT Field Goal,Above the Break 3,Center(C),24+ ft.,27.0,-81.0,259.0,1,0,20170131,HOU,SAC
Shot Chart Detail,0021600726,470,201569,Eric Gordon,1610612745,Houston Rockets,4,4,35,Missed Shot,Jump Shot,2PT Field Goal,Mid-Range,Center(C),16-24 ft.,19.0,56.0,188.0,1,0,20170131,HOU,SAC
Shot Chart Detail,0021600743,145,201569,Eric Gordon,1610612745,Houston Rockets,2,10,29,Missed Shot,Jump Shot,3PT Field Goal,Above the Break 3,Right Side Center(RC),24+ ft.,26.0,205.0,174.0,1,0,20170202,HOU,ATL
Shot Chart Detail,0021600743,153,201569,Eric Gordon,1610612745,Houston Rockets,2,9,31,Missed Shot,Jump Shot,3PT Field Goal,Above the Break 3,Center(C),24+ ft.,24.0,-43.0,242.0,1,0,20170202,HOU,ATL
Shot Chart Detail,0021600743,257,201569,Eric Gordon,1610612745,Houston Rockets,2,1,36,Missed Shot,Jump Shot,3PT Field Goal,Above the Break 3,Center(C),24+ ft.,25.0,-71.0,244.0,1,0,20170202,HOU,ATL
Shot Chart Detail,0021600743,264,201569,Eric Gordon,1610612745,Houston Rockets,2,0,36,Missed Shot,Jump Shot,3PT Field Goal,Above the Break 3,Left Side Center(LC),24+ ft.,26.0,-197.0,175.0,1,0,20170202,HOU,ATL
Shot Chart Detail,0021600743,355,201569,Eric Gordon,1610612745,Houston Rockets,3,5,41,Missed Shot,Jump Shot,3PT Field Goal,Left Corner 3,Left Side(L),24+ ft.,23.0,-233.0,11.0,1,0,20170202,HOU,ATL
Shot Chart Detail,0021600743,359,201569,Eric Gordon,1610612745,Houston Rockets,3,5,19,Missed Shot,Jump Shot,3PT Field Goal,Above the Break 3,Center(C),24+ ft.,25.0,6.0,257.0,1,0,20170202,HOU,ATL
Shot Chart Detail,0021600743,399,201569,Eric Gordon,1610612745,Houston Rockets,3,3,0,Missed Shot,Driving Layup Shot,2PT Field Goal,Restricted Area,Center(C),Less Than 8 ft.,2.0,-12.0,26.0,1,0,20170202,HOU,ATL
Shot Chart Detail,0021600743,406,201569,Eric Gordon,1610612745,Houston Rockets,3,2,25,Made Shot,Layup Shot,2PT Field Goal,Restricted Area,Center(C),Less Than 8 ft.,1.0,16.0,9.0,1,1,20170202,HOU,ATL
Shot Chart Detail,0021600743,415,201569,Eric Gordon,1610612745,Houston Rockets,3,2,1,Missed Shot,Jump Shot,3PT Field Goal,Above the Break 3,Right Side Center(RC),24+ ft.,28.0,101.0,264.0,1,0,20170202,HOU,ATL
Shot Chart Detail,0021600743,453,201569,Eric Gordon,1610612745,Houston Rockets,4,11,3,Missed Shot,Jump Shot,2PT Field Goal,Mid-Range,Left Side Center(LC),16-24 ft.,20.0,-130.0,156.0,1,0,20170202,HOU,ATL
Shot Chart Detail,0021600743,461,201569,Eric Gordon,1610612745,Houston Rockets,4,10,1,Made Shot,Driving Layup Shot,2PT Field Goal,Restricted Area,Center(C),Less Than 8 ft.,0.0,0.0,-1.0,1,1,20170202,HOU,ATL
Shot Chart Detail,0021600743,484,201569,Eric Gordon,1610612745,Houston Rockets,4,8,27,Made Shot,Jump Shot,3PT Field Goal,Above the Break 3,Right Side Center(RC),24+ ft.,25.0,97.0,237.0,1,1,20170202,HOU,ATL
Shot Chart Detail,0021600743,518,201569,Eric Gordon,1610612745,Houston Rockets,4,4,41,Made Shot,Jump Shot,3PT Field Goal,Above the Break 3,Left Side Center(LC),24+ ft.,27.0,-160.0,218.0,1,1,20170202,HOU,ATL
Shot Chart Detail,0021600743,535,201569,Eric Gordon,1610612745,Houston Rockets,4,3,28,Missed Shot,Jump Shot,3PT Field Goal,Above the Break 3,Left Side Center(LC),24+ ft.,25.0,-165.0,198.0,1,0,20170202,HOU,ATL
Shot Chart Detail,0021600749,99,201569,Eric Gordon,1610612745,Houston Rockets,1,1,3,Missed Shot,Jump Shot,3PT Field Goal,Above the Break 3,Center(C),24+ ft.,27.0,27.0,273.0,1,0,20170203,HOU,CHI
Shot Chart Detail,0021600749,122,201569,Eric Gordon,1610612745,Houston Rockets,2,10,44,Made Shot,Jump Shot,3PT Field Goal,Above the Break 3,Left Side Center(LC),24+ ft.,27.0,-161.0,219.0,1,1,20170203,HOU,CHI
Shot Chart Detail,0021600749,125,201569,Eric Gordon,1610612745,Houston Rockets,2,10,18,Made Shot,Jump Shot,3PT Field Goal,Left Corner 3,Left Side(L),24+ ft.,23.0,-238.0,16.0,1,1,20170203,HOU,CHI
Shot Chart Detail,0021600749,145,201569,Eric Gordon,1610612745,Houston Rockets,2,8,41,Made Shot,Pullup Jump shot,3PT Field Goal,Above the Break 3,Center(C),24+ ft.,25.0,43.0,252.0,1,1,20170203,HOU,CHI
Shot Chart Detail,0021600749,147,201569,Eric Gordon,1610612745,Houston Rockets,2,8,17,Missed Shot,Running Layup Shot,2PT Field Goal,Restricted Area,Center(C),Less Than 8 ft.,2.0,9.0,21.0,1,0,20170203,HOU,CHI
Shot Chart Detail,0021600749,149,201569,Eric Gordon,1610612745,Houston Rockets,2,8,13,Missed Shot,Jump Shot,3PT Field Goal,Above the Break 3,Center(C),24+ ft.,26.0,-30.0,259.0,1,0,20170203,HOU,CHI
Shot Chart Detail,0021600749,165,201569,Eric Gordon,1610612745,Houston Rockets,2,6,44,Missed Shot,Driving Floating Jump Shot,2PT Field Goal,In The Paint (Non-RA),Center(C),Less Than 8 ft.,4.0,28.0,36.0,1,0,20170203,HOU,CHI
Shot Chart Detail,0021600749,183,201569,Eric Gordon,1610612745,Houston Rockets,2,6,2,Missed Shot,Jump Shot,3PT Field Goal,Above the Break 3,Left Side Center(LC),24+ ft.,24.0,-155.0,188.0,1,0,20170203,HOU,CHI
Shot Chart Detail,0021600749,218,201569,Eric Gordon,1610612745,Houston Rockets,2,3,26,Made Shot,Driving Layup Shot,2PT Field Goal,Restricted Area,Center(C),Less Than 8 ft.,2.0,20.0,13.0,1,1,20170203,HOU,CHI
Shot Chart Detail,0021600749,353,201569,Eric Gordon,1610612745,Houston Rockets,3,3,15,Missed Shot,Floating Jump shot,2PT Field Goal,In The Paint (Non-RA),Center(C),Less Than 8 ft.,7.0,-50.0,61.0,1,0,20170203,HOU,CHI
Shot Chart Detail,0021600749,363,201569,Eric Gordon,1610612745,Houston Rockets,3,2,26,Made Shot,Jump Shot,3PT Field Goal,Above the Break 3,Right Side Center(RC),24+ ft.,26.0,171.0,208.0,1,1,20170203,HOU,CHI
Shot Chart Detail,0021600749,397,201569,Eric Gordon,1610612745,Houston Rockets,4,11,21,Missed Shot,Driving Layup Shot,2PT Field Goal,Restricted Area,Center(C),Less Than 8 ft.,3.0,22.0,31.0,1,0,20170203,HOU,CHI
Shot Chart Detail,0021600749,408,201569,Eric Gordon,1610612745,Houston Rockets,4,10,35,Missed Shot,Jump Shot,3PT Field Goal,Above the Break 3,Left Side Center(LC),24+ ft.,26.0,-165.0,213.0,1,0,20170203,HOU,CHI
Shot Chart Detail,0021600749,422,201569,Eric Gordon,1610612745,Houston Rockets,4,9,37,Made Shot,Jump Shot,2PT Field Goal,Mid-Range,Left Side Center(LC),16-24 ft.,20.0,-150.0,134.0,1,1,20170203,HOU,CHI
Shot Chart Detail,0021600749,523,201569,Eric Gordon,1610612745,Houston Rockets,4,2,22,Made Shot,Driving Layup Shot,2PT Field Goal,In The Paint (Non-RA),Center(C),Less Than 8 ft.,4.0,20.0,36.0,1,1,20170203,HOU,CHI
Shot Chart Detail,0021600749,533,201569,Eric Gordon,1610612745,Houston Rockets,4,1,30,Missed Shot,Step Back Jump shot,3PT Field Goal,Above the Break 3,Right Side Center(RC),24+ ft.,25.0,159.0,205.0,1,0,20170203,HOU,CHI
Shot Chart Detail,0021600749,569,201569,Eric Gordon,1610612745,Houston Rockets,5,4,2,Made Shot,Jump Shot,3PT Field Goal,Above the Break 3,Right Side Center(RC),24+ ft.,25.0,204.0,149.0,1,1,20170203,HOU,CHI
Shot Chart Detail,0021600780,84,201569,Eric Gordon,1610612745,Houston Rockets,1,4,54,Made Shot,Jump Shot,3PT Field Goal,Above the Break 3,Left Side Center(LC),24+ ft.,25.0,-169.0,193.0,1,1,20170207,HOU,ORL
Shot Chart Detail,0021600780,133,201569,Eric Gordon,1610612745,Houston Rockets,2,11,11,Made Shot,Driving Hook Shot,2PT Field Goal,In The Paint (Non-RA),Center(C),Less Than 8 ft.,4.0,-32.0,31.0,1,1,20170207,HOU,ORL
Shot Chart Detail,0021600780,251,201569,Eric Gordon,1610612745,Houston Rockets,2,1,50,Missed Shot,Jump Shot,3PT Field Goal,Above the Break 3,Left Side Center(LC),24+ ft.,26.0,-210.0,164.0,1,0,20170207,HOU,ORL
Shot Chart Detail,0021600780,259,201569,Eric Gordon,1610612745,Houston Rockets,2,1,2,Made Shot,Jump Shot,3PT Field Goal,Above the Break 3,Left Side Center(LC),24+ ft.,24.0,-173.0,174.0,1,1,20170207,HOU,ORL
Shot Chart Detail,0021600780,372,201569,Eric Gordon,1610612745,Houston Rockets,3,2,57,Missed Shot,Jump Shot,3PT Field Goal,Left Corner 3,Left Side(L),24+ ft.,25.0,-237.0,85.0,1,0,20170207,HOU,ORL
Shot Chart Detail,0021600780,403,201569,Eric Gordon,1610612745,Houston Rockets,3,0,48,Missed Shot,Driving Floating Jump Shot,2PT Field Goal,In The Paint (Non-RA),Center(C),8-16 ft.,9.0,1.0,95.0,1,0,20170207,HOU,ORL
Shot Chart Detail,0021600780,435,201569,Eric Gordon,1610612745,Houston Rockets,4,9,54,Made Shot,Jump Shot,3PT Field Goal,Above the Break 3,Right Side Center(RC),24+ ft.,26.0,187.0,188.0,1,1,20170207,HOU,ORL
Shot Chart Detail,0021600780,444,201569,Eric Gordon,1610612745,Houston Rockets,4,8,45,Missed Shot,Jump Shot,3PT Field Goal,Above the Break 3,Right Side Center(RC),24+ ft.,27.0,200.0,183.0,1,0,20170207,HOU,ORL
Shot Chart Detail,0021600780,493,201569,Eric Gordon,1610612745,Houston Rockets,4,5,14,Missed Shot,Jump Shot,3PT Field Goal,Left Corner 3,Left Side(L),24+ ft.,23.0,-233.0,-11.0,1,0,20170207,HOU,ORL
Shot Chart Detail,0021600780,496,201569,Eric Gordon,1610612745,Houston Rockets,4,5,5,Made Shot,Jump Shot,3PT Field Goal,Above the Break 3,Right Side Center(RC),24+ ft.,26.0,215.0,154.0,1,1,20170207,HOU,ORL
Shot Chart Detail,0021600841,91,201569,Eric Gordon,1610612745,Houston Rockets,1,4,3,Made Shot,Jump Shot,3PT Field Goal,Above the Break 3,Center(C),24+ ft.,24.0,60.0,237.0,1,1,20170215,HOU,MIA
Shot Chart Detail,0021600841,117,201569,Eric Gordon,1610612745,Houston Rockets,1,1,57,Missed Shot,Driving Layup Shot,2PT Field Goal,Restricted Area,Center(C),Less Than 8 ft.,1.0,-16.0,2.0,1,0,20170215,HOU,MIA
Shot Chart Detail,0021600841,121,201569,Eric Gordon,1610612745,Houston Rockets,1,1,8,Missed Shot,Fadeaway Jump Shot,2PT Field Goal,In The Paint (Non-RA),Center(C),Less Than 8 ft.,7.0,76.0,7.0,1,0,20170215,HOU,MIA
Shot Chart Detail,0021600841,128,201569,Eric Gordon,1610612745,Houston Rockets,1,0,38,Missed Shot,Jump Shot,3PT Field Goal,Above the Break 3,Left Side Center(LC),24+ ft.,25.0,-104.0,228.0,1,0,20170215,HOU,MIA
Shot Chart Detail,0021600841,156,201569,Eric Gordon,1610612745,Houston Rockets,2,10,48,Missed Shot,Jump Shot,3PT Field Goal,Above the Break 3,Center(C),24+ ft.,24.0,2.0,247.0,1,0,20170215,HOU,MIA
Shot Chart Detail,0021600841,208,201569,Eric Gordon,1610612745,Houston Rockets,2,6,5,Missed Shot,Jump Shot,3PT Field Goal,Above the Break 3,Right Side Center(RC),24+ ft.,24.0,109.0,219.0,1,0,20170215,HOU,MIA
Shot Chart Detail,0021600841,216,201569,Eric Gordon,1610612745,Houston Rockets,2,5,46,Made Shot,Driving Layup Shot,2PT Field Goal,Restricted Area,Center(C),Less Than 8 ft.,0.0,0.0,7.0,1,1,20170215,HOU,MIA
Shot Chart Detail,0021600841,235,201569,Eric Gordon,1610612745,Houston Rockets,2,4,40,Missed Shot,Layup Shot,2PT Field Goal,Restricted Area,Center(C),Less Than 8 ft.,0.0,-1.0,-1.0,1,0,20170215,HOU,MIA
Shot Chart Detail,0021600841,239,201569,Eric Gordon,1610612745,Houston Rockets,2,4,29,Missed Shot,Jump Shot,3PT Field Goal,Above the Break 3,Right Side Center(RC),24+ ft.,25.0,215.0,146.0,1,0,20170215,HOU,MIA
Shot Chart Detail,0021600841,357,201569,Eric Gordon,1610612745,Houston Rockets,3,5,5,Missed Shot,Jump Shot,3PT Field Goal,Right Corner 3,Right Side(R),24+ ft.,24.0,240.0,36.0,1,0,20170215,HOU,MIA
Shot Chart Detail,0021600841,409,201569,Eric Gordon,1610612745,Houston Rockets,3,0,38,Made Shot,Jump Shot,3PT Field Goal,Above the Break 3,Left Side Center(LC),24+ ft.,24.0,-112.0,219.0,1,1,20170215,HOU,MIA
Shot Chart Detail,0021600841,464,201569,Eric Gordon,1610612745,Houston Rockets,4,8,40,Missed Shot,Driving Finger Roll Layup Shot,2PT Field Goal,Restricted Area,Center(C),Less Than 8 ft.,1.0,-11.0,11.0,1,0,20170215,HOU,MIA
Shot Chart Detail,0021600841,542,201569,Eric Gordon,1610612745,Houston Rockets,4,0,56,Missed Shot,Jump Shot,3PT Field Goal,Right Corner 3,Right Side(R),24+ ft.,23.0,232.0,38.0,1,0,20170215,HOU,MIA
Shot Chart Detail,0021600841,547,201569,Eric Gordon,1610612745,Houston Rockets,4,0,25,Made Shot,Jump Shot,3PT Field Goal,Above the Break 3,Right Side Center(RC),24+ ft.,25.0,104.0,228.0,1,1,20170215,HOU,MIA
Shot Chart Detail,0021600841,561,201569,Eric Gordon,1610612745,Houston Rockets,4,0,13,Missed Shot,Jump Shot,3PT Field Goal,Above the Break 3,Left Side Center(LC),24+ ft.,25.0,-160.0,193.0,1,0,20170215,HOU,MIA
Shot Chart Detail,0021600852,81,201569,Eric Gordon,1610612745,Houston Rockets,1,4,8,Missed Shot,Jump Shot,3PT Field Goal,Above the Break 3,Right Side Center(RC),24+ ft.,27.0,177.0,213.0,1,0,20170223,NOP,HOU
Shot Chart Detail,0021600852,105,201569,Eric Gordon,1610612745,Houston Rockets,1,2,14,Made Shot,Jump Shot,3PT Field Goal,Above the Break 3,Center(C),24+ ft.,27.0,-22.0,273.0,1,1,20170223,NOP,HOU
Shot Chart Detail,0021600852,110,201569,Eric Gordon,1610612745,Houston Rockets,1,1,44,Missed Shot,Jump Shot,3PT Field Goal,Above the Break 3,Center(C),24+ ft.,25.0,2.0,257.0,1,0,20170223,NOP,HOU
Shot Chart Detail,0021600852,128,201569,Eric Gordon,1610612745,Houston Rockets,1,0,40,Made Shot,Layup Shot,2PT Field Goal,Restricted Area,Center(C),Less Than 8 ft.,2.0,20.0,11.0,1,1,20170223,NOP,HOU
Shot Chart Detail,0021600852,146,201569,Eric Gordon,1610612745,Houston Rockets,2,11,16,Missed Shot,Layup Shot,2PT Field Goal,Restricted Area,Center(C),Less Than 8 ft.,2.0,20.0,2.0,1,0,20170223,NOP,HOU
Shot Chart Detail,0021600852,153,201569,Eric Gordon,1610612745,Houston Rockets,2,10,37,Missed Shot,Jump Shot,3PT Field Goal,Above the Break 3,Center(C),24+ ft.,25.0,58.0,252.0,1,0,20170223,NOP,HOU
Shot Chart Detail,0021600852,174,201569,Eric Gordon,1610612745,Houston Rockets,2,8,10,Made Shot,Jump Shot,3PT Field Goal,Above the Break 3,Center(C),24+ ft.,25.0,-17.0,254.0,1,1,20170223,NOP,HOU
Shot Chart Detail,0021600852,178,201569,Eric Gordon,1610612745,Houston Rockets,2,7,42,Made Shot,Jump Shot,3PT Field Goal,Above the Break 3,Right Side Center(RC),24+ ft.,26.0,189.0,190.0,1,1,20170223,NOP,HOU
Shot Chart Detail,0021600852,180,201569,Eric Gordon,1610612745,Houston Rockets,2,7,20,Missed Shot,Jump Shot,3PT Field Goal,Above the Break 3,Center(C),24+ ft.,27.0,25.0,277.0,1,0,20170223,NOP,HOU
Shot Chart Detail,0021600852,303,201569,Eric Gordon,1610612745,Houston Rockets,2,0,0,Missed Shot,Jump Shot,3PT Field Goal,Above the Break 3,Center(C),24+ ft.,32.0,32.0,323.0,1,0,20170223,NOP,HOU
Shot Chart Detail,0021600852,410,201569,Eric Gordon,1610612745,Houston Rockets,3,2,14,Missed Shot,Jump Shot,3PT Field Goal,Above the Break 3,Left Side Center(LC),24+ ft.,28.0,-178.0,218.0,1,0,20170223,NOP,HOU
Shot Chart Detail,0021600852,451,201569,Eric Gordon,1610612745,Houston Rockets,4,10,55,Missed Shot,Jump Shot,3PT Field Goal,Above the Break 3,Left Side Center(LC),24+ ft.,25.0,-217.0,134.0,1,0,20170223,NOP,HOU
Shot Chart Detail,0021600852,461,201569,Eric Gordon,1610612745,Houston Rockets,4,9,57,Missed Shot,Jump Shot,3PT Field Goal,Above the Break 3,Right Side Center(RC),24+ ft.,25.0,117.0,232.0,1,0,20170223,NOP,HOU
Shot Chart Detail,0021600852,506,201569,Eric Gordon,1610612745,Houston Rockets,4,5,8,Made Shot,Jump Shot,3PT Field Goal,Above the Break 3,Right Side Center(RC),24+ ft.,28.0,96.0,267.0,1,1,20170223,NOP,HOU
Shot Chart Detail,0021600852,531,201569,Eric Gordon,1610612745,Houston Rockets,4,3,29,Missed Shot,Jump Shot,3PT Field Goal,Above the Break 3,Left Side Center(LC),24+ ft.,27.0,-145.0,232.0,1,0,20170223,NOP,HOU
Shot Chart Detail,0021600852,536,201569,Eric Gordon,1610612745,Houston Rockets,4,3,8,Missed Shot,Jump Shot,3PT Field Goal,Above the Break 3,Right Side Center(RC),24+ ft.,28.0,161.0,232.0,1,0,20170223,NOP,HOU
Shot Chart Detail,0021600872,72,201569,Eric Gordon,1610612745,Houston Rockets,1,5,39,Made Shot,Jump Shot,3PT Field Goal,Above the Break 3,Left Side Center(LC),24+ ft.,25.0,-166.0,188.0,1,1,20170225,HOU,MIN
Shot Chart Detail,0021600872,118,201569,Eric Gordon,1610612745,Houston Rockets,1,2,26,Made Shot,Jump Shot,3PT Field Goal,Above the Break 3,Right Side Center(RC),24+ ft.,25.0,179.0,183.0,1,1,20170225,HOU,MIN
Shot Chart Detail,0021600872,123,201569,Eric Gordon,1610612745,Houston Rockets,1,1,23,Missed Shot,Jump Shot,3PT Field Goal,Above the Break 3,Left Side Center(LC),24+ ft.,26.0,-174.0,205.0,1,0,20170225,HOU,MIN
Shot Chart Detail,0021600872,172,201569,Eric Gordon,1610612745,Houston Rockets,2,10,34,Missed Shot,Jump Shot,2PT Field Goal,Mid-Range,Center(C),16-24 ft.,16.0,0.0,164.0,1,0,20170225,HOU,MIN
Shot Chart Detail,0021600872,196,201569,Eric Gordon,1610612745,Houston Rockets,2,8,53,Missed Shot,Jump Shot,3PT Field Goal,Above the Break 3,Right Side Center(RC),24+ ft.,26.0,156.0,210.0,1,0,20170225,HOU,MIN
Shot Chart Detail,0021600872,202,201569,Eric Gordon,1610612745,Houston Rockets,2,7,56,Made Shot,Jump Shot,3PT Field Goal,Above the Break 3,Right Side Center(RC),24+ ft.,25.0,179.0,178.0,1,1,20170225,HOU,MIN
Shot Chart Detail,0021600872,226,201569,Eric Gordon,1610612745,Houston Rockets,2,5,47,Missed Shot,Jump Shot,3PT Field Goal,Above the Break 3,Right Side Center(RC),24+ ft.,25.0,199.0,165.0,1,0,20170225,HOU,MIN
Shot Chart Detail,0021600872,295,201569,Eric Gordon,1610612745,Houston Rockets,2,0,32,Made Shot,Driving Dunk Shot,2PT Field Goal,Restricted Area,Center(C),Less Than 8 ft.,2.0,1.0,21.0,1,1,20170225,HOU,MIN
Shot Chart Detail,0021600872,377,201569,Eric Gordon,1610612745,Houston Rockets,3,5,4,Made Shot,Jump Shot,3PT Field Goal,Above the Break 3,Right Side Center(RC),24+ ft.,26.0,169.0,203.0,1,1,20170225,HOU,MIN
Shot Chart Detail,0021600872,436,201569,Eric Gordon,1610612745,Houston Rockets,3,1,43,Missed Shot,Jump Shot,3PT Field Goal,Above the Break 3,Left Side Center(LC),24+ ft.,24.0,-112.0,223.0,1,0,20170225,HOU,MIN
Shot Chart Detail,0021600872,440,201569,Eric Gordon,1610612745,Houston Rockets,3,1,29,Missed Shot,Driving Layup Shot,2PT Field Goal,Restricted Area,Center(C),Less Than 8 ft.,3.0,-6.0,31.0,1,0,20170225,HOU,MIN
Shot Chart Detail,0021600872,483,201569,Eric Gordon,1610612745,Houston Rockets,4,9,54,Missed Shot,Jump Shot,3PT Field Goal,Above the Break 3,Right Side Center(RC),24+ ft.,25.0,194.0,159.0,1,0,20170225,HOU,MIN
Shot Chart Detail,0021600872,503,201569,Eric Gordon,1610612745,Houston Rockets,4,8,36,Missed Shot,Jump Shot,3PT Field Goal,Above the Break 3,Right Side Center(RC),24+ ft.,26.0,212.0,159.0,1,0,20170225,HOU,MIN
Shot Chart Detail,0021600886,93,201569,Eric Gordon,1610612745,Houston Rockets,1,4,0,Made Shot,Driving Layup Shot,2PT Field Goal,Restricted Area,Center(C),Less Than 8 ft.,1.0,9.0,13.0,1,1,20170227,HOU,IND
Shot Chart Detail,0021600886,110,201569,Eric Gordon,1610612745,Houston Rockets,1,2,17,Missed Shot,Jump Shot,3PT Field Goal,Above the Break 3,Left Side Center(LC),24+ ft.,25.0,-89.0,237.0,1,0,20170227,HOU,IND
Shot Chart Detail,0021600886,200,201569,Eric Gordon,1610612745,Houston Rockets,2,7,51,Made Shot,Driving Layup Shot,2PT Field Goal,Restricted Area,Center(C),Less Than 8 ft.,2.0,20.0,11.0,1,1,20170227,HOU,IND
Shot Chart Detail,0021600886,210,201569,Eric Gordon,1610612745,Houston Rockets,2,7,18,Missed Shot,Jump Shot,3PT Field Goal,Above the Break 3,Left Side Center(LC),24+ ft.,28.0,-179.0,223.0,1,0,20170227,HOU,IND
Shot Chart Detail,0021600886,288,201569,Eric Gordon,1610612745,Houston Rockets,2,1,50,Missed Shot,Running Jump Shot,2PT Field Goal,Mid-Range,Left Side(L),8-16 ft.,10.0,-99.0,28.0,1,0,20170227,HOU,IND
Shot Chart Detail,0021600886,382,201569,Eric Gordon,1610612745,Houston Rockets,3,4,50,Missed Shot,Jump Shot,3PT Field Goal,Above the Break 3,Left Side Center(LC),24+ ft.,28.0,-181.0,218.0,1,0,20170227,HOU,IND
Shot Chart Detail,0021600886,403,201569,Eric Gordon,1610612745,Houston Rockets,3,3,22,Missed Shot,Driving Layup Shot,2PT Field Goal,Restricted Area,Center(C),Less Than 8 ft.,1.0,15.0,8.0,1,0,20170227,HOU,IND
Shot Chart Detail,0021600886,408,201569,Eric Gordon,1610612745,Houston Rockets,3,3,8,Made Shot,Jump Shot,3PT Field Goal,Right Corner 3,Right Side(R),24+ ft.,23.0,233.0,47.0,1,1,20170227,HOU,IND
Shot Chart Detail,0021600886,425,201569,Eric Gordon,1610612745,Houston Rockets,3,2,13,Missed Shot,Jump Shot,3PT Field Goal,Above the Break 3,Right Side Center(RC),24+ ft.,25.0,155.0,208.0,1,0,20170227,HOU,IND
Shot Chart Detail,0021600886,432,201569,Eric Gordon,1610612745,Houston Rockets,3,1,13,Missed Shot,Driving Layup Shot,2PT Field Goal,Restricted Area,Center(C),Less Than 8 ft.,2.0,4.0,28.0,1,0,20170227,HOU,IND
Shot Chart Detail,0021600886,477,201569,Eric Gordon,1610612745,Houston Rockets,4,9,35,Missed Shot,Tip Layup Shot,2PT Field Goal,Restricted Area,Center(C),Less Than 8 ft.,0.0,0.0,4.0,1,0,20170227,HOU,IND
Shot Chart Detail,0021600904,81,201569,Eric Gordon,1610612745,Houston Rockets,1,3,57,Missed Shot,Jump Shot,3PT Field Goal,Above the Break 3,Center(C),24+ ft.,25.0,61.0,249.0,1,0,20170301,LAC,HOU
Shot Chart Detail,0021600904,106,201569,Eric Gordon,1610612745,Houston Rockets,1,2,18,Missed Shot,Jump Shot,3PT Field Goal,Above the Break 3,Center(C),24+ ft.,24.0,10.0,244.0,1,0,20170301,LAC,HOU
Shot Chart Detail,0021600904,137,201569,Eric Gordon,1610612745,Houston Rockets,2,11,3,Made Shot,Jump Shot,3PT Field Goal,Above the Break 3,Right Side Center(RC),24+ ft.,26.0,112.0,242.0,1,1,20170301,LAC,HOU
Shot Chart Detail,0021600904,143,201569,Eric Gordon,1610612745,Houston Rockets,2,10,4,Made Shot,Jump Shot,3PT Field Goal,Above the Break 3,Center(C),24+ ft.,24.0,74.0,237.0,1,1,20170301,LAC,HOU
Shot Chart Detail,0021600904,146,201569,Eric Gordon,1610612745,Houston Rockets,2,9,32,Missed Shot,Jump Shot,3PT Field Goal,Above the Break 3,Right Side Center(RC),24+ ft.,27.0,153.0,228.0,1,0,20170301,LAC,HOU
Shot Chart Detail,0021600904,175,201569,Eric Gordon,1610612745,Houston Rockets,2,7,21,Made Shot,Jump Shot,3PT Field Goal,Left Corner 3,Left Side(L),24+ ft.,24.0,-241.0,16.0,1,1,20170301,LAC,HOU
Shot Chart Detail,0021600904,185,201569,Eric Gordon,1610612745,Houston Rockets,2,6,57,Made Shot,Running Layup Shot,2PT Field Goal,Restricted Area,Center(C),Less Than 8 ft.,1.0,10.0,16.0,1,1,20170301,LAC,HOU
Shot Chart Detail,0021600904,404,201569,Eric Gordon,1610612745,Houston Rockets,3,0,3,Missed Shot,Jump Shot,3PT Field Goal,Above the Break 3,Right Side Center(RC),24+ ft.,26.0,192.0,188.0,1,0,20170301,LAC,HOU
Shot Chart Detail,0021600904,414,201569,Eric Gordon,1610612745,Houston Rockets,4,11,32,Missed Shot,Jump Shot,3PT Field Goal,Above the Break 3,Left Side Center(LC),24+ ft.,26.0,-104.0,242.0,1,0,20170301,LAC,HOU
Shot Chart Detail,0021600904,551,201569,Eric Gordon,1610612745,Houston Rockets,4,1,7,Missed Shot,Jump Shot,3PT Field Goal,Above the Break 3,Right Side Center(RC),24+ ft.,26.0,158.0,210.0,1,0,20170301,LAC,HOU
Shot Chart Detail,0021600924,128,201569,Eric Gordon,1610612745,Houston Rockets,2,8,38,Made Shot,Jump Shot,3PT Field Goal,Above the Break 3,Center(C),24+ ft.,26.0,1.0,264.0,1,1,20170304,HOU,MEM
Shot Chart Detail,0021600924,216,201569,Eric Gordon,1610612745,Houston Rockets,2,1,33,Made Shot,Jump Shot,3PT Field Goal,Above the Break 3,Right Side Center(RC),24+ ft.,26.0,225.0,136.0,1,1,20170304,HOU,MEM
Shot Chart Detail,0021600924,317,201569,Eric Gordon,1610612745,Houston Rockets,3,5,32,Made Shot,Jump Shot,3PT Field Goal,Above the Break 3,Right Side Center(RC),24+ ft.,27.0,166.0,224.0,1,1,20170304,HOU,MEM
Shot Chart Detail,0021600924,325,201569,Eric Gordon,1610612745,Houston Rockets,3,4,6,Made Shot,Jump Shot,3PT Field Goal,Right Corner 3,Right Side(R),24+ ft.,23.0,233.0,31.0,1,1,20170304,HOU,MEM
Shot Chart Detail,0021600924,337,201569,Eric Gordon,1610612745,Houston Rockets,3,3,7,Missed Shot,Jump Shot,3PT Field Goal,Above the Break 3,Right Side Center(RC),24+ ft.,25.0,199.0,154.0,1,0,20170304,HOU,MEM
Shot Chart Detail,0021600924,368,201569,Eric Gordon,1610612745,Houston Rockets,3,0,58,Made Shot,Jump Shot,3PT Field Goal,Above the Break 3,Right Side Center(RC),24+ ft.,25.0,81.0,247.0,1,1,20170304,HOU,MEM
Shot Chart Detail,0021600924,394,201569,Eric Gordon,1610612745,Houston Rockets,4,11,8,Missed Shot,Jump Shot,3PT Field Goal,Above the Break 3,Left Side Center(LC),24+ ft.,27.0,-110.0,254.0,1,0,20170304,HOU,MEM
Shot Chart Detail,0021600924,435,201569,Eric Gordon,1610612745,Houston Rockets,4,8,18,Made Shot,Jump Shot,3PT Field Goal,Above the Break 3,Left Side Center(LC),24+ ft.,25.0,-137.0,219.0,1,1,20170304,HOU,MEM
Shot Chart Detail,0021600924,446,201569,Eric Gordon,1610612745,Houston Rockets,4,7,36,Missed Shot,Jump Shot,3PT Field Goal,Above the Break 3,Left Side Center(LC),24+ ft.,27.0,-205.0,183.0,1,0,20170304,HOU,MEM
Shot Chart Detail,0021600942,149,201569,Eric Gordon,1610612745,Houston Rockets,2,7,20,Made Shot,Pullup Jump shot,2PT Field Goal,In The Paint (Non-RA),Right Side(R),8-16 ft.,8.0,76.0,36.0,1,1,20170306,SAS,HOU
Shot Chart Detail,0021600942,153,201569,Eric Gordon,1610612745,Houston Rockets,2,6,53,Missed Shot,Jump Shot,3PT Field Goal,Above the Break 3,Center(C),24+ ft.,26.0,-78.0,252.0,1,0,20170306,SAS,HOU
Shot Chart Detail,0021600942,202,201569,Eric Gordon,1610612745,Houston Rockets,2,2,3,Missed Shot,Driving Finger Roll Layup Shot,2PT Field Goal,Restricted Area,Center(C),Less Than 8 ft.,1.0,9.0,11.0,1,0,20170306,SAS,HOU
Shot Chart Detail,0021600942,287,201569,Eric Gordon,1610612745,Houston Rockets,3,3,20,Missed Shot,Jump Shot,3PT Field Goal,Above the Break 3,Left Side Center(LC),24+ ft.,25.0,-124.0,228.0,1,0,20170306,SAS,HOU
Shot Chart Detail,0021600942,361,201569,Eric Gordon,1610612745,Houston Rockets,4,10,21,Missed Shot,Jump Shot,3PT Field Goal,Right Corner 3,Right Side(R),24+ ft.,24.0,236.0,51.0,1,0,20170306,SAS,HOU
Shot Chart Detail,0021600942,363,201569,Eric Gordon,1610612745,Houston Rockets,4,10,16,Made Shot,Driving Layup Shot,2PT Field Goal,Restricted Area,Center(C),Less Than 8 ft.,0.0,1.0,8.0,1,1,20170306,SAS,HOU
Shot Chart Detail,0021600942,385,201569,Eric Gordon,1610612745,Houston Rockets,4,8,18,Missed Shot,Jump Shot,3PT Field Goal,Above the Break 3,Right Side Center(RC),24+ ft.,27.0,179.0,203.0,1,0,20170306,SAS,HOU
Shot Chart Detail,0021600942,445,201569,Eric Gordon,1610612745,Houston Rockets,4,4,33,Made Shot,Jump Shot,3PT Field Goal,Above the Break 3,Center(C),24+ ft.,24.0,19.0,242.0,1,1,20170306,SAS,HOU
Shot Chart Detail,0021600942,473,201569,Eric Gordon,1610612745,Houston Rockets,4,2,24,Missed Shot,Jump Shot,3PT Field Goal,Above the Break 3,Right Side Center(RC),24+ ft.,26.0,174.0,203.0,1,0,20170306,SAS,HOU
Shot Chart Detail,0021600942,494,201569,Eric Gordon,1610612745,Houston Rockets,4,1,20,Made Shot,Jump Shot,3PT Field Goal,Above the Break 3,Left Side Center(LC),24+ ft.,23.0,-205.0,121.0,1,1,20170306,SAS,HOU
Shot Chart Detail,0021600954,49,201569,Eric Gordon,1610612745,Houston Rockets,1,6,6,Made Shot,Driving Layup Shot,2PT Field Goal,Restricted Area,Center(C),Less Than 8 ft.,0.0,-1.0,-1.0,1,1,20170308,HOU,UTA
Shot Chart Detail,0021600954,115,201569,Eric Gordon,1610612745,Houston Rockets,2,11,30,Missed Shot,Jump Shot,3PT Field Goal,Right Corner 3,Right Side(R),24+ ft.,23.0,233.0,7.0,1,0,20170308,HOU,UTA
Shot Chart Detail,0021600954,130,201569,Eric Gordon,1610612745,Houston Rockets,2,10,29,Missed Shot,Jump Shot,3PT Field Goal,Above the Break 3,Left Side Center(LC),24+ ft.,24.0,-78.0,234.0,1,0,20170308,HOU,UTA
Shot Chart Detail,0021600954,164,201569,Eric Gordon,1610612745,Houston Rockets,2,8,21,Missed Shot,Jump Shot,3PT Field Goal,Left Corner 3,Left Side(L),24+ ft.,23.0,-228.0,38.0,1,0,20170308,HOU,UTA
Shot Chart Detail,0021600954,181,201569,Eric Gordon,1610612745,Houston Rockets,2,7,1,Missed Shot,Jump Shot,2PT Field Goal,In The Paint (Non-RA),Center(C),Less Than 8 ft.,4.0,4.0,43.0,1,0,20170308,HOU,UTA
Shot Chart Detail,0021600954,291,201569,Eric Gordon,1610612745,Houston Rockets,3,9,31,Missed Shot,Jump Shot,3PT Field Goal,Above the Break 3,Left Side Center(LC),24+ ft.,25.0,-196.0,170.0,1,0,20170308,HOU,UTA
Shot Chart Detail,0021600954,342,201569,Eric Gordon,1610612745,Houston Rockets,3,4,28,Made Shot,Jump Shot,3PT Field Goal,Above the Break 3,Left Side Center(LC),24+ ft.,25.0,-228.0,106.0,1,1,20170308,HOU,UTA
Shot Chart Detail,0021600954,412,201569,Eric Gordon,1610612745,Houston Rockets,4,11,8,Made Shot,Jump Shot,3PT Field Goal,Above the Break 3,Right Side Center(RC),24+ ft.,24.0,179.0,169.0,1,1,20170308,HOU,UTA
Shot Chart Detail,0021600954,460,201569,Eric Gordon,1610612745,Houston Rockets,4,5,47,Missed Shot,Driving Layup Shot,2PT Field Goal,Restricted Area,Center(C),Less Than 8 ft.,1.0,-14.0,-6.0,1,0,20170308,HOU,UTA
Shot Chart Detail,0021600954,486,201569,Eric Gordon,1610612745,Houston Rockets,4,3,31,Made Shot,Driving Layup Shot,2PT Field Goal,Restricted Area,Center(C),Less Than 8 ft.,1.0,15.0,-1.0,1,1,20170308,HOU,UTA
Shot Chart Detail,0021600954,547,201569,Eric Gordon,1610612745,Houston Rockets,4,0,15,Missed Shot,Jump Shot,3PT Field Goal,Above the Break 3,Left Side Center(LC),24+ ft.,24.0,-161.0,180.0,1,0,20170308,HOU,UTA
Shot Chart Detail,0021600966,93,201569,Eric Gordon,1610612745,Houston Rockets,1,2,45,Missed Shot,Jump Shot,3PT Field Goal,Above the Break 3,Center(C),24+ ft.,26.0,-12.0,267.0,1,0,20170310,CHI,HOU
Shot Chart Detail,0021600966,109,201569,Eric Gordon,1610612745,Houston Rockets,1,1,40,Missed Shot,Driving Floating Jump Shot,2PT Field Goal,Mid-Range,Right Side(R),8-16 ft.,9.0,81.0,51.0,1,0,20170310,CHI,HOU
Shot Chart Detail,0021600966,122,201569,Eric Gordon,1610612745,Houston Rockets,1,0,29,Made Shot,Jump Shot,3PT Field Goal,Left Corner 3,Left Side(L),24+ ft.,22.0,-222.0,-6.0,1,1,20170310,CHI,HOU
Shot Chart Detail,0021600966,140,201569,Eric Gordon,1610612745,Houston Rockets,2,11,25,Missed Shot,Jump Shot,2PT Field Goal,Mid-Range,Left Side(L),8-16 ft.,11.0,-86.0,72.0,1,0,20170310,CHI,HOU
Shot Chart Detail,0021600966,190,201569,Eric Gordon,1610612745,Houston Rockets,2,8,0,Missed Shot,Jump Shot,3PT Field Goal,Above the Break 3,Left Side Center(LC),24+ ft.,24.0,-186.0,165.0,1,0,20170310,CHI,HOU
Shot Chart Detail,0021600966,208,201569,Eric Gordon,1610612745,Houston Rockets,2,7,3,Missed Shot,Driving Layup Shot,2PT Field Goal,Restricted Area,Center(C),Less Than 8 ft.,0.0,7.0,7.0,1,0,20170310,CHI,HOU
Shot Chart Detail,0021600966,227,201569,Eric Gordon,1610612745,Houston Rockets,2,6,29,Missed Shot,Jump Shot,3PT Field Goal,Above the Break 3,Right Side Center(RC),24+ ft.,27.0,151.0,224.0,1,0,20170310,CHI,HOU
Shot Chart Detail,0021600966,231,201569,Eric Gordon,1610612745,Houston Rockets,2,6,16,Missed Shot,Jump Shot,3PT Field Goal,Above the Break 3,Left Side Center(LC),24+ ft.,25.0,-204.0,146.0,1,0,20170310,CHI,HOU
Shot Chart Detail,0021600966,409,201569,Eric Gordon,1610612745,Houston Rockets,3,2,46,Made Shot,Driving Finger Roll Layup Shot,2PT Field Goal,Restricted Area,Center(C),Less Than 8 ft.,2.0,-29.0,7.0,1,1,20170310,CHI,HOU
Shot Chart Detail,0021600966,418,201569,Eric Gordon,1610612745,Houston Rockets,3,1,57,Made Shot,Jump Shot,3PT Field Goal,Above the Break 3,Right Side Center(RC),24+ ft.,25.0,164.0,190.0,1,1,20170310,CHI,HOU
Shot Chart Detail,0021600966,443,201569,Eric Gordon,1610612745,Houston Rockets,4,10,59,Missed Shot,Jump Shot,3PT Field Goal,Above the Break 3,Right Side Center(RC),24+ ft.,27.0,125.0,244.0,1,0,20170310,CHI,HOU
Shot Chart Detail,0021600966,476,201569,Eric Gordon,1610612745,Houston Rockets,4,8,37,Missed Shot,Jump Shot,3PT Field Goal,Above the Break 3,Right Side Center(RC),24+ ft.,24.0,153.0,193.0,1,0,20170310,CHI,HOU
Shot Chart Detail,0021600966,484,201569,Eric Gordon,1610612745,Houston Rockets,4,8,4,Missed Shot,Jump Shot,3PT Field Goal,Above the Break 3,Right Side Center(RC),24+ ft.,25.0,145.0,213.0,1,0,20170310,CHI,HOU
Shot Chart Detail,0021600966,502,201569,Eric Gordon,1610612745,Houston Rockets,4,5,47,Missed Shot,Jump Shot,3PT Field Goal,Above the Break 3,Right Side Center(RC),24+ ft.,26.0,133.0,229.0,1,0,20170310,CHI,HOU
Shot Chart Detail,0021600989,92,201569,Eric Gordon,1610612745,Houston Rockets,1,1,57,Made Shot,Jump Shot,3PT Field Goal,Right Corner 3,Right Side(R),24+ ft.,24.0,241.0,31.0,1,1,20170312,HOU,CLE
Shot Chart Detail,0021600989,103,201569,Eric Gordon,1610612745,Houston Rockets,1,0,54,Made Shot,Jump Shot,3PT Field Goal,Above the Break 3,Left Side Center(LC),24+ ft.,25.0,-120.0,228.0,1,1,20170312,HOU,CLE
Shot Chart Detail,0021600989,140,201569,Eric Gordon,1610612745,Houston Rockets,2,10,46,Missed Shot,Jump Shot,3PT Field Goal,Right Corner 3,Right Side(R),24+ ft.,22.0,228.0,28.0,1,0,20170312,HOU,CLE
Shot Chart Detail,0021600989,146,201569,Eric Gordon,1610612745,Houston Rockets,2,9,51,Made Shot,Fadeaway Jump Shot,2PT Field Goal,In The Paint (Non-RA),Center(C),Less Than 8 ft.,7.0,74.0,18.0,1,1,20170312,HOU,CLE
Shot Chart Detail,0021600989,186,201569,Eric Gordon,1610612745,Houston Rockets,2,6,26,Missed Shot,Jump Shot,3PT Field Goal,Above the Break 3,Left Side Center(LC),24+ ft.,26.0,-214.0,151.0,1,0,20170312,HOU,CLE
Shot Chart Detail,0021600989,236,201569,Eric Gordon,1610612745,Houston Rockets,2,2,6,Made Shot,Driving Reverse Layup Shot,2PT Field Goal,Restricted Area,Center(C),Less Than 8 ft.,1.0,17.0,-1.0,1,1,20170312,HOU,CLE
Shot Chart Detail,0021600989,250,201569,Eric Gordon,1610612745,Houston Rockets,2,0,2,Missed Shot,Jump Shot,3PT Field Goal,Above the Break 3,Right Side Center(RC),24+ ft.,26.0,191.0,183.0,1,0,20170312,HOU,CLE
Shot Chart Detail,0021600989,332,201569,Eric Gordon,1610612745,Houston Rockets,3,2,51,Missed Shot,Jump Shot,3PT Field Goal,Left Corner 3,Left Side(L),24+ ft.,23.0,-233.0,-11.0,1,0,20170312,HOU,CLE
Shot Chart Detail,0021600989,343,201569,Eric Gordon,1610612745,Houston Rockets,3,2,16,Missed Shot,Driving Layup Shot,2PT Field Goal,Restricted Area,Center(C),Less Than 8 ft.,1.0,-16.0,8.0,1,0,20170312,HOU,CLE
Shot Chart Detail,0021600989,387,201569,Eric Gordon,1610612745,Houston Rockets,4,10,24,Missed Shot,Jump Shot,3PT Field Goal,Above the Break 3,Right Side Center(RC),24+ ft.,26.0,215.0,149.0,1,0,20170312,HOU,CLE
Shot Chart Detail,0021600989,423,201569,Eric Gordon,1610612745,Houston Rockets,4,7,25,Missed Shot,Jump Shot,3PT Field Goal,Above the Break 3,Right Side Center(RC),24+ ft.,25.0,184.0,174.0,1,0,20170312,HOU,CLE
Shot Chart Detail,0021601010,100,201569,Eric Gordon,1610612745,Houston Rockets,1,4,3,Made Shot,Driving Layup Shot,2PT Field Goal,Restricted Area,Center(C),Less Than 8 ft.,1.0,-11.0,-6.0,1,1,20170315,HOU,LAL
Shot Chart Detail,0021601010,102,201569,Eric Gordon,1610612745,Houston Rockets,1,3,44,Missed Shot,Driving Layup Shot,2PT Field Goal,Restricted Area,Center(C),Less Than 8 ft.,0.0,-1.0,-1.0,1,0,20170315,HOU,LAL
Shot Chart Detail,0021601010,108,201569,Eric Gordon,1610612745,Houston Rockets,1,3,10,Missed Shot,Jump Shot,3PT Field Goal,Above the Break 3,Right Side Center(RC),24+ ft.,24.0,99.0,223.0,1,0,20170315,HOU,LAL
Shot Chart Detail,0021601010,133,201569,Eric Gordon,1610612745,Houston Rockets,1,0,37,Missed Shot,Jump Shot,3PT Field Goal,Above the Break 3,Right Side Center(RC),24+ ft.,24.0,132.0,210.0,1,0,20170315,HOU,LAL
Shot Chart Detail,0021601010,173,201569,Eric Gordon,1610612745,Houston Rockets,2,9,40,Missed Shot,Jump Shot,3PT Field Goal,Above the Break 3,Right Side Center(RC),24+ ft.,25.0,138.0,213.0,1,0,20170315,HOU,LAL
Shot Chart Detail,0021601010,306,201569,Eric Gordon,1610612745,Houston Rockets,2,0,25,Missed Shot,Jump Shot,3PT Field Goal,Above the Break 3,Right Side Center(RC),24+ ft.,24.0,87.0,232.0,1,0,20170315,HOU,LAL
Shot Chart Detail,0021601010,438,201569,Eric Gordon,1610612745,Houston Rockets,3,2,12,Missed Shot,Jump Shot,3PT Field Goal,Above the Break 3,Right Side Center(RC),24+ ft.,25.0,125.0,218.0,1,0,20170315,HOU,LAL
Shot Chart Detail,0021601010,450,201569,Eric Gordon,1610612745,Houston Rockets,3,1,2,Missed Shot,Jump Shot,2PT Field Goal,In The Paint (Non-RA),Center(C),Less Than 8 ft.,5.0,50.0,23.0,1,0,20170315,HOU,LAL
Shot Chart Detail,0021601010,461,201569,Eric Gordon,1610612745,Houston Rockets,3,0,28,Missed Shot,Running Layup Shot,2PT Field Goal,Restricted Area,Center(C),Less Than 8 ft.,0.0,1.0,7.0,1,0,20170315,HOU,LAL
Shot Chart Detail,0021601010,509,201569,Eric Gordon,1610612745,Houston Rockets,4,8,0,Made Shot,Jump Shot,3PT Field Goal,Left Corner 3,Left Side(L),24+ ft.,23.0,-237.0,28.0,1,1,20170315,HOU,LAL
Shot Chart Detail,0021601010,527,201569,Eric Gordon,1610612745,Houston Rockets,4,6,5,Made Shot,Jump Shot,3PT Field Goal,Above the Break 3,Right Side Center(RC),24+ ft.,24.0,173.0,174.0,1,1,20170315,HOU,LAL
Shot Chart Detail,0021601010,542,201569,Eric Gordon,1610612745,Houston Rockets,4,5,23,Made Shot,Driving Layup Shot,2PT Field Goal,Restricted Area,Center(C),Less Than 8 ft.,0.0,-1.0,3.0,1,1,20170315,HOU,LAL
Shot Chart Detail,0021601024,333,201569,Eric Gordon,1610612745,Houston Rockets,1,4,5,Missed Shot,Layup Shot,2PT Field Goal,Restricted Area,Center(C),Less Than 8 ft.,2.0,16.0,15.0,1,0,20170317,NOP,HOU
Shot Chart Detail,0021601024,358,201569,Eric Gordon,1610612745,Houston Rockets,1,4,4,Missed Shot,Layup Shot,2PT Field Goal,Restricted Area,Center(C),Less Than 8 ft.,1.0,10.0,10.0,1,0,20170317,NOP,HOU
Shot Chart Detail,0021601024,165,201569,Eric Gordon,1610612745,Houston Rockets,2,11,40,Made Shot,Driving Layup Shot,2PT Field Goal,Restricted Area,Center(C),Less Than 8 ft.,2.0,15.0,14.0,1,1,20170317,NOP,HOU
Shot Chart Detail,0021601024,177,201569,Eric Gordon,1610612745,Houston Rockets,2,11,17,Made Shot,Jump Shot,3PT Field Goal,Above the Break 3,Right Side Center(RC),24+ ft.,25.0,137.0,216.0,1,1,20170317,NOP,HOU
Shot Chart Detail,0021601024,167,201569,Eric Gordon,1610612745,Houston Rockets,2,10,18,Missed Shot,Jump Shot,3PT Field Goal,Right Corner 3,Right Side(R),24+ ft.,25.0,245.0,67.0,1,0,20170317,NOP,HOU
Shot Chart Detail,0021601024,268,201569,Eric Gordon,1610612745,Houston Rockets,2,2,25,Missed Shot,Jump Shot,3PT Field Goal,Above the Break 3,Left Side Center(LC),24+ ft.,26.0,-125.0,232.0,1,0,20170317,NOP,HOU
Shot Chart Detail,0021601024,383,201569,Eric Gordon,1610612745,Houston Rockets,3,4,37,Missed Shot,Jump Shot,3PT Field Goal,Above the Break 3,Center(C),24+ ft.,25.0,-37.0,257.0,1,0,20170317,NOP,HOU
Shot Chart Detail,0021601024,398,201569,Eric Gordon,1610612745,Houston Rockets,3,1,54,Missed Shot,Layup Shot,2PT Field Goal,Restricted Area,Center(C),Less Than 8 ft.,2.0,22.0,11.0,1,0,20170317,NOP,HOU
Shot Chart Detail,0021601024,445,201569,Eric Gordon,1610612745,Houston Rockets,4,10,36,Missed Shot,Jump Shot,2PT Field Goal,Mid-Range,Center(C),16-24 ft.,19.0,2.0,198.0,1,0,20170317,NOP,HOU
Shot Chart Detail,0021601024,459,201569,Eric Gordon,1610612745,Houston Rockets,4,9,48,Missed Shot,Layup Shot,2PT Field Goal,Restricted Area,Center(C),Less Than 8 ft.,2.0,24.0,8.0,1,0,20170317,NOP,HOU
Shot Chart Detail,0021601024,505,201569,Eric Gordon,1610612745,Houston Rockets,4,5,46,Made Shot,Jump Shot,3PT Field Goal,Above the Break 3,Right Side Center(RC),24+ ft.,25.0,150.0,208.0,1,1,20170317,NOP,HOU
Shot Chart Detail,0021601024,522,201569,Eric Gordon,1610612745,Houston Rockets,4,4,14,Missed Shot,Jump Shot,3PT Field Goal,Left Corner 3,Left Side(L),24+ ft.,23.0,-235.0,11.0,1,0,20170317,NOP,HOU
Shot Chart Detail,0021601024,557,201569,Eric Gordon,1610612745,Houston Rockets,4,2,24,Made Shot,Jump Shot,3PT Field Goal,Above the Break 3,Right Side Center(RC),24+ ft.,26.0,155.0,218.0,1,1,20170317,NOP,HOU
Shot Chart Detail,0021601034,95,201569,Eric Gordon,1610612745,Houston Rockets,1,3,5,Made Shot,Jump Shot,3PT Field Goal,Above the Break 3,Right Side Center(RC),24+ ft.,25.0,94.0,234.0,1,1,20170318,DEN,HOU
Shot Chart Detail,0021601034,115,201569,Eric Gordon,1610612745,Houston Rockets,1,0,38,Missed Shot,Jump Bank Shot,3PT Field Goal,Above the Break 3,Right Side Center(RC),24+ ft.,27.0,186.0,208.0,1,0,20170318,DEN,HOU
Shot Chart Detail,0021601034,184,201569,Eric Gordon,1610612745,Houston Rockets,2,8,16,Missed Shot,Floating Jump shot,2PT Field Goal,In The Paint (Non-RA),Center(C),Less Than 8 ft.,8.0,0.0,80.0,1,0,20170318,DEN,HOU
Shot Chart Detail,0021601034,193,201569,Eric Gordon,1610612745,Houston Rockets,2,6,47,Made Shot,Driving Layup Shot,2PT Field Goal,Restricted Area,Center(C),Less Than 8 ft.,2.0,-14.0,16.0,1,1,20170318,DEN,HOU
Shot Chart Detail,0021601034,424,201569,Eric Gordon,1610612745,Houston Rockets,4,11,48,Missed Shot,Jump Shot,3PT Field Goal,Above the Break 3,Center(C),24+ ft.,25.0,14.0,257.0,1,0,20170318,DEN,HOU
Shot Chart Detail,0021601034,427,201569,Eric Gordon,1610612745,Houston Rockets,4,11,14,Made Shot,Jump Bank Shot,2PT Field Goal,Mid-Range,Left Side(L),16-24 ft.,16.0,-156.0,65.0,1,1,20170318,DEN,HOU
Shot Chart Detail,0021601034,434,201569,Eric Gordon,1610612745,Houston Rockets,4,10,13,Made Shot,Driving Layup Shot,2PT Field Goal,Restricted Area,Center(C),Less Than 8 ft.,0.0,9.0,2.0,1,1,20170318,DEN,HOU
Shot Chart Detail,0021601048,66,201569,Eric Gordon,1610612745,Houston Rockets,1,5,6,Made Shot,Pullup Jump shot,3PT Field Goal,Above the Break 3,Center(C),24+ ft.,24.0,4.0,247.0,1,1,20170320,HOU,DEN
Shot Chart Detail,0021601048,96,201569,Eric Gordon,1610612745,Houston Rockets,1,2,40,Missed Shot,Jump Shot,3PT Field Goal,Above the Break 3,Center(C),24+ ft.,25.0,-76.0,239.0,1,0,20170320,HOU,DEN
Shot Chart Detail,0021601048,146,201569,Eric Gordon,1610612745,Houston Rockets,2,11,10,Missed Shot,Jump Shot,3PT Field Goal,Above the Break 3,Right Side Center(RC),24+ ft.,25.0,182.0,180.0,1,0,20170320,HOU,DEN
Shot Chart Detail,0021601048,210,201569,Eric Gordon,1610612745,Houston Rockets,2,6,37,Missed Shot,Jump Shot,3PT Field Goal,Above the Break 3,Right Side Center(RC),24+ ft.,25.0,181.0,185.0,1,0,20170320,HOU,DEN
Shot Chart Detail,0021601048,362,201569,Eric Gordon,1610612745,Houston Rockets,3,4,38,Made Shot,Jump Shot,3PT Field Goal,Left Corner 3,Left Side(L),24+ ft.,23.0,-230.0,7.0,1,1,20170320,HOU,DEN
Shot Chart Detail,0021601048,425,201569,Eric Gordon,1610612745,Houston Rockets,4,11,24,Made Shot,Jump Shot,3PT Field Goal,Above the Break 3,Right Side Center(RC),24+ ft.,24.0,191.0,159.0,1,1,20170320,HOU,DEN
Shot Chart Detail,0021601048,427,201569,Eric Gordon,1610612745,Houston Rockets,4,10,54,Made Shot,Jump Shot,3PT Field Goal,Above the Break 3,Right Side Center(RC),24+ ft.,25.0,197.0,165.0,1,1,20170320,HOU,DEN
Shot Chart Detail,0021601048,442,201569,Eric Gordon,1610612745,Houston Rockets,4,9,11,Missed Shot,Jump Shot,2PT Field Goal,Mid-Range,Right Side(R),16-24 ft.,21.0,189.0,100.0,1,0,20170320,HOU,DEN
Shot Chart Detail,0021601048,485,201569,Eric Gordon,1610612745,Houston Rockets,4,4,59,Made Shot,Driving Layup Shot,2PT Field Goal,Restricted Area,Center(C),Less Than 8 ft.,1.0,10.0,16.0,1,1,20170320,HOU,DEN
Shot Chart Detail,0021601079,67,201569,Eric Gordon,1610612745,Houston Rockets,1,4,44,Missed Shot,Jump Shot,3PT Field Goal,Above the Break 3,Left Side Center(LC),24+ ft.,24.0,-129.0,208.0,1,0,20170324,HOU,NOP
Shot Chart Detail,0021601079,138,201569,Eric Gordon,1610612745,Houston Rockets,2,10,57,Made Shot,Driving Layup Shot,2PT Field Goal,Restricted Area,Center(C),Less Than 8 ft.,1.0,9.0,7.0,1,1,20170324,HOU,NOP
Shot Chart Detail,0021601079,145,201569,Eric Gordon,1610612745,Houston Rockets,2,10,33,Missed Shot,Jump Shot,3PT Field Goal,Above the Break 3,Left Side Center(LC),24+ ft.,26.0,-137.0,223.0,1,0,20170324,HOU,NOP
Shot Chart Detail,0021601079,174,201569,Eric Gordon,1610612745,Houston Rockets,2,7,40,Missed Shot,Jump Shot,3PT Field Goal,Above the Break 3,Center(C),24+ ft.,25.0,-2.0,257.0,1,0,20170324,HOU,NOP
Shot Chart Detail,0021601079,182,201569,Eric Gordon,1610612745,Houston Rockets,2,6,43,Missed Shot,Running Jump Shot,2PT Field Goal,In The Paint (Non-RA),Center(C),Less Than 8 ft.,7.0,50.0,61.0,1,0,20170324,HOU,NOP
Shot Chart Detail,0021601079,244,201569,Eric Gordon,1610612745,Houston Rockets,2,1,53,Made Shot,Cutting Finger Roll Layup Shot,2PT Field Goal,Restricted Area,Center(C),Less Than 8 ft.,2.0,20.0,13.0,1,1,20170324,HOU,NOP
Shot Chart Detail,0021601079,258,201569,Eric Gordon,1610612745,Houston Rockets,2,0,33,Made Shot,Driving Layup Shot,2PT Field Goal,Restricted Area,Center(C),Less Than 8 ft.,2.0,-19.0,11.0,1,1,20170324,HOU,NOP
Shot Chart Detail,0021601079,344,201569,Eric Gordon,1610612745,Houston Rockets,3,4,35,Missed Shot,Cutting Layup Shot,2PT Field Goal,Restricted Area,Center(C),Less Than 8 ft.,2.0,-6.0,26.0,1,0,20170324,HOU,NOP
Shot Chart Detail,0021601079,419,201569,Eric Gordon,1610612745,Houston Rockets,4,9,42,Made Shot,Jump Shot,3PT Field Goal,Above the Break 3,Center(C),24+ ft.,26.0,-63.0,257.0,1,1,20170324,HOU,NOP
Shot Chart Detail,0021601079,466,201569,Eric Gordon,1610612745,Houston Rockets,4,4,33,Made Shot,Jump Shot,3PT Field Goal,Right Corner 3,Right Side(R),24+ ft.,24.0,240.0,21.0,1,1,20170324,HOU,NOP
Shot Chart Detail,0021601091,11,201569,Eric Gordon,1610612745,Houston Rockets,1,10,44,Made Shot,Jump Shot,3PT Field Goal,Above the Break 3,Right Side Center(RC),24+ ft.,26.0,194.0,183.0,1,1,20170326,HOU,OKC
Shot Chart Detail,0021601091,21,201569,Eric Gordon,1610612745,Houston Rockets,1,9,51,Missed Shot,Jump Shot,3PT Field Goal,Right Corner 3,Right Side(R),24+ ft.,23.0,236.0,38.0,1,0,20170326,HOU,OKC
Shot Chart Detail,0021601091,44,201569,Eric Gordon,1610612745,Houston Rockets,1,6,23,Missed Shot,Jump Shot,3PT Field Goal,Above the Break 3,Right Side Center(RC),24+ ft.,25.0,122.0,219.0,1,0,20170326,HOU,OKC
Shot Chart Detail,0021601091,51,201569,Eric Gordon,1610612745,Houston Rockets,1,5,37,Missed Shot,Jump Shot,3PT Field Goal,Above the Break 3,Right Side Center(RC),24+ ft.,26.0,105.0,239.0,1,0,20170326,HOU,OKC
Shot Chart Detail,0021601091,132,201569,Eric Gordon,1610612745,Houston Rockets,2,11,18,Made Shot,Driving Layup Shot,2PT Field Goal,Restricted Area,Center(C),Less Than 8 ft.,1.0,-14.0,11.0,1,1,20170326,HOU,OKC
Shot Chart Detail,0021601091,162,201569,Eric Gordon,1610612745,Houston Rockets,2,8,18,Made Shot,Driving Layup Shot,2PT Field Goal,Restricted Area,Center(C),Less Than 8 ft.,2.0,-6.0,21.0,1,1,20170326,HOU,OKC
Shot Chart Detail,0021601091,292,201569,Eric Gordon,1610612745,Houston Rockets,3,11,8,Missed Shot,Jump Shot,3PT Field Goal,Above the Break 3,Center(C),24+ ft.,26.0,22.0,262.0,1,0,20170326,HOU,OKC
Shot Chart Detail,0021601091,324,201569,Eric Gordon,1610612745,Houston Rockets,3,8,52,Missed Shot,Driving Reverse Layup Shot,2PT Field Goal,Restricted Area,Center(C),Less Than 8 ft.,1.0,-9.0,16.0,1,0,20170326,HOU,OKC
Shot Chart Detail,0021601091,331,201569,Eric Gordon,1610612745,Houston Rockets,3,8,37,Made Shot,Jump Shot,3PT Field Goal,Above the Break 3,Center(C),24+ ft.,25.0,-7.0,259.0,1,1,20170326,HOU,OKC
Shot Chart Detail,0021601091,339,201569,Eric Gordon,1610612745,Houston Rockets,3,7,19,Made Shot,Jump Shot,3PT Field Goal,Above the Break 3,Left Side Center(LC),24+ ft.,24.0,-102.0,228.0,1,1,20170326,HOU,OKC
Shot Chart Detail,0021601091,358,201569,Eric Gordon,1610612745,Houston Rockets,3,6,22,Made Shot,Jump Shot,3PT Field Goal,Above the Break 3,Right Side Center(RC),24+ ft.,26.0,148.0,219.0,1,1,20170326,HOU,OKC
Shot Chart Detail,0021601091,481,201569,Eric Gordon,1610612745,Houston Rockets,4,7,52,Made Shot,Turnaround Jump Shot,2PT Field Goal,In The Paint (Non-RA),Center(C),Less Than 8 ft.,6.0,4.0,61.0,1,1,20170326,HOU,OKC
Shot Chart Detail,0021601091,520,201569,Eric Gordon,1610612745,Houston Rockets,4,3,17,Missed Shot,Jump Shot,3PT Field Goal,Above the Break 3,Right Side Center(RC),24+ ft.,25.0,173.0,193.0,1,0,20170326,HOU,OKC
Shot Chart Detail,0021601108,15,201569,Eric Gordon,1610612745,Houston Rockets,1,9,37,Missed Shot,Jump Shot,3PT Field Goal,Above the Break 3,Right Side Center(RC),24+ ft.,24.0,112.0,223.0,1,0,20170328,HOU,GSW
Shot Chart Detail,0021601108,28,201569,Eric Gordon,1610612745,Houston Rockets,1,7,44,Missed Shot,Jump Shot,3PT Field Goal,Above the Break 3,Left Side Center(LC),24+ ft.,24.0,-217.0,120.0,1,0,20170328,HOU,GSW
Shot Chart Detail,0021601108,34,201569,Eric Gordon,1610612745,Houston Rockets,1,7,14,Made Shot,Jump Shot,3PT Field Goal,Above the Break 3,Left Side Center(LC),24+ ft.,25.0,-199.0,156.0,1,1,20170328,HOU,GSW
Shot Chart Detail,0021601108,44,201569,Eric Gordon,1610612745,Houston Rockets,1,5,57,Made Shot,Jump Shot,3PT Field Goal,Above the Break 3,Right Side Center(RC),24+ ft.,24.0,86.0,228.0,1,1,20170328,HOU,GSW
Shot Chart Detail,0021601108,123,201569,Eric Gordon,1610612745,Houston Rockets,2,10,25,Missed Shot,Layup Shot,2PT Field Goal,Restricted Area,Center(C),Less Than 8 ft.,2.0,-19.0,7.0,1,0,20170328,HOU,GSW
Shot Chart Detail,0021601108,137,201569,Eric Gordon,1610612745,Houston Rockets,2,9,28,Made Shot,Driving Layup Shot,2PT Field Goal,Restricted Area,Center(C),Less Than 8 ft.,0.0,-9.0,0.0,1,1,20170328,HOU,GSW
Shot Chart Detail,0021601108,150,201569,Eric Gordon,1610612745,Houston Rockets,2,7,42,Missed Shot,Driving Layup Shot,2PT Field Goal,Restricted Area,Center(C),Less Than 8 ft.,0.0,-2.0,-1.0,1,0,20170328,HOU,GSW
Shot Chart Detail,0021601108,471,201569,Eric Gordon,1610612745,Houston Rockets,4,8,55,Missed Shot,Jump Shot,3PT Field Goal,Left Corner 3,Left Side(L),24+ ft.,23.0,-233.0,7.0,1,0,20170328,HOU,GSW
Shot Chart Detail,0021601108,473,201569,Eric Gordon,1610612745,Houston Rockets,4,8,48,Missed Shot,Layup Shot,2PT Field Goal,Restricted Area,Center(C),Less Than 8 ft.,1.0,-6.0,8.0,1,0,20170328,HOU,GSW
Shot Chart Detail,0021601125,7,201569,Eric Gordon,1610612745,Houston Rockets,1,11,9,Made Shot,Jump Shot,3PT Field Goal,Above the Break 3,Right Side Center(RC),24+ ft.,25.0,171.0,185.0,1,1,20170330,POR,HOU
Shot Chart Detail,0021601125,25,201569,Eric Gordon,1610612745,Houston Rockets,1,9,19,Missed Shot,Jump Shot,3PT Field Goal,Above the Break 3,Center(C),24+ ft.,25.0,-37.0,249.0,1,0,20170330,POR,HOU
Shot Chart Detail,0021601125,140,201569,Eric Gordon,1610612745,Houston Rockets,2,11,16,Missed Shot,Driving Layup Shot,2PT Field Goal,Restricted Area,Center(C),Less Than 8 ft.,2.0,22.0,11.0,1,0,20170330,POR,HOU
Shot Chart Detail,0021601125,151,201569,Eric Gordon,1610612745,Houston Rockets,2,10,42,Made Shot,Jump Shot,3PT Field Goal,Above the Break 3,Right Side Center(RC),24+ ft.,24.0,120.0,208.0,1,1,20170330,POR,HOU
Shot Chart Detail,0021601125,212,201569,Eric Gordon,1610612745,Houston Rockets,2,5,26,Missed Shot,Floating Jump shot,2PT Field Goal,Mid-Range,Center(C),8-16 ft.,13.0,2.0,139.0,1,0,20170330,POR,HOU
Shot Chart Detail,0021601125,220,201569,Eric Gordon,1610612745,Houston Rockets,2,4,45,Made Shot,Running Layup Shot,2PT Field Goal,Restricted Area,Center(C),Less Than 8 ft.,1.0,14.0,-6.0,1,1,20170330,POR,HOU
Shot Chart Detail,0021601125,238,201569,Eric Gordon,1610612745,Houston Rockets,2,3,30,Missed Shot,Jump Shot,3PT Field Goal,Above the Break 3,Left Side Center(LC),24+ ft.,27.0,-102.0,252.0,1,0,20170330,POR,HOU
Shot Chart Detail,0021601125,304,201569,Eric Gordon,1610612745,Houston Rockets,3,10,0,Missed Shot,Jump Shot,3PT Field Goal,Above the Break 3,Right Side Center(RC),24+ ft.,24.0,115.0,213.0,1,0,20170330,POR,HOU
Shot Chart Detail,0021601125,344,201569,Eric Gordon,1610612745,Houston Rockets,3,6,10,Made Shot,No Shot,2PT Field Goal,In The Paint (Non-RA),Center(C),Less Than 8 ft.,8.0,0.0,80.0,1,1,20170330,POR,HOU
Shot Chart Detail,0021601125,434,201569,Eric Gordon,1610612745,Houston Rockets,4,8,28,Made Shot,Jump Shot,3PT Field Goal,Above the Break 3,Left Side Center(LC),24+ ft.,25.0,-214.0,134.0,1,1,20170330,POR,HOU
Shot Chart Detail,0021601125,445,201569,Eric Gordon,1610612745,Houston Rockets,4,7,24,Missed Shot,Layup Shot,2PT Field Goal,Restricted Area,Center(C),Less Than 8 ft.,2.0,25.0,11.0,1,0,20170330,POR,HOU
Shot Chart Detail,0021601125,451,201569,Eric Gordon,1610612745,Houston Rockets,4,6,56,Missed Shot,Jump Shot,3PT Field Goal,Above the Break 3,Right Side Center(RC),24+ ft.,24.0,143.0,195.0,1,0,20170330,POR,HOU
Shot Chart Detail,0021601136,19,201569,Eric Gordon,1610612745,Houston Rockets,1,9,22,Made Shot,Driving Layup Shot,2PT Field Goal,Restricted Area,Center(C),Less Than 8 ft.,2.0,17.0,16.0,1,1,20170331,GSW,HOU
Shot Chart Detail,0021601136,30,201569,Eric Gordon,1610612745,Houston Rockets,1,8,15,Made Shot,Pullup Jump shot,3PT Field Goal,Above the Break 3,Right Side Center(RC),24+ ft.,24.0,215.0,111.0,1,1,20170331,GSW,HOU
Shot Chart Detail,0021601136,37,201569,Eric Gordon,1610612745,Houston Rockets,1,7,18,Missed Shot,Jump Shot,3PT Field Goal,Above the Break 3,Right Side Center(RC),24+ ft.,26.0,140.0,228.0,1,0,20170331,GSW,HOU
Shot Chart Detail,0021601136,48,201569,Eric Gordon,1610612745,Houston Rockets,1,5,56,Missed Shot,Jump Shot,3PT Field Goal,Above the Break 3,Left Side Center(LC),24+ ft.,25.0,-102.0,232.0,1,0,20170331,GSW,HOU
Shot Chart Detail,0021601136,153,201569,Eric Gordon,1610612745,Houston Rockets,2,9,0,Missed Shot,Jump Shot,3PT Field Goal,Above the Break 3,Left Side Center(LC),24+ ft.,26.0,-189.0,188.0,1,0,20170331,GSW,HOU
Shot Chart Detail,0021601136,161,201569,Eric Gordon,1610612745,Houston Rockets,2,8,22,Made Shot,Driving Bank shot,2PT Field Goal,In The Paint (Non-RA),Center(C),Less Than 8 ft.,5.0,2.0,56.0,1,1,20170331,GSW,HOU
Shot Chart Detail,0021601136,186,201569,Eric Gordon,1610612745,Houston Rockets,2,5,45,Made Shot,Jump Shot,3PT Field Goal,Above the Break 3,Right Side Center(RC),24+ ft.,26.0,184.0,190.0,1,1,20170331,GSW,HOU
Shot Chart Detail,0021601136,225,201569,Eric Gordon,1610612745,Houston Rockets,2,3,14,Missed Shot,Jump Shot,3PT Field Goal,Above the Break 3,Right Side Center(RC),24+ ft.,27.0,171.0,218.0,1,0,20170331,GSW,HOU
Shot Chart Detail,0021601136,286,201569,Eric Gordon,1610612745,Houston Rockets,3,8,53,Made Shot,Pullup Jump shot,3PT Field Goal,Above the Break 3,Left Side Center(LC),24+ ft.,30.0,-166.0,252.0,1,1,20170331,GSW,HOU
Shot Chart Detail,0021601136,417,201569,Eric Gordon,1610612745,Houston Rockets,4,10,24,Missed Shot,Jump Shot,2PT Field Goal,In The Paint (Non-RA),Center(C),Less Than 8 ft.,4.0,-4.0,41.0,1,0,20170331,GSW,HOU
Shot Chart Detail,0021601136,440,201569,Eric Gordon,1610612745,Houston Rockets,4,7,15,Missed Shot,Jump Shot,3PT Field Goal,Above the Break 3,Left Side Center(LC),24+ ft.,29.0,-145.0,252.0,1,0,20170331,GSW,HOU
Shot Chart Detail,0021601136,451,201569,Eric Gordon,1610612745,Houston Rockets,4,6,20,Missed Shot,Pullup Jump shot,3PT Field Goal,Above the Break 3,Center(C),24+ ft.,25.0,-58.0,252.0,1,0,20170331,GSW,HOU
Shot Chart Detail,0021601153,2,201569,Eric Gordon,1610612745,Houston Rockets,1,11,42,Missed Shot,Driving Floating Jump Shot,2PT Field Goal,In The Paint (Non-RA),Center(C),Less Than 8 ft.,7.0,35.0,70.0,1,0,20170402,PHX,HOU
Shot Chart Detail,0021601153,13,201569,Eric Gordon,1610612745,Houston Rockets,1,10,36,Missed Shot,Driving Reverse Layup Shot,2PT Field Goal,Restricted Area,Center(C),Less Than 8 ft.,0.0,2.0,2.0,1,0,20170402,PHX,HOU
Shot Chart Detail,0021601153,25,201569,Eric Gordon,1610612745,Houston Rockets,1,9,9,Missed Shot,Driving Dunk Shot,2PT Field Goal,Restricted Area,Center(C),Less Than 8 ft.,0.0,0.0,1.0,1,0,20170402,PHX,HOU
Shot Chart Detail,0021601153,29,201569,Eric Gordon,1610612745,Houston Rockets,1,8,50,Made Shot,Cutting Layup Shot,2PT Field Goal,Restricted Area,Center(C),Less Than 8 ft.,1.0,9.0,-6.0,1,1,20170402,PHX,HOU
Shot Chart Detail,0021601153,38,201569,Eric Gordon,1610612745,Houston Rockets,1,7,40,Made Shot,Jump Shot,3PT Field Goal,Above the Break 3,Right Side Center(RC),24+ ft.,30.0,204.0,229.0,1,1,20170402,PHX,HOU
Shot Chart Detail,0021601153,51,201569,Eric Gordon,1610612745,Houston Rockets,1,5,54,Made Shot,Running Layup Shot,2PT Field Goal,Restricted Area,Center(C),Less Than 8 ft.,1.0,14.0,0.0,1,1,20170402,PHX,HOU
Shot Chart Detail,0021601153,86,201569,Eric Gordon,1610612745,Houston Rockets,1,3,23,Missed Shot,Jump Shot,3PT Field Goal,Above the Break 3,Right Side Center(RC),24+ ft.,28.0,187.0,218.0,1,0,20170402,PHX,HOU
Shot Chart Detail,0021601153,183,201569,Eric Gordon,1610612745,Houston Rockets,2,7,12,Made Shot,Driving Layup Shot,2PT Field Goal,Restricted Area,Center(C),Less Than 8 ft.,1.0,-9.0,16.0,1,1,20170402,PHX,HOU
Shot Chart Detail,0021601153,202,201569,Eric Gordon,1610612745,Houston Rockets,2,5,32,Missed Shot,Jump Shot,3PT Field Goal,Above the Break 3,Left Side Center(LC),24+ ft.,25.0,-140.0,213.0,1,0,20170402,PHX,HOU
Shot Chart Detail,0021601153,205,201569,Eric Gordon,1610612745,Houston Rockets,2,5,5,Missed Shot,Cutting Layup Shot,2PT Field Goal,Restricted Area,Center(C),Less Than 8 ft.,0.0,-1.0,8.0,1,0,20170402,PHX,HOU
Shot Chart Detail,0021601153,226,201569,Eric Gordon,1610612745,Houston Rockets,2,3,26,Missed Shot,Jump Shot,3PT Field Goal,Right Corner 3,Right Side(R),24+ ft.,24.0,245.0,-21.0,1,0,20170402,PHX,HOU
Shot Chart Detail,0021601153,236,201569,Eric Gordon,1610612745,Houston Rockets,2,2,34,Made Shot,Driving Layup Shot,2PT Field Goal,Restricted Area,Center(C),Less Than 8 ft.,1.0,15.0,-1.0,1,1,20170402,PHX,HOU
Shot Chart Detail,0021601153,280,201569,Eric Gordon,1610612745,Houston Rockets,3,10,45,Missed Shot,Running Layup Shot,2PT Field Goal,Restricted Area,Center(C),Less Than 8 ft.,2.0,20.0,-1.0,1,0,20170402,PHX,HOU
Shot Chart Detail,0021601153,292,201569,Eric Gordon,1610612745,Houston Rockets,3,9,39,Missed Shot,Driving Layup Shot,2PT Field Goal,Restricted Area,Center(C),Less Than 8 ft.,1.0,14.0,7.0,1,0,20170402,PHX,HOU
Shot Chart Detail,0021601153,298,201569,Eric Gordon,1610612745,Houston Rockets,3,9,11,Made Shot,Jump Shot,2PT Field Goal,Restricted Area,Center(C),Less Than 8 ft.,3.0,-11.0,28.0,1,1,20170402,PHX,HOU
Shot Chart Detail,0021601153,309,201569,Eric Gordon,1610612745,Houston Rockets,3,8,7,Missed Shot,Driving Layup Shot,2PT Field Goal,Restricted Area,Center(C),Less Than 8 ft.,2.0,-11.0,26.0,1,0,20170402,PHX,HOU
Shot Chart Detail,0021601153,325,201569,Eric Gordon,1610612745,Houston Rockets,3,6,50,Made Shot,Jump Shot,3PT Field Goal,Above the Break 3,Left Side Center(LC),24+ ft.,26.0,-225.0,134.0,1,1,20170402,PHX,HOU
Shot Chart Detail,0021601153,347,201569,Eric Gordon,1610612745,Houston Rockets,3,5,40,Made Shot,Putback Layup Shot,2PT Field Goal,Restricted Area,Center(C),Less Than 8 ft.,2.0,22.0,0.0,1,1,20170402,PHX,HOU
Shot Chart Detail,0021601153,371,201569,Eric Gordon,1610612745,Houston Rockets,3,3,39,Missed Shot,Layup Shot,2PT Field Goal,Restricted Area,Center(C),Less Than 8 ft.,2.0,0.0,24.0,1,0,20170402,PHX,HOU
Shot Chart Detail,0021601153,373,201569,Eric Gordon,1610612745,Houston Rockets,3,3,34,Missed Shot,Jump Shot,3PT Field Goal,Left Corner 3,Left Side(L),24+ ft.,23.0,-233.0,-21.0,1,0,20170402,PHX,HOU
Shot Chart Detail,0021601153,491,201569,Eric Gordon,1610612745,Houston Rockets,4,7,27,Missed Shot,Driving Layup Shot,2PT Field Goal,Restricted Area,Center(C),Less Than 8 ft.,1.0,12.0,11.0,1,0,20170402,PHX,HOU
Shot Chart Detail,0021601153,523,201569,Eric Gordon,1610612745,Houston Rockets,4,5,0,Made Shot,Driving Finger Roll Layup Shot,2PT Field Goal,Restricted Area,Center(C),Less Than 8 ft.,2.0,20.0,11.0,1,1,20170402,PHX,HOU
Shot Chart Detail,0021601153,533,201569,Eric Gordon,1610612745,Houston Rockets,4,4,25,Missed Shot,Jump Shot,3PT Field Goal,Above the Break 3,Left Side Center(LC),24+ ft.,26.0,-176.0,200.0,1,0,20170402,PHX,HOU
Shot Chart Detail,0021601153,563,201569,Eric Gordon,1610612745,Houston Rockets,4,2,9,Missed Shot,Jump Shot,3PT Field Goal,Above the Break 3,Right Side Center(RC),24+ ft.,26.0,191.0,183.0,1,0,20170402,PHX,HOU
Shot Chart Detail,0021601168,58,201569,Eric Gordon,1610612745,Houston Rockets,1,5,3,Missed Shot,Jump Shot,3PT Field Goal,Above the Break 3,Right Side Center(RC),24+ ft.,25.0,168.0,193.0,1,0,20170405,HOU,DEN
Shot Chart Detail,0021601168,61,201569,Eric Gordon,1610612745,Houston Rockets,1,4,40,Made Shot,Jump Shot,3PT Field Goal,Above the Break 3,Center(C),24+ ft.,24.0,-38.0,242.0,1,1,20170405,HOU,DEN
Shot Chart Detail,0021601168,147,201569,Eric Gordon,1610612745,Houston Rockets,2,9,51,Missed Shot,Floating Jump shot,2PT Field Goal,In The Paint (Non-RA),Center(C),8-16 ft.,9.0,32.0,85.0,1,0,20170405,HOU,DEN
Shot Chart Detail,0021601168,149,201569,Eric Gordon,1610612745,Houston Rockets,2,9,34,Missed Shot,Jump Shot,3PT Field Goal,Left Corner 3,Left Side(L),24+ ft.,24.0,-241.0,51.0,1,0,20170405,HOU,DEN
Shot Chart Detail,0021601168,176,201569,Eric Gordon,1610612745,Houston Rockets,2,7,45,Missed Shot,Driving Layup Shot,2PT Field Goal,Restricted Area,Center(C),Less Than 8 ft.,1.0,-16.0,7.0,1,0,20170405,HOU,DEN
Shot Chart Detail,0021601168,230,201569,Eric Gordon,1610612745,Houston Rockets,2,3,12,Missed Shot,Step Back Jump shot,3PT Field Goal,Above the Break 3,Right Side Center(RC),24+ ft.,26.0,182.0,190.0,1,0,20170405,HOU,DEN
Shot Chart Detail,0021601168,262,201569,Eric Gordon,1610612745,Houston Rockets,2,0,49,Missed Shot,Jump Shot,3PT Field Goal,Above the Break 3,Left Side Center(LC),24+ ft.,27.0,-192.0,203.0,1,0,20170405,HOU,DEN
Shot Chart Detail,0021601168,365,201569,Eric Gordon,1610612745,Houston Rockets,3,3,57,Made Shot,Jump Shot,3PT Field Goal,Above the Break 3,Left Side Center(LC),24+ ft.,24.0,-209.0,134.0,1,1,20170405,HOU,DEN
Shot Chart Detail,0021601168,383,201569,Eric Gordon,1610612745,Houston Rockets,3,2,44,Missed Shot,Jump Shot,3PT Field Goal,Above the Break 3,Center(C),24+ ft.,24.0,56.0,237.0,1,0,20170405,HOU,DEN
Shot Chart Detail,0021601168,421,201569,Eric Gordon,1610612745,Houston Rockets,4,11,17,Missed Shot,Pullup Jump shot,3PT Field Goal,Above the Break 3,Right Side Center(RC),24+ ft.,24.0,96.0,229.0,1,0,20170405,HOU,DEN
Shot Chart Detail,0021601168,437,201569,Eric Gordon,1610612745,Houston Rockets,4,10,37,Missed Shot,Layup Shot,2PT Field Goal,Restricted Area,Center(C),Less Than 8 ft.,1.0,-4.0,11.0,1,0,20170405,HOU,DEN
Shot Chart Detail,0021601168,471,201569,Eric Gordon,1610612745,Houston Rockets,4,8,12,Missed Shot,Floating Jump shot,2PT Field Goal,In The Paint (Non-RA),Center(C),Less Than 8 ft.,7.0,-60.0,38.0,1,0,20170405,HOU,DEN
Shot Chart Detail,0021601168,486,201569,Eric Gordon,1610612745,Houston Rockets,4,7,19,Missed Shot,Jump Shot,3PT Field Goal,Right Corner 3,Right Side(R),24+ ft.,24.0,236.0,51.0,1,0,20170405,HOU,DEN
Shot Chart Detail,0021601168,551,201569,Eric Gordon,1610612745,Houston Rockets,4,2,14,Missed Shot,Jump Shot,3PT Field Goal,Left Corner 3,Left Side(L),24+ ft.,23.0,-230.0,-10.0,1,0,20170405,HOU,DEN
Shot Chart Detail,0021601182,90,201569,Eric Gordon,1610612745,Houston Rockets,1,3,32,Made Shot,Jump Shot,3PT Field Goal,Above the Break 3,Center(C),24+ ft.,28.0,-53.0,278.0,1,1,20170407,HOU,DET
Shot Chart Detail,0021601182,93,201569,Eric Gordon,1610612745,Houston Rockets,1,2,52,Missed Shot,Jump Shot,3PT Field Goal,Above the Break 3,Right Side Center(RC),24+ ft.,25.0,127.0,223.0,1,0,20170407,HOU,DET
Shot Chart Detail,0021601182,98,201569,Eric Gordon,1610612745,Houston Rockets,1,2,36,Made Shot,Jump Shot,3PT Field Goal,Right Corner 3,Right Side(R),24+ ft.,23.0,235.0,26.0,1,1,20170407,HOU,DET
Shot Chart Detail,0021601182,146,201569,Eric Gordon,1610612745,Houston Rockets,2,10,33,Missed Shot,Jump Shot,3PT Field Goal,Left Corner 3,Left Side(L),24+ ft.,23.0,-235.0,36.0,1,0,20170407,HOU,DET
Shot Chart Detail,0021601182,165,201569,Eric Gordon,1610612745,Houston Rockets,2,8,46,Missed Shot,Driving Finger Roll Layup Shot,2PT Field Goal,Restricted Area,Center(C),Less Than 8 ft.,1.0,7.0,16.0,1,0,20170407,HOU,DET
Shot Chart Detail,0021601182,189,201569,Eric Gordon,1610612745,Houston Rockets,2,6,37,Missed Shot,Jump Shot,3PT Field Goal,Above the Break 3,Right Side Center(RC),24+ ft.,26.0,166.0,203.0,1,0,20170407,HOU,DET
Shot Chart Detail,0021601182,207,201569,Eric Gordon,1610612745,Houston Rockets,2,5,0,Missed Shot,Jump Shot,3PT Field Goal,Left Corner 3,Left Side(L),24+ ft.,23.0,-237.0,8.0,1,0,20170407,HOU,DET
Shot Chart Detail,0021601182,216,201569,Eric Gordon,1610612745,Houston Rockets,2,4,34,Made Shot,Fadeaway Jump Shot,2PT Field Goal,In The Paint (Non-RA),Center(C),8-16 ft.,10.0,-53.0,95.0,1,1,20170407,HOU,DET
Shot Chart Detail,0021601182,350,201569,Eric Gordon,1610612745,Houston Rockets,3,5,34,Missed Shot,Jump Shot,3PT Field Goal,Above the Break 3,Right Side Center(RC),24+ ft.,25.0,195.0,159.0,1,0,20170407,HOU,DET
Shot Chart Detail,0021601182,358,201569,Eric Gordon,1610612745,Houston Rockets,3,4,38,Missed Shot,Jump Shot,3PT Field Goal,Right Corner 3,Right Side(R),24+ ft.,23.0,235.0,3.0,1,0,20170407,HOU,DET
Shot Chart Detail,0021601182,435,201569,Eric Gordon,1610612745,Houston Rockets,4,10,58,Made Shot,Driving Floating Jump Shot,2PT Field Goal,In The Paint (Non-RA),Right Side(R),8-16 ft.,9.0,68.0,72.0,1,1,20170407,HOU,DET
Shot Chart Detail,0021601182,456,201569,Eric Gordon,1610612745,Houston Rockets,4,8,45,Missed Shot,Jump Shot,3PT Field Goal,Above the Break 3,Right Side Center(RC),24+ ft.,26.0,195.0,178.0,1,0,20170407,HOU,DET
Shot Chart Detail,0021601182,479,201569,Eric Gordon,1610612745,Houston Rockets,4,7,0,Missed Shot,Jump Shot,2PT Field Goal,Mid-Range,Right Side Center(RC),16-24 ft.,18.0,114.0,149.0,1,0,20170407,HOU,DET
Shot Chart Detail,0021601182,487,201569,Eric Gordon,1610612745,Houston Rockets,4,5,42,Made Shot,Jump Shot,3PT Field Goal,Above the Break 3,Right Side Center(RC),24+ ft.,25.0,166.0,190.0,1,1,20170407,HOU,DET
Shot Chart Detail,0021601210,22,201569,Eric Gordon,1610612745,Houston Rockets,1,9,58,Missed Shot,Jump Shot,3PT Field Goal,Right Corner 3,Right Side(R),24+ ft.,25.0,250.0,11.0,1,0,20170410,LAC,HOU
Shot Chart Detail,0021601210,176,201569,Eric Gordon,1610612745,Houston Rockets,2,11,41,Missed Shot,Jump Shot,2PT Field Goal,Mid-Range,Center(C),16-24 ft.,20.0,-1.0,209.0,1,0,20170410,LAC,HOU
Shot Chart Detail,0021601210,191,201569,Eric Gordon,1610612745,Houston Rockets,2,9,52,Made Shot,Driving Finger Roll Layup Shot,2PT Field Goal,Restricted Area,Center(C),Less Than 8 ft.,3.0,10.0,38.0,1,1,20170410,LAC,HOU
Shot Chart Detail,0021601210,209,201569,Eric Gordon,1610612745,Houston Rockets,2,8,9,Missed Shot,Jump Shot,3PT Field Goal,Above the Break 3,Right Side Center(RC),24+ ft.,26.0,176.0,200.0,1,0,20170410,LAC,HOU
Shot Chart Detail,0021601210,213,201569,Eric Gordon,1610612745,Houston Rockets,2,7,54,Made Shot,Running Layup Shot,2PT Field Goal,Restricted Area,Center(C),Less Than 8 ft.,2.0,19.0,21.0,1,1,20170410,LAC,HOU
Shot Chart Detail,0021601210,222,201569,Eric Gordon,1610612745,Houston Rockets,2,7,36,Missed Shot,Running Pull-Up Jump Shot,3PT Field Goal,Above the Break 3,Right Side Center(RC),24+ ft.,27.0,133.0,237.0,1,0,20170410,LAC,HOU
Shot Chart Detail,0021601210,233,201569,Eric Gordon,1610612745,Houston Rockets,2,5,50,Missed Shot,Jump Shot,3PT Field Goal,Above the Break 3,Right Side Center(RC),24+ ft.,26.0,192.0,183.0,1,0,20170410,LAC,HOU
Shot Chart Detail,0021601210,246,201569,Eric Gordon,1610612745,Houston Rockets,2,4,53,Made Shot,Running Layup Shot,2PT Field Goal,Restricted Area,Center(C),Less Than 8 ft.,1.0,15.0,7.0,1,1,20170410,LAC,HOU
Shot Chart Detail,0021601210,379,201569,Eric Gordon,1610612745,Houston Rockets,3,5,50,Missed Shot,Jump Shot,3PT Field Goal,Above the Break 3,Right Side Center(RC),24+ ft.,26.0,135.0,232.0,1,0,20170410,LAC,HOU
Shot Chart Detail,0021601210,384,201569,Eric Gordon,1610612745,Houston Rockets,3,5,10,Missed Shot,Cutting Layup Shot,2PT Field Goal,Restricted Area,Center(C),Less Than 8 ft.,1.0,1.0,11.0,1,0,20170410,LAC,HOU
Shot Chart Detail,0021601210,437,201569,Eric Gordon,1610612745,Houston Rockets,4,10,57,Made Shot,Running Pull-Up Jump Shot,3PT Field Goal,Above the Break 3,Left Side Center(LC),24+ ft.,25.0,-165.0,193.0,1,1,20170410,LAC,HOU
Shot Chart Detail,0021601210,440,201569,Eric Gordon,1610612745,Houston Rockets,4,10,32,Missed Shot,Running Layup Shot,2PT Field Goal,Restricted Area,Center(C),Less Than 8 ft.,2.0,-1.0,21.0,1,0,20170410,LAC,HOU
Shot Chart Detail,0021601210,460,201569,Eric Gordon,1610612745,Houston Rockets,4,9,10,Made Shot,Jump Shot,3PT Field Goal,,,,,,,1,1,20170410,LAC,HOU
Shot Chart Detail,0021601224,110,201569,Eric Gordon,1610612745,Houston Rockets,1,0,56,Missed Shot,Driving Layup Shot,2PT Field Goal,Restricted Area,Center(C),Less Than 8 ft.,2.0,-19.0,8.0,1,0,20170412,HOU,MIN
Shot Chart Detail,0021601224,152,201569,Eric Gordon,1610612745,Houston Rockets,2,9,32,Missed Shot,Pullup Jump shot,3PT Field Goal,Above the Break 3,Right Side Center(RC),24+ ft.,25.0,189.0,164.0,1,0,20170412,HOU,MIN
Shot Chart Detail,0021601224,161,201569,Eric Gordon,1610612745,Houston Rockets,2,9,15,Made Shot,Jump Shot,3PT Field Goal,Right Corner 3,Right Side(R),24+ ft.,23.0,236.0,0.0,1,1,20170412,HOU,MIN
Shot Chart Detail,0021601224,164,201569,Eric Gordon,1610612745,Houston Rockets,2,8,44,Missed Shot,Jump Shot,3PT Field Goal,Right Corner 3,Right Side(R),24+ ft.,23.0,232.0,0.0,1,0,20170412,HOU,MIN
Shot Chart Detail,0021601224,170,201569,Eric Gordon,1610612745,Houston Rockets,2,7,46,Missed Shot,Jump Shot,3PT Field Goal,Above the Break 3,Right Side Center(RC),24+ ft.,25.0,200.0,165.0,1,0,20170412,HOU,MIN
Shot Chart Detail,0021601224,201,201569,Eric Gordon,1610612745,Houston Rockets,2,5,4,Made Shot,Driving Floating Jump Shot,2PT Field Goal,In The Paint (Non-RA),Center(C),Less Than 8 ft.,7.0,1.0,70.0,1,1,20170412,HOU,MIN
Shot Chart Detail,0021601224,218,201569,Eric Gordon,1610612745,Houston Rockets,2,3,23,Missed Shot,Jump Shot,3PT Field Goal,Above the Break 3,Right Side Center(RC),24+ ft.,25.0,189.0,169.0,1,0,20170412,HOU,MIN
Shot Chart Detail,0021601224,374,201569,Eric Gordon,1610612745,Houston Rockets,4,11,43,Made Shot,Jump Shot,3PT Field Goal,Above the Break 3,Right Side Center(RC),24+ ft.,24.0,81.0,232.0,1,1,20170412,HOU,MIN
Shot Chart Detail,0021601224,423,201569,Eric Gordon,1610612745,Houston Rockets,4,7,46,Missed Shot,Jump Shot,3PT Field Goal,Above the Break 3,Center(C),24+ ft.,25.0,-63.0,242.0,1,0,20170412,HOU,MIN
Shot Chart Detail,0021601224,439,201569,Eric Gordon,1610612745,Houston Rockets,4,6,6,Missed Shot,Jump Shot,3PT Field Goal,Above the Break 3,Left Side Center(LC),24+ ft.,24.0,-166.0,180.0,1,0,20170412,HOU,MIN
Shot Chart Detail,0021601224,441,201569,Eric Gordon,1610612745,Houston Rockets,4,6,1,Made Shot,Jump Shot,3PT Field Goal,Left Corner 3,Left Side(L),24+ ft.,23.0,-232.0,7.0,1,1,20170412,HOU,MIN
Shot Chart Detail,0021601224,450,201569,Eric Gordon,1610612745,Houston Rockets,4,5,21,Missed Shot,Jump Shot,3PT Field Goal,Above the Break 3,Right Side Center(RC),24+ ft.,25.0,194.0,159.0,1,0,20170412,HOU,MIN
