GRID_TYPE,GAME_ID,GAME_EVENT_ID,PLAYER_ID,PLAYER_NAME,TEAM_ID,TEAM_NAME,PERIOD,MINUTES_REMAINING,SECONDS_REMAINING,EVENT_TYPE,ACTION_TYPE,SHOT_TYPE,SHOT_ZONE_BASIC,SHOT_ZONE_AREA,SHOT_ZONE_RANGE,SHOT_DISTANCE,LOC_X,LOC_Y,SHOT_ATTEMPTED_FLAG,SHOT_MADE_FLAG,GAME_DATE,HTM,VTM
Shot Chart Detail,0021600005,17,201952,Jeff Teague,1610612754,Indiana Pacers,1,9,51,Missed Shot,Jump Shot,3PT Field Goal,Above the Break 3,Left Side Center(LC),24+ ft.,27.0,-151.0,232.0,1,0,20161026,IND,DAL
Shot Chart Detail,0021600005,63,201952,Jeff Teague,1610612754,Indiana Pacers,1,5,24,Made Shot,Running Layup Shot,2PT Field Goal,Restricted Area,Center(C),Less Than 8 ft.,3.0,32.0,18.0,1,1,20161026,IND,DAL
Shot Chart Detail,0021600005,209,201952,Jeff Teague,1610612754,Indiana Pacers,2,4,44,Missed Shot,Floating Jump shot,2PT Field Goal,In The Paint (Non-RA),Center(C),Less Than 8 ft.,6.0,-16.0,67.0,1,0,20161026,IND,DAL
Shot Chart Detail,0021600005,221,201952,Jeff Teague,1610612754,Indiana Pacers,2,4,24,Made Shot,Pullup Jump shot,2PT Field Goal,Mid-Range,Left Side(L),16-24 ft.,16.0,-148.0,72.0,1,1,20161026,IND,DAL
Shot Chart Detail,0021600005,233,201952,Jeff Teague,1610612754,Indiana Pacers,2,2,58,Missed Shot,Jump Shot,2PT Field Goal,Mid-Range,Left Side(L),8-16 ft.,8.0,-81.0,16.0,1,0,20161026,IND,DAL
Shot Chart Detail,0021600005,240,201952,Jeff Teague,1610612754,Indiana Pacers,2,2,48,Missed Shot,Driving Layup Shot,2PT Field Goal,Restricted Area,Center(C),Less Than 8 ft.,0.0,-1.0,0.0,1,0,20161026,IND,DAL
Shot Chart Detail,0021600005,284,201952,Jeff Teague,1610612754,Indiana Pacers,3,10,4,Missed Shot,Driving Layup Shot,2PT Field Goal,Restricted Area,Center(C),Less Than 8 ft.,0.0,6.0,7.0,1,0,20161026,IND,DAL
Shot Chart Detail,0021600005,366,201952,Jeff Teague,1610612754,Indiana Pacers,3,4,31,Made Shot,Driving Finger Roll Layup Shot,2PT Field Goal,Restricted Area,Center(C),Less Than 8 ft.,1.0,12.0,2.0,1,1,20161026,IND,DAL
Shot Chart Detail,0021600005,439,201952,Jeff Teague,1610612754,Indiana Pacers,4,10,41,Missed Shot,Jump Shot,2PT Field Goal,Mid-Range,Left Side Center(LC),16-24 ft.,20.0,-110.0,174.0,1,0,20161026,IND,DAL
Shot Chart Detail,0021600005,450,201952,Jeff Teague,1610612754,Indiana Pacers,4,9,37,Missed Shot,Layup Shot,2PT Field Goal,Restricted Area,Center(C),Less Than 8 ft.,0.0,1.0,7.0,1,0,20161026,IND,DAL
Shot Chart Detail,0021600005,454,201952,Jeff Teague,1610612754,Indiana Pacers,4,9,8,Made Shot,Layup Shot,2PT Field Goal,Restricted Area,Center(C),Less Than 8 ft.,2.0,-4.0,28.0,1,1,20161026,IND,DAL
Shot Chart Detail,0021600005,457,201952,Jeff Teague,1610612754,Indiana Pacers,4,8,35,Missed Shot,Jump Shot,3PT Field Goal,Above the Break 3,Left Side Center(LC),24+ ft.,25.0,-117.0,223.0,1,0,20161026,IND,DAL
Shot Chart Detail,0021600005,492,201952,Jeff Teague,1610612754,Indiana Pacers,4,6,51,Made Shot,Layup Shot,2PT Field Goal,Restricted Area,Center(C),Less Than 8 ft.,0.0,6.0,2.0,1,1,20161026,IND,DAL
Shot Chart Detail,0021600005,502,201952,Jeff Teague,1610612754,Indiana Pacers,4,5,33,Missed Shot,Jump Shot,3PT Field Goal,Above the Break 3,Center(C),24+ ft.,28.0,-1.0,282.0,1,0,20161026,IND,DAL
Shot Chart Detail,0021600005,529,201952,Jeff Teague,1610612754,Indiana Pacers,4,1,49,Missed Shot,Layup Shot,2PT Field Goal,Restricted Area,Center(C),Less Than 8 ft.,2.0,-20.0,0.0,1,0,20161026,IND,DAL
Shot Chart Detail,0021600019,29,201952,Jeff Teague,1610612754,Indiana Pacers,1,8,53,Missed Shot,Jump Shot,3PT Field Goal,Above the Break 3,Left Side Center(LC),24+ ft.,24.0,-115.0,213.0,1,0,20161028,BKN,IND
Shot Chart Detail,0021600019,161,201952,Jeff Teague,1610612754,Indiana Pacers,2,9,24,Made Shot,Floating Jump shot,2PT Field Goal,Mid-Range,Right Side(R),8-16 ft.,13.0,117.0,61.0,1,1,20161028,BKN,IND
Shot Chart Detail,0021600019,196,201952,Jeff Teague,1610612754,Indiana Pacers,2,6,7,Missed Shot,Pullup Jump shot,2PT Field Goal,Mid-Range,Right Side(R),16-24 ft.,16.0,151.0,70.0,1,0,20161028,BKN,IND
Shot Chart Detail,0021600019,211,201952,Jeff Teague,1610612754,Indiana Pacers,2,4,53,Missed Shot,Turnaround Bank shot,2PT Field Goal,In The Paint (Non-RA),Center(C),Less Than 8 ft.,7.0,-66.0,26.0,1,0,20161028,BKN,IND
Shot Chart Detail,0021600019,240,201952,Jeff Teague,1610612754,Indiana Pacers,2,1,45,Missed Shot,Jump Shot,3PT Field Goal,Above the Break 3,Center(C),24+ ft.,24.0,40.0,242.0,1,0,20161028,BKN,IND
Shot Chart Detail,0021600019,277,201952,Jeff Teague,1610612754,Indiana Pacers,3,10,35,Made Shot,Floating Jump shot,2PT Field Goal,Mid-Range,Left Side(L),8-16 ft.,9.0,-84.0,36.0,1,1,20161028,BKN,IND
Shot Chart Detail,0021600019,303,201952,Jeff Teague,1610612754,Indiana Pacers,3,7,39,Missed Shot,Jump Bank Shot,2PT Field Goal,Restricted Area,Center(C),Less Than 8 ft.,3.0,-2.0,36.0,1,0,20161028,BKN,IND
Shot Chart Detail,0021600019,311,201952,Jeff Teague,1610612754,Indiana Pacers,3,7,6,Missed Shot,Jump Shot,3PT Field Goal,Above the Break 3,Left Side Center(LC),24+ ft.,24.0,-197.0,139.0,1,0,20161028,BKN,IND
Shot Chart Detail,0021600019,341,201952,Jeff Teague,1610612754,Indiana Pacers,3,4,35,Missed Shot,Jump Bank Shot,2PT Field Goal,In The Paint (Non-RA),Center(C),Less Than 8 ft.,5.0,-48.0,23.0,1,0,20161028,BKN,IND
Shot Chart Detail,0021600019,446,201952,Jeff Teague,1610612754,Indiana Pacers,4,10,7,Missed Shot,Driving Layup Shot,2PT Field Goal,Restricted Area,Center(C),Less Than 8 ft.,1.0,9.0,11.0,1,0,20161028,BKN,IND
Shot Chart Detail,0021600019,480,201952,Jeff Teague,1610612754,Indiana Pacers,4,7,31,Missed Shot,Jump Shot,3PT Field Goal,Above the Break 3,Center(C),24+ ft.,23.0,27.0,237.0,1,0,20161028,BKN,IND
Shot Chart Detail,0021600019,487,201952,Jeff Teague,1610612754,Indiana Pacers,4,6,55,Missed Shot,Jump Shot,2PT Field Goal,In The Paint (Non-RA),Center(C),Less Than 8 ft.,6.0,25.0,61.0,1,0,20161028,BKN,IND
Shot Chart Detail,0021600019,507,201952,Jeff Teague,1610612754,Indiana Pacers,4,4,48,Missed Shot,Jump Shot,2PT Field Goal,In The Paint (Non-RA),Center(C),8-16 ft.,9.0,9.0,95.0,1,0,20161028,BKN,IND
Shot Chart Detail,0021600030,6,201952,Jeff Teague,1610612754,Indiana Pacers,1,11,32,Missed Shot,Floating Jump shot,2PT Field Goal,In The Paint (Non-RA),Center(C),8-16 ft.,9.0,-14.0,95.0,1,0,20161029,CHI,IND
Shot Chart Detail,0021600030,57,201952,Jeff Teague,1610612754,Indiana Pacers,1,5,17,Missed Shot,Jump Shot,2PT Field Goal,In The Paint (Non-RA),Center(C),Less Than 8 ft.,4.0,-19.0,36.0,1,0,20161029,CHI,IND
Shot Chart Detail,0021600030,69,201952,Jeff Teague,1610612754,Indiana Pacers,1,3,57,Missed Shot,Step Back Jump shot,3PT Field Goal,Above the Break 3,Center(C),24+ ft.,24.0,-56.0,242.0,1,0,20161029,CHI,IND
Shot Chart Detail,0021600030,84,201952,Jeff Teague,1610612754,Indiana Pacers,1,1,58,Missed Shot,Jump Shot,2PT Field Goal,Mid-Range,Right Side(R),8-16 ft.,14.0,138.0,26.0,1,0,20161029,CHI,IND
Shot Chart Detail,0021600030,199,201952,Jeff Teague,1610612754,Indiana Pacers,2,1,4,Missed Shot,Floating Jump shot,2PT Field Goal,In The Paint (Non-RA),Center(C),Less Than 8 ft.,7.0,38.0,62.0,1,0,20161029,CHI,IND
Shot Chart Detail,0021600030,283,201952,Jeff Teague,1610612754,Indiana Pacers,3,4,15,Missed Shot,Jump Shot,2PT Field Goal,Mid-Range,Center(C),16-24 ft.,19.0,35.0,193.0,1,0,20161029,CHI,IND
Shot Chart Detail,0021600030,297,201952,Jeff Teague,1610612754,Indiana Pacers,3,3,1,Missed Shot,Layup Shot,2PT Field Goal,Restricted Area,Center(C),Less Than 8 ft.,2.0,-15.0,19.0,1,0,20161029,CHI,IND
Shot Chart Detail,0021600048,18,201952,Jeff Teague,1610612754,Indiana Pacers,1,10,0,Missed Shot,Jump Shot,3PT Field Goal,Above the Break 3,Right Side Center(RC),24+ ft.,25.0,122.0,223.0,1,0,20161101,IND,LAL
Shot Chart Detail,0021600048,64,201952,Jeff Teague,1610612754,Indiana Pacers,1,5,15,Missed Shot,Floating Jump shot,2PT Field Goal,In The Paint (Non-RA),Right Side(R),8-16 ft.,8.0,60.0,62.0,1,0,20161101,IND,LAL
Shot Chart Detail,0021600048,233,201952,Jeff Teague,1610612754,Indiana Pacers,2,3,38,Made Shot,Jump Shot,2PT Field Goal,Mid-Range,Center(C),16-24 ft.,16.0,-4.0,160.0,1,1,20161101,IND,LAL
Shot Chart Detail,0021600048,237,201952,Jeff Teague,1610612754,Indiana Pacers,2,3,19,Made Shot,Jump Shot,3PT Field Goal,Above the Break 3,Left Side Center(LC),24+ ft.,26.0,-174.0,198.0,1,1,20161101,IND,LAL
Shot Chart Detail,0021600048,262,201952,Jeff Teague,1610612754,Indiana Pacers,2,1,25,Missed Shot,Pullup Jump shot,2PT Field Goal,Mid-Range,Left Side(L),16-24 ft.,20.0,-179.0,95.0,1,0,20161101,IND,LAL
Shot Chart Detail,0021600048,265,201952,Jeff Teague,1610612754,Indiana Pacers,2,1,3,Missed Shot,Jump Shot,3PT Field Goal,Above the Break 3,Center(C),24+ ft.,26.0,-55.0,257.0,1,0,20161101,IND,LAL
Shot Chart Detail,0021600048,307,201952,Jeff Teague,1610612754,Indiana Pacers,3,9,48,Missed Shot,Driving Layup Shot,2PT Field Goal,Restricted Area,Center(C),Less Than 8 ft.,1.0,1.0,16.0,1,0,20161101,IND,LAL
Shot Chart Detail,0021600048,318,201952,Jeff Teague,1610612754,Indiana Pacers,3,9,13,Missed Shot,Jump Shot,3PT Field Goal,Above the Break 3,Center(C),24+ ft.,25.0,15.0,252.0,1,0,20161101,IND,LAL
Shot Chart Detail,0021600048,322,201952,Jeff Teague,1610612754,Indiana Pacers,3,8,42,Missed Shot,Jump Shot,3PT Field Goal,Above the Break 3,Center(C),24+ ft.,27.0,-42.0,267.0,1,0,20161101,IND,LAL
Shot Chart Detail,0021600048,352,201952,Jeff Teague,1610612754,Indiana Pacers,3,6,19,Made Shot,Jump Shot,2PT Field Goal,In The Paint (Non-RA),Center(C),Less Than 8 ft.,7.0,-74.0,21.0,1,1,20161101,IND,LAL
Shot Chart Detail,0021600048,382,201952,Jeff Teague,1610612754,Indiana Pacers,3,3,59,Missed Shot,Driving Layup Shot,2PT Field Goal,Restricted Area,Center(C),Less Than 8 ft.,0.0,9.0,0.0,1,0,20161101,IND,LAL
Shot Chart Detail,0021600048,385,201952,Jeff Teague,1610612754,Indiana Pacers,3,3,53,Missed Shot,Running Jump Shot,2PT Field Goal,In The Paint (Non-RA),Center(C),Less Than 8 ft.,5.0,19.0,52.0,1,0,20161101,IND,LAL
Shot Chart Detail,0021600048,493,201952,Jeff Teague,1610612754,Indiana Pacers,4,6,0,Made Shot,Pullup Jump shot,2PT Field Goal,In The Paint (Non-RA),Center(C),8-16 ft.,12.0,32.0,116.0,1,1,20161101,IND,LAL
Shot Chart Detail,0021600048,511,201952,Jeff Teague,1610612754,Indiana Pacers,4,4,34,Missed Shot,Jump Shot,3PT Field Goal,Above the Break 3,Left Side Center(LC),24+ ft.,26.0,-109.0,237.0,1,0,20161101,IND,LAL
Shot Chart Detail,0021600048,530,201952,Jeff Teague,1610612754,Indiana Pacers,4,2,58,Missed Shot,Jump Shot,3PT Field Goal,Above the Break 3,Left Side Center(LC),24+ ft.,25.0,-83.0,242.0,1,0,20161101,IND,LAL
Shot Chart Detail,0021600066,3,201952,Jeff Teague,1610612754,Indiana Pacers,1,11,32,Made Shot,Jump Shot,3PT Field Goal,Above the Break 3,Left Side Center(LC),24+ ft.,26.0,-125.0,234.0,1,1,20161103,MIL,IND
Shot Chart Detail,0021600066,52,201952,Jeff Teague,1610612754,Indiana Pacers,1,4,56,Made Shot,Driving Finger Roll Layup Shot,2PT Field Goal,Restricted Area,Center(C),Less Than 8 ft.,1.0,-4.0,11.0,1,1,20161103,MIL,IND
Shot Chart Detail,0021600066,167,201952,Jeff Teague,1610612754,Indiana Pacers,2,7,51,Missed Shot,Jump Shot,2PT Field Goal,In The Paint (Non-RA),Center(C),Less Than 8 ft.,4.0,0.0,46.0,1,0,20161103,MIL,IND
Shot Chart Detail,0021600066,176,201952,Jeff Teague,1610612754,Indiana Pacers,2,7,1,Made Shot,Running Layup Shot,2PT Field Goal,Restricted Area,Center(C),Less Than 8 ft.,2.0,-25.0,-6.0,1,1,20161103,MIL,IND
Shot Chart Detail,0021600066,226,201952,Jeff Teague,1610612754,Indiana Pacers,2,3,17,Missed Shot,Jump Shot,2PT Field Goal,In The Paint (Non-RA),Center(C),Less Than 8 ft.,4.0,30.0,36.0,1,0,20161103,MIL,IND
Shot Chart Detail,0021600066,296,201952,Jeff Teague,1610612754,Indiana Pacers,3,9,34,Missed Shot,Jump Shot,2PT Field Goal,Restricted Area,Center(C),Less Than 8 ft.,3.0,-35.0,8.0,1,0,20161103,MIL,IND
Shot Chart Detail,0021600066,348,201952,Jeff Teague,1610612754,Indiana Pacers,3,5,54,Missed Shot,Jump Shot,3PT Field Goal,Above the Break 3,Left Side Center(LC),24+ ft.,26.0,-225.0,141.0,1,0,20161103,MIL,IND
Shot Chart Detail,0021600066,365,201952,Jeff Teague,1610612754,Indiana Pacers,3,4,38,Missed Shot,Layup Shot,2PT Field Goal,Restricted Area,Center(C),Less Than 8 ft.,0.0,-7.0,3.0,1,0,20161103,MIL,IND
Shot Chart Detail,0021600066,368,201952,Jeff Teague,1610612754,Indiana Pacers,3,4,11,Made Shot,Driving Dunk Shot,2PT Field Goal,Restricted Area,Center(C),Less Than 8 ft.,0.0,0.0,1.0,1,1,20161103,MIL,IND
Shot Chart Detail,0021600066,512,201952,Jeff Teague,1610612754,Indiana Pacers,4,3,33,Missed Shot,Jump Shot,3PT Field Goal,Above the Break 3,Left Side Center(LC),24+ ft.,26.0,-205.0,169.0,1,0,20161103,MIL,IND
Shot Chart Detail,0021600066,514,201952,Jeff Teague,1610612754,Indiana Pacers,4,3,24,Missed Shot,Putback Layup Shot,2PT Field Goal,Restricted Area,Center(C),Less Than 8 ft.,1.0,-9.0,7.0,1,0,20161103,MIL,IND
Shot Chart Detail,0021600083,4,201952,Jeff Teague,1610612754,Indiana Pacers,1,10,59,Missed Shot,Pullup Jump shot,2PT Field Goal,Mid-Range,Left Side Center(LC),16-24 ft.,16.0,-53.0,156.0,1,0,20161105,IND,CHI
Shot Chart Detail,0021600083,20,201952,Jeff Teague,1610612754,Indiana Pacers,1,9,7,Made Shot,Pullup Jump shot,2PT Field Goal,Mid-Range,Left Side(L),16-24 ft.,21.0,-179.0,110.0,1,1,20161105,IND,CHI
Shot Chart Detail,0021600083,60,201952,Jeff Teague,1610612754,Indiana Pacers,1,4,44,Missed Shot,Jump Shot,2PT Field Goal,In The Paint (Non-RA),Center(C),8-16 ft.,12.0,-4.0,124.0,1,0,20161105,IND,CHI
Shot Chart Detail,0021600083,76,201952,Jeff Teague,1610612754,Indiana Pacers,1,2,55,Made Shot,Jump Shot,3PT Field Goal,Above the Break 3,Right Side Center(RC),24+ ft.,25.0,91.0,237.0,1,1,20161105,IND,CHI
Shot Chart Detail,0021600083,205,201952,Jeff Teague,1610612754,Indiana Pacers,2,4,25,Made Shot,Pullup Jump shot,2PT Field Goal,Mid-Range,Left Side(L),8-16 ft.,15.0,-142.0,52.0,1,1,20161105,IND,CHI
Shot Chart Detail,0021600083,216,201952,Jeff Teague,1610612754,Indiana Pacers,2,2,30,Missed Shot,Jump Shot,3PT Field Goal,Above the Break 3,Left Side Center(LC),24+ ft.,25.0,-124.0,224.0,1,0,20161105,IND,CHI
Shot Chart Detail,0021600083,262,201952,Jeff Teague,1610612754,Indiana Pacers,3,10,37,Missed Shot,Jump Shot,3PT Field Goal,Above the Break 3,Center(C),24+ ft.,25.0,20.0,252.0,1,0,20161105,IND,CHI
Shot Chart Detail,0021600083,286,201952,Jeff Teague,1610612754,Indiana Pacers,3,8,26,Made Shot,Jump Shot,2PT Field Goal,Mid-Range,Left Side Center(LC),16-24 ft.,18.0,-115.0,144.0,1,1,20161105,IND,CHI
Shot Chart Detail,0021600083,307,201952,Jeff Teague,1610612754,Indiana Pacers,3,4,43,Made Shot,Driving Layup Shot,2PT Field Goal,Restricted Area,Center(C),Less Than 8 ft.,3.0,-32.0,11.0,1,1,20161105,IND,CHI
Shot Chart Detail,0021600083,313,201952,Jeff Teague,1610612754,Indiana Pacers,3,4,5,Made Shot,Jump Shot,3PT Field Goal,,,,,,,1,1,20161105,IND,CHI
Shot Chart Detail,0021600083,315,201952,Jeff Teague,1610612754,Indiana Pacers,3,3,27,Missed Shot,Driving Layup Shot,2PT Field Goal,Restricted Area,Center(C),Less Than 8 ft.,2.0,25.0,7.0,1,0,20161105,IND,CHI
Shot Chart Detail,0021600083,334,201952,Jeff Teague,1610612754,Indiana Pacers,3,1,55,Made Shot,Driving Finger Roll Layup Shot,2PT Field Goal,In The Paint (Non-RA),Center(C),Less Than 8 ft.,4.0,38.0,23.0,1,1,20161105,IND,CHI
Shot Chart Detail,0021600083,441,201952,Jeff Teague,1610612754,Indiana Pacers,4,4,35,Made Shot,Driving Finger Roll Layup Shot,2PT Field Goal,Restricted Area,Center(C),Less Than 8 ft.,1.0,1.0,16.0,1,1,20161105,IND,CHI
Shot Chart Detail,0021600083,450,201952,Jeff Teague,1610612754,Indiana Pacers,4,3,35,Made Shot,Jump Shot,3PT Field Goal,Left Corner 3,Left Side(L),24+ ft.,25.0,-250.0,2.0,1,1,20161105,IND,CHI
Shot Chart Detail,0021600095,4,201952,Jeff Teague,1610612754,Indiana Pacers,1,11,15,Made Shot,Jump Shot,3PT Field Goal,Above the Break 3,Center(C),24+ ft.,24.0,66.0,239.0,1,1,20161107,CHA,IND
Shot Chart Detail,0021600095,65,201952,Jeff Teague,1610612754,Indiana Pacers,1,4,57,Missed Shot,Layup Shot,2PT Field Goal,Restricted Area,Center(C),Less Than 8 ft.,0.0,1.0,0.0,1,0,20161107,CHA,IND
Shot Chart Detail,0021600095,85,201952,Jeff Teague,1610612754,Indiana Pacers,1,3,11,Missed Shot,Layup Shot,2PT Field Goal,Restricted Area,Center(C),Less Than 8 ft.,1.0,4.0,16.0,1,0,20161107,CHA,IND
Shot Chart Detail,0021600095,198,201952,Jeff Teague,1610612754,Indiana Pacers,2,5,49,Made Shot,Running Layup Shot,2PT Field Goal,Restricted Area,Center(C),Less Than 8 ft.,0.0,-6.0,3.0,1,1,20161107,CHA,IND
Shot Chart Detail,0021600095,204,201952,Jeff Teague,1610612754,Indiana Pacers,2,4,52,Missed Shot,Jump Shot,2PT Field Goal,In The Paint (Non-RA),Center(C),8-16 ft.,13.0,-52.0,124.0,1,0,20161107,CHA,IND
Shot Chart Detail,0021600095,243,201952,Jeff Teague,1610612754,Indiana Pacers,2,2,38,Missed Shot,Pullup Jump shot,3PT Field Goal,Above the Break 3,Center(C),24+ ft.,24.0,63.0,237.0,1,0,20161107,CHA,IND
Shot Chart Detail,0021600095,246,201952,Jeff Teague,1610612754,Indiana Pacers,2,2,5,Missed Shot,Jump Shot,3PT Field Goal,Right Corner 3,Right Side(R),24+ ft.,23.0,235.0,16.0,1,0,20161107,CHA,IND
Shot Chart Detail,0021600095,262,201952,Jeff Teague,1610612754,Indiana Pacers,2,1,22,Made Shot,Pullup Jump shot,2PT Field Goal,Mid-Range,Left Side Center(LC),16-24 ft.,17.0,-70.0,160.0,1,1,20161107,CHA,IND
Shot Chart Detail,0021600110,56,201952,Jeff Teague,1610612754,Indiana Pacers,1,5,33,Made Shot,Running Layup Shot,2PT Field Goal,Restricted Area,Center(C),Less Than 8 ft.,1.0,-16.0,-1.0,1,1,20161109,IND,PHI
Shot Chart Detail,0021600110,87,201952,Jeff Teague,1610612754,Indiana Pacers,1,3,1,Missed Shot,Jump Shot,3PT Field Goal,Above the Break 3,Right Side Center(RC),24+ ft.,25.0,107.0,234.0,1,0,20161109,IND,PHI
Shot Chart Detail,0021600110,183,201952,Jeff Teague,1610612754,Indiana Pacers,2,6,25,Made Shot,Pullup Jump shot,2PT Field Goal,In The Paint (Non-RA),Center(C),Less Than 8 ft.,4.0,-1.0,46.0,1,1,20161109,IND,PHI
Shot Chart Detail,0021600110,187,201952,Jeff Teague,1610612754,Indiana Pacers,2,5,52,Made Shot,Jump Shot,2PT Field Goal,In The Paint (Non-RA),Center(C),Less Than 8 ft.,6.0,6.0,65.0,1,1,20161109,IND,PHI
Shot Chart Detail,0021600110,198,201952,Jeff Teague,1610612754,Indiana Pacers,2,5,11,Missed Shot,Jump Shot,2PT Field Goal,Mid-Range,Left Side Center(LC),16-24 ft.,18.0,-110.0,146.0,1,0,20161109,IND,PHI
Shot Chart Detail,0021600110,209,201952,Jeff Teague,1610612754,Indiana Pacers,2,3,57,Made Shot,Pullup Jump shot,2PT Field Goal,Mid-Range,Right Side Center(RC),16-24 ft.,16.0,63.0,149.0,1,1,20161109,IND,PHI
Shot Chart Detail,0021600110,261,201952,Jeff Teague,1610612754,Indiana Pacers,3,11,30,Made Shot,Cutting Layup Shot,2PT Field Goal,Restricted Area,Center(C),Less Than 8 ft.,0.0,1.0,7.0,1,1,20161109,IND,PHI
Shot Chart Detail,0021600110,324,201952,Jeff Teague,1610612754,Indiana Pacers,3,4,28,Made Shot,Layup Shot,2PT Field Goal,Restricted Area,Center(C),Less Than 8 ft.,3.0,17.0,26.0,1,1,20161109,IND,PHI
Shot Chart Detail,0021600110,330,201952,Jeff Teague,1610612754,Indiana Pacers,3,3,23,Made Shot,Driving Finger Roll Layup Shot,2PT Field Goal,Restricted Area,Center(C),Less Than 8 ft.,3.0,-2.0,31.0,1,1,20161109,IND,PHI
Shot Chart Detail,0021600110,353,201952,Jeff Teague,1610612754,Indiana Pacers,3,0,34,Missed Shot,Layup Shot,2PT Field Goal,Restricted Area,Center(C),Less Than 8 ft.,1.0,14.0,7.0,1,0,20161109,IND,PHI
Shot Chart Detail,0021600110,438,201952,Jeff Teague,1610612754,Indiana Pacers,4,3,6,Missed Shot,Jump Shot,3PT Field Goal,Above the Break 3,Left Side Center(LC),24+ ft.,26.0,-112.0,237.0,1,0,20161109,IND,PHI
Shot Chart Detail,0021600110,448,201952,Jeff Teague,1610612754,Indiana Pacers,4,2,34,Made Shot,Driving Finger Roll Layup Shot,2PT Field Goal,Restricted Area,Center(C),Less Than 8 ft.,1.0,14.0,11.0,1,1,20161109,IND,PHI
Shot Chart Detail,0021600110,462,201952,Jeff Teague,1610612754,Indiana Pacers,4,1,2,Made Shot,Pullup Jump shot,3PT Field Goal,Above the Break 3,Right Side Center(RC),24+ ft.,25.0,114.0,228.0,1,1,20161109,IND,PHI
Shot Chart Detail,0021600110,470,201952,Jeff Teague,1610612754,Indiana Pacers,4,0,30,Made Shot,Driving Floating Jump Shot,2PT Field Goal,In The Paint (Non-RA),Center(C),Less Than 8 ft.,5.0,38.0,36.0,1,1,20161109,IND,PHI
Shot Chart Detail,0021600110,501,201952,Jeff Teague,1610612754,Indiana Pacers,5,3,13,Missed Shot,Jump Shot,2PT Field Goal,Mid-Range,Right Side(R),8-16 ft.,8.0,81.0,16.0,1,0,20161109,IND,PHI
Shot Chart Detail,0021600110,511,201952,Jeff Teague,1610612754,Indiana Pacers,5,2,46,Missed Shot,Driving Layup Shot,2PT Field Goal,Restricted Area,Center(C),Less Than 8 ft.,0.0,-6.0,7.0,1,0,20161109,IND,PHI
Shot Chart Detail,0021600121,23,201952,Jeff Teague,1610612754,Indiana Pacers,1,9,55,Missed Shot,Jump Shot,3PT Field Goal,Above the Break 3,Center(C),24+ ft.,25.0,-50.0,247.0,1,0,20161111,PHI,IND
Shot Chart Detail,0021600121,49,201952,Jeff Teague,1610612754,Indiana Pacers,1,6,57,Made Shot,Driving Layup Shot,2PT Field Goal,Restricted Area,Center(C),Less Than 8 ft.,2.0,-20.0,-1.0,1,1,20161111,PHI,IND
Shot Chart Detail,0021600121,242,201952,Jeff Teague,1610612754,Indiana Pacers,2,1,55,Made Shot,Driving Floating Jump Shot,2PT Field Goal,In The Paint (Non-RA),Center(C),Less Than 8 ft.,7.0,35.0,65.0,1,1,20161111,PHI,IND
Shot Chart Detail,0021600121,244,201952,Jeff Teague,1610612754,Indiana Pacers,2,1,34,Made Shot,Pullup Jump shot,2PT Field Goal,In The Paint (Non-RA),Center(C),Less Than 8 ft.,7.0,-45.0,61.0,1,1,20161111,PHI,IND
Shot Chart Detail,0021600121,246,201952,Jeff Teague,1610612754,Indiana Pacers,2,1,2,Missed Shot,Layup Shot,2PT Field Goal,Restricted Area,Center(C),Less Than 8 ft.,2.0,27.0,3.0,1,0,20161111,PHI,IND
Shot Chart Detail,0021600121,254,201952,Jeff Teague,1610612754,Indiana Pacers,2,0,8,Missed Shot,Jump Shot,3PT Field Goal,Above the Break 3,Left Side Center(LC),24+ ft.,27.0,-135.0,237.0,1,0,20161111,PHI,IND
Shot Chart Detail,0021600121,312,201952,Jeff Teague,1610612754,Indiana Pacers,3,6,17,Missed Shot,Layup Shot,2PT Field Goal,Restricted Area,Center(C),Less Than 8 ft.,1.0,9.0,11.0,1,0,20161111,PHI,IND
Shot Chart Detail,0021600121,500,201952,Jeff Teague,1610612754,Indiana Pacers,4,2,56,Made Shot,Jump Shot,3PT Field Goal,Above the Break 3,Left Side Center(LC),24+ ft.,25.0,-130.0,223.0,1,1,20161111,PHI,IND
Shot Chart Detail,0021600121,514,201952,Jeff Teague,1610612754,Indiana Pacers,4,1,32,Made Shot,Step Back Jump shot,2PT Field Goal,In The Paint (Non-RA),Center(C),8-16 ft.,10.0,-6.0,105.0,1,1,20161111,PHI,IND
Shot Chart Detail,0021600121,617,201952,Jeff Teague,1610612754,Indiana Pacers,5,0,1,Missed Shot,Jump Shot,3PT Field Goal,Above the Break 3,Center(C),24+ ft.,25.0,-43.0,249.0,1,0,20161111,PHI,IND
Shot Chart Detail,0021600130,7,201952,Jeff Teague,1610612754,Indiana Pacers,1,10,47,Missed Shot,Hook Shot,2PT Field Goal,In The Paint (Non-RA),Center(C),Less Than 8 ft.,7.0,-73.0,31.0,1,0,20161112,IND,BOS
Shot Chart Detail,0021600130,19,201952,Jeff Teague,1610612754,Indiana Pacers,1,9,57,Made Shot,Step Back Jump shot,2PT Field Goal,Mid-Range,Left Side(L),16-24 ft.,16.0,-168.0,2.0,1,1,20161112,IND,BOS
Shot Chart Detail,0021600130,62,201952,Jeff Teague,1610612754,Indiana Pacers,1,5,35,Made Shot,Driving Floating Jump Shot,2PT Field Goal,In The Paint (Non-RA),Center(C),Less Than 8 ft.,4.0,-1.0,46.0,1,1,20161112,IND,BOS
Shot Chart Detail,0021600130,87,201952,Jeff Teague,1610612754,Indiana Pacers,1,3,2,Made Shot,Jump Shot,3PT Field Goal,Above the Break 3,Center(C),24+ ft.,24.0,30.0,247.0,1,1,20161112,IND,BOS
Shot Chart Detail,0021600130,178,201952,Jeff Teague,1610612754,Indiana Pacers,2,5,28,Missed Shot,Layup Shot,2PT Field Goal,Restricted Area,Center(C),Less Than 8 ft.,2.0,19.0,16.0,1,0,20161112,IND,BOS
Shot Chart Detail,0021600130,182,201952,Jeff Teague,1610612754,Indiana Pacers,2,5,6,Made Shot,Running Layup Shot,2PT Field Goal,Restricted Area,Center(C),Less Than 8 ft.,2.0,-19.0,23.0,1,1,20161112,IND,BOS
Shot Chart Detail,0021600130,217,201952,Jeff Teague,1610612754,Indiana Pacers,2,3,1,Missed Shot,Jump Shot,3PT Field Goal,Above the Break 3,Left Side Center(LC),24+ ft.,24.0,-119.0,218.0,1,0,20161112,IND,BOS
Shot Chart Detail,0021600130,226,201952,Jeff Teague,1610612754,Indiana Pacers,2,1,29,Missed Shot,Jump Shot,2PT Field Goal,Mid-Range,Center(C),8-16 ft.,14.0,-37.0,139.0,1,0,20161112,IND,BOS
Shot Chart Detail,0021600130,342,201952,Jeff Teague,1610612754,Indiana Pacers,3,5,47,Missed Shot,Driving Layup Shot,2PT Field Goal,Restricted Area,Center(C),Less Than 8 ft.,1.0,-12.0,14.0,1,0,20161112,IND,BOS
Shot Chart Detail,0021600130,369,201952,Jeff Teague,1610612754,Indiana Pacers,3,2,56,Missed Shot,Jump Shot,2PT Field Goal,Restricted Area,Center(C),Less Than 8 ft.,3.0,-30.0,23.0,1,0,20161112,IND,BOS
Shot Chart Detail,0021600130,425,201952,Jeff Teague,1610612754,Indiana Pacers,4,11,21,Missed Shot,Jump Shot,3PT Field Goal,Above the Break 3,Right Side Center(RC),24+ ft.,24.0,120.0,213.0,1,0,20161112,IND,BOS
Shot Chart Detail,0021600130,431,201952,Jeff Teague,1610612754,Indiana Pacers,4,10,35,Missed Shot,Driving Floating Jump Shot,2PT Field Goal,In The Paint (Non-RA),Center(C),8-16 ft.,10.0,-38.0,95.0,1,0,20161112,IND,BOS
Shot Chart Detail,0021600130,465,201952,Jeff Teague,1610612754,Indiana Pacers,4,7,17,Missed Shot,Jump Shot,2PT Field Goal,In The Paint (Non-RA),Center(C),Less Than 8 ft.,6.0,-27.0,57.0,1,0,20161112,IND,BOS
Shot Chart Detail,0021600130,469,201952,Jeff Teague,1610612754,Indiana Pacers,4,6,42,Missed Shot,Pullup Jump shot,3PT Field Goal,Above the Break 3,Left Side Center(LC),24+ ft.,26.0,-174.0,205.0,1,0,20161112,IND,BOS
Shot Chart Detail,0021600130,483,201952,Jeff Teague,1610612754,Indiana Pacers,4,5,44,Missed Shot,Running Jump Shot,2PT Field Goal,In The Paint (Non-RA),Center(C),Less Than 8 ft.,6.0,-14.0,62.0,1,0,20161112,IND,BOS
Shot Chart Detail,0021600145,15,201952,Jeff Teague,1610612754,Indiana Pacers,1,10,2,Missed Shot,Jump Shot,3PT Field Goal,Above the Break 3,Right Side Center(RC),24+ ft.,25.0,112.0,232.0,1,0,20161114,IND,ORL
Shot Chart Detail,0021600145,174,201952,Jeff Teague,1610612754,Indiana Pacers,2,3,58,Made Shot,Jump Shot,3PT Field Goal,Above the Break 3,Left Side Center(LC),24+ ft.,25.0,-207.0,149.0,1,1,20161114,IND,ORL
Shot Chart Detail,0021600145,178,201952,Jeff Teague,1610612754,Indiana Pacers,2,3,20,Missed Shot,Jump Shot,3PT Field Goal,Above the Break 3,Center(C),24+ ft.,26.0,-66.0,257.0,1,0,20161114,IND,ORL
Shot Chart Detail,0021600145,195,201952,Jeff Teague,1610612754,Indiana Pacers,2,2,6,Missed Shot,Running Jump Shot,2PT Field Goal,Mid-Range,Left Side(L),8-16 ft.,11.0,-110.0,2.0,1,0,20161114,IND,ORL
Shot Chart Detail,0021600145,219,201952,Jeff Teague,1610612754,Indiana Pacers,2,0,4,Missed Shot,Finger Roll Layup Shot,2PT Field Goal,Restricted Area,Center(C),Less Than 8 ft.,0.0,0.0,-1.0,1,0,20161114,IND,ORL
Shot Chart Detail,0021600145,276,201952,Jeff Teague,1610612754,Indiana Pacers,3,6,36,Made Shot,Layup Shot,2PT Field Goal,Restricted Area,Center(C),Less Than 8 ft.,0.0,2.0,-5.0,1,1,20161114,IND,ORL
Shot Chart Detail,0021600145,301,201952,Jeff Teague,1610612754,Indiana Pacers,3,4,13,Made Shot,Running Dunk Shot,2PT Field Goal,Restricted Area,Center(C),Less Than 8 ft.,0.0,0.0,1.0,1,1,20161114,IND,ORL
Shot Chart Detail,0021600145,421,201952,Jeff Teague,1610612754,Indiana Pacers,4,5,18,Made Shot,Floating Jump shot,2PT Field Goal,Restricted Area,Center(C),Less Than 8 ft.,2.0,1.0,28.0,1,1,20161114,IND,ORL
Shot Chart Detail,0021600145,432,201952,Jeff Teague,1610612754,Indiana Pacers,4,4,19,Missed Shot,Driving Floating Jump Shot,2PT Field Goal,In The Paint (Non-RA),Center(C),8-16 ft.,8.0,19.0,85.0,1,0,20161114,IND,ORL
Shot Chart Detail,0021600160,37,201952,Jeff Teague,1610612754,Indiana Pacers,1,6,58,Made Shot,Step Back Jump shot,3PT Field Goal,Above the Break 3,Left Side Center(LC),24+ ft.,25.0,-140.0,214.0,1,1,20161116,IND,CLE
Shot Chart Detail,0021600160,81,201952,Jeff Teague,1610612754,Indiana Pacers,1,2,55,Missed Shot,Jump Shot,2PT Field Goal,In The Paint (Non-RA),Center(C),8-16 ft.,8.0,33.0,82.0,1,0,20161116,IND,CLE
Shot Chart Detail,0021600160,162,201952,Jeff Teague,1610612754,Indiana Pacers,2,7,20,Missed Shot,Jump Shot,3PT Field Goal,Left Corner 3,Left Side(L),24+ ft.,23.0,-235.0,-6.0,1,0,20161116,IND,CLE
Shot Chart Detail,0021600160,165,201952,Jeff Teague,1610612754,Indiana Pacers,2,6,51,Made Shot,Jump Shot,3PT Field Goal,Above the Break 3,Left Side Center(LC),24+ ft.,26.0,-142.0,223.0,1,1,20161116,IND,CLE
Shot Chart Detail,0021600160,167,201952,Jeff Teague,1610612754,Indiana Pacers,2,6,11,Made Shot,Pullup Jump shot,2PT Field Goal,Mid-Range,Right Side Center(RC),16-24 ft.,16.0,130.0,101.0,1,1,20161116,IND,CLE
Shot Chart Detail,0021600160,180,201952,Jeff Teague,1610612754,Indiana Pacers,2,5,18,Made Shot,Running Finger Roll Layup Shot,2PT Field Goal,Restricted Area,Center(C),Less Than 8 ft.,0.0,1.0,3.0,1,1,20161116,IND,CLE
Shot Chart Detail,0021600160,183,201952,Jeff Teague,1610612754,Indiana Pacers,2,4,56,Missed Shot,Layup Shot,2PT Field Goal,Restricted Area,Center(C),Less Than 8 ft.,0.0,4.0,7.0,1,0,20161116,IND,CLE
Shot Chart Detail,0021600160,243,201952,Jeff Teague,1610612754,Indiana Pacers,3,11,21,Made Shot,Driving Finger Roll Layup Shot,2PT Field Goal,Restricted Area,Center(C),Less Than 8 ft.,0.0,6.0,3.0,1,1,20161116,IND,CLE
Shot Chart Detail,0021600160,278,201952,Jeff Teague,1610612754,Indiana Pacers,3,7,22,Missed Shot,Floating Jump shot,2PT Field Goal,In The Paint (Non-RA),Center(C),8-16 ft.,9.0,32.0,92.0,1,0,20161116,IND,CLE
Shot Chart Detail,0021600160,329,201952,Jeff Teague,1610612754,Indiana Pacers,3,3,24,Made Shot,Driving Finger Roll Layup Shot,2PT Field Goal,Restricted Area,Center(C),Less Than 8 ft.,1.0,6.0,8.0,1,1,20161116,IND,CLE
Shot Chart Detail,0021600160,408,201952,Jeff Teague,1610612754,Indiana Pacers,4,6,56,Made Shot,Pullup Jump shot,2PT Field Goal,Mid-Range,Center(C),16-24 ft.,17.0,-7.0,178.0,1,1,20161116,IND,CLE
Shot Chart Detail,0021600160,447,201952,Jeff Teague,1610612754,Indiana Pacers,4,2,41,Missed Shot,Jump Shot,3PT Field Goal,Above the Break 3,Right Side Center(RC),24+ ft.,26.0,199.0,178.0,1,0,20161116,IND,CLE
Shot Chart Detail,0021600176,16,201952,Jeff Teague,1610612754,Indiana Pacers,1,10,10,Made Shot,Driving Floating Jump Shot,2PT Field Goal,Restricted Area,Center(C),Less Than 8 ft.,3.0,1.0,31.0,1,1,20161118,IND,PHX
Shot Chart Detail,0021600176,25,201952,Jeff Teague,1610612754,Indiana Pacers,1,8,8,Made Shot,Driving Floating Jump Shot,2PT Field Goal,In The Paint (Non-RA),Center(C),Less Than 8 ft.,5.0,-6.0,51.0,1,1,20161118,IND,PHX
Shot Chart Detail,0021600176,38,201952,Jeff Teague,1610612754,Indiana Pacers,1,6,36,Missed Shot,Jump Shot,3PT Field Goal,Above the Break 3,Left Side Center(LC),24+ ft.,25.0,-124.0,228.0,1,0,20161118,IND,PHX
Shot Chart Detail,0021600176,68,201952,Jeff Teague,1610612754,Indiana Pacers,1,3,55,Missed Shot,Running Jump Shot,2PT Field Goal,Restricted Area,Center(C),Less Than 8 ft.,3.0,-1.0,33.0,1,0,20161118,IND,PHX
Shot Chart Detail,0021600176,149,201952,Jeff Teague,1610612754,Indiana Pacers,2,7,33,Made Shot,Pullup Bank shot,2PT Field Goal,Mid-Range,Left Side Center(LC),16-24 ft.,18.0,-83.0,170.0,1,1,20161118,IND,PHX
Shot Chart Detail,0021600176,206,201952,Jeff Teague,1610612754,Indiana Pacers,2,2,2,Made Shot,Layup Shot,2PT Field Goal,Restricted Area,Center(C),Less Than 8 ft.,2.0,-17.0,16.0,1,1,20161118,IND,PHX
Shot Chart Detail,0021600176,262,201952,Jeff Teague,1610612754,Indiana Pacers,3,10,52,Made Shot,Pullup Jump shot,2PT Field Goal,Mid-Range,Right Side(R),8-16 ft.,10.0,102.0,16.0,1,1,20161118,IND,PHX
Shot Chart Detail,0021600176,377,201952,Jeff Teague,1610612754,Indiana Pacers,3,2,59,Missed Shot,Jump Shot,3PT Field Goal,Above the Break 3,Left Side Center(LC),24+ ft.,25.0,-124.0,228.0,1,0,20161118,IND,PHX
Shot Chart Detail,0021600176,465,201952,Jeff Teague,1610612754,Indiana Pacers,4,8,12,Made Shot,Driving Layup Shot,2PT Field Goal,Restricted Area,Center(C),Less Than 8 ft.,1.0,-11.0,11.0,1,1,20161118,IND,PHX
Shot Chart Detail,0021600176,497,201952,Jeff Teague,1610612754,Indiana Pacers,4,3,42,Missed Shot,Driving Layup Shot,2PT Field Goal,Restricted Area,Center(C),Less Than 8 ft.,0.0,4.0,2.0,1,0,20161118,IND,PHX
Shot Chart Detail,0021600195,3,201952,Jeff Teague,1610612754,Indiana Pacers,1,11,26,Made Shot,Cutting Layup Shot,2PT Field Goal,Restricted Area,Center(C),Less Than 8 ft.,1.0,-11.0,2.0,1,1,20161120,OKC,IND
Shot Chart Detail,0021600195,8,201952,Jeff Teague,1610612754,Indiana Pacers,1,10,57,Missed Shot,Floating Jump shot,2PT Field Goal,In The Paint (Non-RA),Center(C),Less Than 8 ft.,4.0,-9.0,41.0,1,0,20161120,OKC,IND
Shot Chart Detail,0021600195,11,201952,Jeff Teague,1610612754,Indiana Pacers,1,10,46,Made Shot,Driving Layup Shot,2PT Field Goal,Restricted Area,Center(C),Less Than 8 ft.,0.0,-2.0,0.0,1,1,20161120,OKC,IND
Shot Chart Detail,0021600195,24,201952,Jeff Teague,1610612754,Indiana Pacers,1,9,26,Made Shot,Jump Shot,3PT Field Goal,Above the Break 3,Right Side Center(RC),24+ ft.,24.0,141.0,203.0,1,1,20161120,OKC,IND
Shot Chart Detail,0021600195,65,201952,Jeff Teague,1610612754,Indiana Pacers,1,4,24,Missed Shot,Floating Jump shot,2PT Field Goal,Mid-Range,Right Side(R),8-16 ft.,9.0,87.0,33.0,1,0,20161120,OKC,IND
Shot Chart Detail,0021600195,168,201952,Jeff Teague,1610612754,Indiana Pacers,2,6,43,Missed Shot,Jump Shot,2PT Field Goal,In The Paint (Non-RA),Center(C),Less Than 8 ft.,7.0,-76.0,11.0,1,0,20161120,OKC,IND
Shot Chart Detail,0021600195,209,201952,Jeff Teague,1610612754,Indiana Pacers,2,3,22,Made Shot,Turnaround Fadeaway shot,2PT Field Goal,In The Paint (Non-RA),Center(C),Less Than 8 ft.,6.0,42.0,47.0,1,1,20161120,OKC,IND
Shot Chart Detail,0021600195,239,201952,Jeff Teague,1610612754,Indiana Pacers,2,0,9,Missed Shot,Step Back Jump shot,3PT Field Goal,Above the Break 3,Left Side Center(LC),24+ ft.,24.0,-102.0,228.0,1,0,20161120,OKC,IND
Shot Chart Detail,0021600195,265,201952,Jeff Teague,1610612754,Indiana Pacers,3,10,9,Missed Shot,Layup Shot,2PT Field Goal,Restricted Area,Center(C),Less Than 8 ft.,2.0,-20.0,2.0,1,0,20161120,OKC,IND
Shot Chart Detail,0021600195,297,201952,Jeff Teague,1610612754,Indiana Pacers,3,7,7,Made Shot,Driving Layup Shot,2PT Field Goal,Restricted Area,Center(C),Less Than 8 ft.,1.0,1.0,13.0,1,1,20161120,OKC,IND
Shot Chart Detail,0021600195,317,201952,Jeff Teague,1610612754,Indiana Pacers,3,5,46,Made Shot,Step Back Jump shot,2PT Field Goal,Mid-Range,Right Side Center(RC),16-24 ft.,18.0,143.0,120.0,1,1,20161120,OKC,IND
Shot Chart Detail,0021600195,340,201952,Jeff Teague,1610612754,Indiana Pacers,3,4,7,Missed Shot,Driving Layup Shot,2PT Field Goal,Restricted Area,Center(C),Less Than 8 ft.,2.0,19.0,8.0,1,0,20161120,OKC,IND
Shot Chart Detail,0021600195,350,201952,Jeff Teague,1610612754,Indiana Pacers,3,3,5,Made Shot,Jump Shot,3PT Field Goal,Above the Break 3,Right Side Center(RC),24+ ft.,24.0,115.0,218.0,1,1,20161120,OKC,IND
Shot Chart Detail,0021600195,453,201952,Jeff Teague,1610612754,Indiana Pacers,4,5,32,Missed Shot,Driving Floating Jump Shot,2PT Field Goal,In The Paint (Non-RA),Center(C),Less Than 8 ft.,5.0,-6.0,56.0,1,0,20161120,OKC,IND
Shot Chart Detail,0021600195,569,201952,Jeff Teague,1610612754,Indiana Pacers,5,4,1,Made Shot,Jump Shot,3PT Field Goal,Above the Break 3,Left Side Center(LC),24+ ft.,24.0,-109.0,224.0,1,1,20161120,OKC,IND
Shot Chart Detail,0021600195,605,201952,Jeff Teague,1610612754,Indiana Pacers,5,1,9,Made Shot,Floating Jump shot,2PT Field Goal,In The Paint (Non-RA),Center(C),Less Than 8 ft.,6.0,32.0,52.0,1,1,20161120,OKC,IND
Shot Chart Detail,0021600202,8,201952,Jeff Teague,1610612754,Indiana Pacers,1,11,2,Made Shot,Floating Jump shot,2PT Field Goal,Mid-Range,Left Side(L),8-16 ft.,13.0,-97.0,95.0,1,1,20161121,IND,GSW
Shot Chart Detail,0021600202,32,201952,Jeff Teague,1610612754,Indiana Pacers,1,7,51,Missed Shot,Jump Shot,3PT Field Goal,Above the Break 3,Center(C),24+ ft.,27.0,-11.0,277.0,1,0,20161121,IND,GSW
Shot Chart Detail,0021600202,42,201952,Jeff Teague,1610612754,Indiana Pacers,1,7,6,Missed Shot,Driving Finger Roll Layup Shot,2PT Field Goal,Restricted Area,Center(C),Less Than 8 ft.,2.0,-7.0,26.0,1,0,20161121,IND,GSW
Shot Chart Detail,0021600202,63,201952,Jeff Teague,1610612754,Indiana Pacers,1,5,35,Missed Shot,Pullup Jump shot,2PT Field Goal,Mid-Range,Right Side(R),8-16 ft.,12.0,114.0,62.0,1,0,20161121,IND,GSW
Shot Chart Detail,0021600202,78,201952,Jeff Teague,1610612754,Indiana Pacers,1,4,0,Made Shot,Running Finger Roll Layup Shot,2PT Field Goal,Restricted Area,Center(C),Less Than 8 ft.,1.0,1.0,11.0,1,1,20161121,IND,GSW
Shot Chart Detail,0021600202,81,201952,Jeff Teague,1610612754,Indiana Pacers,1,3,37,Missed Shot,Reverse Layup Shot,2PT Field Goal,Restricted Area,Center(C),Less Than 8 ft.,0.0,2.0,-1.0,1,0,20161121,IND,GSW
Shot Chart Detail,0021600202,100,201952,Jeff Teague,1610612754,Indiana Pacers,1,1,44,Missed Shot,Running Jump Shot,2PT Field Goal,In The Paint (Non-RA),Center(C),8-16 ft.,8.0,-7.0,85.0,1,0,20161121,IND,GSW
Shot Chart Detail,0021600202,102,201952,Jeff Teague,1610612754,Indiana Pacers,1,1,41,Made Shot,Floating Jump shot,2PT Field Goal,In The Paint (Non-RA),Center(C),Less Than 8 ft.,4.0,-35.0,23.0,1,1,20161121,IND,GSW
Shot Chart Detail,0021600202,104,201952,Jeff Teague,1610612754,Indiana Pacers,1,1,20,Missed Shot,Reverse Layup Shot,2PT Field Goal,Restricted Area,Center(C),Less Than 8 ft.,0.0,4.0,3.0,1,0,20161121,IND,GSW
Shot Chart Detail,0021600202,183,201952,Jeff Teague,1610612754,Indiana Pacers,2,7,29,Made Shot,Pullup Jump shot,2PT Field Goal,Mid-Range,Left Side(L),16-24 ft.,16.0,-138.0,90.0,1,1,20161121,IND,GSW
Shot Chart Detail,0021600202,220,201952,Jeff Teague,1610612754,Indiana Pacers,2,3,56,Made Shot,Driving Finger Roll Layup Shot,2PT Field Goal,Restricted Area,Center(C),Less Than 8 ft.,2.0,24.0,7.0,1,1,20161121,IND,GSW
Shot Chart Detail,0021600202,229,201952,Jeff Teague,1610612754,Indiana Pacers,2,2,51,Missed Shot,Driving Layup Shot,2PT Field Goal,Restricted Area,Center(C),Less Than 8 ft.,1.0,1.0,13.0,1,0,20161121,IND,GSW
Shot Chart Detail,0021600202,245,201952,Jeff Teague,1610612754,Indiana Pacers,2,1,46,Missed Shot,Jump Shot,3PT Field Goal,Above the Break 3,Left Side Center(LC),24+ ft.,27.0,-122.0,244.0,1,0,20161121,IND,GSW
Shot Chart Detail,0021600202,302,201952,Jeff Teague,1610612754,Indiana Pacers,3,8,45,Missed Shot,Jump Shot,3PT Field Goal,Above the Break 3,Left Side Center(LC),24+ ft.,27.0,-86.0,264.0,1,0,20161121,IND,GSW
Shot Chart Detail,0021600216,9,201952,Jeff Teague,1610612754,Indiana Pacers,1,10,34,Made Shot,Jump Shot,2PT Field Goal,Mid-Range,Left Side Center(LC),16-24 ft.,17.0,-120.0,126.0,1,1,20161123,IND,ATL
Shot Chart Detail,0021600216,23,201952,Jeff Teague,1610612754,Indiana Pacers,1,7,49,Missed Shot,Jump Shot,3PT Field Goal,Above the Break 3,Left Side Center(LC),24+ ft.,26.0,-125.0,232.0,1,0,20161123,IND,ATL
Shot Chart Detail,0021600216,40,201952,Jeff Teague,1610612754,Indiana Pacers,1,5,11,Missed Shot,Jump Shot,3PT Field Goal,Above the Break 3,Right Side Center(RC),24+ ft.,25.0,169.0,195.0,1,0,20161123,IND,ATL
Shot Chart Detail,0021600216,65,201952,Jeff Teague,1610612754,Indiana Pacers,1,2,21,Missed Shot,Jump Shot,3PT Field Goal,Above the Break 3,Center(C),24+ ft.,24.0,-37.0,244.0,1,0,20161123,IND,ATL
Shot Chart Detail,0021600216,189,201952,Jeff Teague,1610612754,Indiana Pacers,2,4,58,Missed Shot,Jump Shot,2PT Field Goal,Mid-Range,Right Side Center(RC),16-24 ft.,17.0,110.0,134.0,1,0,20161123,IND,ATL
Shot Chart Detail,0021600216,195,201952,Jeff Teague,1610612754,Indiana Pacers,2,4,40,Made Shot,Driving Layup Shot,2PT Field Goal,Restricted Area,Center(C),Less Than 8 ft.,0.0,2.0,7.0,1,1,20161123,IND,ATL
Shot Chart Detail,0021600216,276,201952,Jeff Teague,1610612754,Indiana Pacers,3,10,6,Missed Shot,Jump Shot,3PT Field Goal,Above the Break 3,Left Side Center(LC),24+ ft.,27.0,-142.0,232.0,1,0,20161123,IND,ATL
Shot Chart Detail,0021600216,406,201952,Jeff Teague,1610612754,Indiana Pacers,4,11,2,Missed Shot,Jump Shot,2PT Field Goal,Restricted Area,Center(C),Less Than 8 ft.,3.0,-11.0,31.0,1,0,20161123,IND,ATL
Shot Chart Detail,0021600216,422,201952,Jeff Teague,1610612754,Indiana Pacers,4,9,27,Missed Shot,Running Layup Shot,2PT Field Goal,In The Paint (Non-RA),Center(C),Less Than 8 ft.,4.0,-1.0,41.0,1,0,20161123,IND,ATL
Shot Chart Detail,0021600216,436,201952,Jeff Teague,1610612754,Indiana Pacers,4,8,17,Missed Shot,Floating Jump shot,2PT Field Goal,In The Paint (Non-RA),Center(C),Less Than 8 ft.,7.0,-6.0,70.0,1,0,20161123,IND,ATL
Shot Chart Detail,0021600216,441,201952,Jeff Teague,1610612754,Indiana Pacers,4,7,52,Made Shot,Floating Jump shot,2PT Field Goal,In The Paint (Non-RA),Center(C),8-16 ft.,8.0,-29.0,85.0,1,1,20161123,IND,ATL
Shot Chart Detail,0021600216,460,201952,Jeff Teague,1610612754,Indiana Pacers,4,6,14,Missed Shot,Driving Layup Shot,2PT Field Goal,Restricted Area,Center(C),Less Than 8 ft.,2.0,12.0,16.0,1,0,20161123,IND,ATL
Shot Chart Detail,0021600216,462,201952,Jeff Teague,1610612754,Indiana Pacers,4,6,7,Made Shot,Jump Shot,2PT Field Goal,Restricted Area,Center(C),Less Than 8 ft.,3.0,-30.0,3.0,1,1,20161123,IND,ATL
Shot Chart Detail,0021600216,495,201952,Jeff Teague,1610612754,Indiana Pacers,4,3,7,Made Shot,Floating Jump shot,2PT Field Goal,In The Paint (Non-RA),Center(C),Less Than 8 ft.,6.0,58.0,31.0,1,1,20161123,IND,ATL
Shot Chart Detail,0021600216,513,201952,Jeff Teague,1610612754,Indiana Pacers,4,0,55,Missed Shot,Jump Shot,3PT Field Goal,Above the Break 3,Center(C),24+ ft.,24.0,19.0,247.0,1,0,20161123,IND,ATL
Shot Chart Detail,0021600234,26,201952,Jeff Teague,1610612754,Indiana Pacers,1,9,14,Missed Shot,Jump Shot,2PT Field Goal,Mid-Range,Left Side(L),8-16 ft.,11.0,-106.0,41.0,1,0,20161125,IND,BKN
Shot Chart Detail,0021600234,41,201952,Jeff Teague,1610612754,Indiana Pacers,1,6,20,Missed Shot,Floating Jump shot,2PT Field Goal,In The Paint (Non-RA),Center(C),Less Than 8 ft.,7.0,-9.0,70.0,1,0,20161125,IND,BKN
Shot Chart Detail,0021600234,53,201952,Jeff Teague,1610612754,Indiana Pacers,1,5,37,Missed Shot,Jump Shot,2PT Field Goal,In The Paint (Non-RA),Center(C),Less Than 8 ft.,5.0,-55.0,23.0,1,0,20161125,IND,BKN
Shot Chart Detail,0021600234,165,201952,Jeff Teague,1610612754,Indiana Pacers,2,6,44,Made Shot,Pullup Jump shot,2PT Field Goal,Mid-Range,Right Side(R),16-24 ft.,16.0,156.0,36.0,1,1,20161125,IND,BKN
Shot Chart Detail,0021600234,167,201952,Jeff Teague,1610612754,Indiana Pacers,2,6,17,Made Shot,Step Back Jump shot,2PT Field Goal,In The Paint (Non-RA),Left Side(L),8-16 ft.,8.0,-63.0,51.0,1,1,20161125,IND,BKN
Shot Chart Detail,0021600234,193,201952,Jeff Teague,1610612754,Indiana Pacers,2,3,1,Missed Shot,Jump Shot,3PT Field Goal,Above the Break 3,Right Side Center(RC),24+ ft.,25.0,117.0,223.0,1,0,20161125,IND,BKN
Shot Chart Detail,0021600234,244,201952,Jeff Teague,1610612754,Indiana Pacers,3,10,20,Made Shot,Driving Finger Roll Layup Shot,2PT Field Goal,Restricted Area,Center(C),Less Than 8 ft.,3.0,-24.0,18.0,1,1,20161125,IND,BKN
Shot Chart Detail,0021600234,272,201952,Jeff Teague,1610612754,Indiana Pacers,3,7,22,Made Shot,Layup Shot,2PT Field Goal,Restricted Area,Center(C),Less Than 8 ft.,1.0,-16.0,3.0,1,1,20161125,IND,BKN
Shot Chart Detail,0021600249,38,201952,Jeff Teague,1610612754,Indiana Pacers,1,8,39,Missed Shot,Pullup Jump shot,2PT Field Goal,Mid-Range,Right Side(R),8-16 ft.,13.0,135.0,-1.0,1,0,20161127,IND,LAC
Shot Chart Detail,0021600249,52,201952,Jeff Teague,1610612754,Indiana Pacers,1,7,50,Missed Shot,Running Jump Shot,2PT Field Goal,In The Paint (Non-RA),Center(C),Less Than 8 ft.,8.0,0.0,80.0,1,0,20161127,IND,LAC
Shot Chart Detail,0021600249,79,201952,Jeff Teague,1610612754,Indiana Pacers,1,4,9,Missed Shot,Jump Shot,3PT Field Goal,Right Corner 3,Right Side(R),24+ ft.,24.0,241.0,-5.0,1,0,20161127,IND,LAC
Shot Chart Detail,0021600249,205,201952,Jeff Teague,1610612754,Indiana Pacers,2,4,27,Missed Shot,Driving Layup Shot,2PT Field Goal,Restricted Area,Center(C),Less Than 8 ft.,0.0,9.0,3.0,1,0,20161127,IND,LAC
Shot Chart Detail,0021600249,243,201952,Jeff Teague,1610612754,Indiana Pacers,3,11,48,Missed Shot,Jump Shot,3PT Field Goal,Above the Break 3,Left Side Center(LC),24+ ft.,24.0,-205.0,139.0,1,0,20161127,IND,LAC
Shot Chart Detail,0021600249,250,201952,Jeff Teague,1610612754,Indiana Pacers,3,11,9,Made Shot,Driving Finger Roll Layup Shot,2PT Field Goal,Restricted Area,Center(C),Less Than 8 ft.,1.0,-14.0,2.0,1,1,20161127,IND,LAC
Shot Chart Detail,0021600249,258,201952,Jeff Teague,1610612754,Indiana Pacers,3,10,10,Made Shot,Jump Shot,3PT Field Goal,Above the Break 3,Left Side Center(LC),24+ ft.,27.0,-138.0,239.0,1,1,20161127,IND,LAC
Shot Chart Detail,0021600249,434,201952,Jeff Teague,1610612754,Indiana Pacers,4,5,21,Made Shot,Driving Floating Jump Shot,2PT Field Goal,In The Paint (Non-RA),Center(C),8-16 ft.,13.0,-63.0,115.0,1,1,20161127,IND,LAC
Shot Chart Detail,0021600275,9,201952,Jeff Teague,1610612754,Indiana Pacers,1,11,6,Missed Shot,Jump Shot,2PT Field Goal,Mid-Range,Right Side(R),16-24 ft.,18.0,171.0,75.0,1,0,20161130,POR,IND
Shot Chart Detail,0021600275,24,201952,Jeff Teague,1610612754,Indiana Pacers,1,9,3,Missed Shot,Floating Jump shot,2PT Field Goal,In The Paint (Non-RA),Center(C),Less Than 8 ft.,7.0,-76.0,11.0,1,0,20161130,POR,IND
Shot Chart Detail,0021600275,36,201952,Jeff Teague,1610612754,Indiana Pacers,1,7,51,Missed Shot,Driving Layup Shot,2PT Field Goal,Restricted Area,Center(C),Less Than 8 ft.,0.0,4.0,3.0,1,0,20161130,POR,IND
Shot Chart Detail,0021600275,49,201952,Jeff Teague,1610612754,Indiana Pacers,1,6,4,Missed Shot,Layup Shot,2PT Field Goal,Restricted Area,Center(C),Less Than 8 ft.,0.0,4.0,7.0,1,0,20161130,POR,IND
Shot Chart Detail,0021600275,93,201952,Jeff Teague,1610612754,Indiana Pacers,1,2,27,Missed Shot,Pullup Jump shot,2PT Field Goal,In The Paint (Non-RA),Left Side(L),8-16 ft.,8.0,-58.0,56.0,1,0,20161130,POR,IND
Shot Chart Detail,0021600275,96,201952,Jeff Teague,1610612754,Indiana Pacers,1,2,3,Made Shot,Driving Floating Jump Shot,2PT Field Goal,In The Paint (Non-RA),Right Side(R),8-16 ft.,9.0,64.0,67.0,1,1,20161130,POR,IND
Shot Chart Detail,0021600275,184,201952,Jeff Teague,1610612754,Indiana Pacers,2,5,31,Made Shot,Jump Shot,3PT Field Goal,Above the Break 3,Center(C),24+ ft.,24.0,-16.0,242.0,1,1,20161130,POR,IND
Shot Chart Detail,0021600275,222,201952,Jeff Teague,1610612754,Indiana Pacers,2,1,56,Made Shot,Pullup Jump shot,2PT Field Goal,In The Paint (Non-RA),Left Side(L),8-16 ft.,14.0,-76.0,124.0,1,1,20161130,POR,IND
Shot Chart Detail,0021600275,252,201952,Jeff Teague,1610612754,Indiana Pacers,2,0,15,Made Shot,Driving Layup Shot,2PT Field Goal,Restricted Area,Center(C),Less Than 8 ft.,1.0,1.0,16.0,1,1,20161130,POR,IND
Shot Chart Detail,0021600275,265,201952,Jeff Teague,1610612754,Indiana Pacers,3,10,29,Made Shot,Step Back Jump shot,2PT Field Goal,Mid-Range,Center(C),16-24 ft.,20.0,0.0,200.0,1,1,20161130,POR,IND
Shot Chart Detail,0021600275,288,201952,Jeff Teague,1610612754,Indiana Pacers,3,7,44,Made Shot,Driving Floating Jump Shot,2PT Field Goal,In The Paint (Non-RA),Center(C),Less Than 8 ft.,4.0,-11.0,41.0,1,1,20161130,POR,IND
Shot Chart Detail,0021600275,413,201952,Jeff Teague,1610612754,Indiana Pacers,4,8,48,Made Shot,Driving Floating Bank Jump Shot,2PT Field Goal,In The Paint (Non-RA),Center(C),Less Than 8 ft.,7.0,63.0,36.0,1,1,20161130,POR,IND
Shot Chart Detail,0021600275,469,201952,Jeff Teague,1610612754,Indiana Pacers,4,3,14,Missed Shot,Jump Shot,3PT Field Goal,Above the Break 3,Right Side Center(RC),24+ ft.,24.0,96.0,228.0,1,0,20161130,POR,IND
Shot Chart Detail,0021600303,9,201952,Jeff Teague,1610612754,Indiana Pacers,1,10,44,Missed Shot,Floating Jump shot,2PT Field Goal,In The Paint (Non-RA),Center(C),Less Than 8 ft.,4.0,0.0,41.0,1,0,20161204,LAC,IND
Shot Chart Detail,0021600303,84,201952,Jeff Teague,1610612754,Indiana Pacers,1,3,39,Missed Shot,Jump Shot,2PT Field Goal,Mid-Range,Left Side(L),8-16 ft.,15.0,-156.0,8.0,1,0,20161204,LAC,IND
Shot Chart Detail,0021600303,87,201952,Jeff Teague,1610612754,Indiana Pacers,1,3,12,Missed Shot,Jump Shot,2PT Field Goal,Restricted Area,Center(C),Less Than 8 ft.,3.0,24.0,21.0,1,0,20161204,LAC,IND
Shot Chart Detail,0021600303,219,201952,Jeff Teague,1610612754,Indiana Pacers,2,4,21,Missed Shot,Floating Jump shot,2PT Field Goal,In The Paint (Non-RA),Center(C),Less Than 8 ft.,6.0,37.0,51.0,1,0,20161204,LAC,IND
Shot Chart Detail,0021600303,229,201952,Jeff Teague,1610612754,Indiana Pacers,2,3,21,Made Shot,Jump Shot,3PT Field Goal,Above the Break 3,Right Side Center(RC),24+ ft.,26.0,104.0,242.0,1,1,20161204,LAC,IND
Shot Chart Detail,0021600303,245,201952,Jeff Teague,1610612754,Indiana Pacers,2,1,26,Missed Shot,Layup Shot,2PT Field Goal,Restricted Area,Center(C),Less Than 8 ft.,2.0,-1.0,21.0,1,0,20161204,LAC,IND
Shot Chart Detail,0021600303,250,201952,Jeff Teague,1610612754,Indiana Pacers,2,0,53,Made Shot,Driving Layup Shot,2PT Field Goal,Restricted Area,Center(C),Less Than 8 ft.,2.0,22.0,18.0,1,1,20161204,LAC,IND
Shot Chart Detail,0021600303,316,201952,Jeff Teague,1610612754,Indiana Pacers,3,7,55,Made Shot,Driving Finger Roll Layup Shot,2PT Field Goal,Restricted Area,Center(C),Less Than 8 ft.,2.0,10.0,21.0,1,1,20161204,LAC,IND
Shot Chart Detail,0021600303,322,201952,Jeff Teague,1610612754,Indiana Pacers,3,6,58,Missed Shot,Floating Jump shot,2PT Field Goal,In The Paint (Non-RA),Left Side(L),8-16 ft.,9.0,-61.0,70.0,1,0,20161204,LAC,IND
Shot Chart Detail,0021600303,365,201952,Jeff Teague,1610612754,Indiana Pacers,3,2,59,Made Shot,Pullup Bank shot,2PT Field Goal,Restricted Area,Center(C),Less Than 8 ft.,3.0,-17.0,36.0,1,1,20161204,LAC,IND
Shot Chart Detail,0021600303,512,201952,Jeff Teague,1610612754,Indiana Pacers,4,3,38,Missed Shot,Floating Jump shot,2PT Field Goal,Restricted Area,Center(C),Less Than 8 ft.,3.0,-7.0,31.0,1,0,20161204,LAC,IND
Shot Chart Detail,0021600303,515,201952,Jeff Teague,1610612754,Indiana Pacers,4,3,10,Made Shot,Driving Reverse Layup Shot,2PT Field Goal,Restricted Area,Center(C),Less Than 8 ft.,2.0,9.0,21.0,1,1,20161204,LAC,IND
Shot Chart Detail,0021600314,23,201952,Jeff Teague,1610612754,Indiana Pacers,1,9,59,Made Shot,Running Jump Shot,2PT Field Goal,In The Paint (Non-RA),Center(C),Less Than 8 ft.,4.0,6.0,46.0,1,1,20161205,GSW,IND
Shot Chart Detail,0021600314,82,201952,Jeff Teague,1610612754,Indiana Pacers,1,3,39,Made Shot,Jump Shot,2PT Field Goal,In The Paint (Non-RA),Center(C),Less Than 8 ft.,6.0,2.0,65.0,1,1,20161205,GSW,IND
Shot Chart Detail,0021600314,90,201952,Jeff Teague,1610612754,Indiana Pacers,1,2,52,Missed Shot,Jump Shot,2PT Field Goal,In The Paint (Non-RA),Right Side(R),8-16 ft.,9.0,60.0,77.0,1,0,20161205,GSW,IND
Shot Chart Detail,0021600314,204,201952,Jeff Teague,1610612754,Indiana Pacers,2,5,41,Missed Shot,Jump Shot,2PT Field Goal,In The Paint (Non-RA),Center(C),Less Than 8 ft.,7.0,-63.0,31.0,1,0,20161205,GSW,IND
Shot Chart Detail,0021600314,285,201952,Jeff Teague,1610612754,Indiana Pacers,2,3,19,Missed Shot,Jump Shot,2PT Field Goal,In The Paint (Non-RA),Center(C),8-16 ft.,13.0,-57.0,121.0,1,0,20161205,GSW,IND
Shot Chart Detail,0021600314,242,201952,Jeff Teague,1610612754,Indiana Pacers,2,2,10,Missed Shot,Jump Shot,2PT Field Goal,Restricted Area,Center(C),Less Than 8 ft.,3.0,9.0,33.0,1,0,20161205,GSW,IND
Shot Chart Detail,0021600314,280,201952,Jeff Teague,1610612754,Indiana Pacers,2,0,8,Missed Shot,Jump Shot,2PT Field Goal,In The Paint (Non-RA),Center(C),Less Than 8 ft.,4.0,-9.0,41.0,1,0,20161205,GSW,IND
Shot Chart Detail,0021600314,325,201952,Jeff Teague,1610612754,Indiana Pacers,3,7,57,Made Shot,Pullup Jump shot,2PT Field Goal,Mid-Range,Left Side(L),8-16 ft.,13.0,-88.0,105.0,1,1,20161205,GSW,IND
Shot Chart Detail,0021600314,416,201952,Jeff Teague,1610612754,Indiana Pacers,3,2,10,Missed Shot,Jump Shot,2PT Field Goal,Mid-Range,Center(C),16-24 ft.,17.0,-43.0,165.0,1,0,20161205,GSW,IND
Shot Chart Detail,0021600314,421,201952,Jeff Teague,1610612754,Indiana Pacers,3,1,44,Made Shot,Driving Hook Shot,2PT Field Goal,Restricted Area,Center(C),Less Than 8 ft.,1.0,-6.0,16.0,1,1,20161205,GSW,IND
Shot Chart Detail,0021600329,10,201952,Jeff Teague,1610612754,Indiana Pacers,1,10,48,Made Shot,Jump Shot,2PT Field Goal,In The Paint (Non-RA),Center(C),Less Than 8 ft.,5.0,-17.0,56.0,1,1,20161207,PHX,IND
Shot Chart Detail,0021600329,12,201952,Jeff Teague,1610612754,Indiana Pacers,1,10,14,Missed Shot,Jump Shot,3PT Field Goal,Above the Break 3,Left Side Center(LC),24+ ft.,25.0,-114.0,228.0,1,0,20161207,PHX,IND
Shot Chart Detail,0021600329,197,201952,Jeff Teague,1610612754,Indiana Pacers,2,6,41,Missed Shot,Floating Jump shot,2PT Field Goal,In The Paint (Non-RA),Center(C),Less Than 8 ft.,5.0,12.0,56.0,1,0,20161207,PHX,IND
Shot Chart Detail,0021600329,234,201952,Jeff Teague,1610612754,Indiana Pacers,2,4,24,Missed Shot,Jump Shot,3PT Field Goal,Right Corner 3,Right Side(R),24+ ft.,23.0,225.0,51.0,1,0,20161207,PHX,IND
Shot Chart Detail,0021600329,239,201952,Jeff Teague,1610612754,Indiana Pacers,2,3,41,Missed Shot,Jump Shot,3PT Field Goal,Above the Break 3,Left Side Center(LC),24+ ft.,25.0,-81.0,247.0,1,0,20161207,PHX,IND
Shot Chart Detail,0021600329,289,201952,Jeff Teague,1610612754,Indiana Pacers,3,11,30,Made Shot,Jump Bank Shot,2PT Field Goal,Mid-Range,Right Side(R),8-16 ft.,10.0,91.0,46.0,1,1,20161207,PHX,IND
Shot Chart Detail,0021600329,301,201952,Jeff Teague,1610612754,Indiana Pacers,3,10,27,Missed Shot,Floating Jump shot,2PT Field Goal,In The Paint (Non-RA),Center(C),Less Than 8 ft.,6.0,-22.0,57.0,1,0,20161207,PHX,IND
Shot Chart Detail,0021600329,347,201952,Jeff Teague,1610612754,Indiana Pacers,3,6,57,Made Shot,Driving Layup Shot,2PT Field Goal,Restricted Area,Center(C),Less Than 8 ft.,1.0,17.0,3.0,1,1,20161207,PHX,IND
Shot Chart Detail,0021600329,349,201952,Jeff Teague,1610612754,Indiana Pacers,3,6,19,Missed Shot,Driving Layup Shot,2PT Field Goal,Restricted Area,Center(C),Less Than 8 ft.,1.0,15.0,7.0,1,0,20161207,PHX,IND
Shot Chart Detail,0021600329,361,201952,Jeff Teague,1610612754,Indiana Pacers,3,5,32,Made Shot,Driving Reverse Layup Shot,2PT Field Goal,Restricted Area,Center(C),Less Than 8 ft.,1.0,-12.0,0.0,1,1,20161207,PHX,IND
Shot Chart Detail,0021600329,370,201952,Jeff Teague,1610612754,Indiana Pacers,3,4,32,Missed Shot,Jump Shot,2PT Field Goal,In The Paint (Non-RA),Center(C),Less Than 8 ft.,5.0,-34.0,41.0,1,0,20161207,PHX,IND
Shot Chart Detail,0021600329,400,201952,Jeff Teague,1610612754,Indiana Pacers,3,2,31,Missed Shot,Jump Shot,2PT Field Goal,In The Paint (Non-RA),Right Side(R),8-16 ft.,10.0,66.0,77.0,1,0,20161207,PHX,IND
Shot Chart Detail,0021600329,495,201952,Jeff Teague,1610612754,Indiana Pacers,4,6,43,Made Shot,Jump Shot,3PT Field Goal,Above the Break 3,Center(C),24+ ft.,25.0,-65.0,242.0,1,1,20161207,PHX,IND
Shot Chart Detail,0021600329,515,201952,Jeff Teague,1610612754,Indiana Pacers,4,5,23,Missed Shot,Driving Layup Shot,2PT Field Goal,Restricted Area,Center(C),Less Than 8 ft.,3.0,15.0,28.0,1,0,20161207,PHX,IND
Shot Chart Detail,0021600329,555,201952,Jeff Teague,1610612754,Indiana Pacers,4,1,17,Made Shot,Driving Floating Jump Shot,2PT Field Goal,In The Paint (Non-RA),Center(C),8-16 ft.,10.0,17.0,105.0,1,1,20161207,PHX,IND
Shot Chart Detail,0021600343,20,201952,Jeff Teague,1610612754,Indiana Pacers,1,9,18,Missed Shot,Driving Floating Jump Shot,2PT Field Goal,In The Paint (Non-RA),Center(C),8-16 ft.,10.0,-35.0,100.0,1,0,20161209,DAL,IND
Shot Chart Detail,0021600343,189,201952,Jeff Teague,1610612754,Indiana Pacers,2,4,47,Made Shot,Driving Floating Jump Shot,2PT Field Goal,In The Paint (Non-RA),Center(C),Less Than 8 ft.,6.0,-29.0,56.0,1,1,20161209,DAL,IND
Shot Chart Detail,0021600343,214,201952,Jeff Teague,1610612754,Indiana Pacers,2,3,0,Made Shot,Driving Finger Roll Layup Shot,2PT Field Goal,Restricted Area,Center(C),Less Than 8 ft.,0.0,0.0,8.0,1,1,20161209,DAL,IND
Shot Chart Detail,0021600343,306,201952,Jeff Teague,1610612754,Indiana Pacers,3,5,36,Missed Shot,Driving Layup Shot,2PT Field Goal,Restricted Area,Center(C),Less Than 8 ft.,0.0,9.0,2.0,1,0,20161209,DAL,IND
Shot Chart Detail,0021600343,417,201952,Jeff Teague,1610612754,Indiana Pacers,4,7,25,Missed Shot,Driving Floating Jump Shot,2PT Field Goal,In The Paint (Non-RA),Center(C),Less Than 8 ft.,6.0,33.0,51.0,1,0,20161209,DAL,IND
Shot Chart Detail,0021600343,449,201952,Jeff Teague,1610612754,Indiana Pacers,4,5,13,Made Shot,Driving Layup Shot,2PT Field Goal,Restricted Area,Center(C),Less Than 8 ft.,0.0,9.0,-1.0,1,1,20161209,DAL,IND
Shot Chart Detail,0021600343,473,201952,Jeff Teague,1610612754,Indiana Pacers,4,4,1,Missed Shot,Driving Floating Jump Shot,2PT Field Goal,In The Paint (Non-RA),Center(C),Less Than 8 ft.,6.0,-4.0,61.0,1,0,20161209,DAL,IND
Shot Chart Detail,0021600348,3,201952,Jeff Teague,1610612754,Indiana Pacers,1,11,20,Made Shot,Fadeaway Bank shot,2PT Field Goal,Mid-Range,Left Side(L),8-16 ft.,11.0,-107.0,36.0,1,1,20161210,IND,POR
Shot Chart Detail,0021600348,64,201952,Jeff Teague,1610612754,Indiana Pacers,1,5,46,Made Shot,Jump Shot,3PT Field Goal,Above the Break 3,Right Side Center(RC),24+ ft.,25.0,223.0,115.0,1,1,20161210,IND,POR
Shot Chart Detail,0021600348,73,201952,Jeff Teague,1610612754,Indiana Pacers,1,4,43,Missed Shot,Jump Shot,2PT Field Goal,In The Paint (Non-RA),Center(C),Less Than 8 ft.,4.0,-30.0,36.0,1,0,20161210,IND,POR
Shot Chart Detail,0021600348,218,201952,Jeff Teague,1610612754,Indiana Pacers,2,2,37,Missed Shot,Pullup Jump shot,2PT Field Goal,Mid-Range,Left Side(L),8-16 ft.,15.0,-112.0,111.0,1,0,20161210,IND,POR
Shot Chart Detail,0021600348,259,201952,Jeff Teague,1610612754,Indiana Pacers,3,11,45,Made Shot,Jump Shot,3PT Field Goal,Above the Break 3,Center(C),24+ ft.,25.0,-71.0,242.0,1,1,20161210,IND,POR
Shot Chart Detail,0021600348,282,201952,Jeff Teague,1610612754,Indiana Pacers,3,8,56,Missed Shot,Jump Shot,2PT Field Goal,In The Paint (Non-RA),Center(C),Less Than 8 ft.,5.0,-35.0,41.0,1,0,20161210,IND,POR
Shot Chart Detail,0021600348,434,201952,Jeff Teague,1610612754,Indiana Pacers,4,5,38,Missed Shot,Driving Finger Roll Layup Shot,2PT Field Goal,Restricted Area,Center(C),Less Than 8 ft.,3.0,20.0,28.0,1,0,20161210,IND,POR
Shot Chart Detail,0021600361,14,201952,Jeff Teague,1610612754,Indiana Pacers,1,10,9,Missed Shot,Jump Shot,2PT Field Goal,In The Paint (Non-RA),Center(C),8-16 ft.,8.0,0.0,85.0,1,0,20161212,IND,CHA
Shot Chart Detail,0021600361,219,201952,Jeff Teague,1610612754,Indiana Pacers,2,2,50,Made Shot,Floating Jump shot,2PT Field Goal,Mid-Range,Left Side(L),8-16 ft.,10.0,-102.0,41.0,1,1,20161212,IND,CHA
Shot Chart Detail,0021600361,257,201952,Jeff Teague,1610612754,Indiana Pacers,2,0,9,Missed Shot,Reverse Layup Shot,2PT Field Goal,Restricted Area,Center(C),Less Than 8 ft.,1.0,-12.0,13.0,1,0,20161212,IND,CHA
Shot Chart Detail,0021600361,307,201952,Jeff Teague,1610612754,Indiana Pacers,3,8,0,Made Shot,Jump Shot,3PT Field Goal,Above the Break 3,Center(C),24+ ft.,28.0,-14.0,282.0,1,1,20161212,IND,CHA
Shot Chart Detail,0021600361,321,201952,Jeff Teague,1610612754,Indiana Pacers,3,6,41,Missed Shot,Pullup Jump shot,2PT Field Goal,Mid-Range,Center(C),16-24 ft.,18.0,9.0,188.0,1,0,20161212,IND,CHA
Shot Chart Detail,0021600361,461,201952,Jeff Teague,1610612754,Indiana Pacers,4,5,36,Made Shot,Driving Floating Jump Shot,2PT Field Goal,Mid-Range,Right Side(R),8-16 ft.,13.0,132.0,33.0,1,1,20161212,IND,CHA
Shot Chart Detail,0021600361,499,201952,Jeff Teague,1610612754,Indiana Pacers,4,0,40,Made Shot,Pullup Jump shot,3PT Field Goal,Above the Break 3,Right Side Center(RC),24+ ft.,27.0,138.0,237.0,1,1,20161212,IND,CHA
Shot Chart Detail,0021600361,503,201952,Jeff Teague,1610612754,Indiana Pacers,4,0,11,Made Shot,Pullup Jump shot,3PT Field Goal,Above the Break 3,Center(C),24+ ft.,26.0,-56.0,262.0,1,1,20161212,IND,CHA
Shot Chart Detail,0021600377,12,201952,Jeff Teague,1610612754,Indiana Pacers,1,10,34,Missed Shot,Jump Shot,3PT Field Goal,Above the Break 3,Right Side Center(RC),24+ ft.,25.0,115.0,223.0,1,0,20161214,MIA,IND
Shot Chart Detail,0021600377,25,201952,Jeff Teague,1610612754,Indiana Pacers,1,9,31,Missed Shot,Floating Jump shot,2PT Field Goal,In The Paint (Non-RA),Left Side(L),8-16 ft.,10.0,-52.0,87.0,1,0,20161214,MIA,IND
Shot Chart Detail,0021600377,41,201952,Jeff Teague,1610612754,Indiana Pacers,1,7,33,Missed Shot,Floating Jump shot,2PT Field Goal,In The Paint (Non-RA),Center(C),8-16 ft.,12.0,1.0,129.0,1,0,20161214,MIA,IND
Shot Chart Detail,0021600377,56,201952,Jeff Teague,1610612754,Indiana Pacers,1,5,46,Made Shot,Driving Hook Shot,2PT Field Goal,In The Paint (Non-RA),Center(C),Less Than 8 ft.,5.0,-19.0,56.0,1,1,20161214,MIA,IND
Shot Chart Detail,0021600377,69,201952,Jeff Teague,1610612754,Indiana Pacers,1,4,57,Made Shot,Jump Bank Shot,2PT Field Goal,In The Paint (Non-RA),Right Side(R),8-16 ft.,8.0,76.0,26.0,1,1,20161214,MIA,IND
Shot Chart Detail,0021600377,233,201952,Jeff Teague,1610612754,Indiana Pacers,2,3,51,Made Shot,Step Back Jump shot,3PT Field Goal,Above the Break 3,Right Side Center(RC),24+ ft.,25.0,109.0,232.0,1,1,20161214,MIA,IND
Shot Chart Detail,0021600377,267,201952,Jeff Teague,1610612754,Indiana Pacers,2,1,21,Missed Shot,Driving Finger Roll Layup Shot,2PT Field Goal,Restricted Area,Center(C),Less Than 8 ft.,2.0,20.0,7.0,1,0,20161214,MIA,IND
Shot Chart Detail,0021600377,311,201952,Jeff Teague,1610612754,Indiana Pacers,3,10,11,Missed Shot,Driving Layup Shot,2PT Field Goal,Restricted Area,Center(C),Less Than 8 ft.,1.0,9.0,13.0,1,0,20161214,MIA,IND
Shot Chart Detail,0021600377,318,201952,Jeff Teague,1610612754,Indiana Pacers,3,9,42,Missed Shot,Jump Shot,3PT Field Goal,Above the Break 3,Right Side Center(RC),24+ ft.,24.0,218.0,115.0,1,0,20161214,MIA,IND
Shot Chart Detail,0021600385,37,201952,Jeff Teague,1610612754,Indiana Pacers,1,7,45,Missed Shot,Jump Shot,2PT Field Goal,Mid-Range,Center(C),8-16 ft.,14.0,46.0,139.0,1,0,20161215,NOP,IND
Shot Chart Detail,0021600385,62,201952,Jeff Teague,1610612754,Indiana Pacers,1,5,16,Missed Shot,Jump Shot,3PT Field Goal,Above the Break 3,Center(C),24+ ft.,25.0,28.0,257.0,1,0,20161215,NOP,IND
Shot Chart Detail,0021600385,65,201952,Jeff Teague,1610612754,Indiana Pacers,1,4,58,Made Shot,Layup Shot,2PT Field Goal,Restricted Area,Center(C),Less Than 8 ft.,2.0,22.0,13.0,1,1,20161215,NOP,IND
Shot Chart Detail,0021600385,77,201952,Jeff Teague,1610612754,Indiana Pacers,1,3,42,Missed Shot,Jump Shot,2PT Field Goal,In The Paint (Non-RA),Center(C),8-16 ft.,9.0,1.0,90.0,1,0,20161215,NOP,IND
Shot Chart Detail,0021600385,218,201952,Jeff Teague,1610612754,Indiana Pacers,2,4,55,Made Shot,Jump Shot,2PT Field Goal,In The Paint (Non-RA),Left Side(L),8-16 ft.,8.0,-47.0,70.0,1,1,20161215,NOP,IND
Shot Chart Detail,0021600385,256,201952,Jeff Teague,1610612754,Indiana Pacers,2,2,43,Missed Shot,Jump Shot,2PT Field Goal,Restricted Area,Center(C),Less Than 8 ft.,3.0,2.0,36.0,1,0,20161215,NOP,IND
Shot Chart Detail,0021600385,261,201952,Jeff Teague,1610612754,Indiana Pacers,2,2,26,Made Shot,Layup Shot,2PT Field Goal,Restricted Area,Center(C),Less Than 8 ft.,2.0,17.0,11.0,1,1,20161215,NOP,IND
Shot Chart Detail,0021600385,290,201952,Jeff Teague,1610612754,Indiana Pacers,2,0,29,Made Shot,Jump Shot,2PT Field Goal,In The Paint (Non-RA),Center(C),Less Than 8 ft.,5.0,1.0,52.0,1,1,20161215,NOP,IND
Shot Chart Detail,0021600385,307,201952,Jeff Teague,1610612754,Indiana Pacers,3,10,39,Made Shot,Floating Jump shot,2PT Field Goal,In The Paint (Non-RA),Center(C),Less Than 8 ft.,5.0,-53.0,26.0,1,1,20161215,NOP,IND
Shot Chart Detail,0021600385,310,201952,Jeff Teague,1610612754,Indiana Pacers,3,10,8,Missed Shot,Jump Shot,3PT Field Goal,Above the Break 3,Center(C),24+ ft.,24.0,35.0,242.0,1,0,20161215,NOP,IND
Shot Chart Detail,0021600385,375,201952,Jeff Teague,1610612754,Indiana Pacers,3,4,35,Made Shot,Jump Shot,2PT Field Goal,In The Paint (Non-RA),Center(C),Less Than 8 ft.,7.0,-22.0,75.0,1,1,20161215,NOP,IND
Shot Chart Detail,0021600385,402,201952,Jeff Teague,1610612754,Indiana Pacers,3,2,26,Missed Shot,Jump Shot,3PT Field Goal,Right Corner 3,Right Side(R),24+ ft.,24.0,236.0,56.0,1,0,20161215,NOP,IND
Shot Chart Detail,0021600385,488,201952,Jeff Teague,1610612754,Indiana Pacers,4,7,41,Missed Shot,Reverse Layup Shot,2PT Field Goal,Restricted Area,Center(C),Less Than 8 ft.,2.0,24.0,7.0,1,0,20161215,NOP,IND
Shot Chart Detail,0021600385,490,201952,Jeff Teague,1610612754,Indiana Pacers,4,7,29,Missed Shot,Jump Shot,3PT Field Goal,Above the Break 3,Center(C),24+ ft.,25.0,-38.0,252.0,1,0,20161215,NOP,IND
Shot Chart Detail,0021600385,530,201952,Jeff Teague,1610612754,Indiana Pacers,4,4,20,Missed Shot,Layup Shot,2PT Field Goal,Restricted Area,Center(C),Less Than 8 ft.,2.0,-14.0,16.0,1,0,20161215,NOP,IND
Shot Chart Detail,0021600385,544,201952,Jeff Teague,1610612754,Indiana Pacers,4,3,3,Missed Shot,Jump Shot,3PT Field Goal,Above the Break 3,Center(C),24+ ft.,24.0,71.0,237.0,1,0,20161215,NOP,IND
Shot Chart Detail,0021600385,574,201952,Jeff Teague,1610612754,Indiana Pacers,4,1,42,Missed Shot,Jump Shot,3PT Field Goal,Above the Break 3,Left Side Center(LC),24+ ft.,24.0,-109.0,224.0,1,0,20161215,NOP,IND
Shot Chart Detail,0021600385,600,201952,Jeff Teague,1610612754,Indiana Pacers,4,0,36,Made Shot,Driving Floating Jump Shot,2PT Field Goal,In The Paint (Non-RA),Center(C),Less Than 8 ft.,4.0,4.0,43.0,1,1,20161215,NOP,IND
Shot Chart Detail,0021600400,9,201952,Jeff Teague,1610612754,Indiana Pacers,1,10,32,Made Shot,Floating Jump shot,2PT Field Goal,In The Paint (Non-RA),Center(C),Less Than 8 ft.,6.0,-61.0,26.0,1,1,20161217,DET,IND
Shot Chart Detail,0021600400,15,201952,Jeff Teague,1610612754,Indiana Pacers,1,8,51,Missed Shot,Jump Shot,3PT Field Goal,Above the Break 3,Right Side Center(RC),24+ ft.,26.0,117.0,242.0,1,0,20161217,DET,IND
Shot Chart Detail,0021600400,43,201952,Jeff Teague,1610612754,Indiana Pacers,1,5,49,Made Shot,Driving Layup Shot,2PT Field Goal,Restricted Area,Center(C),Less Than 8 ft.,1.0,10.0,11.0,1,1,20161217,DET,IND
Shot Chart Detail,0021600400,57,201952,Jeff Teague,1610612754,Indiana Pacers,1,4,46,Missed Shot,Jump Shot,2PT Field Goal,In The Paint (Non-RA),Center(C),Less Than 8 ft.,7.0,78.0,16.0,1,0,20161217,DET,IND
Shot Chart Detail,0021600400,63,201952,Jeff Teague,1610612754,Indiana Pacers,1,3,34,Made Shot,Driving Layup Shot,2PT Field Goal,Restricted Area,Center(C),Less Than 8 ft.,0.0,-1.0,2.0,1,1,20161217,DET,IND
Shot Chart Detail,0021600400,168,201952,Jeff Teague,1610612754,Indiana Pacers,2,6,25,Made Shot,Jump Shot,2PT Field Goal,In The Paint (Non-RA),Center(C),Less Than 8 ft.,6.0,56.0,31.0,1,1,20161217,DET,IND
Shot Chart Detail,0021600400,170,201952,Jeff Teague,1610612754,Indiana Pacers,2,5,42,Missed Shot,Jump Shot,2PT Field Goal,Mid-Range,Right Side Center(RC),16-24 ft.,18.0,64.0,178.0,1,0,20161217,DET,IND
Shot Chart Detail,0021600400,203,201952,Jeff Teague,1610612754,Indiana Pacers,2,2,57,Made Shot,Jump Shot,3PT Field Goal,Left Corner 3,Left Side(L),24+ ft.,23.0,-223.0,61.0,1,1,20161217,DET,IND
Shot Chart Detail,0021600400,261,201952,Jeff Teague,1610612754,Indiana Pacers,3,9,14,Made Shot,Pullup Jump shot,2PT Field Goal,Mid-Range,Center(C),8-16 ft.,13.0,-2.0,139.0,1,1,20161217,DET,IND
Shot Chart Detail,0021600400,285,201952,Jeff Teague,1610612754,Indiana Pacers,3,6,48,Missed Shot,Jump Shot,2PT Field Goal,In The Paint (Non-RA),Center(C),Less Than 8 ft.,7.0,79.0,11.0,1,0,20161217,DET,IND
Shot Chart Detail,0021600413,18,201952,Jeff Teague,1610612754,Indiana Pacers,1,9,46,Missed Shot,Floating Jump shot,2PT Field Goal,In The Paint (Non-RA),Center(C),8-16 ft.,12.0,-56.0,115.0,1,0,20161219,IND,WAS
Shot Chart Detail,0021600413,32,201952,Jeff Teague,1610612754,Indiana Pacers,1,8,47,Missed Shot,Running Jump Shot,2PT Field Goal,In The Paint (Non-RA),Center(C),Less Than 8 ft.,5.0,-35.0,41.0,1,0,20161219,IND,WAS
Shot Chart Detail,0021600413,34,201952,Jeff Teague,1610612754,Indiana Pacers,1,8,44,Missed Shot,Layup Shot,2PT Field Goal,Restricted Area,Center(C),Less Than 8 ft.,1.0,-7.0,13.0,1,0,20161219,IND,WAS
Shot Chart Detail,0021600413,71,201952,Jeff Teague,1610612754,Indiana Pacers,1,4,25,Missed Shot,Driving Bank shot,2PT Field Goal,Restricted Area,Center(C),Less Than 8 ft.,2.0,10.0,23.0,1,0,20161219,IND,WAS
Shot Chart Detail,0021600413,102,201952,Jeff Teague,1610612754,Indiana Pacers,1,2,34,Missed Shot,Driving Floating Jump Shot,2PT Field Goal,In The Paint (Non-RA),Center(C),Less Than 8 ft.,4.0,12.0,41.0,1,0,20161219,IND,WAS
Shot Chart Detail,0021600413,218,201952,Jeff Teague,1610612754,Indiana Pacers,2,4,22,Made Shot,Driving Finger Roll Layup Shot,2PT Field Goal,Restricted Area,Center(C),Less Than 8 ft.,2.0,-6.0,21.0,1,1,20161219,IND,WAS
Shot Chart Detail,0021600413,221,201952,Jeff Teague,1610612754,Indiana Pacers,2,3,46,Made Shot,Running Finger Roll Layup Shot,2PT Field Goal,Restricted Area,Center(C),Less Than 8 ft.,2.0,-2.0,26.0,1,1,20161219,IND,WAS
Shot Chart Detail,0021600413,252,201952,Jeff Teague,1610612754,Indiana Pacers,2,0,44,Missed Shot,Pullup Jump shot,2PT Field Goal,Mid-Range,Center(C),16-24 ft.,17.0,-6.0,174.0,1,0,20161219,IND,WAS
Shot Chart Detail,0021600413,273,201952,Jeff Teague,1610612754,Indiana Pacers,2,0,5,Missed Shot,Running Finger Roll Layup Shot,2PT Field Goal,Restricted Area,Center(C),Less Than 8 ft.,3.0,28.0,21.0,1,0,20161219,IND,WAS
Shot Chart Detail,0021600413,296,201952,Jeff Teague,1610612754,Indiana Pacers,3,10,10,Missed Shot,Jump Shot,3PT Field Goal,Above the Break 3,Right Side Center(RC),24+ ft.,28.0,122.0,262.0,1,0,20161219,IND,WAS
Shot Chart Detail,0021600413,335,201952,Jeff Teague,1610612754,Indiana Pacers,3,6,21,Made Shot,Driving Finger Roll Layup Shot,2PT Field Goal,Restricted Area,Center(C),Less Than 8 ft.,2.0,9.0,21.0,1,1,20161219,IND,WAS
Shot Chart Detail,0021600413,360,201952,Jeff Teague,1610612754,Indiana Pacers,3,3,7,Made Shot,Driving Finger Roll Layup Shot,2PT Field Goal,Restricted Area,Center(C),Less Than 8 ft.,3.0,25.0,21.0,1,1,20161219,IND,WAS
Shot Chart Detail,0021600413,369,201952,Jeff Teague,1610612754,Indiana Pacers,3,2,10,Made Shot,Driving Floating Jump Shot,2PT Field Goal,In The Paint (Non-RA),Center(C),Less Than 8 ft.,5.0,4.0,56.0,1,1,20161219,IND,WAS
Shot Chart Detail,0021600413,371,201952,Jeff Teague,1610612754,Indiana Pacers,3,1,42,Made Shot,Fadeaway Bank shot,2PT Field Goal,In The Paint (Non-RA),Center(C),8-16 ft.,8.0,6.0,80.0,1,1,20161219,IND,WAS
Shot Chart Detail,0021600413,384,201952,Jeff Teague,1610612754,Indiana Pacers,3,0,41,Missed Shot,Finger Roll Layup Shot,2PT Field Goal,Restricted Area,Center(C),Less Than 8 ft.,3.0,19.0,26.0,1,0,20161219,IND,WAS
Shot Chart Detail,0021600413,431,201952,Jeff Teague,1610612754,Indiana Pacers,4,8,10,Made Shot,Finger Roll Layup Shot,2PT Field Goal,Restricted Area,Center(C),Less Than 8 ft.,3.0,24.0,21.0,1,1,20161219,IND,WAS
Shot Chart Detail,0021600413,452,201952,Jeff Teague,1610612754,Indiana Pacers,4,6,4,Made Shot,Pullup Jump shot,2PT Field Goal,Mid-Range,Center(C),16-24 ft.,17.0,-4.0,170.0,1,1,20161219,IND,WAS
Shot Chart Detail,0021600413,483,201952,Jeff Teague,1610612754,Indiana Pacers,4,3,36,Missed Shot,Jump Shot,2PT Field Goal,Restricted Area,Center(C),Less Than 8 ft.,3.0,-1.0,36.0,1,0,20161219,IND,WAS
Shot Chart Detail,0021600413,490,201952,Jeff Teague,1610612754,Indiana Pacers,4,2,40,Missed Shot,Jump Shot,3PT Field Goal,Above the Break 3,Right Side Center(RC),24+ ft.,26.0,109.0,242.0,1,0,20161219,IND,WAS
Shot Chart Detail,0021600421,12,201952,Jeff Teague,1610612754,Indiana Pacers,1,10,42,Made Shot,Jump Shot,2PT Field Goal,Mid-Range,Left Side(L),8-16 ft.,13.0,-99.0,85.0,1,1,20161220,NYK,IND
Shot Chart Detail,0021600421,59,201952,Jeff Teague,1610612754,Indiana Pacers,1,5,56,Missed Shot,Jump Shot,3PT Field Goal,Above the Break 3,Right Side Center(RC),24+ ft.,26.0,141.0,229.0,1,0,20161220,NYK,IND
Shot Chart Detail,0021600421,74,201952,Jeff Teague,1610612754,Indiana Pacers,1,4,32,Missed Shot,Reverse Layup Shot,2PT Field Goal,Restricted Area,Center(C),Less Than 8 ft.,1.0,10.0,8.0,1,0,20161220,NYK,IND
Shot Chart Detail,0021600421,79,201952,Jeff Teague,1610612754,Indiana Pacers,1,3,54,Made Shot,Floating Jump shot,2PT Field Goal,Restricted Area,Center(C),Less Than 8 ft.,3.0,-4.0,38.0,1,1,20161220,NYK,IND
Shot Chart Detail,0021600421,231,201952,Jeff Teague,1610612754,Indiana Pacers,2,4,24,Missed Shot,Driving Layup Shot,2PT Field Goal,Restricted Area,Center(C),Less Than 8 ft.,0.0,-7.0,2.0,1,0,20161220,NYK,IND
Shot Chart Detail,0021600421,284,201952,Jeff Teague,1610612754,Indiana Pacers,2,0,5,Made Shot,Driving Floating Jump Shot,2PT Field Goal,In The Paint (Non-RA),Center(C),Less Than 8 ft.,5.0,1.0,56.0,1,1,20161220,NYK,IND
Shot Chart Detail,0021600421,324,201952,Jeff Teague,1610612754,Indiana Pacers,3,8,46,Missed Shot,Jump Shot,3PT Field Goal,Above the Break 3,Left Side Center(LC),24+ ft.,25.0,-150.0,203.0,1,0,20161220,NYK,IND
Shot Chart Detail,0021600421,332,201952,Jeff Teague,1610612754,Indiana Pacers,3,8,9,Missed Shot,Layup Shot,2PT Field Goal,Restricted Area,Center(C),Less Than 8 ft.,3.0,7.0,31.0,1,0,20161220,NYK,IND
Shot Chart Detail,0021600421,364,201952,Jeff Teague,1610612754,Indiana Pacers,3,5,4,Missed Shot,Jump Shot,3PT Field Goal,Above the Break 3,Right Side Center(RC),24+ ft.,25.0,84.0,242.0,1,0,20161220,NYK,IND
Shot Chart Detail,0021600421,380,201952,Jeff Teague,1610612754,Indiana Pacers,3,3,52,Missed Shot,Driving Layup Shot,2PT Field Goal,Restricted Area,Center(C),Less Than 8 ft.,2.0,17.0,21.0,1,0,20161220,NYK,IND
Shot Chart Detail,0021600421,468,201952,Jeff Teague,1610612754,Indiana Pacers,4,7,33,Made Shot,Layup Shot,2PT Field Goal,Restricted Area,Center(C),Less Than 8 ft.,2.0,4.0,26.0,1,1,20161220,NYK,IND
Shot Chart Detail,0021600421,543,201952,Jeff Teague,1610612754,Indiana Pacers,4,0,55,Missed Shot,Layup Shot,2PT Field Goal,Restricted Area,Center(C),Less Than 8 ft.,2.0,-22.0,3.0,1,0,20161220,NYK,IND
Shot Chart Detail,0021600421,557,201952,Jeff Teague,1610612754,Indiana Pacers,4,0,0,Made Shot,Layup Shot,2PT Field Goal,Restricted Area,Center(C),Less Than 8 ft.,1.0,-6.0,8.0,1,1,20161220,NYK,IND
Shot Chart Detail,0021600440,9,201952,Jeff Teague,1610612754,Indiana Pacers,1,10,44,Made Shot,Pullup Jump shot,2PT Field Goal,In The Paint (Non-RA),Center(C),8-16 ft.,10.0,2.0,106.0,1,1,20161222,IND,BOS
Shot Chart Detail,0021600440,28,201952,Jeff Teague,1610612754,Indiana Pacers,1,8,35,Made Shot,Driving Finger Roll Layup Shot,2PT Field Goal,Restricted Area,Center(C),Less Than 8 ft.,3.0,17.0,26.0,1,1,20161222,IND,BOS
Shot Chart Detail,0021600440,76,201952,Jeff Teague,1610612754,Indiana Pacers,1,3,24,Missed Shot,Driving Floating Jump Shot,2PT Field Goal,In The Paint (Non-RA),Center(C),8-16 ft.,9.0,9.0,90.0,1,0,20161222,IND,BOS
Shot Chart Detail,0021600440,229,201952,Jeff Teague,1610612754,Indiana Pacers,2,2,43,Missed Shot,Jump Shot,2PT Field Goal,In The Paint (Non-RA),Center(C),Less Than 8 ft.,6.0,-35.0,57.0,1,0,20161222,IND,BOS
Shot Chart Detail,0021600440,251,201952,Jeff Teague,1610612754,Indiana Pacers,2,1,18,Missed Shot,Pullup Jump shot,2PT Field Goal,Mid-Range,Left Side Center(LC),16-24 ft.,16.0,-125.0,110.0,1,0,20161222,IND,BOS
Shot Chart Detail,0021600440,263,201952,Jeff Teague,1610612754,Indiana Pacers,2,0,0,Missed Shot,Jump Shot,3PT Field Goal,Backcourt,Back Court(BC),Back Court Shot,65.0,-186.0,630.0,1,0,20161222,IND,BOS
Shot Chart Detail,0021600440,288,201952,Jeff Teague,1610612754,Indiana Pacers,3,9,50,Made Shot,Layup Shot,2PT Field Goal,Restricted Area,Center(C),Less Than 8 ft.,1.0,-2.0,16.0,1,1,20161222,IND,BOS
Shot Chart Detail,0021600440,323,201952,Jeff Teague,1610612754,Indiana Pacers,3,6,53,Made Shot,Jump Shot,2PT Field Goal,Mid-Range,Left Side Center(LC),16-24 ft.,16.0,-117.0,115.0,1,1,20161222,IND,BOS
Shot Chart Detail,0021600440,365,201952,Jeff Teague,1610612754,Indiana Pacers,3,3,9,Made Shot,Pullup Jump shot,2PT Field Goal,In The Paint (Non-RA),Center(C),Less Than 8 ft.,7.0,-17.0,70.0,1,1,20161222,IND,BOS
Shot Chart Detail,0021600440,370,201952,Jeff Teague,1610612754,Indiana Pacers,3,1,55,Made Shot,Finger Roll Layup Shot,2PT Field Goal,Restricted Area,Center(C),Less Than 8 ft.,1.0,-4.0,16.0,1,1,20161222,IND,BOS
Shot Chart Detail,0021600440,376,201952,Jeff Teague,1610612754,Indiana Pacers,3,1,28,Made Shot,Jump Shot,3PT Field Goal,Above the Break 3,Center(C),24+ ft.,27.0,27.0,272.0,1,1,20161222,IND,BOS
Shot Chart Detail,0021600440,387,201952,Jeff Teague,1610612754,Indiana Pacers,3,0,15,Made Shot,Pullup Jump shot,2PT Field Goal,Mid-Range,Left Side(L),8-16 ft.,15.0,-150.0,16.0,1,1,20161222,IND,BOS
Shot Chart Detail,0021600440,470,201952,Jeff Teague,1610612754,Indiana Pacers,4,6,2,Missed Shot,Layup Shot,2PT Field Goal,Restricted Area,Center(C),Less Than 8 ft.,0.0,-4.0,8.0,1,0,20161222,IND,BOS
Shot Chart Detail,0021600440,546,201952,Jeff Teague,1610612754,Indiana Pacers,4,0,24,Made Shot,Jump Shot,3PT Field Goal,Above the Break 3,Center(C),24+ ft.,29.0,37.0,291.0,1,1,20161222,IND,BOS
Shot Chart Detail,0021600440,567,201952,Jeff Teague,1610612754,Indiana Pacers,4,0,5,Missed Shot,Pullup Jump shot,3PT Field Goal,Above the Break 3,Center(C),24+ ft.,27.0,-76.0,269.0,1,0,20161222,IND,BOS
Shot Chart Detail,0021600465,15,201952,Jeff Teague,1610612754,Indiana Pacers,1,10,33,Missed Shot,Jump Shot,3PT Field Goal,Above the Break 3,Right Side Center(RC),24+ ft.,24.0,137.0,203.0,1,0,20161226,CHI,IND
Shot Chart Detail,0021600465,27,201952,Jeff Teague,1610612754,Indiana Pacers,1,8,47,Missed Shot,Layup Shot,2PT Field Goal,Restricted Area,Center(C),Less Than 8 ft.,3.0,-25.0,18.0,1,0,20161226,CHI,IND
Shot Chart Detail,0021600465,92,201952,Jeff Teague,1610612754,Indiana Pacers,1,2,36,Missed Shot,Layup Shot,2PT Field Goal,Restricted Area,Center(C),Less Than 8 ft.,0.0,-7.0,3.0,1,0,20161226,CHI,IND
Shot Chart Detail,0021600465,194,201952,Jeff Teague,1610612754,Indiana Pacers,2,5,38,Made Shot,Jump Shot,2PT Field Goal,In The Paint (Non-RA),Center(C),Less Than 8 ft.,5.0,-2.0,51.0,1,1,20161226,CHI,IND
Shot Chart Detail,0021600465,197,201952,Jeff Teague,1610612754,Indiana Pacers,2,4,58,Made Shot,Jump Shot,3PT Field Goal,Above the Break 3,Right Side Center(RC),24+ ft.,26.0,86.0,247.0,1,1,20161226,CHI,IND
Shot Chart Detail,0021600465,226,201952,Jeff Teague,1610612754,Indiana Pacers,2,2,14,Missed Shot,Jump Shot,2PT Field Goal,Mid-Range,Right Side(R),8-16 ft.,13.0,132.0,7.0,1,0,20161226,CHI,IND
Shot Chart Detail,0021600465,249,201952,Jeff Teague,1610612754,Indiana Pacers,3,11,40,Missed Shot,Jump Shot,3PT Field Goal,Above the Break 3,Right Side Center(RC),24+ ft.,24.0,78.0,237.0,1,0,20161226,CHI,IND
Shot Chart Detail,0021600465,284,201952,Jeff Teague,1610612754,Indiana Pacers,3,6,23,Missed Shot,Fadeaway Jump Shot,2PT Field Goal,Mid-Range,Right Side Center(RC),16-24 ft.,17.0,84.0,154.0,1,0,20161226,CHI,IND
Shot Chart Detail,0021600476,28,201952,Jeff Teague,1610612754,Indiana Pacers,1,8,44,Made Shot,Jump Shot,3PT Field Goal,Above the Break 3,Right Side Center(RC),24+ ft.,26.0,199.0,175.0,1,1,20161228,WAS,IND
Shot Chart Detail,0021600476,206,201952,Jeff Teague,1610612754,Indiana Pacers,2,6,18,Missed Shot,Jump Shot,3PT Field Goal,Above the Break 3,Left Side Center(LC),24+ ft.,26.0,-110.0,242.0,1,0,20161228,WAS,IND
Shot Chart Detail,0021600476,231,201952,Jeff Teague,1610612754,Indiana Pacers,2,4,41,Missed Shot,Jump Shot,2PT Field Goal,Mid-Range,Left Side Center(LC),16-24 ft.,18.0,-109.0,144.0,1,0,20161228,WAS,IND
Shot Chart Detail,0021600476,275,201952,Jeff Teague,1610612754,Indiana Pacers,2,1,41,Made Shot,Floating Jump shot,2PT Field Goal,In The Paint (Non-RA),Center(C),Less Than 8 ft.,7.0,76.0,7.0,1,1,20161228,WAS,IND
Shot Chart Detail,0021600476,282,201952,Jeff Teague,1610612754,Indiana Pacers,2,1,18,Missed Shot,Jump Shot,2PT Field Goal,In The Paint (Non-RA),Left Side(L),8-16 ft.,9.0,-50.0,80.0,1,0,20161228,WAS,IND
Shot Chart Detail,0021600476,284,201952,Jeff Teague,1610612754,Indiana Pacers,2,1,14,Made Shot,Jump Shot,2PT Field Goal,In The Paint (Non-RA),Center(C),Less Than 8 ft.,7.0,-16.0,72.0,1,1,20161228,WAS,IND
Shot Chart Detail,0021600476,348,201952,Jeff Teague,1610612754,Indiana Pacers,3,9,8,Missed Shot,Jump Shot,2PT Field Goal,In The Paint (Non-RA),Left Side(L),8-16 ft.,9.0,-78.0,56.0,1,0,20161228,WAS,IND
Shot Chart Detail,0021600476,374,201952,Jeff Teague,1610612754,Indiana Pacers,3,5,54,Made Shot,Layup Shot,2PT Field Goal,Restricted Area,Center(C),Less Than 8 ft.,0.0,-9.0,2.0,1,1,20161228,WAS,IND
Shot Chart Detail,0021600476,409,201952,Jeff Teague,1610612754,Indiana Pacers,3,2,29,Missed Shot,Jump Shot,3PT Field Goal,Above the Break 3,Right Side Center(RC),24+ ft.,26.0,184.0,193.0,1,0,20161228,WAS,IND
Shot Chart Detail,0021600476,505,201952,Jeff Teague,1610612754,Indiana Pacers,4,8,5,Made Shot,Driving Layup Shot,2PT Field Goal,Restricted Area,Center(C),Less Than 8 ft.,0.0,1.0,-5.0,1,1,20161228,WAS,IND
Shot Chart Detail,0021600476,555,201952,Jeff Teague,1610612754,Indiana Pacers,4,3,42,Missed Shot,Jump Shot,2PT Field Goal,In The Paint (Non-RA),Center(C),Less Than 8 ft.,4.0,-40.0,21.0,1,0,20161228,WAS,IND
Shot Chart Detail,0021600476,601,201952,Jeff Teague,1610612754,Indiana Pacers,4,0,35,Made Shot,Layup Shot,2PT Field Goal,Restricted Area,Center(C),Less Than 8 ft.,0.0,6.0,2.0,1,1,20161228,WAS,IND
Shot Chart Detail,0021600492,54,201952,Jeff Teague,1610612754,Indiana Pacers,1,5,5,Missed Shot,Step Back Jump shot,2PT Field Goal,In The Paint (Non-RA),Center(C),8-16 ft.,8.0,9.0,80.0,1,0,20161230,IND,CHI
Shot Chart Detail,0021600492,69,201952,Jeff Teague,1610612754,Indiana Pacers,1,3,41,Missed Shot,Running Layup Shot,2PT Field Goal,Restricted Area,Center(C),Less Than 8 ft.,2.0,15.0,16.0,1,0,20161230,IND,CHI
Shot Chart Detail,0021600492,75,201952,Jeff Teague,1610612754,Indiana Pacers,1,3,21,Missed Shot,Driving Floating Jump Shot,2PT Field Goal,In The Paint (Non-RA),Center(C),Less Than 8 ft.,4.0,14.0,47.0,1,0,20161230,IND,CHI
Shot Chart Detail,0021600492,101,201952,Jeff Teague,1610612754,Indiana Pacers,1,0,1,Missed Shot,Running Jump Shot,2PT Field Goal,Mid-Range,Right Side(R),8-16 ft.,11.0,101.0,47.0,1,0,20161230,IND,CHI
Shot Chart Detail,0021600492,235,201952,Jeff Teague,1610612754,Indiana Pacers,2,1,44,Made Shot,Running Layup Shot,2PT Field Goal,Restricted Area,Center(C),Less Than 8 ft.,2.0,19.0,16.0,1,1,20161230,IND,CHI
Shot Chart Detail,0021600492,252,201952,Jeff Teague,1610612754,Indiana Pacers,2,0,40,Missed Shot,Driving Floating Jump Shot,2PT Field Goal,In The Paint (Non-RA),Center(C),Less Than 8 ft.,5.0,38.0,33.0,1,0,20161230,IND,CHI
Shot Chart Detail,0021600492,279,201952,Jeff Teague,1610612754,Indiana Pacers,3,10,2,Missed Shot,Driving Bank shot,2PT Field Goal,In The Paint (Non-RA),Center(C),Less Than 8 ft.,4.0,28.0,36.0,1,0,20161230,IND,CHI
Shot Chart Detail,0021600492,296,201952,Jeff Teague,1610612754,Indiana Pacers,3,7,37,Made Shot,Driving Layup Shot,2PT Field Goal,Restricted Area,Center(C),Less Than 8 ft.,1.0,-16.0,2.0,1,1,20161230,IND,CHI
Shot Chart Detail,0021600492,303,201952,Jeff Teague,1610612754,Indiana Pacers,3,7,0,Missed Shot,Driving Layup Shot,2PT Field Goal,Restricted Area,Center(C),Less Than 8 ft.,3.0,-17.0,31.0,1,0,20161230,IND,CHI
Shot Chart Detail,0021600492,353,201952,Jeff Teague,1610612754,Indiana Pacers,3,3,14,Missed Shot,Driving Finger Roll Layup Shot,2PT Field Goal,Restricted Area,Center(C),Less Than 8 ft.,3.0,-4.0,38.0,1,0,20161230,IND,CHI
Shot Chart Detail,0021600492,367,201952,Jeff Teague,1610612754,Indiana Pacers,3,1,51,Missed Shot,Jump Shot,3PT Field Goal,Above the Break 3,Right Side Center(RC),24+ ft.,24.0,117.0,218.0,1,0,20161230,IND,CHI
Shot Chart Detail,0021600492,482,201952,Jeff Teague,1610612754,Indiana Pacers,4,5,17,Missed Shot,Driving Layup Shot,2PT Field Goal,Restricted Area,Center(C),Less Than 8 ft.,3.0,-16.0,26.0,1,0,20161230,IND,CHI
Shot Chart Detail,0021600492,521,201952,Jeff Teague,1610612754,Indiana Pacers,4,1,21,Missed Shot,Jump Shot,3PT Field Goal,Above the Break 3,Right Side Center(RC),24+ ft.,25.0,130.0,224.0,1,0,20161230,IND,CHI
Shot Chart Detail,0021600510,7,201952,Jeff Teague,1610612754,Indiana Pacers,1,11,1,Made Shot,Layup Shot,2PT Field Goal,Restricted Area,Center(C),Less Than 8 ft.,2.0,17.0,16.0,1,1,20170101,IND,ORL
Shot Chart Detail,0021600510,21,201952,Jeff Teague,1610612754,Indiana Pacers,1,9,10,Missed Shot,Jump Shot,3PT Field Goal,Above the Break 3,Left Side Center(LC),24+ ft.,27.0,-115.0,247.0,1,0,20170101,IND,ORL
Shot Chart Detail,0021600510,32,201952,Jeff Teague,1610612754,Indiana Pacers,1,7,45,Made Shot,Running Finger Roll Layup Shot,2PT Field Goal,Restricted Area,Center(C),Less Than 8 ft.,2.0,-12.0,16.0,1,1,20170101,IND,ORL
Shot Chart Detail,0021600510,188,201952,Jeff Teague,1610612754,Indiana Pacers,2,5,34,Missed Shot,Jump Shot,3PT Field Goal,Above the Break 3,Center(C),24+ ft.,26.0,61.0,262.0,1,0,20170101,IND,ORL
Shot Chart Detail,0021600510,220,201952,Jeff Teague,1610612754,Indiana Pacers,2,3,16,Missed Shot,Driving Finger Roll Layup Shot,2PT Field Goal,Restricted Area,Center(C),Less Than 8 ft.,1.0,-1.0,18.0,1,0,20170101,IND,ORL
Shot Chart Detail,0021600510,277,201952,Jeff Teague,1610612754,Indiana Pacers,3,10,34,Made Shot,Driving Finger Roll Layup Shot,2PT Field Goal,Restricted Area,Center(C),Less Than 8 ft.,1.0,6.0,16.0,1,1,20170101,IND,ORL
Shot Chart Detail,0021600510,287,201952,Jeff Teague,1610612754,Indiana Pacers,3,9,21,Made Shot,Driving Layup Shot,2PT Field Goal,Restricted Area,Center(C),Less Than 8 ft.,1.0,17.0,8.0,1,1,20170101,IND,ORL
Shot Chart Detail,0021600510,293,201952,Jeff Teague,1610612754,Indiana Pacers,3,8,53,Made Shot,Driving Floating Jump Shot,2PT Field Goal,In The Paint (Non-RA),Center(C),Less Than 8 ft.,5.0,-2.0,57.0,1,1,20170101,IND,ORL
Shot Chart Detail,0021600510,342,201952,Jeff Teague,1610612754,Indiana Pacers,3,3,54,Missed Shot,Driving Layup Shot,2PT Field Goal,Restricted Area,Center(C),Less Than 8 ft.,2.0,-14.0,16.0,1,0,20170101,IND,ORL
Shot Chart Detail,0021600523,10,201952,Jeff Teague,1610612754,Indiana Pacers,1,10,18,Missed Shot,Pullup Jump shot,2PT Field Goal,Mid-Range,Right Side(R),16-24 ft.,16.0,153.0,56.0,1,0,20170103,DET,IND
Shot Chart Detail,0021600523,42,201952,Jeff Teague,1610612754,Indiana Pacers,1,6,38,Made Shot,Jump Shot,3PT Field Goal,Above the Break 3,Right Side Center(RC),24+ ft.,27.0,99.0,257.0,1,1,20170103,DET,IND
Shot Chart Detail,0021600523,44,201952,Jeff Teague,1610612754,Indiana Pacers,1,6,11,Made Shot,Driving Layup Shot,2PT Field Goal,Restricted Area,Center(C),Less Than 8 ft.,0.0,1.0,7.0,1,1,20170103,DET,IND
Shot Chart Detail,0021600523,48,201952,Jeff Teague,1610612754,Indiana Pacers,1,5,13,Made Shot,Running Pull-Up Jump Shot,2PT Field Goal,In The Paint (Non-RA),Center(C),Less Than 8 ft.,5.0,-7.0,56.0,1,1,20170103,DET,IND
Shot Chart Detail,0021600523,193,201952,Jeff Teague,1610612754,Indiana Pacers,2,3,7,Missed Shot,Jump Shot,2PT Field Goal,Mid-Range,Left Side(L),8-16 ft.,12.0,-117.0,33.0,1,0,20170103,DET,IND
Shot Chart Detail,0021600523,210,201952,Jeff Teague,1610612754,Indiana Pacers,2,1,45,Made Shot,Layup Shot,2PT Field Goal,Restricted Area,Center(C),Less Than 8 ft.,0.0,0.0,8.0,1,1,20170103,DET,IND
Shot Chart Detail,0021600523,292,201952,Jeff Teague,1610612754,Indiana Pacers,3,5,3,Missed Shot,Jump Shot,2PT Field Goal,In The Paint (Non-RA),Center(C),Less Than 8 ft.,6.0,-43.0,46.0,1,0,20170103,DET,IND
Shot Chart Detail,0021600523,450,201952,Jeff Teague,1610612754,Indiana Pacers,4,1,28,Made Shot,Pullup Jump shot,2PT Field Goal,In The Paint (Non-RA),Center(C),8-16 ft.,10.0,9.0,100.0,1,1,20170103,DET,IND
Shot Chart Detail,0021600536,4,201952,Jeff Teague,1610612754,Indiana Pacers,1,11,33,Made Shot,Running Jump Shot,2PT Field Goal,Restricted Area,Center(C),Less Than 8 ft.,3.0,-2.0,36.0,1,1,20170105,IND,BKN
Shot Chart Detail,0021600536,15,201952,Jeff Teague,1610612754,Indiana Pacers,1,10,10,Made Shot,Jump Shot,3PT Field Goal,Above the Break 3,Right Side Center(RC),24+ ft.,25.0,130.0,223.0,1,1,20170105,IND,BKN
Shot Chart Detail,0021600536,49,201952,Jeff Teague,1610612754,Indiana Pacers,1,7,28,Made Shot,Pullup Jump shot,3PT Field Goal,Above the Break 3,Left Side Center(LC),24+ ft.,24.0,-122.0,218.0,1,1,20170105,IND,BKN
Shot Chart Detail,0021600536,70,201952,Jeff Teague,1610612754,Indiana Pacers,1,4,57,Missed Shot,Running Jump Shot,2PT Field Goal,Mid-Range,Left Side(L),8-16 ft.,10.0,-96.0,36.0,1,0,20170105,IND,BKN
Shot Chart Detail,0021600536,87,201952,Jeff Teague,1610612754,Indiana Pacers,1,3,39,Missed Shot,Pullup Jump shot,2PT Field Goal,Mid-Range,Center(C),16-24 ft.,18.0,-55.0,178.0,1,0,20170105,IND,BKN
Shot Chart Detail,0021600536,181,201952,Jeff Teague,1610612754,Indiana Pacers,2,5,52,Made Shot,Driving Layup Shot,2PT Field Goal,Restricted Area,Center(C),Less Than 8 ft.,1.0,15.0,13.0,1,1,20170105,IND,BKN
Shot Chart Detail,0021600536,192,201952,Jeff Teague,1610612754,Indiana Pacers,2,4,19,Made Shot,Running Jump Shot,2PT Field Goal,Mid-Range,Left Side Center(LC),16-24 ft.,19.0,-89.0,169.0,1,1,20170105,IND,BKN
Shot Chart Detail,0021600536,198,201952,Jeff Teague,1610612754,Indiana Pacers,2,3,55,Made Shot,Driving Finger Roll Layup Shot,2PT Field Goal,Restricted Area,Center(C),Less Than 8 ft.,2.0,19.0,13.0,1,1,20170105,IND,BKN
Shot Chart Detail,0021600536,246,201952,Jeff Teague,1610612754,Indiana Pacers,3,11,18,Made Shot,Layup Shot,2PT Field Goal,Restricted Area,Center(C),Less Than 8 ft.,1.0,0.0,11.0,1,1,20170105,IND,BKN
Shot Chart Detail,0021600536,248,201952,Jeff Teague,1610612754,Indiana Pacers,3,10,46,Missed Shot,Pullup Jump shot,2PT Field Goal,Restricted Area,Center(C),Less Than 8 ft.,2.0,-2.0,28.0,1,0,20170105,IND,BKN
Shot Chart Detail,0021600536,255,201952,Jeff Teague,1610612754,Indiana Pacers,3,10,6,Missed Shot,Driving Finger Roll Layup Shot,2PT Field Goal,Restricted Area,Center(C),Less Than 8 ft.,2.0,-17.0,11.0,1,0,20170105,IND,BKN
Shot Chart Detail,0021600536,316,201952,Jeff Teague,1610612754,Indiana Pacers,3,6,27,Made Shot,Driving Floating Jump Shot,2PT Field Goal,In The Paint (Non-RA),Center(C),Less Than 8 ft.,6.0,2.0,61.0,1,1,20170105,IND,BKN
Shot Chart Detail,0021600536,454,201952,Jeff Teague,1610612754,Indiana Pacers,4,3,13,Made Shot,Layup Shot,2PT Field Goal,Restricted Area,Center(C),Less Than 8 ft.,3.0,19.0,31.0,1,1,20170105,IND,BKN
Shot Chart Detail,0021600552,19,201952,Jeff Teague,1610612754,Indiana Pacers,1,10,7,Missed Shot,Pullup Jump shot,3PT Field Goal,Above the Break 3,Center(C),24+ ft.,25.0,-73.0,249.0,1,0,20170107,IND,NYK
Shot Chart Detail,0021600552,46,201952,Jeff Teague,1610612754,Indiana Pacers,1,6,29,Made Shot,Driving Floating Jump Shot,2PT Field Goal,In The Paint (Non-RA),Center(C),8-16 ft.,11.0,51.0,101.0,1,1,20170107,IND,NYK
Shot Chart Detail,0021600552,51,201952,Jeff Teague,1610612754,Indiana Pacers,1,5,36,Made Shot,Jump Shot,3PT Field Goal,Above the Break 3,Center(C),24+ ft.,26.0,-56.0,257.0,1,1,20170107,IND,NYK
Shot Chart Detail,0021600552,247,201952,Jeff Teague,1610612754,Indiana Pacers,2,0,49,Made Shot,Jump Shot,3PT Field Goal,Right Corner 3,Right Side(R),24+ ft.,23.0,235.0,21.0,1,1,20170107,IND,NYK
Shot Chart Detail,0021600552,276,201952,Jeff Teague,1610612754,Indiana Pacers,3,9,6,Made Shot,Jump Bank Shot,2PT Field Goal,Mid-Range,Right Side(R),8-16 ft.,14.0,122.0,70.0,1,1,20170107,IND,NYK
Shot Chart Detail,0021600552,467,201952,Jeff Teague,1610612754,Indiana Pacers,4,5,1,Missed Shot,Layup Shot,2PT Field Goal,Restricted Area,Center(C),Less Than 8 ft.,2.0,-1.0,26.0,1,0,20170107,IND,NYK
Shot Chart Detail,0021600552,534,201952,Jeff Teague,1610612754,Indiana Pacers,4,1,17,Missed Shot,Driving Layup Shot,2PT Field Goal,Restricted Area,Center(C),Less Than 8 ft.,1.0,-6.0,18.0,1,0,20170107,IND,NYK
Shot Chart Detail,0021600589,24,201952,Jeff Teague,1610612754,Indiana Pacers,1,9,22,Made Shot,Driving Finger Roll Layup Shot,2PT Field Goal,Restricted Area,Center(C),Less Than 8 ft.,3.0,28.0,18.0,1,1,20170112,DEN,IND
Shot Chart Detail,0021600589,31,201952,Jeff Teague,1610612754,Indiana Pacers,1,7,59,Made Shot,Layup Shot,2PT Field Goal,Restricted Area,Center(C),Less Than 8 ft.,2.0,17.0,11.0,1,1,20170112,DEN,IND
Shot Chart Detail,0021600589,59,201952,Jeff Teague,1610612754,Indiana Pacers,1,5,5,Made Shot,Floating Jump shot,2PT Field Goal,In The Paint (Non-RA),Center(C),Less Than 8 ft.,5.0,27.0,52.0,1,1,20170112,DEN,IND
Shot Chart Detail,0021600589,83,201952,Jeff Teague,1610612754,Indiana Pacers,1,3,11,Missed Shot,Jump Shot,3PT Field Goal,Above the Break 3,Center(C),24+ ft.,25.0,12.0,259.0,1,0,20170112,DEN,IND
Shot Chart Detail,0021600589,237,201952,Jeff Teague,1610612754,Indiana Pacers,2,2,34,Made Shot,Pullup Jump shot,2PT Field Goal,In The Paint (Non-RA),Right Side(R),8-16 ft.,10.0,53.0,85.0,1,1,20170112,DEN,IND
Shot Chart Detail,0021600589,300,201952,Jeff Teague,1610612754,Indiana Pacers,3,10,10,Missed Shot,Layup Shot,2PT Field Goal,Restricted Area,Center(C),Less Than 8 ft.,2.0,27.0,2.0,1,0,20170112,DEN,IND
Shot Chart Detail,0021600589,338,201952,Jeff Teague,1610612754,Indiana Pacers,3,6,49,Made Shot,Running Layup Shot,2PT Field Goal,Restricted Area,Center(C),Less Than 8 ft.,2.0,20.0,21.0,1,1,20170112,DEN,IND
Shot Chart Detail,0021600589,358,201952,Jeff Teague,1610612754,Indiana Pacers,3,4,19,Missed Shot,Floating Jump shot,2PT Field Goal,In The Paint (Non-RA),Center(C),Less Than 8 ft.,6.0,30.0,61.0,1,0,20170112,DEN,IND
Shot Chart Detail,0021600616,3,201952,Jeff Teague,1610612754,Indiana Pacers,1,11,29,Made Shot,Running Jump Shot,2PT Field Goal,In The Paint (Non-RA),Center(C),8-16 ft.,8.0,-6.0,85.0,1,1,20170116,IND,NOP
Shot Chart Detail,0021600616,5,201952,Jeff Teague,1610612754,Indiana Pacers,1,10,54,Made Shot,Pullup Jump shot,2PT Field Goal,Mid-Range,Left Side Center(LC),16-24 ft.,21.0,-132.0,169.0,1,1,20170116,IND,NOP
Shot Chart Detail,0021600616,42,201952,Jeff Teague,1610612754,Indiana Pacers,1,5,39,Made Shot,Step Back Jump shot,2PT Field Goal,Mid-Range,Left Side Center(LC),16-24 ft.,19.0,-94.0,169.0,1,1,20170116,IND,NOP
Shot Chart Detail,0021600616,174,201952,Jeff Teague,1610612754,Indiana Pacers,2,4,25,Made Shot,Floating Jump shot,2PT Field Goal,In The Paint (Non-RA),Center(C),8-16 ft.,8.0,-6.0,80.0,1,1,20170116,IND,NOP
Shot Chart Detail,0021600616,176,201952,Jeff Teague,1610612754,Indiana Pacers,2,3,54,Made Shot,Jump Shot,2PT Field Goal,In The Paint (Non-RA),Center(C),Less Than 8 ft.,6.0,-58.0,36.0,1,1,20170116,IND,NOP
Shot Chart Detail,0021600616,239,201952,Jeff Teague,1610612754,Indiana Pacers,3,10,43,Made Shot,Step Back Jump shot,2PT Field Goal,Mid-Range,Left Side(L),8-16 ft.,12.0,-86.0,90.0,1,1,20170116,IND,NOP
Shot Chart Detail,0021600616,289,201952,Jeff Teague,1610612754,Indiana Pacers,3,4,42,Missed Shot,Jump Shot,3PT Field Goal,Above the Break 3,Center(C),24+ ft.,27.0,-78.0,262.0,1,0,20170116,IND,NOP
Shot Chart Detail,0021600616,312,201952,Jeff Teague,1610612754,Indiana Pacers,3,2,37,Missed Shot,Jump Shot,3PT Field Goal,Above the Break 3,Left Side Center(LC),24+ ft.,25.0,-194.0,169.0,1,0,20170116,IND,NOP
Shot Chart Detail,0021600616,434,201952,Jeff Teague,1610612754,Indiana Pacers,4,3,55,Made Shot,Jump Shot,3PT Field Goal,Above the Break 3,Center(C),24+ ft.,26.0,27.0,267.0,1,1,20170116,IND,NOP
Shot Chart Detail,0021600616,459,201952,Jeff Teague,1610612754,Indiana Pacers,4,0,59,Missed Shot,Floating Jump shot,2PT Field Goal,Mid-Range,Right Side Center(RC),16-24 ft.,18.0,66.0,175.0,1,0,20170116,IND,NOP
Shot Chart Detail,0021600635,28,201952,Jeff Teague,1610612754,Indiana Pacers,1,9,3,Missed Shot,Driving Layup Shot,2PT Field Goal,Restricted Area,Center(C),Less Than 8 ft.,3.0,-34.0,13.0,1,0,20170118,SAC,IND
Shot Chart Detail,0021600635,196,201952,Jeff Teague,1610612754,Indiana Pacers,2,3,44,Made Shot,Pullup Jump shot,2PT Field Goal,In The Paint (Non-RA),Center(C),8-16 ft.,11.0,12.0,111.0,1,1,20170118,SAC,IND
Shot Chart Detail,0021600635,289,201952,Jeff Teague,1610612754,Indiana Pacers,3,6,35,Made Shot,Floating Jump shot,2PT Field Goal,Mid-Range,Right Side(R),8-16 ft.,8.0,86.0,21.0,1,1,20170118,SAC,IND
Shot Chart Detail,0021600635,326,201952,Jeff Teague,1610612754,Indiana Pacers,3,3,16,Made Shot,Jump Shot,3PT Field Goal,Above the Break 3,Right Side Center(RC),24+ ft.,25.0,197.0,164.0,1,1,20170118,SAC,IND
Shot Chart Detail,0021600635,342,201952,Jeff Teague,1610612754,Indiana Pacers,3,1,29,Made Shot,Floating Jump shot,2PT Field Goal,In The Paint (Non-RA),Left Side(L),8-16 ft.,8.0,-79.0,21.0,1,1,20170118,SAC,IND
Shot Chart Detail,0021600635,409,201952,Jeff Teague,1610612754,Indiana Pacers,4,6,30,Made Shot,Running Layup Shot,2PT Field Goal,Restricted Area,Center(C),Less Than 8 ft.,2.0,-22.0,2.0,1,1,20170118,SAC,IND
Shot Chart Detail,0021600649,44,201952,Jeff Teague,1610612754,Indiana Pacers,1,5,58,Missed Shot,Driving Floating Jump Shot,2PT Field Goal,In The Paint (Non-RA),Center(C),Less Than 8 ft.,5.0,-47.0,28.0,1,0,20170120,LAL,IND
Shot Chart Detail,0021600649,48,201952,Jeff Teague,1610612754,Indiana Pacers,1,5,35,Made Shot,Jump Shot,3PT Field Goal,Above the Break 3,Left Side Center(LC),24+ ft.,27.0,-189.0,197.0,1,1,20170120,LAL,IND
Shot Chart Detail,0021600649,60,201952,Jeff Teague,1610612754,Indiana Pacers,1,4,54,Missed Shot,Jump Shot,3PT Field Goal,Above the Break 3,Center(C),24+ ft.,26.0,16.0,261.0,1,0,20170120,LAL,IND
Shot Chart Detail,0021600649,84,201952,Jeff Teague,1610612754,Indiana Pacers,1,2,23,Missed Shot,Running Layup Shot,2PT Field Goal,Restricted Area,Center(C),Less Than 8 ft.,2.0,-18.0,18.0,1,0,20170120,LAL,IND
Shot Chart Detail,0021600649,193,201952,Jeff Teague,1610612754,Indiana Pacers,2,6,20,Missed Shot,Jump Shot,3PT Field Goal,Above the Break 3,Left Side Center(LC),24+ ft.,26.0,-135.0,232.0,1,0,20170120,LAL,IND
Shot Chart Detail,0021600649,272,201952,Jeff Teague,1610612754,Indiana Pacers,2,0,36,Made Shot,Layup Shot,2PT Field Goal,Restricted Area,Center(C),Less Than 8 ft.,2.0,-23.0,1.0,1,1,20170120,LAL,IND
Shot Chart Detail,0021600649,333,201952,Jeff Teague,1610612754,Indiana Pacers,3,6,36,Made Shot,Driving Layup Shot,2PT Field Goal,Restricted Area,Center(C),Less Than 8 ft.,1.0,13.0,11.0,1,1,20170120,LAL,IND
Shot Chart Detail,0021600649,458,201952,Jeff Teague,1610612754,Indiana Pacers,4,8,5,Missed Shot,Floating Jump shot,2PT Field Goal,In The Paint (Non-RA),Center(C),Less Than 8 ft.,5.0,-39.0,41.0,1,0,20170120,LAL,IND
Shot Chart Detail,0021600649,487,201952,Jeff Teague,1610612754,Indiana Pacers,4,4,55,Missed Shot,Jump Shot,2PT Field Goal,In The Paint (Non-RA),Center(C),Less Than 8 ft.,4.0,39.0,21.0,1,0,20170120,LAL,IND
Shot Chart Detail,0021600659,34,201952,Jeff Teague,1610612754,Indiana Pacers,1,7,37,Missed Shot,Jump Shot,2PT Field Goal,Mid-Range,Center(C),16-24 ft.,18.0,12.0,188.0,1,0,20170121,UTA,IND
Shot Chart Detail,0021600659,183,201952,Jeff Teague,1610612754,Indiana Pacers,2,6,25,Missed Shot,Driving Floating Jump Shot,2PT Field Goal,In The Paint (Non-RA),Center(C),8-16 ft.,9.0,-34.0,90.0,1,0,20170121,UTA,IND
Shot Chart Detail,0021600659,197,201952,Jeff Teague,1610612754,Indiana Pacers,2,5,20,Made Shot,Driving Layup Shot,2PT Field Goal,Restricted Area,Center(C),Less Than 8 ft.,1.0,12.0,3.0,1,1,20170121,UTA,IND
Shot Chart Detail,0021600659,218,201952,Jeff Teague,1610612754,Indiana Pacers,2,2,32,Made Shot,Driving Floating Jump Shot,2PT Field Goal,In The Paint (Non-RA),Center(C),Less Than 8 ft.,6.0,10.0,62.0,1,1,20170121,UTA,IND
Shot Chart Detail,0021600659,249,201952,Jeff Teague,1610612754,Indiana Pacers,2,0,15,Made Shot,Jump Shot,3PT Field Goal,Above the Break 3,Right Side Center(RC),24+ ft.,24.0,120.0,218.0,1,1,20170121,UTA,IND
Shot Chart Detail,0021600659,255,201952,Jeff Teague,1610612754,Indiana Pacers,3,11,45,Missed Shot,Driving Floating Bank Jump Shot,2PT Field Goal,In The Paint (Non-RA),Center(C),Less Than 8 ft.,7.0,-65.0,41.0,1,0,20170121,UTA,IND
Shot Chart Detail,0021600659,273,201952,Jeff Teague,1610612754,Indiana Pacers,3,8,31,Missed Shot,Floating Jump shot,2PT Field Goal,In The Paint (Non-RA),Center(C),Less Than 8 ft.,5.0,37.0,46.0,1,0,20170121,UTA,IND
Shot Chart Detail,0021600659,286,201952,Jeff Teague,1610612754,Indiana Pacers,3,7,41,Missed Shot,Driving Layup Shot,2PT Field Goal,Restricted Area,Center(C),Less Than 8 ft.,2.0,-20.0,2.0,1,0,20170121,UTA,IND
Shot Chart Detail,0021600659,304,201952,Jeff Teague,1610612754,Indiana Pacers,3,5,23,Missed Shot,Jump Shot,2PT Field Goal,Restricted Area,Center(C),Less Than 8 ft.,3.0,-27.0,23.0,1,0,20170121,UTA,IND
Shot Chart Detail,0021600659,379,201952,Jeff Teague,1610612754,Indiana Pacers,4,10,37,Made Shot,Driving Floating Jump Shot,2PT Field Goal,In The Paint (Non-RA),Center(C),8-16 ft.,10.0,14.0,105.0,1,1,20170121,UTA,IND
Shot Chart Detail,0021600659,403,201952,Jeff Teague,1610612754,Indiana Pacers,4,8,38,Made Shot,Running Layup Shot,2PT Field Goal,Restricted Area,Center(C),Less Than 8 ft.,1.0,-19.0,0.0,1,1,20170121,UTA,IND
Shot Chart Detail,0021600659,478,201952,Jeff Teague,1610612754,Indiana Pacers,4,2,27,Missed Shot,Turnaround Fadeaway shot,2PT Field Goal,Mid-Range,Right Side(R),8-16 ft.,11.0,91.0,62.0,1,0,20170121,UTA,IND
Shot Chart Detail,0021600659,525,201952,Jeff Teague,1610612754,Indiana Pacers,4,0,8,Made Shot,Driving Layup Shot,2PT Field Goal,Restricted Area,Center(C),Less Than 8 ft.,2.0,-24.0,2.0,1,1,20170121,UTA,IND
Shot Chart Detail,0021600672,58,201952,Jeff Teague,1610612754,Indiana Pacers,1,6,42,Made Shot,Layup Shot,2PT Field Goal,Restricted Area,Center(C),Less Than 8 ft.,2.0,-24.0,11.0,1,1,20170123,IND,NYK
Shot Chart Detail,0021600672,65,201952,Jeff Teague,1610612754,Indiana Pacers,1,5,47,Missed Shot,Jump Shot,3PT Field Goal,Above the Break 3,Left Side Center(LC),24+ ft.,26.0,-150.0,214.0,1,0,20170123,IND,NYK
Shot Chart Detail,0021600672,76,201952,Jeff Teague,1610612754,Indiana Pacers,1,4,51,Missed Shot,Jump Shot,2PT Field Goal,Mid-Range,Left Side(L),16-24 ft.,19.0,-166.0,105.0,1,0,20170123,IND,NYK
Shot Chart Detail,0021600672,217,201952,Jeff Teague,1610612754,Indiana Pacers,2,5,1,Missed Shot,Jump Shot,3PT Field Goal,Above the Break 3,Center(C),24+ ft.,27.0,-9.0,272.0,1,0,20170123,IND,NYK
Shot Chart Detail,0021600672,240,201952,Jeff Teague,1610612754,Indiana Pacers,2,3,32,Missed Shot,Floating Jump shot,2PT Field Goal,In The Paint (Non-RA),Center(C),8-16 ft.,10.0,-16.0,100.0,1,0,20170123,IND,NYK
Shot Chart Detail,0021600672,265,201952,Jeff Teague,1610612754,Indiana Pacers,2,1,3,Made Shot,Pullup Jump shot,2PT Field Goal,Mid-Range,Left Side Center(LC),16-24 ft.,17.0,-114.0,139.0,1,1,20170123,IND,NYK
Shot Chart Detail,0021600672,332,201952,Jeff Teague,1610612754,Indiana Pacers,3,7,13,Made Shot,Pullup Jump shot,3PT Field Goal,Above the Break 3,Center(C),24+ ft.,27.0,-63.0,267.0,1,1,20170123,IND,NYK
Shot Chart Detail,0021600672,345,201952,Jeff Teague,1610612754,Indiana Pacers,3,5,10,Missed Shot,Driving Layup Shot,2PT Field Goal,Restricted Area,Center(C),Less Than 8 ft.,1.0,-14.0,11.0,1,0,20170123,IND,NYK
Shot Chart Detail,0021600672,457,201952,Jeff Teague,1610612754,Indiana Pacers,4,4,42,Missed Shot,Floating Jump shot,2PT Field Goal,In The Paint (Non-RA),Center(C),Less Than 8 ft.,5.0,15.0,51.0,1,0,20170123,IND,NYK
Shot Chart Detail,0021600691,32,201952,Jeff Teague,1610612754,Indiana Pacers,1,7,36,Missed Shot,Jump Shot,3PT Field Goal,Above the Break 3,Right Side Center(RC),24+ ft.,24.0,97.0,224.0,1,0,20170126,MIN,IND
Shot Chart Detail,0021600691,196,201952,Jeff Teague,1610612754,Indiana Pacers,2,4,21,Made Shot,Jump Shot,3PT Field Goal,Above the Break 3,Center(C),24+ ft.,24.0,-66.0,237.0,1,1,20170126,MIN,IND
Shot Chart Detail,0021600691,201,201952,Jeff Teague,1610612754,Indiana Pacers,2,4,12,Made Shot,Jump Shot,2PT Field Goal,In The Paint (Non-RA),Left Side(L),8-16 ft.,13.0,-70.0,115.0,1,1,20170126,MIN,IND
Shot Chart Detail,0021600691,206,201952,Jeff Teague,1610612754,Indiana Pacers,2,3,28,Missed Shot,Driving Layup Shot,2PT Field Goal,Restricted Area,Center(C),Less Than 8 ft.,1.0,-9.0,16.0,1,0,20170126,MIN,IND
Shot Chart Detail,0021600691,217,201952,Jeff Teague,1610612754,Indiana Pacers,2,2,20,Made Shot,Floating Jump shot,2PT Field Goal,Restricted Area,Center(C),Less Than 8 ft.,3.0,-22.0,33.0,1,1,20170126,MIN,IND
Shot Chart Detail,0021600691,220,201952,Jeff Teague,1610612754,Indiana Pacers,2,1,50,Made Shot,Floating Jump shot,2PT Field Goal,Mid-Range,Left Side(L),8-16 ft.,14.0,-96.0,110.0,1,1,20170126,MIN,IND
Shot Chart Detail,0021600691,233,201952,Jeff Teague,1610612754,Indiana Pacers,2,0,12,Missed Shot,Floating Jump shot,2PT Field Goal,Restricted Area,Center(C),Less Than 8 ft.,3.0,24.0,31.0,1,0,20170126,MIN,IND
Shot Chart Detail,0021600691,325,201952,Jeff Teague,1610612754,Indiana Pacers,3,2,41,Made Shot,Jump Shot,3PT Field Goal,Above the Break 3,Right Side Center(RC),24+ ft.,24.0,110.0,224.0,1,1,20170126,MIN,IND
Shot Chart Detail,0021600691,327,201952,Jeff Teague,1610612754,Indiana Pacers,3,2,12,Missed Shot,Layup Shot,2PT Field Goal,Restricted Area,Center(C),Less Than 8 ft.,1.0,12.0,13.0,1,0,20170126,MIN,IND
Shot Chart Detail,0021600691,331,201952,Jeff Teague,1610612754,Indiana Pacers,3,1,33,Missed Shot,Jump Shot,3PT Field Goal,Above the Break 3,Center(C),24+ ft.,24.0,-7.0,249.0,1,0,20170126,MIN,IND
Shot Chart Detail,0021600691,439,201952,Jeff Teague,1610612754,Indiana Pacers,4,4,47,Made Shot,Floating Jump shot,2PT Field Goal,In The Paint (Non-RA),Center(C),Less Than 8 ft.,6.0,14.0,65.0,1,1,20170126,MIN,IND
Shot Chart Detail,0021600691,467,201952,Jeff Teague,1610612754,Indiana Pacers,4,1,55,Made Shot,Pullup Jump shot,3PT Field Goal,Above the Break 3,Center(C),24+ ft.,24.0,1.0,249.0,1,1,20170126,MIN,IND
Shot Chart Detail,0021600691,471,201952,Jeff Teague,1610612754,Indiana Pacers,4,1,25,Missed Shot,Jump Shot,2PT Field Goal,Mid-Range,Left Side Center(LC),16-24 ft.,22.0,-109.0,198.0,1,0,20170126,MIN,IND
Shot Chart Detail,0021600696,6,201952,Jeff Teague,1610612754,Indiana Pacers,1,10,35,Made Shot,Jump Shot,3PT Field Goal,Above the Break 3,Center(C),24+ ft.,25.0,4.0,259.0,1,1,20170127,IND,SAC
Shot Chart Detail,0021600696,41,201952,Jeff Teague,1610612754,Indiana Pacers,1,5,16,Made Shot,Driving Floating Jump Shot,2PT Field Goal,In The Paint (Non-RA),Center(C),8-16 ft.,8.0,-7.0,85.0,1,1,20170127,IND,SAC
Shot Chart Detail,0021600696,47,201952,Jeff Teague,1610612754,Indiana Pacers,1,4,38,Made Shot,Jump Shot,2PT Field Goal,Mid-Range,Center(C),8-16 ft.,15.0,-2.0,156.0,1,1,20170127,IND,SAC
Shot Chart Detail,0021600696,208,201952,Jeff Teague,1610612754,Indiana Pacers,2,1,56,Missed Shot,Jump Shot,3PT Field Goal,Above the Break 3,Left Side Center(LC),24+ ft.,24.0,-94.0,228.0,1,0,20170127,IND,SAC
Shot Chart Detail,0021600696,290,201952,Jeff Teague,1610612754,Indiana Pacers,3,7,24,Missed Shot,Driving Finger Roll Layup Shot,2PT Field Goal,Restricted Area,Center(C),Less Than 8 ft.,3.0,-20.0,31.0,1,0,20170127,IND,SAC
Shot Chart Detail,0021600696,317,201952,Jeff Teague,1610612754,Indiana Pacers,3,5,5,Made Shot,Floating Jump shot,2PT Field Goal,In The Paint (Non-RA),Center(C),8-16 ft.,10.0,-34.0,95.0,1,1,20170127,IND,SAC
Shot Chart Detail,0021600696,413,201952,Jeff Teague,1610612754,Indiana Pacers,4,9,37,Missed Shot,Jump Shot,3PT Field Goal,Above the Break 3,Center(C),24+ ft.,27.0,-17.0,277.0,1,0,20170127,IND,SAC
Shot Chart Detail,0021600696,430,201952,Jeff Teague,1610612754,Indiana Pacers,4,8,12,Missed Shot,Running Finger Roll Layup Shot,2PT Field Goal,Restricted Area,Center(C),Less Than 8 ft.,1.0,14.0,11.0,1,0,20170127,IND,SAC
Shot Chart Detail,0021600696,442,201952,Jeff Teague,1610612754,Indiana Pacers,4,7,18,Made Shot,Floating Jump shot,2PT Field Goal,Mid-Range,Center(C),16-24 ft.,16.0,12.0,160.0,1,1,20170127,IND,SAC
Shot Chart Detail,0021600696,481,201952,Jeff Teague,1610612754,Indiana Pacers,4,3,39,Missed Shot,Floating Jump shot,2PT Field Goal,In The Paint (Non-RA),Center(C),8-16 ft.,11.0,9.0,110.0,1,0,20170127,IND,SAC
Shot Chart Detail,0021600696,553,201952,Jeff Teague,1610612754,Indiana Pacers,5,3,28,Missed Shot,Finger Roll Layup Shot,2PT Field Goal,In The Paint (Non-RA),Center(C),Less Than 8 ft.,4.0,12.0,41.0,1,0,20170127,IND,SAC
Shot Chart Detail,0021600713,26,201952,Jeff Teague,1610612754,Indiana Pacers,1,9,11,Made Shot,Cutting Layup Shot,2PT Field Goal,Restricted Area,Center(C),Less Than 8 ft.,3.0,25.0,21.0,1,1,20170129,IND,HOU
Shot Chart Detail,0021600713,73,201952,Jeff Teague,1610612754,Indiana Pacers,1,4,37,Missed Shot,Floating Jump shot,2PT Field Goal,In The Paint (Non-RA),Center(C),8-16 ft.,12.0,43.0,115.0,1,0,20170129,IND,HOU
Shot Chart Detail,0021600713,186,201952,Jeff Teague,1610612754,Indiana Pacers,2,6,13,Made Shot,Driving Layup Shot,2PT Field Goal,Restricted Area,Center(C),Less Than 8 ft.,1.0,6.0,11.0,1,1,20170129,IND,HOU
Shot Chart Detail,0021600713,221,201952,Jeff Teague,1610612754,Indiana Pacers,2,2,32,Missed Shot,Jump Shot,3PT Field Goal,Above the Break 3,Right Side Center(RC),24+ ft.,26.0,156.0,218.0,1,0,20170129,IND,HOU
Shot Chart Detail,0021600713,243,201952,Jeff Teague,1610612754,Indiana Pacers,2,1,16,Missed Shot,Layup Shot,2PT Field Goal,Restricted Area,Center(C),Less Than 8 ft.,1.0,-12.0,0.0,1,0,20170129,IND,HOU
Shot Chart Detail,0021600713,321,201952,Jeff Teague,1610612754,Indiana Pacers,3,6,30,Missed Shot,Step Back Jump shot,2PT Field Goal,Mid-Range,Center(C),16-24 ft.,18.0,-7.0,183.0,1,0,20170129,IND,HOU
Shot Chart Detail,0021600713,352,201952,Jeff Teague,1610612754,Indiana Pacers,3,4,6,Made Shot,Driving Finger Roll Layup Shot,2PT Field Goal,Restricted Area,Center(C),Less Than 8 ft.,2.0,22.0,11.0,1,1,20170129,IND,HOU
Shot Chart Detail,0021600713,378,201952,Jeff Teague,1610612754,Indiana Pacers,3,2,31,Made Shot,Floating Jump shot,2PT Field Goal,In The Paint (Non-RA),Center(C),Less Than 8 ft.,5.0,-35.0,46.0,1,1,20170129,IND,HOU
Shot Chart Detail,0021600713,409,201952,Jeff Teague,1610612754,Indiana Pacers,3,0,2,Missed Shot,Pullup Jump shot,3PT Field Goal,Above the Break 3,Center(C),24+ ft.,26.0,-52.0,257.0,1,0,20170129,IND,HOU
Shot Chart Detail,0021600713,493,201952,Jeff Teague,1610612754,Indiana Pacers,4,2,33,Made Shot,Driving Finger Roll Layup Shot,2PT Field Goal,Restricted Area,Center(C),Less Than 8 ft.,2.0,-19.0,11.0,1,1,20170129,IND,HOU
Shot Chart Detail,0021600730,21,201952,Jeff Teague,1610612754,Indiana Pacers,1,8,39,Made Shot,Pullup Jump shot,3PT Field Goal,Above the Break 3,Center(C),24+ ft.,25.0,55.0,244.0,1,1,20170201,ORL,IND
Shot Chart Detail,0021600730,249,201952,Jeff Teague,1610612754,Indiana Pacers,2,1,28,Missed Shot,Floating Jump shot,2PT Field Goal,In The Paint (Non-RA),Center(C),Less Than 8 ft.,5.0,-38.0,46.0,1,0,20170201,ORL,IND
Shot Chart Detail,0021600730,316,201952,Jeff Teague,1610612754,Indiana Pacers,3,6,29,Made Shot,Driving Floating Jump Shot,2PT Field Goal,In The Paint (Non-RA),Center(C),Less Than 8 ft.,7.0,-11.0,75.0,1,1,20170201,ORL,IND
Shot Chart Detail,0021600730,452,201952,Jeff Teague,1610612754,Indiana Pacers,4,6,45,Missed Shot,Jump Shot,3PT Field Goal,Above the Break 3,Center(C),24+ ft.,27.0,68.0,262.0,1,0,20170201,ORL,IND
Shot Chart Detail,0021600730,484,201952,Jeff Teague,1610612754,Indiana Pacers,4,4,32,Missed Shot,Pullup Jump shot,2PT Field Goal,Mid-Range,Center(C),16-24 ft.,22.0,-1.0,224.0,1,0,20170201,ORL,IND
Shot Chart Detail,0021600747,33,201952,Jeff Teague,1610612754,Indiana Pacers,1,9,22,Missed Shot,Jump Shot,2PT Field Goal,In The Paint (Non-RA),Center(C),8-16 ft.,12.0,0.0,124.0,1,0,20170203,BKN,IND
Shot Chart Detail,0021600747,35,201952,Jeff Teague,1610612754,Indiana Pacers,1,9,19,Made Shot,Layup Shot,2PT Field Goal,Restricted Area,Center(C),Less Than 8 ft.,2.0,-24.0,-5.0,1,1,20170203,BKN,IND
Shot Chart Detail,0021600747,44,201952,Jeff Teague,1610612754,Indiana Pacers,1,8,25,Made Shot,Jump Shot,3PT Field Goal,Above the Break 3,Left Side Center(LC),24+ ft.,24.0,-130.0,208.0,1,1,20170203,BKN,IND
Shot Chart Detail,0021600747,237,201952,Jeff Teague,1610612754,Indiana Pacers,2,2,3,Made Shot,Driving Layup Shot,2PT Field Goal,Restricted Area,Center(C),Less Than 8 ft.,2.0,-22.0,-1.0,1,1,20170203,BKN,IND
Shot Chart Detail,0021600747,246,201952,Jeff Teague,1610612754,Indiana Pacers,2,0,55,Missed Shot,Driving Layup Shot,2PT Field Goal,Restricted Area,Center(C),Less Than 8 ft.,1.0,-12.0,2.0,1,0,20170203,BKN,IND
Shot Chart Detail,0021600747,269,201952,Jeff Teague,1610612754,Indiana Pacers,3,10,54,Made Shot,Running Jump Shot,2PT Field Goal,In The Paint (Non-RA),Center(C),Less Than 8 ft.,5.0,2.0,57.0,1,1,20170203,BKN,IND
Shot Chart Detail,0021600747,272,201952,Jeff Teague,1610612754,Indiana Pacers,3,10,27,Made Shot,Jump Shot,3PT Field Goal,Above the Break 3,Right Side Center(RC),24+ ft.,24.0,105.0,223.0,1,1,20170203,BKN,IND
Shot Chart Detail,0021600747,468,201952,Jeff Teague,1610612754,Indiana Pacers,4,6,57,Missed Shot,Running Jump Shot,2PT Field Goal,In The Paint (Non-RA),Center(C),Less Than 8 ft.,6.0,-2.0,62.0,1,0,20170203,BKN,IND
Shot Chart Detail,0021600747,483,201952,Jeff Teague,1610612754,Indiana Pacers,4,5,54,Missed Shot,Driving Layup Shot,2PT Field Goal,Restricted Area,Center(C),Less Than 8 ft.,1.0,2.0,16.0,1,0,20170203,BKN,IND
Shot Chart Detail,0021600747,532,201952,Jeff Teague,1610612754,Indiana Pacers,4,1,21,Made Shot,Driving Layup Shot,2PT Field Goal,Restricted Area,Center(C),Less Than 8 ft.,1.0,12.0,-6.0,1,1,20170203,BKN,IND
Shot Chart Detail,0021600757,55,201952,Jeff Teague,1610612754,Indiana Pacers,1,4,58,Made Shot,Driving Layup Shot,2PT Field Goal,Restricted Area,Center(C),Less Than 8 ft.,3.0,30.0,23.0,1,1,20170204,IND,DET
Shot Chart Detail,0021600757,62,201952,Jeff Teague,1610612754,Indiana Pacers,1,4,24,Missed Shot,Jump Shot,3PT Field Goal,Above the Break 3,Left Side Center(LC),24+ ft.,25.0,-109.0,228.0,1,0,20170204,IND,DET
Shot Chart Detail,0021600757,65,201952,Jeff Teague,1610612754,Indiana Pacers,1,3,50,Missed Shot,Jump Shot,3PT Field Goal,Above the Break 3,Center(C),24+ ft.,25.0,-66.0,244.0,1,0,20170204,IND,DET
Shot Chart Detail,0021600757,203,201952,Jeff Teague,1610612754,Indiana Pacers,2,5,8,Made Shot,Jump Shot,2PT Field Goal,In The Paint (Non-RA),Center(C),Less Than 8 ft.,7.0,-53.0,47.0,1,1,20170204,IND,DET
Shot Chart Detail,0021600757,214,201952,Jeff Teague,1610612754,Indiana Pacers,2,4,14,Made Shot,Floating Jump shot,2PT Field Goal,In The Paint (Non-RA),Center(C),8-16 ft.,10.0,14.0,105.0,1,1,20170204,IND,DET
Shot Chart Detail,0021600757,243,201952,Jeff Teague,1610612754,Indiana Pacers,2,1,57,Missed Shot,Jump Shot,2PT Field Goal,In The Paint (Non-RA),Center(C),Less Than 8 ft.,6.0,15.0,65.0,1,0,20170204,IND,DET
Shot Chart Detail,0021600757,248,201952,Jeff Teague,1610612754,Indiana Pacers,2,0,51,Missed Shot,Jump Shot,2PT Field Goal,In The Paint (Non-RA),Center(C),Less Than 8 ft.,6.0,4.0,62.0,1,0,20170204,IND,DET
Shot Chart Detail,0021600757,251,201952,Jeff Teague,1610612754,Indiana Pacers,2,0,29,Missed Shot,Jump Shot,3PT Field Goal,Above the Break 3,Right Side Center(RC),24+ ft.,25.0,181.0,178.0,1,0,20170204,IND,DET
Shot Chart Detail,0021600757,322,201952,Jeff Teague,1610612754,Indiana Pacers,3,5,13,Made Shot,Jump Shot,2PT Field Goal,Mid-Range,Right Side Center(RC),16-24 ft.,18.0,146.0,110.0,1,1,20170204,IND,DET
Shot Chart Detail,0021600757,340,201952,Jeff Teague,1610612754,Indiana Pacers,3,2,57,Missed Shot,Floating Jump shot,2PT Field Goal,Mid-Range,Right Side(R),8-16 ft.,15.0,125.0,85.0,1,0,20170204,IND,DET
Shot Chart Detail,0021600757,343,201952,Jeff Teague,1610612754,Indiana Pacers,3,2,44,Missed Shot,Running Layup Shot,2PT Field Goal,Restricted Area,Center(C),Less Than 8 ft.,2.0,9.0,21.0,1,0,20170204,IND,DET
Shot Chart Detail,0021600757,442,201952,Jeff Teague,1610612754,Indiana Pacers,4,4,17,Made Shot,Driving Reverse Layup Shot,2PT Field Goal,Restricted Area,Center(C),Less Than 8 ft.,1.0,9.0,11.0,1,1,20170204,IND,DET
Shot Chart Detail,0021600757,449,201952,Jeff Teague,1610612754,Indiana Pacers,4,3,15,Missed Shot,Running Layup Shot,2PT Field Goal,Restricted Area,Center(C),Less Than 8 ft.,2.0,27.0,7.0,1,0,20170204,IND,DET
Shot Chart Detail,0021600770,10,201952,Jeff Teague,1610612754,Indiana Pacers,1,10,49,Missed Shot,Jump Shot,3PT Field Goal,Above the Break 3,Left Side Center(LC),24+ ft.,25.0,-173.0,193.0,1,0,20170206,IND,OKC
Shot Chart Detail,0021600770,41,201952,Jeff Teague,1610612754,Indiana Pacers,1,8,2,Missed Shot,Jump Shot,2PT Field Goal,Restricted Area,Center(C),Less Than 8 ft.,3.0,-24.0,26.0,1,0,20170206,IND,OKC
Shot Chart Detail,0021600770,45,201952,Jeff Teague,1610612754,Indiana Pacers,1,7,21,Missed Shot,Driving Finger Roll Layup Shot,2PT Field Goal,Restricted Area,Center(C),Less Than 8 ft.,3.0,-19.0,28.0,1,0,20170206,IND,OKC
Shot Chart Detail,0021600770,49,201952,Jeff Teague,1610612754,Indiana Pacers,1,7,3,Made Shot,Jump Shot,3PT Field Goal,Left Corner 3,Left Side(L),24+ ft.,24.0,-240.0,21.0,1,1,20170206,IND,OKC
Shot Chart Detail,0021600770,77,201952,Jeff Teague,1610612754,Indiana Pacers,1,4,47,Missed Shot,Jump Shot,3PT Field Goal,Left Corner 3,Left Side(L),24+ ft.,23.0,-237.0,2.0,1,0,20170206,IND,OKC
Shot Chart Detail,0021600770,107,201952,Jeff Teague,1610612754,Indiana Pacers,1,2,58,Made Shot,Layup Shot,2PT Field Goal,Restricted Area,Center(C),Less Than 8 ft.,1.0,17.0,3.0,1,1,20170206,IND,OKC
Shot Chart Detail,0021600770,232,201952,Jeff Teague,1610612754,Indiana Pacers,2,3,39,Missed Shot,Driving Layup Shot,2PT Field Goal,Restricted Area,Center(C),Less Than 8 ft.,3.0,32.0,16.0,1,0,20170206,IND,OKC
Shot Chart Detail,0021600770,266,201952,Jeff Teague,1610612754,Indiana Pacers,2,1,22,Made Shot,Driving Floating Jump Shot,2PT Field Goal,In The Paint (Non-RA),Center(C),Less Than 8 ft.,6.0,10.0,61.0,1,1,20170206,IND,OKC
Shot Chart Detail,0021600770,306,201952,Jeff Teague,1610612754,Indiana Pacers,3,9,46,Missed Shot,Running Finger Roll Layup Shot,2PT Field Goal,Restricted Area,Center(C),Less Than 8 ft.,2.0,9.0,26.0,1,0,20170206,IND,OKC
Shot Chart Detail,0021600770,314,201952,Jeff Teague,1610612754,Indiana Pacers,3,9,22,Missed Shot,Running Layup Shot,2PT Field Goal,Restricted Area,Center(C),Less Than 8 ft.,2.0,14.0,26.0,1,0,20170206,IND,OKC
Shot Chart Detail,0021600770,393,201952,Jeff Teague,1610612754,Indiana Pacers,3,2,35,Made Shot,Driving Layup Shot,2PT Field Goal,Restricted Area,Center(C),Less Than 8 ft.,1.0,-14.0,13.0,1,1,20170206,IND,OKC
Shot Chart Detail,0021600770,396,201952,Jeff Teague,1610612754,Indiana Pacers,3,2,15,Missed Shot,Driving Finger Roll Layup Shot,2PT Field Goal,Restricted Area,Center(C),Less Than 8 ft.,3.0,30.0,11.0,1,0,20170206,IND,OKC
Shot Chart Detail,0021600770,480,201952,Jeff Teague,1610612754,Indiana Pacers,4,7,11,Made Shot,Jump Shot,3PT Field Goal,Above the Break 3,Center(C),24+ ft.,25.0,1.0,254.0,1,1,20170206,IND,OKC
Shot Chart Detail,0021600770,504,201952,Jeff Teague,1610612754,Indiana Pacers,4,4,47,Made Shot,Driving Layup Shot,2PT Field Goal,Restricted Area,Center(C),Less Than 8 ft.,2.0,-12.0,16.0,1,1,20170206,IND,OKC
Shot Chart Detail,0021600770,515,201952,Jeff Teague,1610612754,Indiana Pacers,4,4,21,Missed Shot,Jump Shot,2PT Field Goal,Restricted Area,Center(C),Less Than 8 ft.,3.0,9.0,38.0,1,0,20170206,IND,OKC
Shot Chart Detail,0021600770,526,201952,Jeff Teague,1610612754,Indiana Pacers,4,3,8,Missed Shot,Driving Finger Roll Layup Shot,2PT Field Goal,In The Paint (Non-RA),Center(C),Less Than 8 ft.,4.0,22.0,36.0,1,0,20170206,IND,OKC
Shot Chart Detail,0021600783,33,201952,Jeff Teague,1610612754,Indiana Pacers,1,7,32,Missed Shot,Jump Shot,3PT Field Goal,Above the Break 3,Left Side Center(LC),24+ ft.,26.0,-225.0,131.0,1,0,20170208,IND,CLE
Shot Chart Detail,0021600783,59,201952,Jeff Teague,1610612754,Indiana Pacers,1,4,57,Made Shot,Jump Shot,3PT Field Goal,Above the Break 3,Center(C),24+ ft.,25.0,58.0,247.0,1,1,20170208,IND,CLE
Shot Chart Detail,0021600783,78,201952,Jeff Teague,1610612754,Indiana Pacers,1,2,26,Made Shot,Jump Shot,3PT Field Goal,Above the Break 3,Left Side Center(LC),24+ ft.,25.0,-158.0,205.0,1,1,20170208,IND,CLE
Shot Chart Detail,0021600783,110,201952,Jeff Teague,1610612754,Indiana Pacers,1,0,1,Missed Shot,Driving Finger Roll Layup Shot,2PT Field Goal,Restricted Area,Center(C),Less Than 8 ft.,3.0,28.0,16.0,1,0,20170208,IND,CLE
Shot Chart Detail,0021600783,205,201952,Jeff Teague,1610612754,Indiana Pacers,2,4,38,Missed Shot,Jump Shot,3PT Field Goal,Above the Break 3,Center(C),24+ ft.,24.0,-27.0,247.0,1,0,20170208,IND,CLE
Shot Chart Detail,0021600783,211,201952,Jeff Teague,1610612754,Indiana Pacers,2,4,17,Made Shot,Driving Bank shot,2PT Field Goal,In The Paint (Non-RA),Center(C),Less Than 8 ft.,4.0,43.0,16.0,1,1,20170208,IND,CLE
Shot Chart Detail,0021600783,213,201952,Jeff Teague,1610612754,Indiana Pacers,2,3,44,Missed Shot,Floating Jump shot,2PT Field Goal,In The Paint (Non-RA),Center(C),8-16 ft.,12.0,-7.0,124.0,1,0,20170208,IND,CLE
Shot Chart Detail,0021600783,249,201952,Jeff Teague,1610612754,Indiana Pacers,2,0,30,Missed Shot,Driving Finger Roll Layup Shot,2PT Field Goal,Restricted Area,Center(C),Less Than 8 ft.,2.0,-7.0,26.0,1,0,20170208,IND,CLE
Shot Chart Detail,0021600783,269,201952,Jeff Teague,1610612754,Indiana Pacers,3,10,28,Made Shot,Running Jump Shot,2PT Field Goal,Mid-Range,Left Side(L),8-16 ft.,10.0,-101.0,18.0,1,1,20170208,IND,CLE
Shot Chart Detail,0021600783,271,201952,Jeff Teague,1610612754,Indiana Pacers,3,9,59,Made Shot,Driving Layup Shot,2PT Field Goal,Restricted Area,Center(C),Less Than 8 ft.,3.0,24.0,31.0,1,1,20170208,IND,CLE
Shot Chart Detail,0021600783,348,201952,Jeff Teague,1610612754,Indiana Pacers,3,2,26,Made Shot,Jump Shot,3PT Field Goal,Above the Break 3,Right Side Center(RC),24+ ft.,25.0,146.0,213.0,1,1,20170208,IND,CLE
Shot Chart Detail,0021600783,421,201952,Jeff Teague,1610612754,Indiana Pacers,4,7,59,Missed Shot,Driving Finger Roll Layup Shot,2PT Field Goal,Restricted Area,Center(C),Less Than 8 ft.,3.0,32.0,16.0,1,0,20170208,IND,CLE
Shot Chart Detail,0021600783,463,201952,Jeff Teague,1610612754,Indiana Pacers,4,4,32,Made Shot,Running Finger Roll Layup Shot,2PT Field Goal,Restricted Area,Center(C),Less Than 8 ft.,3.0,32.0,21.0,1,1,20170208,IND,CLE
Shot Chart Detail,0021600783,465,201952,Jeff Teague,1610612754,Indiana Pacers,4,3,59,Missed Shot,Jump Shot,2PT Field Goal,Restricted Area,Center(C),Less Than 8 ft.,3.0,-30.0,26.0,1,0,20170208,IND,CLE
Shot Chart Detail,0021600805,29,201952,Jeff Teague,1610612754,Indiana Pacers,1,8,19,Made Shot,Jump Shot,3PT Field Goal,Above the Break 3,Center(C),24+ ft.,26.0,-58.0,257.0,1,1,20170210,WAS,IND
Shot Chart Detail,0021600805,52,201952,Jeff Teague,1610612754,Indiana Pacers,1,6,45,Missed Shot,Jump Shot,2PT Field Goal,Mid-Range,Right Side(R),8-16 ft.,15.0,101.0,121.0,1,0,20170210,WAS,IND
Shot Chart Detail,0021600805,84,201952,Jeff Teague,1610612754,Indiana Pacers,1,3,28,Made Shot,Jump Shot,2PT Field Goal,In The Paint (Non-RA),Center(C),8-16 ft.,14.0,-60.0,134.0,1,1,20170210,WAS,IND
Shot Chart Detail,0021600805,228,201952,Jeff Teague,1610612754,Indiana Pacers,2,2,50,Missed Shot,Layup Shot,2PT Field Goal,Restricted Area,Center(C),Less Than 8 ft.,2.0,19.0,11.0,1,0,20170210,WAS,IND
Shot Chart Detail,0021600805,238,201952,Jeff Teague,1610612754,Indiana Pacers,2,2,7,Made Shot,Jump Shot,2PT Field Goal,Mid-Range,Left Side Center(LC),16-24 ft.,18.0,-102.0,159.0,1,1,20170210,WAS,IND
Shot Chart Detail,0021600805,270,201952,Jeff Teague,1610612754,Indiana Pacers,3,10,43,Missed Shot,Jump Shot,2PT Field Goal,In The Paint (Non-RA),Center(C),Less Than 8 ft.,4.0,2.0,47.0,1,0,20170210,WAS,IND
Shot Chart Detail,0021600805,312,201952,Jeff Teague,1610612754,Indiana Pacers,3,7,16,Missed Shot,Jump Shot,3PT Field Goal,Above the Break 3,Center(C),24+ ft.,29.0,-60.0,287.0,1,0,20170210,WAS,IND
Shot Chart Detail,0021600805,324,201952,Jeff Teague,1610612754,Indiana Pacers,3,6,12,Made Shot,Driving Finger Roll Layup Shot,2PT Field Goal,Restricted Area,Center(C),Less Than 8 ft.,1.0,6.0,13.0,1,1,20170210,WAS,IND
Shot Chart Detail,0021600805,339,201952,Jeff Teague,1610612754,Indiana Pacers,3,3,23,Missed Shot,Jump Shot,2PT Field Goal,In The Paint (Non-RA),Right Side(R),8-16 ft.,8.0,68.0,57.0,1,0,20170210,WAS,IND
Shot Chart Detail,0021600805,343,201952,Jeff Teague,1610612754,Indiana Pacers,3,3,7,Missed Shot,Jump Shot,2PT Field Goal,In The Paint (Non-RA),Center(C),Less Than 8 ft.,7.0,-61.0,43.0,1,0,20170210,WAS,IND
Shot Chart Detail,0021600805,361,201952,Jeff Teague,1610612754,Indiana Pacers,3,2,24,Missed Shot,Jump Shot,2PT Field Goal,In The Paint (Non-RA),Center(C),Less Than 8 ft.,5.0,-12.0,56.0,1,0,20170210,WAS,IND
Shot Chart Detail,0021600805,562,201952,Jeff Teague,1610612754,Indiana Pacers,4,0,1,Missed Shot,Jump Shot,3PT Field Goal,Above the Break 3,Left Side Center(LC),24+ ft.,28.0,-114.0,262.0,1,0,20170210,WAS,IND
Shot Chart Detail,0021600809,325,201952,Jeff Teague,1610612754,Indiana Pacers,3,4,12,Missed Shot,Driving Layup Shot,2PT Field Goal,Restricted Area,Center(C),Less Than 8 ft.,3.0,28.0,21.0,1,0,20170211,IND,MIL
Shot Chart Detail,0021600809,490,201952,Jeff Teague,1610612754,Indiana Pacers,4,0,40,Made Shot,Driving Reverse Layup Shot,2PT Field Goal,Restricted Area,Center(C),Less Than 8 ft.,1.0,4.0,13.0,1,1,20170211,IND,MIL
Shot Chart Detail,0021600825,36,201952,Jeff Teague,1610612754,Indiana Pacers,1,7,20,Missed Shot,Driving Finger Roll Layup Shot,2PT Field Goal,Restricted Area,Center(C),Less Than 8 ft.,3.0,28.0,13.0,1,0,20170213,IND,SAS
Shot Chart Detail,0021600825,68,201952,Jeff Teague,1610612754,Indiana Pacers,1,3,32,Made Shot,Jump Shot,2PT Field Goal,In The Paint (Non-RA),Center(C),8-16 ft.,13.0,64.0,115.0,1,1,20170213,IND,SAS
Shot Chart Detail,0021600825,177,201952,Jeff Teague,1610612754,Indiana Pacers,2,6,6,Made Shot,Jump Shot,2PT Field Goal,Mid-Range,Right Side(R),16-24 ft.,17.0,174.0,16.0,1,1,20170213,IND,SAS
Shot Chart Detail,0021600825,190,201952,Jeff Teague,1610612754,Indiana Pacers,2,4,9,Made Shot,Jump Bank Shot,2PT Field Goal,Mid-Range,Right Side(R),16-24 ft.,18.0,169.0,65.0,1,1,20170213,IND,SAS
Shot Chart Detail,0021600825,272,201952,Jeff Teague,1610612754,Indiana Pacers,3,8,40,Made Shot,Pullup Jump shot,3PT Field Goal,Above the Break 3,Center(C),24+ ft.,26.0,-78.0,252.0,1,1,20170213,IND,SAS
Shot Chart Detail,0021600825,310,201952,Jeff Teague,1610612754,Indiana Pacers,3,4,54,Made Shot,Running Jump Shot,2PT Field Goal,In The Paint (Non-RA),Center(C),Less Than 8 ft.,5.0,-34.0,47.0,1,1,20170213,IND,SAS
Shot Chart Detail,0021600825,483,201952,Jeff Teague,1610612754,Indiana Pacers,4,3,20,Missed Shot,Driving Finger Roll Layup Shot,2PT Field Goal,Restricted Area,Center(C),Less Than 8 ft.,3.0,-1.0,36.0,1,0,20170213,IND,SAS
Shot Chart Detail,0021600825,553,201952,Jeff Teague,1610612754,Indiana Pacers,4,0,0,Made Shot,Pullup Jump shot,2PT Field Goal,Mid-Range,Right Side Center(RC),16-24 ft.,21.0,133.0,165.0,1,1,20170213,IND,SAS
Shot Chart Detail,0021600835,10,201952,Jeff Teague,1610612754,Indiana Pacers,1,10,52,Made Shot,Jump Shot,2PT Field Goal,In The Paint (Non-RA),Left Side(L),8-16 ft.,12.0,-65.0,111.0,1,1,20170215,CLE,IND
Shot Chart Detail,0021600835,13,201952,Jeff Teague,1610612754,Indiana Pacers,1,10,27,Made Shot,Jump Shot,3PT Field Goal,Above the Break 3,Left Side Center(LC),24+ ft.,25.0,-147.0,210.0,1,1,20170215,CLE,IND
Shot Chart Detail,0021600835,59,201952,Jeff Teague,1610612754,Indiana Pacers,1,5,11,Missed Shot,Driving Floating Jump Shot,2PT Field Goal,Mid-Range,Right Side(R),8-16 ft.,11.0,114.0,11.0,1,0,20170215,CLE,IND
Shot Chart Detail,0021600835,69,201952,Jeff Teague,1610612754,Indiana Pacers,1,3,55,Missed Shot,Jump Shot,3PT Field Goal,Right Corner 3,Right Side(R),24+ ft.,22.0,225.0,-11.0,1,0,20170215,CLE,IND
Shot Chart Detail,0021600835,178,201952,Jeff Teague,1610612754,Indiana Pacers,2,5,26,Made Shot,Driving Layup Shot,2PT Field Goal,Restricted Area,Center(C),Less Than 8 ft.,0.0,-2.0,-5.0,1,1,20170215,CLE,IND
Shot Chart Detail,0021600835,186,201952,Jeff Teague,1610612754,Indiana Pacers,2,4,54,Missed Shot,Jump Shot,2PT Field Goal,Mid-Range,Left Side Center(LC),16-24 ft.,18.0,-124.0,134.0,1,0,20170215,CLE,IND
Shot Chart Detail,0021600835,194,201952,Jeff Teague,1610612754,Indiana Pacers,2,3,54,Missed Shot,Turnaround Jump Shot,2PT Field Goal,In The Paint (Non-RA),Left Side(L),8-16 ft.,9.0,-50.0,80.0,1,0,20170215,CLE,IND
Shot Chart Detail,0021600835,197,201952,Jeff Teague,1610612754,Indiana Pacers,2,3,30,Made Shot,Jump Shot,3PT Field Goal,Left Corner 3,Left Side(L),24+ ft.,25.0,-246.0,56.0,1,1,20170215,CLE,IND
Shot Chart Detail,0021600835,226,201952,Jeff Teague,1610612754,Indiana Pacers,2,0,45,Missed Shot,Jump Shot,3PT Field Goal,Above the Break 3,Right Side Center(RC),24+ ft.,26.0,171.0,203.0,1,0,20170215,CLE,IND
Shot Chart Detail,0021600835,240,201952,Jeff Teague,1610612754,Indiana Pacers,3,11,45,Missed Shot,Jump Shot,2PT Field Goal,Mid-Range,Left Side Center(LC),16-24 ft.,16.0,-92.0,131.0,1,0,20170215,CLE,IND
Shot Chart Detail,0021600835,260,201952,Jeff Teague,1610612754,Indiana Pacers,3,8,54,Missed Shot,Jump Shot,2PT Field Goal,Mid-Range,Right Side(R),8-16 ft.,9.0,96.0,21.0,1,0,20170215,CLE,IND
Shot Chart Detail,0021600835,288,201952,Jeff Teague,1610612754,Indiana Pacers,3,5,59,Made Shot,Driving Layup Shot,2PT Field Goal,Restricted Area,Center(C),Less Than 8 ft.,2.0,-19.0,-11.0,1,1,20170215,CLE,IND
Shot Chart Detail,0021600835,322,201952,Jeff Teague,1610612754,Indiana Pacers,3,2,33,Missed Shot,Driving Bank shot,2PT Field Goal,Mid-Range,Left Side(L),8-16 ft.,9.0,-88.0,33.0,1,0,20170215,CLE,IND
Shot Chart Detail,0021600835,410,201952,Jeff Teague,1610612754,Indiana Pacers,4,7,48,Missed Shot,Driving Floating Jump Shot,2PT Field Goal,Mid-Range,Left Side(L),8-16 ft.,9.0,-97.0,21.0,1,0,20170215,CLE,IND
Shot Chart Detail,0021600848,22,201952,Jeff Teague,1610612754,Indiana Pacers,1,9,2,Made Shot,Pullup Jump shot,2PT Field Goal,In The Paint (Non-RA),Center(C),Less Than 8 ft.,7.0,-35.0,65.0,1,1,20170216,IND,WAS
Shot Chart Detail,0021600848,62,201952,Jeff Teague,1610612754,Indiana Pacers,1,3,32,Missed Shot,Jump Shot,3PT Field Goal,Left Corner 3,Left Side(L),24+ ft.,23.0,-237.0,-1.0,1,0,20170216,IND,WAS
Shot Chart Detail,0021600848,70,201952,Jeff Teague,1610612754,Indiana Pacers,1,2,48,Missed Shot,Reverse Layup Shot,2PT Field Goal,Restricted Area,Center(C),Less Than 8 ft.,1.0,-6.0,8.0,1,0,20170216,IND,WAS
Shot Chart Detail,0021600848,239,201952,Jeff Teague,1610612754,Indiana Pacers,2,0,25,Made Shot,Jump Shot,2PT Field Goal,Mid-Range,Left Side Center(LC),16-24 ft.,21.0,-163.0,134.0,1,1,20170216,IND,WAS
Shot Chart Detail,0021600848,242,201952,Jeff Teague,1610612754,Indiana Pacers,2,0,0,Missed Shot,Jump Shot,3PT Field Goal,Above the Break 3,Center(C),24+ ft.,31.0,2.0,316.0,1,0,20170216,IND,WAS
Shot Chart Detail,0021600848,283,201952,Jeff Teague,1610612754,Indiana Pacers,3,7,18,Made Shot,Jump Shot,2PT Field Goal,In The Paint (Non-RA),Center(C),Less Than 8 ft.,7.0,-43.0,57.0,1,1,20170216,IND,WAS
Shot Chart Detail,0021600848,289,201952,Jeff Teague,1610612754,Indiana Pacers,3,6,33,Missed Shot,Jump Shot,3PT Field Goal,Above the Break 3,Left Side Center(LC),24+ ft.,25.0,-137.0,219.0,1,0,20170216,IND,WAS
Shot Chart Detail,0021600857,24,201952,Jeff Teague,1610612754,Indiana Pacers,1,8,0,Missed Shot,Jump Shot,2PT Field Goal,In The Paint (Non-RA),Center(C),Less Than 8 ft.,5.0,2.0,51.0,1,0,20170224,IND,MEM
Shot Chart Detail,0021600857,48,201952,Jeff Teague,1610612754,Indiana Pacers,1,5,5,Missed Shot,Pullup Jump shot,2PT Field Goal,Mid-Range,Center(C),16-24 ft.,22.0,-35.0,218.0,1,0,20170224,IND,MEM
Shot Chart Detail,0021600857,219,201952,Jeff Teague,1610612754,Indiana Pacers,2,2,20,Made Shot,Jump Shot,2PT Field Goal,In The Paint (Non-RA),Center(C),Less Than 8 ft.,7.0,15.0,75.0,1,1,20170224,IND,MEM
Shot Chart Detail,0021600857,243,201952,Jeff Teague,1610612754,Indiana Pacers,3,11,10,Missed Shot,Jump Shot,3PT Field Goal,Above the Break 3,Left Side Center(LC),24+ ft.,26.0,-124.0,237.0,1,0,20170224,IND,MEM
Shot Chart Detail,0021600857,265,201952,Jeff Teague,1610612754,Indiana Pacers,3,8,35,Made Shot,Jump Shot,3PT Field Goal,Above the Break 3,Left Side Center(LC),24+ ft.,25.0,-156.0,198.0,1,1,20170224,IND,MEM
Shot Chart Detail,0021600857,293,201952,Jeff Teague,1610612754,Indiana Pacers,3,5,55,Missed Shot,Turnaround Jump Shot,2PT Field Goal,In The Paint (Non-RA),Center(C),Less Than 8 ft.,7.0,-60.0,41.0,1,0,20170224,IND,MEM
Shot Chart Detail,0021600857,446,201952,Jeff Teague,1610612754,Indiana Pacers,4,5,31,Missed Shot,Jump Shot,3PT Field Goal,Above the Break 3,Center(C),24+ ft.,25.0,-43.0,249.0,1,0,20170224,IND,MEM
Shot Chart Detail,0021600857,460,201952,Jeff Teague,1610612754,Indiana Pacers,4,3,49,Missed Shot,Layup Shot,2PT Field Goal,Restricted Area,Center(C),Less Than 8 ft.,1.0,19.0,2.0,1,0,20170224,IND,MEM
Shot Chart Detail,0021600869,17,201952,Jeff Teague,1610612754,Indiana Pacers,1,10,1,Missed Shot,Jump Shot,3PT Field Goal,Above the Break 3,Right Side Center(RC),24+ ft.,25.0,161.0,195.0,1,0,20170225,MIA,IND
Shot Chart Detail,0021600869,30,201952,Jeff Teague,1610612754,Indiana Pacers,1,8,32,Made Shot,Pullup Jump shot,2PT Field Goal,In The Paint (Non-RA),Center(C),8-16 ft.,13.0,-66.0,121.0,1,1,20170225,MIA,IND
Shot Chart Detail,0021600869,66,201952,Jeff Teague,1610612754,Indiana Pacers,1,4,32,Missed Shot,Jump Shot,3PT Field Goal,Above the Break 3,Left Side Center(LC),24+ ft.,25.0,-210.0,141.0,1,0,20170225,MIA,IND
Shot Chart Detail,0021600869,234,201952,Jeff Teague,1610612754,Indiana Pacers,2,4,15,Missed Shot,Step Back Jump shot,2PT Field Goal,Mid-Range,Center(C),8-16 ft.,14.0,9.0,149.0,1,0,20170225,MIA,IND
Shot Chart Detail,0021600869,304,201952,Jeff Teague,1610612754,Indiana Pacers,3,11,19,Made Shot,Driving Floating Jump Shot,2PT Field Goal,In The Paint (Non-RA),Right Side(R),8-16 ft.,9.0,48.0,80.0,1,1,20170225,MIA,IND
Shot Chart Detail,0021600869,306,201952,Jeff Teague,1610612754,Indiana Pacers,3,10,45,Made Shot,Jump Shot,2PT Field Goal,In The Paint (Non-RA),Center(C),8-16 ft.,13.0,9.0,136.0,1,1,20170225,MIA,IND
Shot Chart Detail,0021600869,314,201952,Jeff Teague,1610612754,Indiana Pacers,3,10,3,Missed Shot,Driving Layup Shot,2PT Field Goal,Restricted Area,Center(C),Less Than 8 ft.,2.0,24.0,16.0,1,0,20170225,MIA,IND
Shot Chart Detail,0021600869,318,201952,Jeff Teague,1610612754,Indiana Pacers,3,9,29,Missed Shot,Driving Layup Shot,2PT Field Goal,Restricted Area,Center(C),Less Than 8 ft.,2.0,12.0,18.0,1,0,20170225,MIA,IND
Shot Chart Detail,0021600869,348,201952,Jeff Teague,1610612754,Indiana Pacers,3,6,34,Made Shot,Driving Layup Shot,2PT Field Goal,Restricted Area,Center(C),Less Than 8 ft.,2.0,24.0,7.0,1,1,20170225,MIA,IND
Shot Chart Detail,0021600869,361,201952,Jeff Teague,1610612754,Indiana Pacers,3,5,33,Missed Shot,Jump Shot,3PT Field Goal,Above the Break 3,Right Side Center(RC),24+ ft.,25.0,151.0,208.0,1,0,20170225,MIA,IND
Shot Chart Detail,0021600869,366,201952,Jeff Teague,1610612754,Indiana Pacers,3,5,6,Made Shot,Driving Floating Jump Shot,2PT Field Goal,In The Paint (Non-RA),Center(C),Less Than 8 ft.,6.0,9.0,61.0,1,1,20170225,MIA,IND
Shot Chart Detail,0021600869,376,201952,Jeff Teague,1610612754,Indiana Pacers,3,3,20,Missed Shot,Jump Shot,2PT Field Goal,Mid-Range,Left Side Center(LC),16-24 ft.,16.0,-89.0,144.0,1,0,20170225,MIA,IND
Shot Chart Detail,0021600869,454,201952,Jeff Teague,1610612754,Indiana Pacers,4,8,45,Missed Shot,Driving Layup Shot,2PT Field Goal,Restricted Area,Center(C),Less Than 8 ft.,3.0,28.0,13.0,1,0,20170225,MIA,IND
Shot Chart Detail,0021600869,461,201952,Jeff Teague,1610612754,Indiana Pacers,4,8,40,Missed Shot,Cutting Layup Shot,2PT Field Goal,Restricted Area,Center(C),Less Than 8 ft.,2.0,-24.0,7.0,1,0,20170225,MIA,IND
Shot Chart Detail,0021600869,473,201952,Jeff Teague,1610612754,Indiana Pacers,4,6,49,Missed Shot,Driving Floating Jump Shot,2PT Field Goal,In The Paint (Non-RA),Center(C),Less Than 8 ft.,5.0,30.0,41.0,1,0,20170225,MIA,IND
Shot Chart Detail,0021600869,556,201952,Jeff Teague,1610612754,Indiana Pacers,4,0,53,Missed Shot,Driving Layup Shot,2PT Field Goal,Restricted Area,Center(C),Less Than 8 ft.,0.0,2.0,7.0,1,0,20170225,MIA,IND
Shot Chart Detail,0021600886,31,201952,Jeff Teague,1610612754,Indiana Pacers,1,8,46,Missed Shot,Jump Shot,2PT Field Goal,Mid-Range,Right Side Center(RC),16-24 ft.,21.0,112.0,188.0,1,0,20170227,HOU,IND
Shot Chart Detail,0021600886,62,201952,Jeff Teague,1610612754,Indiana Pacers,1,6,53,Missed Shot,Layup Shot,2PT Field Goal,Restricted Area,Center(C),Less Than 8 ft.,2.0,-16.0,16.0,1,0,20170227,HOU,IND
Shot Chart Detail,0021600886,81,201952,Jeff Teague,1610612754,Indiana Pacers,1,5,5,Missed Shot,Jump Shot,3PT Field Goal,Left Corner 3,Left Side(L),24+ ft.,23.0,-232.0,21.0,1,0,20170227,HOU,IND
Shot Chart Detail,0021600886,251,201952,Jeff Teague,1610612754,Indiana Pacers,2,3,53,Missed Shot,Jump Shot,3PT Field Goal,Above the Break 3,Left Side Center(LC),24+ ft.,25.0,-161.0,203.0,1,0,20170227,HOU,IND
Shot Chart Detail,0021600886,270,201952,Jeff Teague,1610612754,Indiana Pacers,2,3,7,Made Shot,Running Finger Roll Layup Shot,2PT Field Goal,Restricted Area,Center(C),Less Than 8 ft.,1.0,7.0,16.0,1,1,20170227,HOU,IND
Shot Chart Detail,0021600886,309,201952,Jeff Teague,1610612754,Indiana Pacers,2,0,0,Missed Shot,Jump Shot,3PT Field Goal,Backcourt,Back Court(BC),Back Court Shot,69.0,40.0,692.0,1,0,20170227,HOU,IND
Shot Chart Detail,0021600886,366,201952,Jeff Teague,1610612754,Indiana Pacers,3,6,13,Made Shot,Jump Shot,3PT Field Goal,Above the Break 3,Right Side Center(RC),24+ ft.,24.0,201.0,146.0,1,1,20170227,HOU,IND
Shot Chart Detail,0021600886,431,201952,Jeff Teague,1610612754,Indiana Pacers,3,1,27,Made Shot,Driving Layup Shot,2PT Field Goal,Restricted Area,Center(C),Less Than 8 ft.,1.0,10.0,11.0,1,1,20170227,HOU,IND
Shot Chart Detail,0021600886,500,201952,Jeff Teague,1610612754,Indiana Pacers,4,6,26,Missed Shot,Jump Shot,3PT Field Goal,Above the Break 3,Left Side Center(LC),24+ ft.,27.0,-176.0,205.0,1,0,20170227,HOU,IND
Shot Chart Detail,0021600886,502,201952,Jeff Teague,1610612754,Indiana Pacers,4,6,18,Made Shot,Jump Shot,3PT Field Goal,Above the Break 3,Left Side Center(LC),24+ ft.,25.0,-137.0,218.0,1,1,20170227,HOU,IND
Shot Chart Detail,0021600886,511,201952,Jeff Teague,1610612754,Indiana Pacers,4,5,22,Missed Shot,Driving Bank shot,2PT Field Goal,In The Paint (Non-RA),Center(C),Less Than 8 ft.,5.0,-50.0,28.0,1,0,20170227,HOU,IND
Shot Chart Detail,0021600886,530,201952,Jeff Teague,1610612754,Indiana Pacers,4,4,23,Made Shot,Jump Shot,3PT Field Goal,Left Corner 3,Left Side(L),24+ ft.,23.0,-228.0,36.0,1,1,20170227,HOU,IND
Shot Chart Detail,0021600886,533,201952,Jeff Teague,1610612754,Indiana Pacers,4,3,40,Missed Shot,Jump Shot,2PT Field Goal,In The Paint (Non-RA),Center(C),Less Than 8 ft.,4.0,6.0,41.0,1,0,20170227,HOU,IND
Shot Chart Detail,0021600902,30,201952,Jeff Teague,1610612754,Indiana Pacers,1,8,25,Made Shot,Pullup Jump shot,2PT Field Goal,Mid-Range,Right Side Center(RC),16-24 ft.,17.0,120.0,124.0,1,1,20170301,SAS,IND
Shot Chart Detail,0021600902,215,201952,Jeff Teague,1610612754,Indiana Pacers,2,4,11,Missed Shot,Jump Shot,2PT Field Goal,Mid-Range,Right Side Center(RC),16-24 ft.,17.0,56.0,169.0,1,0,20170301,SAS,IND
Shot Chart Detail,0021600902,335,201952,Jeff Teague,1610612754,Indiana Pacers,3,5,33,Missed Shot,Driving Layup Shot,2PT Field Goal,Restricted Area,Center(C),Less Than 8 ft.,1.0,-4.0,11.0,1,0,20170301,SAS,IND
Shot Chart Detail,0021600902,349,201952,Jeff Teague,1610612754,Indiana Pacers,3,3,49,Made Shot,Pullup Jump shot,3PT Field Goal,Above the Break 3,Center(C),24+ ft.,26.0,-55.0,257.0,1,1,20170301,SAS,IND
Shot Chart Detail,0021600902,456,201952,Jeff Teague,1610612754,Indiana Pacers,4,6,42,Missed Shot,Pullup Jump shot,2PT Field Goal,Mid-Range,Center(C),16-24 ft.,19.0,-7.0,198.0,1,0,20170301,SAS,IND
Shot Chart Detail,0021600902,471,201952,Jeff Teague,1610612754,Indiana Pacers,4,4,49,Missed Shot,Jump Shot,3PT Field Goal,Above the Break 3,Center(C),24+ ft.,24.0,20.0,249.0,1,0,20170301,SAS,IND
Shot Chart Detail,0021600927,232,201952,Jeff Teague,1610612754,Indiana Pacers,2,4,8,Made Shot,Driving Floating Jump Shot,2PT Field Goal,In The Paint (Non-RA),Center(C),8-16 ft.,8.0,-6.0,80.0,1,1,20170305,ATL,IND
Shot Chart Detail,0021600927,261,201952,Jeff Teague,1610612754,Indiana Pacers,2,2,21,Made Shot,Pullup Jump shot,2PT Field Goal,Mid-Range,Right Side(R),16-24 ft.,18.0,153.0,101.0,1,1,20170305,ATL,IND
Shot Chart Detail,0021600927,271,201952,Jeff Teague,1610612754,Indiana Pacers,2,0,25,Missed Shot,Jump Shot,3PT Field Goal,Above the Break 3,Right Side Center(RC),24+ ft.,24.0,99.0,223.0,1,0,20170305,ATL,IND
Shot Chart Detail,0021600927,310,201952,Jeff Teague,1610612754,Indiana Pacers,3,8,42,Made Shot,Running Pull-Up Jump Shot,3PT Field Goal,Above the Break 3,Left Side Center(LC),24+ ft.,25.0,-107.0,228.0,1,1,20170305,ATL,IND
Shot Chart Detail,0021600927,316,201952,Jeff Teague,1610612754,Indiana Pacers,3,7,57,Made Shot,Driving Layup Shot,2PT Field Goal,Restricted Area,Center(C),Less Than 8 ft.,1.0,9.0,16.0,1,1,20170305,ATL,IND
Shot Chart Detail,0021600927,361,201952,Jeff Teague,1610612754,Indiana Pacers,3,4,27,Missed Shot,Driving Floating Jump Shot,2PT Field Goal,In The Paint (Non-RA),Center(C),8-16 ft.,12.0,51.0,111.0,1,0,20170305,ATL,IND
Shot Chart Detail,0021600927,387,201952,Jeff Teague,1610612754,Indiana Pacers,3,2,55,Missed Shot,Pullup Jump shot,3PT Field Goal,Above the Break 3,Right Side Center(RC),24+ ft.,24.0,182.0,169.0,1,0,20170305,ATL,IND
Shot Chart Detail,0021600927,470,201952,Jeff Teague,1610612754,Indiana Pacers,4,8,18,Missed Shot,Floating Jump shot,2PT Field Goal,In The Paint (Non-RA),Center(C),Less Than 8 ft.,7.0,38.0,62.0,1,0,20170305,ATL,IND
Shot Chart Detail,0021600927,508,201952,Jeff Teague,1610612754,Indiana Pacers,4,3,43,Missed Shot,Jump Shot,3PT Field Goal,Above the Break 3,Right Side Center(RC),24+ ft.,24.0,120.0,219.0,1,0,20170305,ATL,IND
Shot Chart Detail,0021600927,529,201952,Jeff Teague,1610612754,Indiana Pacers,4,1,38,Made Shot,Driving Floating Jump Shot,2PT Field Goal,In The Paint (Non-RA),Center(C),Less Than 8 ft.,4.0,-6.0,47.0,1,1,20170305,ATL,IND
Shot Chart Detail,0021600941,35,201952,Jeff Teague,1610612754,Indiana Pacers,1,6,58,Missed Shot,Jump Shot,2PT Field Goal,Mid-Range,Right Side Center(RC),16-24 ft.,17.0,120.0,126.0,1,0,20170306,CHA,IND
Shot Chart Detail,0021600941,64,201952,Jeff Teague,1610612754,Indiana Pacers,1,3,53,Missed Shot,Jump Shot,2PT Field Goal,Mid-Range,Center(C),16-24 ft.,16.0,43.0,164.0,1,0,20170306,CHA,IND
Shot Chart Detail,0021600941,191,201952,Jeff Teague,1610612754,Indiana Pacers,2,4,8,Missed Shot,Jump Shot,2PT Field Goal,Mid-Range,Center(C),16-24 ft.,18.0,-27.0,178.0,1,0,20170306,CHA,IND
Shot Chart Detail,0021600941,241,201952,Jeff Teague,1610612754,Indiana Pacers,3,11,36,Missed Shot,Jump Shot,3PT Field Goal,Above the Break 3,Center(C),24+ ft.,25.0,-60.0,247.0,1,0,20170306,CHA,IND
Shot Chart Detail,0021600941,256,201952,Jeff Teague,1610612754,Indiana Pacers,3,9,25,Made Shot,Running Layup Shot,2PT Field Goal,Restricted Area,Center(C),Less Than 8 ft.,1.0,14.0,7.0,1,1,20170306,CHA,IND
Shot Chart Detail,0021600941,263,201952,Jeff Teague,1610612754,Indiana Pacers,3,8,47,Made Shot,Layup Shot,2PT Field Goal,Restricted Area,Center(C),Less Than 8 ft.,0.0,-2.0,2.0,1,1,20170306,CHA,IND
Shot Chart Detail,0021600941,273,201952,Jeff Teague,1610612754,Indiana Pacers,3,6,56,Missed Shot,Jump Shot,2PT Field Goal,In The Paint (Non-RA),Center(C),Less Than 8 ft.,4.0,45.0,7.0,1,0,20170306,CHA,IND
Shot Chart Detail,0021600941,294,201952,Jeff Teague,1610612754,Indiana Pacers,3,4,5,Missed Shot,Layup Shot,2PT Field Goal,Restricted Area,Center(C),Less Than 8 ft.,1.0,-7.0,13.0,1,0,20170306,CHA,IND
Shot Chart Detail,0021600941,408,201952,Jeff Teague,1610612754,Indiana Pacers,4,4,42,Missed Shot,Layup Shot,2PT Field Goal,Restricted Area,Center(C),Less Than 8 ft.,2.0,2.0,21.0,1,0,20170306,CHA,IND
Shot Chart Detail,0021600941,416,201952,Jeff Teague,1610612754,Indiana Pacers,4,3,30,Made Shot,Jump Shot,3PT Field Goal,Above the Break 3,Left Side Center(LC),24+ ft.,24.0,-119.0,213.0,1,1,20170306,CHA,IND
Shot Chart Detail,0021600941,458,201952,Jeff Teague,1610612754,Indiana Pacers,4,0,30,Made Shot,Driving Layup Shot,2PT Field Goal,Restricted Area,Center(C),Less Than 8 ft.,0.0,1.0,1.0,1,1,20170306,CHA,IND
Shot Chart Detail,0021600956,33,201952,Jeff Teague,1610612754,Indiana Pacers,1,8,37,Missed Shot,Running Jump Shot,2PT Field Goal,In The Paint (Non-RA),Center(C),8-16 ft.,8.0,-9.0,80.0,1,0,20170308,IND,DET
Shot Chart Detail,0021600956,75,201952,Jeff Teague,1610612754,Indiana Pacers,1,4,58,Made Shot,Floating Jump shot,2PT Field Goal,In The Paint (Non-RA),Left Side(L),8-16 ft.,9.0,-50.0,75.0,1,1,20170308,IND,DET
Shot Chart Detail,0021600956,181,201952,Jeff Teague,1610612754,Indiana Pacers,2,6,26,Made Shot,Pullup Jump shot,2PT Field Goal,Mid-Range,Center(C),16-24 ft.,19.0,15.0,190.0,1,1,20170308,IND,DET
Shot Chart Detail,0021600956,191,201952,Jeff Teague,1610612754,Indiana Pacers,2,5,26,Missed Shot,Layup Shot,2PT Field Goal,Restricted Area,Center(C),Less Than 8 ft.,2.0,-19.0,-10.0,1,0,20170308,IND,DET
Shot Chart Detail,0021600956,237,201952,Jeff Teague,1610612754,Indiana Pacers,2,0,12,Missed Shot,Jump Shot,3PT Field Goal,Above the Break 3,Left Side Center(LC),24+ ft.,25.0,-209.0,154.0,1,0,20170308,IND,DET
Shot Chart Detail,0021600967,5,201952,Jeff Teague,1610612754,Indiana Pacers,1,11,5,Missed Shot,Layup Shot,2PT Field Goal,Restricted Area,Center(C),Less Than 8 ft.,1.0,0.0,11.0,1,0,20170310,MIL,IND
Shot Chart Detail,0021600967,10,201952,Jeff Teague,1610612754,Indiana Pacers,1,10,26,Made Shot,Jump Shot,3PT Field Goal,Above the Break 3,Left Side Center(LC),24+ ft.,27.0,-153.0,223.0,1,1,20170310,MIL,IND
Shot Chart Detail,0021600967,143,201952,Jeff Teague,1610612754,Indiana Pacers,2,7,2,Missed Shot,Jump Shot,2PT Field Goal,Mid-Range,Right Side(R),8-16 ft.,13.0,120.0,70.0,1,0,20170310,MIL,IND
Shot Chart Detail,0021600967,180,201952,Jeff Teague,1610612754,Indiana Pacers,2,3,43,Missed Shot,Layup Shot,2PT Field Goal,Restricted Area,Center(C),Less Than 8 ft.,1.0,-2.0,11.0,1,0,20170310,MIL,IND
Shot Chart Detail,0021600967,208,201952,Jeff Teague,1610612754,Indiana Pacers,2,1,30,Missed Shot,Jump Shot,2PT Field Goal,Mid-Range,Left Side Center(LC),16-24 ft.,18.0,-142.0,120.0,1,0,20170310,MIL,IND
Shot Chart Detail,0021600967,220,201952,Jeff Teague,1610612754,Indiana Pacers,2,0,52,Made Shot,Pullup Jump shot,2PT Field Goal,In The Paint (Non-RA),Center(C),Less Than 8 ft.,5.0,4.0,52.0,1,1,20170310,MIL,IND
Shot Chart Detail,0021600967,224,201952,Jeff Teague,1610612754,Indiana Pacers,2,0,0,Missed Shot,Jump Shot,3PT Field Goal,Above the Break 3,Left Side Center(LC),24+ ft.,38.0,-176.0,347.0,1,0,20170310,MIL,IND
Shot Chart Detail,0021600967,233,201952,Jeff Teague,1610612754,Indiana Pacers,3,11,23,Made Shot,Turnaround Jump Shot,2PT Field Goal,In The Paint (Non-RA),Left Side(L),8-16 ft.,8.0,-73.0,38.0,1,1,20170310,MIL,IND
Shot Chart Detail,0021600967,289,201952,Jeff Teague,1610612754,Indiana Pacers,3,5,23,Made Shot,Driving Layup Shot,2PT Field Goal,Restricted Area,Center(C),Less Than 8 ft.,2.0,1.0,21.0,1,1,20170310,MIL,IND
Shot Chart Detail,0021600967,304,201952,Jeff Teague,1610612754,Indiana Pacers,3,4,8,Made Shot,Driving Layup Shot,2PT Field Goal,Restricted Area,Center(C),Less Than 8 ft.,1.0,0.0,11.0,1,1,20170310,MIL,IND
Shot Chart Detail,0021600967,313,201952,Jeff Teague,1610612754,Indiana Pacers,3,3,26,Made Shot,Pullup Jump shot,2PT Field Goal,Mid-Range,Left Side(L),8-16 ft.,8.0,-84.0,18.0,1,1,20170310,MIL,IND
Shot Chart Detail,0021600967,315,201952,Jeff Teague,1610612754,Indiana Pacers,3,2,59,Made Shot,Driving Layup Shot,2PT Field Goal,In The Paint (Non-RA),Center(C),Less Than 8 ft.,4.0,-40.0,9.0,1,1,20170310,MIL,IND
Shot Chart Detail,0021600987,60,201952,Jeff Teague,1610612754,Indiana Pacers,1,6,59,Missed Shot,Floating Jump shot,2PT Field Goal,In The Paint (Non-RA),Center(C),8-16 ft.,13.0,9.0,134.0,1,0,20170312,IND,MIA
Shot Chart Detail,0021600987,63,201952,Jeff Teague,1610612754,Indiana Pacers,1,6,27,Missed Shot,Jump Shot,2PT Field Goal,Mid-Range,Left Side Center(LC),16-24 ft.,18.0,-130.0,134.0,1,0,20170312,IND,MIA
Shot Chart Detail,0021600987,78,201952,Jeff Teague,1610612754,Indiana Pacers,1,4,51,Made Shot,Jump Shot,2PT Field Goal,In The Paint (Non-RA),Center(C),8-16 ft.,12.0,-6.0,129.0,1,1,20170312,IND,MIA
Shot Chart Detail,0021600987,81,201952,Jeff Teague,1610612754,Indiana Pacers,1,4,22,Missed Shot,Step Back Jump shot,2PT Field Goal,Mid-Range,Center(C),16-24 ft.,17.0,4.0,170.0,1,0,20170312,IND,MIA
Shot Chart Detail,0021600987,224,201952,Jeff Teague,1610612754,Indiana Pacers,2,3,48,Made Shot,Jump Shot,3PT Field Goal,Above the Break 3,Center(C),24+ ft.,26.0,-40.0,262.0,1,1,20170312,IND,MIA
Shot Chart Detail,0021600987,231,201952,Jeff Teague,1610612754,Indiana Pacers,2,2,37,Missed Shot,Floating Jump shot,2PT Field Goal,In The Paint (Non-RA),Center(C),8-16 ft.,8.0,15.0,85.0,1,0,20170312,IND,MIA
Shot Chart Detail,0021600987,318,201952,Jeff Teague,1610612754,Indiana Pacers,3,7,51,Missed Shot,Jump Shot,2PT Field Goal,Restricted Area,Center(C),Less Than 8 ft.,3.0,2.0,36.0,1,0,20170312,IND,MIA
Shot Chart Detail,0021600987,346,201952,Jeff Teague,1610612754,Indiana Pacers,3,5,37,Made Shot,Driving Finger Roll Layup Shot,2PT Field Goal,Restricted Area,Center(C),Less Than 8 ft.,0.0,2.0,-1.0,1,1,20170312,IND,MIA
Shot Chart Detail,0021600987,472,201952,Jeff Teague,1610612754,Indiana Pacers,4,4,50,Missed Shot,Jump Shot,2PT Field Goal,In The Paint (Non-RA),Center(C),8-16 ft.,10.0,-38.0,97.0,1,0,20170312,IND,MIA
Shot Chart Detail,0021600987,484,201952,Jeff Teague,1610612754,Indiana Pacers,4,3,7,Missed Shot,Driving Layup Shot,2PT Field Goal,Restricted Area,Center(C),Less Than 8 ft.,3.0,32.0,11.0,1,0,20170312,IND,MIA
Shot Chart Detail,0021600987,492,201952,Jeff Teague,1610612754,Indiana Pacers,4,2,15,Made Shot,Driving Floating Jump Shot,2PT Field Goal,In The Paint (Non-RA),Center(C),Less Than 8 ft.,5.0,1.0,51.0,1,1,20170312,IND,MIA
Shot Chart Detail,0021601001,12,201952,Jeff Teague,1610612754,Indiana Pacers,1,10,36,Made Shot,Jump Shot,2PT Field Goal,Mid-Range,Right Side(R),8-16 ft.,15.0,112.0,100.0,1,1,20170314,NYK,IND
Shot Chart Detail,0021601001,17,201952,Jeff Teague,1610612754,Indiana Pacers,1,9,43,Missed Shot,Jump Shot,3PT Field Goal,Above the Break 3,Left Side Center(LC),24+ ft.,25.0,-107.0,232.0,1,0,20170314,NYK,IND
Shot Chart Detail,0021601001,25,201952,Jeff Teague,1610612754,Indiana Pacers,1,9,6,Made Shot,Jump Shot,3PT Field Goal,Above the Break 3,Right Side Center(RC),24+ ft.,24.0,107.0,224.0,1,1,20170314,NYK,IND
Shot Chart Detail,0021601001,35,201952,Jeff Teague,1610612754,Indiana Pacers,1,7,38,Missed Shot,Jump Shot,2PT Field Goal,In The Paint (Non-RA),Center(C),Less Than 8 ft.,5.0,53.0,-5.0,1,0,20170314,NYK,IND
Shot Chart Detail,0021601001,100,201952,Jeff Teague,1610612754,Indiana Pacers,1,5,28,Missed Shot,Layup Shot,2PT Field Goal,Restricted Area,Center(C),Less Than 8 ft.,1.0,-13.0,4.0,1,0,20170314,NYK,IND
Shot Chart Detail,0021601001,89,201952,Jeff Teague,1610612754,Indiana Pacers,1,2,0,Missed Shot,Jump Shot,3PT Field Goal,Above the Break 3,Center(C),24+ ft.,24.0,-19.0,244.0,1,0,20170314,NYK,IND
Shot Chart Detail,0021601001,224,201952,Jeff Teague,1610612754,Indiana Pacers,2,3,11,Missed Shot,Jump Shot,3PT Field Goal,Above the Break 3,Center(C),24+ ft.,25.0,-22.0,252.0,1,0,20170314,NYK,IND
Shot Chart Detail,0021601001,297,201952,Jeff Teague,1610612754,Indiana Pacers,3,7,35,Missed Shot,Floating Jump shot,2PT Field Goal,Mid-Range,Right Side(R),8-16 ft.,8.0,84.0,31.0,1,0,20170314,NYK,IND
Shot Chart Detail,0021601001,320,201952,Jeff Teague,1610612754,Indiana Pacers,3,5,47,Missed Shot,Floating Jump shot,2PT Field Goal,In The Paint (Non-RA),Left Side(L),8-16 ft.,10.0,-79.0,65.0,1,0,20170314,NYK,IND
Shot Chart Detail,0021601001,340,201952,Jeff Teague,1610612754,Indiana Pacers,3,3,43,Missed Shot,Jump Shot,3PT Field Goal,Above the Break 3,Center(C),24+ ft.,25.0,69.0,242.0,1,0,20170314,NYK,IND
Shot Chart Detail,0021601001,350,201952,Jeff Teague,1610612754,Indiana Pacers,3,1,40,Missed Shot,Jump Shot,2PT Field Goal,Mid-Range,Left Side Center(LC),16-24 ft.,20.0,-155.0,136.0,1,0,20170314,NYK,IND
Shot Chart Detail,0021601001,451,201952,Jeff Teague,1610612754,Indiana Pacers,4,3,57,Missed Shot,Jump Shot,3PT Field Goal,Above the Break 3,Right Side Center(RC),24+ ft.,25.0,220.0,120.0,1,0,20170314,NYK,IND
Shot Chart Detail,0021601001,467,201952,Jeff Teague,1610612754,Indiana Pacers,4,2,50,Missed Shot,Jump Shot,2PT Field Goal,In The Paint (Non-RA),Center(C),Less Than 8 ft.,4.0,-45.0,21.0,1,0,20170314,NYK,IND
Shot Chart Detail,0021601001,482,201952,Jeff Teague,1610612754,Indiana Pacers,4,1,9,Made Shot,Floating Jump shot,2PT Field Goal,In The Paint (Non-RA),Center(C),Less Than 8 ft.,7.0,15.0,75.0,1,1,20170314,NYK,IND
Shot Chart Detail,0021601001,510,201952,Jeff Teague,1610612754,Indiana Pacers,4,0,13,Made Shot,Putback Layup Shot,2PT Field Goal,Restricted Area,Center(C),Less Than 8 ft.,1.0,-1.0,16.0,1,1,20170314,NYK,IND
Shot Chart Detail,0021601005,25,201952,Jeff Teague,1610612754,Indiana Pacers,1,8,15,Missed Shot,Driving Floating Jump Shot,2PT Field Goal,In The Paint (Non-RA),Center(C),Less Than 8 ft.,4.0,15.0,47.0,1,0,20170315,IND,CHA
Shot Chart Detail,0021601005,45,201952,Jeff Teague,1610612754,Indiana Pacers,1,4,50,Missed Shot,Jump Shot,3PT Field Goal,Above the Break 3,Right Side Center(RC),24+ ft.,26.0,191.0,178.0,1,0,20170315,IND,CHA
Shot Chart Detail,0021601005,184,201952,Jeff Teague,1610612754,Indiana Pacers,2,1,31,Made Shot,Pullup Jump shot,2PT Field Goal,Mid-Range,Left Side Center(LC),16-24 ft.,17.0,-92.0,154.0,1,1,20170315,IND,CHA
Shot Chart Detail,0021601005,196,201952,Jeff Teague,1610612754,Indiana Pacers,2,0,1,Missed Shot,Jump Shot,3PT Field Goal,Above the Break 3,Left Side Center(LC),24+ ft.,31.0,-132.0,282.0,1,0,20170315,IND,CHA
Shot Chart Detail,0021601005,228,201952,Jeff Teague,1610612754,Indiana Pacers,3,9,13,Made Shot,Jump Shot,3PT Field Goal,Above the Break 3,Center(C),24+ ft.,25.0,-17.0,259.0,1,1,20170315,IND,CHA
Shot Chart Detail,0021601005,254,201952,Jeff Teague,1610612754,Indiana Pacers,3,5,37,Made Shot,Jump Shot,3PT Field Goal,Above the Break 3,Center(C),24+ ft.,26.0,-1.0,262.0,1,1,20170315,IND,CHA
Shot Chart Detail,0021601005,381,201952,Jeff Teague,1610612754,Indiana Pacers,4,5,37,Missed Shot,Jump Shot,3PT Field Goal,Above the Break 3,Left Side Center(LC),24+ ft.,37.0,-178.0,332.0,1,0,20170315,IND,CHA
Shot Chart Detail,0021601005,406,201952,Jeff Teague,1610612754,Indiana Pacers,4,2,37,Missed Shot,Turnaround Jump Shot,2PT Field Goal,Mid-Range,Left Side(L),8-16 ft.,9.0,-94.0,21.0,1,0,20170315,IND,CHA
Shot Chart Detail,0021601040,3,201952,Jeff Teague,1610612754,Indiana Pacers,1,11,42,Missed Shot,Jump Shot,3PT Field Goal,Above the Break 3,Left Side Center(LC),24+ ft.,25.0,-130.0,223.0,1,0,20170319,TOR,IND
Shot Chart Detail,0021601040,56,201952,Jeff Teague,1610612754,Indiana Pacers,1,6,30,Missed Shot,Driving Layup Shot,2PT Field Goal,Restricted Area,Center(C),Less Than 8 ft.,2.0,19.0,11.0,1,0,20170319,TOR,IND
Shot Chart Detail,0021601040,71,201952,Jeff Teague,1610612754,Indiana Pacers,1,5,5,Missed Shot,Driving Floating Jump Shot,2PT Field Goal,In The Paint (Non-RA),Center(C),Less Than 8 ft.,5.0,-45.0,38.0,1,0,20170319,TOR,IND
Shot Chart Detail,0021601040,227,201952,Jeff Teague,1610612754,Indiana Pacers,2,4,52,Made Shot,Running Layup Shot,2PT Field Goal,Restricted Area,Center(C),Less Than 8 ft.,2.0,12.0,16.0,1,1,20170319,TOR,IND
Shot Chart Detail,0021601040,229,201952,Jeff Teague,1610612754,Indiana Pacers,2,4,4,Made Shot,Driving Floating Bank Jump Shot,2PT Field Goal,Restricted Area,Center(C),Less Than 8 ft.,2.0,20.0,0.0,1,1,20170319,TOR,IND
Shot Chart Detail,0021601040,253,201952,Jeff Teague,1610612754,Indiana Pacers,2,1,7,Missed Shot,Driving Floating Bank Jump Shot,2PT Field Goal,In The Paint (Non-RA),Center(C),Less Than 8 ft.,5.0,40.0,36.0,1,0,20170319,TOR,IND
Shot Chart Detail,0021601040,261,201952,Jeff Teague,1610612754,Indiana Pacers,2,0,39,Missed Shot,Driving Layup Shot,2PT Field Goal,Restricted Area,Center(C),Less Than 8 ft.,3.0,32.0,7.0,1,0,20170319,TOR,IND
Shot Chart Detail,0021601040,291,201952,Jeff Teague,1610612754,Indiana Pacers,3,10,57,Made Shot,Driving Floating Jump Shot,2PT Field Goal,Mid-Range,Right Side(R),8-16 ft.,8.0,84.0,3.0,1,1,20170319,TOR,IND
Shot Chart Detail,0021601040,327,201952,Jeff Teague,1610612754,Indiana Pacers,3,7,15,Made Shot,Jump Shot,3PT Field Goal,Above the Break 3,Left Side Center(LC),24+ ft.,25.0,-161.0,200.0,1,1,20170319,TOR,IND
Shot Chart Detail,0021601040,354,201952,Jeff Teague,1610612754,Indiana Pacers,3,4,53,Missed Shot,Running Layup Shot,2PT Field Goal,Restricted Area,Center(C),Less Than 8 ft.,3.0,35.0,2.0,1,0,20170319,TOR,IND
Shot Chart Detail,0021601040,370,201952,Jeff Teague,1610612754,Indiana Pacers,3,4,10,Missed Shot,Driving Floating Jump Shot,2PT Field Goal,In The Paint (Non-RA),Center(C),Less Than 8 ft.,6.0,-9.0,61.0,1,0,20170319,TOR,IND
Shot Chart Detail,0021601046,2,201952,Jeff Teague,1610612754,Indiana Pacers,1,11,38,Missed Shot,Step Back Jump shot,3PT Field Goal,Above the Break 3,Center(C),24+ ft.,25.0,9.0,259.0,1,0,20170320,IND,UTA
Shot Chart Detail,0021601046,16,201952,Jeff Teague,1610612754,Indiana Pacers,1,9,29,Made Shot,Jump Shot,3PT Field Goal,Above the Break 3,Right Side Center(RC),24+ ft.,25.0,141.0,218.0,1,1,20170320,IND,UTA
Shot Chart Detail,0021601046,37,201952,Jeff Teague,1610612754,Indiana Pacers,1,6,42,Made Shot,Jump Shot,3PT Field Goal,Above the Break 3,Center(C),24+ ft.,24.0,-74.0,237.0,1,1,20170320,IND,UTA
Shot Chart Detail,0021601046,55,201952,Jeff Teague,1610612754,Indiana Pacers,1,4,36,Missed Shot,Jump Shot,2PT Field Goal,Mid-Range,Left Side Center(LC),16-24 ft.,17.0,-99.0,149.0,1,0,20170320,IND,UTA
Shot Chart Detail,0021601046,57,201952,Jeff Teague,1610612754,Indiana Pacers,1,4,34,Missed Shot,Jump Shot,2PT Field Goal,Mid-Range,Center(C),16-24 ft.,19.0,4.0,190.0,1,0,20170320,IND,UTA
Shot Chart Detail,0021601046,177,201952,Jeff Teague,1610612754,Indiana Pacers,2,7,40,Missed Shot,Driving Layup Shot,2PT Field Goal,Restricted Area,Center(C),Less Than 8 ft.,1.0,-7.0,16.0,1,0,20170320,IND,UTA
Shot Chart Detail,0021601046,207,201952,Jeff Teague,1610612754,Indiana Pacers,2,5,11,Missed Shot,Floating Jump shot,2PT Field Goal,In The Paint (Non-RA),Center(C),8-16 ft.,9.0,14.0,90.0,1,0,20170320,IND,UTA
Shot Chart Detail,0021601046,208,201952,Jeff Teague,1610612754,Indiana Pacers,2,5,10,Missed Shot,Tip Layup Shot,2PT Field Goal,Restricted Area,Center(C),Less Than 8 ft.,2.0,4.0,21.0,1,0,20170320,IND,UTA
Shot Chart Detail,0021601046,234,201952,Jeff Teague,1610612754,Indiana Pacers,2,2,7,Missed Shot,Step Back Jump shot,2PT Field Goal,Mid-Range,Left Side(L),16-24 ft.,17.0,-142.0,95.0,1,0,20170320,IND,UTA
Shot Chart Detail,0021601046,290,201952,Jeff Teague,1610612754,Indiana Pacers,3,8,17,Made Shot,Pullup Jump shot,3PT Field Goal,Above the Break 3,Center(C),24+ ft.,25.0,73.0,242.0,1,1,20170320,IND,UTA
Shot Chart Detail,0021601046,294,201952,Jeff Teague,1610612754,Indiana Pacers,3,7,48,Made Shot,Driving Finger Roll Layup Shot,2PT Field Goal,Restricted Area,Center(C),Less Than 8 ft.,1.0,15.0,8.0,1,1,20170320,IND,UTA
Shot Chart Detail,0021601046,299,201952,Jeff Teague,1610612754,Indiana Pacers,3,7,2,Made Shot,Fadeaway Jump Shot,2PT Field Goal,In The Paint (Non-RA),Center(C),8-16 ft.,9.0,-14.0,95.0,1,1,20170320,IND,UTA
Shot Chart Detail,0021601046,313,201952,Jeff Teague,1610612754,Indiana Pacers,3,5,27,Missed Shot,Driving Layup Shot,2PT Field Goal,Restricted Area,Center(C),Less Than 8 ft.,2.0,20.0,2.0,1,0,20170320,IND,UTA
Shot Chart Detail,0021601046,378,201952,Jeff Teague,1610612754,Indiana Pacers,3,0,35,Missed Shot,Driving Layup Shot,2PT Field Goal,Restricted Area,Center(C),Less Than 8 ft.,1.0,6.0,13.0,1,0,20170320,IND,UTA
Shot Chart Detail,0021601046,447,201952,Jeff Teague,1610612754,Indiana Pacers,4,5,58,Made Shot,Driving Finger Roll Layup Shot,2PT Field Goal,Restricted Area,Center(C),Less Than 8 ft.,1.0,19.0,2.0,1,1,20170320,IND,UTA
Shot Chart Detail,0021601060,5,201952,Jeff Teague,1610612754,Indiana Pacers,1,11,13,Made Shot,Driving Floating Jump Shot,2PT Field Goal,In The Paint (Non-RA),Center(C),Less Than 8 ft.,5.0,37.0,36.0,1,1,20170322,BOS,IND
Shot Chart Detail,0021601060,23,201952,Jeff Teague,1610612754,Indiana Pacers,1,9,2,Made Shot,Running Finger Roll Layup Shot,2PT Field Goal,Restricted Area,Center(C),Less Than 8 ft.,0.0,-4.0,2.0,1,1,20170322,BOS,IND
Shot Chart Detail,0021601060,39,201952,Jeff Teague,1610612754,Indiana Pacers,1,7,1,Missed Shot,Jump Shot,3PT Field Goal,Above the Break 3,Left Side Center(LC),24+ ft.,25.0,-137.0,213.0,1,0,20170322,BOS,IND
Shot Chart Detail,0021601060,51,201952,Jeff Teague,1610612754,Indiana Pacers,1,6,18,Made Shot,Jump Shot,3PT Field Goal,Above the Break 3,Right Side Center(RC),24+ ft.,26.0,123.0,232.0,1,1,20170322,BOS,IND
Shot Chart Detail,0021601060,80,201952,Jeff Teague,1610612754,Indiana Pacers,1,3,17,Missed Shot,Jump Shot,2PT Field Goal,Mid-Range,Center(C),16-24 ft.,16.0,-17.0,160.0,1,0,20170322,BOS,IND
Shot Chart Detail,0021601060,181,201952,Jeff Teague,1610612754,Indiana Pacers,2,6,4,Made Shot,Driving Floating Jump Shot,2PT Field Goal,In The Paint (Non-RA),Center(C),Less Than 8 ft.,7.0,-53.0,47.0,1,1,20170322,BOS,IND
Shot Chart Detail,0021601060,231,201952,Jeff Teague,1610612754,Indiana Pacers,2,1,11,Missed Shot,Turnaround Jump Shot,2PT Field Goal,Mid-Range,Right Side(R),8-16 ft.,10.0,105.0,28.0,1,0,20170322,BOS,IND
Shot Chart Detail,0021601060,276,201952,Jeff Teague,1610612754,Indiana Pacers,3,9,38,Made Shot,Finger Roll Layup Shot,2PT Field Goal,Restricted Area,Center(C),Less Than 8 ft.,1.0,14.0,2.0,1,1,20170322,BOS,IND
Shot Chart Detail,0021601060,314,201952,Jeff Teague,1610612754,Indiana Pacers,3,4,36,Missed Shot,Jump Shot,3PT Field Goal,Right Corner 3,Right Side(R),24+ ft.,23.0,233.0,41.0,1,0,20170322,BOS,IND
Shot Chart Detail,0021601060,319,201952,Jeff Teague,1610612754,Indiana Pacers,3,4,1,Made Shot,Driving Floating Jump Shot,2PT Field Goal,In The Paint (Non-RA),Center(C),Less Than 8 ft.,4.0,-24.0,33.0,1,1,20170322,BOS,IND
Shot Chart Detail,0021601060,327,201952,Jeff Teague,1610612754,Indiana Pacers,3,3,34,Made Shot,Driving Finger Roll Layup Shot,2PT Field Goal,Restricted Area,Center(C),Less Than 8 ft.,0.0,9.0,2.0,1,1,20170322,BOS,IND
Shot Chart Detail,0021601060,340,201952,Jeff Teague,1610612754,Indiana Pacers,3,1,48,Made Shot,Driving Floating Jump Shot,2PT Field Goal,In The Paint (Non-RA),Center(C),8-16 ft.,8.0,14.0,80.0,1,1,20170322,BOS,IND
Shot Chart Detail,0021601060,411,201952,Jeff Teague,1610612754,Indiana Pacers,4,6,32,Made Shot,Jump Shot,3PT Field Goal,Above the Break 3,Left Side Center(LC),24+ ft.,24.0,-138.0,205.0,1,1,20170322,BOS,IND
Shot Chart Detail,0021601060,428,201952,Jeff Teague,1610612754,Indiana Pacers,4,5,20,Made Shot,Jump Shot,3PT Field Goal,Above the Break 3,Left Side Center(LC),24+ ft.,24.0,-119.0,218.0,1,1,20170322,BOS,IND
Shot Chart Detail,0021601060,466,201952,Jeff Teague,1610612754,Indiana Pacers,4,2,4,Missed Shot,Jump Shot,3PT Field Goal,Above the Break 3,Right Side Center(RC),24+ ft.,26.0,110.0,239.0,1,0,20170322,BOS,IND
Shot Chart Detail,0021601075,5,201952,Jeff Teague,1610612754,Indiana Pacers,1,11,5,Made Shot,Cutting Finger Roll Layup Shot,2PT Field Goal,Restricted Area,Center(C),Less Than 8 ft.,2.0,-14.0,16.0,1,1,20170324,IND,DEN
Shot Chart Detail,0021601075,11,201952,Jeff Teague,1610612754,Indiana Pacers,1,10,2,Missed Shot,Jump Shot,3PT Field Goal,Above the Break 3,Center(C),24+ ft.,24.0,10.0,249.0,1,0,20170324,IND,DEN
Shot Chart Detail,0021601075,55,201952,Jeff Teague,1610612754,Indiana Pacers,1,5,11,Missed Shot,Jump Shot,2PT Field Goal,Mid-Range,Left Side(L),8-16 ft.,10.0,-104.0,11.0,1,0,20170324,IND,DEN
Shot Chart Detail,0021601075,63,201952,Jeff Teague,1610612754,Indiana Pacers,1,4,35,Missed Shot,Jump Shot,3PT Field Goal,Left Corner 3,Left Side(L),24+ ft.,23.0,-235.0,3.0,1,0,20170324,IND,DEN
Shot Chart Detail,0021601075,89,201952,Jeff Teague,1610612754,Indiana Pacers,1,2,5,Missed Shot,Jump Shot,2PT Field Goal,In The Paint (Non-RA),Center(C),Less Than 8 ft.,5.0,35.0,41.0,1,0,20170324,IND,DEN
Shot Chart Detail,0021601075,92,201952,Jeff Teague,1610612754,Indiana Pacers,1,1,33,Made Shot,Jump Shot,2PT Field Goal,Mid-Range,Left Side(L),16-24 ft.,18.0,-186.0,21.0,1,1,20170324,IND,DEN
Shot Chart Detail,0021601075,197,201952,Jeff Teague,1610612754,Indiana Pacers,2,3,6,Missed Shot,Jump Shot,3PT Field Goal,Above the Break 3,Center(C),24+ ft.,26.0,71.0,252.0,1,0,20170324,IND,DEN
Shot Chart Detail,0021601075,224,201952,Jeff Teague,1610612754,Indiana Pacers,2,0,42,Made Shot,Running Layup Shot,2PT Field Goal,Restricted Area,Center(C),Less Than 8 ft.,1.0,9.0,8.0,1,1,20170324,IND,DEN
Shot Chart Detail,0021601075,226,201952,Jeff Teague,1610612754,Indiana Pacers,2,0,16,Made Shot,Driving Finger Roll Layup Shot,2PT Field Goal,Restricted Area,Center(C),Less Than 8 ft.,1.0,-12.0,7.0,1,1,20170324,IND,DEN
Shot Chart Detail,0021601075,233,201952,Jeff Teague,1610612754,Indiana Pacers,3,11,16,Made Shot,Jump Shot,3PT Field Goal,Above the Break 3,Center(C),24+ ft.,26.0,-56.0,257.0,1,1,20170324,IND,DEN
Shot Chart Detail,0021601075,245,201952,Jeff Teague,1610612754,Indiana Pacers,3,10,1,Missed Shot,Driving Finger Roll Layup Shot,2PT Field Goal,Restricted Area,Center(C),Less Than 8 ft.,3.0,30.0,21.0,1,0,20170324,IND,DEN
Shot Chart Detail,0021601075,391,201952,Jeff Teague,1610612754,Indiana Pacers,4,10,54,Missed Shot,Running Jump Shot,2PT Field Goal,In The Paint (Non-RA),Center(C),Less Than 8 ft.,4.0,-37.0,31.0,1,0,20170324,IND,DEN
Shot Chart Detail,0021601075,432,201952,Jeff Teague,1610612754,Indiana Pacers,4,7,57,Made Shot,Driving Floating Jump Shot,2PT Field Goal,In The Paint (Non-RA),Center(C),8-16 ft.,9.0,-37.0,85.0,1,1,20170324,IND,DEN
Shot Chart Detail,0021601075,483,201952,Jeff Teague,1610612754,Indiana Pacers,4,3,44,Made Shot,Jump Shot,2PT Field Goal,Mid-Range,Left Side Center(LC),16-24 ft.,18.0,-99.0,154.0,1,1,20170324,IND,DEN
Shot Chart Detail,0021601075,486,201952,Jeff Teague,1610612754,Indiana Pacers,4,3,18,Made Shot,Jump Shot,3PT Field Goal,Above the Break 3,Center(C),24+ ft.,25.0,17.0,257.0,1,1,20170324,IND,DEN
Shot Chart Detail,0021601075,493,201952,Jeff Teague,1610612754,Indiana Pacers,4,2,15,Made Shot,Floating Jump shot,2PT Field Goal,Mid-Range,Left Side(L),8-16 ft.,10.0,-97.0,41.0,1,1,20170324,IND,DEN
Shot Chart Detail,0021601092,4,201952,Jeff Teague,1610612754,Indiana Pacers,1,11,39,Made Shot,Running Pull-Up Jump Shot,2PT Field Goal,Restricted Area,Center(C),Less Than 8 ft.,3.0,2.0,36.0,1,1,20170326,IND,PHI
Shot Chart Detail,0021601092,23,201952,Jeff Teague,1610612754,Indiana Pacers,1,9,30,Made Shot,Jump Shot,3PT Field Goal,Above the Break 3,Right Side Center(RC),24+ ft.,27.0,137.0,244.0,1,1,20170326,IND,PHI
Shot Chart Detail,0021601092,40,201952,Jeff Teague,1610612754,Indiana Pacers,1,7,30,Missed Shot,Jump Shot,2PT Field Goal,Mid-Range,Center(C),16-24 ft.,19.0,-20.0,193.0,1,0,20170326,IND,PHI
Shot Chart Detail,0021601092,75,201952,Jeff Teague,1610612754,Indiana Pacers,1,4,40,Made Shot,Jump Shot,3PT Field Goal,Above the Break 3,Right Side Center(RC),24+ ft.,26.0,137.0,223.0,1,1,20170326,IND,PHI
Shot Chart Detail,0021601092,78,201952,Jeff Teague,1610612754,Indiana Pacers,1,4,19,Missed Shot,Pullup Jump shot,3PT Field Goal,Above the Break 3,Right Side Center(RC),24+ ft.,26.0,97.0,247.0,1,0,20170326,IND,PHI
Shot Chart Detail,0021601092,220,201952,Jeff Teague,1610612754,Indiana Pacers,2,4,17,Missed Shot,Floating Jump shot,2PT Field Goal,In The Paint (Non-RA),Center(C),8-16 ft.,9.0,20.0,95.0,1,0,20170326,IND,PHI
Shot Chart Detail,0021601092,278,201952,Jeff Teague,1610612754,Indiana Pacers,2,0,32,Missed Shot,Driving Floating Jump Shot,2PT Field Goal,In The Paint (Non-RA),Center(C),Less Than 8 ft.,5.0,17.0,52.0,1,0,20170326,IND,PHI
Shot Chart Detail,0021601092,295,201952,Jeff Teague,1610612754,Indiana Pacers,3,11,42,Made Shot,Running Layup Shot,2PT Field Goal,Restricted Area,Center(C),Less Than 8 ft.,0.0,2.0,7.0,1,1,20170326,IND,PHI
Shot Chart Detail,0021601092,298,201952,Jeff Teague,1610612754,Indiana Pacers,3,11,16,Missed Shot,Floating Jump shot,2PT Field Goal,Mid-Range,Left Side(L),8-16 ft.,11.0,-107.0,46.0,1,0,20170326,IND,PHI
Shot Chart Detail,0021601092,312,201952,Jeff Teague,1610612754,Indiana Pacers,3,9,57,Made Shot,Cutting Finger Roll Layup Shot,2PT Field Goal,Restricted Area,Center(C),Less Than 8 ft.,1.0,10.0,8.0,1,1,20170326,IND,PHI
Shot Chart Detail,0021601092,325,201952,Jeff Teague,1610612754,Indiana Pacers,3,7,41,Missed Shot,Driving Layup Shot,2PT Field Goal,Restricted Area,Center(C),Less Than 8 ft.,1.0,6.0,13.0,1,0,20170326,IND,PHI
Shot Chart Detail,0021601092,337,201952,Jeff Teague,1610612754,Indiana Pacers,3,6,42,Made Shot,Jump Shot,3PT Field Goal,Above the Break 3,Center(C),24+ ft.,26.0,-22.0,264.0,1,1,20170326,IND,PHI
Shot Chart Detail,0021601104,174,201952,Jeff Teague,1610612754,Indiana Pacers,2,8,22,Missed Shot,Jump Shot,3PT Field Goal,Above the Break 3,Right Side Center(RC),24+ ft.,32.0,200.0,262.0,1,0,20170328,IND,MIN
Shot Chart Detail,0021601104,182,201952,Jeff Teague,1610612754,Indiana Pacers,2,6,58,Made Shot,Pullup Jump shot,2PT Field Goal,In The Paint (Non-RA),Left Side(L),8-16 ft.,10.0,-78.0,75.0,1,1,20170328,IND,MIN
Shot Chart Detail,0021601104,229,201952,Jeff Teague,1610612754,Indiana Pacers,2,3,42,Made Shot,Pullup Jump shot,2PT Field Goal,In The Paint (Non-RA),Center(C),Less Than 8 ft.,4.0,6.0,47.0,1,1,20170328,IND,MIN
Shot Chart Detail,0021601104,234,201952,Jeff Teague,1610612754,Indiana Pacers,2,2,51,Made Shot,Driving Finger Roll Layup Shot,2PT Field Goal,Restricted Area,Center(C),Less Than 8 ft.,1.0,6.0,11.0,1,1,20170328,IND,MIN
Shot Chart Detail,0021601104,273,201952,Jeff Teague,1610612754,Indiana Pacers,2,0,0,Missed Shot,Jump Shot,3PT Field Goal,Backcourt,Back Court(BC),Back Court Shot,62.0,-12.0,621.0,1,0,20170328,IND,MIN
Shot Chart Detail,0021601104,278,201952,Jeff Teague,1610612754,Indiana Pacers,3,11,39,Missed Shot,Jump Shot,3PT Field Goal,Right Corner 3,Right Side(R),24+ ft.,23.0,238.0,0.0,1,0,20170328,IND,MIN
Shot Chart Detail,0021601104,309,201952,Jeff Teague,1610612754,Indiana Pacers,3,9,25,Missed Shot,Jump Shot,3PT Field Goal,Above the Break 3,Center(C),24+ ft.,27.0,-73.0,262.0,1,0,20170328,IND,MIN
Shot Chart Detail,0021601104,362,201952,Jeff Teague,1610612754,Indiana Pacers,3,3,5,Made Shot,Floating Jump shot,2PT Field Goal,In The Paint (Non-RA),Center(C),Less Than 8 ft.,5.0,-30.0,47.0,1,1,20170328,IND,MIN
Shot Chart Detail,0021601104,375,201952,Jeff Teague,1610612754,Indiana Pacers,3,1,9,Made Shot,Layup Shot,2PT Field Goal,Restricted Area,Center(C),Less Than 8 ft.,0.0,-6.0,7.0,1,1,20170328,IND,MIN
Shot Chart Detail,0021601104,439,201952,Jeff Teague,1610612754,Indiana Pacers,4,8,54,Made Shot,Pullup Jump shot,2PT Field Goal,In The Paint (Non-RA),Center(C),8-16 ft.,13.0,-63.0,124.0,1,1,20170328,IND,MIN
Shot Chart Detail,0021601104,453,201952,Jeff Teague,1610612754,Indiana Pacers,4,7,56,Missed Shot,Hook Shot,2PT Field Goal,In The Paint (Non-RA),Center(C),Less Than 8 ft.,7.0,71.0,21.0,1,0,20170328,IND,MIN
Shot Chart Detail,0021601104,544,201952,Jeff Teague,1610612754,Indiana Pacers,4,0,17,Missed Shot,Finger Roll Layup Shot,2PT Field Goal,Restricted Area,Center(C),Less Than 8 ft.,3.0,20.0,26.0,1,0,20170328,IND,MIN
Shot Chart Detail,0021601116,8,201952,Jeff Teague,1610612754,Indiana Pacers,1,10,59,Missed Shot,Jump Shot,3PT Field Goal,Above the Break 3,Right Side Center(RC),24+ ft.,25.0,122.0,228.0,1,0,20170329,MEM,IND
Shot Chart Detail,0021601116,27,201952,Jeff Teague,1610612754,Indiana Pacers,1,8,18,Missed Shot,Jump Shot,3PT Field Goal,Above the Break 3,Right Side Center(RC),24+ ft.,26.0,122.0,232.0,1,0,20170329,MEM,IND
Shot Chart Detail,0021601116,208,201952,Jeff Teague,1610612754,Indiana Pacers,2,3,19,Missed Shot,Jump Shot,3PT Field Goal,Above the Break 3,Left Side Center(LC),24+ ft.,25.0,-114.0,228.0,1,0,20170329,MEM,IND
Shot Chart Detail,0021601116,261,201952,Jeff Teague,1610612754,Indiana Pacers,3,10,51,Made Shot,Driving Layup Shot,2PT Field Goal,Restricted Area,Center(C),Less Than 8 ft.,1.0,-14.0,-1.0,1,1,20170329,MEM,IND
Shot Chart Detail,0021601116,269,201952,Jeff Teague,1610612754,Indiana Pacers,3,9,38,Made Shot,Driving Layup Shot,2PT Field Goal,Restricted Area,Center(C),Less Than 8 ft.,1.0,4.0,11.0,1,1,20170329,MEM,IND
Shot Chart Detail,0021601116,273,201952,Jeff Teague,1610612754,Indiana Pacers,3,8,23,Missed Shot,Jump Shot,3PT Field Goal,Above the Break 3,Left Side Center(LC),24+ ft.,24.0,-83.0,234.0,1,0,20170329,MEM,IND
Shot Chart Detail,0021601126,12,201952,Jeff Teague,1610612754,Indiana Pacers,1,10,29,Made Shot,Jump Shot,3PT Field Goal,Above the Break 3,Center(C),24+ ft.,24.0,-76.0,237.0,1,1,20170331,TOR,IND
Shot Chart Detail,0021601126,22,201952,Jeff Teague,1610612754,Indiana Pacers,1,9,36,Made Shot,Running Layup Shot,2PT Field Goal,Restricted Area,Center(C),Less Than 8 ft.,1.0,17.0,2.0,1,1,20170331,TOR,IND
Shot Chart Detail,0021601126,202,201952,Jeff Teague,1610612754,Indiana Pacers,2,5,32,Missed Shot,Driving Floating Bank Jump Shot,2PT Field Goal,In The Paint (Non-RA),Center(C),Less Than 8 ft.,7.0,64.0,46.0,1,0,20170331,TOR,IND
Shot Chart Detail,0021601126,205,201952,Jeff Teague,1610612754,Indiana Pacers,2,5,11,Missed Shot,Jump Shot,3PT Field Goal,Above the Break 3,Center(C),24+ ft.,26.0,78.0,252.0,1,0,20170331,TOR,IND
Shot Chart Detail,0021601126,228,201952,Jeff Teague,1610612754,Indiana Pacers,2,3,18,Missed Shot,Driving Floating Bank Jump Shot,2PT Field Goal,In The Paint (Non-RA),Center(C),8-16 ft.,8.0,9.0,80.0,1,0,20170331,TOR,IND
Shot Chart Detail,0021601126,321,201952,Jeff Teague,1610612754,Indiana Pacers,3,7,53,Missed Shot,Driving Floating Jump Shot,2PT Field Goal,In The Paint (Non-RA),Center(C),Less Than 8 ft.,5.0,32.0,47.0,1,0,20170331,TOR,IND
Shot Chart Detail,0021601126,345,201952,Jeff Teague,1610612754,Indiana Pacers,3,6,11,Missed Shot,Floating Jump shot,2PT Field Goal,In The Paint (Non-RA),Center(C),Less Than 8 ft.,6.0,66.0,8.0,1,0,20170331,TOR,IND
Shot Chart Detail,0021601126,381,201952,Jeff Teague,1610612754,Indiana Pacers,3,3,10,Made Shot,Driving Floating Bank Jump Shot,2PT Field Goal,In The Paint (Non-RA),Center(C),Less Than 8 ft.,5.0,15.0,52.0,1,1,20170331,TOR,IND
Shot Chart Detail,0021601126,527,201952,Jeff Teague,1610612754,Indiana Pacers,4,2,37,Made Shot,Pullup Jump shot,3PT Field Goal,Above the Break 3,Center(C),24+ ft.,25.0,64.0,242.0,1,1,20170331,TOR,IND
Shot Chart Detail,0021601150,27,201952,Jeff Teague,1610612754,Indiana Pacers,1,9,4,Missed Shot,Jump Shot,3PT Field Goal,Above the Break 3,Right Side Center(RC),24+ ft.,25.0,104.0,232.0,1,0,20170402,CLE,IND
Shot Chart Detail,0021601150,65,201952,Jeff Teague,1610612754,Indiana Pacers,1,4,32,Missed Shot,Jump Shot,2PT Field Goal,In The Paint (Non-RA),Center(C),Less Than 8 ft.,6.0,-35.0,57.0,1,0,20170402,CLE,IND
Shot Chart Detail,0021601150,72,201952,Jeff Teague,1610612754,Indiana Pacers,1,3,37,Made Shot,Jump Shot,3PT Field Goal,Above the Break 3,Left Side Center(LC),24+ ft.,25.0,-160.0,193.0,1,1,20170402,CLE,IND
Shot Chart Detail,0021601150,190,201952,Jeff Teague,1610612754,Indiana Pacers,2,4,57,Missed Shot,Jump Shot,3PT Field Goal,Above the Break 3,Left Side Center(LC),24+ ft.,25.0,-194.0,169.0,1,0,20170402,CLE,IND
Shot Chart Detail,0021601150,234,201952,Jeff Teague,1610612754,Indiana Pacers,2,2,14,Made Shot,Jump Shot,3PT Field Goal,Left Corner 3,Left Side(L),24+ ft.,24.0,-241.0,28.0,1,1,20170402,CLE,IND
Shot Chart Detail,0021601150,276,201952,Jeff Teague,1610612754,Indiana Pacers,3,9,48,Made Shot,Jump Shot,3PT Field Goal,Above the Break 3,Center(C),24+ ft.,25.0,-76.0,247.0,1,1,20170402,CLE,IND
Shot Chart Detail,0021601150,285,201952,Jeff Teague,1610612754,Indiana Pacers,3,8,49,Missed Shot,Driving Floating Jump Shot,2PT Field Goal,In The Paint (Non-RA),Center(C),Less Than 8 ft.,6.0,24.0,56.0,1,0,20170402,CLE,IND
Shot Chart Detail,0021601150,311,201952,Jeff Teague,1610612754,Indiana Pacers,3,6,44,Missed Shot,Jump Shot,2PT Field Goal,Mid-Range,Left Side(L),8-16 ft.,13.0,-83.0,110.0,1,0,20170402,CLE,IND
Shot Chart Detail,0021601150,346,201952,Jeff Teague,1610612754,Indiana Pacers,3,3,23,Made Shot,Jump Shot,2PT Field Goal,Mid-Range,Right Side Center(RC),16-24 ft.,16.0,63.0,149.0,1,1,20170402,CLE,IND
Shot Chart Detail,0021601150,359,201952,Jeff Teague,1610612754,Indiana Pacers,3,1,14,Missed Shot,Jump Shot,3PT Field Goal,Above the Break 3,Left Side Center(LC),24+ ft.,25.0,-207.0,144.0,1,0,20170402,CLE,IND
Shot Chart Detail,0021601150,484,201952,Jeff Teague,1610612754,Indiana Pacers,4,3,48,Made Shot,Jump Shot,3PT Field Goal,Above the Break 3,Center(C),24+ ft.,25.0,-17.0,259.0,1,1,20170402,CLE,IND
Shot Chart Detail,0021601150,624,201952,Jeff Teague,1610612754,Indiana Pacers,6,2,59,Missed Shot,Jump Shot,3PT Field Goal,Above the Break 3,Left Side Center(LC),24+ ft.,25.0,-122.0,228.0,1,0,20170402,CLE,IND
Shot Chart Detail,0021601150,687,201952,Jeff Teague,1610612754,Indiana Pacers,6,0,2,Missed Shot,Jump Shot,3PT Field Goal,Above the Break 3,Left Side Center(LC),24+ ft.,27.0,-130.0,243.0,1,0,20170402,CLE,IND
Shot Chart Detail,0021601157,20,201952,Jeff Teague,1610612754,Indiana Pacers,1,9,21,Made Shot,Jump Shot,3PT Field Goal,Right Corner 3,Right Side(R),24+ ft.,23.0,233.0,56.0,1,1,20170404,IND,TOR
Shot Chart Detail,0021601157,23,201952,Jeff Teague,1610612754,Indiana Pacers,1,8,53,Missed Shot,Jump Shot,2PT Field Goal,Mid-Range,Left Side(L),16-24 ft.,19.0,-194.0,26.0,1,0,20170404,IND,TOR
Shot Chart Detail,0021601157,39,201952,Jeff Teague,1610612754,Indiana Pacers,1,7,12,Missed Shot,Jump Shot,3PT Field Goal,Left Corner 3,Left Side(L),24+ ft.,24.0,-240.0,11.0,1,0,20170404,IND,TOR
Shot Chart Detail,0021601157,198,201952,Jeff Teague,1610612754,Indiana Pacers,2,5,3,Missed Shot,Layup Shot,2PT Field Goal,Restricted Area,Center(C),Less Than 8 ft.,2.0,27.0,7.0,1,0,20170404,IND,TOR
Shot Chart Detail,0021601157,206,201952,Jeff Teague,1610612754,Indiana Pacers,2,3,43,Made Shot,Driving Floating Jump Shot,2PT Field Goal,Mid-Range,Left Side(L),8-16 ft.,13.0,-137.0,11.0,1,1,20170404,IND,TOR
Shot Chart Detail,0021601157,215,201952,Jeff Teague,1610612754,Indiana Pacers,2,2,40,Missed Shot,Jump Shot,3PT Field Goal,Above the Break 3,Center(C),24+ ft.,26.0,-56.0,254.0,1,0,20170404,IND,TOR
Shot Chart Detail,0021601157,273,201952,Jeff Teague,1610612754,Indiana Pacers,3,8,17,Missed Shot,Jump Shot,2PT Field Goal,In The Paint (Non-RA),Center(C),8-16 ft.,11.0,2.0,115.0,1,0,20170404,IND,TOR
Shot Chart Detail,0021601157,280,201952,Jeff Teague,1610612754,Indiana Pacers,3,7,55,Missed Shot,Driving Floating Jump Shot,2PT Field Goal,In The Paint (Non-RA),Center(C),8-16 ft.,12.0,-55.0,110.0,1,0,20170404,IND,TOR
Shot Chart Detail,0021601157,301,201952,Jeff Teague,1610612754,Indiana Pacers,3,5,48,Made Shot,Jump Shot,3PT Field Goal,Above the Break 3,Center(C),24+ ft.,25.0,-63.0,249.0,1,1,20170404,IND,TOR
Shot Chart Detail,0021601157,323,201952,Jeff Teague,1610612754,Indiana Pacers,3,3,13,Missed Shot,Jump Shot,2PT Field Goal,Mid-Range,Right Side(R),16-24 ft.,17.0,161.0,56.0,1,0,20170404,IND,TOR
Shot Chart Detail,0021601157,350,201952,Jeff Teague,1610612754,Indiana Pacers,3,0,42,Made Shot,Driving Floating Jump Shot,2PT Field Goal,In The Paint (Non-RA),Center(C),8-16 ft.,9.0,46.0,85.0,1,1,20170404,IND,TOR
Shot Chart Detail,0021601157,368,201952,Jeff Teague,1610612754,Indiana Pacers,3,0,0,Missed Shot,Jump Shot,3PT Field Goal,Above the Break 3,Center(C),24+ ft.,39.0,-6.0,395.0,1,0,20170404,IND,TOR
Shot Chart Detail,0021601157,412,201952,Jeff Teague,1610612754,Indiana Pacers,4,7,31,Made Shot,Jump Shot,2PT Field Goal,In The Paint (Non-RA),Center(C),Less Than 8 ft.,4.0,-32.0,26.0,1,1,20170404,IND,TOR
Shot Chart Detail,0021601175,27,201952,Jeff Teague,1610612754,Indiana Pacers,1,9,12,Missed Shot,Floating Jump shot,2PT Field Goal,In The Paint (Non-RA),Center(C),Less Than 8 ft.,4.0,12.0,46.0,1,0,20170406,IND,MIL
Shot Chart Detail,0021601175,52,201952,Jeff Teague,1610612754,Indiana Pacers,1,6,38,Missed Shot,Jump Shot,3PT Field Goal,Above the Break 3,Left Side Center(LC),24+ ft.,25.0,-117.0,223.0,1,0,20170406,IND,MIL
Shot Chart Detail,0021601175,186,201952,Jeff Teague,1610612754,Indiana Pacers,2,4,55,Missed Shot,Layup Shot,2PT Field Goal,Restricted Area,Center(C),Less Than 8 ft.,2.0,14.0,26.0,1,0,20170406,IND,MIL
Shot Chart Detail,0021601175,189,201952,Jeff Teague,1610612754,Indiana Pacers,2,4,47,Missed Shot,Running Jump Shot,3PT Field Goal,Right Corner 3,Right Side(R),24+ ft.,23.0,238.0,21.0,1,0,20170406,IND,MIL
Shot Chart Detail,0021601175,199,201952,Jeff Teague,1610612754,Indiana Pacers,2,3,55,Made Shot,Driving Finger Roll Layup Shot,2PT Field Goal,Restricted Area,Center(C),Less Than 8 ft.,3.0,30.0,7.0,1,1,20170406,IND,MIL
Shot Chart Detail,0021601175,220,201952,Jeff Teague,1610612754,Indiana Pacers,2,2,28,Made Shot,Jump Shot,2PT Field Goal,In The Paint (Non-RA),Right Side(R),8-16 ft.,14.0,74.0,124.0,1,1,20170406,IND,MIL
Shot Chart Detail,0021601175,222,201952,Jeff Teague,1610612754,Indiana Pacers,2,1,53,Missed Shot,Jump Shot,3PT Field Goal,Above the Break 3,Right Side Center(RC),24+ ft.,25.0,120.0,228.0,1,0,20170406,IND,MIL
Shot Chart Detail,0021601175,258,201952,Jeff Teague,1610612754,Indiana Pacers,3,11,26,Missed Shot,Jump Shot,3PT Field Goal,Right Corner 3,Right Side(R),24+ ft.,24.0,241.0,31.0,1,0,20170406,IND,MIL
Shot Chart Detail,0021601175,287,201952,Jeff Teague,1610612754,Indiana Pacers,3,6,59,Missed Shot,Jump Bank Shot,2PT Field Goal,In The Paint (Non-RA),Center(C),Less Than 8 ft.,4.0,-32.0,33.0,1,0,20170406,IND,MIL
Shot Chart Detail,0021601175,291,201952,Jeff Teague,1610612754,Indiana Pacers,3,6,37,Made Shot,Layup Shot,2PT Field Goal,Restricted Area,Center(C),Less Than 8 ft.,2.0,24.0,16.0,1,1,20170406,IND,MIL
Shot Chart Detail,0021601175,322,201952,Jeff Teague,1610612754,Indiana Pacers,3,3,3,Made Shot,Jump Shot,2PT Field Goal,Mid-Range,Left Side Center(LC),16-24 ft.,20.0,-120.0,170.0,1,1,20170406,IND,MIL
Shot Chart Detail,0021601175,345,201952,Jeff Teague,1610612754,Indiana Pacers,3,0,19,Made Shot,Pullup Jump shot,2PT Field Goal,In The Paint (Non-RA),Center(C),Less Than 8 ft.,6.0,-19.0,67.0,1,1,20170406,IND,MIL
Shot Chart Detail,0021601190,10,201952,Jeff Teague,1610612754,Indiana Pacers,1,10,42,Missed Shot,Floating Jump shot,2PT Field Goal,In The Paint (Non-RA),Center(C),8-16 ft.,8.0,-19.0,87.0,1,0,20170408,ORL,IND
Shot Chart Detail,0021601190,24,201952,Jeff Teague,1610612754,Indiana Pacers,1,8,46,Made Shot,Jump Shot,3PT Field Goal,Above the Break 3,Right Side Center(RC),24+ ft.,27.0,189.0,193.0,1,1,20170408,ORL,IND
Shot Chart Detail,0021601190,65,201952,Jeff Teague,1610612754,Indiana Pacers,1,4,14,Missed Shot,Floating Jump shot,2PT Field Goal,In The Paint (Non-RA),Center(C),8-16 ft.,8.0,4.0,87.0,1,0,20170408,ORL,IND
Shot Chart Detail,0021601190,104,201952,Jeff Teague,1610612754,Indiana Pacers,1,1,38,Missed Shot,Driving Layup Shot,2PT Field Goal,Restricted Area,Center(C),Less Than 8 ft.,1.0,2.0,11.0,1,0,20170408,ORL,IND
Shot Chart Detail,0021601190,231,201952,Jeff Teague,1610612754,Indiana Pacers,2,3,6,Missed Shot,Jump Shot,3PT Field Goal,Above the Break 3,Left Side Center(LC),24+ ft.,25.0,-179.0,178.0,1,0,20170408,ORL,IND
Shot Chart Detail,0021601190,235,201952,Jeff Teague,1610612754,Indiana Pacers,2,2,33,Made Shot,Floating Jump shot,2PT Field Goal,Mid-Range,Left Side(L),8-16 ft.,9.0,-86.0,46.0,1,1,20170408,ORL,IND
Shot Chart Detail,0021601190,242,201952,Jeff Teague,1610612754,Indiana Pacers,2,2,0,Missed Shot,Turnaround Jump Shot,2PT Field Goal,In The Paint (Non-RA),Center(C),8-16 ft.,10.0,2.0,101.0,1,0,20170408,ORL,IND
Shot Chart Detail,0021601190,282,201952,Jeff Teague,1610612754,Indiana Pacers,3,10,16,Missed Shot,Jump Shot,2PT Field Goal,Mid-Range,Right Side Center(RC),16-24 ft.,21.0,133.0,164.0,1,0,20170408,ORL,IND
Shot Chart Detail,0021601190,306,201952,Jeff Teague,1610612754,Indiana Pacers,3,7,36,Missed Shot,Jump Shot,3PT Field Goal,Above the Break 3,Left Side Center(LC),24+ ft.,27.0,-129.0,239.0,1,0,20170408,ORL,IND
Shot Chart Detail,0021601190,476,201952,Jeff Teague,1610612754,Indiana Pacers,4,4,16,Missed Shot,Driving Layup Shot,2PT Field Goal,Restricted Area,Center(C),Less Than 8 ft.,1.0,2.0,16.0,1,0,20170408,ORL,IND
Shot Chart Detail,0021601190,488,201952,Jeff Teague,1610612754,Indiana Pacers,4,2,59,Made Shot,Driving Layup Shot,2PT Field Goal,Restricted Area,Center(C),Less Than 8 ft.,2.0,-17.0,16.0,1,1,20170408,ORL,IND
Shot Chart Detail,0021601203,60,201952,Jeff Teague,1610612754,Indiana Pacers,1,5,53,Made Shot,Pullup Jump shot,2PT Field Goal,Mid-Range,Left Side Center(LC),16-24 ft.,20.0,-166.0,124.0,1,1,20170410,PHI,IND
Shot Chart Detail,0021601203,162,201952,Jeff Teague,1610612754,Indiana Pacers,2,7,14,Missed Shot,Jump Shot,3PT Field Goal,Left Corner 3,Left Side(L),24+ ft.,23.0,-230.0,-10.0,1,0,20170410,PHI,IND
Shot Chart Detail,0021601203,167,201952,Jeff Teague,1610612754,Indiana Pacers,2,6,49,Made Shot,Running Layup Shot,2PT Field Goal,Restricted Area,Center(C),Less Than 8 ft.,2.0,15.0,-15.0,1,1,20170410,PHI,IND
Shot Chart Detail,0021601203,169,201952,Jeff Teague,1610612754,Indiana Pacers,2,6,27,Made Shot,Pullup Jump shot,2PT Field Goal,In The Paint (Non-RA),Left Side(L),8-16 ft.,12.0,-68.0,110.0,1,1,20170410,PHI,IND
Shot Chart Detail,0021601203,198,201952,Jeff Teague,1610612754,Indiana Pacers,2,4,8,Missed Shot,Jump Shot,2PT Field Goal,Mid-Range,Left Side(L),8-16 ft.,15.0,-107.0,115.0,1,0,20170410,PHI,IND
Shot Chart Detail,0021601203,219,201952,Jeff Teague,1610612754,Indiana Pacers,2,1,36,Made Shot,Layup Shot,2PT Field Goal,Restricted Area,Center(C),Less Than 8 ft.,1.0,1.0,18.0,1,1,20170410,PHI,IND
Shot Chart Detail,0021601203,501,201952,Jeff Teague,1610612754,Indiana Pacers,4,2,20,Missed Shot,Jump Shot,2PT Field Goal,In The Paint (Non-RA),Center(C),Less Than 8 ft.,6.0,-63.0,13.0,1,0,20170410,PHI,IND
Shot Chart Detail,0021601203,514,201952,Jeff Teague,1610612754,Indiana Pacers,4,0,57,Missed Shot,Jump Shot,3PT Field Goal,Above the Break 3,Center(C),24+ ft.,26.0,-40.0,257.0,1,0,20170410,PHI,IND
Shot Chart Detail,0021601226,69,201952,Jeff Teague,1610612754,Indiana Pacers,1,4,35,Missed Shot,Jump Shot,3PT Field Goal,Above the Break 3,Left Side Center(LC),24+ ft.,24.0,-220.0,115.0,1,0,20170412,IND,ATL
Shot Chart Detail,0021601226,84,201952,Jeff Teague,1610612754,Indiana Pacers,1,3,56,Missed Shot,Floating Jump shot,2PT Field Goal,In The Paint (Non-RA),Right Side(R),8-16 ft.,8.0,61.0,61.0,1,0,20170412,IND,ATL
Shot Chart Detail,0021601226,87,201952,Jeff Teague,1610612754,Indiana Pacers,1,3,31,Made Shot,Floating Jump shot,2PT Field Goal,Mid-Range,Left Side(L),8-16 ft.,12.0,-109.0,56.0,1,1,20170412,IND,ATL
Shot Chart Detail,0021601226,222,201952,Jeff Teague,1610612754,Indiana Pacers,2,1,37,Made Shot,Jump Shot,2PT Field Goal,In The Paint (Non-RA),Center(C),8-16 ft.,9.0,14.0,90.0,1,1,20170412,IND,ATL
Shot Chart Detail,0021601226,237,201952,Jeff Teague,1610612754,Indiana Pacers,3,11,38,Made Shot,Driving Finger Roll Layup Shot,2PT Field Goal,Restricted Area,Center(C),Less Than 8 ft.,2.0,4.0,21.0,1,1,20170412,IND,ATL
Shot Chart Detail,0021601226,240,201952,Jeff Teague,1610612754,Indiana Pacers,3,11,4,Made Shot,Step Back Jump shot,2PT Field Goal,Mid-Range,Right Side Center(RC),16-24 ft.,19.0,101.0,165.0,1,1,20170412,IND,ATL
Shot Chart Detail,0021601226,242,201952,Jeff Teague,1610612754,Indiana Pacers,3,10,34,Made Shot,Driving Finger Roll Layup Shot,2PT Field Goal,Restricted Area,Center(C),Less Than 8 ft.,1.0,12.0,2.0,1,1,20170412,IND,ATL
Shot Chart Detail,0021601226,258,201952,Jeff Teague,1610612754,Indiana Pacers,3,9,3,Missed Shot,Layup Shot,2PT Field Goal,Restricted Area,Center(C),Less Than 8 ft.,2.0,14.0,18.0,1,0,20170412,IND,ATL
Shot Chart Detail,0021601226,286,201952,Jeff Teague,1610612754,Indiana Pacers,3,5,49,Made Shot,Pullup Jump shot,3PT Field Goal,Above the Break 3,Right Side Center(RC),24+ ft.,25.0,200.0,154.0,1,1,20170412,IND,ATL
