GRID_TYPE,GAME_ID,GAME_EVENT_ID,PLAYER_ID,PLAYER_NAME,TEAM_ID,TEAM_NAME,PERIOD,MINUTES_REMAINING,SECONDS_REMAINING,EVENT_TYPE,ACTION_TYPE,SHOT_TYPE,SHOT_ZONE_BASIC,SHOT_ZONE_AREA,SHOT_ZONE_RANGE,SHOT_DISTANCE,LOC_X,LOC_Y,SHOT_ATTEMPTED_FLAG,SHOT_MADE_FLAG,GAME_DATE,HTM,VTM
Shot Chart Detail,0021600256,109,201961,Wayne Ellington,1610612748,Miami Heat,1,1,36,Missed Shot,Jump Shot,2PT Field Goal,Mid-Range,Right Side(R),16-24 ft.,19.0,181.0,65.0,1,0,20161128,MIA,BOS
Shot Chart Detail,0021600256,121,201961,Wayne Ellington,1610612748,Miami Heat,2,11,45,Missed Shot,Jump Shot,3PT Field Goal,Above the Break 3,Left Side Center(LC),24+ ft.,25.0,-122.0,224.0,1,0,20161128,MIA,BOS
Shot Chart Detail,0021600256,125,201961,Wayne Ellington,1610612748,Miami Heat,2,11,6,Missed Shot,Jump Shot,3PT Field Goal,Above the Break 3,Right Side Center(RC),24+ ft.,25.0,128.0,223.0,1,0,20161128,MIA,BOS
Shot Chart Detail,0021600256,136,201961,Wayne Ellington,1610612748,Miami Heat,2,9,23,Made Shot,Cutting Layup Shot,2PT Field Goal,Restricted Area,Center(C),Less Than 8 ft.,1.0,-14.0,7.0,1,1,20161128,MIA,BOS
Shot Chart Detail,0021600256,351,201961,Wayne Ellington,1610612748,Miami Heat,3,1,29,Missed Shot,Jump Shot,3PT Field Goal,Above the Break 3,Right Side Center(RC),24+ ft.,25.0,212.0,134.0,1,0,20161128,MIA,BOS
Shot Chart Detail,0021600256,369,201961,Wayne Ellington,1610612748,Miami Heat,3,0,0,Made Shot,Jump Shot,2PT Field Goal,Mid-Range,Right Side(R),16-24 ft.,20.0,192.0,82.0,1,1,20161128,MIA,BOS
Shot Chart Detail,0021600256,421,201961,Wayne Ellington,1610612748,Miami Heat,4,7,50,Made Shot,Jump Shot,2PT Field Goal,Mid-Range,Left Side Center(LC),16-24 ft.,20.0,-107.0,174.0,1,1,20161128,MIA,BOS
Shot Chart Detail,0021600256,451,201961,Wayne Ellington,1610612748,Miami Heat,4,5,0,Made Shot,Step Back Jump shot,3PT Field Goal,Above the Break 3,Left Side Center(LC),24+ ft.,25.0,-186.0,170.0,1,1,20161128,MIA,BOS
Shot Chart Detail,0021600256,459,201961,Wayne Ellington,1610612748,Miami Heat,4,4,11,Missed Shot,Jump Shot,3PT Field Goal,Right Corner 3,Right Side(R),24+ ft.,24.0,246.0,7.0,1,0,20161128,MIA,BOS
Shot Chart Detail,0021600273,118,201961,Wayne Ellington,1610612748,Miami Heat,1,0,39,Missed Shot,Step Back Jump shot,2PT Field Goal,Mid-Range,Left Side Center(LC),16-24 ft.,19.0,-143.0,139.0,1,0,20161130,DEN,MIA
Shot Chart Detail,0021600273,157,201961,Wayne Ellington,1610612748,Miami Heat,2,9,41,Made Shot,Dunk Shot,2PT Field Goal,Restricted Area,Center(C),Less Than 8 ft.,0.0,0.0,1.0,1,1,20161130,DEN,MIA
Shot Chart Detail,0021600273,159,201961,Wayne Ellington,1610612748,Miami Heat,2,9,3,Made Shot,Jump Shot,3PT Field Goal,Above the Break 3,Left Side Center(LC),24+ ft.,24.0,-129.0,203.0,1,1,20161130,DEN,MIA
Shot Chart Detail,0021600273,164,201961,Wayne Ellington,1610612748,Miami Heat,2,8,40,Made Shot,Running Layup Shot,2PT Field Goal,Restricted Area,Center(C),Less Than 8 ft.,1.0,7.0,11.0,1,1,20161130,DEN,MIA
Shot Chart Detail,0021600273,181,201961,Wayne Ellington,1610612748,Miami Heat,2,7,35,Missed Shot,Pullup Jump shot,3PT Field Goal,Above the Break 3,Right Side Center(RC),24+ ft.,24.0,194.0,154.0,1,0,20161130,DEN,MIA
Shot Chart Detail,0021600273,201,201961,Wayne Ellington,1610612748,Miami Heat,2,5,47,Missed Shot,Floating Jump shot,2PT Field Goal,In The Paint (Non-RA),Center(C),Less Than 8 ft.,6.0,42.0,46.0,1,0,20161130,DEN,MIA
Shot Chart Detail,0021600273,391,201961,Wayne Ellington,1610612748,Miami Heat,3,4,45,Made Shot,Jump Shot,2PT Field Goal,Mid-Range,Right Side(R),16-24 ft.,19.0,191.0,2.0,1,1,20161130,DEN,MIA
Shot Chart Detail,0021600273,403,201961,Wayne Ellington,1610612748,Miami Heat,3,3,20,Missed Shot,Jump Shot,3PT Field Goal,Above the Break 3,Left Side Center(LC),24+ ft.,24.0,-205.0,134.0,1,0,20161130,DEN,MIA
Shot Chart Detail,0021600273,457,201961,Wayne Ellington,1610612748,Miami Heat,4,11,41,Missed Shot,Jump Shot,3PT Field Goal,Above the Break 3,Left Side Center(LC),24+ ft.,24.0,-196.0,149.0,1,0,20161130,DEN,MIA
Shot Chart Detail,0021600273,482,201961,Wayne Ellington,1610612748,Miami Heat,4,9,5,Made Shot,Jump Shot,3PT Field Goal,Left Corner 3,Left Side(L),24+ ft.,24.0,-232.0,67.0,1,1,20161130,DEN,MIA
Shot Chart Detail,0021600273,494,201961,Wayne Ellington,1610612748,Miami Heat,4,7,33,Made Shot,Fadeaway Jump Shot,3PT Field Goal,Left Corner 3,Left Side(L),24+ ft.,23.0,-233.0,-11.0,1,1,20161130,DEN,MIA
Shot Chart Detail,0021600273,514,201961,Wayne Ellington,1610612748,Miami Heat,4,6,19,Made Shot,Jump Shot,3PT Field Goal,Above the Break 3,Left Side Center(LC),24+ ft.,27.0,-197.0,193.0,1,1,20161130,DEN,MIA
Shot Chart Detail,0021600273,527,201961,Wayne Ellington,1610612748,Miami Heat,4,5,19,Missed Shot,Turnaround Jump Shot,3PT Field Goal,Above the Break 3,Left Side Center(LC),24+ ft.,26.0,-207.0,159.0,1,0,20161130,DEN,MIA
Shot Chart Detail,0021600273,546,201961,Wayne Ellington,1610612748,Miami Heat,4,2,25,Made Shot,Pullup Jump shot,3PT Field Goal,Left Corner 3,Left Side(L),24+ ft.,22.0,-223.0,-10.0,1,1,20161130,DEN,MIA
Shot Chart Detail,0021600280,74,201961,Wayne Ellington,1610612748,Miami Heat,1,3,46,Made Shot,Reverse Layup Shot,2PT Field Goal,Restricted Area,Center(C),Less Than 8 ft.,1.0,14.0,2.0,1,1,20161201,UTA,MIA
Shot Chart Detail,0021600280,116,201961,Wayne Ellington,1610612748,Miami Heat,2,11,42,Missed Shot,Jump Shot,3PT Field Goal,Above the Break 3,Left Side Center(LC),24+ ft.,24.0,-137.0,203.0,1,0,20161201,UTA,MIA
Shot Chart Detail,0021600280,119,201961,Wayne Ellington,1610612748,Miami Heat,2,11,10,Made Shot,Jump Shot,3PT Field Goal,Above the Break 3,Left Side Center(LC),24+ ft.,24.0,-187.0,160.0,1,1,20161201,UTA,MIA
Shot Chart Detail,0021600280,139,201961,Wayne Ellington,1610612748,Miami Heat,2,9,10,Made Shot,Turnaround Jump Shot,2PT Field Goal,Mid-Range,Left Side Center(LC),16-24 ft.,22.0,-143.0,174.0,1,1,20161201,UTA,MIA
Shot Chart Detail,0021600280,154,201961,Wayne Ellington,1610612748,Miami Heat,2,7,52,Made Shot,Jump Shot,2PT Field Goal,Mid-Range,Right Side Center(RC),16-24 ft.,19.0,148.0,134.0,1,1,20161201,UTA,MIA
Shot Chart Detail,0021600280,169,201961,Wayne Ellington,1610612748,Miami Heat,2,6,33,Made Shot,Jump Shot,3PT Field Goal,Above the Break 3,Right Side Center(RC),24+ ft.,24.0,217.0,105.0,1,1,20161201,UTA,MIA
Shot Chart Detail,0021600280,222,201961,Wayne Ellington,1610612748,Miami Heat,2,0,20,Missed Shot,Jump Shot,3PT Field Goal,Right Corner 3,Right Side(R),24+ ft.,23.0,227.0,70.0,1,0,20161201,UTA,MIA
Shot Chart Detail,0021600280,231,201961,Wayne Ellington,1610612748,Miami Heat,3,11,37,Made Shot,Jump Shot,3PT Field Goal,Above the Break 3,Right Side Center(RC),24+ ft.,24.0,230.0,90.0,1,1,20161201,UTA,MIA
Shot Chart Detail,0021600280,359,201961,Wayne Ellington,1610612748,Miami Heat,4,9,56,Missed Shot,Turnaround Jump Shot,2PT Field Goal,Mid-Range,Left Side Center(LC),16-24 ft.,19.0,-130.0,146.0,1,0,20161201,UTA,MIA
Shot Chart Detail,0021600298,13,201961,Wayne Ellington,1610612748,Miami Heat,1,10,38,Made Shot,Jump Shot,2PT Field Goal,Mid-Range,Right Side(R),16-24 ft.,17.0,176.0,21.0,1,1,20161203,POR,MIA
Shot Chart Detail,0021600298,31,201961,Wayne Ellington,1610612748,Miami Heat,1,7,34,Made Shot,Pullup Jump shot,2PT Field Goal,Mid-Range,Right Side Center(RC),16-24 ft.,19.0,117.0,154.0,1,1,20161203,POR,MIA
Shot Chart Detail,0021600298,57,201961,Wayne Ellington,1610612748,Miami Heat,1,4,24,Missed Shot,Jump Shot,3PT Field Goal,Above the Break 3,Right Side Center(RC),24+ ft.,24.0,163.0,188.0,1,0,20161203,POR,MIA
Shot Chart Detail,0021600298,134,201961,Wayne Ellington,1610612748,Miami Heat,2,10,43,Missed Shot,Jump Shot,3PT Field Goal,Above the Break 3,Left Side Center(LC),24+ ft.,24.0,-106.0,224.0,1,0,20161203,POR,MIA
Shot Chart Detail,0021600298,164,201961,Wayne Ellington,1610612748,Miami Heat,2,8,13,Missed Shot,Turnaround Fadeaway shot,2PT Field Goal,Mid-Range,Right Side(R),16-24 ft.,16.0,155.0,41.0,1,0,20161203,POR,MIA
Shot Chart Detail,0021600298,177,201961,Wayne Ellington,1610612748,Miami Heat,2,7,0,Made Shot,Pullup Jump shot,2PT Field Goal,Mid-Range,Center(C),16-24 ft.,21.0,-61.0,203.0,1,1,20161203,POR,MIA
Shot Chart Detail,0021600298,228,201961,Wayne Ellington,1610612748,Miami Heat,2,3,32,Missed Shot,Jump Shot,3PT Field Goal,Above the Break 3,Left Side Center(LC),24+ ft.,24.0,-101.0,228.0,1,0,20161203,POR,MIA
Shot Chart Detail,0021600298,260,201961,Wayne Ellington,1610612748,Miami Heat,2,1,13,Made Shot,Jump Shot,3PT Field Goal,Above the Break 3,Left Side Center(LC),24+ ft.,24.0,-86.0,232.0,1,1,20161203,POR,MIA
Shot Chart Detail,0021600298,313,201961,Wayne Ellington,1610612748,Miami Heat,3,7,32,Missed Shot,Jump Shot,3PT Field Goal,Above the Break 3,Left Side Center(LC),24+ ft.,27.0,-214.0,174.0,1,0,20161203,POR,MIA
Shot Chart Detail,0021600298,399,201961,Wayne Ellington,1610612748,Miami Heat,4,10,44,Missed Shot,Jump Shot,3PT Field Goal,Above the Break 3,Left Side Center(LC),24+ ft.,25.0,-124.0,219.0,1,0,20161203,POR,MIA
Shot Chart Detail,0021600298,413,201961,Wayne Ellington,1610612748,Miami Heat,4,8,55,Made Shot,Driving Finger Roll Layup Shot,2PT Field Goal,Restricted Area,Center(C),Less Than 8 ft.,2.0,15.0,16.0,1,1,20161203,POR,MIA
Shot Chart Detail,0021600298,418,201961,Wayne Ellington,1610612748,Miami Heat,4,7,36,Missed Shot,Jump Shot,3PT Field Goal,Above the Break 3,Right Side Center(RC),24+ ft.,24.0,169.0,175.0,1,0,20161203,POR,MIA
Shot Chart Detail,0021600298,508,201961,Wayne Ellington,1610612748,Miami Heat,4,0,14,Missed Shot,Jump Shot,3PT Field Goal,Above the Break 3,Left Side Center(LC),24+ ft.,25.0,-81.0,242.0,1,0,20161203,POR,MIA
Shot Chart Detail,0021600316,4,201961,Wayne Ellington,1610612748,Miami Heat,1,11,31,Made Shot,Jump Shot,3PT Field Goal,Right Corner 3,Right Side(R),24+ ft.,25.0,250.0,31.0,1,1,20161206,MIA,NYK
Shot Chart Detail,0021600316,17,201961,Wayne Ellington,1610612748,Miami Heat,1,9,45,Missed Shot,Jump Shot,3PT Field Goal,Right Corner 3,Right Side(R),24+ ft.,23.0,235.0,-5.0,1,0,20161206,MIA,NYK
Shot Chart Detail,0021600316,36,201961,Wayne Ellington,1610612748,Miami Heat,1,8,41,Missed Shot,Jump Shot,3PT Field Goal,Left Corner 3,Left Side(L),24+ ft.,23.0,-232.0,19.0,1,0,20161206,MIA,NYK
Shot Chart Detail,0021600316,42,201961,Wayne Ellington,1610612748,Miami Heat,1,7,53,Made Shot,Jump Shot,3PT Field Goal,Above the Break 3,Center(C),24+ ft.,25.0,-70.0,247.0,1,1,20161206,MIA,NYK
Shot Chart Detail,0021600316,105,201961,Wayne Ellington,1610612748,Miami Heat,1,1,13,Missed Shot,Jump Shot,3PT Field Goal,Above the Break 3,Right Side Center(RC),24+ ft.,25.0,137.0,210.0,1,0,20161206,MIA,NYK
Shot Chart Detail,0021600316,118,201961,Wayne Ellington,1610612748,Miami Heat,1,0,9,Missed Shot,Jump Shot,3PT Field Goal,Above the Break 3,Left Side Center(LC),24+ ft.,25.0,-104.0,237.0,1,0,20161206,MIA,NYK
Shot Chart Detail,0021600316,131,201961,Wayne Ellington,1610612748,Miami Heat,2,11,9,Made Shot,Running Layup Shot,2PT Field Goal,Restricted Area,Center(C),Less Than 8 ft.,2.0,14.0,16.0,1,1,20161206,MIA,NYK
Shot Chart Detail,0021600316,177,201961,Wayne Ellington,1610612748,Miami Heat,2,7,34,Made Shot,Jump Shot,3PT Field Goal,Above the Break 3,Left Side Center(LC),24+ ft.,25.0,-132.0,213.0,1,1,20161206,MIA,NYK
Shot Chart Detail,0021600316,180,201961,Wayne Ellington,1610612748,Miami Heat,2,7,4,Missed Shot,Pullup Jump shot,2PT Field Goal,Mid-Range,Left Side Center(LC),16-24 ft.,18.0,-73.0,175.0,1,0,20161206,MIA,NYK
Shot Chart Detail,0021600316,296,201961,Wayne Ellington,1610612748,Miami Heat,3,10,38,Missed Shot,Jump Shot,2PT Field Goal,Mid-Range,Right Side(R),16-24 ft.,18.0,187.0,7.0,1,0,20161206,MIA,NYK
Shot Chart Detail,0021600316,406,201961,Wayne Ellington,1610612748,Miami Heat,3,0,39,Made Shot,Jump Shot,3PT Field Goal,Above the Break 3,Right Side Center(RC),24+ ft.,24.0,125.0,213.0,1,1,20161206,MIA,NYK
Shot Chart Detail,0021600316,456,201961,Wayne Ellington,1610612748,Miami Heat,4,7,28,Missed Shot,Jump Shot,3PT Field Goal,Above the Break 3,Left Side Center(LC),24+ ft.,25.0,-225.0,115.0,1,0,20161206,MIA,NYK
Shot Chart Detail,0021600316,478,201961,Wayne Ellington,1610612748,Miami Heat,4,4,59,Missed Shot,Jump Shot,3PT Field Goal,Above the Break 3,Right Side Center(RC),24+ ft.,24.0,199.0,146.0,1,0,20161206,MIA,NYK
Shot Chart Detail,0021600316,483,201961,Wayne Ellington,1610612748,Miami Heat,4,3,38,Missed Shot,Jump Shot,3PT Field Goal,Right Corner 3,Right Side(R),24+ ft.,24.0,241.0,7.0,1,0,20161206,MIA,NYK
Shot Chart Detail,0021600324,23,201961,Wayne Ellington,1610612748,Miami Heat,1,9,25,Made Shot,Jump Shot,3PT Field Goal,Above the Break 3,Right Side Center(RC),24+ ft.,24.0,122.0,214.0,1,1,20161207,ATL,MIA
Shot Chart Detail,0021600324,97,201961,Wayne Ellington,1610612748,Miami Heat,1,2,20,Made Shot,Jump Shot,2PT Field Goal,Mid-Range,Right Side Center(RC),16-24 ft.,21.0,104.0,190.0,1,1,20161207,ATL,MIA
Shot Chart Detail,0021600324,101,201961,Wayne Ellington,1610612748,Miami Heat,1,1,45,Made Shot,Jump Shot,2PT Field Goal,Mid-Range,Left Side Center(LC),16-24 ft.,21.0,-71.0,200.0,1,1,20161207,ATL,MIA
Shot Chart Detail,0021600324,116,201961,Wayne Ellington,1610612748,Miami Heat,1,0,6,Made Shot,Pullup Jump shot,3PT Field Goal,Above the Break 3,Left Side Center(LC),24+ ft.,24.0,-135.0,203.0,1,1,20161207,ATL,MIA
Shot Chart Detail,0021600324,124,201961,Wayne Ellington,1610612748,Miami Heat,2,11,35,Missed Shot,Jump Shot,3PT Field Goal,Above the Break 3,Left Side Center(LC),24+ ft.,24.0,-125.0,208.0,1,0,20161207,ATL,MIA
Shot Chart Detail,0021600324,151,201961,Wayne Ellington,1610612748,Miami Heat,2,8,39,Missed Shot,Jump Shot,3PT Field Goal,Above the Break 3,Right Side Center(RC),24+ ft.,25.0,213.0,144.0,1,0,20161207,ATL,MIA
Shot Chart Detail,0021600324,162,201961,Wayne Ellington,1610612748,Miami Heat,2,7,55,Missed Shot,Pullup Jump shot,2PT Field Goal,Mid-Range,Left Side(L),8-16 ft.,13.0,-127.0,52.0,1,0,20161207,ATL,MIA
Shot Chart Detail,0021600324,228,201961,Wayne Ellington,1610612748,Miami Heat,2,3,1,Missed Shot,Jump Shot,3PT Field Goal,Above the Break 3,Left Side Center(LC),24+ ft.,25.0,-142.0,208.0,1,0,20161207,ATL,MIA
Shot Chart Detail,0021600324,297,201961,Wayne Ellington,1610612748,Miami Heat,3,8,54,Made Shot,Jump Shot,3PT Field Goal,Above the Break 3,Center(C),24+ ft.,24.0,-14.0,242.0,1,1,20161207,ATL,MIA
Shot Chart Detail,0021600324,299,201961,Wayne Ellington,1610612748,Miami Heat,3,8,12,Missed Shot,Driving Floating Jump Shot,2PT Field Goal,In The Paint (Non-RA),Center(C),8-16 ft.,8.0,-37.0,80.0,1,0,20161207,ATL,MIA
Shot Chart Detail,0021600324,317,201961,Wayne Ellington,1610612748,Miami Heat,3,6,36,Missed Shot,Step Back Jump shot,3PT Field Goal,Above the Break 3,Center(C),24+ ft.,25.0,-58.0,247.0,1,0,20161207,ATL,MIA
Shot Chart Detail,0021600324,415,201961,Wayne Ellington,1610612748,Miami Heat,4,9,42,Missed Shot,Jump Shot,2PT Field Goal,Mid-Range,Left Side(L),8-16 ft.,15.0,-156.0,8.0,1,0,20161207,ATL,MIA
Shot Chart Detail,0021600324,502,201961,Wayne Ellington,1610612748,Miami Heat,4,3,6,Made Shot,Pullup Jump shot,2PT Field Goal,Mid-Range,Center(C),16-24 ft.,17.0,-1.0,178.0,1,1,20161207,ATL,MIA
Shot Chart Detail,0021600324,517,201961,Wayne Ellington,1610612748,Miami Heat,4,1,44,Missed Shot,Jump Shot,3PT Field Goal,Above the Break 3,Right Side Center(RC),24+ ft.,25.0,166.0,193.0,1,0,20161207,ATL,MIA
Shot Chart Detail,0021600324,529,201961,Wayne Ellington,1610612748,Miami Heat,4,0,12,Made Shot,Jump Shot,3PT Field Goal,Right Corner 3,Right Side(R),24+ ft.,23.0,232.0,38.0,1,1,20161207,ATL,MIA
Shot Chart Detail,0021600338,25,201961,Wayne Ellington,1610612748,Miami Heat,1,9,26,Missed Shot,Jump Shot,3PT Field Goal,Above the Break 3,Left Side Center(LC),24+ ft.,24.0,-155.0,193.0,1,0,20161209,CLE,MIA
Shot Chart Detail,0021600338,45,201961,Wayne Ellington,1610612748,Miami Heat,1,7,38,Missed Shot,Jump Shot,3PT Field Goal,Above the Break 3,Right Side Center(RC),24+ ft.,25.0,189.0,169.0,1,0,20161209,CLE,MIA
Shot Chart Detail,0021600338,159,201961,Wayne Ellington,1610612748,Miami Heat,2,10,17,Missed Shot,Jump Shot,3PT Field Goal,Left Corner 3,Left Side(L),24+ ft.,24.0,-238.0,52.0,1,0,20161209,CLE,MIA
Shot Chart Detail,0021600338,201,201961,Wayne Ellington,1610612748,Miami Heat,2,6,49,Missed Shot,Jump Shot,2PT Field Goal,Mid-Range,Right Side Center(RC),16-24 ft.,19.0,155.0,121.0,1,0,20161209,CLE,MIA
Shot Chart Detail,0021600338,314,201961,Wayne Ellington,1610612748,Miami Heat,3,8,34,Made Shot,Jump Shot,3PT Field Goal,Above the Break 3,Left Side Center(LC),24+ ft.,26.0,-199.0,174.0,1,1,20161209,CLE,MIA
Shot Chart Detail,0021600338,319,201961,Wayne Ellington,1610612748,Miami Heat,3,7,23,Missed Shot,Jump Shot,3PT Field Goal,Above the Break 3,Left Side Center(LC),24+ ft.,28.0,-91.0,267.0,1,0,20161209,CLE,MIA
Shot Chart Detail,0021600338,381,201961,Wayne Ellington,1610612748,Miami Heat,3,1,10,Made Shot,Jump Shot,2PT Field Goal,In The Paint (Non-RA),Right Side(R),8-16 ft.,8.0,78.0,26.0,1,1,20161209,CLE,MIA
Shot Chart Detail,0021600338,417,201961,Wayne Ellington,1610612748,Miami Heat,4,10,29,Missed Shot,Jump Shot,3PT Field Goal,Right Corner 3,Right Side(R),24+ ft.,24.0,233.0,72.0,1,0,20161209,CLE,MIA
Shot Chart Detail,0021600338,427,201961,Wayne Ellington,1610612748,Miami Heat,4,9,21,Made Shot,Running Finger Roll Layup Shot,2PT Field Goal,Restricted Area,Center(C),Less Than 8 ft.,1.0,12.0,7.0,1,1,20161209,CLE,MIA
Shot Chart Detail,0021600338,493,201961,Wayne Ellington,1610612748,Miami Heat,4,4,7,Missed Shot,Jump Shot,3PT Field Goal,Above the Break 3,Left Side Center(LC),24+ ft.,28.0,-150.0,239.0,1,0,20161209,CLE,MIA
Shot Chart Detail,0021600338,527,201961,Wayne Ellington,1610612748,Miami Heat,4,1,19,Made Shot,Jump Shot,3PT Field Goal,Above the Break 3,Left Side Center(LC),24+ ft.,25.0,-122.0,224.0,1,1,20161209,CLE,MIA
Shot Chart Detail,0021600338,533,201961,Wayne Ellington,1610612748,Miami Heat,4,0,53,Missed Shot,Jump Shot,3PT Field Goal,Above the Break 3,Left Side Center(LC),24+ ft.,25.0,-183.0,180.0,1,0,20161209,CLE,MIA
Shot Chart Detail,0021600350,13,201961,Wayne Ellington,1610612748,Miami Heat,1,10,14,Missed Shot,Fadeaway Jump Shot,2PT Field Goal,In The Paint (Non-RA),Right Side(R),8-16 ft.,9.0,58.0,75.0,1,0,20161210,CHI,MIA
Shot Chart Detail,0021600350,48,201961,Wayne Ellington,1610612748,Miami Heat,1,6,13,Missed Shot,Jump Shot,2PT Field Goal,Mid-Range,Left Side Center(LC),16-24 ft.,20.0,-115.0,165.0,1,0,20161210,CHI,MIA
Shot Chart Detail,0021600350,205,201961,Wayne Ellington,1610612748,Miami Heat,2,7,43,Missed Shot,Jump Shot,3PT Field Goal,Above the Break 3,Left Side Center(LC),24+ ft.,25.0,-102.0,229.0,1,0,20161210,CHI,MIA
Shot Chart Detail,0021600350,225,201961,Wayne Ellington,1610612748,Miami Heat,2,5,58,Made Shot,Jump Shot,2PT Field Goal,Mid-Range,Left Side Center(LC),16-24 ft.,20.0,-94.0,180.0,1,1,20161210,CHI,MIA
Shot Chart Detail,0021600350,285,201961,Wayne Ellington,1610612748,Miami Heat,3,11,39,Made Shot,Jump Shot,3PT Field Goal,Above the Break 3,Center(C),24+ ft.,25.0,64.0,242.0,1,1,20161210,CHI,MIA
Shot Chart Detail,0021600350,304,201961,Wayne Ellington,1610612748,Miami Heat,3,8,52,Missed Shot,Jump Shot,3PT Field Goal,Above the Break 3,Right Side Center(RC),24+ ft.,26.0,148.0,223.0,1,0,20161210,CHI,MIA
Shot Chart Detail,0021600350,445,201961,Wayne Ellington,1610612748,Miami Heat,4,7,22,Made Shot,Jump Shot,2PT Field Goal,Mid-Range,Right Side Center(RC),16-24 ft.,21.0,87.0,195.0,1,1,20161210,CHI,MIA
Shot Chart Detail,0021600363,8,201961,Wayne Ellington,1610612748,Miami Heat,1,11,13,Missed Shot,Jump Shot,3PT Field Goal,Above the Break 3,Left Side Center(LC),24+ ft.,25.0,-169.0,188.0,1,0,20161212,MIA,WAS
Shot Chart Detail,0021600363,13,201961,Wayne Ellington,1610612748,Miami Heat,1,10,30,Missed Shot,Jump Shot,3PT Field Goal,Right Corner 3,Right Side(R),24+ ft.,24.0,236.0,65.0,1,0,20161212,MIA,WAS
Shot Chart Detail,0021600363,17,201961,Wayne Ellington,1610612748,Miami Heat,1,10,17,Made Shot,Driving Layup Shot,2PT Field Goal,Restricted Area,Center(C),Less Than 8 ft.,2.0,24.0,7.0,1,1,20161212,MIA,WAS
Shot Chart Detail,0021600363,65,201961,Wayne Ellington,1610612748,Miami Heat,1,5,56,Missed Shot,Step Back Jump shot,3PT Field Goal,Left Corner 3,Left Side(L),24+ ft.,23.0,-237.0,21.0,1,0,20161212,MIA,WAS
Shot Chart Detail,0021600363,196,201961,Wayne Ellington,1610612748,Miami Heat,2,5,37,Missed Shot,Jump Shot,3PT Field Goal,Above the Break 3,Right Side Center(RC),24+ ft.,25.0,140.0,208.0,1,0,20161212,MIA,WAS
Shot Chart Detail,0021600363,251,201961,Wayne Ellington,1610612748,Miami Heat,2,0,30,Made Shot,Jump Shot,3PT Field Goal,Above the Break 3,Left Side Center(LC),24+ ft.,25.0,-187.0,169.0,1,1,20161212,MIA,WAS
Shot Chart Detail,0021600363,297,201961,Wayne Ellington,1610612748,Miami Heat,3,7,59,Missed Shot,Jump Shot,3PT Field Goal,Above the Break 3,Right Side Center(RC),24+ ft.,25.0,133.0,213.0,1,0,20161212,MIA,WAS
Shot Chart Detail,0021600363,349,201961,Wayne Ellington,1610612748,Miami Heat,3,3,59,Missed Shot,Jump Shot,3PT Field Goal,Left Corner 3,Left Side(L),24+ ft.,22.0,-223.0,-6.0,1,0,20161212,MIA,WAS
Shot Chart Detail,0021600363,369,201961,Wayne Ellington,1610612748,Miami Heat,3,1,56,Missed Shot,Turnaround Jump Shot,2PT Field Goal,Mid-Range,Left Side(L),8-16 ft.,15.0,-115.0,101.0,1,0,20161212,MIA,WAS
Shot Chart Detail,0021600363,397,201961,Wayne Ellington,1610612748,Miami Heat,4,11,1,Missed Shot,Jump Shot,3PT Field Goal,Left Corner 3,Left Side(L),24+ ft.,22.0,-228.0,-1.0,1,0,20161212,MIA,WAS
Shot Chart Detail,0021600363,399,201961,Wayne Ellington,1610612748,Miami Heat,4,10,56,Made Shot,Jump Shot,3PT Field Goal,Left Corner 3,Left Side(L),24+ ft.,22.0,-225.0,16.0,1,1,20161212,MIA,WAS
Shot Chart Detail,0021600377,2,201961,Wayne Ellington,1610612748,Miami Heat,1,11,43,Missed Shot,Jump Shot,3PT Field Goal,Above the Break 3,Right Side Center(RC),24+ ft.,25.0,173.0,188.0,1,0,20161214,MIA,IND
Shot Chart Detail,0021600377,36,201961,Wayne Ellington,1610612748,Miami Heat,1,8,18,Missed Shot,Jump Shot,3PT Field Goal,Above the Break 3,Left Side Center(LC),24+ ft.,24.0,-178.0,174.0,1,0,20161214,MIA,IND
Shot Chart Detail,0021600377,51,201961,Wayne Ellington,1610612748,Miami Heat,1,6,35,Made Shot,Jump Shot,3PT Field Goal,Right Corner 3,Right Side(R),24+ ft.,24.0,241.0,-10.0,1,1,20161214,MIA,IND
Shot Chart Detail,0021600377,66,201961,Wayne Ellington,1610612748,Miami Heat,1,5,12,Missed Shot,Jump Shot,2PT Field Goal,In The Paint (Non-RA),Center(C),8-16 ft.,12.0,58.0,110.0,1,0,20161214,MIA,IND
Shot Chart Detail,0021600377,308,201961,Wayne Ellington,1610612748,Miami Heat,3,10,25,Missed Shot,Jump Shot,3PT Field Goal,Above the Break 3,Right Side Center(RC),24+ ft.,25.0,137.0,213.0,1,0,20161214,MIA,IND
Shot Chart Detail,0021600377,326,201961,Wayne Ellington,1610612748,Miami Heat,3,9,2,Made Shot,Jump Shot,2PT Field Goal,Mid-Range,Right Side(R),16-24 ft.,19.0,182.0,77.0,1,1,20161214,MIA,IND
Shot Chart Detail,0021600377,330,201961,Wayne Ellington,1610612748,Miami Heat,3,8,19,Made Shot,Jump Shot,3PT Field Goal,Above the Break 3,Left Side Center(LC),24+ ft.,25.0,-186.0,169.0,1,1,20161214,MIA,IND
Shot Chart Detail,0021600377,358,201961,Wayne Ellington,1610612748,Miami Heat,3,5,45,Missed Shot,Jump Shot,3PT Field Goal,Above the Break 3,Right Side Center(RC),24+ ft.,24.0,220.0,110.0,1,0,20161214,MIA,IND
Shot Chart Detail,0021600377,443,201961,Wayne Ellington,1610612748,Miami Heat,4,10,16,Missed Shot,Jump Shot,3PT Field Goal,Above the Break 3,Right Side Center(RC),24+ ft.,24.0,145.0,193.0,1,0,20161214,MIA,IND
Shot Chart Detail,0021600377,473,201961,Wayne Ellington,1610612748,Miami Heat,4,6,56,Missed Shot,Jump Shot,3PT Field Goal,Right Corner 3,Right Side(R),24+ ft.,24.0,236.0,51.0,1,0,20161214,MIA,IND
Shot Chart Detail,0021600397,6,201961,Wayne Ellington,1610612748,Miami Heat,1,10,54,Made Shot,Jump Shot,3PT Field Goal,Above the Break 3,Left Side Center(LC),24+ ft.,25.0,-160.0,193.0,1,1,20161216,MIA,LAC
Shot Chart Detail,0021600397,33,201961,Wayne Ellington,1610612748,Miami Heat,1,6,55,Made Shot,Pullup Jump shot,2PT Field Goal,Mid-Range,Right Side(R),16-24 ft.,18.0,184.0,7.0,1,1,20161216,MIA,LAC
Shot Chart Detail,0021600397,35,201961,Wayne Ellington,1610612748,Miami Heat,1,6,27,Made Shot,Reverse Layup Shot,2PT Field Goal,Restricted Area,Center(C),Less Than 8 ft.,2.0,20.0,16.0,1,1,20161216,MIA,LAC
Shot Chart Detail,0021600397,61,201961,Wayne Ellington,1610612748,Miami Heat,1,2,51,Made Shot,Jump Shot,2PT Field Goal,Mid-Range,Left Side Center(LC),16-24 ft.,16.0,-81.0,139.0,1,1,20161216,MIA,LAC
Shot Chart Detail,0021600397,200,201961,Wayne Ellington,1610612748,Miami Heat,2,5,13,Missed Shot,Jump Shot,3PT Field Goal,Backcourt,Back Court(BC),Back Court Shot,46.0,93.0,460.0,1,0,20161216,MIA,LAC
Shot Chart Detail,0021600397,248,201961,Wayne Ellington,1610612748,Miami Heat,2,1,58,Missed Shot,Jump Shot,3PT Field Goal,Right Corner 3,Right Side(R),24+ ft.,23.0,233.0,11.0,1,0,20161216,MIA,LAC
Shot Chart Detail,0021600397,252,201961,Wayne Ellington,1610612748,Miami Heat,2,1,36,Missed Shot,Jump Shot,3PT Field Goal,Above the Break 3,Right Side Center(RC),24+ ft.,25.0,212.0,144.0,1,0,20161216,MIA,LAC
Shot Chart Detail,0021600397,279,201961,Wayne Ellington,1610612748,Miami Heat,3,10,44,Made Shot,Pullup Jump shot,2PT Field Goal,Mid-Range,Left Side Center(LC),16-24 ft.,19.0,-132.0,141.0,1,1,20161216,MIA,LAC
Shot Chart Detail,0021600397,287,201961,Wayne Ellington,1610612748,Miami Heat,3,9,53,Made Shot,Jump Shot,2PT Field Goal,Mid-Range,Left Side Center(LC),16-24 ft.,17.0,-61.0,169.0,1,1,20161216,MIA,LAC
Shot Chart Detail,0021600473,137,201961,Wayne Ellington,1610612748,Miami Heat,2,10,4,Missed Shot,Jump Shot,3PT Field Goal,Above the Break 3,Right Side Center(RC),24+ ft.,24.0,132.0,210.0,1,0,20161227,MIA,OKC
Shot Chart Detail,0021600473,407,201961,Wayne Ellington,1610612748,Miami Heat,4,11,33,Missed Shot,Jump Shot,3PT Field Goal,Above the Break 3,Right Side Center(RC),24+ ft.,26.0,209.0,156.0,1,0,20161227,MIA,OKC
Shot Chart Detail,0021600473,441,201961,Wayne Ellington,1610612748,Miami Heat,4,7,57,Missed Shot,Jump Shot,3PT Field Goal,Above the Break 3,Left Side Center(LC),24+ ft.,25.0,-220.0,120.0,1,0,20161227,MIA,OKC
Shot Chart Detail,0021600486,112,201961,Wayne Ellington,1610612748,Miami Heat,1,0,45,Made Shot,Jump Shot,3PT Field Goal,Left Corner 3,Left Side(L),24+ ft.,22.0,-227.0,7.0,1,1,20161229,CHA,MIA
Shot Chart Detail,0021600486,115,201961,Wayne Ellington,1610612748,Miami Heat,1,0,25,Missed Shot,Jump Shot,3PT Field Goal,Right Corner 3,Right Side(R),24+ ft.,23.0,238.0,2.0,1,0,20161229,CHA,MIA
Shot Chart Detail,0021600486,122,201961,Wayne Ellington,1610612748,Miami Heat,2,11,45,Missed Shot,Jump Shot,3PT Field Goal,Above the Break 3,Center(C),24+ ft.,24.0,-58.0,239.0,1,0,20161229,CHA,MIA
Shot Chart Detail,0021600486,165,201961,Wayne Ellington,1610612748,Miami Heat,2,8,29,Missed Shot,Jump Shot,2PT Field Goal,Mid-Range,Center(C),16-24 ft.,19.0,-27.0,198.0,1,0,20161229,CHA,MIA
Shot Chart Detail,0021600486,176,201961,Wayne Ellington,1610612748,Miami Heat,2,7,21,Made Shot,Jump Shot,3PT Field Goal,Right Corner 3,Right Side(R),24+ ft.,23.0,233.0,8.0,1,1,20161229,CHA,MIA
Shot Chart Detail,0021600486,188,201961,Wayne Ellington,1610612748,Miami Heat,2,6,46,Made Shot,Jump Shot,3PT Field Goal,Right Corner 3,Right Side(R),24+ ft.,23.0,232.0,11.0,1,1,20161229,CHA,MIA
Shot Chart Detail,0021600486,341,201961,Wayne Ellington,1610612748,Miami Heat,3,2,37,Missed Shot,Jump Shot,3PT Field Goal,Above the Break 3,Right Side Center(RC),24+ ft.,24.0,105.0,224.0,1,0,20161229,CHA,MIA
Shot Chart Detail,0021600486,366,201961,Wayne Ellington,1610612748,Miami Heat,3,0,0,Missed Shot,Jump Shot,3PT Field Goal,Above the Break 3,Left Side Center(LC),24+ ft.,31.0,-129.0,283.0,1,0,20161229,CHA,MIA
Shot Chart Detail,0021600486,400,201961,Wayne Ellington,1610612748,Miami Heat,4,9,32,Made Shot,Jump Shot,3PT Field Goal,Above the Break 3,Right Side Center(RC),24+ ft.,24.0,107.0,219.0,1,1,20161229,CHA,MIA
Shot Chart Detail,0021600486,423,201961,Wayne Ellington,1610612748,Miami Heat,4,7,12,Missed Shot,Jump Shot,3PT Field Goal,Above the Break 3,Right Side Center(RC),24+ ft.,24.0,189.0,160.0,1,0,20161229,CHA,MIA
Shot Chart Detail,0021600494,92,201961,Wayne Ellington,1610612748,Miami Heat,1,1,20,Made Shot,Turnaround Jump Shot,2PT Field Goal,Mid-Range,Left Side Center(LC),16-24 ft.,18.0,-91.0,165.0,1,1,20161230,BOS,MIA
Shot Chart Detail,0021600494,100,201961,Wayne Ellington,1610612748,Miami Heat,1,1,0,Made Shot,Step Back Jump shot,2PT Field Goal,Mid-Range,Center(C),16-24 ft.,21.0,30.0,213.0,1,1,20161230,BOS,MIA
Shot Chart Detail,0021600494,111,201961,Wayne Ellington,1610612748,Miami Heat,2,11,46,Missed Shot,Turnaround Jump Shot,3PT Field Goal,Above the Break 3,Right Side Center(RC),24+ ft.,24.0,207.0,136.0,1,0,20161230,BOS,MIA
Shot Chart Detail,0021600494,130,201961,Wayne Ellington,1610612748,Miami Heat,2,9,2,Made Shot,Jump Shot,3PT Field Goal,Above the Break 3,Left Side Center(LC),24+ ft.,24.0,-92.0,228.0,1,1,20161230,BOS,MIA
Shot Chart Detail,0021600494,220,201961,Wayne Ellington,1610612748,Miami Heat,2,1,27,Missed Shot,Jump Shot,3PT Field Goal,Right Corner 3,Right Side(R),24+ ft.,23.0,232.0,31.0,1,0,20161230,BOS,MIA
Shot Chart Detail,0021600494,222,201961,Wayne Ellington,1610612748,Miami Heat,2,1,22,Missed Shot,Jump Shot,3PT Field Goal,Above the Break 3,Right Side Center(RC),24+ ft.,25.0,110.0,229.0,1,0,20161230,BOS,MIA
Shot Chart Detail,0021600494,235,201961,Wayne Ellington,1610612748,Miami Heat,2,0,45,Made Shot,Pullup Jump shot,2PT Field Goal,Mid-Range,Left Side Center(LC),16-24 ft.,20.0,-145.0,144.0,1,1,20161230,BOS,MIA
Shot Chart Detail,0021600494,309,201961,Wayne Ellington,1610612748,Miami Heat,3,4,8,Made Shot,Jump Shot,3PT Field Goal,Right Corner 3,Right Side(R),24+ ft.,23.0,232.0,7.0,1,1,20161230,BOS,MIA
Shot Chart Detail,0021600494,387,201961,Wayne Ellington,1610612748,Miami Heat,4,7,34,Missed Shot,Jump Shot,3PT Field Goal,Left Corner 3,Left Side(L),24+ ft.,23.0,-237.0,2.0,1,0,20161230,BOS,MIA
Shot Chart Detail,0021600494,426,201961,Wayne Ellington,1610612748,Miami Heat,4,3,56,Missed Shot,Jump Shot,3PT Field Goal,Above the Break 3,Left Side Center(LC),24+ ft.,24.0,-148.0,195.0,1,0,20161230,BOS,MIA
Shot Chart Detail,0021600494,436,201961,Wayne Ellington,1610612748,Miami Heat,4,2,12,Made Shot,Running Finger Roll Layup Shot,2PT Field Goal,Restricted Area,Center(C),Less Than 8 ft.,1.0,4.0,11.0,1,1,20161230,BOS,MIA
Shot Chart Detail,0021600509,4,201961,Wayne Ellington,1610612748,Miami Heat,1,11,28,Made Shot,Jump Shot,3PT Field Goal,Left Corner 3,Left Side(L),24+ ft.,24.0,-235.0,61.0,1,1,20170101,MIA,DET
Shot Chart Detail,0021600509,29,201961,Wayne Ellington,1610612748,Miami Heat,1,7,39,Made Shot,Jump Shot,3PT Field Goal,Above the Break 3,Right Side Center(RC),24+ ft.,25.0,210.0,136.0,1,1,20170101,MIA,DET
Shot Chart Detail,0021600509,56,201961,Wayne Ellington,1610612748,Miami Heat,1,5,12,Made Shot,Jump Shot,3PT Field Goal,Above the Break 3,Right Side Center(RC),24+ ft.,24.0,191.0,160.0,1,1,20170101,MIA,DET
Shot Chart Detail,0021600509,76,201961,Wayne Ellington,1610612748,Miami Heat,1,3,12,Made Shot,Jump Shot,2PT Field Goal,Mid-Range,Right Side Center(RC),16-24 ft.,17.0,107.0,139.0,1,1,20170101,MIA,DET
Shot Chart Detail,0021600509,88,201961,Wayne Ellington,1610612748,Miami Heat,1,2,10,Missed Shot,Jump Shot,3PT Field Goal,Above the Break 3,Left Side Center(LC),24+ ft.,24.0,-104.0,219.0,1,0,20170101,MIA,DET
Shot Chart Detail,0021600509,174,201961,Wayne Ellington,1610612748,Miami Heat,2,7,1,Missed Shot,Jump Shot,3PT Field Goal,Left Corner 3,Left Side(L),24+ ft.,23.0,-230.0,0.0,1,0,20170101,MIA,DET
Shot Chart Detail,0021600509,206,201961,Wayne Ellington,1610612748,Miami Heat,2,3,53,Made Shot,Step Back Jump shot,2PT Field Goal,Mid-Range,Right Side Center(RC),16-24 ft.,20.0,115.0,169.0,1,1,20170101,MIA,DET
Shot Chart Detail,0021600509,268,201961,Wayne Ellington,1610612748,Miami Heat,3,9,40,Missed Shot,Jump Shot,3PT Field Goal,Left Corner 3,Left Side(L),24+ ft.,23.0,-227.0,41.0,1,0,20170101,MIA,DET
Shot Chart Detail,0021600509,283,201961,Wayne Ellington,1610612748,Miami Heat,3,8,34,Missed Shot,Jump Shot,2PT Field Goal,Mid-Range,Right Side Center(RC),16-24 ft.,20.0,163.0,121.0,1,0,20170101,MIA,DET
Shot Chart Detail,0021600509,303,201961,Wayne Ellington,1610612748,Miami Heat,3,7,5,Missed Shot,Reverse Layup Shot,2PT Field Goal,Restricted Area,Center(C),Less Than 8 ft.,1.0,-19.0,2.0,1,0,20170101,MIA,DET
Shot Chart Detail,0021600509,311,201961,Wayne Ellington,1610612748,Miami Heat,3,6,23,Made Shot,Driving Floating Jump Shot,2PT Field Goal,In The Paint (Non-RA),Center(C),Less Than 8 ft.,7.0,20.0,75.0,1,1,20170101,MIA,DET
Shot Chart Detail,0021600509,333,201961,Wayne Ellington,1610612748,Miami Heat,3,3,43,Made Shot,Jump Shot,3PT Field Goal,Right Corner 3,Right Side(R),24+ ft.,24.0,235.0,57.0,1,1,20170101,MIA,DET
Shot Chart Detail,0021600509,345,201961,Wayne Ellington,1610612748,Miami Heat,3,2,22,Missed Shot,Jump Shot,2PT Field Goal,Mid-Range,Right Side Center(RC),16-24 ft.,17.0,73.0,154.0,1,0,20170101,MIA,DET
Shot Chart Detail,0021600509,484,201961,Wayne Ellington,1610612748,Miami Heat,4,1,2,Missed Shot,Jump Shot,3PT Field Goal,Above the Break 3,Right Side Center(RC),24+ ft.,24.0,168.0,185.0,1,0,20170101,MIA,DET
Shot Chart Detail,0021600509,486,201961,Wayne Ellington,1610612748,Miami Heat,4,0,57,Missed Shot,Layup Shot,2PT Field Goal,Restricted Area,Center(C),Less Than 8 ft.,1.0,12.0,7.0,1,0,20170101,MIA,DET
Shot Chart Detail,0021600527,46,201961,Wayne Ellington,1610612748,Miami Heat,1,6,56,Missed Shot,Pullup Jump shot,2PT Field Goal,Mid-Range,Center(C),16-24 ft.,18.0,10.0,183.0,1,0,20170103,PHX,MIA
Shot Chart Detail,0021600527,81,201961,Wayne Ellington,1610612748,Miami Heat,1,3,30,Made Shot,Jump Shot,2PT Field Goal,Mid-Range,Left Side Center(LC),16-24 ft.,20.0,-130.0,164.0,1,1,20170103,PHX,MIA
Shot Chart Detail,0021600527,176,201961,Wayne Ellington,1610612748,Miami Heat,2,7,27,Missed Shot,Jump Shot,3PT Field Goal,Above the Break 3,Left Side Center(LC),24+ ft.,24.0,-163.0,183.0,1,0,20170103,PHX,MIA
Shot Chart Detail,0021600527,242,201961,Wayne Ellington,1610612748,Miami Heat,2,2,9,Missed Shot,Pullup Jump shot,2PT Field Goal,In The Paint (Non-RA),Center(C),8-16 ft.,11.0,51.0,106.0,1,0,20170103,PHX,MIA
Shot Chart Detail,0021600527,339,201961,Wayne Ellington,1610612748,Miami Heat,3,4,46,Missed Shot,Jump Shot,2PT Field Goal,Mid-Range,Right Side Center(RC),16-24 ft.,21.0,158.0,151.0,1,0,20170103,PHX,MIA
Shot Chart Detail,0021600527,351,201961,Wayne Ellington,1610612748,Miami Heat,3,3,45,Missed Shot,Step Back Jump shot,3PT Field Goal,Above the Break 3,Right Side Center(RC),24+ ft.,24.0,130.0,213.0,1,0,20170103,PHX,MIA
Shot Chart Detail,0021600527,383,201961,Wayne Ellington,1610612748,Miami Heat,3,1,17,Made Shot,Jump Shot,2PT Field Goal,Mid-Range,Left Side(L),16-24 ft.,17.0,-165.0,46.0,1,1,20170103,PHX,MIA
Shot Chart Detail,0021600527,409,201961,Wayne Ellington,1610612748,Miami Heat,4,11,1,Made Shot,Jump Shot,2PT Field Goal,Mid-Range,Center(C),8-16 ft.,15.0,2.0,154.0,1,1,20170103,PHX,MIA
Shot Chart Detail,0021600527,435,201961,Wayne Ellington,1610612748,Miami Heat,4,8,13,Made Shot,Jump Shot,3PT Field Goal,Left Corner 3,Left Side(L),24+ ft.,23.0,-237.0,7.0,1,1,20170103,PHX,MIA
Shot Chart Detail,0021600527,445,201961,Wayne Ellington,1610612748,Miami Heat,4,7,47,Missed Shot,Jump Shot,3PT Field Goal,Above the Break 3,Right Side Center(RC),24+ ft.,24.0,191.0,154.0,1,0,20170103,PHX,MIA
Shot Chart Detail,0021600527,467,201961,Wayne Ellington,1610612748,Miami Heat,4,5,32,Missed Shot,Jump Shot,3PT Field Goal,Right Corner 3,Right Side(R),24+ ft.,23.0,235.0,-6.0,1,0,20170103,PHX,MIA
Shot Chart Detail,0021600527,516,201961,Wayne Ellington,1610612748,Miami Heat,4,0,23,Missed Shot,Jump Shot,3PT Field Goal,Above the Break 3,Left Side Center(LC),24+ ft.,25.0,-106.0,228.0,1,0,20170103,PHX,MIA
Shot Chart Detail,0021600535,77,201961,Wayne Ellington,1610612748,Miami Heat,1,2,23,Made Shot,Jump Shot,3PT Field Goal,Above the Break 3,Center(C),24+ ft.,24.0,2.0,247.0,1,1,20170104,SAC,MIA
Shot Chart Detail,0021600535,128,201961,Wayne Ellington,1610612748,Miami Heat,2,11,43,Missed Shot,Jump Shot,2PT Field Goal,Mid-Range,Left Side(L),16-24 ft.,16.0,-138.0,87.0,1,0,20170104,SAC,MIA
Shot Chart Detail,0021600535,135,201961,Wayne Ellington,1610612748,Miami Heat,2,10,30,Missed Shot,Jump Shot,2PT Field Goal,Mid-Range,Right Side Center(RC),16-24 ft.,18.0,138.0,120.0,1,0,20170104,SAC,MIA
Shot Chart Detail,0021600535,176,201961,Wayne Ellington,1610612748,Miami Heat,2,6,45,Made Shot,Jump Shot,3PT Field Goal,Above the Break 3,Center(C),24+ ft.,25.0,0.0,259.0,1,1,20170104,SAC,MIA
Shot Chart Detail,0021600535,199,201961,Wayne Ellington,1610612748,Miami Heat,2,4,17,Made Shot,Jump Shot,3PT Field Goal,Left Corner 3,Left Side(L),24+ ft.,22.0,-222.0,16.0,1,1,20170104,SAC,MIA
Shot Chart Detail,0021600535,218,201961,Wayne Ellington,1610612748,Miami Heat,2,2,11,Made Shot,Jump Shot,3PT Field Goal,Above the Break 3,Right Side Center(RC),24+ ft.,24.0,177.0,170.0,1,1,20170104,SAC,MIA
Shot Chart Detail,0021600535,350,201961,Wayne Ellington,1610612748,Miami Heat,3,2,32,Missed Shot,Jump Shot,2PT Field Goal,Mid-Range,Right Side Center(RC),16-24 ft.,19.0,155.0,115.0,1,0,20170104,SAC,MIA
Shot Chart Detail,0021600535,376,201961,Wayne Ellington,1610612748,Miami Heat,3,1,20,Missed Shot,Jump Shot,3PT Field Goal,Above the Break 3,Center(C),24+ ft.,25.0,-24.0,252.0,1,0,20170104,SAC,MIA
Shot Chart Detail,0021600549,114,201961,Wayne Ellington,1610612748,Miami Heat,1,1,46,Missed Shot,Pullup Jump shot,2PT Field Goal,Mid-Range,Left Side Center(LC),16-24 ft.,21.0,-129.0,174.0,1,0,20170106,LAL,MIA
Shot Chart Detail,0021600549,125,201961,Wayne Ellington,1610612748,Miami Heat,1,0,16,Missed Shot,Jump Shot,3PT Field Goal,Left Corner 3,Left Side(L),24+ ft.,24.0,-240.0,-16.0,1,0,20170106,LAL,MIA
Shot Chart Detail,0021600549,299,201961,Wayne Ellington,1610612748,Miami Heat,3,9,49,Missed Shot,Floating Jump shot,2PT Field Goal,In The Paint (Non-RA),Center(C),Less Than 8 ft.,6.0,29.0,55.0,1,0,20170106,LAL,MIA
Shot Chart Detail,0021600549,312,201961,Wayne Ellington,1610612748,Miami Heat,3,8,1,Missed Shot,Jump Shot,3PT Field Goal,Right Corner 3,Right Side(R),24+ ft.,23.0,238.0,28.0,1,0,20170106,LAL,MIA
Shot Chart Detail,0021600549,330,201961,Wayne Ellington,1610612748,Miami Heat,3,7,5,Missed Shot,Step Back Jump shot,3PT Field Goal,Above the Break 3,Right Side Center(RC),24+ ft.,24.0,119.0,218.0,1,0,20170106,LAL,MIA
Shot Chart Detail,0021600549,584,201961,Wayne Ellington,1610612748,Miami Heat,4,1,13,Missed Shot,Jump Shot,3PT Field Goal,Above the Break 3,Left Side Center(LC),24+ ft.,25.0,-175.0,183.0,1,0,20170106,LAL,MIA
Shot Chart Detail,0021600561,2,201961,Wayne Ellington,1610612748,Miami Heat,1,11,42,Missed Shot,Jump Shot,3PT Field Goal,Above the Break 3,Left Side Center(LC),24+ ft.,25.0,-151.0,208.0,1,0,20170108,LAC,MIA
Shot Chart Detail,0021600561,33,201961,Wayne Ellington,1610612748,Miami Heat,1,7,6,Missed Shot,Jump Shot,3PT Field Goal,Above the Break 3,Right Side Center(RC),24+ ft.,26.0,218.0,144.0,1,0,20170108,LAC,MIA
Shot Chart Detail,0021600561,328,201961,Wayne Ellington,1610612748,Miami Heat,3,7,40,Missed Shot,Jump Shot,3PT Field Goal,Left Corner 3,Left Side(L),24+ ft.,23.0,-232.0,-1.0,1,0,20170108,LAC,MIA
Shot Chart Detail,0021600561,450,201961,Wayne Ellington,1610612748,Miami Heat,4,11,14,Missed Shot,Jump Shot,3PT Field Goal,,,,,,,1,0,20170108,LAC,MIA
Shot Chart Detail,0021600561,469,201961,Wayne Ellington,1610612748,Miami Heat,4,9,25,Missed Shot,Fadeaway Jump Shot,2PT Field Goal,Mid-Range,Right Side Center(RC),16-24 ft.,17.0,132.0,111.0,1,0,20170108,LAC,MIA
Shot Chart Detail,0021600561,485,201961,Wayne Ellington,1610612748,Miami Heat,4,8,33,Made Shot,Pullup Jump shot,2PT Field Goal,Mid-Range,Center(C),16-24 ft.,19.0,-45.0,188.0,1,1,20170108,LAC,MIA
Shot Chart Detail,0021600561,489,201961,Wayne Ellington,1610612748,Miami Heat,4,7,46,Missed Shot,Jump Shot,3PT Field Goal,Above the Break 3,Right Side Center(RC),24+ ft.,27.0,120.0,249.0,1,0,20170108,LAC,MIA
Shot Chart Detail,0021600578,147,201961,Wayne Ellington,1610612748,Miami Heat,2,8,36,Missed Shot,Jump Shot,3PT Field Goal,Above the Break 3,Right Side Center(RC),24+ ft.,28.0,143.0,252.0,1,0,20170110,GSW,MIA
Shot Chart Detail,0021600594,116,201961,Wayne Ellington,1610612748,Miami Heat,1,1,16,Missed Shot,Jump Shot,2PT Field Goal,Mid-Range,Center(C),16-24 ft.,16.0,4.0,169.0,1,0,20170113,MIL,MIA
Shot Chart Detail,0021600594,121,201961,Wayne Ellington,1610612748,Miami Heat,1,0,34,Missed Shot,Jump Shot,3PT Field Goal,Left Corner 3,Left Side(L),24+ ft.,24.0,-241.0,2.0,1,0,20170113,MIL,MIA
Shot Chart Detail,0021600594,140,201961,Wayne Ellington,1610612748,Miami Heat,2,10,50,Made Shot,Jump Shot,2PT Field Goal,Mid-Range,Left Side Center(LC),16-24 ft.,17.0,-138.0,115.0,1,1,20170113,MIL,MIA
Shot Chart Detail,0021600594,155,201961,Wayne Ellington,1610612748,Miami Heat,2,9,53,Missed Shot,Jump Shot,3PT Field Goal,Above the Break 3,Right Side Center(RC),24+ ft.,25.0,222.0,121.0,1,0,20170113,MIL,MIA
Shot Chart Detail,0021600594,172,201961,Wayne Ellington,1610612748,Miami Heat,2,8,3,Made Shot,Pullup Jump shot,2PT Field Goal,Mid-Range,Right Side(R),8-16 ft.,15.0,150.0,52.0,1,1,20170113,MIL,MIA
Shot Chart Detail,0021600594,376,201961,Wayne Ellington,1610612748,Miami Heat,3,0,48,Missed Shot,Jump Shot,2PT Field Goal,Mid-Range,Left Side(L),16-24 ft.,19.0,-189.0,47.0,1,0,20170113,MIL,MIA
Shot Chart Detail,0021600594,407,201961,Wayne Ellington,1610612748,Miami Heat,4,9,22,Made Shot,Jump Shot,3PT Field Goal,Above the Break 3,Right Side Center(RC),24+ ft.,24.0,117.0,213.0,1,1,20170113,MIL,MIA
Shot Chart Detail,0021600623,117,201961,Wayne Ellington,1610612748,Miami Heat,1,0,18,Made Shot,Running Dunk Shot,2PT Field Goal,Restricted Area,Center(C),Less Than 8 ft.,0.0,0.0,1.0,1,1,20170117,MIA,HOU
Shot Chart Detail,0021600623,130,201961,Wayne Ellington,1610612748,Miami Heat,2,10,54,Made Shot,Jump Shot,3PT Field Goal,Left Corner 3,Left Side(L),24+ ft.,23.0,-230.0,56.0,1,1,20170117,MIA,HOU
Shot Chart Detail,0021600623,156,201961,Wayne Ellington,1610612748,Miami Heat,2,8,30,Made Shot,Jump Shot,3PT Field Goal,Above the Break 3,Left Side Center(LC),24+ ft.,24.0,-122.0,213.0,1,1,20170117,MIA,HOU
Shot Chart Detail,0021600623,209,201961,Wayne Ellington,1610612748,Miami Heat,2,5,24,Missed Shot,Jump Shot,3PT Field Goal,Left Corner 3,Left Side(L),24+ ft.,23.0,-232.0,16.0,1,0,20170117,MIA,HOU
Shot Chart Detail,0021600623,217,201961,Wayne Ellington,1610612748,Miami Heat,2,4,46,Missed Shot,Jump Shot,2PT Field Goal,Mid-Range,Right Side(R),16-24 ft.,19.0,184.0,70.0,1,0,20170117,MIA,HOU
Shot Chart Detail,0021600623,375,201961,Wayne Ellington,1610612748,Miami Heat,3,3,40,Missed Shot,Jump Shot,3PT Field Goal,Right Corner 3,Right Side(R),24+ ft.,24.0,243.0,16.0,1,0,20170117,MIA,HOU
Shot Chart Detail,0021600623,407,201961,Wayne Ellington,1610612748,Miami Heat,3,1,13,Made Shot,Jump Shot,3PT Field Goal,Above the Break 3,Right Side Center(RC),24+ ft.,24.0,204.0,139.0,1,1,20170117,MIA,HOU
Shot Chart Detail,0021600623,428,201961,Wayne Ellington,1610612748,Miami Heat,4,11,19,Missed Shot,Jump Shot,3PT Field Goal,Above the Break 3,Right Side Center(RC),24+ ft.,24.0,153.0,188.0,1,0,20170117,MIA,HOU
Shot Chart Detail,0021600623,500,201961,Wayne Ellington,1610612748,Miami Heat,4,4,46,Made Shot,Jump Shot,3PT Field Goal,Above the Break 3,Right Side Center(RC),24+ ft.,24.0,164.0,185.0,1,1,20170117,MIA,HOU
Shot Chart Detail,0021600623,520,201961,Wayne Ellington,1610612748,Miami Heat,4,3,15,Missed Shot,Jump Shot,3PT Field Goal,Above the Break 3,Left Side Center(LC),24+ ft.,25.0,-145.0,213.0,1,0,20170117,MIA,HOU
Shot Chart Detail,0021600623,534,201961,Wayne Ellington,1610612748,Miami Heat,4,1,41,Made Shot,Jump Shot,3PT Field Goal,Left Corner 3,Left Side(L),24+ ft.,23.0,-232.0,11.0,1,1,20170117,MIA,HOU
Shot Chart Detail,0021600637,129,201961,Wayne Ellington,1610612748,Miami Heat,2,11,14,Missed Shot,Jump Shot,3PT Field Goal,Above the Break 3,Right Side Center(RC),24+ ft.,25.0,168.0,195.0,1,0,20170119,MIA,DAL
Shot Chart Detail,0021600637,132,201961,Wayne Ellington,1610612748,Miami Heat,2,10,42,Missed Shot,Jump Shot,2PT Field Goal,Mid-Range,Center(C),8-16 ft.,14.0,6.0,141.0,1,0,20170119,MIA,DAL
Shot Chart Detail,0021600637,168,201961,Wayne Ellington,1610612748,Miami Heat,2,6,29,Missed Shot,Jump Shot,3PT Field Goal,Above the Break 3,Left Side Center(LC),24+ ft.,25.0,-196.0,160.0,1,0,20170119,MIA,DAL
Shot Chart Detail,0021600637,396,201961,Wayne Ellington,1610612748,Miami Heat,4,8,14,Missed Shot,Jump Shot,3PT Field Goal,Above the Break 3,Left Side Center(LC),24+ ft.,24.0,-132.0,210.0,1,0,20170119,MIA,DAL
Shot Chart Detail,0021600655,82,201961,Wayne Ellington,1610612748,Miami Heat,1,3,53,Made Shot,Step Back Jump shot,2PT Field Goal,Mid-Range,Right Side Center(RC),16-24 ft.,20.0,164.0,120.0,1,1,20170121,MIA,MIL
Shot Chart Detail,0021600655,84,201961,Wayne Ellington,1610612748,Miami Heat,1,3,10,Missed Shot,Jump Shot,3PT Field Goal,Above the Break 3,Right Side Center(RC),24+ ft.,25.0,199.0,159.0,1,0,20170121,MIA,MIL
Shot Chart Detail,0021600655,102,201961,Wayne Ellington,1610612748,Miami Heat,1,2,34,Made Shot,Jump Shot,2PT Field Goal,Mid-Range,Left Side(L),16-24 ft.,16.0,-165.0,18.0,1,1,20170121,MIA,MIL
Shot Chart Detail,0021600655,137,201961,Wayne Ellington,1610612748,Miami Heat,2,11,37,Missed Shot,Jump Shot,3PT Field Goal,Above the Break 3,Right Side Center(RC),24+ ft.,27.0,191.0,193.0,1,0,20170121,MIA,MIL
Shot Chart Detail,0021600655,153,201961,Wayne Ellington,1610612748,Miami Heat,2,9,28,Made Shot,Jump Shot,2PT Field Goal,Mid-Range,Left Side Center(LC),16-24 ft.,19.0,-96.0,165.0,1,1,20170121,MIA,MIL
Shot Chart Detail,0021600655,177,201961,Wayne Ellington,1610612748,Miami Heat,2,6,49,Made Shot,Jump Shot,3PT Field Goal,Right Corner 3,Right Side(R),24+ ft.,24.0,241.0,-5.0,1,1,20170121,MIA,MIL
Shot Chart Detail,0021600655,187,201961,Wayne Ellington,1610612748,Miami Heat,2,5,45,Missed Shot,Jump Shot,3PT Field Goal,Above the Break 3,Left Side Center(LC),24+ ft.,24.0,-86.0,232.0,1,0,20170121,MIA,MIL
Shot Chart Detail,0021600655,346,201961,Wayne Ellington,1610612748,Miami Heat,3,1,48,Missed Shot,Jump Shot,3PT Field Goal,Above the Break 3,Left Side Center(LC),24+ ft.,25.0,-197.0,154.0,1,0,20170121,MIA,MIL
Shot Chart Detail,0021600655,383,201961,Wayne Ellington,1610612748,Miami Heat,4,10,36,Made Shot,Jump Shot,3PT Field Goal,Above the Break 3,Right Side Center(RC),24+ ft.,25.0,153.0,198.0,1,1,20170121,MIA,MIL
Shot Chart Detail,0021600655,403,201961,Wayne Ellington,1610612748,Miami Heat,4,8,29,Missed Shot,Jump Shot,3PT Field Goal,Above the Break 3,Left Side Center(LC),24+ ft.,24.0,-153.0,193.0,1,0,20170121,MIA,MIL
Shot Chart Detail,0021600655,427,201961,Wayne Ellington,1610612748,Miami Heat,4,6,42,Missed Shot,Jump Shot,3PT Field Goal,Above the Break 3,Right Side Center(RC),24+ ft.,24.0,115.0,218.0,1,0,20170121,MIA,MIL
Shot Chart Detail,0021600655,456,201961,Wayne Ellington,1610612748,Miami Heat,4,5,5,Made Shot,Jump Shot,3PT Field Goal,Above the Break 3,Right Side Center(RC),24+ ft.,25.0,163.0,195.0,1,1,20170121,MIA,MIL
Shot Chart Detail,0021600668,71,201961,Wayne Ellington,1610612748,Miami Heat,1,5,10,Missed Shot,Jump Shot,3PT Field Goal,Above the Break 3,Left Side Center(LC),24+ ft.,25.0,-143.0,210.0,1,0,20170123,MIA,GSW
Shot Chart Detail,0021600668,134,201961,Wayne Ellington,1610612748,Miami Heat,2,11,27,Missed Shot,Jump Shot,3PT Field Goal,Left Corner 3,Left Side(L),24+ ft.,24.0,-238.0,67.0,1,0,20170123,MIA,GSW
Shot Chart Detail,0021600668,157,201961,Wayne Ellington,1610612748,Miami Heat,2,9,21,Missed Shot,Jump Shot,3PT Field Goal,Right Corner 3,Right Side(R),24+ ft.,24.0,240.0,-5.0,1,0,20170123,MIA,GSW
Shot Chart Detail,0021600668,204,201961,Wayne Ellington,1610612748,Miami Heat,2,5,3,Missed Shot,Jump Shot,2PT Field Goal,Mid-Range,Right Side(R),16-24 ft.,17.0,156.0,80.0,1,0,20170123,MIA,GSW
Shot Chart Detail,0021600668,217,201961,Wayne Ellington,1610612748,Miami Heat,2,3,24,Missed Shot,Jump Shot,3PT Field Goal,Above the Break 3,Right Side Center(RC),24+ ft.,24.0,166.0,183.0,1,0,20170123,MIA,GSW
Shot Chart Detail,0021600668,334,201961,Wayne Ellington,1610612748,Miami Heat,3,4,43,Missed Shot,Jump Shot,3PT Field Goal,Above the Break 3,Right Side Center(RC),24+ ft.,24.0,127.0,213.0,1,0,20170123,MIA,GSW
Shot Chart Detail,0021600668,360,201961,Wayne Ellington,1610612748,Miami Heat,3,2,37,Made Shot,Jump Shot,3PT Field Goal,Left Corner 3,Left Side(L),24+ ft.,23.0,-233.0,-1.0,1,1,20170123,MIA,GSW
Shot Chart Detail,0021600668,363,201961,Wayne Ellington,1610612748,Miami Heat,3,2,20,Made Shot,Running Dunk Shot,2PT Field Goal,Restricted Area,Center(C),Less Than 8 ft.,0.0,0.0,1.0,1,1,20170123,MIA,GSW
Shot Chart Detail,0021600668,391,201961,Wayne Ellington,1610612748,Miami Heat,4,11,47,Made Shot,Jump Shot,3PT Field Goal,Above the Break 3,Left Side Center(LC),24+ ft.,24.0,-204.0,139.0,1,1,20170123,MIA,GSW
Shot Chart Detail,0021600668,393,201961,Wayne Ellington,1610612748,Miami Heat,4,11,15,Missed Shot,Jump Shot,2PT Field Goal,Mid-Range,Left Side Center(LC),16-24 ft.,20.0,-147.0,136.0,1,0,20170123,MIA,GSW
Shot Chart Detail,0021600668,482,201961,Wayne Ellington,1610612748,Miami Heat,4,6,2,Missed Shot,Jump Shot,2PT Field Goal,Mid-Range,Center(C),8-16 ft.,15.0,78.0,139.0,1,0,20170123,MIA,GSW
Shot Chart Detail,0021600668,527,201961,Wayne Ellington,1610612748,Miami Heat,4,2,35,Missed Shot,Jump Shot,3PT Field Goal,Above the Break 3,Left Side Center(LC),24+ ft.,24.0,-133.0,210.0,1,0,20170123,MIA,GSW
Shot Chart Detail,0021600682,50,201961,Wayne Ellington,1610612748,Miami Heat,1,5,59,Made Shot,Jump Shot,3PT Field Goal,Above the Break 3,Right Side Center(RC),24+ ft.,25.0,137.0,214.0,1,1,20170125,BKN,MIA
Shot Chart Detail,0021600682,70,201961,Wayne Ellington,1610612748,Miami Heat,1,4,51,Made Shot,Jump Shot,2PT Field Goal,Mid-Range,Center(C),16-24 ft.,21.0,9.0,214.0,1,1,20170125,BKN,MIA
Shot Chart Detail,0021600682,100,201961,Wayne Ellington,1610612748,Miami Heat,1,2,10,Made Shot,Driving Hook Shot,2PT Field Goal,In The Paint (Non-RA),Center(C),Less Than 8 ft.,4.0,38.0,26.0,1,1,20170125,BKN,MIA
Shot Chart Detail,0021600682,137,201961,Wayne Ellington,1610612748,Miami Heat,2,11,4,Made Shot,Jump Shot,3PT Field Goal,Right Corner 3,Right Side(R),24+ ft.,24.0,246.0,-26.0,1,1,20170125,BKN,MIA
Shot Chart Detail,0021600682,165,201961,Wayne Ellington,1610612748,Miami Heat,2,9,19,Made Shot,Jump Shot,2PT Field Goal,Mid-Range,Right Side(R),16-24 ft.,21.0,197.0,80.0,1,1,20170125,BKN,MIA
Shot Chart Detail,0021600682,180,201961,Wayne Ellington,1610612748,Miami Heat,2,8,23,Missed Shot,Jump Shot,3PT Field Goal,Above the Break 3,Right Side Center(RC),24+ ft.,24.0,177.0,170.0,1,0,20170125,BKN,MIA
Shot Chart Detail,0021600682,200,201961,Wayne Ellington,1610612748,Miami Heat,2,5,58,Made Shot,Jump Shot,3PT Field Goal,Above the Break 3,Right Side Center(RC),24+ ft.,28.0,163.0,232.0,1,1,20170125,BKN,MIA
Shot Chart Detail,0021600682,317,201961,Wayne Ellington,1610612748,Miami Heat,3,7,46,Missed Shot,Jump Shot,2PT Field Goal,Mid-Range,Right Side Center(RC),16-24 ft.,21.0,145.0,164.0,1,0,20170125,BKN,MIA
Shot Chart Detail,0021600682,342,201961,Wayne Ellington,1610612748,Miami Heat,3,4,57,Missed Shot,Jump Shot,2PT Field Goal,Mid-Range,Right Side Center(RC),16-24 ft.,19.0,125.0,144.0,1,0,20170125,BKN,MIA
Shot Chart Detail,0021600682,347,201961,Wayne Ellington,1610612748,Miami Heat,3,4,47,Missed Shot,Jump Shot,2PT Field Goal,In The Paint (Non-RA),Center(C),8-16 ft.,13.0,-9.0,134.0,1,0,20170125,BKN,MIA
Shot Chart Detail,0021600682,365,201961,Wayne Ellington,1610612748,Miami Heat,3,2,52,Missed Shot,Cutting Layup Shot,2PT Field Goal,Restricted Area,Center(C),Less Than 8 ft.,1.0,4.0,16.0,1,0,20170125,BKN,MIA
Shot Chart Detail,0021600682,398,201961,Wayne Ellington,1610612748,Miami Heat,3,0,28,Made Shot,Jump Shot,2PT Field Goal,Mid-Range,Left Side(L),16-24 ft.,18.0,-181.0,36.0,1,1,20170125,BKN,MIA
Shot Chart Detail,0021600682,427,201961,Wayne Ellington,1610612748,Miami Heat,4,9,9,Missed Shot,Jump Shot,3PT Field Goal,Right Corner 3,Right Side(R),24+ ft.,24.0,235.0,61.0,1,0,20170125,BKN,MIA
Shot Chart Detail,0021600682,435,201961,Wayne Ellington,1610612748,Miami Heat,4,8,39,Missed Shot,Jump Shot,3PT Field Goal,Above the Break 3,Left Side Center(LC),24+ ft.,24.0,-184.0,169.0,1,0,20170125,BKN,MIA
Shot Chart Detail,0021600682,500,201961,Wayne Ellington,1610612748,Miami Heat,4,2,17,Made Shot,Jump Shot,3PT Field Goal,Left Corner 3,Left Side(L),24+ ft.,23.0,-235.0,-15.0,1,1,20170125,BKN,MIA
Shot Chart Detail,0021600700,79,201961,Wayne Ellington,1610612748,Miami Heat,1,4,25,Missed Shot,Jump Shot,2PT Field Goal,Mid-Range,Right Side Center(RC),16-24 ft.,21.0,135.0,165.0,1,0,20170127,CHI,MIA
Shot Chart Detail,0021600700,116,201961,Wayne Ellington,1610612748,Miami Heat,1,1,4,Missed Shot,Jump Shot,3PT Field Goal,Above the Break 3,Left Side Center(LC),24+ ft.,25.0,-132.0,213.0,1,0,20170127,CHI,MIA
Shot Chart Detail,0021600700,123,201961,Wayne Ellington,1610612748,Miami Heat,1,0,6,Made Shot,Step Back Jump shot,2PT Field Goal,Mid-Range,Right Side Center(RC),16-24 ft.,22.0,151.0,165.0,1,1,20170127,CHI,MIA
Shot Chart Detail,0021600700,130,201961,Wayne Ellington,1610612748,Miami Heat,2,11,39,Missed Shot,Jump Shot,2PT Field Goal,Mid-Range,Right Side(R),16-24 ft.,18.0,186.0,26.0,1,0,20170127,CHI,MIA
Shot Chart Detail,0021600700,149,201961,Wayne Ellington,1610612748,Miami Heat,2,9,11,Made Shot,Driving Finger Roll Layup Shot,2PT Field Goal,Restricted Area,Center(C),Less Than 8 ft.,1.0,1.0,16.0,1,1,20170127,CHI,MIA
Shot Chart Detail,0021600700,159,201961,Wayne Ellington,1610612748,Miami Heat,2,8,13,Missed Shot,Jump Shot,3PT Field Goal,Left Corner 3,Left Side(L),24+ ft.,23.0,-233.0,0.0,1,0,20170127,CHI,MIA
Shot Chart Detail,0021600700,163,201961,Wayne Ellington,1610612748,Miami Heat,2,8,5,Missed Shot,Jump Shot,3PT Field Goal,Above the Break 3,Left Side Center(LC),24+ ft.,26.0,-183.0,198.0,1,0,20170127,CHI,MIA
Shot Chart Detail,0021600700,336,201961,Wayne Ellington,1610612748,Miami Heat,3,3,13,Made Shot,Jump Shot,2PT Field Goal,Mid-Range,Right Side Center(RC),16-24 ft.,20.0,138.0,156.0,1,1,20170127,CHI,MIA
Shot Chart Detail,0021600700,353,201961,Wayne Ellington,1610612748,Miami Heat,3,2,17,Made Shot,Jump Shot,2PT Field Goal,Mid-Range,Left Side Center(LC),16-24 ft.,21.0,-110.0,183.0,1,1,20170127,CHI,MIA
Shot Chart Detail,0021600700,359,201961,Wayne Ellington,1610612748,Miami Heat,3,1,12,Missed Shot,Jump Shot,3PT Field Goal,Right Corner 3,Right Side(R),24+ ft.,22.0,225.0,-5.0,1,0,20170127,CHI,MIA
Shot Chart Detail,0021600700,377,201961,Wayne Ellington,1610612748,Miami Heat,3,0,17,Missed Shot,Jump Shot,2PT Field Goal,Mid-Range,Right Side(R),16-24 ft.,17.0,161.0,80.0,1,0,20170127,CHI,MIA
Shot Chart Detail,0021600700,393,201961,Wayne Ellington,1610612748,Miami Heat,4,10,12,Made Shot,Jump Shot,3PT Field Goal,Above the Break 3,Center(C),24+ ft.,25.0,-76.0,242.0,1,1,20170127,CHI,MIA
Shot Chart Detail,0021600700,395,201961,Wayne Ellington,1610612748,Miami Heat,4,9,34,Missed Shot,Jump Shot,3PT Field Goal,Above the Break 3,Left Side Center(LC),24+ ft.,25.0,-156.0,203.0,1,0,20170127,CHI,MIA
Shot Chart Detail,0021600700,441,201961,Wayne Ellington,1610612748,Miami Heat,4,4,40,Made Shot,Jump Shot,3PT Field Goal,Above the Break 3,Right Side Center(RC),24+ ft.,26.0,177.0,193.0,1,1,20170127,CHI,MIA
Shot Chart Detail,0021600700,459,201961,Wayne Ellington,1610612748,Miami Heat,4,2,27,Missed Shot,Jump Shot,3PT Field Goal,Above the Break 3,Left Side Center(LC),24+ ft.,24.0,-124.0,214.0,1,0,20170127,CHI,MIA
Shot Chart Detail,0021600700,463,201961,Wayne Ellington,1610612748,Miami Heat,4,1,53,Missed Shot,Jump Shot,2PT Field Goal,Mid-Range,Right Side(R),8-16 ft.,11.0,110.0,16.0,1,0,20170127,CHI,MIA
Shot Chart Detail,0021600705,57,201961,Wayne Ellington,1610612748,Miami Heat,1,5,22,Made Shot,Jump Shot,3PT Field Goal,Above the Break 3,Right Side Center(RC),24+ ft.,24.0,202.0,139.0,1,1,20170128,MIA,DET
Shot Chart Detail,0021600705,92,201961,Wayne Ellington,1610612748,Miami Heat,1,2,54,Made Shot,Jump Shot,2PT Field Goal,Mid-Range,Right Side Center(RC),16-24 ft.,17.0,71.0,164.0,1,1,20170128,MIA,DET
Shot Chart Detail,0021600705,127,201961,Wayne Ellington,1610612748,Miami Heat,2,11,38,Made Shot,Jump Shot,3PT Field Goal,Above the Break 3,Left Side Center(LC),24+ ft.,24.0,-129.0,213.0,1,1,20170128,MIA,DET
Shot Chart Detail,0021600705,161,201961,Wayne Ellington,1610612748,Miami Heat,2,7,59,Missed Shot,Jump Shot,3PT Field Goal,Above the Break 3,Left Side Center(LC),24+ ft.,24.0,-153.0,193.0,1,0,20170128,MIA,DET
Shot Chart Detail,0021600705,212,201961,Wayne Ellington,1610612748,Miami Heat,2,2,51,Made Shot,Jump Shot,2PT Field Goal,Mid-Range,Left Side Center(LC),16-24 ft.,19.0,-96.0,164.0,1,1,20170128,MIA,DET
Shot Chart Detail,0021600705,390,201961,Wayne Ellington,1610612748,Miami Heat,4,8,14,Missed Shot,Jump Shot,2PT Field Goal,Mid-Range,Center(C),16-24 ft.,21.0,-34.0,208.0,1,0,20170128,MIA,DET
Shot Chart Detail,0021600705,451,201961,Wayne Ellington,1610612748,Miami Heat,4,4,38,Made Shot,Step Back Jump shot,3PT Field Goal,Above the Break 3,Right Side Center(RC),24+ ft.,24.0,169.0,180.0,1,1,20170128,MIA,DET
Shot Chart Detail,0021600705,460,201961,Wayne Ellington,1610612748,Miami Heat,4,3,43,Made Shot,Jump Shot,3PT Field Goal,Above the Break 3,Right Side Center(RC),24+ ft.,24.0,181.0,164.0,1,1,20170128,MIA,DET
Shot Chart Detail,0021600705,467,201961,Wayne Ellington,1610612748,Miami Heat,4,2,55,Made Shot,Jump Shot,3PT Field Goal,Above the Break 3,Right Side Center(RC),24+ ft.,24.0,205.0,136.0,1,1,20170128,MIA,DET
Shot Chart Detail,0021600705,490,201961,Wayne Ellington,1610612748,Miami Heat,4,0,46,Missed Shot,Jump Shot,3PT Field Goal,Right Corner 3,Right Side(R),24+ ft.,24.0,238.0,41.0,1,0,20170128,MIA,DET
Shot Chart Detail,0021600719,112,201961,Wayne Ellington,1610612748,Miami Heat,2,10,29,Missed Shot,Jump Shot,3PT Field Goal,Above the Break 3,Left Side Center(LC),24+ ft.,24.0,-176.0,164.0,1,0,20170130,MIA,BKN
Shot Chart Detail,0021600719,147,201961,Wayne Ellington,1610612748,Miami Heat,2,7,2,Missed Shot,Jump Shot,3PT Field Goal,Left Corner 3,Left Side(L),24+ ft.,23.0,-230.0,21.0,1,0,20170130,MIA,BKN
Shot Chart Detail,0021600719,175,201961,Wayne Ellington,1610612748,Miami Heat,2,4,33,Missed Shot,Jump Shot,2PT Field Goal,Mid-Range,Left Side Center(LC),16-24 ft.,20.0,-163.0,124.0,1,0,20170130,MIA,BKN
Shot Chart Detail,0021600719,184,201961,Wayne Ellington,1610612748,Miami Heat,2,3,1,Made Shot,Running Reverse Layup Shot,2PT Field Goal,Restricted Area,Center(C),Less Than 8 ft.,1.0,6.0,8.0,1,1,20170130,MIA,BKN
Shot Chart Detail,0021600719,318,201961,Wayne Ellington,1610612748,Miami Heat,3,3,8,Made Shot,Jump Shot,2PT Field Goal,Mid-Range,Right Side Center(RC),16-24 ft.,16.0,91.0,139.0,1,1,20170130,MIA,BKN
Shot Chart Detail,0021600734,101,201961,Wayne Ellington,1610612748,Miami Heat,1,1,6,Missed Shot,Jump Shot,3PT Field Goal,Right Corner 3,Right Side(R),24+ ft.,23.0,233.0,23.0,1,0,20170201,MIA,ATL
Shot Chart Detail,0021600734,138,201961,Wayne Ellington,1610612748,Miami Heat,2,9,3,Made Shot,Jump Shot,3PT Field Goal,Above the Break 3,Right Side Center(RC),24+ ft.,25.0,205.0,154.0,1,1,20170201,MIA,ATL
Shot Chart Detail,0021600734,151,201961,Wayne Ellington,1610612748,Miami Heat,2,8,27,Missed Shot,Jump Shot,3PT Field Goal,Left Corner 3,Left Side(L),24+ ft.,23.0,-227.0,67.0,1,0,20170201,MIA,ATL
Shot Chart Detail,0021600734,162,201961,Wayne Ellington,1610612748,Miami Heat,2,7,21,Made Shot,Driving Layup Shot,2PT Field Goal,Restricted Area,Center(C),Less Than 8 ft.,2.0,-16.0,13.0,1,1,20170201,MIA,ATL
Shot Chart Detail,0021600734,171,201961,Wayne Ellington,1610612748,Miami Heat,2,6,20,Missed Shot,Jump Shot,2PT Field Goal,Mid-Range,Right Side Center(RC),16-24 ft.,17.0,105.0,134.0,1,0,20170201,MIA,ATL
Shot Chart Detail,0021600734,187,201961,Wayne Ellington,1610612748,Miami Heat,2,4,44,Missed Shot,Jump Shot,2PT Field Goal,Mid-Range,Right Side Center(RC),16-24 ft.,18.0,135.0,124.0,1,0,20170201,MIA,ATL
Shot Chart Detail,0021600734,195,201961,Wayne Ellington,1610612748,Miami Heat,2,3,44,Missed Shot,Reverse Layup Shot,2PT Field Goal,Restricted Area,Center(C),Less Than 8 ft.,1.0,10.0,0.0,1,0,20170201,MIA,ATL
Shot Chart Detail,0021600734,394,201961,Wayne Ellington,1610612748,Miami Heat,4,10,52,Missed Shot,Jump Shot,2PT Field Goal,Mid-Range,Left Side Center(LC),16-24 ft.,17.0,-88.0,156.0,1,0,20170201,MIA,ATL
Shot Chart Detail,0021600734,415,201961,Wayne Ellington,1610612748,Miami Heat,4,8,40,Missed Shot,Jump Shot,3PT Field Goal,Right Corner 3,Right Side(R),24+ ft.,24.0,240.0,-6.0,1,0,20170201,MIA,ATL
Shot Chart Detail,0021600734,454,201961,Wayne Ellington,1610612748,Miami Heat,4,5,54,Missed Shot,Jump Shot,3PT Field Goal,Right Corner 3,Right Side(R),24+ ft.,23.0,230.0,23.0,1,0,20170201,MIA,ATL
Shot Chart Detail,0021600734,520,201961,Wayne Ellington,1610612748,Miami Heat,4,1,43,Missed Shot,Jump Shot,3PT Field Goal,Above the Break 3,Center(C),24+ ft.,24.0,20.0,247.0,1,0,20170201,MIA,ATL
Shot Chart Detail,0021600758,91,201961,Wayne Ellington,1610612748,Miami Heat,1,2,9,Missed Shot,Jump Shot,3PT Field Goal,Right Corner 3,Right Side(R),24+ ft.,24.0,245.0,8.0,1,0,20170204,MIA,PHI
Shot Chart Detail,0021600758,121,201961,Wayne Ellington,1610612748,Miami Heat,2,11,30,Made Shot,Jump Shot,2PT Field Goal,Mid-Range,Right Side(R),16-24 ft.,17.0,141.0,97.0,1,1,20170204,MIA,PHI
Shot Chart Detail,0021600758,142,201961,Wayne Ellington,1610612748,Miami Heat,2,9,47,Made Shot,Jump Shot,3PT Field Goal,Left Corner 3,Left Side(L),24+ ft.,24.0,-240.0,2.0,1,1,20170204,MIA,PHI
Shot Chart Detail,0021600758,152,201961,Wayne Ellington,1610612748,Miami Heat,2,9,15,Missed Shot,Jump Shot,3PT Field Goal,Above the Break 3,Right Side Center(RC),24+ ft.,25.0,177.0,178.0,1,0,20170204,MIA,PHI
Shot Chart Detail,0021600758,182,201961,Wayne Ellington,1610612748,Miami Heat,2,6,32,Missed Shot,Jump Shot,2PT Field Goal,Mid-Range,Left Side Center(LC),16-24 ft.,18.0,-112.0,144.0,1,0,20170204,MIA,PHI
Shot Chart Detail,0021600758,398,201961,Wayne Ellington,1610612748,Miami Heat,3,0,30,Made Shot,Jump Shot,3PT Field Goal,Left Corner 3,Left Side(L),24+ ft.,23.0,-233.0,16.0,1,1,20170204,MIA,PHI
Shot Chart Detail,0021600758,405,201961,Wayne Ellington,1610612748,Miami Heat,4,11,45,Made Shot,Step Back Jump shot,2PT Field Goal,Mid-Range,Left Side Center(LC),16-24 ft.,18.0,-68.0,169.0,1,1,20170204,MIA,PHI
Shot Chart Detail,0021600775,150,201961,Wayne Ellington,1610612748,Miami Heat,2,9,2,Made Shot,Jump Shot,3PT Field Goal,Left Corner 3,Left Side(L),24+ ft.,22.0,-228.0,-1.0,1,1,20170206,MIN,MIA
Shot Chart Detail,0021600775,156,201961,Wayne Ellington,1610612748,Miami Heat,2,8,32,Missed Shot,Jump Shot,2PT Field Goal,Mid-Range,Left Side Center(LC),16-24 ft.,21.0,-120.0,178.0,1,0,20170206,MIN,MIA
Shot Chart Detail,0021600775,194,201961,Wayne Ellington,1610612748,Miami Heat,2,5,2,Missed Shot,Jump Shot,2PT Field Goal,Mid-Range,Right Side(R),16-24 ft.,22.0,205.0,82.0,1,0,20170206,MIN,MIA
Shot Chart Detail,0021600775,220,201961,Wayne Ellington,1610612748,Miami Heat,2,2,29,Made Shot,Jump Shot,3PT Field Goal,Left Corner 3,Left Side(L),24+ ft.,23.0,-222.0,70.0,1,1,20170206,MIN,MIA
Shot Chart Detail,0021600787,2,201961,Wayne Ellington,1610612748,Miami Heat,1,11,35,Made Shot,Jump Shot,3PT Field Goal,Left Corner 3,Left Side(L),24+ ft.,24.0,-241.0,-5.0,1,1,20170208,MIL,MIA
Shot Chart Detail,0021600787,57,201961,Wayne Ellington,1610612748,Miami Heat,1,5,3,Missed Shot,Jump Shot,3PT Field Goal,Above the Break 3,Left Side Center(LC),24+ ft.,26.0,-168.0,203.0,1,0,20170208,MIL,MIA
Shot Chart Detail,0021600787,158,201961,Wayne Ellington,1610612748,Miami Heat,2,8,35,Missed Shot,Jump Shot,3PT Field Goal,Right Corner 3,Right Side(R),24+ ft.,23.0,232.0,-16.0,1,0,20170208,MIL,MIA
Shot Chart Detail,0021600787,275,201961,Wayne Ellington,1610612748,Miami Heat,2,0,44,Made Shot,Pullup Jump shot,2PT Field Goal,In The Paint (Non-RA),Center(C),Less Than 8 ft.,5.0,42.0,31.0,1,1,20170208,MIL,MIA
Shot Chart Detail,0021600787,332,201961,Wayne Ellington,1610612748,Miami Heat,3,7,23,Missed Shot,Jump Shot,3PT Field Goal,Above the Break 3,Left Side Center(LC),24+ ft.,26.0,-214.0,164.0,1,0,20170208,MIL,MIA
Shot Chart Detail,0021600787,366,201961,Wayne Ellington,1610612748,Miami Heat,3,3,38,Made Shot,Jump Bank Shot,3PT Field Goal,Above the Break 3,Center(C),24+ ft.,25.0,71.0,249.0,1,1,20170208,MIL,MIA
Shot Chart Detail,0021600787,455,201961,Wayne Ellington,1610612748,Miami Heat,4,5,38,Missed Shot,Jump Shot,2PT Field Goal,Mid-Range,Center(C),16-24 ft.,16.0,27.0,159.0,1,0,20170208,MIL,MIA
Shot Chart Detail,0021600787,487,201961,Wayne Ellington,1610612748,Miami Heat,4,3,55,Made Shot,Jump Shot,3PT Field Goal,Above the Break 3,Right Side Center(RC),24+ ft.,24.0,210.0,134.0,1,1,20170208,MIL,MIA
Shot Chart Detail,0021600787,500,201961,Wayne Ellington,1610612748,Miami Heat,4,2,10,Missed Shot,Jump Shot,2PT Field Goal,Mid-Range,Left Side(L),16-24 ft.,20.0,-194.0,80.0,1,0,20170208,MIL,MIA
Shot Chart Detail,0021600787,512,201961,Wayne Ellington,1610612748,Miami Heat,4,1,10,Made Shot,Jump Shot,3PT Field Goal,Right Corner 3,Right Side(R),24+ ft.,23.0,232.0,33.0,1,1,20170208,MIL,MIA
Shot Chart Detail,0021600787,514,201961,Wayne Ellington,1610612748,Miami Heat,4,0,42,Made Shot,Jump Shot,3PT Field Goal,Right Corner 3,Right Side(R),24+ ft.,23.0,230.0,47.0,1,1,20170208,MIL,MIA
Shot Chart Detail,0021600799,7,201961,Wayne Ellington,1610612748,Miami Heat,1,11,10,Made Shot,Jump Shot,3PT Field Goal,Above the Break 3,Left Side Center(LC),24+ ft.,25.0,-202.0,151.0,1,1,20170210,BKN,MIA
Shot Chart Detail,0021600799,28,201961,Wayne Ellington,1610612748,Miami Heat,1,8,58,Missed Shot,Jump Shot,3PT Field Goal,Above the Break 3,Left Side Center(LC),24+ ft.,24.0,-171.0,174.0,1,0,20170210,BKN,MIA
Shot Chart Detail,0021600799,69,201961,Wayne Ellington,1610612748,Miami Heat,1,5,23,Missed Shot,Jump Shot,3PT Field Goal,Left Corner 3,Left Side(L),24+ ft.,23.0,-233.0,-16.0,1,0,20170210,BKN,MIA
Shot Chart Detail,0021600799,175,201961,Wayne Ellington,1610612748,Miami Heat,2,8,6,Missed Shot,Jump Shot,2PT Field Goal,Mid-Range,Right Side(R),16-24 ft.,18.0,186.0,23.0,1,0,20170210,BKN,MIA
Shot Chart Detail,0021600799,185,201961,Wayne Ellington,1610612748,Miami Heat,2,7,24,Made Shot,Jump Shot,3PT Field Goal,Above the Break 3,Right Side Center(RC),24+ ft.,24.0,127.0,214.0,1,1,20170210,BKN,MIA
Shot Chart Detail,0021600799,298,201961,Wayne Ellington,1610612748,Miami Heat,3,10,12,Made Shot,Jump Shot,3PT Field Goal,Above the Break 3,Right Side Center(RC),24+ ft.,25.0,109.0,232.0,1,1,20170210,BKN,MIA
Shot Chart Detail,0021600799,307,201961,Wayne Ellington,1610612748,Miami Heat,3,8,46,Missed Shot,Jump Shot,3PT Field Goal,Above the Break 3,Right Side Center(RC),24+ ft.,26.0,110.0,242.0,1,0,20170210,BKN,MIA
Shot Chart Detail,0021600799,401,201961,Wayne Ellington,1610612748,Miami Heat,3,1,8,Missed Shot,Jump Shot,3PT Field Goal,Above the Break 3,Right Side Center(RC),24+ ft.,24.0,122.0,214.0,1,0,20170210,BKN,MIA
Shot Chart Detail,0021600799,422,201961,Wayne Ellington,1610612748,Miami Heat,4,11,27,Missed Shot,Pullup Jump shot,3PT Field Goal,Above the Break 3,Right Side Center(RC),24+ ft.,24.0,184.0,169.0,1,0,20170210,BKN,MIA
Shot Chart Detail,0021600810,2,201961,Wayne Ellington,1610612748,Miami Heat,1,11,45,Missed Shot,Jump Shot,3PT Field Goal,Above the Break 3,Left Side Center(LC),24+ ft.,27.0,-194.0,193.0,1,0,20170211,PHI,MIA
Shot Chart Detail,0021600810,21,201961,Wayne Ellington,1610612748,Miami Heat,1,9,20,Missed Shot,Jump Shot,3PT Field Goal,Above the Break 3,Right Side Center(RC),24+ ft.,24.0,112.0,218.0,1,0,20170211,PHI,MIA
Shot Chart Detail,0021600810,58,201961,Wayne Ellington,1610612748,Miami Heat,1,6,47,Missed Shot,Jump Shot,2PT Field Goal,Restricted Area,Center(C),Less Than 8 ft.,3.0,-30.0,23.0,1,0,20170211,PHI,MIA
Shot Chart Detail,0021600810,230,201961,Wayne Ellington,1610612748,Miami Heat,2,4,44,Missed Shot,Pullup Jump shot,2PT Field Goal,Mid-Range,Center(C),16-24 ft.,16.0,-6.0,160.0,1,0,20170211,PHI,MIA
Shot Chart Detail,0021600810,250,201961,Wayne Ellington,1610612748,Miami Heat,2,2,28,Made Shot,Jump Shot,3PT Field Goal,Right Corner 3,Right Side(R),24+ ft.,23.0,233.0,26.0,1,1,20170211,PHI,MIA
Shot Chart Detail,0021600810,342,201961,Wayne Ellington,1610612748,Miami Heat,3,7,17,Missed Shot,Jump Shot,3PT Field Goal,Right Corner 3,Right Side(R),24+ ft.,22.0,225.0,-6.0,1,0,20170211,PHI,MIA
Shot Chart Detail,0021600810,361,201961,Wayne Ellington,1610612748,Miami Heat,3,5,52,Made Shot,Jump Shot,3PT Field Goal,Above the Break 3,Right Side Center(RC),24+ ft.,26.0,212.0,156.0,1,1,20170211,PHI,MIA
Shot Chart Detail,0021600810,363,201961,Wayne Ellington,1610612748,Miami Heat,3,5,11,Missed Shot,Jump Shot,3PT Field Goal,Above the Break 3,Center(C),24+ ft.,25.0,-7.0,254.0,1,0,20170211,PHI,MIA
Shot Chart Detail,0021600810,376,201961,Wayne Ellington,1610612748,Miami Heat,3,4,15,Missed Shot,Jump Shot,2PT Field Goal,Mid-Range,Left Side Center(LC),16-24 ft.,17.0,-70.0,159.0,1,0,20170211,PHI,MIA
Shot Chart Detail,0021600810,380,201961,Wayne Ellington,1610612748,Miami Heat,3,3,42,Made Shot,Jump Shot,3PT Field Goal,Right Corner 3,Right Side(R),24+ ft.,22.0,227.0,3.0,1,1,20170211,PHI,MIA
Shot Chart Detail,0021600810,393,201961,Wayne Ellington,1610612748,Miami Heat,3,2,14,Missed Shot,Jump Shot,3PT Field Goal,Above the Break 3,Left Side Center(LC),24+ ft.,25.0,-160.0,198.0,1,0,20170211,PHI,MIA
Shot Chart Detail,0021600810,501,201961,Wayne Ellington,1610612748,Miami Heat,4,5,21,Made Shot,Running Layup Shot,2PT Field Goal,Restricted Area,Center(C),Less Than 8 ft.,1.0,1.0,11.0,1,1,20170211,PHI,MIA
Shot Chart Detail,0021600810,542,201961,Wayne Ellington,1610612748,Miami Heat,4,2,28,Missed Shot,Jump Shot,3PT Field Goal,Above the Break 3,Left Side Center(LC),24+ ft.,25.0,-196.0,170.0,1,0,20170211,PHI,MIA
Shot Chart Detail,0021600810,574,201961,Wayne Ellington,1610612748,Miami Heat,4,0,24,Missed Shot,Jump Shot,3PT Field Goal,Above the Break 3,Center(C),24+ ft.,25.0,-12.0,252.0,1,0,20170211,PHI,MIA
Shot Chart Detail,0021600823,112,201961,Wayne Ellington,1610612748,Miami Heat,1,2,6,Missed Shot,Jump Shot,3PT Field Goal,Above the Break 3,Right Side Center(RC),24+ ft.,25.0,202.0,156.0,1,0,20170213,MIA,ORL
Shot Chart Detail,0021600823,191,201961,Wayne Ellington,1610612748,Miami Heat,2,8,12,Made Shot,Jump Shot,3PT Field Goal,Above the Break 3,Right Side Center(RC),24+ ft.,25.0,192.0,174.0,1,1,20170213,MIA,ORL
Shot Chart Detail,0021600823,361,201961,Wayne Ellington,1610612748,Miami Heat,3,4,14,Made Shot,Jump Shot,3PT Field Goal,Right Corner 3,Right Side(R),24+ ft.,24.0,240.0,62.0,1,1,20170213,MIA,ORL
Shot Chart Detail,0021600823,379,201961,Wayne Ellington,1610612748,Miami Heat,3,2,15,Missed Shot,Jump Shot,2PT Field Goal,Mid-Range,Left Side(L),16-24 ft.,20.0,-168.0,115.0,1,0,20170213,MIA,ORL
Shot Chart Detail,0021600823,419,201961,Wayne Ellington,1610612748,Miami Heat,4,11,41,Missed Shot,Jump Shot,3PT Field Goal,Above the Break 3,Left Side Center(LC),24+ ft.,24.0,-210.0,129.0,1,0,20170213,MIA,ORL
Shot Chart Detail,0021600823,439,201961,Wayne Ellington,1610612748,Miami Heat,4,10,11,Missed Shot,Jump Shot,3PT Field Goal,Above the Break 3,Center(C),24+ ft.,24.0,17.0,247.0,1,0,20170213,MIA,ORL
Shot Chart Detail,0021600823,490,201961,Wayne Ellington,1610612748,Miami Heat,4,5,8,Missed Shot,Jump Shot,3PT Field Goal,Left Corner 3,Left Side(L),24+ ft.,24.0,-241.0,-1.0,1,0,20170213,MIA,ORL
Shot Chart Detail,0021600841,164,201961,Wayne Ellington,1610612748,Miami Heat,2,10,1,Made Shot,Pullup Jump shot,2PT Field Goal,Mid-Range,Left Side Center(LC),16-24 ft.,21.0,-78.0,195.0,1,1,20170215,HOU,MIA
Shot Chart Detail,0021600841,180,201961,Wayne Ellington,1610612748,Miami Heat,2,8,14,Missed Shot,Jump Shot,3PT Field Goal,Above the Break 3,Right Side Center(RC),24+ ft.,26.0,82.0,247.0,1,0,20170215,HOU,MIA
Shot Chart Detail,0021600841,201,201961,Wayne Ellington,1610612748,Miami Heat,2,6,56,Missed Shot,Jump Shot,2PT Field Goal,Mid-Range,Left Side(L),8-16 ft.,10.0,-102.0,31.0,1,0,20170215,HOU,MIA
Shot Chart Detail,0021600841,223,201961,Wayne Ellington,1610612748,Miami Heat,2,5,20,Made Shot,Jump Shot,3PT Field Goal,Above the Break 3,Right Side Center(RC),24+ ft.,24.0,145.0,200.0,1,1,20170215,HOU,MIA
Shot Chart Detail,0021600841,425,201961,Wayne Ellington,1610612748,Miami Heat,4,10,59,Missed Shot,Jump Shot,3PT Field Goal,Above the Break 3,Right Side Center(RC),24+ ft.,24.0,110.0,218.0,1,0,20170215,HOU,MIA
Shot Chart Detail,0021600863,163,201961,Wayne Ellington,1610612748,Miami Heat,2,11,46,Missed Shot,Jump Shot,3PT Field Goal,Above the Break 3,Center(C),24+ ft.,24.0,40.0,242.0,1,0,20170224,ATL,MIA
Shot Chart Detail,0021600863,168,201961,Wayne Ellington,1610612748,Miami Heat,2,10,46,Made Shot,Jump Shot,3PT Field Goal,Above the Break 3,Right Side Center(RC),24+ ft.,25.0,232.0,101.0,1,1,20170224,ATL,MIA
Shot Chart Detail,0021600863,177,201961,Wayne Ellington,1610612748,Miami Heat,2,9,26,Missed Shot,Jump Shot,3PT Field Goal,Right Corner 3,Right Side(R),24+ ft.,24.0,228.0,80.0,1,0,20170224,ATL,MIA
Shot Chart Detail,0021600863,472,201961,Wayne Ellington,1610612748,Miami Heat,4,8,41,Missed Shot,Pullup Jump shot,3PT Field Goal,Above the Break 3,Right Side Center(RC),24+ ft.,24.0,194.0,149.0,1,0,20170224,ATL,MIA
Shot Chart Detail,0021600863,510,201961,Wayne Ellington,1610612748,Miami Heat,4,5,59,Made Shot,Jump Shot,3PT Field Goal,Above the Break 3,Left Side Center(LC),24+ ft.,24.0,-207.0,124.0,1,1,20170224,ATL,MIA
Shot Chart Detail,0021600863,516,201961,Wayne Ellington,1610612748,Miami Heat,4,5,3,Missed Shot,Jump Shot,3PT Field Goal,Left Corner 3,Left Side(L),24+ ft.,23.0,-230.0,31.0,1,0,20170224,ATL,MIA
Shot Chart Detail,0021600863,518,201961,Wayne Ellington,1610612748,Miami Heat,4,4,57,Made Shot,Jump Shot,3PT Field Goal,Left Corner 3,Left Side(L),24+ ft.,23.0,-232.0,61.0,1,1,20170224,ATL,MIA
Shot Chart Detail,0021600863,529,201961,Wayne Ellington,1610612748,Miami Heat,4,3,41,Missed Shot,Jump Shot,3PT Field Goal,Above the Break 3,Left Side Center(LC),24+ ft.,25.0,-129.0,218.0,1,0,20170224,ATL,MIA
Shot Chart Detail,0021600863,545,201961,Wayne Ellington,1610612748,Miami Heat,4,2,10,Missed Shot,Pullup Jump shot,2PT Field Goal,Mid-Range,Right Side(R),16-24 ft.,19.0,181.0,80.0,1,0,20170224,ATL,MIA
Shot Chart Detail,0021600863,548,201961,Wayne Ellington,1610612748,Miami Heat,4,1,38,Missed Shot,Pullup Jump shot,2PT Field Goal,Mid-Range,Left Side Center(LC),16-24 ft.,19.0,-101.0,170.0,1,0,20170224,ATL,MIA
Shot Chart Detail,0021600863,553,201961,Wayne Ellington,1610612748,Miami Heat,4,1,17,Missed Shot,Jump Shot,3PT Field Goal,Above the Break 3,Left Side Center(LC),24+ ft.,25.0,-183.0,174.0,1,0,20170224,ATL,MIA
Shot Chart Detail,0021600869,126,201961,Wayne Ellington,1610612748,Miami Heat,2,11,41,Made Shot,Jump Shot,3PT Field Goal,Above the Break 3,Right Side Center(RC),24+ ft.,24.0,168.0,183.0,1,1,20170225,MIA,IND
Shot Chart Detail,0021600869,137,201961,Wayne Ellington,1610612748,Miami Heat,2,10,48,Missed Shot,Jump Shot,3PT Field Goal,Above the Break 3,Left Side Center(LC),24+ ft.,23.0,-142.0,193.0,1,0,20170225,MIA,IND
Shot Chart Detail,0021600869,466,201961,Wayne Ellington,1610612748,Miami Heat,4,7,51,Missed Shot,Jump Shot,3PT Field Goal,Right Corner 3,Right Side(R),24+ ft.,23.0,235.0,7.0,1,0,20170225,MIA,IND
Shot Chart Detail,0021600869,469,201961,Wayne Ellington,1610612748,Miami Heat,4,7,35,Made Shot,Jump Shot,3PT Field Goal,Above the Break 3,Right Side Center(RC),24+ ft.,25.0,189.0,164.0,1,1,20170225,MIA,IND
Shot Chart Detail,0021600869,502,201961,Wayne Ellington,1610612748,Miami Heat,4,4,41,Missed Shot,Jump Shot,3PT Field Goal,Left Corner 3,Left Side(L),24+ ft.,23.0,-232.0,2.0,1,0,20170225,MIA,IND
Shot Chart Detail,0021600887,123,201961,Wayne Ellington,1610612748,Miami Heat,2,10,33,Missed Shot,Jump Shot,3PT Field Goal,Left Corner 3,Left Side(L),24+ ft.,22.0,-227.0,-6.0,1,0,20170227,DAL,MIA
Shot Chart Detail,0021600887,399,201961,Wayne Ellington,1610612748,Miami Heat,4,10,33,Missed Shot,Jump Shot,3PT Field Goal,Above the Break 3,Right Side Center(RC),24+ ft.,25.0,173.0,190.0,1,0,20170227,DAL,MIA
Shot Chart Detail,0021600887,403,201961,Wayne Ellington,1610612748,Miami Heat,4,10,7,Made Shot,Jump Shot,3PT Field Goal,Right Corner 3,Right Side(R),24+ ft.,24.0,243.0,16.0,1,1,20170227,DAL,MIA
Shot Chart Detail,0021600887,420,201961,Wayne Ellington,1610612748,Miami Heat,4,8,9,Missed Shot,Jump Shot,3PT Field Goal,Right Corner 3,Right Side(R),24+ ft.,23.0,235.0,31.0,1,0,20170227,DAL,MIA
Shot Chart Detail,0021600887,440,201961,Wayne Ellington,1610612748,Miami Heat,4,6,28,Made Shot,Jump Shot,3PT Field Goal,Above the Break 3,Left Side Center(LC),24+ ft.,24.0,-129.0,205.0,1,1,20170227,DAL,MIA
Shot Chart Detail,0021600887,481,201961,Wayne Ellington,1610612748,Miami Heat,4,2,53,Missed Shot,Jump Shot,3PT Field Goal,Right Corner 3,Right Side(R),24+ ft.,24.0,245.0,31.0,1,0,20170227,DAL,MIA
Shot Chart Detail,0021600898,125,201961,Wayne Ellington,1610612748,Miami Heat,1,0,25,Missed Shot,Jump Shot,3PT Field Goal,Above the Break 3,Left Side Center(LC),24+ ft.,26.0,-158.0,208.0,1,0,20170301,MIA,PHI
Shot Chart Detail,0021600898,198,201961,Wayne Ellington,1610612748,Miami Heat,2,5,38,Made Shot,Jump Shot,3PT Field Goal,Above the Break 3,Right Side Center(RC),24+ ft.,25.0,132.0,213.0,1,1,20170301,MIA,PHI
Shot Chart Detail,0021600898,388,201961,Wayne Ellington,1610612748,Miami Heat,4,11,43,Made Shot,Jump Shot,3PT Field Goal,Above the Break 3,Left Side Center(LC),24+ ft.,24.0,-201.0,146.0,1,1,20170301,MIA,PHI
Shot Chart Detail,0021600898,409,201961,Wayne Ellington,1610612748,Miami Heat,4,9,56,Made Shot,Jump Shot,3PT Field Goal,Above the Break 3,Left Side Center(LC),24+ ft.,25.0,-197.0,159.0,1,1,20170301,MIA,PHI
Shot Chart Detail,0021600898,428,201961,Wayne Ellington,1610612748,Miami Heat,4,8,54,Made Shot,Jump Shot,3PT Field Goal,Above the Break 3,Left Side Center(LC),24+ ft.,24.0,-209.0,134.0,1,1,20170301,MIA,PHI
Shot Chart Detail,0021600898,435,201961,Wayne Ellington,1610612748,Miami Heat,4,8,6,Missed Shot,Jump Shot,3PT Field Goal,Above the Break 3,Left Side Center(LC),24+ ft.,24.0,-174.0,178.0,1,0,20170301,MIA,PHI
Shot Chart Detail,0021600898,449,201961,Wayne Ellington,1610612748,Miami Heat,4,7,12,Made Shot,Jump Shot,3PT Field Goal,Above the Break 3,Right Side Center(RC),24+ ft.,24.0,158.0,193.0,1,1,20170301,MIA,PHI
Shot Chart Detail,0021600898,453,201961,Wayne Ellington,1610612748,Miami Heat,4,6,14,Missed Shot,Jump Shot,3PT Field Goal,Above the Break 3,Right Side Center(RC),24+ ft.,25.0,156.0,203.0,1,0,20170301,MIA,PHI
Shot Chart Detail,0021600898,516,201961,Wayne Ellington,1610612748,Miami Heat,4,1,4,Made Shot,Jump Shot,3PT Field Goal,Right Corner 3,Right Side(R),24+ ft.,23.0,232.0,46.0,1,1,20170301,MIA,PHI
Shot Chart Detail,0021600911,194,201961,Wayne Ellington,1610612748,Miami Heat,2,8,2,Made Shot,Jump Shot,3PT Field Goal,Left Corner 3,Left Side(L),24+ ft.,22.0,-223.0,7.0,1,1,20170303,ORL,MIA
Shot Chart Detail,0021600911,201,201961,Wayne Ellington,1610612748,Miami Heat,2,7,31,Missed Shot,Jump Shot,3PT Field Goal,Above the Break 3,Left Side Center(LC),24+ ft.,26.0,-150.0,218.0,1,0,20170303,ORL,MIA
Shot Chart Detail,0021600911,416,201961,Wayne Ellington,1610612748,Miami Heat,4,11,11,Made Shot,Pullup Jump shot,2PT Field Goal,Mid-Range,Right Side Center(RC),16-24 ft.,18.0,132.0,129.0,1,1,20170303,ORL,MIA
Shot Chart Detail,0021600911,425,201961,Wayne Ellington,1610612748,Miami Heat,4,9,54,Made Shot,Step Back Jump shot,2PT Field Goal,Mid-Range,Right Side Center(RC),16-24 ft.,17.0,60.0,164.0,1,1,20170303,ORL,MIA
Shot Chart Detail,0021600911,434,201961,Wayne Ellington,1610612748,Miami Heat,4,8,47,Missed Shot,Jump Shot,3PT Field Goal,Above the Break 3,Left Side Center(LC),24+ ft.,24.0,-155.0,193.0,1,0,20170303,ORL,MIA
Shot Chart Detail,0021600911,441,201961,Wayne Ellington,1610612748,Miami Heat,4,7,58,Missed Shot,Jump Shot,3PT Field Goal,Right Corner 3,Right Side(R),24+ ft.,24.0,240.0,-6.0,1,0,20170303,ORL,MIA
Shot Chart Detail,0021600911,466,201961,Wayne Ellington,1610612748,Miami Heat,4,5,36,Made Shot,Running Layup Shot,2PT Field Goal,Restricted Area,Center(C),Less Than 8 ft.,0.0,9.0,2.0,1,1,20170303,ORL,MIA
Shot Chart Detail,0021600911,484,201961,Wayne Ellington,1610612748,Miami Heat,4,3,27,Missed Shot,Jump Shot,3PT Field Goal,Above the Break 3,Right Side Center(RC),24+ ft.,24.0,217.0,124.0,1,0,20170303,ORL,MIA
Shot Chart Detail,0021600911,498,201961,Wayne Ellington,1610612748,Miami Heat,4,2,3,Made Shot,Jump Shot,3PT Field Goal,Above the Break 3,Center(C),24+ ft.,24.0,-42.0,237.0,1,1,20170303,ORL,MIA
Shot Chart Detail,0021600911,503,201961,Wayne Ellington,1610612748,Miami Heat,4,1,34,Made Shot,Pullup Jump shot,2PT Field Goal,Mid-Range,Right Side(R),16-24 ft.,18.0,189.0,16.0,1,1,20170303,ORL,MIA
Shot Chart Detail,0021600921,91,201961,Wayne Ellington,1610612748,Miami Heat,1,2,3,Made Shot,Jump Shot,3PT Field Goal,Above the Break 3,Right Side Center(RC),24+ ft.,25.0,217.0,129.0,1,1,20170304,MIA,CLE
Shot Chart Detail,0021600921,111,201961,Wayne Ellington,1610612748,Miami Heat,1,0,11,Made Shot,Jump Shot,3PT Field Goal,Left Corner 3,Left Side(L),24+ ft.,23.0,-232.0,46.0,1,1,20170304,MIA,CLE
Shot Chart Detail,0021600921,149,201961,Wayne Ellington,1610612748,Miami Heat,2,9,14,Made Shot,Jump Shot,3PT Field Goal,Above the Break 3,Left Side Center(LC),24+ ft.,24.0,-140.0,203.0,1,1,20170304,MIA,CLE
Shot Chart Detail,0021600921,365,201961,Wayne Ellington,1610612748,Miami Heat,3,0,0,Missed Shot,Jump Shot,3PT Field Goal,Above the Break 3,Left Side Center(LC),24+ ft.,25.0,-205.0,144.0,1,0,20170304,MIA,CLE
Shot Chart Detail,0021600921,398,201961,Wayne Ellington,1610612748,Miami Heat,4,9,18,Missed Shot,Jump Shot,2PT Field Goal,Mid-Range,Left Side(L),16-24 ft.,17.0,-179.0,2.0,1,0,20170304,MIA,CLE
Shot Chart Detail,0021600921,401,201961,Wayne Ellington,1610612748,Miami Heat,4,9,6,Made Shot,Jump Shot,3PT Field Goal,Above the Break 3,Right Side Center(RC),24+ ft.,24.0,187.0,164.0,1,1,20170304,MIA,CLE
Shot Chart Detail,0021600921,428,201961,Wayne Ellington,1610612748,Miami Heat,4,6,30,Missed Shot,Jump Shot,3PT Field Goal,Above the Break 3,Left Side Center(LC),24+ ft.,24.0,-163.0,188.0,1,0,20170304,MIA,CLE
Shot Chart Detail,0021600921,430,201961,Wayne Ellington,1610612748,Miami Heat,4,6,20,Missed Shot,Jump Shot,3PT Field Goal,Above the Break 3,Left Side Center(LC),24+ ft.,24.0,-122.0,208.0,1,0,20170304,MIA,CLE
Shot Chart Detail,0021600921,452,201961,Wayne Ellington,1610612748,Miami Heat,4,2,49,Missed Shot,Jump Shot,2PT Field Goal,Mid-Range,Right Side(R),16-24 ft.,21.0,207.0,38.0,1,0,20170304,MIA,CLE
Shot Chart Detail,0021600936,93,201961,Wayne Ellington,1610612748,Miami Heat,1,1,33,Made Shot,Jump Shot,3PT Field Goal,Left Corner 3,Left Side(L),24+ ft.,23.0,-235.0,-6.0,1,1,20170306,CLE,MIA
Shot Chart Detail,0021600936,109,201961,Wayne Ellington,1610612748,Miami Heat,1,0,16,Missed Shot,Jump Shot,2PT Field Goal,Mid-Range,Right Side(R),8-16 ft.,15.0,159.0,-11.0,1,0,20170306,CLE,MIA
Shot Chart Detail,0021600936,117,201961,Wayne Ellington,1610612748,Miami Heat,2,11,43,Missed Shot,Jump Shot,3PT Field Goal,Above the Break 3,Center(C),24+ ft.,26.0,32.0,259.0,1,0,20170306,CLE,MIA
Shot Chart Detail,0021600936,156,201961,Wayne Ellington,1610612748,Miami Heat,2,9,24,Missed Shot,Jump Shot,3PT Field Goal,Left Corner 3,Left Side(L),24+ ft.,24.0,-241.0,-6.0,1,0,20170306,CLE,MIA
Shot Chart Detail,0021600936,168,201961,Wayne Ellington,1610612748,Miami Heat,2,8,14,Made Shot,Jump Shot,3PT Field Goal,Above the Break 3,Left Side Center(LC),24+ ft.,24.0,-197.0,151.0,1,1,20170306,CLE,MIA
Shot Chart Detail,0021600936,193,201961,Wayne Ellington,1610612748,Miami Heat,2,7,12,Made Shot,Tip Layup Shot,2PT Field Goal,Restricted Area,Center(C),Less Than 8 ft.,1.0,16.0,4.0,1,1,20170306,CLE,MIA
Shot Chart Detail,0021600936,226,201961,Wayne Ellington,1610612748,Miami Heat,2,4,32,Missed Shot,Jump Shot,3PT Field Goal,Above the Break 3,Right Side Center(RC),24+ ft.,27.0,146.0,237.0,1,0,20170306,CLE,MIA
Shot Chart Detail,0021600936,364,201961,Wayne Ellington,1610612748,Miami Heat,3,3,57,Made Shot,Jump Shot,3PT Field Goal,Above the Break 3,Left Side Center(LC),24+ ft.,24.0,-219.0,116.0,1,1,20170306,CLE,MIA
Shot Chart Detail,0021600936,370,201961,Wayne Ellington,1610612748,Miami Heat,3,3,8,Made Shot,Jump Shot,3PT Field Goal,Above the Break 3,Left Side Center(LC),24+ ft.,26.0,-183.0,188.0,1,1,20170306,CLE,MIA
Shot Chart Detail,0021600936,383,201961,Wayne Ellington,1610612748,Miami Heat,3,1,44,Made Shot,Jump Shot,3PT Field Goal,Above the Break 3,Right Side Center(RC),24+ ft.,26.0,145.0,218.0,1,1,20170306,CLE,MIA
Shot Chart Detail,0021600936,452,201961,Wayne Ellington,1610612748,Miami Heat,4,7,11,Missed Shot,Jump Shot,3PT Field Goal,Above the Break 3,Left Side Center(LC),24+ ft.,25.0,-179.0,183.0,1,0,20170306,CLE,MIA
Shot Chart Detail,0021600936,510,201961,Wayne Ellington,1610612748,Miami Heat,4,1,21,Missed Shot,Jump Shot,3PT Field Goal,Right Corner 3,Right Side(R),24+ ft.,24.0,240.0,11.0,1,0,20170306,CLE,MIA
Shot Chart Detail,0021600951,84,201961,Wayne Ellington,1610612748,Miami Heat,1,3,29,Missed Shot,Jump Shot,3PT Field Goal,Right Corner 3,Right Side(R),24+ ft.,24.0,236.0,67.0,1,0,20170308,MIA,CHA
Shot Chart Detail,0021600951,159,201961,Wayne Ellington,1610612748,Miami Heat,2,10,54,Made Shot,Jump Shot,3PT Field Goal,Above the Break 3,Right Side Center(RC),24+ ft.,26.0,207.0,159.0,1,1,20170308,MIA,CHA
Shot Chart Detail,0021600951,166,201961,Wayne Ellington,1610612748,Miami Heat,2,10,23,Missed Shot,Jump Shot,3PT Field Goal,Above the Break 3,Left Side Center(LC),24+ ft.,24.0,-143.0,205.0,1,0,20170308,MIA,CHA
Shot Chart Detail,0021600951,193,201961,Wayne Ellington,1610612748,Miami Heat,2,7,57,Made Shot,Jump Shot,3PT Field Goal,Above the Break 3,Right Side Center(RC),24+ ft.,25.0,222.0,121.0,1,1,20170308,MIA,CHA
Shot Chart Detail,0021600951,199,201961,Wayne Ellington,1610612748,Miami Heat,2,7,23,Missed Shot,Jump Shot,2PT Field Goal,Mid-Range,Left Side Center(LC),16-24 ft.,22.0,-120.0,193.0,1,0,20170308,MIA,CHA
Shot Chart Detail,0021600951,354,201961,Wayne Ellington,1610612748,Miami Heat,3,5,51,Missed Shot,Jump Shot,3PT Field Goal,Right Corner 3,Right Side(R),24+ ft.,23.0,238.0,16.0,1,0,20170308,MIA,CHA
Shot Chart Detail,0021600951,368,201961,Wayne Ellington,1610612748,Miami Heat,3,4,4,Missed Shot,Jump Shot,2PT Field Goal,Mid-Range,Right Side(R),16-24 ft.,20.0,204.0,11.0,1,0,20170308,MIA,CHA
Shot Chart Detail,0021600951,374,201961,Wayne Ellington,1610612748,Miami Heat,3,3,26,Made Shot,Jump Shot,3PT Field Goal,Left Corner 3,Left Side(L),24+ ft.,23.0,-233.0,3.0,1,1,20170308,MIA,CHA
Shot Chart Detail,0021600951,404,201961,Wayne Ellington,1610612748,Miami Heat,4,11,47,Missed Shot,Jump Shot,3PT Field Goal,Above the Break 3,Left Side Center(LC),24+ ft.,25.0,-202.0,149.0,1,0,20170308,MIA,CHA
Shot Chart Detail,0021600951,472,201961,Wayne Ellington,1610612748,Miami Heat,4,4,40,Missed Shot,Jump Shot,3PT Field Goal,Right Corner 3,Right Side(R),24+ ft.,24.0,240.0,18.0,1,0,20170308,MIA,CHA
Shot Chart Detail,0021600979,109,201961,Wayne Ellington,1610612748,Miami Heat,1,0,9,Made Shot,Jump Shot,3PT Field Goal,Above the Break 3,Center(C),24+ ft.,25.0,6.0,259.0,1,1,20170311,MIA,TOR
Shot Chart Detail,0021600979,153,201961,Wayne Ellington,1610612748,Miami Heat,2,9,8,Missed Shot,Jump Shot,3PT Field Goal,Above the Break 3,Left Side Center(LC),24+ ft.,25.0,-171.0,185.0,1,0,20170311,MIA,TOR
Shot Chart Detail,0021600979,184,201961,Wayne Ellington,1610612748,Miami Heat,2,6,40,Made Shot,Jump Shot,3PT Field Goal,Left Corner 3,Left Side(L),24+ ft.,23.0,-228.0,52.0,1,1,20170311,MIA,TOR
Shot Chart Detail,0021600979,194,201961,Wayne Ellington,1610612748,Miami Heat,2,6,4,Missed Shot,Jump Shot,3PT Field Goal,Above the Break 3,Right Side Center(RC),24+ ft.,25.0,207.0,149.0,1,0,20170311,MIA,TOR
Shot Chart Detail,0021600979,411,201961,Wayne Ellington,1610612748,Miami Heat,4,10,29,Missed Shot,Jump Shot,3PT Field Goal,Above the Break 3,Center(C),24+ ft.,27.0,42.0,267.0,1,0,20170311,MIA,TOR
Shot Chart Detail,0021600979,433,201961,Wayne Ellington,1610612748,Miami Heat,4,9,40,Missed Shot,Jump Shot,3PT Field Goal,Right Corner 3,Right Side(R),24+ ft.,23.0,232.0,46.0,1,0,20170311,MIA,TOR
Shot Chart Detail,0021600979,457,201961,Wayne Ellington,1610612748,Miami Heat,4,8,35,Made Shot,Jump Shot,3PT Field Goal,Above the Break 3,Left Side Center(LC),24+ ft.,25.0,-178.0,188.0,1,1,20170311,MIA,TOR
Shot Chart Detail,0021600979,475,201961,Wayne Ellington,1610612748,Miami Heat,4,6,22,Missed Shot,Jump Shot,3PT Field Goal,Above the Break 3,Left Side Center(LC),24+ ft.,25.0,-183.0,174.0,1,0,20170311,MIA,TOR
Shot Chart Detail,0021600987,134,201961,Wayne Ellington,1610612748,Miami Heat,2,11,48,Made Shot,Jump Shot,3PT Field Goal,Above the Break 3,Left Side Center(LC),24+ ft.,26.0,-156.0,218.0,1,1,20170312,IND,MIA
Shot Chart Detail,0021600987,136,201961,Wayne Ellington,1610612748,Miami Heat,2,11,23,Missed Shot,Jump Shot,3PT Field Goal,Above the Break 3,Left Side Center(LC),24+ ft.,24.0,-107.0,218.0,1,0,20170312,IND,MIA
Shot Chart Detail,0021600987,174,201961,Wayne Ellington,1610612748,Miami Heat,2,7,47,Made Shot,Jump Shot,3PT Field Goal,Above the Break 3,Left Side Center(LC),24+ ft.,24.0,-215.0,121.0,1,1,20170312,IND,MIA
Shot Chart Detail,0021600987,185,201961,Wayne Ellington,1610612748,Miami Heat,2,6,26,Made Shot,Turnaround Jump Shot,2PT Field Goal,Mid-Range,Right Side(R),16-24 ft.,21.0,213.0,31.0,1,1,20170312,IND,MIA
Shot Chart Detail,0021600987,193,201961,Wayne Ellington,1610612748,Miami Heat,2,5,45,Missed Shot,Jump Shot,3PT Field Goal,Above the Break 3,Right Side Center(RC),24+ ft.,25.0,179.0,183.0,1,0,20170312,IND,MIA
Shot Chart Detail,0021600987,202,201961,Wayne Ellington,1610612748,Miami Heat,2,5,3,Missed Shot,Jump Shot,3PT Field Goal,Above the Break 3,Left Side Center(LC),24+ ft.,27.0,-133.0,242.0,1,0,20170312,IND,MIA
Shot Chart Detail,0021600987,264,201961,Wayne Ellington,1610612748,Miami Heat,2,1,10,Missed Shot,Jump Shot,3PT Field Goal,Above the Break 3,Right Side Center(RC),24+ ft.,27.0,238.0,134.0,1,0,20170312,IND,MIA
Shot Chart Detail,0021600987,386,201961,Wayne Ellington,1610612748,Miami Heat,3,1,47,Made Shot,Jump Shot,3PT Field Goal,Above the Break 3,Left Side Center(LC),24+ ft.,27.0,-129.0,247.0,1,1,20170312,IND,MIA
Shot Chart Detail,0021600987,428,201961,Wayne Ellington,1610612748,Miami Heat,4,9,48,Missed Shot,Jump Shot,3PT Field Goal,Above the Break 3,Center(C),24+ ft.,25.0,-20.0,252.0,1,0,20170312,IND,MIA
Shot Chart Detail,0021600987,455,201961,Wayne Ellington,1610612748,Miami Heat,4,6,58,Made Shot,Cutting Layup Shot,2PT Field Goal,Restricted Area,Center(C),Less Than 8 ft.,0.0,-1.0,8.0,1,1,20170312,IND,MIA
Shot Chart Detail,0021600987,468,201961,Wayne Ellington,1610612748,Miami Heat,4,5,43,Made Shot,Jump Shot,3PT Field Goal,Above the Break 3,Left Side Center(LC),24+ ft.,26.0,-189.0,188.0,1,1,20170312,IND,MIA
Shot Chart Detail,0021600987,478,201961,Wayne Ellington,1610612748,Miami Heat,4,4,10,Made Shot,Jump Shot,3PT Field Goal,Above the Break 3,Right Side Center(RC),24+ ft.,26.0,114.0,242.0,1,1,20170312,IND,MIA
Shot Chart Detail,0021600987,501,201961,Wayne Ellington,1610612748,Miami Heat,4,1,24,Missed Shot,Jump Shot,3PT Field Goal,Above the Break 3,Right Side Center(RC),24+ ft.,26.0,222.0,139.0,1,0,20170312,IND,MIA
Shot Chart Detail,0021601007,116,201961,Wayne Ellington,1610612748,Miami Heat,1,2,29,Made Shot,Jump Shot,3PT Field Goal,Right Corner 3,Right Side(R),24+ ft.,23.0,225.0,62.0,1,1,20170315,MIA,NOP
Shot Chart Detail,0021601007,152,201961,Wayne Ellington,1610612748,Miami Heat,2,10,37,Missed Shot,Jump Shot,3PT Field Goal,Above the Break 3,Right Side Center(RC),24+ ft.,28.0,171.0,223.0,1,0,20170315,MIA,NOP
Shot Chart Detail,0021601007,162,201961,Wayne Ellington,1610612748,Miami Heat,2,9,4,Made Shot,Running Layup Shot,2PT Field Goal,Restricted Area,Center(C),Less Than 8 ft.,0.0,4.0,8.0,1,1,20170315,MIA,NOP
Shot Chart Detail,0021601007,171,201961,Wayne Ellington,1610612748,Miami Heat,2,7,52,Made Shot,Jump Shot,3PT Field Goal,Above the Break 3,Left Side Center(LC),24+ ft.,24.0,-122.0,213.0,1,1,20170315,MIA,NOP
Shot Chart Detail,0021601007,179,201961,Wayne Ellington,1610612748,Miami Heat,2,6,59,Made Shot,Jump Shot,3PT Field Goal,Right Corner 3,Right Side(R),24+ ft.,24.0,235.0,85.0,1,1,20170315,MIA,NOP
Shot Chart Detail,0021601007,237,201961,Wayne Ellington,1610612748,Miami Heat,2,3,23,Missed Shot,Jump Shot,3PT Field Goal,Above the Break 3,Left Side Center(LC),24+ ft.,23.0,-202.0,126.0,1,0,20170315,MIA,NOP
Shot Chart Detail,0021601007,472,201961,Wayne Ellington,1610612748,Miami Heat,4,10,57,Made Shot,Jump Shot,3PT Field Goal,Above the Break 3,Center(C),24+ ft.,26.0,-52.0,257.0,1,1,20170315,MIA,NOP
Shot Chart Detail,0021601007,485,201961,Wayne Ellington,1610612748,Miami Heat,4,8,41,Missed Shot,Jump Shot,3PT Field Goal,Left Corner 3,Left Side(L),24+ ft.,23.0,-230.0,16.0,1,0,20170315,MIA,NOP
Shot Chart Detail,0021601007,496,201961,Wayne Ellington,1610612748,Miami Heat,4,8,0,Made Shot,Jump Shot,3PT Field Goal,Above the Break 3,Left Side Center(LC),24+ ft.,24.0,-91.0,223.0,1,1,20170315,MIA,NOP
Shot Chart Detail,0021601007,501,201961,Wayne Ellington,1610612748,Miami Heat,4,6,49,Made Shot,Jump Shot,2PT Field Goal,Mid-Range,Right Side Center(RC),16-24 ft.,21.0,122.0,178.0,1,1,20170315,MIA,NOP
Shot Chart Detail,0021601025,108,201961,Wayne Ellington,1610612748,Miami Heat,1,0,23,Missed Shot,Jump Shot,3PT Field Goal,Above the Break 3,Center(C),24+ ft.,24.0,-47.0,242.0,1,0,20170317,MIA,MIN
Shot Chart Detail,0021601025,122,201961,Wayne Ellington,1610612748,Miami Heat,2,10,19,Missed Shot,Jump Shot,3PT Field Goal,Above the Break 3,Right Side Center(RC),24+ ft.,24.0,202.0,136.0,1,0,20170317,MIA,MIN
Shot Chart Detail,0021601025,127,201961,Wayne Ellington,1610612748,Miami Heat,2,9,50,Made Shot,Jump Shot,2PT Field Goal,Mid-Range,Right Side(R),16-24 ft.,19.0,177.0,72.0,1,1,20170317,MIA,MIN
Shot Chart Detail,0021601025,146,201961,Wayne Ellington,1610612748,Miami Heat,2,8,0,Made Shot,Jump Shot,3PT Field Goal,Above the Break 3,Right Side Center(RC),24+ ft.,24.0,222.0,97.0,1,1,20170317,MIA,MIN
Shot Chart Detail,0021601025,176,201961,Wayne Ellington,1610612748,Miami Heat,2,5,21,Missed Shot,Jump Shot,3PT Field Goal,Above the Break 3,Left Side Center(LC),24+ ft.,24.0,-181.0,164.0,1,0,20170317,MIA,MIN
Shot Chart Detail,0021601025,179,201961,Wayne Ellington,1610612748,Miami Heat,2,4,48,Missed Shot,Jump Shot,3PT Field Goal,Above the Break 3,Right Side Center(RC),24+ ft.,25.0,197.0,156.0,1,0,20170317,MIA,MIN
Shot Chart Detail,0021601025,264,201961,Wayne Ellington,1610612748,Miami Heat,3,7,47,Missed Shot,Jump Shot,3PT Field Goal,Above the Break 3,Left Side Center(LC),24+ ft.,24.0,-156.0,193.0,1,0,20170317,MIA,MIN
Shot Chart Detail,0021601025,266,201961,Wayne Ellington,1610612748,Miami Heat,3,7,41,Made Shot,Reverse Layup Shot,2PT Field Goal,Restricted Area,Center(C),Less Than 8 ft.,1.0,17.0,-1.0,1,1,20170317,MIA,MIN
Shot Chart Detail,0021601041,90,201961,Wayne Ellington,1610612748,Miami Heat,1,3,44,Missed Shot,Jump Shot,3PT Field Goal,Left Corner 3,Left Side(L),24+ ft.,22.0,-225.0,7.0,1,0,20170319,MIA,POR
Shot Chart Detail,0021601041,112,201961,Wayne Ellington,1610612748,Miami Heat,1,1,39,Made Shot,Jump Shot,3PT Field Goal,Right Corner 3,Right Side(R),24+ ft.,23.0,235.0,0.0,1,1,20170319,MIA,POR
Shot Chart Detail,0021601041,151,201961,Wayne Ellington,1610612748,Miami Heat,2,8,50,Missed Shot,Jump Shot,3PT Field Goal,Right Corner 3,Right Side(R),24+ ft.,24.0,238.0,36.0,1,0,20170319,MIA,POR
Shot Chart Detail,0021601041,162,201961,Wayne Ellington,1610612748,Miami Heat,2,7,56,Made Shot,Jump Shot,3PT Field Goal,Above the Break 3,Center(C),24+ ft.,25.0,38.0,252.0,1,1,20170319,MIA,POR
Shot Chart Detail,0021601041,177,201961,Wayne Ellington,1610612748,Miami Heat,2,6,10,Missed Shot,Jump Shot,3PT Field Goal,Above the Break 3,Left Side Center(LC),24+ ft.,26.0,-148.0,218.0,1,0,20170319,MIA,POR
Shot Chart Detail,0021601041,196,201961,Wayne Ellington,1610612748,Miami Heat,2,4,5,Missed Shot,Jump Shot,3PT Field Goal,Above the Break 3,Left Side Center(LC),24+ ft.,23.0,-197.0,134.0,1,0,20170319,MIA,POR
Shot Chart Detail,0021601041,360,201961,Wayne Ellington,1610612748,Miami Heat,3,2,12,Missed Shot,Jump Shot,3PT Field Goal,Above the Break 3,Left Side Center(LC),24+ ft.,24.0,-145.0,200.0,1,0,20170319,MIA,POR
Shot Chart Detail,0021601041,364,201961,Wayne Ellington,1610612748,Miami Heat,3,1,54,Missed Shot,Jump Shot,3PT Field Goal,Right Corner 3,Right Side(R),24+ ft.,23.0,235.0,13.0,1,0,20170319,MIA,POR
Shot Chart Detail,0021601041,416,201961,Wayne Ellington,1610612748,Miami Heat,4,8,57,Missed Shot,Jump Shot,3PT Field Goal,Above the Break 3,Right Side Center(RC),24+ ft.,24.0,194.0,156.0,1,0,20170319,MIA,POR
Shot Chart Detail,0021601041,435,201961,Wayne Ellington,1610612748,Miami Heat,4,7,35,Made Shot,Jump Shot,3PT Field Goal,Above the Break 3,Right Side Center(RC),24+ ft.,24.0,150.0,193.0,1,1,20170319,MIA,POR
Shot Chart Detail,0021601053,239,201961,Wayne Ellington,1610612748,Miami Heat,2,4,29,Made Shot,Jump Shot,3PT Field Goal,Above the Break 3,Right Side Center(RC),24+ ft.,24.0,158.0,190.0,1,1,20170321,MIA,PHX
Shot Chart Detail,0021601053,244,201961,Wayne Ellington,1610612748,Miami Heat,2,4,0,Made Shot,Jump Shot,3PT Field Goal,Above the Break 3,Right Side Center(RC),24+ ft.,24.0,130.0,213.0,1,1,20170321,MIA,PHX
Shot Chart Detail,0021601053,252,201961,Wayne Ellington,1610612748,Miami Heat,2,3,43,Made Shot,Running Jump Shot,3PT Field Goal,Above the Break 3,Right Side Center(RC),24+ ft.,24.0,202.0,139.0,1,1,20170321,MIA,PHX
Shot Chart Detail,0021601053,288,201961,Wayne Ellington,1610612748,Miami Heat,2,0,24,Made Shot,Running Dunk Shot,2PT Field Goal,Restricted Area,Center(C),Less Than 8 ft.,0.0,0.0,1.0,1,1,20170321,MIA,PHX
Shot Chart Detail,0021601053,451,201961,Wayne Ellington,1610612748,Miami Heat,4,11,43,Missed Shot,Jump Shot,3PT Field Goal,Above the Break 3,Center(C),24+ ft.,24.0,-50.0,242.0,1,0,20170321,MIA,PHX
Shot Chart Detail,0021601053,473,201961,Wayne Ellington,1610612748,Miami Heat,4,9,25,Missed Shot,Jump Shot,3PT Field Goal,Above the Break 3,Right Side Center(RC),24+ ft.,25.0,141.0,210.0,1,0,20170321,MIA,PHX
Shot Chart Detail,0021601053,499,201961,Wayne Ellington,1610612748,Miami Heat,4,7,4,Missed Shot,Turnaround Jump Shot,2PT Field Goal,Mid-Range,Center(C),16-24 ft.,18.0,-30.0,183.0,1,0,20170321,MIA,PHX
Shot Chart Detail,0021601053,522,201961,Wayne Ellington,1610612748,Miami Heat,4,5,43,Missed Shot,Jump Shot,3PT Field Goal,Above the Break 3,Right Side Center(RC),24+ ft.,25.0,232.0,110.0,1,0,20170321,MIA,PHX
Shot Chart Detail,0021601068,181,201961,Wayne Ellington,1610612748,Miami Heat,2,6,37,Missed Shot,Jump Shot,3PT Field Goal,Above the Break 3,Right Side Center(RC),24+ ft.,25.0,197.0,160.0,1,0,20170323,MIA,TOR
Shot Chart Detail,0021601068,443,201961,Wayne Ellington,1610612748,Miami Heat,4,10,22,Missed Shot,Jump Shot,3PT Field Goal,Left Corner 3,Left Side(L),24+ ft.,22.0,-228.0,-6.0,1,0,20170323,MIA,TOR
Shot Chart Detail,0021601093,90,201961,Wayne Ellington,1610612748,Miami Heat,1,2,42,Made Shot,Jump Shot,3PT Field Goal,Above the Break 3,Center(C),24+ ft.,24.0,-76.0,237.0,1,1,20170326,BOS,MIA
Shot Chart Detail,0021601093,99,201961,Wayne Ellington,1610612748,Miami Heat,1,1,12,Missed Shot,Jump Shot,3PT Field Goal,Above the Break 3,Left Side Center(LC),24+ ft.,26.0,-181.0,188.0,1,0,20170326,BOS,MIA
Shot Chart Detail,0021601093,150,201961,Wayne Ellington,1610612748,Miami Heat,2,10,7,Missed Shot,Turnaround Jump Shot,2PT Field Goal,Mid-Range,Right Side(R),16-24 ft.,19.0,174.0,87.0,1,0,20170326,BOS,MIA
Shot Chart Detail,0021601093,190,201961,Wayne Ellington,1610612748,Miami Heat,2,6,1,Missed Shot,Jump Shot,3PT Field Goal,Above the Break 3,Left Side Center(LC),24+ ft.,25.0,-106.0,237.0,1,0,20170326,BOS,MIA
Shot Chart Detail,0021601107,116,201961,Wayne Ellington,1610612748,Miami Heat,1,0,16,Missed Shot,Jump Shot,3PT Field Goal,Above the Break 3,Left Side Center(LC),24+ ft.,25.0,-228.0,110.0,1,0,20170328,DET,MIA
Shot Chart Detail,0021601107,149,201961,Wayne Ellington,1610612748,Miami Heat,2,9,50,Made Shot,Pullup Jump shot,2PT Field Goal,Mid-Range,Right Side(R),16-24 ft.,16.0,148.0,65.0,1,1,20170328,DET,MIA
Shot Chart Detail,0021601107,185,201961,Wayne Ellington,1610612748,Miami Heat,2,6,32,Missed Shot,Jump Shot,3PT Field Goal,Left Corner 3,Left Side(L),24+ ft.,23.0,-238.0,-1.0,1,0,20170328,DET,MIA
Shot Chart Detail,0021601107,372,201961,Wayne Ellington,1610612748,Miami Heat,3,0,11,Missed Shot,Jump Shot,3PT Field Goal,Above the Break 3,Right Side Center(RC),24+ ft.,26.0,227.0,131.0,1,0,20170328,DET,MIA
Shot Chart Detail,0021601115,96,201961,Wayne Ellington,1610612748,Miami Heat,1,2,3,Missed Shot,Jump Shot,2PT Field Goal,Mid-Range,Left Side Center(LC),16-24 ft.,21.0,-84.0,203.0,1,0,20170329,NYK,MIA
Shot Chart Detail,0021601115,121,201961,Wayne Ellington,1610612748,Miami Heat,2,11,22,Missed Shot,Jump Shot,2PT Field Goal,Mid-Range,Left Side Center(LC),16-24 ft.,19.0,-76.0,183.0,1,0,20170329,NYK,MIA
Shot Chart Detail,0021601115,135,201961,Wayne Ellington,1610612748,Miami Heat,2,9,57,Missed Shot,Jump Shot,3PT Field Goal,Above the Break 3,Left Side Center(LC),24+ ft.,24.0,-219.0,120.0,1,0,20170329,NYK,MIA
Shot Chart Detail,0021601115,465,201961,Wayne Ellington,1610612748,Miami Heat,4,6,44,Missed Shot,Jump Shot,3PT Field Goal,Right Corner 3,Right Side(R),24+ ft.,23.0,233.0,36.0,1,0,20170329,NYK,MIA
Shot Chart Detail,0021601115,480,201961,Wayne Ellington,1610612748,Miami Heat,4,4,55,Made Shot,Jump Shot,3PT Field Goal,Above the Break 3,Right Side Center(RC),24+ ft.,24.0,140.0,203.0,1,1,20170329,NYK,MIA
Shot Chart Detail,0021601115,488,201961,Wayne Ellington,1610612748,Miami Heat,4,3,59,Made Shot,Jump Shot,3PT Field Goal,Above the Break 3,Right Side Center(RC),24+ ft.,24.0,204.0,129.0,1,1,20170329,NYK,MIA
Shot Chart Detail,0021601115,501,201961,Wayne Ellington,1610612748,Miami Heat,4,2,40,Missed Shot,Jump Shot,2PT Field Goal,Mid-Range,Left Side Center(LC),16-24 ft.,22.0,-101.0,198.0,1,0,20170329,NYK,MIA
Shot Chart Detail,0021601115,517,201961,Wayne Ellington,1610612748,Miami Heat,4,1,38,Made Shot,Step Back Jump shot,2PT Field Goal,Mid-Range,Left Side(L),16-24 ft.,16.0,-165.0,-1.0,1,1,20170329,NYK,MIA
Shot Chart Detail,0021601115,519,201961,Wayne Ellington,1610612748,Miami Heat,4,1,8,Missed Shot,Jump Shot,2PT Field Goal,Mid-Range,Right Side(R),16-24 ft.,20.0,202.0,21.0,1,0,20170329,NYK,MIA
Shot Chart Detail,0021601133,96,201961,Wayne Ellington,1610612748,Miami Heat,1,0,48,Made Shot,Jump Shot,3PT Field Goal,Left Corner 3,Left Side(L),24+ ft.,23.0,-235.0,3.0,1,1,20170331,MIA,NYK
Shot Chart Detail,0021601133,110,201961,Wayne Ellington,1610612748,Miami Heat,2,11,38,Made Shot,Jump Shot,3PT Field Goal,Right Corner 3,Right Side(R),24+ ft.,24.0,246.0,0.0,1,1,20170331,MIA,NYK
Shot Chart Detail,0021601133,113,201961,Wayne Ellington,1610612748,Miami Heat,2,11,20,Missed Shot,Jump Shot,3PT Field Goal,Right Corner 3,Right Side(R),24+ ft.,23.0,238.0,2.0,1,0,20170331,MIA,NYK
Shot Chart Detail,0021601133,150,201961,Wayne Ellington,1610612748,Miami Heat,2,7,29,Missed Shot,Jump Shot,3PT Field Goal,Above the Break 3,Center(C),24+ ft.,24.0,-12.0,247.0,1,0,20170331,MIA,NYK
Shot Chart Detail,0021601133,194,201961,Wayne Ellington,1610612748,Miami Heat,2,4,1,Made Shot,Jump Shot,2PT Field Goal,Mid-Range,Left Side Center(LC),16-24 ft.,16.0,-89.0,144.0,1,1,20170331,MIA,NYK
Shot Chart Detail,0021601133,204,201961,Wayne Ellington,1610612748,Miami Heat,2,3,0,Missed Shot,Jump Shot,2PT Field Goal,Mid-Range,Left Side Center(LC),16-24 ft.,20.0,-132.0,154.0,1,0,20170331,MIA,NYK
Shot Chart Detail,0021601133,247,201961,Wayne Ellington,1610612748,Miami Heat,2,0,17,Missed Shot,Jump Shot,3PT Field Goal,Above the Break 3,Right Side Center(RC),24+ ft.,24.0,174.0,169.0,1,0,20170331,MIA,NYK
Shot Chart Detail,0021601133,371,201961,Wayne Ellington,1610612748,Miami Heat,4,10,46,Missed Shot,Jump Shot,2PT Field Goal,Mid-Range,Left Side Center(LC),16-24 ft.,20.0,-110.0,169.0,1,0,20170331,MIA,NYK
Shot Chart Detail,0021601133,408,201961,Wayne Ellington,1610612748,Miami Heat,4,7,46,Missed Shot,Jump Shot,3PT Field Goal,Above the Break 3,Right Side Center(RC),24+ ft.,24.0,123.0,213.0,1,0,20170331,MIA,NYK
Shot Chart Detail,0021601133,526,201961,Wayne Ellington,1610612748,Miami Heat,4,0,1,Missed Shot,Jump Shot,3PT Field Goal,Above the Break 3,Center(C),24+ ft.,24.0,1.0,247.0,1,0,20170331,MIA,NYK
Shot Chart Detail,0021601149,138,201961,Wayne Ellington,1610612748,Miami Heat,2,10,36,Made Shot,Jump Shot,2PT Field Goal,Mid-Range,Left Side Center(LC),16-24 ft.,16.0,-91.0,136.0,1,1,20170402,MIA,DEN
Shot Chart Detail,0021601149,140,201961,Wayne Ellington,1610612748,Miami Heat,2,9,54,Made Shot,Jump Shot,3PT Field Goal,Left Corner 3,Left Side(L),24+ ft.,24.0,-237.0,70.0,1,1,20170402,MIA,DEN
Shot Chart Detail,0021601149,152,201961,Wayne Ellington,1610612748,Miami Heat,2,8,57,Missed Shot,Jump Shot,3PT Field Goal,Above the Break 3,Center(C),24+ ft.,24.0,30.0,239.0,1,0,20170402,MIA,DEN
Shot Chart Detail,0021601149,171,201961,Wayne Ellington,1610612748,Miami Heat,2,7,0,Missed Shot,Jump Shot,2PT Field Goal,Mid-Range,Left Side Center(LC),16-24 ft.,16.0,-88.0,144.0,1,0,20170402,MIA,DEN
Shot Chart Detail,0021601149,186,201961,Wayne Ellington,1610612748,Miami Heat,2,6,5,Missed Shot,Jump Shot,3PT Field Goal,Right Corner 3,Right Side(R),24+ ft.,24.0,246.0,8.0,1,0,20170402,MIA,DEN
Shot Chart Detail,0021601149,403,201961,Wayne Ellington,1610612748,Miami Heat,3,0,1,Missed Shot,Jump Shot,3PT Field Goal,Above the Break 3,Right Side Center(RC),24+ ft.,25.0,145.0,210.0,1,0,20170402,MIA,DEN
Shot Chart Detail,0021601149,423,201961,Wayne Ellington,1610612748,Miami Heat,4,10,31,Made Shot,Jump Shot,2PT Field Goal,Mid-Range,Center(C),16-24 ft.,20.0,14.0,203.0,1,1,20170402,MIA,DEN
Shot Chart Detail,0021601149,431,201961,Wayne Ellington,1610612748,Miami Heat,4,9,27,Missed Shot,Jump Shot,3PT Field Goal,Above the Break 3,Left Side Center(LC),24+ ft.,24.0,-187.0,160.0,1,0,20170402,MIA,DEN
Shot Chart Detail,0021601165,93,201961,Wayne Ellington,1610612748,Miami Heat,1,1,37,Made Shot,Jump Shot,3PT Field Goal,Above the Break 3,Right Side Center(RC),24+ ft.,24.0,158.0,188.0,1,1,20170405,CHA,MIA
Shot Chart Detail,0021601165,95,201961,Wayne Ellington,1610612748,Miami Heat,1,0,59,Missed Shot,Jump Shot,3PT Field Goal,Above the Break 3,Right Side Center(RC),24+ ft.,25.0,153.0,208.0,1,0,20170405,CHA,MIA
Shot Chart Detail,0021601165,102,201961,Wayne Ellington,1610612748,Miami Heat,1,0,2,Missed Shot,Jump Shot,3PT Field Goal,Above the Break 3,Left Side Center(LC),24+ ft.,24.0,-110.0,223.0,1,0,20170405,CHA,MIA
Shot Chart Detail,0021601165,141,201961,Wayne Ellington,1610612748,Miami Heat,2,7,14,Missed Shot,Jump Shot,3PT Field Goal,Above the Break 3,Center(C),24+ ft.,24.0,-61.0,239.0,1,0,20170405,CHA,MIA
Shot Chart Detail,0021601180,173,201961,Wayne Ellington,1610612748,Miami Heat,2,9,21,Made Shot,Step Back Jump shot,3PT Field Goal,Above the Break 3,Center(C),24+ ft.,26.0,-50.0,257.0,1,1,20170407,TOR,MIA
Shot Chart Detail,0021601180,460,201961,Wayne Ellington,1610612748,Miami Heat,4,8,25,Made Shot,Jump Shot,3PT Field Goal,Above the Break 3,Left Side Center(LC),24+ ft.,26.0,-176.0,193.0,1,1,20170407,TOR,MIA
Shot Chart Detail,0021601180,480,201961,Wayne Ellington,1610612748,Miami Heat,4,7,0,Made Shot,Jump Shot,3PT Field Goal,Above the Break 3,Left Side Center(LC),24+ ft.,25.0,-227.0,120.0,1,1,20170407,TOR,MIA
Shot Chart Detail,0021601180,522,201961,Wayne Ellington,1610612748,Miami Heat,4,3,19,Missed Shot,Jump Shot,3PT Field Goal,Above the Break 3,Left Side Center(LC),24+ ft.,25.0,-202.0,149.0,1,0,20170407,TOR,MIA
Shot Chart Detail,0021601180,579,201961,Wayne Ellington,1610612748,Miami Heat,4,0,5,Made Shot,Jump Shot,3PT Field Goal,Above the Break 3,Right Side Center(RC),24+ ft.,29.0,194.0,223.0,1,1,20170407,TOR,MIA
Shot Chart Detail,0021601192,140,201961,Wayne Ellington,1610612748,Miami Heat,2,11,41,Made Shot,Jump Shot,3PT Field Goal,Above the Break 3,Right Side Center(RC),24+ ft.,26.0,115.0,239.0,1,1,20170408,WAS,MIA
Shot Chart Detail,0021601192,151,201961,Wayne Ellington,1610612748,Miami Heat,2,10,26,Missed Shot,Jump Shot,3PT Field Goal,Above the Break 3,Center(C),24+ ft.,26.0,43.0,264.0,1,0,20170408,WAS,MIA
Shot Chart Detail,0021601192,175,201961,Wayne Ellington,1610612748,Miami Heat,2,8,17,Made Shot,Jump Shot,3PT Field Goal,Above the Break 3,Center(C),24+ ft.,26.0,-29.0,262.0,1,1,20170408,WAS,MIA
Shot Chart Detail,0021601192,177,201961,Wayne Ellington,1610612748,Miami Heat,2,7,40,Missed Shot,Jump Shot,3PT Field Goal,Above the Break 3,Center(C),24+ ft.,27.0,-78.0,267.0,1,0,20170408,WAS,MIA
Shot Chart Detail,0021601192,381,201961,Wayne Ellington,1610612748,Miami Heat,3,3,4,Made Shot,Jump Shot,2PT Field Goal,Mid-Range,Left Side Center(LC),16-24 ft.,18.0,-107.0,149.0,1,1,20170408,WAS,MIA
Shot Chart Detail,0021601192,394,201961,Wayne Ellington,1610612748,Miami Heat,3,2,3,Missed Shot,Jump Shot,3PT Field Goal,Above the Break 3,Left Side Center(LC),24+ ft.,26.0,-137.0,229.0,1,0,20170408,WAS,MIA
Shot Chart Detail,0021601205,96,201961,Wayne Ellington,1610612748,Miami Heat,1,1,35,Missed Shot,Jump Shot,3PT Field Goal,Right Corner 3,Right Side(R),24+ ft.,23.0,233.0,0.0,1,0,20170410,MIA,CLE
Shot Chart Detail,0021601205,127,201961,Wayne Ellington,1610612748,Miami Heat,2,11,17,Missed Shot,Pullup Jump shot,2PT Field Goal,Mid-Range,Right Side(R),16-24 ft.,18.0,168.0,70.0,1,0,20170410,MIA,CLE
Shot Chart Detail,0021601205,412,201961,Wayne Ellington,1610612748,Miami Heat,3,0,10,Made Shot,Jump Shot,3PT Field Goal,Above the Break 3,Left Side Center(LC),24+ ft.,25.0,-171.0,188.0,1,1,20170410,MIA,CLE
Shot Chart Detail,0021601205,440,201961,Wayne Ellington,1610612748,Miami Heat,4,9,13,Made Shot,Turnaround Jump Shot,3PT Field Goal,Above the Break 3,Right Side Center(RC),24+ ft.,24.0,194.0,156.0,1,1,20170410,MIA,CLE
Shot Chart Detail,0021601205,468,201961,Wayne Ellington,1610612748,Miami Heat,4,6,17,Missed Shot,Jump Shot,3PT Field Goal,Above the Break 3,Right Side Center(RC),24+ ft.,25.0,209.0,144.0,1,0,20170410,MIA,CLE
Shot Chart Detail,0021601205,476,201961,Wayne Ellington,1610612748,Miami Heat,4,5,54,Made Shot,Jump Shot,3PT Field Goal,Above the Break 3,Right Side Center(RC),24+ ft.,25.0,205.0,144.0,1,1,20170410,MIA,CLE
Shot Chart Detail,0021601205,484,201961,Wayne Ellington,1610612748,Miami Heat,4,5,27,Made Shot,Jump Shot,3PT Field Goal,Left Corner 3,Left Side(L),24+ ft.,22.0,-222.0,2.0,1,1,20170410,MIA,CLE
Shot Chart Detail,0021601205,542,201961,Wayne Ellington,1610612748,Miami Heat,4,0,25,Missed Shot,Jump Shot,3PT Field Goal,Above the Break 3,Left Side Center(LC),24+ ft.,23.0,-202.0,129.0,1,0,20170410,MIA,CLE
Shot Chart Detail,0021601221,87,201961,Wayne Ellington,1610612748,Miami Heat,1,3,44,Missed Shot,Jump Shot,3PT Field Goal,Above the Break 3,Right Side Center(RC),24+ ft.,24.0,187.0,165.0,1,0,20170412,MIA,WAS
Shot Chart Detail,0021601221,129,201961,Wayne Ellington,1610612748,Miami Heat,2,10,43,Missed Shot,Jump Shot,3PT Field Goal,Above the Break 3,Left Side Center(LC),24+ ft.,24.0,-150.0,193.0,1,0,20170412,MIA,WAS
Shot Chart Detail,0021601221,140,201961,Wayne Ellington,1610612748,Miami Heat,2,9,16,Missed Shot,Jump Shot,2PT Field Goal,Mid-Range,Right Side Center(RC),16-24 ft.,18.0,151.0,115.0,1,0,20170412,MIA,WAS
Shot Chart Detail,0021601221,158,201961,Wayne Ellington,1610612748,Miami Heat,2,7,48,Missed Shot,Jump Shot,3PT Field Goal,Left Corner 3,Left Side(L),24+ ft.,23.0,-233.0,57.0,1,0,20170412,MIA,WAS
Shot Chart Detail,0021601221,171,201961,Wayne Ellington,1610612748,Miami Heat,2,6,30,Made Shot,Jump Shot,3PT Field Goal,Left Corner 3,Left Side(L),24+ ft.,23.0,-232.0,56.0,1,1,20170412,MIA,WAS
Shot Chart Detail,0021601221,189,201961,Wayne Ellington,1610612748,Miami Heat,2,4,58,Missed Shot,Jump Shot,3PT Field Goal,Above the Break 3,Right Side Center(RC),24+ ft.,24.0,127.0,213.0,1,0,20170412,MIA,WAS
Shot Chart Detail,0021601221,345,201961,Wayne Ellington,1610612748,Miami Heat,3,0,33,Made Shot,Jump Shot,3PT Field Goal,Above the Break 3,Left Side Center(LC),24+ ft.,24.0,-184.0,159.0,1,1,20170412,MIA,WAS
Shot Chart Detail,0021601221,379,201961,Wayne Ellington,1610612748,Miami Heat,4,9,13,Missed Shot,Jump Shot,3PT Field Goal,Above the Break 3,Left Side Center(LC),24+ ft.,24.0,-143.0,198.0,1,0,20170412,MIA,WAS
Shot Chart Detail,0021601221,408,201961,Wayne Ellington,1610612748,Miami Heat,4,7,1,Made Shot,Jump Shot,3PT Field Goal,Right Corner 3,Right Side(R),24+ ft.,24.0,238.0,61.0,1,1,20170412,MIA,WAS
Shot Chart Detail,0021601221,457,201961,Wayne Ellington,1610612748,Miami Heat,4,2,3,Missed Shot,Jump Shot,3PT Field Goal,Above the Break 3,Right Side Center(RC),24+ ft.,24.0,164.0,188.0,1,0,20170412,MIA,WAS
