GRID_TYPE,GAME_ID,GAME_EVENT_ID,PLAYER_ID,PLAYER_NAME,TEAM_ID,TEAM_NAME,PERIOD,MINUTES_REMAINING,SECONDS_REMAINING,EVENT_TYPE,ACTION_TYPE,SHOT_TYPE,SHOT_ZONE_BASIC,SHOT_ZONE_AREA,SHOT_ZONE_RANGE,SHOT_DISTANCE,LOC_X,LOC_Y,SHOT_ATTEMPTED_FLAG,SHOT_MADE_FLAG,GAME_DATE,HTM,VTM
Shot Chart Detail,0021600002,177,203090,Maurice Harkless,1610612757,Portland Trail Blazers,2,5,20,Missed Shot,Driving Layup Shot,2PT Field Goal,Restricted Area,Center(C),Less Than 8 ft.,2.0,6.0,28.0,1,0,20161025,POR,UTA
Shot Chart Detail,0021600002,288,203090,Maurice Harkless,1610612757,Portland Trail Blazers,3,5,55,Missed Shot,Jump Shot,3PT Field Goal,Left Corner 3,Left Side(L),24+ ft.,24.0,-240.0,62.0,1,0,20161025,POR,UTA
Shot Chart Detail,0021600017,8,203090,Maurice Harkless,1610612757,Portland Trail Blazers,1,10,56,Missed Shot,Jump Shot,3PT Field Goal,Left Corner 3,Left Side(L),24+ ft.,23.0,-232.0,-10.0,1,0,20161027,POR,LAC
Shot Chart Detail,0021600017,18,203090,Maurice Harkless,1610612757,Portland Trail Blazers,1,9,31,Made Shot,Cutting Finger Roll Layup Shot,2PT Field Goal,Restricted Area,Center(C),Less Than 8 ft.,1.0,-4.0,18.0,1,1,20161027,POR,LAC
Shot Chart Detail,0021600017,71,203090,Maurice Harkless,1610612757,Portland Trail Blazers,1,3,30,Made Shot,Layup Shot,2PT Field Goal,Restricted Area,Center(C),Less Than 8 ft.,1.0,1.0,11.0,1,1,20161027,POR,LAC
Shot Chart Detail,0021600017,79,203090,Maurice Harkless,1610612757,Portland Trail Blazers,1,2,32,Made Shot,Tip Layup Shot,2PT Field Goal,Restricted Area,Center(C),Less Than 8 ft.,1.0,-14.0,-1.0,1,1,20161027,POR,LAC
Shot Chart Detail,0021600017,197,203090,Maurice Harkless,1610612757,Portland Trail Blazers,2,6,38,Missed Shot,Jump Shot,3PT Field Goal,Above the Break 3,Right Side Center(RC),24+ ft.,24.0,117.0,218.0,1,0,20161027,POR,LAC
Shot Chart Detail,0021600017,224,203090,Maurice Harkless,1610612757,Portland Trail Blazers,2,4,13,Made Shot,Driving Dunk Shot,2PT Field Goal,Restricted Area,Center(C),Less Than 8 ft.,0.0,0.0,1.0,1,1,20161027,POR,LAC
Shot Chart Detail,0021600017,226,203090,Maurice Harkless,1610612757,Portland Trail Blazers,2,3,37,Made Shot,Jump Shot,3PT Field Goal,Left Corner 3,Left Side(L),24+ ft.,23.0,-232.0,2.0,1,1,20161027,POR,LAC
Shot Chart Detail,0021600017,264,203090,Maurice Harkless,1610612757,Portland Trail Blazers,2,1,1,Missed Shot,Running Finger Roll Layup Shot,2PT Field Goal,Restricted Area,Center(C),Less Than 8 ft.,1.0,-16.0,3.0,1,0,20161027,POR,LAC
Shot Chart Detail,0021600017,310,203090,Maurice Harkless,1610612757,Portland Trail Blazers,3,11,41,Made Shot,Dunk Shot,2PT Field Goal,Restricted Area,Center(C),Less Than 8 ft.,0.0,0.0,1.0,1,1,20161027,POR,LAC
Shot Chart Detail,0021600017,354,203090,Maurice Harkless,1610612757,Portland Trail Blazers,3,5,55,Made Shot,Turnaround Hook Shot,2PT Field Goal,In The Paint (Non-RA),Center(C),Less Than 8 ft.,4.0,-2.0,47.0,1,1,20161027,POR,LAC
Shot Chart Detail,0021600017,372,203090,Maurice Harkless,1610612757,Portland Trail Blazers,3,4,2,Made Shot,Turnaround Jump Shot,2PT Field Goal,In The Paint (Non-RA),Center(C),Less Than 8 ft.,5.0,45.0,31.0,1,1,20161027,POR,LAC
Shot Chart Detail,0021600017,381,203090,Maurice Harkless,1610612757,Portland Trail Blazers,3,3,44,Made Shot,Driving Dunk Shot,2PT Field Goal,Restricted Area,Center(C),Less Than 8 ft.,0.0,2.0,3.0,1,1,20161027,POR,LAC
Shot Chart Detail,0021600017,550,203090,Maurice Harkless,1610612757,Portland Trail Blazers,4,3,50,Missed Shot,Turnaround Jump Shot,2PT Field Goal,Restricted Area,Center(C),Less Than 8 ft.,3.0,-27.0,21.0,1,0,20161027,POR,LAC
Shot Chart Detail,0021600017,588,203090,Maurice Harkless,1610612757,Portland Trail Blazers,4,1,18,Made Shot,Tip Layup Shot,2PT Field Goal,Restricted Area,Center(C),Less Than 8 ft.,1.0,12.0,3.0,1,1,20161027,POR,LAC
Shot Chart Detail,0021600017,605,203090,Maurice Harkless,1610612757,Portland Trail Blazers,4,0,36,Missed Shot,Tip Layup Shot,2PT Field Goal,Restricted Area,Center(C),Less Than 8 ft.,2.0,-4.0,21.0,1,0,20161027,POR,LAC
Shot Chart Detail,0021600033,27,203090,Maurice Harkless,1610612757,Portland Trail Blazers,1,9,10,Made Shot,Jump Shot,3PT Field Goal,Left Corner 3,Left Side(L),24+ ft.,22.0,-227.0,13.0,1,1,20161029,DEN,POR
Shot Chart Detail,0021600033,63,203090,Maurice Harkless,1610612757,Portland Trail Blazers,1,5,31,Made Shot,Jump Shot,3PT Field Goal,Above the Break 3,Left Side Center(LC),24+ ft.,24.0,-184.0,169.0,1,1,20161029,DEN,POR
Shot Chart Detail,0021600033,66,203090,Maurice Harkless,1610612757,Portland Trail Blazers,1,5,8,Missed Shot,Dunk Shot,2PT Field Goal,Restricted Area,Center(C),Less Than 8 ft.,0.0,0.0,1.0,1,0,20161029,DEN,POR
Shot Chart Detail,0021600033,243,203090,Maurice Harkless,1610612757,Portland Trail Blazers,2,4,24,Missed Shot,Driving Layup Shot,2PT Field Goal,Restricted Area,Center(C),Less Than 8 ft.,1.0,-4.0,11.0,1,0,20161029,DEN,POR
Shot Chart Detail,0021600033,260,203090,Maurice Harkless,1610612757,Portland Trail Blazers,2,3,12,Missed Shot,Finger Roll Layup Shot,2PT Field Goal,Restricted Area,Center(C),Less Than 8 ft.,0.0,0.0,7.0,1,0,20161029,DEN,POR
Shot Chart Detail,0021600033,476,203090,Maurice Harkless,1610612757,Portland Trail Blazers,4,10,44,Missed Shot,Jump Shot,3PT Field Goal,Above the Break 3,Center(C),24+ ft.,25.0,78.0,247.0,1,0,20161029,DEN,POR
Shot Chart Detail,0021600054,38,203090,Maurice Harkless,1610612757,Portland Trail Blazers,1,7,37,Missed Shot,Jump Shot,3PT Field Goal,Right Corner 3,Right Side(R),24+ ft.,22.0,223.0,-1.0,1,0,20161101,POR,GSW
Shot Chart Detail,0021600054,76,203090,Maurice Harkless,1610612757,Portland Trail Blazers,1,4,24,Made Shot,Putback Layup Shot,2PT Field Goal,Restricted Area,Center(C),Less Than 8 ft.,3.0,-9.0,31.0,1,1,20161101,POR,GSW
Shot Chart Detail,0021600054,177,203090,Maurice Harkless,1610612757,Portland Trail Blazers,2,7,16,Missed Shot,Layup Shot,2PT Field Goal,Restricted Area,Center(C),Less Than 8 ft.,2.0,27.0,8.0,1,0,20161101,POR,GSW
Shot Chart Detail,0021600054,203,203090,Maurice Harkless,1610612757,Portland Trail Blazers,2,4,42,Missed Shot,Jump Shot,3PT Field Goal,Right Corner 3,Right Side(R),24+ ft.,24.0,240.0,2.0,1,0,20161101,POR,GSW
Shot Chart Detail,0021600054,207,203090,Maurice Harkless,1610612757,Portland Trail Blazers,2,4,31,Made Shot,Driving Reverse Layup Shot,2PT Field Goal,Restricted Area,Center(C),Less Than 8 ft.,1.0,-14.0,7.0,1,1,20161101,POR,GSW
Shot Chart Detail,0021600054,250,203090,Maurice Harkless,1610612757,Portland Trail Blazers,2,2,3,Missed Shot,Jump Shot,2PT Field Goal,Mid-Range,Left Side(L),16-24 ft.,20.0,-207.0,2.0,1,0,20161101,POR,GSW
Shot Chart Detail,0021600054,264,203090,Maurice Harkless,1610612757,Portland Trail Blazers,2,0,44,Missed Shot,Driving Finger Roll Layup Shot,2PT Field Goal,Restricted Area,Center(C),Less Than 8 ft.,2.0,20.0,18.0,1,0,20161101,POR,GSW
Shot Chart Detail,0021600054,295,203090,Maurice Harkless,1610612757,Portland Trail Blazers,3,10,41,Missed Shot,Layup Shot,2PT Field Goal,Restricted Area,Center(C),Less Than 8 ft.,0.0,9.0,-1.0,1,0,20161101,POR,GSW
Shot Chart Detail,0021600054,301,203090,Maurice Harkless,1610612757,Portland Trail Blazers,3,9,38,Missed Shot,Jump Shot,3PT Field Goal,Right Corner 3,Right Side(R),24+ ft.,22.0,225.0,26.0,1,0,20161101,POR,GSW
Shot Chart Detail,0021600054,321,203090,Maurice Harkless,1610612757,Portland Trail Blazers,3,7,35,Missed Shot,Jump Shot,2PT Field Goal,Mid-Range,Left Side Center(LC),16-24 ft.,22.0,-119.0,193.0,1,0,20161101,POR,GSW
Shot Chart Detail,0021600054,460,203090,Maurice Harkless,1610612757,Portland Trail Blazers,4,8,52,Made Shot,Pullup Jump shot,2PT Field Goal,Mid-Range,Center(C),16-24 ft.,18.0,9.0,183.0,1,1,20161101,POR,GSW
Shot Chart Detail,0021600063,221,203090,Maurice Harkless,1610612757,Portland Trail Blazers,2,4,7,Made Shot,Jump Shot,3PT Field Goal,Above the Break 3,Right Side Center(RC),24+ ft.,25.0,150.0,208.0,1,1,20161102,PHX,POR
Shot Chart Detail,0021600063,241,203090,Maurice Harkless,1610612757,Portland Trail Blazers,2,3,9,Missed Shot,Tip Layup Shot,2PT Field Goal,Restricted Area,Center(C),Less Than 8 ft.,1.0,10.0,4.0,1,0,20161102,PHX,POR
Shot Chart Detail,0021600063,277,203090,Maurice Harkless,1610612757,Portland Trail Blazers,2,0,0,Missed Shot,Jump Shot,3PT Field Goal,Backcourt,Back Court(BC),Back Court Shot,48.0,1.0,481.0,1,0,20161102,PHX,POR
Shot Chart Detail,0021600063,286,203090,Maurice Harkless,1610612757,Portland Trail Blazers,3,11,22,Made Shot,Driving Layup Shot,2PT Field Goal,Restricted Area,Center(C),Less Than 8 ft.,2.0,20.0,2.0,1,1,20161102,PHX,POR
Shot Chart Detail,0021600063,310,203090,Maurice Harkless,1610612757,Portland Trail Blazers,3,8,28,Made Shot,Jump Shot,3PT Field Goal,Above the Break 3,Right Side Center(RC),24+ ft.,24.0,210.0,129.0,1,1,20161102,PHX,POR
Shot Chart Detail,0021600063,350,203090,Maurice Harkless,1610612757,Portland Trail Blazers,3,4,39,Missed Shot,Jump Shot,3PT Field Goal,Above the Break 3,Right Side Center(RC),24+ ft.,25.0,179.0,180.0,1,0,20161102,PHX,POR
Shot Chart Detail,0021600063,354,203090,Maurice Harkless,1610612757,Portland Trail Blazers,3,4,16,Missed Shot,Reverse Layup Shot,2PT Field Goal,Restricted Area,Center(C),Less Than 8 ft.,1.0,-14.0,-1.0,1,0,20161102,PHX,POR
Shot Chart Detail,0021600063,489,203090,Maurice Harkless,1610612757,Portland Trail Blazers,4,4,50,Missed Shot,Jump Shot,2PT Field Goal,In The Paint (Non-RA),Center(C),Less Than 8 ft.,4.0,-40.0,18.0,1,0,20161102,PHX,POR
Shot Chart Detail,0021600063,504,203090,Maurice Harkless,1610612757,Portland Trail Blazers,4,4,3,Made Shot,Putback Layup Shot,2PT Field Goal,Restricted Area,Center(C),Less Than 8 ft.,0.0,2.0,7.0,1,1,20161102,PHX,POR
Shot Chart Detail,0021600063,632,203090,Maurice Harkless,1610612757,Portland Trail Blazers,5,0,36,Made Shot,Jump Shot,2PT Field Goal,In The Paint (Non-RA),Center(C),Less Than 8 ft.,5.0,12.0,56.0,1,1,20161102,PHX,POR
Shot Chart Detail,0021600076,59,203090,Maurice Harkless,1610612757,Portland Trail Blazers,1,5,56,Missed Shot,Jump Shot,3PT Field Goal,Above the Break 3,Right Side Center(RC),24+ ft.,23.0,119.0,208.0,1,0,20161104,DAL,POR
Shot Chart Detail,0021600076,107,203090,Maurice Harkless,1610612757,Portland Trail Blazers,1,1,44,Missed Shot,Driving Reverse Layup Shot,2PT Field Goal,Restricted Area,Center(C),Less Than 8 ft.,0.0,-4.0,7.0,1,0,20161104,DAL,POR
Shot Chart Detail,0021600076,255,203090,Maurice Harkless,1610612757,Portland Trail Blazers,2,2,58,Made Shot,Turnaround Bank shot,2PT Field Goal,In The Paint (Non-RA),Center(C),Less Than 8 ft.,4.0,-48.0,11.0,1,1,20161104,DAL,POR
Shot Chart Detail,0021600076,269,203090,Maurice Harkless,1610612757,Portland Trail Blazers,2,2,1,Missed Shot,Jump Shot,3PT Field Goal,Above the Break 3,Right Side Center(RC),24+ ft.,24.0,155.0,193.0,1,0,20161104,DAL,POR
Shot Chart Detail,0021600076,313,203090,Maurice Harkless,1610612757,Portland Trail Blazers,3,9,24,Made Shot,Finger Roll Layup Shot,2PT Field Goal,Restricted Area,Center(C),Less Than 8 ft.,1.0,-6.0,11.0,1,1,20161104,DAL,POR
Shot Chart Detail,0021600076,315,203090,Maurice Harkless,1610612757,Portland Trail Blazers,3,8,46,Made Shot,Jump Shot,3PT Field Goal,Above the Break 3,Right Side Center(RC),24+ ft.,24.0,78.0,232.0,1,1,20161104,DAL,POR
Shot Chart Detail,0021600076,345,203090,Maurice Harkless,1610612757,Portland Trail Blazers,3,5,26,Missed Shot,Jump Shot,2PT Field Goal,Mid-Range,Left Side(L),16-24 ft.,21.0,-214.0,51.0,1,0,20161104,DAL,POR
Shot Chart Detail,0021600076,547,203090,Maurice Harkless,1610612757,Portland Trail Blazers,4,1,9,Made Shot,Alley Oop Layup shot,2PT Field Goal,Restricted Area,Center(C),Less Than 8 ft.,1.0,-12.0,-1.0,1,1,20161104,DAL,POR
Shot Chart Detail,0021600088,10,203090,Maurice Harkless,1610612757,Portland Trail Blazers,1,10,27,Made Shot,Layup Shot,2PT Field Goal,Restricted Area,Center(C),Less Than 8 ft.,1.0,15.0,-1.0,1,1,20161106,MEM,POR
Shot Chart Detail,0021600088,24,203090,Maurice Harkless,1610612757,Portland Trail Blazers,1,9,56,Missed Shot,Layup Shot,2PT Field Goal,Restricted Area,Center(C),Less Than 8 ft.,1.0,3.0,14.0,1,0,20161106,MEM,POR
Shot Chart Detail,0021600088,63,203090,Maurice Harkless,1610612757,Portland Trail Blazers,1,5,59,Missed Shot,Running Jump Shot,3PT Field Goal,Left Corner 3,Left Side(L),24+ ft.,22.0,-227.0,-5.0,1,0,20161106,MEM,POR
Shot Chart Detail,0021600088,68,203090,Maurice Harkless,1610612757,Portland Trail Blazers,1,4,54,Made Shot,Driving Reverse Dunk Shot,2PT Field Goal,Restricted Area,Center(C),Less Than 8 ft.,0.0,0.0,1.0,1,1,20161106,MEM,POR
Shot Chart Detail,0021600088,118,203090,Maurice Harkless,1610612757,Portland Trail Blazers,1,1,19,Missed Shot,Cutting Layup Shot,2PT Field Goal,Restricted Area,Center(C),Less Than 8 ft.,1.0,9.0,7.0,1,0,20161106,MEM,POR
Shot Chart Detail,0021600088,123,203090,Maurice Harkless,1610612757,Portland Trail Blazers,1,0,42,Missed Shot,Pullup Jump shot,2PT Field Goal,In The Paint (Non-RA),Right Side(R),8-16 ft.,8.0,56.0,70.0,1,0,20161106,MEM,POR
Shot Chart Detail,0021600088,156,203090,Maurice Harkless,1610612757,Portland Trail Blazers,2,10,16,Missed Shot,Running Jump Shot,3PT Field Goal,Above the Break 3,Left Side Center(LC),24+ ft.,24.0,-130.0,213.0,1,0,20161106,MEM,POR
Shot Chart Detail,0021600088,248,203090,Maurice Harkless,1610612757,Portland Trail Blazers,2,3,9,Made Shot,Jump Shot,3PT Field Goal,Left Corner 3,Left Side(L),24+ ft.,24.0,-246.0,8.0,1,1,20161106,MEM,POR
Shot Chart Detail,0021600088,330,203090,Maurice Harkless,1610612757,Portland Trail Blazers,3,7,20,Made Shot,Running Layup Shot,2PT Field Goal,Restricted Area,Center(C),Less Than 8 ft.,0.0,9.0,0.0,1,1,20161106,MEM,POR
Shot Chart Detail,0021600088,333,203090,Maurice Harkless,1610612757,Portland Trail Blazers,3,6,59,Missed Shot,Running Jump Shot,3PT Field Goal,Left Corner 3,Left Side(L),24+ ft.,22.0,-227.0,0.0,1,0,20161106,MEM,POR
Shot Chart Detail,0021600088,346,203090,Maurice Harkless,1610612757,Portland Trail Blazers,3,4,55,Made Shot,Reverse Layup Shot,2PT Field Goal,Restricted Area,Center(C),Less Than 8 ft.,1.0,-17.0,2.0,1,1,20161106,MEM,POR
Shot Chart Detail,0021600088,426,203090,Maurice Harkless,1610612757,Portland Trail Blazers,4,11,23,Made Shot,Tip Layup Shot,2PT Field Goal,Restricted Area,Center(C),Less Than 8 ft.,1.0,9.0,8.0,1,1,20161106,MEM,POR
Shot Chart Detail,0021600088,430,203090,Maurice Harkless,1610612757,Portland Trail Blazers,4,10,48,Made Shot,Reverse Layup Shot,2PT Field Goal,Restricted Area,Center(C),Less Than 8 ft.,1.0,-4.0,16.0,1,1,20161106,MEM,POR
Shot Chart Detail,0021600088,449,203090,Maurice Harkless,1610612757,Portland Trail Blazers,4,8,35,Missed Shot,Jump Shot,2PT Field Goal,Mid-Range,Right Side(R),16-24 ft.,21.0,204.0,62.0,1,0,20161106,MEM,POR
Shot Chart Detail,0021600088,454,203090,Maurice Harkless,1610612757,Portland Trail Blazers,4,7,16,Made Shot,Jump Shot,3PT Field Goal,Left Corner 3,Left Side(L),24+ ft.,23.0,-235.0,-6.0,1,1,20161106,MEM,POR
Shot Chart Detail,0021600103,50,203090,Maurice Harkless,1610612757,Portland Trail Blazers,1,5,15,Made Shot,Jump Shot,3PT Field Goal,Right Corner 3,Right Side(R),24+ ft.,23.0,232.0,2.0,1,1,20161108,POR,PHX
Shot Chart Detail,0021600103,188,203090,Maurice Harkless,1610612757,Portland Trail Blazers,2,5,56,Missed Shot,Jump Shot,3PT Field Goal,Left Corner 3,Left Side(L),24+ ft.,23.0,-230.0,21.0,1,0,20161108,POR,PHX
Shot Chart Detail,0021600103,209,203090,Maurice Harkless,1610612757,Portland Trail Blazers,2,4,13,Made Shot,Running Layup Shot,2PT Field Goal,Restricted Area,Center(C),Less Than 8 ft.,0.0,-6.0,2.0,1,1,20161108,POR,PHX
Shot Chart Detail,0021600103,291,203090,Maurice Harkless,1610612757,Portland Trail Blazers,3,9,14,Made Shot,Jump Shot,3PT Field Goal,Right Corner 3,Right Side(R),24+ ft.,23.0,236.0,7.0,1,1,20161108,POR,PHX
Shot Chart Detail,0021600103,294,203090,Maurice Harkless,1610612757,Portland Trail Blazers,3,8,53,Made Shot,Running Layup Shot,2PT Field Goal,Restricted Area,Center(C),Less Than 8 ft.,2.0,-25.0,-5.0,1,1,20161108,POR,PHX
Shot Chart Detail,0021600103,324,203090,Maurice Harkless,1610612757,Portland Trail Blazers,3,5,50,Made Shot,Driving Layup Shot,2PT Field Goal,Restricted Area,Center(C),Less Than 8 ft.,3.0,-34.0,3.0,1,1,20161108,POR,PHX
Shot Chart Detail,0021600103,326,203090,Maurice Harkless,1610612757,Portland Trail Blazers,3,5,12,Missed Shot,Jump Shot,3PT Field Goal,Right Corner 3,Right Side(R),24+ ft.,22.0,223.0,51.0,1,0,20161108,POR,PHX
Shot Chart Detail,0021600103,330,203090,Maurice Harkless,1610612757,Portland Trail Blazers,3,4,51,Made Shot,Running Dunk Shot,2PT Field Goal,Restricted Area,Center(C),Less Than 8 ft.,0.0,0.0,1.0,1,1,20161108,POR,PHX
Shot Chart Detail,0021600103,475,203090,Maurice Harkless,1610612757,Portland Trail Blazers,4,4,58,Made Shot,Driving Reverse Layup Shot,2PT Field Goal,Restricted Area,Center(C),Less Than 8 ft.,0.0,-6.0,3.0,1,1,20161108,POR,PHX
Shot Chart Detail,0021600103,501,203090,Maurice Harkless,1610612757,Portland Trail Blazers,4,2,53,Missed Shot,Jump Shot,3PT Field Goal,Above the Break 3,Left Side Center(LC),24+ ft.,25.0,-171.0,183.0,1,0,20161108,POR,PHX
Shot Chart Detail,0021600103,523,203090,Maurice Harkless,1610612757,Portland Trail Blazers,4,1,7,Made Shot,Layup Shot,2PT Field Goal,Restricted Area,Center(C),Less Than 8 ft.,3.0,-34.0,8.0,1,1,20161108,POR,PHX
Shot Chart Detail,0021600115,5,203090,Maurice Harkless,1610612757,Portland Trail Blazers,1,10,46,Missed Shot,Jump Shot,3PT Field Goal,Left Corner 3,Left Side(L),24+ ft.,24.0,-245.0,28.0,1,0,20161109,LAC,POR
Shot Chart Detail,0021600115,18,203090,Maurice Harkless,1610612757,Portland Trail Blazers,1,8,21,Made Shot,Hook Shot,2PT Field Goal,Restricted Area,Center(C),Less Than 8 ft.,3.0,-22.0,31.0,1,1,20161109,LAC,POR
Shot Chart Detail,0021600115,55,203090,Maurice Harkless,1610612757,Portland Trail Blazers,1,4,21,Missed Shot,Jump Shot,3PT Field Goal,Right Corner 3,Right Side(R),24+ ft.,23.0,236.0,-1.0,1,0,20161109,LAC,POR
Shot Chart Detail,0021600115,203,203090,Maurice Harkless,1610612757,Portland Trail Blazers,2,5,36,Made Shot,Jump Shot,3PT Field Goal,Above the Break 3,Right Side Center(RC),24+ ft.,26.0,104.0,242.0,1,1,20161109,LAC,POR
Shot Chart Detail,0021600115,370,203090,Maurice Harkless,1610612757,Portland Trail Blazers,3,4,39,Made Shot,Jump Shot,3PT Field Goal,,,,,,,1,1,20161109,LAC,POR
Shot Chart Detail,0021600128,9,203090,Maurice Harkless,1610612757,Portland Trail Blazers,1,10,23,Made Shot,Jump Shot,3PT Field Goal,Above the Break 3,Left Side Center(LC),24+ ft.,24.0,-184.0,165.0,1,1,20161111,POR,SAC
Shot Chart Detail,0021600128,13,203090,Maurice Harkless,1610612757,Portland Trail Blazers,1,9,57,Missed Shot,Jump Shot,3PT Field Goal,Left Corner 3,Left Side(L),24+ ft.,24.0,-235.0,70.0,1,0,20161111,POR,SAC
Shot Chart Detail,0021600128,32,203090,Maurice Harkless,1610612757,Portland Trail Blazers,1,8,22,Missed Shot,Driving Dunk Shot,2PT Field Goal,Restricted Area,Center(C),Less Than 8 ft.,0.0,0.0,1.0,1,0,20161111,POR,SAC
Shot Chart Detail,0021600128,266,203090,Maurice Harkless,1610612757,Portland Trail Blazers,2,0,8,Missed Shot,Layup Shot,2PT Field Goal,Restricted Area,Center(C),Less Than 8 ft.,1.0,15.0,2.0,1,0,20161111,POR,SAC
Shot Chart Detail,0021600128,297,203090,Maurice Harkless,1610612757,Portland Trail Blazers,3,9,1,Made Shot,Running Layup Shot,2PT Field Goal,Restricted Area,Center(C),Less Than 8 ft.,2.0,-22.0,2.0,1,1,20161111,POR,SAC
Shot Chart Detail,0021600128,438,203090,Maurice Harkless,1610612757,Portland Trail Blazers,4,6,41,Missed Shot,Jump Shot,3PT Field Goal,Left Corner 3,Left Side(L),24+ ft.,22.0,-227.0,36.0,1,0,20161111,POR,SAC
Shot Chart Detail,0021600128,445,203090,Maurice Harkless,1610612757,Portland Trail Blazers,4,6,11,Made Shot,Jump Shot,3PT Field Goal,Right Corner 3,Right Side(R),24+ ft.,22.0,227.0,11.0,1,1,20161111,POR,SAC
Shot Chart Detail,0021600128,477,203090,Maurice Harkless,1610612757,Portland Trail Blazers,4,3,14,Missed Shot,Tip Layup Shot,2PT Field Goal,Restricted Area,Center(C),Less Than 8 ft.,1.0,9.0,-11.0,1,0,20161111,POR,SAC
Shot Chart Detail,0021600128,507,203090,Maurice Harkless,1610612757,Portland Trail Blazers,4,0,22,Missed Shot,Driving Layup Shot,2PT Field Goal,Restricted Area,Center(C),Less Than 8 ft.,1.0,17.0,8.0,1,0,20161111,POR,SAC
Shot Chart Detail,0021600144,175,203090,Maurice Harkless,1610612757,Portland Trail Blazers,2,9,0,Made Shot,Jump Shot,3PT Field Goal,Above the Break 3,Left Side Center(LC),24+ ft.,24.0,-210.0,134.0,1,1,20161113,POR,DEN
Shot Chart Detail,0021600144,229,203090,Maurice Harkless,1610612757,Portland Trail Blazers,2,4,24,Made Shot,Pullup Jump shot,2PT Field Goal,Mid-Range,Left Side Center(LC),16-24 ft.,18.0,-147.0,116.0,1,1,20161113,POR,DEN
Shot Chart Detail,0021600144,268,203090,Maurice Harkless,1610612757,Portland Trail Blazers,2,1,14,Made Shot,Running Finger Roll Layup Shot,2PT Field Goal,Restricted Area,Center(C),Less Than 8 ft.,1.0,14.0,-1.0,1,1,20161113,POR,DEN
Shot Chart Detail,0021600144,305,203090,Maurice Harkless,1610612757,Portland Trail Blazers,3,10,44,Missed Shot,Driving Finger Roll Layup Shot,2PT Field Goal,Restricted Area,Center(C),Less Than 8 ft.,2.0,22.0,8.0,1,0,20161113,POR,DEN
Shot Chart Detail,0021600144,325,203090,Maurice Harkless,1610612757,Portland Trail Blazers,3,9,9,Made Shot,Jump Shot,3PT Field Goal,Left Corner 3,Left Side(L),24+ ft.,24.0,-240.0,65.0,1,1,20161113,POR,DEN
Shot Chart Detail,0021600144,353,203090,Maurice Harkless,1610612757,Portland Trail Blazers,3,6,14,Missed Shot,Step Back Jump shot,2PT Field Goal,Mid-Range,Left Side(L),16-24 ft.,16.0,-163.0,13.0,1,0,20161113,POR,DEN
Shot Chart Detail,0021600144,361,203090,Maurice Harkless,1610612757,Portland Trail Blazers,3,5,18,Made Shot,Layup Shot,2PT Field Goal,Restricted Area,Center(C),Less Than 8 ft.,1.0,19.0,3.0,1,1,20161113,POR,DEN
Shot Chart Detail,0021600144,394,203090,Maurice Harkless,1610612757,Portland Trail Blazers,3,2,45,Missed Shot,Jump Shot,3PT Field Goal,Left Corner 3,Left Side(L),24+ ft.,22.0,-225.0,18.0,1,0,20161113,POR,DEN
Shot Chart Detail,0021600144,535,203090,Maurice Harkless,1610612757,Portland Trail Blazers,4,4,53,Made Shot,Reverse Layup Shot,2PT Field Goal,Restricted Area,Center(C),Less Than 8 ft.,1.0,0.0,-11.0,1,1,20161113,POR,DEN
Shot Chart Detail,0021600144,538,203090,Maurice Harkless,1610612757,Portland Trail Blazers,4,4,26,Missed Shot,Jump Shot,3PT Field Goal,Above the Break 3,Left Side Center(LC),24+ ft.,24.0,-101.0,219.0,1,0,20161113,POR,DEN
Shot Chart Detail,0021600144,570,203090,Maurice Harkless,1610612757,Portland Trail Blazers,4,1,59,Missed Shot,Turnaround Fadeaway shot,2PT Field Goal,In The Paint (Non-RA),Center(C),Less Than 8 ft.,7.0,-71.0,36.0,1,0,20161113,POR,DEN
Shot Chart Detail,0021600156,46,203090,Maurice Harkless,1610612757,Portland Trail Blazers,1,8,6,Missed Shot,Jump Shot,3PT Field Goal,Right Corner 3,Right Side(R),24+ ft.,23.0,235.0,2.0,1,0,20161115,POR,CHI
Shot Chart Detail,0021600156,55,203090,Maurice Harkless,1610612757,Portland Trail Blazers,1,7,13,Missed Shot,Tip Layup Shot,2PT Field Goal,Restricted Area,Center(C),Less Than 8 ft.,1.0,-10.0,0.0,1,0,20161115,POR,CHI
Shot Chart Detail,0021600156,237,203090,Maurice Harkless,1610612757,Portland Trail Blazers,2,2,49,Missed Shot,Layup Shot,2PT Field Goal,Restricted Area,Center(C),Less Than 8 ft.,2.0,-24.0,13.0,1,0,20161115,POR,CHI
Shot Chart Detail,0021600156,299,203090,Maurice Harkless,1610612757,Portland Trail Blazers,3,10,49,Missed Shot,Driving Layup Shot,2PT Field Goal,Restricted Area,Center(C),Less Than 8 ft.,1.0,4.0,16.0,1,0,20161115,POR,CHI
Shot Chart Detail,0021600156,314,203090,Maurice Harkless,1610612757,Portland Trail Blazers,3,9,10,Missed Shot,Jump Shot,3PT Field Goal,Above the Break 3,Left Side Center(LC),24+ ft.,24.0,-173.0,180.0,1,0,20161115,POR,CHI
Shot Chart Detail,0021600156,331,203090,Maurice Harkless,1610612757,Portland Trail Blazers,3,7,58,Missed Shot,Layup Shot,2PT Field Goal,Restricted Area,Center(C),Less Than 8 ft.,2.0,28.0,-5.0,1,0,20161115,POR,CHI
Shot Chart Detail,0021600156,463,203090,Maurice Harkless,1610612757,Portland Trail Blazers,4,7,6,Made Shot,Jump Shot,3PT Field Goal,Above the Break 3,Center(C),24+ ft.,24.0,-7.0,244.0,1,1,20161115,POR,CHI
Shot Chart Detail,0021600156,474,203090,Maurice Harkless,1610612757,Portland Trail Blazers,4,6,4,Missed Shot,Jump Shot,3PT Field Goal,Left Corner 3,Left Side(L),24+ ft.,22.0,-227.0,21.0,1,0,20161115,POR,CHI
Shot Chart Detail,0021600156,486,203090,Maurice Harkless,1610612757,Portland Trail Blazers,4,5,37,Made Shot,Running Dunk Shot,2PT Field Goal,Restricted Area,Center(C),Less Than 8 ft.,0.0,0.0,1.0,1,1,20161115,POR,CHI
Shot Chart Detail,0021600171,2,203090,Maurice Harkless,1610612757,Portland Trail Blazers,1,11,38,Made Shot,Layup Shot,2PT Field Goal,Restricted Area,Center(C),Less Than 8 ft.,1.0,14.0,0.0,1,1,20161117,HOU,POR
Shot Chart Detail,0021600171,43,203090,Maurice Harkless,1610612757,Portland Trail Blazers,1,5,52,Missed Shot,Jump Shot,2PT Field Goal,Mid-Range,Left Side(L),16-24 ft.,23.0,-205.0,110.0,1,0,20161117,HOU,POR
Shot Chart Detail,0021600171,101,203090,Maurice Harkless,1610612757,Portland Trail Blazers,1,1,47,Missed Shot,Turnaround Hook Shot,2PT Field Goal,Restricted Area,Center(C),Less Than 8 ft.,3.0,32.0,21.0,1,0,20161117,HOU,POR
Shot Chart Detail,0021600171,102,203090,Maurice Harkless,1610612757,Portland Trail Blazers,1,1,45,Made Shot,Layup Shot,2PT Field Goal,Restricted Area,Center(C),Less Than 8 ft.,2.0,24.0,7.0,1,1,20161117,HOU,POR
Shot Chart Detail,0021600171,229,203090,Maurice Harkless,1610612757,Portland Trail Blazers,2,3,53,Made Shot,Jump Shot,3PT Field Goal,Above the Break 3,Right Side Center(RC),24+ ft.,25.0,189.0,174.0,1,1,20161117,HOU,POR
Shot Chart Detail,0021600171,254,203090,Maurice Harkless,1610612757,Portland Trail Blazers,2,1,14,Made Shot,Jump Shot,3PT Field Goal,Above the Break 3,Right Side Center(RC),24+ ft.,25.0,200.0,156.0,1,1,20161117,HOU,POR
Shot Chart Detail,0021600171,287,203090,Maurice Harkless,1610612757,Portland Trail Blazers,3,10,54,Made Shot,Jump Shot,3PT Field Goal,Left Corner 3,Left Side(L),24+ ft.,24.0,-240.0,-1.0,1,1,20161117,HOU,POR
Shot Chart Detail,0021600171,310,203090,Maurice Harkless,1610612757,Portland Trail Blazers,3,7,53,Made Shot,Jump Shot,2PT Field Goal,Mid-Range,Left Side(L),16-24 ft.,21.0,-192.0,101.0,1,1,20161117,HOU,POR
Shot Chart Detail,0021600171,405,203090,Maurice Harkless,1610612757,Portland Trail Blazers,4,11,44,Missed Shot,Fadeaway Jump Shot,2PT Field Goal,In The Paint (Non-RA),Center(C),8-16 ft.,11.0,-43.0,106.0,1,0,20161117,HOU,POR
Shot Chart Detail,0021600171,412,203090,Maurice Harkless,1610612757,Portland Trail Blazers,4,11,17,Made Shot,Tip Layup Shot,2PT Field Goal,Restricted Area,Center(C),Less Than 8 ft.,1.0,-16.0,2.0,1,1,20161117,HOU,POR
Shot Chart Detail,0021600171,471,203090,Maurice Harkless,1610612757,Portland Trail Blazers,4,6,27,Made Shot,Turnaround Jump Shot,2PT Field Goal,In The Paint (Non-RA),Left Side(L),8-16 ft.,8.0,-52.0,67.0,1,1,20161117,HOU,POR
Shot Chart Detail,0021600171,473,203090,Maurice Harkless,1610612757,Portland Trail Blazers,4,5,54,Missed Shot,Jump Shot,3PT Field Goal,Left Corner 3,Left Side(L),24+ ft.,23.0,-230.0,-10.0,1,0,20161117,HOU,POR
Shot Chart Detail,0021600177,23,203090,Maurice Harkless,1610612757,Portland Trail Blazers,1,10,1,Made Shot,Jump Shot,3PT Field Goal,Left Corner 3,Left Side(L),24+ ft.,24.0,-240.0,16.0,1,1,20161118,NOP,POR
Shot Chart Detail,0021600177,37,203090,Maurice Harkless,1610612757,Portland Trail Blazers,1,9,0,Made Shot,Jump Shot,3PT Field Goal,Above the Break 3,Left Side Center(LC),24+ ft.,25.0,-120.0,223.0,1,1,20161118,NOP,POR
Shot Chart Detail,0021600177,74,203090,Maurice Harkless,1610612757,Portland Trail Blazers,1,5,1,Missed Shot,Jump Shot,3PT Field Goal,Right Corner 3,Right Side(R),24+ ft.,22.0,228.0,21.0,1,0,20161118,NOP,POR
Shot Chart Detail,0021600177,178,203090,Maurice Harkless,1610612757,Portland Trail Blazers,2,8,55,Missed Shot,Layup Shot,2PT Field Goal,Restricted Area,Center(C),Less Than 8 ft.,1.0,-12.0,7.0,1,0,20161118,NOP,POR
Shot Chart Detail,0021600177,190,203090,Maurice Harkless,1610612757,Portland Trail Blazers,2,7,16,Made Shot,Reverse Layup Shot,2PT Field Goal,Restricted Area,Center(C),Less Than 8 ft.,2.0,24.0,2.0,1,1,20161118,NOP,POR
Shot Chart Detail,0021600177,222,203090,Maurice Harkless,1610612757,Portland Trail Blazers,2,4,28,Missed Shot,Jump Shot,2PT Field Goal,In The Paint (Non-RA),Center(C),Less Than 8 ft.,5.0,2.0,56.0,1,0,20161118,NOP,POR
Shot Chart Detail,0021600177,274,203090,Maurice Harkless,1610612757,Portland Trail Blazers,2,0,0,Missed Shot,Jump Shot,3PT Field Goal,Right Corner 3,Right Side(R),24+ ft.,22.0,228.0,21.0,1,0,20161118,NOP,POR
Shot Chart Detail,0021600177,283,203090,Maurice Harkless,1610612757,Portland Trail Blazers,3,11,13,Missed Shot,Jump Shot,3PT Field Goal,Right Corner 3,Right Side(R),24+ ft.,24.0,232.0,80.0,1,0,20161118,NOP,POR
Shot Chart Detail,0021600177,331,203090,Maurice Harkless,1610612757,Portland Trail Blazers,3,6,0,Missed Shot,Jump Shot,2PT Field Goal,Mid-Range,Right Side Center(RC),16-24 ft.,18.0,137.0,129.0,1,0,20161118,NOP,POR
Shot Chart Detail,0021600177,489,203090,Maurice Harkless,1610612757,Portland Trail Blazers,4,7,48,Missed Shot,Jump Shot,3PT Field Goal,Above the Break 3,Left Side Center(LC),24+ ft.,24.0,-207.0,131.0,1,0,20161118,NOP,POR
Shot Chart Detail,0021600177,500,203090,Maurice Harkless,1610612757,Portland Trail Blazers,4,6,35,Made Shot,Tip Layup Shot,2PT Field Goal,Restricted Area,Center(C),Less Than 8 ft.,1.0,6.0,14.0,1,1,20161118,NOP,POR
Shot Chart Detail,0021600177,520,203090,Maurice Harkless,1610612757,Portland Trail Blazers,4,5,14,Missed Shot,Jump Shot,2PT Field Goal,In The Paint (Non-RA),Center(C),Less Than 8 ft.,7.0,-37.0,70.0,1,0,20161118,NOP,POR
Shot Chart Detail,0021600177,524,203090,Maurice Harkless,1610612757,Portland Trail Blazers,4,4,44,Missed Shot,Jump Shot,3PT Field Goal,Above the Break 3,Left Side Center(LC),24+ ft.,25.0,-209.0,144.0,1,0,20161118,NOP,POR
Shot Chart Detail,0021600194,26,203090,Maurice Harkless,1610612757,Portland Trail Blazers,1,9,58,Made Shot,Dunk Shot,2PT Field Goal,Restricted Area,Center(C),Less Than 8 ft.,0.0,0.0,1.0,1,1,20161120,BKN,POR
Shot Chart Detail,0021600194,32,203090,Maurice Harkless,1610612757,Portland Trail Blazers,1,9,16,Missed Shot,Jump Shot,3PT Field Goal,Left Corner 3,Left Side(L),24+ ft.,22.0,-225.0,-19.0,1,0,20161120,BKN,POR
Shot Chart Detail,0021600194,207,203090,Maurice Harkless,1610612757,Portland Trail Blazers,2,2,4,Made Shot,Driving Reverse Layup Shot,2PT Field Goal,Restricted Area,Center(C),Less Than 8 ft.,2.0,-20.0,2.0,1,1,20161120,BKN,POR
Shot Chart Detail,0021600194,236,203090,Maurice Harkless,1610612757,Portland Trail Blazers,3,11,8,Made Shot,Driving Layup Shot,2PT Field Goal,Restricted Area,Center(C),Less Than 8 ft.,2.0,-24.0,-1.0,1,1,20161120,BKN,POR
Shot Chart Detail,0021600194,313,203090,Maurice Harkless,1610612757,Portland Trail Blazers,3,4,17,Made Shot,Layup Shot,2PT Field Goal,Restricted Area,Center(C),Less Than 8 ft.,2.0,24.0,2.0,1,1,20161120,BKN,POR
Shot Chart Detail,0021600194,421,203090,Maurice Harkless,1610612757,Portland Trail Blazers,4,6,37,Made Shot,Layup Shot,2PT Field Goal,Restricted Area,Center(C),Less Than 8 ft.,1.0,4.0,11.0,1,1,20161120,BKN,POR
Shot Chart Detail,0021600194,424,203090,Maurice Harkless,1610612757,Portland Trail Blazers,4,6,18,Missed Shot,Jump Shot,3PT Field Goal,Above the Break 3,Left Side Center(LC),24+ ft.,24.0,-199.0,139.0,1,0,20161120,BKN,POR
Shot Chart Detail,0021600208,14,203090,Maurice Harkless,1610612757,Portland Trail Blazers,1,10,8,Missed Shot,Layup Shot,2PT Field Goal,Restricted Area,Center(C),Less Than 8 ft.,2.0,9.0,21.0,1,0,20161122,NYK,POR
Shot Chart Detail,0021600208,42,203090,Maurice Harkless,1610612757,Portland Trail Blazers,1,6,50,Made Shot,Jump Shot,3PT Field Goal,Right Corner 3,Right Side(R),24+ ft.,22.0,225.0,-6.0,1,1,20161122,NYK,POR
Shot Chart Detail,0021600208,72,203090,Maurice Harkless,1610612757,Portland Trail Blazers,1,3,42,Missed Shot,Jump Shot,2PT Field Goal,Mid-Range,Left Side Center(LC),16-24 ft.,21.0,-112.0,188.0,1,0,20161122,NYK,POR
Shot Chart Detail,0021600208,75,203090,Maurice Harkless,1610612757,Portland Trail Blazers,1,3,31,Made Shot,Dunk Shot,2PT Field Goal,Restricted Area,Center(C),Less Than 8 ft.,0.0,0.0,1.0,1,1,20161122,NYK,POR
Shot Chart Detail,0021600208,207,203090,Maurice Harkless,1610612757,Portland Trail Blazers,2,4,38,Missed Shot,Jump Shot,2PT Field Goal,Restricted Area,Center(C),Less Than 8 ft.,3.0,9.0,31.0,1,0,20161122,NYK,POR
Shot Chart Detail,0021600208,230,203090,Maurice Harkless,1610612757,Portland Trail Blazers,2,3,0,Missed Shot,Jump Shot,3PT Field Goal,Right Corner 3,Right Side(R),24+ ft.,22.0,227.0,-6.0,1,0,20161122,NYK,POR
Shot Chart Detail,0021600208,239,203090,Maurice Harkless,1610612757,Portland Trail Blazers,2,2,12,Made Shot,Dunk Shot,2PT Field Goal,Restricted Area,Center(C),Less Than 8 ft.,0.0,0.0,1.0,1,1,20161122,NYK,POR
Shot Chart Detail,0021600208,269,203090,Maurice Harkless,1610612757,Portland Trail Blazers,3,10,31,Made Shot,Layup Shot,2PT Field Goal,Restricted Area,Center(C),Less Than 8 ft.,0.0,-2.0,2.0,1,1,20161122,NYK,POR
Shot Chart Detail,0021600208,330,203090,Maurice Harkless,1610612757,Portland Trail Blazers,3,4,29,Missed Shot,Jump Shot,3PT Field Goal,Above the Break 3,Left Side Center(LC),24+ ft.,25.0,-147.0,208.0,1,0,20161122,NYK,POR
Shot Chart Detail,0021600208,337,203090,Maurice Harkless,1610612757,Portland Trail Blazers,3,3,59,Made Shot,Driving Layup Shot,2PT Field Goal,Restricted Area,Center(C),Less Than 8 ft.,1.0,15.0,-6.0,1,1,20161122,NYK,POR
Shot Chart Detail,0021600208,427,203090,Maurice Harkless,1610612757,Portland Trail Blazers,4,7,2,Missed Shot,Layup Shot,2PT Field Goal,Restricted Area,Center(C),Less Than 8 ft.,1.0,10.0,7.0,1,0,20161122,NYK,POR
Shot Chart Detail,0021600208,466,203090,Maurice Harkless,1610612757,Portland Trail Blazers,4,3,58,Made Shot,Jump Shot,2PT Field Goal,Mid-Range,Left Side Center(LC),16-24 ft.,16.0,-60.0,149.0,1,1,20161122,NYK,POR
Shot Chart Detail,0021600208,468,203090,Maurice Harkless,1610612757,Portland Trail Blazers,4,3,30,Missed Shot,Jump Bank Shot,2PT Field Goal,In The Paint (Non-RA),Center(C),Less Than 8 ft.,5.0,-45.0,28.0,1,0,20161122,NYK,POR
Shot Chart Detail,0021600215,13,203090,Maurice Harkless,1610612757,Portland Trail Blazers,1,10,14,Missed Shot,Jump Shot,3PT Field Goal,Above the Break 3,Right Side Center(RC),24+ ft.,25.0,159.0,193.0,1,0,20161123,CLE,POR
Shot Chart Detail,0021600215,244,203090,Maurice Harkless,1610612757,Portland Trail Blazers,2,2,18,Made Shot,Jump Shot,3PT Field Goal,Right Corner 3,Right Side(R),24+ ft.,22.0,228.0,-19.0,1,1,20161123,CLE,POR
Shot Chart Detail,0021600215,250,203090,Maurice Harkless,1610612757,Portland Trail Blazers,2,1,43,Missed Shot,Jump Shot,3PT Field Goal,Above the Break 3,Right Side Center(RC),24+ ft.,27.0,146.0,229.0,1,0,20161123,CLE,POR
Shot Chart Detail,0021600215,295,203090,Maurice Harkless,1610612757,Portland Trail Blazers,3,10,21,Made Shot,Turnaround Bank shot,2PT Field Goal,Mid-Range,Left Side(L),8-16 ft.,10.0,-106.0,28.0,1,1,20161123,CLE,POR
Shot Chart Detail,0021600215,301,203090,Maurice Harkless,1610612757,Portland Trail Blazers,3,9,45,Made Shot,Cutting Layup Shot,2PT Field Goal,Restricted Area,Center(C),Less Than 8 ft.,1.0,-16.0,7.0,1,1,20161123,CLE,POR
Shot Chart Detail,0021600215,344,203090,Maurice Harkless,1610612757,Portland Trail Blazers,3,5,40,Missed Shot,Running Layup Shot,2PT Field Goal,Restricted Area,Center(C),Less Than 8 ft.,1.0,-16.0,7.0,1,0,20161123,CLE,POR
Shot Chart Detail,0021600215,358,203090,Maurice Harkless,1610612757,Portland Trail Blazers,3,4,38,Missed Shot,Jump Shot,3PT Field Goal,Right Corner 3,Right Side(R),24+ ft.,23.0,232.0,23.0,1,0,20161123,CLE,POR
Shot Chart Detail,0021600215,366,203090,Maurice Harkless,1610612757,Portland Trail Blazers,3,4,4,Missed Shot,Jump Shot,3PT Field Goal,Above the Break 3,Left Side Center(LC),24+ ft.,25.0,-173.0,185.0,1,0,20161123,CLE,POR
Shot Chart Detail,0021600215,377,203090,Maurice Harkless,1610612757,Portland Trail Blazers,3,3,11,Made Shot,Cutting Layup Shot,2PT Field Goal,Restricted Area,Center(C),Less Than 8 ft.,0.0,-6.0,0.0,1,1,20161123,CLE,POR
Shot Chart Detail,0021600215,420,203090,Maurice Harkless,1610612757,Portland Trail Blazers,4,11,20,Missed Shot,Layup Shot,2PT Field Goal,Restricted Area,Center(C),Less Than 8 ft.,0.0,6.0,2.0,1,0,20161123,CLE,POR
Shot Chart Detail,0021600237,4,203090,Maurice Harkless,1610612757,Portland Trail Blazers,1,11,33,Missed Shot,Jump Shot,3PT Field Goal,Right Corner 3,Right Side(R),24+ ft.,22.0,227.0,13.0,1,0,20161125,POR,NOP
Shot Chart Detail,0021600237,7,203090,Maurice Harkless,1610612757,Portland Trail Blazers,1,10,54,Made Shot,Driving Floating Bank Jump Shot,2PT Field Goal,In The Paint (Non-RA),Center(C),Less Than 8 ft.,4.0,10.0,41.0,1,1,20161125,POR,NOP
Shot Chart Detail,0021600237,9,203090,Maurice Harkless,1610612757,Portland Trail Blazers,1,10,28,Missed Shot,Turnaround Fadeaway shot,2PT Field Goal,In The Paint (Non-RA),Center(C),Less Than 8 ft.,6.0,0.0,62.0,1,0,20161125,POR,NOP
Shot Chart Detail,0021600237,37,203090,Maurice Harkless,1610612757,Portland Trail Blazers,1,7,56,Made Shot,Tip Layup Shot,2PT Field Goal,Restricted Area,Center(C),Less Than 8 ft.,0.0,-2.0,-5.0,1,1,20161125,POR,NOP
Shot Chart Detail,0021600237,81,203090,Maurice Harkless,1610612757,Portland Trail Blazers,1,4,33,Missed Shot,Driving Layup Shot,2PT Field Goal,Restricted Area,Center(C),Less Than 8 ft.,1.0,10.0,-6.0,1,0,20161125,POR,NOP
Shot Chart Detail,0021600237,121,203090,Maurice Harkless,1610612757,Portland Trail Blazers,1,1,45,Made Shot,Putback Layup Shot,2PT Field Goal,Restricted Area,Center(C),Less Than 8 ft.,2.0,-20.0,-6.0,1,1,20161125,POR,NOP
Shot Chart Detail,0021600237,289,203090,Maurice Harkless,1610612757,Portland Trail Blazers,3,11,45,Missed Shot,Layup Shot,2PT Field Goal,Restricted Area,Center(C),Less Than 8 ft.,1.0,-12.0,-5.0,1,0,20161125,POR,NOP
Shot Chart Detail,0021600237,290,203090,Maurice Harkless,1610612757,Portland Trail Blazers,3,11,45,Made Shot,Tip Layup Shot,2PT Field Goal,Restricted Area,Center(C),Less Than 8 ft.,0.0,4.0,0.0,1,1,20161125,POR,NOP
Shot Chart Detail,0021600237,294,203090,Maurice Harkless,1610612757,Portland Trail Blazers,3,11,6,Made Shot,Jump Shot,3PT Field Goal,Left Corner 3,Left Side(L),24+ ft.,23.0,-235.0,8.0,1,1,20161125,POR,NOP
Shot Chart Detail,0021600237,336,203090,Maurice Harkless,1610612757,Portland Trail Blazers,3,7,55,Missed Shot,Jump Shot,3PT Field Goal,Left Corner 3,Left Side(L),24+ ft.,22.0,-225.0,11.0,1,0,20161125,POR,NOP
Shot Chart Detail,0021600237,340,203090,Maurice Harkless,1610612757,Portland Trail Blazers,3,7,39,Made Shot,Layup Shot,2PT Field Goal,Restricted Area,Center(C),Less Than 8 ft.,1.0,-14.0,2.0,1,1,20161125,POR,NOP
Shot Chart Detail,0021600237,488,203090,Maurice Harkless,1610612757,Portland Trail Blazers,4,3,30,Made Shot,Reverse Layup Shot,2PT Field Goal,Restricted Area,Center(C),Less Than 8 ft.,0.0,0.0,-1.0,1,1,20161125,POR,NOP
Shot Chart Detail,0021600237,520,203090,Maurice Harkless,1610612757,Portland Trail Blazers,4,0,48,Made Shot,Dunk Shot,2PT Field Goal,Restricted Area,Center(C),Less Than 8 ft.,0.0,0.0,1.0,1,1,20161125,POR,NOP
Shot Chart Detail,0021600251,9,203090,Maurice Harkless,1610612757,Portland Trail Blazers,1,10,9,Made Shot,Jump Shot,2PT Field Goal,Mid-Range,Left Side Center(LC),16-24 ft.,20.0,-132.0,156.0,1,1,20161127,POR,HOU
Shot Chart Detail,0021600251,15,203090,Maurice Harkless,1610612757,Portland Trail Blazers,1,9,20,Missed Shot,Jump Shot,2PT Field Goal,Mid-Range,Right Side Center(RC),16-24 ft.,22.0,148.0,169.0,1,0,20161127,POR,HOU
Shot Chart Detail,0021600251,38,203090,Maurice Harkless,1610612757,Portland Trail Blazers,1,5,48,Missed Shot,Driving Finger Roll Layup Shot,2PT Field Goal,Restricted Area,Center(C),Less Than 8 ft.,1.0,-16.0,3.0,1,0,20161127,POR,HOU
Shot Chart Detail,0021600251,170,203090,Maurice Harkless,1610612757,Portland Trail Blazers,2,6,5,Made Shot,Hook Shot,2PT Field Goal,Restricted Area,Center(C),Less Than 8 ft.,0.0,0.0,1.0,1,1,20161127,POR,HOU
Shot Chart Detail,0021600251,224,203090,Maurice Harkless,1610612757,Portland Trail Blazers,2,2,7,Made Shot,Running Layup Shot,2PT Field Goal,Restricted Area,Center(C),Less Than 8 ft.,0.0,-6.0,-1.0,1,1,20161127,POR,HOU
Shot Chart Detail,0021600251,281,203090,Maurice Harkless,1610612757,Portland Trail Blazers,3,10,28,Made Shot,Cutting Dunk Shot,2PT Field Goal,Restricted Area,Center(C),Less Than 8 ft.,0.0,0.0,1.0,1,1,20161127,POR,HOU
Shot Chart Detail,0021600251,292,203090,Maurice Harkless,1610612757,Portland Trail Blazers,3,9,38,Made Shot,Jump Shot,3PT Field Goal,Above the Break 3,Center(C),24+ ft.,24.0,0.0,249.0,1,1,20161127,POR,HOU
Shot Chart Detail,0021600251,300,203090,Maurice Harkless,1610612757,Portland Trail Blazers,3,7,21,Missed Shot,Jump Shot,3PT Field Goal,Above the Break 3,Right Side Center(RC),24+ ft.,24.0,155.0,190.0,1,0,20161127,POR,HOU
Shot Chart Detail,0021600251,349,203090,Maurice Harkless,1610612757,Portland Trail Blazers,3,1,40,Made Shot,Hook Shot,2PT Field Goal,In The Paint (Non-RA),Center(C),Less Than 8 ft.,5.0,-52.0,16.0,1,1,20161127,POR,HOU
Shot Chart Detail,0021600251,430,203090,Maurice Harkless,1610612757,Portland Trail Blazers,4,6,53,Missed Shot,Layup Shot,2PT Field Goal,Restricted Area,Center(C),Less Than 8 ft.,1.0,17.0,2.0,1,0,20161127,POR,HOU
Shot Chart Detail,0021600251,464,203090,Maurice Harkless,1610612757,Portland Trail Blazers,4,3,52,Made Shot,Jump Shot,3PT Field Goal,Above the Break 3,Center(C),24+ ft.,24.0,-40.0,244.0,1,1,20161127,POR,HOU
Shot Chart Detail,0021600251,474,203090,Maurice Harkless,1610612757,Portland Trail Blazers,4,2,41,Missed Shot,Jump Shot,3PT Field Goal,Right Corner 3,Right Side(R),24+ ft.,22.0,228.0,11.0,1,0,20161127,POR,HOU
Shot Chart Detail,0021600275,20,203090,Maurice Harkless,1610612757,Portland Trail Blazers,1,9,47,Made Shot,Finger Roll Layup Shot,2PT Field Goal,Restricted Area,Center(C),Less Than 8 ft.,3.0,-30.0,0.0,1,1,20161130,POR,IND
Shot Chart Detail,0021600275,29,203090,Maurice Harkless,1610612757,Portland Trail Blazers,1,8,28,Missed Shot,Jump Shot,3PT Field Goal,Right Corner 3,Right Side(R),24+ ft.,22.0,228.0,-6.0,1,0,20161130,POR,IND
Shot Chart Detail,0021600275,34,203090,Maurice Harkless,1610612757,Portland Trail Blazers,1,8,5,Made Shot,Tip Layup Shot,2PT Field Goal,Restricted Area,Center(C),Less Than 8 ft.,0.0,9.0,-1.0,1,1,20161130,POR,IND
Shot Chart Detail,0021600275,39,203090,Maurice Harkless,1610612757,Portland Trail Blazers,1,7,29,Missed Shot,Layup Shot,2PT Field Goal,Restricted Area,Center(C),Less Than 8 ft.,0.0,-1.0,-6.0,1,0,20161130,POR,IND
Shot Chart Detail,0021600275,43,203090,Maurice Harkless,1610612757,Portland Trail Blazers,1,6,58,Missed Shot,Jump Shot,3PT Field Goal,Left Corner 3,Left Side(L),24+ ft.,23.0,-235.0,7.0,1,0,20161130,POR,IND
Shot Chart Detail,0021600275,55,203090,Maurice Harkless,1610612757,Portland Trail Blazers,1,5,46,Made Shot,Jump Shot,3PT Field Goal,Left Corner 3,Left Side(L),24+ ft.,22.0,-228.0,7.0,1,1,20161130,POR,IND
Shot Chart Detail,0021600275,185,203090,Maurice Harkless,1610612757,Portland Trail Blazers,2,5,8,Made Shot,Jump Shot,3PT Field Goal,Above the Break 3,Left Side Center(LC),24+ ft.,25.0,-194.0,164.0,1,1,20161130,POR,IND
Shot Chart Detail,0021600275,195,203090,Maurice Harkless,1610612757,Portland Trail Blazers,2,4,6,Made Shot,Driving Reverse Layup Shot,2PT Field Goal,Restricted Area,Center(C),Less Than 8 ft.,1.0,10.0,-6.0,1,1,20161130,POR,IND
Shot Chart Detail,0021600275,206,203090,Maurice Harkless,1610612757,Portland Trail Blazers,2,3,11,Made Shot,Jump Shot,3PT Field Goal,Right Corner 3,Right Side(R),24+ ft.,23.0,230.0,3.0,1,1,20161130,POR,IND
Shot Chart Detail,0021600275,286,203090,Maurice Harkless,1610612757,Portland Trail Blazers,3,7,53,Missed Shot,Jump Shot,3PT Field Goal,Right Corner 3,Right Side(R),24+ ft.,24.0,236.0,75.0,1,0,20161130,POR,IND
Shot Chart Detail,0021600275,323,203090,Maurice Harkless,1610612757,Portland Trail Blazers,3,5,3,Made Shot,Running Layup Shot,2PT Field Goal,Restricted Area,Center(C),Less Than 8 ft.,1.0,10.0,8.0,1,1,20161130,POR,IND
Shot Chart Detail,0021600275,341,203090,Maurice Harkless,1610612757,Portland Trail Blazers,3,3,55,Made Shot,Cutting Layup Shot,2PT Field Goal,Restricted Area,Center(C),Less Than 8 ft.,1.0,12.0,-6.0,1,1,20161130,POR,IND
Shot Chart Detail,0021600275,446,203090,Maurice Harkless,1610612757,Portland Trail Blazers,4,5,57,Missed Shot,Driving Floating Jump Shot,2PT Field Goal,Restricted Area,Center(C),Less Than 8 ft.,3.0,32.0,16.0,1,0,20161130,POR,IND
Shot Chart Detail,0021600275,468,203090,Maurice Harkless,1610612757,Portland Trail Blazers,4,3,39,Made Shot,Driving Floating Jump Shot,2PT Field Goal,In The Paint (Non-RA),Center(C),Less Than 8 ft.,4.0,40.0,18.0,1,1,20161130,POR,IND
Shot Chart Detail,0021600298,14,203090,Maurice Harkless,1610612757,Portland Trail Blazers,1,10,17,Missed Shot,Driving Layup Shot,2PT Field Goal,Restricted Area,Center(C),Less Than 8 ft.,2.0,25.0,2.0,1,0,20161203,POR,MIA
Shot Chart Detail,0021600298,24,203090,Maurice Harkless,1610612757,Portland Trail Blazers,1,8,47,Made Shot,Jump Shot,3PT Field Goal,Above the Break 3,Left Side Center(LC),24+ ft.,24.0,-125.0,213.0,1,1,20161203,POR,MIA
Shot Chart Detail,0021600298,32,203090,Maurice Harkless,1610612757,Portland Trail Blazers,1,7,18,Missed Shot,Jump Shot,3PT Field Goal,Left Corner 3,Left Side(L),24+ ft.,22.0,-228.0,21.0,1,0,20161203,POR,MIA
Shot Chart Detail,0021600298,197,203090,Maurice Harkless,1610612757,Portland Trail Blazers,2,5,55,Made Shot,Jump Bank Shot,2PT Field Goal,In The Paint (Non-RA),Center(C),Less Than 8 ft.,4.0,46.0,7.0,1,1,20161203,POR,MIA
Shot Chart Detail,0021600298,239,203090,Maurice Harkless,1610612757,Portland Trail Blazers,2,2,47,Made Shot,Pullup Jump shot,2PT Field Goal,Mid-Range,Left Side Center(LC),16-24 ft.,17.0,-96.0,149.0,1,1,20161203,POR,MIA
Shot Chart Detail,0021600298,261,203090,Maurice Harkless,1610612757,Portland Trail Blazers,2,1,4,Made Shot,Dunk Shot,2PT Field Goal,Restricted Area,Center(C),Less Than 8 ft.,0.0,0.0,1.0,1,1,20161203,POR,MIA
Shot Chart Detail,0021600298,281,203090,Maurice Harkless,1610612757,Portland Trail Blazers,3,10,52,Missed Shot,Driving Hook Shot,2PT Field Goal,In The Paint (Non-RA),Center(C),Less Than 8 ft.,4.0,48.0,0.0,1,0,20161203,POR,MIA
Shot Chart Detail,0021600298,282,203090,Maurice Harkless,1610612757,Portland Trail Blazers,3,10,51,Missed Shot,Tip Layup Shot,2PT Field Goal,Restricted Area,Center(C),Less Than 8 ft.,0.0,-1.0,-1.0,1,0,20161203,POR,MIA
Shot Chart Detail,0021600298,286,203090,Maurice Harkless,1610612757,Portland Trail Blazers,3,10,8,Missed Shot,Turnaround Fadeaway shot,2PT Field Goal,In The Paint (Non-RA),Right Side(R),8-16 ft.,8.0,48.0,65.0,1,0,20161203,POR,MIA
Shot Chart Detail,0021600298,311,203090,Maurice Harkless,1610612757,Portland Trail Blazers,3,7,47,Missed Shot,Jump Shot,3PT Field Goal,Right Corner 3,Right Side(R),24+ ft.,23.0,232.0,51.0,1,0,20161203,POR,MIA
Shot Chart Detail,0021600298,325,203090,Maurice Harkless,1610612757,Portland Trail Blazers,3,6,16,Made Shot,Running Dunk Shot,2PT Field Goal,Restricted Area,Center(C),Less Than 8 ft.,0.0,0.0,1.0,1,1,20161203,POR,MIA
Shot Chart Detail,0021600298,487,203090,Maurice Harkless,1610612757,Portland Trail Blazers,4,1,22,Made Shot,Turnaround Bank shot,2PT Field Goal,Restricted Area,Center(C),Less Than 8 ft.,2.0,-24.0,16.0,1,1,20161203,POR,MIA
Shot Chart Detail,0021600308,11,203090,Maurice Harkless,1610612757,Portland Trail Blazers,1,10,21,Made Shot,Driving Layup Shot,2PT Field Goal,Restricted Area,Center(C),Less Than 8 ft.,2.0,-19.0,7.0,1,1,20161205,CHI,POR
Shot Chart Detail,0021600308,19,203090,Maurice Harkless,1610612757,Portland Trail Blazers,1,8,49,Missed Shot,Jump Shot,3PT Field Goal,Above the Break 3,Center(C),24+ ft.,24.0,48.0,242.0,1,0,20161205,CHI,POR
Shot Chart Detail,0021600308,34,203090,Maurice Harkless,1610612757,Portland Trail Blazers,1,7,24,Missed Shot,Layup Shot,2PT Field Goal,Restricted Area,Center(C),Less Than 8 ft.,1.0,14.0,7.0,1,0,20161205,CHI,POR
Shot Chart Detail,0021600308,182,203090,Maurice Harkless,1610612757,Portland Trail Blazers,2,5,48,Made Shot,Running Layup Shot,2PT Field Goal,Restricted Area,Center(C),Less Than 8 ft.,1.0,12.0,8.0,1,1,20161205,CHI,POR
Shot Chart Detail,0021600308,193,203090,Maurice Harkless,1610612757,Portland Trail Blazers,2,5,3,Made Shot,Jump Shot,3PT Field Goal,Above the Break 3,Center(C),24+ ft.,24.0,-7.0,247.0,1,1,20161205,CHI,POR
Shot Chart Detail,0021600308,199,203090,Maurice Harkless,1610612757,Portland Trail Blazers,2,4,10,Made Shot,Jump Shot,2PT Field Goal,Restricted Area,Center(C),Less Than 8 ft.,3.0,35.0,13.0,1,1,20161205,CHI,POR
Shot Chart Detail,0021600308,236,203090,Maurice Harkless,1610612757,Portland Trail Blazers,2,0,52,Missed Shot,Jump Shot,3PT Field Goal,Above the Break 3,Left Side Center(LC),24+ ft.,25.0,-153.0,198.0,1,0,20161205,CHI,POR
Shot Chart Detail,0021600308,258,203090,Maurice Harkless,1610612757,Portland Trail Blazers,2,0,3,Missed Shot,Jump Shot,2PT Field Goal,In The Paint (Non-RA),Center(C),Less Than 8 ft.,5.0,-7.0,56.0,1,0,20161205,CHI,POR
Shot Chart Detail,0021600308,260,203090,Maurice Harkless,1610612757,Portland Trail Blazers,2,0,1,Missed Shot,Tip Layup Shot,2PT Field Goal,Restricted Area,Center(C),Less Than 8 ft.,1.0,-1.0,16.0,1,0,20161205,CHI,POR
Shot Chart Detail,0021600308,502,203090,Maurice Harkless,1610612757,Portland Trail Blazers,4,5,19,Missed Shot,Driving Layup Shot,2PT Field Goal,Restricted Area,Center(C),Less Than 8 ft.,1.0,14.0,13.0,1,0,20161205,CHI,POR
Shot Chart Detail,0021600308,521,203090,Maurice Harkless,1610612757,Portland Trail Blazers,4,3,32,Missed Shot,Jump Shot,3PT Field Goal,Right Corner 3,Right Side(R),24+ ft.,23.0,232.0,-6.0,1,0,20161205,CHI,POR
Shot Chart Detail,0021600325,12,203090,Maurice Harkless,1610612757,Portland Trail Blazers,1,9,46,Made Shot,Jump Shot,3PT Field Goal,Left Corner 3,Left Side(L),24+ ft.,24.0,-243.0,-5.0,1,1,20161207,MIL,POR
Shot Chart Detail,0021600325,30,203090,Maurice Harkless,1610612757,Portland Trail Blazers,1,8,3,Made Shot,Running Dunk Shot,2PT Field Goal,Restricted Area,Center(C),Less Than 8 ft.,0.0,0.0,1.0,1,1,20161207,MIL,POR
Shot Chart Detail,0021600325,32,203090,Maurice Harkless,1610612757,Portland Trail Blazers,1,7,52,Missed Shot,Layup Shot,2PT Field Goal,Restricted Area,Center(C),Less Than 8 ft.,1.0,9.0,-11.0,1,0,20161207,MIL,POR
Shot Chart Detail,0021600325,43,203090,Maurice Harkless,1610612757,Portland Trail Blazers,1,6,26,Missed Shot,Jump Shot,3PT Field Goal,Above the Break 3,Right Side Center(RC),24+ ft.,25.0,192.0,165.0,1,0,20161207,MIL,POR
Shot Chart Detail,0021600325,46,203090,Maurice Harkless,1610612757,Portland Trail Blazers,1,6,7,Missed Shot,Jump Shot,3PT Field Goal,Above the Break 3,Right Side Center(RC),24+ ft.,24.0,197.0,146.0,1,0,20161207,MIL,POR
Shot Chart Detail,0021600325,60,203090,Maurice Harkless,1610612757,Portland Trail Blazers,1,5,7,Made Shot,Layup Shot,2PT Field Goal,Restricted Area,Center(C),Less Than 8 ft.,0.0,-2.0,2.0,1,1,20161207,MIL,POR
Shot Chart Detail,0021600325,62,203090,Maurice Harkless,1610612757,Portland Trail Blazers,1,4,27,Missed Shot,Layup Shot,2PT Field Goal,Restricted Area,Center(C),Less Than 8 ft.,0.0,0.0,-1.0,1,0,20161207,MIL,POR
Shot Chart Detail,0021600325,190,203090,Maurice Harkless,1610612757,Portland Trail Blazers,2,3,23,Missed Shot,Driving Hook Shot,2PT Field Goal,In The Paint (Non-RA),Center(C),Less Than 8 ft.,4.0,-43.0,21.0,1,0,20161207,MIL,POR
Shot Chart Detail,0021600325,204,203090,Maurice Harkless,1610612757,Portland Trail Blazers,2,2,30,Missed Shot,Layup Shot,2PT Field Goal,Restricted Area,Center(C),Less Than 8 ft.,1.0,-9.0,7.0,1,0,20161207,MIL,POR
Shot Chart Detail,0021600325,253,203090,Maurice Harkless,1610612757,Portland Trail Blazers,3,10,37,Missed Shot,Jump Shot,3PT Field Goal,Right Corner 3,Right Side(R),24+ ft.,25.0,241.0,70.0,1,0,20161207,MIL,POR
Shot Chart Detail,0021600325,315,203090,Maurice Harkless,1610612757,Portland Trail Blazers,3,4,22,Missed Shot,Jump Shot,3PT Field Goal,Above the Break 3,Left Side Center(LC),24+ ft.,27.0,-183.0,205.0,1,0,20161207,MIL,POR
Shot Chart Detail,0021600325,428,203090,Maurice Harkless,1610612757,Portland Trail Blazers,4,8,4,Made Shot,Reverse Layup Shot,2PT Field Goal,Restricted Area,Center(C),Less Than 8 ft.,0.0,0.0,3.0,1,1,20161207,MIL,POR
Shot Chart Detail,0021600325,511,203090,Maurice Harkless,1610612757,Portland Trail Blazers,4,1,14,Made Shot,Putback Dunk Shot,2PT Field Goal,Restricted Area,Center(C),Less Than 8 ft.,0.0,0.0,1.0,1,1,20161207,MIL,POR
Shot Chart Detail,0021600348,2,203090,Maurice Harkless,1610612757,Portland Trail Blazers,1,11,40,Made Shot,Driving Layup Shot,2PT Field Goal,Restricted Area,Center(C),Less Than 8 ft.,2.0,-17.0,11.0,1,1,20161210,IND,POR
Shot Chart Detail,0021600348,34,203090,Maurice Harkless,1610612757,Portland Trail Blazers,1,7,33,Missed Shot,Jump Shot,3PT Field Goal,Above the Break 3,Right Side Center(RC),24+ ft.,25.0,194.0,164.0,1,0,20161210,IND,POR
Shot Chart Detail,0021600348,191,203090,Maurice Harkless,1610612757,Portland Trail Blazers,2,5,14,Made Shot,Layup Shot,2PT Field Goal,Restricted Area,Center(C),Less Than 8 ft.,3.0,-34.0,16.0,1,1,20161210,IND,POR
Shot Chart Detail,0021600348,217,203090,Maurice Harkless,1610612757,Portland Trail Blazers,2,2,52,Made Shot,Jump Shot,3PT Field Goal,Left Corner 3,Left Side(L),24+ ft.,24.0,-245.0,11.0,1,1,20161210,IND,POR
Shot Chart Detail,0021600348,254,203090,Maurice Harkless,1610612757,Portland Trail Blazers,2,0,0,Missed Shot,Layup Shot,2PT Field Goal,Restricted Area,Center(C),Less Than 8 ft.,2.0,-9.0,21.0,1,0,20161210,IND,POR
Shot Chart Detail,0021600348,264,203090,Maurice Harkless,1610612757,Portland Trail Blazers,3,10,51,Missed Shot,Jump Shot,3PT Field Goal,Right Corner 3,Right Side(R),24+ ft.,23.0,232.0,11.0,1,0,20161210,IND,POR
Shot Chart Detail,0021600348,455,203090,Maurice Harkless,1610612757,Portland Trail Blazers,4,3,29,Missed Shot,Jump Shot,3PT Field Goal,Above the Break 3,Center(C),24+ ft.,26.0,9.0,262.0,1,0,20161210,IND,POR
Shot Chart Detail,0021600366,10,203090,Maurice Harkless,1610612757,Portland Trail Blazers,1,10,30,Missed Shot,Layup Shot,2PT Field Goal,Restricted Area,Center(C),Less Than 8 ft.,2.0,-6.0,21.0,1,0,20161212,LAC,POR
Shot Chart Detail,0021600366,14,203090,Maurice Harkless,1610612757,Portland Trail Blazers,1,10,22,Made Shot,Layup Shot,2PT Field Goal,Restricted Area,Center(C),Less Than 8 ft.,0.0,1.0,8.0,1,1,20161212,LAC,POR
Shot Chart Detail,0021600366,42,203090,Maurice Harkless,1610612757,Portland Trail Blazers,1,7,33,Made Shot,Running Dunk Shot,2PT Field Goal,Restricted Area,Center(C),Less Than 8 ft.,0.0,0.0,1.0,1,1,20161212,LAC,POR
Shot Chart Detail,0021600366,44,203090,Maurice Harkless,1610612757,Portland Trail Blazers,1,6,56,Missed Shot,Layup Shot,2PT Field Goal,Restricted Area,Center(C),Less Than 8 ft.,2.0,12.0,21.0,1,0,20161212,LAC,POR
Shot Chart Detail,0021600366,244,203090,Maurice Harkless,1610612757,Portland Trail Blazers,2,0,41,Made Shot,Cutting Layup Shot,2PT Field Goal,Restricted Area,Center(C),Less Than 8 ft.,2.0,10.0,23.0,1,1,20161212,LAC,POR
Shot Chart Detail,0021600366,274,203090,Maurice Harkless,1610612757,Portland Trail Blazers,3,10,4,Missed Shot,Jump Shot,3PT Field Goal,Above the Break 3,Left Side Center(LC),24+ ft.,26.0,-161.0,208.0,1,0,20161212,LAC,POR
Shot Chart Detail,0021600366,303,203090,Maurice Harkless,1610612757,Portland Trail Blazers,3,6,8,Missed Shot,Tip Layup Shot,2PT Field Goal,Restricted Area,Center(C),Less Than 8 ft.,0.0,-2.0,-5.0,1,0,20161212,LAC,POR
Shot Chart Detail,0021600373,26,203090,Maurice Harkless,1610612757,Portland Trail Blazers,1,9,7,Made Shot,Driving Layup Shot,2PT Field Goal,Restricted Area,Center(C),Less Than 8 ft.,1.0,-19.0,-1.0,1,1,20161213,POR,OKC
Shot Chart Detail,0021600373,49,203090,Maurice Harkless,1610612757,Portland Trail Blazers,1,6,33,Made Shot,Jump Shot,3PT Field Goal,Above the Break 3,Right Side Center(RC),24+ ft.,25.0,187.0,169.0,1,1,20161213,POR,OKC
Shot Chart Detail,0021600373,195,203090,Maurice Harkless,1610612757,Portland Trail Blazers,2,8,10,Missed Shot,Jump Shot,3PT Field Goal,Above the Break 3,Center(C),24+ ft.,24.0,45.0,237.0,1,0,20161213,POR,OKC
Shot Chart Detail,0021600373,261,203090,Maurice Harkless,1610612757,Portland Trail Blazers,2,2,59,Made Shot,Cutting Dunk Shot,2PT Field Goal,Restricted Area,Center(C),Less Than 8 ft.,0.0,0.0,1.0,1,1,20161213,POR,OKC
Shot Chart Detail,0021600373,283,203090,Maurice Harkless,1610612757,Portland Trail Blazers,2,1,41,Missed Shot,Driving Reverse Layup Shot,2PT Field Goal,Restricted Area,Center(C),Less Than 8 ft.,2.0,-27.0,-11.0,1,0,20161213,POR,OKC
Shot Chart Detail,0021600373,311,203090,Maurice Harkless,1610612757,Portland Trail Blazers,3,11,46,Missed Shot,Alley Oop Layup shot,2PT Field Goal,Restricted Area,Center(C),Less Than 8 ft.,1.0,17.0,-6.0,1,0,20161213,POR,OKC
Shot Chart Detail,0021600373,330,203090,Maurice Harkless,1610612757,Portland Trail Blazers,3,9,6,Made Shot,Pullup Jump shot,2PT Field Goal,Mid-Range,Right Side(R),16-24 ft.,17.0,174.0,2.0,1,1,20161213,POR,OKC
Shot Chart Detail,0021600373,340,203090,Maurice Harkless,1610612757,Portland Trail Blazers,3,7,40,Missed Shot,Jump Shot,3PT Field Goal,Above the Break 3,Right Side Center(RC),24+ ft.,24.0,207.0,129.0,1,0,20161213,POR,OKC
Shot Chart Detail,0021600373,349,203090,Maurice Harkless,1610612757,Portland Trail Blazers,3,6,32,Made Shot,Running Layup Shot,2PT Field Goal,Restricted Area,Center(C),Less Than 8 ft.,0.0,0.0,1.0,1,1,20161213,POR,OKC
Shot Chart Detail,0021600373,351,203090,Maurice Harkless,1610612757,Portland Trail Blazers,3,6,21,Missed Shot,Driving Layup Shot,2PT Field Goal,Restricted Area,Center(C),Less Than 8 ft.,1.0,-12.0,8.0,1,0,20161213,POR,OKC
Shot Chart Detail,0021600386,20,203090,Maurice Harkless,1610612757,Portland Trail Blazers,1,8,55,Made Shot,Jump Shot,3PT Field Goal,Right Corner 3,Right Side(R),24+ ft.,22.0,227.0,11.0,1,1,20161215,DEN,POR
Shot Chart Detail,0021600386,214,203090,Maurice Harkless,1610612757,Portland Trail Blazers,2,5,28,Missed Shot,Layup Shot,2PT Field Goal,Restricted Area,Center(C),Less Than 8 ft.,2.0,-25.0,2.0,1,0,20161215,DEN,POR
Shot Chart Detail,0021600386,299,203090,Maurice Harkless,1610612757,Portland Trail Blazers,3,11,38,Missed Shot,Jump Shot,3PT Field Goal,Above the Break 3,Right Side Center(RC),24+ ft.,25.0,145.0,210.0,1,0,20161215,DEN,POR
Shot Chart Detail,0021600386,306,203090,Maurice Harkless,1610612757,Portland Trail Blazers,3,11,11,Missed Shot,Jump Shot,2PT Field Goal,In The Paint (Non-RA),Center(C),Less Than 8 ft.,5.0,-53.0,26.0,1,0,20161215,DEN,POR
Shot Chart Detail,0021600386,369,203090,Maurice Harkless,1610612757,Portland Trail Blazers,3,5,19,Missed Shot,Jump Shot,3PT Field Goal,Above the Break 3,Right Side Center(RC),24+ ft.,25.0,189.0,174.0,1,0,20161215,DEN,POR
Shot Chart Detail,0021600386,457,203090,Maurice Harkless,1610612757,Portland Trail Blazers,4,11,0,Made Shot,Running Dunk Shot,2PT Field Goal,Restricted Area,Center(C),Less Than 8 ft.,0.0,0.0,1.0,1,1,20161215,DEN,POR
Shot Chart Detail,0021600386,463,203090,Maurice Harkless,1610612757,Portland Trail Blazers,4,10,31,Made Shot,Cutting Layup Shot,2PT Field Goal,Restricted Area,Center(C),Less Than 8 ft.,1.0,10.0,2.0,1,1,20161215,DEN,POR
Shot Chart Detail,0021600405,31,203090,Maurice Harkless,1610612757,Portland Trail Blazers,1,8,52,Made Shot,Driving Layup Shot,2PT Field Goal,Restricted Area,Center(C),Less Than 8 ft.,1.0,-4.0,11.0,1,1,20161217,GSW,POR
Shot Chart Detail,0021600405,33,203090,Maurice Harkless,1610612757,Portland Trail Blazers,1,8,24,Made Shot,Jump Shot,2PT Field Goal,Mid-Range,Center(C),8-16 ft.,15.0,17.0,154.0,1,1,20161217,GSW,POR
Shot Chart Detail,0021600405,38,203090,Maurice Harkless,1610612757,Portland Trail Blazers,1,7,59,Made Shot,Jump Bank Shot,3PT Field Goal,Above the Break 3,Left Side Center(LC),24+ ft.,25.0,-147.0,205.0,1,1,20161217,GSW,POR
Shot Chart Detail,0021600405,44,203090,Maurice Harkless,1610612757,Portland Trail Blazers,1,6,46,Missed Shot,Jump Shot,3PT Field Goal,Above the Break 3,Right Side Center(RC),24+ ft.,27.0,207.0,174.0,1,0,20161217,GSW,POR
Shot Chart Detail,0021600405,50,203090,Maurice Harkless,1610612757,Portland Trail Blazers,1,5,58,Missed Shot,Jump Shot,2PT Field Goal,In The Paint (Non-RA),Center(C),Less Than 8 ft.,4.0,4.0,41.0,1,0,20161217,GSW,POR
Shot Chart Detail,0021600405,105,203090,Maurice Harkless,1610612757,Portland Trail Blazers,1,2,42,Made Shot,Driving Hook Shot,2PT Field Goal,In The Paint (Non-RA),Center(C),Less Than 8 ft.,4.0,-12.0,43.0,1,1,20161217,GSW,POR
Shot Chart Detail,0021600405,124,203090,Maurice Harkless,1610612757,Portland Trail Blazers,1,1,2,Missed Shot,Finger Roll Layup Shot,2PT Field Goal,Restricted Area,Center(C),Less Than 8 ft.,2.0,9.0,28.0,1,0,20161217,GSW,POR
Shot Chart Detail,0021600405,266,203090,Maurice Harkless,1610612757,Portland Trail Blazers,2,0,0,Made Shot,Pullup Jump shot,3PT Field Goal,Above the Break 3,Right Side Center(RC),24+ ft.,28.0,173.0,223.0,1,1,20161217,GSW,POR
Shot Chart Detail,0021600405,271,203090,Maurice Harkless,1610612757,Portland Trail Blazers,3,11,46,Missed Shot,Running Jump Shot,2PT Field Goal,In The Paint (Non-RA),Center(C),8-16 ft.,9.0,-30.0,90.0,1,0,20161217,GSW,POR
Shot Chart Detail,0021600405,306,203090,Maurice Harkless,1610612757,Portland Trail Blazers,3,7,50,Missed Shot,Pullup Jump shot,3PT Field Goal,Above the Break 3,Left Side Center(LC),24+ ft.,26.0,-179.0,193.0,1,0,20161217,GSW,POR
Shot Chart Detail,0021600405,309,203090,Maurice Harkless,1610612757,Portland Trail Blazers,3,7,25,Missed Shot,Reverse Layup Shot,2PT Field Goal,Restricted Area,Center(C),Less Than 8 ft.,2.0,19.0,16.0,1,0,20161217,GSW,POR
Shot Chart Detail,0021600405,331,203090,Maurice Harkless,1610612757,Portland Trail Blazers,3,5,51,Made Shot,Layup Shot,2PT Field Goal,Restricted Area,Center(C),Less Than 8 ft.,1.0,14.0,7.0,1,1,20161217,GSW,POR
Shot Chart Detail,0021600405,350,203090,Maurice Harkless,1610612757,Portland Trail Blazers,3,4,13,Made Shot,Jump Shot,3PT Field Goal,Above the Break 3,Left Side Center(LC),24+ ft.,25.0,-104.0,232.0,1,1,20161217,GSW,POR
Shot Chart Detail,0021600405,355,203090,Maurice Harkless,1610612757,Portland Trail Blazers,3,3,23,Missed Shot,Jump Shot,3PT Field Goal,Above the Break 3,Left Side Center(LC),24+ ft.,25.0,-130.0,224.0,1,0,20161217,GSW,POR
Shot Chart Detail,0021600405,370,203090,Maurice Harkless,1610612757,Portland Trail Blazers,3,2,27,Missed Shot,Jump Shot,3PT Field Goal,Above the Break 3,Left Side Center(LC),24+ ft.,26.0,-187.0,183.0,1,0,20161217,GSW,POR
Shot Chart Detail,0021600428,3,203090,Maurice Harkless,1610612757,Portland Trail Blazers,1,11,44,Made Shot,Putback Dunk Shot,2PT Field Goal,Restricted Area,Center(C),Less Than 8 ft.,0.0,0.0,1.0,1,1,20161220,SAC,POR
Shot Chart Detail,0021600428,30,203090,Maurice Harkless,1610612757,Portland Trail Blazers,1,8,54,Made Shot,Pullup Jump shot,2PT Field Goal,Mid-Range,Center(C),16-24 ft.,21.0,60.0,208.0,1,1,20161220,SAC,POR
Shot Chart Detail,0021600428,33,203090,Maurice Harkless,1610612757,Portland Trail Blazers,1,8,28,Missed Shot,Jump Shot,3PT Field Goal,Left Corner 3,Left Side(L),24+ ft.,22.0,-225.0,21.0,1,0,20161220,SAC,POR
Shot Chart Detail,0021600428,41,203090,Maurice Harkless,1610612757,Portland Trail Blazers,1,7,11,Missed Shot,Jump Shot,2PT Field Goal,In The Paint (Non-RA),Center(C),Less Than 8 ft.,4.0,-30.0,31.0,1,0,20161220,SAC,POR
Shot Chart Detail,0021600428,42,203090,Maurice Harkless,1610612757,Portland Trail Blazers,1,7,10,Missed Shot,Tip Layup Shot,2PT Field Goal,Restricted Area,Center(C),Less Than 8 ft.,2.0,-19.0,8.0,1,0,20161220,SAC,POR
Shot Chart Detail,0021600428,52,203090,Maurice Harkless,1610612757,Portland Trail Blazers,1,5,32,Made Shot,Cutting Layup Shot,2PT Field Goal,Restricted Area,Center(C),Less Than 8 ft.,2.0,-22.0,11.0,1,1,20161220,SAC,POR
Shot Chart Detail,0021600428,155,203090,Maurice Harkless,1610612757,Portland Trail Blazers,2,8,0,Made Shot,Layup Shot,2PT Field Goal,In The Paint (Non-RA),Center(C),Less Than 8 ft.,5.0,-2.0,51.0,1,1,20161220,SAC,POR
Shot Chart Detail,0021600428,509,203090,Maurice Harkless,1610612757,Portland Trail Blazers,4,5,46,Missed Shot,Layup Shot,2PT Field Goal,Restricted Area,Center(C),Less Than 8 ft.,2.0,-14.0,21.0,1,0,20161220,SAC,POR
Shot Chart Detail,0021600428,534,203090,Maurice Harkless,1610612757,Portland Trail Blazers,4,3,7,Made Shot,Layup Shot,2PT Field Goal,Restricted Area,Center(C),Less Than 8 ft.,2.0,-19.0,21.0,1,1,20161220,SAC,POR
Shot Chart Detail,0021600436,10,203090,Maurice Harkless,1610612757,Portland Trail Blazers,1,10,24,Missed Shot,Jump Shot,3PT Field Goal,Left Corner 3,Left Side(L),24+ ft.,22.0,-227.0,18.0,1,0,20161221,POR,DAL
Shot Chart Detail,0021600436,24,203090,Maurice Harkless,1610612757,Portland Trail Blazers,1,8,45,Missed Shot,Turnaround Hook Shot,2PT Field Goal,Restricted Area,Center(C),Less Than 8 ft.,3.0,20.0,31.0,1,0,20161221,POR,DAL
Shot Chart Detail,0021600436,26,203090,Maurice Harkless,1610612757,Portland Trail Blazers,1,8,44,Made Shot,Putback Layup Shot,2PT Field Goal,Restricted Area,Center(C),Less Than 8 ft.,1.0,-14.0,-1.0,1,1,20161221,POR,DAL
Shot Chart Detail,0021600436,57,203090,Maurice Harkless,1610612757,Portland Trail Blazers,1,5,46,Missed Shot,Jump Shot,3PT Field Goal,Left Corner 3,Left Side(L),24+ ft.,23.0,-230.0,46.0,1,0,20161221,POR,DAL
Shot Chart Detail,0021600436,101,203090,Maurice Harkless,1610612757,Portland Trail Blazers,1,1,41,Made Shot,Running Dunk Shot,2PT Field Goal,Restricted Area,Center(C),Less Than 8 ft.,1.0,-4.0,-16.0,1,1,20161221,POR,DAL
Shot Chart Detail,0021600436,109,203090,Maurice Harkless,1610612757,Portland Trail Blazers,1,1,11,Missed Shot,Jump Shot,3PT Field Goal,Right Corner 3,Right Side(R),24+ ft.,23.0,232.0,16.0,1,0,20161221,POR,DAL
Shot Chart Detail,0021600436,185,203090,Maurice Harkless,1610612757,Portland Trail Blazers,2,5,35,Made Shot,Hook Shot,2PT Field Goal,Restricted Area,Center(C),Less Than 8 ft.,2.0,-29.0,0.0,1,1,20161221,POR,DAL
Shot Chart Detail,0021600436,190,203090,Maurice Harkless,1610612757,Portland Trail Blazers,2,5,35,Missed Shot,Tip Layup Shot,2PT Field Goal,Restricted Area,Center(C),Less Than 8 ft.,0.0,0.0,5.0,1,0,20161221,POR,DAL
Shot Chart Detail,0021600436,355,203090,Maurice Harkless,1610612757,Portland Trail Blazers,3,3,58,Missed Shot,Jump Shot,3PT Field Goal,Left Corner 3,Left Side(L),24+ ft.,22.0,-222.0,11.0,1,0,20161221,POR,DAL
Shot Chart Detail,0021600454,8,203090,Maurice Harkless,1610612757,Portland Trail Blazers,1,11,2,Missed Shot,Jump Shot,3PT Field Goal,Left Corner 3,Left Side(L),24+ ft.,23.0,-235.0,41.0,1,0,20161223,POR,SAS
Shot Chart Detail,0021600454,22,203090,Maurice Harkless,1610612757,Portland Trail Blazers,1,9,50,Made Shot,Cutting Layup Shot,2PT Field Goal,Restricted Area,Center(C),Less Than 8 ft.,1.0,-12.0,2.0,1,1,20161223,POR,SAS
Shot Chart Detail,0021600454,137,203090,Maurice Harkless,1610612757,Portland Trail Blazers,2,11,8,Made Shot,Dunk Shot,2PT Field Goal,Restricted Area,Center(C),Less Than 8 ft.,0.0,0.0,1.0,1,1,20161223,POR,SAS
Shot Chart Detail,0021600454,158,203090,Maurice Harkless,1610612757,Portland Trail Blazers,2,9,36,Missed Shot,Driving Layup Shot,2PT Field Goal,Restricted Area,Center(C),Less Than 8 ft.,0.0,4.0,-6.0,1,0,20161223,POR,SAS
Shot Chart Detail,0021600454,182,203090,Maurice Harkless,1610612757,Portland Trail Blazers,2,6,48,Made Shot,Pullup Jump shot,2PT Field Goal,Mid-Range,Center(C),16-24 ft.,19.0,6.0,195.0,1,1,20161223,POR,SAS
Shot Chart Detail,0021600454,297,203090,Maurice Harkless,1610612757,Portland Trail Blazers,3,8,45,Missed Shot,Driving Hook Shot,2PT Field Goal,In The Paint (Non-RA),Right Side(R),8-16 ft.,8.0,78.0,23.0,1,0,20161223,POR,SAS
Shot Chart Detail,0021600454,308,203090,Maurice Harkless,1610612757,Portland Trail Blazers,3,7,49,Made Shot,Cutting Dunk Shot,2PT Field Goal,Restricted Area,Center(C),Less Than 8 ft.,0.0,0.0,1.0,1,1,20161223,POR,SAS
Shot Chart Detail,0021600454,461,203090,Maurice Harkless,1610612757,Portland Trail Blazers,4,5,51,Missed Shot,Jump Shot,3PT Field Goal,Above the Break 3,Right Side Center(RC),24+ ft.,24.0,207.0,124.0,1,0,20161223,POR,SAS
Shot Chart Detail,0021600469,15,203090,Maurice Harkless,1610612757,Portland Trail Blazers,1,10,39,Made Shot,Cutting Layup Shot,2PT Field Goal,Restricted Area,Center(C),Less Than 8 ft.,1.0,14.0,-1.0,1,1,20161226,POR,TOR
Shot Chart Detail,0021600469,33,203090,Maurice Harkless,1610612757,Portland Trail Blazers,1,9,7,Missed Shot,Alley Oop Layup shot,2PT Field Goal,Restricted Area,Center(C),Less Than 8 ft.,2.0,25.0,3.0,1,0,20161226,POR,TOR
Shot Chart Detail,0021600469,51,203090,Maurice Harkless,1610612757,Portland Trail Blazers,1,7,3,Missed Shot,Reverse Layup Shot,2PT Field Goal,Restricted Area,Center(C),Less Than 8 ft.,2.0,28.0,2.0,1,0,20161226,POR,TOR
Shot Chart Detail,0021600469,176,203090,Maurice Harkless,1610612757,Portland Trail Blazers,2,6,1,Missed Shot,Jump Shot,3PT Field Goal,Above the Break 3,Left Side Center(LC),24+ ft.,25.0,-215.0,129.0,1,0,20161226,POR,TOR
Shot Chart Detail,0021600469,226,203090,Maurice Harkless,1610612757,Portland Trail Blazers,2,0,57,Missed Shot,Driving Hook Shot,2PT Field Goal,In The Paint (Non-RA),Center(C),Less Than 8 ft.,4.0,-42.0,11.0,1,0,20161226,POR,TOR
Shot Chart Detail,0021600469,269,203090,Maurice Harkless,1610612757,Portland Trail Blazers,3,8,59,Made Shot,Running Dunk Shot,2PT Field Goal,Restricted Area,Center(C),Less Than 8 ft.,0.0,0.0,1.0,1,1,20161226,POR,TOR
Shot Chart Detail,0021600469,276,203090,Maurice Harkless,1610612757,Portland Trail Blazers,3,8,43,Made Shot,Dunk Shot,2PT Field Goal,Restricted Area,Center(C),Less Than 8 ft.,0.0,0.0,1.0,1,1,20161226,POR,TOR
Shot Chart Detail,0021600469,305,203090,Maurice Harkless,1610612757,Portland Trail Blazers,3,5,6,Made Shot,Cutting Dunk Shot,2PT Field Goal,Restricted Area,Center(C),Less Than 8 ft.,0.0,0.0,1.0,1,1,20161226,POR,TOR
Shot Chart Detail,0021600469,328,203090,Maurice Harkless,1610612757,Portland Trail Blazers,3,2,57,Made Shot,Driving Floating Jump Shot,2PT Field Goal,Restricted Area,Center(C),Less Than 8 ft.,3.0,0.0,31.0,1,1,20161226,POR,TOR
Shot Chart Detail,0021600484,3,203090,Maurice Harkless,1610612757,Portland Trail Blazers,1,11,23,Missed Shot,Driving Dunk Shot,2PT Field Goal,Restricted Area,Center(C),Less Than 8 ft.,0.0,0.0,1.0,1,0,20161228,POR,SAC
Shot Chart Detail,0021600484,46,203090,Maurice Harkless,1610612757,Portland Trail Blazers,1,7,15,Made Shot,Jump Shot,3PT Field Goal,Above the Break 3,Center(C),24+ ft.,24.0,48.0,242.0,1,1,20161228,POR,SAC
Shot Chart Detail,0021600484,67,203090,Maurice Harkless,1610612757,Portland Trail Blazers,1,4,43,Made Shot,Alley Oop Dunk Shot,2PT Field Goal,Restricted Area,Center(C),Less Than 8 ft.,0.0,0.0,1.0,1,1,20161228,POR,SAC
Shot Chart Detail,0021600484,93,203090,Maurice Harkless,1610612757,Portland Trail Blazers,1,1,34,Missed Shot,Jump Shot,3PT Field Goal,Left Corner 3,Left Side(L),24+ ft.,22.0,-228.0,13.0,1,0,20161228,POR,SAC
Shot Chart Detail,0021600484,206,203090,Maurice Harkless,1610612757,Portland Trail Blazers,2,4,55,Made Shot,Driving Layup Shot,2PT Field Goal,Restricted Area,Center(C),Less Than 8 ft.,2.0,27.0,7.0,1,1,20161228,POR,SAC
Shot Chart Detail,0021600484,294,203090,Maurice Harkless,1610612757,Portland Trail Blazers,3,7,19,Made Shot,Alley Oop Dunk Shot,2PT Field Goal,Restricted Area,Center(C),Less Than 8 ft.,0.0,0.0,1.0,1,1,20161228,POR,SAC
Shot Chart Detail,0021600484,425,203090,Maurice Harkless,1610612757,Portland Trail Blazers,4,4,16,Made Shot,Jump Shot,3PT Field Goal,Above the Break 3,Right Side Center(RC),24+ ft.,24.0,186.0,160.0,1,1,20161228,POR,SAC
Shot Chart Detail,0021600499,11,203090,Maurice Harkless,1610612757,Portland Trail Blazers,1,10,26,Made Shot,Jump Shot,3PT Field Goal,Above the Break 3,Right Side Center(RC),24+ ft.,23.0,156.0,180.0,1,1,20161230,SAS,POR
Shot Chart Detail,0021600499,54,203090,Maurice Harkless,1610612757,Portland Trail Blazers,1,6,52,Made Shot,Dunk Shot,2PT Field Goal,Restricted Area,Center(C),Less Than 8 ft.,0.0,0.0,1.0,1,1,20161230,SAS,POR
Shot Chart Detail,0021600499,72,203090,Maurice Harkless,1610612757,Portland Trail Blazers,1,4,43,Made Shot,Jump Shot,3PT Field Goal,Above the Break 3,Left Side Center(LC),24+ ft.,25.0,-166.0,188.0,1,1,20161230,SAS,POR
Shot Chart Detail,0021600499,207,203090,Maurice Harkless,1610612757,Portland Trail Blazers,2,5,14,Missed Shot,Tip Layup Shot,2PT Field Goal,Restricted Area,Center(C),Less Than 8 ft.,1.0,9.0,16.0,1,0,20161230,SAS,POR
Shot Chart Detail,0021600499,212,203090,Maurice Harkless,1610612757,Portland Trail Blazers,2,5,0,Made Shot,Driving Finger Roll Layup Shot,2PT Field Goal,Restricted Area,Center(C),Less Than 8 ft.,1.0,-9.0,-5.0,1,1,20161230,SAS,POR
Shot Chart Detail,0021600499,226,203090,Maurice Harkless,1610612757,Portland Trail Blazers,2,3,49,Missed Shot,Jump Shot,3PT Field Goal,Right Corner 3,Right Side(R),24+ ft.,23.0,238.0,-5.0,1,0,20161230,SAS,POR
Shot Chart Detail,0021600499,311,203090,Maurice Harkless,1610612757,Portland Trail Blazers,3,7,6,Made Shot,Jump Shot,2PT Field Goal,Restricted Area,Center(C),Less Than 8 ft.,3.0,-7.0,38.0,1,1,20161230,SAS,POR
Shot Chart Detail,0021600499,466,203090,Maurice Harkless,1610612757,Portland Trail Blazers,4,3,47,Missed Shot,Layup Shot,2PT Field Goal,Restricted Area,Center(C),Less Than 8 ft.,2.0,14.0,18.0,1,0,20161230,SAS,POR
Shot Chart Detail,0021600511,34,203090,Maurice Harkless,1610612757,Portland Trail Blazers,1,8,9,Missed Shot,Jump Shot,3PT Field Goal,Above the Break 3,Left Side Center(LC),24+ ft.,25.0,-94.0,232.0,1,0,20170101,MIN,POR
Shot Chart Detail,0021600511,82,203090,Maurice Harkless,1610612757,Portland Trail Blazers,1,3,36,Made Shot,Running Jump Shot,2PT Field Goal,Mid-Range,Left Side(L),8-16 ft.,10.0,-99.0,41.0,1,1,20170101,MIN,POR
Shot Chart Detail,0021600511,235,203090,Maurice Harkless,1610612757,Portland Trail Blazers,2,0,59,Missed Shot,Cutting Layup Shot,2PT Field Goal,Restricted Area,Center(C),Less Than 8 ft.,2.0,-9.0,18.0,1,0,20170101,MIN,POR
Shot Chart Detail,0021600511,243,203090,Maurice Harkless,1610612757,Portland Trail Blazers,2,0,33,Made Shot,Layup Shot,2PT Field Goal,Restricted Area,Center(C),Less Than 8 ft.,0.0,-1.0,2.0,1,1,20170101,MIN,POR
Shot Chart Detail,0021600511,313,203090,Maurice Harkless,1610612757,Portland Trail Blazers,3,6,7,Missed Shot,Cutting Layup Shot,2PT Field Goal,Restricted Area,Center(C),Less Than 8 ft.,1.0,4.0,16.0,1,0,20170101,MIN,POR
Shot Chart Detail,0021600511,316,203090,Maurice Harkless,1610612757,Portland Trail Blazers,3,5,42,Made Shot,Layup Shot,2PT Field Goal,Restricted Area,Center(C),Less Than 8 ft.,0.0,9.0,0.0,1,1,20170101,MIN,POR
Shot Chart Detail,0021600511,342,203090,Maurice Harkless,1610612757,Portland Trail Blazers,3,2,56,Missed Shot,Jump Shot,3PT Field Goal,Right Corner 3,Right Side(R),24+ ft.,23.0,227.0,51.0,1,0,20170101,MIN,POR
Shot Chart Detail,0021600534,2,203090,Maurice Harkless,1610612757,Portland Trail Blazers,1,11,41,Missed Shot,Jump Shot,2PT Field Goal,In The Paint (Non-RA),Center(C),Less Than 8 ft.,4.0,-14.0,47.0,1,0,20170104,GSW,POR
Shot Chart Detail,0021600534,44,203090,Maurice Harkless,1610612757,Portland Trail Blazers,1,7,19,Made Shot,Jump Shot,3PT Field Goal,Above the Break 3,Right Side Center(RC),24+ ft.,24.0,200.0,134.0,1,1,20170104,GSW,POR
Shot Chart Detail,0021600534,75,203090,Maurice Harkless,1610612757,Portland Trail Blazers,1,6,7,Missed Shot,Tip Layup Shot,2PT Field Goal,Restricted Area,Center(C),Less Than 8 ft.,1.0,6.0,10.0,1,0,20170104,GSW,POR
Shot Chart Detail,0021600534,85,203090,Maurice Harkless,1610612757,Portland Trail Blazers,1,4,52,Made Shot,Jump Shot,3PT Field Goal,Above the Break 3,Left Side Center(LC),24+ ft.,26.0,-189.0,185.0,1,1,20170104,GSW,POR
Shot Chart Detail,0021600534,169,203090,Maurice Harkless,1610612757,Portland Trail Blazers,2,9,49,Made Shot,Layup Shot,2PT Field Goal,Restricted Area,Center(C),Less Than 8 ft.,2.0,19.0,11.0,1,1,20170104,GSW,POR
Shot Chart Detail,0021600534,174,203090,Maurice Harkless,1610612757,Portland Trail Blazers,2,9,13,Missed Shot,Jump Shot,3PT Field Goal,Above the Break 3,Right Side Center(RC),24+ ft.,24.0,156.0,193.0,1,0,20170104,GSW,POR
Shot Chart Detail,0021600534,190,203090,Maurice Harkless,1610612757,Portland Trail Blazers,2,7,18,Missed Shot,Driving Reverse Layup Shot,2PT Field Goal,Restricted Area,Center(C),Less Than 8 ft.,1.0,4.0,11.0,1,0,20170104,GSW,POR
Shot Chart Detail,0021600534,325,203090,Maurice Harkless,1610612757,Portland Trail Blazers,3,10,9,Missed Shot,Layup Shot,2PT Field Goal,Restricted Area,Center(C),Less Than 8 ft.,2.0,20.0,21.0,1,0,20170104,GSW,POR
Shot Chart Detail,0021600534,595,203090,Maurice Harkless,1610612757,Portland Trail Blazers,4,0,5,Made Shot,Tip Layup Shot,2PT Field Goal,Restricted Area,Center(C),Less Than 8 ft.,1.0,4.0,18.0,1,1,20170104,GSW,POR
Shot Chart Detail,0021600542,212,203090,Maurice Harkless,1610612757,Portland Trail Blazers,2,4,36,Made Shot,Dunk Shot,2PT Field Goal,Restricted Area,Center(C),Less Than 8 ft.,0.0,0.0,1.0,1,1,20170105,POR,LAL
Shot Chart Detail,0021600542,238,203090,Maurice Harkless,1610612757,Portland Trail Blazers,2,2,39,Missed Shot,Jump Shot,3PT Field Goal,Right Corner 3,Right Side(R),24+ ft.,23.0,232.0,16.0,1,0,20170105,POR,LAL
Shot Chart Detail,0021600542,241,203090,Maurice Harkless,1610612757,Portland Trail Blazers,2,2,10,Missed Shot,Driving Finger Roll Layup Shot,2PT Field Goal,Restricted Area,Center(C),Less Than 8 ft.,2.0,-16.0,13.0,1,0,20170105,POR,LAL
Shot Chart Detail,0021600542,278,203090,Maurice Harkless,1610612757,Portland Trail Blazers,3,9,17,Made Shot,Driving Dunk Shot,2PT Field Goal,Restricted Area,Center(C),Less Than 8 ft.,0.0,0.0,1.0,1,1,20170105,POR,LAL
Shot Chart Detail,0021600542,289,203090,Maurice Harkless,1610612757,Portland Trail Blazers,3,8,31,Made Shot,Layup Shot,2PT Field Goal,Restricted Area,Center(C),Less Than 8 ft.,1.0,14.0,0.0,1,1,20170105,POR,LAL
Shot Chart Detail,0021600542,298,203090,Maurice Harkless,1610612757,Portland Trail Blazers,3,7,26,Made Shot,Jump Shot,3PT Field Goal,Above the Break 3,Center(C),24+ ft.,25.0,0.0,254.0,1,1,20170105,POR,LAL
Shot Chart Detail,0021600559,7,203090,Maurice Harkless,1610612757,Portland Trail Blazers,1,11,7,Missed Shot,Jump Shot,3PT Field Goal,Above the Break 3,Right Side Center(RC),24+ ft.,24.0,133.0,200.0,1,0,20170108,POR,DET
Shot Chart Detail,0021600559,38,203090,Maurice Harkless,1610612757,Portland Trail Blazers,1,6,28,Missed Shot,Driving Bank Hook Shot,2PT Field Goal,Restricted Area,Center(C),Less Than 8 ft.,2.0,-4.0,28.0,1,0,20170108,POR,DET
Shot Chart Detail,0021600559,243,203090,Maurice Harkless,1610612757,Portland Trail Blazers,3,9,49,Made Shot,Jump Shot,3PT Field Goal,Above the Break 3,Left Side Center(LC),24+ ft.,25.0,-168.0,193.0,1,1,20170108,POR,DET
Shot Chart Detail,0021600559,270,203090,Maurice Harkless,1610612757,Portland Trail Blazers,3,6,30,Missed Shot,Jump Shot,3PT Field Goal,Above the Break 3,Center(C),24+ ft.,26.0,2.0,262.0,1,0,20170108,POR,DET
Shot Chart Detail,0021600577,16,203090,Maurice Harkless,1610612757,Portland Trail Blazers,1,10,1,Made Shot,Running Finger Roll Layup Shot,2PT Field Goal,Restricted Area,Center(C),Less Than 8 ft.,2.0,1.0,26.0,1,1,20170110,LAL,POR
Shot Chart Detail,0021600577,171,203090,Maurice Harkless,1610612757,Portland Trail Blazers,2,8,9,Made Shot,Jump Shot,3PT Field Goal,Left Corner 3,Left Side(L),24+ ft.,23.0,-238.0,-15.0,1,1,20170110,LAL,POR
Shot Chart Detail,0021600577,219,203090,Maurice Harkless,1610612757,Portland Trail Blazers,2,4,7,Made Shot,Cutting Dunk Shot,2PT Field Goal,Restricted Area,Center(C),Less Than 8 ft.,1.0,-5.0,11.0,1,1,20170110,LAL,POR
Shot Chart Detail,0021600577,239,203090,Maurice Harkless,1610612757,Portland Trail Blazers,2,2,12,Missed Shot,Jump Shot,3PT Field Goal,Right Corner 3,Right Side(R),24+ ft.,23.0,235.0,26.0,1,0,20170110,LAL,POR
Shot Chart Detail,0021600577,377,203090,Maurice Harkless,1610612757,Portland Trail Blazers,3,2,4,Made Shot,Jump Shot,2PT Field Goal,Mid-Range,Right Side(R),16-24 ft.,20.0,197.0,52.0,1,1,20170110,LAL,POR
Shot Chart Detail,0021600577,409,203090,Maurice Harkless,1610612757,Portland Trail Blazers,4,10,51,Made Shot,Running Layup Shot,2PT Field Goal,Restricted Area,Center(C),Less Than 8 ft.,2.0,-7.0,23.0,1,1,20170110,LAL,POR
Shot Chart Detail,0021600585,35,203090,Maurice Harkless,1610612757,Portland Trail Blazers,1,6,59,Missed Shot,Layup Shot,2PT Field Goal,Restricted Area,Center(C),Less Than 8 ft.,1.0,14.0,7.0,1,0,20170111,POR,CLE
Shot Chart Detail,0021600585,37,203090,Maurice Harkless,1610612757,Portland Trail Blazers,1,6,56,Missed Shot,Driving Layup Shot,2PT Field Goal,Restricted Area,Center(C),Less Than 8 ft.,0.0,-1.0,2.0,1,0,20170111,POR,CLE
Shot Chart Detail,0021600585,40,203090,Maurice Harkless,1610612757,Portland Trail Blazers,1,6,30,Made Shot,Layup Shot,2PT Field Goal,Restricted Area,Center(C),Less Than 8 ft.,1.0,-12.0,11.0,1,1,20170111,POR,CLE
Shot Chart Detail,0021600585,145,203090,Maurice Harkless,1610612757,Portland Trail Blazers,2,9,35,Missed Shot,Jump Shot,2PT Field Goal,In The Paint (Non-RA),Center(C),Less Than 8 ft.,7.0,-70.0,7.0,1,0,20170111,POR,CLE
Shot Chart Detail,0021600585,149,203090,Maurice Harkless,1610612757,Portland Trail Blazers,2,9,26,Missed Shot,Jump Shot,2PT Field Goal,In The Paint (Non-RA),Center(C),Less Than 8 ft.,5.0,-50.0,7.0,1,0,20170111,POR,CLE
Shot Chart Detail,0021600585,175,203090,Maurice Harkless,1610612757,Portland Trail Blazers,2,7,37,Missed Shot,Jump Shot,3PT Field Goal,Above the Break 3,Right Side Center(RC),24+ ft.,24.0,133.0,205.0,1,0,20170111,POR,CLE
Shot Chart Detail,0021600585,199,203090,Maurice Harkless,1610612757,Portland Trail Blazers,2,5,39,Made Shot,Running Dunk Shot,2PT Field Goal,Restricted Area,Center(C),Less Than 8 ft.,0.0,0.0,1.0,1,1,20170111,POR,CLE
Shot Chart Detail,0021600585,282,203090,Maurice Harkless,1610612757,Portland Trail Blazers,3,11,20,Made Shot,Running Dunk Shot,2PT Field Goal,Restricted Area,Center(C),Less Than 8 ft.,0.0,0.0,1.0,1,1,20170111,POR,CLE
Shot Chart Detail,0021600585,397,203090,Maurice Harkless,1610612757,Portland Trail Blazers,4,10,56,Made Shot,Dunk Shot,2PT Field Goal,Restricted Area,Center(C),Less Than 8 ft.,0.0,0.0,1.0,1,1,20170111,POR,CLE
Shot Chart Detail,0021600585,448,203090,Maurice Harkless,1610612757,Portland Trail Blazers,4,7,17,Made Shot,Jump Shot,3PT Field Goal,Right Corner 3,Right Side(R),24+ ft.,23.0,235.0,11.0,1,1,20170111,POR,CLE
Shot Chart Detail,0021600614,30,203090,Maurice Harkless,1610612757,Portland Trail Blazers,1,8,7,Missed Shot,Jump Shot,3PT Field Goal,Above the Break 3,Right Side Center(RC),24+ ft.,27.0,153.0,223.0,1,0,20170116,WAS,POR
Shot Chart Detail,0021600614,146,203090,Maurice Harkless,1610612757,Portland Trail Blazers,2,11,48,Missed Shot,Jump Shot,3PT Field Goal,Above the Break 3,Center(C),24+ ft.,26.0,-4.0,262.0,1,0,20170116,WAS,POR
Shot Chart Detail,0021600614,153,203090,Maurice Harkless,1610612757,Portland Trail Blazers,2,11,18,Missed Shot,Layup Shot,2PT Field Goal,Restricted Area,Center(C),Less Than 8 ft.,1.0,-4.0,11.0,1,0,20170116,WAS,POR
Shot Chart Detail,0021600614,318,203090,Maurice Harkless,1610612757,Portland Trail Blazers,3,11,37,Missed Shot,Jump Shot,3PT Field Goal,Above the Break 3,Left Side Center(LC),24+ ft.,25.0,-117.0,232.0,1,0,20170116,WAS,POR
Shot Chart Detail,0021600614,337,203090,Maurice Harkless,1610612757,Portland Trail Blazers,3,9,42,Missed Shot,Layup Shot,2PT Field Goal,Restricted Area,Center(C),Less Than 8 ft.,2.0,25.0,3.0,1,0,20170116,WAS,POR
Shot Chart Detail,0021600629,2,203090,Maurice Harkless,1610612757,Portland Trail Blazers,1,11,45,Made Shot,Layup Shot,2PT Field Goal,Restricted Area,Center(C),Less Than 8 ft.,1.0,14.0,-5.0,1,1,20170118,CHA,POR
Shot Chart Detail,0021600629,33,203090,Maurice Harkless,1610612757,Portland Trail Blazers,1,7,43,Made Shot,Driving Layup Shot,2PT Field Goal,Restricted Area,Center(C),Less Than 8 ft.,0.0,-4.0,2.0,1,1,20170118,CHA,POR
Shot Chart Detail,0021600629,35,203090,Maurice Harkless,1610612757,Portland Trail Blazers,1,7,15,Missed Shot,Jump Shot,3PT Field Goal,Above the Break 3,Right Side Center(RC),24+ ft.,24.0,102.0,228.0,1,0,20170118,CHA,POR
Shot Chart Detail,0021600629,50,203090,Maurice Harkless,1610612757,Portland Trail Blazers,1,6,3,Missed Shot,Layup Shot,2PT Field Goal,Restricted Area,Center(C),Less Than 8 ft.,0.0,9.0,2.0,1,0,20170118,CHA,POR
Shot Chart Detail,0021600629,78,203090,Maurice Harkless,1610612757,Portland Trail Blazers,1,3,34,Made Shot,Layup Shot,2PT Field Goal,Restricted Area,Center(C),Less Than 8 ft.,1.0,12.0,2.0,1,1,20170118,CHA,POR
Shot Chart Detail,0021600629,229,203090,Maurice Harkless,1610612757,Portland Trail Blazers,2,2,5,Missed Shot,Jump Shot,2PT Field Goal,Mid-Range,Center(C),16-24 ft.,21.0,-25.0,218.0,1,0,20170118,CHA,POR
Shot Chart Detail,0021600629,274,203090,Maurice Harkless,1610612757,Portland Trail Blazers,3,10,3,Missed Shot,Jump Shot,3PT Field Goal,Left Corner 3,Left Side(L),24+ ft.,23.0,-235.0,36.0,1,0,20170118,CHA,POR
Shot Chart Detail,0021600629,300,203090,Maurice Harkless,1610612757,Portland Trail Blazers,3,7,3,Made Shot,Jump Shot,3PT Field Goal,Above the Break 3,Right Side Center(RC),24+ ft.,24.0,86.0,234.0,1,1,20170118,CHA,POR
Shot Chart Detail,0021600629,308,203090,Maurice Harkless,1610612757,Portland Trail Blazers,3,6,19,Missed Shot,Layup Shot,2PT Field Goal,Restricted Area,Center(C),Less Than 8 ft.,1.0,-1.0,11.0,1,0,20170118,CHA,POR
Shot Chart Detail,0021600629,317,203090,Maurice Harkless,1610612757,Portland Trail Blazers,3,5,5,Missed Shot,Jump Shot,3PT Field Goal,Above the Break 3,Left Side Center(LC),24+ ft.,25.0,-129.0,223.0,1,0,20170118,CHA,POR
Shot Chart Detail,0021600641,85,203090,Maurice Harkless,1610612757,Portland Trail Blazers,1,2,47,Made Shot,Tip Layup Shot,2PT Field Goal,Restricted Area,Center(C),Less Than 8 ft.,1.0,2.0,18.0,1,1,20170120,PHI,POR
Shot Chart Detail,0021600641,93,203090,Maurice Harkless,1610612757,Portland Trail Blazers,1,2,11,Missed Shot,Jump Shot,3PT Field Goal,Above the Break 3,Left Side Center(LC),24+ ft.,25.0,-137.0,218.0,1,0,20170120,PHI,POR
Shot Chart Detail,0021600641,396,203090,Maurice Harkless,1610612757,Portland Trail Blazers,3,1,47,Missed Shot,Jump Shot,2PT Field Goal,Mid-Range,Right Side(R),16-24 ft.,16.0,163.0,2.0,1,0,20170120,PHI,POR
Shot Chart Detail,0021600641,433,203090,Maurice Harkless,1610612757,Portland Trail Blazers,4,10,13,Missed Shot,Layup Shot,2PT Field Goal,Restricted Area,Center(C),Less Than 8 ft.,0.0,2.0,8.0,1,0,20170120,PHI,POR
Shot Chart Detail,0021600641,456,203090,Maurice Harkless,1610612757,Portland Trail Blazers,4,8,26,Missed Shot,Alley Oop Layup shot,2PT Field Goal,Restricted Area,Center(C),Less Than 8 ft.,2.0,-14.0,26.0,1,0,20170120,PHI,POR
Shot Chart Detail,0021600650,114,203090,Maurice Harkless,1610612757,Portland Trail Blazers,1,1,4,Missed Shot,Jump Shot,2PT Field Goal,Mid-Range,Right Side(R),8-16 ft.,10.0,81.0,65.0,1,0,20170121,BOS,POR
Shot Chart Detail,0021600650,408,203090,Maurice Harkless,1610612757,Portland Trail Blazers,3,1,17,Missed Shot,Jump Shot,3PT Field Goal,Left Corner 3,Left Side(L),24+ ft.,24.0,-243.0,3.0,1,0,20170121,BOS,POR
Shot Chart Detail,0021600718,69,203090,Maurice Harkless,1610612757,Portland Trail Blazers,1,4,11,Missed Shot,Layup Shot,2PT Field Goal,Restricted Area,Center(C),Less Than 8 ft.,1.0,1.0,11.0,1,0,20170129,POR,GSW
Shot Chart Detail,0021600718,155,203090,Maurice Harkless,1610612757,Portland Trail Blazers,2,9,32,Made Shot,Layup Shot,2PT Field Goal,Restricted Area,Center(C),Less Than 8 ft.,1.0,14.0,-1.0,1,1,20170129,POR,GSW
Shot Chart Detail,0021600718,157,203090,Maurice Harkless,1610612757,Portland Trail Blazers,2,8,54,Missed Shot,Jump Shot,2PT Field Goal,Mid-Range,Left Side Center(LC),16-24 ft.,20.0,-132.0,159.0,1,0,20170129,POR,GSW
Shot Chart Detail,0021600718,362,203090,Maurice Harkless,1610612757,Portland Trail Blazers,3,3,44,Made Shot,Dunk Shot,2PT Field Goal,Restricted Area,Center(C),Less Than 8 ft.,0.0,0.0,1.0,1,1,20170129,POR,GSW
Shot Chart Detail,0021600718,392,203090,Maurice Harkless,1610612757,Portland Trail Blazers,3,0,36,Missed Shot,Jump Shot,3PT Field Goal,Right Corner 3,Right Side(R),24+ ft.,23.0,230.0,16.0,1,0,20170129,POR,GSW
Shot Chart Detail,0021600718,395,203090,Maurice Harkless,1610612757,Portland Trail Blazers,3,0,15,Made Shot,Layup Shot,2PT Field Goal,Restricted Area,Center(C),Less Than 8 ft.,1.0,14.0,-1.0,1,1,20170129,POR,GSW
Shot Chart Detail,0021600718,420,203090,Maurice Harkless,1610612757,Portland Trail Blazers,4,9,51,Made Shot,Layup Shot,2PT Field Goal,Restricted Area,Center(C),Less Than 8 ft.,1.0,19.0,-1.0,1,1,20170129,POR,GSW
Shot Chart Detail,0021600718,425,203090,Maurice Harkless,1610612757,Portland Trail Blazers,4,8,52,Made Shot,Running Dunk Shot,2PT Field Goal,Restricted Area,Center(C),Less Than 8 ft.,0.0,0.0,1.0,1,1,20170129,POR,GSW
Shot Chart Detail,0021600718,448,203090,Maurice Harkless,1610612757,Portland Trail Blazers,4,7,29,Missed Shot,Jump Shot,3PT Field Goal,Above the Break 3,Right Side Center(RC),24+ ft.,23.0,207.0,120.0,1,0,20170129,POR,GSW
Shot Chart Detail,0021600728,126,203090,Maurice Harkless,1610612757,Portland Trail Blazers,1,0,3,Missed Shot,Tip Layup Shot,2PT Field Goal,Restricted Area,Center(C),Less Than 8 ft.,0.0,4.0,3.0,1,0,20170131,POR,CHA
Shot Chart Detail,0021600728,128,203090,Maurice Harkless,1610612757,Portland Trail Blazers,1,0,1,Made Shot,Putback Layup Shot,2PT Field Goal,Restricted Area,Center(C),Less Than 8 ft.,1.0,4.0,11.0,1,1,20170131,POR,CHA
Shot Chart Detail,0021600728,374,203090,Maurice Harkless,1610612757,Portland Trail Blazers,3,2,34,Made Shot,Driving Layup Shot,2PT Field Goal,Restricted Area,Center(C),Less Than 8 ft.,2.0,20.0,2.0,1,1,20170131,POR,CHA
Shot Chart Detail,0021600728,384,203090,Maurice Harkless,1610612757,Portland Trail Blazers,3,1,31,Missed Shot,Jump Shot,3PT Field Goal,Above the Break 3,Right Side Center(RC),24+ ft.,25.0,186.0,170.0,1,0,20170131,POR,CHA
Shot Chart Detail,0021600728,415,203090,Maurice Harkless,1610612757,Portland Trail Blazers,4,10,11,Missed Shot,Tip Layup Shot,2PT Field Goal,Restricted Area,Center(C),Less Than 8 ft.,1.0,-11.0,3.0,1,0,20170131,POR,CHA
Shot Chart Detail,0021600728,421,203090,Maurice Harkless,1610612757,Portland Trail Blazers,4,9,38,Made Shot,Running Dunk Shot,2PT Field Goal,Restricted Area,Center(C),Less Than 8 ft.,0.0,0.0,1.0,1,1,20170131,POR,CHA
Shot Chart Detail,0021600728,445,203090,Maurice Harkless,1610612757,Portland Trail Blazers,4,7,16,Made Shot,Driving Bank Hook Shot,2PT Field Goal,In The Paint (Non-RA),Center(C),Less Than 8 ft.,5.0,58.0,-1.0,1,1,20170131,POR,CHA
Shot Chart Detail,0021600728,455,203090,Maurice Harkless,1610612757,Portland Trail Blazers,4,6,29,Made Shot,Turnaround Jump Shot,2PT Field Goal,In The Paint (Non-RA),Right Side(R),8-16 ft.,8.0,79.0,36.0,1,1,20170131,POR,CHA
Shot Chart Detail,0021600728,486,203090,Maurice Harkless,1610612757,Portland Trail Blazers,4,3,44,Missed Shot,Driving Reverse Layup Shot,2PT Field Goal,Restricted Area,Center(C),Less Than 8 ft.,1.0,-16.0,2.0,1,0,20170131,POR,CHA
Shot Chart Detail,0021600728,505,203090,Maurice Harkless,1610612757,Portland Trail Blazers,4,1,32,Missed Shot,Jump Shot,3PT Field Goal,Above the Break 3,Right Side Center(RC),24+ ft.,26.0,191.0,185.0,1,0,20170131,POR,CHA
Shot Chart Detail,0021600754,127,203090,Maurice Harkless,1610612757,Portland Trail Blazers,2,9,30,Missed Shot,Jump Shot,3PT Field Goal,Above the Break 3,Center(C),24+ ft.,24.0,28.0,242.0,1,0,20170203,POR,DAL
Shot Chart Detail,0021600754,139,203090,Maurice Harkless,1610612757,Portland Trail Blazers,2,8,40,Missed Shot,Layup Shot,2PT Field Goal,Restricted Area,Center(C),Less Than 8 ft.,1.0,-12.0,11.0,1,0,20170203,POR,DAL
Shot Chart Detail,0021600754,141,203090,Maurice Harkless,1610612757,Portland Trail Blazers,2,8,37,Missed Shot,Putback Layup Shot,2PT Field Goal,Restricted Area,Center(C),Less Than 8 ft.,1.0,-9.0,7.0,1,0,20170203,POR,DAL
Shot Chart Detail,0021600754,317,203090,Maurice Harkless,1610612757,Portland Trail Blazers,3,4,1,Missed Shot,Jump Shot,3PT Field Goal,Above the Break 3,Left Side Center(LC),24+ ft.,24.0,-133.0,210.0,1,0,20170203,POR,DAL
Shot Chart Detail,0021600754,389,203090,Maurice Harkless,1610612757,Portland Trail Blazers,4,9,31,Made Shot,Turnaround Jump Shot,2PT Field Goal,Restricted Area,Center(C),Less Than 8 ft.,2.0,19.0,16.0,1,1,20170203,POR,DAL
Shot Chart Detail,0021600767,160,203090,Maurice Harkless,1610612757,Portland Trail Blazers,2,11,44,Missed Shot,Turnaround Hook Shot,2PT Field Goal,Restricted Area,Center(C),Less Than 8 ft.,2.0,9.0,28.0,1,0,20170205,OKC,POR
Shot Chart Detail,0021600767,186,203090,Maurice Harkless,1610612757,Portland Trail Blazers,2,9,37,Missed Shot,Jump Shot,3PT Field Goal,Right Corner 3,Right Side(R),24+ ft.,22.0,223.0,11.0,1,0,20170205,OKC,POR
Shot Chart Detail,0021600767,225,203090,Maurice Harkless,1610612757,Portland Trail Blazers,2,5,57,Made Shot,Layup Shot,2PT Field Goal,Restricted Area,Center(C),Less Than 8 ft.,2.0,25.0,7.0,1,1,20170205,OKC,POR
Shot Chart Detail,0021600767,418,203090,Maurice Harkless,1610612757,Portland Trail Blazers,3,0,1,Made Shot,Running Dunk Shot,2PT Field Goal,Restricted Area,Center(C),Less Than 8 ft.,0.0,0.0,1.0,1,1,20170205,OKC,POR
Shot Chart Detail,0021600767,430,203090,Maurice Harkless,1610612757,Portland Trail Blazers,4,10,51,Missed Shot,Layup Shot,2PT Field Goal,Restricted Area,Center(C),Less Than 8 ft.,2.0,24.0,3.0,1,0,20170205,OKC,POR
Shot Chart Detail,0021600767,432,203090,Maurice Harkless,1610612757,Portland Trail Blazers,4,10,48,Made Shot,Layup Shot,2PT Field Goal,Restricted Area,Center(C),Less Than 8 ft.,1.0,9.0,8.0,1,1,20170205,OKC,POR
Shot Chart Detail,0021600781,164,203090,Maurice Harkless,1610612757,Portland Trail Blazers,2,11,21,Made Shot,Finger Roll Layup Shot,2PT Field Goal,Restricted Area,Center(C),Less Than 8 ft.,0.0,-2.0,0.0,1,1,20170207,DAL,POR
Shot Chart Detail,0021600781,169,203090,Maurice Harkless,1610612757,Portland Trail Blazers,2,9,55,Missed Shot,Driving Layup Shot,2PT Field Goal,Restricted Area,Center(C),Less Than 8 ft.,3.0,28.0,11.0,1,0,20170207,DAL,POR
Shot Chart Detail,0021600781,177,203090,Maurice Harkless,1610612757,Portland Trail Blazers,2,8,58,Missed Shot,Pullup Jump shot,2PT Field Goal,Mid-Range,Right Side(R),16-24 ft.,21.0,213.0,11.0,1,0,20170207,DAL,POR
Shot Chart Detail,0021600781,206,203090,Maurice Harkless,1610612757,Portland Trail Blazers,2,6,44,Made Shot,Jump Shot,3PT Field Goal,Left Corner 3,Left Side(L),24+ ft.,23.0,-233.0,0.0,1,1,20170207,DAL,POR
Shot Chart Detail,0021600781,208,203090,Maurice Harkless,1610612757,Portland Trail Blazers,2,6,3,Missed Shot,Pullup Jump shot,2PT Field Goal,Mid-Range,Center(C),16-24 ft.,20.0,-43.0,198.0,1,0,20170207,DAL,POR
Shot Chart Detail,0021600781,359,203090,Maurice Harkless,1610612757,Portland Trail Blazers,3,3,1,Missed Shot,Jump Shot,3PT Field Goal,Left Corner 3,Left Side(L),24+ ft.,23.0,-230.0,21.0,1,0,20170207,DAL,POR
Shot Chart Detail,0021600781,382,203090,Maurice Harkless,1610612757,Portland Trail Blazers,3,1,20,Missed Shot,Tip Layup Shot,2PT Field Goal,Restricted Area,Center(C),Less Than 8 ft.,1.0,-19.0,3.0,1,0,20170207,DAL,POR
Shot Chart Detail,0021600781,395,203090,Maurice Harkless,1610612757,Portland Trail Blazers,3,0,46,Missed Shot,Driving Layup Shot,2PT Field Goal,Restricted Area,Center(C),Less Than 8 ft.,1.0,-7.0,18.0,1,0,20170207,DAL,POR
Shot Chart Detail,0021600781,476,203090,Maurice Harkless,1610612757,Portland Trail Blazers,4,6,26,Missed Shot,Jump Shot,2PT Field Goal,Restricted Area,Center(C),Less Than 8 ft.,3.0,2.0,31.0,1,0,20170207,DAL,POR
Shot Chart Detail,0021600798,54,203090,Maurice Harkless,1610612757,Portland Trail Blazers,1,7,10,Missed Shot,Driving Dunk Shot,2PT Field Goal,Restricted Area,Center(C),Less Than 8 ft.,0.0,0.0,1.0,1,0,20170209,POR,BOS
Shot Chart Detail,0021600798,221,203090,Maurice Harkless,1610612757,Portland Trail Blazers,2,4,42,Missed Shot,Driving Reverse Layup Shot,2PT Field Goal,Restricted Area,Center(C),Less Than 8 ft.,1.0,9.0,16.0,1,0,20170209,POR,BOS
Shot Chart Detail,0021600798,302,203090,Maurice Harkless,1610612757,Portland Trail Blazers,3,10,28,Made Shot,Driving Layup Shot,2PT Field Goal,Restricted Area,Center(C),Less Than 8 ft.,2.0,28.0,8.0,1,1,20170209,POR,BOS
Shot Chart Detail,0021600798,310,203090,Maurice Harkless,1610612757,Portland Trail Blazers,3,9,46,Missed Shot,Jump Shot,3PT Field Goal,Left Corner 3,Left Side(L),24+ ft.,23.0,-230.0,26.0,1,0,20170209,POR,BOS
Shot Chart Detail,0021600798,331,203090,Maurice Harkless,1610612757,Portland Trail Blazers,3,7,4,Made Shot,Driving Layup Shot,2PT Field Goal,Restricted Area,Center(C),Less Than 8 ft.,1.0,14.0,7.0,1,1,20170209,POR,BOS
Shot Chart Detail,0021600830,11,203090,Maurice Harkless,1610612757,Portland Trail Blazers,1,10,9,Made Shot,Jump Shot,3PT Field Goal,Right Corner 3,Right Side(R),24+ ft.,24.0,245.0,16.0,1,1,20170213,POR,ATL
Shot Chart Detail,0021600830,22,203090,Maurice Harkless,1610612757,Portland Trail Blazers,1,8,54,Missed Shot,Driving Reverse Layup Shot,2PT Field Goal,Restricted Area,Center(C),Less Than 8 ft.,1.0,9.0,16.0,1,0,20170213,POR,ATL
Shot Chart Detail,0021600830,27,203090,Maurice Harkless,1610612757,Portland Trail Blazers,1,8,22,Missed Shot,Putback Layup Shot,2PT Field Goal,Restricted Area,Center(C),Less Than 8 ft.,1.0,17.0,7.0,1,0,20170213,POR,ATL
Shot Chart Detail,0021600830,35,203090,Maurice Harkless,1610612757,Portland Trail Blazers,1,7,30,Made Shot,Jump Shot,3PT Field Goal,Above the Break 3,Right Side Center(RC),24+ ft.,24.0,199.0,149.0,1,1,20170213,POR,ATL
Shot Chart Detail,0021600830,40,203090,Maurice Harkless,1610612757,Portland Trail Blazers,1,6,51,Missed Shot,Driving Layup Shot,2PT Field Goal,Restricted Area,Center(C),Less Than 8 ft.,1.0,15.0,7.0,1,0,20170213,POR,ATL
Shot Chart Detail,0021600830,75,203090,Maurice Harkless,1610612757,Portland Trail Blazers,1,5,8,Made Shot,Turnaround Bank shot,2PT Field Goal,Restricted Area,Center(C),Less Than 8 ft.,3.0,-22.0,21.0,1,1,20170213,POR,ATL
Shot Chart Detail,0021600830,202,203090,Maurice Harkless,1610612757,Portland Trail Blazers,2,4,58,Missed Shot,Driving Finger Roll Layup Shot,2PT Field Goal,Restricted Area,Center(C),Less Than 8 ft.,2.0,-20.0,3.0,1,0,20170213,POR,ATL
Shot Chart Detail,0021600830,284,203090,Maurice Harkless,1610612757,Portland Trail Blazers,3,11,43,Made Shot,Turnaround Jump Shot,2PT Field Goal,In The Paint (Non-RA),Center(C),Less Than 8 ft.,5.0,-43.0,26.0,1,1,20170213,POR,ATL
Shot Chart Detail,0021600830,461,203090,Maurice Harkless,1610612757,Portland Trail Blazers,4,7,41,Made Shot,Jump Shot,3PT Field Goal,Above the Break 3,Right Side Center(RC),24+ ft.,24.0,105.0,223.0,1,1,20170213,POR,ATL
Shot Chart Detail,0021600830,468,203090,Maurice Harkless,1610612757,Portland Trail Blazers,4,6,44,Made Shot,Dunk Shot,2PT Field Goal,Restricted Area,Center(C),Less Than 8 ft.,0.0,0.0,1.0,1,1,20170213,POR,ATL
Shot Chart Detail,0021600830,494,203090,Maurice Harkless,1610612757,Portland Trail Blazers,4,4,49,Missed Shot,Jump Shot,3PT Field Goal,Left Corner 3,Left Side(L),24+ ft.,22.0,-223.0,13.0,1,0,20170213,POR,ATL
Shot Chart Detail,0021600830,582,203090,Maurice Harkless,1610612757,Portland Trail Blazers,4,0,34,Missed Shot,Tip Layup Shot,2PT Field Goal,Restricted Area,Center(C),Less Than 8 ft.,1.0,0.0,13.0,1,0,20170213,POR,ATL
Shot Chart Detail,0021600830,584,203090,Maurice Harkless,1610612757,Portland Trail Blazers,4,0,34,Made Shot,Tip Layup Shot,2PT Field Goal,Restricted Area,Center(C),Less Than 8 ft.,0.0,9.0,0.0,1,1,20170213,POR,ATL
Shot Chart Detail,0021600830,655,203090,Maurice Harkless,1610612757,Portland Trail Blazers,5,0,26,Missed Shot,Cutting Layup Shot,2PT Field Goal,Restricted Area,Center(C),Less Than 8 ft.,2.0,20.0,2.0,1,0,20170213,POR,ATL
Shot Chart Detail,0021600830,661,203090,Maurice Harkless,1610612757,Portland Trail Blazers,5,0,12,Missed Shot,Tip Layup Shot,2PT Field Goal,Restricted Area,Center(C),Less Than 8 ft.,1.0,4.0,18.0,1,0,20170213,POR,ATL
Shot Chart Detail,0021600843,92,203090,Maurice Harkless,1610612757,Portland Trail Blazers,1,3,5,Made Shot,Dunk Shot,2PT Field Goal,Restricted Area,Center(C),Less Than 8 ft.,0.0,0.0,1.0,1,1,20170215,UTA,POR
Shot Chart Detail,0021600843,257,203090,Maurice Harkless,1610612757,Portland Trail Blazers,2,0,30,Made Shot,Jump Shot,3PT Field Goal,Right Corner 3,Right Side(R),24+ ft.,22.0,227.0,16.0,1,1,20170215,UTA,POR
Shot Chart Detail,0021600843,280,203090,Maurice Harkless,1610612757,Portland Trail Blazers,3,11,31,Made Shot,Driving Finger Roll Layup Shot,2PT Field Goal,Restricted Area,Center(C),Less Than 8 ft.,2.0,4.0,21.0,1,1,20170215,UTA,POR
Shot Chart Detail,0021600843,314,203090,Maurice Harkless,1610612757,Portland Trail Blazers,3,7,26,Missed Shot,Fadeaway Jump Shot,2PT Field Goal,Mid-Range,Right Side(R),16-24 ft.,16.0,161.0,7.0,1,0,20170215,UTA,POR
Shot Chart Detail,0021600843,456,203090,Maurice Harkless,1610612757,Portland Trail Blazers,4,6,24,Missed Shot,Running Layup Shot,2PT Field Goal,Restricted Area,Center(C),Less Than 8 ft.,2.0,-20.0,2.0,1,0,20170215,UTA,POR
Shot Chart Detail,0021600850,91,203090,Maurice Harkless,1610612757,Portland Trail Blazers,1,4,39,Made Shot,Running Dunk Shot,2PT Field Goal,Restricted Area,Center(C),Less Than 8 ft.,0.0,4.0,8.0,1,1,20170223,ORL,POR
Shot Chart Detail,0021600850,329,203090,Maurice Harkless,1610612757,Portland Trail Blazers,3,9,1,Missed Shot,Cutting Layup Shot,2PT Field Goal,Restricted Area,Center(C),Less Than 8 ft.,2.0,0.0,26.0,1,0,20170223,ORL,POR
Shot Chart Detail,0021600850,336,203090,Maurice Harkless,1610612757,Portland Trail Blazers,3,8,40,Missed Shot,Layup Shot,2PT Field Goal,Restricted Area,Center(C),Less Than 8 ft.,0.0,-7.0,7.0,1,0,20170223,ORL,POR
Shot Chart Detail,0021600850,396,203090,Maurice Harkless,1610612757,Portland Trail Blazers,3,2,27,Missed Shot,Layup Shot,2PT Field Goal,Restricted Area,Center(C),Less Than 8 ft.,1.0,0.0,16.0,1,0,20170223,ORL,POR
Shot Chart Detail,0021600850,527,203090,Maurice Harkless,1610612757,Portland Trail Blazers,4,5,47,Made Shot,Cutting Dunk Shot,2PT Field Goal,Restricted Area,Center(C),Less Than 8 ft.,0.0,0.0,1.0,1,1,20170223,ORL,POR
Shot Chart Detail,0021600850,553,203090,Maurice Harkless,1610612757,Portland Trail Blazers,4,3,57,Missed Shot,Layup Shot,2PT Field Goal,Restricted Area,Center(C),Less Than 8 ft.,2.0,18.0,14.0,1,0,20170223,ORL,POR
Shot Chart Detail,0021600850,557,203090,Maurice Harkless,1610612757,Portland Trail Blazers,4,3,26,Made Shot,Jump Shot,2PT Field Goal,In The Paint (Non-RA),Left Side(L),8-16 ft.,10.0,-74.0,70.0,1,1,20170223,ORL,POR
Shot Chart Detail,0021600850,578,203090,Maurice Harkless,1610612757,Portland Trail Blazers,4,1,37,Made Shot,Jump Shot,3PT Field Goal,Above the Break 3,Left Side Center(LC),24+ ft.,26.0,-220.0,139.0,1,1,20170223,ORL,POR
Shot Chart Detail,0021600878,5,203090,Maurice Harkless,1610612757,Portland Trail Blazers,1,10,47,Made Shot,Jump Shot,3PT Field Goal,Left Corner 3,Left Side(L),24+ ft.,22.0,-225.0,2.0,1,1,20170226,TOR,POR
Shot Chart Detail,0021600878,72,203090,Maurice Harkless,1610612757,Portland Trail Blazers,1,5,30,Made Shot,Jump Shot,3PT Field Goal,Above the Break 3,Left Side Center(LC),24+ ft.,24.0,-171.0,178.0,1,1,20170226,TOR,POR
Shot Chart Detail,0021600878,97,203090,Maurice Harkless,1610612757,Portland Trail Blazers,1,3,25,Made Shot,Running Dunk Shot,2PT Field Goal,Restricted Area,Center(C),Less Than 8 ft.,0.0,0.0,1.0,1,1,20170226,TOR,POR
Shot Chart Detail,0021600878,303,203090,Maurice Harkless,1610612757,Portland Trail Blazers,3,10,26,Missed Shot,Pullup Jump shot,2PT Field Goal,In The Paint (Non-RA),Center(C),8-16 ft.,14.0,-53.0,134.0,1,0,20170226,TOR,POR
Shot Chart Detail,0021600878,321,203090,Maurice Harkless,1610612757,Portland Trail Blazers,3,9,30,Made Shot,Putback Layup Shot,2PT Field Goal,Restricted Area,Center(C),Less Than 8 ft.,0.0,0.0,1.0,1,1,20170226,TOR,POR
Shot Chart Detail,0021600878,323,203090,Maurice Harkless,1610612757,Portland Trail Blazers,3,9,2,Made Shot,Driving Bank Hook Shot,2PT Field Goal,In The Paint (Non-RA),Center(C),Less Than 8 ft.,4.0,46.0,11.0,1,1,20170226,TOR,POR
Shot Chart Detail,0021600878,325,203090,Maurice Harkless,1610612757,Portland Trail Blazers,3,8,38,Made Shot,Running Dunk Shot,2PT Field Goal,Restricted Area,Center(C),Less Than 8 ft.,0.0,0.0,1.0,1,1,20170226,TOR,POR
Shot Chart Detail,0021600878,400,203090,Maurice Harkless,1610612757,Portland Trail Blazers,3,0,19,Made Shot,Running Dunk Shot,2PT Field Goal,Restricted Area,Center(C),Less Than 8 ft.,0.0,0.0,1.0,1,1,20170226,TOR,POR
Shot Chart Detail,0021600878,403,203090,Maurice Harkless,1610612757,Portland Trail Blazers,3,0,0,Missed Shot,Jump Bank Shot,3PT Field Goal,Above the Break 3,Right Side Center(RC),24+ ft.,45.0,230.0,390.0,1,0,20170226,TOR,POR
Shot Chart Detail,0021600890,4,203090,Maurice Harkless,1610612757,Portland Trail Blazers,1,11,18,Missed Shot,Layup Shot,2PT Field Goal,Restricted Area,Center(C),Less Than 8 ft.,0.0,4.0,2.0,1,0,20170228,DET,POR
Shot Chart Detail,0021600890,29,203090,Maurice Harkless,1610612757,Portland Trail Blazers,1,8,41,Made Shot,Layup Shot,2PT Field Goal,Restricted Area,Center(C),Less Than 8 ft.,1.0,1.0,11.0,1,1,20170228,DET,POR
Shot Chart Detail,0021600890,32,203090,Maurice Harkless,1610612757,Portland Trail Blazers,1,8,12,Missed Shot,Jump Shot,3PT Field Goal,Above the Break 3,Left Side Center(LC),24+ ft.,25.0,-86.0,242.0,1,0,20170228,DET,POR
Shot Chart Detail,0021600890,262,203090,Maurice Harkless,1610612757,Portland Trail Blazers,3,10,35,Missed Shot,Jump Shot,2PT Field Goal,In The Paint (Non-RA),Center(C),Less Than 8 ft.,4.0,1.0,46.0,1,0,20170228,DET,POR
Shot Chart Detail,0021600890,293,203090,Maurice Harkless,1610612757,Portland Trail Blazers,3,7,36,Made Shot,Putback Dunk Shot,2PT Field Goal,Restricted Area,Center(C),Less Than 8 ft.,0.0,0.0,1.0,1,1,20170228,DET,POR
Shot Chart Detail,0021600890,334,203090,Maurice Harkless,1610612757,Portland Trail Blazers,3,3,36,Missed Shot,Jump Shot,2PT Field Goal,In The Paint (Non-RA),Center(C),Less Than 8 ft.,4.0,-42.0,23.0,1,0,20170228,DET,POR
Shot Chart Detail,0021600890,458,203090,Maurice Harkless,1610612757,Portland Trail Blazers,4,4,41,Made Shot,Dunk Shot,2PT Field Goal,Restricted Area,Center(C),Less Than 8 ft.,0.0,0.0,1.0,1,1,20170228,DET,POR
Shot Chart Detail,0021600890,545,203090,Maurice Harkless,1610612757,Portland Trail Blazers,5,3,31,Made Shot,Layup Shot,2PT Field Goal,Restricted Area,Center(C),Less Than 8 ft.,0.0,-4.0,3.0,1,1,20170228,DET,POR
Shot Chart Detail,0021600908,23,203090,Maurice Harkless,1610612757,Portland Trail Blazers,1,9,42,Missed Shot,Jump Shot,3PT Field Goal,Right Corner 3,Right Side(R),24+ ft.,23.0,233.0,23.0,1,0,20170302,POR,OKC
Shot Chart Detail,0021600908,36,203090,Maurice Harkless,1610612757,Portland Trail Blazers,1,8,16,Made Shot,Dunk Shot,2PT Field Goal,Restricted Area,Center(C),Less Than 8 ft.,0.0,0.0,1.0,1,1,20170302,POR,OKC
Shot Chart Detail,0021600908,82,203090,Maurice Harkless,1610612757,Portland Trail Blazers,1,3,25,Missed Shot,Turnaround Jump Shot,2PT Field Goal,In The Paint (Non-RA),Center(C),8-16 ft.,8.0,-4.0,85.0,1,0,20170302,POR,OKC
Shot Chart Detail,0021600908,246,203090,Maurice Harkless,1610612757,Portland Trail Blazers,2,1,47,Missed Shot,Tip Layup Shot,2PT Field Goal,Restricted Area,Center(C),Less Than 8 ft.,1.0,-1.0,11.0,1,0,20170302,POR,OKC
Shot Chart Detail,0021600908,290,203090,Maurice Harkless,1610612757,Portland Trail Blazers,3,11,24,Missed Shot,Jump Shot,2PT Field Goal,Restricted Area,Center(C),Less Than 8 ft.,3.0,24.0,21.0,1,0,20170302,POR,OKC
Shot Chart Detail,0021600908,301,203090,Maurice Harkless,1610612757,Portland Trail Blazers,3,9,59,Made Shot,Jump Shot,3PT Field Goal,Above the Break 3,Left Side Center(LC),24+ ft.,25.0,-219.0,136.0,1,1,20170302,POR,OKC
Shot Chart Detail,0021600908,318,203090,Maurice Harkless,1610612757,Portland Trail Blazers,3,8,33,Missed Shot,Jump Shot,3PT Field Goal,Right Corner 3,Right Side(R),24+ ft.,23.0,236.0,-6.0,1,0,20170302,POR,OKC
Shot Chart Detail,0021600926,13,203090,Maurice Harkless,1610612757,Portland Trail Blazers,1,10,56,Made Shot,Jump Shot,3PT Field Goal,Right Corner 3,Right Side(R),24+ ft.,23.0,233.0,2.0,1,1,20170304,POR,BKN
Shot Chart Detail,0021600926,39,203090,Maurice Harkless,1610612757,Portland Trail Blazers,1,8,40,Made Shot,Turnaround Hook Shot,2PT Field Goal,Restricted Area,Center(C),Less Than 8 ft.,1.0,0.0,11.0,1,1,20170304,POR,BKN
Shot Chart Detail,0021600926,198,203090,Maurice Harkless,1610612757,Portland Trail Blazers,2,3,49,Made Shot,Driving Layup Shot,2PT Field Goal,Restricted Area,Center(C),Less Than 8 ft.,1.0,1.0,13.0,1,1,20170304,POR,BKN
Shot Chart Detail,0021600926,214,203090,Maurice Harkless,1610612757,Portland Trail Blazers,2,1,46,Missed Shot,Layup Shot,2PT Field Goal,Restricted Area,Center(C),Less Than 8 ft.,1.0,-1.0,16.0,1,0,20170304,POR,BKN
Shot Chart Detail,0021600926,246,203090,Maurice Harkless,1610612757,Portland Trail Blazers,3,9,53,Made Shot,Turnaround Jump Shot,2PT Field Goal,Restricted Area,Center(C),Less Than 8 ft.,2.0,-20.0,18.0,1,1,20170304,POR,BKN
Shot Chart Detail,0021600926,270,203090,Maurice Harkless,1610612757,Portland Trail Blazers,3,7,52,Made Shot,Driving Layup Shot,2PT Field Goal,Restricted Area,Center(C),Less Than 8 ft.,2.0,-1.0,21.0,1,1,20170304,POR,BKN
Shot Chart Detail,0021600926,299,203090,Maurice Harkless,1610612757,Portland Trail Blazers,3,5,27,Made Shot,Jump Shot,3PT Field Goal,Above the Break 3,Right Side Center(RC),24+ ft.,24.0,125.0,208.0,1,1,20170304,POR,BKN
Shot Chart Detail,0021600940,8,203090,Maurice Harkless,1610612757,Portland Trail Blazers,1,10,43,Made Shot,Jump Shot,3PT Field Goal,Above the Break 3,Left Side Center(LC),24+ ft.,24.0,-163.0,185.0,1,1,20170403,MIN,POR
Shot Chart Detail,0021600940,18,203090,Maurice Harkless,1610612757,Portland Trail Blazers,1,9,44,Made Shot,Jump Bank Shot,2PT Field Goal,Restricted Area,Center(C),Less Than 8 ft.,3.0,-19.0,31.0,1,1,20170403,MIN,POR
Shot Chart Detail,0021600940,64,203090,Maurice Harkless,1610612757,Portland Trail Blazers,1,4,29,Made Shot,Floating Jump shot,2PT Field Goal,In The Paint (Non-RA),Center(C),Less Than 8 ft.,6.0,4.0,61.0,1,1,20170403,MIN,POR
Shot Chart Detail,0021600940,83,203090,Maurice Harkless,1610612757,Portland Trail Blazers,1,0,54,Missed Shot,Jump Shot,3PT Field Goal,Above the Break 3,Right Side Center(RC),24+ ft.,25.0,199.0,154.0,1,0,20170403,MIN,POR
Shot Chart Detail,0021600940,190,203090,Maurice Harkless,1610612757,Portland Trail Blazers,2,2,35,Made Shot,Jump Shot,3PT Field Goal,Above the Break 3,Right Side Center(RC),24+ ft.,24.0,168.0,178.0,1,1,20170403,MIN,POR
Shot Chart Detail,0021600940,202,203090,Maurice Harkless,1610612757,Portland Trail Blazers,2,1,18,Made Shot,Layup Shot,2PT Field Goal,Restricted Area,Center(C),Less Than 8 ft.,1.0,10.0,7.0,1,1,20170403,MIN,POR
Shot Chart Detail,0021600940,224,203090,Maurice Harkless,1610612757,Portland Trail Blazers,3,11,46,Made Shot,Jump Shot,3PT Field Goal,Right Corner 3,Right Side(R),24+ ft.,22.0,225.0,23.0,1,1,20170403,MIN,POR
Shot Chart Detail,0021600940,263,203090,Maurice Harkless,1610612757,Portland Trail Blazers,3,8,19,Missed Shot,Jump Shot,3PT Field Goal,Above the Break 3,Left Side Center(LC),24+ ft.,24.0,-169.0,178.0,1,0,20170403,MIN,POR
Shot Chart Detail,0021600940,323,203090,Maurice Harkless,1610612757,Portland Trail Blazers,3,3,32,Made Shot,Dunk Shot,2PT Field Goal,Restricted Area,Center(C),Less Than 8 ft.,0.0,0.0,1.0,1,1,20170403,MIN,POR
Shot Chart Detail,0021600940,346,203090,Maurice Harkless,1610612757,Portland Trail Blazers,3,1,26,Missed Shot,Layup Shot,2PT Field Goal,Restricted Area,Center(C),Less Than 8 ft.,1.0,10.0,7.0,1,0,20170403,MIN,POR
Shot Chart Detail,0021600946,20,203090,Maurice Harkless,1610612757,Portland Trail Blazers,1,9,31,Made Shot,Driving Dunk Shot,2PT Field Goal,Restricted Area,Center(C),Less Than 8 ft.,0.0,0.0,1.0,1,1,20170307,OKC,POR
Shot Chart Detail,0021600946,32,203090,Maurice Harkless,1610612757,Portland Trail Blazers,1,8,56,Missed Shot,Layup Shot,2PT Field Goal,Restricted Area,Center(C),Less Than 8 ft.,2.0,27.0,7.0,1,0,20170307,OKC,POR
Shot Chart Detail,0021600946,231,203090,Maurice Harkless,1610612757,Portland Trail Blazers,2,1,13,Missed Shot,Jump Shot,3PT Field Goal,Left Corner 3,Left Side(L),24+ ft.,23.0,-235.0,18.0,1,0,20170307,OKC,POR
Shot Chart Detail,0021600946,270,203090,Maurice Harkless,1610612757,Portland Trail Blazers,3,10,36,Made Shot,Driving Layup Shot,2PT Field Goal,Restricted Area,Center(C),Less Than 8 ft.,0.0,-9.0,3.0,1,1,20170307,OKC,POR
Shot Chart Detail,0021600946,451,203090,Maurice Harkless,1610612757,Portland Trail Blazers,4,6,16,Made Shot,Cutting Dunk Shot,2PT Field Goal,Restricted Area,Center(C),Less Than 8 ft.,0.0,0.0,1.0,1,1,20170307,OKC,POR
Shot Chart Detail,0021600963,2,203090,Maurice Harkless,1610612757,Portland Trail Blazers,1,11,41,Made Shot,Cutting Dunk Shot,2PT Field Goal,Restricted Area,Center(C),Less Than 8 ft.,0.0,0.0,1.0,1,1,20170309,POR,PHI
Shot Chart Detail,0021600963,72,203090,Maurice Harkless,1610612757,Portland Trail Blazers,1,5,21,Missed Shot,Driving Layup Shot,2PT Field Goal,Restricted Area,Center(C),Less Than 8 ft.,1.0,17.0,7.0,1,0,20170309,POR,PHI
Shot Chart Detail,0021600963,87,203090,Maurice Harkless,1610612757,Portland Trail Blazers,1,4,50,Missed Shot,Layup Shot,2PT Field Goal,Restricted Area,Center(C),Less Than 8 ft.,0.0,-9.0,2.0,1,0,20170309,POR,PHI
Shot Chart Detail,0021600963,185,203090,Maurice Harkless,1610612757,Portland Trail Blazers,2,7,7,Made Shot,Layup Shot,2PT Field Goal,Restricted Area,Center(C),Less Than 8 ft.,0.0,6.0,3.0,1,1,20170309,POR,PHI
Shot Chart Detail,0021600963,254,203090,Maurice Harkless,1610612757,Portland Trail Blazers,2,1,26,Made Shot,Reverse Layup Shot,2PT Field Goal,Restricted Area,Center(C),Less Than 8 ft.,1.0,-19.0,-1.0,1,1,20170309,POR,PHI
Shot Chart Detail,0021600963,329,203090,Maurice Harkless,1610612757,Portland Trail Blazers,3,7,36,Made Shot,Cutting Dunk Shot,2PT Field Goal,Restricted Area,Center(C),Less Than 8 ft.,0.0,0.0,1.0,1,1,20170309,POR,PHI
Shot Chart Detail,0021600963,341,203090,Maurice Harkless,1610612757,Portland Trail Blazers,3,6,32,Missed Shot,Layup Shot,2PT Field Goal,Restricted Area,Center(C),Less Than 8 ft.,1.0,17.0,2.0,1,0,20170309,POR,PHI
Shot Chart Detail,0021600963,491,203090,Maurice Harkless,1610612757,Portland Trail Blazers,4,5,17,Missed Shot,Tip Layup Shot,2PT Field Goal,Restricted Area,Center(C),Less Than 8 ft.,0.0,-4.0,7.0,1,0,20170309,POR,PHI
Shot Chart Detail,0021600963,493,203090,Maurice Harkless,1610612757,Portland Trail Blazers,4,5,16,Made Shot,Tip Layup Shot,2PT Field Goal,Restricted Area,Center(C),Less Than 8 ft.,0.0,4.0,-6.0,1,1,20170309,POR,PHI
Shot Chart Detail,0021600983,11,203090,Maurice Harkless,1610612757,Portland Trail Blazers,1,10,25,Missed Shot,Jump Shot,3PT Field Goal,Right Corner 3,Right Side(R),24+ ft.,22.0,223.0,-1.0,1,0,20170311,POR,WAS
Shot Chart Detail,0021600983,43,203090,Maurice Harkless,1610612757,Portland Trail Blazers,1,6,10,Made Shot,Layup Shot,2PT Field Goal,Restricted Area,Center(C),Less Than 8 ft.,1.0,4.0,13.0,1,1,20170311,POR,WAS
Shot Chart Detail,0021600983,46,203090,Maurice Harkless,1610612757,Portland Trail Blazers,1,5,40,Made Shot,Driving Dunk Shot,2PT Field Goal,Restricted Area,Center(C),Less Than 8 ft.,0.0,0.0,1.0,1,1,20170311,POR,WAS
Shot Chart Detail,0021600983,198,203090,Maurice Harkless,1610612757,Portland Trail Blazers,2,5,25,Made Shot,Driving Hook Shot,2PT Field Goal,Restricted Area,Center(C),Less Than 8 ft.,3.0,-22.0,21.0,1,1,20170311,POR,WAS
Shot Chart Detail,0021600983,241,203090,Maurice Harkless,1610612757,Portland Trail Blazers,2,2,39,Made Shot,Driving Reverse Layup Shot,2PT Field Goal,Restricted Area,Center(C),Less Than 8 ft.,1.0,17.0,7.0,1,1,20170311,POR,WAS
Shot Chart Detail,0021600983,244,203090,Maurice Harkless,1610612757,Portland Trail Blazers,2,2,6,Made Shot,Driving Floating Bank Jump Shot,2PT Field Goal,In The Paint (Non-RA),Center(C),Less Than 8 ft.,5.0,-52.0,21.0,1,1,20170311,POR,WAS
Shot Chart Detail,0021600983,250,203090,Maurice Harkless,1610612757,Portland Trail Blazers,2,1,18,Made Shot,Jump Shot,3PT Field Goal,Above the Break 3,Center(C),24+ ft.,24.0,71.0,232.0,1,1,20170311,POR,WAS
Shot Chart Detail,0021600983,308,203090,Maurice Harkless,1610612757,Portland Trail Blazers,3,7,56,Missed Shot,Tip Layup Shot,2PT Field Goal,Restricted Area,Center(C),Less Than 8 ft.,1.0,15.0,11.0,1,0,20170311,POR,WAS
Shot Chart Detail,0021600983,310,203090,Maurice Harkless,1610612757,Portland Trail Blazers,3,7,54,Made Shot,Tip Layup Shot,2PT Field Goal,Restricted Area,Center(C),Less Than 8 ft.,0.0,-2.0,0.0,1,1,20170311,POR,WAS
Shot Chart Detail,0021600983,333,203090,Maurice Harkless,1610612757,Portland Trail Blazers,3,5,59,Missed Shot,Jump Shot,3PT Field Goal,Above the Break 3,Left Side Center(LC),24+ ft.,24.0,-127.0,213.0,1,0,20170311,POR,WAS
Shot Chart Detail,0021600983,343,203090,Maurice Harkless,1610612757,Portland Trail Blazers,3,3,45,Missed Shot,Turnaround Hook Shot,2PT Field Goal,Restricted Area,Center(C),Less Than 8 ft.,3.0,30.0,18.0,1,0,20170311,POR,WAS
Shot Chart Detail,0021600983,454,203090,Maurice Harkless,1610612757,Portland Trail Blazers,4,2,56,Missed Shot,Tip Layup Shot,2PT Field Goal,Restricted Area,Center(C),Less Than 8 ft.,2.0,17.0,21.0,1,0,20170311,POR,WAS
Shot Chart Detail,0021600988,73,203090,Maurice Harkless,1610612757,Portland Trail Blazers,1,5,2,Made Shot,Cutting Layup Shot,2PT Field Goal,Restricted Area,Center(C),Less Than 8 ft.,1.0,6.0,11.0,1,1,20170312,PHX,POR
Shot Chart Detail,0021600988,352,203090,Maurice Harkless,1610612757,Portland Trail Blazers,3,5,32,Missed Shot,Driving Layup Shot,2PT Field Goal,Restricted Area,Center(C),Less Than 8 ft.,1.0,10.0,-6.0,1,0,20170312,PHX,POR
Shot Chart Detail,0021601002,282,203090,Maurice Harkless,1610612757,Portland Trail Blazers,3,10,18,Missed Shot,Jump Shot,3PT Field Goal,Above the Break 3,Left Side Center(LC),24+ ft.,25.0,-115.0,223.0,1,0,20170314,NOP,POR
Shot Chart Detail,0021601002,287,203090,Maurice Harkless,1610612757,Portland Trail Blazers,3,9,56,Missed Shot,Jump Shot,3PT Field Goal,Left Corner 3,Left Side(L),24+ ft.,23.0,-237.0,36.0,1,0,20170314,NOP,POR
Shot Chart Detail,0021601002,365,203090,Maurice Harkless,1610612757,Portland Trail Blazers,3,3,40,Made Shot,Cutting Dunk Shot,2PT Field Goal,Restricted Area,Center(C),Less Than 8 ft.,0.0,0.0,1.0,1,1,20170314,NOP,POR
Shot Chart Detail,0021601011,35,203090,Maurice Harkless,1610612757,Portland Trail Blazers,1,6,23,Missed Shot,Driving Finger Roll Layup Shot,2PT Field Goal,Restricted Area,Center(C),Less Than 8 ft.,2.0,20.0,21.0,1,0,20170315,SAS,POR
Shot Chart Detail,0021601011,72,203090,Maurice Harkless,1610612757,Portland Trail Blazers,1,3,17,Missed Shot,Layup Shot,2PT Field Goal,Restricted Area,Center(C),Less Than 8 ft.,1.0,12.0,7.0,1,0,20170315,SAS,POR
Shot Chart Detail,0021601011,177,203090,Maurice Harkless,1610612757,Portland Trail Blazers,2,4,16,Made Shot,Jump Shot,3PT Field Goal,Above the Break 3,Left Side Center(LC),24+ ft.,25.0,-228.0,105.0,1,1,20170315,SAS,POR
Shot Chart Detail,0021601029,2,203090,Maurice Harkless,1610612757,Portland Trail Blazers,1,11,42,Made Shot,Driving Hook Shot,2PT Field Goal,In The Paint (Non-RA),Center(C),Less Than 8 ft.,5.0,15.0,51.0,1,1,20170318,ATL,POR
Shot Chart Detail,0021601029,61,203090,Maurice Harkless,1610612757,Portland Trail Blazers,1,4,43,Made Shot,Jump Shot,3PT Field Goal,Right Corner 3,Right Side(R),24+ ft.,24.0,233.0,65.0,1,1,20170318,ATL,POR
Shot Chart Detail,0021601029,188,203090,Maurice Harkless,1610612757,Portland Trail Blazers,2,7,8,Missed Shot,Jump Shot,2PT Field Goal,Mid-Range,Left Side Center(LC),16-24 ft.,21.0,-68.0,208.0,1,0,20170318,ATL,POR
Shot Chart Detail,0021601029,192,203090,Maurice Harkless,1610612757,Portland Trail Blazers,2,6,44,Made Shot,Cutting Dunk Shot,2PT Field Goal,Restricted Area,Center(C),Less Than 8 ft.,0.0,0.0,1.0,1,1,20170318,ATL,POR
Shot Chart Detail,0021601029,216,203090,Maurice Harkless,1610612757,Portland Trail Blazers,2,4,15,Made Shot,Turnaround Jump Shot,2PT Field Goal,In The Paint (Non-RA),Center(C),Less Than 8 ft.,7.0,61.0,38.0,1,1,20170318,ATL,POR
Shot Chart Detail,0021601029,308,203090,Maurice Harkless,1610612757,Portland Trail Blazers,3,8,42,Missed Shot,Pullup Jump shot,2PT Field Goal,Mid-Range,Left Side(L),8-16 ft.,10.0,-106.0,7.0,1,0,20170318,ATL,POR
Shot Chart Detail,0021601029,362,203090,Maurice Harkless,1610612757,Portland Trail Blazers,3,5,25,Made Shot,Layup Shot,2PT Field Goal,Restricted Area,Center(C),Less Than 8 ft.,1.0,17.0,7.0,1,1,20170318,ATL,POR
Shot Chart Detail,0021601041,7,203090,Maurice Harkless,1610612757,Portland Trail Blazers,1,10,54,Missed Shot,Layup Shot,2PT Field Goal,Restricted Area,Center(C),Less Than 8 ft.,1.0,15.0,11.0,1,0,20170319,MIA,POR
Shot Chart Detail,0021601041,46,203090,Maurice Harkless,1610612757,Portland Trail Blazers,1,7,18,Missed Shot,Jump Shot,3PT Field Goal,Above the Break 3,Left Side Center(LC),24+ ft.,24.0,-220.0,110.0,1,0,20170319,MIA,POR
Shot Chart Detail,0021601041,192,203090,Maurice Harkless,1610612757,Portland Trail Blazers,2,4,44,Made Shot,Driving Layup Shot,2PT Field Goal,Restricted Area,Center(C),Less Than 8 ft.,1.0,-16.0,0.0,1,1,20170319,MIA,POR
Shot Chart Detail,0021601041,447,203090,Maurice Harkless,1610612757,Portland Trail Blazers,4,6,1,Missed Shot,Layup Shot,2PT Field Goal,Restricted Area,Center(C),Less Than 8 ft.,0.0,6.0,5.0,1,0,20170319,MIA,POR
Shot Chart Detail,0021601057,2,203090,Maurice Harkless,1610612757,Portland Trail Blazers,1,11,44,Made Shot,Cutting Layup Shot,2PT Field Goal,Restricted Area,Center(C),Less Than 8 ft.,1.0,17.0,7.0,1,1,20170321,POR,MIL
Shot Chart Detail,0021601057,211,203090,Maurice Harkless,1610612757,Portland Trail Blazers,2,3,42,Made Shot,Running Dunk Shot,2PT Field Goal,Restricted Area,Center(C),Less Than 8 ft.,0.0,0.0,1.0,1,1,20170321,POR,MIL
Shot Chart Detail,0021601057,222,203090,Maurice Harkless,1610612757,Portland Trail Blazers,2,2,13,Missed Shot,Jump Shot,3PT Field Goal,Left Corner 3,Left Side(L),24+ ft.,22.0,-225.0,13.0,1,0,20170321,POR,MIL
Shot Chart Detail,0021601057,250,203090,Maurice Harkless,1610612757,Portland Trail Blazers,3,11,25,Missed Shot,Jump Shot,3PT Field Goal,Above the Break 3,Left Side Center(LC),24+ ft.,24.0,-201.0,144.0,1,0,20170321,POR,MIL
Shot Chart Detail,0021601057,322,203090,Maurice Harkless,1610612757,Portland Trail Blazers,3,4,7,Missed Shot,Driving Reverse Layup Shot,2PT Field Goal,Restricted Area,Center(C),Less Than 8 ft.,2.0,14.0,16.0,1,0,20170321,POR,MIL
Shot Chart Detail,0021601057,461,203090,Maurice Harkless,1610612757,Portland Trail Blazers,4,5,18,Missed Shot,Putback Layup Shot,2PT Field Goal,Restricted Area,Center(C),Less Than 8 ft.,0.0,4.0,-1.0,1,0,20170321,POR,MIL
Shot Chart Detail,0021601071,26,203090,Maurice Harkless,1610612757,Portland Trail Blazers,1,8,36,Made Shot,Cutting Dunk Shot,2PT Field Goal,Restricted Area,Center(C),Less Than 8 ft.,0.0,0.0,1.0,1,1,20170323,POR,NYK
Shot Chart Detail,0021601071,41,203090,Maurice Harkless,1610612757,Portland Trail Blazers,1,7,44,Missed Shot,Running Finger Roll Layup Shot,2PT Field Goal,Restricted Area,Center(C),Less Than 8 ft.,1.0,-1.0,11.0,1,0,20170323,POR,NYK
Shot Chart Detail,0021601071,292,203090,Maurice Harkless,1610612757,Portland Trail Blazers,3,9,17,Made Shot,Cutting Layup Shot,2PT Field Goal,Restricted Area,Center(C),Less Than 8 ft.,0.0,9.0,-1.0,1,1,20170323,POR,NYK
Shot Chart Detail,0021601086,291,203090,Maurice Harkless,1610612757,Portland Trail Blazers,3,7,37,Missed Shot,Jump Shot,3PT Field Goal,Left Corner 3,Left Side(L),24+ ft.,23.0,-233.0,18.0,1,0,20170325,POR,MIN
Shot Chart Detail,0021601086,322,203090,Maurice Harkless,1610612757,Portland Trail Blazers,3,4,26,Made Shot,Tip Layup Shot,2PT Field Goal,Restricted Area,Center(C),Less Than 8 ft.,1.0,-2.0,-10.0,1,1,20170325,POR,MIN
Shot Chart Detail,0021601086,355,203090,Maurice Harkless,1610612757,Portland Trail Blazers,3,1,3,Made Shot,Driving Layup Shot,2PT Field Goal,Restricted Area,Center(C),Less Than 8 ft.,2.0,-22.0,2.0,1,1,20170325,POR,MIN
Shot Chart Detail,0021601096,18,203090,Maurice Harkless,1610612757,Portland Trail Blazers,1,9,46,Missed Shot,Jump Shot,3PT Field Goal,Above the Break 3,Left Side Center(LC),24+ ft.,25.0,-197.0,163.0,1,0,20170326,LAL,POR
Shot Chart Detail,0021601096,240,203090,Maurice Harkless,1610612757,Portland Trail Blazers,2,0,30,Missed Shot,Jump Shot,3PT Field Goal,Left Corner 3,Left Side(L),24+ ft.,24.0,-240.0,16.0,1,0,20170326,LAL,POR
Shot Chart Detail,0021601096,259,203090,Maurice Harkless,1610612757,Portland Trail Blazers,3,11,41,Made Shot,Layup Shot,2PT Field Goal,Restricted Area,Center(C),Less Than 8 ft.,1.0,-13.0,8.0,1,1,20170326,LAL,POR
Shot Chart Detail,0021601096,446,203090,Maurice Harkless,1610612757,Portland Trail Blazers,4,6,29,Made Shot,Running Layup Shot,2PT Field Goal,Restricted Area,Center(C),Less Than 8 ft.,1.0,8.0,6.0,1,1,20170326,LAL,POR
Shot Chart Detail,0021601109,22,203090,Maurice Harkless,1610612757,Portland Trail Blazers,1,10,12,Missed Shot,Driving Layup Shot,2PT Field Goal,Restricted Area,Center(C),Less Than 8 ft.,1.0,-10.0,5.0,1,0,20170328,POR,DEN
Shot Chart Detail,0021601109,37,203090,Maurice Harkless,1610612757,Portland Trail Blazers,1,8,12,Made Shot,Driving Layup Shot,2PT Field Goal,Restricted Area,Center(C),Less Than 8 ft.,0.0,-9.0,0.0,1,1,20170328,POR,DEN
Shot Chart Detail,0021601109,42,203090,Maurice Harkless,1610612757,Portland Trail Blazers,1,7,51,Made Shot,Cutting Layup Shot,2PT Field Goal,Restricted Area,Center(C),Less Than 8 ft.,1.0,-16.0,-1.0,1,1,20170328,POR,DEN
Shot Chart Detail,0021601109,276,203090,Maurice Harkless,1610612757,Portland Trail Blazers,3,10,55,Missed Shot,Jump Shot,3PT Field Goal,Right Corner 3,Right Side(R),24+ ft.,23.0,238.0,16.0,1,0,20170328,POR,DEN
Shot Chart Detail,0021601109,320,203090,Maurice Harkless,1610612757,Portland Trail Blazers,3,6,22,Missed Shot,Jump Shot,3PT Field Goal,Right Corner 3,Right Side(R),24+ ft.,23.0,232.0,46.0,1,0,20170328,POR,DEN
Shot Chart Detail,0021601125,8,203090,Maurice Harkless,1610612757,Portland Trail Blazers,1,10,51,Missed Shot,Turnaround Hook Shot,2PT Field Goal,In The Paint (Non-RA),Center(C),Less Than 8 ft.,6.0,-66.0,16.0,1,0,20170330,POR,HOU
Shot Chart Detail,0021601125,10,203090,Maurice Harkless,1610612757,Portland Trail Blazers,1,10,47,Made Shot,Putback Layup Shot,2PT Field Goal,Restricted Area,Center(C),Less Than 8 ft.,1.0,-17.0,-5.0,1,1,20170330,POR,HOU
Shot Chart Detail,0021601125,12,203090,Maurice Harkless,1610612757,Portland Trail Blazers,1,10,14,Missed Shot,No Shot,2PT Field Goal,Restricted Area,Center(C),Less Than 8 ft.,0.0,0.0,1.0,1,0,20170330,POR,HOU
Shot Chart Detail,0021601125,27,203090,Maurice Harkless,1610612757,Portland Trail Blazers,1,9,7,Made Shot,Layup Shot,2PT Field Goal,Restricted Area,Center(C),Less Than 8 ft.,1.0,17.0,2.0,1,1,20170330,POR,HOU
Shot Chart Detail,0021601125,29,203090,Maurice Harkless,1610612757,Portland Trail Blazers,1,8,53,Made Shot,Running Dunk Shot,2PT Field Goal,Restricted Area,Center(C),Less Than 8 ft.,0.0,0.0,1.0,1,1,20170330,POR,HOU
Shot Chart Detail,0021601125,59,203090,Maurice Harkless,1610612757,Portland Trail Blazers,1,6,29,Made Shot,Putback Layup Shot,2PT Field Goal,Restricted Area,Center(C),Less Than 8 ft.,1.0,17.0,2.0,1,1,20170330,POR,HOU
Shot Chart Detail,0021601125,77,203090,Maurice Harkless,1610612757,Portland Trail Blazers,1,5,19,Made Shot,Jump Shot,3PT Field Goal,Above the Break 3,Left Side Center(LC),24+ ft.,25.0,-222.0,115.0,1,1,20170330,POR,HOU
Shot Chart Detail,0021601125,240,203090,Maurice Harkless,1610612757,Portland Trail Blazers,2,3,18,Missed Shot,Jump Shot,3PT Field Goal,Above the Break 3,Right Side Center(RC),24+ ft.,24.0,150.0,198.0,1,0,20170330,POR,HOU
Shot Chart Detail,0021601125,260,203090,Maurice Harkless,1610612757,Portland Trail Blazers,2,2,19,Missed Shot,No Shot,2PT Field Goal,Restricted Area,Center(C),Less Than 8 ft.,2.0,17.0,11.0,1,0,20170330,POR,HOU
Shot Chart Detail,0021601125,296,203090,Maurice Harkless,1610612757,Portland Trail Blazers,3,11,24,Made Shot,Driving Dunk Shot,2PT Field Goal,Restricted Area,Center(C),Less Than 8 ft.,0.0,0.0,1.0,1,1,20170330,POR,HOU
Shot Chart Detail,0021601125,366,203090,Maurice Harkless,1610612757,Portland Trail Blazers,3,3,14,Made Shot,Layup Shot,2PT Field Goal,Restricted Area,Center(C),Less Than 8 ft.,2.0,20.0,-6.0,1,1,20170330,POR,HOU
Shot Chart Detail,0021601125,490,203090,Maurice Harkless,1610612757,Portland Trail Blazers,4,3,36,Made Shot,Driving Dunk Shot,2PT Field Goal,Restricted Area,Center(C),Less Than 8 ft.,0.0,0.0,1.0,1,1,20170330,POR,HOU
Shot Chart Detail,0021601125,492,203090,Maurice Harkless,1610612757,Portland Trail Blazers,4,2,54,Missed Shot,Turnaround Fadeaway shot,2PT Field Goal,In The Paint (Non-RA),Center(C),Less Than 8 ft.,4.0,-37.0,26.0,1,0,20170330,POR,HOU
Shot Chart Detail,0021601141,19,203090,Maurice Harkless,1610612757,Portland Trail Blazers,1,10,0,Missed Shot,Jump Shot,3PT Field Goal,Right Corner 3,Right Side(R),24+ ft.,23.0,232.0,7.0,1,0,20170401,POR,PHX
Shot Chart Detail,0021601141,26,203090,Maurice Harkless,1610612757,Portland Trail Blazers,1,9,27,Made Shot,Driving Layup Shot,2PT Field Goal,Restricted Area,Center(C),Less Than 8 ft.,1.0,12.0,-1.0,1,1,20170401,POR,PHX
Shot Chart Detail,0021601141,41,203090,Maurice Harkless,1610612757,Portland Trail Blazers,1,8,17,Made Shot,Fadeaway Bank shot,2PT Field Goal,In The Paint (Non-RA),Center(C),Less Than 8 ft.,5.0,-50.0,2.0,1,1,20170401,POR,PHX
Shot Chart Detail,0021601141,61,203090,Maurice Harkless,1610612757,Portland Trail Blazers,1,6,2,Made Shot,Layup Shot,2PT Field Goal,Restricted Area,Center(C),Less Than 8 ft.,0.0,-7.0,3.0,1,1,20170401,POR,PHX
Shot Chart Detail,0021601141,149,203090,Maurice Harkless,1610612757,Portland Trail Blazers,2,9,31,Made Shot,Reverse Layup Shot,2PT Field Goal,Restricted Area,Center(C),Less Than 8 ft.,1.0,10.0,2.0,1,1,20170401,POR,PHX
Shot Chart Detail,0021601141,183,203090,Maurice Harkless,1610612757,Portland Trail Blazers,2,7,18,Made Shot,Putback Dunk Shot,2PT Field Goal,Restricted Area,Center(C),Less Than 8 ft.,0.0,0.0,1.0,1,1,20170401,POR,PHX
Shot Chart Detail,0021601141,201,203090,Maurice Harkless,1610612757,Portland Trail Blazers,2,4,29,Missed Shot,Jump Shot,2PT Field Goal,Restricted Area,Center(C),Less Than 8 ft.,3.0,30.0,2.0,1,0,20170401,POR,PHX
Shot Chart Detail,0021601141,219,203090,Maurice Harkless,1610612757,Portland Trail Blazers,2,2,2,Missed Shot,Jump Shot,2PT Field Goal,In The Paint (Non-RA),Center(C),Less Than 8 ft.,6.0,-68.0,-11.0,1,0,20170401,POR,PHX
Shot Chart Detail,0021601164,45,203090,Maurice Harkless,1610612757,Portland Trail Blazers,1,5,53,Missed Shot,Jump Shot,3PT Field Goal,Above the Break 3,Right Side Center(RC),24+ ft.,24.0,217.0,124.0,1,0,20170404,UTA,POR
Shot Chart Detail,0021601164,55,203090,Maurice Harkless,1610612757,Portland Trail Blazers,1,4,27,Missed Shot,Jump Shot,2PT Field Goal,In The Paint (Non-RA),Right Side(R),8-16 ft.,13.0,78.0,111.0,1,0,20170404,UTA,POR
Shot Chart Detail,0021601164,174,203090,Maurice Harkless,1610612757,Portland Trail Blazers,2,4,35,Made Shot,Layup Shot,2PT Field Goal,Restricted Area,Center(C),Less Than 8 ft.,2.0,19.0,7.0,1,1,20170404,UTA,POR
Shot Chart Detail,0021601164,297,203090,Maurice Harkless,1610612757,Portland Trail Blazers,3,4,33,Missed Shot,Layup Shot,2PT Field Goal,Restricted Area,Center(C),Less Than 8 ft.,1.0,14.0,-1.0,1,0,20170404,UTA,POR
Shot Chart Detail,0021601178,15,203090,Maurice Harkless,1610612757,Portland Trail Blazers,1,9,29,Missed Shot,Hook Shot,2PT Field Goal,Restricted Area,Center(C),Less Than 8 ft.,3.0,-29.0,16.0,1,0,20170406,POR,MIN
Shot Chart Detail,0021601178,135,203090,Maurice Harkless,1610612757,Portland Trail Blazers,2,9,28,Made Shot,Reverse Layup Shot,2PT Field Goal,Restricted Area,Center(C),Less Than 8 ft.,1.0,14.0,7.0,1,1,20170406,POR,MIN
Shot Chart Detail,0021601178,149,203090,Maurice Harkless,1610612757,Portland Trail Blazers,2,8,9,Made Shot,Layup Shot,2PT Field Goal,Restricted Area,Center(C),Less Than 8 ft.,0.0,-9.0,2.0,1,1,20170406,POR,MIN
Shot Chart Detail,0021601178,155,203090,Maurice Harkless,1610612757,Portland Trail Blazers,2,7,23,Missed Shot,Turnaround Jump Shot,2PT Field Goal,In The Paint (Non-RA),Center(C),Less Than 8 ft.,7.0,-78.0,7.0,1,0,20170406,POR,MIN
Shot Chart Detail,0021601178,399,203090,Maurice Harkless,1610612757,Portland Trail Blazers,4,9,46,Missed Shot,Running Reverse Layup Shot,2PT Field Goal,Restricted Area,Center(C),Less Than 8 ft.,0.0,-6.0,-6.0,1,0,20170406,POR,MIN
Shot Chart Detail,0021601194,157,203090,Maurice Harkless,1610612757,Portland Trail Blazers,2,7,50,Missed Shot,Running Layup Shot,2PT Field Goal,Restricted Area,Center(C),Less Than 8 ft.,1.0,9.0,8.0,1,0,20170408,POR,UTA
Shot Chart Detail,0021601194,190,203090,Maurice Harkless,1610612757,Portland Trail Blazers,2,5,17,Made Shot,Dunk Shot,2PT Field Goal,Restricted Area,Center(C),Less Than 8 ft.,0.0,0.0,1.0,1,1,20170408,POR,UTA
Shot Chart Detail,0021601194,202,203090,Maurice Harkless,1610612757,Portland Trail Blazers,2,4,17,Made Shot,Dunk Shot,2PT Field Goal,Restricted Area,Center(C),Less Than 8 ft.,0.0,0.0,1.0,1,1,20170408,POR,UTA
Shot Chart Detail,0021601194,227,203090,Maurice Harkless,1610612757,Portland Trail Blazers,2,1,16,Made Shot,Layup Shot,2PT Field Goal,Restricted Area,Center(C),Less Than 8 ft.,0.0,1.0,-1.0,1,1,20170408,POR,UTA
Shot Chart Detail,0021601194,375,203090,Maurice Harkless,1610612757,Portland Trail Blazers,4,10,36,Made Shot,Cutting Dunk Shot,2PT Field Goal,Restricted Area,Center(C),Less Than 8 ft.,0.0,0.0,1.0,1,1,20170408,POR,UTA
Shot Chart Detail,0021601194,411,203090,Maurice Harkless,1610612757,Portland Trail Blazers,4,6,33,Made Shot,Layup Shot,2PT Field Goal,Restricted Area,Center(C),Less Than 8 ft.,1.0,19.0,2.0,1,1,20170408,POR,UTA
Shot Chart Detail,0021601194,440,203090,Maurice Harkless,1610612757,Portland Trail Blazers,4,4,28,Made Shot,Driving Layup Shot,2PT Field Goal,Restricted Area,Center(C),Less Than 8 ft.,1.0,9.0,8.0,1,1,20170408,POR,UTA
Shot Chart Detail,0021601230,105,203090,Maurice Harkless,1610612757,Portland Trail Blazers,1,2,4,Made Shot,Dunk Shot,2PT Field Goal,Restricted Area,Center(C),Less Than 8 ft.,0.0,0.0,1.0,1,1,20170412,POR,NOP
Shot Chart Detail,0021601230,146,203090,Maurice Harkless,1610612757,Portland Trail Blazers,2,9,42,Made Shot,Dunk Shot,2PT Field Goal,Restricted Area,Center(C),Less Than 8 ft.,0.0,0.0,1.0,1,1,20170412,POR,NOP
Shot Chart Detail,0021601230,170,203090,Maurice Harkless,1610612757,Portland Trail Blazers,2,7,57,Missed Shot,Layup Shot,2PT Field Goal,Restricted Area,Center(C),Less Than 8 ft.,2.0,-20.0,7.0,1,0,20170412,POR,NOP
Shot Chart Detail,0021601230,184,203090,Maurice Harkless,1610612757,Portland Trail Blazers,2,7,23,Made Shot,Layup Shot,2PT Field Goal,Restricted Area,Center(C),Less Than 8 ft.,1.0,-11.0,-5.0,1,1,20170412,POR,NOP
Shot Chart Detail,0021601230,357,203090,Maurice Harkless,1610612757,Portland Trail Blazers,3,4,23,Made Shot,Dunk Shot,2PT Field Goal,Restricted Area,Center(C),Less Than 8 ft.,0.0,0.0,1.0,1,1,20170412,POR,NOP
Shot Chart Detail,0021601230,436,203090,Maurice Harkless,1610612757,Portland Trail Blazers,4,8,41,Made Shot,Layup Shot,2PT Field Goal,Restricted Area,Center(C),Less Than 8 ft.,2.0,-20.0,11.0,1,1,20170412,POR,NOP
