GRID_TYPE,GAME_ID,GAME_EVENT_ID,PLAYER_ID,PLAYER_NAME,TEAM_ID,TEAM_NAME,PERIOD,MINUTES_REMAINING,SECONDS_REMAINING,EVENT_TYPE,ACTION_TYPE,SHOT_TYPE,SHOT_ZONE_BASIC,SHOT_ZONE_AREA,SHOT_ZONE_RANGE,SHOT_DISTANCE,LOC_X,LOC_Y,SHOT_ATTEMPTED_FLAG,SHOT_MADE_FLAG,GAME_DATE,HTM,VTM
Shot Chart Detail,0021600008,4,203521,Matthew Dellavedova,1610612749,Milwaukee Bucks,1,11,13,Made Shot,Driving Floating Jump Shot,2PT Field Goal,In The Paint (Non-RA),Center(C),Less Than 8 ft.,5.0,43.0,26.0,1,1,20161026,MIL,CHA
Shot Chart Detail,0021600008,41,203521,Matthew Dellavedova,1610612749,Milwaukee Bucks,1,7,42,Made Shot,Jump Shot,3PT Field Goal,Above the Break 3,Center(C),24+ ft.,25.0,56.0,252.0,1,1,20161026,MIL,CHA
Shot Chart Detail,0021600008,57,203521,Matthew Dellavedova,1610612749,Milwaukee Bucks,1,5,42,Missed Shot,Pullup Jump shot,2PT Field Goal,In The Paint (Non-RA),Right Side(R),8-16 ft.,14.0,79.0,120.0,1,0,20161026,MIL,CHA
Shot Chart Detail,0021600008,230,203521,Matthew Dellavedova,1610612749,Milwaukee Bucks,2,2,58,Missed Shot,Jump Shot,3PT Field Goal,Above the Break 3,Right Side Center(RC),24+ ft.,24.0,141.0,203.0,1,0,20161026,MIL,CHA
Shot Chart Detail,0021600008,277,203521,Matthew Dellavedova,1610612749,Milwaukee Bucks,3,11,2,Made Shot,Jump Shot,2PT Field Goal,Mid-Range,Left Side Center(LC),16-24 ft.,22.0,-149.0,173.0,1,1,20161026,MIL,CHA
Shot Chart Detail,0021600008,308,203521,Matthew Dellavedova,1610612749,Milwaukee Bucks,3,8,11,Made Shot,Jump Shot,2PT Field Goal,Mid-Range,Center(C),16-24 ft.,21.0,-29.0,214.0,1,1,20161026,MIL,CHA
Shot Chart Detail,0021600008,498,203521,Matthew Dellavedova,1610612749,Milwaukee Bucks,4,4,6,Made Shot,Floating Jump shot,2PT Field Goal,In The Paint (Non-RA),Center(C),Less Than 8 ft.,6.0,64.0,26.0,1,1,20161026,MIL,CHA
Shot Chart Detail,0021600008,506,203521,Matthew Dellavedova,1610612749,Milwaukee Bucks,4,3,30,Missed Shot,Jump Shot,2PT Field Goal,Mid-Range,Left Side(L),8-16 ft.,8.0,-84.0,2.0,1,0,20161026,MIL,CHA
Shot Chart Detail,0021600008,515,203521,Matthew Dellavedova,1610612749,Milwaukee Bucks,4,2,46,Missed Shot,Jump Shot,3PT Field Goal,Above the Break 3,Left Side Center(LC),24+ ft.,26.0,-138.0,228.0,1,0,20161026,MIL,CHA
Shot Chart Detail,0021600008,555,203521,Matthew Dellavedova,1610612749,Milwaukee Bucks,4,0,5,Missed Shot,Jump Shot,2PT Field Goal,Mid-Range,Right Side(R),8-16 ft.,14.0,148.0,18.0,1,0,20161026,MIL,CHA
Shot Chart Detail,0021600031,8,203521,Matthew Dellavedova,1610612749,Milwaukee Bucks,1,11,6,Made Shot,Floating Jump shot,2PT Field Goal,Mid-Range,Right Side(R),8-16 ft.,10.0,99.0,31.0,1,1,20161029,MIL,BKN
Shot Chart Detail,0021600031,187,203521,Matthew Dellavedova,1610612749,Milwaukee Bucks,2,7,36,Missed Shot,Layup Shot,2PT Field Goal,Restricted Area,Center(C),Less Than 8 ft.,1.0,-9.0,11.0,1,0,20161029,MIL,BKN
Shot Chart Detail,0021600031,232,203521,Matthew Dellavedova,1610612749,Milwaukee Bucks,2,3,59,Missed Shot,Jump Shot,2PT Field Goal,Mid-Range,Right Side(R),8-16 ft.,10.0,104.0,33.0,1,0,20161029,MIL,BKN
Shot Chart Detail,0021600031,239,203521,Matthew Dellavedova,1610612749,Milwaukee Bucks,2,3,18,Missed Shot,Jump Shot,3PT Field Goal,Above the Break 3,Right Side Center(RC),24+ ft.,25.0,210.0,149.0,1,0,20161029,MIL,BKN
Shot Chart Detail,0021600031,280,203521,Matthew Dellavedova,1610612749,Milwaukee Bucks,2,0,26,Made Shot,Floating Jump shot,2PT Field Goal,In The Paint (Non-RA),Center(C),Less Than 8 ft.,7.0,-20.0,77.0,1,1,20161029,MIL,BKN
Shot Chart Detail,0021600031,287,203521,Matthew Dellavedova,1610612749,Milwaukee Bucks,3,11,18,Made Shot,Cutting Layup Shot,2PT Field Goal,Restricted Area,Center(C),Less Than 8 ft.,0.0,4.0,0.0,1,1,20161029,MIL,BKN
Shot Chart Detail,0021600031,313,203521,Matthew Dellavedova,1610612749,Milwaukee Bucks,3,8,55,Made Shot,Floating Jump shot,2PT Field Goal,In The Paint (Non-RA),Center(C),Less Than 8 ft.,6.0,-63.0,2.0,1,1,20161029,MIL,BKN
Shot Chart Detail,0021600031,507,203521,Matthew Dellavedova,1610612749,Milwaukee Bucks,4,6,35,Missed Shot,Driving Layup Shot,2PT Field Goal,Restricted Area,Center(C),Less Than 8 ft.,3.0,-34.0,19.0,1,0,20161029,MIL,BKN
Shot Chart Detail,0021600031,516,203521,Matthew Dellavedova,1610612749,Milwaukee Bucks,4,5,28,Made Shot,Jump Shot,2PT Field Goal,Mid-Range,Left Side(L),16-24 ft.,22.0,-179.0,129.0,1,1,20161029,MIL,BKN
Shot Chart Detail,0021600031,579,203521,Matthew Dellavedova,1610612749,Milwaukee Bucks,4,0,18,Missed Shot,Jump Shot,2PT Field Goal,In The Paint (Non-RA),Center(C),Less Than 8 ft.,4.0,43.0,18.0,1,0,20161029,MIL,BKN
Shot Chart Detail,0021600038,4,203521,Matthew Dellavedova,1610612749,Milwaukee Bucks,1,10,57,Made Shot,Jump Shot,3PT Field Goal,Above the Break 3,Left Side Center(LC),24+ ft.,26.0,-153.0,214.0,1,1,20161030,DET,MIL
Shot Chart Detail,0021600038,154,203521,Matthew Dellavedova,1610612749,Milwaukee Bucks,2,5,26,Made Shot,Jump Shot,3PT Field Goal,Above the Break 3,Right Side Center(RC),24+ ft.,25.0,192.0,165.0,1,1,20161030,DET,MIL
Shot Chart Detail,0021600038,249,203521,Matthew Dellavedova,1610612749,Milwaukee Bucks,3,10,0,Missed Shot,Jump Shot,2PT Field Goal,In The Paint (Non-RA),Center(C),Less Than 8 ft.,6.0,66.0,21.0,1,0,20161030,DET,MIL
Shot Chart Detail,0021600038,261,203521,Matthew Dellavedova,1610612749,Milwaukee Bucks,3,8,19,Missed Shot,Jump Shot,2PT Field Goal,In The Paint (Non-RA),Center(C),Less Than 8 ft.,7.0,73.0,16.0,1,0,20161030,DET,MIL
Shot Chart Detail,0021600038,270,203521,Matthew Dellavedova,1610612749,Milwaukee Bucks,3,6,42,Made Shot,Driving Layup Shot,2PT Field Goal,Restricted Area,Center(C),Less Than 8 ft.,1.0,-6.0,8.0,1,1,20161030,DET,MIL
Shot Chart Detail,0021600038,423,203521,Matthew Dellavedova,1610612749,Milwaukee Bucks,4,4,55,Made Shot,Driving Layup Shot,2PT Field Goal,Restricted Area,Center(C),Less Than 8 ft.,0.0,0.0,8.0,1,1,20161030,DET,MIL
Shot Chart Detail,0021600038,456,203521,Matthew Dellavedova,1610612749,Milwaukee Bucks,4,2,43,Missed Shot,Jump Shot,3PT Field Goal,Above the Break 3,Center(C),24+ ft.,26.0,-48.0,259.0,1,0,20161030,DET,MIL
Shot Chart Detail,0021600051,34,203521,Matthew Dellavedova,1610612749,Milwaukee Bucks,1,8,9,Missed Shot,Layup Shot,2PT Field Goal,Restricted Area,Center(C),Less Than 8 ft.,2.0,25.0,11.0,1,0,20161101,NOP,MIL
Shot Chart Detail,0021600051,210,203521,Matthew Dellavedova,1610612749,Milwaukee Bucks,2,5,8,Made Shot,Jump Shot,3PT Field Goal,Above the Break 3,Right Side Center(RC),24+ ft.,25.0,123.0,228.0,1,1,20161101,NOP,MIL
Shot Chart Detail,0021600051,234,203521,Matthew Dellavedova,1610612749,Milwaukee Bucks,2,3,29,Missed Shot,Jump Shot,3PT Field Goal,Above the Break 3,Center(C),24+ ft.,26.0,-74.0,254.0,1,0,20161101,NOP,MIL
Shot Chart Detail,0021600051,267,203521,Matthew Dellavedova,1610612749,Milwaukee Bucks,2,0,58,Made Shot,Jump Shot,3PT Field Goal,Above the Break 3,Center(C),24+ ft.,24.0,14.0,247.0,1,1,20161101,NOP,MIL
Shot Chart Detail,0021600051,273,203521,Matthew Dellavedova,1610612749,Milwaukee Bucks,2,0,34,Made Shot,Jump Shot,2PT Field Goal,Mid-Range,Left Side(L),16-24 ft.,23.0,-201.0,120.0,1,1,20161101,NOP,MIL
Shot Chart Detail,0021600051,385,203521,Matthew Dellavedova,1610612749,Milwaukee Bucks,3,3,57,Made Shot,Driving Layup Shot,2PT Field Goal,Restricted Area,Center(C),Less Than 8 ft.,2.0,-20.0,7.0,1,1,20161101,NOP,MIL
Shot Chart Detail,0021600051,543,203521,Matthew Dellavedova,1610612749,Milwaukee Bucks,4,3,0,Missed Shot,Jump Shot,2PT Field Goal,In The Paint (Non-RA),Center(C),Less Than 8 ft.,7.0,53.0,51.0,1,0,20161101,NOP,MIL
Shot Chart Detail,0021600051,564,203521,Matthew Dellavedova,1610612749,Milwaukee Bucks,4,1,0,Missed Shot,Jump Shot,3PT Field Goal,Above the Break 3,Center(C),24+ ft.,25.0,61.0,252.0,1,0,20161101,NOP,MIL
Shot Chart Detail,0021600066,190,203521,Matthew Dellavedova,1610612749,Milwaukee Bucks,2,5,50,Missed Shot,Jump Shot,3PT Field Goal,Above the Break 3,Center(C),24+ ft.,26.0,-42.0,262.0,1,0,20161103,MIL,IND
Shot Chart Detail,0021600066,225,203521,Matthew Dellavedova,1610612749,Milwaukee Bucks,2,3,24,Made Shot,Hook Shot,2PT Field Goal,In The Paint (Non-RA),Center(C),Less Than 8 ft.,5.0,-6.0,51.0,1,1,20161103,MIL,IND
Shot Chart Detail,0021600066,336,203521,Matthew Dellavedova,1610612749,Milwaukee Bucks,3,6,38,Missed Shot,Jump Shot,3PT Field Goal,Above the Break 3,Left Side Center(LC),24+ ft.,26.0,-143.0,218.0,1,0,20161103,MIL,IND
Shot Chart Detail,0021600066,338,203521,Matthew Dellavedova,1610612749,Milwaukee Bucks,3,6,34,Missed Shot,Jump Shot,3PT Field Goal,Above the Break 3,Right Side Center(RC),24+ ft.,25.0,102.0,232.0,1,0,20161103,MIL,IND
Shot Chart Detail,0021600066,488,203521,Matthew Dellavedova,1610612749,Milwaukee Bucks,4,6,23,Made Shot,Driving Floating Jump Shot,2PT Field Goal,In The Paint (Non-RA),Center(C),Less Than 8 ft.,6.0,66.0,11.0,1,1,20161103,MIL,IND
Shot Chart Detail,0021600066,490,203521,Matthew Dellavedova,1610612749,Milwaukee Bucks,4,5,50,Missed Shot,Driving Floating Jump Shot,2PT Field Goal,Mid-Range,Right Side(R),8-16 ft.,8.0,87.0,11.0,1,0,20161103,MIL,IND
Shot Chart Detail,0021600085,23,203521,Matthew Dellavedova,1610612749,Milwaukee Bucks,1,9,42,Made Shot,Floating Jump shot,2PT Field Goal,Mid-Range,Right Side(R),8-16 ft.,11.0,115.0,-21.0,1,1,20161105,MIL,SAC
Shot Chart Detail,0021600085,65,203521,Matthew Dellavedova,1610612749,Milwaukee Bucks,1,5,48,Made Shot,Floating Jump shot,2PT Field Goal,Mid-Range,Right Side(R),8-16 ft.,12.0,99.0,70.0,1,1,20161105,MIL,SAC
Shot Chart Detail,0021600085,88,203521,Matthew Dellavedova,1610612749,Milwaukee Bucks,1,4,2,Made Shot,Jump Shot,3PT Field Goal,Above the Break 3,Left Side Center(LC),24+ ft.,26.0,-222.0,139.0,1,1,20161105,MIL,SAC
Shot Chart Detail,0021600085,213,203521,Matthew Dellavedova,1610612749,Milwaukee Bucks,2,3,28,Missed Shot,Jump Shot,3PT Field Goal,Above the Break 3,Left Side Center(LC),24+ ft.,25.0,-197.0,154.0,1,0,20161105,MIL,SAC
Shot Chart Detail,0021600085,258,203521,Matthew Dellavedova,1610612749,Milwaukee Bucks,2,0,32,Missed Shot,Jump Shot,2PT Field Goal,Mid-Range,Center(C),16-24 ft.,21.0,-53.0,213.0,1,0,20161105,MIL,SAC
Shot Chart Detail,0021600085,272,203521,Matthew Dellavedova,1610612749,Milwaukee Bucks,3,11,44,Missed Shot,Layup Shot,2PT Field Goal,Restricted Area,Center(C),Less Than 8 ft.,1.0,-5.0,-16.0,1,0,20161105,MIL,SAC
Shot Chart Detail,0021600085,297,203521,Matthew Dellavedova,1610612749,Milwaukee Bucks,3,8,53,Made Shot,Jump Shot,3PT Field Goal,Above the Break 3,Right Side Center(RC),24+ ft.,25.0,200.0,164.0,1,1,20161105,MIL,SAC
Shot Chart Detail,0021600090,15,203521,Matthew Dellavedova,1610612749,Milwaukee Bucks,1,10,2,Made Shot,Driving Floating Jump Shot,2PT Field Goal,Mid-Range,Right Side(R),8-16 ft.,11.0,102.0,52.0,1,1,20161106,DAL,MIL
Shot Chart Detail,0021600090,165,203521,Matthew Dellavedova,1610612749,Milwaukee Bucks,2,6,54,Missed Shot,Jump Shot,3PT Field Goal,Above the Break 3,Right Side Center(RC),24+ ft.,24.0,135.0,210.0,1,0,20161106,DAL,MIL
Shot Chart Detail,0021600090,208,203521,Matthew Dellavedova,1610612749,Milwaukee Bucks,2,2,19,Missed Shot,Running Jump Shot,2PT Field Goal,Mid-Range,Right Side(R),16-24 ft.,16.0,135.0,90.0,1,0,20161106,DAL,MIL
Shot Chart Detail,0021600090,446,203521,Matthew Dellavedova,1610612749,Milwaukee Bucks,4,4,28,Missed Shot,Running Jump Shot,2PT Field Goal,In The Paint (Non-RA),Center(C),8-16 ft.,13.0,17.0,129.0,1,0,20161106,DAL,MIL
Shot Chart Detail,0021600090,455,203521,Matthew Dellavedova,1610612749,Milwaukee Bucks,4,3,36,Missed Shot,Driving Floating Jump Shot,2PT Field Goal,In The Paint (Non-RA),Center(C),8-16 ft.,8.0,14.0,80.0,1,0,20161106,DAL,MIL
Shot Chart Detail,0021600090,522,203521,Matthew Dellavedova,1610612749,Milwaukee Bucks,5,2,57,Missed Shot,Jump Shot,3PT Field Goal,Above the Break 3,Left Side Center(LC),24+ ft.,24.0,-176.0,174.0,1,0,20161106,DAL,MIL
Shot Chart Detail,0021600090,565,203521,Matthew Dellavedova,1610612749,Milwaukee Bucks,5,0,20,Missed Shot,Jump Shot,3PT Field Goal,Above the Break 3,Center(C),24+ ft.,24.0,-11.0,247.0,1,0,20161106,DAL,MIL
Shot Chart Detail,0021600117,2,203521,Matthew Dellavedova,1610612749,Milwaukee Bucks,1,11,46,Made Shot,Driving Layup Shot,2PT Field Goal,Restricted Area,Center(C),Less Than 8 ft.,2.0,22.0,7.0,1,1,20161110,MIL,NOP
Shot Chart Detail,0021600117,17,203521,Matthew Dellavedova,1610612749,Milwaukee Bucks,1,10,11,Missed Shot,Step Back Jump shot,2PT Field Goal,Mid-Range,Right Side(R),8-16 ft.,14.0,140.0,-6.0,1,0,20161110,MIL,NOP
Shot Chart Detail,0021600117,52,203521,Matthew Dellavedova,1610612749,Milwaukee Bucks,1,5,53,Made Shot,Jump Shot,2PT Field Goal,In The Paint (Non-RA),Center(C),Less Than 8 ft.,6.0,-16.0,61.0,1,1,20161110,MIL,NOP
Shot Chart Detail,0021600117,262,203521,Matthew Dellavedova,1610612749,Milwaukee Bucks,3,11,27,Missed Shot,Layup Shot,2PT Field Goal,Restricted Area,Center(C),Less Than 8 ft.,0.0,-6.0,7.0,1,0,20161110,MIL,NOP
Shot Chart Detail,0021600117,511,203521,Matthew Dellavedova,1610612749,Milwaukee Bucks,4,1,41,Missed Shot,Jump Shot,3PT Field Goal,Above the Break 3,Right Side Center(RC),24+ ft.,25.0,218.0,129.0,1,0,20161110,MIL,NOP
Shot Chart Detail,0021600117,514,203521,Matthew Dellavedova,1610612749,Milwaukee Bucks,4,1,24,Missed Shot,Jump Shot,2PT Field Goal,In The Paint (Non-RA),Center(C),Less Than 8 ft.,6.0,63.0,21.0,1,0,20161110,MIL,NOP
Shot Chart Detail,0021600117,576,203521,Matthew Dellavedova,1610612749,Milwaukee Bucks,4,0,0,Missed Shot,Jump Shot,3PT Field Goal,Above the Break 3,Right Side Center(RC),24+ ft.,27.0,120.0,244.0,1,0,20161110,MIL,NOP
Shot Chart Detail,0021600137,207,203521,Matthew Dellavedova,1610612749,Milwaukee Bucks,2,3,44,Made Shot,Jump Shot,2PT Field Goal,Mid-Range,Right Side Center(RC),16-24 ft.,20.0,74.0,188.0,1,1,20161112,MIL,MEM
Shot Chart Detail,0021600137,219,203521,Matthew Dellavedova,1610612749,Milwaukee Bucks,2,2,30,Missed Shot,Jump Shot,3PT Field Goal,Above the Break 3,Left Side Center(LC),24+ ft.,25.0,-122.0,229.0,1,0,20161112,MIL,MEM
Shot Chart Detail,0021600137,221,203521,Matthew Dellavedova,1610612749,Milwaukee Bucks,2,2,25,Missed Shot,Jump Shot,2PT Field Goal,Mid-Range,Left Side Center(LC),16-24 ft.,18.0,-70.0,169.0,1,0,20161112,MIL,MEM
Shot Chart Detail,0021600137,306,203521,Matthew Dellavedova,1610612749,Milwaukee Bucks,3,7,5,Made Shot,Floating Jump shot,2PT Field Goal,Mid-Range,Right Side(R),8-16 ft.,11.0,102.0,51.0,1,1,20161112,MIL,MEM
Shot Chart Detail,0021600163,39,203521,Matthew Dellavedova,1610612749,Milwaukee Bucks,1,8,43,Missed Shot,Jump Shot,3PT Field Goal,Above the Break 3,Left Side Center(LC),24+ ft.,24.0,-155.0,193.0,1,0,20161116,ATL,MIL
Shot Chart Detail,0021600163,59,203521,Matthew Dellavedova,1610612749,Milwaukee Bucks,1,7,2,Made Shot,Pullup Jump shot,3PT Field Goal,Above the Break 3,Right Side Center(RC),24+ ft.,24.0,119.0,219.0,1,1,20161116,ATL,MIL
Shot Chart Detail,0021600163,222,203521,Matthew Dellavedova,1610612749,Milwaukee Bucks,2,5,21,Missed Shot,Putback Layup Shot,2PT Field Goal,Restricted Area,Center(C),Less Than 8 ft.,2.0,25.0,16.0,1,0,20161116,ATL,MIL
Shot Chart Detail,0021600163,228,203521,Matthew Dellavedova,1610612749,Milwaukee Bucks,2,4,44,Missed Shot,Floating Jump shot,2PT Field Goal,In The Paint (Non-RA),Center(C),8-16 ft.,12.0,-32.0,124.0,1,0,20161116,ATL,MIL
Shot Chart Detail,0021600163,263,203521,Matthew Dellavedova,1610612749,Milwaukee Bucks,2,1,25,Missed Shot,Jump Shot,3PT Field Goal,Above the Break 3,Right Side Center(RC),24+ ft.,25.0,125.0,219.0,1,0,20161116,ATL,MIL
Shot Chart Detail,0021600163,310,203521,Matthew Dellavedova,1610612749,Milwaukee Bucks,3,7,53,Missed Shot,Pullup Jump shot,2PT Field Goal,Mid-Range,Center(C),16-24 ft.,16.0,4.0,160.0,1,0,20161116,ATL,MIL
Shot Chart Detail,0021600163,315,203521,Matthew Dellavedova,1610612749,Milwaukee Bucks,3,7,12,Made Shot,Pullup Jump shot,3PT Field Goal,Above the Break 3,Center(C),24+ ft.,24.0,-35.0,247.0,1,1,20161116,ATL,MIL
Shot Chart Detail,0021600163,326,203521,Matthew Dellavedova,1610612749,Milwaukee Bucks,3,5,45,Made Shot,Driving Floating Jump Shot,2PT Field Goal,In The Paint (Non-RA),Right Side(R),8-16 ft.,8.0,61.0,61.0,1,1,20161116,ATL,MIL
Shot Chart Detail,0021600163,333,203521,Matthew Dellavedova,1610612749,Milwaukee Bucks,3,5,24,Missed Shot,Jump Shot,3PT Field Goal,Above the Break 3,Center(C),24+ ft.,24.0,-56.0,242.0,1,0,20161116,ATL,MIL
Shot Chart Detail,0021600170,23,203521,Matthew Dellavedova,1610612749,Milwaukee Bucks,1,9,11,Missed Shot,Jump Shot,3PT Field Goal,Above the Break 3,Left Side Center(LC),24+ ft.,24.0,-209.0,129.0,1,0,20161117,MIA,MIL
Shot Chart Detail,0021600170,159,203521,Matthew Dellavedova,1610612749,Milwaukee Bucks,2,10,3,Missed Shot,Jump Shot,2PT Field Goal,Mid-Range,Center(C),16-24 ft.,22.0,20.0,223.0,1,0,20161117,MIA,MIL
Shot Chart Detail,0021600170,163,203521,Matthew Dellavedova,1610612749,Milwaukee Bucks,2,9,30,Missed Shot,Pullup Jump shot,2PT Field Goal,In The Paint (Non-RA),Center(C),8-16 ft.,11.0,27.0,110.0,1,0,20161117,MIA,MIL
Shot Chart Detail,0021600170,186,203521,Matthew Dellavedova,1610612749,Milwaukee Bucks,2,7,40,Missed Shot,Hook Shot,2PT Field Goal,In The Paint (Non-RA),Center(C),8-16 ft.,8.0,12.0,87.0,1,0,20161117,MIA,MIL
Shot Chart Detail,0021600170,277,203521,Matthew Dellavedova,1610612749,Milwaukee Bucks,2,0,28,Missed Shot,Jump Shot,2PT Field Goal,Mid-Range,Left Side Center(LC),16-24 ft.,20.0,-140.0,146.0,1,0,20161117,MIA,MIL
Shot Chart Detail,0021600170,286,203521,Matthew Dellavedova,1610612749,Milwaukee Bucks,3,11,24,Missed Shot,Driving Floating Jump Shot,2PT Field Goal,In The Paint (Non-RA),Center(C),8-16 ft.,9.0,19.0,92.0,1,0,20161117,MIA,MIL
Shot Chart Detail,0021600170,479,203521,Matthew Dellavedova,1610612749,Milwaukee Bucks,4,8,6,Missed Shot,Floating Jump shot,2PT Field Goal,In The Paint (Non-RA),Center(C),8-16 ft.,12.0,4.0,120.0,1,0,20161117,MIA,MIL
Shot Chart Detail,0021600191,31,203521,Matthew Dellavedova,1610612749,Milwaukee Bucks,1,9,3,Made Shot,Driving Reverse Layup Shot,2PT Field Goal,Restricted Area,Center(C),Less Than 8 ft.,0.0,1.0,1.0,1,1,20161119,MIL,GSW
Shot Chart Detail,0021600191,155,203521,Matthew Dellavedova,1610612749,Milwaukee Bucks,2,10,11,Made Shot,Jump Shot,3PT Field Goal,Above the Break 3,Left Side Center(LC),24+ ft.,27.0,-225.0,165.0,1,1,20161119,MIL,GSW
Shot Chart Detail,0021600191,179,203521,Matthew Dellavedova,1610612749,Milwaukee Bucks,2,7,43,Missed Shot,Jump Shot,2PT Field Goal,In The Paint (Non-RA),Center(C),Less Than 8 ft.,6.0,68.0,-11.0,1,0,20161119,MIL,GSW
Shot Chart Detail,0021600191,286,203521,Matthew Dellavedova,1610612749,Milwaukee Bucks,2,0,1,Missed Shot,Fadeaway Jump Shot,2PT Field Goal,Mid-Range,Right Side(R),8-16 ft.,9.0,82.0,56.0,1,0,20161119,MIL,GSW
Shot Chart Detail,0021600191,311,203521,Matthew Dellavedova,1610612749,Milwaukee Bucks,3,9,17,Made Shot,Driving Layup Shot,2PT Field Goal,Restricted Area,Center(C),Less Than 8 ft.,0.0,1.0,7.0,1,1,20161119,MIL,GSW
Shot Chart Detail,0021600191,323,203521,Matthew Dellavedova,1610612749,Milwaukee Bucks,3,8,23,Made Shot,Jump Shot,2PT Field Goal,Mid-Range,Center(C),8-16 ft.,15.0,-19.0,154.0,1,1,20161119,MIL,GSW
Shot Chart Detail,0021600191,471,203521,Matthew Dellavedova,1610612749,Milwaukee Bucks,4,10,39,Missed Shot,Floating Jump shot,2PT Field Goal,Mid-Range,Left Side(L),8-16 ft.,12.0,-110.0,65.0,1,0,20161119,MIL,GSW
Shot Chart Detail,0021600204,2,203521,Matthew Dellavedova,1610612749,Milwaukee Bucks,1,11,40,Missed Shot,Jump Shot,3PT Field Goal,Above the Break 3,Left Side Center(LC),24+ ft.,28.0,-189.0,213.0,1,0,20161121,MIL,ORL
Shot Chart Detail,0021600204,131,203521,Matthew Dellavedova,1610612749,Milwaukee Bucks,2,11,33,Made Shot,Pullup Jump shot,2PT Field Goal,Mid-Range,Right Side(R),8-16 ft.,14.0,145.0,26.0,1,1,20161121,MIL,ORL
Shot Chart Detail,0021600204,188,203521,Matthew Dellavedova,1610612749,Milwaukee Bucks,2,7,20,Made Shot,Step Back Jump shot,2PT Field Goal,Mid-Range,Left Side(L),16-24 ft.,20.0,-171.0,105.0,1,1,20161121,MIL,ORL
Shot Chart Detail,0021600204,286,203521,Matthew Dellavedova,1610612749,Milwaukee Bucks,3,10,32,Missed Shot,Jump Shot,3PT Field Goal,Above the Break 3,Right Side Center(RC),24+ ft.,25.0,173.0,183.0,1,0,20161121,MIL,ORL
Shot Chart Detail,0021600204,476,203521,Matthew Dellavedova,1610612749,Milwaukee Bucks,4,3,59,Made Shot,Jump Shot,3PT Field Goal,Right Corner 3,Right Side(R),24+ ft.,24.0,248.0,-10.0,1,1,20161121,MIL,ORL
Shot Chart Detail,0021600204,479,203521,Matthew Dellavedova,1610612749,Milwaukee Bucks,4,3,27,Missed Shot,Jump Shot,3PT Field Goal,Above the Break 3,Left Side Center(LC),24+ ft.,26.0,-163.0,205.0,1,0,20161121,MIL,ORL
Shot Chart Detail,0021600204,500,203521,Matthew Dellavedova,1610612749,Milwaukee Bucks,4,1,56,Missed Shot,Jump Shot,3PT Field Goal,Above the Break 3,Center(C),24+ ft.,25.0,-2.0,252.0,1,0,20161121,MIL,ORL
Shot Chart Detail,0021600232,36,203521,Matthew Dellavedova,1610612749,Milwaukee Bucks,1,8,11,Made Shot,Jump Shot,3PT Field Goal,Above the Break 3,Left Side Center(LC),24+ ft.,26.0,-88.0,246.0,1,1,20161125,MIL,TOR
Shot Chart Detail,0021600232,136,203521,Matthew Dellavedova,1610612749,Milwaukee Bucks,2,9,7,Missed Shot,Driving Layup Shot,2PT Field Goal,Restricted Area,Center(C),Less Than 8 ft.,1.0,-11.0,-3.0,1,0,20161125,MIL,TOR
Shot Chart Detail,0021600232,178,203521,Matthew Dellavedova,1610612749,Milwaukee Bucks,2,4,13,Missed Shot,Driving Layup Shot,2PT Field Goal,Restricted Area,Center(C),Less Than 8 ft.,1.0,-16.0,11.0,1,0,20161125,MIL,TOR
Shot Chart Detail,0021600232,179,203521,Matthew Dellavedova,1610612749,Milwaukee Bucks,2,4,11,Made Shot,Tip Layup Shot,2PT Field Goal,Restricted Area,Center(C),Less Than 8 ft.,1.0,-10.0,15.0,1,1,20161125,MIL,TOR
Shot Chart Detail,0021600232,190,203521,Matthew Dellavedova,1610612749,Milwaukee Bucks,2,3,1,Missed Shot,Jump Shot,2PT Field Goal,Mid-Range,Left Side(L),8-16 ft.,14.0,-142.0,39.0,1,0,20161125,MIL,TOR
Shot Chart Detail,0021600232,216,203521,Matthew Dellavedova,1610612749,Milwaukee Bucks,2,0,35,Missed Shot,Jump Shot,3PT Field Goal,Above the Break 3,Left Side Center(LC),24+ ft.,25.0,-91.0,236.0,1,0,20161125,MIL,TOR
Shot Chart Detail,0021600232,263,203521,Matthew Dellavedova,1610612749,Milwaukee Bucks,3,8,24,Missed Shot,Jump Shot,3PT Field Goal,Above the Break 3,Left Side Center(LC),24+ ft.,25.0,-232.0,97.0,1,0,20161125,MIL,TOR
Shot Chart Detail,0021600232,414,203521,Matthew Dellavedova,1610612749,Milwaukee Bucks,4,5,47,Made Shot,Jump Shot,3PT Field Goal,Above the Break 3,Center(C),24+ ft.,24.0,9.0,249.0,1,1,20161125,MIL,TOR
Shot Chart Detail,0021600232,431,203521,Matthew Dellavedova,1610612749,Milwaukee Bucks,4,4,20,Made Shot,Jump Shot,3PT Field Goal,Above the Break 3,Center(C),24+ ft.,25.0,7.0,251.0,1,1,20161125,MIL,TOR
Shot Chart Detail,0021600248,26,203521,Matthew Dellavedova,1610612749,Milwaukee Bucks,1,9,17,Made Shot,Running Pull-Up Jump Shot,3PT Field Goal,Above the Break 3,Right Side Center(RC),24+ ft.,25.0,123.0,218.0,1,1,20161127,ORL,MIL
Shot Chart Detail,0021600248,35,203521,Matthew Dellavedova,1610612749,Milwaukee Bucks,1,8,0,Missed Shot,Driving Reverse Layup Shot,2PT Field Goal,Restricted Area,Center(C),Less Than 8 ft.,1.0,2.0,16.0,1,0,20161127,ORL,MIL
Shot Chart Detail,0021600248,149,203521,Matthew Dellavedova,1610612749,Milwaukee Bucks,2,10,15,Missed Shot,Step Back Jump shot,2PT Field Goal,Mid-Range,Center(C),16-24 ft.,19.0,45.0,188.0,1,0,20161127,ORL,MIL
Shot Chart Detail,0021600248,241,203521,Matthew Dellavedova,1610612749,Milwaukee Bucks,2,0,42,Made Shot,Jump Shot,3PT Field Goal,Above the Break 3,Center(C),24+ ft.,26.0,66.0,252.0,1,1,20161127,ORL,MIL
Shot Chart Detail,0021600248,283,203521,Matthew Dellavedova,1610612749,Milwaukee Bucks,3,8,46,Missed Shot,Jump Shot,3PT Field Goal,Above the Break 3,Center(C),24+ ft.,25.0,-16.0,259.0,1,0,20161127,ORL,MIL
Shot Chart Detail,0021600248,296,203521,Matthew Dellavedova,1610612749,Milwaukee Bucks,3,7,47,Missed Shot,Jump Shot,3PT Field Goal,Above the Break 3,Center(C),24+ ft.,26.0,17.0,262.0,1,0,20161127,ORL,MIL
Shot Chart Detail,0021600248,304,203521,Matthew Dellavedova,1610612749,Milwaukee Bucks,3,6,48,Missed Shot,Jump Shot,2PT Field Goal,In The Paint (Non-RA),Center(C),Less Than 8 ft.,6.0,-58.0,33.0,1,0,20161127,ORL,MIL
Shot Chart Detail,0021600248,413,203521,Matthew Dellavedova,1610612749,Milwaukee Bucks,4,8,4,Missed Shot,Jump Shot,3PT Field Goal,Above the Break 3,Center(C),24+ ft.,26.0,64.0,252.0,1,0,20161127,ORL,MIL
Shot Chart Detail,0021600248,415,203521,Matthew Dellavedova,1610612749,Milwaukee Bucks,4,7,57,Missed Shot,Cutting Layup Shot,2PT Field Goal,Restricted Area,Center(C),Less Than 8 ft.,1.0,15.0,7.0,1,0,20161127,ORL,MIL
Shot Chart Detail,0021600248,430,203521,Matthew Dellavedova,1610612749,Milwaukee Bucks,4,7,27,Made Shot,Jump Shot,2PT Field Goal,Mid-Range,Right Side Center(RC),16-24 ft.,23.0,122.0,198.0,1,1,20161127,ORL,MIL
Shot Chart Detail,0021600248,454,203521,Matthew Dellavedova,1610612749,Milwaukee Bucks,4,4,4,Missed Shot,Floating Jump shot,2PT Field Goal,Mid-Range,Right Side(R),8-16 ft.,10.0,92.0,41.0,1,0,20161127,ORL,MIL
Shot Chart Detail,0021600248,498,203521,Matthew Dellavedova,1610612749,Milwaukee Bucks,4,1,49,Missed Shot,Jump Shot,3PT Field Goal,Above the Break 3,Center(C),24+ ft.,24.0,-74.0,237.0,1,0,20161127,ORL,MIL
Shot Chart Detail,0021600248,505,203521,Matthew Dellavedova,1610612749,Milwaukee Bucks,4,0,48,Missed Shot,Jump Shot,3PT Field Goal,Above the Break 3,Center(C),24+ ft.,25.0,76.0,244.0,1,0,20161127,ORL,MIL
Shot Chart Detail,0021600262,121,203521,Matthew Dellavedova,1610612749,Milwaukee Bucks,1,2,1,Made Shot,Floating Jump shot,2PT Field Goal,In The Paint (Non-RA),Center(C),Less Than 8 ft.,7.0,2.0,70.0,1,1,20161129,MIL,CLE
Shot Chart Detail,0021600262,134,203521,Matthew Dellavedova,1610612749,Milwaukee Bucks,1,0,30,Missed Shot,Jump Shot,3PT Field Goal,Above the Break 3,Right Side Center(RC),24+ ft.,26.0,110.0,237.0,1,0,20161129,MIL,CLE
Shot Chart Detail,0021600262,173,203521,Matthew Dellavedova,1610612749,Milwaukee Bucks,2,8,58,Missed Shot,Hook Shot,2PT Field Goal,In The Paint (Non-RA),Center(C),Less Than 8 ft.,7.0,-60.0,43.0,1,0,20161129,MIL,CLE
Shot Chart Detail,0021600262,256,203521,Matthew Dellavedova,1610612749,Milwaukee Bucks,2,0,6,Missed Shot,Floating Jump shot,2PT Field Goal,In The Paint (Non-RA),Center(C),Less Than 8 ft.,6.0,-34.0,56.0,1,0,20161129,MIL,CLE
Shot Chart Detail,0021600262,284,203521,Matthew Dellavedova,1610612749,Milwaukee Bucks,3,9,18,Missed Shot,Layup Shot,2PT Field Goal,Restricted Area,Center(C),Less Than 8 ft.,0.0,6.0,2.0,1,0,20161129,MIL,CLE
Shot Chart Detail,0021600277,51,203521,Matthew Dellavedova,1610612749,Milwaukee Bucks,1,7,10,Made Shot,Jump Shot,3PT Field Goal,Above the Break 3,Right Side Center(RC),24+ ft.,25.0,158.0,198.0,1,1,20161201,BKN,MIL
Shot Chart Detail,0021600277,137,203521,Matthew Dellavedova,1610612749,Milwaukee Bucks,2,11,38,Missed Shot,Jump Shot,3PT Field Goal,Above the Break 3,Center(C),24+ ft.,24.0,-2.0,249.0,1,0,20161201,BKN,MIL
Shot Chart Detail,0021600277,177,203521,Matthew Dellavedova,1610612749,Milwaukee Bucks,2,7,48,Missed Shot,Jump Shot,2PT Field Goal,Mid-Range,Right Side(R),8-16 ft.,15.0,86.0,129.0,1,0,20161201,BKN,MIL
Shot Chart Detail,0021600277,199,203521,Matthew Dellavedova,1610612749,Milwaukee Bucks,2,5,49,Made Shot,Jump Shot,3PT Field Goal,Above the Break 3,Center(C),24+ ft.,24.0,-2.0,247.0,1,1,20161201,BKN,MIL
Shot Chart Detail,0021600277,251,203521,Matthew Dellavedova,1610612749,Milwaukee Bucks,2,0,51,Missed Shot,Driving Layup Shot,2PT Field Goal,Restricted Area,Center(C),Less Than 8 ft.,3.0,30.0,7.0,1,0,20161201,BKN,MIL
Shot Chart Detail,0021600277,278,203521,Matthew Dellavedova,1610612749,Milwaukee Bucks,3,10,0,Made Shot,Jump Shot,3PT Field Goal,Right Corner 3,Right Side(R),24+ ft.,24.0,241.0,0.0,1,1,20161201,BKN,MIL
Shot Chart Detail,0021600291,28,203521,Matthew Dellavedova,1610612749,Milwaukee Bucks,1,8,30,Made Shot,Floating Jump shot,2PT Field Goal,In The Paint (Non-RA),Center(C),Less Than 8 ft.,5.0,2.0,51.0,1,1,20161203,MIL,BKN
Shot Chart Detail,0021600291,32,203521,Matthew Dellavedova,1610612749,Milwaukee Bucks,1,7,53,Missed Shot,Jump Shot,3PT Field Goal,Above the Break 3,Left Side Center(LC),24+ ft.,26.0,-140.0,223.0,1,0,20161203,MIL,BKN
Shot Chart Detail,0021600291,225,203521,Matthew Dellavedova,1610612749,Milwaukee Bucks,2,3,58,Made Shot,Driving Layup Shot,2PT Field Goal,Restricted Area,Center(C),Less Than 8 ft.,0.0,4.0,8.0,1,1,20161203,MIL,BKN
Shot Chart Detail,0021600291,302,203521,Matthew Dellavedova,1610612749,Milwaukee Bucks,3,8,52,Missed Shot,Jump Shot,2PT Field Goal,Mid-Range,Left Side(L),16-24 ft.,19.0,-196.0,-10.0,1,0,20161203,MIL,BKN
Shot Chart Detail,0021600291,326,203521,Matthew Dellavedova,1610612749,Milwaukee Bucks,3,7,19,Missed Shot,Floating Jump shot,2PT Field Goal,In The Paint (Non-RA),Center(C),8-16 ft.,8.0,12.0,85.0,1,0,20161203,MIL,BKN
Shot Chart Detail,0021600291,477,203521,Matthew Dellavedova,1610612749,Milwaukee Bucks,4,7,52,Made Shot,Floating Jump shot,2PT Field Goal,In The Paint (Non-RA),Center(C),Less Than 8 ft.,6.0,-65.0,23.0,1,1,20161203,MIL,BKN
Shot Chart Detail,0021600291,498,203521,Matthew Dellavedova,1610612749,Milwaukee Bucks,4,6,29,Made Shot,Driving Layup Shot,2PT Field Goal,Restricted Area,Center(C),Less Than 8 ft.,0.0,1.0,1.0,1,1,20161203,MIL,BKN
Shot Chart Detail,0021600291,521,203521,Matthew Dellavedova,1610612749,Milwaukee Bucks,4,4,35,Missed Shot,Jump Shot,3PT Field Goal,Above the Break 3,Left Side Center(LC),24+ ft.,29.0,-197.0,213.0,1,0,20161203,MIL,BKN
Shot Chart Detail,0021600291,537,203521,Matthew Dellavedova,1610612749,Milwaukee Bucks,4,3,51,Made Shot,Pullup Jump shot,2PT Field Goal,In The Paint (Non-RA),Center(C),Less Than 8 ft.,7.0,50.0,57.0,1,1,20161203,MIL,BKN
Shot Chart Detail,0021600291,579,203521,Matthew Dellavedova,1610612749,Milwaukee Bucks,4,0,37,Made Shot,Driving Floating Jump Shot,2PT Field Goal,In The Paint (Non-RA),Center(C),Less Than 8 ft.,6.0,-25.0,56.0,1,1,20161203,MIL,BKN
Shot Chart Detail,0021600309,6,203521,Matthew Dellavedova,1610612749,Milwaukee Bucks,1,11,7,Missed Shot,Driving Layup Shot,2PT Field Goal,Restricted Area,Center(C),Less Than 8 ft.,1.0,6.0,11.0,1,0,20161205,MIL,SAS
Shot Chart Detail,0021600309,38,203521,Matthew Dellavedova,1610612749,Milwaukee Bucks,1,7,3,Made Shot,Driving Hook Shot,2PT Field Goal,In The Paint (Non-RA),Center(C),Less Than 8 ft.,4.0,42.0,23.0,1,1,20161205,MIL,SAS
Shot Chart Detail,0021600309,195,203521,Matthew Dellavedova,1610612749,Milwaukee Bucks,2,5,28,Made Shot,Jump Shot,2PT Field Goal,Mid-Range,Right Side(R),8-16 ft.,15.0,156.0,8.0,1,1,20161205,MIL,SAS
Shot Chart Detail,0021600309,284,203521,Matthew Dellavedova,1610612749,Milwaukee Bucks,3,9,40,Missed Shot,Floating Jump shot,2PT Field Goal,In The Paint (Non-RA),Center(C),Less Than 8 ft.,7.0,71.0,33.0,1,0,20161205,MIL,SAS
Shot Chart Detail,0021600309,289,203521,Matthew Dellavedova,1610612749,Milwaukee Bucks,3,9,36,Missed Shot,Reverse Layup Shot,2PT Field Goal,Restricted Area,Center(C),Less Than 8 ft.,2.0,-25.0,3.0,1,0,20161205,MIL,SAS
Shot Chart Detail,0021600309,303,203521,Matthew Dellavedova,1610612749,Milwaukee Bucks,3,8,53,Missed Shot,Jump Shot,3PT Field Goal,Above the Break 3,Left Side Center(LC),24+ ft.,25.0,-220.0,126.0,1,0,20161205,MIL,SAS
Shot Chart Detail,0021600309,343,203521,Matthew Dellavedova,1610612749,Milwaukee Bucks,3,6,19,Missed Shot,Jump Shot,3PT Field Goal,Above the Break 3,Left Side Center(LC),24+ ft.,28.0,-219.0,180.0,1,0,20161205,MIL,SAS
Shot Chart Detail,0021600309,515,203521,Matthew Dellavedova,1610612749,Milwaukee Bucks,4,5,6,Made Shot,Jump Shot,3PT Field Goal,Above the Break 3,Center(C),24+ ft.,26.0,-24.0,267.0,1,1,20161205,MIL,SAS
Shot Chart Detail,0021600325,17,203521,Matthew Dellavedova,1610612749,Milwaukee Bucks,1,9,0,Missed Shot,Layup Shot,2PT Field Goal,Restricted Area,Center(C),Less Than 8 ft.,0.0,-4.0,7.0,1,0,20161207,MIL,POR
Shot Chart Detail,0021600325,35,203521,Matthew Dellavedova,1610612749,Milwaukee Bucks,1,7,25,Missed Shot,Jump Shot,3PT Field Goal,Left Corner 3,Left Side(L),24+ ft.,23.0,-235.0,36.0,1,0,20161207,MIL,POR
Shot Chart Detail,0021600325,66,203521,Matthew Dellavedova,1610612749,Milwaukee Bucks,1,4,15,Made Shot,Jump Shot,3PT Field Goal,Above the Break 3,Center(C),24+ ft.,25.0,10.0,252.0,1,1,20161207,MIL,POR
Shot Chart Detail,0021600325,217,203521,Matthew Dellavedova,1610612749,Milwaukee Bucks,2,1,25,Missed Shot,Jump Shot,3PT Field Goal,Above the Break 3,Center(C),24+ ft.,26.0,42.0,264.0,1,0,20161207,MIL,POR
Shot Chart Detail,0021600325,239,203521,Matthew Dellavedova,1610612749,Milwaukee Bucks,3,11,47,Made Shot,Jump Shot,2PT Field Goal,Mid-Range,Right Side(R),8-16 ft.,13.0,132.0,11.0,1,1,20161207,MIL,POR
Shot Chart Detail,0021600325,274,203521,Matthew Dellavedova,1610612749,Milwaukee Bucks,3,8,37,Made Shot,Jump Shot,3PT Field Goal,Above the Break 3,Left Side Center(LC),24+ ft.,27.0,-155.0,232.0,1,1,20161207,MIL,POR
Shot Chart Detail,0021600325,314,203521,Matthew Dellavedova,1610612749,Milwaukee Bucks,3,4,44,Made Shot,Running Jump Shot,3PT Field Goal,Above the Break 3,Right Side Center(RC),24+ ft.,25.0,218.0,136.0,1,1,20161207,MIL,POR
Shot Chart Detail,0021600325,476,203521,Matthew Dellavedova,1610612749,Milwaukee Bucks,4,4,25,Missed Shot,Layup Shot,2PT Field Goal,Restricted Area,Center(C),Less Than 8 ft.,0.0,-6.0,2.0,1,0,20161207,MIL,POR
Shot Chart Detail,0021600325,479,203521,Matthew Dellavedova,1610612749,Milwaukee Bucks,4,3,59,Made Shot,Floating Jump shot,2PT Field Goal,In The Paint (Non-RA),Center(C),Less Than 8 ft.,6.0,60.0,23.0,1,1,20161207,MIL,POR
Shot Chart Detail,0021600325,487,203521,Matthew Dellavedova,1610612749,Milwaukee Bucks,4,2,59,Made Shot,Driving Hook Shot,2PT Field Goal,In The Paint (Non-RA),Center(C),Less Than 8 ft.,4.0,28.0,31.0,1,1,20161207,MIL,POR
Shot Chart Detail,0021600325,515,203521,Matthew Dellavedova,1610612749,Milwaukee Bucks,4,0,37,Made Shot,Turnaround Hook Shot,2PT Field Goal,In The Paint (Non-RA),Center(C),Less Than 8 ft.,4.0,-24.0,41.0,1,1,20161207,MIL,POR
Shot Chart Detail,0021600340,12,203521,Matthew Dellavedova,1610612749,Milwaukee Bucks,1,10,17,Missed Shot,Jump Shot,3PT Field Goal,Above the Break 3,Right Side Center(RC),24+ ft.,26.0,164.0,205.0,1,0,20161209,MIL,ATL
Shot Chart Detail,0021600340,16,203521,Matthew Dellavedova,1610612749,Milwaukee Bucks,1,9,51,Missed Shot,Floating Jump shot,2PT Field Goal,In The Paint (Non-RA),Right Side(R),8-16 ft.,9.0,73.0,56.0,1,0,20161209,MIL,ATL
Shot Chart Detail,0021600340,25,203521,Matthew Dellavedova,1610612749,Milwaukee Bucks,1,8,45,Made Shot,Floating Jump shot,2PT Field Goal,In The Paint (Non-RA),Center(C),Less Than 8 ft.,5.0,45.0,26.0,1,1,20161209,MIL,ATL
Shot Chart Detail,0021600340,63,203521,Matthew Dellavedova,1610612749,Milwaukee Bucks,1,5,23,Missed Shot,Jump Shot,3PT Field Goal,Above the Break 3,Right Side Center(RC),24+ ft.,25.0,205.0,146.0,1,0,20161209,MIL,ATL
Shot Chart Detail,0021600340,211,203521,Matthew Dellavedova,1610612749,Milwaukee Bucks,2,2,36,Made Shot,Driving Reverse Layup Shot,2PT Field Goal,Restricted Area,Center(C),Less Than 8 ft.,0.0,-2.0,3.0,1,1,20161209,MIL,ATL
Shot Chart Detail,0021600340,228,203521,Matthew Dellavedova,1610612749,Milwaukee Bucks,2,0,41,Made Shot,Jump Shot,3PT Field Goal,Above the Break 3,Right Side Center(RC),24+ ft.,25.0,145.0,213.0,1,1,20161209,MIL,ATL
Shot Chart Detail,0021600340,290,203521,Matthew Dellavedova,1610612749,Milwaukee Bucks,3,7,22,Made Shot,Pullup Jump shot,2PT Field Goal,In The Paint (Non-RA),Left Side(L),8-16 ft.,8.0,-70.0,51.0,1,1,20161209,MIL,ATL
Shot Chart Detail,0021600340,299,203521,Matthew Dellavedova,1610612749,Milwaukee Bucks,3,6,52,Missed Shot,Hook Shot,2PT Field Goal,In The Paint (Non-RA),Center(C),Less Than 8 ft.,5.0,53.0,11.0,1,0,20161209,MIL,ATL
Shot Chart Detail,0021600340,307,203521,Matthew Dellavedova,1610612749,Milwaukee Bucks,3,5,31,Missed Shot,Floating Jump shot,2PT Field Goal,Mid-Range,Left Side(L),8-16 ft.,13.0,-124.0,41.0,1,0,20161209,MIL,ATL
Shot Chart Detail,0021600340,497,203521,Matthew Dellavedova,1610612749,Milwaukee Bucks,4,3,52,Missed Shot,Jump Shot,2PT Field Goal,Mid-Range,Left Side Center(LC),16-24 ft.,16.0,-91.0,136.0,1,0,20161209,MIL,ATL
Shot Chart Detail,0021600340,509,203521,Matthew Dellavedova,1610612749,Milwaukee Bucks,4,2,57,Missed Shot,Layup Shot,2PT Field Goal,Restricted Area,Center(C),Less Than 8 ft.,2.0,-6.0,28.0,1,0,20161209,MIL,ATL
Shot Chart Detail,0021600340,526,203521,Matthew Dellavedova,1610612749,Milwaukee Bucks,4,0,53,Missed Shot,Jump Shot,3PT Field Goal,Above the Break 3,Left Side Center(LC),24+ ft.,27.0,-91.0,257.0,1,0,20161209,MIL,ATL
Shot Chart Detail,0021600346,7,203521,Matthew Dellavedova,1610612749,Milwaukee Bucks,1,11,6,Missed Shot,Jump Shot,3PT Field Goal,Right Corner 3,Right Side(R),24+ ft.,23.0,233.0,47.0,1,0,20161210,WAS,MIL
Shot Chart Detail,0021600346,48,203521,Matthew Dellavedova,1610612749,Milwaukee Bucks,1,6,53,Made Shot,Jump Shot,3PT Field Goal,Left Corner 3,Left Side(L),24+ ft.,23.0,-230.0,43.0,1,1,20161210,WAS,MIL
Shot Chart Detail,0021600346,55,203521,Matthew Dellavedova,1610612749,Milwaukee Bucks,1,6,17,Missed Shot,Jump Shot,3PT Field Goal,Above the Break 3,Center(C),24+ ft.,27.0,10.0,277.0,1,0,20161210,WAS,MIL
Shot Chart Detail,0021600346,351,203521,Matthew Dellavedova,1610612749,Milwaukee Bucks,3,6,31,Missed Shot,Jump Shot,2PT Field Goal,In The Paint (Non-RA),Center(C),Less Than 8 ft.,6.0,-17.0,65.0,1,0,20161210,WAS,MIL
Shot Chart Detail,0021600346,369,203521,Matthew Dellavedova,1610612749,Milwaukee Bucks,3,5,1,Made Shot,Jump Shot,3PT Field Goal,Above the Break 3,Left Side Center(LC),24+ ft.,26.0,-96.0,252.0,1,1,20161210,WAS,MIL
Shot Chart Detail,0021600346,515,203521,Matthew Dellavedova,1610612749,Milwaukee Bucks,4,2,20,Missed Shot,Jump Shot,2PT Field Goal,In The Paint (Non-RA),Center(C),8-16 ft.,8.0,30.0,75.0,1,0,20161210,WAS,MIL
Shot Chart Detail,0021600346,521,203521,Matthew Dellavedova,1610612749,Milwaukee Bucks,4,1,31,Missed Shot,Jump Shot,2PT Field Goal,In The Paint (Non-RA),Center(C),8-16 ft.,8.0,10.0,82.0,1,0,20161210,WAS,MIL
Shot Chart Detail,0021600346,568,203521,Matthew Dellavedova,1610612749,Milwaukee Bucks,4,0,1,Missed Shot,Jump Shot,3PT Field Goal,Above the Break 3,Center(C),24+ ft.,27.0,-34.0,273.0,1,0,20161210,WAS,MIL
Shot Chart Detail,0021600362,29,203521,Matthew Dellavedova,1610612749,Milwaukee Bucks,1,8,34,Missed Shot,Driving Reverse Layup Shot,2PT Field Goal,Restricted Area,Center(C),Less Than 8 ft.,2.0,20.0,7.0,1,0,20161212,TOR,MIL
Shot Chart Detail,0021600362,62,203521,Matthew Dellavedova,1610612749,Milwaukee Bucks,1,4,50,Missed Shot,Pullup Jump shot,2PT Field Goal,Mid-Range,Center(C),16-24 ft.,18.0,-27.0,183.0,1,0,20161212,TOR,MIL
Shot Chart Detail,0021600362,67,203521,Matthew Dellavedova,1610612749,Milwaukee Bucks,1,4,1,Missed Shot,Jump Shot,2PT Field Goal,Mid-Range,Left Side(L),16-24 ft.,19.0,-199.0,-1.0,1,0,20161212,TOR,MIL
Shot Chart Detail,0021600362,233,203521,Matthew Dellavedova,1610612749,Milwaukee Bucks,2,1,42,Missed Shot,Jump Shot,3PT Field Goal,Above the Break 3,Right Side Center(RC),24+ ft.,25.0,209.0,149.0,1,0,20161212,TOR,MIL
Shot Chart Detail,0021600362,241,203521,Matthew Dellavedova,1610612749,Milwaukee Bucks,2,0,43,Made Shot,Driving Hook Shot,2PT Field Goal,In The Paint (Non-RA),Center(C),Less Than 8 ft.,5.0,2.0,52.0,1,1,20161212,TOR,MIL
Shot Chart Detail,0021600362,268,203521,Matthew Dellavedova,1610612749,Milwaukee Bucks,3,10,0,Missed Shot,Driving Floating Jump Shot,2PT Field Goal,In The Paint (Non-RA),Right Side(R),8-16 ft.,8.0,64.0,56.0,1,0,20161212,TOR,MIL
Shot Chart Detail,0021600362,291,203521,Matthew Dellavedova,1610612749,Milwaukee Bucks,3,7,39,Missed Shot,Jump Shot,3PT Field Goal,Above the Break 3,Right Side Center(RC),24+ ft.,25.0,186.0,169.0,1,0,20161212,TOR,MIL
Shot Chart Detail,0021600362,479,203521,Matthew Dellavedova,1610612749,Milwaukee Bucks,4,2,55,Missed Shot,Pullup Jump shot,2PT Field Goal,Mid-Range,Left Side(L),16-24 ft.,16.0,-160.0,38.0,1,0,20161212,TOR,MIL
Shot Chart Detail,0021600384,147,203521,Matthew Dellavedova,1610612749,Milwaukee Bucks,2,8,2,Missed Shot,Layup Shot,2PT Field Goal,Restricted Area,Center(C),Less Than 8 ft.,2.0,-19.0,8.0,1,0,20161215,MIL,CHI
Shot Chart Detail,0021600384,229,203521,Matthew Dellavedova,1610612749,Milwaukee Bucks,2,0,56,Made Shot,Reverse Layup Shot,2PT Field Goal,Restricted Area,Center(C),Less Than 8 ft.,3.0,-35.0,7.0,1,1,20161215,MIL,CHI
Shot Chart Detail,0021600384,258,203521,Matthew Dellavedova,1610612749,Milwaukee Bucks,3,11,17,Made Shot,Driving Floating Jump Shot,2PT Field Goal,In The Paint (Non-RA),Center(C),Less Than 8 ft.,6.0,68.0,-1.0,1,1,20161215,MIL,CHI
Shot Chart Detail,0021600384,269,203521,Matthew Dellavedova,1610612749,Milwaukee Bucks,3,9,46,Missed Shot,Driving Floating Bank Jump Shot,2PT Field Goal,In The Paint (Non-RA),Center(C),Less Than 8 ft.,6.0,63.0,7.0,1,0,20161215,MIL,CHI
Shot Chart Detail,0021600384,274,203521,Matthew Dellavedova,1610612749,Milwaukee Bucks,3,9,13,Made Shot,Floating Jump shot,2PT Field Goal,In The Paint (Non-RA),Center(C),Less Than 8 ft.,7.0,15.0,70.0,1,1,20161215,MIL,CHI
Shot Chart Detail,0021600384,288,203521,Matthew Dellavedova,1610612749,Milwaukee Bucks,3,8,10,Missed Shot,Driving Floating Bank Jump Shot,2PT Field Goal,Mid-Range,Left Side(L),8-16 ft.,8.0,-84.0,26.0,1,0,20161215,MIL,CHI
Shot Chart Detail,0021600384,496,203521,Matthew Dellavedova,1610612749,Milwaukee Bucks,4,1,34,Made Shot,Jump Shot,3PT Field Goal,Above the Break 3,Right Side Center(RC),24+ ft.,26.0,114.0,234.0,1,1,20161215,MIL,CHI
Shot Chart Detail,0021600393,15,203521,Matthew Dellavedova,1610612749,Milwaukee Bucks,1,10,34,Missed Shot,Floating Jump shot,2PT Field Goal,Mid-Range,Right Side(R),8-16 ft.,13.0,114.0,75.0,1,0,20161216,CHI,MIL
Shot Chart Detail,0021600393,288,203521,Matthew Dellavedova,1610612749,Milwaukee Bucks,3,10,4,Missed Shot,Driving Floating Jump Shot,2PT Field Goal,In The Paint (Non-RA),Right Side(R),8-16 ft.,10.0,58.0,85.0,1,0,20161216,CHI,MIL
Shot Chart Detail,0021600393,311,203521,Matthew Dellavedova,1610612749,Milwaukee Bucks,3,8,12,Missed Shot,Jump Shot,3PT Field Goal,Above the Break 3,Left Side Center(LC),24+ ft.,25.0,-132.0,223.0,1,0,20161216,CHI,MIL
Shot Chart Detail,0021600423,23,203521,Matthew Dellavedova,1610612749,Milwaukee Bucks,1,8,40,Missed Shot,Jump Shot,3PT Field Goal,Left Corner 3,Left Side(L),24+ ft.,24.0,-240.0,61.0,1,0,20161220,MIL,CLE
Shot Chart Detail,0021600423,33,203521,Matthew Dellavedova,1610612749,Milwaukee Bucks,1,6,55,Missed Shot,Layup Shot,2PT Field Goal,Restricted Area,Center(C),Less Than 8 ft.,1.0,10.0,2.0,1,0,20161220,MIL,CLE
Shot Chart Detail,0021600423,125,203521,Matthew Dellavedova,1610612749,Milwaukee Bucks,2,8,33,Missed Shot,Jump Shot,3PT Field Goal,Left Corner 3,Left Side(L),24+ ft.,22.0,-228.0,-11.0,1,0,20161220,MIL,CLE
Shot Chart Detail,0021600423,261,203521,Matthew Dellavedova,1610612749,Milwaukee Bucks,3,10,26,Made Shot,Jump Shot,3PT Field Goal,Above the Break 3,Left Side Center(LC),24+ ft.,26.0,-122.0,232.0,1,1,20161220,MIL,CLE
Shot Chart Detail,0021600423,304,203521,Matthew Dellavedova,1610612749,Milwaukee Bucks,3,6,22,Made Shot,Jump Shot,3PT Field Goal,Above the Break 3,Left Side Center(LC),24+ ft.,26.0,-137.0,232.0,1,1,20161220,MIL,CLE
Shot Chart Detail,0021600423,307,203521,Matthew Dellavedova,1610612749,Milwaukee Bucks,3,6,0,Missed Shot,Jump Shot,3PT Field Goal,Above the Break 3,Left Side Center(LC),24+ ft.,27.0,-156.0,224.0,1,0,20161220,MIL,CLE
Shot Chart Detail,0021600423,370,203521,Matthew Dellavedova,1610612749,Milwaukee Bucks,3,0,2,Made Shot,Driving Layup Shot,2PT Field Goal,Restricted Area,Center(C),Less Than 8 ft.,0.0,-6.0,3.0,1,1,20161220,MIL,CLE
Shot Chart Detail,0021600423,457,203521,Matthew Dellavedova,1610612749,Milwaukee Bucks,4,4,58,Missed Shot,Jump Shot,3PT Field Goal,Above the Break 3,Left Side Center(LC),24+ ft.,27.0,-148.0,232.0,1,0,20161220,MIL,CLE
Shot Chart Detail,0021600423,477,203521,Matthew Dellavedova,1610612749,Milwaukee Bucks,4,1,32,Missed Shot,Floating Jump shot,2PT Field Goal,In The Paint (Non-RA),Center(C),Less Than 8 ft.,4.0,-2.0,41.0,1,0,20161220,MIL,CLE
Shot Chart Detail,0021600423,516,203521,Matthew Dellavedova,1610612749,Milwaukee Bucks,5,4,42,Missed Shot,Jump Shot,3PT Field Goal,Above the Break 3,Center(C),24+ ft.,27.0,1.0,277.0,1,0,20161220,MIL,CLE
Shot Chart Detail,0021600429,32,203521,Matthew Dellavedova,1610612749,Milwaukee Bucks,1,8,8,Missed Shot,Jump Shot,3PT Field Goal,Above the Break 3,Right Side Center(RC),24+ ft.,24.0,213.0,120.0,1,0,20161221,CLE,MIL
Shot Chart Detail,0021600429,171,203521,Matthew Dellavedova,1610612749,Milwaukee Bucks,2,7,4,Missed Shot,Jump Shot,3PT Field Goal,Above the Break 3,Left Side Center(LC),24+ ft.,25.0,-110.0,228.0,1,0,20161221,CLE,MIL
Shot Chart Detail,0021600429,184,203521,Matthew Dellavedova,1610612749,Milwaukee Bucks,2,5,54,Made Shot,Jump Shot,2PT Field Goal,Mid-Range,Right Side(R),8-16 ft.,14.0,148.0,7.0,1,1,20161221,CLE,MIL
Shot Chart Detail,0021600429,302,203521,Matthew Dellavedova,1610612749,Milwaukee Bucks,3,7,35,Missed Shot,Jump Shot,3PT Field Goal,Left Corner 3,Left Side(L),24+ ft.,23.0,-237.0,0.0,1,0,20161221,CLE,MIL
Shot Chart Detail,0021600447,8,203521,Matthew Dellavedova,1610612749,Milwaukee Bucks,1,10,51,Missed Shot,Jump Shot,3PT Field Goal,Above the Break 3,Left Side Center(LC),24+ ft.,26.0,-178.0,198.0,1,0,20161223,MIL,WAS
Shot Chart Detail,0021600447,19,203521,Matthew Dellavedova,1610612749,Milwaukee Bucks,1,9,36,Made Shot,Driving Floating Bank Jump Shot,2PT Field Goal,In The Paint (Non-RA),Center(C),Less Than 8 ft.,6.0,-60.0,26.0,1,1,20161223,MIL,WAS
Shot Chart Detail,0021600447,168,203521,Matthew Dellavedova,1610612749,Milwaukee Bucks,2,5,45,Missed Shot,Pullup Jump shot,2PT Field Goal,Mid-Range,Right Side(R),16-24 ft.,16.0,163.0,2.0,1,0,20161223,MIL,WAS
Shot Chart Detail,0021600447,219,203521,Matthew Dellavedova,1610612749,Milwaukee Bucks,2,1,33,Missed Shot,Jump Shot,3PT Field Goal,Above the Break 3,Center(C),24+ ft.,26.0,74.0,257.0,1,0,20161223,MIL,WAS
Shot Chart Detail,0021600447,256,203521,Matthew Dellavedova,1610612749,Milwaukee Bucks,3,10,49,Made Shot,Jump Shot,3PT Field Goal,Above the Break 3,Left Side Center(LC),24+ ft.,27.0,-106.0,252.0,1,1,20161223,MIL,WAS
Shot Chart Detail,0021600447,279,203521,Matthew Dellavedova,1610612749,Milwaukee Bucks,3,8,58,Missed Shot,Jump Shot,3PT Field Goal,Above the Break 3,Right Side Center(RC),24+ ft.,26.0,210.0,159.0,1,0,20161223,MIL,WAS
Shot Chart Detail,0021600461,174,203521,Matthew Dellavedova,1610612749,Milwaukee Bucks,2,8,9,Missed Shot,Jump Shot,2PT Field Goal,Mid-Range,Left Side Center(LC),16-24 ft.,23.0,-95.0,215.0,1,0,20161226,WAS,MIL
Shot Chart Detail,0021600461,203,203521,Matthew Dellavedova,1610612749,Milwaukee Bucks,2,6,44,Missed Shot,Jump Shot,3PT Field Goal,Above the Break 3,Left Side Center(LC),24+ ft.,24.0,-158.0,193.0,1,0,20161226,WAS,MIL
Shot Chart Detail,0021600461,221,203521,Matthew Dellavedova,1610612749,Milwaukee Bucks,2,5,9,Missed Shot,Jump Shot,2PT Field Goal,In The Paint (Non-RA),Center(C),Less Than 8 ft.,4.0,37.0,31.0,1,0,20161226,WAS,MIL
Shot Chart Detail,0021600461,260,203521,Matthew Dellavedova,1610612749,Milwaukee Bucks,2,2,32,Missed Shot,Jump Shot,3PT Field Goal,Above the Break 3,Right Side Center(RC),24+ ft.,25.0,135.0,213.0,1,0,20161226,WAS,MIL
Shot Chart Detail,0021600461,272,203521,Matthew Dellavedova,1610612749,Milwaukee Bucks,2,0,57,Made Shot,Floating Jump shot,2PT Field Goal,In The Paint (Non-RA),Center(C),8-16 ft.,12.0,-7.0,120.0,1,1,20161226,WAS,MIL
Shot Chart Detail,0021600461,287,203521,Matthew Dellavedova,1610612749,Milwaukee Bucks,3,11,48,Missed Shot,Jump Shot,3PT Field Goal,Above the Break 3,Left Side Center(LC),24+ ft.,26.0,-86.0,248.0,1,0,20161226,WAS,MIL
Shot Chart Detail,0021600461,518,203521,Matthew Dellavedova,1610612749,Milwaukee Bucks,4,3,23,Missed Shot,Jump Shot,3PT Field Goal,Above the Break 3,Center(C),24+ ft.,26.0,-66.0,254.0,1,0,20161226,WAS,MIL
Shot Chart Detail,0021600461,527,203521,Matthew Dellavedova,1610612749,Milwaukee Bucks,4,2,50,Missed Shot,Jump Shot,2PT Field Goal,Mid-Range,Right Side(R),8-16 ft.,12.0,122.0,11.0,1,0,20161226,WAS,MIL
Shot Chart Detail,0021600461,563,203521,Matthew Dellavedova,1610612749,Milwaukee Bucks,4,0,26,Missed Shot,Jump Shot,2PT Field Goal,In The Paint (Non-RA),Center(C),Less Than 8 ft.,4.0,40.0,8.0,1,0,20161226,WAS,MIL
Shot Chart Detail,0021600479,5,203521,Matthew Dellavedova,1610612749,Milwaukee Bucks,1,11,13,Missed Shot,Jump Shot,2PT Field Goal,Mid-Range,Center(C),8-16 ft.,14.0,15.0,148.0,1,0,20161228,DET,MIL
Shot Chart Detail,0021600479,27,203521,Matthew Dellavedova,1610612749,Milwaukee Bucks,1,8,2,Made Shot,Floating Jump shot,2PT Field Goal,In The Paint (Non-RA),Center(C),Less Than 8 ft.,7.0,-4.0,72.0,1,1,20161228,DET,MIL
Shot Chart Detail,0021600479,143,203521,Matthew Dellavedova,1610612749,Milwaukee Bucks,2,7,58,Made Shot,Jump Shot,3PT Field Goal,Above the Break 3,Left Side Center(LC),24+ ft.,26.0,-202.0,178.0,1,1,20161228,DET,MIL
Shot Chart Detail,0021600479,174,203521,Matthew Dellavedova,1610612749,Milwaukee Bucks,2,5,5,Made Shot,Jump Shot,3PT Field Goal,Above the Break 3,Center(C),24+ ft.,26.0,30.0,262.0,1,1,20161228,DET,MIL
Shot Chart Detail,0021600479,210,203521,Matthew Dellavedova,1610612749,Milwaukee Bucks,2,2,1,Missed Shot,Layup Shot,2PT Field Goal,Restricted Area,Center(C),Less Than 8 ft.,0.0,2.0,2.0,1,0,20161228,DET,MIL
Shot Chart Detail,0021600479,260,203521,Matthew Dellavedova,1610612749,Milwaukee Bucks,3,9,0,Missed Shot,Floating Jump shot,2PT Field Goal,In The Paint (Non-RA),Center(C),Less Than 8 ft.,6.0,64.0,21.0,1,0,20161228,DET,MIL
Shot Chart Detail,0021600479,271,203521,Matthew Dellavedova,1610612749,Milwaukee Bucks,3,7,26,Made Shot,Layup Shot,2PT Field Goal,Restricted Area,Center(C),Less Than 8 ft.,0.0,-2.0,-1.0,1,1,20161228,DET,MIL
Shot Chart Detail,0021600562,270,203521,Matthew Dellavedova,1610612749,Milwaukee Bucks,3,7,49,Missed Shot,Jump Shot,3PT Field Goal,Above the Break 3,Center(C),24+ ft.,26.0,15.0,269.0,1,0,20170108,MIL,WAS
Shot Chart Detail,0021600562,282,203521,Matthew Dellavedova,1610612749,Milwaukee Bucks,3,6,45,Missed Shot,Reverse Layup Shot,2PT Field Goal,Restricted Area,Center(C),Less Than 8 ft.,0.0,1.0,2.0,1,0,20170108,MIL,WAS
Shot Chart Detail,0021600562,292,203521,Matthew Dellavedova,1610612749,Milwaukee Bucks,3,5,44,Missed Shot,Jump Shot,3PT Field Goal,Above the Break 3,Left Side Center(LC),24+ ft.,26.0,-155.0,213.0,1,0,20170108,MIL,WAS
Shot Chart Detail,0021600562,315,203521,Matthew Dellavedova,1610612749,Milwaukee Bucks,3,3,15,Made Shot,Cutting Layup Shot,2PT Field Goal,Restricted Area,Center(C),Less Than 8 ft.,0.0,-4.0,7.0,1,1,20170108,MIL,WAS
Shot Chart Detail,0021600562,464,203521,Matthew Dellavedova,1610612749,Milwaukee Bucks,4,2,1,Missed Shot,Jump Shot,3PT Field Goal,Above the Break 3,Left Side Center(LC),24+ ft.,28.0,-178.0,219.0,1,0,20170108,MIL,WAS
Shot Chart Detail,0021600575,101,203521,Matthew Dellavedova,1610612749,Milwaukee Bucks,1,2,23,Missed Shot,Jump Shot,3PT Field Goal,Above the Break 3,Right Side Center(RC),24+ ft.,24.0,133.0,208.0,1,0,20170110,SAS,MIL
Shot Chart Detail,0021600575,124,203521,Matthew Dellavedova,1610612749,Milwaukee Bucks,1,0,53,Made Shot,Cutting Finger Roll Layup Shot,2PT Field Goal,Restricted Area,Center(C),Less Than 8 ft.,2.0,-20.0,3.0,1,1,20170110,SAS,MIL
Shot Chart Detail,0021600575,156,203521,Matthew Dellavedova,1610612749,Milwaukee Bucks,2,9,1,Missed Shot,Reverse Layup Shot,2PT Field Goal,Restricted Area,Center(C),Less Than 8 ft.,1.0,-14.0,-6.0,1,0,20170110,SAS,MIL
Shot Chart Detail,0021600575,324,203521,Matthew Dellavedova,1610612749,Milwaukee Bucks,3,4,28,Made Shot,Driving Layup Shot,2PT Field Goal,Restricted Area,Center(C),Less Than 8 ft.,1.0,10.0,7.0,1,1,20170110,SAS,MIL
Shot Chart Detail,0021600575,355,203521,Matthew Dellavedova,1610612749,Milwaukee Bucks,3,1,20,Missed Shot,Jump Shot,2PT Field Goal,In The Paint (Non-RA),Center(C),Less Than 8 ft.,7.0,-12.0,70.0,1,0,20170110,SAS,MIL
Shot Chart Detail,0021600594,99,203521,Matthew Dellavedova,1610612749,Milwaukee Bucks,1,2,54,Made Shot,Jump Shot,3PT Field Goal,Above the Break 3,Right Side Center(RC),24+ ft.,24.0,155.0,193.0,1,1,20170113,MIL,MIA
Shot Chart Detail,0021600594,141,203521,Matthew Dellavedova,1610612749,Milwaukee Bucks,2,10,37,Missed Shot,Layup Shot,2PT Field Goal,Restricted Area,Center(C),Less Than 8 ft.,1.0,-14.0,2.0,1,0,20170113,MIL,MIA
Shot Chart Detail,0021600594,378,203521,Matthew Dellavedova,1610612749,Milwaukee Bucks,3,0,31,Missed Shot,Turnaround Hook Shot,2PT Field Goal,In The Paint (Non-RA),Center(C),Less Than 8 ft.,6.0,6.0,65.0,1,0,20170113,MIL,MIA
Shot Chart Detail,0021600594,403,203521,Matthew Dellavedova,1610612749,Milwaukee Bucks,4,9,35,Missed Shot,Reverse Layup Shot,2PT Field Goal,Restricted Area,Center(C),Less Than 8 ft.,0.0,-1.0,2.0,1,0,20170113,MIL,MIA
Shot Chart Detail,0021600594,414,203521,Matthew Dellavedova,1610612749,Milwaukee Bucks,4,9,13,Missed Shot,Reverse Layup Shot,2PT Field Goal,Restricted Area,Center(C),Less Than 8 ft.,0.0,2.0,7.0,1,0,20170113,MIL,MIA
Shot Chart Detail,0021600607,144,203521,Matthew Dellavedova,1610612749,Milwaukee Bucks,2,11,1,Made Shot,Driving Reverse Layup Shot,2PT Field Goal,Restricted Area,Center(C),Less Than 8 ft.,0.0,-7.0,2.0,1,1,20170115,ATL,MIL
Shot Chart Detail,0021600607,401,203521,Matthew Dellavedova,1610612749,Milwaukee Bucks,3,0,1,Missed Shot,Driving Layup Shot,2PT Field Goal,Restricted Area,Center(C),Less Than 8 ft.,3.0,30.0,11.0,1,0,20170115,ATL,MIL
Shot Chart Detail,0021600615,75,203521,Matthew Dellavedova,1610612749,Milwaukee Bucks,1,5,28,Made Shot,Jump Shot,2PT Field Goal,Mid-Range,Right Side Center(RC),16-24 ft.,17.0,130.0,115.0,1,1,20170116,MIL,PHI
Shot Chart Detail,0021600615,116,203521,Matthew Dellavedova,1610612749,Milwaukee Bucks,1,1,0,Missed Shot,Jump Shot,2PT Field Goal,In The Paint (Non-RA),Center(C),Less Than 8 ft.,5.0,-9.0,51.0,1,0,20170116,MIL,PHI
Shot Chart Detail,0021600615,161,203521,Matthew Dellavedova,1610612749,Milwaukee Bucks,2,9,16,Missed Shot,Jump Shot,2PT Field Goal,In The Paint (Non-RA),Center(C),Less Than 8 ft.,4.0,6.0,41.0,1,0,20170116,MIL,PHI
Shot Chart Detail,0021600615,362,203521,Matthew Dellavedova,1610612749,Milwaukee Bucks,3,3,15,Made Shot,Driving Floating Bank Jump Shot,2PT Field Goal,In The Paint (Non-RA),Center(C),Less Than 8 ft.,5.0,-58.0,11.0,1,1,20170116,MIL,PHI
Shot Chart Detail,0021600615,400,203521,Matthew Dellavedova,1610612749,Milwaukee Bucks,3,0,0,Missed Shot,Layup Shot,2PT Field Goal,Restricted Area,Center(C),Less Than 8 ft.,2.0,10.0,26.0,1,0,20170116,MIL,PHI
Shot Chart Detail,0021600615,419,203521,Matthew Dellavedova,1610612749,Milwaukee Bucks,4,11,6,Made Shot,Driving Layup Shot,2PT Field Goal,Restricted Area,Center(C),Less Than 8 ft.,1.0,9.0,8.0,1,1,20170116,MIL,PHI
Shot Chart Detail,0021600632,91,203521,Matthew Dellavedova,1610612749,Milwaukee Bucks,1,4,6,Made Shot,Jump Shot,3PT Field Goal,Left Corner 3,Left Side(L),24+ ft.,23.0,-238.0,16.0,1,1,20170118,HOU,MIL
Shot Chart Detail,0021600632,121,203521,Matthew Dellavedova,1610612749,Milwaukee Bucks,1,0,34,Missed Shot,Jump Shot,3PT Field Goal,Above the Break 3,Right Side Center(RC),24+ ft.,25.0,192.0,169.0,1,0,20170118,HOU,MIL
Shot Chart Detail,0021600632,162,203521,Matthew Dellavedova,1610612749,Milwaukee Bucks,2,8,34,Missed Shot,Jump Shot,3PT Field Goal,Above the Break 3,Left Side Center(LC),24+ ft.,26.0,-94.0,247.0,1,0,20170118,HOU,MIL
Shot Chart Detail,0021600632,352,203521,Matthew Dellavedova,1610612749,Milwaukee Bucks,3,4,39,Made Shot,Driving Bank shot,2PT Field Goal,In The Paint (Non-RA),Center(C),Less Than 8 ft.,4.0,38.0,26.0,1,1,20170118,HOU,MIL
Shot Chart Detail,0021600632,357,203521,Matthew Dellavedova,1610612749,Milwaukee Bucks,3,3,41,Missed Shot,Jump Shot,3PT Field Goal,Above the Break 3,Right Side Center(RC),24+ ft.,24.0,79.0,237.0,1,0,20170118,HOU,MIL
Shot Chart Detail,0021600632,381,203521,Matthew Dellavedova,1610612749,Milwaukee Bucks,3,1,25,Missed Shot,Driving Layup Shot,2PT Field Goal,Restricted Area,Center(C),Less Than 8 ft.,2.0,-20.0,11.0,1,0,20170118,HOU,MIL
Shot Chart Detail,0021600643,108,203521,Matthew Dellavedova,1610612749,Milwaukee Bucks,1,2,33,Missed Shot,Jump Shot,2PT Field Goal,Mid-Range,Center(C),16-24 ft.,18.0,12.0,188.0,1,0,20170120,ORL,MIL
Shot Chart Detail,0021600643,155,203521,Matthew Dellavedova,1610612749,Milwaukee Bucks,2,10,14,Missed Shot,Turnaround Jump Shot,2PT Field Goal,Mid-Range,Right Side(R),8-16 ft.,12.0,105.0,67.0,1,0,20170120,ORL,MIL
Shot Chart Detail,0021600643,373,203521,Matthew Dellavedova,1610612749,Milwaukee Bucks,3,5,13,Missed Shot,Jump Shot,2PT Field Goal,In The Paint (Non-RA),Center(C),8-16 ft.,8.0,-24.0,80.0,1,0,20170120,ORL,MIL
Shot Chart Detail,0021600643,439,203521,Matthew Dellavedova,1610612749,Milwaukee Bucks,3,0,27,Missed Shot,Jump Shot,3PT Field Goal,Above the Break 3,Left Side Center(LC),24+ ft.,25.0,-192.0,165.0,1,0,20170120,ORL,MIL
Shot Chart Detail,0021600655,12,203521,Matthew Dellavedova,1610612749,Milwaukee Bucks,1,10,0,Made Shot,Driving Bank shot,2PT Field Goal,Mid-Range,Right Side(R),8-16 ft.,10.0,96.0,31.0,1,1,20170121,MIA,MIL
Shot Chart Detail,0021600655,24,203521,Matthew Dellavedova,1610612749,Milwaukee Bucks,1,8,58,Made Shot,Jump Shot,3PT Field Goal,Above the Break 3,Right Side Center(RC),24+ ft.,25.0,202.0,149.0,1,1,20170121,MIA,MIL
Shot Chart Detail,0021600655,31,203521,Matthew Dellavedova,1610612749,Milwaukee Bucks,1,8,7,Missed Shot,Driving Reverse Layup Shot,2PT Field Goal,Restricted Area,Center(C),Less Than 8 ft.,1.0,-16.0,2.0,1,0,20170121,MIA,MIL
Shot Chart Detail,0021600655,176,203521,Matthew Dellavedova,1610612749,Milwaukee Bucks,2,7,8,Made Shot,Driving Floating Jump Shot,2PT Field Goal,In The Paint (Non-RA),Center(C),8-16 ft.,8.0,9.0,87.0,1,1,20170121,MIA,MIL
Shot Chart Detail,0021600655,196,203521,Matthew Dellavedova,1610612749,Milwaukee Bucks,2,5,3,Made Shot,Floating Jump shot,2PT Field Goal,In The Paint (Non-RA),Center(C),Less Than 8 ft.,6.0,2.0,67.0,1,1,20170121,MIA,MIL
Shot Chart Detail,0021600655,222,203521,Matthew Dellavedova,1610612749,Milwaukee Bucks,2,1,57,Made Shot,Jump Shot,3PT Field Goal,Right Corner 3,Right Side(R),24+ ft.,24.0,240.0,13.0,1,1,20170121,MIA,MIL
Shot Chart Detail,0021600655,348,203521,Matthew Dellavedova,1610612749,Milwaukee Bucks,3,1,33,Missed Shot,Jump Shot,3PT Field Goal,Above the Break 3,Left Side Center(LC),24+ ft.,24.0,-160.0,188.0,1,0,20170121,MIA,MIL
Shot Chart Detail,0021600655,410,203521,Matthew Dellavedova,1610612749,Milwaukee Bucks,4,8,19,Missed Shot,Jump Shot,2PT Field Goal,Mid-Range,Right Side(R),8-16 ft.,8.0,81.0,26.0,1,0,20170121,MIA,MIL
Shot Chart Detail,0021600670,191,203521,Matthew Dellavedova,1610612749,Milwaukee Bucks,2,6,0,Made Shot,Floating Jump shot,2PT Field Goal,In The Paint (Non-RA),Center(C),Less Than 8 ft.,4.0,37.0,31.0,1,1,20170123,MIL,HOU
Shot Chart Detail,0021600670,245,203521,Matthew Dellavedova,1610612749,Milwaukee Bucks,2,2,13,Made Shot,Jump Shot,2PT Field Goal,Mid-Range,Left Side(L),16-24 ft.,22.0,-212.0,67.0,1,1,20170123,MIL,HOU
Shot Chart Detail,0021600670,285,203521,Matthew Dellavedova,1610612749,Milwaukee Bucks,3,9,54,Made Shot,Jump Shot,3PT Field Goal,Above the Break 3,Center(C),24+ ft.,26.0,-27.0,267.0,1,1,20170123,MIL,HOU
Shot Chart Detail,0021600670,335,203521,Matthew Dellavedova,1610612749,Milwaukee Bucks,3,5,5,Made Shot,Floating Jump shot,2PT Field Goal,In The Paint (Non-RA),Center(C),Less Than 8 ft.,5.0,50.0,7.0,1,1,20170123,MIL,HOU
Shot Chart Detail,0021600670,362,203521,Matthew Dellavedova,1610612749,Milwaukee Bucks,3,2,36,Made Shot,Jump Shot,3PT Field Goal,Above the Break 3,Right Side Center(RC),24+ ft.,25.0,191.0,165.0,1,1,20170123,MIL,HOU
Shot Chart Detail,0021600670,389,203521,Matthew Dellavedova,1610612749,Milwaukee Bucks,3,0,12,Missed Shot,Jump Shot,3PT Field Goal,Above the Break 3,Right Side Center(RC),24+ ft.,27.0,135.0,242.0,1,0,20170123,MIL,HOU
Shot Chart Detail,0021600684,44,203521,Matthew Dellavedova,1610612749,Milwaukee Bucks,1,7,47,Made Shot,Driving Layup Shot,2PT Field Goal,Restricted Area,Center(C),Less Than 8 ft.,0.0,-7.0,3.0,1,1,20170125,MIL,PHI
Shot Chart Detail,0021600684,164,203521,Matthew Dellavedova,1610612749,Milwaukee Bucks,2,9,22,Made Shot,Jump Shot,2PT Field Goal,Mid-Range,Right Side(R),8-16 ft.,14.0,146.0,7.0,1,1,20170125,MIL,PHI
Shot Chart Detail,0021600684,182,203521,Matthew Dellavedova,1610612749,Milwaukee Bucks,2,7,25,Missed Shot,Floating Jump shot,2PT Field Goal,In The Paint (Non-RA),Center(C),Less Than 8 ft.,6.0,-37.0,51.0,1,0,20170125,MIL,PHI
Shot Chart Detail,0021600684,198,203521,Matthew Dellavedova,1610612749,Milwaukee Bucks,2,6,31,Made Shot,Driving Finger Roll Layup Shot,2PT Field Goal,Restricted Area,Center(C),Less Than 8 ft.,2.0,22.0,3.0,1,1,20170125,MIL,PHI
Shot Chart Detail,0021600684,226,203521,Matthew Dellavedova,1610612749,Milwaukee Bucks,2,3,21,Missed Shot,Reverse Layup Shot,2PT Field Goal,Restricted Area,Center(C),Less Than 8 ft.,0.0,0.0,2.0,1,0,20170125,MIL,PHI
Shot Chart Detail,0021600684,297,203521,Matthew Dellavedova,1610612749,Milwaukee Bucks,3,10,37,Missed Shot,Jump Shot,3PT Field Goal,Right Corner 3,Right Side(R),24+ ft.,24.0,240.0,33.0,1,0,20170125,MIL,PHI
Shot Chart Detail,0021600684,495,203521,Matthew Dellavedova,1610612749,Milwaukee Bucks,4,5,56,Made Shot,Jump Shot,3PT Field Goal,Right Corner 3,Right Side(R),24+ ft.,24.0,236.0,52.0,1,1,20170125,MIL,PHI
Shot Chart Detail,0021600684,522,203521,Matthew Dellavedova,1610612749,Milwaukee Bucks,4,4,1,Missed Shot,Floating Jump shot,2PT Field Goal,In The Paint (Non-RA),Center(C),Less Than 8 ft.,5.0,53.0,3.0,1,0,20170125,MIL,PHI
Shot Chart Detail,0021600684,530,203521,Matthew Dellavedova,1610612749,Milwaukee Bucks,4,3,13,Missed Shot,Jump Shot,2PT Field Goal,In The Paint (Non-RA),Center(C),Less Than 8 ft.,4.0,45.0,0.0,1,0,20170125,MIL,PHI
Shot Chart Detail,0021600684,549,203521,Matthew Dellavedova,1610612749,Milwaukee Bucks,4,0,52,Missed Shot,Hook Shot,2PT Field Goal,In The Paint (Non-RA),Center(C),Less Than 8 ft.,6.0,58.0,36.0,1,0,20170125,MIL,PHI
Shot Chart Detail,0021600698,201,203521,Matthew Dellavedova,1610612749,Milwaukee Bucks,2,5,9,Missed Shot,Jump Shot,3PT Field Goal,Above the Break 3,Right Side Center(RC),24+ ft.,26.0,195.0,174.0,1,0,20170127,TOR,MIL
Shot Chart Detail,0021600698,235,203521,Matthew Dellavedova,1610612749,Milwaukee Bucks,2,2,11,Missed Shot,Driving Floating Jump Shot,2PT Field Goal,In The Paint (Non-RA),Center(C),Less Than 8 ft.,7.0,48.0,61.0,1,0,20170127,TOR,MIL
Shot Chart Detail,0021600698,279,203521,Matthew Dellavedova,1610612749,Milwaukee Bucks,3,11,48,Missed Shot,Jump Shot,2PT Field Goal,Mid-Range,Left Side(L),16-24 ft.,20.0,-202.0,51.0,1,0,20170127,TOR,MIL
Shot Chart Detail,0021600698,309,203521,Matthew Dellavedova,1610612749,Milwaukee Bucks,3,8,57,Made Shot,Jump Shot,3PT Field Goal,Left Corner 3,Left Side(L),24+ ft.,22.0,-227.0,-1.0,1,1,20170127,TOR,MIL
Shot Chart Detail,0021600698,311,203521,Matthew Dellavedova,1610612749,Milwaukee Bucks,3,8,19,Made Shot,Jump Shot,3PT Field Goal,Above the Break 3,Center(C),24+ ft.,25.0,-2.0,252.0,1,1,20170127,TOR,MIL
Shot Chart Detail,0021600698,314,203521,Matthew Dellavedova,1610612749,Milwaukee Bucks,3,7,49,Made Shot,Running Pull-Up Jump Shot,3PT Field Goal,Above the Break 3,Left Side Center(LC),24+ ft.,24.0,-168.0,178.0,1,1,20170127,TOR,MIL
Shot Chart Detail,0021600698,325,203521,Matthew Dellavedova,1610612749,Milwaukee Bucks,3,6,41,Missed Shot,Jump Shot,3PT Field Goal,Above the Break 3,Center(C),24+ ft.,25.0,-4.0,254.0,1,0,20170127,TOR,MIL
Shot Chart Detail,0021600698,518,203521,Matthew Dellavedova,1610612749,Milwaukee Bucks,4,2,1,Missed Shot,Jump Bank Shot,3PT Field Goal,Above the Break 3,Left Side Center(LC),24+ ft.,25.0,-222.0,124.0,1,0,20170127,TOR,MIL
Shot Chart Detail,0021600698,532,203521,Matthew Dellavedova,1610612749,Milwaukee Bucks,4,1,26,Missed Shot,Driving Floating Jump Shot,2PT Field Goal,In The Paint (Non-RA),Center(C),Less Than 8 ft.,7.0,-66.0,34.0,1,0,20170127,TOR,MIL
Shot Chart Detail,0021600706,14,203521,Matthew Dellavedova,1610612749,Milwaukee Bucks,1,10,43,Made Shot,Reverse Layup Shot,2PT Field Goal,Restricted Area,Center(C),Less Than 8 ft.,0.0,9.0,3.0,1,1,20170128,MIL,BOS
Shot Chart Detail,0021600706,23,203521,Matthew Dellavedova,1610612749,Milwaukee Bucks,1,9,38,Missed Shot,Layup Shot,2PT Field Goal,Restricted Area,Center(C),Less Than 8 ft.,0.0,4.0,2.0,1,0,20170128,MIL,BOS
Shot Chart Detail,0021600706,31,203521,Matthew Dellavedova,1610612749,Milwaukee Bucks,1,8,50,Made Shot,Jump Shot,2PT Field Goal,Mid-Range,Left Side(L),16-24 ft.,19.0,-199.0,-16.0,1,1,20170128,MIL,BOS
Shot Chart Detail,0021600706,238,203521,Matthew Dellavedova,1610612749,Milwaukee Bucks,2,3,10,Made Shot,Jump Shot,3PT Field Goal,Above the Break 3,Left Side Center(LC),24+ ft.,26.0,-171.0,208.0,1,1,20170128,MIL,BOS
Shot Chart Detail,0021600706,270,203521,Matthew Dellavedova,1610612749,Milwaukee Bucks,2,0,32,Made Shot,Driving Reverse Layup Shot,2PT Field Goal,Restricted Area,Center(C),Less Than 8 ft.,0.0,6.0,0.0,1,1,20170128,MIL,BOS
Shot Chart Detail,0021600706,561,203521,Matthew Dellavedova,1610612749,Milwaukee Bucks,5,4,40,Missed Shot,Floating Jump shot,2PT Field Goal,In The Paint (Non-RA),Center(C),Less Than 8 ft.,5.0,53.0,-11.0,1,0,20170128,MIL,BOS
Shot Chart Detail,0021600706,582,203521,Matthew Dellavedova,1610612749,Milwaukee Bucks,5,2,15,Missed Shot,Jump Shot,3PT Field Goal,Above the Break 3,Right Side Center(RC),24+ ft.,25.0,89.0,237.0,1,0,20170128,MIL,BOS
Shot Chart Detail,0021600738,39,203521,Matthew Dellavedova,1610612749,Milwaukee Bucks,1,8,22,Made Shot,Jump Shot,3PT Field Goal,Above the Break 3,Center(C),24+ ft.,23.0,-24.0,237.0,1,1,20170201,UTA,MIL
Shot Chart Detail,0021600738,49,203521,Matthew Dellavedova,1610612749,Milwaukee Bucks,1,7,26,Missed Shot,Layup Shot,2PT Field Goal,Restricted Area,Center(C),Less Than 8 ft.,2.0,19.0,16.0,1,0,20170201,UTA,MIL
Shot Chart Detail,0021600738,246,203521,Matthew Dellavedova,1610612749,Milwaukee Bucks,2,2,25,Missed Shot,Driving Floating Jump Shot,2PT Field Goal,In The Paint (Non-RA),Left Side(L),8-16 ft.,12.0,-68.0,100.0,1,0,20170201,UTA,MIL
Shot Chart Detail,0021600738,284,203521,Matthew Dellavedova,1610612749,Milwaukee Bucks,3,10,29,Missed Shot,Jump Shot,3PT Field Goal,Above the Break 3,Center(C),24+ ft.,24.0,66.0,237.0,1,0,20170201,UTA,MIL
Shot Chart Detail,0021600738,437,203521,Matthew Dellavedova,1610612749,Milwaukee Bucks,4,6,35,Made Shot,Floating Jump shot,2PT Field Goal,Restricted Area,Center(C),Less Than 8 ft.,3.0,0.0,31.0,1,1,20170201,UTA,MIL
Shot Chart Detail,0021600738,470,203521,Matthew Dellavedova,1610612749,Milwaukee Bucks,4,3,0,Missed Shot,Jump Shot,3PT Field Goal,Right Corner 3,Right Side(R),24+ ft.,23.0,232.0,47.0,1,0,20170201,UTA,MIL
Shot Chart Detail,0021600752,30,203521,Matthew Dellavedova,1610612749,Milwaukee Bucks,1,7,35,Made Shot,Floating Jump shot,2PT Field Goal,In The Paint (Non-RA),Center(C),8-16 ft.,10.0,38.0,100.0,1,1,20170203,DEN,MIL
Shot Chart Detail,0021600752,185,203521,Matthew Dellavedova,1610612749,Milwaukee Bucks,2,6,6,Made Shot,Driving Floating Bank Jump Shot,2PT Field Goal,In The Paint (Non-RA),Center(C),Less Than 8 ft.,5.0,45.0,26.0,1,1,20170203,DEN,MIL
Shot Chart Detail,0021600752,207,203521,Matthew Dellavedova,1610612749,Milwaukee Bucks,2,3,38,Missed Shot,Jump Shot,3PT Field Goal,Above the Break 3,Left Side Center(LC),24+ ft.,25.0,-237.0,101.0,1,0,20170203,DEN,MIL
Shot Chart Detail,0021600752,219,203521,Matthew Dellavedova,1610612749,Milwaukee Bucks,2,2,45,Missed Shot,Jump Shot,2PT Field Goal,In The Paint (Non-RA),Center(C),8-16 ft.,9.0,0.0,90.0,1,0,20170203,DEN,MIL
Shot Chart Detail,0021600752,549,203521,Matthew Dellavedova,1610612749,Milwaukee Bucks,4,2,16,Missed Shot,Jump Shot,2PT Field Goal,Mid-Range,Right Side Center(RC),16-24 ft.,20.0,138.0,151.0,1,0,20170203,DEN,MIL
Shot Chart Detail,0021600761,239,203521,Matthew Dellavedova,1610612749,Milwaukee Bucks,2,2,32,Made Shot,Jump Bank Shot,2PT Field Goal,In The Paint (Non-RA),Center(C),Less Than 8 ft.,4.0,45.0,16.0,1,1,20170204,PHX,MIL
Shot Chart Detail,0021600761,318,203521,Matthew Dellavedova,1610612749,Milwaukee Bucks,3,9,58,Made Shot,Jump Shot,2PT Field Goal,Mid-Range,Right Side Center(RC),16-24 ft.,22.0,73.0,214.0,1,1,20170204,PHX,MIL
Shot Chart Detail,0021600761,336,203521,Matthew Dellavedova,1610612749,Milwaukee Bucks,3,8,13,Missed Shot,Floating Jump shot,2PT Field Goal,Mid-Range,Left Side(L),8-16 ft.,13.0,-135.0,11.0,1,0,20170204,PHX,MIL
Shot Chart Detail,0021600761,363,203521,Matthew Dellavedova,1610612749,Milwaukee Bucks,3,5,11,Made Shot,Jump Shot,3PT Field Goal,Left Corner 3,Left Side(L),24+ ft.,23.0,-238.0,-10.0,1,1,20170204,PHX,MIL
Shot Chart Detail,0021600761,385,203521,Matthew Dellavedova,1610612749,Milwaukee Bucks,3,3,38,Made Shot,Driving Finger Roll Layup Shot,2PT Field Goal,Restricted Area,Center(C),Less Than 8 ft.,2.0,1.0,21.0,1,1,20170204,PHX,MIL
Shot Chart Detail,0021600787,6,203521,Matthew Dellavedova,1610612749,Milwaukee Bucks,1,10,55,Missed Shot,Layup Shot,2PT Field Goal,Restricted Area,Center(C),Less Than 8 ft.,1.0,9.0,11.0,1,0,20170208,MIL,MIA
Shot Chart Detail,0021600787,228,203521,Matthew Dellavedova,1610612749,Milwaukee Bucks,2,4,34,Made Shot,Jump Shot,3PT Field Goal,Above the Break 3,Right Side Center(RC),24+ ft.,25.0,86.0,237.0,1,1,20170208,MIL,MIA
Shot Chart Detail,0021600787,243,203521,Matthew Dellavedova,1610612749,Milwaukee Bucks,2,3,45,Made Shot,Floating Jump shot,2PT Field Goal,In The Paint (Non-RA),Center(C),Less Than 8 ft.,4.0,-9.0,46.0,1,1,20170208,MIL,MIA
Shot Chart Detail,0021600787,245,203521,Matthew Dellavedova,1610612749,Milwaukee Bucks,2,3,12,Missed Shot,Hook Shot,2PT Field Goal,Restricted Area,Center(C),Less Than 8 ft.,2.0,-22.0,16.0,1,0,20170208,MIL,MIA
Shot Chart Detail,0021600787,284,203521,Matthew Dellavedova,1610612749,Milwaukee Bucks,2,0,0,Missed Shot,Floating Jump shot,2PT Field Goal,In The Paint (Non-RA),Center(C),8-16 ft.,9.0,9.0,90.0,1,0,20170208,MIL,MIA
Shot Chart Detail,0021600787,315,203521,Matthew Dellavedova,1610612749,Milwaukee Bucks,3,9,20,Missed Shot,Jump Shot,3PT Field Goal,Above the Break 3,Left Side Center(LC),24+ ft.,28.0,-220.0,178.0,1,0,20170208,MIL,MIA
Shot Chart Detail,0021600802,37,203521,Matthew Dellavedova,1610612749,Milwaukee Bucks,1,8,29,Missed Shot,Jump Shot,3PT Field Goal,Left Corner 3,Left Side(L),24+ ft.,24.0,-241.0,-1.0,1,0,20170210,MIL,LAL
Shot Chart Detail,0021600802,180,203521,Matthew Dellavedova,1610612749,Milwaukee Bucks,2,6,57,Made Shot,Jump Shot,2PT Field Goal,In The Paint (Non-RA),Center(C),Less Than 8 ft.,4.0,-22.0,43.0,1,1,20170210,MIL,LAL
Shot Chart Detail,0021600802,211,203521,Matthew Dellavedova,1610612749,Milwaukee Bucks,2,4,7,Missed Shot,Floating Jump shot,2PT Field Goal,In The Paint (Non-RA),Center(C),Less Than 8 ft.,6.0,43.0,43.0,1,0,20170210,MIL,LAL
Shot Chart Detail,0021600802,270,203521,Matthew Dellavedova,1610612749,Milwaukee Bucks,3,11,44,Made Shot,Driving Hook Shot,2PT Field Goal,In The Paint (Non-RA),Center(C),Less Than 8 ft.,7.0,10.0,75.0,1,1,20170210,MIL,LAL
Shot Chart Detail,0021600802,317,203521,Matthew Dellavedova,1610612749,Milwaukee Bucks,3,7,11,Missed Shot,Jump Shot,3PT Field Goal,Above the Break 3,Center(C),24+ ft.,28.0,-74.0,272.0,1,0,20170210,MIL,LAL
Shot Chart Detail,0021600809,6,203521,Matthew Dellavedova,1610612749,Milwaukee Bucks,1,11,6,Missed Shot,Jump Shot,2PT Field Goal,Mid-Range,Right Side(R),8-16 ft.,10.0,104.0,31.0,1,0,20170211,IND,MIL
Shot Chart Detail,0021600809,260,203521,Matthew Dellavedova,1610612749,Milwaukee Bucks,3,11,7,Missed Shot,Jump Shot,3PT Field Goal,Above the Break 3,Center(C),24+ ft.,24.0,32.0,242.0,1,0,20170211,IND,MIL
Shot Chart Detail,0021600809,284,203521,Matthew Dellavedova,1610612749,Milwaukee Bucks,3,7,56,Made Shot,Jump Shot,3PT Field Goal,Above the Break 3,Left Side Center(LC),24+ ft.,24.0,-127.0,214.0,1,1,20170211,IND,MIL
Shot Chart Detail,0021600809,421,203521,Matthew Dellavedova,1610612749,Milwaukee Bucks,4,7,32,Missed Shot,Driving Layup Shot,2PT Field Goal,In The Paint (Non-RA),Center(C),Less Than 8 ft.,4.0,35.0,21.0,1,0,20170211,IND,MIL
Shot Chart Detail,0021600809,450,203521,Matthew Dellavedova,1610612749,Milwaukee Bucks,4,4,3,Missed Shot,Floating Jump shot,2PT Field Goal,Mid-Range,Right Side(R),8-16 ft.,14.0,137.0,57.0,1,0,20170211,IND,MIL
Shot Chart Detail,0021600809,461,203521,Matthew Dellavedova,1610612749,Milwaukee Bucks,4,3,7,Made Shot,Jump Shot,3PT Field Goal,Above the Break 3,Left Side Center(LC),24+ ft.,24.0,-137.0,208.0,1,1,20170211,IND,MIL
Shot Chart Detail,0021600824,4,203521,Matthew Dellavedova,1610612749,Milwaukee Bucks,1,11,20,Missed Shot,Fadeaway Jump Shot,2PT Field Goal,In The Paint (Non-RA),Center(C),8-16 ft.,12.0,10.0,129.0,1,0,20170213,MIL,DET
Shot Chart Detail,0021600824,177,203521,Matthew Dellavedova,1610612749,Milwaukee Bucks,2,6,15,Missed Shot,Jump Shot,2PT Field Goal,Mid-Range,Right Side(R),16-24 ft.,17.0,177.0,-29.0,1,0,20170213,MIL,DET
Shot Chart Detail,0021600838,207,203521,Matthew Dellavedova,1610612749,Milwaukee Bucks,2,5,8,Missed Shot,Jump Shot,2PT Field Goal,In The Paint (Non-RA),Left Side(L),8-16 ft.,9.0,-73.0,56.0,1,0,20170215,BKN,MIL
Shot Chart Detail,0021600838,218,203521,Matthew Dellavedova,1610612749,Milwaukee Bucks,2,3,45,Made Shot,Jump Shot,3PT Field Goal,Above the Break 3,Left Side Center(LC),24+ ft.,23.0,-110.0,213.0,1,1,20170215,BKN,MIL
Shot Chart Detail,0021600838,284,203521,Matthew Dellavedova,1610612749,Milwaukee Bucks,3,10,31,Made Shot,Pullup Jump shot,2PT Field Goal,Mid-Range,Right Side(R),8-16 ft.,12.0,127.0,16.0,1,1,20170215,BKN,MIL
Shot Chart Detail,0021600838,333,203521,Matthew Dellavedova,1610612749,Milwaukee Bucks,3,5,59,Missed Shot,Jump Shot,2PT Field Goal,In The Paint (Non-RA),Center(C),8-16 ft.,8.0,9.0,85.0,1,0,20170215,BKN,MIL
Shot Chart Detail,0021600838,454,203521,Matthew Dellavedova,1610612749,Milwaukee Bucks,4,4,58,Made Shot,Floating Jump shot,2PT Field Goal,In The Paint (Non-RA),Center(C),8-16 ft.,11.0,-4.0,110.0,1,1,20170215,BKN,MIL
Shot Chart Detail,0021600860,14,203521,Matthew Dellavedova,1610612749,Milwaukee Bucks,1,10,37,Missed Shot,Jump Shot,2PT Field Goal,Mid-Range,Center(C),16-24 ft.,18.0,-4.0,188.0,1,0,20170224,MIL,UTA
Shot Chart Detail,0021600860,184,203521,Matthew Dellavedova,1610612749,Milwaukee Bucks,2,9,18,Missed Shot,Floating Jump shot,2PT Field Goal,In The Paint (Non-RA),Left Side(L),8-16 ft.,8.0,-61.0,56.0,1,0,20170224,MIL,UTA
Shot Chart Detail,0021600860,223,203521,Matthew Dellavedova,1610612749,Milwaukee Bucks,2,6,6,Missed Shot,Jump Shot,3PT Field Goal,Above the Break 3,Center(C),24+ ft.,27.0,-6.0,272.0,1,0,20170224,MIL,UTA
Shot Chart Detail,0021600860,327,203521,Matthew Dellavedova,1610612749,Milwaukee Bucks,3,7,13,Missed Shot,Jump Shot,3PT Field Goal,Above the Break 3,Left Side Center(LC),24+ ft.,27.0,-165.0,218.0,1,0,20170224,MIL,UTA
Shot Chart Detail,0021600860,331,203521,Matthew Dellavedova,1610612749,Milwaukee Bucks,3,6,53,Made Shot,Jump Shot,2PT Field Goal,Mid-Range,Left Side(L),16-24 ft.,16.0,-145.0,75.0,1,1,20170224,MIL,UTA
Shot Chart Detail,0021600860,527,203521,Matthew Dellavedova,1610612749,Milwaukee Bucks,4,1,6,Missed Shot,Floating Jump shot,2PT Field Goal,Mid-Range,Right Side(R),8-16 ft.,8.0,81.0,26.0,1,0,20170224,MIL,UTA
Shot Chart Detail,0021600875,7,203521,Matthew Dellavedova,1610612749,Milwaukee Bucks,1,11,3,Missed Shot,Jump Shot,3PT Field Goal,Left Corner 3,Left Side(L),24+ ft.,24.0,-248.0,28.0,1,0,20170226,MIL,PHX
Shot Chart Detail,0021600875,21,203521,Matthew Dellavedova,1610612749,Milwaukee Bucks,1,8,51,Missed Shot,Jump Shot,3PT Field Goal,Above the Break 3,Center(C),24+ ft.,25.0,4.0,259.0,1,0,20170226,MIL,PHX
Shot Chart Detail,0021600875,202,203521,Matthew Dellavedova,1610612749,Milwaukee Bucks,2,2,16,Missed Shot,Pullup Jump shot,2PT Field Goal,Mid-Range,Right Side(R),8-16 ft.,14.0,132.0,70.0,1,0,20170226,MIL,PHX
Shot Chart Detail,0021600875,216,203521,Matthew Dellavedova,1610612749,Milwaukee Bucks,2,0,40,Missed Shot,Layup Shot,2PT Field Goal,Restricted Area,Center(C),Less Than 8 ft.,1.0,-9.0,-5.0,1,0,20170226,MIL,PHX
Shot Chart Detail,0021600875,219,203521,Matthew Dellavedova,1610612749,Milwaukee Bucks,2,0,5,Missed Shot,Jump Shot,3PT Field Goal,Right Corner 3,Right Side(R),24+ ft.,24.0,241.0,0.0,1,0,20170226,MIL,PHX
Shot Chart Detail,0021600875,290,203521,Matthew Dellavedova,1610612749,Milwaukee Bucks,3,6,26,Missed Shot,Jump Shot,3PT Field Goal,Right Corner 3,Right Side(R),24+ ft.,23.0,233.0,-1.0,1,0,20170226,MIL,PHX
Shot Chart Detail,0021600884,32,203521,Matthew Dellavedova,1610612749,Milwaukee Bucks,1,8,37,Missed Shot,Jump Shot,3PT Field Goal,Above the Break 3,Center(C),24+ ft.,25.0,1.0,252.0,1,0,20170227,CLE,MIL
Shot Chart Detail,0021600884,68,203521,Matthew Dellavedova,1610612749,Milwaukee Bucks,1,5,34,Missed Shot,Jump Shot,3PT Field Goal,Right Corner 3,Right Side(R),24+ ft.,23.0,236.0,11.0,1,0,20170227,CLE,MIL
Shot Chart Detail,0021600884,72,203521,Matthew Dellavedova,1610612749,Milwaukee Bucks,1,5,2,Missed Shot,Floating Jump shot,2PT Field Goal,In The Paint (Non-RA),Right Side(R),8-16 ft.,8.0,64.0,56.0,1,0,20170227,CLE,MIL
Shot Chart Detail,0021600884,216,203521,Matthew Dellavedova,1610612749,Milwaukee Bucks,2,4,13,Missed Shot,Jump Shot,2PT Field Goal,Mid-Range,Right Side(R),8-16 ft.,12.0,127.0,-11.0,1,0,20170227,CLE,MIL
Shot Chart Detail,0021600884,241,203521,Matthew Dellavedova,1610612749,Milwaukee Bucks,2,1,54,Missed Shot,Jump Shot,3PT Field Goal,Above the Break 3,Right Side Center(RC),24+ ft.,24.0,153.0,193.0,1,0,20170227,CLE,MIL
Shot Chart Detail,0021600884,291,203521,Matthew Dellavedova,1610612749,Milwaukee Bucks,3,6,41,Missed Shot,Driving Floating Jump Shot,2PT Field Goal,In The Paint (Non-RA),Center(C),Less Than 8 ft.,4.0,4.0,41.0,1,0,20170227,CLE,MIL
Shot Chart Detail,0021600884,301,203521,Matthew Dellavedova,1610612749,Milwaukee Bucks,3,5,56,Missed Shot,Jump Shot,3PT Field Goal,Above the Break 3,Left Side Center(LC),24+ ft.,25.0,-176.0,190.0,1,0,20170227,CLE,MIL
Shot Chart Detail,0021600884,366,203521,Matthew Dellavedova,1610612749,Milwaukee Bucks,4,11,20,Made Shot,Floating Jump shot,2PT Field Goal,Mid-Range,Left Side(L),8-16 ft.,9.0,-94.0,31.0,1,1,20170227,CLE,MIL
Shot Chart Detail,0021600884,379,203521,Matthew Dellavedova,1610612749,Milwaukee Bucks,4,8,40,Missed Shot,Jump Shot,3PT Field Goal,Above the Break 3,Left Side Center(LC),24+ ft.,25.0,-178.0,185.0,1,0,20170227,CLE,MIL
Shot Chart Detail,0021600884,407,203521,Matthew Dellavedova,1610612749,Milwaukee Bucks,4,5,11,Made Shot,Floating Jump shot,2PT Field Goal,In The Paint (Non-RA),Center(C),Less Than 8 ft.,5.0,-9.0,56.0,1,1,20170227,CLE,MIL
Shot Chart Detail,0021600899,91,203521,Matthew Dellavedova,1610612749,Milwaukee Bucks,1,2,28,Missed Shot,Jump Shot,3PT Field Goal,Right Corner 3,Right Side(R),24+ ft.,23.0,238.0,-11.0,1,0,20170301,MIL,DEN
Shot Chart Detail,0021600899,95,203521,Matthew Dellavedova,1610612749,Milwaukee Bucks,1,1,58,Made Shot,Step Back Jump shot,2PT Field Goal,In The Paint (Non-RA),Center(C),Less Than 8 ft.,6.0,53.0,36.0,1,1,20170301,MIL,DEN
Shot Chart Detail,0021600899,355,203521,Matthew Dellavedova,1610612749,Milwaukee Bucks,4,11,43,Made Shot,Floating Jump shot,2PT Field Goal,In The Paint (Non-RA),Center(C),8-16 ft.,12.0,-6.0,126.0,1,1,20170301,MIL,DEN
Shot Chart Detail,0021600899,372,203521,Matthew Dellavedova,1610612749,Milwaukee Bucks,4,9,7,Made Shot,Driving Floating Bank Jump Shot,2PT Field Goal,In The Paint (Non-RA),Center(C),Less Than 8 ft.,6.0,61.0,13.0,1,1,20170301,MIL,DEN
Shot Chart Detail,0021600899,383,203521,Matthew Dellavedova,1610612749,Milwaukee Bucks,4,8,41,Made Shot,Jump Shot,2PT Field Goal,Mid-Range,Right Side(R),8-16 ft.,12.0,127.0,-15.0,1,1,20170301,MIL,DEN
Shot Chart Detail,0021600899,396,203521,Matthew Dellavedova,1610612749,Milwaukee Bucks,4,7,27,Made Shot,Cutting Layup Shot,2PT Field Goal,Restricted Area,Center(C),Less Than 8 ft.,1.0,2.0,11.0,1,1,20170301,MIL,DEN
Shot Chart Detail,0021600899,409,203521,Matthew Dellavedova,1610612749,Milwaukee Bucks,4,6,30,Made Shot,Floating Jump shot,2PT Field Goal,Restricted Area,Center(C),Less Than 8 ft.,3.0,27.0,26.0,1,1,20170301,MIL,DEN
Shot Chart Detail,0021600899,428,203521,Matthew Dellavedova,1610612749,Milwaukee Bucks,4,4,55,Missed Shot,Floating Jump shot,2PT Field Goal,In The Paint (Non-RA),Center(C),8-16 ft.,13.0,-3.0,138.0,1,0,20170301,MIL,DEN
Shot Chart Detail,0021600899,434,203521,Matthew Dellavedova,1610612749,Milwaukee Bucks,4,3,46,Made Shot,Jump Shot,3PT Field Goal,Above the Break 3,Left Side Center(LC),24+ ft.,27.0,-124.0,242.0,1,1,20170301,MIL,DEN
Shot Chart Detail,0021600912,71,203521,Matthew Dellavedova,1610612749,Milwaukee Bucks,1,4,57,Missed Shot,Jump Shot,2PT Field Goal,In The Paint (Non-RA),Center(C),Less Than 8 ft.,7.0,-45.0,56.0,1,0,20170303,MIL,LAC
Shot Chart Detail,0021600912,144,203521,Matthew Dellavedova,1610612749,Milwaukee Bucks,2,9,58,Made Shot,Cutting Layup Shot,2PT Field Goal,Restricted Area,Center(C),Less Than 8 ft.,0.0,-2.0,0.0,1,1,20170303,MIL,LAC
Shot Chart Detail,0021600912,162,203521,Matthew Dellavedova,1610612749,Milwaukee Bucks,2,7,59,Missed Shot,Jump Shot,3PT Field Goal,Above the Break 3,Left Side Center(LC),24+ ft.,26.0,-237.0,129.0,1,0,20170303,MIL,LAC
Shot Chart Detail,0021600912,197,203521,Matthew Dellavedova,1610612749,Milwaukee Bucks,2,5,10,Made Shot,Jump Shot,3PT Field Goal,Above the Break 3,Right Side Center(RC),24+ ft.,25.0,146.0,208.0,1,1,20170303,MIL,LAC
Shot Chart Detail,0021600912,249,203521,Matthew Dellavedova,1610612749,Milwaukee Bucks,2,0,50,Made Shot,Step Back Bank Jump Shot,2PT Field Goal,Mid-Range,Left Side(L),16-24 ft.,16.0,-155.0,67.0,1,1,20170303,MIL,LAC
Shot Chart Detail,0021600912,309,203521,Matthew Dellavedova,1610612749,Milwaukee Bucks,3,7,2,Made Shot,Cutting Layup Shot,2PT Field Goal,Restricted Area,Center(C),Less Than 8 ft.,0.0,-1.0,3.0,1,1,20170303,MIL,LAC
Shot Chart Detail,0021600912,313,203521,Matthew Dellavedova,1610612749,Milwaukee Bucks,3,6,19,Made Shot,Driving Floating Bank Jump Shot,2PT Field Goal,Mid-Range,Left Side(L),8-16 ft.,9.0,-94.0,31.0,1,1,20170303,MIL,LAC
Shot Chart Detail,0021600912,337,203521,Matthew Dellavedova,1610612749,Milwaukee Bucks,3,1,58,Missed Shot,Jump Shot,3PT Field Goal,Above the Break 3,Left Side Center(LC),24+ ft.,26.0,-153.0,219.0,1,0,20170303,MIL,LAC
Shot Chart Detail,0021600912,415,203521,Matthew Dellavedova,1610612749,Milwaukee Bucks,4,6,39,Made Shot,Driving Reverse Layup Shot,2PT Field Goal,Restricted Area,Center(C),Less Than 8 ft.,1.0,17.0,7.0,1,1,20170303,MIL,LAC
Shot Chart Detail,0021600920,57,203521,Matthew Dellavedova,1610612749,Milwaukee Bucks,1,4,54,Missed Shot,Jump Shot,3PT Field Goal,Above the Break 3,Left Side Center(LC),24+ ft.,26.0,-210.0,169.0,1,0,20170304,MIL,TOR
Shot Chart Detail,0021600920,67,203521,Matthew Dellavedova,1610612749,Milwaukee Bucks,1,3,34,Missed Shot,Driving Layup Shot,2PT Field Goal,Restricted Area,Center(C),Less Than 8 ft.,1.0,-17.0,2.0,1,0,20170304,MIL,TOR
Shot Chart Detail,0021600920,85,203521,Matthew Dellavedova,1610612749,Milwaukee Bucks,1,1,36,Missed Shot,Pullup Jump shot,2PT Field Goal,Mid-Range,Right Side(R),8-16 ft.,14.0,133.0,57.0,1,0,20170304,MIL,TOR
Shot Chart Detail,0021600920,94,203521,Matthew Dellavedova,1610612749,Milwaukee Bucks,1,0,34,Missed Shot,Driving Layup Shot,2PT Field Goal,Restricted Area,Center(C),Less Than 8 ft.,2.0,12.0,23.0,1,0,20170304,MIL,TOR
Shot Chart Detail,0021600920,177,203521,Matthew Dellavedova,1610612749,Milwaukee Bucks,2,5,21,Missed Shot,Jump Shot,2PT Field Goal,Mid-Range,Left Side(L),16-24 ft.,21.0,-212.0,4.0,1,0,20170304,MIL,TOR
Shot Chart Detail,0021600920,218,203521,Matthew Dellavedova,1610612749,Milwaukee Bucks,2,1,25,Made Shot,Driving Layup Shot,2PT Field Goal,Restricted Area,Center(C),Less Than 8 ft.,0.0,-6.0,3.0,1,1,20170304,MIL,TOR
Shot Chart Detail,0021600920,312,203521,Matthew Dellavedova,1610612749,Milwaukee Bucks,3,3,12,Missed Shot,Layup Shot,2PT Field Goal,Restricted Area,Center(C),Less Than 8 ft.,1.0,10.0,11.0,1,0,20170304,MIL,TOR
Shot Chart Detail,0021600920,337,203521,Matthew Dellavedova,1610612749,Milwaukee Bucks,3,2,4,Made Shot,Floating Jump shot,2PT Field Goal,In The Paint (Non-RA),Center(C),Less Than 8 ft.,7.0,-11.0,75.0,1,1,20170304,MIL,TOR
Shot Chart Detail,0021600920,373,203521,Matthew Dellavedova,1610612749,Milwaukee Bucks,4,10,57,Missed Shot,Floating Jump shot,2PT Field Goal,In The Paint (Non-RA),Center(C),Less Than 8 ft.,5.0,27.0,47.0,1,0,20170304,MIL,TOR
Shot Chart Detail,0021600920,416,203521,Matthew Dellavedova,1610612749,Milwaukee Bucks,4,6,0,Missed Shot,Floating Jump shot,2PT Field Goal,In The Paint (Non-RA),Center(C),Less Than 8 ft.,4.0,2.0,41.0,1,0,20170304,MIL,TOR
Shot Chart Detail,0021600920,429,203521,Matthew Dellavedova,1610612749,Milwaukee Bucks,4,5,10,Missed Shot,Jump Shot,3PT Field Goal,Right Corner 3,Right Side(R),24+ ft.,23.0,235.0,-21.0,1,0,20170304,MIL,TOR
Shot Chart Detail,0021600934,131,203521,Matthew Dellavedova,1610612749,Milwaukee Bucks,2,10,56,Missed Shot,Driving Floating Jump Shot,2PT Field Goal,In The Paint (Non-RA),Center(C),Less Than 8 ft.,4.0,0.0,46.0,1,0,20170306,PHI,MIL
Shot Chart Detail,0021600934,164,203521,Matthew Dellavedova,1610612749,Milwaukee Bucks,2,7,7,Made Shot,Jump Shot,3PT Field Goal,Above the Break 3,Left Side Center(LC),24+ ft.,25.0,-112.0,232.0,1,1,20170306,PHI,MIL
Shot Chart Detail,0021600934,370,203521,Matthew Dellavedova,1610612749,Milwaukee Bucks,4,11,4,Missed Shot,Reverse Layup Shot,2PT Field Goal,Restricted Area,Center(C),Less Than 8 ft.,2.0,-22.0,2.0,1,0,20170306,PHI,MIL
Shot Chart Detail,0021600934,452,203521,Matthew Dellavedova,1610612749,Milwaukee Bucks,4,4,30,Made Shot,Jump Shot,3PT Field Goal,Above the Break 3,Center(C),24+ ft.,27.0,56.0,267.0,1,1,20170306,PHI,MIL
Shot Chart Detail,0021600934,478,203521,Matthew Dellavedova,1610612749,Milwaukee Bucks,4,3,10,Made Shot,Driving Floating Jump Shot,2PT Field Goal,In The Paint (Non-RA),Center(C),Less Than 8 ft.,7.0,-2.0,70.0,1,1,20170306,PHI,MIL
Shot Chart Detail,0021600934,480,203521,Matthew Dellavedova,1610612749,Milwaukee Bucks,4,2,37,Missed Shot,Driving Floating Jump Shot,2PT Field Goal,Mid-Range,Right Side(R),8-16 ft.,10.0,101.0,-15.0,1,0,20170306,PHI,MIL
Shot Chart Detail,0021600952,76,203521,Matthew Dellavedova,1610612749,Milwaukee Bucks,1,3,29,Missed Shot,Jump Shot,3PT Field Goal,Above the Break 3,Center(C),24+ ft.,25.0,-9.0,259.0,1,0,20170308,MIL,NYK
Shot Chart Detail,0021600952,158,203521,Matthew Dellavedova,1610612749,Milwaukee Bucks,2,7,0,Missed Shot,Jump Shot,2PT Field Goal,In The Paint (Non-RA),Left Side(L),8-16 ft.,9.0,-78.0,46.0,1,0,20170308,MIL,NYK
Shot Chart Detail,0021600952,365,203521,Matthew Dellavedova,1610612749,Milwaukee Bucks,4,11,38,Made Shot,Floating Jump shot,2PT Field Goal,In The Paint (Non-RA),Center(C),Less Than 8 ft.,6.0,45.0,46.0,1,1,20170308,MIL,NYK
Shot Chart Detail,0021600952,380,203521,Matthew Dellavedova,1610612749,Milwaukee Bucks,4,10,7,Missed Shot,Jump Shot,3PT Field Goal,Above the Break 3,Right Side Center(RC),24+ ft.,24.0,212.0,124.0,1,0,20170308,MIL,NYK
Shot Chart Detail,0021600952,385,203521,Matthew Dellavedova,1610612749,Milwaukee Bucks,4,9,2,Made Shot,Jump Shot,3PT Field Goal,Above the Break 3,Left Side Center(LC),24+ ft.,26.0,-204.0,165.0,1,1,20170308,MIL,NYK
Shot Chart Detail,0021600952,405,203521,Matthew Dellavedova,1610612749,Milwaukee Bucks,4,6,51,Made Shot,Jump Shot,3PT Field Goal,Above the Break 3,Right Side Center(RC),24+ ft.,25.0,135.0,218.0,1,1,20170308,MIL,NYK
Shot Chart Detail,0021600952,413,203521,Matthew Dellavedova,1610612749,Milwaukee Bucks,4,6,26,Missed Shot,Jump Shot,3PT Field Goal,Above the Break 3,Center(C),24+ ft.,24.0,55.0,242.0,1,0,20170308,MIL,NYK
Shot Chart Detail,0021600952,463,203521,Matthew Dellavedova,1610612749,Milwaukee Bucks,4,1,43,Missed Shot,Jump Shot,3PT Field Goal,Above the Break 3,Left Side Center(LC),24+ ft.,26.0,-153.0,219.0,1,0,20170308,MIL,NYK
Shot Chart Detail,0021600967,8,203521,Matthew Dellavedova,1610612749,Milwaukee Bucks,1,10,38,Missed Shot,Jump Shot,3PT Field Goal,Above the Break 3,Right Side Center(RC),24+ ft.,25.0,87.0,242.0,1,0,20170310,MIL,IND
Shot Chart Detail,0021600967,184,203521,Matthew Dellavedova,1610612749,Milwaukee Bucks,2,3,12,Missed Shot,Jump Shot,2PT Field Goal,Mid-Range,Left Side(L),16-24 ft.,20.0,-204.0,-6.0,1,0,20170310,MIL,IND
Shot Chart Detail,0021600967,192,203521,Matthew Dellavedova,1610612749,Milwaukee Bucks,2,2,44,Missed Shot,Fadeaway Jump Shot,2PT Field Goal,Mid-Range,Left Side(L),8-16 ft.,9.0,-94.0,16.0,1,0,20170310,MIL,IND
Shot Chart Detail,0021600967,223,203521,Matthew Dellavedova,1610612749,Milwaukee Bucks,2,0,4,Made Shot,Jump Shot,3PT Field Goal,Above the Break 3,Right Side Center(RC),24+ ft.,26.0,115.0,242.0,1,1,20170310,MIL,IND
Shot Chart Detail,0021600967,230,203521,Matthew Dellavedova,1610612749,Milwaukee Bucks,3,11,51,Missed Shot,Layup Shot,2PT Field Goal,Restricted Area,Center(C),Less Than 8 ft.,1.0,10.0,3.0,1,0,20170310,MIL,IND
Shot Chart Detail,0021600967,285,203521,Matthew Dellavedova,1610612749,Milwaukee Bucks,3,5,49,Made Shot,Driving Floating Jump Shot,2PT Field Goal,In The Paint (Non-RA),Center(C),Less Than 8 ft.,6.0,33.0,51.0,1,1,20170310,MIL,IND
Shot Chart Detail,0021600967,297,203521,Matthew Dellavedova,1610612749,Milwaukee Bucks,3,4,23,Missed Shot,Floating Jump shot,2PT Field Goal,In The Paint (Non-RA),Center(C),Less Than 8 ft.,5.0,-7.0,57.0,1,0,20170310,MIL,IND
Shot Chart Detail,0021600978,6,203521,Matthew Dellavedova,1610612749,Milwaukee Bucks,1,11,16,Missed Shot,Driving Layup Shot,2PT Field Goal,Restricted Area,Center(C),Less Than 8 ft.,1.0,-6.0,8.0,1,0,20170311,MIL,MIN
Shot Chart Detail,0021600978,9,203521,Matthew Dellavedova,1610612749,Milwaukee Bucks,1,10,40,Missed Shot,Layup Shot,2PT Field Goal,Restricted Area,Center(C),Less Than 8 ft.,1.0,-7.0,11.0,1,0,20170311,MIL,MIN
Shot Chart Detail,0021600978,31,203521,Matthew Dellavedova,1610612749,Milwaukee Bucks,1,9,18,Missed Shot,Jump Shot,3PT Field Goal,Above the Break 3,Center(C),24+ ft.,24.0,60.0,242.0,1,0,20170311,MIL,MIN
Shot Chart Detail,0021600978,55,203521,Matthew Dellavedova,1610612749,Milwaukee Bucks,1,7,6,Made Shot,Jump Shot,3PT Field Goal,Above the Break 3,Right Side Center(RC),24+ ft.,25.0,228.0,105.0,1,1,20170311,MIL,MIN
Shot Chart Detail,0021600978,68,203521,Matthew Dellavedova,1610612749,Milwaukee Bucks,1,5,25,Missed Shot,Jump Shot,2PT Field Goal,In The Paint (Non-RA),Center(C),Less Than 8 ft.,6.0,-61.0,21.0,1,0,20170311,MIL,MIN
Shot Chart Detail,0021600978,170,203521,Matthew Dellavedova,1610612749,Milwaukee Bucks,2,7,51,Made Shot,Jump Shot,3PT Field Goal,Above the Break 3,Left Side Center(LC),24+ ft.,26.0,-227.0,134.0,1,1,20170311,MIL,MIN
Shot Chart Detail,0021600978,244,203521,Matthew Dellavedova,1610612749,Milwaukee Bucks,2,0,2,Made Shot,Jump Shot,3PT Field Goal,Above the Break 3,Right Side Center(RC),24+ ft.,24.0,123.0,214.0,1,1,20170311,MIL,MIN
Shot Chart Detail,0021600978,251,203521,Matthew Dellavedova,1610612749,Milwaukee Bucks,3,11,22,Made Shot,Floating Jump shot,2PT Field Goal,In The Paint (Non-RA),Center(C),Less Than 8 ft.,6.0,42.0,46.0,1,1,20170311,MIL,MIN
Shot Chart Detail,0021600978,254,203521,Matthew Dellavedova,1610612749,Milwaukee Bucks,3,10,51,Missed Shot,Jump Shot,2PT Field Goal,In The Paint (Non-RA),Center(C),Less Than 8 ft.,6.0,42.0,46.0,1,0,20170311,MIL,MIN
Shot Chart Detail,0021600978,280,203521,Matthew Dellavedova,1610612749,Milwaukee Bucks,3,8,16,Missed Shot,Jump Shot,3PT Field Goal,Above the Break 3,Left Side Center(LC),24+ ft.,29.0,-173.0,234.0,1,0,20170311,MIL,MIN
Shot Chart Detail,0021600978,282,203521,Matthew Dellavedova,1610612749,Milwaukee Bucks,3,8,12,Made Shot,Jump Shot,3PT Field Goal,Above the Break 3,Right Side Center(RC),24+ ft.,24.0,213.0,115.0,1,1,20170311,MIL,MIN
Shot Chart Detail,0021600978,300,203521,Matthew Dellavedova,1610612749,Milwaukee Bucks,3,5,40,Missed Shot,Jump Shot,3PT Field Goal,Above the Break 3,Left Side Center(LC),24+ ft.,26.0,-192.0,180.0,1,0,20170311,MIL,MIN
Shot Chart Detail,0021600993,30,203521,Matthew Dellavedova,1610612749,Milwaukee Bucks,1,7,57,Made Shot,Jump Shot,2PT Field Goal,Mid-Range,Left Side Center(LC),16-24 ft.,21.0,-150.0,154.0,1,1,20170313,MEM,MIL
Shot Chart Detail,0021600993,146,203521,Matthew Dellavedova,1610612749,Milwaukee Bucks,2,9,33,Made Shot,Cutting Layup Shot,2PT Field Goal,Restricted Area,Center(C),Less Than 8 ft.,1.0,14.0,-6.0,1,1,20170313,MEM,MIL
Shot Chart Detail,0021600993,158,203521,Matthew Dellavedova,1610612749,Milwaukee Bucks,2,8,27,Made Shot,Jump Shot,3PT Field Goal,Right Corner 3,Right Side(R),24+ ft.,23.0,233.0,-16.0,1,1,20170313,MEM,MIL
Shot Chart Detail,0021600993,179,203521,Matthew Dellavedova,1610612749,Milwaukee Bucks,2,6,40,Missed Shot,Jump Shot,3PT Field Goal,Above the Break 3,Center(C),24+ ft.,27.0,78.0,259.0,1,0,20170313,MEM,MIL
Shot Chart Detail,0021600993,212,203521,Matthew Dellavedova,1610612749,Milwaukee Bucks,2,3,18,Made Shot,Jump Shot,3PT Field Goal,Left Corner 3,Left Side(L),24+ ft.,23.0,-232.0,-5.0,1,1,20170313,MEM,MIL
Shot Chart Detail,0021600993,243,203521,Matthew Dellavedova,1610612749,Milwaukee Bucks,2,0,24,Made Shot,Step Back Jump shot,3PT Field Goal,Left Corner 3,Left Side(L),24+ ft.,23.0,-233.0,-16.0,1,1,20170313,MEM,MIL
Shot Chart Detail,0021600993,287,203521,Matthew Dellavedova,1610612749,Milwaukee Bucks,3,6,43,Missed Shot,Jump Shot,2PT Field Goal,Mid-Range,Right Side(R),16-24 ft.,21.0,213.0,-10.0,1,0,20170313,MEM,MIL
Shot Chart Detail,0021601013,147,203521,Matthew Dellavedova,1610612749,Milwaukee Bucks,2,8,18,Made Shot,Jump Shot,3PT Field Goal,Right Corner 3,Right Side(R),24+ ft.,23.0,236.0,36.0,1,1,20170315,LAC,MIL
Shot Chart Detail,0021601013,158,203521,Matthew Dellavedova,1610612749,Milwaukee Bucks,2,7,6,Missed Shot,Floating Jump shot,2PT Field Goal,In The Paint (Non-RA),Right Side(R),8-16 ft.,9.0,63.0,65.0,1,0,20170315,LAC,MIL
Shot Chart Detail,0021601013,162,203521,Matthew Dellavedova,1610612749,Milwaukee Bucks,2,6,21,Missed Shot,Driving Hook Shot,2PT Field Goal,In The Paint (Non-RA),Center(C),Less Than 8 ft.,6.0,17.0,62.0,1,0,20170315,LAC,MIL
Shot Chart Detail,0021601013,298,203521,Matthew Dellavedova,1610612749,Milwaukee Bucks,3,5,23,Missed Shot,Jump Shot,2PT Field Goal,Mid-Range,Left Side(L),16-24 ft.,19.0,-196.0,16.0,1,0,20170315,LAC,MIL
Shot Chart Detail,0021601013,341,203521,Matthew Dellavedova,1610612749,Milwaukee Bucks,3,1,26,Missed Shot,Driving Floating Bank Jump Shot,2PT Field Goal,In The Paint (Non-RA),Center(C),Less Than 8 ft.,5.0,51.0,18.0,1,0,20170315,LAC,MIL
Shot Chart Detail,0021601013,473,203521,Matthew Dellavedova,1610612749,Milwaukee Bucks,4,4,36,Made Shot,Jump Shot,2PT Field Goal,Mid-Range,Left Side(L),8-16 ft.,12.0,-127.0,18.0,1,1,20170315,LAC,MIL
Shot Chart Detail,0021601013,488,203521,Matthew Dellavedova,1610612749,Milwaukee Bucks,4,3,40,Made Shot,Jump Shot,3PT Field Goal,Above the Break 3,Right Side Center(RC),24+ ft.,25.0,141.0,208.0,1,1,20170315,LAC,MIL
Shot Chart Detail,0021601013,525,203521,Matthew Dellavedova,1610612749,Milwaukee Bucks,4,1,17,Made Shot,Jump Shot,3PT Field Goal,Above the Break 3,Right Side Center(RC),24+ ft.,24.0,127.0,210.0,1,1,20170315,LAC,MIL
Shot Chart Detail,0021601027,46,203521,Matthew Dellavedova,1610612749,Milwaukee Bucks,1,5,46,Missed Shot,Hook Shot,2PT Field Goal,In The Paint (Non-RA),Center(C),Less Than 8 ft.,4.0,-39.0,16.0,1,0,20170317,LAL,MIL
Shot Chart Detail,0021601027,177,203521,Matthew Dellavedova,1610612749,Milwaukee Bucks,2,6,33,Missed Shot,Jump Shot,2PT Field Goal,In The Paint (Non-RA),Center(C),Less Than 8 ft.,7.0,13.0,72.0,1,0,20170317,LAL,MIL
Shot Chart Detail,0021601027,190,203521,Matthew Dellavedova,1610612749,Milwaukee Bucks,2,4,46,Missed Shot,Jump Shot,3PT Field Goal,Above the Break 3,Left Side Center(LC),24+ ft.,27.0,-191.0,197.0,1,0,20170317,LAL,MIL
Shot Chart Detail,0021601027,359,203521,Matthew Dellavedova,1610612749,Milwaukee Bucks,3,1,46,Made Shot,Cutting Layup Shot,2PT Field Goal,Restricted Area,Center(C),Less Than 8 ft.,1.0,-2.0,11.0,1,1,20170317,LAL,MIL
Shot Chart Detail,0021601027,396,203521,Matthew Dellavedova,1610612749,Milwaukee Bucks,3,0,23,Missed Shot,Layup Shot,2PT Field Goal,Restricted Area,Center(C),Less Than 8 ft.,1.0,16.0,11.0,1,0,20170317,LAL,MIL
Shot Chart Detail,0021601027,466,203521,Matthew Dellavedova,1610612749,Milwaukee Bucks,4,7,46,Missed Shot,Jump Shot,3PT Field Goal,Right Corner 3,Right Side(R),24+ ft.,24.0,238.0,50.0,1,0,20170317,LAL,MIL
Shot Chart Detail,0021601027,470,203521,Matthew Dellavedova,1610612749,Milwaukee Bucks,4,7,16,Missed Shot,Jump Shot,3PT Field Goal,Right Corner 3,Right Side(R),24+ ft.,23.0,231.0,-16.0,1,0,20170317,LAL,MIL
Shot Chart Detail,0021601035,80,203521,Matthew Dellavedova,1610612749,Milwaukee Bucks,1,2,58,Missed Shot,Jump Shot,3PT Field Goal,Above the Break 3,Right Side Center(RC),24+ ft.,25.0,151.0,203.0,1,0,20170318,GSW,MIL
Shot Chart Detail,0021601035,91,203521,Matthew Dellavedova,1610612749,Milwaukee Bucks,1,1,40,Missed Shot,Jump Shot,3PT Field Goal,Above the Break 3,Left Side Center(LC),24+ ft.,25.0,-102.0,237.0,1,0,20170318,GSW,MIL
Shot Chart Detail,0021601035,117,203521,Matthew Dellavedova,1610612749,Milwaukee Bucks,2,11,17,Missed Shot,Jump Shot,2PT Field Goal,In The Paint (Non-RA),Center(C),8-16 ft.,10.0,4.0,100.0,1,0,20170318,GSW,MIL
Shot Chart Detail,0021601035,337,203521,Matthew Dellavedova,1610612749,Milwaukee Bucks,3,1,31,Made Shot,Pullup Jump shot,3PT Field Goal,Above the Break 3,Center(C),24+ ft.,25.0,-22.0,257.0,1,1,20170318,GSW,MIL
Shot Chart Detail,0021601035,343,203521,Matthew Dellavedova,1610612749,Milwaukee Bucks,3,0,57,Missed Shot,Layup Shot,2PT Field Goal,Restricted Area,Center(C),Less Than 8 ft.,2.0,19.0,16.0,1,0,20170318,GSW,MIL
Shot Chart Detail,0021601035,364,203521,Matthew Dellavedova,1610612749,Milwaukee Bucks,4,11,38,Missed Shot,Layup Shot,2PT Field Goal,Restricted Area,Center(C),Less Than 8 ft.,1.0,5.0,10.0,1,0,20170318,GSW,MIL
Shot Chart Detail,0021601035,432,203521,Matthew Dellavedova,1610612749,Milwaukee Bucks,4,2,30,Made Shot,Driving Floating Jump Shot,2PT Field Goal,In The Paint (Non-RA),Center(C),8-16 ft.,9.0,0.0,95.0,1,1,20170318,GSW,MIL
Shot Chart Detail,0021601057,165,203521,Matthew Dellavedova,1610612749,Milwaukee Bucks,2,7,43,Made Shot,Pullup Jump shot,2PT Field Goal,Mid-Range,Center(C),16-24 ft.,19.0,55.0,188.0,1,1,20170321,POR,MIL
Shot Chart Detail,0021601057,329,203521,Matthew Dellavedova,1610612749,Milwaukee Bucks,3,3,48,Missed Shot,Driving Floating Jump Shot,2PT Field Goal,Restricted Area,Center(C),Less Than 8 ft.,0.0,0.0,1.0,1,0,20170321,POR,MIL
Shot Chart Detail,0021601057,341,203521,Matthew Dellavedova,1610612749,Milwaukee Bucks,3,3,4,Missed Shot,Jump Shot,3PT Field Goal,Right Corner 3,Right Side(R),24+ ft.,23.0,230.0,2.0,1,0,20170321,POR,MIL
Shot Chart Detail,0021601057,367,203521,Matthew Dellavedova,1610612749,Milwaukee Bucks,3,0,47,Missed Shot,Driving Finger Roll Layup Shot,2PT Field Goal,Restricted Area,Center(C),Less Than 8 ft.,1.0,12.0,0.0,1,0,20170321,POR,MIL
Shot Chart Detail,0021601057,389,203521,Matthew Dellavedova,1610612749,Milwaukee Bucks,4,10,35,Missed Shot,Driving Floating Jump Shot,2PT Field Goal,In The Paint (Non-RA),Right Side(R),8-16 ft.,13.0,74.0,111.0,1,0,20170321,POR,MIL
Shot Chart Detail,0021601057,403,203521,Matthew Dellavedova,1610612749,Milwaukee Bucks,4,10,5,Made Shot,Driving Floating Jump Shot,2PT Field Goal,In The Paint (Non-RA),Right Side(R),8-16 ft.,8.0,78.0,33.0,1,1,20170321,POR,MIL
Shot Chart Detail,0021601057,426,203521,Matthew Dellavedova,1610612749,Milwaukee Bucks,4,7,47,Missed Shot,Driving Floating Jump Shot,2PT Field Goal,Mid-Range,Center(C),8-16 ft.,14.0,9.0,149.0,1,0,20170321,POR,MIL
Shot Chart Detail,0021601065,95,203521,Matthew Dellavedova,1610612749,Milwaukee Bucks,1,2,10,Missed Shot,Floating Jump shot,2PT Field Goal,In The Paint (Non-RA),Left Side(L),8-16 ft.,8.0,-53.0,61.0,1,0,20170322,SAC,MIL
Shot Chart Detail,0021601065,105,203521,Matthew Dellavedova,1610612749,Milwaukee Bucks,1,0,39,Missed Shot,Floating Jump shot,2PT Field Goal,Mid-Range,Right Side(R),8-16 ft.,12.0,101.0,75.0,1,0,20170322,SAC,MIL
Shot Chart Detail,0021601065,130,203521,Matthew Dellavedova,1610612749,Milwaukee Bucks,2,9,51,Missed Shot,Turnaround Jump Shot,2PT Field Goal,In The Paint (Non-RA),Center(C),8-16 ft.,9.0,22.0,95.0,1,0,20170322,SAC,MIL
Shot Chart Detail,0021601065,303,203521,Matthew Dellavedova,1610612749,Milwaukee Bucks,3,4,1,Made Shot,Jump Shot,3PT Field Goal,Above the Break 3,Center(C),24+ ft.,25.0,27.0,252.0,1,1,20170322,SAC,MIL
Shot Chart Detail,0021601065,309,203521,Matthew Dellavedova,1610612749,Milwaukee Bucks,3,3,2,Missed Shot,Jump Shot,3PT Field Goal,Above the Break 3,Center(C),24+ ft.,25.0,27.0,252.0,1,0,20170322,SAC,MIL
Shot Chart Detail,0021601065,350,203521,Matthew Dellavedova,1610612749,Milwaukee Bucks,4,11,19,Missed Shot,Running Reverse Layup Shot,2PT Field Goal,Restricted Area,Center(C),Less Than 8 ft.,1.0,12.0,8.0,1,0,20170322,SAC,MIL
Shot Chart Detail,0021601078,166,203521,Matthew Dellavedova,1610612749,Milwaukee Bucks,2,7,15,Made Shot,Floating Jump shot,2PT Field Goal,In The Paint (Non-RA),Center(C),Less Than 8 ft.,6.0,-35.0,51.0,1,1,20170324,MIL,ATL
Shot Chart Detail,0021601090,114,203521,Matthew Dellavedova,1610612749,Milwaukee Bucks,2,11,28,Missed Shot,Hook Shot,2PT Field Goal,Restricted Area,Center(C),Less Than 8 ft.,3.0,-12.0,36.0,1,0,20170326,MIL,CHI
Shot Chart Detail,0021601090,279,203521,Matthew Dellavedova,1610612749,Milwaukee Bucks,3,4,2,Made Shot,Driving Floating Bank Jump Shot,2PT Field Goal,In The Paint (Non-RA),Center(C),Less Than 8 ft.,7.0,-70.0,11.0,1,1,20170326,MIL,CHI
Shot Chart Detail,0021601090,307,203521,Matthew Dellavedova,1610612749,Milwaukee Bucks,3,1,5,Missed Shot,Jump Shot,3PT Field Goal,Above the Break 3,Left Side Center(LC),24+ ft.,28.0,-219.0,190.0,1,0,20170326,MIL,CHI
Shot Chart Detail,0021601103,93,203521,Matthew Dellavedova,1610612749,Milwaukee Bucks,1,2,14,Made Shot,Jump Shot,3PT Field Goal,Above the Break 3,Right Side Center(RC),24+ ft.,25.0,146.0,213.0,1,1,20170328,CHA,MIL
Shot Chart Detail,0021601103,143,203521,Matthew Dellavedova,1610612749,Milwaukee Bucks,2,10,0,Made Shot,Jump Shot,3PT Field Goal,Above the Break 3,Left Side Center(LC),24+ ft.,24.0,-101.0,219.0,1,1,20170328,CHA,MIL
Shot Chart Detail,0021601103,331,203521,Matthew Dellavedova,1610612749,Milwaukee Bucks,3,2,46,Missed Shot,Jump Shot,3PT Field Goal,Left Corner 3,Left Side(L),24+ ft.,24.0,-238.0,31.0,1,0,20170328,CHA,MIL
Shot Chart Detail,0021601103,342,203521,Matthew Dellavedova,1610612749,Milwaukee Bucks,3,1,45,Made Shot,Layup Shot,2PT Field Goal,Restricted Area,Center(C),Less Than 8 ft.,2.0,9.0,26.0,1,1,20170328,CHA,MIL
Shot Chart Detail,0021601103,356,203521,Matthew Dellavedova,1610612749,Milwaukee Bucks,3,0,5,Missed Shot,Jump Shot,3PT Field Goal,Above the Break 3,Left Side Center(LC),24+ ft.,24.0,-165.0,178.0,1,0,20170328,CHA,MIL
Shot Chart Detail,0021601113,100,203521,Matthew Dellavedova,1610612749,Milwaukee Bucks,1,1,16,Missed Shot,Jump Shot,3PT Field Goal,Above the Break 3,Left Side Center(LC),24+ ft.,25.0,-132.0,218.0,1,0,20170329,BOS,MIL
Shot Chart Detail,0021601113,113,203521,Matthew Dellavedova,1610612749,Milwaukee Bucks,2,11,36,Missed Shot,Jump Shot,2PT Field Goal,Mid-Range,Left Side(L),16-24 ft.,21.0,-191.0,105.0,1,0,20170329,BOS,MIL
Shot Chart Detail,0021601113,325,203521,Matthew Dellavedova,1610612749,Milwaukee Bucks,3,3,58,Missed Shot,Driving Floating Jump Shot,2PT Field Goal,In The Paint (Non-RA),Center(C),Less Than 8 ft.,7.0,63.0,31.0,1,0,20170329,BOS,MIL
Shot Chart Detail,0021601113,354,203521,Matthew Dellavedova,1610612749,Milwaukee Bucks,3,2,24,Made Shot,Driving Floating Jump Shot,2PT Field Goal,In The Paint (Non-RA),Right Side(R),8-16 ft.,10.0,74.0,70.0,1,1,20170329,BOS,MIL
Shot Chart Detail,0021601113,359,203521,Matthew Dellavedova,1610612749,Milwaukee Bucks,3,1,24,Made Shot,Cutting Layup Shot,2PT Field Goal,Restricted Area,Center(C),Less Than 8 ft.,1.0,-19.0,-1.0,1,1,20170329,BOS,MIL
Shot Chart Detail,0021601130,18,203521,Matthew Dellavedova,1610612749,Milwaukee Bucks,1,9,17,Made Shot,Jump Shot,3PT Field Goal,,,,,,,1,1,20170331,MIL,DET
Shot Chart Detail,0021601130,124,203521,Matthew Dellavedova,1610612749,Milwaukee Bucks,2,9,47,Missed Shot,Floating Jump shot,2PT Field Goal,In The Paint (Non-RA),Center(C),Less Than 8 ft.,7.0,61.0,51.0,1,0,20170331,MIL,DET
Shot Chart Detail,0021601130,164,203521,Matthew Dellavedova,1610612749,Milwaukee Bucks,2,4,38,Made Shot,Jump Shot,3PT Field Goal,Above the Break 3,Right Side Center(RC),24+ ft.,24.0,195.0,144.0,1,1,20170331,MIL,DET
Shot Chart Detail,0021601130,204,203521,Matthew Dellavedova,1610612749,Milwaukee Bucks,2,0,58,Missed Shot,Jump Shot,3PT Field Goal,Left Corner 3,Left Side(L),24+ ft.,24.0,-235.0,70.0,1,0,20170331,MIL,DET
Shot Chart Detail,0021601130,225,203521,Matthew Dellavedova,1610612749,Milwaukee Bucks,3,11,50,Missed Shot,Jump Shot,3PT Field Goal,Above the Break 3,Right Side Center(RC),24+ ft.,25.0,107.0,232.0,1,0,20170331,MIL,DET
Shot Chart Detail,0021601130,234,203521,Matthew Dellavedova,1610612749,Milwaukee Bucks,3,10,51,Missed Shot,Floating Jump shot,2PT Field Goal,Mid-Range,Right Side(R),8-16 ft.,12.0,114.0,51.0,1,0,20170331,MIL,DET
Shot Chart Detail,0021601130,285,203521,Matthew Dellavedova,1610612749,Milwaukee Bucks,3,5,51,Missed Shot,Jump Shot,2PT Field Goal,Mid-Range,Right Side Center(RC),16-24 ft.,17.0,89.0,156.0,1,0,20170331,MIL,DET
Shot Chart Detail,0021601130,536,203521,Matthew Dellavedova,1610612749,Milwaukee Bucks,5,1,0,Missed Shot,Jump Shot,3PT Field Goal,Above the Break 3,Right Side Center(RC),24+ ft.,25.0,177.0,183.0,1,0,20170331,MIL,DET
Shot Chart Detail,0021601144,2,203521,Matthew Dellavedova,1610612749,Milwaukee Bucks,1,11,47,Made Shot,Driving Layup Shot,2PT Field Goal,Restricted Area,Center(C),Less Than 8 ft.,3.0,4.0,31.0,1,1,20170402,MIL,DAL
Shot Chart Detail,0021601144,22,203521,Matthew Dellavedova,1610612749,Milwaukee Bucks,1,7,40,Made Shot,Driving Floating Jump Shot,2PT Field Goal,In The Paint (Non-RA),Center(C),Less Than 8 ft.,5.0,6.0,57.0,1,1,20170402,MIL,DAL
Shot Chart Detail,0021601144,99,203521,Matthew Dellavedova,1610612749,Milwaukee Bucks,2,10,35,Missed Shot,Jump Shot,3PT Field Goal,Left Corner 3,Left Side(L),24+ ft.,23.0,-232.0,8.0,1,0,20170402,MIL,DAL
Shot Chart Detail,0021601144,115,203521,Matthew Dellavedova,1610612749,Milwaukee Bucks,2,8,44,Made Shot,Driving Floating Jump Shot,2PT Field Goal,In The Paint (Non-RA),Left Side(L),8-16 ft.,8.0,-79.0,18.0,1,1,20170402,MIL,DAL
Shot Chart Detail,0021601144,143,203521,Matthew Dellavedova,1610612749,Milwaukee Bucks,2,5,43,Missed Shot,Jump Shot,3PT Field Goal,Above the Break 3,Right Side Center(RC),24+ ft.,25.0,123.0,218.0,1,0,20170402,MIL,DAL
Shot Chart Detail,0021601144,211,203521,Matthew Dellavedova,1610612749,Milwaukee Bucks,3,10,17,Missed Shot,Pullup Jump shot,2PT Field Goal,In The Paint (Non-RA),Center(C),Less Than 8 ft.,6.0,-30.0,57.0,1,0,20170402,MIL,DAL
Shot Chart Detail,0021601144,217,203521,Matthew Dellavedova,1610612749,Milwaukee Bucks,3,9,22,Missed Shot,Jump Shot,3PT Field Goal,Above the Break 3,Center(C),24+ ft.,26.0,74.0,252.0,1,0,20170402,MIL,DAL
Shot Chart Detail,0021601144,349,203521,Matthew Dellavedova,1610612749,Milwaukee Bucks,4,7,45,Missed Shot,Floating Jump shot,2PT Field Goal,In The Paint (Non-RA),Center(C),Less Than 8 ft.,7.0,55.0,51.0,1,0,20170402,MIL,DAL
Shot Chart Detail,0021601144,356,203521,Matthew Dellavedova,1610612749,Milwaukee Bucks,4,6,49,Made Shot,Jump Shot,3PT Field Goal,Above the Break 3,Right Side Center(RC),24+ ft.,25.0,155.0,208.0,1,1,20170402,MIL,DAL
Shot Chart Detail,0021601144,373,203521,Matthew Dellavedova,1610612749,Milwaukee Bucks,4,5,41,Made Shot,Floating Jump shot,2PT Field Goal,In The Paint (Non-RA),Center(C),Less Than 8 ft.,5.0,14.0,56.0,1,1,20170402,MIL,DAL
Shot Chart Detail,0021601144,442,203521,Matthew Dellavedova,1610612749,Milwaukee Bucks,4,1,24,Made Shot,Jump Shot,3PT Field Goal,Above the Break 3,Left Side Center(LC),24+ ft.,26.0,-115.0,242.0,1,1,20170402,MIL,DAL
Shot Chart Detail,0021601159,37,203521,Matthew Dellavedova,1610612749,Milwaukee Bucks,1,7,43,Missed Shot,Jump Shot,2PT Field Goal,Mid-Range,Left Side(L),16-24 ft.,23.0,-205.0,115.0,1,0,20170404,OKC,MIL
Shot Chart Detail,0021601159,163,203521,Matthew Dellavedova,1610612749,Milwaukee Bucks,2,8,43,Made Shot,Turnaround Hook Shot,2PT Field Goal,In The Paint (Non-RA),Center(C),Less Than 8 ft.,4.0,-37.0,31.0,1,1,20170404,OKC,MIL
Shot Chart Detail,0021601159,276,203521,Matthew Dellavedova,1610612749,Milwaukee Bucks,3,11,38,Missed Shot,Floating Jump shot,2PT Field Goal,In The Paint (Non-RA),Center(C),Less Than 8 ft.,5.0,55.0,13.0,1,0,20170404,OKC,MIL
Shot Chart Detail,0021601175,20,203521,Matthew Dellavedova,1610612749,Milwaukee Bucks,1,9,43,Missed Shot,Reverse Layup Shot,2PT Field Goal,Restricted Area,Center(C),Less Than 8 ft.,0.0,-4.0,2.0,1,0,20170406,IND,MIL
Shot Chart Detail,0021601175,64,203521,Matthew Dellavedova,1610612749,Milwaukee Bucks,1,5,16,Made Shot,Jump Shot,3PT Field Goal,Above the Break 3,Left Side Center(LC),24+ ft.,25.0,-83.0,239.0,1,1,20170406,IND,MIL
Shot Chart Detail,0021601175,72,203521,Matthew Dellavedova,1610612749,Milwaukee Bucks,1,4,53,Missed Shot,Jump Shot,3PT Field Goal,Above the Break 3,Center(C),24+ ft.,25.0,6.0,257.0,1,0,20170406,IND,MIL
Shot Chart Detail,0021601175,92,203521,Matthew Dellavedova,1610612749,Milwaukee Bucks,1,3,2,Missed Shot,Driving Floating Jump Shot,2PT Field Goal,In The Paint (Non-RA),Center(C),Less Than 8 ft.,6.0,42.0,46.0,1,0,20170406,IND,MIL
Shot Chart Detail,0021601175,97,203521,Matthew Dellavedova,1610612749,Milwaukee Bucks,1,2,15,Missed Shot,Jump Shot,3PT Field Goal,Above the Break 3,Right Side Center(RC),24+ ft.,26.0,156.0,208.0,1,0,20170406,IND,MIL
Shot Chart Detail,0021601175,251,203521,Matthew Dellavedova,1610612749,Milwaukee Bucks,2,0,5,Made Shot,Jump Shot,3PT Field Goal,Above the Break 3,Left Side Center(LC),24+ ft.,25.0,-135.0,218.0,1,1,20170406,IND,MIL
Shot Chart Detail,0021601175,265,203521,Matthew Dellavedova,1610612749,Milwaukee Bucks,3,9,45,Made Shot,Driving Floating Bank Jump Shot,2PT Field Goal,Mid-Range,Right Side(R),8-16 ft.,13.0,130.0,23.0,1,1,20170406,IND,MIL
Shot Chart Detail,0021601175,282,203521,Matthew Dellavedova,1610612749,Milwaukee Bucks,3,7,45,Missed Shot,Jump Shot,3PT Field Goal,Above the Break 3,Left Side Center(LC),24+ ft.,25.0,-120.0,224.0,1,0,20170406,IND,MIL
Shot Chart Detail,0021601191,3,203521,Matthew Dellavedova,1610612749,Milwaukee Bucks,1,11,31,Missed Shot,Jump Shot,3PT Field Goal,Above the Break 3,Right Side Center(RC),24+ ft.,24.0,78.0,232.0,1,0,20170408,PHI,MIL
Shot Chart Detail,0021601191,54,203521,Matthew Dellavedova,1610612749,Milwaukee Bucks,1,5,30,Missed Shot,Driving Layup Shot,2PT Field Goal,Restricted Area,Center(C),Less Than 8 ft.,2.0,20.0,-10.0,1,0,20170408,PHI,MIL
Shot Chart Detail,0021601191,182,203521,Matthew Dellavedova,1610612749,Milwaukee Bucks,2,5,1,Missed Shot,Jump Shot,2PT Field Goal,In The Paint (Non-RA),Center(C),Less Than 8 ft.,5.0,2.0,52.0,1,0,20170408,PHI,MIL
Shot Chart Detail,0021601191,241,203521,Matthew Dellavedova,1610612749,Milwaukee Bucks,2,0,52,Missed Shot,Jump Shot,3PT Field Goal,Above the Break 3,Center(C),24+ ft.,28.0,-16.0,282.0,1,0,20170408,PHI,MIL
Shot Chart Detail,0021601191,267,203521,Matthew Dellavedova,1610612749,Milwaukee Bucks,3,10,42,Missed Shot,Jump Shot,3PT Field Goal,Above the Break 3,Right Side Center(RC),24+ ft.,24.0,220.0,111.0,1,0,20170408,PHI,MIL
Shot Chart Detail,0021601191,275,203521,Matthew Dellavedova,1610612749,Milwaukee Bucks,3,9,54,Missed Shot,Jump Shot,3PT Field Goal,Above the Break 3,Center(C),24+ ft.,25.0,-24.0,254.0,1,0,20170408,PHI,MIL
Shot Chart Detail,0021601191,283,203521,Matthew Dellavedova,1610612749,Milwaukee Bucks,3,9,15,Missed Shot,No Shot,2PT Field Goal,In The Paint (Non-RA),Center(C),Less Than 8 ft.,5.0,53.0,2.0,1,0,20170408,PHI,MIL
Shot Chart Detail,0021601191,286,203521,Matthew Dellavedova,1610612749,Milwaukee Bucks,3,8,38,Made Shot,Jump Shot,3PT Field Goal,Above the Break 3,Center(C),24+ ft.,25.0,78.0,247.0,1,1,20170408,PHI,MIL
Shot Chart Detail,0021601191,316,203521,Matthew Dellavedova,1610612749,Milwaukee Bucks,3,5,9,Made Shot,Pullup Jump shot,3PT Field Goal,Above the Break 3,Center(C),24+ ft.,25.0,-50.0,249.0,1,1,20170408,PHI,MIL
Shot Chart Detail,0021601191,319,203521,Matthew Dellavedova,1610612749,Milwaukee Bucks,3,4,38,Missed Shot,Jump Shot,3PT Field Goal,Above the Break 3,Right Side Center(RC),24+ ft.,25.0,184.0,174.0,1,0,20170408,PHI,MIL
Shot Chart Detail,0021601191,428,203521,Matthew Dellavedova,1610612749,Milwaukee Bucks,4,6,22,Made Shot,No Shot,2PT Field Goal,In The Paint (Non-RA),Center(C),Less Than 8 ft.,6.0,50.0,41.0,1,1,20170408,PHI,MIL
Shot Chart Detail,0021601191,448,203521,Matthew Dellavedova,1610612749,Milwaukee Bucks,4,4,26,Made Shot,Floating Jump shot,2PT Field Goal,In The Paint (Non-RA),Left Side(L),8-16 ft.,9.0,-79.0,51.0,1,1,20170408,PHI,MIL
Shot Chart Detail,0021601191,456,203521,Matthew Dellavedova,1610612749,Milwaukee Bucks,4,3,5,Made Shot,Floating Jump shot,2PT Field Goal,In The Paint (Non-RA),Center(C),Less Than 8 ft.,7.0,1.0,70.0,1,1,20170408,PHI,MIL
Shot Chart Detail,0021601191,468,203521,Matthew Dellavedova,1610612749,Milwaukee Bucks,4,2,22,Missed Shot,Jump Shot,2PT Field Goal,In The Paint (Non-RA),Center(C),8-16 ft.,8.0,-42.0,75.0,1,0,20170408,PHI,MIL
Shot Chart Detail,0021601207,58,203521,Matthew Dellavedova,1610612749,Milwaukee Bucks,1,4,54,Made Shot,Turnaround Jump Shot,2PT Field Goal,In The Paint (Non-RA),Center(C),Less Than 8 ft.,6.0,-9.0,61.0,1,1,20170410,MIL,CHA
Shot Chart Detail,0021601207,72,203521,Matthew Dellavedova,1610612749,Milwaukee Bucks,1,3,6,Missed Shot,Jump Shot,3PT Field Goal,Right Corner 3,Right Side(R),24+ ft.,23.0,230.0,11.0,1,0,20170410,MIL,CHA
Shot Chart Detail,0021601207,87,203521,Matthew Dellavedova,1610612749,Milwaukee Bucks,1,1,56,Missed Shot,Jump Shot,2PT Field Goal,Mid-Range,Left Side(L),16-24 ft.,23.0,-215.0,84.0,1,0,20170410,MIL,CHA
Shot Chart Detail,0021601207,303,203521,Matthew Dellavedova,1610612749,Milwaukee Bucks,3,2,36,Missed Shot,Jump Shot,2PT Field Goal,Mid-Range,Left Side Center(LC),16-24 ft.,19.0,-79.0,178.0,1,0,20170410,MIL,CHA
Shot Chart Detail,0021601207,337,203521,Matthew Dellavedova,1610612749,Milwaukee Bucks,4,9,41,Made Shot,Jump Shot,3PT Field Goal,Above the Break 3,Left Side Center(LC),24+ ft.,26.0,-137.0,223.0,1,1,20170410,MIL,CHA
